"Date","USA_Price_USD","USA_Gross_USD","USA_Net_USD","USA_Price_Euro","USA_Gross_Euro","USA_Net_Euro"
1969-12-31,100,177.49473,149.31905,NA,NA,NA
1970-01-07,100.4093,178.28049,149.96522,NA,NA,NA
1970-01-14,99.6034,176.90822,148.79619,NA,NA,NA
1970-01-21,97.8341,173.82349,146.18717,NA,NA,NA
1970-01-28,94.4952,167.94762,141.23137,NA,NA,NA
1970-01-30,92.5919,164.5873,138.39997,NA,NA,NA
1970-02-04,93.8631,166.88081,140.32007,NA,NA,NA
1970-02-11,95.2402,169.38599,142.41228,NA,NA,NA
1970-02-18,95.7681,170.38157,143.23511,NA,NA,NA
1970-02-25,97.3005,173.16602,145.56134,NA,NA,NA
1970-02-27,97.5268,173.59188,145.91352,NA,NA,NA
1970-03-04,98.1501,174.73635,146.86673,NA,NA,NA
1970-03-11,96.803,172.39532,144.88475,NA,NA,NA
1970-03-18,95.492,170.11702,142.95588,NA,NA,NA
1970-03-25,97.9546,174.56334,146.67745,NA,NA,NA
1970-03-31,97.8294,174.3865,146.51726,NA,NA,NA
1970-04-01,98.2931,175.22494,147.21874,NA,NA,NA
1970-04-08,96.4926,172.07243,144.55576,NA,NA,NA
1970-04-15,94.6407,168.82613,141.81454,NA,NA,NA
1970-04-22,92.0327,164.2287,137.93894,NA,NA,NA
1970-04-29,89.3795,159.54754,133.99378,NA,NA,NA
1970-04-30,89.0878,159.0374,133.56271,NA,NA,NA
1970-05-06,86.7556,154.91559,130.09073,NA,NA,NA
1970-05-13,83.6746,149.46425,125.50037,NA,NA,NA
1970-05-20,80.5089,143.85798,120.78084,NA,NA,NA
1970-05-25,76.8456,137.34105,115.30212,NA,NA,NA
1970-05-29,83.7894,149.79627,125.74734,NA,NA,NA
1970-06-03,85.9867,153.75658,129.06382,NA,NA,NA
1970-06-10,82.8381,148.17631,124.36725,NA,NA,NA
1970-06-17,83.5691,149.53377,125.4941,NA,NA,NA
1970-06-24,81.4945,145.87026,122.40739,NA,NA,NA
1970-06-30,80.0993,143.41113,120.33425,NA,NA,NA
1970-07-01,80.5422,144.21392,121.0054,NA,NA,NA
1970-07-08,80.6758,144.50112,121.23438,NA,NA,NA
1970-07-15,83.0979,148.89021,124.90406,NA,NA,NA
1970-07-22,84.7139,151.83684,127.36318,NA,NA,NA
1970-07-29,85.8476,153.92038,129.098,NA,NA,NA
1970-07-31,85.8513,153.94746,129.11559,NA,NA,NA
1970-08-05,84.6914,151.8979,127.38904,NA,NA,NA
1970-08-12,82.3792,147.80025,123.94021,NA,NA,NA
1970-08-19,83.972,150.70875,126.36648,NA,NA,NA
1970-08-26,88.7637,159.36497,133.61045,NA,NA,NA
1970-08-31,89.1092,160.01725,134.14933,NA,NA,NA
1970-09-02,88.4825,158.91298,133.2183,NA,NA,NA
1970-09-09,90.5572,162.69418,136.37434,NA,NA,NA
1970-09-16,89.3118,160.50997,134.53017,NA,NA,NA
1970-09-23,90.3808,162.48552,136.17238,NA,NA,NA
1970-09-30,91.8748,165.22693,138.45597,NA,NA,NA
1970-10-07,94.577,170.14454,142.5623,NA,NA,NA
1970-10-14,91.6642,164.95965,138.20415,NA,NA,NA
1970-10-21,91.2433,164.25665,137.60157,NA,NA,NA
1970-10-28,91.0638,163.98789,137.36284,NA,NA,NA
1970-10-30,90.95,163.80469,137.20396,NA,NA,NA
1970-11-04,92.27,166.21586,139.21513,NA,NA,NA
1970-11-11,93.1327,167.82594,140.54968,NA,NA,NA
1970-11-18,90.8162,163.7062,137.08588,NA,NA,NA
1970-11-25,93.3117,168.26184,140.88643,NA,NA,NA
1970-11-30,95.6696,172.54954,144.46757,NA,NA,NA
1970-12-02,97.1104,175.17231,146.65746,NA,NA,NA
1970-12-09,98.2103,177.2156,148.35336,NA,NA,NA
1970-12-16,98.3752,177.57213,148.6371,NA,NA,NA
1970-12-23,98.8495,178.48763,149.38861,NA,NA,NA
1970-12-30,101.1959,182.78631,152.97101,NA,NA,NA
1970-12-31,100.927,182.3127,152.57164,NA,NA,NA
1971-01-06,101.1629,182.78742,152.9568,NA,NA,NA
1971-01-13,101.7552,183.91884,153.8883,NA,NA,NA
1971-01-20,102.9353,186.11407,155.70956,NA,NA,NA
1971-01-27,104.326,188.69176,157.85038,NA,NA,NA
1971-01-29,105.3379,190.54779,159.3966,NA,NA,NA
1971-02-03,106.0744,191.91857,160.53367,NA,NA,NA
1971-02-10,106.7866,193.27151,161.64931,NA,NA,NA
1971-02-17,107.4309,194.50237,162.66264,NA,NA,NA
1971-02-24,106.1053,192.16613,160.69295,NA,NA,NA
1971-02-26,106.1804,192.32769,160.82168,NA,NA,NA
1971-03-03,106.3827,192.73256,161.15065,NA,NA,NA
1971-03-10,109.0086,197.55684,165.1677,NA,NA,NA
1971-03-17,111.0785,201.37597,168.34378,NA,NA,NA
1971-03-24,109.5368,198.64692,166.04595,NA,NA,NA
1971-03-31,110.2725,200.04775,167.20029,NA,NA,NA
1971-04-02,110.4884,200.4661,167.54329,NA,NA,NA
1971-04-09,112.0625,203.39027,169.97023,NA,NA,NA
1971-04-16,113.5384,206.13802,172.24928,NA,NA,NA
1971-04-23,114.4304,207.82679,173.64317,NA,NA,NA
1971-04-30,114.3332,207.71917,173.53608,NA,NA,NA
1971-05-06,113.6484,206.5298,172.5288,NA,NA,NA
1971-05-07,113.3356,205.97503,172.06196,NA,NA,NA
1971-05-14,112.4962,204.5173,170.82736,NA,NA,NA
1971-05-21,111.1967,202.22188,168.89337,NA,NA,NA
1971-05-28,109.6609,199.49508,166.5995,NA,NA,NA
1971-05-31,109.6609,199.50833,166.60726,NA,NA,NA
1971-06-04,111.6976,203.26877,169.73386,NA,NA,NA
1971-06-11,111.5587,203.08336,169.56228,NA,NA,NA
1971-06-18,109.4896,199.38302,166.45622,NA,NA,NA
1971-06-25,108.3088,197.29818,164.6994,NA,NA,NA
1971-06-30,110.1826,200.75258,167.57282,NA,NA,NA
1971-07-02,110.3726,201.12552,167.87746,NA,NA,NA
1971-07-09,111.5684,203.37252,169.7361,NA,NA,NA
1971-07-16,109.7299,200.08766,166.978,NA,NA,NA
1971-07-23,109.6074,199.93061,166.83044,NA,NA,NA
1971-07-30,106.0297,193.46957,161.42294,NA,NA,NA
1971-08-06,104.5391,190.81304,159.19069,NA,NA,NA
1971-08-13,106.376,194.23123,162.02615,NA,NA,NA
1971-08-17,111.3096,203.27015,169.55868,NA,NA,NA
1971-08-20,109.4931,199.99301,166.81507,NA,NA,NA
1971-08-27,111.8404,204.34945,170.43163,NA,NA,NA
1971-08-31,110.1723,201.3287,167.90552,NA,NA,NA
1971-09-03,110.8986,202.69659,169.03622,NA,NA,NA
1971-09-10,110.6869,202.37676,168.75282,NA,NA,NA
1971-09-17,110.1011,201.37245,167.89878,NA,NA,NA
1971-09-24,108.2091,197.9778,165.05207,NA,NA,NA
1971-09-30,108.5773,198.70432,165.64462,NA,NA,NA
1971-10-01,109.2346,199.92087,166.65537,NA,NA,NA
1971-10-08,109.7476,200.9266,167.47714,NA,NA,NA
1971-10-15,107.9344,197.67264,164.74858,NA,NA,NA
1971-10-22,105.5475,193.36564,161.14295,NA,NA,NA
1971-10-29,104.4756,191.46537,159.54357,NA,NA,NA
1971-11-05,104.9116,192.32835,160.24679,NA,NA,NA
1971-11-12,102.5095,187.98736,156.61434,NA,NA,NA
1971-11-19,102.0769,187.25611,155.98972,NA,NA,NA
1971-11-26,102.5166,188.12528,156.69822,NA,NA,NA
1971-11-30,104.6815,192.12506,160.0231,NA,NA,NA
1971-12-03,108.0778,198.40033,165.23941,NA,NA,NA
1971-12-10,108.7958,199.78491,166.37605,NA,NA,NA
1971-12-17,109.2046,200.60229,167.04019,NA,NA,NA
1971-12-24,109.6602,201.5062,167.77624,NA,NA,NA
1971-12-31,111.0272,204.08643,169.90761,NA,NA,NA
1972-01-03,110.4504,203.03973,169.03284,NA,NA,NA
1972-01-04,110.9703,204.00928,169.83657,NA,NA,NA
1972-01-05,111.9815,205.88263,171.39256,NA,NA,NA
1972-01-06,112.3925,206.65219,172.02974,NA,NA,NA
1972-01-07,112.3215,206.53534,171.92907,NA,NA,NA
1972-01-10,112.1307,206.19817,171.645,NA,NA,NA
1972-01-11,112.3372,206.5917,171.96916,NA,NA,NA
1972-01-12,112.3359,206.60302,171.97519,NA,NA,NA
1972-01-13,111.7115,205.46839,171.02732,NA,NA,NA
1972-01-14,112.1631,206.31293,171.72684,NA,NA,NA
1972-01-17,112.468,206.88762,172.20175,NA,NA,NA
1972-01-18,112.8878,207.67385,172.85269,NA,NA,NA
1972-01-19,112.7646,207.46096,172.67208,NA,NA,NA
1972-01-20,112.7519,207.45136,172.66068,NA,NA,NA
1972-01-21,112.5865,207.16077,172.41542,NA,NA,NA
1972-01-24,111.3338,204.86983,170.50524,NA,NA,NA
1972-01-25,111.6096,205.39109,170.93565,NA,NA,NA
1972-01-26,111.4421,205.09644,170.68706,NA,NA,NA
1972-01-27,112.4958,207.05012,172.30937,NA,NA,NA
1972-01-28,113.1936,208.34867,173.3865,NA,NA,NA
1972-01-31,113.0668,208.12907,173.20033,NA,NA,NA
1972-02-01,113.1739,208.34008,173.37249,NA,NA,NA
1972-02-02,113.8652,209.627,174.43986,NA,NA,NA
1972-02-03,113.8672,209.6446,174.45106,NA,NA,NA
1972-02-04,114.2823,210.42302,175.09529,NA,NA,NA
1972-02-07,113.8786,209.69365,174.48491,NA,NA,NA
1972-02-08,114.0962,210.10836,174.82651,NA,NA,NA
1972-02-09,114.9376,211.67237,176.12427,NA,NA,NA
1972-02-10,114.9022,211.62122,176.07823,NA,NA,NA
1972-02-11,114.3865,210.68547,175.29616,NA,NA,NA
1972-02-14,113.8525,209.71589,174.48597,NA,NA,NA
1972-02-15,114.3264,210.60303,175.22056,NA,NA,NA
1972-02-16,114.9817,211.82461,176.23332,NA,NA,NA
1972-02-17,114.9004,211.68887,176.11691,NA,NA,NA
1972-02-18,114.6136,211.17449,175.68549,NA,NA,NA
1972-02-21,114.6136,211.18851,175.69368,NA,NA,NA
1972-02-22,114.4812,210.95853,175.49889,NA,NA,NA
1972-02-23,114.5959,211.18395,175.68293,NA,NA,NA
1972-02-24,114.6815,211.35575,175.82236,NA,NA,NA
1972-02-25,115.4936,212.86706,177.07596,NA,NA,NA
1972-02-28,115.4754,212.84764,177.05631,NA,NA,NA
1972-02-29,116.0375,213.89822,177.92663,NA,NA,NA
1972-03-01,117.0281,215.73922,179.45431,NA,NA,NA
1972-03-02,117.0912,215.86989,179.55944,NA,NA,NA
1972-03-03,117.7521,217.10312,180.58157,NA,NA,NA
1972-03-06,118.8065,219.0624,182.20746,NA,NA,NA
1972-03-07,118.9508,219.34307,182.4373,NA,NA,NA
1972-03-08,119.1163,219.66289,182.69967,NA,NA,NA
1972-03-09,119.1463,219.7328,182.75421,NA,NA,NA
1972-03-10,118.4017,218.37423,181.62064,NA,NA,NA
1972-03-13,117.1564,216.09222,179.71905,NA,NA,NA
1972-03-14,117.6508,217.01879,180.48602,NA,NA,NA
1972-03-15,117.7622,217.23873,180.66535,NA,NA,NA
1972-03-16,117.5314,216.82735,180.31966,NA,NA,NA
1972-03-17,118.1242,217.93576,181.23778,NA,NA,NA
1972-03-20,117.8912,217.52031,180.88871,NA,NA,NA
1972-03-21,116.9441,215.78739,179.44402,NA,NA,NA
1972-03-22,117.1988,216.27182,179.84328,NA,NA,NA
1972-03-23,118.2458,218.21908,181.45877,NA,NA,NA
1972-03-24,117.9871,217.7561,181.07021,NA,NA,NA
1972-03-27,117.8312,217.48279,180.83937,NA,NA,NA
1972-03-28,117.7151,217.28291,180.66959,NA,NA,NA
1972-03-29,116.9465,215.87868,179.4984,NA,NA,NA
1972-03-30,117.6501,217.19233,180.58699,NA,NA,NA
1972-03-31,117.6501,217.20675,180.5954,NA,NA,NA
1972-04-03,117.9143,217.70907,181.00945,NA,NA,NA
1972-04-04,118.7415,219.25142,182.28807,NA,NA,NA
1972-04-05,119.744,221.11783,183.83602,NA,NA,NA
1972-04-06,120.3027,222.16457,184.70253,NA,NA,NA
1972-04-07,120.6549,222.82993,185.25199,NA,NA,NA
1972-04-10,120.4062,222.38537,184.87875,NA,NA,NA
1972-04-11,120.7633,223.05989,185.4358,NA,NA,NA
1972-04-12,119.9649,221.60004,184.21851,NA,NA,NA
1972-04-13,119.7611,221.23825,183.91411,NA,NA,NA
1972-04-14,119.9205,221.54748,184.16751,NA,NA,NA
1972-04-17,119.6202,221.00735,183.71488,NA,NA,NA
1972-04-18,119.9405,221.61398,184.21547,NA,NA,NA
1972-04-19,119.2704,220.39057,183.19487,NA,NA,NA
1972-04-20,119.1015,220.09306,182.94396,NA,NA,NA
1972-04-21,118.9324,219.79515,182.69271,NA,NA,NA
1972-04-24,118.1667,218.39473,181.52506,NA,NA,NA
1972-04-25,117.0095,216.27072,179.75599,NA,NA,NA
1972-04-26,116.7729,215.84772,179.40087,NA,NA,NA
1972-04-27,116.9447,216.1797,179.67321,NA,NA,NA
1972-04-28,117.6414,217.48243,180.75227,NA,NA,NA
1972-05-01,117.6414,217.49687,180.7607,NA,NA,NA
1972-05-02,115.8836,214.262,178.06851,NA,NA,NA
1972-05-03,115.7913,214.10554,177.93496,NA,NA,NA
1972-05-04,116.1708,214.8217,178.52656,NA,NA,NA
1972-05-05,116.6268,215.67948,179.2358,NA,NA,NA
1972-05-08,116.1537,214.81886,178.51707,NA,NA,NA
1972-05-09,114.6692,212.08803,176.24409,NA,NA,NA
1972-05-10,115.4705,213.58476,177.48422,NA,NA,NA
1972-05-11,115.8923,214.37939,178.14097,NA,NA,NA
1972-05-12,116.6094,215.72064,179.25184,NA,NA,NA
1972-05-15,117.2062,216.8394,180.17782,NA,NA,NA
1972-05-16,116.8726,216.23658,179.67336,NA,NA,NA
1972-05-17,117.0821,216.63865,180.00387,NA,NA,NA
1972-05-18,115.8401,214.35521,178.10295,NA,NA,NA
1972-05-19,117.0133,216.54134,179.91559,NA,NA,NA
1972-05-22,117.7561,217.93085,181.06638,NA,NA,NA
1972-05-23,117.8619,218.14117,181.23752,NA,NA,NA
1972-05-24,118.3061,218.97806,181.92918,NA,NA,NA
1972-05-25,118.4974,219.34677,182.23189,NA,NA,NA
1972-05-26,118.6389,219.62332,182.45802,NA,NA,NA
1972-05-29,118.6389,219.6379,182.46652,NA,NA,NA
1972-05-30,118.1674,218.77956,181.74985,NA,NA,NA
1972-05-31,117.3224,217.22971,180.4587,NA,NA,NA
1972-06-01,117.5922,217.74382,180.88218,NA,NA,NA
1972-06-02,117.7167,217.98887,181.08215,NA,NA,NA
1972-06-05,116.7086,216.13668,179.53993,NA,NA,NA
1972-06-06,116.0558,214.94211,178.54407,NA,NA,NA
1972-06-07,115.4806,213.89108,177.66748,NA,NA,NA
1972-06-08,115.0825,213.16789,177.06326,NA,NA,NA
1972-06-09,114.6065,212.30032,176.33914,NA,NA,NA
1972-06-12,114.7881,212.65091,176.62683,NA,NA,NA
1972-06-13,115.3912,213.78271,177.5633,NA,NA,NA
1972-06-14,116.2904,215.46351,178.95565,NA,NA,NA
1972-06-15,116.3226,215.53749,179.01355,NA,NA,NA
1972-06-16,116.3088,215.52622,179.00065,NA,NA,NA
1972-06-19,116.0661,215.09075,178.63545,NA,NA,NA
1972-06-20,116.5189,215.94443,179.34083,NA,NA,NA
1972-06-21,116.7487,216.38477,179.70295,NA,NA,NA
1972-06-22,116.583,216.09198,179.45625,NA,NA,NA
1972-06-23,116.0218,215.06612,178.60076,NA,NA,NA
1972-06-26,115.1723,213.50579,177.30144,NA,NA,NA
1972-06-27,115.1228,213.42819,177.23349,NA,NA,NA
1972-06-28,114.7391,212.73097,176.65102,NA,NA,NA
1972-06-29,114.5924,212.47307,176.43337,NA,NA,NA
1972-06-30,115.0292,213.29735,177.11427,NA,NA,NA
1972-07-03,115.4577,214.10633,177.78245,NA,NA,NA
1972-07-04,115.4577,214.12054,177.79074,NA,NA,NA
1972-07-05,116.1143,215.3529,178.81037,NA,NA,NA
1972-07-06,115.8865,214.94467,178.46788,NA,NA,NA
1972-07-07,115.4203,214.09421,177.75822,NA,NA,NA
1972-07-10,114.8363,213.02516,176.86709,NA,NA,NA
1972-07-11,114.1652,211.79442,175.84175,NA,NA,NA
1972-07-12,113.5968,210.75401,174.97447,NA,NA,NA
1972-07-13,112.9022,209.47936,173.91275,NA,NA,NA
1972-07-14,113.4096,210.43503,174.70263,NA,NA,NA
1972-07-17,112.3764,208.53204,173.11928,NA,NA,NA
1972-07-18,112.4718,208.72296,173.27434,NA,NA,NA
1972-07-19,112.85,209.4389,173.8652,NA,NA,NA
1972-07-20,112.5099,208.82157,173.34929,NA,NA,NA
1972-07-21,113.473,210.62373,174.8417,NA,NA,NA
1972-07-24,114.7675,213.04161,176.84508,NA,NA,NA
1972-07-25,114.3753,212.32768,176.24896,NA,NA,NA
1972-07-26,114.4029,212.39302,176.29971,NA,NA,NA
1972-07-27,114.2098,212.04859,176.01032,NA,NA,NA
1972-07-28,114.2424,212.1232,176.06877,NA,NA,NA
1972-07-31,114.1894,212.03886,175.99528,NA,NA,NA
1972-08-01,115.4125,214.32514,177.88919,NA,NA,NA
1972-08-02,116.4743,216.31202,179.53456,NA,NA,NA
1972-08-03,117.3719,217.99406,180.92689,NA,NA,NA
1972-08-04,117.671,218.56421,181.39647,NA,NA,NA
1972-08-07,117.7384,218.70394,181.50884,NA,NA,NA
1972-08-08,117.8663,218.95609,181.7145,NA,NA,NA
1972-08-09,118.0915,219.38909,182.07023,NA,NA,NA
1972-08-10,118.3708,219.92268,182.50942,NA,NA,NA
1972-08-11,119.4553,221.95306,184.19055,NA,NA,NA
1972-08-14,119.9701,222.92465,184.99311,NA,NA,NA
1972-08-15,119.3704,221.8251,184.077,NA,NA,NA
1972-08-16,118.9441,221.04761,183.42817,NA,NA,NA
1972-08-17,118.7109,220.62886,183.07707,NA,NA,NA
1972-08-18,119.1587,221.47603,183.77636,NA,NA,NA
1972-08-21,119.0767,221.3383,183.65844,NA,NA,NA
1972-08-22,119.735,222.57709,184.6826,NA,NA,NA
1972-08-23,119.363,221.90031,184.1174,NA,NA,NA
1972-08-24,118.1152,219.5956,182.2014,NA,NA,NA
1972-08-25,117.7151,218.86629,181.59269,NA,NA,NA
1972-08-28,117.2303,217.97942,180.85327,NA,NA,NA
1972-08-29,117.4962,218.48845,181.27198,NA,NA,NA
1972-08-30,117.7196,218.91848,181.62515,NA,NA,NA
1972-08-31,118.164,219.75973,182.31942,NA,NA,NA
1972-09-01,118.7102,220.79049,183.17088,NA,NA,NA
1972-09-04,118.7102,220.80514,183.17941,NA,NA,NA
1972-09-05,118.3724,220.19144,182.66667,NA,NA,NA
1972-09-06,117.5997,218.76877,181.48283,NA,NA,NA
1972-09-07,117.2552,218.14239,180.95962,NA,NA,NA
1972-09-08,117.113,217.89228,180.74857,NA,NA,NA
1972-09-11,116.4786,216.72644,179.77789,NA,NA,NA
1972-09-12,115.4727,214.86936,178.23382,NA,NA,NA
1972-09-13,115.9248,215.72516,178.94011,NA,NA,NA
1972-09-14,115.9877,215.85656,179.04555,NA,NA,NA
1972-09-15,115.8412,215.59821,178.82773,NA,NA,NA
1972-09-18,115.7274,215.4007,178.66037,NA,NA,NA
1972-09-19,115.6739,215.3154,178.58609,NA,NA,NA
1972-09-20,115.7651,215.49949,178.73523,NA,NA,NA
1972-09-21,115.6437,215.28777,178.55611,NA,NA,NA
1972-09-22,115.7843,215.56388,178.78155,NA,NA,NA
1972-09-25,115.3161,214.70648,178.06693,NA,NA,NA
1972-09-26,115.5102,215.08223,178.375,NA,NA,NA
1972-09-27,117.175,218.19787,180.95501,NA,NA,NA
1972-09-28,117.9794,219.71086,182.20603,NA,NA,NA
1972-09-29,118.1649,220.07099,182.50105,NA,NA,NA
1972-10-02,117.8822,219.55906,182.07291,NA,NA,NA
1972-10-03,118.2597,220.27696,182.66459,NA,NA,NA
1972-10-04,118.0682,219.93484,182.37728,NA,NA,NA
1972-10-05,116.658,217.32291,180.20769,NA,NA,NA
1972-10-06,117.501,218.9084,181.51868,NA,NA,NA
1972-10-09,117.7993,219.47884,181.98805,NA,NA,NA
1972-10-10,117.8854,219.65386,182.12957,NA,NA,NA
1972-10-11,117.3253,218.62481,181.27271,NA,NA,NA
1972-10-12,116.2996,216.72819,179.69651,NA,NA,NA
1972-10-13,115.2989,214.8779,178.15877,NA,NA,NA
1972-10-16,113.8334,212.16136,175.90283,NA,NA,NA
1972-10-17,114.7191,213.82688,177.28006,NA,NA,NA
1972-10-18,115.5404,215.37253,178.55787,NA,NA,NA
1972-10-19,115.4537,215.22519,178.43219,NA,NA,NA
1972-10-20,116.9049,217.94602,180.68404,NA,NA,NA
1972-10-23,118.0695,220.13262,182.49297,NA,NA,NA
1972-10-24,118.5877,221.11372,183.30262,NA,NA,NA
1972-10-25,118.5189,221.00009,183.20481,NA,NA,NA
1972-10-26,118.7001,221.35273,183.49349,NA,NA,NA
1972-10-27,118.3665,220.74528,182.98632,NA,NA,NA
1972-10-30,118.3822,220.78922,183.01912,NA,NA,NA
1972-10-31,119.5081,222.90466,184.76882,NA,NA,NA
1972-11-01,120.751,225.23874,186.69965,NA,NA,NA
1972-11-02,121.3023,226.2824,187.56095,NA,NA,NA
1972-11-03,122.266,228.0959,189.06022,NA,NA,NA
1972-11-06,121.895,227.41887,188.49533,NA,NA,NA
1972-11-07,121.895,227.43397,188.50411,NA,NA,NA
1972-11-08,121.2315,226.21111,187.48684,NA,NA,NA
1972-11-09,121.259,226.27745,187.53811,NA,NA,NA
1972-11-10,121.5008,226.74381,187.92089,NA,NA,NA
1972-11-13,121.7469,227.21826,188.31035,NA,NA,NA
1972-11-14,122.9645,229.50678,190.20301,NA,NA,NA
1972-11-15,122.44,228.54305,189.40056,NA,NA,NA
1972-11-16,123.1645,229.91106,190.5304,NA,NA,NA
1972-11-17,123.3926,230.35223,190.89221,NA,NA,NA
1972-11-20,123.3493,230.28668,190.83411,NA,NA,NA
1972-11-21,123.9889,231.4965,191.83278,NA,NA,NA
1972-11-22,124.6864,232.81464,192.92115,NA,NA,NA
1972-11-23,124.6864,232.83009,192.93014,NA,NA,NA
1972-11-24,124.8704,233.18923,193.22389,NA,NA,NA
1972-11-27,124.1484,231.85644,192.11569,NA,NA,NA
1972-11-28,123.854,231.32197,191.66904,NA,NA,NA
1972-11-29,123.8336,231.29922,191.6464,NA,NA,NA
1972-11-30,123.9241,231.48365,191.79541,NA,NA,NA
1972-12-01,124.8273,233.18683,193.20261,NA,NA,NA
1972-12-04,125.2743,234.03761,193.90362,NA,NA,NA
1972-12-05,125.1202,233.76522,193.67411,NA,NA,NA
1972-12-06,125.5475,234.57933,194.3447,NA,NA,NA
1972-12-07,126.0523,235.53842,195.13536,NA,NA,NA
1972-12-08,126.3464,236.10376,195.59983,NA,NA,NA
1972-12-11,126.552,236.50374,195.92729,NA,NA,NA
1972-12-12,126.0243,235.53324,195.11943,NA,NA,NA
1972-12-13,125.8518,235.22644,194.86142,NA,NA,NA
1972-12-14,125.5446,234.66783,194.39483,NA,NA,NA
1972-12-15,125.6795,234.93562,194.6128,NA,NA,NA
1972-12-18,124.2747,232.32552,192.44675,NA,NA,NA
1972-12-19,123.7648,231.38768,191.6661,NA,NA,NA
1972-12-20,123.4116,230.74267,191.12803,NA,NA,NA
1972-12-21,122.5585,229.16302,189.81578,NA,NA,NA
1972-12-22,123.3663,230.68927,191.07607,NA,NA,NA
1972-12-25,123.3663,230.70459,191.08497,NA,NA,NA
1972-12-26,123.8014,231.53384,191.76796,NA,NA,NA
1972-12-27,124.5075,232.87026,192.87093,NA,NA,NA
1972-12-28,124.5075,232.88571,192.87992,NA,NA,NA
1972-12-29,125.7956,235.31159,194.88498,NA,NA,NA
1973-01-01,125.7956,235.32721,194.89406,NA,NA,NA
1973-01-02,125.4788,234.75014,194.4123,NA,NA,NA
1973-01-03,126.0646,235.86205,195.3292,NA,NA,NA
1973-01-04,125.7272,235.2464,194.81549,NA,NA,NA
1973-01-05,126.3376,236.40454,195.77063,NA,NA,NA
1973-01-08,126.2687,236.29128,195.67297,NA,NA,NA
1973-01-09,126.2046,236.18699,195.58275,NA,NA,NA
1973-01-10,125.8946,235.62247,195.11142,NA,NA,NA
1973-01-11,126.7931,237.32041,196.51339,NA,NA,NA
1973-01-12,125.8702,235.60886,195.09223,NA,NA,NA
1973-01-15,125.0072,234.00918,193.76376,NA,NA,NA
1973-01-16,124.6815,233.41497,193.26792,NA,NA,NA
1973-01-17,125.2546,234.50374,194.16551,NA,NA,NA
1973-01-18,125.5202,235.01671,194.58636,NA,NA,NA
1973-01-19,125.5552,235.09785,194.64969,NA,NA,NA
1973-01-22,124.8641,233.81942,193.58735,NA,NA,NA
1973-01-23,124.9709,234.03498,193.76198,NA,NA,NA
1973-01-24,123.3161,230.95201,191.20559,NA,NA,NA
1973-01-25,123.3161,230.96734,191.2145,NA,NA,NA
1973-01-26,123.08,230.54042,190.85728,NA,NA,NA
1973-01-29,122.5538,229.57008,190.0502,NA,NA,NA
1973-01-30,122.4049,229.30636,189.82813,NA,NA,NA
1973-01-31,122.6273,229.73833,190.18194,NA,NA,NA
1973-02-01,121.2673,227.20598,188.08178,NA,NA,NA
1973-02-02,120.8162,226.37585,187.39088,NA,NA,NA
1973-02-05,120.5838,225.95538,187.03913,NA,NA,NA
1973-02-06,120.8991,226.56138,187.53701,NA,NA,NA
1973-02-07,119.8139,224.54297,185.86251,NA,NA,NA
1973-02-08,119.3043,223.60282,185.08064,NA,NA,NA
1973-02-09,121.0319,226.85711,187.77023,NA,NA,NA
1973-02-12,121.1394,227.07371,187.94578,NA,NA,NA
1973-02-13,121.8359,228.39485,189.03543,NA,NA,NA
1973-02-14,120.0263,225.01828,186.23687,NA,NA,NA
1973-02-15,119.2734,223.62178,185.07735,NA,NA,NA
1973-02-16,119.7994,224.62314,185.90237,NA,NA,NA
1973-02-19,119.7994,224.63806,185.91104,NA,NA,NA
1973-02-20,120.3067,225.60454,186.70714,NA,NA,NA
1973-02-21,119.6006,224.29544,185.62005,NA,NA,NA
1973-02-22,119.4819,224.08769,185.44446,NA,NA,NA
1973-02-23,118.0052,221.33341,183.16138,NA,NA,NA
1973-02-26,117.1896,219.81842,181.90403,NA,NA,NA
1973-02-27,115.8625,217.34402,179.85275,NA,NA,NA
1973-02-28,116.7308,218.98794,181.20937,NA,NA,NA
1973-03-01,116.0144,217.65855,180.10572,NA,NA,NA
1973-03-02,117.3594,220.19756,182.20281,NA,NA,NA
1973-03-05,117.8607,221.15307,182.98977,NA,NA,NA
1973-03-06,118.0491,221.52136,183.29086,NA,NA,NA
1973-03-07,118.5596,222.49436,184.09222,NA,NA,NA
1973-03-08,118.2631,221.95266,183.64039,NA,NA,NA
1973-03-09,117.82,221.13577,182.96088,NA,NA,NA
1973-03-12,117.9093,221.31809,183.1081,NA,NA,NA
1973-03-13,118.5568,222.54861,184.12243,NA,NA,NA
1973-03-14,119.0018,223.39899,184.82227,NA,NA,NA
1973-03-15,118.1069,221.73395,183.44107,NA,NA,NA
1973-03-16,117.5428,220.68963,182.57347,NA,NA,NA
1973-03-19,116.0798,217.95784,180.3098,NA,NA,NA
1973-03-20,115.9277,217.68668,180.08192,NA,NA,NA
1973-03-21,114.414,214.85916,177.73918,NA,NA,NA
1973-03-22,112.4335,211.15491,174.67122,NA,NA,NA
1973-03-23,112.5451,211.37857,174.85276,NA,NA,NA
1973-03-26,113.5252,213.23418,176.38406,NA,NA,NA
1973-03-27,115.2891,216.56305,179.13376,NA,NA,NA
1973-03-28,115.3847,216.75704,179.29067,NA,NA,NA
1973-03-29,116.5525,218.96619,181.11418,NA,NA,NA
1973-03-30,115.1795,216.40163,178.98928,NA,NA,NA
1973-04-02,113.7752,213.77793,176.81555,NA,NA,NA
1973-04-03,112.6282,211.6372,175.0414,NA,NA,NA
1973-04-04,111.9967,210.46463,174.06812,NA,NA,NA
1973-04-05,111.7734,210.05893,173.72915,NA,NA,NA
1973-04-06,112.7931,211.99006,175.32264,NA,NA,NA
1973-04-09,114.5357,215.28085,178.04036,NA,NA,NA
1973-04-10,116.1533,218.33702,180.56396,NA,NA,NA
1973-04-11,116.6777,219.33759,181.38777,NA,NA,NA
1973-04-12,116.6067,219.21866,181.28584,NA,NA,NA
1973-04-13,116.0375,218.16312,180.40936,NA,NA,NA
1973-04-16,115.3229,216.83412,179.30677,NA,NA,NA
1973-04-17,114.7984,215.86232,178.49961,NA,NA,NA
1973-04-18,115.5016,217.19943,179.60163,NA,NA,NA
1973-04-19,116.0933,218.32694,180.5303,NA,NA,NA
1973-04-20,116.0933,218.34143,180.53872,NA,NA,NA
1973-04-23,115.5021,217.24404,179.62775,NA,NA,NA
1973-04-24,113.7671,213.9957,176.93818,NA,NA,NA
1973-04-25,112.0523,210.78491,174.27978,NA,NA,NA
1973-04-26,112.5227,211.68409,175.01971,NA,NA,NA
1973-04-27,110.7003,208.27034,172.19363,NA,NA,NA
1973-04-30,110.582,208.06157,172.01762,NA,NA,NA
1973-05-01,110.8224,208.52783,172.39967,NA,NA,NA
1973-05-02,112.2434,211.21673,174.61898,NA,NA,NA
1973-05-03,114.0428,214.61844,177.4274,NA,NA,NA
1973-05-04,114.7391,215.94357,178.51926,NA,NA,NA
1973-05-07,114.1555,214.85955,177.61958,NA,NA,NA
1973-05-08,114.8977,216.2713,178.78299,NA,NA,NA
1973-05-09,114.0601,214.70914,177.48805,NA,NA,NA
1973-05-10,113.2704,213.23692,176.26752,NA,NA,NA
1973-05-11,111.9358,210.73896,174.19907,NA,NA,NA
1973-05-14,109.4727,206.11672,170.3746,NA,NA,NA
1973-05-15,110.2026,207.50521,171.51881,NA,NA,NA
1973-05-16,110.1313,207.38471,171.41582,NA,NA,NA
1973-05-17,109.1963,205.63795,169.96859,NA,NA,NA
1973-05-18,107.4476,202.35903,167.25493,NA,NA,NA
1973-05-21,106.363,200.33003,165.57455,NA,NA,NA
1973-05-22,107.2442,202.00373,166.95442,NA,NA,NA
1973-05-23,107.7274,202.92761,167.71462,NA,NA,NA
1973-05-24,111.0222,209.15033,172.85351,NA,NA,NA
1973-05-25,111.0222,209.16422,172.86157,NA,NA,NA
1973-05-28,111.0222,209.1781,172.86962,NA,NA,NA
1973-05-29,111.2438,209.60962,173.22279,NA,NA,NA
1973-05-30,109.6609,206.64145,170.76634,NA,NA,NA
1973-05-31,108.6746,204.79679,169.23851,NA,NA,NA
1973-06-01,107.619,202.82131,167.60263,NA,NA,NA
1973-06-04,106.5252,200.7736,165.90712,NA,NA,NA
1973-06-05,108.3695,204.26465,168.78821,NA,NA,NA
1973-06-06,108.0715,203.71648,168.33191,NA,NA,NA
1973-06-07,109.7886,206.96831,171.01519,NA,NA,NA
1973-06-08,111.0724,209.40333,173.02354,NA,NA,NA
1973-06-11,110.7221,208.75677,172.4859,NA,NA,NA
1973-06-12,112.4105,211.95548,175.12505,NA,NA,NA
1973-06-13,111.5686,210.38221,173.82167,NA,NA,NA
1973-06-14,110.3061,208.01581,171.86299,NA,NA,NA
1973-06-15,108.9364,205.447,169.73715,NA,NA,NA
1973-06-18,107.287,202.35049,167.17539,NA,NA,NA
1973-06-19,107.9228,203.56354,168.17415,NA,NA,NA
1973-06-20,108.389,204.45671,168.90863,NA,NA,NA
1973-06-21,107.1437,202.12154,166.97606,NA,NA,NA
1973-06-22,107.8061,203.38503,168.01642,NA,NA,NA
1973-06-25,106.2386,200.44179,165.58158,NA,NA,NA
1973-06-26,107.3948,202.63751,167.39189,NA,NA,NA
1973-06-27,107.8058,203.42671,168.04045,NA,NA,NA
1973-06-28,109.0585,205.80512,170.00153,NA,NA,NA
1973-06-29,108.6627,205.07184,169.39246,NA,NA,NA
1973-07-02,107.1598,202.24957,167.05777,NA,NA,NA
1973-07-03,105.9678,200.01353,165.20744,NA,NA,NA
1973-07-04,105.9678,200.02681,165.21513,NA,NA,NA
1973-07-05,105.8838,199.88151,165.09185,NA,NA,NA
1973-07-06,105.3968,198.97544,164.34022,NA,NA,NA
1973-07-09,106.4176,200.91663,165.94005,NA,NA,NA
1973-07-10,107.9739,203.86967,168.37537,NA,NA,NA
1973-07-11,110.3229,208.32055,172.04747,NA,NA,NA
1973-07-12,109.923,207.57923,171.43183,NA,NA,NA
1973-07-13,108.4503,204.81237,169.1433,NA,NA,NA
1973-07-16,110.2563,208.2383,171.96883,NA,NA,NA
1973-07-17,110.3581,208.44444,172.13564,NA,NA,NA
1973-07-18,111.0731,209.80929,173.25922,NA,NA,NA
1973-07-19,111.3656,210.3759,173.72365,NA,NA,NA
1973-07-20,111.8807,211.36326,174.53546,NA,NA,NA
1973-07-23,112.0821,211.75788,174.85784,NA,NA,NA
1973-07-24,112.7861,213.10252,175.96459,NA,NA,NA
1973-07-25,114.4028,216.17278,178.49593,NA,NA,NA
1973-07-26,114.6184,216.59463,178.8407,NA,NA,NA
1973-07-27,114.3088,216.02392,178.36594,NA,NA,NA
1973-07-30,113.9237,215.31045,177.77332,NA,NA,NA
1973-07-31,112.7583,213.12244,175.96319,NA,NA,NA
1973-08-01,111.2917,210.365,173.68295,NA,NA,NA
1973-08-02,111.1815,210.17063,173.51905,NA,NA,NA
1973-08-03,111.0285,209.89533,173.28833,NA,NA,NA
1973-08-06,111.1912,210.21692,173.55039,NA,NA,NA
1973-08-07,111.0173,209.90206,173.28702,NA,NA,NA
1973-08-08,109.8879,207.78085,171.53235,NA,NA,NA
1973-08-09,109.9839,207.97621,171.69022,NA,NA,NA
1973-08-10,109.0684,206.25897,170.26917,NA,NA,NA
1973-08-13,108.0576,204.36132,168.69922,NA,NA,NA
1973-08-14,107.0399,202.45038,167.11837,NA,NA,NA
1973-08-15,107.3314,203.01531,167.58136,NA,NA,NA
1973-08-16,106.6797,201.79615,166.57166,NA,NA,NA
1973-08-17,106.7577,201.95712,166.70123,NA,NA,NA
1973-08-20,105.9925,200.52305,165.5142,NA,NA,NA
1973-08-21,105.2111,199.05815,164.30175,NA,NA,NA
1973-08-22,104.9192,198.51906,163.85355,NA,NA,NA
1973-08-23,106.4349,201.40148,166.22905,NA,NA,NA
1973-08-24,106.1365,200.85016,165.77073,NA,NA,NA
1973-08-27,107.0375,202.56925,167.18611,NA,NA,NA
1973-08-28,107.5977,203.64327,168.06912,NA,NA,NA
1973-08-29,108.5579,205.47488,169.57725,NA,NA,NA
1973-08-30,108.4116,205.21157,169.3566,NA,NA,NA
1973-08-31,108.8231,206.00438,170.00747,NA,NA,NA
1973-09-03,108.8231,206.01805,170.01539,NA,NA,NA
1973-09-04,109.1773,206.7025,170.5768,NA,NA,NA
1973-09-05,109.4228,207.18115,170.96839,NA,NA,NA
1973-09-06,109.96,208.2124,171.81592,NA,NA,NA
1973-09-07,109.6257,207.59318,171.30155,NA,NA,NA
1973-09-10,108.5276,205.52776,169.59377,NA,NA,NA
1973-09-11,107.7633,204.09407,168.40737,NA,NA,NA
1973-09-12,107.5028,203.61421,168.00809,NA,NA,NA
1973-09-13,107.7671,204.12847,168.42906,NA,NA,NA
1973-09-14,108.9136,206.31466,170.22933,NA,NA,NA
1973-09-17,108.3804,205.31831,169.40389,NA,NA,NA
1973-09-18,107.9203,204.4603,168.69261,NA,NA,NA
1973-09-19,110.261,208.91056,172.36048,NA,NA,NA
1973-09-20,111.2178,210.73804,173.86463,NA,NA,NA
1973-09-21,111.5847,211.44746,174.44642,NA,NA,NA
1973-09-24,111.7162,211.71075,174.66017,NA,NA,NA
1973-09-25,112.3493,212.92502,175.65837,NA,NA,NA
1973-09-26,113.0475,214.2629,176.75849,NA,NA,NA
1973-09-27,113.2666,214.6925,177.10937,NA,NA,NA
1973-09-28,112.5236,213.29849,175.95586,NA,NA,NA
1973-10-01,112.2492,212.79246,175.53495,NA,NA,NA
1973-10-02,112.8119,213.87369,176.4233,NA,NA,NA
1973-10-03,112.581,213.45009,176.0704,NA,NA,NA
1973-10-04,112.1376,212.62357,175.38514,NA,NA,NA
1973-10-05,113.6237,215.45679,177.71836,NA,NA,NA
1973-10-08,114.1015,216.37743,178.47414,NA,NA,NA
1973-10-09,114.0856,216.36163,178.45758,NA,NA,NA
1973-10-10,113.3426,214.96697,177.3037,NA,NA,NA
1973-10-11,115.2729,218.64403,180.33257,NA,NA,NA
1973-10-12,115.6813,219.43343,180.98002,NA,NA,NA
1973-10-15,114.2503,216.73394,178.74992,NA,NA,NA
1973-10-16,114.3627,216.9616,178.93413,NA,NA,NA
1973-10-17,114.1278,216.53032,178.57491,NA,NA,NA
1973-10-18,114.1683,216.62155,178.64661,NA,NA,NA
1973-10-19,114.4362,217.14439,179.07422,NA,NA,NA
1973-10-22,113.4223,215.23508,177.49608,NA,NA,NA
1973-10-23,114.0635,216.4666,178.50803,NA,NA,NA
1973-10-24,114.5711,217.44461,179.31093,NA,NA,NA
1973-10-25,114.8525,217.99327,179.75978,NA,NA,NA
1973-10-26,115.774,219.75751,181.21085,NA,NA,NA
1973-10-29,115.5747,219.39375,180.90732,NA,NA,NA
1973-10-30,113.8,216.04,178.13818,NA,NA,NA
1973-10-31,112.8175,214.1893,176.60861,NA,NA,NA
1973-11-01,112.2543,213.13426,175.73518,NA,NA,NA
1973-11-02,111.4859,211.68954,174.54048,NA,NA,NA
1973-11-05,109.8553,208.60791,171.99607,NA,NA,NA
1973-11-06,109.2521,207.47634,171.05969,NA,NA,NA
1973-11-07,110.1938,209.27922,172.54255,NA,NA,NA
1973-11-08,111.468,211.71418,174.54638,NA,NA,NA
1973-11-09,109.5101,208.01023,171.48907,NA,NA,NA
1973-11-12,108.7796,206.63655,170.35316,NA,NA,NA
1973-11-13,108.8648,206.81215,170.49454,NA,NA,NA
1973-11-14,106.9494,203.18784,167.50316,NA,NA,NA
1973-11-15,106.8981,203.10385,167.43061,NA,NA,NA
1973-11-16,108.1636,205.52286,169.42115,NA,NA,NA
1973-11-19,105.0207,199.56612,164.50706,NA,NA,NA
1973-11-20,103.0838,195.89948,161.48113,NA,NA,NA
1973-11-21,104.2752,198.17765,163.35558,NA,NA,NA
1973-11-22,104.2752,198.1908,163.3632,NA,NA,NA
1973-11-23,103.9129,197.51533,162.80319,NA,NA,NA
1973-11-26,100.9589,191.91491,158.18347,NA,NA,NA
1973-11-27,100.1952,190.47601,156.99432,NA,NA,NA
1973-11-28,102.3177,194.52556,160.32845,NA,NA,NA
1973-11-29,101.9846,193.90515,159.81395,NA,NA,NA
1973-11-30,100.6623,191.40428,157.74951,NA,NA,NA
1973-12-03,98.5984,187.49339,154.52297,NA,NA,NA
1973-12-04,98.1319,186.61875,153.79907,NA,NA,NA
1973-12-05,96.6146,183.74616,151.42851,NA,NA,NA
1973-12-06,99.1109,188.50815,155.34939,NA,NA,NA
1973-12-07,101.3424,192.76697,158.8555,NA,NA,NA
1973-12-10,102.957,195.85243,161.39465,NA,NA,NA
1973-12-11,100.9277,192.00592,158.22151,NA,NA,NA
1973-12-12,98.3246,187.06766,154.14876,NA,NA,NA
1973-12-13,97.1115,184.77241,152.25429,NA,NA,NA
1973-12-14,98.0804,186.62901,153.78092,NA,NA,NA
1973-12-17,97.4199,185.38464,152.75252,NA,NA,NA
1973-12-18,99.6197,189.58503,156.21001,NA,NA,NA
1973-12-19,99.6126,189.5841,156.20615,NA,NA,NA
1973-12-20,99.2956,188.99334,155.71632,NA,NA,NA
1973-12-21,98.1961,186.91342,153.99948,NA,NA,NA
1973-12-24,97.4222,185.45283,152.79302,NA,NA,NA
1973-12-25,97.4222,185.46514,152.80014,NA,NA,NA
1973-12-26,100.4349,191.21538,157.53394,NA,NA,NA
1973-12-27,102.5568,195.26984,160.87062,NA,NA,NA
1973-12-28,102.3211,194.83398,160.50837,NA,NA,NA
1973-12-31,102.227,194.66771,160.36823,NA,NA,NA
1974-01-01,102.227,194.68063,160.3757,NA,NA,NA
1974-01-02,102.1298,194.50842,160.23067,NA,NA,NA
1974-01-03,104.0807,198.23865,163.2999,NA,NA,NA
1974-01-04,103.0603,196.30849,161.70665,NA,NA,NA
1974-01-07,102.2062,194.69477,160.37414,NA,NA,NA
1974-01-08,100.3253,191.12542,157.43065,NA,NA,NA
1974-01-09,97.3586,185.48778,152.78346,NA,NA,NA
1974-01-10,96.3872,183.64958,151.26629,NA,NA,NA
1974-01-11,97.6824,186.13072,153.30664,NA,NA,NA
1974-01-14,97.5039,185.80292,153.03362,NA,NA,NA
1974-01-15,98.39,187.50453,154.43192,NA,NA,NA
1974-01-16,99.8715,190.34166,156.76523,NA,NA,NA
1974-01-17,101.5545,193.56341,159.41516,NA,NA,NA
1974-01-18,99.6786,190.00147,156.47831,NA,NA,NA
1974-01-21,99.5923,189.84956,156.35011,NA,NA,NA
1974-01-22,100.6638,191.90565,158.04007,NA,NA,NA
1974-01-23,101.2234,192.98561,158.92622,NA,NA,NA
1974-01-24,100.7826,192.15801,158.24154,NA,NA,NA
1974-01-25,100.4909,191.61456,157.79089,NA,NA,NA
1974-01-28,100.0319,190.75206,157.07751,NA,NA,NA
1974-01-29,99.8287,190.3772,156.76573,NA,NA,NA
1974-01-30,100.9329,192.49655,158.50756,NA,NA,NA
1974-01-31,100.2763,191.25713,157.48384,NA,NA,NA
1974-02-01,98.9632,188.76572,155.42917,NA,NA,NA
1974-02-04,96.8915,184.82744,152.18314,NA,NA,NA
1974-02-05,96.5708,184.22792,151.6865,NA,NA,NA
1974-02-06,96.8113,184.69909,152.07141,NA,NA,NA
1974-02-07,96.8606,184.80542,152.15595,NA,NA,NA
1974-02-08,95.9417,183.06465,150.71966,NA,NA,NA
1974-02-11,93.958,179.29252,147.61085,NA,NA,NA
1974-02-12,94.2613,179.88337,148.09433,NA,NA,NA
1974-02-13,94.3109,179.98999,148.17917,NA,NA,NA
1974-02-14,94.2812,179.94524,148.1394,NA,NA,NA
1974-02-15,95.6773,182.62306,150.34065,NA,NA,NA
1974-02-18,95.6773,182.63518,150.34766,NA,NA,NA
1974-02-19,95.4623,182.23686,150.01679,NA,NA,NA
1974-02-20,97,185.18583,152.44104,NA,NA,NA
1974-02-21,98.2743,187.63207,154.45144,NA,NA,NA
1974-02-22,98.9063,188.85165,155.45217,NA,NA,NA
1974-02-25,98.499,188.08647,154.81925,NA,NA,NA
1974-02-26,99.5416,190.09073,156.46572,NA,NA,NA
1974-02-27,100.0872,191.14565,157.33084,NA,NA,NA
1974-02-28,99.9582,190.91194,157.13537,NA,NA,NA
1974-03-01,99.1783,189.43517,155.91674,NA,NA,NA
1974-03-04,99.1674,189.42692,155.90687,NA,NA,NA
1974-03-05,100.9748,192.8936,158.7566,NA,NA,NA
1974-03-06,101.591,194.084,159.73307,NA,NA,NA
1974-03-07,100.4971,192.00729,158.02071,NA,NA,NA
1974-03-08,101.4174,193.7791,159.47557,NA,NA,NA
1974-03-11,102.7073,196.25775,161.51199,NA,NA,NA
1974-03-12,102.839,196.52249,161.72666,NA,NA,NA
1974-03-13,103.4398,197.68409,162.67927,NA,NA,NA
1974-03-14,103.2929,197.41643,162.4558,NA,NA,NA
1974-03-15,102.9906,196.85174,161.9879,NA,NA,NA
1974-03-18,101.5429,194.09817,159.71871,NA,NA,NA
1974-03-19,100.6349,192.37558,158.29803,NA,NA,NA
1974-03-20,100.9761,193.04081,158.84223,NA,NA,NA
1974-03-21,100.7821,192.6827,158.54444,NA,NA,NA
1974-03-22,100.8056,192.74043,158.5888,NA,NA,NA
1974-03-25,101.2265,193.55827,159.25851,NA,NA,NA
1974-03-26,101.5558,194.20098,159.78413,NA,NA,NA
1974-03-27,99.9786,191.19837,157.31038,NA,NA,NA
1974-03-28,98.2368,187.88068,154.57745,NA,NA,NA
1974-03-29,97.3051,186.11143,153.11871,NA,NA,NA
1974-04-01,96.4632,184.51365,151.80112,NA,NA,NA
1974-04-02,96.6122,184.81098,152.04271,NA,NA,NA
1974-04-03,97.5428,186.60419,153.51477,NA,NA,NA
1974-04-04,97.5849,186.69713,153.58819,NA,NA,NA
1974-04-05,96.1151,183.89801,151.28231,NA,NA,NA
1974-04-08,95.1469,182.05795,149.76556,NA,NA,NA
1974-04-09,95.7925,183.30584,150.78902,NA,NA,NA
1974-04-10,95.4626,182.68669,150.27673,NA,NA,NA
1974-04-11,95.1919,182.18075,149.85758,NA,NA,NA
1974-04-12,95.1919,182.19284,149.86456,NA,NA,NA
1974-04-15,95.05,181.93331,149.64813,NA,NA,NA
1974-04-16,96.764,185.2277,152.35455,NA,NA,NA
1974-04-17,97.4949,186.63967,153.51277,NA,NA,NA
1974-04-18,97.9795,187.58009,154.28315,NA,NA,NA
1974-04-19,96.7556,185.24974,152.36333,NA,NA,NA
1974-04-22,96.4577,184.69164,151.9013,NA,NA,NA
1974-04-23,94.7873,181.50611,149.27819,NA,NA,NA
1974-04-24,93.279,178.63045,146.91005,NA,NA,NA
1974-04-25,92.5603,177.26608,145.78503,NA,NA,NA
1974-04-26,93.2284,178.55787,146.8444,NA,NA,NA
1974-04-29,93.114,178.35059,146.67103,NA,NA,NA
1974-04-30,93.3581,178.83012,147.06245,NA,NA,NA
1974-05-01,95.3114,182.58538,150.14725,NA,NA,NA
1974-05-02,95.1171,182.22525,149.84814,NA,NA,NA
1974-05-03,94.3257,180.7213,148.60842,NA,NA,NA
1974-05-06,94.1138,180.32728,148.28148,NA,NA,NA
1974-05-07,94.4526,180.98862,148.82231,NA,NA,NA
1974-05-08,94.5588,181.20418,148.9966,NA,NA,NA
1974-05-09,95.7234,183.44899,150.8392,NA,NA,NA
1974-05-10,93.9712,180.10381,148.08552,NA,NA,NA
1974-05-13,93.0669,178.38277,146.66748,NA,NA,NA
1974-05-14,93.3066,178.85419,147.05214,NA,NA,NA
1974-05-15,93.16,178.58502,146.82793,NA,NA,NA
1974-05-16,92.5619,177.45038,145.89214,NA,NA,NA
1974-05-17,91.0203,174.50729,143.46945,NA,NA,NA
1974-05-20,90.6541,173.81676,142.89891,NA,NA,NA
1974-05-21,90.7963,174.10102,143.12976,NA,NA,NA
1974-05-22,89.9556,172.5007,141.81125,NA,NA,NA
1974-05-23,90.1137,172.81541,142.06715,NA,NA,NA
1974-05-24,91.4756,175.43991,144.22156,NA,NA,NA
1974-05-27,91.4756,175.45155,144.22828,NA,NA,NA
1974-05-28,91.1163,174.77404,143.66848,NA,NA,NA
1974-05-29,89.6374,171.9494,141.3436,NA,NA,NA
1974-05-30,90.3153,173.26175,142.41943,NA,NA,NA
1974-05-31,90.258,173.16331,142.3357,NA,NA,NA
1974-06-03,92.2097,176.92099,145.42115,NA,NA,NA
1974-06-04,93.2472,178.92428,147.06466,NA,NA,NA
1974-06-05,93.3951,179.22003,147.30481,NA,NA,NA
1974-06-06,95.178,182.65485,150.12464,NA,NA,NA
1974-06-07,95.7929,183.84748,151.10178,NA,NA,NA
1974-06-10,96.3496,184.92852,151.98718,NA,NA,NA
1974-06-11,95.4375,183.19033,150.55557,NA,NA,NA
1974-06-12,95.1992,182.74504,150.18664,NA,NA,NA
1974-06-13,95.5298,183.392,150.71531,NA,NA,NA
1974-06-14,94.4395,181.31136,149.00235,NA,NA,NA
1974-06-17,93.0693,178.69322,146.8477,NA,NA,NA
1974-06-18,92.5792,177.7641,146.08126,NA,NA,NA
1974-06-19,91.8229,176.32381,144.89476,NA,NA,NA
1974-06-20,91.1318,175.00851,143.81102,NA,NA,NA
1974-06-21,90.2264,173.28159,142.38906,NA,NA,NA
1974-06-24,90.4497,173.72207,142.74816,NA,NA,NA
1974-06-25,91.8328,176.39132,144.93835,NA,NA,NA
1974-06-26,90.2602,173.38296,142.46342,NA,NA,NA
1974-06-27,88.8663,170.71735,140.27024,NA,NA,NA
1974-06-28,88.5288,170.0803,139.74404,NA,NA,NA
1974-07-01,88.5613,170.15404,139.80186,7.19946,4.53864,5.20757
1974-07-02,86.7384,166.6637,136.93119,7.05595,4.4485,5.10403
1974-07-03,86.709,166.61826,136.89116,7.03141,4.43333,5.08652
1974-07-04,86.709,166.62932,136.89753,7.0635,4.45387,5.10999
1974-07-05,86.1005,165.47109,135.94324,6.99999,4.41412,5.06428
1974-07-08,83.2744,160.05219,131.4883,6.76575,4.26677,4.89511
1974-07-09,83.6389,160.76362,132.07011,6.81284,4.29678,4.92943
1974-07-10,82.0664,157.75236,129.59355,6.68808,4.21841,4.83941
1974-07-11,81.9573,157.55309,129.42729,6.68919,4.21939,4.84043
1974-07-12,85.5438,164.46089,135.09869,6.96396,4.39307,5.03956
1974-07-15,86.142,165.62233,136.04998,7.00511,4.41934,5.06959
1974-07-16,85.1545,163.73494,134.49683,6.90707,4.3578,4.99889
1974-07-17,86.1593,165.67873,136.09064,6.98568,4.40773,5.05605
1974-07-18,86.29,165.94112,136.30346,6.9957,4.41435,5.06354
1974-07-19,86.185,165.75018,136.14394,6.98546,4.40817,5.05636
1974-07-22,86.4708,166.31101,136.60185,7.00631,4.42163,5.07169
1974-07-23,87.3009,167.9193,137.91996,7.0625,4.45741,5.11262
1974-07-24,87.6682,168.63717,138.5068,7.04058,4.44387,5.09699
1974-07-25,86.3826,166.17581,136.48237,6.94017,4.38081,5.02455
1974-07-26,84.5815,162.72276,133.64346,6.82395,4.30776,4.94066
1974-07-29,83.047,159.78196,131.22542,6.71449,4.23898,4.86167
1974-07-30,82.7147,159.15321,130.70645,6.69645,4.22786,4.84883
1974-07-31,81.2848,156.41298,128.4533,6.6145,4.17642,4.78973
1974-08-01,80.6387,155.18019,127.43831,6.5489,4.13528,4.74245
1974-08-02,80.5114,154.94549,127.24306,6.53424,4.1263,4.73205
1974-08-05,81.3373,156.54594,128.55467,6.59963,4.1679,4.77966
1974-08-06,82.7462,159.26928,130.78819,6.69458,4.22818,4.84868
1974-08-07,85.1074,163.82675,134.52756,6.91868,4.37009,5.01128
1974-08-08,83.733,161.19245,132.36162,6.85806,4.33209,4.96761
1974-08-09,82.9587,159.71271,131.14389,6.77542,4.28019,4.908
1974-08-12,81.6795,157.261,129.12804,6.68931,4.22609,4.84586
1974-08-13,80.4219,154.85054,127.14615,6.62223,4.184,4.7975
1974-08-14,78.5997,151.35298,124.27164,6.47381,4.09054,4.69023
1974-08-15,78.1569,150.51038,123.57735,6.43734,4.06777,4.66403
1974-08-16,77.4398,149.13955,122.44934,6.40407,4.04701,4.64013
1974-08-19,76.4047,147.15628,120.8185,6.36026,4.0196,4.60861
1974-08-20,76.7779,147.88509,121.41442,6.39512,4.04191,4.6341
1974-08-21,75.1447,144.7498,118.83777,6.22475,3.93455,4.5109
1974-08-22,74.3892,143.30426,117.64861,6.18828,3.91176,4.48468
1974-08-23,72.9427,140.52777,115.36674,6.07361,3.83956,4.40181
1974-08-26,73.6669,141.93293,116.51787,6.11524,3.86615,4.4322
1974-08-27,72.3965,139.49514,114.51419,6.03632,3.81653,4.37522
1974-08-28,72.3131,139.34368,114.3876,6.04529,3.82245,4.38192
1974-08-29,71.4624,137.71389,113.04738,5.95743,3.76717,4.31846
1974-08-30,73.7066,142.04972,116.60388,6.15968,3.89539,4.46533
1974-09-02,73.7066,142.05915,116.60931,6.17967,3.9083,4.48004
1974-09-03,71.982,138.74539,113.88673,6.01812,3.80643,4.36316
1974-09-04,70.0363,135.00516,110.81416,5.83359,3.69002,4.22962
1974-09-05,72.4072,139.58638,114.57179,6.0728,3.84166,4.40332
1974-09-06,72.8918,140.53022,115.34414,6.10302,3.86104,4.42545
1974-09-09,71.0819,137.05099,112.48599,5.95554,3.76804,4.31875
1974-09-10,70.6166,136.16299,111.75492,5.90145,3.73407,4.27973
1974-09-11,69.9943,134.97222,110.77536,5.85343,3.70394,4.24511
1974-09-12,68.223,131.56631,107.97767,5.71358,3.61572,4.14391
1974-09-13,66.608,128.46125,105.42702,5.57452,3.528,4.04328
1974-09-16,67.922,131.0052,107.51242,5.68546,3.5985,4.12397
1974-09-17,69.06,133.20988,109.31934,5.76058,3.64632,4.17868
1974-09-18,69.4757,134.02087,109.98265,5.78886,3.66447,4.1994
1974-09-19,71.9788,138.8604,113.95145,6.00353,3.80069,4.35539
1974-09-20,72.0699,139.04541,114.10101,6.02085,3.81191,4.36816
1974-09-23,71.217,137.40935,112.75614,5.9496,3.76706,4.31668
1974-09-24,69.793,134.67149,110.50714,5.81431,3.68169,4.21875
1974-09-25,69.308,133.74463,109.74439,5.78225,3.66163,4.19568
1974-09-26,68.095,131.4132,107.82906,5.67574,3.59445,4.11862
1974-09-27,66.4508,128.24958,105.2309,5.53071,3.50289,4.0136
1974-09-30,64.9191,125.30258,102.81059,5.38815,3.41287,3.91037
1974-10-01,64.7757,125.03409,102.58827,5.37126,3.40239,3.89829
1974-10-02,64.6939,124.88447,102.46349,5.37537,3.40522,3.90145
1974-10-03,63.5226,122.63213,100.61339,5.28073,3.34552,3.83296
1974-10-04,63.5145,122.62463,100.60525,5.25602,3.33008,3.81521
1974-10-07,64.4501,124.43995,102.09239,5.31999,3.37087,3.86184
1974-10-08,66.0427,127.52464,104.62073,5.45696,3.45793,3.9615
1974-10-09,69.2537,133.73569,109.71359,5.6983,3.61116,4.13694
1974-10-10,71.2916,137.68174,112.94821,5.87386,3.72272,4.26464
1974-10-11,72.649,140.31361,115.10474,5.99828,3.80189,4.35522
1974-10-14,74.4058,143.71759,117.89447,6.13404,3.88825,4.45404
1974-10-15,73.037,141.08375,115.73143,6.01766,3.81476,4.36977
1974-10-16,71.8123,138.72782,113.79646,5.91031,3.74699,4.29204
1974-10-17,72.7665,140.58124,115.31432,5.96982,3.785,4.33548
1974-10-18,73.9487,142.87562,117.19377,6.0729,3.85065,4.41058
1974-10-21,75.5642,146.00788,119.76031,6.21858,3.94334,4.51664
1974-10-22,75.0782,145.07854,118.99566,6.17496,3.91594,4.48517
1974-10-23,72.9441,140.96532,115.61934,5.9784,3.79161,4.34265
1974-10-24,72.1645,139.46827,114.38914,5.91253,3.7501,4.29502
1974-10-25,72.1026,139.35788,114.29634,5.89761,3.74088,4.28438
1974-10-28,72.0995,139.36114,114.29675,5.90671,3.7469,4.29119
1974-10-29,75.1348,145.23969,119.11517,6.14666,3.89943,4.46577
1974-10-30,76.6903,148.25763,121.58755,6.27548,3.98148,4.55962
1974-10-31,76.1514,147.22573,120.73886,6.23502,3.95607,4.53043
1974-11-01,76.1481,147.22912,120.73925,NA,NA,NA
1974-11-04,75.3845,145.76266,119.53422,6.14455,3.8992,4.46512
1974-11-05,77.635,150.12585,123.10943,6.31384,4.00695,4.5884
1974-11-06,77.3037,149.49516,122.58981,6.28846,3.9911,4.57017
1974-11-07,77.8734,150.60725,123.49922,6.33165,4.0188,4.60179
1974-11-08,77.5244,149.94228,122.95149,6.3258,4.01536,4.59775
1974-11-11,77.7701,150.4276,123.34698,6.34585,4.02836,4.61254
1974-11-12,76.1913,147.3844,120.84904,6.22116,3.9495,4.52215
1974-11-13,75.7912,146.62024,120.22007,6.21278,3.94444,4.51627
1974-11-14,75.5155,146.0966,119.78834,6.15268,3.90655,4.47279
1974-11-15,74.3058,143.76635,117.87525,6.0127,3.81797,4.37127
1974-11-18,71.3823,138.12114,113.24397,5.74865,3.65064,4.17958
1974-11-19,70.3719,136.17554,111.64649,5.65939,3.59422,4.11489
1974-11-20,70.0742,135.6085,111.17938,5.65677,3.59279,4.11317
1974-11-21,70.3419,136.13573,111.60939,5.7245,3.63608,4.16264
1974-11-22,71.2176,137.84034,113.00448,5.7401,3.64623,4.17418
1974-11-25,71.0664,137.55682,112.76982,5.73498,3.64322,4.17065
1974-11-26,71.7822,138.95207,113.91127,5.76148,3.66031,4.19013
1974-11-27,72.2714,139.90864,114.69311,5.80265,3.68673,4.22028
1974-11-28,72.2714,139.91793,114.69845,5.80549,3.68878,4.22255
1974-11-29,72.406,140.18787,114.91745,5.81678,3.6962,4.23096
1974-12-02,70.4848,136.47835,111.87413,5.68898,3.61527,4.13822
1974-12-03,69.496,134.57312,110.31009,5.62118,3.57244,4.08911
1974-12-04,69.7315,135.03823,110.68912,5.60605,3.56306,4.07829
1974-12-05,68.3222,132.31857,108.45754,5.4923,3.49103,3.99575
1974-12-06,67.2158,130.18499,106.70647,5.39497,3.42941,3.92515
1974-12-09,67.8317,131.38704,107.68949,5.41123,3.43998,3.93716
1974-12-10,69.5675,134.7595,110.45115,5.57188,3.5424,4.05429
1974-12-11,69.9615,135.53195,111.082,5.57207,3.54276,4.05461
1974-12-12,69.626,134.891,110.55449,5.5301,3.51631,4.02426
1974-12-13,69.2114,134.09674,109.90134,5.52174,3.51122,4.01836
1974-12-16,68.4525,132.63546,108.7015,5.44924,3.46537,3.9658
1974-12-17,69.6911,135.04536,110.6741,5.51031,3.50447,4.01046
1974-12-18,69.9567,135.56917,111.10114,5.51621,3.50845,4.01494
1974-12-19,69.8093,135.2925,110.87221,5.54645,3.52793,4.03715
1974-12-20,69.0736,133.87584,109.70902,5.47958,3.48564,3.98867
1974-12-23,67.9274,131.6636,107.89387,5.38473,3.42556,3.91983
1974-12-24,68.9153,133.5881,109.46857,5.45116,3.46808,3.9684
1974-12-25,68.9153,133.59697,109.47367,NA,NA,NA
1974-12-26,69.5523,134.84124,110.49096,5.48917,3.49274,3.99645
1974-12-27,69.1219,134.0158,109.81239,5.43946,3.46135,3.96045
1974-12-30,69.1353,134.05068,109.8388,5.40672,3.44074,3.93679
1974-12-31,70.6783,137.05282,112.29617,5.51728,3.51138,4.01752
1975-01-01,70.6783,137.06192,112.3014,NA,NA,NA
1975-01-02,72.4171,140.44454,115.07033,5.68874,3.62106,4.14282
1975-01-03,72.9754,141.53707,115.96308,5.70068,3.6289,4.15171
1975-01-06,73.3771,142.32586,116.60698,5.72022,3.64159,4.16614
1975-01-07,73.3156,142.216,116.51467,5.68295,3.6181,4.13919
1975-01-08,72.3148,140.28441,114.92978,5.60227,3.567,4.08064
1975-01-09,73.6483,142.88184,117.05517,5.73226,3.65006,4.17556
1975-01-10,75.1238,145.75525,119.40653,5.82587,3.70995,4.24397
1975-01-13,74.6386,144.82358,118.64091,5.79694,3.69177,4.22309
1975-01-14,74.0147,143.62271,117.65478,5.76764,3.67335,4.20194
1975-01-15,74.5267,144.62616,118.47437,5.82093,3.70757,4.24099
1975-01-16,74.4347,144.4572,118.33363,5.77744,3.68011,4.2095
1975-01-17,73.2368,142.14241,116.435,5.67729,3.61658,4.13674
1975-01-20,73.3327,142.33802,116.59292,5.68337,3.6207,4.14137
1975-01-21,72.9238,141.55381,115.94824,5.60436,3.57062,4.084
1975-01-22,73.8783,143.41688,117.47179,5.64414,3.59623,4.1132
1975-01-23,74.1868,144.02548,117.96792,5.64182,3.59498,4.11169
1975-01-24,75.0742,145.75863,119.38496,5.6996,3.63206,4.15401
1975-01-27,77.4917,150.46403,123.23608,5.86635,3.73864,4.2758
1975-01-28,78.4092,152.25633,124.7014,5.91438,3.76952,4.31102
1975-01-29,79.8492,155.064,126.99814,6.13035,3.90749,4.4687
1975-01-30,78.7468,152.93381,125.25091,5.99696,3.82276,4.37171
1975-01-31,79.5707,154.54478,126.56761,6.08092,3.87658,4.43315
1975-02-03,80.4441,156.25215,127.96321,6.1068,3.89335,4.45223
1975-02-04,80.2187,155.82469,127.61061,6.19992,3.95302,4.52037
1975-02-05,81.6929,158.70004,129.96247,6.31883,4.02915,4.60732
1975-02-06,81.2384,157.82766,129.24548,6.28665,4.00889,4.58407
1975-02-07,81.3136,157.98426,129.37116,6.2663,3.99618,4.56944
1975-02-10,80.9576,157.30307,128.81078,6.20768,3.95907,4.52691
1975-02-11,81.2694,157.91955,129.313,6.21703,3.9653,4.53394
1975-02-12,82.7962,160.89828,131.74923,6.33728,4.04232,4.6219
1975-02-13,84.0759,163.397,133.79236,6.4018,4.08377,4.66919
1975-02-14,84.5415,164.31305,134.53971,6.41587,4.09302,4.67967
1975-02-17,84.5415,164.32396,134.54598,6.40449,4.08603,4.67158
1975-02-18,83.74,162.77714,133.27677,6.35602,4.05538,4.63645
1975-02-19,84.4071,164.08522,134.34501,6.40221,4.08514,4.67038
1975-02-20,85.3775,165.98341,135.89628,6.47531,4.13209,4.72395
1975-02-21,85.621,166.46796,136.29028,6.46532,4.12599,4.71688
1975-02-24,84.2652,163.84347,134.13876,6.33082,4.04046,4.619
1975-02-25,82.2863,160.00747,130.99537,6.14361,3.92131,4.48267
1975-02-26,83.0136,161.43295,132.15964,6.20593,3.96137,4.52838
1975-02-27,83.4425,162.27803,132.84879,6.20353,3.9601,4.52684
1975-02-28,84.3015,163.96012,134.22302,6.27689,4.00723,4.58061
1975-03-03,85.801,166.88883,136.61754,6.35866,4.05974,4.64053
1975-03-04,86.3737,168.01428,137.53604,6.43508,4.10885,4.69655
1975-03-05,85.6638,166.64464,136.41211,6.39772,4.08526,4.6695
1975-03-06,86.5466,168.37382,137.82468,6.44601,4.11639,4.70498
1975-03-07,87.0242,169.31449,138.59188,6.5356,4.17392,4.77063
1975-03-10,87.7463,170.73124,139.74866,6.63958,4.24066,4.84679
1975-03-11,87.0769,169.44019,138.68911,6.54406,4.17995,4.7773
1975-03-12,86.255,167.85228,137.38661,6.46251,4.12815,4.71801
1975-03-13,86.5344,168.40731,137.83814,6.51226,4.16023,4.75456
1975-03-14,87.6811,170.65117,139.6717,6.59502,4.21341,4.81524
1975-03-17,88.9431,173.11986,141.68917,6.67716,4.26621,4.87547
1975-03-18,88.0287,171.35175,140.23923,6.59239,4.21235,4.81381
1975-03-19,87.2231,169.79514,138.96244,6.51616,4.16393,4.75838
1975-03-20,86.4585,168.31811,137.75084,6.4748,4.13777,4.7284
1975-03-21,86.2879,167.99713,137.48543,6.47041,4.13524,4.72541
1975-03-24,84.2394,164.02087,134.22841,6.34344,4.0544,4.63293
1975-03-25,84.9263,165.36977,135.3295,6.40105,4.09152,4.67525
1975-03-26,86.4527,168.3544,137.76893,6.5161,4.16539,4.75954
1975-03-27,86.6471,168.74425,138.0852,6.54481,4.18403,4.78074
1975-03-28,86.6471,168.75545,138.09163,NA,NA,NA
1975-03-31,86.0953,167.692,137.21867,NA,NA,NA
1975-04-01,85.3328,166.2181,136.00987,6.44951,4.12392,4.71178
1975-04-02,85.0438,165.66618,135.55557,6.40106,4.09322,4.67661
1975-04-03,83.9916,163.62776,133.8849,6.3589,4.06653,4.64603
1975-04-04,83.3511,162.39092,132.87021,6.34072,4.05517,4.63295
1975-04-07,82.8856,161.49479,132.13436,6.30775,4.03435,4.60908
1975-04-08,83.4897,162.68302,133.10383,6.35914,4.06752,4.64687
1975-04-09,85.4238,166.46428,136.19448,6.49286,4.15338,4.74485
1975-04-10,86.3255,168.23325,137.6389,6.59868,4.22139,4.82244
1975-04-11,86.6748,168.92537,138.20237,6.62744,4.24009,4.84369
1975-04-14,88.2027,171.91583,140.64585,6.77327,4.33374,4.95055
1975-04-15,88.9089,173.30427,141.77882,6.81365,4.35988,4.98031
1975-04-16,89.342,174.16029,142.47624,6.83245,4.3722,4.99429
1975-04-17,89.8319,175.1272,143.26434,6.86564,4.39374,5.01879
1975-04-18,88.7074,172.94692,141.47784,6.7597,4.32626,4.94161
1975-04-21,89.6666,174.82934,143.01472,6.8514,4.38528,5.00891
1975-04-22,89.4272,174.37414,142.63953,6.82992,4.37182,4.99343
1975-04-23,88.4577,172.49551,141.09993,6.7271,4.30632,4.91851
1975-04-24,88.4288,172.4506,141.0604,6.71139,4.29655,4.90725
1975-04-25,89.0201,173.61563,142.01046,6.78248,4.34238,4.95949
1975-04-28,88.5992,172.80627,141.34563,6.78251,4.34268,4.95974
1975-04-29,87.9741,171.5986,140.35501,6.70903,4.29593,4.90625
1975-04-30,89.7097,174.997,143.13147,6.82602,4.37118,4.99207
1975-05-01,90.6725,176.8876,144.67476,NA,NA,NA
1975-05-02,92.0269,179.54282,146.84326,7.01483,4.49278,5.13071
1975-05-05,93.0771,181.60461,148.5264,7.07402,4.53101,5.17426
1975-05-06,91.4329,178.40923,145.90996,6.93457,4.44203,5.07253
1975-05-07,91.9336,179.39843,146.71599,6.96126,4.45943,5.09229
1975-05-08,92.4674,180.45239,147.57494,NA,NA,NA
1975-05-09,93.4701,182.42205,149.1826,7.06507,4.52658,5.16876
1975-05-12,93.4112,182.31919,149.09553,7.08133,4.5373,5.18089
1975-05-13,94.3713,184.20604,150.63539,7.09769,4.54809,5.19311
1975-05-14,95.1117,185.66408,151.82457,7.14626,4.57954,5.2289
1975-05-15,94.1825,183.86273,150.3485,7.11947,4.56267,5.20954
1975-05-16,93.2938,182.14019,148.93692,7.04795,4.51715,5.15746
1975-05-19,93.1329,181.83812,148.68698,NA,NA,NA
1975-05-20,92.5697,180.7506,147.79478,6.9868,4.47855,5.11319
1975-05-21,91.4708,178.61718,146.04735,6.88059,4.41079,5.03572
1975-05-22,91.8152,179.30178,146.60417,6.88173,4.41181,5.03678
1975-05-23,93.1418,181.90558,148.72993,6.9753,4.47214,5.10554
1975-05-26,93.1418,181.91765,148.73686,6.94196,4.45106,5.08137
1975-05-27,92.7805,181.22404,148.16682,6.94719,4.4547,5.08544
1975-05-28,92.0231,179.75679,146.96425,6.8847,4.41494,5.03994
1975-05-29,92.0095,179.74215,146.94938,6.89419,4.42132,5.04712
1975-05-30,93.5419,182.74909,149.40445,7.06018,4.52813,5.16893
1975-06-02,94.8886,185.39346,151.56306,7.14644,4.5838,5.23236
1975-06-03,95.2376,186.08787,152.1277,7.14151,4.58095,5.229
1975-06-04,94.7959,185.23717,151.42924,7.10839,4.56,5.20499
1975-06-05,94.9078,185.46818,151.61507,7.12985,4.57407,5.22094
1975-06-06,94.7867,185.24381,151.42866,7.11748,4.56644,5.21213
1975-06-09,93.6143,182.96518,149.56291,7.06022,4.53001,5.17044
1975-06-10,92.9577,181.69409,148.52091,6.9919,4.48649,5.12066
1975-06-11,93.0699,181.92551,148.70712,6.99552,4.4891,5.12355
1975-06-12,92.4165,180.66044,147.67009,6.94907,4.45959,5.08976
1975-06-13,92.8493,181.51879,148.3687,6.98001,4.47976,5.11267
1975-06-16,93.822,183.43331,149.93043,7.04828,4.5239,5.16294
1975-06-17,92.9869,181.81291,148.60298,6.98608,4.48429,5.11763
1975-06-18,92.8373,181.53244,148.37081,6.98659,4.48492,5.11824
1975-06-19,94.6546,185.09971,151.28306,7.1321,4.57869,5.22513
1975-06-20,95.1804,186.1406,152.1307,7.17117,4.60409,5.25401
1975-06-23,96.244,188.23395,153.83832,7.26356,4.66376,5.32198
1975-06-24,96.8707,189.47262,154.84749,7.32888,4.70604,5.37012
1975-06-25,97.2555,190.2381,155.46995,7.3399,4.71343,5.37844
1975-06-26,97.4517,190.63461,155.7909,7.38194,4.74076,5.40951
1975-06-27,97.3903,190.52714,155.69999,7.39668,4.75055,5.42057
1975-06-30,97.7745,191.29166,156.32162,7.47209,4.79933,5.47612
1975-07-01,97.3195,190.41416,155.60144,7.45472,4.78849,5.46364
1975-07-02,96.5469,188.91525,154.37347,7.43323,4.775,5.44814
1975-07-03,96.8435,189.50834,154.85501,7.49366,4.81417,5.49271
1975-07-04,96.8435,189.52092,154.86223,7.49425,4.81486,5.4934
1975-07-07,95.9491,187.78334,153.43931,7.46623,4.79717,5.47311
1975-07-08,95.8252,187.55329,153.2483,7.43009,4.77427,5.44687
1975-07-09,97.3449,190.54159,155.68663,7.53305,4.8408,5.52265
1975-07-10,97.3537,190.57147,155.70796,7.59358,4.88004,5.5673
1975-07-11,97.1605,190.20589,155.40619,7.59842,4.88348,5.57111
1975-07-14,97.7119,191.29836,156.29561,7.685,4.93949,5.63489
1975-07-15,98.101,192.07309,156.92543,7.70943,4.95553,5.65307
1975-07-16,96.9832,189.89757,155.14484,7.69674,4.9477,5.64402
1975-07-17,95.9424,187.87248,153.48723,7.60677,4.8902,5.57832
1975-07-18,95.4608,186.9419,152.72393,7.62585,4.9028,5.59258
1975-07-21,94.6784,185.42224,151.47938,7.60108,4.8872,5.57467
1975-07-22,93.6118,183.34594,149.78011,7.47997,4.80968,5.48613
1975-07-23,92.2228,180.6381,147.56493,7.45514,4.79403,5.46817
1975-07-24,92.1278,180.46398,147.41978,7.43155,4.77918,5.45112
1975-07-25,91.3059,178.86613,146.11156,7.35317,4.7291,5.39389
1975-07-28,90.76,177.80863,145.24481,7.32965,4.71428,5.37688
1975-07-29,90.3215,176.96136,144.54984,7.36267,4.73585,5.40137
1975-07-30,91.0593,178.41924,145.73769,7.42713,4.77766,5.44894
1975-07-31,90.9599,178.2363,145.58538,7.45682,4.79708,5.47098
1975-08-01,90.1038,176.57076,144.22203,7.38047,4.7483,5.41523
1975-08-04,89.2274,174.86524,142.82607,7.32335,4.71186,5.37357
1975-08-05,88.3592,173.17555,141.44311,7.21469,4.64229,5.29411
1975-08-06,88.4789,173.4217,141.64134,7.2359,4.65625,5.30993
1975-08-07,88.4097,173.29756,141.53715,7.27509,4.6818,5.33895
1975-08-08,88.098,172.69805,141.04473,7.25613,4.6699,5.32528
1975-08-11,88.609,173.71161,141.86962,7.31848,4.71037,5.37131
1975-08-12,89.0579,174.60349,142.59514,7.33642,4.72224,5.38473
1975-08-13,87.8249,172.19809,140.62778,7.2464,4.66462,5.31893
1975-08-14,87.4368,171.44856,140.01289,7.19322,4.6307,5.28014
1975-08-15,88.1599,172.87842,141.17766,NA,NA,NA
1975-08-18,87.9518,172.48178,140.85097,7.22348,4.65081,5.30285
1975-08-19,86.5071,169.66054,138.5442,7.09237,4.56673,5.20687
1975-08-20,84.7226,166.17271,135.69314,6.90627,4.44726,5.07054
1975-08-21,84.8137,166.36246,135.8454,6.9576,4.48064,5.10848
1975-08-22,86.0628,168.82479,137.85306,7.04712,4.53862,5.17448
1975-08-25,86.8675,170.41522,139.14882,7.14639,4.60291,5.24765
1975-08-26,85.7072,168.15062,137.29688,7.06277,4.54937,5.1865
1975-08-27,86.2582,169.24322,138.18618,7.09032,4.56743,5.20698
1975-08-28,88.2618,173.18749,141.40345,7.25866,4.67625,5.33091
1975-08-29,88.7038,174.06659,142.11834,7.31032,4.70987,5.36912
1975-09-01,88.7038,174.07815,142.12496,7.31831,4.71533,5.37524
1975-09-02,87.2196,171.17754,139.75384,7.20433,4.64223,5.2918
1975-09-03,87.7902,172.3092,140.67489,7.21444,4.64905,5.29947
1975-09-04,87.9103,172.55642,140.87392,7.23764,4.66432,5.31676
1975-09-05,87.3666,171.5007,140.00924,7.19891,4.63967,5.28856
1975-09-08,87.5418,171.8561,140.29659,7.21941,4.65319,5.30387
1975-09-09,86.082,169.00225,137.96392,7.08652,4.56788,5.20651
1975-09-10,85.2535,167.38706,136.6426,7.02892,4.53106,5.16444
1975-09-11,84.8672,166.6397,136.02981,7.0118,4.52032,5.1521
1975-09-12,84.6139,166.15337,135.63013,7.00384,4.51549,5.14649
1975-09-15,84.1901,165.3322,134.95713,6.98407,4.50304,5.1322
1975-09-16,83.41,163.81136,133.713,6.93459,4.47143,5.09608
1975-09-17,83.8307,164.64876,134.39382,7.01471,4.52344,5.15523
1975-09-18,85.6006,168.13755,137.23845,7.18793,4.63551,5.28283
1975-09-19,87.5619,172.00294,140.39031,7.36901,4.75268,5.41623
1975-09-22,86.6632,170.24919,138.95606,7.32793,4.7265,5.38628
1975-09-23,86.6169,170.16952,138.88829,7.42312,4.78826,5.45654
1975-09-24,87.4447,171.80784,140.22252,7.44726,4.80415,5.47454
1975-09-25,87.3072,171.54906,140.00855,7.43297,4.79525,5.46429
1975-09-26,87.796,172.52125,140.79913,7.46487,4.81616,5.48801
1975-09-29,86.5391,170.06326,138.79022,7.39258,4.76985,5.43512
1975-09-30,85.3356,167.70984,136.86675,7.25442,4.68105,5.33383
1975-10-01,84.3753,165.83394,135.33308,7.11731,4.59293,5.2333
1975-10-02,85.3675,167.79595,136.93132,7.17634,4.63136,5.27697
1975-10-03,87.6974,172.38879,140.67611,7.409,4.7819,5.44836
1975-10-06,88.615,174.20479,142.15505,7.47173,4.82274,5.49477
1975-10-07,88.5501,174.08875,142.05755,7.39512,4.77362,5.4387
1975-10-08,89.8601,176.67698,144.16645,7.51988,4.85453,5.53075
1975-10-09,90.3331,177.61904,144.93221,7.56591,4.88459,5.56488
1975-10-10,90.2609,177.48884,144.82311,7.50162,4.84341,5.51786
1975-10-13,91.6767,180.28598,147.10226,7.58781,4.89943,5.58155
1975-10-14,91.4757,179.90264,146.78657,7.62388,4.92306,5.60835
1975-10-15,91.4522,179.86836,146.7557,7.60578,4.91169,5.5953
1975-10-16,91.5901,180.15159,146.98387,7.59473,4.90488,5.58743
1975-10-17,91.031,179.06387,146.09349,7.52295,4.85885,5.53488
1975-10-20,92.1271,181.23286,147.85997,7.58862,4.90162,5.58348
1975-10-21,92.9173,182.80003,149.13547,7.69438,4.97032,5.6616
1975-10-22,93.0996,183.17091,149.43508,7.65588,4.94577,5.63353
1975-10-23,93.5436,184.05694,150.15488,7.69368,4.97054,5.66162
1975-10-24,91.9591,180.95206,147.6188,7.57161,4.89203,5.57208
1975-10-27,91.8021,180.6551,147.37363,7.55108,4.87909,5.55723
1975-10-28,92.6594,182.35489,148.75717,7.66398,4.95241,5.64062
1975-10-29,91.4554,179.99785,146.83138,7.57269,4.89377,5.57371
1975-10-30,91.2506,179.60669,146.5094,7.50257,4.84879,5.52237
1975-10-31,90.9437,179.01452,146.02346,7.46858,4.82714,5.4976
1975-11-03,89.9846,177.13872,144.49041,7.39044,4.77696,5.44034
1975-11-04,90.466,178.09849,145.27034,7.45305,4.81778,5.48671
1975-11-05,91.1411,179.4399,146.36149,7.52192,4.86265,5.53769
1975-11-06,91.5787,180.31368,147.07122,7.57651,4.89829,5.57816
1975-11-07,91.3746,179.92375,146.75028,7.53106,4.86923,5.54496
1975-11-10,91.4919,180.16672,146.94553,7.55087,4.88237,5.55981
1975-11-11,92.1886,181.55119,148.07167,7.61413,4.92363,5.60667
1975-11-12,93.6243,184.39199,150.38533,7.74574,5.00913,5.7039
1975-11-13,93.469,184.09833,150.14287,7.71145,4.98728,5.67891
1975-11-14,93.3168,183.81074,149.90536,7.77139,5.0264,5.72334
1975-11-17,93.8402,184.8543,150.75336,7.84225,5.07261,5.77582
1975-11-18,93.329,183.85958,149.93916,7.81417,5.05477,5.7554
1975-11-19,92.2588,181.76375,148.22696,7.71995,4.99418,5.68629
1975-11-20,91.7801,180.83271,147.46477,7.65445,4.95214,5.63831
1975-11-21,91.6915,180.67012,147.32927,7.64836,4.94853,5.63409
1975-11-24,91.8686,181.03117,147.62075,7.68468,4.97237,5.66112
1975-11-25,92.9065,183.08935,149.29593,7.76422,5.02421,5.72001
1975-11-26,93.2254,183.73016,149.81546,7.81616,5.05817,5.75856
1975-11-27,93.2254,183.74236,149.82244,7.82819,5.0663,5.76769
1975-11-28,93.4296,184.15713,150.15765,7.87971,5.10001,5.80594
1975-12-01,92.774,182.87719,149.11103,7.82308,5.06369,5.76448
1975-12-02,91.3751,180.13226,146.86986,7.68071,4.97191,5.65987
1975-12-03,89.4802,176.40948,143.83143,7.51049,4.8621,5.53475
1975-12-04,89.765,176.98285,144.29602,7.53375,4.87749,5.55215
1975-12-05,88.4883,174.47783,142.2507,7.43741,4.81546,5.48143
1975-12-08,88.8466,175.19613,142.83346,7.47073,4.83736,5.50624
1975-12-09,89.1177,175.74251,143.27604,7.50188,4.85787,5.52947
1975-12-10,90.0009,177.49664,144.70309,7.58533,4.91227,5.59127
1975-12-11,89.6365,176.78975,144.12394,7.54749,4.88809,5.56364
1975-12-12,89.7194,176.96503,144.26397,7.57005,4.90304,5.58054
1975-12-15,89.9656,177.46253,144.66665,7.60521,4.92615,5.60672
1975-12-16,90.925,179.36764,146.21661,7.68763,4.9799,5.66778
1975-12-17,91.1648,179.85275,146.60913,7.69598,4.98564,5.6742
1975-12-18,91.5238,180.57317,147.19343,7.70046,4.98888,5.67777
1975-12-19,90.7236,179.00653,145.91344,7.6423,4.95153,5.63516
1975-12-22,90.054,177.6973,144.84335,7.56901,4.90438,5.58138
1975-12-23,90.7765,179.13535,146.01251,7.62843,4.94324,5.62548
1975-12-24,91.516,180.60716,147.20913,7.68071,4.97747,5.66432
1975-12-25,91.516,180.61915,147.21599,NA,NA,NA
1975-12-26,92.2644,182.10882,148.42711,NA,NA,NA
1975-12-29,92.2164,182.02616,148.35679,7.76539,5.03337,5.72759
1975-12-30,91.838,181.2913,147.75493,7.75214,5.02512,5.71808
1975-12-31,92.2358,182.08888,148.40198,7.76835,5.03597,5.73031
1976-01-01,92.2358,182.10096,148.40889,NA,NA,NA
1976-01-02,92.9929,183.60842,149.63435,7.83817,5.08193,5.78237
1976-01-05,94.6939,186.98073,152.3793,7.95627,5.15889,5.86981
1976-01-06,95.7116,189.00359,154.02458,8.01571,5.19781,5.91396
1976-01-07,96.1954,189.97185,154.81051,8.05073,5.22088,5.94008
1976-01-08,96.8697,191.31664,155.9032,8.10026,5.25336,5.97692
1976-01-09,97.2212,192.02377,156.4763,8.15465,5.28902,6.01736
1976-01-12,98.4747,194.5135,158.50174,8.2443,5.34756,6.08383
1976-01-13,97.6085,192.81559,157.115,8.20959,5.32539,6.05849
1976-01-14,99.1307,195.83678,159.57334,8.32834,5.40284,6.14646
1976-01-15,98.5433,194.68938,158.63524,8.26555,5.36247,6.10041
1976-01-16,98.8847,195.37701,159.19234,8.30767,5.39017,6.13179
1976-01-19,100.3153,198.21792,161.50361,8.42426,5.46623,6.21817
1976-01-20,100.8896,199.36629,162.43598,8.48047,5.50309,6.25997
1976-01-21,100.2794,198.17375,161.46112,8.4727,5.49841,6.25453
1976-01-22,99.9292,197.49481,160.90477,8.51937,5.52909,6.28929
1976-01-23,101.0877,199.79857,162.77827,8.5883,5.57422,6.3405
1976-01-26,101.417,200.4629,163.31623,8.59916,5.58165,6.34882
1976-01-27,100.6921,199.04343,162.15655,8.53549,5.54069,6.3021
1976-01-28,100.2284,198.14002,161.41735,8.49105,5.5122,6.26958
1976-01-29,102.0489,201.75382,164.35775,8.66772,5.62734,6.40039
1976-01-30,102.7331,203.12043,165.46767,8.72508,5.66498,6.44306
1976-02-02,102.7368,203.14123,165.48134,8.72614,5.66605,6.44415
1976-02-03,102.9649,203.60587,165.85653,8.73418,5.67165,6.45039
1976-02-04,103.7534,205.17923,167.13474,8.78816,5.7071,6.49057
1976-02-05,102.1056,201.93478,164.48844,8.62923,5.60431,6.37353
1976-02-06,101.1697,200.09742,162.98851,8.56488,5.56289,6.3263
1976-02-09,101.309,200.38629,163.22056,8.55675,5.55798,6.32058
1976-02-10,102.1495,202.06278,164.58271,8.65007,5.619,6.38985
1976-02-11,102.3881,202.5483,164.97488,8.6412,5.61362,6.38359
1976-02-12,101.8123,201.4227,164.05481,8.59926,5.58674,6.3529
1976-02-13,101.1963,200.21743,163.06989,8.5568,5.55952,6.32183
1976-02-16,101.1963,200.23072,163.07749,8.55975,5.56181,6.3243
1976-02-17,100.5081,198.88238,161.97609,8.5398,5.54921,6.30986
1976-02-18,101.3047,200.47252,163.26779,8.58445,5.57861,6.34316
1976-02-19,102.9394,203.7223,165.91084,8.71696,5.66516,6.44141
1976-02-20,103.5984,205.04052,166.98099,8.79172,5.71416,6.49699
1976-02-23,103.2711,204.40631,166.4612,8.78369,5.70931,6.49135
1976-02-24,103.7543,205.37663,167.24802,8.84164,5.74739,6.53451
1976-02-25,103.4788,204.84488,166.81169,8.79754,5.7191,6.50222
1976-02-26,101.7958,201.52743,164.10675,8.64697,5.62163,6.39126
1976-02-27,101.3995,200.75622,163.4755,8.61405,5.6006,6.36722
1976-03-01,101.7586,201.48075,164.06219,8.65204,5.62569,6.39562
1976-03-02,102.2454,202.45833,164.85488,8.73048,5.67711,6.45393
1976-03-03,101.5962,201.18632,163.81586,8.67505,5.64144,6.41325
1976-03-04,100.5142,199.05729,162.079,8.59837,5.59195,6.35687
1976-03-05,100.6921,199.42291,162.37347,8.65583,5.62972,6.39966
1976-03-08,101.8531,201.73659,164.25383,8.77022,5.70455,6.48459
1976-03-09,102.1802,202.39806,164.7891,8.81695,5.73534,6.51945
1976-03-10,102.6441,203.33071,165.5451,8.85931,5.7633,6.5511
1976-03-11,103.6569,205.35139,167.18677,9.00532,5.85874,6.65943
1976-03-12,102.6132,203.2976,165.51132,8.8989,5.78991,6.58105
1976-03-15,101.4887,201.08351,163.70542,8.88616,5.782,6.57194
1976-03-16,102.7089,203.5156,165.68191,9.03247,5.87766,6.68051
1976-03-17,102.6493,203.411,165.59348,9.05481,5.89259,6.69735
1976-03-18,102.3166,202.76519,165.06446,8.96425,5.83406,6.63068
1976-03-19,102.4839,203.11028,165.34211,8.95971,5.83149,6.62763
1976-03-22,102.6407,203.4346,165.60283,8.99264,5.85332,6.65231
1976-03-23,104.2149,206.56967,168.15124,9.11186,5.93137,6.74086
1976-03-24,105.4571,209.04675,170.16401,9.19916,5.98864,6.8058
1976-03-25,104.751,207.661,169.03262,9.13351,5.9463,6.75754
1976-03-26,104.7303,207.63374,169.00709,9.14877,5.95663,6.76915
1976-03-29,104.2409,206.67725,168.2252,9.12877,5.944,6.75466
1976-03-30,103.8493,205.91452,167.60106,9.071,5.90678,6.71224
1976-03-31,104.6667,207.54962,168.92844,9.1213,5.93995,6.74979
1976-04-01,104.1083,206.45613,168.03508,9.08554,5.91705,6.72364
1976-04-02,104.246,206.74297,168.2652,9.13492,5.94962,6.76051
1976-04-05,105.6508,209.54404,170.54129,9.26794,6.03673,6.85932
1976-04-06,105.4049,209.0702,170.15229,9.2472,6.02361,6.84429
1976-04-07,104.2375,206.76884,168.27588,9.15624,5.96477,6.77729
1976-04-08,103.3477,205.01767,166.84736,9.08052,5.91584,6.72156
1976-04-09,102.2384,202.83095,165.0644,9.00562,5.86744,6.66644
1976-04-12,102.1582,202.68528,164.94259,9.044,5.89286,6.69517
1976-04-13,103.063,204.49466,166.41159,9.11095,5.93691,6.74507
1976-04-14,102.1587,202.7141,164.9593,8.98892,5.8578,6.65506
1976-04-15,102.526,203.45664,165.56021,9.01235,5.87347,6.67273
1976-04-16,102.526,203.47014,165.56792,NA,NA,NA
1976-04-19,103.2458,204.91271,166.73836,NA,NA,NA
1976-04-20,104.7333,207.87997,169.14918,9.21381,6.00605,6.82291
1976-04-21,105.2129,208.84604,169.93183,9.26929,6.04264,6.86433
1976-04-22,104.8094,208.05894,169.28803,9.27035,6.04373,6.86544
1976-04-23,104.1031,206.67073,168.15514,9.20041,5.99854,6.81397
1976-04-26,104.2548,206.98569,168.40806,9.22794,6.0169,6.83468
1976-04-27,103.5276,205.55573,167.24127,9.1512,5.96726,6.77817
1976-04-28,103.895,206.29909,167.8427,9.18285,5.98831,6.80193
1976-04-29,103.848,206.21945,167.77458,9.14822,5.96612,6.7766
1976-04-30,103.2913,205.12766,166.88302,9.11226,5.94306,6.75027
1976-05-03,102.5068,203.58343,165.62337,9.04224,5.89779,6.69872
1976-05-04,103.13,204.83513,166.63828,9.12674,5.95334,6.76166
1976-05-05,102.5135,203.62428,165.64992,9.07955,5.92295,6.72701
1976-05-06,102.8524,204.31117,166.20538,9.07599,5.92102,6.72469
1976-05-07,103.5997,205.80981,167.42107,9.12717,5.95482,6.76294
1976-05-10,104.7315,208.07291,169.25848,9.18238,5.99126,6.80418
1976-05-11,104.4757,207.57848,168.85295,9.18456,5.99308,6.80612
1976-05-12,104.2288,207.10166,168.46175,9.17929,5.99004,6.80253
1976-05-13,103.5865,205.83921,167.4315,9.12928,5.9578,6.76578
1976-05-14,102.701,204.09342,166.00811,9.07242,5.92109,6.72395
1976-05-17,102.4223,203.55308,165.56533,9.09938,5.93909,6.74426
1976-05-18,102.5995,203.91885,165.85954,9.13662,5.96381,6.77219
1976-05-19,102.5353,203.80477,165.76347,9.11025,5.94698,6.75295
1976-05-20,103.4037,205.54511,167.17551,9.15674,5.97774,6.78774
1976-05-21,102.6566,204.07375,165.97549,9.15416,5.97646,6.78615
1976-05-24,100.8618,200.52004,163.08177,8.98677,5.86761,6.66241
1976-05-25,100.9557,200.72007,163.24122,8.97233,5.85857,6.65201
1976-05-26,100.8708,200.56457,163.11153,8.98757,5.86891,6.66362
1976-05-27,100.9472,200.72983,163.24269,NA,NA,NA
1976-05-28,101.9002,202.63899,164.79187,9.10159,5.94421,6.74883
1976-05-31,101.9002,202.65244,164.79955,9.12734,5.96143,6.76824
1976-06-01,101.57,202.00918,164.27319,9.11023,5.95064,6.75587
1976-06-02,101.9754,202.82915,164.93667,9.16669,5.98795,6.79807
1976-06-03,101.8661,202.62518,164.76755,9.16358,5.98631,6.79608
1976-06-04,100.8417,200.60119,163.1184,9.05069,5.91298,6.71269
1976-06-07,100.4201,199.77581,162.44403,NA,NA,NA
1976-06-08,100.6103,200.16756,162.75933,8.97332,5.8632,6.65592
1976-06-09,100.4864,199.93431,162.56646,8.95901,5.85424,6.64562
1976-06-10,101.3847,201.73567,164.02773,9.06462,5.92369,6.72431
1976-06-11,102.7348,204.43676,166.22038,9.17698,5.99757,6.80801
1976-06-14,103.8016,206.57416,167.9547,9.26047,6.05258,6.87031
1976-06-15,103.2586,205.50727,167.08394,9.22041,6.02679,6.8409
1976-06-16,103.7843,206.56755,167.94258,9.24632,6.04414,6.86045
1976-06-17,105.4405,209.87927,170.63134,9.40583,6.14888,6.97918
1976-06-18,105.4812,209.97423,170.70517,9.41887,6.15782,6.98919
1976-06-21,106.0054,211.03203,171.56167,9.47689,6.19618,7.03258
1976-06-22,105.147,209.33729,170.18048,9.39416,6.14251,6.97153
1976-06-23,105.0668,209.1915,170.0586,9.38443,6.13656,6.96463
1976-06-24,105.6824,210.43153,171.06318,9.42227,6.16172,6.99305
1976-06-25,105.6235,210.3282,170.9758,9.42901,6.16654,6.99838
1976-06-28,105.2888,209.67563,170.44196,9.39059,6.14182,6.97018
1976-06-29,105.7566,210.62147,171.20736,9.42375,6.16393,6.99513
1976-06-30,106.143,211.40525,171.84102,9.46076,6.18856,7.02294
1976-07-01,105.417,209.97338,170.6737,9.38072,6.13662,6.96386
1976-07-02,105.9412,211.03181,171.53057,9.43164,6.17036,7.002
1976-07-05,105.9412,211.04582,171.53856,9.42907,6.16909,7.00042
1976-07-06,105.3218,209.82595,170.54365,9.37055,6.13121,6.95729
1976-07-07,105.5836,210.3616,170.9756,9.39895,6.15021,6.97872
1976-07-08,105.662,210.5318,171.11055,9.41105,6.15854,6.98803
1976-07-09,106.7028,212.62049,172.80452,9.52362,6.23267,7.07199
1976-07-12,107.6717,214.56611,174.38217,9.61885,6.29545,7.14307
1976-07-13,107.4279,214.09448,173.99542,9.59358,6.27932,7.12463
1976-07-14,107.7183,214.6876,174.47397,9.61689,6.295,7.14228
1976-07-15,106.9443,213.15932,173.22849,9.55647,6.25588,7.09774
1976-07-16,106.4678,212.22371,172.46472,9.56527,6.26205,7.1046
1976-07-19,106.0762,211.45719,171.8384,9.54406,6.24858,7.08918
1976-07-20,105.6087,210.53928,171.08907,9.48808,6.21234,7.04793
1976-07-21,105.7176,210.7704,171.27349,9.50047,6.22087,7.05747
1976-07-22,105.8533,211.05501,171.50136,9.50832,6.22642,7.06362
1976-07-23,105.9131,211.18828,171.60625,9.52502,6.23778,7.07636
1976-07-26,105.9268,211.22962,171.63644,9.53149,6.24243,7.0815
1976-07-27,105.2673,209.92857,170.57586,9.46347,6.1983,7.0313
1976-07-28,104.8612,209.13262,169.92575,9.39942,6.15676,6.98404
1976-07-29,104.7568,208.93826,169.76447,9.3738,6.14038,6.96532
1976-07-30,105.2841,210.00421,170.62712,9.39358,6.15375,6.98035
1976-08-02,105.108,209.66686,170.34965,9.35237,6.12716,6.95005
1976-08-03,106.1896,211.83929,172.11109,9.46062,6.19854,7.03086
1976-08-04,106.5451,212.56278,172.69543,9.49919,6.22424,7.05986
1976-08-05,105.8567,211.20355,171.58771,9.43867,6.18499,7.01521
1976-08-06,105.859,211.22216,171.59943,9.47156,6.20697,7.04
1976-08-09,105.4835,210.48691,170.99872,9.41908,6.17299,7.00131
1976-08-10,106.4514,212.43311,172.57622,9.5133,6.23519,7.07171
1976-08-11,106.0185,211.5833,171.88244,9.47806,6.21251,7.04584
1976-08-12,106.1912,211.9421,172.17049,9.49091,6.22135,7.05572
1976-08-13,106.1941,211.96196,172.18321,9.49203,6.22249,7.05689
1976-08-16,106.3789,212.34498,172.49093,9.51982,6.24113,7.07788
1976-08-17,106.7566,213.11326,173.11154,9.49734,6.22681,7.0615
1976-08-18,106.5274,212.66983,172.74792,9.47609,6.21328,7.04602
1976-08-19,105.3513,210.33628,170.84894,9.38082,6.15124,6.97552
1976-08-20,104.4506,208.55213,169.39632,9.30907,6.1046,6.92249
1976-08-23,104.1237,207.91323,168.87403,9.28583,6.08976,6.90553
1976-08-24,103.3527,206.3876,167.6315,9.20036,6.03412,6.8423
1976-08-25,104.1515,207.9971,168.93528,9.28409,6.08948,6.90492
1976-08-26,103.3034,206.31732,167.5676,9.19097,6.02882,6.83599
1976-08-27,103.4304,206.58472,167.78145,9.19227,6.03007,6.83728
1976-08-30,104.0964,207.92918,168.86992,9.25481,6.07153,6.88414
1976-08-31,104.8995,209.54781,170.18099,9.33297,6.12325,6.94263
1976-09-01,106.121,212.00292,172.17122,9.42627,6.18492,7.0124
1976-09-02,105.977,211.72928,171.94559,9.41945,6.18085,7.00765
1976-09-03,106.3818,212.55235,172.61054,9.45971,6.20769,7.03794
1976-09-06,106.3818,212.56646,172.61858,9.45629,6.20585,7.03572
1976-09-07,107.1237,214.06358,173.83079,9.51792,6.24675,7.08193
1976-09-08,106.9282,213.68709,173.52163,9.50399,6.23801,7.07189
1976-09-09,106.3417,212.52922,172.57796,9.44588,6.20028,7.02898
1976-09-10,106.6365,213.13268,173.06452,9.47721,6.22127,7.05263
1976-09-13,106.2377,212.34973,172.42534,9.44433,6.2001,7.02849
1976-09-14,105.9017,211.69218,171.88802,9.4102,6.1781,7.00341
1976-09-15,106.2171,212.3369,172.40807,9.40163,6.17288,6.99736
1976-09-16,107.3636,214.64398,174.27765,9.49284,6.23322,7.0656
1976-09-17,108.2418,216.41469,175.71172,9.5593,6.2773,7.11542
1976-09-20,108.1876,216.32067,175.63191,9.55967,6.27797,7.11603
1976-09-21,109.8038,219.56816,178.2647,9.72612,6.38777,7.24033
1976-09-22,109.4494,218.87402,177.69763,9.65552,6.34183,7.18811
1976-09-23,108.9459,217.88166,176.88844,9.63014,6.32558,7.16955
1976-09-24,108.7629,217.5301,176.59953,9.62958,6.32562,7.16946
1976-09-27,109.2649,218.54891,177.42307,9.68188,6.36043,7.20876
1976-09-28,107.8845,215.80278,175.19009,9.59681,6.30497,7.14576
1976-09-29,107.3674,214.78274,174.35855,9.52492,6.25816,7.09256
1976-09-30,107.2696,214.60132,174.20783,9.46152,6.21692,7.04569
1976-10-01,106.1656,212.40718,172.42318,9.42597,6.19397,7.01954
1976-10-04,106.0191,212.12814,172.19326,9.37143,6.15854,6.97925
1976-10-05,105.2301,210.56364,170.91987,9.28414,6.10159,6.91457
1976-10-06,104.9678,210.05272,170.50177,9.25683,6.08405,6.89455
1976-10-07,105.5783,211.28881,171.50163,9.30482,6.11601,6.93063
1976-10-08,104.548,209.24116,169.83612,9.23142,6.06818,6.87629
1976-10-11,103.6878,207.53359,168.44673,9.16536,6.02516,6.8274
1976-10-12,102.7953,205.76115,167.00475,9.09466,5.97908,6.77505
1976-10-13,104.0713,208.33012,169.08624,9.21253,6.05703,6.86323
1976-10-14,102.7308,205.66093,166.91641,9.08895,5.97621,6.7715
1976-10-15,102.665,205.54283,166.81727,9.10529,5.98735,6.78399
1976-10-18,103.3318,206.89198,167.9088,9.21019,6.05678,6.86251
1976-10-19,103.3309,206.90391,167.91516,9.19758,6.04889,6.85343
1976-10-20,103.623,207.50271,168.39775,9.17781,6.03628,6.83902
1976-10-21,102.4521,205.17208,166.50294,9.07575,5.96957,6.76329
1976-10-22,101.6596,203.59873,165.22281,9.01449,5.92968,6.71796
1976-10-25,101.7877,203.86886,165.43874,9.02259,5.9354,6.72431
1976-10-26,102.8419,205.99478,167.16041,9.12675,6.00437,6.80229
1976-10-27,103.6885,207.70493,168.54467,9.20188,6.05423,6.85863
1976-10-28,103.5489,207.43904,168.32559,9.18036,6.04047,6.84291
1976-10-29,104.9795,210.32008,170.65973,9.29041,6.11334,6.9253
1976-11-01,105.227,210.83004,171.07011,9.31232,6.12817,6.94196
1976-11-02,105.227,210.84403,171.07808,9.33082,6.14076,6.95608
1976-11-03,103.9949,208.38959,169.08309,9.20162,6.05616,6.86011
1976-11-04,104.4452,209.30607,169.82328,9.25983,6.0949,6.90384
1976-11-05,102.6878,205.79881,166.97411,9.10238,5.99171,6.78681
1976-11-08,101.4844,203.40103,165.0253,8.98759,5.91657,6.70155
1976-11-09,101.2407,202.92605,164.63669,8.9741,5.90808,6.69181
1976-11-10,100.6817,201.81909,163.73533,8.9157,5.87002,6.64857
1976-11-11,101.6016,203.67725,165.23941,NA,NA,NA
1976-11-12,101.1092,202.70367,164.4463,8.95275,5.8952,6.67682
1976-11-15,101.8497,204.20228,165.65866,9.01425,5.93612,6.72303
1976-11-16,102.065,204.64762,166.01664,9.03575,5.95068,6.73938
1976-11-17,102.7711,206.07755,167.17322,9.09006,5.98687,6.78022
1976-11-18,104.1309,208.81919,169.39366,9.2095,6.066,6.86968
1976-11-19,104.1305,208.83225,169.4009,9.19125,6.05437,6.85638
1976-11-22,104.8038,210.19694,170.50442,9.22083,6.07427,6.87878
1976-11-23,104.0568,208.71277,169.29713,9.15183,6.02922,6.82762
1976-11-24,104.5525,209.72124,170.1117,9.20285,6.06326,6.86602
1976-11-25,104.5525,209.73516,170.11963,9.21276,6.07019,6.87374
1976-11-26,105.3542,211.35797,171.43239,9.28757,6.11992,6.92991
1976-11-29,104.6054,209.86987,170.22198,9.22156,6.07683,6.88098
1976-11-30,104.244,209.15869,169.6418,9.19466,6.0595,6.86122
1976-12-01,104.6903,210.06836,170.37616,9.23236,6.08477,6.88969
1976-12-02,104.251,209.2008,169.66916,9.19527,6.06073,6.86233
1976-12-03,104.979,210.67615,170.86222,9.24868,6.09635,6.90252
1976-12-06,105.706,212.14969,172.05377,9.29521,6.12745,6.93759
1976-12-07,105.5592,211.86911,171.82282,9.27981,6.1177,6.92641
1976-12-08,106.1396,213.04853,172.77581,9.32332,6.14681,6.95923
1976-12-09,106.6858,214.15944,173.6732,9.36962,6.17776,6.99413
1976-12-10,106.9262,214.65636,174.07272,9.38486,6.18822,7.00583
1976-12-13,106.8186,214.45457,173.90564,9.36955,6.17854,6.99473
1976-12-14,107.2787,215.39285,174.66299,9.41075,6.20613,7.02582
1976-12-15,107.2754,215.40052,174.66575,9.40374,6.20192,7.02091
1976-12-16,106.9058,214.67266,174.07209,9.38894,6.19257,7.01019
1976-12-17,106.2693,213.40882,173.04383,9.30889,6.14019,6.95075
1976-12-20,105.5883,212.05546,171.94301,9.21798,6.08064,6.8832
1976-12-21,106.2696,213.43834,173.06077,9.23557,6.09265,6.89666
1976-12-22,106.7321,214.38175,173.82221,9.29387,6.13154,6.94054
1976-12-23,106.8486,214.63004,174.02007,9.30401,6.13864,6.94844
1976-12-24,106.8486,214.64428,174.02817,9.30566,6.14014,6.95
1976-12-27,108.1593,217.29278,176.17176,9.42149,6.21703,7.03687
1976-12-28,108.8325,218.66019,177.27678,9.44576,6.23347,7.05534
1976-12-29,108.3437,217.69262,176.48883,9.41083,6.21082,7.02957
1976-12-30,108.9259,218.87731,177.44569,9.46056,6.24408,7.06706
1976-12-31,109.4821,220.00988,178.36026,9.50887,6.2764,7.10349
1977-01-03,108.9038,218.86237,177.42646,9.42113,6.21892,7.03829
1977-01-04,107.4743,216.00448,175.10602,9.27295,6.12155,6.92794
1977-01-05,106.5897,214.24107,173.673,9.21201,6.08173,6.88274
1977-01-06,106.8213,214.72093,174.05853,9.24831,6.10611,6.91019
1977-01-07,106.8381,214.76896,174.09401,9.27102,6.12152,6.92749
1977-01-10,107.0749,215.25937,174.48807,9.35275,6.17593,6.98892
1977-01-11,105.9636,213.0398,172.68539,9.25321,6.11063,6.91487
1977-01-12,105.248,211.61529,171.52728,9.18419,6.06545,6.86361
1977-01-13,106.0881,213.31918,172.90482,9.28639,6.1334,6.94035
1977-01-14,105.9432,213.04194,172.67669,9.29609,6.14022,6.94792
1977-01-17,105.6547,212.4759,172.21449,9.28322,6.13212,6.93863
1977-01-18,105.2239,211.62362,171.52031,9.22802,6.09606,6.89769
1977-01-19,105.7422,212.68044,172.37337,9.29923,6.14354,6.95127
1977-01-20,104.8244,210.84873,170.88536,9.20944,6.08464,6.88448
1977-01-21,105.1643,211.54664,171.44756,9.23269,6.10042,6.90219
1977-01-24,105.1154,211.4623,171.37581,9.22098,6.09308,6.89375
1977-01-25,104.9965,211.23711,171.18993,9.28857,6.13818,6.94463
1977-01-26,104.1533,209.55487,169.8232,9.20319,6.08218,6.88113
1977-01-27,103.5258,208.30629,168.80799,9.12967,6.03399,6.82648
1977-01-28,103.7279,208.72688,169.14546,9.13764,6.03966,6.83276
1977-01-31,103.8506,208.9877,169.35345,9.15667,6.05265,6.84731
1977-02-01,104.3975,210.10255,170.25343,9.16947,6.06152,6.85721
1977-02-02,104.1181,209.55416,169.80569,9.18273,6.07068,6.86744
1977-02-03,103.5193,208.36292,168.83704,9.12582,6.03346,6.8252
1977-02-04,103.4309,208.19879,168.70071,9.11066,6.02384,6.81418
1977-02-07,103.5108,208.37348,168.83891,9.12834,6.03594,6.82773
1977-02-08,103.2004,207.76242,168.34046,9.07732,6.0026,6.78988
1977-02-09,102.3408,206.04581,166.9462,8.99527,5.94874,6.72883
1977-02-10,102.4192,206.21737,167.08189,8.9925,5.9473,6.72707
1977-02-11,101.753,204.88974,166.0029,8.9388,5.91218,6.68721
1977-02-14,102.4497,206.30677,167.14757,8.98473,5.94297,6.7219
1977-02-15,102.7126,206.85004,167.58437,9.01503,5.96343,6.74489
1977-02-16,103.18,207.80539,168.35497,9.05201,5.9883,6.77288
1977-02-17,102.5901,206.63114,167.40031,9.0075,5.95925,6.73989
1977-02-18,102.1569,205.77232,166.70123,8.97187,5.93607,6.71355
1977-02-21,102.1569,205.78597,166.709,8.96546,5.93221,6.70906
1977-02-22,102.093,205.67089,166.61248,8.95505,5.92571,6.70157
1977-02-23,101.7698,205.03341,166.09277,8.93868,5.91527,6.68963
1977-02-24,101.1383,203.77479,165.0699,8.89116,5.88422,6.65439
1977-02-25,101.0995,203.71013,165.01426,8.86869,5.86974,6.63787
1977-02-28,101.4299,204.38961,165.56134,8.89688,5.88879,6.65929
1977-03-01,102.2884,206.13386,166.97078,8.95698,5.92899,6.7046
1977-03-02,102.0108,205.58807,166.52539,8.93347,5.91382,6.68731
1977-03-03,102.5039,206.59585,167.3383,8.97745,5.94334,6.72057
1977-03-04,102.8377,207.28255,167.89115,9.00428,5.96151,6.74097
1977-03-07,102.9107,207.44348,168.01817,9.0171,5.9704,6.75089
1977-03-08,102.5249,206.67955,167.39611,8.9857,5.95,6.72769
1977-03-09,101.7543,205.13992,166.14578,8.92613,5.91095,6.6834
1977-03-10,102.4102,206.47636,167.22477,8.98367,5.94947,6.72682
1977-03-11,102.3058,206.27955,167.06207,8.97291,5.94274,6.71907
1977-03-14,103.072,207.83877,168.32139,9.03688,5.98553,6.76731
1977-03-15,103.5633,208.8436,169.13175,9.08158,6.01555,6.80111
1977-03-16,103.8043,209.34359,169.53329,9.10352,6.0305,6.81787
1977-03-17,103.6394,209.0249,169.27186,9.08176,6.01648,6.80189
1977-03-18,103.348,208.45102,168.80378,9.05138,5.99674,6.77944
1977-03-21,102.7828,207.32488,167.88849,9.00268,5.96487,6.74328
1977-03-22,102.5691,206.90755,167.54723,8.98316,5.95233,6.72897
1977-03-23,101.7776,205.32473,166.26218,8.90987,5.90417,6.67439
1977-03-24,101.2315,204.23668,165.37783,8.86127,5.87235,6.63829
1977-03-25,100.6087,202.99377,164.36812,8.81382,5.8413,6.60306
1977-03-28,100.5798,202.94892,164.32856,8.80579,5.83636,6.59735
1977-03-29,101.2857,204.38732,165.48984,8.85969,5.8725,6.63806
1977-03-30,100.1208,202.05051,163.59441,8.76326,5.80898,6.56613
1977-03-31,99.9607,201.74079,163.34041,8.74379,5.79646,6.55184
1977-04-01,100.787,203.42253,164.69863,8.81764,5.84584,6.60751
1977-04-04,99.8316,201.5079,163.14517,8.74029,5.79495,6.54986
1977-04-05,99.6591,201.17305,162.87085,8.72518,5.78532,6.53884
1977-04-06,99.5958,201.0586,162.77498,8.71576,5.77945,6.53208
1977-04-07,99.9836,201.85508,163.41652,8.74969,5.80235,6.55783
1977-04-08,99.9836,201.86848,163.42413,NA,NA,NA
1977-04-11,100.4736,202.87156,164.23286,NA,NA,NA
1977-04-12,101.7503,205.46409,166.32806,8.88529,5.8935,6.66043
1977-04-13,101.744,205.465,166.32551,8.86502,5.88044,6.64555
1977-04-14,102.5577,207.12253,167.66384,8.9383,5.92948,6.70082
1977-04-15,102.5767,207.17466,167.70272,8.93916,5.93044,6.70178
1977-04-18,102.1372,206.30074,166.99199,8.8906,5.89862,6.66568
1977-04-19,101.6555,205.34147,166.2122,8.8526,5.87379,6.63749
1977-04-20,101.9754,206.0015,166.74311,8.8915,5.90001,6.66698
1977-04-21,101.2033,204.45554,165.48845,8.81791,5.85157,6.61212
1977-04-22,99.9288,201.89468,163.4123,8.71383,5.78291,6.53439
1977-04-25,98.5734,199.17007,161.20369,8.58267,5.69628,6.43637
1977-04-26,98.525,199.08548,161.13204,8.58455,5.69791,6.43808
1977-04-27,99.494,201.05758,162.72478,8.66206,5.74977,6.49654
1977-04-28,99.7484,201.58518,163.14853,8.66653,5.75312,6.5002
1977-04-29,99.9683,202.04309,163.51587,8.68641,5.7667,6.51541
1977-05-02,100.479,203.08904,164.35904,8.72152,5.79041,6.54206
1977-05-03,101.0227,204.20186,165.25629,8.77336,5.82524,6.58128
1977-05-04,101.6004,205.38358,166.20926,8.81652,5.8543,6.61397
1977-05-05,101.7629,205.72579,166.48289,8.82204,5.85835,6.61842
1977-05-06,101.0903,204.37977,165.39031,8.76296,5.81951,6.5744
1977-05-09,100.7628,203.73118,164.86219,8.75932,5.81748,6.57198
1977-05-10,101.0399,204.30514,165.32334,8.77952,5.83129,6.58745
1977-05-11,100.3477,202.91912,164.19849,8.74104,5.80611,6.55888
1977-05-12,100.2975,202.83106,164.12399,8.73744,5.8041,6.55648
1977-05-13,100.6219,203.50077,164.6626,8.74707,5.81089,6.56402
1977-05-16,101.0843,204.44978,165.42715,8.79038,5.84006,6.59684
1977-05-17,101.3822,205.06606,165.92248,8.81394,5.85612,6.61484
1977-05-18,101.9051,206.13773,166.78621,8.84608,5.87787,6.63928
1977-05-19,101.4622,205.25548,166.06909,NA,NA,NA
1977-05-20,100.9924,204.31871,165.30788,NA,NA,NA
1977-05-23,99.7003,201.71859,163.20084,8.66695,5.76,6.50575
1977-05-24,99.2428,200.80634,162.45956,8.6356,5.73954,6.48251
1977-05-25,98.3402,198.99353,160.98968,8.54191,5.67767,6.4125
1977-05-26,98.6253,199.58382,161.46401,8.57047,5.69704,6.43424
1977-05-27,97.8739,198.07659,160.24144,8.50442,5.65352,6.38496
1977-05-30,97.8739,198.08974,160.2489,NA,NA,NA
1977-05-31,97.782,197.91686,160.10589,8.49418,5.64745,6.37786
1977-06-01,98.6113,199.60927,161.47162,8.57229,5.6998,6.43684
1977-06-02,98.3942,199.18303,161.12363,8.5398,5.67857,6.41274
1977-06-03,99.3399,201.1115,162.68023,8.6257,5.73611,6.47757
1977-06-06,98.8335,200.09966,161.85852,8.58248,5.70775,6.44542
1977-06-07,99.3907,201.24148,162.77882,8.64081,5.74695,6.48955
1977-06-08,99.7995,202.08285,163.45609,8.67404,5.76945,6.51482
1977-06-09,99.7472,201.99034,163.37803,8.66796,5.76578,6.51056
1977-06-10,100.0084,202.53284,163.81356,8.69374,5.78332,6.53023
1977-06-13,99.8295,202.18395,163.52814,8.67358,5.77029,6.51538
1977-06-14,101.4989,205.58002,166.27127,8.82096,5.8688,6.62646
1977-06-15,101.2241,205.03703,165.82883,8.79786,5.85381,6.60941
1977-06-16,101.4264,205.46053,166.16803,8.81388,5.86487,6.62176
1977-06-17,101.5675,205.76007,166.40698,8.83083,5.87654,6.63481
1977-06-20,102.0511,206.75378,167.20725,8.87839,5.9086,6.67086
1977-06-21,102.3739,207.4217,167.74406,8.91042,5.93032,6.69525
1977-06-22,102.154,206.98988,167.39154,8.88261,5.9122,6.67466
1977-06-23,102.3303,207.36095,167.68828,8.89794,5.9228,6.6865
1977-06-24,102.9503,208.63155,168.71235,8.95106,5.95858,6.72675
1977-06-27,102.7525,208.24452,168.39604,8.92438,5.94121,6.707
1977-06-28,101.9058,206.5425,167.01635,8.85946,5.89839,6.65853
1977-06-29,101.8652,206.47391,166.95759,8.82701,5.87717,6.63445
1977-06-30,102.2239,207.21491,167.55341,8.8495,5.89254,6.65166
1977-07-01,101.7317,206.23094,166.75446,8.80844,5.86559,6.62111
1977-07-04,101.7317,206.24463,166.76223,8.77825,5.84587,6.59872
1977-07-05,101.6683,206.12977,166.66606,8.74127,5.82163,6.57123
1977-07-06,101.1389,205.07011,165.80598,8.70949,5.80084,6.54764
1977-07-07,101.5187,205.85407,166.43649,8.72306,5.81027,6.55815
1977-07-08,101.358,205.54184,166.18076,8.71383,5.8045,6.55151
1977-07-11,100.9873,204.80372,165.58071,8.63508,5.75244,6.49261
1977-07-12,100.873,204.58548,165.401,8.63282,5.75131,6.49122
1977-07-13,101.1284,205.11721,165.82757,8.63962,5.75622,6.49663
1977-07-14,101.1284,205.13082,165.8353,8.64789,5.76212,6.50316
1977-07-15,101.7779,206.46241,166.9084,8.70647,5.80156,6.54753
1977-07-18,102.3834,207.70488,167.90941,8.74303,5.82632,6.57534
1977-07-19,103.4526,209.88872,169.67128,8.79151,5.85904,6.61213
1977-07-20,103.4598,209.91726,169.69099,8.77996,5.85173,6.60374
1977-07-21,103.3545,209.71752,169.52618,NA,NA,NA
1977-07-22,103.5234,210.07424,169.81116,NA,NA,NA
1977-07-25,102.71,208.43772,168.48491,8.69153,5.79394,6.53814
1977-07-26,102.0885,207.19033,167.47328,8.63075,5.75381,6.49273
1977-07-27,100.4842,203.94869,164.8496,8.51125,5.67454,6.40315
1977-07-28,100.5635,204.12322,164.98739,8.5268,5.68529,6.41515
1977-07-29,100.643,204.29818,165.12553,8.58768,5.7263,6.46128
1977-08-01,101.0064,205.04966,165.72959,8.65103,5.76894,6.50926
1977-08-02,100.4405,203.91448,164.80881,8.57861,5.72104,6.45508
1977-08-03,100.2678,203.57736,164.53309,8.54082,5.69622,6.42695
1977-08-04,100.552,204.16807,165.00721,8.57694,5.7207,6.45444
1977-08-05,100.5325,204.14202,164.9829,8.58273,5.72494,6.4591
1977-08-08,99.7127,202.49101,163.64529,8.53724,5.69498,6.42516
1977-08-09,99.7437,202.56741,163.7038,8.55407,5.70659,6.43813
1977-08-10,100.6347,204.39115,165.17421,8.6403,5.76453,6.50337
1977-08-11,99.8511,202.81332,163.89583,8.57227,5.71953,6.45247
1977-08-12,99.5324,202.17942,163.38033,8.57265,5.72017,6.45305
1977-08-15,99.896,202.93166,163.98493,NA,NA,NA
1977-08-16,99.4184,201.97492,163.20856,8.59526,5.73602,6.47068
1977-08-17,99.3637,201.87718,163.12636,8.55737,5.71111,6.44245
1977-08-18,99.3169,201.79549,163.05712,8.57666,5.72437,6.45728
1977-08-19,99.1811,201.53292,162.84174,8.5394,5.69987,6.42952
1977-08-22,99.5265,202.24837,163.41656,8.55039,5.70759,6.4381
1977-08-23,99.3292,201.86082,163.10019,8.53717,5.69915,6.42845
1977-08-24,98.936,201.07513,162.46214,8.4811,5.66209,6.38652
1977-08-25,97.8123,198.80498,160.62466,8.38917,5.60111,6.31761
1977-08-26,97.7346,198.66023,160.50453,8.39057,5.60241,6.31895
1977-08-29,98.6146,200.46292,161.95762,8.47056,5.65624,6.37952
1977-08-30,98.0944,199.41878,161.11084,8.45547,5.64653,6.36845
1977-08-31,98.4423,200.13951,161.68987,8.47281,5.65849,6.38181
1977-09-01,98.4561,200.18085,161.72007,8.46955,5.65668,6.37965
1977-09-02,99.1453,201.59598,162.85997,8.52137,5.69169,6.419
1977-09-05,99.1453,201.60936,162.86756,8.53781,5.70306,6.43169
1977-09-06,99.4066,202.15425,163.30448,8.56557,5.722,6.45291
1977-09-07,99.7153,202.79565,163.81933,8.57561,5.72908,6.46078
1977-09-08,98.9313,201.21476,162.53902,8.50521,5.68243,6.40804
1977-09-09,98.051,199.43785,161.1004,8.46139,5.65353,6.37532
1977-09-12,97.6805,198.69746,160.49915,8.43683,5.6375,6.35712
1977-09-13,97.7862,198.92571,160.68033,8.44373,5.64248,6.36261
1977-09-14,98.2478,199.87828,161.4465,8.4963,5.67801,6.40254
1977-09-15,98.5225,200.45058,161.90552,8.50357,5.68325,6.40832
1977-09-16,98.1231,199.65126,161.25671,8.46464,5.6576,6.37927
1977-09-19,97.4858,198.36785,160.2169,8.40892,5.62074,6.33758
1977-09-20,97.5833,198.57946,160.38464,8.42029,5.62871,6.34644
1977-09-21,96.6858,196.76642,158.91711,8.33552,5.57243,6.28286
1977-09-22,96.7116,196.832,158.96693,8.33701,5.5738,6.28427
1977-09-23,96.6617,196.74349,158.8923,8.3481,5.58158,6.29293
1977-09-26,97.0019,197.44922,159.45905,8.37233,5.59816,6.31149
1977-09-27,96.8205,197.09304,159.16826,8.36329,5.59249,6.30497
1977-09-28,96.9007,197.26942,159.30754,8.3658,5.59454,6.30716
1977-09-29,97.4865,198.47554,160.2783,8.39939,5.61738,6.33278
1977-09-30,98.1762,199.89346,161.42002,8.43143,5.6392,6.35725
1977-10-03,98.3995,200.36151,161.79476,8.3926,5.6136,6.32826
1977-10-04,97.557,198.65945,160.41709,8.35122,5.58629,6.29735
1977-10-05,97.1824,197.9098,159.80858,8.32787,5.57103,6.28003
1977-10-06,97.6367,198.84844,160.56327,8.32827,5.57167,6.28063
1977-10-07,97.5079,198.59929,160.35893,8.32234,5.56807,6.27645
1977-10-10,97.3016,198.19225,160.0271,8.30401,5.55618,6.26291
1977-10-11,96.4515,196.474,158.63653,8.25083,5.52096,6.22309
1977-10-12,95.528,194.60604,157.12512,8.16969,5.46704,6.1622
1977-10-13,95.0038,193.5511,156.27025,8.08542,5.41102,6.09892
1977-10-14,95.0888,193.73715,156.41736,8.08074,5.40825,6.09568
1977-10-17,95.0313,193.63284,156.33006,8.04313,5.38343,6.06759
1977-10-18,94.9883,193.55807,156.2666,8.05407,5.39112,6.07613
1977-10-19,93.8143,191.17899,154.34271,7.94561,5.31889,5.9946
1977-10-20,94.2403,192.0601,155.05092,8.02949,5.37544,6.0582
1977-10-21,93.9165,191.41293,154.52539,7.97905,5.34203,6.02042
1977-10-24,93.1807,189.92609,153.32201,7.88107,5.2768,5.94679
1977-10-25,92.5819,188.71824,152.3439,7.83582,5.24686,5.91293
1977-10-26,93.6565,190.92223,154.11982,7.93087,5.3109,5.98497
1977-10-27,93.856,191.34171,154.45536,7.94092,5.31798,5.99283
1977-10-28,94.0981,191.84812,154.86105,7.97446,5.34081,6.01843
1977-10-31,93.7877,191.22798,154.35741,7.88958,5.28433,5.95466
1977-11-01,92.7292,189.08272,152.62267,NA,NA,NA
1977-11-02,92.1335,187.88063,151.64935,7.72131,5.17235,5.82823
1977-11-03,92.0594,187.74198,151.53443,7.74287,5.18714,5.84478
1977-11-04,92.8347,189.33622,152.81805,7.83627,5.25011,5.9156
1977-11-07,93.5225,190.75213,153.9577,7.89297,5.28847,5.9587
1977-11-08,93.6736,191.07306,154.21366,7.92617,5.31108,5.98405
1977-11-09,94.1744,192.10764,155.04552,7.9398,5.32057,5.99462
1977-11-10,95.9776,195.80053,158.02246,8.11832,5.44063,6.12975
1977-11-11,97.2542,198.4191,160.13237,NA,NA,NA
1977-11-14,96.5851,197.06724,159.03817,8.14025,5.45606,6.14688
1977-11-15,97.1863,198.30745,160.03579,8.19233,5.49135,6.18651
1977-11-16,96.6991,197.32649,159.24098,8.14706,5.46137,6.15262
1977-11-17,96.3388,196.60433,158.65506,8.12717,5.44839,6.13788
1977-11-18,96.5195,196.98624,158.96009,8.12147,5.44494,6.13386
1977-11-21,96.4541,196.86582,158.85978,8.09377,5.42672,6.11322
1977-11-22,97.3345,198.67659,160.31763,8.18093,5.48557,6.17938
1977-11-23,97.7211,199.47917,160.96201,8.19448,5.49502,6.1899
1977-11-24,97.7211,199.49241,160.96951,8.1847,5.48882,6.18279
1977-11-25,97.9035,199.87811,161.27753,8.18461,5.48913,6.18302
1977-11-28,97.2154,198.48664,160.15157,8.14026,5.45974,6.1498
1977-11-29,95.6246,195.25243,157.5387,8.00979,5.37263,6.05154
1977-11-30,95.8973,195.82237,157.9954,8.04774,5.39845,6.08051
1977-12-01,95.6965,195.4253,157.67192,8.00011,5.36686,6.0448
1977-12-02,95.6547,195.3529,157.61038,7.96609,5.34439,6.01938
1977-12-05,95.2353,194.50933,156.92667,7.899,5.29974,5.96896
1977-12-06,93.7505,191.49019,154.48767,7.71393,5.17598,5.82944
1977-12-07,93.7722,191.54723,154.53063,7.75406,5.20327,5.86005
1977-12-08,93.927,191.87624,154.79298,7.76294,5.20957,5.86703
1977-12-09,94.6269,193.31933,155.95396,7.8565,5.27276,5.93806
1977-12-12,94.6393,193.3575,155.98166,7.83632,5.25956,5.92308
1977-12-13,94.5883,193.26612,155.90487,7.76984,5.21529,5.87311
1977-12-14,95.0247,194.17094,156.6316,7.70894,5.17476,5.82735
1977-12-15,94.4562,193.0222,155.70185,7.73698,5.19394,5.84883
1977-12-16,94.2552,192.62423,155.37775,7.70573,5.1733,5.82547
1977-12-19,93.5507,191.19736,154.22369,7.60822,5.1082,5.75204
1977-12-20,93.4025,190.90713,153.98654,7.52572,5.05316,5.68995
1977-12-21,94.0375,192.2182,155.04089,7.60434,5.10633,5.74969
1977-12-22,94.8058,193.80207,156.31519,7.76367,5.21373,5.87049
1977-12-23,95.7349,195.71504,157.85483,7.80266,5.24028,5.90026
1977-12-26,95.7349,195.72803,157.86219,NA,NA,NA
1977-12-27,95.7518,195.77558,157.89742,7.81571,5.24975,5.91068
1977-12-28,95.7559,195.79696,157.91153,7.6945,5.16871,5.81931
1977-12-29,95.964,196.23559,158.26214,7.67729,5.15749,5.80657
1977-12-30,96.1188,196.56525,158.52485,7.70034,5.17332,5.82428
1978-01-02,96.1188,196.5783,158.53224,7.66158,5.14762,5.79523
1978-01-03,94.7562,193.80506,156.2925,7.50908,5.04554,5.68018
1978-01-04,94.4471,193.18569,155.78993,7.41398,4.98199,5.60852
1978-01-05,93.6608,191.59031,154.50026,7.57575,5.09111,5.73122
1978-01-06,92.5917,189.41638,152.74407,7.4936,5.03625,5.66935
1978-01-09,91.6301,187.46202,151.16501,7.41639,4.9847,5.6112
1978-01-10,91.1483,186.48878,150.37722,7.36404,4.94985,5.57186
1978-01-11,90.6731,185.52891,149.60024,7.26645,4.8846,5.49829
1978-01-12,90.7644,185.72808,149.75787,7.23655,4.86482,5.47592
1978-01-13,90.5826,185.36837,149.46487,7.28536,4.89798,5.51313
1978-01-16,90.3463,184.89707,149.08191,7.24676,4.87236,5.48418
1978-01-17,90.8576,185.95613,149.93278,7.30748,4.91353,5.53041
1978-01-18,91.5429,187.37164,151.07096,7.38376,4.96519,5.58843
1978-01-19,91.0254,186.32487,150.224,7.31857,4.92169,5.53936
1978-01-20,90.8104,185.8971,149.87615,7.29173,4.90396,5.5193
1978-01-23,90.0773,184.40883,148.67327,7.22224,4.85756,5.46696
1978-01-24,90.0844,184.43561,148.69192,7.18408,4.83222,5.43833
1978-01-25,90.2305,184.74705,148.94004,7.19165,4.83763,5.44431
1978-01-26,89.3631,182.9835,147.5153,7.12483,4.79301,5.39398
1978-01-27,89.4077,183.08699,147.59581,7.1394,4.80313,5.40527
1978-01-30,90.2829,184.89215,149.04792,7.21809,4.85643,5.46513
1978-01-31,90.1776,184.68874,148.88101,7.19853,4.84359,5.45058
1978-02-01,90.8884,186.15736,150.0618,7.26413,4.88809,5.50053
1978-02-02,91.0795,186.56124,150.38437,7.30856,4.91833,5.53444
1978-02-03,90.5139,185.41513,149.45752,7.26614,4.89011,5.50258
1978-02-06,90.4153,185.22543,149.30166,7.27131,4.89391,5.50674
1978-02-07,91.3234,187.09889,150.80861,7.34554,4.94424,5.56325
1978-02-08,91.8151,188.11906,151.62783,7.38025,4.96795,5.58981
1978-02-09,91.256,186.98604,150.71159,7.33711,4.93924,5.5574
1978-02-10,91.0267,186.52858,150.3399,7.32288,4.92998,5.54687
1978-02-13,90.7614,185.99728,149.90871,7.27055,4.89508,5.5075
1978-02-14,89.9279,184.3017,148.53912,7.16171,4.82215,5.42533
1978-02-15,89.7175,183.8827,148.19849,7.15831,4.82018,5.423
1978-02-16,88.9078,182.23552,146.86799,7.06844,4.75999,5.35518
1978-02-17,88.8155,182.0584,146.72235,7.02866,4.73352,5.32529
1978-02-20,88.8155,182.07048,146.72919,6.98419,4.70389,5.29184
1978-02-21,88.4583,181.3503,146.14589,6.97341,4.69694,5.28392
1978-02-22,88.4198,181.28339,146.08909,6.96478,4.69144,5.27763
1978-02-23,88.5268,181.51486,146.27271,6.92157,4.66264,5.24513
1978-02-24,89.3658,183.24794,147.66623,6.9672,4.69371,5.27997
1978-02-27,88.5934,181.6764,146.39689,6.9684,4.69482,5.28112
1978-02-28,87.8205,180.10363,145.1266,6.88169,4.63674,5.21567
1978-03-01,88.0164,180.51746,145.45716,6.79991,4.58196,5.15394
1978-03-02,88.1445,180.79223,145.67568,6.83131,4.60343,5.17799
1978-03-03,88.1822,180.88158,145.74478,6.86294,4.62506,5.20222
1978-03-06,87.6053,179.71028,144.79812,6.86264,4.62517,5.20223
1978-03-07,88.1099,180.75772,145.63911,6.91099,4.65809,5.23915
1978-03-08,88.5587,181.69077,146.38792,6.89333,4.64649,5.226
1978-03-09,88.5881,181.76316,146.44334,6.95739,4.69001,5.27484
1978-03-10,89.5551,183.7602,148.0492,7.12567,4.80384,5.40272
1978-03-13,89.598,183.86044,148.12703,7.15517,4.82406,5.42536
1978-03-14,90.029,184.7574,148.84666,7.10808,4.79263,5.3899
1978-03-15,89.7792,184.25699,148.44057,7.08835,4.77964,5.37519
1978-03-16,90.2324,185.19968,149.197,7.06393,4.76349,5.35692
1978-03-17,90.9396,186.66408,150.37362,7.11022,4.79504,5.39229
1978-03-20,91.4747,187.77524,151.26568,7.16175,4.83014,5.43164
1978-03-21,90.3586,185.49694,149.42729,7.10212,4.79025,5.38667
1978-03-22,89.9789,184.72976,148.80633,7.06549,4.76585,5.35914
1978-03-23,89.8699,184.51821,148.63299,7.03443,4.74522,5.33583
1978-03-24,89.8699,184.53046,148.63991,NA,NA,NA
1978-03-27,89.4144,183.60743,147.89347,NA,NA,NA
1978-03-28,90.123,185.07529,149.07274,7.03461,4.74628,5.33671
1978-03-29,90.1958,185.23711,149.20012,7.03303,4.74553,5.33575
1978-03-30,89.9128,184.66818,148.73892,7.02938,4.74338,5.33323
1978-03-31,89.6089,184.05624,148.24311,6.98394,4.71303,5.299
1978-04-03,88.883,182.57757,147.0492,6.86093,4.63036,5.20594
1978-04-04,89.3351,183.5187,147.8042,6.91976,4.6704,5.25085
1978-04-05,90.1608,185.22784,149.17761,7.03197,4.74651,5.33629
1978-04-06,90.3225,185.57242,149.45216,7.01006,4.73203,5.31991
1978-04-07,90.7196,186.40089,150.11634,7.0565,4.76371,5.35542
1978-04-10,91.071,187.13552,150.70495,7.05644,4.76399,5.35562
1978-04-11,90.827,186.64653,150.30818,7.03587,4.75042,5.34026
1978-04-12,90.5993,186.19097,149.93834,7.01934,4.73957,5.32796
1978-04-13,91.5577,188.17383,151.53194,7.11211,4.80257,5.39866
1978-04-14,93.6104,192.40713,154.93742,7.32137,4.94428,5.55782
1978-04-17,95.2697,195.83207,157.69192,7.47616,5.04922,5.67564
1978-04-18,94.2658,193.78174,156.03773,7.43004,5.0184,5.64089
1978-04-19,94.6717,194.6293,156.71705,7.43636,5.02301,5.64596
1978-04-20,95.3751,196.08888,157.88907,7.55142,5.10112,5.73363
1978-04-21,95.1402,195.61891,157.50754,7.5719,5.1153,5.74945
1978-04-24,96.6669,198.77247,160.04322,7.71529,5.21258,5.85865
1978-04-25,97.5492,200.60069,161.51186,7.77434,5.25285,5.90378
1978-04-26,97.7709,201.07004,161.88653,7.78442,5.26002,5.91172
1978-04-27,96.6951,198.87123,160.11295,7.67574,5.18695,5.82948
1978-04-28,97.7306,201.01509,161.83558,NA,NA,NA
1978-05-01,98.564,202.74333,163.22359,NA,NA,NA
1978-05-02,98.1167,201.83669,162.49045,7.79994,5.27198,5.92467
1978-05-03,97.0918,199.742,160.80083,7.72284,5.22023,5.86639
1978-05-04,96.6588,198.86446,160.0912,NA,NA,NA
1978-05-05,97.266,200.12739,161.1046,7.71669,5.21676,5.86227
1978-05-08,96.9223,199.43347,160.54281,7.73631,5.23037,5.87745
1978-05-09,96.5988,198.78103,160.01443,7.74638,5.23754,5.88538
1978-05-10,96.5376,198.66826,159.92049,7.7257,5.2239,5.86993
1978-05-11,97.9033,201.49331,162.19106,7.82798,5.29345,5.94796
1978-05-12,98.6821,203.11019,163.48918,7.93418,5.36568,6.02898
1978-05-15,99.4018,204.60558,164.68948,NA,NA,NA
1978-05-16,99.9408,205.72903,165.5904,8.07839,5.46399,6.13918
1978-05-17,100.169,206.21257,165.9763,8.11822,5.49132,6.16975
1978-05-18,99.1666,204.1629,164.32322,8.01119,5.4193,6.08871
1978-05-19,98.6859,203.18679,163.53434,7.95468,5.38144,6.04605
1978-05-22,99.6967,205.28237,165.21749,8.08996,5.47338,6.14921
1978-05-23,98.5531,202.94155,163.33019,7.97081,5.39316,6.05895
1978-05-24,97.5929,200.97797,161.7466,7.90422,5.34847,6.00862
1978-05-25,97.2795,200.34588,161.2347,7.87494,5.32901,5.98664
1978-05-26,97.1345,200.06052,161.00186,7.85478,5.31571,5.97159
1978-05-29,97.1345,200.0738,161.00937,7.81936,5.29209,5.94493
1978-05-30,97.4491,200.73529,161.53846,7.83633,5.30394,5.95812
1978-05-31,97.7708,201.41149,162.07938,7.83205,5.30139,5.95514
1978-06-01,97.8516,201.59135,162.2209,7.79275,5.27513,5.92553
1978-06-02,98.6448,203.23955,163.54383,7.85146,5.31526,5.97047
1978-06-05,100.473,207.02152,166.58344,7.99373,5.41199,6.07899
1978-06-06,100.718,207.54023,166.99749,8.04255,5.44543,6.11642
1978-06-07,100.4656,207.03387,166.58675,8.01653,5.42817,6.09691
1978-06-08,100.5471,207.2156,166.72968,8.00676,5.42191,6.08977
1978-06-09,100.3112,206.74315,166.34625,8.00876,5.42363,6.09157
1978-06-12,99.9306,205.97243,165.72284,7.948,5.38284,6.04564
1978-06-13,100.0272,206.18525,165.89078,7.94603,5.38186,6.04442
1978-06-14,99.9294,205.99732,165.7363,7.94984,5.3848,6.0476
1978-06-15,98.7638,203.60851,163.81102,7.8833,5.34009,5.99727
1978-06-16,97.8175,201.67135,162.24922,7.8243,5.30048,5.95267
1978-06-19,97.8707,201.79445,162.34503,7.79869,5.28348,5.93346
1978-06-20,96.8175,199.63656,160.60573,7.69541,5.21388,5.85517
1978-06-21,96.4088,198.80707,159.93523,7.65054,5.18383,5.8213
1978-06-22,96.5991,199.21279,160.25844,7.6675,5.19567,5.83448
1978-06-23,96.1827,198.36728,159.57509,7.63507,5.17403,5.81007
1978-06-26,94.9302,195.79767,157.50474,7.5162,5.09385,5.71991
1978-06-27,95.4183,196.81776,158.32213,7.56155,5.12494,5.75471
1978-06-28,95.8823,197.78826,159.09958,7.57143,5.13198,5.7625
1978-06-29,95.989,198.02154,159.28408,7.59513,5.1484,5.78081
1978-06-30,95.8637,197.77616,159.08356,7.56266,5.12673,5.75637
1978-07-03,95.387,196.80582,158.2999,7.50817,5.09013,5.71516
1978-07-04,95.387,196.81888,158.30728,7.44668,5.04878,5.66862
1978-07-05,94.5651,195.1362,156.95068,7.38957,5.0104,5.62541
1978-07-06,94.629,195.28104,157.06407,7.40694,5.02252,5.6389
1978-07-07,95.2056,196.48436,158.02868,7.4795,5.07209,5.69444
1978-07-10,95.6878,197.49293,158.83663,7.43529,5.04244,5.66104
1978-07-11,96.3352,198.84275,159.91898,7.50638,5.09103,5.71546
1978-07-12,96.5659,199.33227,160.30947,7.55794,5.12637,5.75501
1978-07-13,96.6022,199.42045,160.37721,7.52241,5.1026,5.72822
1978-07-14,98.0595,202.4435,162.80487,7.65593,5.19357,5.83021
1978-07-17,98.0496,202.4365,162.79602,7.67652,5.20789,5.84617
1978-07-18,97.1741,200.64251,161.35006,7.61891,5.16916,5.80257
1978-07-19,98.5663,203.53177,163.66998,7.72005,5.23818,5.87991
1978-07-20,98.4372,203.27867,163.46322,7.6995,5.22457,5.86453
1978-07-21,98.146,202.69078,162.98725,NA,NA,NA
1978-07-24,98.1278,202.66664,162.96462,7.5805,5.14452,5.77443
1978-07-25,98.8902,204.25536,164.23872,7.66472,5.20206,5.83889
1978-07-26,99.6425,205.82341,165.49617,7.73768,5.25197,5.89478
1978-07-27,100.1455,206.87646,166.33952,7.79956,5.29435,5.94222
1978-07-28,100.636,207.90381,167.16219,7.81916,5.30801,5.95743
1978-07-31,101.3094,209.30933,168.28884,7.82505,5.31236,5.9622
1978-08-01,101.2637,209.22879,168.22076,7.7976,5.29407,5.94156
1978-08-02,103.7402,214.36198,172.34393,8.03112,5.45307,6.11985
1978-08-03,104.2723,215.4761,173.23617,8.0501,5.46633,6.1346
1978-08-04,104.6795,216.33216,173.92091,8.06189,5.4747,6.14387
1978-08-07,104.2377,215.43347,173.19497,7.99651,5.43067,6.09434
1978-08-08,104.7102,216.42466,173.98831,7.97668,5.41755,6.0795
1978-08-09,105.2256,217.50469,174.85303,7.95914,5.406,6.06642
1978-08-10,104.3984,215.80939,173.48669,7.91547,5.37669,6.03342
1978-08-11,104.6746,216.39484,173.95385,7.87079,5.3467,5.99964
1978-08-14,104.6024,216.25992,173.84196,NA,NA,NA
1978-08-15,104.5204,216.10472,173.71377,NA,NA,NA
1978-08-16,105.3435,217.8216,175.09026,7.84185,5.32809,5.9784
1978-08-17,105.772,218.72239,175.81079,8.00664,5.44049,6.10438
1978-08-18,105.3547,217.87396,175.12534,7.91587,5.37919,6.03547
1978-08-21,104.438,215.99285,173.60982,8.02818,5.45592,6.12143
1978-08-22,104.8872,216.93652,174.3648,7.99885,5.43635,6.09934
1978-08-23,105.4712,218.15925,175.34402,8.11968,5.51889,6.19181
1978-08-24,105.6251,218.49214,175.6081,8.09346,5.50143,6.1721
1978-08-25,105.4732,218.19239,175.36371,8.12047,5.52017,6.193
1978-08-28,104.4712,216.13424,173.70604,8.03136,5.45998,6.12534
1978-08-29,103.9277,215.02419,172.81046,8.02034,5.45284,6.11722
1978-08-30,103.962,215.10944,172.87555,7.88908,5.364,6.01742
1978-08-31,103.6165,214.40881,172.30906,7.86955,5.35107,6.0028
1978-09-01,103.9813,215.17815,172.92387,7.8997,5.37194,6.02609
1978-09-04,103.9813,215.19243,172.93193,7.84328,5.33393,5.98333
1978-09-05,104.8654,217.03716,174.41077,7.93434,5.39626,6.05311
1978-09-06,105.789,218.96394,175.95548,8.03083,5.46229,6.12704
1978-09-07,105.7866,218.97351,175.95968,8.05118,5.4765,6.14286
1978-09-08,107.2463,222.01099,178.39667,8.17241,5.55939,6.23569
1978-09-11,107.4118,222.36842,178.68032,8.23936,5.60534,6.2871
1978-09-12,107.4497,222.46166,178.75171,8.19109,5.57287,6.25055
1978-09-13,106.7284,220.98313,177.56013,8.13105,5.53239,6.20503
1978-09-14,105.4472,218.34541,175.43713,7.97345,5.42557,6.08508
1978-09-15,104.4176,216.22817,173.73244,7.89863,5.37503,6.02828
1978-09-18,103.5659,214.47896,172.32353,7.87241,5.35754,6.00854
1978-09-19,102.8991,213.11234,171.2221,7.77957,5.29473,5.93798
1978-09-20,102.1412,211.55691,169.96901,7.6756,5.22434,5.85891
1978-09-21,102.2331,211.76134,170.12988,7.65498,5.21064,5.84344
1978-09-22,102.0531,211.40252,169.83824,7.68073,5.22853,5.86338
1978-09-25,102.0659,211.44307,169.86746,7.6629,5.21674,5.85004
1978-09-26,102.9109,213.20837,171.28211,7.66599,5.21919,5.85267
1978-09-27,101.919,211.16774,169.63932,7.61231,5.18299,5.81196
1978-09-28,102.285,211.94033,170.25655,7.65186,5.21028,5.84244
1978-09-29,102.8009,213.02376,171.12343,7.66768,5.2214,5.8548
1978-10-02,103.255,213.97921,171.88749,7.69046,5.23727,5.87246
1978-10-03,102.8377,213.12861,171.20081,7.6443,5.20618,5.8375
1978-10-04,103.436,214.38319,172.20508,7.5951,5.17302,5.80019
1978-10-05,103.6092,214.75649,172.50151,7.60781,5.18202,5.81018
1978-10-06,103.8569,215.28432,172.92203,7.66093,5.21858,5.85104
1978-10-09,104.9761,217.61964,174.79415,7.72724,5.26413,5.90198
1978-10-10,104.7671,217.20078,174.45427,7.70839,5.25163,5.88785
1978-10-11,105.8639,219.49008,176.28932,7.73234,5.2683,5.90642
1978-10-12,105.2991,218.33365,175.35701,7.64109,5.2065,5.83701
1978-10-13,105.093,217.92077,175.02193,7.61995,5.19243,5.82113
1978-10-16,102.9819,213.55855,171.51477,7.51122,5.11872,5.73836
1978-10-17,101.6759,210.8648,169.34786,7.32676,4.9934,5.59775
1978-10-18,100.8977,209.265,168.05967,7.24094,4.93526,5.53246
1978-10-19,99.7392,206.87643,166.13803,7.20623,4.91193,5.50619
1978-10-20,98.4383,204.19227,163.97906,7.03464,4.79535,5.37538
1978-10-23,98.6672,204.68078,164.36808,6.99908,4.77142,5.34845
1978-10-24,97.9442,203.19462,163.17136,6.98105,4.75944,5.33493
1978-10-25,97.7983,202.90539,162.93588,6.86361,4.67972,5.24545
1978-10-26,96.5425,200.31379,160.85148,6.69845,4.56747,5.11951
1978-10-27,95.0989,197.33229,158.45405,6.576,4.48431,5.02619
1978-10-30,95.6787,198.54895,159.42775,6.49542,4.42968,4.96485
1978-10-31,93.6797,194.41474,156.10478,6.36675,4.34226,4.86676
1978-11-01,97.5722,202.50908,162.6002,NA,NA,NA
1978-11-02,96.2612,199.80198,160.42329,6.9801,4.76136,5.33621
1978-11-03,96.7995,200.93297,161.3281,7.10142,4.84449,5.42926
1978-11-06,95.7253,198.7168,159.54549,7.08185,4.83146,5.41455
1978-11-07,94.3838,195.9456,157.3173,6.9538,4.74446,5.31693
1978-11-08,94.975,197.18644,158.31029,6.93031,4.72874,5.29921
1978-11-09,94.9361,197.11876,158.25282,6.94863,4.74156,5.31347
1978-11-10,95.2011,197.68224,158.70203,6.99722,4.77506,5.35089
1978-11-13,93.4868,194.13634,155.85204,6.86557,4.68557,5.2505
1978-11-14,92.9304,192.99383,154.93175,6.82829,4.66043,5.22222
1978-11-15,93.0522,193.25966,155.14206,6.86393,4.68509,5.24974
1978-11-16,94.089,195.42679,156.87845,6.9734,4.76017,5.33376
1978-11-17,94.7766,196.86852,158.03255,7.07346,4.82885,5.41058
1978-11-20,95.665,198.72776,159.5217,7.22208,4.9307,5.52457
1978-11-21,95.4474,198.28889,159.16626,7.17368,4.89798,5.4878
1978-11-22,95.9155,199.27486,159.95447,7.2028,4.9182,5.51034
1978-11-23,95.9155,199.28809,159.96192,7.16663,4.89383,5.48293
1978-11-24,96.2058,199.90468,160.45362,7.20971,4.92359,5.51616
1978-11-27,96.4587,200.4436,160.88298,7.26135,4.95921,5.55595
1978-11-28,95.5538,198.57669,159.3813,7.18938,4.91039,5.50114
1978-11-29,94.1924,195.76111,157.11821,7.07124,4.83006,5.41102
1978-11-30,95.1876,197.84337,158.7861,7.1296,4.87027,5.45596
1978-12-01,96.76,201.12624,161.41735,7.30363,4.98956,5.58945
1978-12-04,96.5701,200.74482,161.10805,7.25584,4.95724,5.55314
1978-12-05,97.8657,203.45264,163.27772,7.3605,5.02913,5.63354
1978-12-06,97.9168,203.5724,163.37059,7.32676,5.0064,5.60798
1978-12-07,97.4614,202.63912,162.61838,7.2838,4.97738,5.57536
1978-12-08,96.9384,201.56518,161.75332,7.24637,4.95213,5.54696
1978-12-11,97.5173,202.78273,162.72708,7.23951,4.94777,5.54197
1978-12-12,96.9329,201.58099,161.7595,7.19286,4.91622,5.50652
1978-12-13,96.4159,200.51924,160.90428,7.17836,4.90663,5.49567
1978-12-14,96.4786,200.66297,161.01643,7.16673,4.899,5.48702
1978-12-15,95.7893,199.24272,159.87358,7.08659,4.84455,5.42593
1978-12-18,93.8891,195.30431,156.71003,6.81564,4.65974,5.21879
1978-12-19,94.7421,197.09242,158.1415,6.81013,4.65628,5.21482
1978-12-20,95.1197,197.89129,158.7793,6.82928,4.66969,5.22973
1978-12-21,95.0902,197.84304,158.73745,6.92894,4.7382,5.30633
1978-12-22,96.7863,201.38675,161.57715,7.03167,4.80881,5.38529
1978-12-25,96.7863,201.40012,161.58468,NA,NA,NA
1978-12-26,96.7863,201.41348,161.59221,NA,NA,NA
1978-12-27,97.1563,202.19709,162.21762,6.96583,4.76473,5.33561
1978-12-28,96.83,201.5314,161.68036,6.89864,4.71909,5.2844
1978-12-29,96.508,200.87457,161.15022,6.87969,4.70644,5.27013
1979-01-01,96.508,200.8879,161.15773,NA,NA,NA
1979-01-02,97.0482,202.02612,162.06755,NA,NA,NA
1979-01-03,98.1122,204.25548,163.85251,7.071,4.83837,5.41751
1979-01-04,98.8577,205.8217,165.10552,7.15254,4.89453,5.48027
1979-01-05,99.4501,207.06921,166.10286,7.1769,4.91154,5.4992
1979-01-08,99.0946,206.34272,165.51682,7.12716,4.87783,5.46134
1979-01-09,99.6065,207.42273,166.37978,7.16241,4.90229,5.48862
1979-01-10,98.9381,206.04467,165.27109,7.16944,4.90743,5.49426
1979-01-11,99.239,206.68518,165.78154,7.17642,4.91254,5.49987
1979-01-12,100.0661,208.42223,167.17136,7.28665,4.98838,5.58465
1979-01-15,100.9228,210.2212,168.61078,7.35285,5.03406,5.63567
1979-01-16,99.6666,207.61887,166.52013,7.22543,4.94719,5.5383
1979-01-17,99.7356,207.77642,166.64319,7.16435,4.9057,5.49174
1979-01-18,99.9673,208.27305,167.03817,7.201,4.93114,5.52011
1979-01-19,100.0245,208.40607,167.14154,7.19826,4.92959,5.51826
1979-01-22,100.2778,208.94782,167.57268,7.22973,4.95148,5.54265
1979-01-23,100.9683,210.40105,168.7347,7.29289,4.9951,5.59136
1979-01-24,100.5847,209.61564,168.10148,7.27534,4.98341,5.57817
1979-01-25,101.7548,212.06913,170.06546,7.3899,5.06227,5.66631
1979-01-26,102.4555,213.54413,171.24481,7.42049,5.08358,5.69004
1979-01-29,102.1004,212.81815,170.65926,7.43313,5.09258,5.7
1979-01-30,101.6625,211.9195,169.93526,7.38429,5.05945,5.66281
1979-01-31,100.5048,209.52061,168.00818,7.30831,5.00774,5.60481
1979-02-01,100.5872,209.70633,168.15378,7.37104,5.05109,5.65321
1979-02-02,100.1416,208.79125,167.41669,7.37469,5.05393,5.65627
1979-02-05,98.6783,205.75468,164.97843,7.21232,4.94304,5.53204
1979-02-06,98.6034,205.61214,164.86088,7.17642,4.91875,5.50475
1979-02-07,97.722,203.78802,163.39499,7.05789,4.83787,5.41412
1979-02-08,98.1292,204.65101,164.08362,7.07638,4.85087,5.42856
1979-02-09,98.3565,205.13877,164.47142,7.11156,4.87533,5.45581
1979-02-12,98.6956,205.85987,165.04625,7.13293,4.89031,5.47247
1979-02-13,99.4666,207.48235,166.34363,7.25591,4.97501,5.56712
1979-02-14,99.3873,207.33069,166.21875,7.22437,4.95371,5.54318
1979-02-15,99.3482,207.26287,166.1611,7.21512,4.9477,5.53634
1979-02-16,99.1855,206.93716,165.8967,7.19745,4.93591,5.52304
1979-02-19,99.1855,206.9509,165.90443,7.20011,4.93806,5.52534
1979-02-20,99.8332,208.31659,166.99584,7.25786,4.97802,5.56993
1979-02-21,99.5718,207.78493,166.56635,7.23029,4.95944,5.54903
1979-02-22,98.7634,206.11189,165.22187,7.15837,4.91044,5.4941
1979-02-23,98.148,204.84133,164.20009,7.11429,4.88053,5.46052
1979-02-26,98.0187,204.58503,163.9914,7.08401,4.86008,5.43753
1979-02-27,96.44,201.30412,161.35811,6.97042,4.7825,5.35062
1979-02-28,96.6116,201.67577,161.6528,6.99106,4.79698,5.36672
1979-03-01,97.3021,203.13115,162.81601,7.06287,4.84662,5.42213
1979-03-02,97.3977,203.34426,162.98359,7.07504,4.85529,5.43172
1979-03-05,98.5146,205.69066,164.86078,7.1567,4.9117,5.4947
1979-03-06,98.2902,205.23575,164.49292,7.13618,4.89793,5.4792
1979-03-07,98.7839,206.28062,165.32702,7.16567,4.91851,5.50211
1979-03-08,99.8419,208.50463,167.10597,7.22374,4.95873,5.54698
1979-03-09,99.7427,208.31128,166.94771,7.22082,4.95705,5.54499
1979-03-12,99.8806,208.61318,167.18634,7.23827,4.96937,5.55866
1979-03-13,100.0357,208.95106,167.4538,7.26398,4.98736,5.57867
1979-03-14,99.9129,208.70839,167.25602,7.25667,4.98267,5.57331
1979-03-15,100.0413,208.99053,167.47879,7.25581,4.9824,5.5729
1979-03-16,100.9185,210.8377,168.95555,7.33567,5.03762,5.63454
1979-03-19,101.3182,211.68702,169.63275,7.374,5.0643,5.66426
1979-03-20,100.753,210.52021,168.69438,7.31823,5.02633,5.62168
1979-03-21,101.5469,212.1937,170.03188,7.39174,5.07719,5.67845
1979-03-22,101.8811,212.90636,170.59951,7.40072,5.0837,5.68561
1979-03-23,101.7617,212.67094,170.40751,7.3997,5.08334,5.68509
1979-03-26,101.2035,211.5185,169.48071,7.3401,5.04273,5.63957
1979-03-27,102.643,214.54257,171.90007,7.4511,5.11939,5.72516
1979-03-28,102.2521,213.73973,171.25341,7.41123,5.09233,5.69479
1979-03-29,102.156,213.55301,171.10042,7.42014,5.09879,5.7019
1979-03-30,101.6726,212.55666,170.29875,7.38284,5.0735,5.67351
1979-04-02,100.977,211.11661,169.14161,7.37156,5.06608,5.6651
1979-04-03,102.4362,214.18289,171.59453,7.49424,5.15079,5.75969
1979-04-04,102.5836,214.50538,171.84949,7.49386,5.15087,5.75967
1979-04-05,103.2496,215.91279,172.97349,7.54419,5.18583,5.79864
1979-04-06,103.0986,215.61132,172.72856,7.5354,5.18013,5.79215
1979-04-09,102.7729,214.94445,172.19092,7.55488,5.19387,5.8074
1979-04-10,103.3088,216.07994,173.09705,7.56709,5.20261,5.81706
1979-04-11,102.304,213.99287,171.42166,7.50805,5.16237,5.77194
1979-04-12,101.9324,213.22976,170.80698,7.48917,5.14973,5.7577
1979-04-13,101.9324,213.24391,170.81494,NA,NA,NA
1979-04-16,101.0599,211.43294,169.36088,NA,NA,NA
1979-04-17,101.1009,211.53277,169.43749,7.45876,5.12983,5.73511
1979-04-18,101.5086,212.40013,170.12882,7.46194,5.13236,5.73782
1979-04-19,101.018,211.38768,169.3145,7.38883,5.08242,5.68188
1979-04-20,100.9629,211.28639,169.23003,7.43406,5.11389,5.71695
1979-04-23,101.3262,212.06095,169.847,7.46865,5.13804,5.74382
1979-04-24,101.8903,213.25605,170.80073,7.4928,5.15501,5.76267
1979-04-25,102.188,213.89348,171.30783,7.51525,5.17081,5.78022
1979-04-26,101.6125,212.7031,170.35106,7.47853,5.14588,5.75224
1979-04-27,101.2606,211.98057,169.76903,7.45375,5.12916,5.73344
1979-04-30,101.244,211.95988,169.74911,7.46819,5.13945,5.74482
1979-05-01,101.27,212.02839,169.80061,NA,NA,NA
1979-05-02,101.3663,212.24414,169.97002,7.47161,5.14248,5.74798
1979-05-03,101.455,212.44399,170.12669,7.47927,5.14809,5.75414
1979-05-04,100.3097,210.06017,168.21428,7.3965,5.09148,5.69075
1979-05-07,98.725,206.75615,165.56498,7.26928,5.00428,5.59316
1979-05-08,98.9199,207.17816,165.89962,7.28527,5.01562,5.60573
1979-05-09,99.1686,207.71294,166.32453,7.31126,5.03386,5.62599
1979-05-10,98.3,205.90757,164.87556,7.26358,5.00136,5.58956
1979-05-11,98.3498,206.02557,164.96679,7.27273,5.008,5.59687
1979-05-14,97.8848,205.06515,164.1945,7.24161,4.9869,5.57318
1979-05-15,97.9347,205.18332,164.28587,7.26116,5.0007,5.58849
1979-05-16,98.183,205.71731,164.71013,7.27957,5.01372,5.60293
1979-05-17,99.7092,208.93026,167.27899,7.39943,5.09667,5.69549
1979-05-18,99.7532,209.03635,167.36061,7.45621,5.13615,5.73948
1979-05-21,100.0446,209.66105,167.85741,7.48939,5.15936,5.7653
1979-05-22,100.5346,210.70222,168.68757,7.51119,5.17472,5.78236
1979-05-23,99.7366,209.04386,167.35653,7.45895,5.13908,5.74241
1979-05-24,99.7366,209.05774,167.36433,NA,NA,NA
1979-05-25,100.009,209.64277,167.82933,7.46001,5.14049,5.74376
1979-05-28,100.009,209.65668,167.83715,7.47306,5.14983,5.75408
1979-05-29,99.8307,209.29678,167.54572,7.46883,5.14725,5.75109
1979-05-30,98.8928,207.34454,165.97956,7.38965,5.09304,5.6904
1979-05-31,98.8419,207.25156,165.90185,7.35173,5.06724,5.66146
1979-06-01,98.8771,207.33914,165.96867,7.37277,5.08209,5.67794
1979-06-04,99.0078,207.62705,166.19583,NA,NA,NA
1979-06-05,100.3513,210.45958,168.45953,7.45666,5.14063,5.7431
1979-06-06,101.0357,211.90947,169.6166,7.5303,5.19178,5.80012
1979-06-07,101.4875,212.87146,170.38316,7.56455,5.21575,5.82678
1979-06-08,101.123,212.12102,169.77914,7.53052,5.19263,5.80084
1979-06-11,101.5549,213.04139,170.51235,7.56269,5.21517,5.82589
1979-06-12,102.5258,215.09317,172.15095,7.64078,5.26941,5.88636
1979-06-13,101.9346,213.86718,171.16631,7.56973,5.22077,5.8319
1979-06-14,101.7682,213.53221,170.89485,7.54995,5.20747,5.81693
1979-06-15,101.576,213.14307,170.58003,7.491,5.16715,5.77179
1979-06-18,100.9573,211.859,169.549,7.43421,5.12833,5.7283
1979-06-19,101.0054,211.97402,169.63769,7.39066,5.09863,5.69501
1979-06-20,101.0447,212.07059,169.71161,7.33779,5.06249,5.65454
1979-06-21,101.4815,213.00173,170.45333,7.35049,5.0716,5.66459
1979-06-22,102.0281,214.16357,171.37961,7.37432,5.08838,5.68322
1979-06-25,101.4273,212.9167,170.37843,7.27948,5.0233,5.61042
1979-06-26,100.9884,212.00948,169.64909,7.30777,5.04317,5.63249
1979-06-27,101.6537,213.42079,170.77493,7.31765,5.05032,5.64037
1979-06-28,102.1428,214.46219,171.60477,7.33834,5.06494,5.65659
1979-06-29,102.1936,214.58311,171.69812,7.35113,5.07411,5.66671
1979-07-02,101.2445,212.60465,170.11163,7.24889,5.0039,5.58818
1979-07-03,101.3188,212.77482,170.24441,7.26745,5.01705,5.60275
1979-07-04,101.3188,212.78895,170.25234,7.22473,4.98789,5.57008
1979-07-05,101.6179,213.43143,170.76298,7.21308,4.98017,5.56135
1979-07-06,102.7855,215.89908,172.73365,7.31604,5.05165,5.64104
1979-07-09,103.5798,217.58251,174.07692,7.41501,5.12037,5.71766
1979-07-10,103.313,217.03646,173.63662,7.38246,5.09824,5.69282
1979-07-11,102.6479,215.65371,172.52692,7.28619,5.03211,5.61886
1979-07-12,101.7409,213.76267,171.0106,7.23173,4.99483,5.57713
1979-07-13,101.3502,212.95595,170.36185,7.21597,4.98427,5.56523
1979-07-16,101.7366,213.78226,171.01945,7.20121,4.97441,5.55411
1979-07-17,100.8609,211.95647,169.55545,7.10086,4.90544,5.47699
1979-07-18,100.7355,211.70698,169.35253,7.04509,4.86724,5.43422
1979-07-19,100.5847,211.40407,169.10688,7.03555,4.86097,5.42711
1979-07-20,100.7263,211.71579,169.35286,7.07516,4.88868,5.45794
1979-07-23,100.4786,211.20916,168.94427,7.04618,4.86898,5.43584
1979-07-24,100.7929,211.88406,169.48072,7.04209,4.86647,5.43293
1979-07-25,101.9584,214.34934,171.449,7.15097,4.9421,5.51723
1979-07-26,101.9725,214.39321,171.4807,7.16834,4.95443,5.53089
1979-07-27,102.0261,214.52016,171.57884,7.17057,4.9563,5.53287
1979-07-30,102.1605,214.81706,171.8129,7.19752,4.97527,5.55393
1979-07-31,102.8688,216.32129,173.01245,7.30715,5.05144,5.63883
1979-08-01,103.1891,217.00941,173.55933,7.31615,5.058,5.64604
1979-08-02,103.0879,216.81096,173.39719,7.29108,5.041,5.62696
1979-08-03,103.0263,216.69578,173.30164,7.30092,5.04814,5.63481
1979-08-06,103.2837,217.25171,173.74278,7.32074,5.06219,5.65038
1979-08-07,104.6855,220.21614,176.10974,7.43189,5.13944,5.73648
1979-08-08,104.9288,220.74271,176.52733,7.46103,5.15994,5.75924
1979-08-09,104.3845,219.61231,175.61986,7.39877,5.11723,5.71145
1979-08-10,105.2494,221.4473,177.0836,7.43379,5.14181,5.73877
1979-08-13,106.2371,223.54105,178.75417,7.51165,5.19605,5.79918
1979-08-14,106.2975,223.68301,178.86415,7.56766,5.23517,5.84271
1979-08-15,107.0695,225.32304,180.17187,7.5951,5.25451,5.86418
1979-08-16,106.8731,224.92464,179.84975,7.59763,5.2566,5.8664
1979-08-17,107.027,225.26355,180.11716,7.61408,5.26834,5.87938
1979-08-20,107.5045,226.28387,180.92934,7.65359,5.29605,5.91018
1979-08-21,107.4969,226.28289,180.92498,7.65028,5.29411,5.9079
1979-08-22,107.4047,226.1038,180.77822,7.63874,5.28647,5.89926
1979-08-23,107.0883,225.45269,180.25407,7.60632,5.26438,5.8745
1979-08-24,107.0594,225.4068,180.21382,7.60207,5.26179,5.87148
1979-08-27,107.4846,226.3173,180.93812,7.63502,5.28496,5.89722
1979-08-28,107.3688,226.08847,180.7516,7.62459,5.27809,5.88944
1979-08-29,107.3115,225.9828,180.66355,7.61667,5.27295,5.88359
1979-08-30,107.2886,225.94957,180.63341,7.58982,5.25471,5.86312
1979-08-31,107.4978,226.40526,180.99411,7.61944,5.27557,5.88628
1979-09-03,107.4978,226.42029,181.00254,7.6123,5.27098,5.88104
1979-09-04,105.6477,222.53921,177.89623,7.48506,5.18326,5.78304
1979-09-05,104.744,220.65056,176.3829,7.40768,5.13003,5.72353
1979-09-06,105.0005,221.2057,176.82314,7.39707,5.12302,5.7156
1979-09-07,105.7769,222.8567,178.13922,7.44803,5.15868,5.75526
1979-09-10,106.1549,223.66815,178.78426,7.45222,5.16192,5.75876
1979-09-11,105.4951,222.29285,177.68139,7.43085,5.14746,5.74251
1979-09-12,105.7295,222.80166,178.08454,7.45698,5.16591,5.76299
1979-09-13,105.7993,222.96357,178.21042,7.46512,5.17189,5.76955
1979-09-14,106.6582,224.78919,179.66589,7.55611,5.23532,5.84017
1979-09-17,106.7942,225.09081,179.9034,7.57667,5.24993,5.85634
1979-09-18,105.915,223.2528,178.43078,7.50075,5.19768,5.79795
1979-09-19,106.0975,223.6524,178.7466,7.50989,5.20436,5.80528
1979-09-20,108.2725,228.25432,182.42045,7.55875,5.23859,5.84334
1979-09-21,108.1282,227.96523,182.18581,7.53049,5.21935,5.82176
1979-09-24,107.2566,226.14291,180.72581,7.4608,5.1714,5.76816
1979-09-25,107.3397,226.33318,180.87428,7.48353,5.18751,5.78601
1979-09-26,107.526,226.74113,181.19669,7.49067,5.1928,5.7918
1979-09-27,107.692,227.10632,181.48492,7.40511,5.13385,5.72593
1979-09-28,106.8567,225.35999,180.08578,7.34665,5.09366,5.68099
1979-10-01,106.1799,223.94764,178.95359,7.28228,5.04938,5.63149
1979-10-02,107.1708,226.05335,180.63247,7.38115,5.11832,5.70825
1979-10-03,107.1508,226.02617,180.60718,7.40729,5.1368,5.72874
1979-10-04,107.6502,227.09499,181.45756,7.49507,5.19806,5.79693
1979-10-05,108.6553,229.23131,183.16075,7.54474,5.23287,5.83564
1979-10-08,107.3692,226.53359,181.0015,7.58352,5.26013,5.86591
1979-10-09,104.3764,220.23578,175.96559,7.42443,5.15019,5.74317
1979-10-10,103.1414,217.64488,173.89193,7.2474,5.02777,5.60654
1979-10-11,102.7492,216.8317,173.23879,7.21416,5.00505,5.58109
1979-10-12,102.2212,215.73186,172.35664,7.22303,5.01153,5.5882
1979-10-15,101.1649,213.51717,170.58377,7.15044,4.96152,5.53232
1979-10-16,101.0037,213.19108,170.31988,7.14934,4.96108,5.53172
1979-10-17,101.1354,213.48328,170.54994,7.15247,4.96358,5.5344
1979-10-18,101.341,213.93157,170.90467,7.1789,4.98226,5.55512
1979-10-19,99.3893,209.82654,167.62169,7.03354,4.88175,5.44293
1979-10-22,98.5475,208.06344,166.20987,6.97699,4.84283,5.39942
1979-10-23,98.1557,207.25002,165.5568,6.98701,4.85011,5.40743
1979-10-24,98.2323,207.42555,165.69373,6.98184,4.84684,5.40368
1979-10-25,97.8477,206.62718,165.05271,6.95249,4.82678,5.38121
1979-10-26,98.4528,207.91919,166.08138,7.00968,4.86684,5.42575
1979-10-29,98.5306,208.09733,166.22038,7.04022,4.88838,5.44965
1979-10-30,100.5185,212.31162,169.58281,7.19062,4.99321,5.56639
1979-10-31,99.5364,210.25157,167.93395,7.1064,4.93507,5.50146
1979-11-01,100.2456,211.76418,169.13865,7.14353,4.9612,5.53048
1979-11-02,100.2518,211.79133,169.15699,7.1476,4.96436,5.53389
1979-11-05,99.5702,210.36552,168.01483,7.0713,4.91171,5.47508
1979-11-06,98.9247,209.01577,166.93348,7.03308,4.88548,5.44574
1979-11-07,97.6429,206.32175,164.77847,6.90995,4.80031,5.35068
1979-11-08,98.0542,207.20483,165.48041,6.95058,4.82887,5.3824
1979-11-09,99.2053,209.65218,167.43139,7.04946,4.89794,5.45927
1979-11-12,101.1869,213.85585,170.7847,7.19704,5.00088,5.57387
1979-11-13,100.5337,212.48958,169.6902,7.14282,4.96354,5.53214
1979-11-14,100.8457,213.16334,170.22485,7.14124,4.96277,5.53117
1979-11-15,101.4403,214.43481,171.23671,7.15139,4.97015,5.53929
1979-11-16,101.0688,213.6637,170.61757,7.11754,4.94695,5.51333
1979-11-19,101.3466,214.26534,171.09458,7.0642,4.91021,5.47227
1979-11-20,100.8271,213.18125,170.22553,7.04949,4.90031,5.46113
1979-11-21,100.9963,213.55324,170.51917,7.01242,4.87486,5.43267
1979-11-22,100.9963,213.56742,170.52712,7.02632,4.88486,5.44369
1979-11-23,101.6976,215.06516,171.7195,7.08866,4.92855,5.49227
1979-11-26,103.7359,219.392,175.17037,7.21641,5.01776,5.59155
1979-11-27,103.4725,218.84945,174.73373,7.15301,4.97402,5.5427
1979-11-28,103.8919,219.75134,175.45028,7.19314,5.00228,5.57406
1979-11-29,103.9244,219.83468,175.51335,7.18122,4.99432,5.56509
1979-11-30,103.1864,218.28824,174.2752,7.09232,4.93284,5.49647
1979-12-03,102.8289,217.54642,173.67951,6.98808,4.86069,5.41595
1979-12-04,103.7039,219.41281,175.16592,7.12042,4.95313,5.51883
1979-12-05,104.0836,220.23099,175.81558,7.19526,5.00556,5.57712
1979-12-06,104.7917,221.74448,177.02021,7.22236,5.02476,5.5984
1979-12-07,104.3186,220.75808,176.22927,7.2554,5.04809,5.62428
1979-12-10,104.2648,220.65887,176.14658,7.23119,5.03157,5.60577
1979-12-11,104.0787,220.27963,175.84036,7.18027,4.99648,5.56656
1979-12-12,104.0153,220.16004,175.74143,7.13781,4.96727,5.5339
1979-12-13,104.1024,220.35906,175.89681,7.14928,4.97558,5.54305
1979-12-14,105.2751,222.85714,177.88709,7.24856,5.04506,5.62033
1979-12-17,105.686,223.74206,178.58985,7.25753,5.05164,5.62754
1979-12-18,104.6981,221.66568,176.92892,7.16416,4.987,5.55542
1979-12-19,104.6909,221.66515,176.92499,7.17716,4.99638,5.56576
1979-12-20,104.7391,221.78194,177.01471,7.17996,4.99867,5.5682
1979-12-21,104.1123,220.46947,175.96365,7.16549,4.98892,5.55723
1979-12-24,104.132,220.52583,176.00515,NA,NA,NA
1979-12-25,104.132,220.54047,176.01335,NA,NA,NA
1979-12-26,104.3047,220.92097,176.31352,NA,NA,NA
1979-12-27,104.4667,221.27884,176.59562,7.11168,4.95276,5.51651
1979-12-28,104.2967,220.9334,176.31645,7.09519,4.9416,5.50398
1979-12-31,104.3834,221.13177,176.47126,7.12328,4.9615,5.52603
1980-01-01,104.3834,221.14645,176.47948,NA,NA,NA
1980-01-02,102.4152,216.99212,173.16057,6.94795,4.84007,5.39055
1980-01-03,101.8399,215.78763,172.19595,6.87995,4.79302,5.33805
1980-01-04,103.0989,218.47088,174.33344,6.99385,4.87275,5.42672
1980-01-07,103.389,219.10031,174.83221,6.99904,4.87669,5.431
1980-01-08,105.5008,223.59228,178.41262,7.16371,4.99183,5.5591
1980-01-09,105.447,223.49309,178.32994,7.13246,4.97038,5.5351
1980-01-10,106.1385,224.97412,179.50802,7.19062,5.01127,5.58051
1980-01-11,106.145,225.00283,179.52738,7.20297,5.02022,5.59037
1980-01-14,106.6318,226.05004,180.35929,7.23052,5.03976,5.61201
1980-01-15,107.5182,227.94492,181.86741,7.28409,5.07747,5.65388
1980-01-16,107.3786,227.66406,181.63973,7.31802,5.10147,5.68049
1980-01-17,107.0924,227.07233,181.16404,7.28386,5.078,5.65424
1980-01-18,107.5171,227.98821,181.8911,7.30163,5.09073,5.6683
1980-01-21,108.6659,230.44046,183.84365,7.38833,5.15156,5.7359
1980-01-22,108.1221,229.30256,182.93221,7.37483,5.14248,5.72569
1980-01-23,109.8643,233.01437,185.88934,7.49158,5.2243,5.81665
1980-01-24,110.0789,233.48511,186.26118,7.49893,5.22977,5.82262
1980-01-25,109.8603,233.0369,185.89994,7.49287,5.22589,5.81819
1980-01-28,111.0238,235.52151,187.87804,7.58802,5.29265,5.89239
1980-01-29,110.1972,233.78374,186.48805,7.54097,5.26018,5.85612
1980-01-30,111.2227,235.9758,188.23273,7.59897,5.30102,5.90146
1980-01-31,110.1813,233.7822,186.47917,7.54356,5.26272,5.8587
1980-02-01,111.1853,235.92892,188.18761,7.6309,5.32405,5.92685
1980-02-04,110.322,234.11283,186.73527,7.57589,5.28602,5.8844
1980-02-05,110.5977,234.7136,187.21073,7.5747,5.28555,5.88375
1980-02-06,111.5731,236.80009,188.87102,7.61127,5.31143,5.91244
1980-02-07,111.9736,237.6661,189.55794,7.63435,5.3279,5.93065
1980-02-08,113.4503,240.81768,192.06746,7.76412,5.41888,6.03179
1980-02-11,112.6165,239.06389,190.66488,7.68565,5.36449,5.97112
1980-02-12,113.3901,240.72262,191.98387,7.74813,5.40849,6.01997
1980-02-13,113.9004,241.82233,192.85703,7.76572,5.42113,6.03392
1980-02-14,112.2256,238.28319,190.03056,7.63828,5.33256,5.93521
1980-02-15,110.9521,235.59539,187.88321,7.57364,5.28779,5.88526
1980-02-18,110.9685,235.64586,187.91974,7.58635,5.29702,5.89541
1980-02-19,109.9933,233.59081,186.27714,7.55015,5.27209,5.86755
1980-02-20,111.4194,236.63632,188.70175,7.64644,5.33973,5.94269
1980-02-21,110.0594,233.76401,186.40746,7.54888,5.27198,5.86717
1980-02-22,109.8497,233.33409,186.06095,7.58533,5.2978,5.89578
1980-02-25,108.1907,229.82625,183.25998,7.48181,5.22587,5.81562
1980-02-26,108.7808,231.0955,184.26832,7.52156,5.254,5.8468
1980-02-27,107.115,227.57259,181.45548,7.4231,5.18559,5.77055
1980-02-28,107.192,227.75133,181.5944,7.39921,5.16924,5.75224
1980-02-29,108.5632,230.68121,183.92657,7.54741,5.2732,5.86778
1980-03-03,107.3513,228.12173,181.88214,7.49977,5.24026,5.83102
1980-03-04,107.4971,228.44677,182.13768,7.52976,5.26158,5.85462
1980-03-05,105.613,224.4587,178.95427,7.42319,5.18748,5.77205
1980-03-06,103.5547,220.09998,175.47545,7.29888,5.10099,5.67568
1980-03-07,102.02,216.85321,172.88336,7.2057,5.03622,5.6035
1980-03-10,101.8903,216.59188,172.6716,7.22041,5.04685,5.61521
1980-03-11,103.0157,218.99965,174.58745,7.31071,5.11035,5.68573
1980-03-12,102.242,217.36949,173.2844,7.2323,5.05588,5.62502
1980-03-13,101.1092,214.97586,171.37272,7.19985,5.03354,5.60005
1980-03-14,101.0975,214.96525,171.36088,7.28508,5.0935,5.66664
1980-03-17,98.3692,209.17967,166.74516,7.19401,5.03019,5.59608
1980-03-18,100.0274,212.72137,169.56467,7.34042,5.13296,5.71028
1980-03-19,100.0036,212.68487,169.53222,7.30919,5.11146,5.68625
1980-03-20,98.8725,210.2937,167.62279,7.20347,5.03789,5.60429
1980-03-21,98.1079,208.68153,166.3344,7.19204,5.03023,5.59565
1980-03-24,95.2775,202.67643,161.54427,7.02228,4.91188,5.46388
1980-03-25,95.3814,202.91095,161.72799,7.03046,4.91794,5.4705
1980-03-26,95.0321,202.18131,161.14324,7.00157,4.89804,5.44827
1980-03-27,94.7714,201.64005,160.70866,7.06234,4.94092,5.49584
1980-03-28,97.2265,206.87946,164.88073,7.28565,5.09757,5.66994
1980-03-31,98.453,209.50417,166.96904,7.4166,5.1896,5.77217
1980-04-01,98.4758,209.5666,167.01549,7.54329,5.27866,5.87109
1980-04-02,99.0438,210.78973,167.98686,7.52343,5.2651,5.8559
1980-04-03,98.5503,209.75344,167.15767,7.46803,5.22669,5.81306
1980-04-04,98.5503,209.76736,167.16546,NA,NA,NA
1980-04-07,96.5521,205.52892,163.7843,NA,NA,NA
1980-04-08,97.4373,207.4277,165.29398,7.42552,5.19796,5.78077
1980-04-09,99.0693,210.91739,168.07115,7.27011,5.08956,5.66009
1980-04-10,100.0379,212.99444,169.72272,7.33955,5.13855,5.71444
1980-04-11,99.7483,212.39194,169.23927,7.32103,5.12592,5.70029
1980-04-14,98.7896,210.36491,167.62069,7.21402,5.05136,5.61725
1980-04-15,98.5832,209.93932,167.27827,7.24364,5.07245,5.64059
1980-04-16,97.5228,207.69533,165.4869,7.17807,5.02688,5.5898
1980-04-17,97.0791,206.76416,164.74169,7.01197,4.91094,5.46075
1980-04-18,96.5307,205.6099,163.81876,6.97647,4.8864,5.43335
1980-04-21,95.8137,204.09643,162.60965,6.91295,4.84224,5.38414
1980-04-22,99.313,211.56715,168.55779,7.20511,5.0473,5.61202
1980-04-23,99.5549,212.09667,168.97629,7.13052,4.9954,5.55419
1980-04-24,100.3419,213.78811,170.32034,7.11582,4.98543,5.54299
1980-04-25,101.1159,215.45206,171.64244,7.15367,5.01229,5.57275
1980-04-28,101.6053,216.50952,172.48139,7.13232,4.99766,5.55638
1980-04-29,101.8719,217.09216,172.94209,7.17718,5.02945,5.5916
1980-04-30,102.2165,217.84116,173.53529,7.21128,5.0537,5.61844
1980-05-01,101.3845,216.08262,172.13095,NA,NA,NA
1980-05-02,101.5251,216.3967,172.37772,7.20181,5.04772,5.61158
1980-05-05,102.3341,218.13613,173.75974,7.23933,5.07438,5.64109
1980-05-06,102.2884,218.05318,173.69023,7.17514,5.02973,5.59134
1980-05-07,103.0957,219.78933,175.06955,7.20862,5.05354,5.6177
1980-05-08,102.1069,217.69611,173.39872,7.17265,5.02866,5.58993
1980-05-09,100.7167,214.74706,171.04621,7.11467,4.98835,5.54501
1980-05-12,100.7503,214.83297,171.11125,7.09308,4.97354,5.52843
1980-05-13,102.1062,217.73982,173.4228,7.14146,5.00782,5.56642
1980-05-14,102.6611,218.93803,174.37359,7.20077,5.04977,5.61294
1980-05-15,102.8325,219.31819,174.6729,NA,NA,NA
1980-05-16,103.143,219.99518,175.20857,7.25633,5.08943,5.65679
1980-05-19,103.3421,220.43457,175.55501,7.25994,5.0923,5.65987
1980-05-20,103.1629,220.06691,175.25875,7.26553,5.09656,5.66449
1980-05-21,103.2102,220.18244,175.34728,7.21508,5.06151,5.62542
1980-05-22,104.7136,223.40585,177.91047,7.29785,5.11996,5.69025
1980-05-23,106.3287,226.86814,180.66376,7.39678,5.18976,5.76769
1980-05-26,106.3287,226.8832,180.67218,NA,NA,NA
1980-05-27,106.9727,228.27294,181.77516,7.36699,5.16954,5.745
1980-05-28,107.5933,229.61292,182.83847,7.43318,5.21636,5.79691
1980-05-29,105.7812,225.76169,179.76801,7.31313,5.13249,5.70358
1980-05-30,106.613,227.55267,181.19038,7.42391,5.21064,5.79029
1980-06-02,106.1078,226.48948,180.34022,7.32746,5.14331,5.71535
1980-06-03,105.7471,225.73456,179.73556,7.33037,5.14569,5.71788
1980-06-04,107.8061,230.14693,183.24473,7.48524,5.25483,5.83902
1980-06-05,108.0016,230.57967,183.58563,7.46979,5.24432,5.82723
1980-06-06,108.3702,231.38218,184.22089,7.49686,5.26369,5.84863
1980-06-09,108.7745,232.26106,184.91691,7.48374,5.25482,5.83866
1980-06-10,109.7788,234.42184,186.63335,7.57086,5.31639,5.90694
1980-06-11,111.0702,237.19633,188.83824,7.65347,5.3748,5.97171
1980-06-12,110.7339,236.49385,188.27525,7.63512,5.36227,5.95766
1980-06-13,110.9859,237.0479,188.71257,7.60553,5.34184,5.93485
1980-06-16,111.2539,237.6362,189.17715,7.66022,5.38063,5.97782
1980-06-17,111.0491,237.21449,188.83769,7.67246,5.38959,5.98766
1980-06-18,111.3991,237.97811,189.44179,7.6756,5.39215,5.99038
1980-06-19,109.9506,234.89998,186.98761,7.5955,5.33625,5.92816
1980-06-20,109.4752,233.89991,186.18782,7.55045,5.30496,5.89327
1980-06-23,109.8462,234.70835,186.82761,7.56754,5.31732,5.90689
1980-06-24,110.3787,235.86214,187.74222,7.61544,5.35135,5.94457
1980-06-25,111.9131,239.15812,190.36168,7.72347,5.42768,6.02923
1980-06-26,111.4891,238.26788,189.64932,7.68503,5.40103,5.9995
1980-06-27,111.3226,237.92782,189.37491,7.66603,5.38802,5.98494
1980-06-30,109.5507,234.15723,186.36986,7.51924,5.28526,5.87065
1980-07-01,110.0776,235.29939,187.27514,7.56968,5.32109,5.91033
1980-07-02,110.8083,236.87755,188.52735,7.60768,5.34817,5.94029
1980-07-03,112.4499,240.40423,191.33005,7.72093,5.4282,6.02904
1980-07-04,112.4499,240.42019,191.33896,7.69298,5.4089,6.00749
1980-07-07,113.2232,242.09014,192.66405,7.72062,5.42871,6.02936
1980-07-08,112.8318,241.26929,192.00699,7.64934,5.37896,5.97399
1980-07-09,112.9405,241.5178,192.20094,7.6583,5.38562,5.98126
1980-07-10,111.9355,239.38488,190.49971,7.59592,5.34211,5.93282
1980-07-11,112.7819,241.21162,191.94946,7.67189,5.39594,5.99247
1980-07-14,115.0276,246.03291,195.78174,7.8252,5.5042,6.11256
1980-07-15,114.3195,244.53473,194.58568,7.797,5.48473,6.09081
1980-07-16,114.5037,244.94508,194.90833,7.79172,5.48137,6.08697
1980-07-17,116.0229,248.21273,197.50424,7.86622,5.53419,6.14549
1980-07-18,116.514,249.2802,198.34964,7.92577,5.57648,6.19232
1980-07-21,116.9075,250.13891,199.02892,7.93496,5.58332,6.19979
1980-07-22,116.6678,249.6426,198.63009,7.90449,5.56225,6.17627
1980-07-23,116.3303,248.93695,198.06471,7.89088,5.55303,6.16592
1980-07-24,116.2704,248.82527,197.97194,7.87431,5.54174,6.15326
1980-07-25,116.2704,248.84179,197.98117,7.87214,5.54058,6.15185
1980-07-28,115.9656,248.20593,197.47137,7.85963,5.53214,6.14235
1980-07-29,116.8739,250.16728,199.0277,7.97897,5.61657,6.23595
1980-07-30,116.7321,249.88032,198.79548,8.01159,5.63992,6.26175
1980-07-31,116.3047,248.98197,198.07686,8.05426,5.67035,6.29541
1980-08-01,115.7899,247.89642,197.20933,8.05723,5.67282,6.29802
1980-08-04,115.5406,247.37909,196.7939,7.99797,5.63147,6.25199
1980-08-05,115.257,246.78826,196.32,7.96263,5.60696,6.22466
1980-08-06,115.9766,248.34605,197.55519,7.97255,5.61432,6.2327
1980-08-07,117.5061,251.63926,200.1706,8.1106,5.71198,6.34097
1980-08-08,117.7731,252.22791,200.63485,8.15768,5.74554,6.3781
1980-08-11,118.9651,254.79863,202.67549,8.24199,5.80535,6.44435
1980-08-12,118.0001,252.74887,201.04099,8.17686,5.75986,6.39373
1980-08-13,117.4338,251.55267,200.08553,8.09197,5.70046,6.32765
1980-08-14,119.4094,255.80329,203.46203,8.26694,5.82418,6.46484
1980-08-15,119.9394,256.95606,204.3748,8.30422,5.85085,6.49431
1980-08-18,117.6511,252.07167,200.48565,8.21116,5.78569,6.42184
1980-08-19,116.861,250.39566,199.14865,8.15718,5.74804,6.37992
1980-08-20,117.7519,252.32198,200.67659,8.20188,5.77994,6.41521
1980-08-21,119.3977,255.86706,203.49169,8.33484,5.87409,6.51955
1980-08-22,120.0106,257.19796,204.54601,8.40389,5.92318,6.5739
1980-08-25,119.1824,255.44019,203.14401,8.33639,5.87601,6.5214
1980-08-26,118.8354,254.71338,202.56199,8.31626,5.8622,6.50596
1980-08-27,117.5169,251.90455,200.32417,8.20879,5.78686,6.4222
1980-08-28,116.1732,249.04134,198.04319,8.07589,5.69359,6.31855
1980-08-29,116.5868,249.9448,198.75765,8.11096,5.7187,6.34629
1980-09-01,116.5868,249.96139,198.76691,8.07949,5.69689,6.32197
1980-09-02,117.9589,252.92112,201.1162,8.14414,5.74289,6.37288
1980-09-03,120.1139,257.56076,204.801,8.29351,5.84868,6.49012
1980-09-04,119.4609,256.17765,203.69715,8.22127,5.79813,6.43389
1980-09-05,118.9049,255.00233,202.75858,8.21523,5.79425,6.42946
1980-09-08,117.0865,251.1202,199.66764,8.07087,5.69285,6.31681
1980-09-09,117.8493,252.77351,200.9781,8.11548,5.72472,6.35204
1980-09-10,118.3562,253.87792,201.85213,8.171,5.76429,6.39581
1980-09-11,118.9703,255.21251,202.90913,8.19957,5.78484,6.41848
1980-09-12,118.7691,254.7978,202.5754,8.20296,5.78762,6.42144
1980-09-15,118.8865,255.06663,202.78511,8.22958,5.8068,6.44258
1980-09-16,119.7303,256.89463,204.23424,8.29617,5.8542,6.49504
1980-09-17,121.7339,261.2127,207.6626,8.42075,5.94257,6.59293
1980-09-18,121.3634,260.43498,207.04023,8.42239,5.94412,6.59452
1980-09-19,122.1246,262.08637,208.34879,8.52398,6.01627,6.67441
1980-09-22,123.3937,264.82855,210.5243,8.60462,6.07363,6.7379
1980-09-23,122.8023,263.57686,209.52511,8.60367,6.07336,6.73747
1980-09-24,123.606,265.32005,210.90652,8.63106,6.09311,6.75924
1980-09-25,122.1549,262.2233,208.4406,8.50676,6.00579,6.66224
1980-09-26,119.811,257.21018,204.45133,8.37618,5.91403,6.56031
1980-09-29,117.2003,251.6238,200.00651,8.22938,5.81082,6.44567
1980-09-30,119.0021,255.51073,203.09169,8.34397,5.89218,6.53577
1980-10-01,120.6719,259.11464,205.95181,8.42738,5.95151,6.60144
1980-10-02,121.7611,261.47165,207.82091,8.52708,6.02237,6.67989
1980-10-03,123.0003,264.15128,209.9463,8.62431,6.0915,6.75641
1980-10-06,125.1719,268.83471,213.66397,8.72181,6.16082,6.83315
1980-10-07,124.436,267.27208,212.4178,8.69891,6.14505,6.81552
1980-10-08,125.0137,268.53109,213.4141,8.73308,6.16961,6.84262
1980-10-09,124.3744,267.1757,212.33268,8.70141,6.14764,6.81812
1980-10-10,123.6098,265.55101,211.03728,8.62642,6.09507,6.75969
1980-10-13,125.3932,269.40174,214.09289,8.76146,6.19096,6.86587
1980-10-14,125.3742,269.37879,214.07042,8.79264,6.21342,6.89064
1980-10-15,127.2189,273.36208,217.23117,8.98486,6.34976,7.04167
1980-10-16,125.6286,269.96355,214.52607,8.86362,6.26453,6.94701
1980-10-17,124.9815,268.59093,213.43107,8.83828,6.24703,6.92746
1980-10-20,125.9739,270.74235,215.13623,8.9594,6.33312,7.02277
1980-10-21,124.9615,268.58464,213.41738,8.93526,6.31647,7.00417
1980-10-22,124.9452,268.56743,213.39948,8.9569,6.3322,7.02147
1980-10-23,122.567,263.47437,209.34817,8.74939,6.18598,6.85918
1980-10-24,123.0872,264.61048,210.24665,8.8115,6.23033,6.90821
1980-10-27,121.2965,260.77906,207.19809,8.72143,6.16708,6.83793
1980-10-28,121.4929,261.21873,207.54329,8.8084,6.22903,6.90647
1980-10-29,121.7126,261.70857,207.92834,8.81002,6.23059,6.90807
1980-10-30,120.2317,258.54212,205.40838,8.67853,6.13804,6.80531
1980-10-31,121.4846,261.25469,207.55912,8.85091,6.26045,6.94086
1980-11-03,123.1217,264.79431,210.36673,9.00759,6.37178,7.06412
1980-11-04,123.1217,264.81188,210.37653,9.00692,6.37172,7.06392
1980-11-05,125.2592,269.42904,214.03987,9.23966,6.5369,7.24687
1980-11-06,122.8869,264.34517,209.99668,9.07012,6.41744,7.11427
1980-11-07,123.1663,264.96392,210.48402,9.16789,6.4871,7.19133
1980-11-10,123.5596,265.82787,211.1661,9.1445,6.47097,7.17332
1980-11-11,125.0852,269.12924,213.78407,9.05948,6.41125,7.10697
1980-11-12,128.2906,276.04696,219.27417,9.36343,6.62689,7.34583
1980-11-13,130.0731,279.90257,222.33203,9.43535,6.67827,7.40262
1980-11-14,130.4633,280.76107,223.0095,9.51989,6.7386,7.46933
1980-11-17,131.3899,282.77458,224.60423,9.69771,6.86501,7.60927
1980-11-18,133.3356,286.98285,227.94187,9.8465,6.97087,7.72644
1980-11-19,132.6136,285.44793,226.71822,9.68903,6.85989,7.60326
1980-11-20,134.0126,288.47956,229.12128,9.81899,6.95243,7.70566
1980-11-21,132.6535,285.57339,226.80849,9.80276,6.9414,7.69328
1980-11-24,131.7494,283.64611,225.2733,9.7133,6.87852,7.62343
1980-11-25,132.4387,285.14949,226.4627,9.74145,6.89892,7.64589
1980-11-26,133.3249,287.07722,227.98902,9.82577,6.95914,7.71246
1980-11-27,133.3249,287.09628,227.99965,9.86871,6.99003,7.74654
1980-11-28,133.636,287.78544,228.54239,9.88876,7.0047,7.76264
1980-12-01,130.3444,280.71769,222.92471,9.73243,6.89448,7.64032
1980-12-02,130.1685,280.35745,222.63423,9.68984,6.86475,7.60723
1980-12-03,130.0473,280.11498,222.43729,9.69404,6.86819,7.61089
1980-12-04,129.5836,279.13475,221.6545,9.66167,6.84571,7.58583
1980-12-05,127.1177,273.84255,217.44747,9.54447,6.76314,7.49418
1980-12-08,123.9862,267.11625,212.10173,9.31504,6.60109,7.31444
1980-12-09,124.0487,267.26866,212.21855,9.39448,6.65786,7.37719
1980-12-10,122.0496,262.98001,208.80887,9.31346,6.60089,7.31392
1980-12-11,121.1192,260.99287,207.2269,9.38689,6.65341,7.37195
1980-12-12,122.9819,265.02594,210.42456,9.43077,6.68498,7.40677
1980-12-15,123.0077,265.09914,210.47852,9.29843,6.59164,7.3032
1980-12-16,124.2331,267.75882,212.58575,9.57231,6.78636,7.51875
1980-12-17,126.2931,272.21863,216.12187,9.69225,6.87191,7.61336
1980-12-18,126.5892,272.87512,216.63875,9.65837,6.84833,7.5871
1980-12-19,127.1582,274.1202,217.62284,9.68598,6.86838,7.60915
1980-12-22,129.0372,278.19096,220.84983,9.74671,6.91193,7.65724
1980-12-23,128.3912,276.81673,219.75448,9.56188,6.78137,7.51243
1980-12-24,128.8952,277.92211,220.62757,NA,NA,NA
1980-12-25,128.8952,277.94056,220.63785,NA,NA,NA
1980-12-26,129.4916,279.2455,221.66928,NA,NA,NA
1980-12-29,128.1137,276.29298,219.32106,9.61999,6.8244,7.5595
1980-12-30,128.3986,276.92592,219.8191,9.57332,6.79174,7.52318
1980-12-31,128.4658,277.08927,219.94441,9.62803,6.83103,7.56654
1981-01-01,128.4658,277.10766,219.95466,NA,NA,NA
1981-01-02,129.1193,278.5362,221.08409,9.75216,6.92009,7.66486
1981-01-05,130.8101,282.2038,223.9904,9.7635,6.92859,7.67412
1981-01-06,131.2245,283.11683,224.71058,9.6717,6.86391,7.60233
1981-01-07,128.526,277.31481,220.10079,9.5437,6.77356,7.5021
1981-01-08,126.3693,272.68065,216.41817,9.47235,6.72337,7.44636
1981-01-09,126.6528,273.31066,216.91387,9.51102,6.75128,7.47712
1981-01-12,126.6168,273.2511,216.86232,9.54041,6.77261,7.50059
1981-01-13,126.376,272.74952,216.45996,9.61149,6.82355,7.55685
1981-01-14,126.5502,273.14369,216.76847,9.61209,6.82443,7.55767
1981-01-15,127.4143,275.02761,218.2591,9.69421,6.88323,7.62263
1981-01-16,127.9748,276.25615,219.22964,9.82362,6.97564,7.72479
1981-01-19,127.6853,275.6495,218.74389,9.7284,6.9085,7.65028
1981-01-20,125.0955,270.07803,214.31802,9.53996,6.7752,7.5025
1981-01-21,124.8119,269.48362,213.8421,9.45155,6.71287,7.43332
1981-01-22,123.5993,266.88363,211.77465,9.47589,6.73061,7.45283
1981-01-23,123.484,266.65235,211.58695,9.49969,6.74797,7.47189
1981-01-26,123.143,265.93364,211.01248,9.57927,6.80499,7.53487
1981-01-27,124.4577,268.79174,213.27584,9.67234,6.87161,7.60847
1981-01-28,123.5856,266.9262,211.79136,9.71374,6.9015,7.6414
1981-01-29,123.6493,267.08153,211.91041,9.77115,6.94277,7.68694
1981-01-30,123.1669,266.05725,211.09353,9.83034,6.98532,7.73389
1981-02-02,120.8652,261.1039,207.15907,9.62395,6.83919,7.57192
1981-02-03,122.432,264.50756,209.85505,9.93155,7.05836,7.81439
1981-02-04,122.5751,264.83436,210.11015,9.84312,6.996,7.74518
1981-02-05,123.4992,266.84935,211.70442,9.92301,7.05329,7.80844
1981-02-06,124.1171,268.20267,212.77376,10.04417,7.13994,7.9042
1981-02-09,122.8679,265.52139,210.64234,9.91693,7.04999,7.80445
1981-02-10,122.8324,265.46228,210.59129,9.96156,7.08221,7.83995
1981-02-11,121.916,263.49953,209.03004,9.89951,7.03856,7.79148
1981-02-12,121.3555,262.30559,208.07878,9.94364,7.07042,7.8266
1981-02-13,120.878,261.29087,207.26972,10.01063,7.11856,7.87971
1981-02-16,120.878,261.30822,207.27938,10.25813,7.29515,8.07499
1981-02-17,121.8679,263.46638,208.987,10.12763,7.20286,7.97266
1981-02-18,122.6735,265.22618,210.37861,10.07771,7.16783,7.93373
1981-02-19,120.6787,260.93169,206.96787,9.83483,6.99563,7.74295
1981-02-20,120.3848,260.31349,206.47343,9.57483,6.81123,7.53868
1981-02-23,121.2735,262.25323,208.00771,9.75376,6.93907,7.67998
1981-02-24,121.3331,262.39955,208.11964,9.79385,6.96807,7.71193
1981-02-25,122.5797,265.11412,210.26826,9.92385,7.06109,7.8147
1981-02-26,124.0955,268.4116,212.87904,10.12001,7.20123,7.96961
1981-02-27,125.2395,270.9049,214.85202,10.29626,7.32723,8.10886
1981-03-02,125.8238,272.18723,215.86466,10.43606,7.42728,8.2194
1981-03-03,124.3692,269.05906,213.37943,10.37943,7.38746,8.17518
1981-03-04,124.5588,269.4872,213.71472,10.17638,7.2435,8.01568
1981-03-05,123.695,267.63633,212.24265,10.21033,7.26815,8.0428
1981-03-06,123.6326,267.51906,212.14546,10.23185,7.28396,8.06013
1981-03-09,124.9015,270.28372,214.33337,10.28053,7.31912,8.09887
1981-03-10,124.3195,269.04222,213.34463,10.14164,7.22076,7.98986
1981-03-11,123.8404,268.02322,212.53237,10.12275,7.20778,7.97534
1981-03-12,127.0818,275.05951,218.10689,10.36784,7.3829,8.16891
1981-03-13,126.5933,274.02042,217.27863,10.32199,7.35073,8.13315
1981-03-16,128.3482,277.83902,220.30177,10.39686,7.40457,8.19256
1981-03-17,127.589,276.21404,219.00894,10.25414,7.30345,8.0805
1981-03-18,127.7559,276.59378,219.30568,10.18832,7.25706,8.02902
1981-03-19,126.9462,274.85919,217.92601,10.0828,7.1824,7.94625
1981-03-20,127.4314,275.92833,218.76929,10.17153,7.24613,8.01658
1981-03-23,128.794,278.89843,221.11948,10.41922,7.42317,8.21226
1981-03-24,127.7256,276.60354,219.29561,10.31579,7.34999,8.13113
1981-03-25,129.9844,281.51593,223.18531,10.48183,7.46888,8.26246
1981-03-26,129.2675,279.98201,221.9648,10.46701,7.45881,8.25115
1981-03-27,127.715,276.63847,219.30961,10.4989,7.48204,8.27669
1981-03-30,127.3757,275.92184,218.73716,10.42996,7.4334,8.22272
1981-03-31,128.8683,279.17492,221.31135,10.45538,7.45203,8.24316
1981-04-01,129.4582,280.47184,222.33497,10.4963,7.4817,8.27582
1981-04-02,129.0751,279.66042,221.68736,10.48603,7.47487,8.2681
1981-04-03,128.1454,277.66477,220.10099,10.55461,7.52429,8.32258
1981-04-06,126.7148,274.58377,217.65428,10.52241,7.50183,8.29758
1981-04-07,126.7196,274.6124,217.67267,10.5335,7.51024,8.30671
1981-04-08,127.1477,275.55866,218.41835,10.44352,7.44659,8.23615
1981-04-09,127.579,276.51198,219.16959,10.57003,7.53736,8.33636
1981-04-10,127.4271,276.20107,218.91883,10.58425,7.548,8.34796
1981-04-13,126.1052,273.35448,216.6582,10.59638,7.55716,8.35792
1981-04-14,125.6493,272.38435,215.88501,10.51577,7.50017,8.29473
1981-04-15,127.0898,275.5266,218.37086,10.68643,7.62249,8.42981
1981-04-16,127.4404,276.30521,218.98357,10.77962,7.68952,8.50375
1981-04-17,127.4404,276.32355,218.99378,NA,NA,NA
1981-04-20,128.2556,278.11014,220.4052,NA,NA,NA
1981-04-21,126.9739,275.34966,218.21306,10.71524,7.64509,8.45413
1981-04-22,127.0542,275.54211,218.36125,10.67338,7.61573,8.42149
1981-04-23,127.0744,275.60422,218.40615,10.66413,7.60963,8.41458
1981-04-24,128.1168,277.88426,220.20844,10.79313,7.70226,8.51682
1981-04-27,128.5267,278.79206,220.9234,10.81374,7.71749,8.53348
1981-04-28,127.4633,276.50408,219.10593,10.79365,7.70366,8.51802
1981-04-29,126.1562,273.68728,216.86945,10.76749,7.68549,8.49777
1981-04-30,125.9277,273.20969,216.48672,10.76483,7.6841,8.49607
1981-05-01,125.8386,273.03448,216.34362,NA,NA,NA
1981-05-04,123.8491,268.7367,212.93375,10.732,7.66167,8.47094
1981-05-05,123.4808,267.95533,212.31042,10.82333,7.72743,8.54346
1981-05-06,123.8583,268.79255,212.96952,10.74798,7.67415,8.48438
1981-05-07,124.7062,270.6512,214.43778,10.95225,7.82062,8.64611
1981-05-08,124.6264,270.49595,214.31054,10.82803,7.73246,8.54846
1981-05-11,122.7253,266.38835,211.05174,10.79083,7.7064,8.51949
1981-05-12,123.8335,268.81254,212.96793,10.97973,7.84192,8.6691
1981-05-13,123.6248,268.3773,212.6189,10.94738,7.81933,8.64396
1981-05-14,124.3858,270.04781,213.93798,11.1282,7.9491,8.78721
1981-05-15,125.1143,271.64794,215.20127,11.13554,7.95486,8.79341
1981-05-18,125.2704,272.00498,215.47984,11.10312,7.93223,8.76822
1981-05-19,124.8755,271.16553,214.81058,11.10623,7.93497,8.77108
1981-05-20,124.7372,270.88317,214.58266,11.06785,7.90808,8.74118
1981-05-21,124.3876,270.1419,213.99123,11.1436,7.96276,8.80144
1981-05-22,123.9098,269.12213,213.17919,11.13127,7.95448,8.79211
1981-05-25,123.9098,269.13999,213.18913,11.09877,7.93177,8.76684
1981-05-26,125.3749,272.34162,215.7206,11.30115,8.07704,8.92719
1981-05-27,126.3315,274.43849,217.37705,11.42725,8.16777,9.02727
1981-05-28,125.9319,273.58859,216.69957,NA,NA,NA
1981-05-29,125.0179,271.62119,215.13695,11.21747,8.01892,8.8624
1981-06-01,124.9644,271.52296,215.0549,11.21369,8.01675,8.85983
1981-06-02,123.3748,268.0876,212.32961,11.26358,8.05297,8.89968
1981-06-03,123.4534,268.27622,212.47479,11.25401,8.04666,8.89253
1981-06-04,123.8289,269.11028,213.13111,11.47254,8.20356,9.0657
1981-06-05,125.1705,272.04509,215.45089,11.75323,8.40495,9.28804
1981-06-08,125.2895,272.32185,215.66579,NA,NA,NA
1981-06-09,124.9337,271.56653,215.06336,11.60008,8.29654,9.16787
1981-06-10,125.365,272.52237,215.816,11.56357,8.27097,9.13943
1981-06-11,126.6726,275.38424,218.07779,11.77155,8.42039,9.30433
1981-06-12,126.368,274.74027,217.56353,11.74881,8.40468,9.28678
1981-06-15,126.7967,275.69086,218.31191,11.6355,8.32419,9.19766
1981-06-16,125.4341,272.74685,215.97623,11.37437,8.13801,8.99173
1981-06-17,126.5934,275.28686,217.98301,11.48586,8.21838,9.08033
1981-06-18,124.8668,271.55109,215.02044,11.45091,8.19391,9.05312
1981-06-19,125.5124,272.97363,216.14247,11.63181,8.324,9.19664
1981-06-22,125.263,272.44928,215.72302,11.49691,8.22803,9.09043
1981-06-23,126.671,275.5312,218.15864,11.59038,8.29553,9.16479
1981-06-24,125.7911,273.63565,216.65346,11.56701,8.27934,9.14674
1981-06-25,125.8558,273.79459,216.77501,11.6132,8.31298,9.18371
1981-06-26,125.5267,273.09676,216.21823,11.70495,8.37926,9.25673
1981-06-29,124.8478,271.63789,215.05892,11.57349,8.28573,9.15322
1981-06-30,124.1844,270.21255,213.9262,11.55783,8.27506,9.14125
1981-07-01,122.8962,267.42781,211.71724,11.50667,8.23897,9.10121
1981-07-02,121.9088,265.29709,210.02616,11.45244,8.20069,9.05874
1981-07-03,121.9088,265.3147,210.03595,11.45683,8.20437,9.06263
1981-07-06,120.9204,263.18138,208.34292,11.49377,8.23139,9.09229
1981-07-07,121.6358,264.7565,209.58557,11.50718,8.24154,9.10332
1981-07-08,121.8085,265.15008,209.89296,11.63565,8.33417,9.20543
1981-07-09,122.7222,267.15741,211.47762,11.70698,8.38585,9.26232
1981-07-10,122.8618,267.47912,211.72807,11.69643,8.37884,9.2544
1981-07-13,123.1508,268.12623,212.23608,11.60688,8.31526,9.18399
1981-07-14,123.128,268.09438,212.20667,11.74341,8.41369,9.2925
1981-07-15,123.6006,269.14154,213.03125,11.68968,8.37575,9.25041
1981-07-16,123.666,269.30185,213.15392,11.64873,8.34696,9.21843
1981-07-17,124.1375,270.34683,213.97673,11.7382,8.41167,9.2897
1981-07-20,122.1681,266.07656,210.59245,11.61125,8.32128,9.18968
1981-07-21,121.7458,265.17444,209.87428,11.68194,8.37253,9.24609
1981-07-22,120.4519,262.37413,207.65373,11.50718,8.24787,9.10823
1981-07-23,120.7618,263.06678,208.19777,11.49317,8.23837,9.09756
1981-07-24,121.764,265.26835,209.93581,11.59979,8.31541,9.18243
1981-07-27,123.3035,268.6414,212.60073,11.63692,8.34259,9.21226
1981-07-28,122.6942,267.33175,211.56008,11.68274,8.37601,9.24898
1981-07-29,122.7097,267.38328,211.59667,11.68082,8.37519,9.24788
1981-07-30,123.612,269.36793,213.16287,11.88657,8.52338,9.4113
1981-07-31,124.5117,271.34717,214.72472,11.94501,8.56588,9.45803
1981-08-03,124.1978,270.68105,214.19337,12.09214,8.67204,9.57503
1981-08-04,124.8771,272.18006,215.37518,12.24694,8.78372,9.69812
1981-08-05,126.2897,275.27842,217.8223,12.35462,8.86159,9.78389
1981-08-06,126.025,274.71966,217.37587,12.38054,8.88078,9.80488
1981-08-07,125.2124,272.9666,215.98441,12.38749,8.88635,9.81083
1981-08-10,126.0454,274.8014,217.43175,12.65352,9.07792,10.02209
1981-08-11,127.3532,277.67215,219.69857,12.7496,9.14751,10.0987
1981-08-12,126.8321,276.55439,218.80984,12.54014,8.99789,9.93331
1981-08-13,126.8694,276.6541,218.8844,12.40268,8.89987,9.8249
1981-08-14,125.844,274.43662,217.12559,12.37143,8.87803,9.8006
1981-08-17,124.6695,271.89377,215.10942,12.25965,8.79842,9.71251
1981-08-18,123.6112,269.60394,213.29352,11.89698,8.53884,9.42574
1981-08-19,123.9638,270.39112,213.91201,12.06338,8.65893,9.55808
1981-08-20,124.0998,270.70578,214.1567,11.98277,8.60165,9.49466
1981-08-21,122.7158,267.70513,211.77855,11.70751,8.40471,9.27706
1981-08-24,119.3375,260.3549,205.95927,11.36753,8.16131,9.00819
1981-08-25,118.9957,259.62644,205.37894,11.62948,8.35005,9.21629
1981-08-26,118.8466,259.31833,205.13115,11.52086,8.27263,9.13065
1981-08-27,117.4961,256.38918,202.80993,11.34068,8.14384,8.98831
1981-08-28,118.0474,257.60963,203.77122,11.33261,8.13858,8.98233
1981-08-31,116.8556,255.0262,201.72361,11.10203,7.9736,8.80004
1981-09-01,117.2432,255.8893,202.40226,11.22358,8.0615,8.89685
1981-09-02,117.6509,256.7964,203.11568,11.21013,8.05237,8.8866
1981-09-03,115.4488,252.00786,199.32391,10.95248,7.86791,8.68283
1981-09-04,114.4033,249.74263,197.52825,10.85015,7.79493,8.60212
1981-09-07,114.4033,249.75921,197.53745,10.88907,7.82343,8.63339
1981-09-08,112.4778,245.5729,194.22237,10.67165,7.6678,8.46146
1981-09-09,112.8204,246.33743,194.82314,10.78861,7.75242,8.55464
1981-09-10,114.4251,249.85923,197.6042,10.87533,7.81529,8.62384
1981-09-11,115.8729,253.03872,200.11447,10.94512,7.866,8.67961
1981-09-14,114.8294,250.77697,198.32177,10.75035,7.7266,8.5256
1981-09-15,113.9309,248.83151,196.77929,10.57747,7.6029,8.38893
1981-09-16,113.1674,247.18058,195.4698,10.37414,7.45731,8.22811
1981-09-17,111.6589,243.90261,192.87361,10.03348,7.21305,7.95839
1981-09-18,110.8701,242.19587,191.52012,9.95167,7.15472,7.89388
1981-09-21,111.7811,244.20287,193.10319,9.91289,7.12731,7.86348
1981-09-22,111.2254,243.00507,192.15221,10.00919,7.19707,7.94028
1981-09-23,110.3098,241.02095,190.57947,9.96883,7.16852,7.90862
1981-09-24,109.7169,239.74151,189.56402,10.11545,7.27451,8.02538
1981-09-25,107.7143,235.3824,186.11332,9.94202,7.15032,7.88819
1981-09-28,110.3049,241.0618,190.5996,10.25829,7.37839,8.1396
1981-09-29,110.6006,241.72422,191.11954,10.1124,7.27398,8.02425
1981-09-30,110.8045,242.18602,191.48085,10.1937,7.33299,8.08917
1981-10-01,111.6256,243.99751,192.90912,10.24715,7.37196,8.13198
1981-10-02,113.8783,248.94015,196.81247,10.30365,7.41312,8.17721
1981-10-05,113.966,249.14843,196.97323,10.24454,7.37108,8.13069
1981-10-06,113.7172,248.621,196.55237,10.24375,7.371,8.13044
1981-10-07,115.7008,252.97635,199.99118,10.31829,7.42517,8.19001
1981-10-08,116.5879,254.93356,201.53431,10.43247,7.50789,8.28106
1981-10-09,115.7653,253.15186,200.1218,10.1643,7.31548,8.06865
1981-10-12,115.5612,252.7223,199.77828,10.18646,7.33193,8.08663
1981-10-13,115.0888,251.70596,198.97091,10.20346,7.34465,8.1005
1981-10-14,113.193,247.57718,195.70305,10.17226,7.32268,8.07611
1981-10-15,114.1452,249.67716,197.35894,10.14546,7.30386,8.0552
1981-10-16,113.5765,248.44978,196.38485,10.24047,7.3728,8.13106
1981-10-19,113.3447,247.95916,195.99317,10.21113,7.35216,8.10813
1981-10-20,114.585,250.6902,198.14767,10.29547,7.41342,8.17552
1981-10-21,114.2787,250.03667,197.62721,10.39255,7.48387,8.25303
1981-10-22,113.8876,249.19752,196.96005,10.44406,7.52149,8.29434
1981-10-23,112.806,246.84765,195.09881,10.33136,7.44084,8.20523
1981-10-26,112.2602,245.66969,194.16394,10.46293,7.53617,8.31016
1981-10-27,113.2022,247.74834,195.80274,10.47317,7.54404,8.31869
1981-10-28,113.4719,248.3552,196.27845,10.47936,7.549,8.32399
1981-10-29,113.0763,247.50581,195.60328,10.37742,7.47608,8.24341
1981-10-30,115.7524,253.38255,200.24312,10.48384,7.55331,8.32838
1981-11-02,117.945,258.20129,204.04675,10.52416,7.58288,8.36082
1981-11-03,118.5016,259.43736,205.01942,10.60371,7.64074,8.42443
1981-11-04,118.5028,259.4572,205.03105,10.54709,7.60045,8.37984
1981-11-05,117.1998,256.62191,202.78638,10.46909,7.54474,8.31826
1981-11-06,116.3087,254.68791,201.25406,10.42649,7.51454,8.2848
1981-11-09,117.0686,256.36946,202.57869,10.39024,7.48891,8.25638
1981-11-10,116.5558,255.26348,201.70075,10.4182,7.50956,8.27898
1981-11-11,116.8395,255.90193,202.2012,10.41038,7.50442,8.27316
1981-11-12,117.1905,256.68791,202.81819,10.42273,7.51383,8.28336
1981-11-13,115.8133,253.68881,200.44438,10.28906,7.41799,8.17753
1981-11-16,114.4874,250.80164,198.15913,10.25854,7.39647,8.15365
1981-11-17,115.4316,252.88756,199.8031,10.38389,7.48742,8.25372
1981-11-18,114.5318,250.9332,198.255,10.32661,7.4466,8.20857
1981-11-19,114.9576,251.88308,199.00147,10.26226,7.4007,8.1578
1981-11-20,115.9312,254.03395,200.69662,10.43553,7.52624,8.29599
1981-11-23,115.7751,253.70872,200.43571,10.48977,7.56588,8.33952
1981-11-24,117.4859,257.47638,203.40786,10.53106,7.59618,8.37274
1981-11-25,118.111,258.86392,204.49987,10.51985,7.5886,8.36422
1981-11-26,118.111,258.8811,204.5094,10.51699,7.58703,8.36233
1981-11-27,119.1262,261.1244,206.27727,10.60642,7.6521,8.43387
1981-11-30,120.2634,263.63556,208.25664,10.59049,7.64111,8.42159
1981-12-01,119.9869,263.04688,207.78751,10.65214,7.68613,8.47103
1981-12-02,118.5797,259.97975,205.3605,10.5991,7.64837,8.42924
1981-12-03,119.0718,261.07628,206.22251,10.62954,7.67085,8.45385
1981-12-04,120.1684,263.49906,208.13191,10.68758,7.71328,8.50043
1981-12-07,119.2232,261.44411,206.5046,10.64112,7.68025,8.46387
1981-12-08,118.8496,260.64215,205.86709,10.72478,7.74119,8.53084
1981-12-09,119.5135,262.11596,207.02697,10.74518,7.75644,8.54747
1981-12-10,119.759,262.67194,207.46197,10.82774,7.81659,8.61358
1981-12-11,118.9577,260.93193,206.08356,10.83211,7.82027,8.61746
1981-12-14,116.9138,256.46682,202.55276,10.79519,7.79413,8.58848
1981-12-15,117.0238,256.7252,202.7528,10.65997,7.69704,8.48132
1981-12-16,116.4692,255.52556,201.80136,10.62226,7.67032,8.45171
1981-12-17,117.1163,256.96275,202.93226,10.66246,7.69987,8.4841
1981-12-18,117.9566,258.82423,204.39814,10.83543,7.82538,8.6222
1981-12-21,117.3022,257.40553,203.27372,10.73614,7.75421,8.5436
1981-12-22,116.8998,256.53956,202.58585,10.6556,7.69655,8.47991
1981-12-23,116.3987,255.4569,201.72688,10.64055,7.68619,8.46833
1981-12-24,116.6409,256.00555,202.15611,NA,NA,NA
1981-12-25,116.6409,256.02255,202.16553,NA,NA,NA
1981-12-28,116.3928,255.49492,201.74491,10.59168,7.6524,8.4306
1981-12-29,115.79,254.18868,200.70948,10.55052,7.62316,8.39823
1981-12-30,116.279,255.2794,201.56666,10.56859,7.63673,8.41301
1981-12-31,116.5195,255.82449,201.99303,10.53776,7.61496,8.38886
1982-01-01,116.5195,255.84147,202.00245,NA,NA,NA
1982-01-04,116.7129,256.28322,202.3472,10.45127,7.55345,8.32077
1982-01-05,114.2377,250.86622,198.06598,10.34379,7.47629,8.2356
1982-01-06,113.5303,249.32947,196.84874,10.24007,7.40183,8.15342
1982-01-07,113.3425,248.93354,196.53227,10.29121,7.43931,8.19453
1982-01-08,113.767,249.8827,197.27766,10.32784,7.4663,8.2241
1982-01-11,111.3486,244.58853,193.09386,10.16848,7.35163,8.09761
1982-01-12,110.9966,243.83152,192.49242,10.20946,7.38177,8.13064
1982-01-13,109.7836,241.18338,190.39796,10.0677,7.27979,8.01815
1982-01-14,110.3828,242.51626,191.4463,10.22292,7.3926,8.14221
1982-01-15,111.1697,244.26191,192.82039,10.25999,7.41991,8.17212
1982-01-18,111.9678,246.03241,194.21404,10.38539,7.51116,8.27244
1982-01-19,110.741,243.35336,192.09532,10.16975,7.35577,8.10111
1982-01-20,110.0516,241.85461,190.90845,10.17881,7.36281,8.1087
1982-01-21,110.5614,242.99142,191.80192,10.21922,7.39255,8.14129
1982-01-22,110.3106,242.4563,191.37574,10.20468,7.38252,8.13008
1982-01-25,110.2752,242.39457,191.32324,10.33088,7.47438,8.23106
1982-01-26,110.0627,241.94352,190.96345,10.31491,7.46331,8.21871
1982-01-27,110.5443,243.01862,191.80814,10.23498,7.40598,8.15541
1982-01-28,113.3779,249.267,196.73532,10.58418,7.65929,8.43415
1982-01-29,114.6388,252.05696,198.93311,10.62109,7.68653,8.46397
1982-02-01,112.2472,246.81636,194.79285,10.55087,7.63621,8.4084
1982-02-02,112.4457,247.26934,195.14646,10.60506,7.67597,8.452
1982-02-03,111.0148,244.13964,192.67253,10.40216,7.52968,8.29073
1982-02-04,110.9512,244.01596,192.57111,10.45909,7.57142,8.33652
1982-02-05,111.745,245.77867,193.95822,10.48058,7.58748,8.35404
1982-02-08,109.309,240.43824,189.73968,10.29539,7.45397,8.20685
1982-02-09,108.3836,238.41884,188.1423,10.29315,7.45284,8.20545
1982-02-10,109.2918,240.43334,189.72806,10.36637,7.50639,8.26423
1982-02-11,109.1242,240.08055,189.44593,10.33749,7.48597,8.24159
1982-02-12,109.0493,239.93168,189.32471,10.43206,7.555,8.31741
1982-02-15,109.0492,239.94738,189.33336,10.47185,7.58434,8.34953
1982-02-16,108.7106,239.21823,188.75428,10.44649,7.56647,8.3297
1982-02-17,108.3936,238.53651,188.21264,10.36025,7.50451,8.26133
1982-02-18,108.6354,239.08461,188.64135,10.36318,7.50713,8.26405
1982-02-19,108.0608,237.83592,187.65238,10.24664,7.42323,8.17151
1982-02-22,106.6179,234.67644,185.15573,10.12742,7.33738,8.07684
1982-02-23,106.5592,234.56279,185.06241,10.16809,7.36734,8.10966
1982-02-24,108.4288,238.69579,188.31906,10.36765,7.51253,8.26928
1982-02-25,108.1972,238.20174,187.92557,10.39206,7.53073,8.28915
1982-02-26,108.1625,238.14114,187.87405,10.43775,7.56436,8.32599
1982-03-01,108.4218,238.72802,188.33329,10.46792,7.58673,8.35045
1982-03-02,107.8492,237.4831,187.34744,10.37386,7.51908,8.27582
1982-03-03,106.0953,233.63748,184.30982,10.20516,7.39735,8.14165
1982-03-04,105.1913,231.66241,182.74806,10.10039,7.32191,8.05846
1982-03-05,104.7793,230.77042,182.0408,9.97111,7.2287,7.95571
1982-03-08,103.0318,226.93766,179.01361,9.80196,7.1066,7.82116
1982-03-09,104.4262,230.02548,181.44546,10.01419,7.26105,7.99095
1982-03-10,104.8706,231.01999,182.22627,10.07946,7.30889,8.04343
1982-03-11,104.8095,230.90071,182.12858,10.06373,7.29797,8.03125
1982-03-12,104.2185,229.61406,181.11009,10.072,7.30445,8.03822
1982-03-15,104.9067,231.14614,182.3148,10.09775,7.32362,8.05916
1982-03-16,104.6477,230.59077,181.87316,10.11448,7.33624,8.07289
1982-03-17,104.3734,230.00161,181.40489,10.09293,7.3211,8.05606
1982-03-18,105.5441,232.59787,183.44871,10.21519,7.41034,8.15408
1982-03-19,105.7523,233.07226,183.81921,10.31979,7.48677,8.238
1982-03-22,107.7971,237.59652,187.38323,10.52142,7.63365,8.39942
1982-03-23,108.5919,239.36483,188.77395,10.64344,7.72275,8.49727
1982-03-24,108.0082,238.09411,187.76807,10.50339,7.62168,8.38588
1982-03-25,108.1971,238.52644,188.10527,10.58783,7.6835,8.45373
1982-03-26,106.947,235.78672,185.94089,10.50214,7.62183,8.38571
1982-03-29,107.3318,236.65102,186.61873,10.59823,7.69213,8.46287
1982-03-30,107.3205,236.64181,186.60777,10.60245,7.6957,8.46663
1982-03-31,107.0168,235.98782,186.08837,10.55333,7.66056,8.42779
1982-04-01,108.774,239.88023,189.1536,10.71585,7.77913,8.55804
1982-04-02,110.0819,242.78181,191.43754,10.79918,7.84018,8.62503
1982-04-05,109.7007,241.95717,190.78351,10.82018,7.85595,8.6422
1982-04-06,110.3008,243.29731,191.83632,10.92326,7.93138,8.72499
1982-04-07,110.345,243.41098,191.92214,10.89906,7.91432,8.70605
1982-04-08,111.1187,245.13453,193.27715,11.02762,8.00828,8.80921
1982-04-09,111.1187,245.1508,193.28616,NA,NA,NA
1982-04-12,110.924,244.73748,192.95647,NA,NA,NA
1982-04-13,110.8305,244.5474,192.80279,10.9724,7.96975,8.76631
1982-04-14,110.6423,244.14832,192.48435,10.94714,7.95192,8.74654
1982-04-15,111.0964,245.16691,193.28351,11.03433,8.01583,8.81664
1982-04-16,111.5054,246.08606,194.00425,11.08954,8.0565,8.86119
1982-04-19,111.5042,246.09975,194.0112,11.04244,8.02281,8.82396
1982-04-20,110.3429,243.55329,191.99981,10.8519,7.88496,8.67215
1982-04-21,110.6016,244.14063,192.45899,10.87081,7.89923,8.68767
1982-04-22,112.039,247.33123,194.97001,11.02202,8.00971,8.80898
1982-04-23,113.388,250.32701,197.32738,11.16256,8.11245,8.92178
1982-04-26,113.8941,251.46134,198.21754,11.10216,8.0691,8.87392
1982-04-27,112.7785,249.01521,196.28537,11.00106,7.99616,8.79353
1982-04-28,111.9915,247.29413,194.92483,10.84028,7.87987,8.66545
1982-04-29,110.8232,244.73106,192.90062,10.74096,7.8082,8.58647
1982-04-30,111.1495,245.46809,193.47769,10.67458,7.76047,8.53381
1982-05-03,111.5179,246.29824,194.12812,10.65161,7.74427,8.51583
1982-05-04,112.0649,247.52313,195.08961,10.76671,7.82854,8.6083
1982-05-05,112.3408,248.14913,195.57911,10.73752,7.80783,8.58536
1982-05-06,113.3794,250.46076,197.39691,10.76031,7.82493,8.60399
1982-05-07,114.0856,252.03802,198.63595,10.75973,7.82502,8.60392
1982-05-10,113.0431,249.75188,196.83022,10.62466,7.72734,8.49634
1982-05-11,114.0674,252.03247,198.62343,10.69533,7.77929,8.55328
1982-05-12,113.8518,251.57278,198.25724,10.67614,7.76584,8.53832
1982-05-13,112.8575,249.39262,196.53515,10.64492,7.74364,8.51375
1982-05-14,112.66,248.97269,196.20035,10.73042,7.8064,8.58257
1982-05-17,111.3344,246.0601,193.90114,10.48816,7.63075,8.38926
1982-05-18,110.5443,244.33033,192.53419,10.56067,7.68405,8.44768
1982-05-19,109.6927,242.46442,191.06,10.46811,7.61722,8.37404
1982-05-20,109.4255,241.88985,190.60348,NA,NA,NA
1982-05-21,109.8303,242.80104,191.31762,10.41543,7.57988,8.33266
1982-05-24,109.7292,242.59362,191.15041,10.38378,7.55734,8.30772
1982-05-25,109.3049,241.67164,190.42016,10.3907,7.56288,8.31365
1982-05-26,108.1246,239.07836,188.37301,10.30144,7.49843,8.24263
1982-05-27,107.6728,238.09522,187.59466,10.3326,7.52162,8.26795
1982-05-28,106.898,236.39782,186.25355,10.30661,7.50319,8.24753
1982-05-31,106.898,236.41351,186.26223,NA,NA,NA
1982-06-01,106.6778,235.94217,185.8872,10.36785,7.5488,8.29733
1982-06-02,107.0545,236.79126,186.55241,10.47185,7.62508,8.38099
1982-06-03,106.994,236.67314,186.45566,10.3883,7.56475,8.31452
1982-06-04,105.3224,232.99187,183.55166,10.18771,7.41925,8.15441
1982-06-07,105.3165,232.99428,183.54993,10.29568,7.49843,8.24126
1982-06-08,104.8384,231.95203,182.72522,10.2469,7.4634,8.20259
1982-06-09,104.2447,230.65391,181.69898,10.31727,7.51519,8.25933
1982-06-10,104.8906,232.0989,182.83355,10.35927,7.54629,8.29335
1982-06-11,106.3765,235.40382,185.43298,10.44716,7.61087,8.36414
1982-06-14,105.1987,232.81338,183.38869,10.55104,7.68711,8.44774
1982-06-15,104.8928,232.15181,182.86395,10.58742,7.71414,8.47727
1982-06-16,104.1128,230.44101,181.51272,10.52275,7.66754,8.42589
1982-06-17,102.9066,227.78688,179.41846,10.46657,7.62711,8.3813
1982-06-18,102.7251,227.4002,179.11035,10.47416,7.63314,8.38776
1982-06-21,102.6208,227.18438,178.93682,10.59001,7.71814,8.48098
1982-06-22,103.6224,229.4178,180.69215,10.59978,7.72577,8.4892
1982-06-23,105.3642,233.29119,183.73886,10.86398,7.91899,8.70129
1982-06-24,105.0475,232.60542,183.19512,10.7299,7.8218,8.59433
1982-06-25,104.2944,230.95337,181.89036,10.7854,7.8628,8.6392
1982-06-28,105.3102,233.21912,183.67094,10.90423,7.95002,8.73484
1982-06-29,105.3314,233.28156,183.71648,10.81856,7.8881,8.66662
1982-06-30,104.9895,232.53979,183.12868,10.73515,7.82781,8.60021
1982-07-01,104.1072,230.60119,181.59835,10.65492,7.76983,8.53634
1982-07-02,103.1637,228.5268,179.96113,10.56607,7.70556,8.46556
1982-07-05,103.1637,228.54197,179.96952,10.59259,7.72542,8.48721
1982-07-06,102.8334,227.82538,179.40167,10.58303,7.71896,8.47994
1982-07-07,102.6758,227.4913,179.13506,10.71736,7.81753,8.58803
1982-07-08,102.9993,228.22339,179.70794,10.72149,7.82106,8.59174
1982-07-09,104.2917,231.10355,181.97195,10.79877,7.87799,8.6541
1982-07-12,105.1277,232.97218,183.43954,10.75376,7.84567,8.61843
1982-07-13,105.0836,232.8899,183.37112,10.81687,7.89227,8.66944
1982-07-14,106.1378,235.24275,185.21982,10.99224,8.02084,8.81047
1982-07-15,106.1386,235.26014,185.22984,10.99928,8.02652,8.81653
1982-07-16,106.6366,236.37998,186.10778,11.0439,8.05963,8.85271
1982-07-19,106.2409,235.5185,185.42584,10.8665,7.93075,8.71096
1982-07-20,106.9921,237.20009,186.74594,10.95132,7.99322,8.7794
1982-07-21,106.7747,236.73382,186.37517,10.82188,7.8993,8.67605
1982-07-22,106.8051,236.81695,186.43692,10.82496,7.90207,8.67893
1982-07-23,106.3422,235.80627,185.63757,10.6353,7.7642,8.52732
1982-07-26,105.611,234.20062,184.36984,10.58266,7.72628,8.4855
1982-07-27,104.6387,232.06022,182.68116,10.57047,7.71789,8.47612
1982-07-28,102.9836,228.4057,179.80051,10.45924,7.6372,8.38733
1982-07-29,103.0604,228.59123,179.94299,10.53132,7.69038,8.44555
1982-07-30,102.5556,227.48674,179.07,10.46775,7.64447,8.39497
1982-08-02,104.4214,231.64251,182.33726,10.55721,7.71036,8.46714
1982-08-03,103.4097,229.41382,180.57929,10.44309,7.62755,8.37603
1982-08-04,101.7216,225.68468,177.64023,10.46203,7.64189,8.39161
1982-08-05,100.7296,223.49899,175.91627,10.35458,7.56393,8.30583
1982-08-06,99.32,220.38669,173.46299,10.33631,7.55108,8.29156
1982-08-09,98.6977,219.02051,172.38425,10.37049,7.57656,8.31937
1982-08-10,98.4986,218.59319,172.04451,10.19248,7.44706,8.17699
1982-08-11,98.2118,217.97118,171.55156,10.29849,7.52508,8.26247
1982-08-12,98.1354,217.81606,171.42609,10.26636,7.50209,8.23707
1982-08-13,99.5576,220.98866,173.91924,10.33802,7.55499,8.29498
1982-08-16,99.9028,221.76982,174.53052,10.45682,7.64238,8.39075
1982-08-17,104.7808,232.61706,183.06274,10.97794,8.0239,8.8094
1982-08-18,104.3176,231.60416,182.26201,10.7279,7.84175,8.60923
1982-08-19,104.8832,232.87574,183.25896,10.85887,7.93808,8.71479
1982-08-20,108.6449,241.24702,189.84215,11.11238,8.12406,8.91875
1982-08-23,111.6436,247.92474,195.09248,11.42981,8.35681,9.17405
1982-08-24,110.7681,245.99712,193.57175,11.21967,8.20378,9.00585
1982-08-25,112.8399,250.61678,197.20253,11.40129,8.33723,9.15213
1982-08-26,113.6683,252.47403,198.65986,11.54679,8.44426,9.26942
1982-08-27,112.2544,249.35076,196.19827,11.50434,8.41378,9.23577
1982-08-30,112.806,250.59302,197.17174,11.67668,8.54047,9.37463
1982-08-31,114.6272,254.6573,200.36523,11.92302,8.72134,9.57294
1982-09-01,113.3213,251.77337,198.0921,11.7486,8.59438,9.43338
1982-09-02,115.2215,256.01391,201.42409,11.82818,8.65321,9.49775
1982-09-03,117.634,261.39387,205.65228,12.07205,8.83232,9.69411
1982-09-06,117.634,261.41122,205.66186,12.16873,8.90369,9.77224
1982-09-07,116.3879,258.65976,203.49305,11.98678,8.7712,9.62661
1982-09-08,117.1635,260.4013,204.85896,12.14694,8.88907,9.75575
1982-09-09,116.9504,259.94491,204.49588,12.13638,8.88193,9.74773
1982-09-10,116.0136,257.8801,202.86743,12.11859,8.86949,9.73389
1982-09-13,117.3525,260.87475,205.2189,12.32929,9.0244,9.90367
1982-09-14,118.1738,262.71855,206.6651,12.36134,9.04847,9.92988
1982-09-15,119.2331,265.09199,208.52781,12.41131,9.08568,9.9705
1982-09-16,118.6963,263.9161,207.59871,12.43189,9.10135,9.98751
1982-09-17,117.4176,261.09083,205.37214,12.25351,8.97141,9.8447
1982-09-20,117.4176,261.10816,205.38171,12.20938,8.93969,9.8097
1982-09-21,119.7536,266.32268,209.47866,12.50261,9.15513,10.04586
1982-09-22,118.9272,264.5026,208.0429,12.37291,9.06078,9.94213
1982-09-23,118.8068,264.25234,207.84195,12.40904,9.08785,9.97164
1982-09-24,118.4051,263.37637,207.14888,12.41729,9.0945,9.97873
1982-09-27,118.8569,264.39916,207.94913,12.5343,9.18087,10.07328
1982-09-28,118.4872,263.59426,207.31198,12.53301,9.18053,10.07271
1982-09-29,116.8198,259.90294,204.40459,12.29965,9.01027,9.88568
1982-09-30,115.5813,257.16508,202.24724,12.18886,8.92972,9.79711
1982-10-01,117.0509,260.4535,204.82905,12.3253,9.03035,9.90729
1982-10-04,116.5336,259.31971,203.93335,12.38106,9.07183,9.95259
1982-10-05,116.9314,260.22243,204.63916,12.43274,9.11032,9.99462
1982-10-06,120.9844,269.26328,211.74389,12.83587,9.4065,10.31929
1982-10-07,123.5235,274.93489,216.1991,13.02223,9.5438,10.46967
1982-10-08,125.705,279.81099,220.02865,13.19411,9.6705,10.60843
1982-10-11,128.9465,287.04829,225.71452,13.45379,9.86161,10.81782
1982-10-12,128.9029,286.97027,225.6487,13.39231,9.81719,10.76888
1982-10-13,130.7375,291.07554,228.8718,13.67845,10.02775,10.99959
1982-10-14,128.7593,286.69132,225.4198,13.51036,9.90522,10.86495
1982-10-15,127.7017,284.35571,223.57886,13.42522,9.84345,10.79699
1982-10-18,130.7916,291.25816,229.00081,13.70895,10.05229,11.02579
1982-10-19,130.5978,290.84587,228.67213,13.69449,10.04234,11.01467
1982-10-20,133.0878,296.41316,233.04414,14.0245,10.28518,11.28074
1982-10-21,132.8417,295.88467,232.62403,14.01813,10.28118,11.27614
1982-10-22,132.5771,295.31489,232.17149,13.97969,10.25366,11.24574
1982-10-25,127.4289,283.87014,223.16849,13.55623,9.9439,10.90573
1982-10-26,128.6805,286.67838,225.37151,13.64797,10.0119,10.98008
1982-10-27,129.2742,288.02054,226.42207,13.69171,10.04467,11.01579
1982-10-28,127.6822,284.49321,223.64453,13.60677,9.98302,10.94797
1982-10-29,127.9017,285.0013,224.0395,13.67619,10.03465,11.00436
1982-11-01,129.6665,288.95455,227.14227,13.82424,10.14403,11.12406
1982-11-02,131.4976,293.05618,230.36152,13.96788,10.25019,11.24023
1982-11-03,136.5017,304.23248,239.14114,14.5356,10.66769,11.69776
1982-11-04,135.4755,301.96564,237.35454,14.54465,10.67504,11.70559
1982-11-05,135.914,302.96339,238.13402,14.59173,10.71032,11.74404
1982-11-08,134.2688,299.31672,235.26286,14.50712,10.64893,11.67649
1982-11-09,136.5865,304.50577,239.3362,14.74293,10.82286,11.86694
1982-11-10,134.9589,300.8979,236.49563,14.47494,10.62692,11.65184
1982-11-11,135.5727,302.28685,237.58251,14.64961,10.75597,11.79306
1982-11-12,133.6364,297.99024,234.20073,14.4547,10.61361,11.63674
1982-11-15,131.2566,292.7044,230.04155,14.21922,10.44148,11.44776
1982-11-16,129.6077,289.04728,227.16269,13.98504,10.27027,11.2598
1982-11-17,130.889,291.92525,229.41969,14.10469,10.35889,11.35671
1982-11-18,132.2176,294.90917,231.75984,14.26665,10.47862,11.48772
1982-11-19,130.9499,292.10145,229.5487,14.0281,10.30416,11.29622
1982-11-22,128.3517,286.32637,225.00553,13.73178,10.08728,11.05821
1982-11-23,127.0874,283.52528,222.79982,13.68601,10.05432,11.02186
1982-11-24,128.0215,285.62887,224.44825,13.69347,10.06047,11.02838
1982-11-25,128.0215,285.64783,224.45871,13.63405,10.01747,10.98103
1982-11-26,128.9792,287.80453,226.14877,13.78239,10.12722,11.10108
1982-11-29,128.2112,286.10997,224.81274,13.51642,9.93253,10.88743
1982-11-30,132.3179,295.29735,232.02635,13.90456,10.2186,11.20073
1982-12-01,132.3367,295.35892,232.07013,13.76654,10.11786,11.09008
1982-12-02,132.4068,295.53501,232.2039,13.82658,10.16269,11.13899
1982-12-03,132.3019,295.32045,232.03073,13.67453,10.05163,11.01703
1982-12-06,135.2721,301.9732,237.25238,13.89376,10.21357,11.19426
1982-12-07,136.0875,303.81419,238.69394,13.9425,10.2501,11.23407
1982-12-08,135.2949,302.06493,237.31489,14.00157,10.29423,11.28221
1982-12-09,133.7468,298.62907,234.61074,13.88528,10.20942,11.18903
1982-12-10,133.3632,297.79234,233.94876,13.85131,10.18512,11.16218
1982-12-13,133.7497,298.67541,234.63781,14.01153,10.30369,11.29188
1982-12-14,131.3191,293.26852,230.38531,13.61308,10.01151,10.97141
1982-12-15,129.2272,288.61706,226.72649,13.43169,9.87881,10.82575
1982-12-16,129.2343,288.65208,226.74951,13.30424,9.78574,10.72355
1982-12-17,131.3742,293.45313,230.51591,13.48212,9.91733,10.8675
1982-12-20,130.1158,290.66198,228.31876,13.37815,9.84152,10.78421
1982-12-21,132.4502,295.89853,232.42701,13.55994,9.97601,10.93133
1982-12-22,132.4788,295.98208,232.48804,13.55015,9.96946,10.92395
1982-12-23,133.3913,298.04123,234.10067,13.65202,10.04513,11.00662
1982-12-24,133.3913,298.06101,234.11158,NA,NA,NA
1982-12-27,135.8986,303.68602,238.52444,13.80073,10.15596,11.1276
1982-12-28,134.5164,300.61778,236.10976,13.58727,9.99961,10.95605
1982-12-29,134.9966,301.71124,236.96383,13.64701,10.04427,11.00476
1982-12-30,134.0351,299.58248,235.28718,13.55959,9.98059,10.93477
1982-12-31,134.15,299.85924,235.49988,13.60486,10.01459,10.9718
1983-01-03,131.9667,294.99978,231.67856,13.36687,9.84014,10.78043
1983-01-04,134.8409,301.44744,236.73692,13.56145,9.98414,10.93795
1983-01-05,135.4077,302.73501,237.7433,13.56703,9.98891,10.94296
1983-01-06,138.3524,309.3418,242.92627,13.87481,10.21635,11.19185
1983-01-07,138.3462,309.34847,242.9267,13.89264,10.23016,11.20675
1983-01-10,140.0489,313.17809,245.92881,13.98068,10.29571,11.27833
1983-01-11,139.0966,311.06945,244.26807,13.97228,10.29021,11.27208
1983-01-12,139.9799,313.06623,245.83104,14.09996,10.385,11.37566
1983-01-13,138.9936,310.88126,244.11043,13.96194,10.28404,11.26485
1983-01-14,139.7989,312.70376,245.5365,14.12957,10.4083,11.4007
1983-01-17,139.8295,312.79298,245.60169,14.10363,10.38987,11.38029
1983-01-18,139.7298,312.59068,245.438,14.25763,10.5041,11.50516
1983-01-19,138.6875,310.27984,243.6187,14.29691,10.53375,11.5374
1983-01-20,139.5503,312.23149,245.14605,14.37981,10.59557,11.60487
1983-01-21,137.1589,306.90265,240.95709,14.17804,10.44765,11.44261
1983-01-24,133.5686,298.89136,234.66203,14.0918,10.3848,11.37355
1983-01-25,135.3595,302.92066,237.82036,14.08398,10.37972,11.36776
1983-01-26,135.1141,302.39153,237.40026,13.91977,10.25941,11.23577
1983-01-27,137.1624,306.99799,241.01145,14.31557,10.552,11.55592
1983-01-28,138.0583,309.02436,242.59731,14.38155,10.60137,11.60975
1983-01-31,138.9663,311.0781,244.2046,14.54095,10.71966,11.73903
1983-02-01,136.7623,306.16592,240.34338,14.4334,10.64109,11.65276
1983-02-02,136.7479,306.154,240.32927,14.47545,10.67282,11.68726
1983-02-03,137.7137,308.33745,242.0383,14.52288,10.70852,11.72612
1983-02-04,139.404,312.14421,245.02132,14.76776,10.88993,11.92449
1983-02-07,140.1893,313.92399,246.41337,14.80144,10.9155,11.95225
1983-02-08,138.9403,311.14821,244.2296,14.45962,10.66426,11.67687
1983-02-09,138.2333,309.58559,242.99822,14.35561,10.58825,11.59342
1983-02-10,140.596,314.90015,247.16428,14.52721,10.71562,11.73262
1983-02-11,140.5802,314.88566,247.14801,14.48746,10.687,11.70105
1983-02-14,141.8153,317.67425,249.33155,14.71048,10.85236,11.88183
1983-02-15,141.2841,316.50538,248.40922,14.52189,10.71398,11.73008
1983-02-16,140.4343,314.62272,246.92669,14.5105,10.70629,11.72143
1983-02-17,140.5603,314.92595,247.15978,14.40676,10.63046,11.63818
1983-02-18,141.0298,315.99911,247.99704,14.53684,10.72723,11.74386
1983-02-21,141.0298,316.02009,248.0086,14.4821,10.68753,11.70017
1983-02-22,138.6945,310.80906,243.91393,14.26767,10.53005,11.52752
1983-02-23,140.03,313.82381,246.27468,14.63197,10.7998,11.82253
1983-02-24,142.7917,320.03691,251.14484,14.81959,10.9391,11.97476
1983-02-25,142.9957,320.51549,251.51541,14.82666,10.94504,11.98103
1983-02-28,141.3639,316.87966,248.65722,14.69471,10.84838,11.87497
1983-03-01,144.1569,323.16446,253.58328,15.08086,11.13436,12.18772
1983-03-02,145.4866,326.16807,255.93485,15.17952,11.208,12.26806
1983-03-03,146.5701,328.61982,257.85337,15.27309,11.27788,12.3443
1983-03-04,146.8887,329.35616,258.42599,15.23997,11.25416,12.31809
1983-03-07,146.8908,329.38273,258.44173,15.17603,11.20768,12.26698
1983-03-08,144.4123,323.8479,254.09363,14.94828,11.04029,12.0835
1983-03-09,145.8619,327.12161,256.65683,15.16549,11.20157,12.25974
1983-03-10,144.6977,324.53258,254.62038,15.00472,11.08359,12.13037
1983-03-11,144.1777,323.38781,253.71719,14.96186,11.05265,12.09627
1983-03-14,143.802,322.56653,253.06784,14.87413,10.98858,12.02591
1983-03-15,144.3228,323.75655,253.99637,14.78623,10.92436,11.9554
1983-03-16,142.7731,320.30204,251.28109,14.77082,10.9137,11.94349
1983-03-17,142.6591,320.06751,251.09214,14.72488,10.88047,11.9069
1983-03-18,143.1011,321.08073,251.88196,14.90212,11.01226,12.05085
1983-03-21,144.2633,323.7108,253.93996,NA,NA,NA
1983-03-22,143.7371,322.55151,253.02552,15.1337,11.185,12.23935
1983-03-23,145.9279,327.49151,256.89513,15.53936,11.48575,12.56815
1983-03-24,146.4651,328.71924,257.85302,15.4807,11.44314,12.52128
1983-03-25,145.7156,327.05893,256.54554,15.45807,11.42717,12.50355
1983-03-28,144.9011,325.25253,255.12352,15.45013,11.42206,12.49771
1983-03-29,144.6138,324.62917,254.62953,15.42452,11.40387,12.47758
1983-03-30,146.3194,328.48122,257.6455,15.54564,11.49424,12.57618
1983-03-31,145.709,327.13267,256.58267,15.47911,11.44581,12.52294
1983-04-01,145.709,327.15438,256.59463,NA,NA,NA
1983-04-04,145.7213,327.20372,256.62825,NA,NA,NA
1983-04-05,144.6777,324.88227,254.8024,15.32147,11.33148,12.39713
1983-04-06,143.9951,323.37101,253.6121,15.15112,11.20627,12.25989
1983-04-07,144.6497,324.86303,254.77711,15.24123,11.27371,12.33341
1983-04-08,145.7218,327.29336,256.67785,15.42372,11.40955,12.48174
1983-04-11,147.9185,332.25127,260.56041,15.61918,11.55501,12.64059
1983-04-12,148.5678,333.73227,261.71658,15.67426,11.59655,12.68577
1983-04-13,149.549,335.95939,263.45773,15.78795,11.6815,12.77843
1983-04-14,150.7385,338.655,265.56613,16.00995,11.84665,12.95879
1983-04-15,151.4891,340.36441,266.90122,16.05666,11.88203,12.99722
1983-04-18,152.5368,342.74191,268.76005,16.22904,12.01047,13.13744
1983-04-19,151.4517,340.32663,266.86078,16.10137,11.9168,13.03471
1983-04-20,153.4255,344.78663,270.35222,16.38575,12.12821,13.26565
1983-04-21,152.6768,343.12699,269.04553,16.26685,12.04102,13.17002
1983-04-22,152.9432,343.74864,269.5276,16.26875,12.04322,13.17216
1983-04-25,151.3611,340.216,266.75229,16.02061,11.86039,12.97192
1983-04-26,154.268,346.77559,271.88942,16.39546,12.13888,13.27618
1983-04-27,153.9304,346.03966,271.30705,16.35958,12.11311,13.24774
1983-04-28,155.4218,349.41681,273.94913,16.61703,12.30469,13.45695
1983-04-29,156.6045,352.10002,276.04714,16.68533,12.35611,13.51291
1983-05-02,154.2339,346.79438,271.88184,16.46134,12.19111,13.33218
1983-05-03,154.3304,347.03443,272.06464,16.41097,12.15461,13.292
1983-05-04,155.354,349.36008,273.88229,16.46098,12.19247,13.33314
1983-05-05,156.2199,351.33124,275.42199,16.54201,12.25334,13.39943
1983-05-06,157.9016,355.13834,278.40066,16.74899,12.40759,13.5678
1983-05-09,157.5343,354.33574,277.766,16.62918,12.31966,13.47138
1983-05-10,157.6527,354.62564,277.98774,16.74068,12.40315,13.56238
1983-05-11,156.5888,352.25614,276.12478,16.5775,12.28309,13.43083
1983-05-12,155.984,350.91895,275.07114,NA,NA,NA
1983-05-13,156.5258,352.16153,276.03961,16.63541,12.32765,13.47902
1983-05-16,155.0956,348.96746,273.53043,16.55151,12.26629,13.41165
1983-05-17,155.2387,349.31267,273.79559,16.62098,12.31862,13.4686
1983-05-18,154.7911,348.32863,273.01888,16.51183,12.23854,13.38078
1983-05-19,153.6092,345.69227,270.94708,16.46627,12.20558,13.34447
1983-05-20,153.8143,346.17691,271.32153,16.49546,12.22803,13.36876
1983-05-23,155.0711,349.02965,273.55176,NA,NA,NA
1983-05-24,156.866,353.09459,276.73179,16.86881,12.50665,13.67276
1983-05-25,157.4674,354.47219,277.80588,16.91125,12.53896,13.70781
1983-05-26,156.657,352.67145,276.38912,16.83527,12.48345,13.64686
1983-05-27,155.5757,350.26073,274.49433,16.80923,12.46496,13.62638
1983-05-30,155.5757,350.28398,274.50712,16.8259,12.47816,13.64053
1983-05-31,153.6392,345.94775,271.10338,16.64213,12.34273,13.49221
1983-06-01,153.9342,346.63514,271.63666,16.85824,12.50395,13.66814
1983-06-02,155.2069,349.52528,273.89581,16.98435,12.5984,13.77108
1983-06-03,155.5668,350.3592,274.54382,17.06559,12.65953,13.83762
1983-06-06,156.0262,351.41742,275.36754,17.21409,12.77062,13.95874
1983-06-07,154.134,347.17953,272.04119,17.01489,12.62372,13.79789
1983-06-08,152.7031,343.97985,269.52855,16.90827,12.54545,13.71207
1983-06-09,153.09,344.87448,270.22415,16.81644,12.47814,13.63823
1983-06-10,153.8808,346.6795,271.63296,16.91466,12.5519,13.71856
1983-06-13,155.962,351.39349,275.32059,17.10512,12.69418,13.87376
1983-06-14,156.5751,352.79864,276.41598,17.32918,12.86144,14.05624
1983-06-15,158.1381,356.34541,279.18901,17.58743,13.05411,14.26648
1983-06-16,160.1211,360.83961,282.7041,17.66985,13.11618,14.33403
1983-06-17,160.1754,360.98595,282.81315,17.62235,13.08179,14.29616
1983-06-20,160.0902,360.81787,282.67588,17.65453,13.10656,14.32294
1983-06-21,161.4195,363.83911,285.03692,17.82315,13.2327,14.46048
1983-06-22,161.6875,364.4675,285.52353,17.66399,13.11543,14.33204
1983-06-23,161.2359,363.47365,284.73932,17.6225,13.08549,14.29903
1983-06-24,160.9288,362.80541,284.21021,17.57328,13.0498,14.25975
1983-06-27,159.2676,359.08483,281.28991,17.34558,12.88162,14.07568
1983-06-28,156.7761,353.4923,276.90321,17.291,12.84193,14.03204
1983-06-29,157.6669,355.52506,278.48988,17.34442,12.88249,14.07607
1983-06-30,159.0427,358.65229,280.93368,17.50166,13.00022,14.2044
1983-07-01,159.882,360.56948,282.42969,17.54681,13.03464,14.24172
1983-07-04,159.8819,360.59319,282.44267,17.65536,13.11619,14.33053
1983-07-05,157.6735,355.63713,278.55498,17.48821,12.99291,14.19554
1983-07-06,159.3326,359.40457,281.49993,17.66026,13.12169,14.33593
1983-07-07,158.2561,357.0003,279.61121,17.535,13.0295,14.23493
1983-07-08,157.7867,355.96504,278.79486,17.52849,13.02553,14.2303
1983-07-11,158.9626,358.64257,280.88615,17.71727,13.16678,14.3843
1983-07-12,156.432,352.95797,276.42823,17.48286,12.9935,14.1947
1983-07-13,156.1638,352.3762,275.96715,17.4509,12.9706,14.16941
1983-07-14,156.7221,353.65978,276.96684,17.44774,12.96911,14.1675
1983-07-15,155.1304,350.09181,274.16704,17.39681,12.9321,14.12679
1983-07-18,154.862,349.50927,273.70543,17.31528,12.87235,14.06124
1983-07-19,155.7568,351.55272,275.30008,17.43717,12.96389,14.16094
1983-07-20,159.938,361.01765,282.70554,17.79567,13.23147,14.45289
1983-07-21,159.5833,360.2409,282.09171,17.69604,13.15826,14.37263
1983-07-22,159.3593,359.7591,281.70886,17.79785,13.2349,14.45604
1983-07-25,159.8929,360.98799,282.66547,18.01113,13.3945,14.63004
1983-07-26,160.6655,362.75687,284.04482,18.01136,13.39555,14.6309
1983-07-27,158.115,357.02333,279.54952,17.85388,13.27934,14.50368
1983-07-28,155.7514,351.71092,275.38417,17.60319,13.09382,14.30075
1983-07-29,153.3391,346.28785,271.13233,17.45312,12.98308,14.17951
1983-08-01,153.1178,345.81101,270.75363,17.56233,13.06523,14.26894
1983-08-02,153.0661,345.71718,270.67482,17.5216,13.03579,14.2365
1983-08-03,154.403,348.76096,273.05224,17.69733,13.1675,14.38003
1983-08-04,152.4295,344.32707,269.57531,17.46298,12.99406,14.19032
1983-08-05,152.6541,344.85742,269.98516,17.71405,13.18188,14.3951
1983-08-08,150.2953,339.55251,265.82646,17.45477,12.98988,14.18513
1983-08-09,151.2352,341.69932,267.50168,17.49975,13.02423,14.22235
1983-08-10,152.5498,344.69347,269.84007,17.82415,13.26671,14.48679
1983-08-11,152.3679,344.30528,269.53086,17.9417,13.35515,14.58306
1983-08-12,153.1048,345.9939,270.84728,17.96383,13.37251,14.60173
1983-08-15,154.5975,349.39164,273.50135,18.01409,13.41084,14.64328
1983-08-16,154.4327,349.04233,273.22251,17.79632,13.24965,14.46698
1983-08-17,156.3173,353.32698,276.57055,17.82724,13.27356,14.4928
1983-08-18,154.6183,349.51061,273.57768,17.52759,13.05142,14.24993
1983-08-19,155.0425,350.493,274.34115,17.72304,13.19793,14.40958
1983-08-22,155.2832,351.06054,274.77992,17.64372,13.13973,14.34575
1983-08-23,154.0849,348.37493,272.67239,17.38282,12.94637,14.13434
1983-08-24,152.6759,345.21271,270.19186,17.3857,12.94937,14.13734
1983-08-25,152.3307,344.45503,269.59351,17.33634,12.91345,14.09785
1983-08-26,153.6696,347.50676,271.97635,17.62768,13.13149,14.33555
1983-08-29,153.7886,347.79899,272.19967,17.78263,13.24788,14.4623
1983-08-30,154.1071,348.54258,272.77619,17.85732,13.30444,14.52375
1983-08-31,155.9243,352.67756,276.00646,18.16007,13.53105,14.77078
1983-09-01,155.6026,351.97327,275.44983,18.01573,13.42441,14.65408
1983-09-02,156.274,353.51587,276.65147,18.17492,13.54401,14.78432
1983-09-05,156.274,353.53933,276.66436,18.06577,13.46356,14.69621
1983-09-06,159.0109,359.75748,281.52422,18.31745,13.65217,14.90175
1983-09-07,159.0836,359.94588,281.66607,18.46013,13.7595,15.01858
1983-09-08,158.8378,359.41355,281.24396,18.36215,13.68737,14.93956
1983-09-09,158.1078,357.78557,279.96449,18.21341,13.57742,14.81925
1983-09-12,156.8478,354.95825,277.74654,17.97336,13.39942,14.62466
1983-09-13,156.2424,353.6117,276.68742,18.05148,13.45859,14.68894
1983-09-14,156.7946,354.88534,277.67842,18.14732,13.53099,14.76765
1983-09-15,155.8068,352.67321,275.94204,18.04576,13.45616,14.68569
1983-09-16,157.7358,357.06501,279.37236,18.21331,13.58208,14.82279
1983-09-19,159.0854,360.14509,281.77642,18.31099,13.65588,14.90302
1983-09-20,160.4894,363.3488,284.27709,18.43369,13.74836,15.00363
1983-09-21,159.665,361.50648,282.83007,18.37124,13.70268,14.95349
1983-09-22,160.9438,364.42709,285.10917,18.54229,13.83127,15.09349
1983-09-23,160.7357,363.98002,284.75378,18.50311,13.80296,15.0623
1983-09-26,161.2442,365.15602,285.66808,18.44915,13.76361,15.01906
1983-09-27,159.6628,361.59937,282.87992,18.33445,13.67895,14.92639
1983-09-28,159.3174,360.84106,282.2811,18.21807,13.59303,14.83233
1983-09-29,158.5475,359.12124,280.93014,18.18936,13.5725,14.80964
1983-09-30,157.4002,356.54652,278.91041,17.97371,13.41253,14.63479
1983-10-03,157.4054,356.58197,278.93262,17.943,13.39049,14.61045
1983-10-04,157.9089,357.74661,279.83805,18.07807,13.49225,14.72117
1983-10-05,159.4048,361.16084,282.50285,18.06394,13.4826,14.71035
1983-10-06,161.7769,366.56181,286.72133,18.23172,13.60882,14.84774
1983-10-07,162.0958,367.30892,287.29999,18.21956,13.60064,14.83852
1983-10-10,163.919,371.46656,290.54586,18.42026,13.75148,15.00277
1983-10-11,161.7495,366.57553,286.71438,18.20147,13.5891,14.8253
1983-10-12,160.9683,364.82941,285.34299,18.29179,13.65748,14.89959
1983-10-13,161.1532,365.2728,285.68411,18.25575,13.63146,14.87091
1983-10-14,161.0583,365.08191,285.52917,18.3658,13.7146,14.9613
1983-10-17,161.6315,366.40588,286.55889,18.27408,13.64701,14.88727
1983-10-18,159.1071,360.70857,282.09725,17.92673,13.38862,14.60507
1983-10-19,158.1739,358.61693,280.45586,17.87699,13.35235,14.56522
1983-10-20,158.3569,359.05574,280.79346,17.88943,13.36253,14.57604
1983-10-21,157.3959,356.90069,279.10256,17.72579,13.24121,14.4434
1983-10-24,157.5507,357.27548,279.39011,17.90965,13.37954,14.59397
1983-10-25,157.9382,358.17818,280.09044,17.89361,13.36843,14.58157
1983-10-26,156.9974,356.06843,278.43509,17.85916,13.34357,14.55417
1983-10-27,156.5369,355.0476,277.63133,17.85644,13.34242,14.55263
1983-10-28,155.0613,351.72463,275.02735,17.6471,13.18693,14.38273
1983-10-31,155.0741,351.77702,275.06287,17.71634,13.23957,14.43985
1983-11-01,155.4199,352.58502,275.68918,17.87022,13.35554,14.56602
1983-11-02,156.5045,355.06993,277.62646,18.01603,13.46549,14.68561
1983-11-03,155.2427,352.23099,275.40118,17.83105,13.32815,14.53553
1983-11-04,154.2936,350.10103,273.73034,17.83473,13.33178,14.5392
1983-11-07,153.913,349.2606,273.06784,17.87915,13.36589,14.57611
1983-11-08,153.7646,348.94698,272.81725,17.85557,13.34914,14.55756
1983-11-09,155.7588,353.49783,276.36933,18.06791,13.5089,14.73145
1983-11-10,156.1341,354.37329,277.04826,18.04322,13.49132,14.712
1983-11-11,157.9288,358.47207,280.24674,18.25707,13.65224,14.88714
1983-11-14,158.2611,359.25034,280.84958,18.27396,13.66579,14.90161
1983-11-15,157.1603,356.77552,278.90927,18.2391,13.64062,14.87388
1983-11-16,157.8843,358.44336,280.20745,18.29717,13.68497,14.92194
1983-11-17,157.8563,358.40358,280.1708,18.40037,13.76312,15.00684
1983-11-18,156.9585,356.38901,278.59043,18.33927,13.71832,14.9577
1983-11-21,158.0487,358.88905,280.53897,18.5284,13.86082,15.11273
1983-11-22,158.5539,360.06042,281.44898,18.54996,13.87787,15.13103
1983-11-23,158.5625,360.10386,281.47736,18.52227,13.85807,15.10914
1983-11-24,158.5625,360.12776,281.49048,18.60863,13.92364,15.18033
1983-11-25,158.7447,360.56558,281.8271,18.68362,13.98071,15.24223
1983-11-28,157.8092,358.46472,280.17943,18.53795,13.87265,15.12412
1983-11-29,159.2039,361.65794,282.66941,18.78948,14.06194,15.33014
1983-11-30,157.8493,358.60501,280.27761,18.47634,13.82861,15.07543
1983-12-01,157.9663,358.89467,280.49845,18.49003,13.83978,15.08731
1983-12-02,156.9768,356.67046,278.75452,18.42033,13.78852,15.03113
1983-12-05,157.3548,357.55325,279.43889,18.62723,13.94443,15.20075
1983-12-06,156.8751,356.48691,278.6,18.61309,13.93476,15.18992
1983-12-07,157.3777,357.65306,279.50576,18.6592,13.97022,15.22826
1983-12-08,156.7492,356.24845,278.40254,18.6049,13.93049,15.18465
1983-12-09,156.824,356.44214,278.54838,18.71334,14.01266,15.2739
1983-12-12,157.453,357.89592,279.67885,18.79982,14.07839,15.34523
1983-12-13,156.7723,356.3724,278.48276,18.76419,14.05263,15.31686
1983-12-14,155.2154,352.85732,275.73034,18.72855,14.02687,15.28848
1983-12-15,153.6154,349.2438,272.90112,18.41328,13.79176,15.03189
1983-12-16,154.2618,350.73708,274.06246,18.6112,13.94104,15.19426
1983-12-19,154.3042,350.85679,274.15057,18.5684,13.90988,15.16001
1983-12-20,153.9011,349.96344,273.44712,18.51535,13.87106,15.1174
1983-12-21,155.4348,353.47578,276.18574,18.75272,14.04995,15.31202
1983-12-22,155.1207,352.78488,275.64046,18.65065,13.9744,15.22938
1983-12-23,155.0874,352.73255,275.59412,18.63067,13.96035,15.21377
1983-12-26,155.0874,352.75596,275.60696,NA,NA,NA
1983-12-27,156.4093,355.7874,277.96965,18.7688,14.06578,15.32804
1983-12-28,156.792,356.68181,278.66288,18.76426,14.0633,15.32504
1983-12-29,156.3383,355.67331,277.86948,18.5741,13.92174,15.17047
1983-12-30,156.4323,355.91082,278.04952,18.55383,13.90747,15.15461
1984-01-02,156.4323,355.93444,278.06248,18.57852,13.92691,15.17549
1984-01-03,155.4684,353.76496,276.36212,18.60586,13.94833,15.19853
1984-01-04,157.9618,359.46484,280.80876,19.17543,14.37651,15.66471
1984-01-05,159.8209,363.72131,284.12782,19.40351,14.5486,15.85186
1984-01-06,160.3874,365.03512,285.14841,19.53268,14.64649,15.95818
1984-01-09,159.9904,364.15572,284.45584,19.69445,14.76886,16.09116
1984-01-10,158.9812,361.88293,282.67483,19.40717,14.55448,15.85725
1984-01-11,158.8259,361.5534,282.41185,19.50464,14.62858,15.93766
1984-01-12,158.7269,361.352,282.24895,19.5979,14.69955,16.01465
1984-01-13,157.99,359.69837,280.95174,19.44821,14.58826,15.89308
1984-01-16,158.0984,359.9691,281.15762,19.27544,14.45965,15.75264
1984-01-17,158.7312,361.43429,282.29634,19.23315,14.42887,15.71881
1984-01-18,158.3595,360.61184,281.64841,19.36741,14.53062,15.82932
1984-01-19,157.885,359.5552,280.81758,19.18509,14.39482,15.68106
1984-01-20,157.0154,357.59874,279.284,19.1434,14.36449,15.64771
1984-01-23,155.7837,354.8175,277.10629,19.09759,14.33106,15.61099
1984-01-24,156.4131,356.27508,278.23904,19.21795,14.42239,15.71015
1984-01-25,155.2973,353.75732,276.26721,19.07131,14.31331,15.59101
1984-01-26,154.5953,352.18168,275.03125,18.90469,14.18922,15.45554
1984-01-27,154.519,352.03121,274.90831,18.91421,14.19731,15.46404
1984-01-30,153.52,349.77871,273.14383,18.77086,14.09066,15.34756
1984-01-31,154.1317,351.19609,274.24515,18.87857,14.17251,15.43639
1984-02-01,153.4462,349.65744,273.03822,18.70359,14.04211,15.29405
1984-02-02,154.0743,351.11239,274.16883,18.56576,13.93957,15.18207
1984-02-03,151.5879,345.47056,269.75772,18.18135,13.65199,14.86851
1984-02-06,148.746,339.01804,264.7137,17.85795,13.41015,14.60481
1984-02-07,149.4092,340.55262,265.90657,18.05015,13.55549,14.76276
1984-02-08,146.643,334.27137,260.99658,17.61409,13.22905,14.40691
1984-02-09,146.263,333.42729,260.33238,17.45312,13.10905,14.27594
1984-02-10,147.0006,335.1315,261.65769,17.6484,13.25671,14.43643
1984-02-13,145.858,332.54902,259.63618,17.44934,13.1081,14.27429
1984-02-14,147.4211,336.1365,262.43157,17.69672,13.29495,14.47744
1984-02-15,147.0848,335.39195,261.8451,17.31545,13.00951,14.16629
1984-02-16,146.9241,335.04772,261.57119,17.17092,12.9018,14.04872
1984-02-17,146.513,334.13242,260.85145,17.22335,12.94207,14.09228
1984-02-20,146.513,334.1546,260.86361,17.24193,12.9569,14.10815
1984-02-21,145.494,331.85285,259.06152,17.21903,12.94054,14.09006
1984-02-22,144.8875,330.49151,257.99366,16.94501,12.73554,13.86654
1984-02-23,144.7188,330.12859,257.70526,16.79522,12.62382,13.74462
1984-02-24,147.8432,337.28119,263.28282,17.03697,12.8065,13.94321
1984-02-27,149.4221,340.90723,266.10771,17.25944,12.97471,14.12603
1984-02-28,147.1098,335.65523,262.00261,16.76354,12.60296,13.72095
1984-02-29,147.1792,335.8359,262.13844,16.78704,12.62147,13.74083
1984-03-01,148.328,338.48062,264.19735,16.93972,12.73719,13.86651
1984-03-02,149.1067,340.28072,265.59701,16.90866,12.71467,13.84173
1984-03-05,147.8583,337.45452,263.3858,16.66888,12.53527,13.64613
1984-03-06,146.5356,334.45842,261.04205,16.4838,12.39695,13.49528
1984-03-07,145.0392,331.06556,258.3887,16.18564,12.17362,13.25187
1984-03-08,145.498,332.13512,259.21827,16.47659,12.39342,13.49082
1984-03-09,144.7995,330.56267,257.98591,16.39182,12.33047,13.42203
1984-03-12,146.6194,334.7412,261.24145,16.79147,12.63213,13.75006
1984-03-13,147.1409,335.95443,262.18303,16.7089,12.57084,13.68308
1984-03-14,147.1149,335.91736,262.14891,16.49416,12.41016,13.5079
1984-03-15,147.5573,336.95013,262.94963,16.77947,12.62582,13.74231
1984-03-16,149.2522,340.84462,265.98318,17.19732,12.94128,14.08533
1984-03-19,147.8182,337.59277,263.44022,17.13668,12.8965,14.03631
1984-03-20,148.8321,339.93169,265.25996,17.20546,12.94914,14.09332
1984-03-21,148.832,339.95402,265.27214,17.3567,13.06392,14.21793
1984-03-22,146.7915,335.31651,261.648,17.04382,12.82938,13.96237
1984-03-23,146.8992,335.58484,261.85219,17.00203,12.79877,13.92877
1984-03-26,146.6775,335.1006,261.46917,16.79813,12.64616,13.76241
1984-03-27,147.2529,336.43785,262.50731,16.76622,12.62297,13.7369
1984-03-28,149.9071,342.52731,267.25275,17.18002,12.93556,14.07673
1984-03-29,149.7336,342.15356,266.95586,17.00332,12.8034,13.93263
1984-03-30,149.3414,341.28,266.26902,17.04554,12.83605,13.96788
1984-04-02,148.0859,338.43377,264.04306,16.86889,12.70391,13.82381
1984-04-03,147.635,337.4257,263.25136,17.00699,12.80883,13.93767
1984-04-04,147.4775,337.08808,262.98276,17.00081,12.80503,13.93326
1984-04-05,145.0541,331.5723,258.67414,16.6569,12.54695,13.65214
1984-04-06,145.6282,332.90706,259.71022,16.84698,12.69107,13.80865
1984-04-09,145.7253,333.15118,259.89552,16.76929,12.63338,13.7456
1984-04-10,146.1755,334.20285,260.71072,16.89835,12.73152,13.85209
1984-04-11,145.4289,332.51808,259.39128,16.71754,12.59617,13.70454
1984-04-12,148.0949,338.6388,264.1601,17.02201,12.82659,13.95491
1984-04-13,147.6604,337.66767,263.39735,17.0199,12.82584,13.95382
1984-04-16,148.7266,340.12924,265.31205,17.23792,12.99112,14.13332
1984-04-17,149.3783,341.64274,266.48726,17.32164,13.05512,14.20265
1984-04-18,148.3496,339.3128,264.66456,17.25126,13.00293,14.14559
1984-04-19,148.5211,339.72768,264.98291,17.29374,13.03583,14.1811
1984-04-20,148.5211,339.75023,264.99526,NA,NA,NA
1984-04-23,147.276,336.92478,262.78619,NA,NA,NA
1984-04-24,148.505,339.75993,264.992,17.44707,13.15409,14.30888
1984-04-25,148.9704,340.84759,265.83499,17.52482,13.21362,14.37334
1984-04-26,150.5492,344.48417,268.6656,17.75523,13.38836,14.56309
1984-04-27,150.1451,343.58232,267.95694,17.77163,13.40161,14.57721
1984-04-30,150.3277,344.02308,268.29535,17.90768,13.50517,14.68955
1984-05-01,151.8569,347.54704,271.03792,NA,NA,NA
1984-05-02,151.9353,347.74957,271.1905,18.17417,13.70811,14.90964
1984-05-03,151.2822,346.27782,270.0374,18.05863,13.62187,14.81556
1984-05-04,149.2848,341.72953,266.48502,17.70823,13.35857,14.52885
1984-05-07,149.678,342.65257,267.19948,18.05374,13.62029,14.81315
1984-05-08,150.7655,345.16589,269.15384,18.31997,13.8222,15.0324
1984-05-09,150.0728,343.60291,267.92973,18.25388,13.77324,14.97886
1984-05-10,150.1918,343.89824,268.1547,18.29329,13.8039,15.01191
1984-05-11,148.7441,340.60657,265.58264,18.02304,13.60096,14.79088
1984-05-14,147.8206,338.51454,263.94615,17.86483,13.48249,14.66175
1984-05-15,148.342,339.73143,264.88966,17.9102,13.51765,14.69969
1984-05-16,148.2901,339.6351,264.80932,17.77278,13.41483,14.58759
1984-05-17,146.8449,336.34798,262.24108,17.68812,13.35181,14.51877
1984-05-18,146.0227,334.4871,260.785,17.73488,13.38801,14.55785
1984-05-21,145.0643,332.31404,259.08558,17.53604,13.23883,14.39533
1984-05-22,144.354,330.70894,257.82906,17.36038,13.10712,14.25183
1984-05-23,143.7063,329.24702,256.68421,17.27614,13.04438,14.18332
1984-05-24,141.8228,324.95421,253.33227,17.18864,12.97917,14.11214
1984-05-25,142.29,326.0466,254.1788,17.02872,12.8593,13.98152
1984-05-28,142.29,326.06825,254.19065,17.04534,12.87271,13.99582
1984-05-29,140.9262,322.96496,251.76634,16.95854,12.808,13.92519
1984-05-30,141.0777,323.33368,252.04877,16.9063,12.76939,13.88294
1984-05-31,141.335,323.945,252.52029,NA,NA,NA
1984-06-01,143.9326,329.92316,257.17468,17.04657,12.87711,13.99948
1984-06-04,144.7642,331.85198,258.67293,17.00962,12.85004,13.96978
1984-06-05,144.0709,330.28471,257.44616,16.95251,12.80773,13.92351
1984-06-06,145.2308,332.96683,259.53143,17.16305,12.96778,14.09718
1984-06-07,145.1076,332.70643,259.32333,17.12787,12.94205,14.06894
1984-06-08,145.298,333.16518,259.67574,17.22283,13.01471,14.14763
1984-06-11,143.2823,328.56606,256.0858,NA,NA,NA
1984-06-12,142.6575,327.1551,254.98103,17.04153,12.87941,14
1984-06-13,142.5307,326.88598,254.76625,17.00983,12.8563,13.9746
1984-06-14,140.8255,322.99743,251.73046,16.79408,12.69413,13.79804
1984-06-15,139.6723,320.3741,249.68091,16.78296,12.68656,13.78954
1984-06-18,142.2829,326.38632,254.36086,17.16388,12.97555,14.10331
1984-06-19,143.1547,328.4086,255.93165,17.3522,13.11889,14.2588
1984-06-20,145.3691,333.51284,259.90379,17.57072,13.2851,14.43912
1984-06-21,145.0142,332.72069,259.28135,17.72865,13.40548,14.56965
1984-06-22,144.8538,332.3747,259.00661,17.67602,13.36656,14.52706
1984-06-25,144.4538,331.47888,258.30342,17.77302,13.44085,14.6075
1984-06-26,143.1926,328.60706,256.0604,17.51467,13.24643,14.3959
1984-06-27,142.2032,326.35845,254.30312,17.41318,13.17055,14.31315
1984-06-28,143.3111,328.92381,256.29681,17.59714,13.31067,14.4651
1984-06-29,143.7705,330.00038,257.13052,17.55037,13.27617,14.42733
1984-07-02,143.721,329.90865,257.05396,17.63644,13.3422,14.49878
1984-07-03,144.2489,331.14273,258.01034,17.79912,13.46625,14.63327
1984-07-04,144.2433,331.15186,258.01234,17.80738,13.4734,14.64074
1984-07-05,143.4466,329.34482,256.5993,17.84367,13.50176,14.67127
1984-07-06,143.0026,328.34722,255.81699,17.75694,13.43702,14.60064
1984-07-09,144.0215,330.70945,257.65213,17.99041,13.61472,14.79339
1984-07-10,143.4144,329.33732,256.57803,17.81032,13.47936,14.64602
1984-07-11,141.1412,324.13991,252.52358,17.65308,13.36127,14.51741
1984-07-12,140.7415,323.24343,251.82019,17.63905,13.35153,14.50654
1984-07-13,141.6099,325.26012,253.38612,17.69367,13.39378,14.55215
1984-07-16,142.3281,326.93193,254.68334,17.63081,13.34708,14.50112
1984-07-17,143.0295,328.56535,255.95062,17.84152,13.5076,14.6752
1984-07-18,142.1558,326.58017,254.3991,17.78905,13.46876,14.63271
1984-07-19,141.2004,324.40707,252.70124,17.69204,13.39621,14.5536
1984-07-20,140.5093,322.84081,251.47618,17.6032,13.32982,14.48119
1984-07-23,140.026,321.75174,250.62289,17.60331,13.33078,14.48196
1984-07-24,139.0104,319.43958,248.81689,17.53852,13.2826,14.42932
1984-07-25,140.1259,322.02522,250.82571,17.59559,13.32672,14.47696
1984-07-26,141.4515,325.09431,253.21095,17.629,13.35292,14.50513
1984-07-27,142.7269,328.04838,255.50651,17.93367,13.58475,14.75662
1984-07-30,141.7906,325.91822,253.84232,17.98638,13.62561,14.8007
1984-07-31,142.0811,326.60778,254.37432,18.03022,13.65974,14.83748
1984-08-01,145.1887,333.77643,259.95169,18.54203,14.04864,15.25954
1984-08-02,148.7964,342.09627,266.42527,18.94117,14.3522,15.58889
1984-08-03,152.9842,351.75153,273.93847,19.22496,14.56835,15.82331
1984-08-06,153.0765,351.98714,274.11653,19.21197,14.55946,15.81334
1984-08-07,153.2337,352.37206,274.41085,19.58985,14.84701,16.12527
1984-08-08,152.3172,350.28796,272.7824,19.4423,14.73617,16.00457
1984-08-09,155.8743,358.49544,279.16755,19.83444,15.03459,16.32829
1984-08-10,155.8546,358.47392,279.14527,19.63847,14.88706,16.16774
1984-08-13,155.8824,358.56167,279.20807,19.90513,15.09036,16.38815
1984-08-14,154.8755,356.26948,277.41763,19.64115,14.89129,16.17162
1984-08-15,153.3876,352.87077,274.76558,19.30779,14.63962,15.89797
1984-08-16,154.304,355.00319,276.42038,19.3413,14.66602,15.92631
1984-08-17,154.6382,355.79586,277.03207,19.40549,14.71569,15.97993
1984-08-20,155.432,357.64654,278.46742,19.56513,14.83782,16.1122
1984-08-21,158.1704,363.97433,283.38806,20.00473,15.17243,16.47515
1984-08-22,157.2556,361.89344,281.76228,19.89416,15.08957,16.38485
1984-08-23,157.3195,362.06455,281.88992,19.80018,15.01927,16.3082
1984-08-24,157.7086,362.98435,282.6004,19.87718,15.07872,16.37242
1984-08-27,156.7439,360.78815,280.88494,19.75813,14.9894,16.27512
1984-08-28,157.664,362.93076,282.54729,19.96641,15.14853,16.44753
1984-08-29,157.3559,362.24555,282.00827,19.88123,15.0849,16.37812
1984-08-30,156.8906,361.19838,281.18748,19.84031,15.05485,16.34517
1984-08-31,156.9387,361.33312,281.2868,19.87456,15.08184,16.37415
1984-09-03,156.9387,361.3571,281.29991,19.97247,15.15719,16.45562
1984-09-04,155.2795,357.56117,278.33928,19.86173,15.07416,16.36515
1984-09-05,154.868,356.63727,277.6146,19.98881,15.17167,16.47067
1984-09-06,156.1444,359.60154,279.91626,20.20403,15.33616,16.64887
1984-09-07,154.9311,356.83136,277.75436,20.15596,15.30068,16.61003
1984-09-10,154.9645,356.93199,277.82719,20.29208,15.4051,16.72303
1984-09-11,155.1013,357.27085,278.08543,20.37522,15.46928,16.79236
1984-09-12,155.2994,357.75099,278.45363,20.31967,15.42812,16.74735
1984-09-13,158.4502,365.03647,284.1179,20.93563,15.89711,17.25601
1984-09-14,159.3004,367.02011,285.65603,21.0508,15.98568,17.35179
1984-09-17,159.5057,367.51759,286.03754,21.34515,16.21044,17.59536
1984-09-18,158.2626,364.67795,283.82176,21.58785,16.39598,17.79636
1984-09-19,157.5348,363.0251,282.52977,21.30503,16.18233,17.56408
1984-09-20,158.1668,364.50609,283.67666,21.38461,16.24388,17.63054
1984-09-21,156.2281,360.06304,280.21311,21.59845,16.40752,17.80775
1984-09-24,155.864,359.24772,279.57308,20.5166,15.58717,16.91691
1984-09-25,156.2252,360.10433,280.23412,21.04385,15.98904,17.35264
1984-09-26,156.8216,361.50342,281.31724,21.22905,16.13093,17.50625
1984-09-27,157.4266,362.92252,282.41589,20.94415,15.91558,17.27218
1984-09-28,156.5998,361.04057,280.94582,20.79751,15.80521,17.15206
1984-10-01,155.1478,357.71728,278.35415,20.73371,15.75775,17.10023
1984-10-02,154.1656,355.47649,276.60498,20.57724,15.63989,16.97198
1984-10-03,153.0968,353.03576,274.70029,20.22013,15.36961,16.67831
1984-10-04,153.4641,353.90642,275.37226,20.45857,15.55201,16.87587
1984-10-05,153.2197,353.36624,274.94652,20.40659,15.51351,16.83376
1984-10-08,152.7641,352.3389,274.14174,20.40127,15.51049,16.83016
1984-10-09,152.3987,351.51945,273.49875,20.51996,15.60183,16.92891
1984-10-10,152.8321,352.54276,274.28945,20.75482,15.78157,17.12356
1984-10-11,153.4033,353.88421,275.32761,20.87571,15.8746,17.22414
1984-10-12,154.8058,357.14451,277.85839,21.09581,16.04316,17.40665
1984-10-15,156.2967,360.60931,280.54815,21.49894,16.35103,17.74026
1984-10-16,155.3837,358.52682,278.92244,21.38534,16.26571,17.64734
1984-10-17,154.8336,357.28128,277.94795,21.13774,16.07851,17.44388
1984-10-18,158.5475,365.87893,284.63005,21.82383,16.60176,18.01112
1984-10-19,158.3708,365.49539,284.32606,21.38274,16.26746,17.64804
1984-10-22,157.7946,364.18982,283.30482,21.42281,16.29903,17.68193
1984-10-23,157.6001,363.76504,282.96878,21.17964,16.11515,17.48209
1984-10-24,157.7526,364.14126,283.25582,20.97331,15.95925,17.31262
1984-10-25,156.8878,362.16924,281.71623,20.98624,15.97015,17.32409
1984-10-26,156.0258,360.20342,280.18152,20.81704,15.84246,17.18523
1984-10-29,155.6276,359.30797,279.47948,20.9576,15.95057,17.30213
1984-10-30,157.5933,363.87229,283.02369,21.19905,16.13553,17.50238
1984-10-31,156.814,362.0971,281.63733,20.91651,15.92162,17.26998
1984-11-01,158.1905,365.30095,284.12338,21.03153,16.01029,17.3658
1984-11-02,158.0635,365.03188,283.90849,20.49016,15.59941,16.91974
1984-11-05,159.1955,367.67141,285.95555,20.55547,15.6502,16.97448
1984-11-06,161.0088,371.88566,289.22705,20.89956,15.91342,17.25957
1984-11-07,159.9409,369.4439,287.32228,20.53557,15.63742,16.95986
1984-11-08,159.2889,367.96235,286.16438,20.61362,15.69794,17.02514
1984-11-09,158.2314,365.54402,284.27796,20.64826,15.72537,17.05454
1984-11-12,157.9656,364.95417,283.81363,20.51811,15.62729,16.94784
1984-11-13,156.6667,361.97773,281.49328,20.17323,15.36575,16.66383
1984-11-14,156.6952,362.06762,281.55761,20.33158,15.48747,16.79548
1984-11-15,156.6378,361.959,281.46758,20.4403,15.57138,16.88612
1984-11-16,154.8388,357.82643,278.24831,20.17336,15.36912,16.66643
1984-11-19,153.9593,355.81774,276.68082,20.15776,15.35825,16.65432
1984-11-20,155.073,358.41628,278.69571,20.39334,15.53889,16.84983
1984-11-21,155.4438,359.29735,279.37523,20.62446,15.71616,17.04168
1984-11-22,155.4438,359.3212,279.38825,20.49151,15.6159,16.93262
1984-11-23,157.8215,364.84393,283.67626,20.9626,15.97618,17.32287
1984-11-26,156.5986,362.0413,281.49148,21.05082,16.04452,17.39661
1984-11-27,157.3784,363.86881,282.90667,21.16434,16.13217,17.49128
1984-11-28,156.08,360.89121,280.58595,21.13741,16.1127,17.46983
1984-11-29,155.0866,358.61829,278.81323,20.9855,15.99798,17.3451
1984-11-30,154.698,357.74344,278.12757,21.03149,16.03412,17.38393
1984-12-03,153.9129,355.95163,276.72902,21.09419,16.08301,17.43659
1984-12-04,154.4317,357.17547,277.6749,20.97495,15.99316,17.33883
1984-12-05,153.2123,354.3791,275.49542,20.6182,15.72231,17.04481
1984-12-06,153.8565,355.89317,276.66689,20.77609,15.84384,17.17621
1984-12-07,153.2964,354.62115,275.67258,20.70901,15.79372,17.12153
1984-12-10,153.9424,356.1396,276.8474,20.91428,15.95144,17.29214
1984-12-11,154.259,356.89589,277.42978,20.90521,15.94558,17.28544
1984-12-12,153.9151,356.12386,276.82417,20.92215,15.95956,17.30025
1984-12-13,153.0841,354.22478,275.34249,20.78329,15.8547,17.18624
1984-12-14,153.9434,356.2374,276.90129,21.02499,16.04027,17.38701
1984-12-17,154.8182,358.28616,278.48813,21.07994,16.08329,17.43328
1984-12-18,159.0584,368.1273,286.13084,21.64528,16.51597,17.90185
1984-12-19,158.2251,366.22316,284.64516,21.54382,16.43964,17.81877
1984-12-20,157.5307,364.6402,283.40919,21.55992,16.45302,17.83291
1984-12-21,156.8101,362.9964,282.12598,21.55747,16.45224,17.83171
1984-12-24,157.9511,365.66285,284.19254,NA,NA,NA
1984-12-25,157.9511,365.68712,284.20578,NA,NA,NA
1984-12-26,157.7071,365.14642,283.77995,NA,NA,NA
1984-12-27,156.9668,363.4566,282.46107,21.69446,16.56122,17.9484
1984-12-28,157.3778,364.43268,283.21397,21.71763,16.58002,17.96841
1984-12-31,158.006,365.91206,284.35793,21.87197,16.69903,18.097
1985-01-01,158.0059,365.93612,284.371,NA,NA,NA
1985-01-02,156.2242,361.83458,281.17793,21.85024,16.68464,18.08071
1985-01-03,155.5707,360.34498,280.01482,21.66009,16.54057,17.92421
1985-01-04,154.7994,358.58236,278.6396,21.52827,16.441,17.81596
1985-01-07,155.3854,359.96404,279.70763,21.70509,16.57723,17.9632
1985-01-08,155.2595,359.69624,279.494,21.48875,16.41313,17.78502
1985-01-09,156.4469,362.47214,281.64516,21.84094,16.68343,18.07748
1985-01-10,159.421,369.39021,287.01422,22.20246,16.9609,18.37771
1985-01-11,158.9753,368.38194,286.22514,22.10276,16.88585,18.29604
1985-01-14,161.3464,373.9034,290.50891,22.53776,17.21953,18.65715
1985-01-15,161.5238,374.33942,290.84191,22.76009,17.39068,18.84217
1985-01-16,161.9404,375.33005,291.60575,22.74696,17.3818,18.83218
1985-01-17,161.4674,374.25863,290.76757,22.71302,17.357,18.80494
1985-01-18,161.9703,375.44949,291.68693,22.70892,17.35502,18.80242
1985-01-21,165.7849,384.32089,298.57236,23.21391,17.74237,19.22162
1985-01-22,166.014,384.87763,298.99894,23.23273,17.75794,19.2381
1985-01-23,167.8009,389.0477,302.23217,23.52304,17.98118,19.47952
1985-01-24,167.4119,388.17155,301.54557,23.4618,17.93556,19.42971
1985-01-25,168.0079,389.5797,302.6334,23.45159,17.92893,19.42215
1985-01-28,167.9793,389.53923,302.59597,23.52453,17.98592,19.48349
1985-01-29,169.8495,393.90401,305.9801,23.74917,18.159,19.67055
1985-01-30,169.9121,394.07536,306.10714,23.77147,18.17726,19.68994
1985-01-31,170.1025,394.54322,306.46448,23.74734,18.16,19.67086
1985-02-01,169.1655,392.39613,304.79064,23.68727,18.11526,19.62201
1985-02-04,170.9763,396.6244,308.06844,24.1232,18.45009,19.98422
1985-02-05,171.2812,397.35822,308.63227,24.32001,18.60196,20.14828
1985-02-06,171.0022,396.73727,308.14388,24.31205,18.59709,20.14262
1985-02-07,172.364,399.92439,310.61289,24.51631,18.7547,20.31288
1985-02-08,172.7066,400.74606,311.24488,24.68666,18.88635,20.45504
1985-02-11,170.987,396.78296,308.16062,24.54091,18.7761,20.33523
1985-02-12,171.0103,396.86338,308.21698,24.76147,18.94622,20.51904
1985-02-13,173.6077,402.92038,312.91426,25.2194,19.29812,20.89966
1985-02-14,172.7483,400.95258,311.37984,25.03898,19.16135,20.75112
1985-02-15,171.8494,398.89285,309.77409,24.78063,18.96495,20.538
1985-02-18,171.8494,398.91933,309.78853,24.90869,19.06429,20.64515
1985-02-19,171.6586,398.50284,309.45898,25.10717,19.21758,20.81071
1985-02-20,171.6029,398.39996,309.37297,25.11773,19.22694,20.82043
1985-02-21,170.6985,396.32674,307.75691,25.20332,19.29377,20.89237
1985-02-22,170.082,394.92161,306.65972,25.39108,19.43889,21.04907
1985-02-25,170.0683,394.91601,306.6493,25.76916,19.72986,21.36365
1985-02-26,171.8496,399.08044,309.87644,26.38112,20.20002,21.87222
1985-02-27,171.2572,397.73116,308.82264,25.13084,19.24449,20.83701
1985-02-28,171.5218,398.37224,309.31426,25.21112,19.30728,20.90457
1985-03-01,173.5882,403.20028,313.05632,25.73448,19.70966,21.33973
1985-03-04,172.4286,400.53371,310.97971,25.68671,19.67436,21.30109
1985-03-05,172.7065,401.206,311.49549,26.07232,19.97125,21.62204
1985-03-06,171.1419,397.59832,308.68826,25.90784,19.84658,21.48664
1985-03-07,170.0922,395.18612,306.80934,25.56757,19.58731,21.20549
1985-03-08,169.7309,394.37285,306.17189,25.56023,19.58298,21.20038
1985-03-11,169.4286,393.69655,305.64081,25.10645,19.23675,20.8251
1985-03-12,170.3618,395.89195,307.33893,25.24092,19.34113,20.93766
1985-03-13,168.9626,392.66697,304.82919,24.97331,19.1374,20.71668
1985-03-14,168.6627,391.996,304.30229,25.18302,19.2995,20.89171
1985-03-15,167.3827,389.04731,302.00719,25.10647,19.24209,20.82916
1985-03-18,167.579,389.52951,302.37551,24.88496,19.07362,20.64638
1985-03-19,170.3823,396.07463,307.44949,24.59798,18.85498,20.40928
1985-03-20,170.0122,395.24051,306.79594,24.44031,18.73537,20.27942
1985-03-21,170.2262,395.76437,307.19647,24.33565,18.65638,20.19351
1985-03-22,169.925,395.0903,306.66719,23.96454,18.3732,19.88658
1985-03-25,168.8738,392.67247,304.7844,24.00945,18.40887,19.92478
1985-03-26,169.2921,393.67147,305.55371,24.03063,18.42634,19.9433
1985-03-27,170.3568,396.17442,307.49013,23.47569,18.00223,19.48382
1985-03-28,170.3274,396.13233,307.45139,23.29506,17.86491,19.33481
1985-03-29,171.3844,398.61785,309.37417,23.13026,17.73972,19.19893
1985-04-01,172.1103,400.33324,310.69926,23.50288,18.0269,19.50928
1985-04-02,171.4398,398.80017,309.5033,23.71482,18.19078,19.68621
1985-04-03,170.1133,395.74117,307.12309,23.34383,17.90751,19.37924
1985-04-04,170.0332,395.58107,306.99277,23.54679,18.06452,19.54873
1985-04-05,170.0332,395.60733,307.00707,NA,NA,NA
1985-04-08,168.9412,393.09299,305.04975,NA,NA,NA
1985-04-09,169.0287,393.32272,305.22198,23.38459,17.94362,19.41675
1985-04-10,170.1285,395.90902,307.2227,23.48379,18.02098,19.50006
1985-04-11,170.8419,397.59604,308.5256,23.24237,17.83695,19.30054
1985-04-12,171.2111,398.4819,309.20685,23.05931,17.69766,19.14943
1985-04-15,171.6028,399.42027,309.92881,22.75,17.46151,18.89351
1985-04-16,171.8421,400.00392,310.37552,22.6959,17.42114,18.84945
1985-04-17,172.2376,400.95136,311.10446,22.81567,17.51429,18.94985
1985-04-18,171.3267,398.85752,309.47366,22.88026,17.56506,19.00439
1985-04-19,171.5734,399.45847,309.93378,22.42508,17.21693,18.62732
1985-04-22,171.2206,398.66352,309.31087,22.48375,17.26313,18.67693
1985-04-23,172.4778,401.61838,311.59706,22.90932,17.59128,19.0315
1985-04-24,172.8747,402.5695,312.32876,23.76595,18.25058,19.74429
1985-04-25,173.7811,404.70771,313.98131,23.79061,18.27073,19.7657
1985-04-26,172.4951,401.73987,311.67254,23.90459,18.35953,19.86135
1985-04-29,171.064,398.43378,309.10143,23.3665,17.94766,19.41535
1985-04-30,170.3983,396.90967,307.91293,23.08604,17.73349,19.18326
1985-05-01,168.732,393.0551,304.91647,NA,NA,NA
1985-05-02,169.5823,395.06265,306.46764,23.56413,18.1034,19.58255
1985-05-03,170.6723,397.62915,308.4523,23.94266,18.39563,19.89819
1985-05-06,170.7211,397.76926,308.55488,24.27208,18.65015,20.17305
1985-05-07,171.4659,399.53161,309.9157,23.96495,18.41545,19.91877
1985-05-08,171.5294,399.70612,310.04493,23.97723,18.42612,19.92991
1985-05-09,172.8235,402.74946,312.39917,23.62657,18.15795,19.63943
1985-05-10,175.1508,408.20232,316.62198,23.96475,18.41926,19.92162
1985-05-13,175.3726,408.74647,317.03775,23.69783,18.21538,19.70069
1985-05-14,174.5912,406.95234,315.6399,23.43738,18.01644,19.48513
1985-05-15,175.2389,408.48958,316.82584,23.61475,18.15408,19.63357
1985-05-16,176.34,411.0844,318.83189,NA,NA,NA
1985-05-17,178.012,415.01116,321.87073,24.02803,18.47447,19.9792
1985-05-20,180.4259,420.66906,326.25183,23.91971,18.3924,19.89006
1985-05-21,180.2927,420.38638,326.02615,24.05147,18.495,20.0006
1985-05-22,179.2197,417.91245,324.10105,24.09167,18.52715,20.03497
1985-05-23,178.266,415.71634,322.3915,24.15531,18.57736,20.08885
1985-05-24,179.0135,417.4877,323.75869,24.18649,18.60258,20.11573
1985-05-27,179.0135,417.51542,323.77377,NA,NA,NA
1985-05-28,178.7689,416.97258,323.34642,24.32418,18.71102,20.23217
1985-05-29,178.6263,416.6676,323.10354,24.28458,18.68178,20.20016
1985-05-30,178.6442,416.73702,323.15097,23.99131,18.45747,19.9572
1985-05-31,180.3366,420.7144,326.22836,24.35855,18.74144,20.26378
1985-06-03,180.1872,420.39373,325.97327,23.94628,18.4256,19.92185
1985-06-04,180.975,422.26029,327.414,24.13265,18.57034,20.07791
1985-06-05,181.0776,422.52777,327.6149,24.3181,18.71439,20.23322
1985-06-06,181.9457,424.58217,329.20117,24.32487,18.72084,20.23979
1985-06-07,180.4821,421.1952,326.5685,24.13906,18.57909,20.08614
1985-06-10,180.3508,420.91669,326.34611,24.40749,18.78708,20.31055
1985-06-11,179.7916,419.63946,325.34941,24.3184,18.71974,20.23735
1985-06-12,178.4182,416.46196,322.87939,24.03329,18.50157,20.00108
1985-06-13,176.3218,411.59686,319.10099,23.90507,18.40408,19.8953
1985-06-14,177.9625,415.45582,322.08603,23.91939,18.41633,19.90814
1985-06-17,177.5154,414.43956,321.29181,23.80714,18.33112,19.81564
1985-06-18,178.3476,416.41067,322.81339,23.72107,18.26604,19.74491
1985-06-19,177.6483,414.80552,321.56265,23.34028,17.97414,19.42895
1985-06-20,177.7295,415.0227,321.72464,23.61646,18.18818,19.65987
1985-06-21,180.2032,420.82942,326.21898,24.29373,18.71132,20.22485
1985-06-24,179.8452,420.02123,325.58605,24.13609,18.59114,20.09455
1985-06-25,180.4327,421.42163,326.66505,24.14561,18.59971,20.10341
1985-06-26,180.7234,422.12875,327.20667,24.1483,18.60302,20.10659
1985-06-27,181.8111,424.69836,329.19176,24.23427,18.67051,20.17913
1985-06-28,182.3681,426.02808,330.21583,24.3515,18.76213,20.27773
1985-07-01,182.9585,427.43602,331.3005,24.19339,18.64156,20.14701
1985-07-02,182.5848,426.59126,330.6392,24.31428,18.73601,20.24868
1985-07-03,181.996,425.24383,329.58832,24.12787,18.59361,20.09438
1985-07-04,181.996,425.27206,329.60368,24.07909,18.55724,20.05468
1985-07-05,183.0637,427.79614,331.5532,24.20404,18.65484,20.15973
1985-07-08,182.4859,426.47423,330.52214,23.91825,18.43587,19.92268
1985-07-09,181.6017,424.43614,328.93606,23.43933,18.0681,19.52481
1985-07-10,182.8831,427.46037,331.27304,23.38031,18.02379,19.47655
1985-07-11,183.4947,428.91873,332.39657,23.51362,18.12782,19.58856
1985-07-12,183.767,429.58386,332.90541,23.2361,17.91512,19.35832
1985-07-15,183.2359,428.37077,331.95876,22.96778,17.70949,19.13571
1985-07-16,185.1614,432.90269,335.46364,23.31631,17.9796,19.42714
1985-07-17,185.8786,434.60879,336.77896,23.04305,17.77013,19.20041
1985-07-18,184.5548,431.54259,334.39625,22.8328,17.6092,19.02614
1985-07-19,185.3566,433.44673,335.86497,23.20989,17.90141,19.34141
1985-07-22,184.6162,431.74407,334.539,23.29247,17.96633,19.41115
1985-07-23,182.7679,427.45075,331.20558,22.76667,17.56213,18.97401
1985-07-24,181.7782,425.16449,329.42754,22.81711,17.60222,19.01694
1985-07-25,182.2937,426.39879,330.3773,22.8089,17.59705,19.01098
1985-07-26,182.5075,426.92731,330.78024,22.94386,17.70241,19.12441
1985-07-29,179.9127,420.88678,326.09332,22.28377,17.19453,18.57528
1985-07-30,180.0828,421.31274,326.41687,22.30765,17.2141,18.59605
1985-07-31,181.2083,423.97489,328.4727,22.18947,17.12404,18.4984
1985-08-01,182.4499,426.90917,330.73925,22.43104,17.31175,18.70076
1985-08-02,181.86,425.55715,329.68528,22.68524,17.50924,18.91367
1985-08-05,181.0088,423.59356,328.15753,22.4592,17.33597,18.72612
1985-08-06,178.4697,417.68066,323.57012,22.34183,17.24651,18.62912
1985-08-07,178.217,417.11691,323.127,22.42745,17.3138,18.70142
1985-08-08,179.4621,420.05992,325.40019,22.46033,17.34034,18.72971
1985-08-09,178.7931,418.52185,324.20229,22.34527,17.25264,18.63463
1985-08-12,178.1028,416.93371,322.96566,21.97365,16.96697,18.32567
1985-08-13,177.8217,416.30327,322.47094,21.78292,16.82084,18.16747
1985-08-14,177.8436,416.38218,322.52568,21.87568,16.89364,18.24572
1985-08-15,177.6902,416.05062,322.26248,21.67485,16.73968,18.07908
1985-08-16,176.5797,413.47816,320.26353,21.53136,16.62998,17.96024
1985-08-19,176.8897,414.23169,320.8408,21.53973,16.63755,17.96805
1985-08-20,178.4926,418.01441,323.76395,21.77273,16.81876,18.16336
1985-08-21,179.6193,420.68181,325.82328,22.03612,17.0235,18.38405
1985-08-22,177.8334,416.52747,322.59915,21.56636,16.66188,17.99312
1985-08-23,177.6382,416.09786,322.26005,21.59338,16.68387,18.0165
1985-08-26,177.814,416.53737,322.59404,21.61475,16.70149,18.03518
1985-08-27,178.5915,418.38698,324.01997,21.86085,16.89291,18.24148
1985-08-28,179.2807,420.02989,325.28578,21.87158,16.90232,18.25128
1985-08-29,179.2756,420.04582,325.29168,21.91453,16.93665,18.28798
1985-08-30,178.9541,419.32034,324.72344,21.9408,16.95809,18.31076
1985-09-02,178.9541,419.34818,324.73857,22.269,17.21307,18.58566
1985-09-03,178.2075,417.62645,323.39887,22.32894,17.26057,18.63657
1985-09-04,177.7573,416.59906,322.5969,22.24414,17.19615,18.56665
1985-09-05,177.6873,416.46263,322.48488,22.23254,17.18832,18.55783
1985-09-06,178.6837,418.8265,324.30875,22.91807,17.71977,19.13116
1985-09-09,178.8151,419.16237,324.56238,23.27861,17.99993,19.43318
1985-09-10,177.4565,416.00569,322.11166,22.99501,17.78189,19.19738
1985-09-11,175.6367,411.76768,318.82371,22.75319,17.59611,18.99642
1985-09-12,174.2884,408.63423,316.39119,22.80727,17.63912,19.04247
1985-09-13,173.5839,407.00956,315.12701,22.26687,17.22253,18.5923
1985-09-16,173.5157,406.87664,315.01787,22.22328,17.18994,18.55676
1985-09-17,172.1224,403.63674,312.50314,21.80022,16.86398,18.20447
1985-09-18,172.5523,404.67197,313.29838,22.11143,17.10602,18.46533
1985-09-19,174.1912,408.54408,316.28959,22.35062,17.29234,18.66605
1985-09-20,172.8648,405.4605,313.89602,21.94805,16.98215,18.33081
1985-09-23,174.9262,410.32474,317.65503,20.88611,16.16201,17.44505
1985-09-24,173.3555,406.66792,314.81773,20.73893,16.0492,17.32293
1985-09-25,171.428,402.17383,311.33232,20.53587,15.89315,17.15414
1985-09-26,171.9691,403.47036,312.32974,20.20375,15.63726,16.87758
1985-09-27,171.9815,403.52624,312.36682,20.34644,15.74882,16.99763
1985-09-30,172.6839,405.20165,313.65743,20.51111,15.87742,17.13606
1985-10-01,175.4945,411.82677,318.77883,20.82479,16.12148,17.39907
1985-10-02,174.5156,409.557,317.01557,20.44664,15.82992,17.08402
1985-10-03,174.7954,410.241,317.5387,20.46477,15.84501,17.09997
1985-10-04,173.7997,407.9314,315.74471,20.12972,15.58674,16.82088
1985-10-07,172.5885,405.11577,313.5591,20.22327,15.66026,16.89987
1985-10-08,172.5905,405.14736,313.57734,20.23075,15.66709,16.90691
1985-10-09,173.1372,406.45801,314.58546,20.28514,15.71028,16.95317
1985-10-10,173.4597,407.2423,315.18621,20.43757,15.82946,17.08142
1985-10-11,174.9378,410.74103,317.88748,20.61173,15.9655,17.22785
1985-10-14,177.0313,415.68596,321.7077,20.89852,16.18888,17.46849
1985-10-15,176.5996,414.6998,320.93815,20.86261,16.16213,17.43928
1985-10-16,178.3573,418.85668,324.14839,21.21322,16.43501,17.73332
1985-10-17,178.0987,418.27711,323.69348,20.96402,16.24309,17.52587
1985-10-18,177.4956,416.88839,322.61239,20.77347,16.09654,17.3674
1985-10-21,177.1459,416.09463,321.99177,20.68322,16.02767,17.29275
1985-10-22,178.2978,418.82899,324.10111,20.87482,16.17732,17.45383
1985-10-23,179.3005,421.21306,325.93935,20.98471,16.26362,17.54657
1985-10-24,178.7424,419.92986,324.93996,21.00202,16.27812,17.56186
1985-10-25,177.757,417.64271,323.16375,20.87125,16.17784,17.45333
1985-10-28,177.9312,418.07982,323.49555,20.8942,16.19671,17.47334
1985-10-29,179.2784,421.27434,325.96066,20.93968,16.23306,17.5122
1985-10-30,180.1177,423.27522,327.50222,20.88119,16.18878,17.46409
1985-10-31,179.9088,422.81234,327.13761,20.87669,16.18636,17.46114
1985-11-01,181.5517,426.70314,330.14112,21.06983,16.33729,17.62358
1985-11-04,181.3536,426.2658,329.79624,20.90596,16.21133,17.48734
1985-11-05,182.4043,428.76467,331.72283,21.16377,16.41248,17.70393
1985-11-06,182.8203,429.77127,332.49498,21.13211,16.389,17.67826
1985-11-07,182.6674,429.44031,332.23237,21.08217,16.35134,17.63729
1985-11-08,183.6035,431.67034,333.95084,21.41682,16.61218,17.91823
1985-11-11,187.115,439.95885,340.35549,21.842,16.94332,18.27497
1985-11-12,187.9385,441.92501,341.86963,21.91467,17.00085,18.33665
1985-11-13,187.0239,439.80372,340.22186,21.7049,16.83927,18.162
1985-11-14,188.8243,444.06858,343.51388,21.91384,17.00262,18.33778
1985-11-15,187.8662,441.84485,341.78689,21.83104,16.93949,18.26934
1985-11-18,188.4712,443.29754,342.90375,21.96896,17.04771,18.38567
1985-11-19,188.4551,443.28909,342.89043,21.8297,16.94077,18.26998
1985-11-20,188.9112,444.39168,343.73644,21.78997,16.91105,18.23757
1985-11-21,191.1678,449.73203,347.85981,21.99599,17.07219,18.41094
1985-11-22,191.0324,449.4433,347.62961,21.9367,17.02729,18.36216
1985-11-25,189.8639,446.72408,345.51949,21.63046,16.79079,18.10673
1985-11-26,190.2326,447.62148,346.20668,21.71783,16.85977,18.18075
1985-11-27,192.2892,452.49261,349.96682,21.78038,16.90947,18.23398
1985-11-28,192.2876,452.51888,349.98022,21.64037,16.8019,18.11761
1985-11-29,191.7899,451.37757,349.09062,21.45889,16.66212,17.96653
1985-12-02,190.1593,447.57023,346.13909,21.13193,16.40944,17.69369
1985-12-03,190.6306,448.70955,347.01328,21.49331,16.69136,17.99725
1985-12-04,193.9375,456.52692,353.05115,21.71898,16.86786,18.18716
1985-12-05,193.748,456.11108,352.72259,21.81723,16.94533,18.27032
1985-12-06,192.9361,454.22998,351.26093,21.68849,16.84646,18.16335
1985-12-09,194.0592,456.90525,353.32256,21.87988,16.99636,18.32457
1985-12-10,194.5525,458.09739,354.23735,22.06984,17.14516,18.48461
1985-12-11,196.6651,463.10442,358.10165,22.46264,17.45168,18.81463
1985-12-12,196.8877,463.65947,358.52373,22.2371,17.27764,18.62661
1985-12-13,200.0134,471.05462,364.23409,22.515,17.49488,18.86039
1985-12-16,202.1332,476.08052,368.11252,22.82167,17.73451,19.11829
1985-12-17,200.8896,473.18319,365.86496,22.59809,17.56198,18.93191
1985-12-18,199.9358,470.96797,364.14492,22.5606,17.53399,18.90137
1985-12-19,200.0535,471.27655,364.37629,22.62068,17.58188,18.95261
1985-12-20,200.8118,473.0948,365.77475,22.66465,17.61724,18.99035
1985-12-23,198.578,467.86422,361.72334,22.35086,17.37458,18.72837
1985-12-24,197.1661,464.56892,359.16842,22.19449,17.25418,18.59822
1985-12-25,197.1661,464.59976,359.18516,NA,NA,NA
1985-12-26,197.6799,465.84167,360.1381,NA,NA,NA
1985-12-27,199.6582,470.53662,363.7601,22.26819,17.31493,18.6626
1985-12-30,200.7985,473.25622,365.85513,22.20365,17.26588,18.60936
1985-12-31,201.0503,473.88125,366.33103,22.22148,17.2809,18.62518
1986-01-01,201.0503,473.9127,366.3481,NA,NA,NA
1986-01-02,199.4067,470.07019,363.37041,21.96069,17.08037,18.40832
1986-01-03,200.8177,473.42894,365.95927,22.20327,17.27032,18.61262
1986-01-06,200.7663,473.33916,365.88264,22.27284,17.32561,18.67184
1986-01-07,203.6479,480.16766,371.15293,22.28527,17.33643,18.68313
1986-01-08,197.9808,466.8407,360.84359,21.74754,16.91945,18.23333
1986-01-09,196.5131,463.41104,358.18546,21.73958,16.91437,18.22749
1986-01-10,195.9697,462.16029,357.21165,21.6137,16.81755,18.1228
1986-01-13,196.773,464.08606,358.69289,21.8892,17.0332,18.35477
1986-01-14,196.8117,464.20816,358.78016,21.88358,17.02995,18.35091
1986-01-15,198.2133,467.54617,361.35265,21.97471,17.10205,18.42822
1986-01-16,199.0488,469.54867,362.89301,21.96563,17.09611,18.42146
1986-01-17,198.524,468.34177,361.95309,22.00171,17.12533,18.45258
1986-01-20,197.5258,466.01799,360.15002,21.96299,17.09632,18.42095
1986-01-21,195.9917,462.42981,357.36981,21.70881,16.89964,18.20866
1986-01-22,193.7793,457.24115,353.35275,21.56106,16.78575,18.08559
1986-01-23,194.6599,459.35009,354.97537,21.55886,16.78515,18.08458
1986-01-24,196.7386,464.28803,358.78374,21.57006,16.79498,18.09482
1986-01-27,197.7061,466.6029,360.56529,21.56295,16.79055,18.08969
1986-01-28,199.9744,471.98971,364.72021,21.73067,16.92237,18.23131
1986-01-29,200.527,473.32571,365.74527,21.72099,16.91595,18.22404
1986-01-30,199.4192,470.74232,363.7418,21.5867,16.81249,18.11222
1986-01-31,201.6763,476.10404,367.87702,21.819,16.99467,18.30808
1986-02-03,203.9074,481.40508,371.96519,22.11644,17.22765,18.55864
1986-02-04,203.0174,479.3358,370.35898,22.27089,17.34919,18.68918
1986-02-05,203.0164,479.36526,370.37441,22.1495,17.25577,18.58818
1986-02-06,203.5534,480.66543,371.37155,22.00268,17.14254,18.46583
1986-02-07,204.6179,483.21194,373.33147,22.22297,17.31543,18.65167
1986-02-10,206.1943,486.96827,376.22588,22.2906,17.36931,18.70932
1986-02-11,205.9554,486.43631,375.80747,22.18172,17.28561,18.6188
1986-02-12,205.9313,486.41167,375.78099,22.0461,17.18107,18.50583
1986-02-13,207.3483,489.79226,378.38494,22.25604,17.34595,18.68302
1986-02-14,209.6007,495.14774,382.51422,22.37792,17.44216,18.78625
1986-02-17,209.6096,495.20164,382.54829,22.30367,17.38543,18.72478
1986-02-18,212.1514,501.24229,387.20652,22.59863,17.61668,18.97342
1986-02-19,209.5935,495.23293,382.55649,22.00383,17.15439,18.47508
1986-02-20,212.029,501.02312,387.02108,22.1176,17.24428,18.57151
1986-02-21,214.3637,506.57577,391.30204,22.52631,17.56431,18.91573
1986-02-24,213.9511,505.63426,390.56706,22.17906,17.29482,18.62509
1986-02-25,213.3302,504.20035,389.45176,21.80841,17.00705,18.31479
1986-02-26,213.5937,504.85675,389.95102,21.75831,16.96909,18.27356
1986-02-27,216.2284,511.12063,394.78083,21.70686,16.93008,18.23119
1986-02-28,216.3114,511.35079,394.95079,21.8695,17.05815,18.36871
1986-03-03,214.9525,508.17247,392.48812,21.82201,17.02222,18.32966
1986-03-04,213.9247,505.77636,390.62971,21.54389,16.80647,18.09695
1986-03-05,213.9177,505.79338,390.63513,21.6878,16.91993,18.21874
1986-03-06,214.576,507.38395,391.85572,21.91295,17.09684,18.40883
1986-03-07,215.0813,508.6128,392.79693,21.96684,17.14004,18.45498
1986-03-10,215.9633,510.73298,394.42639,22.29349,17.39625,18.73041
1986-03-11,220.8337,522.29039,403.34279,22.82025,17.80873,19.17407
1986-03-12,221.4419,523.76394,404.47266,22.77521,17.77476,19.13711
1986-03-13,222.1818,525.54932,405.84327,23.03715,17.98053,19.35822
1986-03-14,225.5366,533.52345,411.99218,23.15996,18.07764,19.46236
1986-03-17,223.7808,529.40568,408.80418,22.86485,17.84856,19.21533
1986-03-18,224.7528,531.74111,410.59931,22.95222,17.91799,19.28969
1986-03-19,224.4897,531.15386,410.13774,23.02355,17.97489,19.35055
1986-03-20,225.4673,533.50297,411.94334,23.02998,17.9811,19.35686
1986-03-21,221.9642,525.25074,405.56293,22.62273,17.66445,19.01556
1986-03-24,224.0904,530.3192,409.46791,23.22524,18.13638,19.52311
1986-03-25,223.3632,528.63337,408.15817,23.41187,18.28343,19.68098
1986-03-26,226.1798,535.33763,413.32571,23.99142,18.73756,20.16933
1986-03-27,227.7203,539.02077,416.16089,23.85837,18.63487,20.05841
1986-03-28,227.7203,539.05655,416.18028,NA,NA,NA
1986-03-31,227.7307,539.11695,416.21868,NA,NA,NA
1986-04-01,224.2288,530.86395,409.8385,23.64651,18.47304,19.88304
1986-04-02,224.673,531.95112,410.66965,23.96886,18.72629,20.15516
1986-04-03,221.6032,524.71929,405.07826,23.78352,18.58274,20.00026
1986-04-04,217.809,515.77174,398.16246,NA,NA,NA
1986-04-07,217.6574,515.44693,397.90385,23.73104,18.54418,19.95797
1986-04-08,222.341,526.57794,406.4874,23.67119,18.49863,19.90856
1986-04-09,222.6068,527.24255,406.99236,23.56659,18.4181,19.8215
1986-04-10,225.1749,533.36288,411.70809,23.94693,18.7168,20.14249
1986-04-11,224.6245,532.09447,410.72087,23.58184,18.43278,19.83642
1986-04-14,226.0439,535.49339,413.33605,23.8149,18.61632,20.03349
1986-04-15,226.3446,536.24147,413.90525,23.94681,18.72074,20.14544
1986-04-16,230.7016,546.60435,421.89462,23.7724,18.58564,19.99967
1986-04-17,231.6385,548.8612,423.62803,23.58671,18.44171,19.84438
1986-04-18,230.7836,546.8719,422.08427,23.4074,18.30275,19.69445
1986-04-21,233.3032,552.88144,426.71353,23.54618,18.41256,19.8122
1986-04-22,230.8544,547.11565,422.2549,23.0925,18.05915,19.43149
1986-04-23,230.1257,545.42489,420.94167,22.98915,17.97952,19.34543
1986-04-24,230.3665,546.03195,421.40182,23.0719,18.04547,19.41599
1986-04-25,230.6294,546.69149,421.90245,23.20238,18.14879,19.52676
1986-04-28,231.3786,548.50428,423.29297,22.95315,17.95509,19.31795
1986-04-29,228.784,542.39072,418.56645,22.70265,17.76037,19.10805
1986-04-30,223.9107,530.87576,409.67147,22.34782,17.48406,18.81037
1986-05-01,223.3928,529.683,408.74294,NA,NA,NA
1986-05-02,223.1291,529.09282,408.27945,22.54485,17.64064,18.97805
1986-05-05,226.0052,535.95107,413.56284,22.51337,17.61717,18.95243
1986-05-06,225.4847,534.75222,412.6296,22.90071,17.92167,19.27955
1986-05-07,224.1661,531.66065,410.23588,22.53829,17.63933,18.97541
1986-05-08,225.0411,533.7719,411.85667,NA,NA,NA
1986-05-09,225.7194,535.41669,413.11751,22.46211,17.58203,18.91303
1986-05-12,225.5489,535.04773,412.82467,22.38162,17.52018,18.84612
1986-05-13,224.3944,532.34456,410.73083,22.31442,17.46872,18.79041
1986-05-14,225.6381,535.33151,413.02702,22.60295,17.69593,19.03438
1986-05-15,222.519,527.96806,407.33744,22.24737,17.41881,18.73589
1986-05-16,220.8435,524.02792,404.28943,22.31851,17.47571,18.79671
1986-05-19,221.1675,524.8317,404.90151,NA,NA,NA
1986-05-20,224.1834,532.02668,410.44353,22.70278,17.77917,19.12228
1986-05-21,223.474,530.37837,409.16381,22.87875,17.91826,19.27147
1986-05-22,227.725,540.50747,416.96872,23.48787,18.39681,19.78568
1986-05-23,228.8067,543.11169,418.96925,23.79947,18.64229,20.04923
1986-05-26,228.8067,543.14774,418.98878,23.77428,18.62378,20.02894
1986-05-27,232.1173,551.04633,425.07264,24.20281,18.96096,20.39107
1986-05-28,234.0348,555.63697,428.60496,24.2201,18.97576,20.40659
1986-05-29,235.1627,558.35263,430.69105,24.49693,19.19408,20.64092
1986-05-30,234.2852,556.30615,429.10397,24.65934,19.3227,20.77879
1986-06-02,232.112,551.18335,425.14393,24.64463,19.31245,20.76736
1986-06-03,232.5629,552.29096,425.98978,24.13137,18.91169,20.33594
1986-06-04,231.0615,548.76223,423.25956,23.94774,18.76904,20.18215
1986-06-05,232.5514,552.3385,426.00923,23.9605,18.78029,20.19384
1986-06-06,232.5764,552.43455,426.07489,23.71665,18.59044,19.98929
1986-06-09,227.3071,539.95788,416.443,23.25905,18.23312,19.60465
1986-06-10,226.9443,539.13181,415.79767,23.08477,18.09773,19.45868
1986-06-11,228.4657,542.78328,418.60526,23.07931,18.09464,19.45498
1986-06-12,228.824,543.67077,419.28137,23.11313,18.12236,19.4844
1986-06-13,232.7559,553.05328,426.50785,23.60744,18.51142,19.90222
1986-06-16,232.9245,553.4907,426.83672,23.39253,18.34415,19.72198
1986-06-17,231.4196,549.95154,424.09894,23.50833,18.43625,19.82058
1986-06-18,231.9836,551.32874,425.1525,23.54614,18.46713,19.85339
1986-06-19,230.9803,548.98087,423.33356,23.53677,18.46101,19.84641
1986-06-20,234.2251,556.73303,429.30221,24.00947,18.83326,20.24612
1986-06-23,232.0205,551.53036,425.28177,24.03191,18.85211,20.26599
1986-06-24,233.5738,555.26074,428.14948,23.76651,18.64522,20.04316
1986-06-25,235.3486,559.51845,431.42363,23.83593,18.70094,20.10266
1986-06-26,235.0872,558.93405,430.96451,23.84636,18.71037,20.11239
1986-06-27,235.7908,560.64453,432.27472,23.85364,18.71733,20.11948
1986-06-30,236.6771,562.78982,433.92009,23.74511,18.63339,20.02886
1986-07-01,238.2772,566.63353,436.87471,23.76237,18.64817,20.04435
1986-07-02,239.011,568.4167,438.24077,23.84039,18.71068,20.11112
1986-07-03,238.0219,566.1021,436.44759,23.58834,18.51415,19.89948
1986-07-04,238.0218,566.13944,436.46774,23.6528,18.566,19.9548
1986-07-07,230.7675,548.92689,423.18804,22.88559,17.9653,19.30869
1986-07-08,228.3486,543.21015,418.77228,22.68925,17.81239,19.14395
1986-07-09,229.5086,546.0067,420.91967,23.00241,18.0596,19.40921
1986-07-10,229.6803,546.45151,421.25423,22.90503,17.98434,19.32794
1986-07-11,229.0323,544.94598,420.08532,22.94998,18.02084,19.36678
1986-07-14,225.1485,535.74295,412.98226,22.69284,17.82017,19.15072
1986-07-15,221.2765,526.56675,405.90016,22.01775,17.29147,18.58209
1986-07-16,222.3549,529.16888,407.89774,22.03349,17.30498,18.59625
1986-07-17,223.085,530.94208,409.25637,22.08578,17.34722,18.64126
1986-07-18,223.5816,532.15957,410.18665,22.22009,17.45394,18.75555
1986-07-21,223.3912,531.74164,409.85641,21.98308,17.26896,18.55639
1986-07-22,225.4406,536.65728,413.63668,22.17586,17.42167,18.72008
1986-07-23,226.0129,538.05565,414.70622,22.2188,17.45657,18.75721
1986-07-24,225.2155,536.19297,413.26237,22.20935,17.4503,18.7501
1986-07-25,227.2981,541.18897,417.10428,22.60547,17.76293,19.08557
1986-07-28,223.121,531.28128,409.45956,22.07154,17.34474,18.6358
1986-07-29,221.6619,527.84238,406.80106,21.73013,17.0777,18.34849
1986-07-30,223.7439,532.83744,410.64213,21.95616,17.2566,18.5403
1986-07-31,223.387,532.02277,410.00619,21.68488,17.04459,18.31213
1986-08-01,222.0861,528.95991,407.63765,21.46098,16.86977,18.12393
1986-08-04,223.0921,531.39194,409.50361,21.56456,16.95236,18.21229
1986-08-05,223.9203,533.40059,411.04327,21.84465,17.17384,18.44982
1986-08-06,224.0458,533.73502,411.29283,21.67168,17.03901,18.3046
1986-08-07,224.2642,534.29085,411.71299,21.59917,16.98312,18.2442
1986-08-08,224.1514,534.05754,411.52506,21.61588,16.99738,18.25916
1986-08-11,227.6674,542.47414,418.00149,21.80713,17.14902,18.42165
1986-08-12,230.3341,548.86716,422.91864,22.20774,17.46542,18.7611
1986-08-13,232.6991,554.54171,427.2821,22.40495,17.6218,18.92867
1986-08-14,233.2017,555.7766,428.22506,22.3656,17.59201,18.8963
1986-08-15,233.8813,557.43365,429.49322,22.42202,17.63758,18.94486
1986-08-18,234.0511,557.87544,429.8251,22.46023,17.66882,18.97804
1986-08-19,233.1985,555.88017,428.27932,22.45524,17.66606,18.9747
1986-08-20,236.3057,563.32727,434.00766,22.56191,17.75121,19.06576
1986-08-21,236.0402,562.73165,433.54021,22.60471,17.78608,19.10283
1986-08-22,236.4051,563.63917,434.23075,22.51884,17.71968,19.03114
1986-08-25,234.2319,558.49571,430.2595,22.35304,17.5904,18.89191
1986-08-26,239.1255,570.20652,439.27155,22.86449,17.99432,19.32527
1986-08-27,239.3474,570.77363,439.69971,22.99095,18.09511,19.43311
1986-08-28,239.0052,569.99537,439.0915,22.86858,17.99999,19.33057
1986-08-29,239.2368,570.58567,439.53752,22.91754,18.03975,19.37287
1986-09-01,239.2368,570.62355,439.558,22.6895,17.86147,19.18103
1986-09-02,234.843,560.18343,431.50671,22.26849,17.53136,18.82611
1986-09-03,236.075,563.16045,433.7911,22.46124,17.68439,18.99003
1986-09-04,239.7566,571.98455,440.57855,22.68839,17.86454,19.18306
1986-09-05,236.6354,564.5774,434.86415,22.4558,17.68262,18.98733
1986-09-08,234.6228,559.81351,431.18608,22.59239,17.79143,19.10376
1986-09-09,234.3812,559.27413,430.76212,22.5647,17.77079,19.08123
1986-09-10,233.6176,557.48908,429.37874,22.44496,17.67767,18.98086
1986-09-11,222.6608,531.38754,409.26501,21.53771,16.96464,18.21479
1986-09-12,218.3082,521.03727,401.28486,21.19815,16.69839,17.92853
1986-09-15,219.3548,523.57067,403.22786,20.98429,16.53107,17.74852
1986-09-16,219.3035,523.48296,403.15233,20.95896,16.51221,17.72792
1986-09-17,219.1622,523.18037,402.91133,20.85006,16.4275,17.63662
1986-09-18,219.6797,524.45082,403.88168,20.70268,16.31248,17.51278
1986-09-19,219.0578,523.00085,402.75708,20.4692,16.12963,17.31612
1986-09-22,221.6114,529.13511,407.47237,21.09533,16.62439,17.84684
1986-09-23,222.3486,530.93099,408.84713,21.33514,16.81462,18.05066
1986-09-24,222.9838,532.48345,410.03441,21.34394,16.82267,18.05894
1986-09-25,218.7333,522.37064,402.23858,21.03759,16.58241,17.80065
1986-09-26,218.9918,523.0228,402.73277,21.00483,16.55768,17.77375
1986-09-29,216.7871,517.79256,398.69734,20.64611,16.27612,17.47112
1986-09-30,218.173,521.13842,401.26544,20.79626,16.39565,17.59906
1986-10-01,220.3609,526.40146,405.30938,20.96207,16.52756,17.74027
1986-10-02,220.5369,526.85693,405.65203,20.95242,16.52104,17.73292
1986-10-03,220.3091,526.34762,405.25188,20.69842,16.32191,17.51882
1986-10-06,221.3848,528.95347,407.24998,20.75182,16.36513,17.56485
1986-10-07,220.9306,527.90327,406.43337,20.89277,16.47745,17.68503
1986-10-08,222.8088,532.42808,409.90854,20.98347,16.55012,17.76267
1986-10-09,222.0254,530.59132,408.48636,20.9117,16.4946,17.70273
1986-10-10,221.5847,529.57327,407.69453,20.76461,16.37968,17.57904
1986-10-13,221.9201,530.41021,408.33074,20.73468,16.35715,17.55451
1986-10-14,221.4543,529.33201,407.49264,20.64597,16.28824,17.48022
1986-10-15,224.7884,537.3403,413.64865,20.91708,16.50337,17.71069
1986-10-16,225.5565,539.21265,415.08168,20.97066,16.54677,17.7569
1986-10-17,224.8756,537.6206,413.84794,20.9371,16.52137,17.7293
1986-10-20,222.1719,531.19331,408.89198,20.83754,16.44389,17.64581
1986-10-21,222.2776,531.48134,409.10559,20.8634,16.4654,17.66854
1986-10-22,222.6616,532.43504,409.83154,20.85955,16.46345,17.6661
1986-10-23,225.4947,539.24815,415.06695,21.19373,16.7285,17.95009
1986-10-24,224.5305,536.97811,413.31147,21.42306,16.91076,18.14527
1986-10-27,225.091,538.35462,414.36269,21.6004,17.05198,18.2964
1986-10-28,225.4386,539.22194,415.022,21.5453,17.0096,18.25057
1986-10-29,227.042,543.09441,417.99395,21.67954,17.11679,18.36519
1986-10-30,229.6796,549.44262,422.87091,21.82737,17.23473,18.49134
1986-10-31,229.8829,549.96555,423.26498,22.3287,17.63199,18.91712
1986-11-03,231.6737,554.28808,426.5829,22.53609,17.79705,19.0938
1986-11-04,232.1083,555.36496,427.40316,22.38759,17.68097,18.96887
1986-11-05,232.2812,555.81561,427.7415,22.56388,17.82147,19.11921
1986-11-06,231.614,554.25589,426.53274,22.45242,17.73461,19.02564
1986-11-07,231.5016,554.02367,426.3456,22.43487,17.72192,19.01165
1986-11-10,231.8672,554.93561,427.0389,22.24631,17.57416,18.85276
1986-11-11,232.6584,556.86667,428.51631,22.23097,17.5632,18.84063
1986-11-12,232.1924,555.78816,427.67793,22.1197,17.47645,18.74721
1986-11-13,228.6517,547.35128,421.17699,21.78663,17.21454,18.46585
1986-11-14,230.0691,550.78192,423.80816,21.83479,17.25376,18.50755
1986-11-17,228.943,548.12262,421.75354,21.68809,17.13898,18.38406
1986-11-18,223.0495,534.0524,410.91812,21.22605,16.77515,17.99339
1986-11-19,223.8869,536.09352,412.48034,21.26246,16.80505,18.0251
1986-11-20,228.1892,546.43584,420.42858,21.58959,17.06492,18.30342
1986-11-21,231.746,554.99353,427.0036,22.04082,17.42296,18.687
1986-11-24,233.2142,558.54783,429.72945,22.22351,17.56865,18.84285
1986-11-25,233.8405,560.08535,430.90376,22.14562,17.50823,18.77768
1986-11-26,234.3278,561.29001,431.82198,21.95457,17.35836,18.61657
1986-11-27,234.3278,561.32727,431.8421,21.99445,17.39106,18.65126
1986-11-28,234.6119,562.04525,432.38587,21.88719,17.30739,18.56117
1986-12-01,234.2909,561.31347,431.81437,21.69029,17.15286,18.39507
1986-12-02,239.2017,573.12163,440.88843,22.34936,17.67552,18.95511
1986-12-03,239.1598,573.05927,440.83173,22.34332,17.6719,18.95086
1986-12-04,238.3655,571.19397,439.38813,22.27123,17.61605,18.89059
1986-12-05,236.6561,567.13588,436.25773,22.28971,17.63184,18.90715
1986-12-08,236.6981,567.2742,436.35549,22.4249,17.74003,19.02277
1986-12-09,234.9294,563.07323,433.11535,22.2896,17.63417,18.90887
1986-12-10,236.582,567.0731,436.18311,22.51166,17.81116,19.09824
1986-12-11,234.1313,561.23723,431.68548,22.21602,17.5785,18.84837
1986-12-12,233.1818,558.99838,429.9549,22.24418,17.60195,18.87314
1986-12-15,234.168,561.40048,431.79379,22.20877,17.57509,18.84397
1986-12-16,236.0331,565.91105,435.25405,22.4725,17.78512,19.06874
1986-12-17,233.6669,560.27604,430.91131,22.1977,17.56888,18.8365
1986-12-18,232.8345,558.31727,429.39629,22.07164,17.47027,18.7304
1986-12-19,235.3478,564.38374,434.05282,22.25616,17.61759,18.88795
1986-12-22,234.3347,561.99166,432.20456,21.93428,17.36405,18.61572
1986-12-23,232.1585,556.81041,428.21121,21.65625,17.14516,18.38067
1986-12-24,232.5906,557.88401,429.02831,NA,NA,NA
1986-12-25,232.6678,558.10625,429.19072,NA,NA,NA
1986-12-26,232.6677,558.14305,429.21054,NA,NA,NA
1986-12-29,230.5104,553.00548,425.25116,21.24014,16.82018,18.03085
1986-12-30,229.2731,550.07389,422.9884,21.13605,16.73886,17.94332
1986-12-31,228.0213,547.10712,420.69867,20.90679,16.55844,17.74955
1987-01-01,228.0213,547.14344,420.71828,NA,NA,NA
1987-01-02,232.061,556.87779,428.19394,21.04524,16.67037,17.8688
1987-01-05,237.6134,570.24516,438.4624,21.62269,17.12918,18.36015
1987-01-06,238.2636,571.84389,439.68289,21.67181,17.16925,18.40273
1987-01-07,240.5829,577.45074,443.98463,22.02562,17.4509,18.70418
1987-01-08,242.2579,581.51103,447.09731,22.1707,17.56709,18.82832
1987-01-09,243.3913,584.27119,449.2104,22.16902,17.56692,18.82777
1987-01-12,244.568,587.13571,451.40363,22.09376,17.50844,18.76472
1987-01-13,244.0903,586.02775,450.5429,21.77014,17.25323,18.4908
1987-01-14,246.664,592.24854,455.31593,21.85474,17.32146,18.56355
1987-01-15,249.5005,599.10152,460.57469,21.9044,17.36199,18.60661
1987-01-16,250.1906,600.79886,461.87034,22.07555,17.4989,18.75293
1987-01-19,253.3086,608.3297,467.64978,21.80771,17.28781,18.52632
1987-01-20,253.0441,607.73478,467.18321,22.05182,17.48262,18.73468
1987-01-21,251.8717,604.95936,465.04043,22.17008,17.5776,18.83607
1987-01-22,257.5959,618.75474,475.63438,22.32364,17.70061,18.96749
1987-01-23,253.8756,609.86096,468.78804,21.96052,17.41397,18.65992
1987-01-26,253.3376,608.60894,467.81639,21.99733,17.44433,18.69208
1987-01-27,257.111,617.71875,474.8085,22.25215,17.64772,18.9096
1987-01-28,258.7402,621.67548,477.84008,21.88569,17.35837,18.59915
1987-01-29,257.6791,619.16719,475.90269,21.90162,17.37215,18.61355
1987-01-30,257.6137,619.05111,475.80406,22.22707,17.63165,18.89116
1987-02-02,259.8649,624.5042,479.98536,22.51233,17.85927,19.13461
1987-02-03,259.1813,622.90272,478.74501,22.18102,17.59772,18.85397
1987-02-04,262.3054,630.45585,484.53983,22.66175,17.98055,19.26368
1987-02-05,264.0385,634.66487,487.76473,23.04472,18.28583,19.59029
1987-02-06,262.84,631.82616,485.57343,23.22925,18.43358,19.74815
1987-02-09,261.0747,627.62479,482.33492,22.8246,18.11382,19.40516
1987-02-10,258.1765,620.70003,477.00346,22.34831,17.73719,19.00125
1987-02-11,260.2897,625.82385,480.93114,22.58101,17.9232,19.20009
1987-02-12,258.6535,621.93156,477.93046,22.34822,17.73965,19.00307
1987-02-13,262.2209,630.55471,484.5466,22.85763,18.14547,19.43733
1987-02-16,262.2207,630.59609,484.56881,22.64049,17.97433,19.25361
1987-02-17,267.5581,643.47963,494.45787,23.06684,18.31425,19.61726
1987-02-18,267.6232,643.67894,494.60123,23.2645,18.47252,19.78637
1987-02-19,267.7534,644.03489,494.86494,23.52161,18.67805,20.00608
1987-02-20,267.789,644.16329,494.9538,23.2748,18.48335,19.79712
1987-02-23,265.0056,637.51137,489.83273,23.02269,18.28441,19.58363
1987-02-24,265.2778,638.20867,490.35877,23.157,18.39236,19.69885
1987-02-25,266.1735,640.40661,492.03767,23.07514,18.32855,19.63012
1987-02-26,265.0561,637.76064,489.99498,22.97624,18.2512,19.54689
1987-02-27,266.1738,640.49324,492.08454,23.14876,18.38956,19.69465
1987-03-02,265.4035,638.68207,490.68333,23.00026,18.27281,19.56923
1987-03-03,266.4997,641.36333,492.73336,23.12997,18.37715,19.68056
1987-03-04,270.7478,651.63436,500.61327,23.49452,18.66822,19.99182
1987-03-05,272.5002,655.89693,503.87766,23.76422,18.88393,20.22237
1987-03-06,272.3393,655.55313,503.60359,23.65144,18.79555,20.12733
1987-03-09,270.2443,650.55407,499.75322,23.63468,18.78347,20.114
1987-03-10,272.664,656.42466,504.25251,23.90806,19.00216,20.34772
1987-03-11,272.0373,654.95935,503.11694,23.86164,18.96651,20.30915
1987-03-12,272.6965,656.59039,504.35978,23.97731,19.05977,20.40859
1987-03-13,271.5263,653.81636,502.21894,23.80405,18.92332,20.26208
1987-03-16,269.9816,650.14031,499.38529,23.53413,18.71004,20.0333
1987-03-17,273.7543,659.27278,506.38922,23.69676,18.84067,20.17274
1987-03-18,274.062,660.05774,506.98209,23.77581,18.90481,20.241
1987-03-19,275.3005,663.08544,509.29735,23.84953,18.96472,20.30473
1987-03-20,279.0358,672.13051,516.23354,24.1582,19.21161,20.56861
1987-03-23,281.8789,679.02654,521.51913,24.25248,19.28792,20.64988
1987-03-24,282.2888,680.05928,522.30195,24.18389,19.23463,20.59242
1987-03-25,281.2502,677.60225,520.40458,24.22812,19.2711,20.63106
1987-03-26,281.5285,678.31789,520.94385,24.36112,19.37824,20.74533
1987-03-27,277.0456,667.56365,512.67395,23.89107,19.00578,20.34613
1987-03-30,270.7097,652.34445,500.97506,23.12932,18.40134,19.69858
1987-03-31,272.6503,657.06601,504.59068,23.30933,18.54588,19.85288
1987-04-01,273.1171,658.23487,505.47825,23.48216,18.68473,20.00109
1987-04-02,274.2304,660.96263,507.56276,23.71079,18.86803,20.19686
1987-04-03,280.4951,676.11313,519.18532,24.11229,19.18901,20.53998
1987-04-06,281.874,679.48295,521.76244,24.30531,19.34402,20.70545
1987-04-07,276.9294,667.61087,512.63528,23.83499,18.97113,20.30586
1987-04-08,277.5847,669.23542,513.87246,24.07928,19.16699,20.51505
1987-04-09,273.3359,659.03805,506.03186,23.60019,18.78706,20.10794
1987-04-10,273.069,658.43819,505.56128,23.30656,18.55462,19.85875
1987-04-13,267.0134,643.88346,494.37519,22.82742,18.17456,19.45154
1987-04-14,261.3549,630.284,483.92309,22.27383,17.73521,18.98087
1987-04-15,266.0036,641.54205,492.556,22.76885,18.13082,19.4038
1987-04-16,268.0632,646.55398,496.39378,22.99527,18.31246,19.59776
1987-04-17,268.0629,646.59617,496.41636,NA,NA,NA
1987-04-20,267.6538,645.65219,495.68183,NA,NA,NA
1987-04-21,274.2338,661.57522,507.89472,23.41615,18.65157,19.95942
1987-04-22,268.4602,647.69353,497.22699,23.07773,18.38333,19.67194
1987-04-23,268.0151,646.66254,496.42571,23.01125,18.33158,19.61619
1987-04-24,263.2561,635.22519,487.63526,22.30034,17.76673,19.01128
1987-04-27,263.7119,636.36748,488.50243,22.1915,17.68118,18.91937
1987-04-28,264.2216,637.64002,489.46954,22.34357,17.80361,19.04996
1987-04-29,266.0595,642.11948,492.898,22.60805,18.01569,19.27647
1987-04-30,269.4768,650.41343,499.25386,22.76639,18.14316,19.41245
1987-05-01,268.7756,648.76406,497.97796,NA,NA,NA
1987-05-04,270.1386,652.0983,500.52712,22.70312,18.09512,19.36028
1987-05-05,276.0703,666.46717,511.54463,23.03794,18.36339,19.64686
1987-05-06,276.1123,666.61282,511.6463,23.15561,18.45846,19.74817
1987-05-07,275.0432,664.07589,509.68902,23.07975,18.3992,19.68438
1987-05-08,273.7424,660.97925,507.30222,23.07712,18.39832,19.68305
1987-05-11,271.9816,656.77166,504.06282,23.11927,18.43317,19.71994
1987-05-12,273.7324,661.04467,507.33194,23.15382,18.46195,19.75033
1987-05-13,274.4858,662.90852,508.75221,23.28576,18.56845,19.86385
1987-05-14,274.3041,662.51363,508.43911,23.23621,18.53016,19.8225
1987-05-15,267.7534,646.73956,496.32262,22.55673,17.98978,19.24396
1987-05-18,266.8789,644.67009,494.72467,22.40423,17.86935,19.11475
1987-05-19,260.5708,629.4785,483.05599,21.94976,17.5082,18.72801
1987-05-20,259.4252,626.75274,480.95472,21.69871,17.30916,18.51472
1987-05-21,261.2956,631.31492,484.44569,21.97122,17.52786,18.74823
1987-05-22,263.0004,635.4774,487.62984,22.056,17.59671,18.82148
1987-05-25,263.0002,635.5191,487.65219,22.18295,17.69923,18.93075
1987-05-26,269.3315,650.86757,499.41817,22.91186,18.28232,19.55393
1987-05-27,269.2077,650.61155,499.21185,23.1643,18.48512,19.7704
1987-05-28,270.9848,654.95126,502.53142,NA,NA,NA
1987-05-29,270.2888,653.31243,501.26406,23.28181,18.58141,19.87257
1987-06-01,270.2346,653.22477,501.18689,23.44169,18.71034,20.01004
1987-06-02,268.8957,650.03168,498.72707,23.08484,18.42685,19.70644
1987-06-03,273.6088,661.47381,507.49472,23.35466,18.64362,19.93781
1987-06-04,275.2253,665.42724,510.51747,23.65306,18.88325,20.19362
1987-06-05,273.7858,661.99108,507.87114,23.45748,18.72837,20.0276
1987-06-08,277.0266,669.87463,513.9084,NA,NA,NA
1987-06-09,277.1909,670.31648,514.23718,23.57024,18.82095,20.12578
1987-06-10,277.2687,670.54915,514.40549,23.42871,18.70918,20.00587
1987-06-11,278.385,673.29425,516.50098,23.59005,18.83935,20.14464
1987-06-12,281.2038,680.15946,521.75652,23.90733,19.09418,20.41666
1987-06-15,282.6335,683.66394,524.43422,24.36224,19.45904,20.80631
1987-06-16,284.081,687.21197,527.14522,24.45266,19.5326,20.88453
1987-06-17,284.25,687.6665,527.48342,24.57279,19.62992,20.98815
1987-06-18,284.9733,689.4625,528.85051,24.55746,19.61897,20.97603
1987-06-19,286.1274,692.30144,531.01743,24.73726,19.76402,21.13066
1987-06-22,288.8071,698.83391,536.01687,25.07937,20.03888,21.42404
1987-06-23,287.7722,696.37603,534.12105,25.06489,20.02863,21.41266
1987-06-24,286.3552,692.99328,531.51591,24.68738,19.7284,21.09123
1987-06-25,288.3439,697.85394,535.23301,24.94866,19.93867,21.31556
1987-06-26,286.6166,693.71995,532.05175,24.77956,19.80485,21.17207
1987-06-29,287.2333,695.25907,533.22156,24.8745,19.88209,21.25421
1987-06-30,283.5742,686.44951,526.45433,24.56845,19.63886,20.99375
1987-07-01,282.3952,683.64101,524.29002,24.35881,19.4726,20.81561
1987-07-02,284.8105,689.53599,528.79998,24.64511,19.70294,21.06136
1987-07-03,284.8103,689.58128,528.82425,24.73668,19.7775,21.14063
1987-07-06,283.9077,687.44157,527.17292,24.71075,19.75807,21.11945
1987-07-07,285.8752,692.25311,530.85184,24.83136,19.85589,21.22356
1987-07-08,286.6958,694.28678,532.4007,25.00886,19.99924,21.37634
1987-07-09,285.945,692.51453,531.03118,24.81327,19.84417,21.21017
1987-07-10,286.7822,694.5887,532.61103,24.99862,19.99383,21.36967
1987-07-13,285.9658,692.65735,531.11957,24.9607,19.96482,21.33825
1987-07-14,288.7858,699.53687,536.38346,25.16657,20.13093,21.51532
1987-07-15,288.3911,698.62709,535.67529,25.215,20.17102,21.55774
1987-07-16,290.4885,703.75647,539.59718,25.17416,20.13968,21.52382
1987-07-17,292.3662,708.354,543.11119,25.57622,20.46292,21.86876
1987-07-20,289.4414,701.31549,537.70369,25.41321,20.33385,21.7304
1987-07-21,286.8457,695.07324,532.90696,25.19432,20.16008,21.54426
1987-07-22,286.8918,695.23111,533.01744,25.24128,20.19901,21.58543
1987-07-23,286.4118,694.11394,532.15042,25.14271,20.12146,21.50214
1987-07-24,287.6247,697.10047,534.42931,25.2379,20.19902,21.58458
1987-07-27,289.0046,700.49233,537.01881,25.29342,20.24482,21.63308
1987-07-28,290.5803,704.35945,539.97251,25.52919,20.43502,21.83585
1987-07-29,293.5336,711.56812,545.48735,25.75869,20.62022,22.03327
1987-07-30,295.864,717.26693,549.84471,25.98642,20.80403,22.22919
1987-07-31,296.3417,718.47294,550.75827,26.02139,20.83342,22.26015
1987-08-03,295.0971,715.50308,548.47078,25.94227,20.77144,22.1935
1987-08-04,293.7133,712.19534,545.92438,26.06336,20.86984,22.29817
1987-08-05,295.6853,717.0262,549.61618,26.29777,21.05907,22.49987
1987-08-06,299.2717,725.77473,556.31029,26.66022,21.35094,22.81118
1987-08-07,300.1594,727.97637,557.9867,26.73687,21.41378,22.87786
1987-08-10,304.9724,739.70326,566.96288,27.31679,21.87999,23.37539
1987-08-11,310.153,752.32382,576.62356,27.82652,22.29003,23.81289
1987-08-12,309.2214,750.11389,574.91837,27.76832,22.24486,23.76417
1987-08-13,311.7324,756.25745,579.61508,27.89938,22.3514,23.8775
1987-08-14,311.2934,755.24252,578.82577,27.90843,22.36014,23.88636
1987-08-17,311.6948,756.26675,579.59924,27.68151,22.17983,23.69326
1987-08-18,307.2409,745.51216,571.34513,26.93266,21.58156,23.05362
1987-08-19,307.392,745.92837,571.65278,26.84284,21.511,22.97779
1987-08-20,312.0812,757.36231,580.40275,27.09565,21.71518,23.19539
1987-08-21,312.8945,759.3869,581.94266,27.06811,21.69453,23.17288
1987-08-24,310.7568,754.24941,577.99408,26.81465,21.49286,22.957
1987-08-25,313.9406,762.03045,583.94458,27.05846,21.68986,23.16692
1987-08-26,311.8691,757.05309,580.11882,27.05809,21.691,23.16768
1987-08-27,308.7167,749.45182,574.28242,26.58487,21.31323,22.76368
1987-08-28,304.5351,739.35172,566.53131,26.23168,21.03157,22.46238
1987-08-31,307.3054,746.12945,571.71289,26.41699,21.18165,22.6222
1987-09-01,301.3688,731.76794,560.69661,25.84104,20.72145,22.13018
1987-09-02,299.9536,728.38018,558.08975,25.68828,20.60032,22.00039
1987-09-03,298.7924,725.6087,555.9552,25.46,20.41865,21.80593
1987-09-04,295.4846,717.62496,549.82691,25.13234,20.1573,21.52636
1987-09-07,295.4843,717.67187,549.85197,25.09318,20.12721,21.49381
1987-09-08,292.673,710.89211,544.64656,24.86304,19.94398,21.29771
1987-09-09,292.6911,710.98327,544.70562,24.84952,19.93446,21.28712
1987-09-10,295.4094,717.63643,549.79136,25.26604,20.27017,21.64511
1987-09-11,299.8962,728.58904,558.1702,25.66992,20.59578,21.9923
1987-09-14,300.7973,730.82728,559.87371,25.82813,20.72417,22.12893
1987-09-15,295.9162,719.01861,550.81576,25.40901,20.38937,21.77096
1987-09-16,292.9438,711.84477,545.30906,25.08576,20.13141,21.49507
1987-09-17,292.9338,711.86771,545.31585,25.16613,20.19728,21.56496
1987-09-18,292.8273,711.65611,545.14298,24.98642,20.0544,21.41198
1987-09-21,289.2543,703.02112,538.51735,24.7396,19.85766,21.20149
1987-09-22,297.7797,723.79784,554.41954,25.58469,20.53769,21.92699
1987-09-23,299.038,726.90543,556.78869,25.83298,20.73852,22.14092
1987-09-24,297.8488,724.06288,554.60038,25.61304,20.56335,21.95346
1987-09-25,298.2805,725.16067,555.4302,25.69969,20.63432,22.02879
1987-09-28,301.112,732.09558,560.73024,25.98014,20.86104,22.27033
1987-09-29,300.0065,729.45627,558.69766,26.0819,20.94418,22.35864
1987-09-30,300.0327,729.56841,558.77249,26.06571,20.93256,22.34579
1987-10-01,305.1323,742.02314,568.29904,26.57224,21.34103,22.7813
1987-10-02,305.8503,743.81894,569.66304,26.61823,21.3794,22.82181
1987-10-05,305.9006,743.99067,569.78328,26.62733,21.38813,22.83067
1987-10-06,297.3937,723.35516,553.96725,25.74985,20.68505,22.07962
1987-10-07,296.9213,722.25402,553.11304,25.59381,20.56108,21.94685
1987-10-08,293.0283,712.83374,545.88759,25.2383,20.27693,21.64309
1987-10-09,289.8566,705.16636,540.00492,24.8409,19.9591,21.30339
1987-10-12,288.4777,701.85856,537.46118,24.72057,19.86374,21.20118
1987-10-13,293.1062,713.17157,546.11242,25.22288,20.26897,21.63319
1987-10-14,284.394,692.02611,529.90827,24.32179,19.54655,20.86161
1987-10-15,277.8825,676.23085,517.80205,23.64954,19.00783,20.28616
1987-10-16,264.4506,643.59918,492.80288,22.52007,18.10175,19.3186
1987-10-19,210.4794,512.3558,392.28535,17.66351,14.20074,15.15446
1987-10-20,221.4234,539.03968,412.70583,19.02429,15.29584,16.32276
1987-10-21,241.3393,587.56989,449.85144,20.602,16.56546,17.67726
1987-10-22,232.5431,566.19936,433.47966,19.87184,15.97974,17.0518
1987-10-23,231.9476,564.7869,432.38974,19.79511,15.91909,16.98674
1987-10-26,213.3271,519.50123,397.70744,17.88719,14.3865,15.35081
1987-10-27,218.8715,533.04391,408.06577,18.3662,14.77297,15.7628
1987-10-28,218.8296,532.97723,408.00665,18.15474,14.6039,15.58208
1987-10-29,229.15,558.15838,427.27308,18.85164,15.16576,16.18117
1987-10-30,235.6408,574.01282,439.39957,19.49837,15.68734,16.73725
1987-11-02,239.1537,582.61231,445.97271,19.5713,15.74709,16.80066
1987-11-03,234.7465,571.91649,437.7761,19.02351,15.30759,16.33136
1987-11-04,232.9302,567.52968,434.40947,18.92475,15.22913,16.24733
1987-11-05,237.9909,579.90352,443.87091,19.2198,15.46776,16.50153
1987-11-06,234.3442,571.05774,437.09105,18.70984,15.05856,16.06461
1987-11-09,227.7042,554.91903,424.72886,18.10463,14.57269,15.54588
1987-11-10,224.0068,545.94684,417.85289,17.64915,14.2072,15.15563
1987-11-11,226.6391,552.40145,422.78412,17.97337,14.46932,15.43489
1987-11-12,232.8264,567.52577,434.3496,18.60985,14.98296,15.98241
1987-11-13,229.2842,558.93061,427.76248,18.46502,14.86736,15.85878
1987-11-16,230.7083,562.44061,430.43999,18.80648,15.14349,16.15293
1987-11-17,227.6026,554.90775,424.66627,18.33862,14.76793,15.75197
1987-11-18,229.8145,560.3397,428.81434,18.5656,14.95183,15.94777
1987-11-19,224.7429,548.01384,419.3726,17.93453,14.44484,15.40661
1987-11-20,226.6896,552.79908,423.02577,17.97302,14.47681,15.4404
1987-11-23,227.1168,553.87782,423.84283,18.01853,14.51444,15.48024
1987-11-24,230.4055,561.93868,430.00194,18.44337,14.85787,15.84613
1987-11-25,228.0315,556.18665,425.59178,18.10719,14.58813,15.55811
1987-11-26,228.0265,556.21138,425.60228,18.08047,14.56757,15.53587
1987-11-27,224.2667,547.07889,418.60549,17.67105,14.2388,15.18489
1987-11-30,214.9992,524.51451,401.33028,16.73402,13.48508,14.38068
1987-12-01,216.5733,528.39108,404.28812,17.03477,13.72852,14.63995
1987-12-02,217.8218,531.47337,406.63821,17.11104,13.79094,14.70621
1987-12-03,210.181,512.87054,392.39575,16.49367,13.29451,14.17646
1987-12-04,208.7945,509.52148,389.8256,16.43741,13.25003,14.12876
1987-12-07,213.4158,520.83803,398.4747,16.94387,13.65941,14.56493
1987-12-08,219.1362,534.83962,409.17741,17.36854,14.0029,14.93083
1987-12-09,222.9592,544.2103,416.33727,17.58778,14.18073,15.1201
1987-12-10,217.9446,532.00919,406.99423,17.23514,13.89745,14.81773
1987-12-11,219.2891,535.32773,409.52462,17.02204,13.72659,14.63524
1987-12-14,225.6149,550.81283,421.36092,17.43315,14.05925,14.98956
1987-12-15,226.2065,552.29415,422.48566,17.51193,14.12376,15.05802
1987-12-16,230.8573,563.6914,431.19452,17.91293,14.44833,15.4037
1987-12-17,225.8895,551.60135,421.93717,17.45437,14.07959,15.01022
1987-12-18,231.5524,565.47273,432.53795,17.8849,14.42805,15.38134
1987-12-21,232.0981,566.8433,433.57767,17.99357,14.51673,15.47556
1987-12-22,232.0105,566.66695,433.43421,17.97684,14.50419,15.46189
1987-12-23,235.0609,574.15843,439.15492,18.29983,14.76595,15.74056
1987-12-24,234.0285,571.67477,437.24657,18.15326,14.64867,15.61522
1987-12-25,234.0285,571.71272,437.26694,NA,NA,NA
1987-12-28,228.0974,557.26482,426.20727,17.34117,13.99554,14.9183
1987-12-29,227.2407,555.20874,424.62632,17.23069,13.9073,14.82395
1987-12-30,230.3498,562.84554,430.45774,17.50157,14.12702,15.05781
1987-12-31,229.4098,560.58602,428.72118,17.27513,13.94523,14.86373
1988-01-01,229.4097,560.62298,428.74096,NA,NA,NA
1988-01-04,237.5987,580.68078,444.06982,17.88355,14.43863,15.38891
1988-01-05,239.9335,586.428,448.45557,18.40198,14.85842,15.83594
1988-01-06,240.432,587.68567,449.40838,18.9205,15.27834,16.28309
1988-01-07,242.379,592.4857,453.06965,18.90403,15.26605,16.26967
1988-01-08,226.5057,553.73705,423.42679,17.81744,14.39001,15.33558
1988-01-11,229.9185,562.12105,429.82847,17.87257,14.43551,15.38376
1988-01-12,227.9071,557.24117,426.08846,17.71621,14.3102,15.24991
1988-01-13,228.3909,558.46141,427.01299,17.6532,14.26024,15.19637
1988-01-14,228.5678,558.93113,427.36368,17.78306,14.36616,15.30892
1988-01-15,234.2599,572.89401,438.02982,18.1583,14.67047,15.63283
1988-01-18,234.0071,572.31372,437.57749,18.7027,15.11155,16.10244
1988-01-19,231.6053,566.47826,433.10704,18.55303,14.99163,15.97434
1988-01-20,225.344,551.20514,421.42044,17.80881,14.39156,15.33453
1988-01-21,225.8601,552.50451,422.40544,17.83955,14.41737,15.36171
1988-01-22,228.934,560.06419,428.17584,18.17445,14.68918,15.65096
1988-01-25,234.2048,573.00196,438.05701,18.61395,15.04562,16.03035
1988-01-26,231.7196,566.96045,433.42949,18.45079,14.91475,15.89059
1988-01-27,231.2227,565.78219,432.52018,18.43364,14.90187,15.87656
1988-01-28,234.7771,574.52122,439.19132,18.60822,15.0441,16.02775
1988-01-29,238.4954,583.66274,446.16982,19.0119,15.37169,16.37636
1988-02-01,236.7127,579.33901,442.85574,19.03828,15.39404,16.39985
1988-02-02,237.1242,580.38485,443.64637,19.03706,15.39408,16.39957
1988-02-03,233.9876,572.74739,437.79927,18.75152,15.16428,16.1544
1988-02-04,233.7739,572.26225,437.41979,18.82196,15.22229,16.21587
1988-02-05,232.5462,569.29494,435.14301,18.68787,15.11485,16.1011
1988-02-08,230.9369,565.39321,432.15205,18.68087,15.11019,16.09582
1988-02-09,233.2528,571.10319,436.50727,18.88065,15.27291,16.2688
1988-02-10,237.6091,581.81232,444.68266,19.09786,15.44977,16.45682
1988-02-11,236.9367,580.20439,443.44494,19.04537,15.40832,16.41235
1988-02-12,238.3112,583.61001,446.03876,19.24725,15.5728,16.58718
1988-02-15,238.3173,583.66369,446.07096,19.34962,15.65672,16.67622
1988-02-16,240.4287,588.87569,450.04494,19.57123,15.83721,16.86809
1988-02-17,240.0663,588.02706,449.3875,19.51261,15.79081,16.81834
1988-02-18,238.8343,585.04841,447.10223,19.32129,15.63706,16.65424
1988-02-19,241.9826,592.80296,453.01866,19.60506,15.86794,16.89975
1988-02-22,245.5419,601.56595,459.70538,19.85084,16.06807,17.11251
1988-02-23,244.8373,599.87954,458.40759,19.69011,15.93905,16.97476
1988-02-24,244.3865,598.81473,457.58486,19.6603,15.91596,16.94984
1988-02-25,241.8531,592.64765,452.86307,19.53492,15.81552,16.84254
1988-02-26,242.5986,594.51438,454.2804,19.46702,15.76158,16.78477
1988-02-29,247.7309,607.13711,463.91529,19.86099,16.08184,17.12542
1988-03-01,247.2699,606.04748,463.07355,19.83862,16.06478,17.10691
1988-03-02,247.9617,607.7838,464.39096,19.97738,16.1783,17.22743
1988-03-03,247.5171,606.73426,463.57988,19.93501,16.14505,17.19169
1988-03-04,246.8,605.01661,462.25835,19.87563,16.09801,17.14127
1988-03-07,246.4104,604.10158,461.55011,19.678,15.93904,16.97165
1988-03-08,248.1477,608.40257,464.82665,19.65844,15.92425,16.95556
1988-03-09,247.7586,607.48886,464.11939,19.57235,15.85556,16.88209
1988-03-10,243.2215,596.40663,455.64296,19.23714,15.58516,16.59382
1988-03-11,243.9534,598.24148,457.03561,19.19761,15.55415,16.56048
1988-03-14,245.4747,602.01329,459.90775,19.28332,15.62468,16.63523
1988-03-15,245.261,601.52908,459.52876,19.35169,15.68115,16.69501
1988-03-16,247.5582,607.2056,463.85559,19.59435,15.87898,16.90525
1988-03-17,250.0431,613.34353,468.53465,19.85024,16.08756,17.12692
1988-03-18,249.8978,613.02777,468.28419,20.03472,16.23825,17.28698
1988-03-21,247.8326,608.00269,464.43624,19.84646,16.08677,17.12536
1988-03-22,247.8768,608.15151,464.54072,19.88081,16.11569,17.15581
1988-03-23,247.7749,607.94183,464.37137,19.87913,16.1154,17.15516
1988-03-24,242.7538,595.66491,454.98401,19.37338,15.70666,16.71965
1988-03-25,238.2069,584.54952,446.48432,18.96888,15.37989,16.37144
1988-03-28,237.9717,584.01107,446.06423,18.7675,15.21767,16.19842
1988-03-29,239.6509,588.17245,449.23346,18.89082,15.31875,16.30567
1988-03-30,237.8031,583.67676,445.79079,18.78438,15.23344,16.21455
1988-03-31,238.6869,585.88547,447.46874,18.71567,15.17872,16.15599
1988-04-01,238.6869,585.92436,447.48959,NA,NA,NA
1988-04-04,236.0161,579.40785,442.50368,NA,NA,NA
1988-04-05,237.9641,584.23056,446.17765,18.72029,15.18548,16.16222
1988-04-06,244.2611,599.73641,458.00897,19.28985,15.64879,16.65492
1988-04-07,244.8694,601.27023,459.17115,19.45367,15.78283,16.79722
1988-04-08,247.9045,608.76622,464.88571,19.62651,15.92421,16.94732
1988-04-11,248.5697,610.44062,466.15506,19.81498,16.0783,17.11094
1988-04-12,249.7514,613.38422,468.39343,19.9011,16.1493,17.18614
1988-04-13,250.0213,614.08796,468.92152,20.00052,16.2311,17.27284
1988-04-14,239.3057,587.81744,448.85018,19.14333,15.53687,16.53361
1988-04-15,239.3266,587.90781,448.9103,18.80788,15.26576,16.24474
1988-04-18,238.5816,586.11664,447.53375,18.72236,15.19735,16.17163
1988-04-19,237.378,583.19871,445.29689,18.66521,15.15195,16.123
1988-04-20,235.7915,579.33982,442.34162,18.51525,15.03124,15.99423
1988-04-21,236.084,580.09713,442.91105,18.58131,15.0859,16.05207
1988-04-22,239.5294,588.60559,449.39765,18.91769,15.36021,16.34356
1988-04-25,241.5752,593.67402,453.25798,19.11925,15.52501,16.51855
1988-04-26,242.6791,596.42724,455.35082,19.18034,15.57567,16.57211
1988-04-27,242.4893,596.00029,455.01587,19.24901,15.6325,16.63224
1988-04-28,241.283,593.07497,452.77353,19.07,15.48818,16.47836
1988-04-29,240.1074,590.2247,450.58858,18.96029,15.40011,16.38433
1988-05-02,240.3641,590.89505,451.09138,19.12205,15.53261,16.52495
1988-05-03,241.6499,594.09636,453.52608,19.17773,15.57889,16.57385
1988-05-04,239.0333,587.70366,448.63683,19.01002,15.44371,16.4297
1988-05-05,237.5165,584.0135,445.81096,18.84665,15.31203,16.28928
1988-05-06,236.2629,580.96991,443.47879,18.77145,15.25194,16.22503
1988-05-09,235.489,579.10536,442.04675,18.6903,15.187,16.15564
1988-05-10,236.4893,581.60455,443.9455,18.75301,15.239,16.21063
1988-05-11,232.7023,572.33132,436.858,18.43336,14.98036,15.93514
1988-05-12,233.1941,573.57924,437.8018,NA,NA,NA
1988-05-13,235.9004,580.27697,442.90467,18.70783,15.20558,16.17403
1988-05-16,237.6332,584.57962,446.17957,18.91092,15.37179,16.35047
1988-05-17,234.9178,577.93938,441.1024,18.66458,15.17263,16.13828
1988-05-18,231.2885,569.05055,434.30909,18.60659,15.12649,16.08889
1988-05-19,232.4472,571.94016,436.50566,18.62807,15.14496,16.10821
1988-05-20,232.8808,573.0453,437.3404,18.69181,15.19781,16.1641
1988-05-23,231.1359,568.78996,434.08408,NA,NA,NA
1988-05-24,233.4453,574.51332,438.4428,18.69432,15.20187,16.16778
1988-05-25,233.58,574.88303,438.71625,18.74027,15.24026,16.20828
1988-05-26,234.3046,576.70513,440.09796,18.85078,15.33121,16.30466
1988-05-27,233.2953,574.25913,438.22266,18.81274,15.30128,16.27251
1988-05-30,233.2952,574.297,438.24289,18.95754,15.42016,16.39859
1988-05-31,241.3941,594.28064,453.48158,19.59134,15.93701,16.94781
1988-06-01,245.4491,604.30776,461.12295,19.95177,16.23149,17.26057
1988-06-02,244.041,600.88115,458.49909,19.94631,16.22812,17.25664
1988-06-03,245.0933,603.51292,460.49797,19.99736,16.27075,17.30163
1988-06-06,245.4468,604.42365,461.18373,19.98468,16.26151,17.29146
1988-06-07,243.623,599.97286,457.77853,19.74285,16.06586,17.08307
1988-06-08,249.5133,614.52562,468.8716,20.22854,16.46243,17.50432
1988-06-09,248.2068,611.34867,466.43836,20.18597,16.42886,17.46828
1988-06-10,249.071,613.51852,468.0845,20.21271,16.45173,17.49225
1988-06-13,249.3035,614.13208,468.54332,20.30712,16.52971,17.5748
1988-06-14,251.8489,620.44597,473.35049,20.5571,16.73444,17.79208
1988-06-15,251.9947,620.84642,473.64661,20.83754,16.96402,18.03576
1988-06-16,248.0037,611.0566,466.16818,20.45411,16.65312,17.70482
1988-06-17,249.0648,613.71252,468.18491,20.62828,16.79613,17.85648
1988-06-20,247.3646,609.56405,465.01085,20.50649,16.69808,17.75189
1988-06-21,249.816,615.64801,469.64222,20.72897,16.88049,17.94541
1988-06-22,253.64,625.11728,476.85543,21.22025,17.28196,18.37177
1988-06-23,253.041,623.68236,475.75143,21.38336,17.41604,18.51391
1988-06-24,252.2321,621.72993,474.2527,21.3868,17.42,18.51775
1988-06-27,247.9202,611.1447,466.16853,21.38132,17.41669,18.51386
1988-06-28,250.6904,618.01717,471.40076,21.34087,17.38488,18.47969
1988-06-29,249.5064,615.13931,469.19631,21.49545,17.51206,18.61448
1988-06-30,251.8515,620.96434,473.62947,21.66327,17.65004,18.76074
1988-07-01,250.3056,617.19411,470.7444,21.57946,17.58291,18.68903
1988-07-04,250.3056,617.23508,470.76633,21.60982,17.60883,18.7162
1988-07-05,253.7841,625.85785,477.33266,21.89088,17.8392,18.96063
1988-07-06,250.3572,617.44959,470.91009,21.54228,17.55641,18.65966
1988-07-07,250.2584,617.24687,470.74617,21.4548,17.48626,18.58474
1988-07-08,248.6714,613.37375,467.78297,21.41224,17.45273,18.54873
1988-07-11,249.2278,614.78728,468.85164,21.68267,17.67448,18.78399
1988-07-12,246.6082,608.36689,463.94585,21.46428,17.49766,18.59569
1988-07-13,248.013,611.87413,466.61102,21.59038,17.60169,18.70586
1988-07-14,248.9833,614.30938,468.45872,21.73653,17.7221,18.83342
1988-07-15,250.5548,618.22898,471.4381,21.995,17.93417,19.05837
1988-07-18,249.2204,614.97751,468.94931,22.26005,18.15165,19.28904
1988-07-19,247.1955,610.02205,465.16118,21.74872,17.73608,18.847
1988-07-20,248.4576,613.17825,467.55842,21.76224,17.74829,18.85959
1988-07-21,245.2956,605.41646,461.63043,21.26707,17.3458,18.43147
1988-07-22,242.3622,598.21767,456.13201,20.88913,17.03882,18.10488
1988-07-25,243.7595,601.70761,458.78371,21.10779,17.21844,18.29534
1988-07-26,244.1653,602.74951,459.56899,21.34058,17.40963,18.49808
1988-07-27,241.6817,596.65916,454.91613,21.32285,17.39631,18.48356
1988-07-28,244.8934,604.63149,460.98467,21.36618,17.43283,18.52199
1988-07-29,250.2908,618.00392,471.1695,22.09233,18.0268,19.1526
1988-08-01,250.5513,618.68831,471.68192,22.11533,18.04676,19.17343
1988-08-02,250.639,618.94598,471.86902,22.06355,18.0057,19.12943
1988-08-03,251.3757,620.80689,473.27827,22.20806,18.12491,19.25567
1988-08-04,250.3039,618.20109,471.28236,22.15524,18.08299,19.21076
1988-08-05,249.493,616.23927,469.77747,22.1014,18.04023,19.16496
1988-08-08,248.5251,613.88942,467.97684,22.24449,18.15831,19.29
1988-08-09,245.2828,605.92245,461.89399,21.86259,17.84789,18.95981
1988-08-10,241.3795,596.32203,454.56609,21.77966,17.78136,18.88876
1988-08-11,242.1371,598.23384,456.0143,21.66878,17.692,18.79347
1988-08-12,241.8944,597.67384,455.57843,21.47284,17.53322,18.62443
1988-08-15,238.4332,589.16294,449.08166,21.18284,17.29766,18.37381
1988-08-16,240.0322,593.1547,452.11508,21.09957,17.2308,18.30243
1988-08-17,240.3401,593.95512,452.71619,21.46101,17.52733,18.61697
1988-08-18,240.443,594.2489,452.93114,21.4351,17.50733,18.59536
1988-08-19,239.5214,592.01057,451.21616,21.37818,17.46198,18.54684
1988-08-22,236.8676,585.49144,446.23834,21.37845,17.46336,18.54793
1988-08-23,237.0314,585.93528,446.56776,21.33635,17.43011,18.51225
1988-08-24,240.5731,594.73334,453.26335,21.48377,17.55179,18.64109
1988-08-25,238.9313,590.71424,450.19126,21.08967,17.23111,18.3001
1988-08-26,239.411,591.93975,451.11626,21.12821,17.26376,18.33441
1988-08-29,241.8775,598.08015,455.78629,21.36509,17.4586,18.54093
1988-08-30,241.989,598.39561,456.01766,21.40575,17.49301,18.57709
1988-08-31,241.1083,596.25744,454.37923,21.40113,17.49039,18.57394
1988-09-01,238.2778,589.29816,449.06671,21.16711,17.30034,18.37174
1988-09-02,243.9454,603.36075,459.77247,21.66079,17.70525,18.80128
1988-09-05,243.9454,603.4008,459.7939,21.43971,17.52576,18.61029
1988-09-06,244.9912,606.02855,461.78695,21.42231,17.51269,18.59604
1988-09-07,245.1777,606.53022,462.16005,21.4081,17.50223,18.58458
1988-09-08,245.4245,607.18117,462.64688,21.51001,17.58676,18.67395
1988-09-09,246.0769,608.836,463.89853,21.48471,17.56723,18.65284
1988-09-12,245.5103,607.47444,462.85194,21.46005,17.54823,18.6323
1988-09-13,246.3782,609.66294,464.5101,21.55319,17.6256,18.71407
1988-09-14,248.1705,614.14025,467.91181,21.82472,17.849,18.95084
1988-09-15,247.0809,611.48458,465.87922,21.93722,17.94224,19.04944
1988-09-16,249.4681,617.43569,470.40344,22.15117,18.11856,19.23622
1988-09-19,247.9942,613.82886,467.64619,21.95278,17.95751,19.06485
1988-09-20,248.6111,615.39699,468.83152,21.98558,17.98555,19.09424
1988-09-21,248.9781,616.34653,469.54558,22.08369,18.06705,19.18037
1988-09-22,248.1556,614.35124,468.01626,22.04859,18.03952,19.15076
1988-09-23,248.8525,616.11784,469.35268,22.14056,18.11602,19.23158
1988-09-26,248.0203,614.09825,467.80492,22.13272,18.11079,19.22566
1988-09-27,247.4042,612.61344,466.66459,22.02568,18.0244,19.13357
1988-09-28,248.0548,614.26558,467.91378,22.05161,18.04682,19.15698
1988-09-29,251.2211,622.15083,473.91022,22.35738,18.29845,19.42366
1988-09-30,250.6296,620.72716,472.81641,22.27647,18.23343,19.35425
1988-10-03,250.0317,619.28744,471.71044,22.0437,18.04416,19.15295
1988-10-04,249.0516,616.90093,469.88332,21.90614,17.93275,19.03432
1988-10-05,250.1109,619.56668,471.90427,22.08638,18.08161,19.19191
1988-10-06,250.5503,620.69657,472.75546,22.07554,18.07392,19.18338
1988-10-07,255.6932,633.48454,482.48468,22.50443,18.42653,19.55716
1988-10-10,256.0708,634.46234,483.2198,22.46516,18.39558,19.52393
1988-10-11,255.8157,633.87231,482.76089,22.39075,18.33586,19.46017
1988-10-12,252.1654,624.87095,475.89553,21.94991,17.97622,19.07804
1988-10-13,253.2991,627.72275,478.05779,21.70221,17.7746,18.86367
1988-10-14,253.4576,628.1573,478.37925,21.82054,17.87276,18.96745
1988-10-17,254.3953,630.52372,480.17178,21.79994,17.85706,18.95042
1988-10-18,257.2241,637.58001,485.53521,22.03273,18.04908,19.15378
1988-10-19,255.0661,632.27374,481.48463,21.82884,17.88328,18.97744
1988-10-20,260.6081,646.06011,491.97207,22.20826,18.19554,19.30836
1988-10-21,261.4289,648.13844,493.54483,22.15703,18.15476,19.26471
1988-10-24,260.3164,645.42329,491.46754,22.07036,18.08494,19.19024
1988-10-25,260.3806,645.62534,491.61166,22.13507,18.13919,19.24742
1988-10-26,259.3283,643.05891,489.64774,21.88829,17.93821,19.03376
1988-10-27,255.6808,634.05829,482.78435,21.45316,17.58294,18.65637
1988-10-28,256.9667,637.29042,485.23554,21.72632,17.80817,18.89493
1988-10-31,257.5266,638.72169,486.31563,21.58405,17.69273,18.77207
1988-11-01,257.7084,639.2151,486.68165,21.80969,17.87902,18.96931
1988-11-02,257.7617,639.38976,486.805,21.72058,17.80714,18.89267
1988-11-03,258.0791,640.21972,487.42722,21.66365,17.76163,18.84402
1988-11-04,255.4758,633.80489,482.53353,21.5058,17.6334,18.7076
1988-11-07,253.2592,628.34831,478.36964,21.39443,17.54324,18.61159
1988-11-08,254.2164,630.76567,480.20036,21.43655,17.57896,18.64911
1988-11-09,252.5431,626.6559,477.06207,21.20801,17.39275,18.45118
1988-11-10,252.7546,627.22243,477.48389,21.07434,17.28428,18.33575
1988-11-11,247.5659,614.39072,467.7055,20.46787,16.78826,17.80912
1988-11-14,247.4773,614.21158,467.55989,20.50198,16.81737,17.83964
1988-11-15,248.0684,615.71983,468.69867,20.50596,16.82175,17.84393
1988-11-16,243.7095,604.94369,460.48593,20.08813,16.48025,17.48128
1988-11-17,244.579,607.14286,462.15068,19.91072,16.33581,17.32772
1988-11-18,246.2921,611.43746,465.41014,20.27037,16.63219,17.64168
1988-11-21,246.1749,611.18704,465.21033,20.23867,16.60727,17.61491
1988-11-22,247.1025,613.53136,466.98535,20.21337,16.5876,17.5937
1988-11-23,248.5975,617.28545,469.83318,20.27821,16.64195,17.65098
1988-11-24,248.5974,617.32618,469.85488,20.20936,16.58653,17.59186
1988-11-25,246.8798,613.10216,466.63059,20.12639,16.51953,17.52045
1988-11-28,248.2732,616.60453,469.2867,20.34134,16.69718,17.70848
1988-11-29,250.3243,621.74166,473.1867,20.5111,16.83775,17.85717
1988-11-30,252.7643,627.84594,477.82248,20.75607,17.04012,18.0714
1988-12-01,251.4673,624.666,475.39292,20.54987,16.872,17.89273
1988-12-02,250.6793,622.7499,473.92532,20.51279,16.84266,17.86127
1988-12-05,253.5282,629.87186,479.33515,20.6085,16.92241,17.94548
1988-12-06,256.0373,636.15011,484.10279,20.85389,17.1252,18.16012
1988-12-07,256.644,637.70018,485.2727,21.13831,17.36008,18.40877
1988-12-08,255.2628,634.3106,482.68371,20.99812,17.2461,18.28755
1988-12-09,255.7312,635.51696,483.59207,20.99268,17.24277,18.28365
1988-12-12,255.2925,634.46882,482.78496,20.96368,17.22008,18.25924
1988-12-13,255.3759,634.71825,482.96519,21.05683,17.29779,18.34126
1988-12-14,254.2061,631.8529,480.77537,21.00448,17.25592,18.2965
1988-12-15,253.5074,630.15805,479.47627,20.83626,17.11888,18.15084
1988-12-16,255.0372,634.00404,482.3928,21.19445,17.41453,18.46387
1988-12-19,257.3483,639.79384,486.78794,21.37385,17.5632,18.6211
1988-12-20,256.0939,636.71774,484.43786,21.47313,17.646,18.70851
1988-12-21,256.0605,636.67695,484.39724,21.44835,17.62679,18.68778
1988-12-22,255.7168,635.86452,483.76957,21.42322,17.6073,18.66674
1988-12-23,256.5014,637.85833,485.27675,21.53305,17.6988,18.76336
1988-12-26,256.5012,637.90017,485.29899,NA,NA,NA
1988-12-27,255.5759,635.64127,483.57089,21.44619,17.62972,18.68939
1988-12-28,255.8619,636.39495,484.13465,21.64037,17.79064,18.85957
1988-12-29,257.8334,641.34284,487.88869,21.74902,17.88121,18.95519
1988-12-30,256.1035,637.0826,484.6381,21.43549,17.6247,18.68288
1989-01-02,256.1032,637.12415,484.66012,21.4008,17.59734,18.6535
1989-01-03,253.7778,631.38193,480.28231,21.10051,17.35166,18.39269
1989-01-04,257.4997,640.68809,487.35083,21.63906,17.79598,18.86321
1989-01-05,258.0495,642.09897,488.41431,21.76538,17.90112,18.97426
1989-01-06,258.7651,643.92275,489.79178,22.09532,18.17388,19.26292
1989-01-09,259.0581,644.69478,490.36928,22.34188,18.37804,19.47889
1989-01-10,258.5058,643.36299,489.34662,22.24929,18.30309,19.39906
1989-01-11,259.9694,647.04964,492.14071,22.39883,18.42741,19.53041
1989-01-12,261.0378,649.75269,494.18668,22.41416,18.44124,19.54469
1989-01-13,261.5534,651.07956,495.18601,22.67862,18.66022,19.77633
1989-01-16,261.978,652.18001,496.01311,22.86285,18.81316,19.938
1989-01-17,261.529,651.10542,495.18604,22.74279,18.71561,19.83422
1989-01-18,264.1677,657.7209,500.20685,23.13415,19.03916,20.17663
1989-01-19,264.2875,658.0629,500.45703,23.29217,19.17056,20.31546
1989-01-20,263.9155,657.18021,499.77587,22.99922,18.93079,20.06095
1989-01-23,262.1567,652.84441,496.46863,22.77317,18.74601,19.86473
1989-01-24,265.8959,662.20384,503.57534,22.8673,18.8248,19.94781
1989-01-25,266.5358,663.84191,504.81094,23.11675,19.03156,20.16646
1989-01-26,269.1064,670.29121,509.70459,23.32734,19.20632,20.3512
1989-01-27,271.4157,676.09016,514.10359,23.65914,19.48099,20.64178
1989-01-30,272.4758,678.77661,516.13601,23.93432,19.70905,20.88296
1989-01-31,274.7761,684.55448,520.51868,24.07821,19.82893,21.00953
1989-02-01,274.4831,683.86986,519.98784,24.17988,19.91403,21.09927
1989-02-02,273.798,682.20821,518.71412,24.10222,19.85138,21.03248
1989-02-03,273.9924,682.73798,519.10664,24.2127,19.94375,21.1299
1989-02-06,273.1972,680.80169,517.62418,24.23405,19.96266,21.14953
1989-02-07,276.633,689.41283,524.16019,24.36052,20.06824,21.26094
1989-02-08,275.6696,687.05755,522.35912,24.2844,20.00685,21.19548
1989-02-09,272.4882,679.17511,516.35567,23.82455,19.62948,20.79523
1989-02-10,268.6623,669.68567,509.1306,23.27651,19.17943,20.31798
1989-02-13,269.1879,671.04063,510.15056,23.6879,19.51994,20.67822
1989-02-14,268.5336,669.45398,508.93427,23.5102,19.37481,20.52407
1989-02-15,270.8732,675.33353,513.39339,23.5054,19.37213,20.52083
1989-02-16,271.3955,676.6809,514.40743,23.59243,19.44519,20.5978
1989-02-17,273.0207,680.77954,517.51264,23.58127,19.43728,20.58901
1989-02-20,273.0205,680.82423,517.53638,23.7064,19.54178,20.69927
1989-02-21,272.4108,679.3489,516.40468,23.78812,19.61048,20.77162
1989-02-22,267.8374,667.99074,507.76015,23.26253,19.17868,20.31378
1989-02-23,268.6215,669.99124,509.2706,23.14632,19.08413,20.21325
1989-02-24,264.1787,658.95655,500.87246,22.81556,18.81278,19.92541
1989-02-27,264.9094,660.82348,502.28147,22.70291,18.72112,19.82795
1989-02-28,265.728,662.91,503.85732,22.96149,18.93576,20.05483
1989-03-01,264.1904,659.11826,500.96534,22.96406,18.93914,20.05801
1989-03-02,266.6928,665.40788,505.73525,23.19595,19.13179,20.2616
1989-03-03,267.6262,667.78168,507.52924,23.28951,19.21028,20.34431
1989-03-06,270.8425,675.85505,513.65428,23.60917,19.47543,20.62464
1989-03-07,270.1313,674.12507,512.32935,23.65641,19.5157,20.66688
1989-03-08,270.3674,674.75916,512.80108,23.68554,19.54104,20.69329
1989-03-09,270.2448,674.49792,512.59241,23.73835,19.58593,20.74041
1989-03-10,269.2668,672.10164,510.76121,23.60175,19.47452,20.62203
1989-03-13,271.6196,678.02145,515.24926,23.88262,19.70775,20.86853
1989-03-14,271.5893,677.99081,515.21578,23.9035,19.72629,20.88776
1989-03-15,272.9274,681.37743,517.77886,23.98257,19.79289,20.95785
1989-03-16,275.6394,688.19631,522.94958,24.26432,20.02691,21.20517
1989-03-17,269.4868,672.88395,511.30289,23.74613,19.60073,20.75344
1989-03-20,266.8427,666.32724,506.31039,23.57875,19.46388,20.60813
1989-03-21,267.9675,669.18115,508.4687,23.67601,19.54551,20.69413
1989-03-22,267.2727,667.49036,507.17394,23.59763,19.48208,20.62658
1989-03-23,265.8908,664.08352,504.57531,23.36635,19.29246,20.4254
1989-03-24,265.7761,663.84108,504.38113,23.45073,19.36346,20.50015
1989-03-27,267.1647,667.35479,507.04055,NA,NA,NA
1989-03-28,268.1848,669.94806,509.00063,23.82386,19.67438,20.82843
1989-03-29,268.8237,671.58903,510.23719,23.99352,19.8159,20.9778
1989-03-30,268.8823,671.78003,510.3722,23.93347,19.7676,20.92627
1989-03-31,270.8835,676.82649,514.19559,24.16199,19.9578,21.12715
1989-04-03,272.1022,679.91752,516.53347,24.24206,20.02531,21.19818
1989-04-04,271.2175,677.7519,514.87805,23.94592,19.78207,20.94026
1989-04-05,272.1691,680.17564,516.70896,24.05807,19.87609,21.03935
1989-04-06,271.289,678.02123,515.06212,23.93071,19.77218,20.92895
1989-04-07,272.9365,682.18534,518.21486,24.07388,19.89187,21.05519
1989-04-10,273.0317,682.46862,518.41978,24.18222,19.98277,21.15098
1989-04-11,274.3496,685.80932,520.94693,24.33407,20.10967,21.28485
1989-04-12,274.7817,686.93527,521.79184,24.42758,20.18832,21.36766
1989-04-13,272.4243,681.08803,517.33988,24.06546,19.89049,21.05197
1989-04-14,276.9504,692.45438,525.96201,24.53594,20.28095,21.46473
1989-04-17,277.3991,693.62251,526.83881,24.32977,20.1119,21.28539
1989-04-18,281.1711,703.10471,534.02952,24.72688,20.44175,21.63398
1989-04-19,282.2507,705.85197,536.10537,24.78408,20.49042,21.68505
1989-04-20,281.3991,703.76903,534.51276,24.71151,20.43176,21.62255
1989-04-21,284.6752,712.01293,540.76255,24.85911,20.55524,21.75277
1989-04-24,283.9155,710.15994,539.34457,24.89908,20.58967,21.78877
1989-04-25,282.2092,705.93923,536.12837,24.8538,20.55358,21.75015
1989-04-26,282.2612,706.11619,536.25215,24.90753,20.59941,21.79821
1989-04-27,284.7133,712.29995,540.93712,25.20094,20.84361,22.05614
1989-04-28,284.7531,712.44683,541.03796,25.24087,20.87804,22.09213
1989-05-01,284.1816,711.0641,539.97723,NA,NA,NA
1989-05-02,283.2868,708.87226,538.30211,25.23394,20.87507,22.08811
1989-05-03,283.331,709.02994,538.41119,25.23558,20.87781,22.09057
1989-05-04,282.9123,708.0291,537.64056,NA,NA,NA
1989-05-05,282.3662,706.70927,536.62774,25.23666,20.88147,22.09357
1989-05-08,280.9162,703.12713,533.89708,25.12994,20.79454,22.00116
1989-05-09,280.1816,701.33498,532.52574,25.26916,20.9112,22.12413
1989-05-10,280.9252,703.24343,533.96417,25.23192,20.88175,22.09254
1989-05-11,282.0498,706.1063,536.12712,25.43298,21.04966,22.26971
1989-05-12,288.35,721.9331,548.13161,26.04894,21.5612,22.81035
1989-05-15,290.583,727.57402,552.40313,NA,NA,NA
1989-05-16,290.0141,726.19774,551.34731,26.45734,21.90239,23.17031
1989-05-17,292.0698,731.3955,555.28219,26.78176,22.17262,23.45566
1989-05-18,292.5539,732.65664,556.2286,27.30044,22.60382,23.91125
1989-05-19,295.8181,740.8837,562.46266,27.44591,22.72585,24.03983
1989-05-22,296.6906,743.11876,564.14818,28.16298,23.3215,24.66932
1989-05-23,293.3271,734.74462,557.77946,27.71241,22.95006,24.27589
1989-05-24,294.0566,736.62123,559.19292,27.86714,23.07982,24.41264
1989-05-25,293.8439,736.13723,558.81445,27.75856,22.99141,24.31864
1989-05-26,295.9809,741.54187,562.90565,27.32415,22.63325,23.93929
1989-05-29,295.9807,741.59059,562.9315,28.0549,23.24045,24.58093
1989-05-30,293.7263,735.9917,558.67024,27.84928,23.07167,24.40192
1989-05-31,294.8837,738.94164,560.89818,27.70218,22.95132,24.27416
1989-06-01,296.3671,742.70926,563.7466,27.74331,22.98693,24.31134
1989-06-02,299.6823,751.0704,570.08101,27.89141,23.11126,24.44232
1989-06-05,296.5783,743.34182,564.20336,27.40507,22.70995,24.01737
1989-06-06,298.3964,747.94979,567.68928,28.0644,23.2582,24.59659
1989-06-07,300.8256,754.09093,572.33855,27.9766,23.18697,24.52077
1989-06-08,300.6962,753.81656,572.119,28.08162,23.2756,24.614
1989-06-09,300.5878,753.5948,571.93938,28.26779,23.43157,24.77841
1989-06-12,300.4372,753.2672,571.67945,28.81675,23.8885,25.26101
1989-06-13,298.4584,748.3561,567.94089,28.53218,23.65422,25.01276
1989-06-14,298.1835,747.71639,567.44419,28.56152,23.68012,25.03965
1989-06-15,294.6521,738.91197,560.75101,28.45369,23.59227,24.94627
1989-06-16,295.8706,742.01775,563.09661,28.12593,23.32215,24.66013
1989-06-19,296.3552,743.28266,564.0453,27.92325,23.15563,24.48357
1989-06-20,295.8029,741.94665,563.02033,27.60363,22.89219,24.20452
1989-06-21,295.1777,740.4276,561.85651,27.83367,23.08463,24.40747
1989-06-22,296.4892,743.76769,564.37967,27.5394,22.84215,24.1506
1989-06-23,301.7233,756.95355,574.37261,27.81765,23.07464,24.39586
1989-06-26,300.5686,754.10683,572.2012,27.82617,23.08324,24.40447
1989-06-27,302.4008,758.75552,575.7168,28.0381,23.26071,24.59157
1989-06-28,299.999,752.77995,571.17127,27.94473,23.18477,24.51081
1989-06-29,294.6367,739.37698,560.98992,27.21285,22.57937,23.87022
1989-06-30,292.9279,735.13801,557.76255,27.14697,22.52619,23.81353
1989-07-03,294.1806,738.3317,560.17438,26.97531,22.38524,23.66406
1989-07-04,294.1804,738.38021,560.2001,26.83493,22.27022,23.542
1989-07-05,295.4379,741.58659,562.6214,26.74585,22.19775,23.46494
1989-07-06,296.1926,743.53077,564.08514,26.53279,22.02242,23.27912
1989-07-07,299.2602,751.28416,569.95534,26.75875,22.21157,23.47856
1989-07-10,301.4458,756.82314,574.14565,26.57416,22.05983,23.3177
1989-07-11,303.1113,761.05641,577.3454,26.99981,22.4149,23.69247
1989-07-12,304.1584,763.73686,579.3672,27.13494,22.52865,23.81221
1989-07-13,304.197,763.8845,579.46773,27.07441,22.47987,23.76019
1989-07-14,305.7421,767.8166,582.43875,27.38573,22.74005,24.03465
1989-07-17,306.1506,768.8937,583.24422,27.708,23.00937,24.31876
1989-07-18,305.1994,766.55568,581.45921,27.80132,23.08844,24.40183
1989-07-19,309.3369,777.00346,589.37156,27.83726,23.11983,24.43452
1989-07-20,307.5231,772.49918,585.9433,27.84505,23.12783,24.4425
1989-07-21,309.8762,778.46388,590.45539,27.80677,23.09756,24.41002
1989-07-24,307.6555,772.93708,586.25162,27.74954,23.05154,24.36091
1989-07-25,307.6799,773.0497,586.32544,27.55176,22.88878,24.18842
1989-07-26,311.621,783.00772,593.8655,27.74523,23.05114,24.35949
1989-07-27,315.269,792.23023,600.8475,27.82524,23.11918,24.43089
1989-07-28,315.3835,792.5706,601.09374,27.97873,23.24833,24.56686
1989-07-31,318.9152,801.50257,607.855,28.11166,23.36041,24.68479
1989-08-01,316.3864,795.20081,603.06366,27.9088,23.1934,24.50781
1989-08-02,317.0463,796.91264,604.34984,27.76245,23.0733,24.38043
1989-08-03,317.4426,797.96191,605.13355,27.91668,23.2031,24.51707
1989-08-04,316.7399,796.24833,603.82212,28.09652,23.35422,24.67623
1989-08-07,321.7189,808.82383,613.3452,29.117,24.20447,25.57398
1989-08-08,321.4951,808.31478,612.94707,28.80726,23.94865,25.30316
1989-08-09,319.6499,803.72927,609.45772,28.70743,23.86723,25.21664
1989-08-10,320.8881,806.89701,611.84747,28.62485,23.80014,25.14526
1989-08-11,317.6315,798.76251,605.66701,28.90161,24.03201,25.38968
1989-08-14,316.1511,795.09268,602.87236,29.00889,24.12286,25.48515
1989-08-15,317.5302,798.61498,605.53091,29.253,24.32761,25.70091
1989-08-16,318.3903,800.83187,607.19968,29.28003,24.35171,25.72586
1989-08-17,317.4011,798.39681,605.34141,29.34576,24.40802,25.78482
1989-08-18,318.7551,801.85687,607.95256,29.58518,24.60893,25.99651
1989-08-21,313.8972,789.69168,598.71667,29.08205,24.19222,25.55574
1989-08-22,314.2236,790.56544,599.36724,29.07388,24.18702,25.54974
1989-08-23,317.247,798.22793,605.16392,29.18583,24.28181,25.64935
1989-08-24,323.5261,814.08739,617.17378,29.97698,24.94207,26.34615
1989-08-25,322.52,811.60965,615.28318,29.88094,24.86379,26.26295
1989-08-28,323.9245,815.19913,617.99192,30.06213,25.01632,26.42351
1989-08-29,321.7407,809.75767,613.85454,29.58537,24.62139,26.00579
1989-08-30,322.6235,812.03393,615.56781,29.52826,24.57547,25.95679
1989-08-31,322.8747,812.72024,616.07585,29.90534,24.89117,26.28965
1989-09-01,325.257,818.7732,620.6515,30.24584,25.17646,26.59037
1989-09-04,325.2568,818.82705,620.68004,30.41001,25.31488,26.73601
1989-09-05,324.404,816.73434,619.0815,30.48415,25.37831,26.80246
1989-09-06,321.4143,809.26227,613.40529,30.05934,25.02645,26.43029
1989-09-07,320.4887,806.98535,611.66733,30.13642,25.09232,26.49932
1989-09-08,320.801,807.82547,612.29197,30.05926,25.02971,26.43269
1989-09-11,320.0065,805.87827,610.804,30.12859,25.08914,26.49491
1989-09-12,320.9721,808.36421,612.67593,30.06381,25.03684,26.43916
1989-09-13,317.9243,800.74279,606.88721,29.73578,24.76538,26.15196
1989-09-14,315.7802,795.39594,602.82274,29.38964,24.47882,25.84881
1989-09-15,317.643,800.14259,606.40785,29.66425,24.70934,26.09167
1989-09-18,319.1408,803.97001,609.29624,29.75036,24.78275,26.16865
1989-09-19,319.0341,803.75453,609.1209,29.54125,24.6102,25.98594
1989-09-20,318.906,803.48511,608.90467,29.3412,24.44518,25.81118
1989-09-21,318.2014,801.76304,607.58763,29.30384,24.41566,25.7795
1989-09-22,319.3022,804.59082,609.71833,29.39143,24.4903,25.85779
1989-09-25,316.5449,797.69686,604.48191,28.52775,23.77261,25.09941
1989-09-26,316.7702,798.3177,604.94038,28.57429,23.81298,25.14153
1989-09-27,317.5192,800.25885,606.39923,28.26269,23.55494,24.86858
1989-09-28,320.6579,808.2261,612.42362,28.75062,23.96346,25.2993
1989-09-29,321.31,809.92384,613.69784,28.53285,23.78356,25.10886
1989-10-02,323.0815,814.44467,617.11086,28.77084,23.98367,25.31957
1989-10-03,326.6149,823.41001,623.89081,29.15691,24.30734,25.66069
1989-10-04,328.3247,827.77673,627.18673,29.34156,24.463,25.82448
1989-10-05,328.3693,827.94414,627.30116,29.19406,24.34163,25.69585
1989-10-06,329.7473,831.47476,629.96349,29.46333,24.56794,25.93418
1989-10-09,330.6889,833.90498,631.7921,29.74782,24.80698,26.18594
1989-10-10,330.0913,832.4532,630.67972,29.70223,24.77059,26.14702
1989-10-11,328.0742,827.42172,626.85528,29.99638,25.01773,26.40732
1989-10-12,326.539,823.60476,623.95115,29.73692,24.80302,26.18015
1989-10-13,306.5471,773.25264,585.78891,27.85173,23.23302,24.52223
1989-10-16,315.0644,794.7984,602.09732,27.81719,23.20574,24.49295
1989-10-17,313.4167,790.69462,598.97659,27.75158,23.15253,24.43631
1989-10-18,313.7951,791.70197,599.72779,27.6852,23.09867,24.37898
1989-10-19,318.7836,804.3465,609.29297,28.07737,23.42766,24.72565
1989-10-20,319.1184,805.24485,609.96137,28.33054,23.64062,24.94986
1989-10-23,317.0786,800.15139,606.09103,28.12148,23.46774,24.76692
1989-10-24,316.3693,798.41442,604.76338,27.92737,23.30732,24.59712
1989-10-25,315.2153,795.55499,602.58554,27.64898,23.07657,24.3531
1989-10-26,311.3039,785.73742,595.13709,27.40138,22.87148,24.13618
1989-10-27,308.5417,778.81834,589.88451,27.21437,22.7169,23.97258
1989-10-30,308.5415,778.86954,589.91161,27.11932,22.63905,23.88996
1989-10-31,313.1481,790.5555,598.74954,27.51437,22.97059,24.23926
1989-11-01,313.8718,792.43552,600.16145,27.61998,23.06034,24.33347
1989-11-02,311.5664,786.668,595.7814,27.56537,23.01626,24.28648
1989-11-03,311.0864,785.50814,594.89122,27.41911,22.89566,24.15874
1989-11-06,306.2346,773.31136,585.64197,27.11075,22.63974,23.88822
1989-11-07,307.8627,777.47552,588.78363,27.1228,22.65131,23.89995
1989-11-08,311.051,785.58247,594.91055,27.36194,22.85269,24.1119
1989-11-09,309.7844,782.43565,592.51575,27.29455,22.7979,24.05362
1989-11-10,312.0988,788.33555,596.9713,27.59755,23.05269,24.32191
1989-11-13,312.7211,789.96019,598.18966,27.82047,23.24057,24.51961
1989-11-14,311.0527,785.79816,595.02616,27.56463,23.02843,24.2953
1989-11-15,313.4577,791.92846,599.65583,27.60829,23.06644,24.33491
1989-11-16,313.4211,791.88855,599.61374,27.67459,23.12339,24.39451
1989-11-17,314.7458,795.28925,602.17661,27.79156,23.22272,24.4988
1989-11-20,312.7358,790.26344,598.35921,27.63147,23.09049,24.35882
1989-11-21,312.9826,790.93968,598.85937,27.36755,22.87151,24.12732
1989-11-22,315.1096,796.36947,602.95818,27.40706,22.90606,24.16328
1989-11-23,315.1093,796.42157,602.9857,27.50451,22.98908,24.25036
1989-11-24,316.8935,800.9856,606.42889,27.4843,22.9737,24.23366
1989-11-27,318.4597,804.99895,609.45509,27.48657,22.97712,24.23679
1989-11-28,318.5839,805.36641,609.72121,27.59921,23.07286,24.33728
1989-11-29,316.715,800.69549,606.1729,27.19491,22.73651,23.98199
1989-11-30,318.7307,805.84656,610.06011,27.45926,22.95921,24.21635
1989-12-01,323.0031,816.70706,618.26871,27.77614,23.22589,24.49709
1989-12-04,323.6181,818.31672,619.47493,27.78279,23.23299,24.50409
1989-12-05,322.1926,814.7664,616.77506,27.72345,23.18489,24.45288
1989-12-06,321.1767,812.25132,614.85898,27.50584,23.00446,24.26209
1989-12-07,320.2158,809.87499,613.04801,27.28785,22.82368,24.07096
1989-12-08,321.1037,812.17507,614.77681,27.41349,22.93035,24.18296
1989-12-11,321.1638,812.38103,614.92054,27.39004,22.91225,24.16338
1989-12-12,323.893,819.34137,620.17623,27.34485,22.87595,24.12463
1989-12-13,324.7475,821.55801,621.84162,27.04944,22.63039,23.86517
1989-12-14,323.1491,817.56885,618.80991,27.10025,22.67442,23.91113
1989-12-15,322.5417,816.08625,617.67553,27.05625,22.63909,23.87341
1989-12-18,316.9086,801.89036,606.91822,26.46837,22.14891,23.35596
1989-12-19,315.9938,799.62868,605.19447,26.44597,22.13162,23.33727
1989-12-20,316.0451,799.8116,605.32093,26.6502,22.30413,23.51867
1989-12-21,317.4909,803.52485,608.11896,26.55541,22.22626,23.43611
1989-12-22,319.8952,809.66563,612.75378,26.52151,22.19935,23.40727
1989-12-25,319.895,809.71887,612.78194,NA,NA,NA
1989-12-26,319.0896,807.73383,611.26761,NA,NA,NA
1989-12-27,321.0278,812.69563,615.01002,26.30221,22.02013,23.21694
1989-12-28,322.8154,817.27665,618.46417,26.3169,22.03389,23.23098
1989-12-29,325.0266,822.93126,622.73047,26.64986,22.31434,23.52614
1990-01-01,325.0263,822.98512,622.75891,NA,NA,NA
1990-01-02,330.8303,837.74288,633.91224,27.08952,22.68574,23.91669
1990-01-03,330.1142,835.98499,632.56956,27.35256,22.9077,24.15016
1990-01-04,327.4345,829.25488,627.46443,27.03015,22.63927,23.86667
1990-01-05,324.1936,821.10296,621.28359,26.64386,22.31734,23.52679
1990-01-08,326.0334,825.81897,624.83925,26.48029,22.18181,23.38344
1990-01-09,322.1149,815.94987,617.35933,26.15987,21.91494,23.10163
1990-01-10,320.1264,810.96712,613.57707,25.88489,21.68608,22.85991
1990-01-11,321.3854,814.21142,616.01932,26.13954,21.90104,23.086
1990-01-12,313.6481,794.66788,601.21984,25.46172,21.33483,22.48862
1990-01-15,310.9772,787.95412,596.12841,25.22404,21.13712,22.27977
1990-01-16,314.3071,796.44754,602.54145,25.84432,21.65866,22.82895
1990-01-17,311.2099,788.653,596.6325,25.41721,21.30229,22.45283
1990-01-18,312.0902,790.93685,598.34831,25.59558,21.4533,22.61152
1990-01-19,312.9432,793.15178,600.01193,25.87303,21.68746,22.85782
1990-01-22,305.0119,773.10727,584.83557,25.2258,21.14662,22.28726
1990-01-23,305.8751,775.34719,586.51828,25.14888,21.08352,22.22033
1990-01-24,304.9709,773.10651,584.81173,24.75527,20.75505,21.87367
1990-01-25,300.9007,762.84136,577.03481,24.48358,20.5287,21.63467
1990-01-26,300.3829,761.57913,576.06865,24.4374,20.49132,21.59485
1990-01-29,299.7248,759.96102,574.83332,24.17552,20.27313,21.36447
1990-01-30,297.7859,755.09553,571.14165,24.05668,20.17481,21.26044
1990-01-31,303.0409,768.47716,581.2505,24.53572,20.57818,21.685
1990-02-01,302.6896,767.63719,580.60371,24.47901,20.53197,21.63588
1990-02-02,304.9942,773.53514,585.05259,24.69386,20.71368,21.82689
1990-02-05,305.8841,775.84417,586.78726,24.68246,20.70548,21.81782
1990-02-06,304.0367,771.21007,583.27075,24.22675,20.32473,21.41614
1990-02-07,307.9223,781.12198,590.75457,24.51449,20.56765,21.67162
1990-02-08,307.3347,779.68308,589.6547,24.66975,20.69938,21.80996
1990-02-09,307.9447,781.28279,590.85275,24.77543,20.78948,21.90445
1990-02-12,304.8266,773.42462,584.89806,24.53864,20.5922,21.69614
1990-02-13,305.608,775.45917,586.42497,24.76807,20.78625,21.90012
1990-02-14,306.5105,777.80139,588.18445,24.67824,20.71222,21.8217
1990-02-15,309.4462,785.30593,593.8471,24.96989,20.95857,22.08075
1990-02-16,307.2979,779.90642,589.75219,24.99789,20.98347,22.10654
1990-02-19,307.2979,779.95819,589.77967,24.72947,20.75959,21.87023
1990-02-20,302.9684,769.02293,581.49873,24.36708,20.45686,21.55083
1990-02-21,302.4287,767.70391,580.48988,24.2047,20.3219,21.40823
1990-02-22,300.8693,763.79643,577.52379,24.15669,20.28292,21.36676
1990-02-23,299.5374,760.46588,574.99407,24.06747,20.20934,21.28882
1990-02-26,303.6825,771.04493,582.98044,24.54313,20.61038,21.71077
1990-02-27,305.2688,775.12518,586.05361,24.74671,20.78284,21.89196
1990-02-28,306.6406,778.66108,588.71514,24.86818,20.8863,22.00049
1990-03-01,307.387,780.60867,590.17586,25.20564,21.17133,22.30022
1990-03-02,309.987,787.26598,595.19677,25.46564,21.39129,22.53141
1990-03-05,308.2699,782.95744,591.92759,25.1771,21.15039,22.27722
1990-03-06,311.8238,792.03992,598.78141,25.41661,21.35315,22.49029
1990-03-07,310.7595,789.38903,596.76552,25.45879,21.39003,22.52868
1990-03-08,313.6374,796.75503,602.32155,25.63894,21.54291,22.68922
1990-03-09,311.5133,791.41217,598.27055,25.51629,21.44128,22.58173
1990-03-12,312.3025,793.47029,599.81442,25.67949,21.57994,22.72729
1990-03-13,309.8953,787.40737,595.21928,25.61673,21.52861,22.67279
1990-03-14,310.5958,789.24004,596.59274,25.62286,21.53519,22.67927
1990-03-15,311.6136,791.87954,598.57596,25.66799,21.57457,22.72029
1990-03-16,315.0428,800.65043,605.19306,25.7667,21.65902,22.80875
1990-03-19,316.5164,804.44992,608.05272,25.69244,21.59802,22.74407
1990-03-20,314.7695,800.06352,604.72516,25.59084,21.51403,22.65518
1990-03-21,313.1968,796.11924,601.73193,25.74225,21.64283,22.79034
1990-03-22,309.4262,786.58886,594.51638,25.49637,21.43758,22.57375
1990-03-23,310.6253,789.69032,596.84851,25.52448,21.46265,22.59969
1990-03-26,310.9727,790.62613,597.54394,25.59373,21.52233,22.66208
1990-03-27,314.6062,799.92079,604.5559,25.90363,21.78457,22.93769
1990-03-28,315.0991,801.22747,605.53141,25.88776,21.77266,22.9247
1990-03-29,314.008,798.50611,603.46278,25.64788,21.57238,22.71336
1990-03-30,312.9892,795.96823,601.5329,25.45243,21.40943,22.54134
1990-04-02,312.173,793.94523,599.99219,25.51285,21.46171,22.59592
1990-04-03,316.5397,805.10897,608.41565,25.84606,21.74365,22.89225
1990-04-04,314.1894,799.18486,603.92672,25.58181,21.52283,22.6593
1990-04-05,314.1675,799.18219,603.91276,25.59277,21.53347,22.67006
1990-04-06,313.5556,797.67853,602.76459,25.51751,21.47156,22.60444
1990-04-09,314.7586,800.79292,605.1058,25.52865,21.48236,22.61536
1990-04-10,315.3763,802.41803,606.32172,25.60837,21.55091,22.68706
1990-04-11,315.4277,802.6021,606.4488,25.38787,21.3668,22.49279
1990-04-12,317.9495,809.07473,611.32693,25.59714,21.54447,22.67934
1990-04-13,317.9495,809.12844,611.35542,NA,NA,NA
1990-04-16,318.3761,810.26805,612.20432,NA,NA,NA
1990-04-17,318.4483,810.50562,612.37169,25.73013,21.66077,22.80039
1990-04-18,314.6734,800.95294,605.14184,25.3896,21.37562,22.49976
1990-04-19,312.217,794.75415,600.44642,25.0719,21.10963,22.21932
1990-04-20,309.7392,788.50007,595.70942,24.99354,21.04504,22.1509
1990-04-23,306.1304,779.36673,588.79716,24.90292,20.97012,22.07161
1990-04-24,305.2875,777.27241,587.20333,24.83847,20.91722,22.0155
1990-04-25,306.9864,781.65108,590.49927,24.92093,20.98809,22.08965
1990-04-26,307.8313,783.85491,592.15233,24.75211,20.84731,21.94103
1990-04-27,304.1595,774.55841,585.11743,24.55339,20.68134,21.76592
1990-04-30,305.6988,778.53116,588.10663,24.65535,20.76865,21.85736
1990-05-01,307.0732,782.0843,590.77876,NA,NA,NA
1990-05-02,309.046,787.16269,594.60279,24.98072,21.0457,22.148
1990-05-03,309.7832,789.09319,596.04915,24.97656,21.04359,22.14534
1990-05-04,312.1297,795.12512,600.59307,25.12242,21.16797,22.27576
1990-05-07,313.8924,799.66992,604.01369,24.98573,21.05419,22.15559
1990-05-08,315.2656,803.22258,606.68488,25.01392,21.07935,22.18163
1990-05-09,315.8867,804.85875,607.9086,24.90022,20.98492,22.08182
1990-05-10,317.1589,808.15477,610.38579,24.98445,21.05734,22.15759
1990-05-11,324.4205,826.72052,624.39408,25.53601,21.52392,22.648
1990-05-14,326.7699,832.76479,628.9462,25.77051,21.72317,22.85716
1990-05-15,326.4546,832.01642,628.36857,25.76842,21.72284,22.85636
1990-05-16,325.8949,830.64502,627.32045,25.77396,21.72896,22.86234
1990-05-17,326.5778,832.44123,628.66446,25.70787,21.67466,22.80477
1990-05-18,326.3842,832.00293,628.32103,25.81266,21.7645,22.89883
1990-05-21,329.7371,840.60903,634.80696,26.16847,22.06619,23.21571
1990-05-22,330.3021,842.10559,635.92448,26.42907,22.28757,23.44811
1990-05-23,331.1701,844.37512,637.6256,26.42745,22.28768,23.44776
1990-05-24,330.8525,843.62127,637.04375,26.45802,22.31495,23.47598
1990-05-25,327.2458,834.48188,630.12948,26.31103,22.19245,23.34665
1990-05-28,327.2458,834.53727,630.15884,26.2809,22.1685,23.32099
1990-05-29,332.4649,847.90872,640.24166,26.57613,22.4192,23.58421
1990-05-30,332.7914,848.7979,640.90035,26.60657,22.44637,23.61232
1990-05-31,333.0417,849.49279,641.41233,26.91811,22.7109,23.89005
1990-06-01,334.9214,854.34554,645.06331,27.11692,22.88026,24.0677
1990-06-04,339.1718,865.24961,653.28236,NA,NA,NA
1990-06-05,338.5055,863.60711,652.02934,27.44105,23.15701,24.35779
1990-06-06,337.116,860.11941,649.38323,27.16245,22.92348,24.11165
1990-06-07,335.4014,855.80189,646.11068,27.13788,22.90425,24.09096
1990-06-08,331.2676,845.31247,638.17832,26.79899,22.61983,23.7913
1990-06-11,334.0435,852.45498,643.55732,26.95249,22.75098,23.92875
1990-06-12,338.4335,863.71981,652.0477,27.28652,23.03467,24.22658
1990-06-13,337.1769,860.57005,649.65697,27.21202,22.97329,24.16155
1990-06-14,335.477,856.28857,646.41197,26.94194,22.74685,23.92291
1990-06-15,335.4262,856.21572,646.34419,27.06628,22.8534,24.03447
1990-06-18,330.2777,843.13262,636.45469,26.57003,22.43608,23.59506
1990-06-19,331.7454,846.93665,639.31334,26.51214,22.38867,23.54474
1990-06-20,332.1418,848.00511,640.10717,26.53734,22.41144,23.56822
1990-06-21,333.5276,851.60077,642.80836,26.68498,22.5377,23.7005
1990-06-22,329.18,840.55815,634.46006,26.3007,22.21475,23.36038
1990-06-25,326.357,833.40604,629.04892,26.02855,21.9864,23.11978
1990-06-26,325.8404,832.14199,628.08241,26.01482,21.97625,23.10865
1990-06-27,328.4639,838.9,633.17014,26.00227,21.9671,23.09857
1990-06-28,330.8417,845.03107,637.78454,26.26462,22.19037,23.33283
1990-06-29,330.9001,845.23635,637.92685,26.30116,22.22272,23.36638
1990-07-02,332.3284,848.94211,640.7108,26.16475,22.10893,23.24628
1990-07-03,332.844,850.31592,641.73488,26.18435,22.12696,23.26478
1990-07-04,332.844,850.37237,641.76478,26.02381,21.99276,23.12322
1990-07-05,329.0853,840.82705,634.5481,25.79154,21.79796,22.91793
1990-07-06,331.5412,847.16035,639.31451,26.01724,21.9903,23.11966
1990-07-09,332.4826,849.62281,641.16,25.9666,21.94895,23.07573
1990-07-10,330.0845,843.55147,636.56557,25.68738,21.71443,22.8287
1990-07-11,334.4268,854.70971,644.97205,26.12883,22.08933,23.2223
1990-07-12,338.1988,864.41113,652.27905,26.63334,22.51762,23.672
1990-07-13,339.72,868.35795,655.24408,26.51286,22.41724,23.56601
1990-07-16,341.3974,872.70475,658.51076,26.80998,22.67014,23.83134
1990-07-17,340.6362,870.81667,657.0731,26.64578,22.5328,23.68649
1990-07-18,337.4857,862.82118,651.02695,26.27792,22.22331,23.36067
1990-07-19,338.5959,865.71772,653.19939,26.42093,22.34582,23.48895
1990-07-20,335.1832,857.05059,646.64676,26.0945,22.07129,23.1999
1990-07-23,329.3522,842.2006,635.42902,25.57364,21.63238,22.73803
1990-07-24,329.5413,842.74017,635.82352,25.40751,21.49329,22.59138
1990-07-25,330.5771,845.44581,637.85208,25.49338,21.5674,22.66881
1990-07-26,329.5727,842.93305,635.94372,25.37606,21.46957,22.56554
1990-07-27,327.3045,837.18802,631.59679,25.19154,21.31489,22.40251
1990-07-30,329.1096,841.86245,635.11041,25.14327,21.27544,22.36062
1990-07-31,329.4854,842.87986,635.86534,24.9411,21.1058,22.18188
1990-08-01,328.8507,841.31198,634.66999,24.83754,21.01955,22.0908
1990-08-02,324.681,830.70185,626.65302,24.91736,21.08854,22.16285
1990-08-03,319.5005,817.50491,616.68481,24.1369,20.42972,21.46993
1990-08-06,308.717,789.97479,595.90366,23.06151,19.52129,20.51469
1990-08-07,309.3836,791.73347,597.21839,23.16239,19.60804,20.60543
1990-08-08,312.7261,800.34359,603.70044,23.67065,20.0399,21.05876
1990-08-09,314.5431,805.04863,607.23711,23.76971,20.12516,21.14791
1990-08-10,310.3968,794.49152,599.26168,23.52698,19.92102,20.93297
1990-08-13,313.2806,801.92884,604.85884,23.44342,19.85158,20.85959
1990-08-14,313.6067,802.81702,605.51673,23.46425,19.87054,20.8791
1990-08-15,314.3982,804.89711,607.0735,NA,NA,NA
1990-08-16,306.992,785.994,592.80338,22.80776,19.31737,20.29699
1990-08-17,302.6948,775.04575,584.53402,22.31802,18.90403,19.86224
1990-08-20,303.2001,776.39135,585.53722,22.40573,18.97962,19.94125
1990-08-21,297.2178,761.12736,574.0132,22.14189,18.75744,19.7074
1990-08-22,292.3214,748.64123,564.5848,21.65558,18.34689,19.27562
1990-08-23,283.8687,727.04872,548.28857,20.83456,17.65287,18.54598
1990-08-24,288.1057,737.95403,556.50053,21.26949,18.02281,18.93419
1990-08-27,297.463,761.98142,574.60641,21.77051,18.44884,19.38129
1990-08-28,297.4855,762.08965,574.67665,21.82907,18.49972,19.43435
1990-08-29,300.0181,768.63093,579.5973,22.07593,18.71032,19.65515
1990-08-30,295.0822,756.03869,570.08999,21.94783,18.60299,19.54202
1990-08-31,298.4268,764.66211,576.58027,22.23701,18.84952,19.80055
1990-09-03,298.4268,764.71287,576.60714,22.49125,19.06645,20.02797
1990-09-04,298.8948,765.96318,577.53841,22.38908,18.98109,19.93792
1990-09-05,299.8963,768.58135,579.5009,22.34143,18.94194,19.8964
1990-09-06,296.1046,758.9163,572.20181,21.91436,18.58125,19.51711
1990-09-07,298.9888,766.36215,577.8037,22.20142,18.82607,19.77381
1990-09-10,297.3136,762.11926,574.5933,22.31318,18.92216,19.87432
1990-09-11,297.2701,762.05832,574.536,22.56685,19.1387,20.10131
1990-09-12,298.1949,764.4804,576.35052,22.49448,19.07858,20.03778
1990-09-13,294.4517,754.9361,569.14327,22.31839,18.93051,19.88186
1990-09-14,292.3889,749.69773,565.18277,21.81855,18.50798,19.43765
1990-09-17,293.346,752.20233,567.05957,21.71838,18.42423,19.34931
1990-09-18,294.3819,754.9094,569.08892,21.76719,18.46687,19.39371
1990-09-19,292.4824,750.08865,565.4435,21.64302,18.36276,19.28398
1990-09-20,287.9645,738.55399,556.73665,21.56704,18.2995,19.21717
1990-09-21,287.613,737.7014,556.08296,21.60827,18.33571,19.25482
1990-09-24,281.7803,722.79308,544.83333,20.98865,17.81139,18.70376
1990-09-25,285.2497,731.74454,551.56911,21.18282,17.97748,18.87776
1990-09-26,282.3523,724.3613,545.99274,21.14994,17.95076,18.84933
1990-09-27,278.7114,715.0702,538.9784,20.82323,17.67474,18.5591
1990-09-28,283.6692,727.84366,548.59421,21.16466,17.96594,18.86443
1990-10-01,291.9862,749.24159,564.70926,21.60142,18.33816,19.2548
1990-10-02,292.241,749.94529,565.22844,21.69544,18.41924,19.33954
1990-10-03,288.5413,740.50231,558.09986,21.33532,18.11484,19.01951
1990-10-04,289.8025,743.7893,560.56589,21.18618,17.98942,18.88745
1990-10-05,288.5598,740.64918,558.18822,21.09376,17.91212,18.80593
1990-10-08,290.3492,745.29298,561.67656,21.1506,17.9616,18.8575
1990-10-09,282.3465,724.8054,546.22428,20.49621,17.40734,18.27513
1990-10-10,278.1192,714.00351,538.07262,20.20427,17.16063,18.01574
1990-10-11,273.7091,702.73102,529.5666,19.96954,16.96244,17.80731
1990-10-12,277.7821,713.23983,537.47424,20.09361,17.06903,17.91883
1990-10-15,280.9768,721.49373,543.68261,20.3757,17.30998,18.17136
1990-10-16,277.0043,711.34264,536.02213,20.10989,17.08538,17.93521
1990-10-17,276.8605,711.02052,535.76881,19.89656,16.90531,17.74581
1990-10-18,283.7584,728.7909,549.14663,20.40124,17.33551,18.19696
1990-10-19,289.5871,743.81658,560.45601,20.82639,17.69819,18.57722
1990-10-22,292.0293,750.1415,565.21006,21.00203,17.84874,18.73484
1990-10-23,289.8724,744.65116,561.06199,20.91888,17.77924,18.66153
1990-10-24,289.5565,743.88897,560.47663,20.91298,17.7754,18.65713
1990-10-25,287.3275,738.21229,556.18842,20.65935,17.56106,18.43177
1990-10-26,282.3559,725.49044,546.59194,20.35551,17.30404,18.16162
1990-10-29,279.7718,718.89959,541.61537,20.13229,17.11547,17.96333
1990-10-30,281.9437,724.53051,545.84644,20.42321,17.36412,18.22388
1990-10-31,281.8743,724.40023,545.73749,20.39562,17.34181,18.20011
1990-11-01,284.4689,731.11918,550.78785,20.61069,17.52597,18.39298
1990-11-02,288.7432,742.15842,559.09214,20.65233,17.56255,18.431
1990-11-05,291.6726,749.7405,564.79213,20.7877,17.67893,18.55274
1990-11-06,289.1344,743.26642,559.9038,20.56503,17.49077,18.35491
1990-11-07,283.9556,730.00534,549.90259,20.14419,17.13415,17.98026
1990-11-08,285.5255,734.09127,552.96924,20.39101,17.34539,18.20152
1990-11-09,291.0976,748.47285,563.78992,20.73769,17.64167,18.51199
1990-11-12,296.7046,762.94622,574.67928,20.98801,17.85594,18.73642
1990-11-13,295.3541,759.52416,572.09029,20.91808,17.79762,18.67486
1990-11-14,297.5933,765.3352,576.45543,21.0539,17.91445,18.79705
1990-11-15,294.7462,758.06471,570.9677,20.85248,17.74428,18.61811
1990-11-16,295.2535,759.42012,571.9772,20.92755,17.80937,18.68603
1990-11-19,297.3401,764.83961,576.04722,20.92001,17.80413,18.68017
1990-11-20,293.9041,756.05321,569.418,20.77346,17.6806,18.55018
1990-11-21,294.3949,757.36628,570.3956,20.82313,17.72407,18.59541
1990-11-22,294.3949,757.41656,570.42218,20.86368,17.75978,18.6325
1990-11-23,293.4895,755.1373,568.69438,20.83257,17.73446,18.60558
1990-11-26,294.5801,757.99443,570.83462,20.98731,17.86746,18.74472
1990-11-27,295.987,761.66619,573.58817,21.05396,17.92542,18.80514
1990-11-28,295.6652,760.88855,572.99123,20.91448,17.80787,18.68144
1990-11-29,294.1277,756.98236,570.03832,20.93686,17.82811,18.70231
1990-11-30,299.46,770.76269,580.40265,21.54274,18.34553,19.24463
1990-12-03,301.5576,776.21491,584.49632,21.76056,18.53238,19.44021
1990-12-04,303.9103,782.32483,589.085,21.90459,18.65637,19.56986
1990-12-05,307.3961,791.35402,595.87131,22.04585,18.77801,19.69704
1990-12-06,306.5579,789.24856,594.27419,21.92492,18.67625,19.58991
1990-12-07,305.0334,785.37605,591.34659,21.74624,18.5253,19.43118
1990-12-10,305.9371,787.75569,593.12646,21.5991,18.40118,19.30061
1990-12-11,303.9919,782.79948,589.383,21.52829,18.34206,19.23822
1990-12-12,307.4459,791.74981,596.10925,21.7776,18.55586,19.46203
1990-12-13,306.5445,789.48089,594.38922,21.71845,18.50667,19.41007
1990-12-14,304.2141,783.53193,589.89848,21.69256,18.48582,19.38782
1990-12-17,303.4632,781.64977,588.46983,21.70043,18.49376,19.39576
1990-12-18,307.4927,792.0856,596.31373,22.01582,18.76398,19.67871
1990-12-19,307.2977,791.63579,595.96331,21.88544,18.6541,19.56308
1990-12-20,307.4705,792.13359,596.32625,22.09312,18.83249,19.74974
1990-12-21,308.6719,795.28237,598.68465,22.49533,19.17685,20.1104
1990-12-24,307.1042,791.29606,595.67193,22.68058,19.33616,20.27703
1990-12-25,307.1042,791.34859,595.69968,NA,NA,NA
1990-12-26,307.8344,793.28325,597.14412,NA,NA,NA
1990-12-27,305.7118,787.86628,593.05462,22.49319,19.18019,20.11229
1990-12-28,305.721,787.94229,593.1001,22.18483,18.91859,19.83756
1990-12-31,306.85,790.90536,595.31851,22.09216,18.84081,19.75561
1991-01-01,306.85,790.95787,595.34625,NA,NA,NA
1991-01-02,303.4811,782.32752,588.83827,21.74127,18.54407,19.44368
1991-01-03,299.5225,772.1763,581.18573,21.48117,18.32351,19.21201
1991-01-04,298.8335,770.45115,579.87581,21.36937,18.22935,19.11291
1991-01-07,293.7195,757.31982,569.9806,21.6157,18.44086,19.33424
1991-01-08,293.0582,755.66487,568.72379,21.5525,18.38815,19.2786
1991-01-09,289.8642,747.48014,562.55239,21.14506,18.04189,18.91515
1991-01-10,292.6714,754.77195,568.02832,21.41982,18.27771,19.16195
1991-01-11,293.3343,756.5321,569.34163,21.58089,18.41646,19.307
1991-01-14,290.5678,749.448,563.99895,21.55656,18.39691,19.28613
1991-01-15,291.6945,752.40477,566.2127,21.5118,18.35992,19.24697
1991-01-16,294.5025,759.70093,571.69139,21.74827,18.56312,19.45956
1991-01-17,305.5975,788.38419,593.26205,22.26632,19.00683,19.92422
1991-01-18,309.1163,797.51854,600.12298,22.44281,19.15887,20.08316
1991-01-21,308.3427,795.57545,598.64899,22.17038,18.92763,19.84036
1991-01-22,305.831,789.14814,593.80067,21.80627,18.61814,19.51552
1991-01-23,307.6229,793.82599,597.3084,22.08307,18.8559,19.76429
1991-01-24,312.0248,805.24327,605.88618,22.18832,18.94708,19.85945
1991-01-25,312.9953,807.80208,607.79933,22.2525,19.00317,19.91784
1991-01-28,312.8654,807.52039,607.57537,22.29651,19.04203,19.95817
1991-01-29,312.6604,807.0448,607.20553,22.21423,18.97301,19.88544
1991-01-30,317.5542,819.73639,616.74103,22.70477,19.39353,20.32569
1991-01-31,320.5533,827.53608,622.59627,22.76842,19.44922,20.38365
1991-02-01,319.6438,825.24291,620.85872,22.67105,19.36732,20.29741
1991-02-04,324.0718,836.73514,629.49118,22.68868,19.38367,20.31415
1991-02-05,327.1939,844.85531,635.58686,22.95469,19.61239,20.5534
1991-02-06,333.3958,860.93316,647.66792,23.27347,19.88627,20.83994
1991-02-07,331.808,856.8901,644.61357,23.12813,19.7634,20.71077
1991-02-08,334.0668,862.78261,649.03305,23.37512,19.97593,20.93302
1991-02-11,342.7649,885.31462,665.96761,23.91731,20.44093,21.41978
1991-02-12,339.9247,878.03811,660.48065,23.73598,20.28732,21.2584
1991-02-13,343.5402,887.43959,667.53861,24.00721,20.52067,21.50243
1991-02-14,339.0692,875.95062,658.88296,23.80821,20.35195,21.32521
1991-02-15,343.5678,887.63592,667.65825,24.28025,20.7571,21.74923
1991-02-18,343.5678,887.69485,667.68936,24.4084,20.86812,21.86509
1991-02-19,344.4422,890.01368,669.42013,24.58786,21.02305,22.02695
1991-02-20,340.5104,879.91457,661.81061,24.32133,20.7966,21.78924
1991-02-21,340.3113,879.45841,661.45443,24.28063,20.76317,21.75379
1991-02-22,341.3018,882.0773,663.41087,24.37786,20.84774,21.84195
1991-02-25,342.8474,886.13179,666.44681,24.83307,21.2387,22.25103
1991-02-26,338.6571,875.36176,658.33332,24.71175,21.13634,22.14336
1991-02-27,342.9947,886.63696,666.79882,25.02083,21.40231,22.4215
1991-02-28,341.7887,883.5782,664.4853,24.84798,21.25589,22.26765
1991-03-01,344.9712,891.8677,670.70536,25.37416,21.70773,22.74046
1991-03-04,344.2365,890.02728,669.3081,25.34099,21.68078,22.71178
1991-03-05,351.042,907.6905,682.57579,25.67077,21.96459,23.00857
1991-03-06,350.1437,905.42784,680.86082,25.88253,22.14737,23.19954
1991-03-07,349.9976,905.11008,680.60842,25.87173,22.13959,23.19093
1991-03-08,348.9013,902.33493,678.50818,25.98231,22.23574,23.29118
1991-03-11,347.3322,898.33675,675.48834,26.13494,22.36794,23.42915
1991-03-12,344.5578,891.22122,670.12447,25.84303,22.11964,23.1686
1991-03-13,348.6983,901.99502,678.21107,26.27799,22.49369,23.55984
1991-03-14,348.0211,900.30298,676.92544,26.22495,22.44976,23.51336
1991-03-15,347.7104,899.55886,676.35259,26.40616,22.60649,23.67702
1991-03-18,346.4232,896.28836,673.88023,26.79324,22.93963,24.02538
1991-03-19,341.1256,882.64388,663.60772,26.6395,22.80951,23.88863
1991-03-20,342.3124,885.77426,665.9479,27.16646,23.26256,24.36254
1991-03-21,341.0827,882.65094,663.58656,26.63191,22.80655,23.88443
1991-03-22,341.6611,884.2067,664.74298,26.87367,23.01526,24.10248
1991-03-25,343.9636,890.22654,669.25498,27.4573,23.51697,24.62731
1991-03-26,350.5339,907.29866,682.07434,28.27838,24.22221,25.36522
1991-03-27,349.8023,905.46509,680.68247,28.50038,24.41413,25.56565
1991-03-28,349.2022,903.97167,679.54636,28.55577,24.46321,25.61653
1991-03-29,349.2022,904.03167,679.57802,NA,NA,NA
1991-04-01,345.6875,894.99365,672.77031,NA,NA,NA
1991-04-02,353.3533,914.90945,687.7256,28.60218,24.50786,25.66176
1991-04-03,352.7967,913.52886,686.67426,28.16012,24.13084,25.26644
1991-04-04,353.8892,916.4193,688.83313,28.38115,24.32198,25.46603
1991-04-05,349.7772,905.83323,680.86211,27.80383,23.82905,24.94935
1991-04-08,352.4703,912.87067,686.13762,28.3368,24.28774,25.42901
1991-04-09,347.6041,900.33015,676.69784,27.76145,23.79642,24.91404
1991-04-10,347.4127,899.89408,676.35672,27.6114,23.66938,24.78053
1991-04-11,351.6107,910.83284,684.56369,28.11345,24.10164,25.2325
1991-04-12,353.9533,916.9641,689.15773,28.15402,24.13803,25.2701
1991-04-15,354.9886,919.70788,691.20604,28.32126,24.28312,25.42146
1991-04-16,361.0121,935.38217,702.97064,28.56507,24.49394,25.64161
1991-04-17,363.776,942.60847,708.38685,28.86285,24.7511,25.91025
1991-04-18,362.0542,938.20953,705.06696,29.03597,24.90131,26.06694
1991-04-19,358.1891,928.25716,697.57353,29.31997,25.14671,26.32325
1991-04-22,354.9505,919.92663,691.29927,29.65574,25.43659,26.6261
1991-04-23,355.4919,921.3912,692.3861,29.65807,25.44026,26.62942
1991-04-24,356.6625,924.48739,694.69883,29.44543,25.25957,26.43975
1991-04-25,353.5724,916.53974,688.71275,29.58845,25.38401,26.56946
1991-04-26,353.4253,916.2192,688.45827,29.44562,25.26314,26.44243
1991-04-29,348.2965,902.98629,678.50082,29.35464,25.18674,26.36194
1991-04-30,349.6438,906.54039,681.15766,28.84415,24.75058,25.90485
1991-05-01,354.5505,919.32847,690.75152,NA,NA,NA
1991-05-02,354.53,919.33633,690.74376,29.18348,25.04526,26.21219
1991-05-03,354.8411,920.20426,691.38217,28.98067,24.87288,26.03125
1991-05-06,354.2031,918.61065,690.17119,29.42551,25.2566,26.43224
1991-05-07,351.7406,912.28557,685.4053,28.91024,24.81618,25.97074
1991-05-08,352.7566,914.98207,687.41745,29.08139,24.96485,26.12578
1991-05-09,357.5401,927.45614,696.77415,29.63002,25.43782,26.62012
1991-05-10,350.4127,909.03303,682.91875,28.9173,24.8279,25.98124
1991-05-13,351.2543,911.27727,684.5911,28.84129,24.76426,25.91415
1991-05-14,346.6161,899.30644,675.58416,28.33721,24.33325,25.46255
1991-05-15,343.7562,891.94661,670.04176,27.79556,23.86993,24.97717
1991-05-16,347.3911,901.44157,677.16026,28.01793,24.06263,25.17827
1991-05-17,347.4261,901.59225,677.26005,28.22713,24.24403,25.36754
1991-05-20,347.6707,902.28699,677.76849,NA,NA,NA
1991-05-21,350.4674,909.608,683.25369,28.63776,24.60022,25.73914
1991-05-22,351.3329,911.91537,684.97321,28.73479,24.68525,25.82759
1991-05-23,350.39,909.52836,683.16672,28.8669,24.80045,25.94759
1991-05-24,352.4958,915.05697,687.30539,28.68413,24.64508,25.78451
1991-05-27,352.4958,915.11771,687.33742,28.6414,24.60998,25.74729
1991-05-28,356.6277,925.91028,695.42888,29.13386,25.03508,26.19142
1991-05-29,357.3124,927.74991,696.79671,28.90835,24.84297,25.98992
1991-05-30,360.8517,937.00524,703.73331,29.47648,25.3332,26.50216
1991-05-31,363.2475,943.29094,708.43967,29.89606,25.69577,26.88084
1991-06-03,361.6872,939.30166,705.4296,30.25979,26.01035,27.20932
1991-06-04,361.4963,938.86816,705.0901,30.17696,25.94085,27.13609
1991-06-05,358.9246,932.2517,700.10711,29.92919,25.72961,26.91457
1991-06-06,357.7078,929.15299,697.7662,29.83786,25.65278,26.83368
1991-06-07,354.0186,919.63298,690.60292,29.66119,25.50258,26.67604
1991-06-10,353.406,918.1025,689.43998,29.8519,25.66837,26.84889
1991-06-11,355.5175,923.65094,693.59241,30.05612,25.8458,27.03391
1991-06-12,351.5369,913.37177,685.85952,29.88431,25.69977,26.88062
1991-06-13,352.398,915.67038,687.57185,30.33314,26.08775,27.28581
1991-06-14,356.6822,926.8684,695.96559,30.70729,26.41152,27.62383
1991-06-17,354.7875,922.00645,692.30107,30.54418,26.27297,27.47837
1991-06-18,353.2269,918.01198,689.28808,30.64634,26.36264,27.5716
1991-06-19,349.9976,909.68097,683.01896,30.3206,26.08424,27.27987
1991-06-20,350.2951,910.51477,683.63145,30.04937,25.85267,27.03714
1991-06-21,352.3401,915.89275,687.65535,30.29097,26.0624,27.25589
1991-06-24,346.0991,899.73339,675.50859,29.7362,25.58699,26.75812
1991-06-25,345.5681,898.41255,674.50359,29.65943,25.52261,26.69026
1991-06-26,346.4701,900.81792,676.29597,29.73424,25.58872,26.75886
1991-06-27,348.8957,907.18676,681.06347,29.97648,25.79904,26.97822
1991-06-28,345.6768,898.8781,674.81216,29.92516,25.75656,26.93328
1991-07-01,351.9589,915.28124,687.11128,30.4502,26.21052,27.40733
1991-07-02,351.8199,914.98046,686.8719,30.72521,26.44916,27.65627
1991-07-03,348.0415,905.21585,679.52781,30.45756,26.22054,27.41665
1991-07-04,348.0415,905.27594,679.55947,30.47114,26.23397,27.43016
1991-07-05,348.7373,907.14635,680.94997,30.55386,26.30696,27.50593
1991-07-08,352.1767,916.1572,687.69958,30.49323,26.25649,27.45262
1991-07-09,350.9255,912.963,685.28833,30.40904,26.18572,27.37808
1991-07-10,350.1538,911.01578,683.81319,30.47668,26.24573,27.44028
1991-07-11,350.7173,912.54273,684.94571,30.36152,26.14828,27.33785
1991-07-12,354.0102,921.17495,691.41056,30.77141,26.5033,27.7084
1991-07-15,356.0986,926.67242,695.52266,30.54188,26.30737,27.50301
1991-07-16,355.2457,924.51426,693.88912,30.39967,26.18661,27.37622
1991-07-17,354.8664,923.58838,693.1805,30.46814,26.24736,27.43918
1991-07-18,358.5993,933.36945,700.50676,30.3585,26.15463,27.3417
1991-07-19,357.744,931.20503,698.86852,30.03741,25.8798,27.05384
1991-07-22,356.4039,927.77846,696.28308,29.88655,25.75152,26.91921
1991-07-23,353.1033,919.24886,689.8678,29.78789,25.6682,26.83159
1991-07-24,352.2993,917.21661,688.32906,29.45178,25.38035,26.53014
1991-07-25,354.6594,923.42448,692.9736,29.60119,25.51088,26.66603
1991-07-26,354.6607,923.48916,693.00843,29.61893,25.52786,26.68325
1991-07-29,356.831,929.2038,697.28263,29.81032,25.69463,26.857
1991-07-30,359.9122,937.29248,703.33786,30.05494,25.90735,27.07876
1991-07-31,360.936,940.02173,705.37177,30.14556,25.98723,27.1617
1991-08-01,360.5348,939.0391,704.6205,30.12743,25.97331,27.14662
1991-08-02,360.9019,940.0578,705.3709,30.46411,26.26551,27.45141
1991-08-05,358.9888,935.13712,701.66471,29.80543,25.6996,26.85933
1991-08-06,364.1817,948.73272,711.85058,29.83289,25.72499,26.88533
1991-08-07,364.0659,948.49398,711.65737,29.87076,25.75936,26.92072
1991-08-08,362.8069,945.27675,709.22943,29.72027,25.63128,26.78634
1991-08-09,360.7559,939.99582,705.25316,29.68353,25.60128,26.75446
1991-08-12,361.5295,942.0745,706.79865,29.89249,25.78335,26.94415
1991-08-13,362.8216,945.5051,709.35825,29.99428,25.8729,27.03719
1991-08-14,363.2547,946.69679,710.23821,30.24145,26.08799,27.26138
1991-08-15,362.9931,946.07776,709.75976,30.14044,26.00256,27.17157
1991-08-16,359.5794,937.24422,703.1185,30.15026,26.01276,27.18169
1991-08-19,351.275,915.66577,686.91546,30.51745,26.33153,27.51417
1991-08-20,354.1416,923.20202,692.55471,30.44585,26.27148,27.45088
1991-08-21,364.2353,949.58833,712.33234,30.825,26.60064,27.7942
1991-08-22,364.8543,951.26558,713.57632,30.4004,26.23612,27.41273
1991-08-23,367.3112,957.737,718.41606,30.43463,26.26741,27.44488
1991-08-26,367.0966,957.24093,718.02975,30.73593,26.5294,27.71801
1991-08-27,366.4841,955.70714,716.86509,30.67157,26.47559,27.66125
1991-08-28,369.7405,964.26618,723.27011,31.02345,26.78132,27.98005
1991-08-29,369.6338,964.05187,723.09506,30.65554,26.46557,27.64959
1991-08-30,368.7496,961.80957,721.39894,30.70933,26.51379,27.69941
1991-09-02,368.7496,961.87342,721.43255,30.76413,26.56289,27.75015
1991-09-03,365.5407,953.56766,715.18857,30.39053,26.24216,27.41451
1991-09-04,363.7263,948.89783,711.67199,30.1656,26.04968,27.21289
1991-09-05,362.7941,946.5287,709.8811,30.13156,26.022,27.18344
1991-09-06,362.8111,946.63589,709.94744,30.10241,25.99854,27.1584
1991-09-09,362.0498,944.71218,708.49072,29.53748,25.51254,26.65012
1991-09-10,358.4539,935.39296,701.4875,29.03181,25.07763,26.19525
1991-09-11,358.9921,936.85985,702.57362,29.14753,25.17932,26.30093
1991-09-12,361.1882,942.6554,706.90543,29.22192,25.24529,26.36931
1991-09-13,357.5397,933.19689,699.79821,28.94821,25.01054,26.12357
1991-09-16,359.9264,939.4907,704.50349,29.0791,25.12536,26.24296
1991-09-17,359.949,939.61206,704.58056,28.80596,24.89106,25.99771
1991-09-18,361.1071,942.69851,706.88081,29.16009,25.19896,26.3187
1991-09-19,361.8142,944.60753,708.29818,29.20999,25.24376,26.36497
1991-09-20,361.897,944.88645,708.4933,29.41502,25.42276,26.55136
1991-09-23,359.7978,939.46845,704.41674,28.83381,24.92233,26.02812
1991-09-24,361.8744,944.95507,708.51622,29.05002,25.111,26.22461
1991-09-25,360.6326,941.77497,706.11783,29.02152,25.08802,26.2001
1991-09-26,360.4095,941.25477,705.71386,29.04881,25.11328,26.22596
1991-09-27,359.7645,939.63258,704.48368,29.07081,25.13397,26.24704
1991-09-30,361.5524,944.36628,708.01842,28.81449,24.91406,26.01687
1991-10-01,362.9667,948.12433,710.82164,29.03799,25.10911,26.21998
1991-10-02,361.9817,945.61412,708.92568,28.82297,24.92486,26.02706
1991-10-03,358.5902,936.81806,702.31707,28.55524,24.69502,25.78654
1991-10-04,355.7842,929.55006,696.85438,28.424,24.58315,25.66922
1991-10-07,354.2212,925.52809,693.82546,28.5196,24.66751,25.75678
1991-10-08,355.195,928.1347,695.76561,28.73704,24.85737,25.95447
1991-10-09,351.7203,919.11777,688.9922,28.7043,24.83068,25.92609
1991-10-10,355.2827,928.49222,696.00492,28.69684,24.82587,25.92056
1991-10-11,355.8002,929.90662,697.05132,28.99629,25.08677,26.19239
1991-10-14,360.459,942.15015,706.21388,29.25454,25.31204,26.42701
1991-10-15,364.9614,953.98635,715.07077,29.89426,25.86762,27.00642
1991-10-16,366.4557,957.95702,718.03258,29.90439,25.8781,27.01682
1991-10-17,365.8358,956.39994,716.85131,29.88858,25.86613,27.00379
1991-10-18,366.637,958.55859,718.45497,29.70192,25.7063,26.83641
1991-10-21,364.1445,952.10598,713.60435,29.44654,25.48701,26.60694
1991-10-22,362.0891,946.79516,709.60975,29.46478,25.50449,26.62466
1991-10-23,362.4142,947.70829,710.28004,29.65346,25.66962,26.79647
1991-10-24,360.0346,941.54884,705.6496,29.27333,25.34236,26.45429
1991-10-25,359.0813,939.11813,703.81397,29.25154,25.32517,26.43582
1991-10-28,364.1836,952.53104,713.85077,29.83055,25.8285,26.96059
1991-10-29,365.8772,957.02549,717.20455,30.01185,25.9873,27.12578
1991-10-30,367.3484,960.93855,720.12254,29.61294,25.64372,26.76658
1991-10-31,366.8427,959.67933,719.16468,29.48261,25.53254,26.65001
1991-11-01,365.8187,957.06402,717.19063,29.28047,25.35918,26.46853
1991-11-04,364.7444,954.31677,715.11778,28.68012,24.84113,25.92723
1991-11-05,363.1334,950.16504,711.99255,28.66132,24.82648,25.91144
1991-11-06,364.1196,952.80936,713.95977,28.61037,24.78398,25.86657
1991-11-07,367.4898,961.69541,720.60326,28.85671,24.99918,26.09061
1991-11-08,366.772,959.88063,719.22922,29.03955,25.15935,26.25722
1991-11-11,367.2227,961.12416,720.14669,29.04011,25.1615,26.25894
1991-11-12,370.3178,969.29213,726.25172,29.05554,25.17654,26.27412
1991-11-13,371.0916,971.38243,727.8034,29.14886,25.25912,26.35977
1991-11-14,370.719,970.47144,727.10647,29.08237,25.20316,26.30085
1991-11-15,357.0022,934.63783,700.24231,27.99512,24.26307,25.31916
1991-11-18,359.753,941.90448,705.67204,27.70637,24.01447,25.05922
1991-11-19,354.5424,928.32683,695.48527,27.36732,23.72227,24.75379
1991-11-20,353.947,926.8293,694.34963,27.29132,23.65795,24.68619
1991-11-21,355.4256,930.76395,697.2833,27.4398,23.78833,24.82172
1991-11-22,351.7173,921.11581,690.04134,26.91652,23.33643,24.34965
1991-11-25,350.7833,918.73072,688.24097,26.74085,23.18568,24.19187
1991-11-26,353.5028,925.91724,693.61026,27.14836,23.54082,24.56186
1991-11-27,352.1551,922.44861,690.99819,27.29676,23.67115,24.69733
1991-11-28,352.1551,922.50984,691.03039,27.3919,23.75528,24.78459
1991-11-29,351.0708,919.73047,688.93479,27.57625,23.91684,24.95263
1991-12-02,356.5888,934.25443,699.79891,27.6121,23.94954,24.98625
1991-12-03,356.1194,933.08648,698.91025,27.66301,23.9953,25.03349
1991-12-04,355.2646,930.90853,697.26511,27.49655,23.8525,24.88402
1991-12-05,352.9761,924.97395,692.80617,27.144,23.54834,24.56619
1991-12-06,354.5953,929.27996,696.01733,27.11986,23.52895,24.54548
1991-12-09,353.733,927.08166,694.3571,26.86354,23.30817,24.31466
1991-12-10,353.2498,925.87665,693.44088,26.8476,23.29588,24.30136
1991-12-11,352.9058,925.03635,692.79784,27.01168,23.4399,24.45108
1991-12-12,356.6115,934.81551,700.10714,27.05494,23.47901,24.49139
1991-12-13,359.0898,941.37672,705.00656,27.45933,23.83178,24.8588
1991-12-16,359.2658,941.90071,705.38501,27.33656,23.72679,24.74881
1991-12-17,357.9141,938.41931,702.76388,27.09516,23.51887,24.53143
1991-12-18,359.0148,941.36845,704.95832,27.10745,23.5311,24.5437
1991-12-19,358.195,939.28117,703.38132,26.92961,23.37829,24.38383
1991-12-20,362.7386,951.26361,712.33918,27.18382,23.60069,24.61526
1991-12-23,371.7945,975.08652,730.16194,27.23904,23.65023,24.66643
1991-12-24,374.1158,981.24156,734.75595,27.38664,23.78004,24.8013
1991-12-25,374.1158,981.30669,734.79019,NA,NA,NA
1991-12-26,379.3484,995.10347,745.10501,NA,NA,NA
1991-12-27,380.7756,998.91459,747.94364,27.84097,24.1796,25.21645
1991-12-30,388.3442,1018.84565,762.85015,28.41762,24.68238,25.74018
1991-12-31,390.2154,1023.82425,766.56233,28.56306,24.81043,25.87318
1992-01-01,390.2154,1023.89221,766.59805,NA,NA,NA
1992-01-02,390.0519,1023.5311,766.31253,28.51497,24.77193,25.83201
1992-01-03,391.7773,1028.12823,769.73885,29.06945,25.25562,26.33578
1992-01-06,390.6125,1025.13955,767.4861,28.67546,24.91509,25.98014
1992-01-07,390.0971,1023.85479,766.5091,28.50555,24.76911,25.82741
1992-01-08,390.515,1025.01984,767.36609,28.43878,24.71272,25.7681
1992-01-09,390.1952,1024.24835,766.77337,28.67911,24.92337,25.98718
1992-01-10,387.7416,1017.87596,761.98765,29.14428,25.32957,26.41012
1992-01-13,387.0073,1016.0157,760.58001,29.36778,25.52565,26.61398
1992-01-14,392.2398,1029.82659,770.90218,29.66856,25.78898,26.88795
1992-01-15,392.7011,1031.10639,771.84488,30.6039,26.6042,27.73723
1992-01-16,390.2864,1024.83482,767.13492,30.33146,26.36917,27.49163
1992-01-17,391.1459,1027.16041,768.86041,30.57247,26.58061,27.71148
1992-01-20,389.0102,1021.62027,764.69822,29.71724,25.83915,26.93782
1992-01-21,385.6149,1012.7721,758.05994,29.47162,25.62732,26.71644
1992-01-22,390.4881,1025.64421,767.67834,29.73992,25.8625,26.96104
1992-01-23,387.7703,1018.57416,762.37126,29.67561,25.80828,26.90398
1992-01-24,388.2109,1019.7994,763.27316,30.08445,26.16582,27.27609
1992-01-27,387.9842,1019.27148,762.86296,29.92989,26.03312,27.13721
1992-01-28,388.0468,1019.50363,763.0216,29.96767,26.06772,27.17275
1992-01-29,383.6648,1008.06006,754.44155,29.27928,25.47091,26.55002
1992-01-30,385.4177,1012.73426,757.92447,29.67363,25.81592,26.90904
1992-01-31,382.7608,1005.82049,752.73518,29.67146,25.81574,26.90832
1992-02-03,383.4721,1007.75692,754.16935,29.57484,25.73337,26.82194
1992-02-04,387.4429,1018.26368,762.01624,29.71307,25.85543,26.94861
1992-02-05,387.2616,1017.85471,761.69513,29.4759,25.65078,26.73477
1992-02-06,387.1255,1017.5645,761.46289,29.32463,25.52084,26.59881
1992-02-07,384.5692,1010.91306,756.47038,29.18953,25.40494,26.47749
1992-02-10,386.5468,1016.18057,760.39667,29.15711,25.3784,26.44931
1992-02-11,386.5118,1016.15599,760.36324,29.51949,25.69574,26.77944
1992-02-12,389.6061,1024.36188,766.48767,29.94679,26.06968,27.16854
1992-02-13,386.5199,1016.31614,760.45209,29.77249,25.91967,27.01167
1992-02-14,385.7496,1014.35798,758.97191,30.05738,26.16961,27.27154
1992-02-17,385.7547,1014.43873,759.01731,30.03871,26.15508,27.25586
1992-02-18,380.9648,1001.9116,749.62894,30.08806,26.19981,27.30193
1992-02-19,381.9796,1004.64776,751.66112,30.15608,26.2608,27.36494
1992-02-20,387.333,1018.80116,762.23405,30.75429,26.78386,27.90933
1992-02-21,385.4779,1013.98931,758.61891,30.58226,26.63581,27.75451
1992-02-24,385.8263,1014.97329,759.34002,30.67683,26.71999,27.84166
1992-02-25,384.1748,1010.69607,756.12506,30.37579,26.4596,27.56978
1992-02-26,388.5413,1022.25592,764.75709,30.87769,26.89888,28.02684
1992-02-27,387.2476,1018.91988,762.24628,30.3863,26.47274,27.58223
1992-02-28,386.1872,1016.19722,760.19444,30.35646,26.44849,27.55642
1992-03-02,386.2648,1016.46891,760.38263,30.3116,26.41114,27.51697
1992-03-03,386.5939,1017.40262,761.06601,30.7105,26.76074,27.88057
1992-03-04,383.5509,1009.46243,755.11119,30.57514,26.64455,27.75897
1992-03-05,380.7999,1002.28952,749.7306,30.64195,26.70457,27.82094
1992-03-06,378.8237,997.15461,745.87475,30.33129,26.43565,27.54022
1992-03-09,379.5279,999.07493,747.29629,30.35055,26.45419,27.55899
1992-03-10,381.21826,1003.59253,750.66026,30.41636,26.51333,27.62005
1992-03-11,378.64784,996.8926,745.63397,30.43137,26.52818,27.63497
1992-03-12,378.58744,996.79972,745.54975,30.29755,26.41327,27.51472
1992-03-13,380.56432,1002.07283,749.47856,30.51047,26.60078,27.70946
1992-03-16,380.84524,1002.8792,750.06679,30.50559,26.59828,27.70632
1992-03-17,383.78199,1010.6823,755.88727,30.56379,26.65082,27.76048
1992-03-18,383.47091,1009.93004,755.30973,30.42303,26.52984,27.63392
1992-03-19,383.93069,1011.20828,756.25069,30.73268,26.80183,27.91661
1992-03-20,384.96431,1013.9986,758.32233,31.00246,27.03906,28.16311
1992-03-23,383.723,1010.79614,755.9124,30.75868,26.82826,27.94298
1992-03-24,382.86738,1008.60917,754.26198,30.5703,26.66572,27.77314
1992-03-25,381.76868,1005.78159,752.13257,30.36896,26.49188,27.59153
1992-03-26,381.81861,1005.97991,752.26599,30.37047,26.49495,27.59418
1992-03-27,378.20049,996.51494,745.17305,30.11928,26.27759,27.36725
1992-03-30,377.58984,994.97191,744.00451,29.87197,26.06359,27.14383
1992-03-31,378.10828,996.40443,745.0609,29.83606,26.03397,27.11245
1992-04-01,378.9018,998.56229,746.65956,30.09945,26.2657,27.35319
1992-04-02,375.34049,989.24397,739.67696,29.80449,26.0101,27.08645
1992-04-03,376.41353,992.13859,741.8265,29.60716,25.83961,26.90837
1992-04-06,379.81992,1001.18677,748.5763,29.6471,25.8762,26.94594
1992-04-07,373.20394,983.81709,735.57367,29.25861,25.53894,26.59417
1992-04-08,370.03005,975.51627,729.35268,28.91052,25.23688,26.27908
1992-04-09,375.72104,990.59145,740.60768,29.54559,25.79331,26.85785
1992-04-10,378.8645,998.94845,746.84027,29.52793,25.7796,26.84304
1992-04-13,380.39932,1003.06299,749.90132,30.10879,26.28881,27.37261
1992-04-14,386.24614,1018.55426,761.46623,30.48556,26.61977,27.7166
1992-04-15,389.64151,1027.57949,768.19751,30.84778,26.93807,28.04739
1992-04-16,389.38324,1026.96647,767.72405,30.91707,27.00041,28.11172
1992-04-17,389.38324,1027.03464,767.75983,NA,NA,NA
1992-04-20,383.91263,1012.67587,757.01025,NA,NA,NA
1992-04-21,383.95349,1012.85089,757.1261,30.58489,26.71558,27.81353
1992-04-22,383.53569,1011.81582,756.33742,30.57641,26.70994,27.80712
1992-04-23,384.91668,1015.52741,759.09661,30.64172,26.76879,27.86783
1992-04-24,382.72237,1009.80571,754.80466,30.23174,26.41251,27.49633
1992-04-27,382.30871,1008.78115,754.02392,30.21851,26.4027,27.48558
1992-04-28,383.10114,1010.93964,755.62226,30.38388,26.54904,27.63734
1992-04-29,385.67955,1017.81343,760.74448,30.49477,26.64775,27.73954
1992-04-30,388.20284,1024.5426,765.75842,30.79347,26.91074,28.01269
1992-05-01,385.77668,1018.20773,761.00844,NA,NA,NA
1992-05-04,389.95365,1029.30489,769.28625,30.72139,26.85128,27.9497
1992-05-05,390.22349,1030.08562,769.85451,30.61736,26.76212,27.85635
1992-05-06,389.92244,1029.3592,769.2964,30.48412,26.64742,27.73641
1992-05-07,389.2102,1027.54709,767.92693,30.34148,26.52448,27.6079
1992-05-08,389.61433,1028.68248,768.7602,30.34648,26.53061,27.61374
1992-05-11,391.69788,1034.25391,772.9082,30.71831,26.85771,27.95356
1992-05-12,389.61422,1028.82086,768.83272,30.34166,26.53026,27.61217
1992-05-13,390.00176,1029.91273,769.6334,30.10681,26.32669,27.39975
1992-05-14,386.92243,1021.84982,763.5928,29.79181,26.05304,27.11439
1992-05-15,384.42029,1015.30984,758.69054,29.69929,25.97384,27.03143
1992-05-18,386.44874,1020.73664,762.73026,29.48716,25.79005,26.83962
1992-05-19,389.81733,1029.70573,769.41632,29.65434,25.93808,26.99311
1992-05-20,389.24532,1028.26293,768.32305,29.67749,25.96005,27.01545
1992-05-21,386.4889,1021.04998,762.91822,29.7701,26.04284,27.10105
1992-05-22,387.63074,1024.1353,765.20823,29.99215,26.23896,27.30456
1992-05-25,387.63074,1024.20329,765.24388,29.87915,26.14182,27.20294
1992-05-26,384.86093,1016.95324,759.81172,29.5543,25.8594,26.9085
1992-05-27,385.66343,1019.14184,761.43175,30.04828,26.29367,27.35975
1992-05-28,390.1728,1031.13133,770.37313,NA,NA,NA
1992-05-29,388.81985,1027.6241,767.73762,29.90508,26.1718,27.23187
1992-06-01,390.60469,1032.41118,771.29848,29.85298,26.12792,27.18568
1992-06-02,386.75432,1022.30383,763.73195,29.80457,26.08727,27.14285
1992-06-03,387.50763,1024.36348,765.25541,29.79949,26.08455,27.13948
1992-06-04,386.24077,1021.08239,762.78916,29.71137,26.00913,27.06048
1992-06-05,386.59172,1022.07819,763.51792,29.48203,25.8101,26.85288
1992-06-08,385.96551,1020.49027,762.31664,NA,NA,NA
1992-06-09,383.01623,1012.76062,756.52732,29.08964,25.46999,26.49797
1992-06-10,380.30599,1005.6619,751.20956,29.04779,25.43502,26.46106
1992-06-11,381.93257,1010.0314,754.45829,29.07254,25.45839,26.48485
1992-06-12,382.69671,1012.1198,756.0032,28.85784,25.27207,26.2905
1992-06-15,383.10427,1013.26512,756.84368,28.80233,25.22512,26.24114
1992-06-16,381.13094,1008.11319,752.98054,28.70891,25.14496,26.15723
1992-06-17,375.81219,994.11391,742.50882,28.25194,24.74653,25.7422
1992-06-18,375.07094,992.21893,741.0788,28.22646,24.72584,25.72018
1992-06-19,377.70012,999.24287,746.30962,28.38735,24.86851,25.86805
1992-06-22,377.79582,999.56243,746.53352,28.41193,24.89171,25.89166
1992-06-23,378.25118,1000.83386,747.46825,28.30099,24.79615,25.79175
1992-06-24,377.75471,999.58648,746.52191,28.23374,24.73885,25.73165
1992-06-25,377.38718,998.68017,745.8303,27.88587,24.43576,25.41587
1992-06-26,377.69498,999.56118,746.47346,27.89183,24.44261,25.42248
1992-06-29,382.46248,1012.25053,755.93376,27.83586,24.39516,25.37264
1992-06-30,381.90957,1010.85418,754.87606,27.92596,24.47579,25.45598
1992-07-01,386.14478,1022.13632,763.28513,28.04568,24.58242,25.56635
1992-07-02,385.34898,1020.09747,761.74755,28.05633,24.59338,25.57725
1992-07-03,385.34898,1020.16518,761.78304,27.94657,24.49878,25.47836
1992-07-06,387.26902,1025.3178,765.61514,28.11487,24.64805,25.63306
1992-07-07,382.89219,1013.79942,756.9988,27.44626,24.06378,25.02486
1992-07-08,384.03055,1016.88174,759.28515,27.47574,24.09123,25.05291
1992-07-09,387.36714,1025.78804,765.91943,27.98345,24.53833,25.51725
1992-07-10,387.60636,1026.48974,766.42817,28.0461,24.59492,25.57559
1992-07-13,387.89147,1027.3131,767.02773,27.64528,24.24517,25.21136
1992-07-14,390.02289,1033.02836,771.27929,27.82949,24.40845,25.38061
1992-07-15,389.36102,1031.34368,770.00626,27.76412,24.35271,25.32216
1992-07-16,389.95029,1032.97342,771.2077,27.90537,24.47831,25.45223
1992-07-17,388.17382,1028.33611,767.73029,27.46816,24.09655,25.05474
1992-07-20,386.4223,1023.76426,764.30188,27.03658,23.71968,24.66234
1992-07-21,386.9198,1025.15057,765.32165,27.95524,24.52767,25.50182
1992-07-22,384.16416,1017.91792,759.90692,27.49531,24.12591,25.08355
1992-07-23,385.1305,1020.54674,761.8542,27.58658,24.20764,25.16801
1992-07-24,384.80493,1019.75164,761.24561,27.51512,24.14652,25.10397
1992-07-27,385.05377,1020.47893,761.77344,27.45897,24.09883,25.0539
1992-07-28,390.41605,1034.76465,772.42091,27.71264,24.32323,25.28665
1992-07-29,394.95094,1046.85821,781.43184,27.99005,24.56852,25.54109
1992-07-30,396.46306,1050.9371,784.46077,28.28491,24.82917,25.81149
1992-07-31,396.86125,1052.0626,785.28532,28.24973,24.79992,25.78057
1992-08-03,397.77296,1054.55005,787.12631,28.28185,24.82977,25.81109
1992-08-04,397.22461,1053.16614,786.07781,28.24286,24.79717,25.7767
1992-08-05,395.28024,1048.08091,782.26668,28.10665,24.67921,25.65357
1992-08-06,393.91198,1044.52239,779.59523,28.14992,24.71886,25.69427
1992-08-07,392.27037,1040.23864,776.38258,27.86843,24.47336,25.43857
1992-08-10,392.53477,1041.00899,776.94213,27.76675,24.38568,25.34693
1992-08-11,392.17978,1040.13652,776.27564,27.81774,24.4321,25.39467
1992-08-12,390.69617,1036.27063,773.37512,27.6586,24.29394,25.25057
1992-08-13,390.98323,1037.10096,773.97945,27.57165,24.21916,25.17235
1992-08-14,393.05673,1042.67189,778.12122,27.74774,24.37556,25.33437
1992-08-17,393.71736,1044.49404,779.46554,27.85642,24.47271,25.43482
1992-08-18,394.28495,1046.06952,780.62576,27.77259,24.40067,25.35945
1992-08-19,391.28619,1038.18352,774.7253,27.5357,24.19418,25.14435
1992-08-20,391.20044,1038.02489,774.59161,27.42557,24.099,25.04493
1992-08-21,387.59791,1028.53561,767.49503,27.14976,23.85829,24.79427
1992-08-24,383.80212,1018.53238,760.0152,26.39653,23.19827,24.10777
1992-08-25,384.74778,1021.11031,761.92361,26.18483,23.01378,23.91556
1992-08-26,386.29366,1025.28222,765.02118,26.28276,23.10143,24.00616
1992-08-27,386.26979,1025.28692,765.00955,26.43857,23.24,24.14966
1992-08-28,387.28314,1028.04554,767.05256,26.39211,23.2007,24.10834
1992-08-31,386.371,1025.6923,765.2816,26.36652,23.17973,24.08607
1992-09-01,388.31245,1030.91618,769.16364,26.26735,23.09406,23.99658
1992-09-02,390.23325,1036.08592,773.00513,26.26889,23.09695,23.99911
1992-09-03,390.4545,1036.74226,773.47949,26.39589,23.21022,24.11631
1992-09-04,389.53692,1034.3745,771.69772,26.90015,23.65548,24.57838
1992-09-07,389.53692,1034.44316,771.73368,26.45763,23.26805,24.1753
1992-09-08,387.32132,1028.62827,767.38026,26.16068,23.00851,23.90514
1992-09-09,388.86974,1032.81015,770.48454,26.47086,23.28305,24.18985
1992-09-10,391.96994,1041.11605,776.66478,26.86989,23.63584,24.55582
1992-09-11,391.80281,1040.74118,776.36978,27.21345,23.93985,24.8711
1992-09-14,397.4121,1055.71725,787.5246,28.6375,25.19465,26.17407
1992-09-15,392.44502,1042.59424,777.71937,28.06346,24.6915,25.65078
1992-09-16,392.3925,1042.5239,777.65152,28.75885,25.30538,26.28788
1992-09-17,392.47114,1042.80207,777.84362,29.01573,25.53327,26.52404
1992-09-18,395.02222,1049.65219,782.93725,29.14511,25.64889,26.6436
1992-09-21,394.40875,1048.09157,781.75773,29.07801,25.59152,26.58348
1992-09-22,390.05627,1036.59641,773.16787,28.52591,25.10751,26.08013
1992-09-23,389.98902,1036.48647,773.07058,29.16589,25.67287,26.66674
1992-09-24,390.9956,1039.2313,775.10235,28.83286,25.38149,26.36354
1992-09-25,386.98246,1028.63489,767.18352,28.24644,24.86716,25.82873
1992-09-28,388.76799,1033.45096,770.75991,28.06401,24.70821,25.66312
1992-09-29,388.65219,1033.21169,770.56622,27.46443,24.18218,25.11619
1992-09-30,389.58942,1035.77257,772.4607,27.35361,24.0862,25.016
1992-10-01,388.20619,1032.16369,769.75402,27.43488,24.1594,25.09153
1992-10-02,382.8264,1017.93065,759.12378,27.39358,24.12462,25.05491
1992-10-05,380.10427,1010.76049,753.76152,26.83915,23.63815,24.54913
1992-10-06,379.90612,1010.30059,753.40366,27.15298,23.91634,24.83748
1992-10-07,377.5931,1004.21674,748.85186,26.99159,23.77576,24.691
1992-10-08,381.15883,1013.77068,755.96053,28.02333,24.68664,25.6363
1992-10-09,376.6657,1001.88916,747.08529,27.73866,24.43755,25.37711
1992-10-12,380.75373,1012.8343,755.23092,28.00612,24.67499,25.62312
1992-10-13,382.59636,1017.80483,758.92191,28.28355,24.92124,25.87827
1992-10-14,382.95078,1018.81545,759.6604,27.96255,24.64012,25.58582
1992-10-15,382.92214,1018.80689,759.63899,27.87964,24.56868,25.51114
1992-10-16,384.33237,1022.62783,762.47263,28.00307,24.67915,25.62532
1992-10-19,387.6735,1031.58956,769.13856,28.80848,25.39105,26.36386
1992-10-20,387.88159,1032.21187,769.5873,29.24432,25.77717,26.76416
1992-10-21,388.16367,1033.03122,770.18292,29.32863,25.85323,26.8426
1992-10-22,387.76498,1032.03859,769.42765,29.27823,25.8105,26.79771
1992-10-23,386.65752,1029.15939,767.26591,29.6459,26.13659,27.13565
1992-10-26,390.14946,1038.52615,774.23299,30.0191,26.4676,27.47871
1992-10-27,390.7318,1040.14561,775.4249,30.02861,26.47775,27.4887
1992-10-28,392.2696,1044.30974,778.51359,30.05272,26.50077,27.51205
1992-10-29,392.8096,1045.81704,779.62176,30.24748,26.67439,27.69171
1992-10-30,390.98219,1041.02111,776.03114,30.01028,26.467,27.47586
1992-11-02,394.75149,1051.1307,783.551,30.65663,27.0392,28.0692
1992-11-03,392.3598,1044.83215,778.84028,30.7187,27.09576,28.12736
1992-11-04,389.45739,1037.17301,773.11549,30.31983,26.74583,27.76351
1992-11-05,390.40458,1039.76509,775.03218,30.78655,27.15963,28.19241
1992-11-06,389.77402,1038.15455,773.8164,30.79619,27.16993,28.20255
1992-11-09,390.68161,1040.6415,775.65465,30.9951,27.34735,28.38611
1992-11-10,390.89432,1041.27729,776.11317,31.14789,27.48406,28.52743
1992-11-11,394.18284,1050.11019,782.68055,31.36411,27.67682,28.72689
1992-11-12,394.66948,1051.47663,783.68344,31.26096,27.58762,28.63374
1992-11-13,394.08472,1049.98833,782.55872,30.78257,27.16741,28.197
1992-11-16,392.5752,1046.03597,779.59757,31.03499,27.39216,28.42965
1992-11-17,391.68571,1043.73512,777.86739,31.3126,27.63919,28.68541
1992-11-18,394.82548,1052.17451,784.14086,31.18276,27.5264,28.56779
1992-11-19,395.19765,1053.23639,784.91666,31.15202,27.50107,28.54095
1992-11-20,398.1899,1061.28418,790.89794,31.57037,27.87251,28.92577
1992-11-23,397.08224,1058.40223,788.73464,31.91553,28.17933,29.24354
1992-11-24,399.18578,1064.08141,792.95076,31.99816,28.25419,29.32064
1992-11-25,400.94942,1068.8549,796.49189,31.86893,28.14194,29.20358
1992-11-26,400.94942,1068.92585,796.529,31.95949,28.22382,29.28795
1992-11-27,401.92176,1071.58983,798.49818,32.28865,28.5166,29.59112
1992-11-30,402.99907,1074.5341,800.67611,32.28274,28.51327,29.58708
1992-12-01,402.30476,1072.75398,799.33388,32.18248,28.42659,29.49656
1992-12-02,401.45024,1070.54639,797.67318,31.69068,27.99422,29.04729
1992-12-03,401.32358,1070.27962,797.45865,31.77008,28.06625,29.12144
1992-12-04,403.1892,1075.3278,801.20384,31.79728,28.09215,29.14774
1992-12-07,405.71593,1082.14071,806.26354,31.97857,28.25429,29.31536
1992-12-08,407.47644,1086.90988,809.80055,31.60487,27.92607,28.97421
1992-12-09,406.67818,1084.85254,808.25176,32.0056,28.28228,29.34313
1992-12-10,405.6551,1082.19517,806.25599,32.07419,28.3448,29.40741
1992-12-11,404.73437,1079.8105,804.46345,32.05818,28.33253,29.39409
1992-12-14,404.17399,1078.38694,803.38702,31.78813,28.09577,29.14787
1992-12-15,403.88469,1077.68652,802.84935,31.7883,28.09777,29.14938
1992-12-16,402.57538,1074.26424,800.28399,31.48336,27.83015,28.87114
1992-12-17,406.24494,1084.13195,807.61824,31.54922,27.89024,28.93291
1992-12-18,411.78865,1099.00522,818.68042,32.31455,28.56912,29.63645
1992-12-21,411.47609,1098.24385,818.09709,32.30293,28.56074,29.62717
1992-12-22,411.16265,1097.48005,817.51197,32.60418,28.82919,29.90499
1992-12-23,409.82729,1093.98838,814.89489,32.71229,28.92675,30.00558
1992-12-24,410.30761,1095.34347,815.88808,32.73466,28.94846,30.02751
1992-12-25,410.30761,1095.41618,815.92609,NA,NA,NA
1992-12-28,410.26139,1095.36547,815.87218,32.90746,29.1052,30.18888
1992-12-29,408.88688,1091.76817,813.17666,33.24537,29.40624,30.50045
1992-12-30,409.30727,1092.9634,814.05075,33.18336,29.35332,30.44497
1992-12-31,406.46247,1085.43994,808.43101,32.94457,29.14404,30.2273
1993-01-01,406.46247,1085.51199,808.46868,NA,NA,NA
1993-01-04,405.94619,1084.20508,807.47936,33.39066,29.54286,30.63965
1993-01-05,404.78909,1081.18646,805.21526,33.25647,29.42608,30.51793
1993-01-06,404.72002,1081.07371,805.11537,33.1371,29.32238,30.40979
1993-01-07,401.03978,1071.31586,797.83222,32.90163,29.11598,30.19513
1993-01-08,399.77903,1068.01888,795.36114,32.96625,29.17512,30.25585
1993-01-11,400.93898,1071.18957,797.70642,32.73742,28.97455,30.04725
1993-01-12,401.3492,1072.35693,798.55991,32.6082,28.86208,29.93003
1993-01-13,403.28731,1077.60838,802.45432,32.93465,29.15316,30.23123
1993-01-14,405.91694,1084.70917,807.72551,33.01483,29.22611,30.30626
1993-01-15,406.87379,1087.33885,809.66754,33.04884,29.25817,30.33891
1993-01-18,406.69867,1086.94298,809.35676,33.02369,29.23784,30.31722
1993-01-19,405.08358,1082.69851,806.18027,32.74629,28.99421,30.06399
1993-01-20,403.59918,1078.80276,803.26357,32.39689,28.68683,29.74466
1993-01-21,405.55611,1084.10706,807.19676,32.76291,29.01309,30.08228
1993-01-22,406.52966,1086.7822,809.17246,32.79838,29.04643,30.11625
1993-01-25,409.62935,1095.1442,815.38167,32.52462,28.80594,29.8663
1993-01-26,409.53857,1094.97414,815.23893,32.34218,28.64626,29.70016
1993-01-27,408.06453,1091.10556,812.34257,32.47917,28.76958,29.8274
1993-01-28,408.68819,1092.846,813.62218,32.51036,28.79912,29.85744
1993-01-29,409.07282,1093.9473,814.42594,32.88735,29.13525,30.20524
1993-02-01,412.82723,1104.06435,821.94082,33.84888,29.98955,31.09015
1993-02-02,412.55133,1103.39965,821.42974,33.8942,30.0317,31.13323
1993-02-03,416.82904,1114.91909,829.988,34.59597,30.65595,31.77962
1993-02-04,418.72866,1120.07595,833.81013,35.02906,31.04205,32.17915
1993-02-05,418.17705,1118.67457,832.75045,34.95015,30.97416,32.10814
1993-02-08,417.59804,1117.19972,831.63613,34.7391,30.78916,31.91574
1993-02-09,415.11963,1110.64357,826.73929,34.61799,30.68385,31.80595
1993-02-10,415.89165,1112.78338,828.31563,34.49193,30.57412,31.69158
1993-02-11,417.10723,1116.11073,830.77577,34.96194,30.9931,32.12515
1993-02-12,414.46681,1109.11976,825.55556,34.47862,30.56683,31.68264
1993-02-15,414.46681,1109.19339,825.59403,34.74359,30.80395,31.92773
1993-02-16,404.12162,1081.58762,805.02883,33.59525,29.78835,30.8743
1993-02-17,403.43876,1079.83162,803.70595,33.25686,29.49034,30.5648
1993-02-18,402.29561,1076.84337,801.46598,33.55711,29.75875,30.84232
1993-02-19,404.46532,1082.7248,805.82702,33.54145,29.74682,30.82935
1993-02-22,405.10496,1084.50939,807.13917,33.39421,29.61819,30.69544
1993-02-23,404.71224,1083.52986,806.39423,33.43765,29.6587,30.7368
1993-02-24,410.58719,1099.3382,818.14158,33.78372,29.96787,31.05653
1993-02-25,412.32158,1104.05655,821.63649,34.17275,30.31521,31.4158
1993-02-26,413.48438,1107.24439,823.99241,34.51094,30.61748,31.72834
1993-03-01,412.68715,1105.18281,822.44195,34.45612,30.57085,31.6794
1993-03-02,417.84467,1119.07455,832.762,34.6832,30.7745,31.88976
1993-03-03,419.19236,1122.75939,835.48735,34.69532,30.7873,31.9024
1993-03-04,417.15082,1117.36587,831.45729,34.54383,30.65489,31.76456
1993-03-05,415.98266,1114.31086,829.16759,34.56664,30.67718,31.78702
1993-03-08,424.10667,1136.15739,845.40497,35.61554,31.61066,32.75347
1993-03-09,423.76654,1135.3215,844.76629,35.53226,31.53882,32.6784
1993-03-10,425.89373,1141.09792,849.04721,35.90382,31.87097,33.02182
1993-03-11,423.1732,1133.88483,843.66337,35.72971,31.71851,32.86321
1993-03-12,419.60023,1124.38716,836.5798,35.37023,31.40155,32.53415
1993-03-15,420.93348,1128.03561,839.27756,35.50396,31.52243,32.65872
1993-03-16,420.70099,1127.48734,838.85306,35.37493,31.40994,32.54153
1993-03-17,417.75104,1119.65667,833.01034,35.11485,31.18111,32.30381
1993-03-18,421.31562,1129.28884,840.15914,35.35393,31.39564,32.52537
1993-03-19,419.46283,1124.39755,836.50356,34.69431,30.81218,31.92021
1993-03-22,418.20022,1121.08747,834.02449,34.63365,30.76033,31.86587
1993-03-23,418.19408,1121.14543,834.05111,34.57189,30.7075,31.81052
1993-03-24,417.50405,1119.36973,832.71366,34.45971,30.60987,31.70876
1993-03-25,420.13745,1126.50717,838.0062,34.77355,30.89089,31.99918
1993-03-26,417.66057,1119.94091,833.10496,34.53651,30.68238,31.78255
1993-03-29,420.19107,1126.8033,838.19271,34.6349,30.77187,31.87461
1993-03-30,421.67483,1130.85831,841.19222,34.76888,30.89303,31.99945
1993-03-31,421.02733,1129.1967,839.93962,34.40056,30.56788,31.66201
1993-04-01,419.6165,1125.48761,837.16409,34.25108,30.43707,31.52589
1993-04-02,411.25398,1103.13707,820.5217,33.18771,29.49458,30.54892
1993-04-05,412.36925,1106.20279,822.78556,33.38749,29.6742,30.73433
1993-04-06,411.20819,1103.1614,820.50717,33.39538,29.68319,30.74303
1993-04-07,412.11788,1105.67578,822.36092,33.53862,29.81256,30.87638
1993-04-08,411.65509,1104.5074,821.47568,33.51763,29.79586,30.85848
1993-04-09,411.65509,1104.58072,821.51396,NA,NA,NA
1993-04-12,417.71174,1120.9134,833.6431,NA,NA,NA
1993-04-13,418.52835,1123.17975,835.31199,33.51579,29.80014,30.86109
1993-04-14,418.3756,1122.84432,835.04602,33.43266,29.72818,30.78596
1993-04-15,418.31994,1122.76943,834.97381,33.71636,29.98261,31.04877
1993-04-16,418.89618,1124.39099,836.16311,33.88241,30.13237,31.20321
1993-04-19,417.45545,1120.59829,833.32613,33.88312,30.13499,31.20531
1993-04-20,415.6662,1115.86961,829.79321,33.27302,29.59459,30.64504
1993-04-21,414.4029,1112.5521,827.30985,33.44183,29.7468,30.80201
1993-04-22,410.33448,1101.70457,819.22685,33.02935,29.38197,30.4236
1993-04-23,407.87064,1095.16274,814.3461,32.7478,29.13349,30.1657
1993-04-26,404.72699,1086.79507,808.10781,31.92112,28.40031,29.40585
1993-04-27,409.02688,1098.41873,816.73363,32.33558,28.77123,29.78923
1993-04-28,408.88555,1098.11205,816.48945,32.62916,29.03456,30.06123
1993-04-29,409.83601,1100.73826,818.42582,32.47013,28.89496,29.9161
1993-04-30,410.76608,1103.31003,820.32164,32.56747,28.98355,30.00722
1993-05-03,412.90114,1109.12011,824.62478,32.90414,29.28533,30.31899
1993-05-04,414.14206,1112.52807,827.14203,32.73469,29.13644,30.16425
1993-05-05,414.79874,1114.36646,828.49237,32.78132,29.1799,30.20863
1993-05-06,413.19394,1110.12897,825.32558,32.75996,29.16281,30.19035
1993-05-07,412.31655,1107.84516,823.6114,32.58253,29.00679,30.02823
1993-05-10,412.85139,1109.35609,824.7183,32.98048,29.36327,30.39659
1993-05-11,414.4895,1113.83292,828.02981,33.50941,29.83649,30.88576
1993-05-12,414.43022,1113.74753,827.94996,33.48532,29.81701,30.86498
1993-05-13,409.36856,1100.22056,817.87735,33.25148,29.61077,30.65088
1993-05-14,409.67358,1101.11353,818.52494,33.19113,29.55897,30.59666
1993-05-17,410.86112,1104.37948,820.9363,33.14239,29.51751,30.55314
1993-05-18,410.97792,1104.76681,821.20796,33.51809,29.85434,30.9011
1993-05-19,417.91088,1123.48588,835.10414,34.02981,30.31245,31.37456
1993-05-20,420.48598,1130.48585,840.2902,NA,NA,NA
1993-05-21,416.162,1118.93706,831.68909,33.83969,30.14706,31.20215
1993-05-24,417.92586,1123.75549,835.25373,34.33863,30.5939,31.66391
1993-05-25,418.77154,1126.10466,836.98313,34.29617,30.55808,31.62622
1993-05-26,423.06127,1137.71994,845.5985,34.52652,30.7655,31.84021
1993-05-27,422.14465,1135.33022,843.80569,34.329,30.59154,31.65954
1993-05-28,420.29167,1130.42205,840.14114,33.78929,30.11278,31.1634
1993-05-31,420.29167,1130.49709,840.18029,NA,NA,NA
1993-06-01,423.80932,1140.03787,847.25342,33.9138,30.2278,31.28118
1993-06-02,423.75443,1139.96584,847.18313,33.98974,30.29753,31.35271
1993-06-03,422.19102,1135.83555,844.09692,33.97537,30.28672,31.3409
1993-06-04,419.89361,1129.73026,839.54305,33.74623,30.08447,31.13099
1993-06-07,417.60739,1123.65421,835.01109,34.12965,30.42855,31.48634
1993-06-08,414.63579,1115.73358,829.10849,33.80518,30.14133,31.1885
1993-06-09,415.69491,1118.65844,831.26538,34.01866,30.33382,31.38701
1993-06-10,415.27795,1117.61049,830.47025,34.14107,30.44504,31.50146
1993-06-11,417.32227,1123.18841,834.59818,34.19174,30.49227,31.5497
1993-06-14,418.00569,1125.10281,836.00408,34.06013,30.3769,31.42971
1993-06-15,416.69478,1121.64888,833.42115,33.97305,30.30123,31.3508
1993-06-16,417.60453,1124.17287,835.27991,34.4767,30.7528,31.81729
1993-06-17,418.86008,1127.62841,837.83067,34.80574,31.04857,32.12259
1993-06-18,414.32581,1115.49787,828.80077,34.5518,30.82411,31.88973
1993-06-21,416.28651,1120.85264,832.76247,35.23917,31.43981,32.52595
1993-06-22,415.88204,1119.83785,831.99207,35.16248,31.37346,32.45666
1993-06-23,413.64812,1113.89701,827.5618,35.26825,31.46996,32.55584
1993-06-24,416.87359,1122.6603,834.05523,35.68583,31.84495,32.94304
1993-06-25,417.67528,1124.8944,835.69837,35.72642,31.8833,32.98205
1993-06-28,421.74147,1135.92508,843.87557,36.09625,32.21571,33.32519
1993-06-29,420.62482,1132.99266,841.68044,35.7575,31.91557,33.01404
1993-06-30,420.61761,1133.04845,841.70522,35.55369,31.73576,32.82739
1993-07-01,419.10082,1129.03761,838.70909,35.73005,31.8954,32.99184
1993-07-02,416.38901,1121.80736,833.32142,35.29959,31.51336,32.59598
1993-07-05,416.38901,1121.88182,833.36024,35.36067,31.57,32.65391
1993-07-06,412.23265,1110.75898,825.08119,35.13841,31.37366,32.45019
1993-07-07,413.6216,1114.57643,827.90023,35.18348,31.416,32.49333
1993-07-08,419.37724,1130.16737,839.46302,35.86263,32.02495,33.12238
1993-07-09,419.12428,1129.56058,838.99573,36.20049,32.32902,33.43614
1993-07-12,419.91506,1131.76735,840.6181,36.53884,32.63356,33.75038
1993-07-13,419.32255,1130.24534,839.47104,36.3327,32.45161,33.56154
1993-07-14,421.32279,1135.71374,843.51556,36.60617,32.69821,33.81585
1993-07-15,420.55652,1133.72336,842.02063,36.28907,32.41717,33.52452
1993-07-16,417.2467,1124.87674,835.43342,36.24882,32.38334,33.48888
1993-07-19,417.41857,1125.41486,835.81652,35.993,32.15695,33.2541
1993-07-20,418.68231,1128.89785,838.38647,35.99762,32.16322,33.25992
1993-07-21,418.56548,1128.6577,838.19155,35.81817,32.005,33.09566
1993-07-22,416.42637,1122.96457,833.94698,35.81621,32.00536,33.09538
1993-07-23,418.81391,1129.47995,838.76845,36.31427,32.4529,33.55739
1993-07-26,420.9799,1135.39843,843.14652,36.62825,32.73586,33.84926
1993-07-27,420.39841,1133.90529,842.02108,36.50647,32.62917,33.73828
1993-07-28,419.25046,1130.88409,839.76097,36.4229,32.55661,33.66259
1993-07-29,421.85911,1137.99844,845.02664,36.53313,32.65737,33.76609
1993-07-30,419.18735,1130.86696,839.71436,36.92059,33.00616,34.12597
1993-08-02,420.79937,1135.29232,842.98342,37.10585,33.17408,34.29888
1993-08-03,420.40517,1134.304,842.23292,36.54909,32.67868,33.78595
1993-08-04,419.71717,1132.5228,840.89374,36.35085,32.50359,33.60426
1993-08-05,419.26798,1131.38574,840.03288,36.43409,32.58022,33.68281
1993-08-06,419.89167,1133.14431,841.32187,36.60169,32.73235,33.83939
1993-08-09,421.76578,1138.27889,845.11707,36.54762,32.68614,33.79096
1993-08-10,420.69185,1135.45585,843.00443,36.68121,32.80787,33.91611
1993-08-11,421.6433,1138.09995,844.95066,36.98427,33.0813,34.19804
1993-08-12,420.28202,1134.50095,842.26201,36.92755,33.03275,34.14718
1993-08-13,421.21271,1137.08925,844.16676,37.01264,33.11109,34.22748
1993-08-16,423.11546,1142.30314,848.0204,37.11671,33.20644,34.32535
1993-08-17,424.5709,1146.30955,850.9776,36.80369,32.92863,34.03749
1993-08-18,427.52303,1154.35934,856.93591,37.01383,33.11897,34.23352
1993-08-19,428.07206,1155.91878,858.07652,36.80816,32.93712,34.04488
1993-08-20,427.7644,1155.16463,857.49974,36.72702,32.86667,33.9714
1993-08-23,426.7527,1152.509,855.5115,36.50287,32.66826,33.76565
1993-08-24,430.75537,1163.40004,863.57796,36.99676,33.11278,34.22432
1993-08-25,430.63775,1163.15953,863.38236,36.98666,33.10593,34.21657
1993-08-26,431.69251,1166.08652,865.53771,37.11297,33.22125,34.33506
1993-08-27,431.09774,1164.55712,864.38542,36.79758,32.94117,34.0449
1993-08-30,431.89534,1166.78962,866.02525,36.92667,33.05898,34.16597
1993-08-31,433.35077,1170.80027,868.98464,37.0092,33.13511,34.24395
1993-09-01,432.75224,1169.26073,867.82483,36.99671,33.12611,34.23398
1993-09-02,431.07082,1164.79515,864.49334,36.63918,32.80823,33.90478
1993-09-03,431.19399,1165.20536,864.78067,36.54207,32.72343,33.81648
1993-09-06,431.19399,1165.28271,864.82096,35.90663,32.15678,33.23017
1993-09-07,428.36657,1157.71939,859.19063,35.68934,31.96432,33.03063
1993-09-08,426.59779,1153.01577,855.68291,35.44872,31.75093,32.80946
1993-09-09,427.31264,1155.02493,857.15691,35.24262,31.56843,32.62024
1993-09-10,430.99457,1165.0581,864.58472,35.55525,31.85078,32.91128
1993-09-13,431.57978,1166.71775,865.79914,35.40716,31.7202,32.77571
1993-09-14,430.00318,1162.53291,862.67656,35.45559,31.76572,32.82209
1993-09-15,431.50008,1166.65835,865.72054,35.36811,31.68942,32.74261
1993-09-16,429.39813,1161.05269,861.54372,35.067,31.42176,32.4654
1993-09-17,428.64309,1159.088,860.06885,35.53145,31.84035,32.89715
1993-09-20,425.10047,1149.58612,853.00108,35.2497,31.59,32.63783
1993-09-21,423.05289,1144.12521,848.93218,34.79484,31.18457,32.21828
1993-09-22,425.89988,1151.90375,854.68631,35.55928,31.87225,32.92796
1993-09-23,427.5377,1156.41141,858.01364,35.83317,32.12004,33.18325
1993-09-24,427.68786,1156.89442,858.35502,36.2293,32.47754,33.55184
1993-09-27,431.2633,1166.64684,865.5729,36.01934,32.29146,33.35895
1993-09-28,430.72528,1165.26864,864.53328,36.04493,32.31656,33.38421
1993-09-29,429.22181,1161.27838,861.55577,35.54041,31.86651,32.91859
1993-09-30,428.10996,1158.3471,859.36405,35.72861,32.03748,33.09453
1993-10-01,430.06781,1163.72326,863.33514,36.27752,32.53219,33.60478
1993-10-04,429.58377,1162.49056,862.40359,35.92491,32.21819,33.27975
1993-10-05,429.76062,1163.04642,862.79887,35.86637,32.16781,33.22706
1993-10-06,429.10334,1161.34464,861.51939,35.92145,32.21937,33.27965
1993-10-07,427.77019,1157.81343,858.88283,35.66084,31.98777,33.03977
1993-10-08,428.51159,1159.89752,860.41172,35.52955,31.8721,32.91965
1993-10-11,429.17829,1161.77961,861.79073,35.45905,31.81095,32.85584
1993-10-12,429.50727,1162.74747,862.49158,35.37904,31.74125,32.78322
1993-10-13,429.12858,1161.79932,861.77124,35.56869,31.91363,32.96057
1993-10-14,433.72349,1174.32207,871.04173,36.0836,32.3781,33.4395
1993-10-15,436.18923,1181.07863,876.03554,36.49285,32.74776,33.82053
1993-10-18,435.36463,1178.92401,874.42012,36.57347,32.82232,33.89685
1993-10-19,433.21203,1173.17326,870.13743,36.66878,32.91007,33.98679
1993-10-20,433.18759,1173.18494,870.12888,36.78724,33.01864,34.09822
1993-10-21,432.68696,1171.90679,869.16372,36.83714,33.06564,34.14608
1993-10-22,430.69595,1166.59201,865.20474,36.85622,33.08496,34.16535
1993-10-25,431.50801,1168.86961,866.87667,37.01606,33.23073,34.31518
1993-10-26,431.48959,1168.89731,866.88007,37.23574,33.4303,34.52054
1993-10-27,431.97974,1170.30302,867.90535,37.17347,33.37658,34.46439
1993-10-28,434.45615,1177.09222,872.92253,37.63068,33.78963,34.89012
1993-10-29,434.66131,1177.72634,873.37549,37.38457,33.57088,34.66356
1993-11-01,435.43696,1179.90672,874.975,37.72229,33.87661,34.97849
1993-11-02,434.98859,1178.76992,874.11472,37.81024,33.95789,35.0617
1993-11-03,429.87201,1164.98467,863.87461,37.27309,33.47787,34.56534
1993-11-04,424.93738,1151.69051,853.9991,36.77052,33.02883,34.10099
1993-11-05,427.01216,1157.39218,858.20964,37.0808,33.30994,34.39048
1993-11-08,427.90151,1159.88022,860.03739,36.94559,33.19067,34.26667
1993-11-09,428.20649,1160.78409,860.69054,37.0534,33.28978,34.3683
1993-11-10,431.3101,1169.27782,866.97062,37.45733,33.65518,34.74477
1993-11-11,430.68096,1167.64963,865.74628,37.28395,33.50161,34.58555
1993-11-12,433.22964,1174.63966,870.91127,37.65402,33.83661,34.93062
1993-11-15,431.75304,1170.71387,867.98338,37.27814,33.50115,34.58361
1993-11-16,434.70201,1178.79101,873.95399,37.66195,33.84856,34.94148
1993-11-17,433.32071,1175.12335,871.21755,37.81931,33.99233,35.08916
1993-11-18,432.32628,1172.50433,869.25866,37.699,33.88642,34.97916
1993-11-19,431.45314,1170.2139,867.54346,37.72339,33.9106,35.00342
1993-11-22,428.12816,1161.27398,860.89853,37.38273,33.60667,34.68899
1993-11-23,429.65923,1165.50538,864.01808,37.54313,33.75319,34.83951
1993-11-24,431.1348,1169.58672,867.02629,37.44542,33.66756,34.75044
1993-11-25,431.1348,1169.66435,867.06669,37.60512,33.81347,34.90033
1993-11-26,432.09666,1172.35225,869.04189,37.75611,33.95157,35.04215
1993-11-29,430.99978,1169.45383,866.87621,37.751,33.94921,35.03903
1993-11-30,430.74704,1168.84556,866.40819,37.6114,33.8259,34.91108
1993-12-01,430.48569,1168.21386,865.92282,37.78351,33.98303,35.07252
1993-12-02,431.29365,1170.48457,867.58869,37.85442,34.0491,35.14
1993-12-03,432.79262,1174.63165,870.64513,37.99957,34.182,35.27644
1993-12-06,434.34281,1178.91833,873.80491,37.82109,34.0237,35.11238
1993-12-07,434.66797,1179.87936,874.49988,37.62579,33.85025,34.93269
1993-12-08,434.62743,1179.84762,874.45906,37.7254,33.94216,35.02684
1993-12-09,432.92332,1175.29981,871.07112,37.55756,33.79338,34.87262
1993-12-10,432.60498,1174.51346,870.47111,37.3517,33.61038,34.68308
1993-12-13,434.26257,1179.09325,873.84778,37.58738,33.82484,34.90366
1993-12-14,432.25173,1173.71174,869.84217,37.62565,33.86154,34.94083
1993-12-15,430.93413,1170.21169,867.2311,37.57093,33.81452,34.89162
1993-12-16,432.68377,1175.04219,870.79341,37.70003,33.93303,35.01319
1993-12-17,435.26533,1182.13362,876.03085,37.7908,34.01702,35.09915
1993-12-20,434.69567,1180.66477,874.92506,37.84174,34.06515,35.14812
1993-12-21,434.41948,1179.99287,874.40987,37.67404,33.91642,34.99397
1993-12-22,436.19216,1184.88788,878.01954,37.76106,33.99705,35.07646
1993-12-23,436.30393,1185.27022,878.28548,37.61152,33.86466,34.93917
1993-12-24,436.30393,1185.3489,878.3264,37.58842,33.84608,34.91932
1993-12-27,439.13965,1193.13465,884.07747,37.96265,34.18557,35.2688
1993-12-28,439.59564,1194.45309,885.03684,37.95528,34.18119,35.26359
1993-12-29,438.94782,1192.77191,883.7737,38.19836,34.40253,35.49119
1993-12-30,437.07623,1187.76525,880.04659,38.30031,34.49668,35.58761
1993-12-31,434.9826,1182.15461,875.87211,38.26372,34.466,35.55525
1994-01-03,433.94915,1179.42424,873.83187,38.18993,34.40179,35.48831
1994-01-04,435.69836,1184.2583,877.39576,38.3645,34.56143,35.65227
1994-01-05,436.34457,1186.09381,878.73819,38.33544,34.53753,35.62691
1994-01-06,435.66665,1184.32956,877.41378,38.32046,34.52632,35.61464
1994-01-07,438.31788,1191.61814,882.79556,38.63675,34.81379,35.91041
1994-01-10,443.34565,1205.3721,892.96612,38.83583,34.99561,36.0972
1994-01-11,442.56301,1203.32404,891.43125,39.00044,35.14636,36.25195
1994-01-12,442.3048,1202.70172,890.95262,38.873,35.03382,36.13516
1994-01-13,441.03927,1199.34015,888.44481,38.85221,35.0174,36.11751
1994-01-14,443.41277,1205.87654,893.26871,39.28693,35.41184,36.52353
1994-01-17,442.13407,1202.4789,890.73424,39.13478,35.27702,36.38377
1994-01-18,442.89008,1204.61539,892.29909,39.14875,35.29195,36.39845
1994-01-19,442.62384,1203.97109,891.80421,39.02331,35.18119,36.2835
1994-01-20,443.3764,1206.09857,893.36231,39.07212,35.22754,36.33058
1994-01-21,442.7592,1204.4995,892.16024,38.8677,35.04555,36.14219
1994-01-24,440.68408,1198.93419,888.02043,38.97481,35.14451,36.24351
1994-01-25,439.72931,1196.41597,886.13773,38.86586,35.04857,36.14386
1994-01-26,441.8751,1202.33574,890.50426,38.95031,35.12709,36.22411
1994-01-27,445.91368,1213.40925,898.68711,39.24991,35.39982,36.50457
1994-01-28,447.45248,1217.6785,901.83095,39.24811,35.40054,36.50459
1994-01-31,449.81933,1224.20273,906.64452,39.52635,35.65404,36.76522
1994-02-01,448.51445,1220.73251,904.05658,39.1628,35.32852,36.42881
1994-02-02,450.47519,1226.15199,908.05186,39.41815,35.56138,36.66816
1994-02-03,449.27093,1222.95527,905.66655,39.39353,35.54152,36.64696
1994-02-04,438.75743,1194.42413,884.51838,38.53018,34.76528,35.84575
1994-02-07,440.93785,1200.44129,888.95635,39.11707,35.29754,36.39371
1994-02-08,440.11023,1198.26757,887.32912,39.09311,35.27825,36.3731
1994-02-09,441.44941,1201.99436,890.07103,39.23692,35.41044,36.50866
1994-02-10,437.77394,1192.06724,882.70227,38.93138,35.13707,36.22608
1994-02-11,438.77104,1194.86227,884.75429,38.90024,35.11128,36.19878
1994-02-14,438.95338,1195.43824,885.16325,38.72754,34.95771,36.03974
1994-02-15,441.28079,1201.85837,889.899,38.64805,34.88825,35.96743
1994-02-16,441.75718,1203.23594,890.90132,38.62775,34.87222,35.9502
1994-02-17,439.73514,1197.80824,886.86493,38.50238,34.76133,35.83518
1994-02-18,437.29366,1191.23744,881.9823,38.09155,34.39281,35.45454
1994-02-21,437.29366,1191.31652,882.02339,38.23404,34.52383,35.58887
1994-02-22,440.82818,1201.02869,889.1957,38.63944,34.89246,35.96808
1994-02-23,440.35433,1199.81725,888.28125,38.51194,34.77961,35.85105
1994-02-24,434.24177,1183.24483,875.99378,38.1234,34.4311,35.49108
1994-02-25,435.61444,1187.06487,878.80428,37.87135,34.20575,35.25809
1994-02-28,436.19876,1188.73637,880.02424,37.91543,34.24785,35.30078
1994-03-01,433.80727,1182.29806,875.24051,37.39958,33.78431,34.82225
1994-03-02,434.25475,1183.59639,876.18426,37.49084,33.86903,34.90888
1994-03-03,432.6044,1179.17665,872.89515,37.50669,33.8856,34.92526
1994-03-04,433.87306,1182.71405,875.49622,37.68992,34.0535,35.09758
1994-03-07,436.00525,1188.60688,879.84056,37.98944,34.32658,35.37828
1994-03-08,435.10733,1186.23771,878.06948,37.82726,34.1823,35.22889
1994-03-09,436.03535,1188.84724,879.98355,37.8242,34.18179,35.22767
1994-03-10,432.70812,1179.85508,873.31003,37.17423,33.59691,34.62413
1994-03-11,434.98131,1186.13393,877.93974,37.19699,33.61971,34.64694
1994-03-14,436.14983,1189.40004,880.33963,37.3718,33.78004,34.81145
1994-03-15,435.9399,1188.9064,879.95687,37.55376,33.94687,34.98265
1994-03-16,438.23319,1195.24194,884.62812,37.75794,34.13382,35.17457
1994-03-17,439.36334,1198.40457,886.95115,37.54229,33.94112,34.9753
1994-03-18,439.51881,1198.90826,887.30637,37.79242,34.16968,35.21008
1994-03-21,437.80794,1194.32086,883.89373,37.8109,34.18866,35.22895
1994-03-22,437.76039,1194.2704,883.83891,37.59512,33.9958,35.02953
1994-03-23,437.41217,1193.39953,883.17695,37.5981,34.00076,35.03394
1994-03-24,433.56922,1182.99489,875.45931,37.13447,33.58385,34.60364
1994-03-25,429.81018,1172.81774,867.91035,36.48149,32.99576,33.99694
1994-03-28,429.68918,1172.56535,867.70641,36.59462,33.10033,34.10399
1994-03-29,422.48611,1152.99053,853.203,35.86914,32.44659,33.42967
1994-03-30,416.25083,1136.05339,840.65219,35.53028,32.14226,33.11545
1994-03-31,416.33282,1136.35263,840.85698,35.38957,32.01708,32.98583
1994-04-01,416.33282,1136.42806,840.89616,NA,NA,NA
1994-04-04,410.16054,1119.65832,828.47022,NA,NA,NA
1994-04-05,419.4374,1145.06871,847.25303,36.10998,32.67578,33.66233
1994-04-06,419.29657,1144.76018,847.008,36.47856,33.01173,34.00768
1994-04-07,421.85277,1151.81777,852.21255,36.61333,33.13597,34.13496
1994-04-08,418.37604,1142.40216,845.22906,36.28912,32.84479,33.83432
1994-04-11,420.41779,1148.05514,849.39436,36.37622,32.92584,33.91713
1994-04-12,418.49146,1142.87097,845.54203,36.43757,32.98358,33.97593
1994-04-13,417.10428,1139.15836,842.7786,36.31035,32.87058,33.85887
1994-04-14,417.12357,1139.28668,842.85686,36.19008,32.76386,33.74827
1994-04-15,416.88779,1138.71821,842.41965,36.19201,32.76778,33.75165
1994-04-18,413.32504,1129.06306,835.25996,35.85418,32.46413,33.4382
1994-04-19,413.55286,1129.76046,835.75933,35.72556,32.34981,33.31979
1994-04-20,412.84354,1127.8975,834.36469,35.56726,32.20859,33.17368
1994-04-21,419.39471,1145.87887,847.64799,35.9424,32.5507,33.52531
1994-04-22,418.48574,1143.47122,845.85024,35.93666,32.54765,33.52151
1994-04-25,422.78361,1155.29589,854.57928,36.06909,32.66983,33.64666
1994-04-26,422.06037,1153.39605,853.15709,36.08893,32.68997,33.66674
1994-04-27,422.06037,1153.47262,853.19684,35.88886,32.51091,33.48166
1994-04-28,419.30235,1146.01195,847.66142,35.67907,32.32301,33.28749
1994-04-29,421.29894,1151.54693,851.73823,35.52563,32.18612,33.14587
1994-05-02,423.36313,1157.26751,855.95212,35.56831,32.22695,33.18725
1994-05-03,423.08297,1156.57839,855.42552,35.40841,32.08419,33.03958
1994-05-04,422.12652,1154.04029,853.53142,35.42501,32.10136,33.05661
1994-05-05,421.6645,1152.85361,852.6369,35.84899,32.48799,33.454
1994-05-06,417.91566,1142.68153,845.09669,35.45964,32.13738,33.09228
1994-05-09,412.50522,1127.96613,834.1964,34.79606,31.53834,32.47471
1994-05-10,415.90265,1137.33491,841.10777,35.26445,31.9653,32.91361
1994-05-11,411.55543,1125.52379,832.35602,35.14171,31.85614,32.80057
1994-05-12,413.77328,1131.66615,836.88149,NA,NA,NA
1994-05-13,414.38652,1133.4189,838.16101,35.20584,31.91852,32.86349
1994-05-16,414.48403,1133.76089,838.39731,35.23547,31.94751,32.89269
1994-05-17,419.52886,1147.64196,848.64409,35.61499,32.294,33.2487
1994-05-18,423.89757,1159.67433,857.52363,35.84019,32.5005,33.46059
1994-05-19,426.5679,1167.05948,862.967,35.85597,32.51696,33.47688
1994-05-20,425.38526,1163.90114,860.61457,35.67713,32.35692,33.31146
1994-05-23,423.70544,1159.38207,857.25608,NA,NA,NA
1994-05-24,425.44339,1164.2162,860.81314,35.66677,32.3518,33.30487
1994-05-25,427.04734,1168.68414,864.09935,35.89319,32.55948,33.51796
1994-05-26,427.69951,1170.54695,865.45946,35.76733,32.44744,33.40197
1994-05-27,427.85117,1171.0398,865.80672,35.84108,32.51653,33.47242
1994-05-30,427.85117,1171.11754,865.84706,35.80136,32.48264,33.43688
1994-05-31,427.34883,1169.82007,864.87071,35.68026,32.37489,33.32531
1994-06-01,428.58031,1173.26983,867.40383,35.82878,32.51189,33.46564
1994-06-02,428.24303,1172.42423,866.76154,35.87697,32.55779,33.51222
1994-06-03,430.63285,1179.04724,871.64017,36.35642,32.99538,33.96188
1994-06-06,429.73965,1176.67976,869.87276,36.45344,33.08567,34.05412
1994-06-07,429.23079,1175.36436,868.88316,36.38512,33.02584,33.99187
1994-06-08,427.87577,1171.73173,866.18061,36.20773,32.867,33.82771
1994-06-09,428.30205,1172.97714,867.08406,36.27507,32.93033,33.89223
1994-06-10,428.60594,1173.88746,867.73978,36.27264,32.93031,33.89153
1994-06-13,429.03942,1175.1529,868.65796,36.03286,32.71481,33.66907
1994-06-14,431.64588,1182.37281,873.97703,36.04822,32.73093,33.68499
1994-06-15,429.87828,1177.60934,870.43873,35.85181,32.55475,33.50301
1994-06-16,431.06929,1180.95114,872.89141,35.78999,32.50075,33.44679
1994-06-17,427.71971,1171.8537,866.1497,35.6294,32.35706,33.29826
1994-06-20,424.56937,1163.30082,859.81079,34.65536,31.47503,32.38979
1994-06-21,421.00174,1153.60367,852.62632,34.47307,31.31154,32.22092
1994-06-22,422.31608,1157.28286,855.32848,34.50012,31.3382,32.24771
1994-06-23,418.82411,1147.79129,848.29634,34.27189,31.13296,32.03588
1994-06-24,412.89237,1131.61408,836.32295,33.5766,30.50368,31.38764
1994-06-27,417.25192,1143.64281,845.19506,33.69113,30.60981,31.49621
1994-06-28,416.22057,1140.89168,843.14519,33.76056,30.67496,31.56261
1994-06-29,417.77187,1145.22106,846.3277,33.7137,30.6344,31.52025
1994-06-30,414.38808,1136.02193,839.51258,33.77377,30.69104,31.5779
1994-07-01,416.18559,1141.02683,843.19418,34.01629,30.91362,31.80624
1994-07-04,416.18559,1141.10257,843.23346,33.93154,30.83863,31.72846
1994-07-05,415.98295,1140.62262,842.86213,33.72457,30.65257,31.53641
1994-07-06,416.03194,1140.83268,843.00068,33.5595,30.50455,31.3835
1994-07-07,418.32138,1147.18882,847.68024,33.78582,30.71245,31.59671
1994-07-08,419.12593,1149.47193,849.35037,33.78132,30.71039,31.59398
1994-07-11,417.29595,1144.52937,845.6815,33.14139,30.1309,30.99712
1994-07-12,417.31519,1144.65811,845.75988,32.72209,29.75179,30.60647
1994-07-13,418.34474,1147.55888,847.88627,32.83428,29.85584,30.71288
1994-07-14,422.75266,1159.73184,856.86239,33.43682,30.40611,31.27821
1994-07-15,423.47273,1161.78472,858.36208,33.71375,30.66015,31.53887
1994-07-18,424.38488,1164.36499,860.25132,33.5524,30.51543,31.38938
1994-07-19,423.0616,1160.81146,857.60894,33.63194,30.58983,31.46527
1994-07-20,420.69989,1154.40851,852.86144,33.88871,30.82558,31.7071
1994-07-21,421.66742,1157.14082,854.86298,33.66284,30.62217,31.49724
1994-07-22,422.24895,1158.81387,856.08198,34.42588,31.31881,32.21302
1994-07-25,423.18956,1161.47294,858.02928,34.38834,31.28672,32.17937
1994-07-26,422.65869,1160.09284,856.99281,34.33952,31.24436,32.13517
1994-07-27,421.79009,1157.78551,855.27142,34.07718,31.00775,31.89118
1994-07-28,423.48713,1162.52221,858.7532,34.03782,30.97398,31.85583
1994-07-29,427.44219,1173.46123,866.81578,34.82904,31.69653,32.59816
1994-08-01,429.92607,1180.36072,871.89458,34.5865,31.47792,32.37268
1994-08-02,430.0183,1180.69235,872.12229,34.75053,31.62939,32.52779
1994-08-03,430.06774,1180.90651,872.26321,34.86933,31.73969,32.64056
1994-08-04,427.47134,1173.85573,867.03793,34.43982,31.35094,32.24009
1994-08-05,426.05201,1170.03594,864.19943,34.59803,31.49714,32.38977
1994-08-08,426.85244,1172.31235,865.86358,34.58579,31.48807,32.37981
1994-08-09,426.91335,1172.55751,866.02751,34.63074,31.5311,32.42341
1994-08-10,429.48288,1179.6955,871.28174,34.61893,31.52243,32.41386
1994-08-11,428.29488,1176.51042,868.91216,34.73994,31.63477,32.52872
1994-08-12,431.03,1184.10471,874.50308,34.40468,31.33163,32.21635
1994-08-15,430.42155,1182.51159,873.30925,34.38407,31.31493,32.19854
1994-08-16,433.90893,1192.17509,880.42776,34.77016,31.66891,32.56179
1994-08-17,434.31754,1193.37714,881.29801,34.8598,31.75271,32.64729
1994-08-18,432.24029,1187.74867,877.124,34.39782,31.33413,32.21624
1994-08-19,432.7603,1189.25681,878.22029,34.27529,31.22457,32.10297
1994-08-22,431.69473,1186.40726,876.09868,34.08916,31.05706,31.93012
1994-08-23,433.92851,1192.62726,880.67399,34.21052,31.16976,32.04533
1994-08-24,437.57952,1202.74525,888.12705,34.70177,31.61976,32.50723
1994-08-25,436.61327,1200.16898,886.20717,34.7233,31.64148,32.52892
1994-08-26,442.05879,1215.22438,897.30498,35.04567,31.93757,32.83259
1994-08-29,442.4849,1216.47668,898.21186,35.79038,32.61883,33.53215
1994-08-30,443.56962,1219.54043,900.45607,35.96702,32.78209,33.69928
1994-08-31,443.32447,1218.94726,900.00031,35.88786,32.71209,33.62666
1994-09-01,441.14728,1213.04186,895.62229,35.71161,32.55359,33.46308
1994-09-02,439.32447,1208.11001,891.96328,35.42967,32.29877,33.20046
1994-09-05,439.32447,1208.19021,892.00484,34.99562,31.90532,32.79534
1994-09-06,439.75995,1209.46832,892.93076,34.90852,31.82801,32.71523
1994-09-07,439.3321,1208.37172,892.10353,34.96502,31.88165,32.76972
1994-09-08,441.24711,1213.72096,896.03464,35.13737,32.04102,32.93285
1994-09-09,437.64137,1203.88411,888.75466,35.07784,31.98885,32.87857
1994-09-12,434.64251,1195.71502,882.70625,34.35785,31.33466,32.20546
1994-09-13,436.33284,1200.44612,886.18105,34.50258,31.46882,32.34268
1994-09-14,437.2963,1203.17724,888.17948,34.52871,31.49475,32.36869
1994-09-15,442.97521,1218.88941,899.75889,35.08999,32.00918,32.89664
1994-09-16,439.96781,1210.69556,893.69248,34.86301,31.80426,32.68538
1994-09-19,439.86084,1210.48152,893.51682,34.80398,31.75249,32.63154
1994-09-20,432.91313,1191.44533,879.44688,34.43741,31.42023,32.28942
1994-09-21,431.22045,1186.86577,876.04918,34.16712,31.17573,32.03751
1994-09-22,430.95567,1186.21568,875.55202,34.14889,31.16116,32.0219
1994-09-23,429.58101,1182.51043,872.79988,34.02623,31.05127,31.90836
1994-09-26,430.90847,1186.24418,875.5382,34.26683,31.27306,32.13559
1994-09-27,432.23689,1189.98107,878.27873,34.27254,31.28035,32.14244
1994-09-28,434.77587,1197.05272,883.48006,34.3518,31.3548,32.21829
1994-09-29,432.5876,1191.10732,879.0746,34.22573,31.24178,32.10153
1994-09-30,433.00007,1192.32236,879.95389,34.24456,31.26105,32.12069
1994-10-03,431.9667,1189.55578,877.89474,34.38998,31.39596,32.25865
1994-10-04,425.43678,1171.65557,864.66635,33.72246,30.78888,31.63419
1994-10-05,424.27179,1168.52473,862.33877,33.49492,30.58318,31.42221
1994-10-06,423.12635,1165.44735,860.05073,33.42868,30.52471,31.36152
1994-10-07,425.75555,1172.7693,865.43638,33.54732,30.63513,31.47433
1994-10-10,429.1426,1182.18085,872.36357,34.00248,31.05314,31.90306
1994-10-11,435.69996,1200.33184,885.73846,34.45254,31.46654,32.32704
1994-10-12,435.42401,1199.65117,885.21869,34.38364,31.40568,32.26389
1994-10-13,437.63394,1205.82167,889.75387,34.56093,31.56981,32.43183
1994-10-14,438.65269,1208.70951,891.86696,34.19856,31.24095,32.09334
1994-10-17,438.36749,1208.00376,891.3286,33.82718,30.90385,31.74638
1994-10-18,437.58316,1205.92235,889.77524,33.68725,30.77803,31.61651
1994-10-19,439.8566,1212.27,894.44065,33.86492,30.94252,31.78482
1994-10-20,436.93263,1204.29221,888.53669,33.6398,30.73888,31.57501
1994-10-21,435.0338,1199.13842,884.71662,33.27189,30.40481,31.2312
1994-10-24,431.30467,1188.93982,877.17448,33.17269,30.31615,31.13953
1994-10-25,431.61285,1189.86846,877.84221,32.982,30.14388,30.96197
1994-10-26,432.75047,1193.08457,880.19736,33.15665,30.30562,31.12744
1994-10-27,435.78127,1201.52295,886.4046,33.37584,30.50812,31.33478
1994-10-28,443.38058,1222.56537,901.90849,33.94198,31.02803,31.86803
1994-10-31,442.00014,1218.83993,899.14237,34.21774,31.28237,32.12857
1994-11-01,438.38943,1208.96487,891.83956,33.6333,30.75034,31.58146
1994-11-02,436.89639,1204.92751,888.84364,33.50044,30.63088,31.45815
1994-11-03,438.16862,1208.51731,891.47391,34.01229,31.10129,31.94052
1994-11-04,433.22098,1194.95311,881.45016,33.80461,30.91343,31.74697
1994-11-07,433.54448,1195.92493,882.14953,33.64537,30.76985,31.59889
1994-11-08,436.4277,1203.96078,888.05885,33.86645,30.97422,31.8081
1994-11-09,436.25155,1203.55468,887.74175,34.20417,31.2854,32.12696
1994-11-10,435.44474,1201.40847,886.1412,34.07018,31.1649,32.00258
1994-11-11,433.66431,1196.57584,882.55921,34.00675,31.10892,31.94448
1994-11-14,436.81997,1205.36594,889.02428,34.5578,31.61546,32.46387
1994-11-15,436.09235,1203.43795,887.58473,34.47524,31.542,32.3878
1994-11-16,436.44443,1204.48963,888.34278,34.81422,31.85447,32.70794
1994-11-17,434.81769,1200.08,885.07303,34.54972,31.61459,32.46098
1994-11-18,433.08404,1195.37472,881.58534,34.55459,31.62114,32.46706
1994-11-21,429.76937,1186.3057,874.87941,34.39073,31.47327,32.3146
1994-11-22,422.10598,1165.23495,859.32195,33.59133,30.74409,31.5652
1994-11-23,422.31142,1165.87956,859.7803,33.56415,30.72125,31.54112
1994-11-24,422.31142,1165.95695,859.82036,33.76916,30.91107,31.73534
1994-11-25,424.64911,1172.49086,864.62116,33.96992,31.09702,31.92558
1994-11-28,426.74065,1178.3457,868.92107,34.27688,31.3803,32.21571
1994-11-29,427.50103,1180.52408,870.51011,34.25388,31.36131,32.19559
1994-11-30,425.96288,1176.35475,867.41848,34.28734,31.39404,32.22854
1994-12-01,421.44046,1163.94503,858.25036,33.86501,31.00953,31.83314
1994-12-02,425.33028,1174.76996,866.21423,34.32365,31.43189,32.26599
1994-12-05,425.47367,1175.24408,866.54666,34.37195,31.47822,32.31291
1994-12-06,425.34546,1174.96788,866.32588,34.2124,31.33417,32.1644
1994-12-07,423.60279,1170.23184,862.8168,34.06106,31.19763,32.02361
1994-12-08,418.14708,1155.23995,851.74568,33.79676,30.95763,31.77662
1994-12-09,419.46759,1158.96605,854.47579,33.97061,31.11904,31.94164
1994-12-12,421.82056,1165.54654,859.30996,34.12176,31.25966,32.08532
1994-12-13,422.78257,1168.28284,861.31014,34.18268,31.31757,32.14411
1994-12-14,427.55027,1181.54109,871.06631,34.53971,31.64701,32.48153
1994-12-15,427.93278,1182.67682,871.88632,34.55071,31.65919,32.49339
1994-12-16,430.85751,1190.8416,877.88754,34.76112,31.85423,32.69288
1994-12-19,429.96048,1188.44115,876.10061,34.81176,31.90277,32.74205
1994-12-20,429.25943,1186.58208,874.71285,34.66638,31.77163,32.60681
1994-12-21,431.87957,1193.90634,880.09414,34.87798,31.9678,32.80746
1994-12-22,431.53597,1193.03561,879.43489,35.03177,32.11098,32.95372
1994-12-23,432.35028,1195.36666,881.13567,35.03704,32.11793,32.96021
1994-12-26,432.35028,1195.44601,881.17673,NA,NA,NA
1994-12-27,434.44142,1201.30945,885.48083,35.22686,32.29631,33.14192
1994-12-28,432.72696,1196.64827,882.0276,35.06467,32.14974,32.99086
1994-12-29,433.25995,1198.20197,883.15527,34.72666,31.84201,32.67442
1994-12-30,431.26437,1192.76259,879.12863,34.4122,31.55582,32.38009
1995-01-02,431.26437,1192.84177,879.16959,34.60343,31.7334,32.56163
1995-01-03,431.03835,1192.29567,878.74972,34.54013,31.67744,32.50357
1995-01-04,432.55097,1196.56025,881.87513,34.69816,31.82456,32.65386
1995-01-05,432.13358,1195.48489,881.06516,34.58274,31.72079,32.54674
1995-01-06,432.97112,1197.88192,882.81419,34.59618,31.73523,32.56091
1995-01-09,432.68752,1197.17669,882.277,34.7517,31.88009,32.70886
1995-01-10,433.61111,1199.81231,884.20174,34.43713,31.59366,32.41433
1995-01-11,433.25022,1198.89321,883.50695,34.40568,31.56689,32.38623
1995-01-12,433.19551,1198.82137,883.43653,34.39856,31.56244,32.38103
1995-01-13,437.46217,1210.71369,892.18157,34.69527,31.83699,32.66199
1995-01-16,440.98347,1220.54362,899.40674,34.94631,32.06964,32.89998
1995-01-17,441.43187,1221.86602,900.36334,34.86647,31.99848,32.82632
1995-01-18,440.78422,1220.15423,899.08419,34.78174,31.92281,32.74806
1995-01-19,438.35149,1213.5012,894.16403,34.72373,31.87166,32.69495
1995-01-20,436.36828,1208.09152,890.16025,34.16695,31.36291,32.17235
1995-01-23,437.30971,1210.77882,892.12256,34.20793,31.40262,32.21245
1995-01-24,437.46363,1211.28543,892.47817,34.12211,31.3259,32.13312
1995-01-25,439.01597,1215.66549,895.68743,34.17803,31.37935,32.1873
1995-01-26,439.62922,1217.44475,896.98055,34.44974,31.63108,32.44482
1995-01-27,441.97995,1224.03774,901.8198,34.66715,31.83294,32.65118
1995-01-30,440.51015,1220.04828,898.86273,34.483,31.66595,32.47926
1995-01-31,442.20871,1224.83522,902.37134,34.56361,31.74211,32.55672
1995-02-01,442.49247,1225.70267,902.99252,34.8941,32.04797,32.86971
1995-02-02,444.71567,1231.94452,907.57261,34.90961,32.06434,32.88585
1995-02-03,450.34713,1247.63377,919.11126,35.39979,32.51704,33.34939
1995-02-06,452.90965,1254.81843,924.3853,35.87405,32.95518,33.79798
1995-02-07,452.69071,1254.29502,923.98146,35.8596,32.94408,33.78593
1995-02-08,452.94503,1255.08309,924.54367,35.89422,32.97809,33.82014
1995-02-09,452.00564,1252.56317,922.66916,35.77358,32.86941,33.70802
1995-02-10,452.77455,1254.77763,924.28201,35.81712,32.9116,33.75062
1995-02-13,453.05728,1255.64464,924.90233,35.59857,32.71296,33.54625
1995-02-14,453.93036,1258.14839,926.72813,35.7444,32.84923,33.6853
1995-02-15,455.8705,1263.6112,930.73318,35.63994,32.75539,33.58841
1995-02-16,456.54079,1265.5535,932.14529,35.41601,32.55175,33.37893
1995-02-17,453.58466,1257.44331,926.15321,35.02621,32.19571,33.01316
1995-02-20,453.58466,1257.52678,926.19636,34.80996,31.99908,32.81088
1995-02-21,453.67795,1257.86894,926.43003,34.90988,32.0931,32.90663
1995-02-22,456.07966,1264.61388,931.37885,35.1415,32.30832,33.1266
1995-02-23,458.14827,1270.43568,935.64768,35.20697,32.37068,33.18988
1995-02-24,458.9252,1272.675,937.27825,35.22808,32.39224,33.21133
1995-02-27,455.31689,1262.75374,929.95292,34.83944,32.03712,32.84655
1995-02-28,458.69298,1272.20446,936.89363,35.19925,32.37037,33.18748
1995-03-01,457.01332,1267.63013,933.50644,35.07035,32.25396,33.06748
1995-03-02,456.56408,1266.46802,932.63222,34.94577,32.14149,32.95153
1995-03-03,456.97505,1267.69235,933.51531,34.71747,31.93365,32.7378
1995-03-06,456.79686,1267.28211,933.19475,33.74091,31.03793,31.81876
1995-03-07,453.39072,1257.91723,926.28011,33.45159,30.77388,31.54743
1995-03-08,454.56102,1261.24865,928.71469,33.30779,30.64361,31.41326
1995-03-09,454.4217,1260.94574,928.47328,33.6135,30.92712,31.7032
1995-03-10,460.51775,1277.95297,940.97606,34.5457,31.78742,32.5843
1995-03-13,460.66986,1278.46001,941.33076,34.4021,31.65737,32.45035
1995-03-14,463.69439,1286.94188,947.5566,34.6807,31.91604,32.7148
1995-03-15,462.52722,1283.7877,945.21553,34.61449,31.8572,32.65385
1995-03-16,465.80428,1292.97235,951.9584,34.29792,31.56801,32.35677
1995-03-17,465.80171,1293.05103,951.99749,34.51245,31.7677,32.56076
1995-03-20,466.69359,1295.61339,953.86502,34.8334,32.06546,32.86524
1995-03-21,465.39639,1292.09791,951.25801,34.62607,31.87673,32.67115
1995-03-22,465.95799,1293.74328,952.45044,34.89251,32.12431,32.9242
1995-03-23,465.89079,1293.64254,952.35745,34.67862,31.92952,32.72391
1995-03-24,470.66213,1306.98294,962.15824,35.12961,32.3472,33.15123
1995-03-27,472.66784,1312.6413,966.30427,35.368,32.56902,33.37786
1995-03-28,473.42725,1314.83792,967.90207,35.12248,32.3451,33.14772
1995-03-29,472.86684,1313.36859,966.80134,34.66207,31.92336,32.71482
1995-03-30,471.58783,1309.90313,964.23126,35.11864,32.34631,33.14751
1995-03-31,470.03505,1305.67681,961.1012,34.44421,31.72751,32.51266
1995-04-03,471.44485,1309.68087,964.02927,34.41148,31.69945,32.48326
1995-04-04,474.73686,1318.91671,970.8077,34.80693,32.06613,32.85828
1995-04-05,475.07331,1319.93919,971.54105,34.58895,31.86743,32.65402
1995-04-06,475.42388,1321.00107,972.30338,34.6916,31.96418,32.75249
1995-04-07,475.4649,1321.20274,972.43257,34.67656,31.95243,32.73981
1995-04-10,476.42569,1323.961,974.44329,35.23848,32.47271,33.27215
1995-04-11,475.30717,1320.94033,972.20084,35.32866,32.55802,33.35888
1995-04-12,476.78516,1325.13682,975.2699,35.27835,32.51379,33.31291
1995-04-13,478.7486,1330.68367,979.33254,35.3411,32.57381,33.37374
1995-04-14,478.7486,1330.77201,979.37817,NA,NA,NA
1995-04-17,476.00713,1323.24009,973.81566,NA,NA,NA
1995-04-18,474.93541,1320.34843,971.66839,34.3827,31.69695,32.47337
1995-04-19,474.43917,1319.05632,970.69831,34.38732,31.70331,32.47924
1995-04-20,474.8498,1320.28577,971.58381,34.61885,31.91903,32.69955
1995-04-21,477.49333,1327.7263,977.03937,35.06923,32.33673,33.12671
1995-04-24,481.78068,1339.74106,985.86024,34.97103,32.2483,33.03548
1995-04-25,481.16336,1338.11314,984.64286,34.89529,32.18057,32.96544
1995-04-26,481.86393,1340.15074,986.12262,35.32684,32.581,33.37489
1995-04-27,482.9333,1343.21466,988.35745,35.28412,32.54373,33.33606
1995-04-28,483.8422,1345.83249,990.26397,35.46129,32.70942,33.50509
1995-05-01,483.30971,1344.44048,989.22018,NA,NA,NA
1995-05-02,483.8715,1346.09285,990.41631,35.38161,32.64022,33.43289
1995-05-03,489.31458,1361.33137,1001.60722,35.71847,32.95339,33.75293
1995-05-04,489.59231,1362.19457,1002.22247,35.69366,32.93266,33.73104
1995-05-05,489.30851,1361.49524,1001.68814,35.64915,32.89377,33.69055
1995-05-08,492.83464,1371.40099,1008.95536,35.7259,32.9668,33.76467
1995-05-09,492.72831,1371.19611,1008.78467,35.80537,33.04236,33.84138
1995-05-10,493.61627,1373.75887,1010.64998,36.04051,33.26171,34.06531
1995-05-11,494.32529,1375.82378,1012.14899,36.73112,33.90175,34.71999
1995-05-12,494.80247,1377.24353,1013.17336,37.44647,34.56473,35.39814
1995-05-15,496.61682,1382.38674,1016.93655,37.58957,34.69919,35.53512
1995-05-16,497.08338,1383.77751,1017.93946,37.82604,34.91994,35.76043
1995-05-17,495.98919,1380.8231,1015.74605,37.45259,34.57756,35.40908
1995-05-18,488.53038,1360.15306,1000.52016,37.19248,34.33972,35.16482
1995-05-19,488.45958,1360.04621,1000.42177,37.02065,34.18332,35.00398
1995-05-22,492.93304,1372.59759,1009.6333,37.5801,34.70256,35.53487
1995-05-23,497.68128,1385.91625,1019.40874,37.75161,34.86334,35.69878
1995-05-24,497.79518,1386.32548,1019.68957,37.92428,35.02523,35.8638
1995-05-25,497.74591,1386.28027,1019.63614,NA,NA,NA
1995-05-26,492.96839,1373.0677,1009.89759,36.00391,33.25698,34.0516
1995-05-29,492.96839,1373.15885,1009.94464,36.10322,33.35097,34.14714
1995-05-30,492.83351,1372.8742,1009.71532,36.10411,33.35399,34.14957
1995-05-31,501.77492,1397.88518,1028.08759,36.66618,33.87586,34.68308
1995-06-01,502.08627,1398.84556,1028.77353,37.73601,34.86714,35.69711
1995-06-02,501.42005,1397.08206,1027.45627,37.18236,34.35806,35.17516
1995-06-05,504.40008,1405.48107,1033.61211,NA,NA,NA
1995-06-06,504.56613,1406.03713,1034.00058,37.49207,34.64901,35.47157
1995-06-07,502.25493,1399.68996,1029.31242,37.2724,34.4483,35.26539
1995-06-08,501.36533,1397.30348,1027.53713,37.30503,34.48074,35.29791
1995-06-09,497.18422,1385.74442,1019.01641,36.67445,33.90041,34.70306
1995-06-12,500.04024,1393.79967,1024.91905,37.00461,34.20808,35.01726
1995-06-13,504.87216,1407.36647,1034.87368,37.20523,34.39594,35.20883
1995-06-14,505.16494,1408.27622,1035.52213,37.33604,34.51923,35.33431
1995-06-15,506.07718,1410.91348,1037.44069,37.49374,34.66741,35.48526
1995-06-16,508.48946,1417.73484,1042.43535,37.58175,34.75114,35.57025
1995-06-19,513.58389,1432.0392,1052.93105,37.78486,34.94138,35.76423
1995-06-20,513.51209,1431.93401,1052.83288,37.66955,34.83704,35.65674
1995-06-21,513.45529,1431.87066,1052.76548,37.66257,34.83289,35.65179
1995-06-22,519.85379,1449.81752,1065.93798,37.9083,35.06264,35.88618
1995-06-23,518.3258,1445.6521,1062.85443,38.05108,35.19711,36.02307
1995-06-26,513.08548,1431.13398,1052.15924,37.4871,34.67793,35.49095
1995-06-27,510.9844,1425.36836,1047.89962,37.33081,34.53564,35.34462
1995-06-28,513.34338,1432.04559,1052.78732,37.61785,34.80368,35.61818
1995-06-29,512.63402,1430.16153,1051.38145,37.65857,34.84367,35.6584
1995-06-30,513.16015,1431.72464,1052.50968,37.50371,34.70268,35.51341
1995-07-03,515.38439,1438.02749,1057.12182,37.57681,34.77265,35.58431
1995-07-04,515.38439,1438.12295,1057.17107,37.54059,34.74143,35.55165
1995-07-05,515.89173,1439.63444,1058.26119,37.65292,34.84775,35.65973
1995-07-06,521.98097,1456.73033,1070.8055,38.01263,35.18323,36.00225
1995-07-07,523.64375,1461.46895,1074.26722,38.1705,35.33178,36.15351
1995-07-10,524.34753,1463.53067,1075.76135,38.43857,35.58244,36.40923
1995-07-11,522.35919,1458.07791,1071.73208,38.45351,35.59863,36.42507
1995-07-12,528.06515,1474.10914,1083.49269,38.91146,36.02527,36.8608
1995-07-13,528.65274,1475.84769,1084.74902,38.95768,36.07047,36.90631
1995-07-14,527.82209,1473.62644,1083.095,38.51509,35.66317,36.48882
1995-07-17,530.611,1481.51348,1088.86979,38.89193,36.01474,36.84772
1995-07-18,526.59561,1470.40122,1080.68091,38.51141,35.66483,36.48897
1995-07-19,518.88447,1448.97069,1064.90829,37.84324,35.04865,35.85776
1995-07-20,521.49441,1456.35772,1070.31565,37.85374,35.06069,35.86938
1995-07-21,521.52013,1456.52623,1070.41831,38.00161,35.20007,36.01123
1995-07-24,524.14393,1463.95347,1075.85491,38.11082,35.30362,36.11644
1995-07-25,528.75313,1476.9298,1085.36865,38.47443,35.64306,36.46289
1995-07-26,529.13321,1478.08975,1086.19955,38.65383,35.81173,36.63469
1995-07-27,532.59355,1487.85783,1093.35545,38.71374,35.86963,36.69319
1995-07-28,530.37907,1481.77005,1088.86023,38.53281,35.70435,36.5234
1995-07-31,529.62258,1479.75468,1087.35777,38.29942,35.49046,36.30388
1995-08-01,527.43411,1473.73825,1082.91528,38.31319,35.50557,36.31862
1995-08-02,526.33335,1470.76008,1080.70554,38.27568,35.47315,36.28474
1995-08-03,526.15486,1470.35885,1080.38935,38.3507,35.54507,36.35757
1995-08-04,526.78903,1472.22911,1081.7421,38.47114,35.65912,36.47349
1995-08-07,527.99482,1475.69764,1084.26904,38.6425,35.82043,36.63773
1995-08-08,528.17309,1476.29396,1084.6857,38.88732,36.04991,36.87167
1995-08-09,527.678,1475.00794,1083.71941,38.83923,36.00769,36.82777
1995-08-10,525.96293,1470.3115,1080.24744,38.74202,35.91993,36.73729
1995-08-11,523.60403,1463.81481,1075.45292,39.10489,36.25902,37.08329
1995-08-14,527.5507,1474.95001,1083.61158,39.44463,36.57668,37.40737
1995-08-15,526.47614,1472.04332,1081.45473,39.70584,36.82151,37.65695
1995-08-16,527.85251,1475.99056,1084.33296,40.44321,37.50826,38.35839
1995-08-17,526.85889,1473.30989,1082.34222,40.64935,37.70205,38.55578
1995-08-18,526.7816,1473.19151,1082.23385,40.38637,37.46065,38.30814
1995-08-21,525.56073,1469.87473,1079.77593,40.27705,37.3617,38.20621
1995-08-22,527.18671,1474.52125,1083.1676,40.66505,37.72438,38.57624
1995-08-23,524.7649,1467.84537,1078.24215,40.41159,37.49174,38.33759
1995-08-24,524.86454,1468.22157,1078.49715,40.68728,37.75019,38.60105
1995-08-25,527.64587,1476.10219,1084.26396,40.49373,37.5731,38.41921
1995-08-28,525.95812,1471.47843,1080.8462,40.0357,37.1507,37.98651
1995-08-29,527.07581,1474.70394,1083.19386,40.32079,37.41791,38.25892
1995-08-30,527.93388,1477.20326,1085.00807,40.58878,37.66927,38.51512
1995-08-31,528.69123,1479.421,1086.61542,40.33754,37.43859,38.2785
1995-09-01,530.02265,1483.24596,1089.40306,40.54306,37.63196,38.47541
1995-09-04,530.02265,1483.34442,1089.45382,40.34822,37.45358,38.29228
1995-09-05,534.4588,1495.86334,1098.6257,40.82516,37.89914,38.74695
1995-09-06,535.91075,1500.02764,1101.66213,41.2182,38.26681,39.12199
1995-09-07,536.02442,1500.44544,1101.94716,41.20758,38.25948,39.11372
1995-09-08,538.11252,1506.39204,1106.29218,41.53066,38.56222,39.42238
1995-09-11,539.28993,1509.78902,1108.76482,41.24231,38.29704,39.1505
1995-09-12,541.60517,1516.3732,1113.5777,41.5423,38.57835,39.43725
1995-09-13,544.27428,1523.94947,1119.11884,41.95017,38.95998,39.8265
1995-09-14,548.78543,1536.687,1128.44936,42.37103,39.35373,40.22813
1995-09-15,548.68249,1536.50072,1128.29026,42.45321,39.4327,40.30805
1995-09-18,548.39307,1535.79208,1127.74759,42.34407,39.33392,40.20628
1995-09-19,549.90304,1540.12403,1130.90599,42.49073,39.47284,40.34747
1995-09-20,552.69056,1548.03618,1136.69283,42.53543,39.517,40.3918
1995-09-21,549.07126,1538.00202,1129.30236,41.47681,38.53657,39.38873
1995-09-22,548.13622,1535.4847,1127.4317,40.88732,37.9916,38.83088
1995-09-25,548.64981,1537.02567,1128.54077,40.94739,38.04996,38.88976
1995-09-26,549.02962,1538.19195,1129.37472,41.23896,38.32362,39.16863
1995-09-27,548.48744,1536.77487,1128.31197,40.95083,38.05842,38.8968
1995-09-28,552.61909,1548.45782,1136.8663,41.0751,38.1765,39.0167
1995-09-29,551.427,1545.22003,1134.46671,41.04862,38.15441,38.99335
1995-10-02,548.92448,1538.30993,1129.37104,41.05837,38.166,39.00442
1995-10-03,550.12897,1541.78846,1131.90229,41.2238,38.32241,39.16346
1995-10-04,549.63826,1540.51536,1130.94529,41.21218,38.31414,39.15424
1995-10-05,550.12488,1541.98182,1131.99943,41.20149,38.30673,39.1459
1995-10-06,550.06321,1541.9113,1131.92526,40.92229,38.04969,38.88245
1995-10-09,546.13068,1530.99077,1123.88592,40.56214,37.71739,38.5421
1995-10-10,545.0608,1528.09287,1121.73643,40.57779,37.73445,38.55877
1995-10-11,546.79638,1533.0616,1125.36132,40.83389,37.97528,38.80404
1995-10-12,550.49839,1543.54684,1133.03494,40.98571,38.11907,38.95018
1995-10-13,552.01002,1547.88905,1136.19962,41.20444,38.32518,39.15997
1995-10-16,551.23034,1545.80524,1134.64762,41.01222,38.14892,38.9791
1995-10-17,554.12584,1554.03064,1140.66209,41.30587,38.4248,39.26015
1995-10-18,555.38422,1557.6639,1143.30611,41.4563,38.56737,39.40502
1995-10-19,558.51144,1566.54138,1149.79872,41.53507,38.64325,39.48175
1995-10-20,555.74967,1558.89902,1144.16669,41.118,38.25785,39.08719
1995-10-23,553.81576,1553.57759,1140.23839,40.58972,37.769,38.58693
1995-10-24,555.47504,1558.33683,1143.70852,40.70526,37.87907,38.6986
1995-10-25,551.20771,1546.46943,1134.97591,40.57111,37.75672,38.57285
1995-10-26,546.22878,1532.60449,1124.7775,40.19561,37.40982,38.21767
1995-10-27,548.71187,1539.6757,1129.94426,40.16471,37.38354,38.19007
1995-10-30,551.87609,1548.66,1136.51459,40.77613,37.95553,38.77351
1995-10-31,550.18859,1544.02711,1133.09223,40.69736,37.8847,38.7004
1995-11-01,552.82033,1551.51786,1138.56635,40.90435,38.08003,38.89913
1995-11-02,558.1989,1566.72274,1149.70027,41.44593,38.58714,39.41625
1995-11-03,559.23185,1569.72676,1151.88178,41.57605,38.71092,39.54189
1995-11-06,557.50979,1564.99699,1148.38829,41.20478,38.36784,39.19065
1995-11-07,555.88983,1560.55316,1145.10477,41.178,38.34543,39.16699
1995-11-08,560.92551,1574.79956,1155.53449,41.50407,38.65185,39.47913
1995-11-09,562.82777,1580.24642,1159.50796,41.81175,38.94117,39.77379
1995-11-10,562.17322,1578.51329,1158.21338,41.54319,38.69363,39.52018
1995-11-13,561.62297,1577.07284,1157.13361,41.47757,38.63505,39.45957
1995-11-14,558.516,1568.4531,1150.78619,41.47261,38.63299,39.45669
1995-11-15,563.26119,1581.88854,1160.61984,41.44898,38.61352,39.43603
1995-11-16,566.29542,1590.51818,1166.92767,41.7254,38.87378,39.701
1995-11-17,568.19398,1595.95785,1170.89516,41.79319,38.93955,39.76737
1995-11-20,565.64704,1588.9098,1165.70113,41.95455,39.09258,39.92283
1995-11-21,568.60745,1597.33416,1171.8579,42.01235,39.14904,39.9797
1995-11-22,566.75067,1592.22386,1168.08569,41.84997,39.0003,39.82702
1995-11-23,566.75067,1592.32956,1168.14011,41.90037,39.04987,39.87685
1995-11-24,568.21392,1596.54758,1171.21108,42.07505,39.21537,40.04503
1995-11-27,569.44087,1600.10198,1173.79517,42.44427,39.56236,40.39849
1995-11-28,573.84922,1612.60056,1182.93945,42.97177,40.05705,40.90272
1995-11-29,575.12008,1616.27992,1185.61484,43.16237,40.2375,41.08613
1995-11-30,573.39427,1611.53682,1182.11217,43.09541,40.17772,41.02429
1995-12-01,574.99968,1616.15721,1185.47768,43.54597,40.60077,41.45533
1995-12-04,581.24938,1633.83856,1198.42199,43.70251,40.74951,41.60635
1995-12-05,584.76496,1643.83277,1205.72819,43.89627,40.933,41.79284
1995-12-06,587.32722,1651.14718,1211.06879,44.17639,41.19712,42.06163
1995-12-07,583.32294,1640.00013,1202.86868,43.88865,40.93152,41.78962
1995-12-08,584.44131,1643.25413,1205.23136,44.19625,41.22132,42.08461
1995-12-11,586.18157,1648.25776,1208.87704,44.21211,41.23885,42.10167
1995-12-12,585.21977,1645.66242,1206.9497,44.21767,41.24676,42.10892
1995-12-13,587.65474,1652.62126,1212.02899,44.5559,41.56524,42.43315
1995-12-14,583.06457,1639.82324,1202.61879,44.08196,41.12597,41.98383
1995-12-15,582.03636,1637.04001,1200.55389,43.87251,40.93327,41.78629
1995-12-18,572.96709,1611.64476,1181.90514,43.03367,40.15365,40.98951
1995-12-19,577.95785,1625.79578,1192.25811,43.3356,40.43826,41.27917
1995-12-20,571.68287,1608.25431,1179.37025,43.01616,40.14287,40.97682
1995-12-21,575.56843,1619.29621,1187.44323,43.2522,40.36596,41.20368
1995-12-22,577.38876,1624.52663,1191.25489,43.44217,40.54605,41.38666
1995-12-25,577.38876,1624.63447,1191.31039,NA,NA,NA
1995-12-26,579.73413,1631.34387,1196.20618,NA,NA,NA
1995-12-27,580.09039,1632.45489,1196.99714,43.40604,40.52036,41.35799
1995-12-28,579.73383,1631.55967,1196.31706,43.30348,40.42728,41.26218
1995-12-29,581.07065,1635.43132,1199.13199,43.39674,40.51707,41.35299
1996-01-01,581.07065,1635.53988,1199.18786,NA,NA,NA
1996-01-02,586.36679,1650.56194,1210.17695,43.67936,40.78648,41.62627
1996-01-03,586.81814,1651.94231,1211.16501,43.92283,41.0167,41.86036
1996-01-04,583.50862,1642.73555,1204.39084,43.92618,41.02254,41.86549
1996-01-05,582.35558,1639.59818,1202.06688,43.70205,40.81593,41.65381
1996-01-08,584.22416,1644.9696,1205.98076,43.77872,40.89028,41.72885
1996-01-09,574.87259,1618.75268,1186.73546,43.20982,40.36179,41.18865
1996-01-10,565.31945,1591.9648,1167.07232,42.34917,39.56087,40.37042
1996-01-11,569.52916,1603.93003,1175.81988,42.6028,39.80059,40.61419
1996-01-12,569.01333,1602.58359,1174.8096,42.78907,39.97736,40.79374
1996-01-15,566.62467,1595.96236,1169.93255,42.59314,39.79693,40.60883
1996-01-16,574.658,1618.70584,1186.57927,43.49997,40.64747,41.47573
1996-01-17,572.62291,1613.08059,1182.4323,43.50351,40.65348,41.48104
1996-01-18,574.41929,1618.24967,1186.19762,43.83326,40.96456,41.79756
1996-01-19,578.17568,1628.94369,1194.01208,44.30927,41.41248,42.25365
1996-01-22,579.86866,1633.82309,1197.56472,44.58863,41.67652,42.52216
1996-01-23,579.44552,1632.73913,1196.74653,44.42738,41.52853,42.37034
1996-01-24,585.66298,1650.37476,1209.64744,45.2183,42.27115,43.127
1996-01-25,582.64378,1641.97639,1203.46788,44.74946,41.83576,42.68193
1996-01-26,587.12382,1654.716,1212.78026,45.41321,42.45955,43.31733
1996-01-29,589.56194,1661.69965,1217.87423,45.7387,42.76691,43.62998
1996-01-30,595.20674,1677.72699,1229.59513,46.02754,43.04002,43.90767
1996-01-31,600.79859,1693.60717,1241.20775,46.55161,43.53331,44.40992
1996-02-01,603.00976,1699.95477,1245.83475,46.53201,43.51786,44.39329
1996-02-02,600.42427,1692.77869,1240.55104,46.33978,43.34094,44.21194
1996-02-05,605.66811,1707.68136,1251.44649,46.39446,43.39497,44.26618
1996-02-06,610.06805,1720.20536,1260.59861,46.54996,43.54338,44.41667
1996-02-07,613.28488,1729.39336,1267.30607,46.97058,43.94003,44.8203
1996-02-08,619.12134,1745.97353,1279.42939,47.4546,44.39609,45.2845
1996-02-09,619.18407,1746.26638,1279.61866,47.3117,44.26532,45.15022
1996-02-12,623.61514,1758.88412,1288.83817,47.74315,44.67223,45.56428
1996-02-13,623.16951,1757.74381,1287.97714,47.74998,44.68158,45.57292
1996-02-14,618.93556,1745.91856,1279.28665,47.278,44.24298,45.12464
1996-02-15,615.7708,1737.10723,1272.80501,46.99605,43.98205,44.85763
1996-02-16,612.51082,1728.02614,1266.12596,46.6566,43.6673,44.53572
1996-02-19,612.51082,1728.14085,1266.18496,46.09884,43.14832,44.0055
1996-02-20,606.0325,1709.97974,1252.85307,45.82195,42.892,43.74322
1996-02-21,612.95951,1729.64745,1267.23623,46.42433,43.45914,44.32062
1996-02-22,622.71403,1757.30075,1287.46853,47.05064,44.04879,44.92094
1996-02-23,623.3811,1759.30032,1288.90792,47.21,44.20099,45.07524
1996-02-26,615.13064,1736.13623,1271.9111,46.29957,43.35187,44.20832
1996-02-27,612.17189,1727.90071,1265.85252,46.19369,43.25557,44.10926
1996-02-28,609.694,1721.02121,1260.78762,46.1201,43.18951,44.04103
1996-02-29,606.03777,1710.81509,1253.28581,46.28199,43.34407,44.19774
1996-03-01,609.42081,1720.48238,1260.34215,46.7439,43.77987,44.64115
1996-03-04,615.64949,1738.1889,1273.28638,47.05261,44.07212,44.9382
1996-03-05,620.95117,1753.27912,1284.3139,47.61343,44.60076,45.47621
1996-03-06,617.032,1742.32997,1276.26793,47.25757,44.27039,45.13845
1996-03-07,618.86399,1747.62029,1280.11751,47.55736,44.55437,45.42705
1996-03-08,600.27659,1695.2602,1241.73606,46.02814,43.12535,43.96894
1996-03-11,605.84541,1711.10666,1253.31709,46.54965,43.61721,44.46943
1996-03-12,602.91785,1702.95184,1247.31923,46.36825,43.4501,44.29819
1996-03-13,604.37936,1707.19415,1250.40154,46.15175,43.25009,44.0934
1996-03-14,606.49935,1713.29778,1254.84685,46.30284,43.39463,44.23986
1996-03-15,607.89236,1717.34775,1257.78803,46.46698,43.55144,44.39882
1996-03-18,618.23909,1746.70618,1279.26214,47.24685,44.28581,45.14644
1996-03-19,617.09609,1743.59251,1276.95649,47.29567,44.33453,45.19521
1996-03-20,615.36459,1738.81561,1273.43283,46.99061,44.05151,44.90579
1996-03-21,614.33198,1736.01289,1271.35512,47.01045,44.07303,44.92685
1996-03-22,615.87957,1740.5027,1274.61776,47.21349,44.26644,45.12307
1996-03-25,615.46861,1739.45665,1273.82653,47.11211,44.17429,45.02826
1996-03-26,618.38267,1747.81088,1279.91858,47.33886,44.38998,45.24718
1996-03-27,614.30101,1736.39088,1271.5303,47.29925,44.35575,45.2114
1996-03-28,614.50421,1737.08063,1272.01022,47.06397,44.13804,44.9886
1996-03-29,611.15915,1727.74026,1265.14536,46.73488,43.83235,44.67613
1996-04-01,618.97069,1749.94845,1281.38004,47.48382,44.53821,45.39453
1996-04-02,620.35407,1753.9768,1284.30416,47.56765,44.61983,45.47681
1996-04-03,621.15773,1756.36605,1286.02808,47.59211,44.64574,45.50232
1996-04-04,621.16936,1756.51553,1286.11209,47.61157,44.66697,45.52305
1996-04-05,621.16936,1756.63213,1286.17202,NA,NA,NA
1996-04-08,609.98445,1725.12446,1263.076,NA,NA,NA
1996-04-09,607.53566,1718.31327,1258.06414,46.80035,43.91467,44.75367
1996-04-10,599.20112,1694.85812,1240.86579,46.39122,43.53373,44.36456
1996-04-11,596.68656,1687.85799,1235.71623,46.2695,43.42236,44.2502
1996-04-12,602.34509,1703.98342,1247.49597,46.68985,43.82003,44.65448
1996-04-15,607.87065,1719.73465,1259.00134,47.36492,44.457,45.30255
1996-04-16,610.52993,1727.37485,1264.56916,47.51181,44.5979,45.44521
1996-04-17,607.51967,1718.97257,1258.39304,47.27755,44.38095,45.22324
1996-04-18,609.96202,1725.99963,1263.51185,47.47138,44.56596,45.41083
1996-04-19,611.20182,1729.62342,1266.13942,47.30542,44.41308,45.25417
1996-04-22,614.06191,1737.8348,1272.12472,47.92721,45.00025,45.85142
1996-04-23,616.8336,1745.79699,1277.92739,48.20101,45.2605,46.11563
1996-04-24,615.38784,1741.82068,1274.99152,48.13016,45.19695,46.04998
1996-04-25,617.85138,1748.91158,1280.15621,48.48504,45.53345,46.39184
1996-04-26,618.66507,1751.33151,1281.90207,48.69288,45.73179,46.59296
1996-04-29,619.26412,1753.14398,1283.20328,48.36784,45.42955,46.28411
1996-04-30,619.16246,1752.97249,1283.05238,48.63068,45.67961,46.5379
1996-05-01,619.65714,1754.48971,1284.13742,NA,NA,NA
1996-05-02,609.41052,1725.59924,1262.96556,48.14975,45.23385,46.08195
1996-05-03,607.70065,1720.87182,1259.48065,47.74953,44.86091,45.7011
1996-05-06,606.80136,1718.43915,1257.67535,47.57228,44.69733,45.53355
1996-05-07,604.09713,1710.89485,1252.12904,47.34893,44.49041,45.32188
1996-05-08,610.35956,1728.75254,1265.17175,47.79781,44.91547,45.75388
1996-05-09,610.31422,1728.73885,1265.1367,47.58175,44.7154,45.54918
1996-05-10,617.06612,1747.98734,1279.19627,48.11579,45.22063,46.0628
1996-05-13,625.90281,1773.14732,1297.58062,49.24675,46.28726,47.14817
1996-05-14,630.15066,1785.3037,1306.44987,49.65657,46.67583,47.54294
1996-05-15,629.56855,1783.77279,1305.30378,49.60274,46.6283,47.4936
1996-05-16,629.60181,1783.98543,1305.43355,NA,NA,NA
1996-05-17,633.29852,1794.58252,1313.16127,49.81268,46.83195,47.69911
1996-05-20,637.74258,1807.29985,1322.4399,50.27904,47.27385,48.14814
1996-05-21,637.35116,1806.3104,1321.68977,50.38979,47.38117,48.25648
1996-05-22,642.22215,1820.24078,1331.85531,50.79944,47.7698,48.65124
1996-05-23,640.03689,1814.16769,1327.38539,50.70829,47.68722,48.56619
1996-05-24,642.52117,1821.33211,1332.60065,50.87227,47.84469,48.72557
1996-05-27,642.52117,1821.45301,1332.66274,NA,NA,NA
1996-05-28,636.81574,1805.4013,1320.89187,50.50198,47.5027,48.37538
1996-05-29,632.84813,1794.27317,1312.72395,50.19139,47.2137,48.08012
1996-05-30,637.02832,1806.24875,1321.4585,49.93804,46.97848,47.83965
1996-05-31,634.65107,1799.62791,1316.58857,49.89509,46.94117,47.80071
1996-06-03,633.2654,1795.81779,1313.77515,49.51656,46.58819,47.44031
1996-06-04,637.63978,1808.34683,1322.91399,49.98597,47.03328,47.8925
1996-06-05,643.24683,1824.37528,1334.61207,50.53041,47.54908,48.41665
1996-06-06,638.66132,1811.49167,1325.16058,50.00617,47.05902,47.91667
1996-06-07,638.70341,1811.73133,1325.30967,50.04139,47.09529,47.95265
1996-06-10,637.6381,1808.82943,1323.16074,50.2345,47.28028,48.14001
1996-06-11,636.76375,1806.46887,1321.40788,50.09327,47.15045,48.00689
1996-06-12,635.4402,1802.83358,1318.72264,50.05331,47.11595,47.97081
1996-06-13,634.78948,1801.10682,1317.43353,49.978,47.04815,47.90085
1996-06-14,632.76435,1795.48013,1313.29184,49.46162,46.56526,47.40823
1996-06-17,632.10615,1793.73139,1311.98681,49.25334,46.37223,47.21078
1996-06-18,628.35645,1783.21021,1304.26531,48.86423,46.00899,46.84003
1996-06-19,628.7679,1784.49647,1305.18023,49.02045,46.15923,46.99203
1996-06-20,629.0478,1785.4095,1305.82216,49.16719,46.30055,47.13494
1996-06-21,633.80635,1799.03959,1315.76393,49.64979,46.75843,47.60003
1996-06-24,636.09055,1805.64477,1320.56826,49.98024,47.07297,47.91923
1996-06-25,635.74635,1804.78742,1319.91513,49.96919,47.06568,47.91085
1996-06-26,631.75643,1793.58083,1311.6931,49.50895,46.63537,47.47185
1996-06-27,635.6315,1804.70559,1319.80204,49.61859,46.74179,47.57923
1996-06-28,637.35129,1809.70976,1323.4352,49.7568,46.87515,47.71402
1996-07-01,642.62024,1824.79695,1334.44083,50.13625,47.23601,48.0803
1996-07-02,640.24682,1818.17825,1329.57435,50.06245,47.16959,48.01175
1996-07-03,639.00563,1814.77385,1327.05859,50.00522,47.11876,47.95908
1996-07-04,639.00563,1814.89432,1327.12043,49.74752,46.87905,47.71415
1996-07-05,624.76106,1774.56629,1297.60293,48.78166,45.97235,46.79025
1996-07-08,619.96554,1761.06383,1287.70378,48.52684,45.73524,46.548
1996-07-09,622.04975,1767.10301,1292.09377,48.57382,45.78257,46.59524
1996-07-10,622.94365,1769.76035,1294.01109,48.6591,45.86602,46.67925
1996-07-11,613.02538,1741.70529,1273.4712,47.92249,45.17498,45.97495
1996-07-12,612.94506,1741.59265,1273.36366,47.72245,44.98937,45.78516
1996-07-15,597.8222,1698.74871,1242.0111,46.70797,44.03638,44.81429
1996-07-16,597.18802,1697.05916,1240.75129,46.09726,43.46369,44.23055
1996-07-17,602.4821,1712.22271,1251.81166,46.12163,43.48956,44.256
1996-07-18,611.98739,1739.36287,1271.62624,47.03628,44.35552,45.13616
1996-07-19,607.40541,1726.45644,1262.16518,46.63667,43.98167,44.75482
1996-07-22,602.96334,1713.94587,1252.99393,46.21611,43.58803,44.35336
1996-07-23,595.31797,1692.33051,1237.16641,45.46687,42.88454,43.63657
1996-07-24,595.71554,1693.5733,1238.0504,45.55747,42.97288,43.72558
1996-07-25,600.34712,1706.85838,1247.73647,45.64156,43.05509,43.80835
1996-07-26,604.96049,1720.09343,1257.38558,46.21769,43.60185,44.36368
1996-07-29,600.15084,1706.53324,1247.44803,45.84668,43.25476,44.00964
1996-07-30,603.94157,1717.42968,1255.38753,46.03956,43.43973,44.19693
1996-07-31,608.26301,1729.8375,1264.43132,46.13622,43.53386,44.29181
1996-08-01,618.21871,1758.27891,1285.1926,47.02937,44.38014,45.15176
1996-08-02,629.54856,1790.6344,1308.81354,48.07747,45.37283,46.1606
1996-08-05,627.57993,1785.15355,1304.78164,47.80816,45.12167,45.90418
1996-08-06,629.49921,1790.73317,1308.83363,48.21994,45.5136,46.3019
1996-08-07,631.14105,1795.52396,1312.30898,48.3457,45.63539,46.42487
1996-08-08,630.0379,1792.50447,1310.07621,48.30264,45.59775,46.38567
1996-08-09,627.66439,1785.87042,1305.20175,47.97088,45.2876,46.06923
1996-08-12,632.74827,1800.46001,1315.83737,48.27677,45.5796,46.3653
1996-08-13,627.58257,1785.88185,1305.15689,47.91242,45.23865,46.01755
1996-08-14,629.44064,1791.28944,1309.08267,48.20793,45.52087,46.30366
1996-08-15,629.2798,1790.95054,1308.80912,NA,NA,NA
1996-08-16,632.56092,1800.41102,1315.69609,48.60992,45.90676,46.69427
1996-08-19,633.73516,1803.87359,1318.20022,48.67349,45.96987,46.75753
1996-08-20,633.09622,1802.17439,1316.93248,48.65106,45.95171,46.73814
1996-08-21,632.00227,1799.17964,1314.7181,48.37771,45.69657,46.47771
1996-08-22,637.35655,1814.54806,1325.92084,49.036,46.32189,47.11266
1996-08-23,634.32851,1806.04768,1319.68324,48.61641,45.92864,46.71175
1996-08-26,631.97091,1799.45483,1314.83978,48.17629,45.51596,46.2911
1996-08-27,634.2597,1806.09344,1319.66404,48.30203,45.63784,46.41411
1996-08-28,632.7062,1801.78932,1316.4931,48.26231,45.60333,46.3781
1996-08-29,625.69793,1781.95358,1301.97338,47.72773,45.10133,45.86663
1996-08-30,620.82652,1768.19931,1291.89796,47.47414,44.86467,45.62505
1996-09-02,620.82652,1768.31668,1291.95815,47.45197,44.84668,45.60585
1996-09-03,623.37455,1775.69416,1297.32213,47.77687,45.15695,45.9204
1996-09-04,623.80654,1777.04284,1298.28175,47.74663,45.13135,45.89346
1996-09-05,617.60971,1759.50974,1285.44624,47.18039,44.59925,45.35144
1996-09-06,624.45583,1779.13936,1299.75964,47.76655,45.15673,45.91729
1996-09-09,632.00912,1800.78756,1315.54689,48.4689,45.82422,46.59496
1996-09-10,632.46212,1802.19813,1316.55127,48.86618,46.20315,46.97925
1996-09-11,635.11296,1809.87391,1322.132,49.2298,46.55028,47.3312
1996-09-12,638.8689,1820.70137,1330.01451,49.6542,46.95498,47.74166
1996-09-13,648.14367,1847.26683,1349.39132,50.3392,47.60636,48.40285
1996-09-16,651.44935,1856.81438,1356.33815,50.60395,47.86006,48.65979
1996-09-17,649.98563,1852.76527,1353.35366,50.44635,47.71415,48.51049
1996-09-18,649.21583,1850.69366,1351.81374,50.39059,47.66455,48.45911
1996-09-19,650.55442,1854.63344,1354.66451,50.41877,47.69437,48.48846
1996-09-20,653.87034,1864.2132,1361.63421,50.83222,48.08894,48.88856
1996-09-23,653.29074,1862.68424,1360.49055,50.77912,48.04188,48.83975
1996-09-24,652.39105,1860.24233,1358.68016,50.60104,47.87655,48.67072
1996-09-25,652.68254,1861.19716,1359.35062,50.46421,47.75023,48.54135
1996-09-26,652.99023,1862.19832,1360.05489,50.88465,48.15153,48.94825
1996-09-27,653.11008,1862.66378,1360.36792,50.9506,48.21715,49.01398
1996-09-30,654.55077,1866.89744,1363.43272,51.1524,48.41144,49.21048
1996-10-01,655.92913,1870.95377,1366.36793,51.16239,48.42411,49.22238
1996-10-02,660.47109,1884.03849,1375.89558,51.50439,48.75126,49.55387
1996-10-03,659.82708,1882.32622,1374.61796,51.62225,48.86611,49.66962
1996-10-04,667.60765,1904.65751,1390.89647,52.24346,49.45786,50.26997
1996-10-07,669.17675,1909.26181,1394.231,52.34122,49.55373,50.36641
1996-10-08,666.33463,1901.27942,1388.37435,51.96989,49.20548,50.01145
1996-10-09,662.15753,1889.48735,1379.73585,51.75921,49.00924,49.81101
1996-10-10,660.11171,1883.77465,1375.53711,51.64864,48.90775,49.70689
1996-10-11,666.47925,1902.07886,1388.87389,52.0349,49.27704,50.08114
1996-10-14,669.58158,1911.06208,1395.40515,52.32287,49.55321,50.36077
1996-10-15,668.75942,1908.84209,1393.75663,52.48837,49.71332,50.52247
1996-10-16,670.5419,1914.05807,1397.53721,52.66194,49.88112,50.69197
1996-10-17,673.49459,1922.6165,1403.75778,52.86846,50.08017,50.89321
1996-10-18,676.67648,1931.83067,1410.45682,53.18201,50.38072,51.19757
1996-10-21,675.71784,1929.22179,1408.5242,52.95831,50.17211,50.98458
1996-10-22,672.42818,1919.95762,1401.73257,52.57879,49.81589,50.62158
1996-10-23,671.8984,1918.57219,1400.69341,52.18828,49.44923,50.24798
1996-10-24,667.4937,1906.12268,1391.57657,51.90363,49.18279,49.97625
1996-10-25,665.64239,1900.96217,1387.78165,51.75968,49.0496,49.83994
1996-10-28,661.87866,1890.34001,1379.99953,51.35315,48.66765,49.45083
1996-10-29,666.40174,1903.38864,1389.49694,51.40758,48.72248,49.50556
1996-10-30,665.80231,1901.80262,1388.31169,51.2165,48.54457,49.32383
1996-10-31,670.23463,1914.59436,1397.62105,51.65862,48.96717,49.75214
1996-11-01,668.96801,1911.10285,1395.04474,51.70302,49.01253,49.79723
1996-11-04,672.28083,1920.69719,1402.01994,51.81633,49.12324,49.90872
1996-11-05,679.59556,1941.73225,1417.3447,52.35546,49.63801,50.43061
1996-11-06,689.88942,1971.28669,1438.88641,53.31999,50.55645,51.36251
1996-11-07,692.86969,1979.93633,1445.17086,53.20279,50.44864,51.25197
1996-11-08,695.90726,1988.75089,1451.57541,53.48203,50.71696,51.52349
1996-11-11,696.46673,1990.48214,1452.81023,53.38716,50.63032,51.43447
1996-11-12,694.26764,1984.32899,1448.29051,53.08186,50.34413,51.14272
1996-11-13,695.54422,1988.11038,1451.02153,53.34559,50.59777,51.39932
1996-11-14,700.33634,2001.94536,1461.08907,53.65028,50.89033,51.69543
1996-11-15,701.28666,2004.79545,1463.1401,53.73985,50.9787,51.78417
1996-11-18,700.30466,2002.12092,1461.1593,53.64367,50.89081,51.69388
1996-11-19,705.50099,2017.11579,1472.07239,53.91135,51.14831,51.95436
1996-11-20,706.89641,2021.24047,1475.05317,53.89637,51.13747,51.94233
1996-11-21,705.75838,2018.12028,1472.74703,53.84722,51.09421,51.89737
1996-11-22,711.03026,2033.33536,1483.8199,54.24102,51.47155,52.27952
1996-11-25,719.19117,2056.81885,1500.92514,55.22823,52.41246,53.23396
1996-11-26,717.98103,2053.49413,1498.46938,55.64441,52.8112,53.6378
1996-11-27,717.98015,2053.62792,1498.53736,55.4998,52.67741,53.50087
1996-11-28,717.98015,2053.76424,1498.60718,55.74994,52.91849,53.74461
1996-11-29,719.84759,2059.24394,1502.57565,55.95689,53.11856,53.94671
1996-12-02,719.33068,2057.90168,1501.56656,56.13,53.2865,54.11617
1996-12-03,710.46981,2032.69216,1483.14176,56.14804,53.30717,54.13608
1996-12-04,707.87901,2025.4144,1477.8023,55.91178,53.08637,53.91079
1996-12-05,706.30884,2021.05581,1474.59299,55.8147,52.99768,53.81967
1996-12-06,701.68174,2007.95039,1465.0018,54.5707,51.82049,52.62301
1996-12-09,712.30607,2038.50108,1487.25935,56.03607,53.21635,54.03917
1996-12-10,710.18675,2032.57087,1482.90342,55.87382,53.06576,53.88519
1996-12-11,704.06805,2015.19541,1470.19715,55.07033,52.30641,53.11298
1996-12-12,692.86139,1983.2589,1446.86744,54.24562,51.52683,52.32026
1996-12-13,692.11146,1981.24364,1445.36867,53.97175,51.27008,52.05852
1996-12-16,684.73825,1960.27103,1430.0395,53.86735,51.17427,51.96022
1996-12-17,690.09686,1975.74815,1441.30052,54.08093,51.3807,52.16875
1996-12-18,695.55796,1991.52093,1452.77674,54.58732,51.86559,52.65993
1996-12-19,709.26603,2030.92087,1481.48527,55.77457,52.99788,53.80828
1996-12-20,712.32208,2039.80947,1487.93921,56.0508,53.26406,54.07741
1996-12-23,710.60292,2035.02148,1484.41726,55.75022,52.98193,53.78992
1996-12-24,714.70807,2046.91731,1493.06415,56.14856,53.36429,54.17695
1996-12-25,714.70807,2047.05319,1493.13371,NA,NA,NA
1996-12-26,719.27393,2060.27161,1502.74464,NA,NA,NA
1996-12-27,719.82481,2061.98665,1503.96577,56.58223,53.78736,54.60316
1996-12-30,717.21114,2054.63621,1498.57483,56.35873,53.57843,54.39
1996-12-31,705.16036,2020.2563,1473.46846,55.23496,52.51409,53.30833
1997-01-01,705.16036,2020.3904,1473.53711,NA,NA,NA
1997-01-02,701.55591,2010.19729,1466.07378,54.72127,52.03258,52.81746
1997-01-03,712.37829,2041.35539,1488.76562,55.76031,53.02474,53.82332
1997-01-06,711.98838,2040.37341,1488.02004,56.22279,53.4684,54.27249
1997-01-07,717.97004,2057.65799,1500.59442,56.55415,53.78729,54.59503
1997-01-08,713.64353,2045.39543,1491.62191,56.54449,53.78166,54.58825
1997-01-09,719.37518,2061.96569,1503.67487,57.08154,54.29644,55.10954
1997-01-10,723.90033,2075.07815,1513.20618,57.48242,54.68164,55.49934
1997-01-13,724.00175,2075.50668,1513.48873,57.85544,55.04038,55.86226
1997-01-14,732.95983,2101.33669,1532.2917,58.52366,55.68023,56.51041
1997-01-15,731.72087,2097.92379,1529.77279,58.79289,55.94025,56.77313
1997-01-16,733.44081,2102.99573,1533.44059,58.80596,55.95639,56.78839
1997-01-17,739.70655,2121.10873,1546.61599,59.57104,56.68868,57.53027
1997-01-20,741.45233,2126.25702,1550.33897,60.38529,57.46789,58.31973
1997-01-21,746.96306,2142.20768,1561.93713,60.87954,57.94244,58.80005
1997-01-22,751.79946,2156.22555,1572.1258,61.90587,58.92383,59.79458
1997-01-23,742.80653,2130.57968,1553.39531,61.28873,58.34044,59.20136
1997-01-24,736.19179,2111.74984,1539.63549,60.35238,57.45331,58.29987
1997-01-27,731.40514,2098.16018,1529.69696,60.27708,57.38541,58.22983
1997-01-28,731.59047,2098.83121,1530.1559,60.87494,57.95883,58.8104
1997-01-29,739.03455,2120.3361,1545.80166,61.14195,58.21707,59.07122
1997-01-30,749.91644,2151.71257,1568.64232,61.94305,58.9843,59.84836
1997-01-31,752.39652,2158.97368,1573.90428,62.08,59.11869,59.98351
1997-02-03,752.99839,2160.84445,1575.23684,62.53436,59.55562,60.42555
1997-02-04,755.56388,2168.35234,1580.67833,62.56746,59.5911,60.46035
1997-02-05,744.53518,2136.85076,1557.68207,61.89435,58.9541,59.81282
1997-02-06,746.54351,2142.75835,1561.95727,62.00355,59.06207,59.92117
1997-02-07,755.74463,2169.32232,1581.28734,63.24934,60.25354,61.12852
1997-02-10,751.59657,2157.55974,1572.68191,62.54493,59.58665,60.45069
1997-02-11,756.09884,2170.63226,1582.17847,63.45208,60.45552,61.33076
1997-02-12,768.16387,2205.42964,1607.50733,64.9029,61.84279,62.73661
1997-02-13,776.51779,2229.57136,1625.06966,65.55231,62.46617,63.36761
1997-02-14,773.29644,2220.46988,1618.40375,65.46051,62.38279,63.28179
1997-02-17,773.29644,2220.61727,1618.47916,65.76675,62.67897,63.58092
1997-02-18,781.10534,2243.19891,1634.90335,66.79545,63.66428,64.57892
1997-02-19,777.75752,2233.73329,1627.97225,66.18055,63.08252,63.98751
1997-02-20,767.86377,2205.47064,1607.34103,65.10167,62.0587,62.94763
1997-02-21,766.1431,2200.67447,1603.81388,64.84937,61.82227,62.70657
1997-02-24,775.07419,2226.48611,1622.59059,65.29569,62.25217,63.14128
1997-02-25,777.24298,2232.86591,1627.20745,65.43908,62.39308,63.28294
1997-02-26,770.92197,2214.85646,1614.05054,64.82905,61.81567,62.69602
1997-02-27,760.66697,2185.54535,1592.65756,64.58633,61.5883,62.46418
1997-02-28,756.6448,2174.13408,1584.31037,64.31714,61.33564,62.20671
1997-03-03,761.1708,2187.28829,1593.86351,64.7804,61.78182,62.65789
1997-03-04,756.47693,2173.9457,1584.10923,64.89855,61.89866,62.77513
1997-03-05,766.79785,2203.76408,1605.80278,65.96847,62.924,63.81352
1997-03-06,763.62672,2194.79638,1599.23662,65.86304,62.82758,63.71448
1997-03-07,769.3134,2211.29323,1611.22391,66.26037,63.21104,64.10201
1997-03-10,777.29613,2234.39567,1628.02296,66.66716,63.60358,64.49872
1997-03-11,775.26122,2228.69407,1623.83656,66.48682,63.4357,64.32722
1997-03-12,768.55518,2209.56536,1609.86683,65.91171,62.89125,63.77383
1997-03-13,754.43715,2169.13108,1580.37335,64.34119,61.39754,62.25771
1997-03-14,757.12391,2177.00247,1586.07641,64.99381,62.02486,62.89243
1997-03-17,759.71397,2184.59676,1591.57738,64.6228,61.67489,62.53633
1997-03-18,754.80648,2170.63057,1581.37079,64.16643,61.24345,62.09763
1997-03-19,751.03297,2159.92306,1573.53875,63.72424,60.82548,61.67259
1997-03-20,747.6267,2150.27012,1566.47532,63.20033,60.32949,61.16846
1997-03-21,748.66134,2153.38936,1568.71653,63.80981,60.91573,61.76151
1997-03-24,754.82966,2171.28181,1581.71825,64.23516,61.32613,62.1763
1997-03-25,753.36801,2167.22107,1578.72891,63.95,61.05792,61.90315
1997-03-26,754.38818,2170.3004,1580.94067,64.15865,61.26131,62.10809
1997-03-27,738.73265,2125.4144,1548.21054,62.41086,59.59727,60.4196
1997-03-28,738.73265,2125.55549,1548.28268,NA,NA,NA
1997-03-31,721.70029,2076.70014,1512.66291,NA,NA,NA
1997-04-01,724.8462,2085.89355,1519.32874,60.78259,58.05426,58.85172
1997-04-02,715.98412,2060.53311,1500.82585,60.13705,57.44168,58.22953
1997-04-03,716.20075,2061.29344,1501.34993,60.14495,57.45303,58.23988
1997-04-04,723.63398,2082.83342,1517.00679,60.86811,58.14818,58.94323
1997-04-07,728.03684,2095.64927,1526.30997,62.12746,59.35597,60.16611
1997-04-08,731.40206,2105.47856,1533.43791,62.82972,60.03137,60.84938
1997-04-09,726.0013,2090.07217,1522.18678,62.46417,59.68607,60.49817
1997-04-10,723.64915,2083.439,1517.32584,62.18005,59.41851,60.22578
1997-04-11,704.37082,2028.08673,1476.98115,60.77891,58.08411,58.8719
1997-04-14,710.73919,2046.56564,1490.40767,61.25304,58.54143,59.33415
1997-04-15,721.27782,2077.06186,1512.58375,62.45738,59.69717,60.50411
1997-04-16,730.36577,2103.38253,1531.71866,63.06076,60.2783,61.09176
1997-04-17,728.70208,2098.73046,1528.30072,62.9448,60.17141,60.98223
1997-04-18,733.65269,2113.13366,1538.75768,63.06169,60.2872,61.09836
1997-04-21,728.32235,2097.92188,1527.65002,62.22755,59.494,60.29321
1997-04-22,742.12081,2137.82648,1556.67297,63.51152,60.72639,61.54069
1997-04-23,741.38559,2135.85015,1555.20316,63.70964,60.91996,61.73561
1997-04-24,739.62314,2130.91411,1551.57834,63.72554,60.9392,61.75389
1997-04-25,732.75143,2111.25951,1537.23618,63.056,60.30311,61.10804
1997-04-28,740.64238,2134.14595,1553.86739,64.20217,61.40406,62.22222
1997-04-29,761.09016,2193.23463,1596.85291,65.99798,63.12678,63.96633
1997-04-30,768.16034,2213.76323,1611.76582,66.42917,63.5437,64.38743
1997-05-01,765.01307,2204.83984,1605.23717,NA,NA,NA
1997-05-02,778.6141,2244.2045,1633.86069,67.32133,64.40623,65.25866
1997-05-05,793.98274,2288.67184,1666.1974,68.77129,65.79866,66.66793
1997-05-06,793.4327,2287.23801,1665.12063,68.69334,65.72841,66.59545
1997-05-07,781.50775,2253.01939,1640.17517,67.25166,64.35389,65.20131
1997-05-08,785.16112,2263.70506,1647.92095,NA,NA,NA
1997-05-09,790.03635,2277.91657,1658.23277,67.44754,64.54997,65.39736
1997-05-12,802.29188,2313.42113,1684.04208,68.31559,65.38566,66.24253
1997-05-13,798.21333,2301.81419,1675.55954,68.12786,65.21026,66.06354
1997-05-14,800.82735,2309.50748,1681.12604,68.47003,65.54233,66.39857
1997-05-15,805.32249,2322.62919,1690.64319,68.24806,65.33415,66.18638
1997-05-16,794.60598,2291.88055,1668.22683,67.6494,64.76546,65.60894
1997-05-19,797.71931,2301.01548,1674.84233,NA,NA,NA
1997-05-20,804.7942,2321.58446,1689.7788,68.42776,65.51982,66.37035
1997-05-21,802.50917,2315.14655,1685.0596,67.85733,64.97803,65.8202
1997-05-22,799.80133,2307.48806,1679.45217,67.87978,65.00384,65.84504
1997-05-23,810.09067,2337.34069,1701.14338,68.82445,65.91349,66.76495
1997-05-26,810.09067,2337.49585,1701.22265,68.65807,65.75848,66.60663
1997-05-27,812.36992,2344.22976,1706.08946,69.2338,66.31468,67.16855
1997-05-28,809.97868,2337.48463,1701.14681,69.13805,66.22732,67.07876
1997-05-29,807.46926,2330.39754,1695.95549,68.95982,66.06094,66.90893
1997-05-30,810.58371,2339.54372,1702.57743,69.23183,66.32606,67.17608
1997-06-02,808.03467,2332.34147,1697.30247,69.7668,66.84337,67.69857
1997-06-03,806.91633,2329.26789,1695.03225,69.70089,66.78463,67.63774
1997-06-04,802.6041,2316.97485,1686.05292,69.46288,66.56095,67.40988
1997-06-05,805.47174,2325.40974,1692.15699,69.6742,66.76798,67.61819
1997-06-06,819.59708,2366.36381,1721.92062,71.32975,68.35999,69.2288
1997-06-09,824.59542,2380.95775,1732.50483,70.86013,67.91446,68.77624
1997-06-10,826.85969,2387.65571,1737.34389,71.02362,68.07574,68.93818
1997-06-11,831.8611,2402.26189,1747.93627,71.52832,68.56438,69.43153
1997-06-12,845.05112,2440.52998,1775.74226,72.95644,69.93886,70.82172
1997-06-13,854.98512,2469.39489,1796.70643,73.97672,70.92234,71.81599
1997-06-16,855.62525,2471.40806,1798.13555,74.07781,71.024,71.9175
1997-06-17,856.37152,2473.72814,1799.7879,74.25375,71.19749,72.09172
1997-06-18,850.8831,2458.03904,1788.33738,73.45993,70.44123,71.32448
1997-06-19,859.62316,2483.46187,1806.79577,74.33216,71.28295,72.17514
1997-06-20,860.10054,2485.00619,1807.8835,74.2296,71.18927,72.07888
1997-06-23,840.77934,2429.36036,1767.36194,72.34586,69.38823,70.25367
1997-06-24,857.79781,2478.71859,1803.22985,73.7779,70.76733,71.64827
1997-06-25,850.77328,2458.58638,1788.54798,73.16732,70.18642,71.0587
1997-06-26,845.91501,2444.71033,1778.41812,72.88999,69.92499,70.79263
1997-06-27,849.15451,2454.23797,1785.31317,73.34295,70.36448,71.23608
1997-06-30,846.4583,2446.60786,1779.72749,73.51758,70.53678,71.40908
1997-07-01,852.35847,2463.83096,1792.21931,74.05624,71.05866,71.93588
1997-07-02,863.96798,2497.56889,1816.72166,75.2848,72.24311,73.13325
1997-07-03,876.24071,2533.2297,1842.62147,76.38813,73.30747,74.20903
1997-07-04,876.24071,2533.39785,1842.70733,76.27975,73.20827,74.10716
1997-07-07,871.53352,2519.9567,1832.89421,75.60848,72.56897,73.45853
1997-07-08,877.683,2537.91175,1845.91599,76.47991,73.41084,74.30906
1997-07-09,867.34809,2508.19971,1824.268,75.85541,72.81633,73.70579
1997-07-10,872.7536,2524.00393,1835.72532,76.05712,73.0149,73.90529
1997-07-11,876.38846,2534.68711,1843.45815,76.59146,73.53309,74.42823
1997-07-14,878.14982,2539.95097,1847.24972,77.91769,74.8122,75.72114
1997-07-15,885.97605,2562.7658,1863.80373,78.74021,75.60752,76.52444
1997-07-16,897.13942,2595.24207,1887.38226,79.66023,76.49664,77.42262
1997-07-17,892.34546,2581.54657,1877.38487,79.41413,76.26533,77.187
1997-07-18,877.078,2537.55744,1845.35572,78.2185,75.12255,76.02877
1997-07-21,873.60319,2527.67231,1838.13063,77.72503,74.65359,75.55265
1997-07-22,893.95101,2586.74207,1881.04372,80.17481,77.01294,77.93849
1997-07-23,895.95843,2592.72415,1885.35622,80.93901,77.75268,78.6854
1997-07-24,899.04433,2601.82911,1891.93915,81.51031,78.30706,79.24475
1997-07-25,897.52947,2597.61737,1888.83922,81.48585,78.28873,79.22464
1997-07-28,894.74048,2589.71751,1883.05762,81.65553,78.45703,79.39336
1997-07-29,900.53449,2606.66602,1895.34266,81.88741,78.68516,79.62261
1997-07-30,910.69441,2636.26116,1916.82119,83.25857,80.00891,80.96025
1997-07-31,912.32215,2641.14939,1920.3372,82.86718,79.63806,80.5834
1997-08-01,905.6049,2621.87961,1906.28823,83.01747,79.78785,80.73335
1997-08-04,908.5347,2630.53862,1912.54561,84.12659,80.85994,81.8163
1997-08-05,910.50796,2636.42815,1916.78943,84.62859,81.34817,82.30857
1997-08-06,917.11173,2655.73248,1930.78481,85.78657,82.46751,83.43925
1997-08-07,908.13491,2629.91678,1911.97739,84.66453,81.39468,82.35203
1997-08-08,890.38308,2578.6932,1874.69734,82.4225,79.24562,80.17578
1997-08-11,893.08856,2586.70231,1880.48229,82.401,79.23018,80.15858
1997-08-12,882.93117,2557.45837,1859.18453,81.67877,78.54109,79.4598
1997-08-13,879.31175,2547.14405,1851.64965,80.75798,77.66109,78.56788
1997-08-14,883.04993,2558.14545,1859.60966,80.79894,77.70564,78.61139
1997-08-15,860.40121,2492.71845,1812.0084,NA,NA,NA
1997-08-18,871.0569,2523.76953,1834.54101,78.93643,75.92506,76.80686
1997-08-19,883.44566,2559.84891,1860.72718,80.505,77.43993,78.33747
1997-08-20,895.94333,2596.24896,1887.14533,82.3548,79.22567,80.14198
1997-08-21,882.61291,2557.79903,1859.15843,81.05358,77.97959,78.87978
1997-08-22,880.03104,2550.48614,1853.80631,79.52212,76.51197,77.39348
1997-08-25,876.53766,2540.53073,1846.53366,79.54324,76.53737,77.41765
1997-08-26,869.10921,2519.17073,1830.97168,77.7976,74.86349,75.72277
1997-08-27,870.07487,2522.13766,1833.09171,78.33403,75.38504,76.2487
1997-08-28,860.6162,2494.88999,1813.25114,77.29107,74.38664,75.23727
1997-08-29,857.09613,2484.85084,1805.91901,76.68031,73.80381,74.64628
1997-09-01,857.09613,2485.01579,1806.00315,77.32154,74.42637,75.27431
1997-09-02,882.7453,2559.58015,1860.15006,80.0252,77.03518,77.91092
1997-09-03,883.49283,2561.91805,1861.8122,80.12996,77.14119,78.01657
1997-09-04,885.9053,2569.0858,1866.98388,80.46027,77.46449,78.34194
1997-09-05,884.55663,2565.34482,1864.22842,80.04895,77.0736,77.94508
1997-09-08,887.44854,2573.90476,1870.41143,79.88355,76.9194,77.78762
1997-09-09,889.62944,2580.40284,1875.09605,80.40426,77.42626,78.29854
1997-09-10,875.74211,2540.30034,1845.91632,78.85149,75.93674,76.79052
1997-09-11,869.6544,2522.81099,1833.17093,77.8393,74.96729,75.80857
1997-09-12,880.72804,2555.11744,1856.6064,78.30925,75.42519,76.27002
1997-09-15,876.67809,2543.53747,1848.15543,76.99377,74.16363,74.99268
1997-09-16,900.24991,2612.12772,1897.95001,79.77767,76.85159,77.70875
1997-09-17,897.67602,2604.83236,1892.61182,79.47067,76.56089,77.41329
1997-09-18,901.56803,2616.30284,1900.90769,79.59987,76.6905,77.5428
1997-09-19,904.14842,2623.96697,1906.43804,80.21728,77.29088,78.14818
1997-09-22,909.03096,2638.31622,1916.82458,81.26002,78.30149,79.16821
1997-09-23,906.2981,2630.55921,1911.15103,81.03786,78.09256,78.95542
1997-09-24,898.80617,2608.98995,1895.4424,79.3703,76.49145,77.33487
1997-09-25,892.04008,2589.52427,1881.26274,78.90057,76.04382,76.88077
1997-09-26,899.28678,2610.74157,1896.63772,78.9935,76.13846,76.97493
1997-09-29,907.07446,2633.5331,1913.15553,79.80611,76.92737,77.77079
1997-09-30,900.7772,2615.42585,1899.9633,79.43003,76.56992,77.4079
1997-10-01,907.44194,2634.95855,1914.1134,80.17617,77.29483,78.13904
1997-10-02,912.57719,2650.0504,1925.03747,80.52842,77.63977,78.48614
1997-10-03,917.34834,2664.08641,1935.19423,81.41047,78.496,79.34994
1997-10-06,924.32165,2684.52287,1949.99916,81.22164,78.31907,79.16954
1997-10-07,934.30715,2713.71526,1971.16259,81.69687,78.78285,79.63669
1997-10-08,926.36949,2690.84219,1954.50888,81.31424,78.41905,79.26738
1997-10-09,923.22704,2681.89247,1947.96962,80.41999,77.56203,78.39948
1997-10-10,919.4253,2671.02653,1940.03876,80.22408,77.37818,78.2121
1997-10-13,920.7883,2675.1645,1943.00567,80.63687,77.78173,78.61837
1997-10-14,922.04378,2678.99054,1945.74592,80.78285,77.92777,78.7644
1997-10-15,918.32205,2668.35466,1937.98267,80.39221,77.55606,78.38716
1997-10-16,909.29494,2642.30461,1919.02403,79.38956,76.59419,77.41336
1997-10-17,898.85601,2612.1496,1897.08461,79.00514,76.22835,77.04209
1997-10-20,908.91331,2641.56371,1918.40621,80.30617,77.48966,78.31505
1997-10-21,926.32771,2692.37462,1955.26368,82.07379,79.20164,80.04334
1997-10-22,924.21245,2686.40479,1950.88969,82.04188,79.17607,80.01592
1997-10-23,907.26949,2637.34458,1915.22118,80.09605,77.30429,78.12247
1997-10-24,898.76157,2612.79036,1897.3517,79.63859,76.86788,77.6799
1997-10-27,838.92963,2439.088,1771.16206,73.61267,71.05946,71.80776
1997-10-28,879.42521,2557.03039,1856.76182,75.59168,72.97578,73.74247
1997-10-29,878.64615,2554.93457,1855.2033,76.13133,73.50199,74.27263
1997-10-30,864.33626,2513.50115,1825.0792,73.91286,71.36601,72.11249
1997-10-31,875.14797,2545.12328,1848.00097,75.15822,72.5741,73.33152
1997-11-03,897.03562,2608.97617,1894.32099,77.73843,75.07183,75.85343
1997-11-04,898.18919,2612.50527,1896.84572,76.96195,74.32711,75.09941
1997-11-05,900.25467,2618.68817,1901.29699,77.51784,74.8693,75.64563
1997-11-06,895.94079,2606.31362,1892.27486,76.8901,74.26803,75.03662
1997-11-07,886.22278,2578.2201,1871.83984,75.25347,72.69281,73.44342
1997-11-10,880.43319,2561.54872,1859.6989,75.36158,72.80211,73.55238
1997-11-11,882.89912,2568.89538,1864.99534,74.99071,72.44862,73.1938
1997-11-12,866.6617,2521.83038,1830.78778,73.80312,71.3065,72.03837
1997-11-13,877.12106,2552.44679,1852.97519,75.1764,72.63904,73.38287
1997-11-14,888.35603,2585.32564,1876.80384,76.40617,73.83302,74.58735
1997-11-17,904.32018,2631.97902,1910.6295,78.17648,75.5498,76.31983
1997-11-18,897.80871,2613.2035,1896.96179,77.17861,74.59074,75.3494
1997-11-19,904.19219,2631.96447,1910.54146,77.85006,75.24513,76.00881
1997-11-20,917.75833,2671.64701,1939.30498,78.86592,76.23275,77.00472
1997-11-21,922.53949,2685.74768,1949.50093,80.12547,77.45624,78.23879
1997-11-24,907.44817,2641.99911,1917.70502,78.19212,75.59325,76.3552
1997-11-25,912.22556,2656.08877,1927.89298,78.95723,76.33853,77.1063
1997-11-26,912.68281,2657.59673,1928.9493,79.56505,76.9317,77.70378
1997-11-27,912.68281,2657.77314,1929.03918,79.95557,77.31466,78.08896
1997-11-28,916.44758,2668.9165,1937.08815,80.2138,77.56964,78.34491
1997-12-01,934.55817,2721.86137,1975.47133,82.32747,79.62013,80.41393
1997-12-02,931.95481,2714.45937,1970.06013,81.86306,79.17624,79.96404
1997-12-03,936.37862,2727.52919,1979.50575,82.25901,79.56471,80.35471
1997-12-04,933.85661,2720.36351,1974.26621,82.11094,79.42671,80.21377
1997-12-05,943.45422,2748.51482,1994.65479,83.05153,80.34253,81.13686
1997-12-08,942.09115,2744.72585,1991.86569,83.59117,80.87029,81.66811
1997-12-09,935.63123,2726.08837,1978.30075,83.13069,80.43013,81.22201
1997-12-10,929.52118,2708.46762,1965.47423,82.32702,79.65804,80.44067
1997-12-11,915.72862,2668.46487,1936.40487,80.93018,78.31227,79.07995
1997-12-12,913.67011,2662.64292,1932.1419,80.24257,77.65218,78.4118
1997-12-15,923.67828,2691.999,1953.40291,81.58868,78.96097,79.73154
1997-12-16,928.36549,2705.84326,1963.40901,82.38074,79.73336,80.50971
1997-12-17,924.98161,2696.15974,1956.34371,81.24327,78.63807,79.40206
1997-12-18,915.29887,2668.11845,1935.95747,80.72505,78.14168,78.89929
1997-12-19,908.09245,2647.29014,1920.80608,79.99605,77.44129,78.19052
1997-12-22,913.99826,2664.68934,1933.391,80.85004,78.2738,79.02934
1997-12-23,900.05684,2624.22799,1903.99421,79.44501,76.91925,77.66
1997-12-24,893.78756,2606.12427,1890.82129,78.7147,76.21736,76.94979
1997-12-25,893.78756,2606.29726,1890.90939,NA,NA,NA
1997-12-26,897.55391,2617.45681,1898.96757,NA,NA,NA
1997-12-29,913.18072,2663.22353,1932.1289,80.58892,78.04893,78.79389
1997-12-30,929.63892,2711.42252,1967.05317,82.70307,80.10297,80.86557
1997-12-31,928.91169,2709.48111,1965.60589,82.56355,79.9731,80.73288
1998-01-01,928.91169,2709.66097,1965.69748,NA,NA,NA
1998-01-02,932.88187,2721.42596,1974.1925,83.51377,80.90484,81.67006
1998-01-05,934.67793,2726.84756,1978.08608,84.11947,81.49743,82.2665
1998-01-06,925.51311,2700.29374,1958.78394,83.84811,81.23986,82.0049
1998-01-07,923.13266,2693.52723,1953.83689,83.75612,81.15608,81.91872
1998-01-08,915.96335,2672.78877,1938.75464,83.08261,80.50892,81.26384
1998-01-09,888.62115,2593.2014,1880.98199,80.41678,77.93224,78.66103
1998-01-12,900.70912,2628.66571,1906.66514,81.33076,78.82384,79.55921
1998-01-13,912.07453,2662.02499,1930.82063,82.38732,79.85387,80.59703
1998-01-14,916.83909,2676.11288,1940.99953,83.1851,80.63302,81.38165
1998-01-15,910.101,2656.62424,1926.82568,82.47466,79.9498,80.69046
1998-01-16,919.41052,2683.98764,1946.63128,83.58836,81.03556,81.78442
1998-01-19,919.41052,2684.16581,1946.72198,83.91476,81.35756,82.10772
1998-01-20,936.45634,2734.13217,1982.91681,85.41494,82.81851,83.58019
1998-01-21,928.7471,2711.80707,1966.68604,84.46067,81.89895,82.65046
1998-01-22,922.31849,2693.21741,1953.16515,82.66611,80.16499,80.89875
1998-01-23,916.41348,2676.15392,1940.75165,81.80078,79.33133,80.0558
1998-01-26,916.48987,2676.55467,1941.00387,81.1582,78.71346,79.4307
1998-01-27,927.33025,2708.40568,1964.06016,82.41552,79.93907,80.66562
1998-01-28,936.27888,2734.73277,1983.11042,84.07087,81.55114,82.2904
1998-01-29,944.58098,2759.17393,2000.79255,84.90954,82.37072,83.11558
1998-01-30,939.78513,2745.3482,1990.72734,85.12539,82.58569,83.33082
1998-02-02,959.40283,2802.86606,2032.38961,87.27276,84.67588,85.43779
1998-02-03,964.48483,2817.9045,2043.25273,87.21783,84.62816,85.38796
1998-02-04,964.66614,2818.6214,2043.7321,86.79449,84.22297,84.97745
1998-02-05,961.91562,2810.77133,2037.99983,85.80777,83.27129,84.01551
1998-02-06,969.56337,2833.31435,2054.30268,86.48213,83.93174,84.68005
1998-02-09,967.92658,2828.7188,2050.93013,87.27181,84.7043,85.45764
1998-02-10,975.63801,2851.45221,2067.37007,87.9348,85.35389,86.11117
1998-02-11,976.89324,2855.31101,2070.12669,88.50296,85.91144,86.67184
1998-02-12,980.90917,2867.24252,2078.7353,88.45049,85.86618,86.62447
1998-02-13,977.062,2856.18709,2070.67911,88.56729,85.98531,86.74292
1998-02-16,977.062,2856.37668,2070.77559,88.27386,85.70607,86.45953
1998-02-17,979.10002,2862.52598,2075.19228,88.48242,85.91435,86.6679
1998-02-18,988.3147,2889.66805,2094.8253,89.57077,86.97764,87.73855
1998-02-19,984.88213,2879.8232,2087.64705,89.00495,86.43397,87.18839
1998-02-20,990.35766,2896.03096,2099.35379,89.50802,86.92859,87.6855
1998-02-23,995.58062,2911.50192,2110.52603,89.88077,87.2966,88.05491
1998-02-24,987.93287,2889.33138,2094.41271,88.40982,85.87425,86.61831
1998-02-25,999.27424,2922.70768,2118.56162,89.66178,87.09694,87.8496
1998-02-26,1004.26417,2937.50166,2129.24215,90.6814,88.09395,88.85325
1998-02-27,1004.60726,2938.70043,2130.06889,90.45446,87.87926,88.63497
1998-03-02,1002.40746,2932.46003,2125.50363,89.92648,87.37212,88.12172
1998-03-03,1006.30591,2944.06313,2133.87087,90.70724,88.13709,88.89134
1998-03-04,1000.2663,2926.5895,2121.16358,90.20425,87.65417,88.40253
1998-03-05,989.83831,2896.27692,2099.15064,88.98592,86.47646,87.21292
1998-03-06,1009.22277,2953.21553,2140.37075,91.77916,89.19829,89.95571
1998-03-09,1008.4409,2951.12327,2138.81209,91.48771,88.92088,89.67419
1998-03-10,1019.01917,2982.28959,2161.35431,92.56715,89.97676,90.73699
1998-03-11,1023.65622,2996.06326,2171.29268,93.23857,90.63586,91.39971
1998-03-12,1024.70817,2999.34174,2173.62552,93.04089,90.44964,91.21013
1998-03-13,1022.85034,2994.10237,2169.78566,92.564,89.99199,90.74684
1998-03-16,1032.7748,3023.36496,2190.9461,93.23865,90.65436,91.41283
1998-03-17,1034.43901,3028.43876,2194.57931,93.3889,90.80652,91.56443
1998-03-18,1039.66826,3043.95459,2205.77831,93.91281,91.32234,92.08263
1998-03-19,1043.55189,3055.53098,2214.12257,94.56817,91.96615,92.72984
1998-03-20,1052.37827,3081.58848,2232.95833,95.57094,92.9482,93.71797
1998-03-23,1047.81659,3068.43525,2223.38321,94.87582,92.27835,93.04072
1998-03-24,1057.71801,3097.64702,2244.5032,95.70174,93.08841,93.85544
1998-03-25,1054.32892,3087.9268,2237.4158,95.58009,92.9762,93.74047
1998-03-26,1053.18556,3084.78264,2235.09347,95.23898,92.65048,93.41024
1998-03-27,1048.30697,3070.69791,2224.84412,94.52788,91.9649,92.71717
1998-03-30,1047.06924,3067.27573,2222.3207,94.92197,92.35464,93.1082
1998-03-31,1055.59391,3092.46187,2240.52243,96.26369,93.66721,94.42933
1998-04-01,1062.15059,3111.88298,2254.54727,97.13231,94.51927,95.28626
1998-04-02,1073.49739,3145.34836,2278.74487,98.2157,95.58062,96.35408
1998-04-03,1075.98696,3152.8537,2284.13679,98.68259,96.04163,96.81682
1998-04-06,1074.03347,3147.33828,2280.09599,97.84529,95.23319,95.99992
1998-04-07,1063.45811,3116.56053,2257.7532,96.90884,94.32822,95.08572
1998-04-08,1055.66037,3093.91678,2241.30428,95.82468,93.27943,94.02656
1998-04-09,1063.59097,3117.37455,2258.25119,96.03839,93.49377,94.24072
1998-04-10,1063.59097,3117.58149,2258.35641,NA,NA,NA
1998-04-13,1063.41433,3117.27057,2258.08652,NA,NA,NA
1998-04-14,1069.40651,3135.04943,2270.91903,96.24482,93.71342,94.4565
1998-04-15,1072.40362,3144.04647,2277.39064,95.92536,93.4085,94.14732
1998-04-16,1061.65215,3112.73769,2254.66637,95.25876,92.7656,93.49748
1998-04-17,1077.0835,3158.21021,2287.55432,96.32641,93.81228,94.55032
1998-04-20,1078.83091,3163.54492,2291.3728,96.72059,94.20265,94.94181
1998-04-21,1081.16012,3170.58701,2296.42766,96.1915,93.69354,94.42684
1998-04-22,1084.65972,3181.06359,2303.96959,96.60793,94.10564,94.84021
1998-04-23,1073.33976,3148.07964,2280.03373,95.57367,93.10463,93.82946
1998-04-24,1063.08304,3118.20893,2258.35379,94.84103,92.39715,93.1146
1998-04-27,1042.44309,3057.88739,2214.61891,92.85622,90.47042,91.17083
1998-04-28,1041.71638,3055.95833,2213.17808,92.79149,90.41332,91.11149
1998-04-29,1050.16114,3080.94493,2231.22773,93.88446,91.48511,92.18951
1998-04-30,1066.84951,3130.13298,2266.80045,95.14247,92.71798,93.42976
1998-05-01,1073.56849,3150.06185,2281.18615,NA,NA,NA
1998-05-04,1075.30239,3155.35989,2284.97741,95.39367,92.97521,93.68523
1998-05-05,1069.08894,3137.33706,2271.88075,94.19552,91.81392,92.51313
1998-05-06,1058.54636,3106.61044,2249.58467,93.31688,90.96373,91.6546
1998-05-07,1049.80862,3081.17523,2231.1214,92.19886,89.88022,90.56096
1998-05-08,1062.25379,3117.92308,2257.68313,93.90513,91.55077,92.242
1998-05-11,1060.17788,3112.03624,2253.37593,93.74694,91.40256,92.09087
1998-05-12,1067.85657,3134.79187,2269.80633,94.477,92.12096,92.81269
1998-05-13,1071.7279,3146.36837,2278.14278,95.11955,92.75407,93.44858
1998-05-14,1070.31394,3142.42562,2275.24305,94.89111,92.53739,93.22845
1998-05-15,1061.52736,3116.83893,2256.67184,94.28241,91.94993,92.63476
1998-05-18,1059.43558,3110.90338,2252.32983,94.41267,92.08312,92.76709
1998-05-19,1062.8773,3121.21931,2259.7534,94.49635,92.17087,92.85365
1998-05-20,1071.45921,3146.63843,2278.10974,95.04414,92.71168,93.39651
1998-05-21,1067.54546,3135.35306,2269.89435,NA,NA,NA
1998-05-22,1063.06842,3122.41199,2260.48059,93.53075,91.24776,91.91808
1998-05-25,1063.06842,3122.61926,2260.58592,93.66506,91.3849,92.0544
1998-05-26,1046.90371,3075.3529,2226.32158,92.48153,90.23657,90.89574
1998-05-27,1046.12428,3073.26705,2224.76761,91.9905,89.76341,90.41734
1998-05-28,1051.01506,3087.84415,2235.27497,93.61128,91.35209,92.01544
1998-05-29,1044.32625,3068.39837,2221.15389,92.85546,90.62064,91.27684
1998-06-01,1043.5811,3066.41234,2219.67237,NA,NA,NA
1998-06-02,1045.1942,3071.35698,2223.20744,92.78137,90.56029,91.21246
1998-06-03,1035.25967,3042.37064,2202.18105,91.56003,89.37455,90.01628
1998-06-04,1048.04507,3080.16323,2229.48926,92.50744,90.306,90.95241
1998-06-05,1066.32496,3134.11739,2268.4926,94.20565,91.97101,92.62718
1998-06-08,1069.11723,3142.53487,2274.53979,94.65678,92.41784,93.07527
1998-06-09,1072.58356,3152.93558,2282.02201,95.05798,92.81595,93.47429
1998-06-10,1066.73989,3135.96724,2269.69553,94.80541,92.57542,93.23023
1998-06-11,1050.63523,3088.83939,2235.53962,94.05533,91.84918,92.49699
1998-06-12,1054.2998,3099.82169,2243.44302,94.85046,92.63236,93.28368
1998-06-15,1033.45185,3038.74326,2199.19161,93.28262,91.10788,91.74648
1998-06-16,1043.66151,3068.97858,2221.02698,93.37993,91.209,91.84649
1998-06-17,1061.4578,3121.53901,2259.01554,94.1825,91.99957,92.64058
1998-06-18,1061.44071,3121.69594,2259.08441,94.15545,91.97922,92.61826
1998-06-19,1056.40417,3107.09065,2248.4703,93.98895,91.82261,92.45875
1998-06-22,1058.94569,3114.77419,2253.98558,94.54926,92.37649,93.01452
1998-06-23,1074.68801,3161.30739,2287.60951,95.8241,93.62913,94.27368
1998-06-24,1087.35291,3198.78959,2314.68358,97.21826,94.99862,95.65042
1998-06-25,1083.67574,3188.18389,2306.96347,96.78372,94.58024,95.22729
1998-06-26,1087.54445,3199.78105,2315.30869,97.15575,94.95031,95.59794
1998-06-29,1092.95882,3215.92943,2326.94631,98.11265,95.89251,96.54445
1998-06-30,1088.0906,3201.81843,2316.69004,97.44396,95.24534,95.89097
1998-07-01,1101.97657,3242.91102,2346.37267,99.20336,96.97264,97.62769
1998-07-02,1099.80453,3236.73376,2341.85689,99.39062,97.16221,97.81659
1998-07-03,1099.80453,3236.94862,2341.96601,99.20797,96.99003,97.64133
1998-07-06,1110.77349,3269.46169,2365.44005,99.91283,97.68608,98.33997
1998-07-07,1110.14466,3267.82753,2364.211,100.10391,97.87948,98.53269
1998-07-08,1121.43992,3301.30808,2388.38347,101.33651,99.09212,99.75119
1998-07-09,1113.662,3278.63165,2371.93037,101.16445,98.93038,99.58642
1998-07-10,1118.91924,3294.33218,2383.24079,101.13666,98.90974,99.56368
1998-07-13,1120.14361,3298.15651,2385.96011,100.87582,98.66113,99.31147
1998-07-14,1131.66523,3332.31495,2410.62051,101.46662,99.24592,99.89803
1998-07-15,1128.30056,3322.62793,2403.56529,101.09108,98.88511,99.53289
1998-07-16,1136.9939,3348.45921,2422.20157,101.32436,99.11998,99.7673
1998-07-17,1140.00498,3357.55182,2428.73045,101.48215,99.28098,99.92735
1998-07-20,1138.43735,3353.15712,2425.50356,101.00371,98.81945,99.46087
1998-07-21,1118.28181,3294.02468,2382.67986,99.46719,97.32323,97.95282
1998-07-22,1117.59925,3292.23246,2381.33641,99.5508,97.41152,98.03973
1998-07-23,1094.39147,3224.09955,2332.00449,97.66078,95.56932,96.1835
1998-07-24,1095.24362,3226.82458,2333.92925,97.23302,95.157,95.76664
1998-07-27,1101.80342,3246.37274,2348.02043,97.57713,95.50028,96.11016
1998-07-28,1085.02674,3197.16547,2312.38187,96.42191,94.37627,94.977
1998-07-29,1079.38818,3180.76314,2300.47295,95.34257,93.32634,93.91843
1998-07-30,1095.77034,3229.27263,2335.50658,96.43385,94.40157,94.99837
1998-07-31,1076.18452,3171.77785,2293.87617,95.39434,93.39045,93.97892
1998-08-03,1068.15999,3148.3396,2276.87961,95.0952,93.10371,93.68854
1998-08-04,1029.91992,3035.8689,2195.48929,91.53308,89.62406,90.18468
1998-08-05,1039.52896,3064.4071,2216.08147,91.78051,89.87241,90.43276
1998-08-06,1048.42331,3090.84112,2235.1514,92.54914,90.63161,91.19473
1998-08-07,1048.44028,3091.09633,2235.29174,92.6256,90.71252,91.27433
1998-08-10,1044.06719,3078.40818,2226.07228,92.69809,90.78954,91.35002
1998-08-11,1030.31225,3038.06245,2196.85201,91.57624,89.6971,90.24895
1998-08-12,1045.45239,3082.92884,2229.24713,92.46982,90.57898,91.13426
1998-08-13,1035.99578,3055.24952,2209.18775,92.31543,90.4337,90.9863
1998-08-14,1025.57541,3024.72499,2187.07171,91.47823,89.61968,90.16548
1998-08-17,1045.62606,3084.08947,2229.94647,93.74367,91.84654,92.40367
1998-08-18,1061.68618,3131.68641,2264.31221,95.2009,93.28147,93.84513
1998-08-19,1057.00022,3118.07179,2254.42363,94.85869,92.95228,93.51212
1998-08-20,1051.22099,3101.23073,2242.20259,93.97066,92.08839,92.64114
1998-08-21,1042.94093,3077.01111,2224.64699,93.42615,91.56088,92.10864
1998-08-24,1049.70844,3097.18951,2239.19004,93.81836,91.95158,92.49978
1998-08-25,1053.87971,3109.70671,2248.19443,94.25982,92.39065,92.93955
1998-08-26,1046.45494,3088.00585,2232.46085,94.04989,92.19094,92.73684
1998-08-27,1007.91737,2974.52087,2150.36662,90.59463,88.81173,89.3353
1998-08-28,991.99582,2927.73952,2116.50281,88.40271,86.66979,87.1787
1998-08-31,925.23755,2730.97616,1974.20306,81.49909,79.91043,80.37697
1998-09-01,960.54461,2835.41524,2049.6525,83.72263,82.09734,82.57463
1998-09-02,955.26102,2820.00719,2038.47379,83.53654,81.92025,82.39489
1998-09-03,948.282,2799.59296,2023.67657,81.58175,80.00956,80.47126
1998-09-04,939.74744,2774.58469,2005.55891,81.62726,80.05951,80.5199
1998-09-07,939.74744,2774.76887,2005.65236,80.62142,79.07856,79.53165
1998-09-08,986.53748,2913.16005,2105.63286,85.22395,83.59969,84.07667
1998-09-09,971.6277,2869.33352,2073.91186,84.35162,82.7497,83.22012
1998-09-10,947.43956,2798.10986,2022.38802,80.68199,79.15701,79.60485
1998-09-11,973.13394,2874.21488,2077.34657,82.12207,80.57617,81.03014
1998-09-14,993.10638,2933.42382,2120.0926,84.56355,82.97853,83.44398
1998-09-15,1001.68358,2958.96455,2138.50749,84.55315,82.97381,83.43759
1998-09-16,1008.66102,2979.78049,2153.50749,85.61327,84.02045,84.48818
1998-09-17,984.2942,2908.01019,2101.59264,82.60232,81.07251,81.52174
1998-09-18,986.0647,2913.43543,2105.47152,83.51481,81.97419,82.42659
1998-09-21,990.3464,2926.28398,2114.71424,83.23118,81.70116,82.15045
1998-09-22,996.63669,2945.07205,2128.24824,84.35199,82.80764,83.26113
1998-09-23,1030.04567,3044.03474,2199.71158,87.24731,85.65706,86.12402
1998-09-24,1007.67423,2978.13785,2152.04607,84.64397,83.10805,83.55907
1998-09-25,1009.11179,2982.58527,2155.21702,84.03132,82.51206,82.95818
1998-09-28,1012.91639,2994.0321,2163.44503,85.12802,83.59524,84.04532
1998-09-29,1013.35407,2995.52483,2164.48079,84.78735,83.26619,83.71286
1998-09-30,984.89536,2911.61878,2103.80559,82.50465,81.03101,81.46373
1998-10-01,954.16118,2820.97671,2038.26521,78.78051,77.38055,77.79164
1998-10-02,968.4282,2863.36453,2068.84725,79.41082,78.00526,78.41799
1998-10-05,954.95616,2823.7279,2040.16665,78.36503,76.98346,77.38914
1998-10-06,950.79675,2811.61611,2031.37547,78.33144,76.95555,77.35956
1998-10-07,938.29771,2774.84713,2004.76879,76.04456,74.71499,75.1054
1998-10-08,928.64287,2746.48207,1984.23531,75.1938,73.88425,74.26879
1998-10-09,951.9865,2815.73602,2034.22236,78.04957,76.69666,77.09392
1998-10-12,964.42541,2852.73141,2060.90551,79.80248,78.42549,78.82981
1998-10-13,960.83108,2842.28853,2053.32053,79.2113,77.84974,78.24952
1998-10-14,971.74173,2874.76742,2076.73997,79.90277,78.53502,78.93661
1998-10-15,1011.29685,2992.02466,2161.39516,82.83609,81.42489,81.83923
1998-10-16,1020.41504,3019.212,2180.98956,82.6452,81.24259,81.6544
1998-10-19,1026.19174,3036.51097,2193.44126,83.49189,82.08096,82.49521
1998-10-20,1028.72846,3044.22092,2198.96671,84.30613,82.88751,83.30401
1998-10-21,1034.4709,3061.42244,2211.34717,85.12493,83.69865,84.11739
1998-10-22,1042.31905,3084.86106,2228.23166,86.3352,84.89513,85.31791
1998-10-23,1035.70604,3065.49459,2214.1988,85.28375,83.86712,84.28302
1998-10-26,1036.74817,3068.78332,2216.53027,85.89551,84.47473,84.89184
1998-10-27,1029.06844,3046.25634,2200.21529,85.75135,84.33851,84.75328
1998-10-28,1032.25425,3055.89217,2207.13075,85.55206,84.14803,84.56021
1998-10-29,1049.35733,3106.75141,2243.81498,86.88886,85.46948,85.88615
1998-10-30,1059.96341,3138.37226,2266.60528,87.86341,86.43452,86.85398
1998-11-02,1073.13491,3177.59737,2294.88568,88.97777,87.53735,87.96018
1998-11-03,1073.34339,3178.42573,2295.4385,89.63858,88.19376,88.61787
1998-11-04,1080.5594,3200.01348,2310.98175,90.55707,89.10401,89.53053
1998-11-05,1096.79225,3248.32149,2345.81795,91.44906,89.98828,90.41706
1998-11-06,1103.55887,3268.58525,2360.40358,91.97419,90.51136,90.94073
1998-11-09,1092.76297,3236.82962,2337.42392,91.92509,90.46901,90.89639
1998-11-10,1090.98491,3231.77716,2333.72925,92.11493,90.66195,91.08841
1998-11-11,1082.95172,3208.19675,2316.65492,91.42881,89.9927,90.4142
1998-11-12,1079.60358,3198.49046,2309.60024,91.29532,89.86722,90.28636
1998-11-13,1087.92203,3223.35759,2327.50863,91.99876,90.56614,90.9866
1998-11-16,1098.13593,3253.84708,2349.47539,91.82626,90.40228,90.8202
1998-11-17,1101.62988,3264.41918,2357.06188,92.04003,90.61884,91.03593
1998-11-18,1107.54108,3282.15877,2369.82263,92.55753,91.13473,91.55228
1998-11-19,1116.34686,3308.48312,2388.78036,93.69223,92.2589,92.67953
1998-11-20,1126.73419,3339.50075,2411.1254,95.28907,93.83861,94.26425
1998-11-23,1151.80257,3414.05733,2464.89981,98.48667,96.99559,97.43313
1998-11-24,1147.60895,3401.85319,2456.03993,98.10246,96.62355,97.05751
1998-11-25,1152.39585,3416.27367,2466.40143,98.05059,96.57885,97.01069
1998-11-26,1152.39585,3416.50044,2466.51635,98.28058,96.81191,97.24285
1998-11-27,1157.70612,3432.47614,2477.99986,98.74204,97.2732,97.70418
1998-11-30,1130.79145,3352.92248,2420.51519,96.36274,94.93678,95.35517
1998-12-01,1140.64356,3382.37011,2441.72314,96.22499,94.80732,95.22326
1998-12-02,1138.11899,3375.10783,2436.43236,95.79798,94.39282,94.80509
1998-12-03,1116.23416,3310.44497,2389.70249,93.87539,92.50548,92.9074
1998-12-04,1141.22414,3384.81338,2443.33151,95.87849,94.48688,94.89515
1998-12-07,1152.07316,3417.22981,2466.67989,96.94759,95.54757,95.95829
1998-12-08,1147.77005,3404.69251,2457.58131,96.3295,94.94474,95.35098
1998-12-09,1147.78848,3404.97321,2457.7353,96.1256,94.74999,95.15353
1998-12-10,1129.87737,3352.07414,2419.50185,94.19965,92.85867,93.25205
1998-12-11,1131.11614,3355.97268,2422.26772,93.95185,92.62049,93.01104
1998-12-14,1106.9392,3284.47865,2370.61384,91.69542,90.40317,90.78224
1998-12-15,1127.8535,3346.78282,2415.52913,93.68085,92.368,92.7531
1998-12-16,1125.44031,3339.84345,2410.47301,93.88554,92.57605,92.96015
1998-12-17,1143.67877,3394.21535,2449.66151,95.42323,94.09959,94.48782
1998-12-18,1151.41535,3417.41041,2466.35131,95.80816,94.48567,94.87355
1998-12-21,1165.75039,3460.20364,2497.18206,97.33924,96.00303,96.39491
1998-12-22,1168.38085,3468.24336,2502.93431,97.91701,96.57964,96.97185
1998-12-23,1193.2269,3542.26227,2556.29434,100.08469,98.72563,99.12418
1998-12-24,1190.53691,3534.51108,2550.65022,100.20152,98.84747,99.24453
1998-12-25,1190.53691,3534.74571,2550.76907,NA,NA,NA
1998-12-28,1190.69414,3535.44726,2551.22484,100.27493,98.93301,99.32649
1998-12-29,1207.19923,3584.71263,2586.71974,101.2653,99.91746,100.31266
1998-12-30,1198.04626,3557.77309,2567.22871,100.30039,98.97217,99.3616
1998-12-31,1196.34333,3552.95155,2563.6989,100.63845,99.31252,99.70127
1999-01-01,1196.34333,3552.95155,2563.6989,100,98.68907,99.07341
1999-01-04,1194.96549,3548.85958,2560.74627,99.40653,98.1099,98.49003
1999-01-05,1210.59985,3595.45625,2594.33323,100.83958,99.53187,99.91523
1999-01-06,1237.35224,3675.85646,2652.1419,103.62641,102.29093,102.68241
1999-01-07,1236.76396,3674.2745,2650.96465,104.01647,102.68298,103.07386
1999-01-08,1241.54277,3688.47178,2661.20788,105.48494,104.14056,104.53461
1999-01-11,1230.0117,3654.2144,2636.49142,104.67285,103.34579,103.73474
1999-01-12,1206.30902,3583.7966,2585.68547,102.58017,101.28735,101.66626
1999-01-13,1202.24739,3571.9506,2577.0909,100.82839,99.56501,99.93528
1999-01-14,1181.39935,3510.00979,2532.40183,99.10534,97.87079,98.23261
1999-01-15,1210.1143,3595.38548,2593.98531,102.48202,101.21381,101.58546
1999-01-18,1210.1143,3595.38548,2593.98531,102.42017,101.15939,101.52885
1999-01-19,1218.67684,3620.86377,2612.35906,103.06045,101.79896,102.16861
1999-01-20,1223.17226,3634.4483,2622.1106,103.76245,102.49965,102.86966
1999-01-21,1200.54992,3567.23893,2573.61973,101.73348,100.50298,100.86352
1999-01-22,1191.35037,3539.90394,2553.89865,100.96264,99.74817,100.104
1999-01-25,1200.90145,3568.32947,2574.39655,101.9481,100.72916,101.08628
1999-01-26,1220.80628,3627.49276,2617.07632,103.5349,102.30487,102.66521
1999-01-27,1212.13803,3602.05888,2598.65702,103.4298,102.20775,102.56573
1999-01-28,1233.52412,3665.99151,2644.698,106.0382,104.79384,105.15833
1999-01-29,1246.74684,3705.29277,2673.04966,107.75527,106.499,106.86695
1999-02-01,1239.16735,3682.76677,2656.79907,107.59283,106.34546,106.71078
1999-02-02,1227.60692,3648.59917,2632.10906,106.11971,104.89692,105.25503
1999-02-03,1237.67,3679.02995,2653.94892,107.06976,105.84371,106.20275
1999-02-04,1214.26413,3609.81803,2603.9428,105.56597,104.36464,104.71643
1999-02-05,1204.53769,3580.9962,2583.13197,104.75285,103.56775,103.91476
1999-02-08,1208.85088,3594.51735,2592.73377,105.4784,104.2925,104.63973
1999-02-09,1182.2456,3515.40659,2535.67096,102.69138,101.54499,101.88064
1999-02-10,1190.26288,3540.08748,2553.29126,103.19144,102.04653,102.38172
1999-02-11,1218.70457,3625.02161,2614.47593,105.88168,104.71546,105.05686
1999-02-12,1197.86704,3563.17325,2569.84032,104.25125,103.11049,103.44442
1999-02-15,1197.86704,3563.17325,2569.84032,104.63628,103.49839,103.83145
1999-02-16,1209.1083,3596.63882,2593.97098,106.15199,105.00563,105.34115
1999-02-17,1193.93673,3551.91885,2561.62936,104.32546,103.20647,103.53396
1999-02-18,1205.57996,3586.63729,2586.6508,105.44609,104.3228,104.65153
1999-02-19,1208.9632,3596.71752,2593.91733,106.94757,105.81636,106.14737
1999-02-22,1239.08982,3686.38133,2658.57422,110.24357,109.0865,109.42504
1999-02-23,1240.5077,3690.64338,2661.63851,110.88737,109.73123,110.06947
1999-02-24,1223.31243,3639.86321,2624.93488,109.61985,108.48451,108.81665
1999-02-25,1216.39813,3619.76054,2610.33584,108.03859,106.92733,107.2524
1999-02-26,1210.63311,3602.7214,2598.02314,108.24649,107.14029,107.46386
1999-03-01,1209.19892,3598.55183,2594.99505,108.55336,107.4513,107.77363
1999-03-02,1200.09334,3571.51657,2575.48574,107.79508,106.70788,107.02584
1999-03-03,1200.76859,3574.47554,2577.41413,107.95453,106.87286,107.18917
1999-03-04,1217.94011,3626.11137,2614.53439,110.3932,109.29588,109.61673
1999-03-05,1245.24486,3707.47208,2673.18323,112.64444,111.5336,111.85837
1999-03-08,1252.78317,3730.1344,2689.4761,112.99311,111.88644,112.20996
1999-03-09,1250.99253,3724.81446,2685.63781,112.77979,111.68255,112.00328
1999-03-10,1257.05772,3743.04227,2698.74285,112.62831,111.53988,111.85801
1999-03-11,1268.36675,3777.77568,2723.55658,114.9373,113.8356,114.15757
1999-03-12,1264.12141,3765.16828,2714.45932,113.38022,112.30147,112.61671
1999-03-15,1277.19047,3804.12739,2742.53933,114.54716,113.46566,113.78167
1999-03-16,1276.63922,3802.4855,2741.35562,114.87033,113.7935,114.10811
1999-03-17,1267.70629,3776.06525,2722.26791,113.03553,111.98409,112.29126
1999-03-18,1287.00238,3833.68958,2763.77889,114.98064,113.91999,114.22981
1999-03-19,1270.50233,3784.5464,2728.34918,114.14027,113.09496,113.40027
1999-03-22,1268.19848,3777.75617,2723.43832,114.15271,113.11478,113.4179
1999-03-23,1235.33774,3679.88739,2652.87943,111.27139,110.26845,110.56133
1999-03-24,1240.44001,3695.15303,2663.87005,111.48542,110.48797,110.77922
1999-03-25,1262.12401,3759.80066,2710.46369,113.9403,112.92993,113.2249
1999-03-26,1254.62143,3737.45085,2694.35156,114.72441,113.71516,114.00977
1999-03-29,1281.28743,3817.51782,2751.93596,117.34864,116.32566,116.62423
1999-03-30,1274.82216,3798.56311,2738.20543,116.26831,115.26262,115.55611
1999-03-31,1259.66231,3753.44769,2705.6717,114.52386,113.5415,113.82816
1999-04-01,1267.36407,3776.40253,2722.21746,115.05889,114.07982,114.36548
1999-04-02,1267.36407,3776.40253,2722.21746,115.31487,114.34133,114.62534
1999-04-05,1294.3516,3856.8437,2780.19789,118.48986,117.49913,117.7881
1999-04-06,1290.27929,3844.87519,2771.53454,117.68352,116.70734,116.99204
1999-04-07,1299.26167,3872.44734,2791.23536,118.12409,117.15228,117.43566
1999-04-08,1317.37518,3926.51442,2830.1893,119.35081,118.37763,118.66136
1999-04-09,1321.74472,3939.53812,2839.57665,120.38561,119.41264,119.69627
1999-04-12,1333.01601,3973.19292,2863.82167,120.62309,119.65624,119.93804
1999-04-13,1324.33594,3947.50795,2845.2679,120.46512,119.5074,119.7865
1999-04-14,1302.4564,3882.29651,2798.26382,118.25025,117.31892,117.5903
1999-04-15,1296.82431,3865.52196,2786.17026,118.65536,117.72887,117.99879
1999-04-16,1290.90934,3847.89623,2773.4649,118.35688,117.44045,117.7074
1999-04-19,1260.84375,3758.31368,2708.88835,116.60786,115.71334,115.97388
1999-04-20,1278.43727,3810.75872,2746.68876,117.75235,116.85761,117.11816
1999-04-21,1310.96161,3907.93671,2816.6823,121.30583,120.39401,120.65947
1999-04-22,1330.24868,3965.48806,2858.15062,123.21828,122.30152,122.56836
1999-04-23,1329.31241,3962.72517,2856.15316,122.57055,121.66667,121.92972
1999-04-26,1333.20767,3974.33704,2864.52246,123.42248,122.52102,122.78332
1999-04-27,1332.90603,3973.43782,2863.87436,122.85574,121.96647,122.22518
1999-04-28,1320.31266,3936.21383,2836.97639,121.87811,121.0041,121.25832
1999-04-29,1312.53649,3913.50013,2820.50432,121.64077,120.7764,121.02777
1999-04-30,1303.91694,3887.84011,2802.00215,120.9733,120.12164,120.36928
1999-05-03,1322.31968,3942.71087,2841.548,122.81996,121.96468,122.2133
1999-05-04,1300.50904,3877.72337,2794.7013,120.32729,119.49848,119.73937
1999-05-05,1316.91358,3927.43285,2830.35515,121.04637,120.22105,120.46087
1999-05-06,1301.66414,3882.26063,2797.73498,118.53466,117.73548,117.96766
1999-05-07,1312.17551,3913.61116,2820.32763,119.38664,118.59017,118.82151
1999-05-10,1308.77579,3903.98657,2813.28032,118.91198,118.12646,118.35457
1999-05-11,1323.79996,3949.10202,2845.72655,121.14048,120.34971,120.57928
1999-05-12,1330.53904,3970.09012,2860.6594,122.35607,121.56629,121.79551
1999-05-13,1333.66804,3979.5301,2867.43903,123.17466,122.38826,122.61645
1999-05-14,1304.60651,3892.98408,2805.04165,119.67419,118.91988,119.1387
1999-05-17,1309.26779,3907.02879,2815.13214,120.38305,119.63266,119.85029
1999-05-18,1303.05685,3888.74882,2801.90591,119.92994,119.19022,119.4047
1999-05-19,1314.74917,3923.82853,2827.14119,121.08554,120.34751,120.56144
1999-05-20,1309.44947,3908.01434,2815.74642,120.96634,120.23695,120.44832
1999-05-21,1300.38367,3880.99194,2796.26923,120.9198,120.19864,120.40756
1999-05-24,1277.4517,3812.58011,2746.97207,118.5908,117.89243,118.09469
1999-05-25,1255.55303,3747.2425,2699.892,116.15686,115.48165,115.67716
1999-05-26,1275.87424,3808.4018,2743.8471,119.51825,118.83326,119.03152
1999-05-27,1253.58372,3742.3719,2696.16507,117.64912,116.98338,117.17601
1999-05-28,1272.25175,3798.11895,2736.32406,119.42396,118.75729,118.95012
1999-05-31,1272.25175,3798.11895,2736.32406,119.7446,119.0842,119.27515
1999-06-01,1263.52549,3772.18557,2717.61513,118.5085,117.86306,118.04963
1999-06-02,1266.55804,3782.16585,2724.60498,120.01429,119.36964,119.5559
1999-06-03,1271.36211,3796.54855,2734.95804,120.5335,119.89432,120.07894
1999-06-04,1301.00089,3885.06728,2798.72275,123.924,123.27694,123.46374
1999-06-07,1305.08121,3897.3617,2807.55569,124.4032,123.76212,123.94712
1999-06-08,1288.04301,3846.63042,2770.97783,121.25413,120.6389,120.81638
1999-06-09,1289.47685,3851.15496,2774.18474,121.34256,120.73491,120.91013
1999-06-10,1273.39975,3803.14585,2739.59985,119.15567,118.56782,118.73726
1999-06-11,1263.68646,3775.17268,2719.22539,118.20733,117.6321,117.79784
1999-06-14,1262.31377,3771.12658,2716.29913,118.7523,118.18259,118.34667
1999-06-15,1270.2383,3794.80089,2733.35145,119.69857,119.13288,119.29572
1999-06-16,1298.99467,3880.86638,2795.30959,123.60694,123.03297,123.19809
1999-06-17,1308.80575,3910.40363,2816.53591,124.51638,123.94703,124.11073
1999-06-18,1310.88934,3916.63586,2821.02331,123.89203,123.33369,123.49415
1999-06-21,1316.62556,3933.86203,2833.41177,125.2482,124.693,124.85246
1999-06-22,1304.25759,3896.90859,2806.7956,124.21612,123.67387,123.82953
1999-06-23,1300.79275,3886.61417,2799.36839,123.82606,123.29362,123.44638
1999-06-24,1283.78218,3835.79929,2762.7662,121.79336,121.27857,121.42619
1999-06-25,1283.72365,3835.63404,2762.64512,120.39142,119.89095,120.03438
1999-06-28,1300.73259,3887.09559,2799.57228,123.08619,122.58435,122.72806
1999-06-29,1319.99328,3944.69508,2841.04782,125.3317,124.8305,124.97391
1999-06-30,1339.35874,4002.86209,2882.87716,127.47872,126.97882,127.12175
1999-07-01,1349.30876,4032.61312,2904.30094,129.25297,128.75591,128.89791
1999-07-02,1361.38497,4068.70471,2930.29421,130.75432,130.2612,130.40195
1999-07-05,1361.38497,4068.70471,2930.29421,130.61373,130.12971,130.26776
1999-07-06,1357.05766,4056.31237,2921.25245,129.95086,129.47787,129.61268
1999-07-07,1361.84686,4071.54455,2932.02417,130.74111,130.2744,130.4073
1999-07-08,1361.08526,4069.40947,2930.45595,131.23921,130.77968,130.91042
1999-07-09,1368.19795,4090.6752,2945.7698,131.79557,131.34312,131.47173
1999-07-12,1365.07167,4081.32813,2939.03881,132.15588,131.71111,131.83742
1999-07-13,1360.6471,4068.29577,2929.61155,131.19696,130.76421,130.88699
1999-07-14,1364.39955,4079.54601,2937.70635,131.20434,130.78022,130.90043
1999-07-15,1374.78923,4110.63039,2960.08624,131.70022,131.28348,131.40147
1999-07-16,1384.39513,4139.40408,2980.79508,132.98385,132.57276,132.68901
1999-07-19,1376.1664,4114.83588,2963.09566,132.76511,132.3634,132.47687
1999-07-20,1344.25677,4019.43636,2894.39571,126.74658,126.3748,126.47965
1999-07-21,1346.14783,4025.33276,2898.58943,125.82497,125.46432,125.56591
1999-07-22,1329.07356,3974.27625,2861.8243,124.34152,123.99382,124.09163
1999-07-23,1324.81479,3961.57281,2852.66994,124.2332,123.89398,123.98927
1999-07-26,1315.38756,3933.38273,2832.37068,121.15002,120.82881,120.9189
1999-07-27,1329.22884,3974.77206,2862.17455,122.77044,122.4542,122.54273
1999-07-28,1331.24829,3981.18994,2866.71404,123.11336,122.80455,122.89085
1999-07-29,1307.26131,3909.92299,2815.29619,119.74985,119.45917,119.54024
1999-07-30,1294.60617,3872.09961,2788.05601,118.7291,118.44894,118.52693
1999-08-02,1293.25886,3868.08368,2785.16139,119.05606,118.78318,118.85899
1999-08-03,1287.53564,3851.01519,2772.86079,118.51252,118.24869,118.32183
1999-08-04,1271.34752,3803.36144,2738.38327,115.94064,115.69147,115.76037
1999-08-05,1280.1201,3829.91496,2757.43471,116.32994,116.08784,116.15462
1999-08-06,1266.8881,3790.52321,2729.03131,115.33571,115.10351,115.16739
1999-08-09,1262.09244,3776.21046,2718.71893,115.77429,115.54911,115.61088
1999-08-10,1247.79108,3733.59195,2687.99831,114.12642,113.91264,113.9711
1999-08-11,1267.18987,3792.8296,2730.38868,116.68354,116.47432,116.5313
1999-08-12,1263.17491,3780.98264,2721.82349,116.4668,116.26562,116.32021
1999-08-13,1291.4834,3865.89939,2782.91323,119.95014,119.7528,119.80608
1999-08-16,1295.81669,3879.01135,2792.32162,120.34122,120.15141,120.20243
1999-08-17,1308.2799,3916.35941,2819.19824,122.21561,122.03224,122.08126
1999-08-18,1295.81978,3879.48677,2792.5632,120.70125,120.52866,120.57454
1999-08-19,1286.51386,3851.65604,2772.52343,118.82519,118.66394,118.70654
1999-08-20,1300.33044,3893.02945,2802.30328,119.87009,119.7161,119.75648
1999-08-23,1325.7908,3969.28925,2857.18959,123.00269,122.85468,122.89313
1999-08-24,1330.51945,3983.46873,2867.3915,124.09828,123.95796,123.99407
1999-08-25,1348.00184,4036.06264,2905.19516,126.54658,126.41349,126.44733
1999-08-26,1329.03943,3979.32911,2864.34877,125.10747,124.98462,125.01548
1999-08-27,1315.85513,3940.20969,2836.11342,123.54056,123.42798,123.45586
1999-08-30,1292.25735,3869.98578,2785.47265,121.40634,121.3047,121.32943
1999-08-31,1285.05608,3848.47622,2769.97868,119.41533,119.32413,119.34585
1999-09-01,1293.18214,3873.72463,2787.95441,119.81314,119.72979,119.74915
1999-09-02,1282.61397,3842.10457,2765.1892,117.5524,117.47946,117.49584
1999-09-03,1321.56905,3958.86116,2849.20559,122.33926,122.2735,122.28751
1999-09-06,1321.56905,3958.86116,2849.20559,122.62839,122.57075,122.58232
1999-09-07,1315.2699,3940.26551,2835.76309,121.84232,121.79318,121.80225
1999-09-08,1308.48468,3920.2506,2821.29119,121.16802,121.12719,121.13382
1999-09-09,1311.91949,3930.54133,2828.69715,121.91165,121.87914,121.88325
1999-09-10,1316.40106,3943.96822,2838.36009,123.39116,123.3675,123.36891
1999-09-13,1308.08654,3920.0608,2820.93804,123.59738,123.58196,123.5809
1999-09-14,1300.81388,3898.26614,2805.25426,122.41527,122.40839,122.40484
1999-09-15,1282.73406,3844.19921,2766.32213,121.11446,121.11605,121.11004
1999-09-16,1283.29937,3846.12093,2767.65589,121.09794,121.10754,121.09914
1999-09-17,1298.73754,3892.44698,2800.97965,122.53119,122.55006,122.53883
1999-09-20,1298.53259,3891.91013,2800.57663,122.42948,122.4564,122.44278
1999-09-21,1272.28621,3813.24554,2743.97044,119.21058,119.24639,119.23027
1999-09-22,1274.52158,3820.04273,2748.8406,119.10735,119.15098,119.13253
1999-09-23,1244.41959,3729.8389,2683.92728,117.09135,117.1429,117.12219
1999-09-24,1243.63173,3727.47885,2682.22875,116.62034,116.67937,116.65646
1999-09-27,1247.55637,3739.24196,2690.69327,117.246,117.31353,117.28805
1999-09-28,1247.58082,3740.43654,2691.31084,116.62853,116.70343,116.67579
1999-09-29,1232.75401,3696.24844,2659.45952,114.06375,114.14585,114.11618
1999-09-30,1245.59184,3734.74094,2687.15495,114.80248,114.89322,114.86094
1999-10-01,1244.63609,3731.91578,2685.11353,114.18899,114.28683,114.25246
1999-10-04,1265.15541,3793.59022,2729.45601,116.06068,116.16913,116.13151
1999-10-05,1263.52186,3788.84714,2726.00994,116.10616,116.22235,116.18241
1999-10-06,1286.61973,3858.66946,2776.125,117.95257,118.07974,118.03644
1999-10-07,1280.11683,3839.25219,2762.13676,117.06666,117.20075,117.15543
1999-10-08,1297.04774,3890.0304,2798.66898,119.79249,119.93937,119.8901
1999-10-11,1296.27575,3887.71508,2797.00322,119.58616,119.74066,119.68913
1999-10-12,1272.72137,3817.07701,2746.18186,116.43373,116.59355,116.54059
1999-10-13,1245.56873,3735.88791,2687.71766,113.60029,113.76521,113.71087
1999-10-14,1247.17761,3740.72642,2691.19588,113.5413,113.71364,113.65708
1999-10-15,1211.07995,3632.45655,2613.30314,109.21669,109.39211,109.33485
1999-10-18,1217.81694,3652.69743,2627.85767,110.19378,110.37879,110.31862
1999-10-19,1226.58114,3678.98693,2646.77062,111.51108,111.70666,111.64327
1999-10-20,1251.59975,3754.26882,2700.87848,113.99675,114.20585,114.1383
1999-10-21,1248.05613,3743.68884,2693.25643,113.3322,113.54763,113.47823
1999-10-22,1264.21836,3792.19942,2728.14904,116.05608,116.28608,116.2122
1999-10-25,1257.17355,3771.06753,2712.94656,115.57691,115.8136,115.73774
1999-10-26,1247.09334,3740.83049,2691.1937,115.60304,115.84746,115.76929
1999-10-27,1260.46016,3781.2316,2720.19275,117.50798,117.76556,117.68337
1999-10-28,1304.18574,3913.06753,2814.89128,121.74624,122.02325,121.93506
1999-10-29,1325.73726,3977.75633,2861.42003,123.80518,124.09653,124.00396
1999-11-01,1317.39817,3952.7616,2843.43432,123.23748,123.53565,123.44107
1999-11-02,1310.65736,3932.59622,2828.91535,122.6069,122.91169,122.81516
1999-11-03,1316.32613,3950.10644,2841.40318,123.27819,123.59326,123.49363
1999-11-04,1323.57451,3971.90607,2857.07374,124.38427,124.71124,124.60801
1999-11-05,1331.17545,3994.77564,2873.51135,125.49509,125.83411,125.72723
1999-11-08,1338.85562,4018.173,2890.26602,126.71814,127.06977,126.95906
1999-11-09,1326.70533,3982.62355,2864.4977,125.16384,125.52,125.40802
1999-11-10,1332.77825,4001.22126,2877.79478,125.36924,125.73441,125.61972
1999-11-11,1340.36807,4024.00719,2894.18307,126.43458,126.81202,126.69361
1999-11-12,1353.96057,4065.26481,2923.75952,128.78733,129.18195,129.05831
1999-11-15,1351.38297,4057.63368,2918.24782,128.69805,129.10092,128.97481
1999-11-16,1375.94846,4131.59259,2971.3961,131.02482,131.44527,131.3138
1999-11-17,1366.04311,4102.43078,2950.29783,129.01144,129.43484,129.30259
1999-11-18,1380.93088,4147.16731,2982.46479,131.37818,131.8197,131.68192
1999-11-19,1379.02814,4141.46127,2978.35949,131.50946,131.96021,131.81967
1999-11-22,1381.52642,4149.02266,2983.78466,131.29485,131.75354,131.61063
1999-11-23,1367.94905,4108.41605,2954.54577,130.44658,130.91104,130.76644
1999-11-24,1380.21598,4145.27579,2981.0494,132.86196,133.3455,133.19509
1999-11-25,1380.21598,4145.27579,2981.0494,132.88151,133.37396,133.22088
1999-11-26,1379.87848,4144.55692,2980.46882,133.87987,134.38563,134.22853
1999-11-29,1371.18066,4119.11288,2962.02452,133.72334,134.23734,134.07778
1999-11-30,1352.83735,4064.08161,2922.43614,131.87546,132.39184,132.23166
1999-12-01,1364.1339,4098.96818,2947.31766,132.85131,133.38104,133.21682
1999-12-02,1375.81614,4134.07117,2972.55807,134.57655,135.12336,134.95396
1999-12-03,1399.5194,4205.30458,3023.77557,137.1822,137.75047,137.57453
1999-12-06,1391.87851,4182.36779,3007.27824,133.5981,134.1623,133.98775
1999-12-07,1380.85069,4149.30189,2983.48735,132.52016,133.08881,132.91299
1999-12-08,1376.41831,4136.33138,2974.08603,131.84985,132.42439,132.24683
1999-12-09,1384.4588,4160.52932,2991.47709,133.51918,134.11109,133.92826
1999-12-10,1391.96009,4183.08186,3007.69053,134.42753,135.03304,134.8461
1999-12-13,1392.66767,4186.07739,3009.65689,135.1274,135.7455,135.55477
1999-12-14,1379.87453,4147.64067,2982.01847,134.68495,135.30993,135.11716
1999-12-15,1391.95556,4184.09914,3008.19961,136.14168,136.78354,136.58565
1999-12-16,1398.40245,4203.72021,3022.25411,134.82418,135.46914,135.27039
1999-12-17,1401.14524,4212.0053,3028.20202,136.23951,136.90134,136.69747
1999-12-20,1402.06274,4214.87598,3030.2417,136.46391,137.13602,136.92906
1999-12-21,1412.44893,4246.12397,3052.70163,137.41349,138.10008,137.88875
1999-12-22,1416.22284,4258.06726,3061.15912,137.90366,138.60217,138.38725
1999-12-23,1437.29076,4321.45632,3106.7202,138.92833,139.642,139.4225
1999-12-24,1437.29076,4321.45632,3106.7202,138.92833,139.65124,139.42898
1999-12-27,1433.8126,4310.99963,3099.20264,139.05774,139.79063,139.56537
1999-12-28,1435.46284,4315.96132,3102.76962,139.87428,140.62134,140.3918
1999-12-29,1442.08433,4336.44299,3117.37037,140.89014,141.65272,141.4185
1999-12-30,1442.26832,4337.04429,3117.79228,141.23145,142.00546,141.76779
1999-12-31,1445.85626,4347.84984,3125.55662,141.58279,142.36834,142.1272
2000-01-03,1436.68435,4320.30907,3105.74958,138.89707,139.67825,139.43855
2000-01-04,1379.11442,4147.3332,2981.37083,131.39641,132.14835,131.91773
2000-01-05,1382.70561,4158.50744,2989.32279,131.29251,132.05256,131.81952
2000-01-06,1370.88913,4123.82442,2964.20664,130.01956,130.78122,130.54776
2000-01-07,1418.26191,4266.32826,3066.63846,135.29695,136.10083,135.8545
2000-01-10,1435.80668,4319.11023,3104.57713,137.29759,138.12394,137.87079
2000-01-11,1416.1147,4260.02696,3062.07505,134.97405,135.79645,135.54459
2000-01-12,1407.87131,4235.48303,3044.37825,134.52145,135.35,135.09632
2000-01-13,1426.57273,4291.74494,3084.81816,136.32163,137.17165,136.91147
2000-01-14,1440.02867,4332.2262,3113.91527,139.61921,140.50116,140.23127
2000-01-17,1440.02867,4332.2262,3113.91527,140.18002,141.07519,140.80131
2000-01-18,1428.78562,4298.45156,3089.6281,138.7347,139.63028,139.35635
2000-01-19,1430.97521,4305.27149,3094.47995,139.07801,139.98527,139.70782
2000-01-20,1418.98503,4269.20697,3068.55598,137.96049,138.86984,138.59182
2000-01-21,1415.72369,4259.39489,3061.50337,137.99881,138.91762,138.63676
2000-01-24,1377.6729,4144.91396,2979.21851,134.91279,135.82161,135.54388
2000-01-25,1385.929,4169.75353,2997.07231,135.16166,136.08129,135.80031
2000-01-26,1379.22251,4149.73052,2982.6472,135.21293,136.14194,135.85815
2000-01-27,1373.6982,4133.38356,2970.83857,136.42228,137.36957,137.08025
2000-01-28,1336.50681,4021.81165,2890.57487,133.87336,134.81308,134.52615
2000-01-31,1367.09758,4113.87832,2956.74263,137.15448,138.12842,137.8311
2000-02-01,1385.3105,4168.68477,2996.13333,139.76743,140.77103,140.4647
2000-02-02,1383.12352,4162.4627,2991.58397,139.64726,140.65927,140.35043
2000-02-03,1398.63856,4209.60642,3025.36903,139.49188,140.51202,140.20074
2000-02-04,1396.90206,4204.41499,3021.63047,139.94437,140.9774,140.66224
2000-02-07,1397.83289,4207.27781,3023.67471,140.25951,141.30439,140.98567
2000-02-08,1411.9491,4249.96035,3054.30771,140.49819,141.55433,141.23222
2000-02-09,1380.82526,4157.36378,2987.52738,136.92226,137.96254,137.64535
2000-02-10,1383.97731,4166.8777,2994.35907,137.85456,138.91178,138.58947
2000-02-11,1356.77903,4085.48669,2935.7634,135.14541,136.19217,135.87311
2000-02-14,1360.1016,4095.68643,2943.05074,136.21592,137.28083,136.95629
2000-02-15,1369.469,4123.9363,2963.34136,136.67295,137.75082,137.42238
2000-02-16,1351.76514,4071.22532,2925.33517,134.88554,135.95898,135.63194
2000-02-17,1350.77074,4068.27377,2923.20499,134.46507,135.54407,135.21538
2000-02-18,1311.294,3949.38267,2837.77613,130.65454,131.71374,131.39115
2000-02-21,1311.294,3949.38267,2837.77613,130.39642,131.46217,131.13763
2000-02-22,1315.93111,3963.41129,2847.84275,128.26508,129.32291,129.00083
2000-02-23,1325.98004,3994.01545,2869.75997,129.66303,130.74208,130.41358
2000-02-24,1320.39183,3977.2387,2857.69361,130.11472,131.20648,130.87415
2000-02-25,1300.18049,3916.70315,2814.12388,130.38769,131.49059,131.15491
2000-02-28,1314.80502,3961.3057,2846.05257,133.47027,134.6101,134.26322
2000-02-29,1333.27879,4016.99008,2886.0542,135.92902,137.10061,136.74411
2000-03-01,1343.29399,4048.1393,2908.22361,136.19325,137.37635,137.01638
2000-03-02,1350.08098,4068.62214,2922.93232,137.13635,138.33746,137.97205
2000-03-03,1376.14904,4147.19389,2979.37617,140.44556,141.68712,141.30945
2000-03-06,1355.60096,4085.84525,2935.1788,138.42045,139.65417,139.27893
2000-03-07,1319.94509,3978.41622,2857.99572,135.31455,136.53121,136.16122
2000-03-08,1331.31008,4013.07249,2882.80543,136.52241,137.75993,137.38364
2000-03-09,1362.99541,4108.64166,2951.44549,138.06238,139.32421,138.94057
2000-03-10,1354.99235,4084.51709,2934.11558,137.89924,139.16875,138.7828
2000-03-13,1346.38173,4059.0792,2915.7306,136.69693,137.96476,137.57936
2000-03-14,1324.434,3992.93855,2868.21432,135.02027,136.28215,135.89861
2000-03-15,1355.83042,4087.74668,2936.28401,137.3437,138.6381,138.24471
2000-03-16,1420.11025,4282.27362,3075.85865,143.22693,144.58877,144.17492
2000-03-17,1424.93504,4296.8225,3086.3088,144.42588,145.80964,145.38917
2000-03-20,1420.25344,4282.78223,3076.20741,143.78804,145.17528,144.75378
2000-03-21,1457.00936,4393.61996,3155.81919,147.24347,148.67606,148.24082
2000-03-22,1465.15182,4418.20752,3173.47246,149.56779,151.03465,150.58904
2000-03-23,1493.02591,4502.2727,3233.8519,151.0232,152.5155,152.0622
2000-03-24,1492.65148,4501.14364,3233.04092,150.79884,152.29894,151.8433
2000-03-27,1489.70639,4492.26354,3226.66239,150.65637,152.16508,151.70686
2000-03-28,1474.81762,4447.37406,3194.41783,149.67498,151.18396,150.7257
2000-03-29,1475.64825,4450.50073,3196.52962,151.93506,153.4786,153.00988
2000-03-30,1455.68367,4390.35604,3153.31668,149.51873,151.04878,150.5842
2000-03-31,1465.04723,4418.59664,3173.60013,150.27606,151.82441,151.35431
2000-04-03,1473.77516,4444.96167,3192.52753,151.25826,152.82753,152.35111
2000-04-04,1465.44716,4420.01313,3174.57218,150.67136,152.24458,151.76699
2000-04-05,1457.51848,4396.45046,3157.57314,148.14912,149.70703,149.23414
2000-04-06,1468.97095,4431.78722,3182.78176,150.34074,151.93334,151.44996
2000-04-07,1482.06302,4471.28997,3211.15045,151.75185,153.37058,152.8793
2000-04-10,1472.63277,4442.83946,3190.71815,150.61343,152.23027,151.7396
2000-04-11,1468.75403,4431.36428,3182.42815,149.72529,151.34266,150.85186
2000-04-12,1437.70875,4337.92556,3115.27516,147.32558,148.92793,148.44173
2000-04-13,1411.58331,4259.09861,3058.66566,145.00419,146.59201,146.11026
2000-04-14,1327.24075,4004.61607,2875.90939,136.25458,137.76061,137.30373
2000-04-17,1372.29539,4140.55715,2973.5353,141.05694,142.62788,142.15134
2000-04-18,1410.47407,4255.98462,3056.3792,145.85191,147.48848,146.99206
2000-04-19,1394.14108,4206.76566,3021.01936,145.4888,147.13098,146.63288
2000-04-20,1401.98412,4230.48683,3038.04247,146.4708,148.13455,147.62994
2000-04-21,1401.98412,4230.48683,3038.04247,146.4708,148.14436,147.63679
2000-04-24,1396.71356,4214.5829,3026.62137,145.89687,147.57359,147.06509
2000-04-25,1439.63114,4344.0867,3119.62201,152.36628,154.13012,153.59522
2000-04-26,1425.03763,4300.40433,3088.17622,151.45048,153.21391,152.67917
2000-04-27,1428.49574,4311.28081,3095.8918,153.80816,155.61103,155.06435
2000-04-28,1416.33971,4274.86352,3069.68262,152.55787,154.35653,153.81117
2000-05-01,1429.6209,4314.94951,3098.46745,154.47155,156.30452,155.74878
2000-05-02,1409.10767,4253.04932,3054.01537,152.33893,154.15764,153.60626
2000-05-03,1379.31138,4163.59811,2989.67878,151.84378,153.66668,153.11405
2000-05-04,1372.93654,4144.39906,2975.88339,151.04881,152.87231,152.31953
2000-05-05,1393.68805,4207.09832,3020.89205,153.22882,155.09047,154.52615
2000-05-08,1386.19829,4184.67433,3004.75069,152.23483,154.0947,153.53095
2000-05-09,1375.57107,4152.78812,2981.81312,149.62796,151.46719,150.90973
2000-05-10,1348.45273,4071.45899,2923.30034,145.24558,147.04306,146.49831
2000-05-11,1372.91119,4146.29414,2976.81937,149.12379,150.98159,150.41858
2000-05-12,1384.99083,4182.87597,3003.06155,149.92982,151.80825,151.23901
2000-05-15,1415.24653,4274.39779,3068.73949,151.59171,153.50235,152.92337
2000-05-16,1426.87743,4309.56324,3093.9761,154.73724,156.7,156.10524
2000-05-17,1406.82954,4249.43078,3050.71509,154.98615,156.96258,156.3637
2000-05-18,1395.12823,4214.14855,3025.37214,153.23268,155.19759,154.60223
2000-05-19,1369.52206,4136.9923,2969.94007,150.57189,152.51399,151.92559
2000-05-22,1362.44701,4115.62026,2954.5971,147.93807,149.85733,149.27588
2000-05-23,1337.54912,4040.43071,2900.61416,144.46746,146.35318,145.78194
2000-05-24,1360.39992,4109.63691,2950.2585,147.15416,149.08667,148.50127
2000-05-25,1342.31963,4055.11176,2911.09539,145.28649,147.20489,146.62379
2000-05-26,1338.58658,4044.16128,2903.16381,141.90154,143.78652,143.21559
2000-05-29,1338.58658,4044.16128,2903.16381,141.62621,143.51697,142.94431
2000-05-30,1379.8487,4169.24105,2992.86425,145.24038,147.19135,146.60046
2000-05-31,1377.56729,4163.25888,2988.37376,145.79763,147.76621,147.17001
2000-06-01,1403.41248,4241.40377,3044.45818,147.95071,149.95985,149.35138
2000-06-02,1429.37602,4319.87099,3100.78154,148.59706,150.62536,150.0111
2000-06-05,1421.58079,4296.38026,3083.90536,147.73191,149.75835,149.14468
2000-06-06,1412.51619,4268.98473,3064.24107,144.58554,146.5801,145.97612
2000-06-07,1426.64437,4312.08107,3095.0897,146.30634,148.33573,147.72122
2000-06-08,1416.7854,4282.35619,3073.73803,145.85149,147.8843,147.26877
2000-06-09,1409.44664,4260.17416,3057.81649,145.47745,147.51475,146.89787
2000-06-12,1398.48954,4227.10957,3034.0721,143.90765,145.93309,145.31983
2000-06-13,1419.28226,4290.5261,3079.468,145.01346,147.065,146.44386
2000-06-14,1419.98172,4292.81804,3081.0748,145.34213,147.40825,146.78271
2000-06-15,1428.81081,4319.50969,3100.23214,147.2207,149.32479,148.68777
2000-06-16,1413.32822,4273.26682,3066.92106,144.38257,146.45716,145.8291
2000-06-19,1433.82796,4335.34701,3111.45481,146.56068,148.67798,148.037
2000-06-20,1425.87558,4311.30209,3094.19791,146.48769,148.61375,147.97013
2000-06-21,1429.76823,4323.0819,3102.65007,148.32364,150.48766,149.83257
2000-06-22,1405.87504,4251.0133,3050.88909,146.88511,149.03838,148.38656
2000-06-23,1396.01366,4221.19497,3029.48892,146.32206,148.47685,147.82459
2000-06-26,1405.83041,4250.87932,3050.79272,147.25665,149.43574,148.77613
2000-06-27,1402.53416,4240.91229,3043.63954,145.93799,148.10767,147.45093
2000-06-28,1407.73353,4256.92179,3055.06733,146.07637,148.25798,147.59764
2000-06-29,1398.4631,4228.92176,3034.96537,144.10889,146.27156,145.61698
2000-06-30,1409.30583,4261.81338,3058.5484,144.3096,146.48507,145.82663
2000-07-03,1421.65109,4299.53217,3085.53468,146.64462,148.86682,148.19424
2000-07-04,1421.65109,4299.53217,3085.53468,146.90708,149.14325,148.46646
2000-07-05,1400.76993,4237.27638,3040.66435,143.74296,145.94222,145.27663
2000-07-06,1409.50766,4264.31582,3059.9369,144.76067,146.98597,146.31251
2000-07-07,1429.45763,4324.67232,3103.2468,147.81493,150.09914,149.40786
2000-07-10,1425.8768,4313.83893,3095.4731,146.90297,149.18303,148.49302
2000-07-11,1429.53211,4325.05158,3103.48581,147.5506,149.85104,149.15488
2000-07-12,1439.96029,4356.87675,3126.26316,149.6657,152.01072,151.30107
2000-07-13,1441.55558,4361.77568,3129.76286,151.30555,153.68765,152.9668
2000-07-14,1453.27484,4397.23513,3155.20655,152.20195,154.60902,153.88062
2000-07-17,1454.08766,4399.69669,3156.97236,152.67806,155.10319,154.36934
2000-07-18,1438.99864,4354.09098,3124.23757,151.50701,153.92392,153.19257
2000-07-19,1430.87992,4329.57466,3106.63554,151.95621,154.39077,153.65409
2000-07-20,1444.45337,4370.8456,3136.20592,153.3645,155.83297,155.08604
2000-07-21,1427.22262,4318.70617,3098.79439,150.23492,152.66468,151.92949
2000-07-24,1412.54238,4274.52102,3067.03938,148.59401,151.00773,150.27741
2000-07-25,1418.84711,4293.59988,3080.72878,147.95694,150.37023,149.64005
2000-07-26,1397.11182,4227.9213,3033.58286,145.53577,147.92044,147.19894
2000-07-27,1401.02618,4240.098,3042.24851,146.41747,148.82704,148.09802
2000-07-28,1375.01333,4161.49233,2985.82347,145.57442,147.97995,147.25216
2000-07-31,1382.78062,4185.00012,3002.69004,146.47575,148.90666,148.1712
2000-08-01,1391.34807,4210.92961,3021.29416,147.55049,150.00994,149.26585
2000-08-02,1392.17536,4213.77766,3023.2635,149.52843,152.03236,151.27483
2000-08-03,1403.39468,4248.22562,3047.87349,152.31687,154.87968,154.10434
2000-08-04,1412.52124,4275.8527,3067.69443,152.59032,155.16814,154.38827
2000-08-07,1424.72304,4312.8523,3094.22601,153.9508,156.56297,155.77271
2000-08-08,1428.75247,4325.32238,3103.11395,155.86187,158.51837,157.7147
2000-08-09,1418.29374,4294.00563,3080.57205,155.08289,157.73655,156.93376
2000-08-10,1406.67211,4259.5043,3055.67313,151.91666,154.52794,153.73799
2000-08-11,1416.52867,4289.57391,3077.19635,153.6659,156.3189,155.51634
2000-08-14,1434.56431,4344.33944,3116.45114,155.75152,158.45255,157.63546
2000-08-15,1427.26762,4322.37657,3100.66705,153.40667,156.07835,155.27016
2000-08-16,1423.13924,4310.48291,3092.00407,153.21461,155.8932,155.08293
2000-08-17,1434.90952,4346.1657,3117.59317,153.99196,156.69504,155.87736
2000-08-18,1429.47466,4329.90636,3105.88651,154.38776,157.1084,156.28542
2000-08-21,1437.74237,4354.96388,3123.85741,156.14839,158.91187,158.07593
2000-08-22,1435.93171,4349.4822,3119.92473,156.9241,159.7124,158.86896
2000-08-23,1443.8245,4373.6357,3137.19733,158.53684,161.36568,160.50998
2000-08-24,1445.77805,4379.58994,3141.46042,157.19505,160.0108,159.15908
2000-08-25,1445.15332,4377.74775,3140.12822,156.7538,159.57214,158.71963
2000-08-28,1453.1667,4402.09881,3157.57862,158.62217,161.48617,160.61986
2000-08-29,1450.15655,4393.32234,3151.20971,158.79689,161.67484,160.80431
2000-08-30,1442.13363,4370.2053,3134.37268,158.4398,161.32188,160.45011
2000-08-31,1453.34454,4404.20383,3158.75146,160.45274,163.38373,162.49717
2000-09-01,1455.05739,4409.48476,3162.51959,158.69618,161.60633,160.72608
2000-09-04,1455.05739,4409.48476,3162.51959,158.74028,161.66195,160.77822
2000-09-05,1442.61441,4371.77886,3135.47617,159.78932,162.74182,161.84877
2000-09-06,1427.3058,4325.70578,3102.36353,159.54301,162.50164,161.60674
2000-09-07,1434.63534,4347.93923,3118.30491,161.6695,164.68004,163.76944
2000-09-08,1428.41082,4329.09452,3104.78536,161.82269,164.84706,163.93228
2000-09-11,1423.4925,4314.2292,3094.11534,162.12628,165.16741,164.24756
2000-09-12,1416.77594,4293.88595,3079.52263,161.56754,164.60901,163.68907
2000-09-13,1418.06525,4298.80885,3082.83482,160.99442,164.03591,163.11596
2000-09-14,1413.76094,4285.79636,3073.49536,161.09269,164.14694,163.22314
2000-09-15,1399.21554,4241.7022,3041.87389,159.13049,162.15896,161.24296
2000-09-18,1379.40106,4181.76667,2998.86366,158.46525,161.49171,160.57633
2000-09-19,1394.01548,4226.07149,3030.63591,160.29424,163.3678,162.43818
2000-09-20,1386.57861,4203.61803,3014.51409,160.58668,163.67683,162.74219
2000-09-21,1386.74394,4204.22465,3014.92644,159.58898,162.67077,161.73866
2000-09-22,1386.98141,4204.95959,3015.45025,154.40257,157.39752,156.49171
2000-09-25,1377.11286,4175.04162,2993.99537,154.78742,157.80049,156.8892
2000-09-26,1365.01299,4138.3703,2967.69508,152.23324,155.20801,154.30832
2000-09-27,1364.26243,4136.7009,2966.36753,151.95099,154.93043,154.02932
2000-09-28,1392.79541,4223.24947,3028.42353,154.83907,157.88758,156.96558
2000-09-29,1373.01574,4163.80939,2985.68469,152.71797,155.73587,154.82314
2000-10-02,1369.53839,4153.264,2978.12305,152.46942,155.49263,154.57829
2000-10-03,1358.23818,4119.09228,2953.59908,152.12587,155.15247,154.23711
2000-10-04,1367.66704,4148.24663,2974.38383,153.80497,156.87661,155.94763
2000-10-05,1368.1121,4150.45489,2975.78257,154.44783,157.54314,156.607
2000-10-06,1344.95769,4080.21114,2925.41938,151.79898,154.85267,153.92913
2000-10-09,1337.21352,4056.71759,2908.57503,151.03782,154.0864,153.16441
2000-10-10,1323.42742,4015.1036,2878.69378,149.61843,152.64881,151.73233
2000-10-11,1297.53857,3936.85089,2822.52671,145.7348,148.69845,147.80217
2000-10-12,1263.68377,3834.22334,2748.92828,143.81667,146.75175,145.86412
2000-10-13,1303.87162,3956.15984,2836.35008,148.90832,151.95993,151.03705
2000-10-16,1302.54502,3952.13472,2833.46429,150.65878,153.75775,152.82054
2000-10-17,1279.9535,3883.6535,2784.35299,147.82798,150.88006,149.95705
2000-10-18,1273.70946,3864.98943,2770.91135,147.49733,150.55248,149.62854
2000-10-19,1316.26041,3994.11639,2863.48393,153.87715,157.07747,156.10961
2000-10-20,1322.14922,4011.98567,2876.29486,154.94389,158.17763,157.19967
2000-10-23,1323.24092,4015.29836,2878.66982,155.36864,158.62198,157.63808
2000-10-24,1326.41603,4024.93304,2885.57717,155.5182,158.78525,157.7972
2000-10-25,1301.19048,3948.47205,2830.74216,154.12549,157.37401,156.39158
2000-10-26,1302.79074,3953.34201,2834.23053,154.2592,157.52102,156.53456
2000-10-27,1316.68691,3995.75023,2864.58221,153.36076,156.614,155.63014
2000-10-30,1331.89028,4042.21731,2897.82395,154.71847,158.01198,157.01593
2000-10-31,1361.95043,4133.47048,2963.23764,157.71576,161.08579,160.06659
2000-11-01,1356.38044,4116.90578,2951.28947,155.23923,158.56792,157.56124
2000-11-02,1365.48409,4144.91771,2971.28859,155.8269,159.17909,158.16529
2000-11-03,1362.75731,4136.7276,2965.39879,154.88545,158.22792,157.21706
2000-11-06,1368.28091,4153.5029,2977.42237,155.94663,159.3233,158.3021
2000-11-07,1368.82493,4155.26126,2978.65984,156.09926,159.48986,158.46444
2000-11-08,1347.68222,4091.40672,2932.81597,154.47788,157.84417,156.82611
2000-11-09,1338.72818,4065.00623,2913.72311,152.987,156.33154,155.32006
2000-11-10,1305.13142,3962.99072,2840.60023,148.3617,151.61771,150.63302
2000-11-13,1290.21223,3918.13268,2808.3514,147.23699,150.47846,149.49817
2000-11-14,1320.88227,4011.51243,2875.23032,151.09714,154.43618,153.42637
2000-11-15,1327.40682,4031.92884,2889.73436,151.60497,154.96578,153.94938
2000-11-16,1312.21612,3985.82456,2856.68295,150.76471,154.11713,153.10327
2000-11-17,1307.94187,3973.03946,2847.4772,150.56443,153.92253,152.90694
2000-11-20,1281.57606,3892.96565,2790.08493,148.18102,151.49703,150.49419
2000-11-21,1284.07815,3900.84949,2795.67434,149.04974,152.39588,151.38391
2000-11-22,1259.01045,3824.70378,2741.10058,146.54727,149.84828,148.84997
2000-11-23,1259.01045,3824.70378,2741.10058,146.7474,150.06295,149.06024
2000-11-24,1278.99991,3885.49479,2784.65434,149.48561,152.87505,151.84998
2000-11-27,1285.70193,3905.86655,2799.25187,148.65807,152.03884,151.0164
2000-11-28,1272.8578,3867.2378,2771.48344,146.13152,149.46588,148.45748
2000-11-29,1280.06886,3890.28222,2787.75426,146.08794,149.43118,148.42009
2000-11-30,1253.09603,3808.30856,2729.0124,141.29289,144.53865,143.55705
2000-12-01,1251.68088,3804.00773,2725.93045,140.73722,143.9797,142.99909
2000-12-04,1260.24985,3830.06266,2744.59851,139.08769,142.30214,141.33001
2000-12-05,1309.40638,3979.46738,2851.65848,145.23138,148.60012,147.58131
2000-12-06,1285.21086,3906.6988,2799.34858,142.61222,145.9311,144.92738
2000-12-07,1277.27497,3882.62593,2782.08836,140.90329,144.19254,143.19778
2000-12-08,1303.87118,3963.51277,2840.03899,144.11262,147.48864,146.46763
2000-12-11,1316.0295,4000.53325,2866.55263,147.13816,150.59706,149.55097
2000-12-12,1309.68748,3981.25445,2852.73855,146.55429,150.00936,148.96442
2000-12-13,1300.37109,3953.9018,2832.93118,145.7777,149.22435,148.18195
2000-12-14,1281.49443,3896.56479,2791.83703,141.74313,145.1062,144.08909
2000-12-15,1250.88265,3803.53999,2725.17426,136.80786,140.06588,139.08055
2000-12-18,1260.21417,3831.98462,2745.53924,138.09002,141.38889,140.3912
2000-12-19,1242.73301,3778.8491,2707.46438,136.89276,140.17257,139.18064
2000-12-20,1199.60509,3647.93129,2613.61649,129.84688,132.9707,132.02596
2000-12-21,1209.71069,3678.70399,2635.655,129.90214,133.03611,132.0883
2000-12-22,1238.21084,3765.37319,2697.75009,131.60911,134.79445,133.83109
2000-12-25,1238.21084,3765.37319,2697.75009,131.60911,134.80338,133.8373
2000-12-26,1246.33993,3790.09359,2715.46134,131.703,134.90851,133.93903
2000-12-27,1258.22591,3827.15503,2741.81751,132.71611,135.95602,134.97613
2000-12-28,1263.03408,3841.83812,2752.32416,133.92126,137.20058,136.20875
2000-12-29,1249.8641,3801.77829,2723.62498,130.66862,133.87887,132.90795
2001-01-01,1249.8641,3801.77829,2723.62498,130.66862,133.87887,132.90795
2001-01-02,1216.75468,3701.06879,2651.47561,126.0525,129.14938,128.21274
2001-01-03,1277.64846,3886.87759,2784.46484,132.59184,135.86983,134.87836
2001-01-04,1262.98196,3842.31222,2752.52784,131.23629,134.48262,133.50073
2001-01-05,1229.20933,3739.56731,2678.92419,126.78075,129.91688,128.96831
2001-01-08,1226.20319,3730.97642,2672.65073,126.71037,129.86405,128.91012
2001-01-09,1233.25093,3752.56084,2688.08239,128.6919,131.89983,130.92948
2001-01-10,1245.06869,3788.71948,2713.94118,129.90439,133.14955,132.16792
2001-01-11,1257.25777,3825.84857,2740.52939,129.91261,133.15929,132.1772
2001-01-12,1250.34573,3804.81514,2725.46274,129.35495,132.5877,131.60982
2001-01-15,1250.34573,3804.81514,2725.46274,130.28877,133.54486,132.55992
2001-01-16,1259.71219,3833.65686,2746.04966,131.41127,134.70733,133.71027
2001-01-17,1260.89415,3837.5209,2748.76011,133.019,136.36487,135.35272
2001-01-18,1277.85381,3889.20967,2785.76851,132.79568,136.13847,135.12724
2001-01-19,1273.68411,3876.52784,2776.68284,133.69292,137.05861,136.04045
2001-01-22,1272.82967,3873.9273,2774.82013,133.56752,136.93005,135.91285
2001-01-23,1288.409,3921.34387,2808.78371,134.64099,138.03054,137.00517
2001-01-24,1294.03775,3938.50136,2821.06768,137.63236,141.09816,140.04972
2001-01-25,1287.0986,3917.39552,2805.947,137.29601,140.75384,139.70781
2001-01-26,1284.58519,3909.74885,2800.46918,136.76037,140.20482,139.16284
2001-01-29,1292.26365,3933.38458,2817.34186,138.10212,141.58993,140.5348
2001-01-30,1301.87168,3962.9477,2838.44847,138.21844,141.72057,140.66108
2001-01-31,1294.40249,3940.79859,2822.45803,136.62006,140.10257,139.04896
2001-02-01,1301.2325,3962.01988,2837.56521,135.83644,139.314,138.26185
2001-02-02,1277.17892,3888.78105,2785.11217,134.31111,137.74962,136.70928
2001-02-05,1282.51496,3905.12706,2796.79784,133.91811,137.35004,136.31168
2001-02-06,1281.54947,3902.26867,2794.7332,135.04564,138.50935,137.46137
2001-02-07,1270.74478,3870.27957,2771.62751,133.74195,137.20451,136.15679
2001-02-08,1262.43642,3845.0425,2753.53995,134.87782,138.37221,137.31485
2001-02-09,1242.84605,3785.52119,2710.88382,131.9803,135.40484,134.3686
2001-02-12,1258.6037,3833.56259,2745.2773,132.87733,136.32678,135.283
2001-02-13,1247.0765,3798.84445,2720.33077,132.86798,136.33127,135.28326
2001-02-14,1243.5606,3789.00611,2713.0983,132.89007,136.38531,135.32755
2001-02-15,1253.99246,3821.08288,2736.004,136.21453,139.8079,138.72041
2001-02-16,1234.27513,3761.04046,2693.00356,132.29389,135.78523,134.72862
2001-02-19,1234.27513,3761.04046,2693.00356,131.58978,135.06254,134.01155
2001-02-20,1213.19895,3696.86482,2647.04203,131.0221,134.48159,133.4346
2001-02-21,1190.97936,3629.36779,2598.66733,128.15009,131.54137,130.51501
2001-02-22,1187.93761,3620.18979,2592.07616,128.44233,131.84468,130.81496
2001-02-23,1181.24433,3599.85323,2577.50198,127.64834,131.03187,130.00784
2001-02-26,1203.67158,3668.3582,2626.5178,129.87885,133.32724,132.28356
2001-02-27,1194.61894,3641.07721,2606.91861,127.63919,131.03921,130.01014
2001-02-28,1177.19611,3588.64748,2569.23563,125.64771,129.01889,127.99848
2001-03-01,1178.16597,3591.65582,2571.37829,124.38511,127.72425,126.71353
2001-03-02,1169.86207,3566.34354,2553.25595,122.74268,126.03781,125.04042
2001-03-05,1176.3335,3586.71617,2567.70295,124.28522,127.64469,126.62776
2001-03-06,1186.5916,3618.03019,2590.1126,125.18039,128.56535,127.5407
2001-03-07,1193.90211,3641.01315,2606.41715,126.37268,129.81457,128.77261
2001-03-08,1196.66493,3649.47829,2612.46844,126.03988,129.47411,128.43447
2001-03-09,1167.57119,3560.8165,2548.98607,122.98215,126.3354,125.32026
2001-03-12,1115.39507,3401.7111,2435.08739,117.82142,121.03464,120.0619
2001-03-13,1134.12715,3459.6455,2476.38624,121.36089,124.69968,123.68884
2001-03-14,1104.38755,3368.93408,2411.45381,118.89793,122.16928,121.17885
2001-03-15,1110.48086,3387.54985,2424.77278,120.2331,123.54222,122.54035
2001-03-16,1087.60504,3317.82982,2374.85433,119.05647,122.33553,121.34276
2001-03-19,1106.95445,3376.93226,2417.14279,120.99242,124.32758,123.31781
2001-03-20,1080.0754,3294.98581,2358.4759,117.4138,120.65223,119.67175
2001-03-21,1059.85334,3233.41713,2314.38008,115.9087,119.11014,118.14085
2001-03-22,1054.44764,3216.99456,2302.61046,117.12496,120.36259,119.38233
2001-03-23,1076.11742,3283.10649,2349.93103,118.2672,121.53639,120.54657
2001-03-26,1090.21636,3326.12154,2380.71949,119.50225,122.80562,121.80545
2001-03-27,1120.31723,3417.95576,2446.45115,122.43255,125.81691,124.79222
2001-03-28,1093.17706,3335.6647,2387.44054,120.66902,124.02362,123.00789
2001-03-29,1089.11998,3323.32117,2378.59815,121.20258,124.57336,123.55273
2001-03-30,1101.09849,3359.8722,2404.75879,122.25838,125.65852,124.629
2001-04-02,1087.3424,3317.8971,2374.71599,121.01163,124.3771,123.35807
2001-04-03,1048.64967,3199.83079,2290.21247,116.08028,119.30861,118.3311
2001-04-04,1045.58365,3191.12751,2283.84322,113.67683,116.8622,115.89764
2001-04-05,1092.28006,3333.69847,2385.86773,119.57489,122.9275,121.91229
2001-04-06,1071.00944,3269.70463,2339.86984,116.62847,119.9324,118.93183
2001-04-09,1080.16021,3297.64572,2359.8641,117.54019,120.87011,119.86166
2001-04-10,1108.31267,3384.00873,2421.57802,122.20918,125.68682,124.63359
2001-04-11,1105.16386,3374.4315,2414.71666,122.61961,126.11031,125.05312
2001-04-12,1120.73223,3421.9669,2448.73262,123.12219,126.6272,125.56568
2001-04-13,1120.73223,3421.9669,2448.73262,123.12219,126.6272,125.56568
2001-04-16,1118.19133,3414.20868,2443.1809,124.11413,127.64738,126.57731
2001-04-17,1130.58967,3452.06492,2470.27053,125.80327,129.3846,128.29997
2001-04-18,1173.59549,3583.60919,2564.3525,131.98765,135.75388,134.61322
2001-04-19,1189.63574,3632.63448,2599.42408,131.35343,135.10326,133.96756
2001-04-20,1180.09183,3603.50033,2578.5745,128.53561,132.20532,131.09389
2001-04-23,1162.19365,3548.84688,2539.46586,127.13636,130.76613,129.66679
2001-04-24,1147.60492,3504.29907,2507.58856,126.01797,129.61581,128.52615
2001-04-25,1167.05976,3563.73146,2550.11141,127.68291,131.32922,130.22487
2001-04-26,1172.97814,3582.11681,2563.20028,127.6687,131.32608,130.21834
2001-04-27,1189.11851,3631.50273,2598.51813,130.76675,134.51641,133.38072
2001-04-30,1185.82339,3621.65031,2591.423,131.28694,135.05938,133.91676
2001-05-01,1202.82684,3673.60401,2628.59282,132.46718,136.27439,135.12124
2001-05-02,1204.13697,3677.91034,2631.60868,132.56685,136.38823,135.23075
2001-05-03,1185.88269,3622.64953,2591.96236,130.26496,134.0383,132.89532
2001-05-04,1203.74917,3677.22827,2631.0128,132.00593,135.8297,134.67144
2001-05-07,1201.09095,3669.17372,2625.23574,132.25375,136.08715,134.92596
2001-05-08,1198.33159,3660.95557,2619.31042,132.88161,136.74109,135.57198
2001-05-09,1192.5959,3644.00703,2607.06096,132.38018,136.24658,135.07531
2001-05-10,1191.911,3642.53768,2605.87594,132.46895,136.36127,135.18208
2001-05-11,1182.79768,3615.08434,2586.15049,132.51392,136.42257,135.23838
2001-05-14,1186.66481,3627.05163,2594.6799,133.27424,137.2109,136.01821
2001-05-15,1186.30157,3625.97094,2593.90046,132.5283,136.44404,135.25769
2001-05-16,1219.99724,3729.68146,2667.93734,135.41412,139.44199,138.22158
2001-05-17,1222.55176,3737.51293,2673.53468,136.15959,140.21045,138.98307
2001-05-18,1224.60909,3743.9999,2678.1326,137.07307,141.15856,139.92066
2001-05-21,1242.15144,3797.63218,2716.49648,139.32261,143.47515,142.21693
2001-05-22,1239.08616,3788.26067,2709.79291,140.35816,144.54156,143.274
2001-05-23,1220.46846,3731.43761,2669.12584,139.16468,143.31623,142.05831
2001-05-24,1225.11891,3745.72997,2679.33336,140.22438,144.4104,143.14202
2001-05-25,1210.95242,3702.42838,2648.35709,138.72424,142.86593,141.61098
2001-05-28,1210.95242,3702.42838,2648.35709,138.20002,142.32606,141.07585
2001-05-29,1201.51686,3673.77295,2627.81829,138.07036,142.20001,140.94869
2001-05-30,1183.68754,3620.24691,2589.31932,135.52175,139.61331,138.37341
2001-05-31,1191.15804,3643.44492,2605.83623,137.93776,142.11592,140.84973
2001-06-01,1196.04299,3658.38672,2616.52279,138.69162,142.89261,141.6195
2001-06-04,1202.59004,3678.4909,2630.88471,139.2616,143.48292,142.20364
2001-06-05,1217.21265,3723.22922,2662.87963,140.88843,145.15947,143.86513
2001-06-06,1204.39058,3684.36692,2635.00822,139.61011,143.85638,142.5695
2001-06-07,1210.36486,3702.69639,2648.10573,139.71688,143.96847,142.67996
2001-06-08,1199.12425,3668.32981,2623.523,138.7375,142.96008,141.68036
2001-06-11,1190.29913,3641.35167,2604.22454,138.79625,143.02138,141.74089
2001-06-12,1191.68839,3645.63819,2607.28236,137.7635,141.95862,140.68722
2001-06-13,1178.86998,3607.30474,2579.67809,135.88953,140.06178,138.7972
2001-06-14,1159.04301,3546.63485,2536.29146,132.46839,136.5356,135.30286
2001-06-15,1152.70629,3527.24466,2522.42503,131.22464,135.25366,134.03249
2001-06-18,1147.826,3512.44687,2511.81363,130.8132,134.8348,133.61586
2001-06-19,1151.98818,3525.20355,2520.93185,131.88476,135.94008,134.71092
2001-06-20,1164.56921,3563.83483,2548.5294,134.18591,138.31711,137.06494
2001-06-21,1177.15442,3602.44415,2576.11871,135.36588,139.53712,138.2728
2001-06-22,1165.39242,3566.45575,2550.38183,133.87999,138.00571,136.75519
2001-06-25,1158.442,3545.18621,2535.17174,132.0154,136.08369,134.85057
2001-06-26,1155.51715,3536.23527,2528.7709,131.62859,135.68496,134.45546
2001-06-27,1150.61916,3521.72098,2518.28977,131.33739,135.40305,134.17067
2001-06-28,1165.98158,3568.77477,2551.92946,134.88702,139.06388,137.79779
2001-06-29,1163.13601,3560.06521,2545.7015,134.85983,139.03585,137.77002
2001-07-02,1176.39141,3600.63665,2574.71298,136.44509,140.67019,139.38948
2001-07-03,1173.44749,3592.28807,2568.60113,136.0313,140.26944,138.98469
2001-07-04,1173.44749,3592.28807,2568.60113,136.1841,140.427,139.1408
2001-07-05,1157.85383,3545.2753,2534.83013,135.79535,140.05476,138.76347
2001-07-06,1131.13861,3464.33854,2476.77607,131.46826,135.62574,134.36524
2001-07-09,1140.20701,3492.18122,2496.667,131.78879,135.95909,134.69469
2001-07-10,1124.51985,3444.34485,2462.42234,128.95816,133.04699,131.80727
2001-07-11,1123.416,3441.16516,2460.10595,128.02385,132.09079,130.85768
2001-07-12,1150.17487,3523.16223,2518.71935,132.43406,136.64231,135.36635
2001-07-13,1157.37376,3545.21353,2534.4839,133.38814,137.6267,136.34155
2001-07-16,1146.28116,3511.2352,2510.19268,131.59209,135.77358,134.50573
2001-07-17,1158.12331,3547.5095,2536.12529,133.49804,137.7401,136.45388
2001-07-18,1151.87481,3528.66518,2522.58999,129.76788,133.90264,132.64892
2001-07-19,1158.7101,3549.61333,2537.56362,130.77058,134.93762,133.67411
2001-07-20,1154.43567,3536.51896,2528.20265,129.81798,133.95466,132.70036
2001-07-23,1134.94022,3476.79626,2485.50782,128.33881,132.42835,131.18835
2001-07-24,1116.31457,3419.73808,2444.71781,125.30869,129.30168,128.09095
2001-07-25,1133.91722,3473.66238,2483.26745,126.59691,130.63095,129.40777
2001-07-26,1144.32942,3505.57326,2506.07705,128.10911,132.19187,130.95392
2001-07-27,1145.80045,3510.33995,2509.42886,128.77317,132.88694,131.63956
2001-07-30,1145.34897,3509.12009,2508.5218,128.45768,132.56754,131.32132
2001-07-31,1151.13329,3526.86513,2521.20203,129.13594,133.26837,132.0153
2001-08-01,1155.12598,3539.47713,2530.13649,128.99412,133.13628,131.88021
2001-08-02,1160.19326,3555.44062,2541.45411,129.1266,133.28938,132.02701
2001-08-03,1154.4847,3538.03241,2528.99219,127.93998,132.0677,130.81595
2001-08-06,1141.0031,3496.71792,2499.46026,127.20715,131.31128,130.06668
2001-08-07,1145.70867,3511.24653,2509.82219,128.26352,132.4058,131.14962
2001-08-08,1125.83771,3450.81711,2466.52696,126.09647,130.18646,128.94607
2001-08-09,1125.41929,3450.33254,2466.00951,124.29793,128.35927,127.12747
2001-08-10,1132.07336,3470.76193,2480.60447,124.1042,128.16028,126.93007
2001-08-13,1132.10124,3471.23885,2480.8614,123.67215,127.72852,126.49818
2001-08-14,1126.81705,3455.14941,2469.33822,123.24579,127.29233,126.06495
2001-08-15,1118.30805,3429.85083,2451.08782,120.47589,124.46024,123.25163
2001-08-16,1122.04798,3441.41987,2459.33431,120.65367,124.64748,123.43598
2001-08-17,1102.43426,3381.47697,2416.45154,118.05959,121.97526,120.78744
2001-08-20,1111.36029,3408.85561,2436.01671,119.54371,123.5086,122.30585
2001-08-21,1097.60759,3366.68048,2405.87599,118.05793,121.97384,120.78595
2001-08-22,1104.74523,3388.82372,2421.64624,117.74184,121.65624,120.46878
2001-08-23,1101.39132,3378.56387,2414.30851,118.40003,122.33734,121.14292
2001-08-24,1123.253,3445.69349,2462.26449,120.75679,124.77493,123.55598
2001-08-27,1117.59857,3428.36083,2449.87595,120.6179,124.63188,123.41419
2001-08-28,1100.61763,3376.33345,2412.68402,118.79827,122.75402,121.55399
2001-08-29,1087.24933,3335.87431,2383.65445,117.23929,121.16312,119.97271
2001-08-30,1067.88461,3276.90479,2341.42231,115.2905,119.16528,117.98969
2001-08-31,1072.9971,3292.64809,2352.65944,115.94448,119.84324,118.66037
2001-09-03,1072.9971,3292.64809,2352.65944,116.19392,120.10107,118.91565
2001-09-04,1074.3189,3296.72751,2355.56927,118.38103,122.3626,121.1546
2001-09-05,1074.37678,3297.51674,2356.00209,118.69389,122.70874,121.49056
2001-09-06,1049.70352,3221.88824,2301.94586,115.62968,119.54457,118.35671
2001-09-07,1029.69558,3160.4782,2258.06996,111.87512,115.66293,114.51362
2001-09-10,1037.90385,3185.71092,2276.08969,113.27475,117.11138,115.94726
2001-09-11,1037.90385,3185.71092,2276.08969,112.26984,116.07242,114.91863
2001-09-12,1037.90385,3185.71092,2276.08969,112.48678,116.29671,115.14069
2001-09-13,1037.90385,3185.71092,2276.08969,112.15859,115.95741,114.80476
2001-09-14,1037.90385,3185.71092,2276.08969,110.66006,114.40812,113.27087
2001-09-17,985.07235,3024.07364,2160.49305,105.15859,108.73909,107.65262
2001-09-18,980.09532,3008.86034,2149.61012,104.36621,107.92209,106.84308
2001-09-19,964.80744,2962.09621,2116.16432,101.88713,105.36457,104.30934
2001-09-20,934.81915,2870.03666,2050.39376,98.9705,102.3487,101.32358
2001-09-21,917.7091,2817.50737,2012.86586,98.34177,101.69855,100.67993
2001-09-24,954.90016,2931.69529,2094.44207,102.42221,105.91848,104.85754
2001-09-25,962.44378,2955.41174,2111.26617,102.29236,105.80411,104.7384
2001-09-26,958.33214,2943.85109,2102.7793,102.10967,105.65337,104.57783
2001-09-27,968.73146,2975.83739,2125.61814,103.30742,106.89418,105.80556
2001-09-28,989.91972,3040.92659,2172.11061,106.69139,110.39568,109.27139
2001-10-01,988.42364,3036.33078,2168.82786,105.94846,109.62695,108.51049
2001-10-02,1000.15393,3072.36498,2194.56681,107.15901,110.87953,109.75031
2001-10-03,1019.4541,3132.55134,2237.36497,108.72249,112.52957,111.37396
2001-10-04,1016.17545,3122.49594,2230.17899,109.20939,113.03421,111.87321
2001-10-05,1017.36489,3126.97622,2233.20209,108.67681,112.51267,111.34821
2001-10-08,1009.06826,3101.49821,2215.00155,107.77295,111.57772,110.4227
2001-10-09,1003.02341,3083.12806,2201.83723,107.22067,111.01349,109.86207
2001-10-10,1026.38856,3155.08449,2253.19632,110.54302,114.45829,113.26968
2001-10-11,1041.88564,3202.94146,2287.32625,113.38782,117.41189,116.19022
2001-10-12,1036.57597,3186.6186,2275.66955,112.31186,116.29774,115.08767
2001-10-15,1035.35154,3182.85447,2272.98146,111.99992,115.97474,114.76802
2001-10-16,1042.49887,3204.82664,2288.67251,112.58077,116.5762,115.36323
2001-10-17,1022.78599,3144.47247,2245.51875,110.71995,114.65834,113.46265
2001-10-18,1015.6777,3122.67451,2229.9405,110.41932,114.34905,113.15598
2001-10-19,1020.62656,3137.88964,2240.80581,111.63741,115.6105,114.40426
2001-10-22,1036.76071,3187.49366,2276.22865,114.11432,118.17556,116.94257
2001-10-23,1031.35403,3170.87096,2264.35818,113.96011,118.01586,116.78453
2001-10-24,1030.73865,3168.97899,2263.0071,113.45784,117.49572,116.26982
2001-10-25,1044.00079,3209.76705,2292.13137,114.34064,118.41045,117.17485
2001-10-26,1047.55545,3220.69813,2299.93688,115.23786,119.3397,118.09437
2001-10-29,1021.97012,3142.30985,2243.90032,110.92525,114.88357,113.68178
2001-10-30,1004.57489,3088.94285,2205.76583,108.49725,112.37327,111.19645
2001-10-31,1003.34118,3085.4531,2203.20878,109.33852,113.25575,112.06638
2001-11-01,1026.35338,3156.67311,2253.96725,111.13678,115.13496,113.92095
2001-11-02,1028.45896,3163.16894,2258.60123,111.64807,115.66537,114.44555
2001-11-05,1042.40231,3206.11415,2289.25249,114.09555,118.20315,116.95591
2001-11-06,1058.20324,3254.71303,2323.95341,115.82503,119.9949,118.72875
2001-11-07,1054.90724,3245.75919,2317.30657,115.07928,119.26579,117.99442
2001-11-08,1058.60799,3257.35513,2325.54063,116.44719,120.69122,119.40235
2001-11-09,1060.52985,3263.31864,2329.7875,116.50844,120.75655,119.46644
2001-11-12,1058.15806,3256.02048,2324.57711,116.11791,120.35178,119.06599
2001-11-13,1077.78371,3316.99999,2367.98594,119.95463,124.35052,123.01544
2001-11-14,1081.05986,3327.97127,2375.62797,120.07418,124.50769,123.16106
2001-11-15,1083.16282,3334.48761,2380.27047,120.66277,125.11961,123.76589
2001-11-16,1079.39788,3323.13338,2372.11489,119.6729,124.102,122.75667
2001-11-19,1091.35807,3359.99686,2398.41979,121.83151,126.34206,124.97199
2001-11-20,1083.04303,3334.55417,2380.22475,120.40345,124.86701,123.51119
2001-11-21,1077.57795,3317.82205,2368.26109,120.71193,125.19048,123.83009
2001-11-22,1077.57795,3317.82205,2368.26109,120.30688,124.7704,123.41457
2001-11-23,1090.18648,3356.69241,2395.99623,122.06863,126.59937,125.22312
2001-11-26,1096.5938,3376.43919,2410.08744,122.42295,126.96754,125.58708
2001-11-27,1088.63493,3351.98152,2392.6194,121.18983,125.69044,124.32333
2001-11-28,1068.79377,3291.50626,2349.32048,118.42365,122.84457,121.50158
2001-11-29,1079.6338,3325.23775,2373.32189,119.52355,123.9985,122.63905
2001-11-30,1078.98896,3323.25168,2371.90437,118.28479,122.71336,121.368
2001-12-03,1069.68884,3294.62049,2351.46668,117.89069,122.30499,120.96396
2001-12-04,1083.62999,3337.55896,2382.11311,119.31327,123.78084,122.42363
2001-12-05,1107.22923,3411.2421,2434.48924,122.36465,126.98361,125.58026
2001-12-06,1104.79317,3403.84052,2429.18479,121.67757,126.27445,124.8778
2001-12-07,1096.04638,3376.89278,2409.95307,120.76844,125.33101,123.94478
2001-12-10,1078.43322,3322.6859,2371.2552,119.12862,123.63143,122.26334
2001-12-11,1075.17656,3312.83346,2364.18509,118.74883,123.24403,121.87823
2001-12-12,1075.62905,3314.71733,2365.42468,117.93621,122.41874,121.05672
2001-12-13,1058.83783,3263.04487,2328.53508,115.79119,120.19485,118.85679
2001-12-14,1061.96153,3272.67123,2335.40452,115.47664,119.86833,118.5339
2001-12-17,1073.24298,3307.50589,2360.24819,116.40676,120.83632,119.49038
2001-12-18,1081.17957,3332.02327,2377.73135,117.69678,122.17758,120.81605
2001-12-19,1088.29847,3354.11606,2393.46391,118.90032,123.43258,122.0554
2001-12-20,1079.24868,3326.75316,2373.8249,118.04957,122.56887,121.19555
2001-12-21,1083.03699,3338.50215,2382.19313,119.85299,124.44401,123.04888
2001-12-24,1082.23231,3336.02169,2380.42319,120.971,125.60483,124.1967
2001-12-25,1082.23231,3336.02169,2380.42319,120.971,125.60483,124.1967
2001-12-26,1086.72467,3349.88018,2390.30967,121.36948,126.01899,124.60609
2001-12-27,1094.15528,3373.93538,2407.2281,121.1107,125.79316,124.37007
2001-12-28,1097.46915,3384.22438,2414.55401,122.15942,126.88507,125.44885
2001-12-31,1084.54448,3344.37017,2386.11885,119.55478,124.17971,122.7741
2002-01-01,1084.54448,3344.37017,2386.11885,119.55478,124.17971,122.7741
2002-01-02,1091.7408,3367.12089,2402.23109,118.50475,123.10952,121.70996
2002-01-03,1102.55805,3400.53772,2426.06025,120.19066,124.86294,123.44285
2002-01-04,1109.77752,3422.80419,2441.94592,121.74839,126.48123,125.04273
2002-01-07,1102.35877,3399.94135,2425.63087,121.2462,125.9602,124.52742
2002-01-08,1098.40304,3388.75037,2417.4308,120.99415,125.7358,124.29448
2002-01-09,1093.02627,3372.29486,2405.66355,120.69989,125.43494,123.9956
2002-01-10,1094.33389,3376.39738,2408.57554,120.24902,124.96891,123.53417
2002-01-11,1083.97387,3344.59558,2385.85476,119.45163,124.14625,122.71917
2002-01-14,1077.30383,3324.01521,2371.17382,118.21228,122.85819,121.44591
2002-01-15,1085.27904,3348.62267,2388.72746,119.51495,124.21206,122.78422
2002-01-16,1067.69446,3294.62612,2350.15347,118.60309,123.27411,121.85416
2002-01-17,1078.95352,3329.42386,2374.96389,120.2621,125.00053,123.56008
2002-01-18,1067.4728,3294.00517,2349.69703,118.58518,123.25786,121.83739
2002-01-21,1067.4728,3294.00517,2349.69703,118.61874,123.29274,121.87187
2002-01-22,1059.1214,3268.23446,2331.31413,117.79742,122.43905,121.02802
2002-01-23,1067.26747,3293.38125,2349.2499,118.47521,123.14392,121.72466
2002-01-24,1070.74562,3304.12611,2356.91191,119.66658,124.38268,122.94901
2002-01-25,1072.04795,3308.14489,2359.7786,121.70368,126.50007,125.04199
2002-01-28,1072.07171,3308.28597,2359.86474,122.1656,126.98279,125.51837
2002-01-29,1041.35302,3213.78459,2292.39239,118.61691,123.30541,121.88008
2002-01-30,1052.4817,3248.46847,2317.05987,119.84282,124.59277,123.1487
2002-01-31,1068.13315,3297.20811,2351.73239,121.78041,126.62373,125.15121
2002-02-01,1060.10558,3272.42788,2334.0579,120.84411,125.6502,124.18899
2002-02-04,1033.53612,3190.4212,2275.56447,117.1014,121.75903,120.34296
2002-02-05,1030.3949,3180.81888,2268.69545,116.45647,121.09204,119.68266
2002-02-06,1024.34079,3162.4683,2255.53462,115.73225,120.35187,118.94728
2002-02-07,1021.14395,3153.32861,2248.85983,115.27818,119.90743,118.4998
2002-02-08,1036.84159,3201.83577,2283.44678,116.66787,121.35415,119.92918
2002-02-11,1051.41314,3247.00142,2315.62158,117.58631,122.31581,120.87767
2002-02-12,1047.22944,3234.09889,2306.41628,117.28547,122.00353,120.56887
2002-02-13,1057.54166,3267.22812,2329.76817,118.97663,123.81133,122.341
2002-02-14,1056.00783,3262.77656,2326.53246,119.11125,123.96233,122.48697
2002-02-15,1043.07582,3222.91474,2298.08864,117.23496,122.0132,120.55998
2002-02-18,1043.07582,3222.91474,2298.08864,117.63908,122.43379,120.97556
2002-02-19,1023.53941,3162.5912,2255.0665,114.95364,119.64042,118.21501
2002-02-20,1037.55579,3206.11587,2286.05528,116.82189,121.59304,120.14193
2002-02-21,1021.41105,3156.24642,2250.49286,115.13618,119.8392,118.40881
2002-02-22,1030.00072,3182.80769,2269.42785,115.25072,119.95911,118.52709
2002-02-25,1048.53556,3240.11119,2310.2806,118.10556,122.93168,121.46384
2002-02-26,1048.16687,3239.26403,2309.61406,118.42417,123.27443,121.7992
2002-02-27,1048.50481,3241.77715,2311.09176,119.10673,124.04114,122.54008
2002-02-28,1045.59702,3232.82748,2304.70277,118.64596,123.56284,122.06711
2002-03-01,1070.63983,3310.30371,2359.92586,121.3964,126.42908,124.89811
2002-03-04,1091.93664,3376.22292,2406.90453,123.28423,128.3979,126.84228
2002-03-05,1084.75165,3354.01866,2391.07269,122.4871,127.56814,126.02245
2002-03-06,1100.14291,3402.28051,2425.33462,123.41575,128.56073,126.99548
2002-03-07,1094.54458,3385.06116,2413.03962,121.99298,127.08218,125.53388
2002-03-08,1101.18114,3405.59014,2427.67278,123.35599,128.50221,126.93657
2002-03-11,1105.12541,3417.82755,2436.38785,123.78371,128.94924,127.37772
2002-03-12,1102.50928,3409.78411,2430.64395,123.92199,129.0951,127.52126
2002-03-13,1091.49298,3376.62827,2406.81338,122.32655,127.46759,125.90336
2002-03-14,1090.15919,3372.52242,2403.88244,121.2495,126.34603,124.79534
2002-03-15,1102.95163,3412.09718,2432.09073,122.51265,127.66227,126.09543
2002-03-18,1102.3195,3410.206,2430.72895,122.76893,127.93174,126.36087
2002-03-19,1106.30187,3422.52611,2439.51049,122.98917,128.16124,126.58756
2002-03-20,1088.303,3366.9781,2399.8882,120.76935,125.8531,124.30627
2002-03-21,1090.30849,3373.28306,2404.36072,121.32109,126.43183,124.87677
2002-03-22,1085.9369,3359.77246,2394.72771,121.23322,126.34081,124.7867
2002-03-25,1070.12759,3310.86016,2359.86475,119.79529,124.8423,123.30663
2002-03-26,1075.90685,3329.28304,2372.87993,120.46286,125.55845,124.00791
2002-03-27,1081.15053,3345.5608,2384.47051,121.59089,126.73616,125.17049
2002-03-28,1083.67485,3353.37501,2390.0393,121.92368,127.08314,125.51315
2002-03-29,1083.67485,3353.37501,2390.0393,121.92368,127.08314,125.51315
2002-04-01,1082.84284,3350.80041,2388.20432,120.8397,125.95328,124.39725
2002-04-02,1073.02003,3320.40952,2366.54279,119.49897,124.55601,123.01719
2002-04-03,1062.48641,3288.43378,2343.62027,118.4132,123.44758,121.91555
2002-04-04,1063.30468,3290.99548,2345.43973,118.26269,123.29176,121.76134
2002-04-05,1059.77669,3280.13065,2337.68488,118.31944,123.35297,121.82119
2002-04-08,1061.53209,3286.47535,2342.01174,119.08433,124.18485,122.63253
2002-04-09,1053.817,3262.78695,2325.0887,118.04345,123.10683,121.56578
2002-04-10,1065.17527,3298.05841,2350.20111,118.9357,124.04128,122.48737
2002-04-11,1038.87624,3216.79552,2292.25763,115.4084,120.36876,118.85902
2002-04-12,1045.93482,3238.65182,2307.83222,116.69442,121.71005,120.18349
2002-04-15,1037.34243,3212.05779,2288.87909,115.58468,120.55305,119.04087
2002-04-16,1061.98011,3288.34665,2343.24174,118.06186,123.13671,121.59212
2002-04-17,1059.77557,3281.76154,2338.49771,117.17971,122.22562,120.6898
2002-04-18,1058.56781,3278.06913,2335.85642,116.65849,121.68373,120.15419
2002-04-19,1059.16741,3279.93613,2337.18461,116.94779,121.98587,120.45242
2002-04-22,1042.14703,3227.22893,2299.62703,115.08791,120.04586,118.5368
2002-04-23,1035.02431,3205.17191,2283.90985,114.21779,119.13826,117.64061
2002-04-24,1027.91938,3183.18027,2268.23707,113.10946,117.98257,116.49933
2002-04-25,1026.95049,3180.19191,2266.10509,112.17287,117.00607,115.53498
2002-04-26,1012.05177,3134.35732,2233.38007,110.53934,115.3133,113.86019
2002-04-29,1001.40298,3101.46362,2209.92336,109.03652,113.74872,112.31439
2002-04-30,1012.50957,3135.8838,2234.44453,110.28867,115.05578,113.60474
2002-05-01,1022.00258,3165.50914,2255.50588,110.69619,115.48909,114.03016
2002-05-02,1019.53876,3158.34631,2250.30203,110.83907,115.65532,114.18921
2002-05-03,1008.17145,3123.22455,2225.2583,108.39667,113.11012,111.67529
2002-05-06,988.283,3061.63135,2181.36977,105.90447,110.51026,109.1082
2002-05-07,984.89503,3051.19487,2173.92127,105.94045,110.54995,109.14674
2002-05-08,1023.9277,3172.57244,2260.3034,110.62393,115.45376,113.98341
2002-05-09,1008.2591,3124.74088,2226.07258,108.9551,113.73815,112.28193
2002-05-10,991.34397,3072.352,2188.74345,106.60492,111.28602,109.86083
2002-05-13,1010.1016,3130.90349,2230.36614,108.84265,113.63718,112.17738
2002-05-14,1032.20802,3199.52279,2279.22754,112.39692,117.35163,115.84305
2002-05-15,1026.93336,3184.1707,2268.07803,111.1444,116.08027,114.57726
2002-05-16,1033.84498,3205.64012,2283.36235,111.64009,116.59938,115.08923
2002-05-17,1042.00288,3231.18315,2301.50358,111.05487,115.99706,114.49208
2002-05-20,1027.84379,3187.27671,2270.22994,109.51015,114.3836,112.89955
2002-05-21,1016.23744,3151.31508,2244.60906,108.63913,113.47486,112.00229
2002-05-22,1021.9628,3169.25831,2257.3492,108.23153,113.05586,111.58673
2002-05-23,1032.8583,3203.07434,2281.42928,110.04441,114.95053,113.45649
2002-05-24,1020.03255,3163.3179,2253.10832,108.49536,113.33309,111.85988
2002-05-27,1020.03255,3163.3179,2253.10832,108.86107,113.71509,112.23692
2002-05-28,1011.44108,3136.70325,2234.14551,106.86931,111.63556,110.18411
2002-05-29,1004.57822,3115.82083,2219.18617,105.77979,110.51167,109.07062
2002-05-30,1002.02871,3108.29945,2213.74667,104.88684,109.59239,108.1593
2002-05-31,1003.40198,3112.55935,2216.7806,105.41844,110.14784,108.70749
2002-06-03,977.75506,3033.05739,2160.14716,102.31327,106.9053,105.50677
2002-06-04,978.13287,3034.24886,2160.99156,101.74537,106.3126,104.92162
2002-06-05,986.4744,3061.25904,2179.9859,103.2642,107.9396,106.51549
2002-06-06,966.47862,2999.36353,2135.8755,100.38947,104.94016,103.55402
2002-06-07,964.22923,2992.38656,2130.90632,100.13463,104.6739,103.29123
2002-06-10,967.21296,3001.68652,2137.52031,100.5349,105.09373,103.7051
2002-06-11,949.95122,2948.1557,2099.39214,98.92399,103.41118,102.04436
2002-06-12,956.83725,2969.9452,2114.81903,99.23049,103.74621,102.37063
2002-06-13,947.36968,2940.63781,2093.93311,98.32136,102.79847,101.43464
2002-06-14,945.58018,2935.08323,2089.97787,97.86659,102.32299,100.96547
2002-06-17,972.68278,3019.28758,2149.92044,101.18918,105.7996,104.39515
2002-06-18,973.59154,3022.15694,2151.95324,100.77636,105.36967,103.97043
2002-06-19,957.36082,2971.88924,2116.1352,98.34441,102.83084,101.46414
2002-06-20,943.06597,2927.56523,2084.56342,95.98694,100.36756,99.03308
2002-06-21,926.20138,2875.21433,2047.28672,93.81321,98.09469,96.79041
2002-06-24,929.88867,2886.68508,2055.44924,93.35339,97.61471,96.31657
2002-06-25,913.63618,2836.23679,2019.52675,92.43081,96.65018,95.36482
2002-06-26,910.50308,2828.17463,2013.43068,90.24877,94.4241,93.15189
2002-06-27,926.29511,2877.27681,2048.37687,92.42072,96.69819,95.39486
2002-06-28,925.67598,2875.35366,2047.00775,91.9989,96.25685,94.95946
2002-07-01,904.34055,2809.10668,1999.84006,89.90578,94.06771,92.79957
2002-07-02,885.51177,2751.26169,1958.52236,88.14997,92.25214,91.00211
2002-07-03,891.1782,2768.90904,1971.07592,89.19348,93.34563,92.08036
2002-07-04,891.1782,2768.90904,1971.07592,89.32099,93.47907,92.212
2002-07-05,924.45234,2872.35651,2044.70237,93.22239,97.56426,96.24117
2002-07-08,912.70376,2836.65974,2019.11906,90.76939,95.02405,93.72741
2002-07-09,889.45399,2764.66379,1967.81642,87.90053,92.0295,90.77112
2002-07-10,860.41163,2674.474,1903.6042,85.52555,89.5457,88.32047
2002-07-11,867.81412,2697.63481,1920.05704,86.10006,90.15226,88.91724
2002-07-12,862.89443,2682.34178,1909.17213,85.64225,89.67291,88.44445
2002-07-15,860.48222,2674.84332,1903.83506,83.94289,87.89356,86.68949
2002-07-16,845.63262,2628.70519,1870.99119,82.12695,85.99289,84.81464
2002-07-17,851.61444,2647.54888,1884.35013,82.9706,86.88443,85.69154
2002-07-18,827.52987,2572.72952,1831.08667,80.58011,84.38302,83.22393
2002-07-19,796.70785,2476.90822,1762.88741,77.07799,80.71568,79.60695
2002-07-22,770.38247,2395.06448,1704.63685,75.1123,78.65722,77.57676
2002-07-23,749.01795,2328.6437,1657.36325,74.11518,77.61305,76.54693
2002-07-24,792.24154,2463.03747,1753.01206,78.30137,81.99729,80.87081
2002-07-25,786.94392,2446.57899,1741.29563,77.13313,80.77428,79.66449
2002-07-26,801.54428,2491.98134,1773.60749,79.56934,83.32585,82.18089
2002-07-29,845.59126,2629.21874,1871.2196,84.8906,88.90835,87.68372
2002-07-30,849.65067,2641.93682,1880.25056,84.50297,88.5056,87.28556
2002-07-31,858.15396,2668.64977,1899.20383,85.91453,89.99321,88.74995
2002-08-01,831.83591,2586.96579,1841.03772,83.11861,87.06989,85.86544
2002-08-02,812.8384,2527.88595,1798.99271,80.98948,84.8396,83.66599
2002-08-05,784.63278,2440.25583,1736.61118,78.08006,81.79481,80.66245
2002-08-06,808.27841,2513.8051,1788.9505,82.27228,86.18683,84.99356
2002-08-07,824.73965,2565.40737,1825.58647,83.40293,87.38513,86.17117
2002-08-08,852.42663,2651.59592,1886.90551,86.37189,90.49811,89.24023
2002-08-09,855.26727,2661.12713,1893.53966,86.32998,90.47782,89.21324
2002-08-12,850.93319,2647.70806,1883.9771,85.41378,89.51984,88.26799
2002-08-13,831.75991,2588.36484,1841.68416,83.50631,87.53133,86.30413
2002-08-14,865.21303,2693.05577,1916.04884,86.05511,90.22267,88.95191
2002-08-15,874.96748,2723.74298,1937.81261,87.67832,91.93548,90.63735
2002-08-16,873.98671,2721.04339,1935.81653,87.18838,91.43363,90.13907
2002-08-19,894.78668,2785.82693,1981.89966,89.95824,94.33923,93.00327
2002-08-20,882.15109,2746.49489,1953.91634,88.75154,93.07402,91.7559
2002-08-21,893.81269,2783.04759,1979.86836,89.44803,93.8127,92.48168
2002-08-22,906.41205,2822.30679,2007.79133,91.49249,95.9579,94.59615
2002-08-23,885.37056,2756.86177,1961.21829,89.34561,93.70869,92.37814
2002-08-26,892.24447,2778.26569,1976.44494,90.03465,94.43138,93.09056
2002-08-27,879.2312,2737.76691,1947.62963,88.06961,92.37111,91.05933
2002-08-28,863.07994,2687.90031,1912.06405,86.32845,90.55925,89.26896
2002-08-29,862.88642,2687.51846,1911.74529,86.0679,90.29335,89.00465
2002-08-30,860.88758,2681.35427,1907.34735,86.16185,90.39398,89.10323
2002-09-02,860.88758,2681.35427,1907.34735,85.838,90.05422,88.76833
2002-09-03,824.27699,2567.38514,1826.26413,81.17742,85.1667,83.95001
2002-09-04,838.67238,2613.1998,1858.64505,82.83616,86.93946,85.68783
2002-09-05,824.951,2570.49975,1828.26299,81.64109,85.687,84.45287
2002-09-06,839.02355,2614.46883,1859.51034,83.61125,87.75881,86.49366
2002-09-09,847.23797,2640.12417,1877.74492,84.71798,88.92242,87.6399
2002-09-10,853.41964,2659.4039,1891.45375,86.0108,90.27997,88.97771
2002-09-11,853.37058,2659.66582,1891.55153,86.19615,90.48862,89.17918
2002-09-12,831.76809,2592.97249,1843.98398,83.62261,87.8084,86.53139
2002-09-13,834.02691,2600.01418,1848.99165,83.6569,87.84442,86.56688
2002-09-16,835.44922,2604.52999,1852.18559,84.36427,88.58997,87.30077
2002-09-17,818.76569,2552.51873,1815.1983,82.92269,87.07619,85.80902
2002-09-18,814.95883,2540.83465,1806.85005,81.83628,85.94158,84.68908
2002-09-19,789.81707,2462.50518,1751.13606,78.88387,82.84295,81.63505
2002-09-20,791.19479,2466.81074,1754.19568,78.96522,82.92873,81.71948
2002-09-23,780.69945,2434.10397,1730.93388,77.89397,81.80425,80.61124
2002-09-24,766.87516,2391.03705,1700.30074,76.74871,80.60267,79.42684
2002-09-25,786.10915,2451.65525,1743.26884,78.79818,82.77696,81.56293
2002-09-26,800.04835,2495.64938,1774.43994,80.42128,84.49967,83.25516
2002-09-27,773.65398,2413.38253,1715.93282,77.83985,81.7896,80.58433
2002-09-30,762.56354,2378.78635,1691.33468,75.73802,79.58113,78.4084
2002-10-01,793.77053,2476.13529,1760.55049,79.13378,83.1492,81.92389
2002-10-02,775.08628,2418.45324,1719.40956,77.26716,81.2081,80.00541
2002-10-03,766.64704,2392.15077,1700.70333,76.18985,80.07684,78.89061
2002-10-04,749.14743,2337.54714,1661.88279,74.85622,78.67517,77.50971
2002-10-07,734.80597,2292.79782,1630.06819,73.40825,77.15333,76.01041
2002-10-08,746.62123,2330.68307,1656.78556,74.88969,78.74476,77.5681
2002-10-09,726.48462,2267.99575,1612.18709,72.268,75.99387,74.85661
2002-10-10,752.34344,2348.97873,1669.69885,74.95809,78.83121,77.64896
2002-10-11,782.14328,2442.02025,1735.83453,77.87575,81.89962,80.67136
2002-10-14,787.925,2460.07203,1748.66609,78.35604,82.40473,81.16889
2002-10-15,825.9886,2578.91481,1833.1418,82.51333,86.77683,85.47542
2002-10-16,805.65752,2515.68624,1788.14453,80.50281,84.67083,83.39852
2002-10-17,824.14706,2573.47166,1829.20734,83.18445,87.49305,86.17782
2002-10-18,828.88524,2588.27199,1839.72626,83.72727,88.06416,86.74029
2002-10-21,842.96367,2632.2517,1870.9828,84.97883,89.38116,88.03731
2002-10-22,834.45111,2605.67022,1852.08891,83.82795,88.17067,86.84501
2002-10-23,839.80494,2622.40862,1863.98206,84.44357,88.81887,87.48327
2002-10-24,826.88229,2582.07923,1835.31134,83.32771,87.64599,86.32779
2002-10-25,840.99584,2626.15326,1866.6382,84.47246,88.85013,87.5138
2002-10-28,834.20898,2604.96011,1851.57437,83.2879,87.60418,86.28659
2002-10-29,826.07698,2579.86903,1833.67543,82.28766,86.56226,85.25734
2002-10-30,834.8871,2607.70712,1853.39268,83.30899,87.64753,86.32303
2002-10-31,830.63308,2594.86889,1844.17237,82.32793,86.63036,85.3168
2002-11-01,845.14246,2640.19569,1876.38611,83.24902,87.59959,86.27134
2002-11-04,852.76095,2664.01017,1893.30795,84.11342,88.50965,87.16746
2002-11-05,859.92263,2686.47723,1909.25518,84.36625,88.77879,87.4316
2002-11-06,867.8195,2711.75282,1927.08932,85.40992,89.89711,88.52703
2002-11-07,847.53766,2649.02384,1882.37334,82.54064,86.89833,85.56767
2002-11-08,839.79498,2624.96485,1865.24714,81.38686,85.68825,84.37476
2002-11-11,821.8657,2568.96498,1825.44579,79.81083,84.0303,82.74181
2002-11-12,828.40825,2589.50734,1840.02313,80.49794,84.75674,83.45623
2002-11-13,827.51698,2587.57343,1838.46731,80.53092,84.8194,83.50968
2002-11-14,847.93432,2651.91637,1884.07637,82.8753,87.30507,85.9521
2002-11-15,852.93803,2667.80024,1895.31116,83.17799,87.63165,86.27135
2002-11-18,844.35625,2641.0849,1876.30455,82.16151,86.56489,85.21993
2002-11-19,841.03509,2630.69655,1868.92436,81.56745,85.93899,84.60375
2002-11-20,857.55175,2682.56723,1905.73055,83.85286,88.35373,86.97895
2002-11-21,876.66425,2742.46738,1948.2603,86.00016,90.62002,89.20887
2002-11-22,873.47002,2732.50913,1941.17862,85.81116,90.422,89.0136
2002-11-25,876.01934,2740.5252,1946.86452,86.65137,91.30872,89.88611
2002-11-26,857.18209,2682.10586,1905.25465,84.74538,89.3173,87.92069
2002-11-27,881.50751,2758.43477,1959.42964,87.42771,92.15153,90.70848
2002-11-28,881.50751,2758.43477,1959.42964,86.962,91.66065,90.22529
2002-11-29,879.09459,2751.06483,1954.15597,86.74139,91.43413,90.00054
2002-12-02,877.50307,2746.10148,1950.62671,86.63226,91.31966,89.8877
2002-12-03,864.28684,2704.79036,1921.27204,85.06224,89.6663,88.25979
2002-12-04,860.91713,2695.21764,1914.26502,84.50182,89.10771,87.70047
2002-12-05,850.61901,2663.02127,1891.38848,83.44513,87.99486,86.60477
2002-12-06,856.0986,2680.26966,1903.61909,83.37025,87.91895,86.52915
2002-12-09,836.70156,2619.60546,1860.51967,81.51768,85.96741,84.60784
2002-12-10,848.52838,2656.69881,1886.85057,82.51432,87.02058,85.64373
2002-12-11,849.11954,2659.12878,1888.45301,82.62501,87.15631,85.7717
2002-12-12,846.10887,2649.81336,1881.81336,81.76464,86.25242,84.88109
2002-12-13,834.79906,2614.43279,1856.67888,80.18618,84.58859,83.24334
2002-12-16,854.65448,2676.69554,1900.8788,82.26244,86.78141,85.40053
2002-12-17,847.50286,2654.32701,1884.98728,80.80545,85.24534,83.88861
2002-12-18,836.18986,2619.04614,1859.90023,79.90144,84.29651,82.95346
2002-12-19,829.66432,2599.2178,1845.6892,79.41707,83.80517,82.46413
2002-12-20,840.50103,2633.17201,1869.79895,80.33686,84.77593,83.41931
2002-12-23,842.19281,2638.48807,1873.57046,80.5064,84.95535,83.59572
2002-12-24,837.34106,2623.28906,1862.77755,79.71268,84.1178,82.77156
2002-12-25,837.34106,2623.28906,1862.77755,79.71268,84.1178,82.77156
2002-12-26,834.38006,2614.01263,1856.19043,79.231,83.6095,82.2714
2002-12-27,820.67257,2572.29871,1826.30767,77.40889,81.72577,80.40628
2002-12-30,823.98604,2582.76046,1833.7192,77.37197,81.6892,80.36959
2002-12-31,824.58288,2584.92947,1835.19564,77.1255,81.43838,80.12004
2003-01-01,824.58288,2584.92947,1835.19564,77.1255,81.43838,80.12004
2003-01-02,852.21942,2671.86463,1896.85237,80.64801,85.1674,83.78589
2003-01-03,851.9348,2670.97232,1896.21888,80.27666,84.77524,83.40009
2003-01-06,871.51486,2732.35939,1939.79976,81.62018,86.19405,84.79588
2003-01-07,865.99223,2715.18133,1927.57539,81.49956,86.07099,84.67354
2003-01-08,853.40115,2676.66021,1900.02463,80.62381,85.17655,83.78464
2003-01-09,869.89296,2728.50289,1936.80024,81.47994,86.08471,84.67688
2003-01-10,870.27463,2729.70003,1937.65002,81.10933,85.69316,84.29173
2003-01-13,869.03389,2725.98329,1934.97447,80.82868,85.40213,84.00384
2003-01-14,874.63845,2743.56365,1947.45348,81.06574,85.6526,84.25021
2003-01-15,861.94639,2704.17538,1919.40433,79.90069,84.43488,83.04852
2003-01-16,858.34348,2692.91558,1911.40292,79.66075,84.18268,82.80006
2003-01-17,846.05749,2654.37546,1884.04645,77.92371,82.3472,80.99468
2003-01-20,846.05749,2654.37546,1884.04645,77.82148,82.23917,80.88842
2003-01-21,833.02467,2613.49515,1855.02831,76.5653,80.91193,79.58291
2003-01-22,824.61477,2587.39157,1836.44041,75.61178,79.91296,78.59778
2003-01-23,833.19386,2614.32175,1855.55204,76.02203,80.3469,79.02448
2003-01-24,808.81961,2537.85435,1801.27567,73.4159,77.59288,76.31567
2003-01-27,795.45861,2495.93119,1771.52015,72.11643,76.21948,74.96488
2003-01-28,805.93051,2528.78913,1794.84151,72.99839,77.15162,75.88168
2003-01-29,811.52071,2546.86678,1807.55799,73.30518,77.4922,76.21183
2003-01-30,792.92509,2488.99393,1766.38079,72.37475,76.52361,75.25482
2003-01-31,803.60082,2522.50509,1790.16288,73.47559,77.68756,76.39947
2003-02-03,807.77767,2535.645,1799.48184,73.85749,78.09224,76.79718
2003-02-04,796.19448,2499.29066,1773.68088,71.91082,76.03413,74.77315
2003-02-05,791.84939,2486.11589,1764.23216,71.76271,75.89171,74.62891
2003-02-06,786.88222,2471.34309,1753.57383,71.29609,75.42334,74.16093
2003-02-07,778.84779,2446.14341,1735.68586,70.64638,74.73705,73.48583
2003-02-10,784.77965,2464.85243,1748.94427,71.5182,75.66177,74.39435
2003-02-11,778.13834,2444.10365,1734.19841,71.30024,75.43459,74.16996
2003-02-12,767.90558,2412.88783,1711.85255,70.21187,74.31159,73.05739
2003-02-13,766.60139,2409.10722,1709.1028,69.48419,73.55111,72.30689
2003-02-14,782.94885,2460.50626,1745.56153,71.19932,75.36742,74.09224
2003-02-17,782.94885,2460.50626,1745.56153,71.58065,75.77107,74.48906
2003-02-18,798.81245,2510.50092,1780.99922,73.36238,77.66149,76.3462
2003-02-19,793.31051,2493.67346,1768.96274,72.49419,76.75671,75.45253
2003-02-20,785.73905,2469.92316,1752.10418,71.28134,75.47406,74.19123
2003-02-21,796.1663,2502.71007,1775.36041,72.28742,76.53961,75.23858
2003-02-24,781.69708,2457.24571,1743.10509,71.25052,75.44229,74.15974
2003-02-25,787.16183,2474.43247,1755.29513,71.85873,76.08654,74.79296
2003-02-26,776.74633,2442.82477,1732.63231,70.64837,74.83969,73.55707
2003-02-27,785.9029,2471.86547,1753.17825,71.77718,76.04297,74.73752
2003-02-28,789.79668,2484.11241,1761.86443,71.92533,76.19992,74.89178
2003-03-03,783.96314,2465.7832,1748.86039,70.94647,75.16346,73.87294
2003-03-04,772.08286,2428.43654,1722.36793,69.48693,73.61778,72.35362
2003-03-05,779.92839,2454.00246,1740.31133,69.73266,73.9049,72.62791
2003-03-06,772.67817,2431.37304,1724.22423,69.07813,73.21672,71.95
2003-03-07,778.99133,2451.28836,1738.33671,69.2546,73.40525,72.13483
2003-03-10,758.73997,2387.64216,1693.18491,67.35963,71.39909,70.16269
2003-03-11,752.55369,2368.22301,1679.40366,66.8074,70.81518,69.58847
2003-03-12,755.50838,2378.55691,1686.51151,67.27658,71.34358,70.09855
2003-03-13,781.43132,2460.24625,1744.41692,70.47368,74.73628,73.43136
2003-03-14,782.86329,2464.75464,1747.61356,71.38996,75.70798,74.38609
2003-03-17,810.59692,2552.16297,1809.57008,74.42029,78.92444,77.54556
2003-03-18,814.22569,2563.6475,1817.70038,75.1612,79.71205,78.31886
2003-03-19,821.08335,2585.33323,1833.05622,76.10199,80.71273,79.30118
2003-03-20,823.01149,2591.47124,1837.39397,76.08313,80.69481,79.28296
2003-03-21,841.7374,2650.43475,1879.20002,78.3641,83.11404,81.65986
2003-03-24,811.94875,2556.6541,1812.70448,74.76118,79.29325,77.90577
2003-03-25,821.71615,2587.40956,1834.51054,75.43761,80.01069,78.61066
2003-03-26,817.06623,2572.87991,1824.185,75.11611,79.67317,78.27802
2003-03-27,815.60709,2568.68443,1821.12547,74.68119,79.22417,77.83325
2003-03-28,810.81937,2553.6784,1810.47119,74.0115,78.51597,77.13684
2003-03-31,796.0749,2507.2455,1777.55082,71.60681,75.96507,74.6307
2003-04-01,805.79119,2537.86836,1799.25683,72.5506,76.96695,75.61479
2003-04-02,826.99373,2605.18018,1846.86497,75.22555,79.82109,78.41397
2003-04-03,822.8475,2592.16192,1837.62689,75.22485,79.82168,78.41415
2003-04-04,825.20346,2599.5952,1842.89404,75.69758,80.32365,78.90716
2003-04-07,826.45653,2603.61911,1845.73039,76.32612,80.99298,79.56399
2003-04-08,824.927,2599.82355,1842.82213,75.89565,80.56789,79.13706
2003-04-09,813.23298,2563.24641,1816.83629,74.65183,79.25608,77.84601
2003-04-10,818.29992,2579.21786,1828.15672,74.21808,78.7956,77.39372
2003-04-11,815.28684,2569.87847,1821.50343,74.41237,79.00672,77.59966
2003-04-14,831.13155,2619.84813,1856.91603,75.60895,80.27795,78.84802
2003-04-15,836.09056,2635.7241,1868.11673,76.06007,80.76442,79.32362
2003-04-16,826.05379,2604.12775,1845.71291,74.72111,79.34398,77.92813
2003-04-17,839.07286,2645.18584,1874.81011,75.5333,80.2069,78.77551
2003-04-18,839.07286,2645.18584,1874.81011,75.5333,80.2069,78.77551
2003-04-21,837.7342,2640.96571,1871.81903,75.73927,80.42561,78.99032
2003-04-22,856.00635,2698.57127,1912.64722,76.66391,81.40754,79.9547
2003-04-23,863.67724,2722.77658,1929.79821,77.46755,82.26158,80.7933
2003-04-24,856.60733,2700.48842,1914.00123,76.30694,81.02915,79.58287
2003-04-25,844.56701,2662.54309,1887.10445,75.2378,79.89422,78.46808
2003-04-28,859.62393,2710.33784,1920.90993,76.72537,81.48369,80.02628
2003-04-29,862.28151,2718.82325,1926.90125,76.80194,81.56819,80.10834
2003-04-30,861.53696,2716.72213,1925.35972,75.773,80.48269,79.04011
2003-05-01,861.26699,2716.36487,1925.00148,75.05986,79.73973,78.30619
2003-05-02,874.12936,2756.95149,1953.75973,76.46598,81.2341,79.77353
2003-05-05,870.76913,2746.44658,1946.29547,75.78032,80.50841,79.06008
2003-05-06,878.04729,2769.40893,1962.56653,75.9792,80.7199,79.26771
2003-05-07,873.74977,2756.3083,1953.18614,75.53075,80.25669,78.80894
2003-05-08,865.08875,2729.03904,1933.85131,74.14861,78.78959,77.36785
2003-05-09,877.529,2769.03644,1962.0342,74.97265,79.68688,78.24257
2003-05-12,888.56262,2803.9232,1986.7387,75.53399,80.28552,78.82977
2003-05-13,885.91465,2795.94205,1981.00395,75.50507,80.26554,78.80698
2003-05-14,883.48004,2789.09423,1975.97443,75.44497,80.22569,78.76077
2003-05-15,890.34122,2811.07345,1991.47814,76.21987,81.05889,79.57605
2003-05-16,888.25537,2804.8224,1986.97853,75.54713,80.35302,78.88027
2003-05-19,866.0342,2734.71707,1937.3017,72.73699,77.36587,75.94735
2003-05-20,864.88916,2731.10951,1934.74432,72.85277,77.48925,76.06841
2003-05-21,868.53762,2742.88161,1943.03042,72.87865,77.52387,76.1003
2003-05-22,876.74749,2768.80874,1961.39695,73.66515,78.3605,76.92157
2003-05-23,878.3013,2773.73484,1964.88249,73.14453,77.80723,76.3783
2003-05-26,878.3013,2773.73484,1964.88249,72.63915,77.26964,75.85058
2003-05-27,895.54914,2828.21325,2003.47256,74.03754,78.75741,77.31096
2003-05-28,896.91701,2832.94043,2006.73468,74.98431,79.77601,78.30747
2003-05-29,893.4117,2822.07214,1998.99282,74.14185,78.8854,77.43158
2003-05-30,906.1639,2862.49013,2027.59351,75.62211,80.46421,78.98016
2003-06-02,909.20362,2872.1902,2034.44358,76.1607,81.04005,79.54457
2003-06-03,913.47215,2885.69347,2044.00427,76.53786,81.4419,79.93885
2003-06-04,927.15834,2929.83718,2075.07924,77.93073,82.94975,81.41129
2003-06-05,930.79865,2941.45666,2083.28417,77.11735,82.08722,80.56381
2003-06-06,928.60915,2934.6964,2078.46246,77.92922,82.9559,81.41505
2003-06-09,917.13049,2898.48344,2052.80165,76.55032,81.48983,79.97569
2003-06-10,925.50712,2925.01007,2071.57737,77.75865,82.77764,81.23912
2003-06-11,937.46024,2963.78302,2098.82592,78.27381,83.35406,81.79658
2003-06-12,938.16363,2966.11443,2100.45405,78.49948,83.59741,82.0345
2003-06-13,928.81675,2936.56808,2079.52976,77.2662,82.28418,80.74577
2003-06-16,949.40264,3001.73332,2125.65942,78.59236,83.69871,82.13319
2003-06-17,950.36103,3004.76986,2127.80837,78.95136,84.08121,82.50849
2003-06-18,948.60817,2999.40142,2123.96986,79.63819,84.81757,83.22963
2003-06-19,934.57813,2955.08687,2092.57937,78.50397,83.61092,82.04518
2003-06-20,935.37814,2957.64933,2094.38693,78.99369,84.13343,82.55763
2003-06-23,922.16987,2915.91211,2064.82598,78.50642,83.61524,82.04891
2003-06-24,923.58078,2920.37786,2067.98734,78.70846,83.83055,82.26015
2003-06-25,916.50636,2898.02522,2052.15535,77.7646,82.82574,81.27403
2003-06-26,926.49219,2930.79581,2075.10706,79.44285,84.64774,83.05173
2003-06-27,917.70822,2903.07824,2055.46738,78.84464,84.01232,82.42771
2003-06-30,916.09328,2897.96952,2051.85026,78.30151,83.4336,81.8599
2003-07-01,922.9792,2920.27585,2067.53264,78.12471,83.26014,81.68532
2003-07-02,933.72817,2954.38545,2091.66069,79.58014,84.81411,83.20905
2003-07-03,926.36376,2931.08393,2075.16356,78.90794,84.09771,82.50621
2003-07-04,926.36376,2931.08393,2075.16356,79.15869,84.36494,82.76838
2003-07-07,944.18826,2987.5397,2115.12114,81.69891,87.07392,85.4256
2003-07-08,947.40878,2998.81919,2122.87543,82.31501,87.76243,86.09169
2003-07-09,942.46389,2983.41641,2111.91882,81.68652,87.09963,85.43937
2003-07-10,929.58674,2942.662,2083.06747,80.43192,85.76214,84.1273
2003-07-11,938.52944,2971.13184,2103.18662,81.49303,86.89829,85.24041
2003-07-14,944.31664,2989.47663,2116.16731,82.17364,87.62475,85.95279
2003-07-15,941.3549,2980.10227,2109.53107,82.20378,87.65694,85.98436
2003-07-16,935.04852,2960.38865,2095.52308,81.8424,87.27898,85.61143
2003-07-17,923.62287,2924.2685,2069.94387,81.06281,86.4492,84.79704
2003-07-18,934.40732,2958.41853,2094.1158,81.79721,87.23256,85.56538
2003-07-21,920.68577,2914.97485,2063.3642,79.81656,85.1203,83.49348
2003-07-22,929.23527,2942.04336,2082.52464,80.3307,85.66859,84.0313
2003-07-23,929.89211,2944.1381,2084.00419,79.75877,85.0591,83.43333
2003-07-24,922.97317,2922.2391,2068.5015,78.87926,84.12135,82.51344
2003-07-25,939.07743,2973.2533,2104.60623,79.8696,85.17826,83.54993
2003-07-28,937.22896,2967.40077,2100.46354,80.07667,85.39909,83.76654
2003-07-29,930.80221,2947.44018,2086.25224,79.42041,84.71035,83.08769
2003-07-30,929.09548,2942.34596,2082.58058,80.07881,85.42161,83.78267
2003-07-31,931.83621,2951.78405,2089.09976,81.26051,86.70442,85.03432
2003-08-01,922.2268,2921.38337,2067.57564,80.43681,85.8267,84.17316
2003-08-04,924.69008,2929.21579,2073.11271,80.05058,85.41544,83.76957
2003-08-05,908.05155,2876.60403,2035.85718,78.54783,83.81476,82.19892
2003-08-06,909.27191,2880.99799,2038.85481,78.45978,83.73615,82.11732
2003-08-07,916.12927,2902.85167,2054.29363,78.82973,84.13464,82.50702
2003-08-08,919.29641,2912.92203,2061.41281,79.67852,85.04157,83.39611
2003-08-11,922.23644,2923.01024,2068.38805,79.92276,85.32479,83.66721
2003-08-12,931.21246,2951.50682,2088.54285,80.91496,86.38544,84.70685
2003-08-13,925.16819,2933.43676,2075.52528,80.36486,85.82997,84.15282
2003-08-14,931.10943,2952.29522,2088.86405,81.14666,86.66554,84.97188
2003-08-15,931.44925,2953.89839,2089.88676,81.23398,86.77424,85.07391
2003-08-18,940.16739,2981.68501,2109.51636,82.68491,88.32824,86.59625
2003-08-19,942.57495,2989.36774,2114.94179,83.43868,89.13486,87.38664
2003-08-20,940.61045,2983.39337,2110.66066,83.01397,88.68877,86.94706
2003-08-21,943.33497,2992.10652,2116.80975,84.45809,90.23377,88.46108
2003-08-22,933.81286,2961.92189,2095.45137,84.40628,90.17896,88.40719
2003-08-25,934.22813,2963.24773,2096.38752,84.11846,89.87173,88.10592
2003-08-26,936.97814,2971.97859,2102.56254,84.5095,90.28975,88.51566
2003-08-27,937.17975,2973.11883,2103.26293,84.4307,90.22076,88.44355
2003-08-28,942.9377,2991.5404,2116.26195,84.85597,90.6799,88.89226
2003-08-29,947.79959,3007.17114,2127.27565,84.73415,90.55591,88.7689
2003-09-01,947.79959,3007.17114,2127.27565,84.78048,90.60543,88.81744
2003-09-02,960.70968,3048.20707,2156.28861,86.7895,92.75476,90.92368
2003-09-03,964.59044,3061.45606,2165.46229,87.454,93.49351,91.63944
2003-09-04,966.3199,3067.01863,2169.38125,87.02399,93.03604,91.19039
2003-09-05,960.23742,3047.73058,2155.73466,85.44917,91.35294,89.54053
2003-09-08,970.21036,3079.59669,2178.22922,85.79604,91.73011,89.90835
2003-09-09,961.99232,3053.52746,2159.78679,84.4228,90.26237,88.46962
2003-09-10,949.82593,3015.21956,2132.62543,83.16178,88.92327,87.15443
2003-09-11,955.01382,3032.56716,2144.70872,83.79914,89.63076,87.84021
2003-09-12,957.01302,3038.97174,2149.22626,83.12003,88.90604,87.12948
2003-09-15,953.06342,3026.5148,2140.39843,82.80997,88.57688,86.80616
2003-09-16,966.63336,3069.57213,2170.85664,84.78461,90.688,88.87539
2003-09-17,963.61912,3060.09562,2164.13446,84.17047,90.0339,88.23354
2003-09-18,976.56502,3101.2396,2193.22504,85.11192,91.04189,89.22109
2003-09-19,973.2997,3090.92028,2185.91646,84.18447,90.05129,88.24987
2003-09-22,960.72259,3050.99089,2157.67565,82.15548,87.88124,86.12313
2003-09-23,966.66954,3069.89122,2171.03899,82.62084,88.37944,86.61125
2003-09-24,948.17291,3011.17134,2129.50769,81.14239,86.79855,85.0618
2003-09-25,942.12017,2992.60957,2116.24067,80.26749,85.88161,84.15765
2003-09-26,936.12984,2974.15615,2103.06932,80.08733,85.70541,83.98011
2003-09-29,945.51488,3004.04947,2124.19114,80.445,86.09035,84.35666
2003-09-30,935.56909,2972.4568,2101.85025,78.85377,84.38765,82.68819
2003-10-01,956.21275,3038.33011,2148.36938,80.119,85.74971,84.02046
2003-10-02,958.14548,3044.83323,2152.89089,80.45607,86.12071,84.38097
2003-10-03,967.25377,3073.77792,2173.35663,81.64698,87.39547,85.62998
2003-10-06,971.32939,3086.72959,2182.51429,81.74146,87.4966,85.72906
2003-10-07,975.95491,3101.57654,2192.98067,81.3841,87.11823,85.35712
2003-10-08,970.92803,3086.82136,2182.28915,80.6907,86.41013,84.65329
2003-10-09,975.37498,3100.95931,2192.28425,81.57832,87.36067,85.5845
2003-10-10,974.94352,3099.84625,2191.44249,81.0656,86.81885,85.05157
2003-10-13,981.71756,3121.3844,2206.66893,82.52015,88.37663,86.57764
2003-10-14,985.60488,3133.74419,2215.40671,82.69465,88.56351,86.76072
2003-10-15,982.70014,3125.02629,2209.13376,82.88668,88.78388,86.97227
2003-10-16,986.04479,3135.73768,2216.68986,82.76339,88.65395,86.84437
2003-10-17,975.93914,3103.64067,2193.9916,82.33764,88.19904,86.39841
2003-10-20,980.92426,3119.50088,2205.20189,82.54537,88.42174,86.61651
2003-10-21,982.44957,3124.35164,2208.63094,82.52161,88.3963,86.59159
2003-10-22,967.4919,3077.03343,2175.12834,80.56202,86.30421,84.54015
2003-10-23,970.86638,3087.79734,2182.73055,80.83958,86.60244,84.83203
2003-10-24,966.75922,3074.73473,2173.49672,80.25591,85.97715,84.21952
2003-10-27,968.88676,3081.50127,2178.27992,80.77411,86.5323,84.76332
2003-10-28,983.94534,3129.40969,2212.14262,82.63664,88.52804,86.71813
2003-10-29,985.11808,3133.6906,2215.05189,82.69975,88.61123,86.79505
2003-10-30,984.02898,3131.0927,2213.0318,82.64367,88.57565,86.75299
2003-10-31,987.49392,3142.13338,2220.83197,83.37699,89.36205,87.52308
2003-11-03,995.41803,3167.38164,2238.66994,85.16695,91.28149,89.40273
2003-11-04,989.95511,3150.02544,2226.39713,84.48598,90.55239,88.68841
2003-11-05,988.833,3147.00493,2224.14564,84.5041,90.58765,88.71829
2003-11-06,994.74668,3166.11951,2237.59253,85.39983,91.55637,89.66452
2003-11-07,990.08788,3152.06119,2227.49386,84.69614,90.82413,88.9409
2003-11-10,984.24953,3133.70008,2214.47056,83.96619,90.04786,88.17882
2003-11-11,983.5537,3131.48466,2212.905,83.77213,89.83974,87.97502
2003-11-12,995.11104,3169.50606,2239.51371,83.9443,90.05918,88.17968
2003-11-13,995.27156,3170.06965,2239.90085,83.4522,89.53271,87.66377
2003-11-14,987.76744,3146.80054,2223.32534,82.37614,88.39601,86.54557
2003-11-17,981.57454,3127.04561,2209.37324,81.7312,87.70322,85.8675
2003-11-18,972.68111,3098.83727,2189.41676,80.27227,86.14113,84.33709
2003-11-19,980.63826,3124.43434,2207.44955,80.72533,86.63415,84.81778
2003-11-20,972.41163,3098.27714,2188.95776,80.09178,85.95572,84.15313
2003-11-21,974.00492,3103.48943,2192.6115,80.12552,85.99569,84.19116
2003-11-24,989.47231,3152.79574,2227.44163,82.48678,88.53057,86.67266
2003-11-25,991.25922,3158.82625,2231.63078,82.49561,88.54949,86.68842
2003-11-26,995.55668,3172.98564,2241.53554,81.96027,87.98776,86.1347
2003-11-27,995.55668,3172.98564,2241.53554,82.12559,88.16523,86.30844
2003-11-28,995.40121,3172.5546,2241.21736,81.50653,87.50242,85.65906
2003-12-01,1006.55992,3208.26128,2266.41198,82.58904,88.66848,86.79941
2003-12-02,1003.63146,3198.98495,2259.84667,81.51065,87.51229,85.66713
2003-12-03,1001.53628,3193.25782,2255.59932,81.19269,87.19688,85.35075
2003-12-04,1006.18473,3208.25282,2266.15435,81.88402,87.9441,86.08074
2003-12-05,998.33309,3183.22626,2248.47497,80.7097,86.68312,84.8464
2003-12-08,1005.60712,3206.61431,2264.95392,80.78872,86.77325,84.93308
2003-12-09,996.74417,3178.36883,2244.99964,80.17184,86.1111,84.28485
2003-12-10,995.8045,3176.01381,2243.2003,79.86392,85.7977,83.97301
2003-12-11,1007.18363,3212.66527,2269.01097,81.40175,87.45956,85.59666
2003-12-12,1009.87037,3221.25094,2275.07146,80.83679,86.85298,85.00287
2003-12-15,1004.25374,3203.45399,2262.47685,80.18774,86.15882,84.32256
2003-12-16,1010.80881,3224.39278,2277.25899,80.44937,86.4407,84.59821
2003-12-17,1011.95012,3228.25375,2279.93917,80.2247,86.20519,84.36599
2003-12-18,1024.20549,3267.88646,2307.81592,81.24549,87.31641,85.44929
2003-12-19,1023.80219,3266.67231,2306.94309,81.34828,87.42882,85.55872
2003-12-22,1027.64728,3278.9461,2315.60982,81.20677,87.27687,85.40999
2003-12-23,1030.70455,3288.72263,2322.50948,81.4582,87.54767,85.67483
2003-12-24,1028.96674,3283.1777,2318.59363,81.09233,87.15445,85.29001
2003-12-25,1028.96674,3283.1777,2318.59363,81.09233,87.15445,85.29001
2003-12-26,1030.57411,3288.32671,2322.22558,81.25162,87.32619,85.45792
2003-12-29,1043.38911,3330.5007,2351.73689,82.03793,88.20529,86.30823
2003-12-30,1043.3441,3330.77053,2351.83983,81.72669,87.88156,85.98827
2003-12-31,1045.40678,3337.41012,2356.51642,81.34942,87.47731,85.5923
2004-01-01,1045.40678,3337.41012,2356.51642,81.34942,87.47731,85.5923
2004-01-02,1042.47106,3328.29989,2350.02829,81.29176,87.42219,85.53635
2004-01-05,1055.2968,3369.2582,2378.94589,81.74314,87.90786,86.01147
2004-01-06,1056.43428,3373.05504,2381.59175,81.34338,87.48224,85.59377
2004-01-07,1058.64065,3381.02731,2387.02419,81.86003,88.06204,86.15397
2004-01-08,1064.00645,3398.30786,2399.19395,82.09063,88.31384,86.39922
2004-01-09,1054.69643,3368.57279,2378.20109,80.59314,86.70283,84.82313
2004-01-12,1059.83749,3385.08994,2389.84156,81.26119,87.42403,85.52796
2004-01-13,1053.84992,3366.12527,2376.4189,80.90322,87.04303,85.15401
2004-01-14,1062.55532,3393.96387,2396.06553,82.22752,88.46868,86.54848
2004-01-15,1063.8654,3398.193,2399.04178,82.85476,89.14471,87.20949
2004-01-16,1071.48236,3422.52305,2416.2182,84.85516,91.29697,89.31502
2004-01-19,1071.48236,3422.52305,2416.2182,84.98545,91.43714,89.45215
2004-01-20,1070.51869,3419.4608,2414.05296,83.59513,89.9417,87.98905
2004-01-21,1078.88474,3446.43918,2433.0449,83.87806,90.2528,88.29144
2004-01-22,1075.40258,3435.32296,2425.19575,83.07108,89.38468,87.44213
2004-01-23,1073.09039,3427.9616,2419.99368,83.04606,89.35841,87.41623
2004-01-26,1086.17199,3469.75044,2449.49481,84.87149,91.32259,89.33772
2004-01-27,1075.17741,3434.64384,2424.70781,83.69259,90.05448,88.09706
2004-01-28,1060.61931,3388.72973,2392.16917,82.70038,89.00239,87.06328
2004-01-29,1065.69948,3405.89151,2404.08697,84.55069,91.01855,89.02821
2004-01-30,1063.19074,3397.87376,2398.42755,84.00196,90.42785,88.45043
2004-02-02,1066.70746,3409.14801,2406.37818,84.15788,90.59663,88.61524
2004-02-03,1067.12424,3410.48498,2407.32084,83.41634,89.79848,87.83452
2004-02-04,1058.11391,3382.2464,2387.27022,82.96971,89.33242,87.37432
2004-02-05,1059.52587,3386.85507,2390.50293,82.52662,88.85786,86.90943
2004-02-06,1072.86707,3429.67711,2420.69025,82.83285,89.19215,87.23505
2004-02-09,1069.98354,3421.18326,2414.54193,82.84155,89.2204,87.25714
2004-02-10,1075.46367,3438.72869,2426.91992,83.16744,89.57199,87.60081
2004-02-11,1086.78636,3476.24045,2453.11728,84.16239,90.67769,88.67217
2004-02-12,1081.42205,3459.41632,2441.17401,82.77712,89.1938,87.21857
2004-02-13,1075.45854,3440.6476,2427.86441,82.53627,88.94225,86.97025
2004-02-16,1075.45854,3440.6476,2427.86441,82.57178,88.98051,87.00767
2004-02-17,1085.54322,3472.93415,2450.64222,83.09905,89.54931,87.56368
2004-02-18,1080.61803,3457.56325,2439.71417,82.69301,89.12169,87.14262
2004-02-19,1075.75753,3442.12315,2428.79574,83.29188,89.77003,87.77571
2004-02-20,1073.07107,3433.52891,2422.73121,83.78111,90.29736,88.29131
2004-02-23,1070.07316,3424.01988,2416.00388,83.62687,90.13332,88.13028
2004-02-24,1068.46271,3418.87596,2412.37236,82.77277,89.21301,87.23034
2004-02-25,1072.99389,3433.86223,2422.84357,83.96544,90.51132,88.49603
2004-02-26,1074.43411,3439.46359,2426.5857,84.91422,91.56048,89.51408
2004-02-27,1074.30764,3439.10207,2426.32147,84.86664,91.51033,89.46472
2004-03-01,1084.22846,3471.01002,2448.80128,85.5127,92.21094,90.1485
2004-03-02,1077.86229,3450.6739,2434.44476,86.02325,92.76267,90.68754
2004-03-03,1079.61909,3457.30141,2438.90811,87.33877,94.20859,92.0931
2004-03-04,1083.0973,3468.51585,2446.80309,87.23907,94.10311,91.98938
2004-03-05,1085.05372,3474.80278,2451.23351,85.74315,92.49006,90.41239
2004-03-08,1075.9221,3445.76678,2430.70674,85.47573,92.20715,90.13421
2004-03-09,1069.68838,3425.91052,2416.67692,84.61069,91.27686,89.22399
2004-03-10,1054.16742,3376.53115,2381.77433,84.64494,91.32273,89.26621
2004-03-11,1038.36403,3326.89503,2346.55353,83.19903,89.78928,87.75952
2004-03-12,1051.35184,3368.52512,2375.91272,84.65084,91.35656,89.29123
2004-03-15,1036.28127,3320.33556,2341.9029,83.20536,89.79917,87.76829
2004-03-16,1042.19661,3339.28882,2355.27103,82.87693,89.44472,87.42185
2004-03-17,1054.21737,3378.03267,2382.54959,84.85024,91.5806,89.50762
2004-03-18,1052.71209,3373.25736,2379.17136,83.48317,90.10638,88.06639
2004-03-19,1040.80174,3335.10431,2352.25935,82.79955,89.36884,87.34545
2004-03-22,1027.29035,3291.85524,2321.74585,81.48032,87.94618,85.95464
2004-03-23,1025.83923,3287.58416,2318.65329,81.85137,88.35686,86.35303
2004-03-24,1023.25397,3279.32879,2312.82467,82.24009,88.77728,86.76368
2004-03-25,1040.09233,3333.29635,2350.88575,83.85433,90.51994,88.46678
2004-03-26,1038.94243,3328.85427,2347.91301,84.28779,90.96718,88.90994
2004-03-29,1052.42364,3373.04963,2378.87325,85.0091,91.77287,89.68943
2004-03-30,1056.66396,3386.7327,2388.50375,85.14141,91.91822,89.83075
2004-03-31,1055.8629,3384.48139,2386.8491,84.33264,91.05358,88.98325
2004-04-01,1061.76552,3403.43084,2400.20673,84.27945,90.99692,88.92765
2004-04-02,1070.58163,3431.93267,2420.25586,86.46869,93.36726,91.24215
2004-04-05,1078.83955,3458.40895,2438.92651,88.14386,95.17618,93.00986
2004-04-06,1075.95391,3450.30646,2432.96964,87.56914,94.58708,92.42495
2004-04-07,1068.77341,3427.38631,2416.78519,86.2056,93.11714,90.98777
2004-04-08,1067.80632,3424.3529,2414.63185,86.58654,93.53047,91.3911
2004-04-09,1067.80632,3424.3529,2414.63185,86.58654,93.53047,91.3911
2004-04-12,1073.19056,3441.69232,2426.84312,87.26826,94.26886,92.11202
2004-04-13,1058.41687,3394.48171,2393.51788,87.23042,94.23265,92.07527
2004-04-14,1057.1872,3390.57274,2390.75423,87.02677,94.01362,91.86097
2004-04-15,1057.97071,3393.08558,2392.52609,87.01829,94.00446,91.85202
2004-04-16,1063.07065,3409.44194,2404.05925,86.72916,93.69211,91.54683
2004-04-19,1064.75818,3414.86371,2407.88021,86.87406,93.84891,91.69995
2004-04-20,1048.06006,3361.31672,2370.12185,86.32611,93.25716,91.1217
2004-04-21,1053.89148,3380.25192,2383.42415,87.1208,94.12214,91.96497
2004-04-22,1068.91221,3428.57018,2417.4637,88.43326,95.54399,93.35308
2004-04-23,1069.35034,3430.0003,2418.46682,88.76129,95.89909,93.69984
2004-04-26,1065.10217,3416.38898,2408.86643,88.18866,95.28083,93.09564
2004-04-27,1067.47611,3424.00354,2414.23539,88.02139,95.1001,92.91905
2004-04-28,1052.63312,3376.92891,2380.93024,87.2372,94.26779,92.10145
2004-04-29,1044.57014,3352.10276,2363.20628,85.85134,92.79905,90.65802
2004-04-30,1038.46208,3332.51721,2349.39531,85.02894,91.91052,89.78987
2004-05-03,1048.14414,3363.59492,2371.30332,86.05861,93.02373,90.87733
2004-05-04,1050.08433,3369.84376,2375.70392,85.28336,92.18635,90.05909
2004-05-05,1051.93316,3376.28626,2380.13808,85.14466,92.05031,89.92212
2004-05-06,1044.91012,3354.11505,2364.43008,84.91934,91.81685,89.69108
2004-05-07,1030.75902,3308.69067,2332.40888,84.95097,91.85104,89.72449
2004-05-10,1019.54128,3272.80474,2307.08575,84.40562,91.26481,89.15083
2004-05-11,1027.50958,3299.14017,2325.49028,85.42194,92.38491,90.23878
2004-05-12,1029.00153,3305.03818,2329.41343,84.89166,91.84219,89.69964
2004-05-13,1028.23771,3302.73106,2327.75645,85.25861,92.24327,90.09017
2004-05-14,1027.112,3299.44654,2325.37148,85.03597,92.01162,89.86122
2004-05-17,1016.11009,3264.43478,2300.6262,83.12942,89.95777,87.85271
2004-05-18,1023.21732,3287.36466,2316.76571,83.96983,90.86989,88.7427
2004-05-19,1020.64555,3279.58659,2311.1817,83.25067,90.10494,87.99175
2004-05-20,1021.37569,3281.99503,2312.8658,84.05765,90.98009,88.84588
2004-05-21,1025.45997,3295.14388,2322.12673,83.75124,90.64913,88.52248
2004-05-24,1027.27173,3300.99116,2326.24198,84.28846,91.2313,89.09079
2004-05-25,1043.82788,3354.20117,2363.73768,84.64916,91.62196,89.47221
2004-05-26,1045.67491,3360.60879,2368.15331,84.87608,91.8805,89.72089
2004-05-27,1051.37904,3379.28483,2381.24122,84.14913,91.10282,88.95878
2004-05-28,1050.60097,3376.84599,2379.50956,84.44492,91.42473,89.27262
2004-05-31,1050.60097,3376.84599,2379.50956,84.44492,91.42473,89.27262
2004-06-01,1051.10743,3378.50534,2380.67217,84.4165,91.39482,89.24316
2004-06-02,1054.48788,3390.49723,2388.88419,84.32918,91.33063,89.17159
2004-06-03,1046.30213,3364.22794,2370.36466,83.87958,90.84505,88.6971
2004-06-04,1051.77866,3381.90299,2382.80417,84.33929,91.34472,89.18443
2004-06-07,1068.51649,3435.81797,2420.77103,85.20117,92.28077,90.09758
2004-06-08,1069.8725,3440.46033,2423.98227,85.61532,92.73694,90.54074
2004-06-09,1059.52852,3408.13981,2401.0114,86.00767,93.18772,90.97329
2004-06-10,1064.34373,3423.76268,2411.98929,86.39141,93.60715,91.38168
2004-06-11,1064.34373,3422.40743,2411.32096,86.98123,94.20893,91.98008
2004-06-14,1053.75994,3389.2595,2387.77905,85.58896,92.72516,90.52433
2004-06-15,1060.27665,3410.95682,2402.90927,86.16817,93.37286,91.15073
2004-06-16,1061.93594,3416.3626,2406.70314,86.79169,94.05037,91.81158
2004-06-17,1060.45746,3411.63856,2403.36838,86.48721,93.72132,91.4901
2004-06-18,1063.17199,3420.3716,2409.52047,86.06144,93.25993,91.0397
2004-06-21,1058.58558,3405.64321,2399.13924,85.91692,93.10406,90.88732
2004-06-22,1062.5828,3418.5721,2408.2325,86.25561,93.47297,91.24689
2004-06-23,1071.78407,3448.22482,2429.11094,87.00972,94.29155,92.04558
2004-06-24,1068.61125,3438.7302,2422.2717,86.13236,93.36013,91.13067
2004-06-25,1062.54951,3419.23658,2408.53754,85.92601,93.13681,90.91259
2004-06-28,1061.68159,3417.0321,2406.86033,85.48256,92.6721,90.4543
2004-06-29,1064.37962,3425.82049,2413.02848,86.22319,93.47789,91.23996
2004-06-30,1068.87663,3440.63894,2423.39332,86.23164,93.4964,91.2553
2004-07-01,1057.62691,3404.86737,2398.10476,85.38724,92.59284,90.36988
2004-07-02,1054.41952,3394.64083,2390.88108,84.13862,91.24152,89.05023
2004-07-05,1054.41952,3394.64083,2390.88108,84.33059,91.44969,89.2534
2004-07-06,1045.62909,3366.34055,2370.9489,83.62755,90.6873,88.50932
2004-07-07,1047.79138,3374.18929,2376.28936,83.19041,90.23699,88.06288
2004-07-08,1039.0836,3346.33312,2356.63235,82.24624,89.21779,87.06678
2004-07-09,1042.76366,3358.35201,2365.0612,82.61414,89.62134,87.4593
2004-07-12,1043.78846,3361.8381,2367.47701,82.57868,89.58782,87.42514
2004-07-13,1044.56989,3364.55198,2369.34655,83.1971,90.26401,88.08346
2004-07-14,1041.05389,3353.14644,2361.33168,82.47535,89.47881,87.31786
2004-07-15,1036.71194,3339.255,2351.52936,82.25087,89.23777,87.0819
2004-07-16,1031.93183,3323.91853,2340.71657,81.38482,88.29975,86.16608
2004-07-19,1031.47244,3322.4388,2339.67454,81.4992,88.42386,86.28718
2004-07-20,1038.7196,3345.79785,2356.1208,82.3702,89.36927,87.20963
2004-07-21,1024.45402,3300.12637,2323.89985,82.25572,89.25261,87.09358
2004-07-22,1027.33759,3309.42674,2330.44663,82.17132,89.16134,87.00443
2004-07-23,1017.12305,3276.54861,2307.28874,82.38824,89.39743,87.2346
2004-07-26,1014.62559,3268.5177,2301.63047,81.95598,88.9288,86.77718
2004-07-27,1024.48214,3300.26961,2323.98959,83.32816,90.41773,88.23009
2004-07-28,1024.88778,3302.12064,2325.17807,83.55503,90.67884,88.48051
2004-07-29,1029.79527,3318.97351,2336.825,83.74297,90.91132,88.69901
2004-07-30,1031.19206,3323.49049,2340.00211,84.06899,91.26567,89.04461
2004-08-02,1035.91167,3338.70326,2350.71276,84.48183,91.7139,89.48192
2004-08-03,1029.57692,3318.31413,2336.35138,83.77727,90.94978,88.73617
2004-08-04,1028.44447,3315.24555,2334.06808,83.73371,90.91843,88.70092
2004-08-05,1011.99042,3262.33314,2296.78853,82.45562,89.53419,87.34941
2004-08-06,996.40053,3212.26852,2261.50081,79.78785,86.64259,84.52685
2004-08-09,997.5605,3216.10826,2264.18292,79.88726,86.75323,84.634
2004-08-10,1010.44818,3257.71047,2293.4603,80.53821,87.46155,85.32461
2004-08-11,1007.41016,3249.76381,2287.47547,81.01978,88.03457,85.86898
2004-08-12,995.3862,3211.05523,2260.21221,79.88259,86.80106,84.66518
2004-08-13,996.75115,3215.87526,2263.51695,79.20209,86.07277,83.95155
2004-08-16,1010.14046,3259.1532,2293.96171,80.32453,87.29471,85.14275
2004-08-17,1012.78255,3267.96788,2300.10467,80.62607,87.63019,85.46769
2004-08-18,1025.58049,3309.80815,2329.43819,81.89064,89.01928,86.81821
2004-08-19,1021.66146,3297.21531,2320.56379,81.14205,88.20699,86.02558
2004-08-20,1028.7996,3320.25228,2336.77709,81.92774,89.06109,86.85855
2004-08-23,1026.12326,3311.90653,2330.84182,82.50448,89.69594,87.4754
2004-08-24,1026.71644,3313.88075,2332.21863,83.13787,90.38617,88.14806
2004-08-25,1034.82297,3340.22965,2350.72345,83.96747,91.29312,89.03108
2004-08-26,1035.07696,3341.07757,2351.31425,84.02628,91.35784,89.09397
2004-08-27,1037.81676,3350.31467,2357.73188,84.63017,92.02522,89.74165
2004-08-30,1029.64416,3324.24151,2339.31788,83.92537,91.26734,89.00009
2004-08-31,1034.6523,3340.50697,2350.74375,83.56332,90.87624,88.61794
2004-09-01,1036.59994,3347.90057,2355.71332,83.60023,90.94642,88.67759
2004-09-02,1047.93594,3384.52896,2381.48299,84.61876,92.05489,89.75828
2004-09-03,1043.46602,3370.134,2371.34537,84.97083,92.43905,90.13251
2004-09-06,1043.46602,3370.134,2371.34537,84.80198,92.25536,89.95341
2004-09-07,1050.5408,3393.08785,2387.47454,85.37695,92.8837,90.56524
2004-09-08,1045.91573,3378.74083,2377.25476,84.65062,92.10963,89.80578
2004-09-09,1047.97661,3385.41216,2381.94572,84.54553,91.99566,89.69455
2004-09-10,1053.03369,3401.76753,2393.44924,84.05537,91.46282,89.17488
2004-09-13,1055.13722,3409.51832,2398.70094,84.58096,92.06052,89.75009
2004-09-14,1057.22529,3416.29005,2403.45991,84.49303,91.96547,89.65723
2004-09-15,1049.63432,3391.86068,2386.25205,84.8187,92.32266,90.00466
2004-09-16,1052.81673,3402.22963,2393.52888,85.13193,92.66592,90.33863
2004-09-17,1057.32125,3416.82184,2403.78724,85.31344,92.86446,90.53189
2004-09-20,1051.81141,3399.01631,2391.26078,84.98763,92.50981,90.18616
2004-09-21,1058.6086,3421.0303,2406.73777,84.78307,92.28845,89.96997
2004-09-22,1044.07096,3374.11603,2373.71906,83.73491,91.14929,88.85891
2004-09-23,1038.98959,3358.42052,2362.52393,82.93434,90.29735,88.02267
2004-09-24,1040.54713,3363.45611,2366.06607,83.25502,90.64653,88.36304
2004-09-27,1034.32195,3343.35555,2351.9215,82.54834,89.87769,87.6134
2004-09-28,1040.16389,3362.83877,2365.50065,82.92019,90.29865,88.01905
2004-09-29,1044.76513,3378.09211,2376.15053,83.27346,90.6935,88.40097
2004-09-30,1044.4734,3377.18656,2375.50561,82.54305,89.89901,87.62627
2004-10-01,1060.47005,3428.92928,2411.89723,83.97966,91.46417,89.1517
2004-10-04,1064.03527,3440.87868,2420.21344,85.17946,92.78226,90.43314
2004-10-05,1063.19953,3438.18093,2418.31489,84.79787,92.36674,90.02811
2004-10-06,1070.12515,3461.7106,2434.62577,85.37105,93.02154,90.65743
2004-10-07,1059.33786,3427.04315,2410.19601,84.6343,92.2249,89.87924
2004-10-08,1051.5921,3402.02944,2392.5948,83.13575,90.59314,88.28863
2004-10-11,1053.79437,3409.15408,2397.60545,83.54538,91.03951,88.72365
2004-10-12,1051.49949,3401.72985,2392.38411,83.85449,91.37635,89.05192
2004-10-13,1044.03683,3377.99344,2375.60495,83.54104,91.04573,88.72651
2004-10-14,1034.41966,3346.90455,2353.73559,81.92332,89.28342,87.00887
2004-10-15,1038.7271,3360.85515,2363.54355,81.68446,89.02346,86.75543
2004-10-18,1044.33313,3378.99374,2376.29964,81.88258,89.23938,86.96585
2004-10-19,1034.48368,3347.12535,2353.88798,81.11679,88.4048,86.15253
2004-10-20,1034.9355,3348.82444,2355.03283,80.59209,87.83917,85.59949
2004-10-21,1037.64986,3357.74628,2361.27776,80.78423,88.05223,85.80606
2004-10-22,1027.33244,3324.3657,2337.80224,79.82902,87.01123,84.79157
2004-10-25,1026.12794,3320.46804,2335.06128,78.83668,85.92961,83.73754
2004-10-26,1040.93857,3369.51267,2369.31506,79.98083,87.20565,84.97257
2004-10-27,1054.60855,3413.10338,2400.10542,81.05655,88.36148,86.10379
2004-10-28,1056.46716,3420.25194,2404.8932,81.42256,88.7899,86.51266
2004-10-29,1059.11303,3428.83312,2410.92368,81.72273,89.11763,86.83186
2004-11-01,1059.46315,3429.96833,2411.72153,81.5926,88.97577,86.69363
2004-11-02,1059.26422,3429.32429,2411.26868,81.86955,89.27778,86.9879
2004-11-03,1071.33962,3469.13549,2439.10986,82.14951,89.60161,87.298
2004-11-04,1088.45016,3524.68795,2478.1373,82.93028,90.45696,88.13026
2004-11-05,1092.4464,3537.69594,2487.2688,83.04781,90.58687,88.25633
2004-11-08,1090.98675,3533.30772,2484.11213,82.68708,90.20205,87.87888
2004-11-09,1090.10426,3531.85435,2482.79405,82.85692,90.42329,88.08391
2004-11-10,1089.12963,3529.41821,2480.92934,82.76362,90.33993,87.99731
2004-11-11,1099.03607,3561.5209,2503.49524,83.65566,91.31363,88.94576
2004-11-12,1109.47915,3595.82709,2527.51209,84.20568,91.92588,89.53866
2004-11-15,1109.2446,3595.41638,2527.14971,84.13583,91.85855,89.47048
2004-11-16,1101.63193,3571.06335,2509.96451,83.32018,90.97624,88.60871
2004-11-17,1107.99207,3592.06772,2524.64603,83.49882,91.18112,88.80538
2004-11-18,1109.64042,3597.46248,2528.42696,83.85482,91.57116,89.18489
2004-11-19,1097.18103,3557.18216,2500.09263,82.46881,90.06048,87.71274
2004-11-22,1103.62687,3578.13247,2514.80613,83.05507,90.70204,88.33718
2004-11-23,1103.29575,3577.15561,2514.09918,82.73834,90.35858,88.00197
2004-11-24,1107.98082,3592.51071,2524.85629,82.64139,90.25684,87.90167
2004-11-25,1107.98082,3592.51071,2524.85629,82.14202,89.71147,87.37052
2004-11-26,1108.78009,3595.54346,2526.89471,82.07419,89.64839,87.30588
2004-11-29,1105.14913,3584.33979,2518.9006,81.64841,89.19751,86.86263
2004-11-30,1100.65643,3569.83328,2508.69248,81.28589,88.80309,86.47806
2004-12-01,1117.01438,3624.06793,2546.55703,82.40097,90.0506,87.68434
2004-12-02,1115.80711,3620.18047,2543.81919,82.53522,90.19805,87.8277
2004-12-03,1116.62616,3622.85458,2545.6947,81.97188,89.58282,87.22852
2004-12-06,1115.84128,3620.51254,2544.0059,81.57261,89.15151,86.80708
2004-12-07,1103.27097,3579.77142,2515.36904,80.64766,88.14174,85.82353
2004-12-08,1108.68929,3598.17148,2528.12536,82.02417,89.66658,87.30231
2004-12-09,1114.71958,3617.88639,2541.94697,82.52941,90.22248,87.8425
2004-12-10,1113.55347,3614.10174,2539.28785,82.6613,90.36667,87.98289
2004-12-13,1123.08843,3645.40636,2561.20711,82.89889,90.63531,88.24184
2004-12-14,1127.80195,3660.71442,2571.96052,83.33454,91.11184,88.70572
2004-12-15,1130.60658,3670.09442,2578.49248,82.6828,90.40608,88.01661
2004-12-16,1128.00408,3661.86903,2572.66665,83.33066,91.11999,88.71004
2004-12-17,1120.00461,3635.92018,2554.43191,82.94259,90.69615,88.29726
2004-12-20,1120.38239,3637.23675,2555.33787,82.02065,89.69025,87.31732
2004-12-21,1130.85912,3671.39072,2579.30278,83.05399,90.82373,88.41979
2004-12-22,1134.74575,3685.36149,2588.83273,83.20559,91.02291,88.60394
2004-12-23,1135.42516,3687.56907,2590.38326,82.53707,90.29162,87.89207
2004-12-24,1135.42516,3687.56907,2590.38326,82.32368,90.05818,87.66483
2004-12-27,1130.55925,3671.76673,2579.2825,81.4624,89.116,86.74768
2004-12-28,1138.78218,3698.50174,2598.05675,82.17253,89.89355,87.50437
2004-12-29,1138.75818,3699.102,2598.3355,82.27362,90.02065,87.62327
2004-12-30,1138.92211,3699.82088,2598.80118,82.01682,89.74418,87.35284
2004-12-31,1137.42872,3694.96955,2595.39354,82.13525,89.87378,87.47898
2005-01-03,1127.69212,3663.35453,2573.18367,82.22766,89.97526,87.57765
2005-01-04,1114.55534,3621.10144,2543.41562,82.29998,90.06488,87.66183
2005-01-05,1110.16581,3607.18905,2533.57023,82.07464,89.82697,87.42773
2005-01-06,1113.97665,3620.42289,2542.68581,83.00975,90.87178,88.43839
2005-01-07,1112.58471,3615.92162,2539.51974,83.69712,91.62483,89.1711
2005-01-10,1116.57203,3628.92604,2548.64336,83.6892,91.6173,89.16344
2005-01-11,1109.57334,3606.42582,2532.78933,82.81681,90.66845,88.2382
2005-01-12,1114.25141,3622.09003,2543.69355,82.32088,90.13694,87.7176
2005-01-13,1104.80564,3591.38472,2522.13006,82.13617,89.93468,87.52077
2005-01-14,1111.61088,3613.52037,2537.67239,83.32371,91.23533,88.78641
2005-01-17,1111.61088,3613.52037,2537.67239,83.39377,91.31204,88.86105
2005-01-18,1122.29091,3648.28994,2562.07913,84.58288,92.61538,90.12902
2005-01-19,1111.55469,3613.60597,2537.67599,83.70946,91.66451,89.20208
2005-01-20,1103.43805,3587.28708,2519.17909,83.6211,91.56948,89.1091
2005-01-21,1096.40548,3564.45133,2503.13691,82.79092,90.66109,88.22491
2005-01-24,1092.47982,3551.68885,2494.17446,82.20988,90.02481,87.60573
2005-01-25,1096.45478,3564.61158,2503.24945,83.06303,90.95906,88.51488
2005-01-26,1102.09397,3583.05561,2516.17843,82.7557,90.62533,88.18929
2005-01-27,1102.10909,3583.453,2516.38413,82.96629,90.86477,88.41972
2005-01-28,1099.05616,3573.76385,2509.53019,82.9209,90.82109,88.37546
2005-01-31,1108.19912,3603.49371,2530.40678,83.44395,91.39397,88.93291
2005-02-01,1115.64867,3627.73102,2547.42352,84.19218,92.21384,89.7306
2005-02-02,1119.22559,3639.85116,2555.83135,84.28714,92.33025,89.84026
2005-02-03,1115.73167,3629.65935,2548.42821,84.53642,92.6332,90.12631
2005-02-04,1128.53581,3671.34824,2577.69114,85.58584,93.78403,91.24573
2005-02-07,1127.16004,3666.9872,2574.60507,86.22097,94.48295,91.92487
2005-02-08,1127.9382,3670.3164,2576.77451,86.69941,95.02789,92.44903
2005-02-09,1118.14053,3639.41281,2554.8724,85.81191,94.08041,91.51989
2005-02-10,1122.73662,3654.53239,2565.4527,85.47625,93.71652,91.1647
2005-02-11,1130.54107,3680.64216,2583.63285,86.17737,94.50336,91.92483
2005-02-14,1131.50276,3684.18352,2586.03228,85.66523,93.9522,91.38565
2005-02-15,1135.06245,3696.07346,2594.31508,85.91485,94.2336,91.65714
2005-02-16,1135.17202,3696.8297,2594.76179,85.81065,94.12948,91.5529
2005-02-17,1126.16381,3667.6322,2574.23915,84.6084,92.8142,90.2726
2005-02-18,1127.03546,3670.47158,2576.23192,84.66741,92.87895,90.33557
2005-02-21,1127.03546,3670.47158,2576.23192,84.62855,92.83632,90.2941
2005-02-22,1110.55713,3616.84334,2538.58341,82.44511,90.44206,87.96513
2005-02-23,1116.71875,3637.18668,2552.80378,83.07848,91.14378,88.64562
2005-02-24,1125.57471,3667.23655,2573.64077,83.66756,91.82024,89.29473
2005-02-25,1136.36503,3702.77763,2598.50217,84.55929,92.80852,90.25301
2005-02-28,1128.94055,3678.6465,2581.55477,83.48152,91.62713,89.1037
2005-03-01,1135.21715,3699.13933,2595.92744,84.50591,92.75248,90.19777
2005-03-02,1135.02046,3699.80266,2596.11836,84.94545,93.2678,90.6893
2005-03-03,1135.08582,3700.03804,2596.27882,84.86945,93.18492,90.60854
2005-03-04,1146.12782,3736.04435,2621.54141,84.93804,93.26054,90.68198
2005-03-07,1149.45566,3747.04681,2629.22915,85.53339,93.91811,91.32024
2005-03-08,1144.04702,3729.74635,2617.02011,84.14218,92.39871,89.84048
2005-03-09,1132.26583,3691.68587,2590.24133,83.1822,91.35314,88.82135
2005-03-10,1134.25807,3698.31319,2594.8636,83.02407,91.18272,88.65471
2005-03-11,1125.90402,3672.10362,2576.25741,82.10338,90.19684,87.68878
2005-03-14,1133.08269,3695.63889,2592.74345,83.17996,91.38256,88.84065
2005-03-15,1124.70993,3668.35187,2573.59523,82.92503,91.10303,88.56874
2005-03-16,1115.33412,3638.03145,2552.26876,81.51732,89.56288,87.06957
2005-03-17,1117.22169,3644.22489,2556.6061,81.96043,90.05063,87.54348
2005-03-18,1116.80984,3642.88821,2555.66694,82.49748,90.64086,88.11723
2005-03-21,1111.75303,3626.39354,2544.09511,82.77807,90.94914,88.41693
2005-03-22,1100.62556,3590.20213,2518.68295,81.81921,89.89826,87.39454
2005-03-23,1101.14156,3591.94326,2519.89224,83.05909,91.26204,88.71991
2005-03-24,1100.54084,3589.98471,2518.51802,83.30827,91.53587,88.98609
2005-03-25,1100.54084,3589.98471,2518.51802,83.30827,91.53587,88.98609
2005-03-28,1103.21863,3598.71972,2524.64598,84.10121,92.40711,89.83307
2005-03-29,1095.07007,3573.01777,2506.43007,83.23437,91.47716,88.92246
2005-03-30,1110.04796,3622.38712,2540.95704,84.05387,92.39055,89.80663
2005-03-31,1109.26961,3619.89354,2539.19813,83.77519,92.08542,89.50968
2005-04-01,1102.04216,3596.33777,2522.66855,83.46054,91.74031,89.17401
2005-04-04,1104.71346,3605.47922,2528.99161,84.54347,92.9416,90.33851
2005-04-05,1109.6516,3621.64896,2540.32241,84.8354,93.26389,90.65138
2005-04-06,1112.09051,3630.44392,2546.31574,84.94577,93.40671,90.78393
2005-04-07,1118.96438,3653.09586,2562.15871,85.11644,93.59982,90.97003
2005-04-08,1109.55871,3622.38907,2540.622,84.76887,93.2176,90.59856
2005-04-11,1109.41717,3621.97281,2540.3204,84.02555,92.40137,89.80491
2005-04-12,1115.85067,3643.19665,2555.15973,85.00806,93.48746,90.85884
2005-04-13,1102.73043,3600.77702,2525.32088,83.9206,92.30222,89.70381
2005-04-14,1091.68125,3564.71178,2500.02443,83.66027,92.01626,89.42579
2005-04-15,1074.26084,3507.82822,2460.13052,81.54534,89.69009,87.16511
2005-04-18,1077.26223,3517.63927,2467.00905,81.25787,89.37417,86.858
2005-04-19,1083.93467,3539.42711,2482.28941,81.61691,89.76907,87.24179
2005-04-20,1069.78295,3493.46939,2450.00496,80.35715,88.38987,85.89956
2005-04-21,1090.54381,3561.3215,2497.5786,81.65727,89.82136,87.29031
2005-04-22,1083.27595,3537.66832,2480.97342,81.2867,89.41579,86.89557
2005-04-25,1092.56008,3567.98761,2502.2364,82.62768,90.89088,88.32908
2005-04-26,1083.27675,3537.68715,2480.98321,82.05205,90.25809,87.714
2005-04-27,1087.60306,3552.19625,2491.0784,82.34479,90.58982,88.03355
2005-04-28,1075.11722,3512.64907,2463.0855,81.70513,89.91766,87.37116
2005-04-29,1087.91875,3554.49012,2492.42136,82.71643,91.03101,88.45286
2005-05-02,1092.96966,3570.99267,2503.99301,83.56002,91.9594,89.35496
2005-05-03,1092.19956,3568.50668,2502.24348,83.18367,91.54598,88.95303
2005-05-04,1105.92153,3614.06501,2534.03656,83.78666,92.2281,89.61043
2005-05-05,1103.21979,3605.35187,2527.90287,83.68209,92.11595,89.5006
2005-05-06,1102.01054,3601.61968,2525.23983,84.20203,92.69395,90.06054
2005-05-09,1109.03397,3624.62103,2541.35707,84.8675,93.42775,90.77314
2005-05-10,1097.58357,3587.30312,2515.16998,83.65214,92.0925,89.47504
2005-05-11,1101.91825,3603.37612,2526.03843,84.40194,92.96712,90.31048
2005-05-12,1091.19724,3568.53061,2501.56619,84.25138,92.80683,90.15314
2005-05-13,1086.37523,3553.16173,2490.70827,84.31682,92.88939,90.23029
2005-05-16,1097.26399,3589.16922,2515.86606,85.33062,94.01658,91.32221
2005-05-17,1104.99484,3614.85117,2533.7852,85.85699,94.60685,91.89256
2005-05-18,1116.02984,3651.65744,2559.4355,86.68009,95.53232,92.78609
2005-05-19,1121.41297,3669.31056,2571.80022,87.22243,96.13107,93.36733
2005-05-20,1119.88978,3664.33227,2568.30977,87.61774,96.56691,93.79059
2005-05-23,1124.21444,3678.50952,2578.2409,87.70442,96.66315,93.88386
2005-05-24,1124.34757,3678.98073,2578.56368,87.70783,96.66784,93.88815
2005-05-25,1120.3144,3665.98066,2569.41066,87.30995,96.23448,93.46574
2005-05-26,1127.52362,3689.9831,2586.14687,88.37702,97.4215,94.61544
2005-05-27,1128.6421,3694.03717,2588.90541,88.30954,97.35749,94.55025
2005-05-30,1128.6421,3694.03717,2588.90541,88.80508,97.90381,95.08081
2005-05-31,1121.50211,3670.68995,2572.53829,89.15091,98.28565,95.45148
2005-06-01,1131.59018,3704.88114,2596.254,90.57267,99.88471,96.99521
2005-06-02,1133.85133,3712.29573,2601.44748,90.59851,99.91351,97.02309
2005-06-03,1126.28962,3687.61166,2584.13431,90.07129,99.33407,96.45983
2005-06-06,1127.73436,3692.52083,2587.53685,90.12075,99.39342,96.51607
2005-06-07,1127.44625,3691.77294,2586.97168,90.18583,99.47047,96.58935
2005-06-08,1124.76314,3683.59461,2581.11311,89.54793,98.78319,95.91723
2005-06-09,1130.79463,3703.44737,2595.00309,91.03234,100.42339,97.50906
2005-06-10,1128.05278,3694.48374,2588.71889,91.336,100.75881,97.83462
2005-06-13,1130.65249,3703.99168,2595.17221,92.19292,101.73143,98.77106
2005-06-14,1133.33738,3712.83024,2601.35586,92.35047,101.90646,98.94066
2005-06-15,1135.76324,3720.87715,2606.97287,92.05902,101.58757,98.63025
2005-06-16,1140.19633,3735.45518,2617.17522,92.60953,102.19657,99.22108
2005-06-17,1145.59733,3753.15533,2629.5753,91.93746,101.45508,98.50114
2005-06-20,1145.03108,3751.30021,2628.27555,92.59993,102.18613,99.2109
2005-06-21,1142.71602,3743.7648,2622.98569,92.43175,102.00187,99.03162
2005-06-22,1142.89873,3744.43943,2623.44238,92.46177,102.03707,99.06519
2005-06-23,1130.73936,3705.37934,2595.9126,92.0929,101.65132,98.68447
2005-06-24,1122.30396,3677.75609,2576.55628,91.12988,100.58887,97.65287
2005-06-27,1121.62097,3675.51795,2574.98829,90.52399,99.9201,97.00362
2005-06-28,1131.95156,3710.08242,2599.05389,91.97793,101.54442,98.57486
2005-06-29,1130.30673,3705.00167,2595.4294,91.92799,101.49779,98.52712
2005-06-30,1122.56948,3679.88866,2577.78496,91.01215,100.4934,97.55015
2005-07-01,1125.61011,3690.28457,2584.97733,92.31862,101.94781,98.95851
2005-07-04,1125.61011,3690.28457,2584.97733,92.79159,102.47011,99.4655
2005-07-05,1135.38228,3722.36472,2607.43999,93.58931,103.35222,100.3214
2005-07-06,1126.45764,3693.9808,2587.37363,92.69796,102.39215,99.38242
2005-07-07,1129.24815,3703.34628,2593.8884,92.74099,102.44561,99.43258
2005-07-08,1142.38516,3746.43376,2624.06658,93.96139,103.79386,100.74114
2005-07-11,1149.50521,3769.83022,2640.44412,93.4894,103.27375,100.23596
2005-07-12,1152.01934,3778.25321,2646.30634,92.68778,102.39305,99.37976
2005-07-13,1152.69993,3780.98938,2648.11686,93.56317,103.37388,100.32771
2005-07-14,1155.41594,3789.91171,2654.36301,93.69839,103.52365,100.47296
2005-07-15,1157.02973,3795.20515,2658.07041,94.30454,104.19337,101.12294
2005-07-18,1150.81175,3774.8094,2643.78571,93.67328,103.49591,100.44604
2005-07-19,1158.99589,3801.66412,2662.59208,94.87446,104.82332,101.73425
2005-07-20,1164.39398,3819.71265,2675.16095,95.13386,105.11933,102.0188
2005-07-21,1156.4004,3793.50229,2656.80183,93.65442,103.48493,100.43251
2005-07-22,1162.44476,3813.41936,2670.73218,94.18279,104.07119,101.00077
2005-07-25,1157.69983,3797.85353,2659.83064,94.17928,104.06732,100.99701
2005-07-26,1160.07649,3805.65021,2665.29105,94.71016,104.65393,101.56632
2005-07-27,1165.32574,3823.244,2677.5344,95.01227,104.99802,101.89727
2005-07-28,1171.78918,3845.54158,2692.92063,95.18346,105.21708,102.10115
2005-07-29,1163.42166,3818.15701,2673.72811,94.01361,103.92597,100.84769
2005-08-01,1164.70135,3822.37135,2676.6762,93.63905,103.51232,100.44617
2005-08-02,1172.7214,3848.72532,2695.12397,94.28384,104.226,101.13845
2005-08-03,1173.30548,3851.3943,2696.83496,93.50364,103.38372,100.31524
2005-08-04,1164.64731,3823.05004,2676.97163,92.41597,102.18315,99.14972
2005-08-05,1155.12866,3791.91956,2655.14926,91.8984,101.61397,98.59653
2005-08-08,1151.31049,3779.52537,2646.44136,91.38723,101.0525,98.05064
2005-08-09,1159.08014,3805.1558,2664.36182,92.14554,101.89434,98.86651
2005-08-10,1156.92943,3799.71526,2660.21206,91.70346,101.44874,98.42156
2005-08-11,1165.15476,3827.19888,2679.35505,91.92857,101.71024,98.67162
2005-08-12,1158.56589,3805.59982,2664.22479,91.46754,101.20131,98.17756
2005-08-15,1161.73674,3816.50894,2671.75837,92.2111,102.03719,98.98463
2005-08-16,1148.45974,3772.92947,2641.24249,91.44937,101.19531,98.16764
2005-08-17,1149.29172,3776.61322,2643.62168,91.67925,101.47522,98.43174
2005-08-18,1147.97568,3772.43748,2640.66742,92.5521,102.44538,99.37163
2005-08-19,1148.69986,3775.15315,2642.49782,92.8469,102.78084,99.69436
2005-08-22,1150.64645,3781.55055,2646.97582,92.32757,102.20594,99.13673
2005-08-23,1147.10611,3769.98492,2638.86561,92.26223,102.13549,99.06784
2005-08-24,1139.8888,3746.4865,2622.37099,91.30763,101.08471,98.04689
2005-08-25,1142.54958,3755.2626,2628.50737,91.26009,101.03292,97.99641
2005-08-26,1135.61094,3732.51701,2612.57396,90.38959,100.0708,97.06274
2005-08-29,1142.47348,3755.5532,2628.59724,91.39533,101.1972,98.15152
2005-08-30,1138.83266,3743.96869,2620.40842,91.68695,101.5305,98.47176
2005-08-31,1150.2458,3782.70344,2647.26412,91.80012,101.68845,98.61545
2005-09-01,1151.10637,3785.53354,2649.24472,90.63077,100.39314,97.35929
2005-09-02,1147.81419,3774.82752,2641.72695,89.78817,99.46296,96.45629
2005-09-05,1147.81419,3774.82752,2641.72695,90.01055,99.7093,96.69519
2005-09-06,1161.99322,3821.61163,2674.43554,91.37798,101.22813,98.16693
2005-09-07,1164.9972,3832.08474,2681.64022,91.86445,101.78281,98.70024
2005-09-08,1160.52805,3817.47411,2671.39701,91.77008,101.68065,98.60048
2005-09-09,1169.60008,3847.31591,2692.27974,92.3684,102.34358,99.24333
2005-09-12,1169.25769,3846.36855,2691.57924,93.42379,103.51776,100.38054
2005-09-13,1160.63101,3818.98358,2672.20751,92.78739,102.83935,99.71491
2005-09-14,1156.5116,3805.50838,2662.76201,92.25518,102.25161,99.14441
2005-09-15,1157.28704,3808.23368,2664.63247,92.97442,103.05349,99.92055
2005-09-16,1166.65954,3839.1169,2686.23283,93.73506,103.89772,100.73878
2005-09-19,1160.348,3818.34756,2671.7005,93.75751,103.9226,100.76291
2005-09-20,1151.59619,3789.56834,2651.55941,92.85925,102.9275,99.79791
2005-09-21,1140.81198,3754.19751,2626.78592,91.58338,101.51645,98.42884
2005-09-22,1144.78763,3768.08318,2636.33316,92.51545,102.57146,99.44541
2005-09-23,1145.59674,3770.74897,2638.19773,93.16767,103.29464,100.14653
2005-09-26,1146.26892,3772.96144,2639.74569,93.51289,103.67739,100.51761
2005-09-27,1145.84692,3771.62674,2638.80047,93.68871,103.87382,100.70762
2005-09-28,1146.63176,3775.03699,2641.01287,93.72165,103.93311,100.75848
2005-09-29,1156.8071,3808.71872,2664.53847,94.52973,104.83423,101.63063
2005-09-30,1158.74513,3815.11651,2669.01074,94.33469,104.61839,101.42124
2005-10-03,1157.39529,3810.70259,2665.91643,95.38782,105.78717,102.55406
2005-10-04,1145.624,3772.34824,2638.99979,94.19622,104.4768,101.2805
2005-10-05,1128.47504,3717.19539,2600.14068,92.65424,102.80292,99.64724
2005-10-06,1123.61112,3701.20767,2588.95029,90.89389,100.85068,97.75466
2005-10-07,1127.76046,3714.93062,2598.53781,91.36508,101.37499,98.26244
2005-10-10,1119.72674,3688.46691,2580.02685,91.24898,101.24616,98.13757
2005-10-11,1117.46558,3681.27641,2574.94308,91.4367,101.46156,98.34428
2005-10-12,1109.92253,3656.85087,2557.76925,90.57033,100.51184,97.42036
2005-10-13,1109.20944,3654.61363,2556.18088,91.23651,101.25426,98.13904
2005-10-14,1118.51692,3685.3254,2577.65235,90.95028,100.93785,97.832
2005-10-17,1121.88253,3696.4145,2585.40848,91.53866,101.59084,98.4649
2005-10-18,1110.40624,3658.61056,2558.96522,91.3694,101.40324,98.283
2005-10-19,1126.93136,3713.38718,2597.20895,92.29587,102.44052,99.28573
2005-10-20,1110.40162,3659.02667,2559.16576,90.97245,100.97459,97.86408
2005-10-21,1113.33142,3668.68103,2565.91813,90.94679,100.94611,97.83647
2005-10-24,1132.01997,3730.31894,2609.01689,92.75133,102.95057,99.77875
2005-10-25,1129.17593,3720.94704,2602.4621,91.60073,101.67344,98.54097
2005-10-26,1123.91304,3703.6664,2590.36285,91.33231,101.37721,98.25337
2005-10-27,1111.8536,3664.3044,2562.75359,89.8539,99.74649,96.66991
2005-10-28,1130.02594,3724.51358,2604.79593,91.66211,101.76249,98.62119
2005-10-31,1138.51262,3752.52932,2624.37994,93.29887,103.58083,100.38305
2005-11-01,1134.76751,3740.19671,2615.75261,92.89115,103.12848,99.94457
2005-11-02,1146.88128,3780.56244,2643.89084,93.29919,103.59351,100.39175
2005-11-03,1152.1991,3799.38841,2656.78457,94.20417,104.63404,101.38974
2005-11-04,1152.58125,3800.65282,2657.66783,95.76299,106.36557,103.06755
2005-11-07,1155.10577,3809.1333,2663.56525,96.12735,106.77464,103.46266
2005-11-08,1150.88772,3797.02759,2654.72182,96.06955,106.76116,103.43486
2005-11-09,1152.60643,3802.96546,2658.81722,96.41802,107.15594,103.81515
2005-11-10,1162.44642,3835.85345,2681.72224,97.13354,107.96301,104.59361
2005-11-11,1166.09833,3848.19027,2690.28713,97.77998,108.68961,105.29519
2005-11-14,1165.35048,3846.14726,2688.76973,97.75067,108.66904,105.27177
2005-11-15,1161.05406,3832.3086,2679.0238,97.62389,108.53776,105.14178
2005-11-16,1163.29922,3840.45513,2684.5644,97.90492,108.87107,105.4586
2005-11-17,1174.83883,3878.62511,2711.23061,98.33647,109.35304,105.92486
2005-11-18,1179.90768,3895.84876,2723.16766,98.92947,110.02629,106.57299
2005-11-21,1186.31902,3917.04367,2737.97732,99.18743,110.31391,106.85137
2005-11-22,1192.52243,3937.74147,2752.39979,99.89329,111.10502,107.61589
2005-11-23,1196.8404,3952.19879,2762.46338,99.62582,110.81312,107.33153
2005-11-24,1196.8404,3952.19879,2762.46338,99.65963,110.85073,107.36795
2005-11-25,1199.44605,3960.85293,2768.50191,100.3448,111.61424,108.10707
2005-11-28,1188.79786,3926.16787,2744.15804,98.93957,110.06459,106.60222
2005-11-29,1188.80887,3926.89232,2744.52011,99.20125,110.37503,106.89727
2005-11-30,1181.54389,3904.15843,2728.3663,98.36922,109.48472,106.02472
2005-12-01,1196.16867,3952.4829,2762.13718,100.23722,111.56381,108.0381
2005-12-02,1196.71063,3954.27366,2763.38863,100.45846,111.81004,108.27656
2005-12-05,1193.49163,3943.81177,2756.04088,99.60894,110.86944,107.36426
2005-12-06,1194.71143,3947.91165,2758.89149,99.57105,110.8292,107.32473
2005-12-07,1188.68818,3928.79248,2745.36608,99.52964,110.80524,107.2951
2005-12-08,1187.7062,3925.89525,2743.26853,98.58123,109.75913,106.27929
2005-12-09,1190.95125,3936.68216,2750.79332,98.78375,109.9863,106.49877
2005-12-12,1192.54685,3942.09242,2754.54528,97.92309,109.0318,105.57344
2005-12-13,1199.2708,3964.61395,2770.22044,98.64852,109.84769,106.36108
2005-12-14,1204.14719,3980.97486,2781.60204,98.24686,109.40704,105.9325
2005-12-15,1202.35492,3975.29959,2777.58418,98.76977,109.99627,106.501
2005-12-16,1198.91607,3964.03506,2769.69148,98.01968,109.16381,105.69416
2005-12-19,1191.21116,3938.56627,2751.89498,97.47906,108.56191,105.11134
2005-12-20,1191.23615,3938.73507,2751.99485,98.35027,109.53456,106.05238
2005-12-21,1194.18846,3948.59247,2758.86215,99.22415,110.51051,106.99652
2005-12-22,1199.20999,3966.14674,2770.92798,99.20052,110.51067,106.98898
2005-12-23,1199.7212,3968.39976,2772.38419,99.21772,110.54549,107.01815
2005-12-26,1199.7212,3968.39976,2772.38419,99.21772,110.54549,107.01815
2005-12-27,1188.26669,3930.51503,2745.91648,98.32013,109.54554,106.05007
2005-12-28,1189.91712,3936.81018,2750.13917,98.01875,109.23295,105.74072
2005-12-29,1186.30912,3925.08675,2741.90478,98.31147,109.56512,106.06054
2005-12-30,1180.64009,3906.35051,2728.81208,98.24397,109.49047,105.9881
2006-01-02,1180.64009,3906.35051,2728.81208,98.24397,109.49047,105.9881
2006-01-03,1200.10127,3970.74506,2773.79459,98.34594,109.60422,106.09819
2006-01-04,1204.84758,3987.24243,2785.15269,97.82828,109.049,105.55442
2006-01-05,1205.04059,3987.91037,2785.61313,97.81159,109.03119,105.53695
2006-01-06,1216.78744,4027.72208,2813.22581,98.32598,109.6301,106.10926
2006-01-09,1221.39266,4042.9712,2823.87569,99.27843,110.69219,107.1372
2006-01-10,1221.29196,4042.85454,2823.74881,99.3196,110.74402,107.18565
2006-01-11,1225.39985,4057.02087,2833.52433,99.4148,110.86569,107.2989
2006-01-12,1217.34796,4030.41628,2814.93184,99.25379,110.6876,107.12611
2006-01-13,1218.70887,4034.94209,2818.08855,99.06029,110.47236,106.91764
2006-01-16,1218.70887,4034.94209,2818.08855,98.6925,110.06221,106.52068
2006-01-17,1214.17836,4019.94234,2807.61241,98.77383,110.15291,106.60846
2006-01-18,1209.14644,4003.70297,2796.18239,98.07997,109.3906,105.86735
2006-01-19,1215.96096,4026.30794,2811.96112,98.51061,109.87202,106.33294
2006-01-20,1193.05178,3950.48415,2758.99902,96.82646,107.99455,104.51567
2006-01-23,1195.61968,3959.0418,2764.96417,95.54567,106.5675,103.13417
2006-01-24,1199.26644,3971.11728,2773.39759,95.89175,106.9535,103.50773
2006-01-25,1196.52088,3962.12169,2767.09508,95.76583,106.81564,103.37357
2006-01-26,1205.17163,3990.88313,2787.15748,96.5724,107.71839,104.24632
2006-01-27,1214.10774,4020.87661,2808.02016,98.19028,109.53395,106.00018
2006-01-30,1215.62699,4026.02519,2811.59118,98.74437,110.15525,106.60051
2006-01-31,1211.66371,4012.97274,2802.46055,97.94017,109.26012,105.73368
2006-02-01,1213.23216,4018.60451,2806.30192,98.41952,109.80682,106.25927
2006-02-02,1202.03753,3982.61361,2780.9403,97.60819,108.93142,105.4035
2006-02-03,1195.59892,3961.56612,2766.18376,97.7892,109.14128,105.60428
2006-02-06,1196.72522,3965.35493,2768.8174,98.057,109.44173,105.89455
2006-02-07,1186.77873,3932.51681,2745.86305,97.45761,108.77605,105.24948
2006-02-08,1196.60322,3966.69506,2769.38773,98.28083,109.73981,106.16895
2006-02-09,1194.54119,3960.07013,2764.71836,98.10326,109.54736,105.98108
2006-02-10,1197.49318,3970.08355,2771.66164,98.67595,110.19316,106.60403
2006-02-13,1192.64239,3954.54849,2760.70149,98.31751,109.80807,106.22706
2006-02-14,1204.34863,3993.81394,2788.01876,99.55847,111.20659,107.57634
2006-02-15,1208.59532,4008.84218,2798.31172,99.6996,111.39051,107.74664
2006-02-16,1217.70881,4039.15238,2819.45228,100.56973,112.36493,108.68852
2006-02-17,1215.58112,4032.1216,2814.53897,100.08242,111.82121,108.16237
2006-02-20,1215.58112,4032.1216,2814.53897,99.87298,111.5872,107.93603
2006-02-21,1211.63995,4019.0779,2805.42795,99.94236,111.66554,108.01156
2006-02-22,1220.57685,4049.10164,2826.30588,100.86601,112.70809,109.01694
2006-02-23,1216.40758,4036.31875,2817.16384,100.15046,111.93761,108.26325
2006-02-24,1218.22055,4042.8729,2821.62562,100.74763,112.62005,108.91894
2006-02-27,1222.8825,4059.0028,2832.74524,101.22699,113.17426,109.44961
2006-02-28,1210.22774,4017.04493,2803.45356,99.6333,111.39375,107.72733
2006-03-01,1220.22292,4051.27226,2827.12044,100.38039,112.25814,108.55482
2006-03-02,1218.53705,4045.73163,2823.24214,99.80672,111.61816,107.9355
2006-03-03,1216.73872,4039.83616,2819.11233,99.42711,111.19569,107.52637
2006-03-06,1208.16812,4011.53321,2799.32964,98.7432,110.43505,106.7896
2006-03-07,1205.4655,4002.72522,2793.14857,99.55018,111.3422,107.66547
2006-03-08,1207.32857,4010.00877,2798.00141,99.41964,111.22662,107.54488
2006-03-09,1201.07352,3989.3003,2783.53796,98.88796,110.63366,106.97101
2006-03-10,1209.41114,4017.00277,2802.86539,99.91385,111.78167,108.08094
2006-03-13,1211.75703,4025.96797,2808.87524,99.72574,111.60374,107.89946
2006-03-14,1224.59327,4068.63153,2838.63777,100.01067,111.92305,108.20805
2006-03-15,1229.96549,4086.7792,2851.23665,100.31586,112.27281,108.54381
2006-03-16,1231.67874,4092.56723,2855.25482,99.46381,111.32179,107.62363
2006-03-17,1233.88045,4099.90247,2860.36831,99.50244,111.36555,107.66578
2006-03-20,1231.96506,4093.55881,2855.9382,99.33165,111.17497,107.48137
2006-03-21,1224.33474,4068.24506,2838.26924,99.38589,111.23677,107.5408
2006-03-22,1231.38733,4091.77007,2854.66285,99.99146,111.91704,108.19774
2006-03-23,1228.68793,4082.81769,2848.41349,100.63815,112.64133,108.89782
2006-03-24,1230.44107,4088.64426,2852.47822,100.53007,112.52039,108.7809
2006-03-27,1228.94003,4083.66168,2849.00099,100.26555,112.22446,108.49476
2006-03-28,1221.37531,4058.55424,2831.4784,99.20309,111.03608,107.34564
2006-03-29,1230.92396,4091.13411,2854.03001,100.68686,112.72027,108.96706
2006-03-30,1228.54917,4083.38644,2848.59473,99.31731,111.19099,107.48755
2006-03-31,1224.07919,4068.56576,2838.24812,99.28304,111.15362,107.45113
2006-04-03,1226.34355,4076.12895,2843.51649,99.35996,111.24074,107.53507
2006-04-04,1233.65112,4100.82831,2860.66093,98.75373,110.57309,106.88644
2006-04-05,1238.95516,4118.85769,2873.15459,99.11365,110.98681,107.28326
2006-04-06,1236.52861,4111.71675,2867.97957,99.23902,111.15223,107.4359
2006-04-07,1224.19156,4070.74435,2839.3901,99.19379,111.10296,107.38788
2006-04-10,1224.95887,4073.38731,2841.21446,99.32976,111.25776,107.53678
2006-04-11,1215.50342,4042.70924,2819.65635,98.37611,110.21043,106.51843
2006-04-12,1216.72945,4046.83697,2822.52485,98.61357,110.47782,106.77647
2006-04-13,1217.78141,4050.33577,2824.96514,98.87845,110.77457,107.06328
2006-04-14,1217.78141,4050.33577,2824.96514,98.87845,110.77457,107.06328
2006-04-17,1214.2075,4038.44897,2816.67451,97.04688,108.72265,105.0801
2006-04-18,1234.99152,4107.58797,2864.89412,98.692,110.56599,106.86159
2006-04-19,1237.42001,4116.05514,2870.71806,98.48116,110.34024,106.64037
2006-04-20,1238.85211,4120.89525,2874.07776,98.80744,110.70787,106.99508
2006-04-21,1238.15389,4118.61852,2872.48029,98.49564,110.35974,106.65827
2006-04-24,1235.62688,4110.27599,2866.64864,98.07206,109.88683,106.20073
2006-04-25,1229.96882,4091.45462,2853.52196,97.32392,109.04856,105.39058
2006-04-26,1233.25843,4102.83948,2861.36966,97.29401,109.0268,105.36614
2006-04-27,1237.86278,4119.29154,2872.60623,96.89403,108.60849,104.95321
2006-04-28,1238.71376,4122.20084,2874.61884,96.52189,108.19339,104.55149
2006-05-01,1233.51524,4104.90969,2862.55906,95.94924,107.55171,103.93135
2006-05-02,1240.44039,4127.96071,2878.63256,96.29713,107.94181,104.30828
2006-05-03,1235.64032,4112.74768,2867.86461,96.17551,107.82544,104.19004
2006-05-04,1240.09613,4127.72168,2878.2762,95.93654,107.56124,103.93367
2006-05-05,1253.21516,4171.51962,2908.78936,96.5633,108.26734,104.61497
2006-05-08,1252.52055,4169.58294,2907.36038,96.66914,108.39577,104.73624
2006-05-09,1252.84318,4170.71787,2908.139,96.36065,108.05144,104.40307
2006-05-10,1250.60536,4165.0735,2903.82568,95.92544,107.61007,103.96309
2006-05-11,1234.73961,4112.87033,2867.29722,94.5312,106.06242,102.46313
2006-05-12,1220.53943,4065.84795,2834.45734,92.99431,104.34519,100.80211
2006-05-15,1223.29265,4075.47957,2841.07568,93.57453,105.00809,101.43906
2006-05-16,1221.02301,4067.97187,2835.83071,93.27734,104.67597,101.11783
2006-05-17,1200.38486,4000.29557,2788.4265,92.14538,103.43365,99.90963
2006-05-18,1192.2486,3973.19092,2769.53107,91.34935,102.54035,99.0467
2006-05-19,1197.07233,3989.26611,2780.73635,92.47692,103.80606,100.26928
2006-05-22,1192.12321,3972.78083,2769.24359,91.31123,102.49777,99.0055
2006-05-23,1186.69295,3954.74508,2756.659,90.64772,101.75452,98.28713
2006-05-24,1188.47763,3960.85284,2760.88292,91.41007,102.61443,99.11654
2006-05-25,1202.10938,4006.75553,2792.78034,92.3283,103.65743,100.12044
2006-05-26,1208.82095,4029.62039,2808.61416,93.27441,104.73249,101.15509
2006-05-29,1208.82095,4029.62039,2808.61416,93.01848,104.44511,100.87753
2006-05-30,1189.80788,3966.60608,2764.61714,90.61064,101.75088,98.2726
2006-05-31,1199.46624,4000.2224,2787.75051,91.65909,102.96471,99.43438
2006-06-01,1214.59275,4050.78301,2822.96237,93.0069,104.48169,100.89849
2006-06-02,1217.17314,4059.39618,2828.9633,92.39358,103.79288,100.23326
2006-06-05,1195.23511,3986.40313,2778.05892,90.65118,101.83992,98.346
2006-06-06,1193.16696,3979.68095,2773.33762,91.39118,102.67579,99.15187
2006-06-07,1185.41833,3954.56089,2755.6806,91.07485,102.33915,98.82136
2006-06-08,1186.49253,3958.36912,2758.28734,92.15281,103.55631,99.99498
2006-06-09,1181.51724,3941.77057,2746.72107,91.70833,103.05683,99.51268
2006-06-12,1165.61398,3888.80485,2709.79433,90.91248,102.16488,98.65071
2006-06-13,1153.26175,3848.59335,2681.56537,90.10659,101.28553,97.79399
2006-06-14,1159.2202,3868.63712,2695.4978,90.17733,101.36923,97.87359
2006-06-15,1184.72816,3953.8749,2754.86464,92.12512,103.56166,99.98958
2006-06-16,1180.45323,3939.61904,2744.92953,91.66924,103.04948,99.49498
2006-06-19,1169.32319,3902.47387,2719.04863,91.427,102.77717,99.23206
2006-06-20,1168.80416,3900.79358,2717.86704,91.24106,102.5695,99.03116
2006-06-21,1181.07475,3941.87594,2746.46385,91.70299,103.0922,99.53484
2006-06-22,1174.53854,3920.95388,2731.69999,91.68141,103.09141,99.52728
2006-06-23,1174.41075,3920.54252,2731.41021,92.09623,103.55826,99.97787
2006-06-26,1180.14135,3939.68998,2744.74655,92.28755,103.77384,100.18587
2006-06-27,1169.27852,3903.45652,2719.49672,91.11865,102.46025,98.91746
2006-06-28,1175.39348,3924.68232,2734.11481,92.09236,103.57658,99.98899
2006-06-29,1201.23072,4011.14947,2794.31093,94.03415,105.76567,102.10076
2006-06-30,1199.29293,4004.70879,2789.81785,92.06156,103.54776,99.95949
2006-07-03,1208.96954,4037.44799,2812.53591,92.68838,104.26382,100.64753
2006-07-04,1208.96954,4037.44799,2812.53591,92.71735,104.2964,100.67899
2006-07-05,1199.49546,4006.28922,2790.72987,92.57668,104.15066,100.53468
2006-07-06,1202.29004,4016.60703,2797.7115,92.53769,104.1323,100.50958
2006-07-07,1193.87899,3988.50741,2778.1391,91.38867,102.83931,99.26157
2006-07-10,1195.06166,3992.49722,2780.91005,92.08243,103.621,100.01577
2006-07-11,1199.7421,4008.38942,2791.92609,92.35606,103.93556,100.31746
2006-07-12,1186.49446,3964.59159,2761.32323,91.78979,103.31036,99.71053
2006-07-13,1170.90267,3912.62647,2725.10175,90.54076,101.90804,98.35607
2006-07-14,1164.54347,3891.37691,2710.30167,90.46954,101.82788,98.2787
2006-07-17,1162.85634,3885.73928,2706.37513,91.17557,102.62256,99.04568
2006-07-18,1164.88591,3892.5888,2711.13161,91.5248,103.01741,99.42626
2006-07-19,1186.91036,3966.5752,2762.5807,92.71348,104.3656,100.72448
2006-07-20,1175.85768,3929.64279,2736.85755,91.26182,102.73163,99.14748
2006-07-21,1166.66056,3898.95294,2715.47347,90.26251,101.60794,98.06264
2006-07-24,1186.27759,3964.56964,2761.16111,92.22369,103.81711,100.1943
2006-07-25,1194.71425,3992.76845,2780.79974,92.86854,104.54311,100.89494
2006-07-26,1194.14994,3990.9445,2779.51648,92.90929,104.59061,100.94031
2006-07-27,1188.53402,3972.61421,2766.65861,91.61542,103.14545,99.54229
2006-07-28,1203.35071,4022.30631,2801.2307,92.52501,104.17386,100.53352
2006-07-31,1202.07584,4018.08135,2798.28074,92.45595,104.09706,100.45913
2006-08-01,1196.22865,3998.55596,2784.67874,92.14341,103.74567,100.11988
2006-08-02,1203.54824,4023.60332,2802.00094,92.21512,103.8414,100.20792
2006-08-03,1205.34125,4030.83126,2806.77667,92.48607,104.17839,100.52388
2006-08-04,1204.2669,4027.28336,2804.2968,91.6691,103.25929,99.6367
2006-08-07,1200.9681,4016.42708,2796.70064,91.66681,103.26122,99.63725
2006-08-08,1196.3414,4001.23768,2786.06474,91.47015,103.047,99.42843
2006-08-09,1190.79989,3983.77155,2773.68001,90.71434,102.22293,98.62537
2006-08-10,1196.21923,4002.64462,2786.66512,91.91187,103.59161,99.94032
2006-08-11,1191.08454,3985.97185,2774.95126,91.58187,103.23284,99.59038
2006-08-14,1192.54137,3991.09356,2778.46543,91.84497,103.53581,99.88081
2006-08-15,1209.34176,4047.72589,2817.80611,92.83294,104.66003,100.96231
2006-08-16,1219.35293,4082.20633,2841.6064,93.12077,105.00955,101.29224
2006-08-17,1221.2959,4088.75259,2846.15456,93.20026,105.10026,101.37943
2006-08-18,1225.848,4104.08317,2856.80714,93.85046,105.83581,102.08826
2006-08-21,1221.09002,4088.15367,2845.71879,92.76982,104.61717,100.91277
2006-08-22,1222.15921,4091.73326,2848.21051,93.61916,105.57498,101.83666
2006-08-23,1216.34276,4072.59725,2834.81972,93.30468,105.22905,101.50047
2006-08-24,1219.27159,4082.49028,2841.68789,93.53666,105.49292,101.75433
2006-08-25,1218.36552,4079.88531,2839.78511,93.81913,105.82261,102.06912
2006-08-28,1224.90178,4101.77298,2855.01992,93.99797,106.02434,102.26369
2006-08-29,1227.52985,4111.19951,2861.45049,94.45812,106.55959,102.77526
2006-08-30,1228.02511,4114.64146,2863.47379,93.93654,106.01713,102.23877
2006-08-31,1228.15934,4115.14549,2863.81322,94.17433,106.2869,102.49852
2006-09-01,1234.91803,4137.89229,2879.62215,94.67039,106.84936,103.04019
2006-09-04,1234.91803,4137.89229,2879.62215,94.22149,106.34271,102.5516
2006-09-05,1237.32568,4146.15753,2885.33276,94.83274,107.03771,103.22034
2006-09-06,1224.67463,4104.39556,2856.13876,93.99524,106.10872,102.31977
2006-09-07,1218.95388,4085.37753,2842.87235,93.97502,106.08991,102.30047
2006-09-08,1223.43307,4100.3916,2853.31974,94.7894,107.00932,103.18703
2006-09-11,1223.7511,4101.65071,2854.15557,94.63475,106.83978,103.02208
2006-09-12,1236.89445,4145.77122,2884.84288,95.67377,108.01456,104.15437
2006-09-13,1241.73411,4163.18915,2896.71339,96.13903,108.57104,104.68194
2006-09-14,1239.69532,4156.56413,2892.05982,95.43915,107.78611,103.92355
2006-09-15,1242.96095,4167.51989,2899.68129,96.43941,108.91594,105.01284
2006-09-18,1244.19882,4171.70568,2902.58631,96.2691,108.72453,104.82802
2006-09-19,1241.31332,4162.06722,2895.87247,95.90598,108.31537,104.43325
2006-09-20,1247.6258,4183.37905,2910.67021,96.40507,108.88285,104.97929
2006-09-21,1240.75095,4161.21209,2895.06239,95.73442,108.14839,104.26451
2006-09-22,1237.46612,4150.19658,2887.39839,94.87314,107.17546,103.32651
2006-09-25,1248.45657,4187.05622,2913.04258,96.18908,108.66204,104.75971
2006-09-26,1257.90882,4218.83771,2935.13694,97.41438,110.04833,106.0956
2006-09-27,1258.63067,4222.08016,2937.22133,97.20951,109.83826,105.8869
2006-09-28,1261.14498,4230.65329,2943.15651,97.55723,110.23477,106.2681
2006-09-29,1257.93238,4219.90943,2935.67536,97.47003,110.13711,106.1737
2006-10-02,1253.46188,4204.98,2925.27529,96.53684,109.08439,105.15836
2006-10-03,1255.77384,4212.76854,2930.68672,96.75665,109.33362,105.39837
2006-10-04,1271.10768,4265.13552,2966.92343,98.33566,111.14201,107.13469
2006-10-05,1274.71853,4278.40087,2975.91125,98.60723,111.47889,107.45077
2006-10-06,1270.9378,4265.71143,2967.0849,99.1115,112.04899,108.00027
2006-10-09,1272.63857,4271.4198,2971.05545,99.11813,112.05649,108.0075
2006-10-10,1275.53555,4281.27407,2977.88241,99.85084,112.88829,108.80825
2006-10-11,1272.05504,4270.0964,2970.0024,99.49902,112.50384,108.43384
2006-10-12,1284.26504,4311.1831,2998.55887,100.55425,113.6996,109.58559
2006-10-13,1287.22201,4321.14755,3005.4815,101.12052,114.34092,110.20341
2006-10-16,1290.86386,4333.40071,3013.99815,101.22838,114.4636,110.32144
2006-10-17,1285.73547,4316.18483,3002.02404,100.64128,113.79974,109.6816
2006-10-18,1287.49762,4322.4819,3006.32421,100.98861,114.20256,110.06693
2006-10-19,1288.71127,4326.71257,3009.23409,100.41775,113.56111,109.44752
2006-10-20,1289.5487,4329.52416,3011.18956,100.42719,113.57179,109.45782
2006-10-23,1297.5598,4356.48077,3029.92536,101.47781,114.76151,110.60398
2006-10-24,1297.65171,4356.78936,3030.13998,101.51735,114.80622,110.64708
2006-10-25,1302.37034,4372.71355,3041.19819,101.55463,114.85053,110.68916
2006-10-26,1310.27015,4399.28024,3059.6662,101.50936,114.80046,110.64057
2006-10-27,1299.12658,4362.26939,3033.84112,100.21889,113.35152,109.24111
2006-10-30,1299.58683,4363.97859,3034.99566,100.30959,113.45835,109.34283
2006-10-31,1299.62744,4364.11771,3035.09183,99.94333,113.04416,108.94364
2006-11-01,1289.67704,4331.2351,3012.11242,99.10825,112.11334,108.04262
2006-11-02,1289.13457,4330.54533,3011.39655,99.10536,112.13939,108.05925
2006-11-03,1286.44232,4321.82518,3005.26513,99.39663,112.4774,108.38252
2006-11-06,1301.03203,4370.97686,3039.41506,100.45273,113.67606,109.53651
2006-11-07,1303.73276,4380.15345,3045.7746,99.96924,113.13158,109.01109
2006-11-08,1306.97145,4392.08547,3053.85238,100.55537,113.82212,109.6686
2006-11-09,1300.149,4370.06854,3038.35403,99.74899,112.93286,108.805
2006-11-10,1302.5816,4378.28221,3044.05694,99.42271,112.56442,108.44975
2006-11-13,1305.67934,4389.71772,3051.79419,100.01692,113.26358,109.11572
2006-11-14,1314.20743,4418.89895,3071.9751,100.6859,114.03431,109.85443
2006-11-15,1317.60347,4431.29676,3080.38978,100.97761,114.38997,110.18974
2006-11-16,1320.3924,4440.78006,3086.9604,101.19925,114.64372,110.4334
2006-11-17,1321.68681,4445.16023,3089.99965,101.13262,114.56893,110.36116
2006-11-20,1321.41392,4444.33788,3089.4081,101.19852,114.64605,110.43473
2006-11-21,1323.64402,4452.05645,3094.72806,101.29028,114.75562,110.53865
2006-11-22,1327.05532,4463.84538,3102.85712,100.7034,114.09877,109.90362
2006-11-23,1327.05532,4463.84538,3102.85712,100.57898,113.9578,109.76783
2006-11-24,1322.51356,4449.02929,3092.46217,99.14762,112.34769,108.21355
2006-11-27,1304.07848,4387.01238,3049.35502,97.53462,110.51994,106.45306
2006-11-28,1308.49363,4402.70626,3060.08827,97.6639,110.68758,106.60843
2006-11-29,1320.91436,4446.38315,3090.05278,98.57598,111.76866,107.63597
2006-11-30,1322.19023,4450.71882,3093.05736,97.90448,111.00831,106.90345
2006-12-01,1319.03892,4440.14113,3085.70004,97.0852,110.08013,106.00937
2006-12-04,1330.57643,4479.14244,3112.77005,98.01525,111.13873,107.02764
2006-12-05,1335.66195,4496.38714,3124.72811,98.51556,111.70913,107.57605
2006-12-06,1333.83472,4491.34744,3120.99408,98.31429,111.50851,107.37488
2006-12-07,1328.3195,4472.86336,3108.13153,98.05505,111.21664,107.0932
2006-12-08,1330.4025,4479.95452,3113.04302,98.05395,111.2173,107.09329
2006-12-11,1333.31244,4489.86873,3119.90818,99.02687,112.32373,108.15785
2006-12-12,1331.66633,4484.4518,3116.11776,98.71787,111.97638,107.82248
2006-12-13,1333.02347,4489.85656,3119.69941,98.96048,112.27245,108.10154
2006-12-14,1344.18645,4527.80387,3145.9938,100.17561,113.65978,109.4348
2006-12-15,1345.37932,4531.84979,3148.79918,100.88496,114.46532,110.21019
2006-12-18,1340.50363,4515.43408,3137.39166,100.69629,114.25144,110.00421
2006-12-19,1343.24889,4524.85943,3143.90342,100.10954,113.59018,109.36624
2006-12-20,1341.47184,4519.0881,3139.84868,99.87093,113.32483,109.1092
2006-12-21,1336.44516,4503.15119,3128.56801,99.64408,113.09245,108.87824
2006-12-22,1329.52288,4480.46512,3112.67375,99.19578,112.59969,108.3992
2006-12-25,1329.52288,4480.46512,3112.67375,99.19578,112.59969,108.3992
2006-12-26,1334.96454,4498.84569,3125.43431,99.75723,113.23808,109.01347
2006-12-27,1344.27722,4531.40274,3147.8078,100.52584,114.14011,109.87331
2006-12-28,1342.20642,4524.64668,3143.06784,100.23353,113.81385,109.55762
2006-12-29,1336.29559,4504.77421,3129.25224,99.46671,112.94446,108.72036
2007-01-01,1336.29559,4504.77421,3129.25224,99.46671,112.94446,108.72036
2007-01-02,1336.29559,4504.77421,3129.25224,98.78499,112.17038,107.97522
2007-01-03,1335.07693,4501.4864,3126.79738,99.30821,112.78505,108.56098
2007-01-04,1337.38967,4509.28431,3132.21392,100.28585,113.89536,109.62969
2007-01-05,1329.04646,4481.15345,3112.67382,100.39654,114.02107,109.7507
2007-01-08,1331.84555,4491.94173,3119.88608,100.49197,114.16378,109.87816
2007-01-09,1331.69764,4491.44286,3119.53959,100.53491,114.21256,109.92511
2007-01-10,1335.20027,4503.78822,3128.00323,101.22756,115.01303,110.6916
2007-01-11,1344.47719,4535.10575,3149.74882,102.3737,116.31591,111.94534
2007-01-12,1351.07269,4557.39202,3165.21915,102.54181,116.5079,112.12983
2007-01-15,1351.07269,4557.39202,3165.21915,102.52595,116.48988,112.11249
2007-01-16,1352.52279,4562.28344,3168.61636,102.66774,116.65098,112.26754
2007-01-17,1351.27156,4558.46149,3165.87885,102.43017,116.39124,112.01461
2007-01-18,1346.75958,4543.35952,3155.36564,102.08027,115.99668,111.63401
2007-01-19,1350.87887,4557.30309,3165.03968,102.43205,116.39762,112.01953
2007-01-22,1343.76742,4533.40419,3148.42273,101.79844,115.67998,111.3282
2007-01-23,1348.65499,4549.89317,3159.87423,101.5729,115.42368,111.08154
2007-01-24,1360.41612,4589.64791,3187.46767,102.99609,117.0429,112.63928
2007-01-25,1345.16005,4538.21894,3151.74228,101.74689,115.62436,111.27381
2007-01-26,1343.54069,4532.75563,3147.94807,102.19141,116.12951,111.75996
2007-01-29,1342.40021,4529.40044,3145.51532,101.85997,115.76545,111.40596
2007-01-30,1350.11247,4555.49068,3163.61989,102.27912,116.24357,111.86557
2007-01-31,1359.12737,4586.41259,3184.98896,102.66096,116.69037,112.29184
2007-02-01,1366.26871,4611.67316,3202.28885,102.97848,117.08078,112.65902
2007-02-02,1368.90169,4620.59629,3208.4775,103.55865,117.74131,113.29434
2007-02-05,1367.86076,4617.51271,3206.24673,103.87219,118.10879,113.64477
2007-02-06,1369.0501,4621.5496,3209.04523,103.7538,117.97474,113.51562
2007-02-07,1371.45439,4631.54363,3215.59358,103.41699,117.63945,113.17924
2007-02-08,1369.85918,4626.24201,3211.89494,103.1224,117.30653,112.85831
2007-02-09,1359.74604,4592.24753,3188.26017,102.68398,116.81186,112.38123
2007-02-12,1354.80849,4575.9504,3176.86675,102.58736,116.71159,112.28198
2007-02-13,1365.22039,4611.90915,3201.66628,102.97063,117.16775,112.71502
2007-02-14,1375.7859,4648.71645,3226.98621,102.88208,117.09508,112.63701
2007-02-15,1377.50093,4654.67405,3231.08793,102.87709,117.09349,112.63429
2007-02-16,1376.54021,4651.58875,3228.9127,102.96202,117.19422,112.73002
2007-02-19,1376.54021,4651.58875,3228.9127,102.82098,117.03369,112.5756
2007-02-20,1380.83806,4666.12839,3239.00202,103.04007,117.28347,112.81575
2007-02-21,1379.1258,4660.62612,3235.1235,103.09257,117.35037,112.87804
2007-02-22,1377.98236,4657.82608,3232.95829,103.18784,117.48566,113.00043
2007-02-23,1373.18596,4642.11553,3221.94917,102.36789,116.5647,112.11099
2007-02-26,1371.37917,4636.5331,3217.96516,102.20215,116.38917,111.93836
2007-02-27,1324.24223,4477.58323,3107.55995,98.13786,111.77111,107.49389
2007-02-28,1331.22367,4502.5276,3124.59332,98.91665,112.69158,108.36947
2007-03-01,1327.75978,4490.89111,3116.50152,98.99651,112.78455,108.45831
2007-03-02,1312.14291,4438.08851,3079.85476,97.78014,111.39923,107.12599
2007-03-05,1298.97177,4393.70753,3049.02115,97.33439,110.89564,106.64049
2007-03-06,1319.19593,4462.31201,3096.58829,98.78572,112.55415,108.23394
2007-03-07,1316.1215,4453.11406,3089.95528,98.2706,111.99746,107.68989
2007-03-08,1325.47632,4485.05717,3112.05961,99.1199,112.97272,108.62553
2007-03-09,1326.47707,4488.45844,3114.41653,99.28551,113.16185,108.80727
2007-03-12,1330.21009,4501.26341,3123.26545,99.02124,112.865,108.52059
2007-03-13,1303.41267,4411.74065,3060.90812,96.92352,110.50297,106.24112
2007-03-14,1311.66965,4440.0118,3080.45563,97.33841,110.98407,106.70134
2007-03-15,1316.85712,4457.77316,3092.73638,97.56846,111.2514,106.9569
2007-03-16,1311.85176,4440.84157,3080.98692,96.76664,110.33744,106.07813
2007-03-19,1326.45645,4490.28093,3115.28718,97.90279,111.63293,107.32361
2007-03-20,1334.96598,4519.28824,3135.37014,98.59017,112.42171,108.0805
2007-03-21,1357.69015,4596.33559,3188.79897,100.16289,114.21802,109.8066
2007-03-22,1357.21067,4594.71234,3187.67281,99.72276,113.71614,109.3241
2007-03-23,1358.35841,4598.60104,3190.37002,100.23479,114.30009,109.88547
2007-03-26,1359.50215,4602.47307,3193.05632,100.08593,114.13034,109.72228
2007-03-27,1351.06069,4573.92686,3173.24525,99.3527,113.295,108.91898
2007-03-28,1340.37673,4538.75919,3148.63845,98.41956,112.2557,107.91267
2007-03-29,1345.19367,4555.2598,3160.04584,99.02512,112.9511,108.57981
2007-03-30,1343.99076,4551.22596,3157.23927,99.10008,113.03758,108.66266
2007-04-02,1347.78565,4564.11082,3166.17056,98.91178,112.82364,108.45675
2007-04-03,1360.39617,4607.69802,3196.22364,99.85217,113.91813,109.50259
2007-04-04,1361.97831,4612.96715,3199.89734,99.95335,114.03135,109.61206
2007-04-05,1366.11879,4628.3159,3210.26862,99.7946,113.88284,109.4599
2007-04-06,1366.11879,4628.3159,3210.26862,99.7946,113.88284,109.4599
2007-04-09,1366.93167,4631.06987,3212.17881,100.37691,114.54736,110.09862
2007-04-10,1370.35902,4642.77419,3220.27781,100.05967,114.18761,109.75218
2007-04-11,1361.11784,4611.97125,3198.80724,99.41448,113.46378,109.05288
2007-04-12,1369.41168,4640.19274,3218.35658,99.59043,113.6675,109.24784
2007-04-13,1374.17968,4656.34889,3229.56221,99.81146,113.91978,109.4903
2007-04-16,1388.73903,4705.71175,3263.79336,100.60838,114.83005,110.36498
2007-04-17,1391.61281,4715.44948,3270.54727,100.65313,114.88113,110.41407
2007-04-18,1392.35589,4717.9996,3272.30929,100.6105,114.83326,110.36783
2007-04-19,1390.03722,4710.24475,3266.90946,100.2658,114.4423,109.99137
2007-04-20,1402.56528,4752.77624,3296.39177,101.27367,115.5946,111.09829
2007-04-23,1399.69574,4743.1297,3289.68513,101.27134,115.59383,111.09701
2007-04-24,1399.32775,4741.88268,3288.82023,100.8248,115.08413,110.60714
2007-04-25,1413.05296,4788.87447,3321.3121,101.53051,115.9013,111.38916
2007-04-26,1412.39874,4787.14604,3320.01166,101.89375,116.32783,111.79566
2007-04-27,1412.08921,4786.25308,3319.35988,101.49098,115.87179,111.3563
2007-04-30,1400.30279,4746.31824,3291.66116,100.71023,114.98077,110.4999
2007-05-01,1404.18918,4759.49113,3300.79681,101.36855,115.73237,111.22221
2007-05-02,1413.81255,4792.6376,3323.67464,102.07077,116.54694,112.00133
2007-05-03,1419.61198,4813.70395,3337.99133,102.71612,117.3181,112.73253
2007-05-04,1422.46734,4823.50515,3344.76305,102.75607,117.36663,112.77833
2007-05-07,1425.82197,4835.03405,3352.7256,102.74131,117.35351,112.76464
2007-05-08,1424.20739,4829.96224,3349.12479,103.34573,118.05374,113.43465
2007-05-09,1429.06814,4847.72188,3361.17415,103.50714,118.26924,113.63274
2007-05-10,1409.13954,4780.94045,3314.70042,102.3545,116.9723,112.38086
2007-05-11,1422.88975,4828.0677,3347.27559,103.28066,118.04234,113.40555
2007-05-14,1419.98464,4818.52004,3340.59181,102.94798,117.66968,113.04535
2007-05-15,1417.68735,4811.1725,3335.40471,102.34298,116.98906,112.38834
2007-05-16,1429.52738,4852.74828,3363.93761,103.37258,118.19997,113.54184
2007-05-17,1427.92407,4847.41201,3360.21636,103.88423,118.78761,114.10557
2007-05-18,1437.13425,4878.70444,3381.90272,104.53104,119.52787,114.81646
2007-05-21,1439.88176,4888.03153,3388.36823,105.01883,120.08564,115.35225
2007-05-22,1439.54272,4886.88058,3387.5704,104.95511,120.01277,115.28225
2007-05-23,1437.46602,4879.93771,3382.73538,104.59393,119.6024,114.8873
2007-05-24,1423.03852,4831.49984,3349.04613,103.96031,118.89117,114.20027
2007-05-25,1430.88886,4858.18642,3367.53755,104.37068,119.3613,114.65162
2007-05-28,1430.88886,4858.18642,3367.53755,104.37068,119.3613,114.65162
2007-05-29,1433.86729,4868.82604,3374.80297,104.3785,119.38316,114.6689
2007-05-30,1445.63435,4910.53404,3403.34837,105.65037,120.88099,116.09515
2007-05-31,1446.19078,4912.53222,3404.71078,105.48682,120.69652,115.91722
2007-06-01,1451.59256,4930.92571,3417.44948,106.18068,121.49152,116.68042
2007-06-04,1454.54126,4941.10504,3424.47054,105.88739,121.15993,116.36081
2007-06-05,1446.74498,4914.82198,3406.21306,105.01219,120.16342,115.40235
2007-06-06,1433.59469,4871.28927,3375.80554,104.28905,119.36389,114.62645
2007-06-07,1408.03601,4784.68043,3315.73602,102.68851,117.53785,112.8712
2007-06-08,1424.11187,4839.3242,3353.60028,104.63058,119.76116,115.00612
2007-06-11,1425.46644,4844.02152,3356.83587,104.84783,120.01215,115.24647
2007-06-12,1410.49608,4793.18091,3321.59748,103.96485,119.00225,114.27645
2007-06-13,1431.64356,4866.2079,3371.96221,105.61876,120.9243,116.11384
2007-06-14,1438.72737,4890.59083,3388.79461,106.07758,121.45717,116.62334
2007-06-15,1448.22653,4922.89564,3411.17622,106.36647,121.78832,116.9412
2007-06-18,1446.46743,4916.94688,3407.04779,105.98746,121.35511,116.52501
2007-06-19,1449.00724,4925.64131,3413.05967,106.07062,121.45183,116.61745
2007-06-20,1429.4749,4859.3561,3367.10635,104.57062,119.73706,114.97014
2007-06-21,1438.19012,4890.03519,3388.14546,105.35735,120.66387,115.85258
2007-06-22,1420.23077,4828.97215,3345.83665,103.80927,118.89091,114.15031
2007-06-25,1414.95571,4811.03625,3333.40945,103.23919,118.238,113.52343
2007-06-26,1410.29694,4795.38559,3322.52617,102.83811,117.78332,113.08554
2007-06-27,1423.21569,4840.27003,3353.42579,104.00422,119.14245,114.38367
2007-06-28,1422.57623,4838.20161,3351.97065,103.7027,118.79966,114.05382
2007-06-29,1420.26745,4830.39282,3346.5516,103.22008,118.24785,113.52374
2007-07-02,1435.75211,4883.091,3383.0544,103.40371,118.45904,113.72626
2007-07-03,1440.69718,4900.88854,3395.18124,103.88945,119.03928,114.27647
2007-07-04,1440.69718,4900.88854,3395.18124,103.79794,118.93443,114.17581
2007-07-05,1441.63068,4904.10393,3397.40047,104.0485,119.22249,114.45207
2007-07-06,1446.84849,4923.23497,3410.36676,104.17995,119.40661,114.61918
2007-07-09,1447.62738,4925.91458,3412.21687,104.26663,119.50667,114.71502
2007-07-10,1427.06327,4855.95432,3363.75192,102.09622,117.01937,112.32735
2007-07-11,1434.80991,4882.90274,3382.29698,102.22944,117.18618,112.4834
2007-07-12,1461.32045,4973.20563,3444.83089,104.15988,119.40106,114.60882
2007-07-13,1466.05842,4989.37203,3456.02027,104.46725,119.75441,114.9477
2007-07-16,1463.5508,4980.83793,3450.1089,104.29614,119.55825,114.75942
2007-07-17,1464.00294,4982.37669,3451.17476,104.23754,119.49108,114.69494
2007-07-18,1460.7853,4971.94252,3443.83997,103.8352,119.04223,114.26055
2007-07-19,1467.37109,4994.42974,3459.40095,104.19769,119.45952,114.66058
2007-07-20,1449.74191,4934.82312,3418.0318,102.85655,117.93144,113.19115
2007-07-23,1456.33064,4957.34601,3433.61214,103.45113,118.61544,113.84701
2007-07-24,1427.5514,4859.38153,3365.7589,101.35544,116.21255,111.54071
2007-07-25,1433.27287,4878.93193,3379.28462,102.64522,117.69319,112.96131
2007-07-26,1400.05082,4765.85541,3300.96197,100.16368,114.84816,110.23058
2007-07-27,1378.39689,4692.62214,3250.13928,99.07667,113.61337,109.0421
2007-07-30,1392.35277,4740.24466,3283.09986,99.87501,114.53152,109.92254
2007-07-31,1374.9054,4680.87726,3241.97528,98.58746,113.0558,108.50598
2007-08-01,1384.05243,4712.30145,3263.68087,99.33769,113.92297,109.33629
2007-08-02,1390.64694,4735.90522,3279.78932,99.8256,114.51036,109.89201
2007-08-03,1354.20962,4612.116,3193.99847,96.56031,110.77192,106.30228
2007-08-06,1385.67183,4719.35107,3268.24419,98.58882,113.10096,108.53677
2007-08-07,1394.71094,4750.33432,3289.65963,99.45543,114.09988,109.49401
2007-08-08,1414.93373,4820.81461,3338.13516,100.51048,115.34862,110.68131
2007-08-09,1374.15662,4682.75542,3242.35595,98.41155,112.96088,108.38412
2007-08-10,1373.85495,4681.76998,3241.66479,98.58416,113.16003,108.57491
2007-08-13,1372.98614,4679.5256,3239.96198,98.97769,113.62913,109.02
2007-08-14,1348.26232,4595.75373,3181.85828,97.51048,111.95677,107.41201
2007-08-15,1328.75859,4530.5234,3136.43638,96.82764,111.20348,106.68045
2007-08-16,1331.57452,4540.31369,3143.17482,97.52519,112.00926,107.45212
2007-08-17,1364.24883,4651.75094,3220.31524,99.07549,113.79045,109.16065
2007-08-20,1364.32894,4652.0241,3220.50434,99.34592,114.10105,109.45862
2007-08-21,1366.43315,4659.22009,3225.48159,99.42538,114.19283,109.54651
2007-08-22,1382.58648,4714.55501,3263.73568,100.40722,115.32675,110.6325
2007-08-23,1381.11201,4709.60103,3260.29085,99.86419,114.70484,110.03538
2007-08-24,1396.87568,4763.85471,3297.74504,100.53005,115.48175,110.77718
2007-08-27,1384.99698,4723.37164,3269.71518,99.65324,114.47521,109.81145
2007-08-28,1352.6766,4613.35934,3193.51591,97.32059,111.80077,107.24449
2007-08-29,1382.09961,4714.84132,3263.5296,99.40105,114.21823,109.55553
2007-08-30,1376.87292,4697.2443,3251.30085,99.10503,113.88373,109.23306
2007-08-31,1392.87934,4751.9559,3289.14883,100.28656,115.24401,110.53705
2007-09-03,1392.87934,4751.9559,3289.14883,100.44497,115.42605,110.71165
2007-09-04,1407.8047,4802.96385,3324.4365,101.69687,116.86682,112.09296
2007-09-05,1392.20138,4751.80358,3288.59475,100.10557,115.08836,110.3727
2007-09-06,1397.80383,4771.68128,3302.19468,100.20743,115.22371,110.49726
2007-09-07,1374.28601,4691.39853,3246.6358,98.00607,112.69247,108.06985
2007-09-10,1372.15833,4684.31583,3241.69679,97.64859,112.28575,107.67856
2007-09-11,1390.77004,4747.88401,3285.68159,98.67261,113.464,108.80826
2007-09-12,1390.66839,4748.81812,3286.06205,98.30301,113.0695,108.42117
2007-09-13,1402.26855,4788.69049,3313.59865,99.15513,114.05583,109.36516
2007-09-14,1402.67135,4790.07358,3314.55414,99.27301,114.1916,109.4953
2007-09-17,1395.17311,4764.50037,3296.85157,98.74944,113.59015,108.91835
2007-09-18,1435.52026,4902.33572,3392.2179,101.59054,116.85941,112.05282
2007-09-19,1443.96804,4931.33898,3412.25503,101.5441,116.80964,112.00404
2007-09-20,1434.42403,4899.79369,3390.20947,99.94917,114.99955,110.26134
2007-09-21,1441.07708,4922.52382,3405.93576,100.36287,115.47565,110.7178
2007-09-24,1434.00467,4898.36543,3389.22037,99.87741,114.91708,110.18224
2007-09-25,1433.75228,4897.58829,3388.66502,99.64064,114.64666,109.92239
2007-09-26,1441.27792,4924.19184,3406.88605,100.17783,115.28574,110.5291
2007-09-27,1447.76877,4946.58658,3422.33489,100.41566,115.56454,110.79493
2007-09-28,1443.57728,4932.33021,3412.45808,99.63212,114.66429,109.9314
2007-10-01,1462.70484,4997.72212,3457.69193,100.80341,116.01318,111.22436
2007-10-02,1462.61072,4997.41822,3457.478,101.43075,116.7356,111.91684
2007-10-03,1455.76796,4975.01071,3441.77342,101.01331,116.2779,111.47149
2007-10-04,1459.00255,4986.14636,3449.46026,101.30937,116.62061,111.79949
2007-10-05,1473.28535,5036.34022,3483.89792,102.25049,117.73629,112.85975
2007-10-08,1468.49024,5019.94841,3472.55885,102.48292,118.00392,113.11629
2007-10-09,1480.24206,5060.209,3500.391,103.12708,118.74769,113.82867
2007-10-10,1478.45715,5054.56783,3496.39315,102.4573,117.9872,113.09659
2007-10-11,1470.74171,5028.51136,3478.30248,101.39287,116.76889,111.92664
2007-10-12,1478.11413,5053.73416,3495.74612,102.3757,117.90115,113.01183
2007-10-15,1465.46607,5010.53704,3465.85623,101.1215,116.45784,111.62806
2007-10-16,1455.42552,4976.20763,3442.11011,100.91464,116.21961,111.39971
2007-10-17,1458.02016,4985.52501,3448.4625,100.80614,116.10504,111.28691
2007-10-18,1456.81584,4981.56323,3445.68973,100.13742,115.33845,110.55109
2007-10-19,1419.48509,4853.91119,3357.39429,97.76997,112.61162,107.93743
2007-10-22,1426.04324,4876.43347,3372.95262,98.95076,113.97391,109.24254
2007-10-23,1438.47287,4918.93728,3402.35184,99.1404,114.19235,109.45191
2007-10-24,1435.01603,4907.14693,3394.1903,98.99252,114.02272,109.28912
2007-10-25,1433.4034,4901.69676,3390.40716,98.34217,113.27511,108.57212
2007-10-26,1453.06881,4968.94712,3436.92248,99.137,114.19069,109.44966
2007-10-29,1458.85533,4989.19518,3450.83213,99.41431,114.52068,109.76292
2007-10-30,1449.15033,4956.1448,3427.9434,98.61603,113.60431,108.88369
2007-10-31,1466.40421,5015.45206,3468.90166,99.48668,114.6141,109.84957
2007-11-01,1428.51193,4887.03304,3379.83639,97.13749,111.93477,107.27383
2007-11-02,1429.43187,4890.4493,3382.14321,96.88458,111.64947,106.99865
2007-11-05,1421.83776,4864.85093,3364.36039,96.44312,111.14949,106.51697
2007-11-06,1439.19384,4924.29718,3405.45848,97.08032,111.88526,107.22168
2007-11-07,1397.88092,4785.42593,3308.90506,93.56057,107.88473,103.3718
2007-11-08,1396.54946,4781.07205,3305.85221,93.32191,107.61413,103.1112
2007-11-09,1376.48764,4712.5922,3258.46028,92.04398,106.14503,101.70226
2007-11-12,1361.68613,4661.91722,3223.42173,91.94368,106.02937,101.59144
2007-11-13,1401.37513,4799.37796,3318.13941,94.19588,108.66238,104.10396
2007-11-14,1391.39942,4766.40435,3295.0955,92.96511,107.26938,102.7617
2007-11-15,1373.58237,4705.52545,3252.97664,92.16995,106.35538,101.8851
2007-11-16,1380.90005,4730.70748,3270.36166,92.62931,106.88802,102.39461
2007-11-19,1357.13219,4649.40123,3214.12977,90.89833,104.89324,100.48292
2007-11-20,1362.51084,4668.06932,3226.98496,90.48062,104.41662,100.02479
2007-11-21,1341.42199,4596.09343,3177.17155,88.82177,102.50842,98.19509
2007-11-22,1341.42199,4596.09343,3177.17155,88.67222,102.33583,98.02976
2007-11-23,1363.2586,4671.39408,3229.12511,90.40794,104.34979,99.95588
2007-11-26,1332.48678,4565.97542,3156.24869,88.13499,101.72689,97.44326
2007-11-27,1351.90365,4632.71762,3202.34152,89.29293,103.06801,98.72658
2007-11-28,1389.96816,4764.70912,3293.25818,92.45411,106.75162,102.24504
2007-11-29,1390.90148,4768.21973,3295.6201,92.42224,106.7218,102.21447
2007-11-30,1401.26217,4803.74322,3320.1715,93.70062,108.19808,103.62837
2007-12-03,1393.51008,4777.34924,3301.89134,93.30938,107.75041,103.19843
2007-12-04,1384.49287,4746.45117,3280.53275,92.10865,106.36419,101.87067
2007-12-05,1405.23589,4819.97575,3330.84964,94.10738,108.72666,104.11771
2007-12-06,1426.52358,4893.4348,3381.52196,95.76496,110.65173,105.9583
2007-12-07,1424.86029,4887.7558,3377.59207,95.44115,110.27818,105.60043
2007-12-10,1435.74949,4925.30696,3403.50015,95.77836,110.67226,105.97651
2007-12-11,1399.69883,4801.69698,3318.07017,93.50053,108.04159,103.45707
2007-12-12,1407.75813,4829.99421,3337.48945,94.13499,108.78935,104.1689
2007-12-13,1409.36997,4835.73234,3341.41135,94.73327,109.48547,104.8341
2007-12-14,1390.09737,4769.80435,3295.81499,94.51878,109.24214,104.5998
2007-12-17,1369.0166,4697.57841,3245.8863,93.46092,108.02198,103.43077
2007-12-18,1377.2311,4725.80005,3265.3794,93.85851,108.48231,103.87131
2007-12-19,1375.86293,4721.26103,3262.21081,93.86303,108.49111,103.87871
2007-12-20,1383.44644,4748.49061,3280.77524,94.66331,109.44392,104.78302
2007-12-21,1406.05451,4826.80042,3334.73288,96.02953,111.03981,106.30625
2007-12-24,1417.29376,4865.43373,3361.41335,96.58208,111.67989,106.91872
2007-12-25,1417.29376,4865.43373,3361.41335,96.58208,111.67989,106.91872
2007-12-26,1418.45673,4869.5054,3364.20995,96.00149,111.01034,106.27719
2007-12-27,1398.42741,4801.91133,3317.2694,94.21712,108.97347,104.31956
2007-12-28,1400.26104,4808.33751,3321.68184,93.46811,108.11007,103.4922
2007-12-31,1390.91367,4776.31474,3299.5444,93.3776,108.00707,103.39311
2008-01-01,1390.91367,4776.31474,3299.5444,93.3776,108.00707,103.39311
2008-01-02,1371.47395,4710.48204,3253.87516,91.41601,105.75886,101.235
2008-01-03,1371.13811,4709.32858,3253.07838,91.41225,105.75451,101.23083
2008-01-04,1337.07195,4592.32448,3172.25507,88.82735,102.76406,98.3683
2008-01-07,1340.62415,4604.5654,3180.70238,89.40828,103.43704,99.01223
2008-01-08,1315.83313,4520.88871,3122.59595,87.77282,101.57803,97.22325
2008-01-09,1332.90817,4579.90257,3163.28493,89.19064,103.22669,98.79898
2008-01-10,1343.20634,4615.35683,3187.75836,89.47106,103.55281,99.11066
2008-01-11,1324.87984,4552.65733,3144.39645,87.91622,101.75932,97.39237
2008-01-14,1339.42015,4602.62189,3178.90561,88.34949,102.26081,97.87234
2008-01-15,1306.13123,4488.27892,3099.92229,86.31032,99.90161,95.61408
2008-01-16,1298.60408,4462.90115,3082.29352,86.80643,100.48683,96.17103
2008-01-17,1261.02599,4333.92278,2993.1805,84.2658,97.54953,93.35881
2008-01-18,1253.59773,4308.49015,2975.59561,84.13601,97.40148,93.21649
2008-01-21,1253.59773,4308.49015,2975.59561,84.98149,98.38027,94.15322
2008-01-22,1239.99275,4261.73119,2943.30222,83.27985,96.41033,92.26792
2008-01-23,1266.17067,4351.80233,3005.48776,85.37683,98.84021,94.59275
2008-01-24,1279.99391,4399.41742,3038.35046,85.39377,98.86217,94.61309
2008-01-25,1259.86376,4330.27423,2990.589,84.13658,97.40772,93.22086
2008-01-28,1282.35166,4407.61104,3043.99056,85.07114,98.49067,94.25698
2008-01-29,1290.04885,4434.32186,3062.38488,85.74403,99.27541,95.00635
2008-01-30,1283.31105,4411.44026,3046.52495,85.19236,98.6429,94.39926
2008-01-31,1304.90854,4486.43931,3098.16225,86.50617,100.18104,95.86637
2008-02-01,1321.78258,4544.45436,3138.22522,87.52725,101.36354,96.99794
2008-02-04,1308.07519,4497.43116,3105.73115,86.66049,100.36208,96.03895
2008-02-05,1266.7744,4355.86238,3007.88042,84.91585,98.35136,94.11204
2008-02-06,1256.81682,4323.26728,2985.03165,84.16215,97.5155,93.30156
2008-02-07,1266.4003,4357.2184,3008.26936,85.70436,99.32486,95.02628
2008-02-08,1261.95902,4341.99491,2997.74702,85.44503,99.02563,94.73963
2008-02-11,1269.70497,4368.87081,3016.25584,85.9695,99.63857,95.32457
2008-02-12,1278.26466,4398.52571,3036.68761,85.98557,99.66178,95.34546
2008-02-13,1295.87082,4460.76989,3079.31616,87.33149,101.25948,96.86314
2008-02-14,1278.40322,4400.75882,3037.86555,85.81258,99.50099,95.18023
2008-02-15,1279.24376,4403.92336,3039.99391,85.48317,99.12513,94.81894
2008-02-18,1279.24376,4403.92336,3039.99391,85.70196,99.37885,95.06164
2008-02-19,1278.24097,4400.86345,3037.80044,85.09174,98.68004,94.39066
2008-02-20,1288.94077,4437.97413,3063.36058,86.37224,100.17116,95.81521
2008-02-21,1272.55073,4382.86792,3025.0482,84.44948,97.97088,93.70209
2008-02-22,1282.35445,4417.08542,3048.57149,84.96221,98.57579,94.27776
2008-02-25,1300.4749,4479.59778,3091.69616,86.06982,99.86302,95.50824
2008-02-26,1309.41567,4510.41448,3112.96098,86.35876,100.19869,95.82915
2008-02-27,1307.65029,4505.33652,3109.24862,85.00291,98.64751,94.33932
2008-02-28,1296.18913,4466.35408,3082.24119,83.81934,97.28497,93.03313
2008-02-29,1261.4974,4346.95982,2999.81691,81.56254,94.66876,90.53035
2008-03-03,1262.15181,4349.33701,3001.4321,81.4948,94.5928,90.45695
2008-03-04,1257.75502,4334.22523,2990.99546,81.03499,94.05995,89.94715
2008-03-05,1264.72893,4360.32622,3008.57912,81.30286,94.41567,90.27446
2008-03-06,1236.87441,4264.94865,2942.63408,79.05659,91.82121,87.78976
2008-03-07,1226.25993,4228.42825,2917.41997,78.38326,91.04088,87.0432
2008-03-10,1206.55932,4160.72231,2870.65915,77.05373,89.50153,85.57004
2008-03-11,1251.23442,4314.94245,2977.02872,80.12575,93.07331,88.98392
2008-03-12,1240.76691,4280.03287,2952.69747,78.59906,91.32528,87.30543
2008-03-13,1247.72005,4304.21167,2969.33774,78.5982,91.32839,87.30722
2008-03-14,1222.13113,4216.03641,2908.4882,76.86787,89.31988,85.38655
2008-03-17,1209.99969,4174.84636,2879.93605,75.33726,87.55516,83.69557
2008-03-18,1260.6844,4349.79228,3000.60477,78.39354,91.10855,87.09191
2008-03-19,1230.01515,4244.04945,2927.64465,77.18076,89.70068,85.74564
2008-03-20,1258.70192,4343.0311,2995.92436,80.13862,93.13837,89.03175
2008-03-21,1258.70192,4343.0311,2995.92436,80.13862,93.13837,89.03175
2008-03-24,1278.71324,4412.07827,3043.55471,81.52904,94.75433,90.57647
2008-03-25,1282.82064,4426.29837,3053.35415,80.74195,93.84058,89.70271
2008-03-26,1272.07827,4389.45749,3027.89397,79.22753,92.08521,88.02339
2008-03-27,1257.44808,4339.87419,2993.50465,78.12301,90.82026,86.80884
2008-03-28,1247.33287,4305.18501,2969.53128,77.69127,90.32301,86.33221
2008-03-31,1254.77975,4330.94625,2987.28823,77.72599,90.3646,86.37161
2008-04-01,1299.17908,4484.23344,3093.01037,81.76632,95.06275,90.86192
2008-04-02,1297.02607,4477.67608,3088.30657,81.55499,94.83556,90.63947
2008-04-03,1299.0684,4484.74496,3093.17829,81.5528,94.8334,90.63729
2008-04-04,1300.61786,4490.14843,3096.89388,81.09251,94.2993,90.12649
2008-04-07,1302.58963,4496.99952,3101.61006,81.37051,94.6235,90.43609
2008-04-08,1296.64565,4477.92023,3088.1527,81.02499,94.25204,90.07236
2008-04-09,1285.81782,4440.84527,3062.51842,79.99443,93.05992,88.9312
2008-04-10,1292.3766,4463.70382,3078.23955,80.34136,93.46784,89.31978
2008-04-11,1265.88422,4372.52387,3015.29395,78.54024,91.37916,87.32187
2008-04-14,1261.74074,4358.26172,3005.44843,78.17692,90.95749,86.91862
2008-04-15,1267.35615,4377.67825,3018.8339,78.71366,91.5824,87.51566
2008-04-16,1296.43851,4478.62149,3088.34321,79.77786,92.83068,88.70561
2008-04-17,1296.86169,4480.19726,3089.40626,80.03974,93.13778,88.99839
2008-04-18,1319.89,4559.76978,3144.27333,82.35166,95.8284,91.56932
2008-04-21,1318.37316,4554.64414,3140.71515,81.29072,94.59622,90.39122
2008-04-22,1307.05257,4515.57094,3113.76415,80.29006,93.43253,89.27905
2008-04-23,1310.74233,4528.35946,3122.57409,81.0289,94.29317,90.10118
2008-04-24,1318.56348,4555.41725,3141.22435,82.43133,95.92596,91.66115
2008-04-25,1327.20708,4585.32434,3161.83773,83.18893,96.80853,92.50422
2008-04-28,1325.76444,4580.62475,3158.53824,83.18881,96.81441,92.50811
2008-04-29,1320.08512,4561.13755,3145.07299,83.01554,96.61563,92.31735
2008-04-30,1315.43837,4545.31945,3134.11674,82.93055,96.52174,92.2262
2008-05-01,1337.11947,4621.04692,3186.16498,84.94394,98.88247,94.47689
2008-05-02,1341.3978,4635.84485,3196.36549,85.4702,99.49534,95.06238
2008-05-05,1336.17345,4618.21505,3184.12192,84.71387,98.62399,94.22725
2008-05-06,1346.38006,4653.63251,3208.51217,84.96036,98.91394,94.50341
2008-05-07,1322.94642,4574.43338,3153.53554,84.33011,98.21876,93.82817
2008-05-08,1328.29083,4593.11405,3166.3721,84.54724,98.47596,94.07264
2008-05-09,1319.98593,4565.31592,3147.01865,83.9533,97.80386,93.42495
2008-05-12,1334.24427,4614.79528,3181.09216,84.48242,98.42381,94.01613
2008-05-13,1334.27195,4615.70696,3181.55187,84.5742,98.54815,94.12991
2008-05-14,1339.28547,4633.80843,3193.87226,85.04301,99.11064,94.66254
2008-05-15,1353.82153,4684.88847,3228.91676,85.85495,100.07369,95.57755
2008-05-16,1356.22755,4693.33204,3234.71192,85.59552,99.7738,95.29041
2008-05-19,1356.89235,4695.8021,3236.37928,85.84447,100.0676,95.56998
2008-05-20,1344.87057,4654.2003,3207.70662,84.41467,98.40093,93.97821
2008-05-21,1323.19969,4579.51725,3156.16973,82.36966,96.02367,91.70592
2008-05-22,1326.62841,4592.06008,3164.67435,82.85636,96.60527,92.25729
2008-05-23,1309.57858,4533.09856,3124.02879,81.51657,95.04434,90.76627
2008-05-26,1309.57858,4533.09856,3124.02879,81.47782,94.99915,90.72312
2008-05-27,1318.05909,4562.48116,3144.27244,82.29496,95.95248,91.63337
2008-05-28,1323.79472,4583.18333,3158.36415,83.14495,96.96147,92.5918
2008-05-29,1331.01265,4608.63704,3175.80886,84.1096,98.0963,93.67266
2008-05-30,1333.64688,4617.84454,3182.13587,84.23268,98.24168,93.81096
2008-06-02,1320.42941,4572.21998,3150.66687,83.46231,97.34622,92.95502
2008-06-03,1313.44948,4548.23097,3134.09904,83.38627,97.26138,92.8729
2008-06-04,1312.69517,4547.71155,3133.30852,83.40312,97.32582,92.9216
2008-06-05,1338.94152,4638.95131,3196.107,84.58886,98.71612,94.24709
2008-06-06,1298.9712,4500.96304,3100.93474,81.03102,94.57448,90.28997
2008-06-09,1299.89895,4504.32752,3103.22174,81.11467,94.67526,90.38529
2008-06-10,1295.9066,4490.51902,3093.7032,82.15563,95.89079,91.54559
2008-06-11,1274.4679,4417.18532,3042.98327,80.51827,94,89.73466
2008-06-12,1278.11455,4430.13305,3051.8391,81.35874,94.98782,90.67576
2008-06-13,1297.38566,4497.04055,3097.90753,82.99451,96.90001,92.50045
2008-06-16,1298.33836,4500.34282,3100.18239,82.42426,96.23421,91.86488
2008-06-17,1290.74964,4474.08233,3082.0831,81.71259,95.40424,91.07233
2008-06-18,1278.40577,4431.35608,3052.63748,80.86856,94.42008,90.13248
2008-06-19,1282.33989,4446.08396,3062.55763,81.26406,94.90515,90.58885
2008-06-20,1258.97829,4365.1442,3006.79246,79.04867,92.31911,88.12008
2008-06-23,1259.14063,4365.71212,3007.1826,79.80934,93.2076,88.96812
2008-06-24,1254.54297,4349.82855,2996.22982,78.97225,92.2312,88.03578
2008-06-25,1261.961,4375.84634,3014.0898,79.57701,92.94381,88.71416
2008-06-26,1225.47847,4250.61013,2927.56512,76.37852,89.23465,85.16619
2008-06-27,1221.34603,4236.44791,2917.77564,76.1113,88.92605,84.87062
2008-06-30,1222.79186,4241.46299,2921.22969,76.17721,89.00306,84.94413
2008-07-01,1227.00213,4256.826,2931.65386,76.44436,89.33111,85.25266
2008-07-02,1203.56442,4175.76159,2875.77403,74.45953,87.01686,83.04258
2008-07-03,1203.39804,4175.25315,2875.40966,75.16462,87.8423,83.82991
2008-07-04,1203.39804,4175.25315,2875.40966,75.2724,87.96825,83.95011
2008-07-07,1193.26137,4140.14736,2851.21983,74.77415,87.38733,83.39533
2008-07-08,1213.29536,4211.16333,2899.81569,75.95197,88.79558,84.73016
2008-07-09,1186.55864,4118.78977,2836.11916,74.03744,86.56624,82.60033
2008-07-10,1195.30596,4149.15352,2857.02706,74.28338,86.8538,82.87472
2008-07-11,1182.62253,4105.43932,2826.86173,72.9616,85.31484,81.4044
2008-07-14,1172.79667,4071.32913,2803.37465,72.41001,84.66986,80.78899
2008-07-15,1159.80966,4026.29437,2772.35511,71.2764,83.34533,79.52488
2008-07-16,1187.50825,4122.93395,2838.79761,73.67052,86.15494,82.2028
2008-07-17,1201.01531,4169.96258,2871.15111,74.2223,86.803,82.82034
2008-07-18,1200.9678,4169.81527,2871.04604,74.36217,86.96695,82.97666
2008-07-21,1201.96651,4173.37961,2873.4802,74.38412,86.99464,83.0025
2008-07-22,1216.69392,4224.59445,2908.72655,75.40964,88.19567,84.14795
2008-07-23,1220.81243,4238.90417,2918.57715,76.33977,89.28371,85.186
2008-07-24,1192.38683,4140.3069,2850.66971,74.68121,87.34608,83.33668
2008-07-25,1197.66554,4158.68015,2863.3109,75.01661,87.73929,83.71157
2008-07-28,1176.22747,4084.24201,2812.05881,73.36017,85.80196,81.86316
2008-07-29,1202.8751,4177.1175,2875.93338,75.71495,88.56345,84.49579
2008-07-30,1223.44108,4248.87149,2925.26633,77.18768,90.29324,86.14408
2008-07-31,1207.12029,4192.95393,2886.61063,75.93834,88.84794,84.76057
2008-08-01,1200.42546,4169.6993,2870.60114,75.71614,88.58797,84.51256
2008-08-04,1188.12647,4127.0631,2841.23108,74.70994,87.41251,83.39066
2008-08-05,1220.8842,4241.27783,2919.77258,77.3795,90.54509,86.3765
2008-08-06,1225.98288,4260.79052,2932.83369,78.04535,91.36283,87.14554
2008-08-07,1204.71469,4187.24564,2882.13392,76.9009,90.03107,85.87298
2008-08-08,1232.09912,4282.4315,2947.65043,80.45408,94.19103,89.84078
2008-08-11,1240.51584,4312.67166,2968.26151,81.17649,95.05853,90.66199
2008-08-12,1226.14762,4262.98217,2934.0079,80.72061,94.53049,90.15671
2008-08-13,1223.80153,4256.12643,2929.0208,80.79104,94.6419,90.25468
2008-08-14,1230.55506,4279.7647,2945.25725,81.07601,94.97908,90.57528
2008-08-15,1234.96568,4295.58211,2956.0439,82.51874,96.67996,92.19422
2008-08-18,1216.52054,4231.70401,2912.02787,81.21439,95.15806,90.74113
2008-08-19,1205.60684,4194.1375,2886.09466,80.4858,94.3133,89.93303
2008-08-20,1213.20276,4220.81499,2904.40004,80.85267,94.74886,90.34674
2008-08-21,1216.2616,4231.66744,2911.8243,80.21505,94.00633,89.63737
2008-08-22,1229.49189,4278.194,2943.73715,81.45431,95.46971,91.02959
2008-08-25,1205.60396,4195.09126,2886.552,80.07441,93.8528,89.48775
2008-08-26,1210.29045,4211.41832,2897.78223,81.08526,95.03802,90.61772
2008-08-27,1220.18742,4246.52566,2921.80069,81.4315,95.45889,91.01471
2008-08-28,1237.79724,4308.46943,2964.28505,82.52256,96.75266,92.24403
2008-08-29,1221.05581,4250.38317,2924.2824,81.40643,95.44825,90.9992
2008-09-01,1221.05581,4250.38317,2924.2824,82.14854,96.31837,91.82877
2008-09-02,1214.53184,4227.81891,2908.72815,82.09225,96.25568,91.76805
2008-09-03,1210.67739,4216.41833,2900.46831,82.18829,96.4144,91.90618
2008-09-04,1175.13363,4092.72681,2815.36116,80.18575,94.06747,89.66835
2008-09-05,1180.43538,4111.27063,2828.10104,81.22513,95.28861,90.83186
2008-09-08,1202.64039,4189.28488,2881.62638,83.09674,97.50005,92.93536
2008-09-09,1161.08458,4044.56356,2782.0718,80.63412,94.61139,90.18171
2008-09-10,1168.93673,4072.17044,2801.00881,81.62993,95.7858,91.29942
2008-09-11,1184.60088,4128.01564,2839.15801,83.51405,98.02697,93.42695
2008-09-12,1188.52342,4141.7517,2848.59153,82.30093,96.60459,92.07088
2008-09-15,1132.79802,3947.5853,2715.0437,78.35922,91.97841,87.66164
2008-09-16,1152.59002,4016.6762,2762.53791,80.11222,94.03888,89.62461
2008-09-17,1098.66226,3828.85177,2633.33593,75.97653,89.18679,84.99955
2008-09-18,1145.77915,3994.17066,2746.80561,78.22897,91.85653,87.53661
2008-09-19,1193.14998,4159.31837,2860.37547,81.28796,95.44871,90.95977
2008-09-22,1147.3138,3999.73917,2750.58996,76.93956,90.34745,86.09709
2008-09-23,1129.45814,3937.6786,2707.87272,75.27926,88.40202,84.24198
2008-09-24,1127.30612,3930.21143,2702.73035,75.45349,88.60743,84.43749
2008-09-25,1148.8198,4005.2228,2754.31285,76.87249,90.27395,86.02554
2008-09-26,1151.41687,4015.14682,2760.95799,77.37331,90.88176,86.59912
2008-09-29,1050.62934,3663.90468,2519.38649,71.44182,83.91969,79.9637
2008-09-30,1107.00382,3860.51375,2654.57702,77.35453,90.86538,86.58189
2008-10-01,1101.04561,3840.27049,2640.5469,77.1827,90.67618,86.39799
2008-10-02,1055.03415,3680.41589,2530.50271,75.02629,88.15777,83.99412
2008-10-03,1040.3988,3629.42115,2495.42851,73.95874,86.9048,82.79992
2008-10-06,999.48483,3486.75667,2397.32566,72.67405,85.39678,81.36269
2008-10-07,941.83253,3285.66185,2259.05672,67.78657,79.65436,75.89134
2008-10-08,931.26097,3250.55287,2234.55229,66.98641,78.75701,75.02412
2008-10-09,861.3307,3006.54365,2066.79439,61.93811,72.82362,69.37139
2008-10-10,850.81794,2970.11216,2041.69574,61.83219,72.70555,69.25707
2008-10-13,950.15427,3316.88439,2280.07172,68.64221,80.71313,76.88485
2008-10-14,943.52806,3293.78954,2264.18848,67.93849,79.88655,76.09722
2008-10-15,857.90091,2995.16843,2058.85163,62.00035,72.91132,69.45079
2008-10-16,893.77215,3120.50273,2144.9851,65.44323,76.96251,73.309
2008-10-17,889.56349,3105.84391,2134.90159,64.9099,76.33617,72.71215
2008-10-20,932.0708,3254.27282,2236.92529,68.74754,80.8498,77.01137
2008-10-21,903.59523,3154.85383,2168.58619,67.2588,79.09903,75.34371
2008-10-22,848.30483,2962.42268,2036.18643,64.51064,75.88277,72.27566
2008-10-23,857.30407,2993.93547,2057.82865,65.31392,76.82986,73.1771
2008-10-24,828.16216,2892.18872,1987.88975,63.82445,75.07841,71.50873
2008-10-27,801.16084,2797.89208,1923.07679,63.16696,74.30499,70.77209
2008-10-28,885.92881,3093.93274,2126.55341,69.70485,81.99583,78.09722
2008-10-29,878.91884,3069.90772,2109.94628,67.12999,78.97868,75.22017
2008-10-30,902.09867,3151.46728,2165.87913,68.9031,81.08009,77.2172
2008-10-31,916.07814,3200.30435,2199.44292,70.90892,83.4404,79.46505
2008-11-03,913.29918,3190.62881,2192.78655,70.25887,82.67631,78.73713
2008-11-04,950.47671,3320.53453,2282.06015,71.94323,84.65901,80.62518
2008-11-05,900.52742,3147.89953,2163.03101,67.69267,79.7044,75.89315
2008-11-06,855.15782,2990.09195,2054.43367,65.65492,77.32542,73.6221
2008-11-07,879.87138,3077.53363,2114.30088,67.54702,79.58048,75.76156
2008-11-10,868.14639,3036.91638,2086.31528,66.47533,78.32801,74.5663
2008-11-11,848.71573,2968.94478,2039.61983,66.39903,78.2381,74.48071
2008-11-12,804.58825,2815.81274,1934.16634,63.06485,74.34199,70.76241
2008-11-13,860.25892,3010.96025,2068.14673,67.18162,79.20326,75.38722
2008-11-14,824.39876,2885.95846,1982.1811,63.82256,75.25644,71.62676
2008-11-17,803.17715,2811.80145,1931.21994,62.35917,73.53436,69.98675
2008-11-18,810.65217,2838.52614,1949.46065,62.9246,74.21566,70.63102
2008-11-19,760.52717,2663.29035,1829.05372,58.9918,69.58444,66.22142
2008-11-20,708.78745,2482.22617,1704.67987,55.5514,65.52954,62.36156
2008-11-21,753.68537,2639.97672,1812.90972,59.1364,69.77207,66.39511
2008-11-24,802.63307,2811.48098,1930.67335,61.40857,72.45424,68.94707
2008-11-25,808.35475,2831.91617,1944.62541,61.0892,72.08744,68.59517
2008-11-26,837.62354,2935.55376,2015.56486,63.77001,75.27909,71.62415
2008-11-27,837.62354,2935.55376,2015.56486,63.85421,75.37848,71.71872
2008-11-28,845.76045,2964.16955,2035.1922,65.42213,77.23197,73.48148
2008-12-01,769.85646,2698.32189,1852.62554,59.99279,70.82716,67.38637
2008-12-02,800.38493,2805.53117,1926.19091,61.77831,72.94054,69.39554
2008-12-03,821.17196,2879.87167,1976.92653,63.51263,75.0267,71.36933
2008-12-04,796.49505,2793.43393,1917.56859,61.3743,72.50344,68.9683
2008-12-05,825.78503,2896.21393,1988.1111,63.93744,75.5328,71.84954
2008-12-08,857.47044,3007.83364,2064.63136,65.09418,76.9119,73.1578
2008-12-09,837.95592,2939.48509,2017.69417,63.78294,75.36529,71.68592
2008-12-10,848.3833,2976.37925,2042.9537,64.11672,75.76771,72.0664
2008-12-11,824.00853,2891.663,1984.64116,61.1285,72.25643,68.72095
2008-12-12,830.4999,2914.45494,2000.28153,60.96498,72.06343,68.53731
2008-12-15,819.88469,2877.36809,1974.79372,58.86286,69.58261,66.17675
2008-12-16,862.02238,3025.28093,2076.30269,61.48781,72.68637,69.12837
2008-12-17,854.69875,2999.73254,2058.73668,58.55889,69.22756,65.83786
2008-12-18,836.90276,2937.40917,2015.93591,56.73567,67.07526,63.79006
2008-12-19,839.6065,2946.92839,2022.46285,59.14955,69.92975,66.50455
2008-12-22,824.20778,2893.13597,1985.49278,58.11061,68.70752,65.34045
2008-12-23,816.72785,2867.43845,1967.74216,57.49857,67.99712,64.66108
2008-12-24,820.99846,2883.74443,1978.66176,57.61533,68.16622,64.81304
2008-12-25,820.99846,2883.74443,1978.66176,57.61533,68.16622,64.81304
2008-12-26,825.73246,2900.46962,1990.11765,57.66923,68.23227,64.87519
2008-12-29,822.27844,2889.26832,1982.24033,56.69381,67.09982,63.79229
2008-12-30,842.08712,2959.44466,2030.26809,58.43515,69.17419,65.76058
2008-12-31,854.35347,3002.60353,2059.86613,60.32702,71.41493,67.89041
2009-01-01,854.35347,3002.60353,2059.86613,60.32702,71.41493,67.89041
2009-01-02,881.36042,3098.04518,2125.2333,62.0844,73.5078,69.87642
2009-01-05,877.97535,3086.22522,2117.10869,63.20911,74.84137,71.14357
2009-01-06,885.23107,3111.73385,2134.60653,64.92682,76.87527,73.07695
2009-01-07,858.73524,3020.24015,2071.50488,61.76052,73.16609,69.53968
2009-01-08,862.13369,3032.3005,2079.75459,61.68628,73.08073,69.45782
2009-01-09,844.03167,2968.65932,2036.09959,61.32538,72.65385,69.0519
2009-01-12,824.45554,2899.80542,1988.87511,60.60967,71.80592,68.24602
2009-01-13,826.58101,2907.48391,1994.09981,61.57531,72.95502,69.3367
2009-01-14,798.71265,2809.69745,1926.98352,59.55352,70.56562,67.06408
2009-01-15,800.51256,2816.12153,1931.37035,60.14461,71.26835,67.73127
2009-01-16,806.65857,2837.74258,1946.19864,59.75109,70.80205,67.28811
2009-01-19,806.65857,2837.74258,1946.19864,60.20086,71.335,67.79462
2009-01-20,763.80034,2686.98983,1842.8047,58.05963,68.79821,65.3836
2009-01-21,796.88358,2803.96389,1922.90708,60.74849,71.99955,68.42173
2009-01-22,784.26826,2759.6678,1892.51051,59.39698,70.4001,66.90108
2009-01-23,788.80596,2775.63496,1903.46038,60.53233,71.74577,68.17987
2009-01-26,793.15518,2790.96187,1913.96647,59.281,70.26321,66.77083
2009-01-27,801.91293,2821.77874,1935.09984,59.75809,70.82869,67.3082
2009-01-28,828.77907,2916.66716,2000.09943,61.51495,72.9198,69.29288
2009-01-29,801.54066,2821.00617,1934.45948,60.15049,71.30736,67.75921
2009-01-30,783.6336,2757.99182,1891.24651,60.02044,71.15343,67.61287
2009-02-02,783.34823,2757.02497,1890.5758,60.04309,71.18125,67.63903
2009-02-03,795.31818,2799.21939,1919.49628,60.19437,71.36227,67.81057
2009-02-04,790.08323,2782.7373,1907.79438,60.19969,71.41844,67.84973
2009-02-05,803.09536,2828.72976,1939.29253,61.39847,72.84481,69.20363
2009-02-06,824.72224,2906.01861,1992.05057,62.98322,74.75362,71.00887
2009-02-09,826.01398,2910.69862,1995.23227,62.03448,73.63084,69.9414
2009-02-10,786.29364,2770.85523,1899.34688,59.19184,70.25992,66.73851
2009-02-11,792.13131,2792.66801,1914.04372,60.26452,71.56498,67.9691
2009-02-12,793.97431,2799.75431,1918.77948,61.00048,72.45419,68.80928
2009-02-13,786.2263,2772.75086,1900.2076,59.77821,71.01055,67.43595
2009-02-16,786.2263,2772.75086,1900.2076,60.30372,71.63481,68.02879
2009-02-17,750.66596,2647.83495,1814.49945,58.59502,69.61802,66.10982
2009-02-18,749.8284,2645.41071,1812.7292,58.73517,69.79851,66.27723
2009-02-19,741.09556,2616.14336,1792.35712,57.31921,68.15603,64.70616
2009-02-20,732.85365,2587.58084,1772.67913,57.01873,67.81268,64.37623
2009-02-23,707.19847,2497.06019,1710.65294,54.51277,64.83398,61.548
2009-02-24,735.68062,2597.62865,1779.54898,56.63264,67.35523,63.94146
2009-02-25,728.06066,2571.31969,1761.403,56.28887,66.96189,63.56364
2009-02-26,716.74687,2531.886,1734.28255,55.17512,65.65055,62.31498
2009-02-27,700.71326,2475.32563,1695.52403,54.15322,64.43665,61.16218
2009-03-02,667.6113,2358.45036,1615.45562,52.0499,61.93551,58.78769
2009-03-03,663.68987,2344.61255,1605.97406,51.84713,61.69463,58.55893
2009-03-04,679.53668,2401.43453,1644.72243,53.11044,63.21999,60.00048
2009-03-05,650.86371,2300.2203,1575.37821,50.91201,60.60611,57.51885
2009-03-06,651.84876,2304.24187,1578.0215,50.53598,60.17259,57.10339
2009-03-09,645.3467,2281.51816,1562.406,50.1289,59.6947,56.64794
2009-03-10,686.31011,2426.51123,1661.66301,52.82796,62.9133,59.70099
2009-03-11,687.77068,2432.46129,1665.57609,52.84921,62.95895,59.73851
2009-03-12,715.58071,2531.24506,1733.12844,54.88305,65.39289,62.04481
2009-03-13,720.75167,2549.6118,1745.68856,54.8787,65.38964,62.04117
2009-03-16,717.74758,2539.03692,1738.43741,54.20634,64.58982,61.28194
2009-03-17,740.72184,2620.36374,1794.10922,56.04923,66.78714,63.36633
2009-03-18,755.84254,2673.93575,1830.77217,56.58918,67.43257,63.97812
2009-03-19,746.87161,2642.20608,1809.04635,53.39443,63.62583,60.36634
2009-03-20,732.19207,2590.3282,1773.51591,52.9778,63.13068,59.89618
2009-03-23,783.20114,2771.34449,1897.33746,56.65813,67.52991,64.06615
2009-03-24,767.59318,2716.17026,1859.55254,55.71174,66.40325,62.9969
2009-03-25,774.45265,2740.47007,1876.18316,56.14318,66.91815,63.48519
2009-03-26,792.7454,2805.3359,1920.56388,57.38453,68.40103,64.89107
2009-03-27,776.19909,2747.2874,1880.71953,57.25723,68.26185,64.75546
2009-03-30,749.53394,2653.05893,1816.18234,55.88242,66.62658,63.20311
2009-03-31,759.2416,2687.43353,1839.71115,56.12867,66.92051,63.48184
2009-04-01,771.48529,2731.25269,1869.60923,57.24292,68.26102,64.75005
2009-04-02,793.90771,2810.79148,1924.02308,57.96885,69.13056,65.57376
2009-04-03,802.19888,2840.19302,1944.13915,58.65279,69.94734,66.34819
2009-04-06,795.47694,2816.55345,1927.92488,58.24158,69.46087,65.88564
2009-04-07,776.1733,2749.90346,1881.9543,57.39984,68.49931,64.96152
2009-04-08,785.366,2782.55549,1904.28331,58.26624,69.53532,65.94343
2009-04-09,814.99878,2887.57144,1976.14703,60.5677,72.28257,68.54858
2009-04-10,814.99878,2887.57144,1976.14703,60.5677,72.28257,68.54858
2009-04-13,816.80502,2894.20682,1980.63962,60.19151,71.83947,68.12671
2009-04-14,800.53935,2836.62305,1941.22195,59.27322,70.74475,67.0882
2009-04-15,810.25612,2871.10418,1964.80842,60.35233,72.03398,68.31043
2009-04-16,823.21875,2917.12945,1996.28626,61.26207,73.12213,69.34168
2009-04-17,827.34852,2931.76356,2006.30086,62.25618,74.30869,70.46689
2009-04-20,791.88337,2806.14895,1920.32669,60.15706,71.8047,68.09193
2009-04-21,808.67843,2865.66459,1961.05492,61.26697,73.12951,69.34824
2009-04-22,802.45247,2844.16464,1946.22641,60.51967,72.25181,68.51185
2009-04-23,809.85814,2870.4559,1964.20835,60.92839,72.74084,68.97527
2009-04-24,823.89905,2920.22242,1998.2628,61.02583,72.85718,69.08558
2009-04-27,815.68466,2891.10739,1978.33984,60.98576,72.80934,69.04022
2009-04-28,813.49152,2883.50294,1973.10156,61.05666,72.89826,69.12332
2009-04-29,831.43895,2947.45123,2016.79149,61.51004,73.44783,69.64208
2009-04-30,830.82972,2945.47468,2015.40144,61.5415,73.48998,69.68074
2009-05-01,835.26643,2961.25301,2026.18745,61.8608,73.8725,70.04309
2009-05-04,863.50602,3061.37025,2094.69098,63.5209,75.85493,71.92276
2009-05-05,859.96322,3049.17613,2086.27221,63.23422,75.52166,71.60418
2009-05-06,874.07335,3100.22346,2120.99049,64.50613,77.066,73.06122
2009-05-07,862.10632,3057.94295,2092.03079,63.08226,75.36896,71.45121
2009-05-08,882.88364,3131.64251,2142.45064,64.26483,76.78189,72.79069
2009-05-11,864.2772,3066.72588,2097.81724,62.27317,74.42856,70.55222
2009-05-12,863.34132,3063.56507,2095.62224,62.10089,74.22652,70.3596
2009-05-13,839.87546,2981.5005,2039.23914,60.60172,72.46389,68.68048
2009-05-14,848.5167,3012.46754,2060.35973,61.29056,73.29466,69.46585
2009-05-15,838.89234,2978.81582,2037.23767,60.5664,72.44124,68.65344
2009-05-18,864.62922,3070.46745,2099.86509,62.90111,75.24015,71.30417
2009-05-19,863.3108,3066.30588,2096.91226,62.25381,74.47851,70.57878
2009-05-20,859.23109,3052.03715,2087.10905,61.19088,73.21217,69.37724
2009-05-21,844.72566,3001.34696,2052.27392,60.21904,72.06942,68.28865
2009-05-22,843.57608,2997.32725,2049.51202,59.18706,70.8359,67.11941
2009-05-25,843.57608,2997.32725,2049.51202,59.11101,70.74488,67.03316
2009-05-26,865.69137,3075.91121,2103.24498,60.75175,72.70867,68.89388
2009-05-27,849.659,3019.43535,2064.5276,59.87064,71.66575,67.90238
2009-05-28,862.58605,3065.89858,2096.1891,60.72704,72.70331,68.88192
2009-05-29,874.29742,3107.53225,2124.6529,60.62746,72.58428,68.76909
2009-06-01,897.06802,3188.59054,2180.04782,62.19549,74.46445,70.54961
2009-06-02,898.90667,3195.13442,2184.52015,61.70621,73.87885,69.99474
2009-06-03,886.03077,3149.96618,2153.51572,61.29387,73.39912,69.53627
2009-06-04,896.10785,3186.37887,2178.2893,61.99098,74.2476,70.3362
2009-06-05,893.88268,3178.62127,2172.95429,62.63385,75.02122,71.06803
2009-06-08,892.72089,3175.13432,2170.43841,63.22724,75.74733,71.75152
2009-06-09,896.44413,3188.52509,2179.56157,62.82903,75.27377,71.30195
2009-06-10,893.55079,3178.37874,2172.59618,62.6173,75.02353,71.06393
2009-06-11,899.17695,3199.19318,2186.65951,62.7205,75.16602,71.19354
2009-06-12,900.03357,3202.34068,2188.7904,63.11666,75.64314,71.64478
2009-06-15,878.80713,3126.84237,2137.18222,62.34977,74.72467,70.77468
2009-06-16,867.35765,3086.12447,2109.34764,61.28936,73.45427,69.5713
2009-06-17,866.15644,3081.90507,2106.4525,61.31925,73.4914,69.6061
2009-06-18,873.06812,3106.90296,2123.45524,61.37914,73.57276,69.68044
2009-06-19,875.88651,3116.9325,2130.31007,61.73203,73.99577,70.08106
2009-06-22,849.12776,3022.16914,2065.44835,60.04658,71.98645,68.17493
2009-06-23,851.06535,3029.12084,2070.18798,59.63154,71.49019,67.70457
2009-06-24,857.03929,3050.45853,2084.75536,59.95168,71.87577,68.06923
2009-06-25,875.15687,3115.06305,2128.88329,61.77376,74.06307,70.13989
2009-06-26,874.23481,3112.42827,2126.94993,60.98937,73.13784,69.25936
2009-06-29,881.7992,3139.48009,2145.41156,61.56522,73.83125,69.91518
2009-06-30,874.74011,3114.56486,2128.34081,61.2117,73.41242,69.51711
2009-07-01,878.33958,3127.73977,2137.27034,61.00905,73.17777,69.29253
2009-07-02,853.06613,3037.80468,2075.80234,59.73335,71.6491,67.8446
2009-07-03,853.06613,3037.80468,2075.80234,59.79734,71.72585,67.91728
2009-07-06,854.53931,3043.13377,2079.4268,60.24913,72.26974,68.43172
2009-07-07,837.58722,2982.76501,2038.17577,58.71651,70.43134,66.69095
2009-07-08,836.36823,2980.108,2036.01498,59.06556,70.89009,67.11396
2009-07-09,839.45443,2991.12069,2043.53557,58.94423,70.74485,66.97635
2009-07-10,836.11867,2979.23478,2035.41511,58.86581,70.65074,66.88725
2009-07-13,856.49446,3052.14283,2085.1633,60.26792,72.34079,68.48522
2009-07-14,861.26287,3069.13522,2096.77217,60.62301,72.76701,68.88872
2009-07-15,886.63858,3159.6603,2158.59702,61.78882,74.16866,70.21501
2009-07-16,894.60785,3188.15777,2178.04568,62.21168,74.67853,70.69706
2009-07-17,894.33744,3187.19411,2177.38734,62.21051,74.67712,70.69572
2009-07-20,904.55507,3223.62541,2202.27228,62.46968,74.98865,70.99052
2009-07-21,908.32987,3237.11769,2211.4816,62.66864,75.22841,71.21724
2009-07-22,907.92688,3236.23034,2210.76291,62.7224,75.30572,71.28679
2009-07-23,929.19244,3312.05969,2262.558,64.00903,76.85117,72.74957
2009-07-24,932.58643,3324.19494,2270.84021,64.45998,77.39347,73.26268
2009-07-27,934.96173,3332.6617,2276.62407,64.53101,77.47874,73.3434
2009-07-28,932.43111,3323.64131,2270.46202,64.54925,77.50065,73.36414
2009-07-29,927.72621,3307.35501,2259.2372,64.75792,77.76257,73.60885
2009-07-30,938.66979,3346.73319,2286.06159,65.51716,78.68284,74.47753
2009-07-31,939.39032,3349.3314,2287.83037,65.0356,78.1052,73.93056
2009-08-03,954.27648,3402.42088,2324.0914,64.97319,78.03056,73.85983
2009-08-04,956.90604,3411.88005,2330.53553,65.23594,78.34804,74.15979
2009-08-05,954.01384,3402.65279,2324.01038,65.09076,78.19861,74.01127
2009-08-06,948.68946,3384.10343,2311.25083,64.81534,77.87788,73.70483
2009-08-07,961.19614,3428.78332,2341.75228,66.4024,79.78634,75.51059
2009-08-10,957.94479,3417.27965,2333.87626,66.38571,79.76849,75.49307
2009-08-11,945.92151,3375.33662,2305.03654,65.65448,78.912,74.6762
2009-08-12,956.81551,3415.40058,2332.15248,66.07885,79.44977,75.17723
2009-08-13,963.55793,3439.66402,2348.68023,66.16739,79.56076,75.28096
2009-08-14,955.14406,3409.65395,2328.18348,65.85684,79.18794,74.92803
2009-08-17,931.87412,3327.28973,2271.79918,65.00123,78.17568,73.96553
2009-08-18,941.44593,3362.02331,2295.40038,65.5199,78.81253,74.56438
2009-08-19,948.09627,3386.19132,2311.81515,65.44906,78.73706,74.49021
2009-08-20,958.18312,3422.34901,2336.47368,66.06638,79.48278,75.19484
2009-08-21,975.64307,3485.28827,2379.32471,66.96213,80.57378,76.2232
2009-08-24,975.02947,3483.13308,2377.84588,66.83123,80.41712,76.07475
2009-08-25,977.09574,3490.53561,2382.89507,66.93313,80.54022,76.19106
2009-08-26,977.04323,3490.66658,2382.91924,67.38571,81.09221,76.71115
2009-08-27,979.72326,3500.61227,2389.63278,67.58955,81.34613,76.9489
2009-08-28,977.99989,3494.93307,2385.65797,66.78532,80.38922,76.04059
2009-08-31,969.81107,3465.82005,2365.75454,66.33227,79.84734,75.52705
2009-09-01,948.96605,3391.4699,2314.97398,65.1198,78.39116,74.14872
2009-09-02,945.82568,3381.06583,2307.70455,65.20289,78.5102,74.25592
2009-09-03,954.2822,3411.53972,2328.45413,65.69128,79.10393,74.81586
2009-09-04,966.78122,3456.38931,2359.03105,66.66858,80.28463,75.93147
2009-09-07,966.78122,3456.38931,2359.03105,66.19192,79.71061,75.38857
2009-09-08,975.68218,3488.77857,2381.02105,65.97981,79.46809,75.15554
2009-09-09,983.26861,3516.07611,2399.61616,66.18731,79.72188,75.39446
2009-09-10,993.37686,3552.24277,2424.29462,66.94578,80.63592,76.25875
2009-09-11,992.35811,3549.33704,2422.1606,66.65744,80.30529,75.94134
2009-09-14,998.47078,3571.29021,2437.12356,66.98552,80.70258,76.31646
2009-09-15,1001.69189,3582.81956,2444.98976,67.34892,81.14059,76.73061
2009-09-16,1017.01647,3637.7263,2482.43994,67.96493,81.88486,77.43383
2009-09-17,1013.78643,3626.64854,2474.78293,67.48716,81.31991,76.89656
2009-09-18,1016.11188,3635.01531,2480.48252,67.74304,81.62931,77.18883
2009-09-21,1012.91673,3623.60468,2472.69205,67.83412,81.7395,77.2929
2009-09-22,1019.70768,3647.98724,2489.31219,67.66107,81.53296,77.09703
2009-09-23,1009.12716,3610.16557,2463.49732,67.01564,80.75588,76.36204
2009-09-24,999.23342,3575.21706,2439.55783,66.68798,80.37108,75.99532
2009-09-25,993.45636,3554.54697,2425.45355,66.37464,79.99344,75.63825
2009-09-28,1011.16386,3618.51439,2468.97685,67.84171,81.77533,77.31921
2009-09-29,1009.11861,3611.45411,2464.10652,68.10485,82.09839,77.62299
2009-09-30,1005.90305,3600.25746,2456.4033,67.54646,81.43231,76.99123
2009-10-01,980.15859,3508.16886,2393.5615,66.06858,79.65184,75.30752
2009-10-02,975.59371,3491.98991,2382.49023,65.56502,79.04836,74.73592
2009-10-05,989.87864,3543.18844,2417.40773,66.42044,80.08123,75.71201
2009-10-06,1003.52752,3592.0963,2450.76522,66.79064,80.52876,76.13479
2009-10-07,1006.28848,3603.75517,2458.35614,67.27548,81.15332,76.71393
2009-10-08,1014.24126,3632.25208,2477.79244,67.43055,81.34074,76.89099
2009-10-09,1019.85442,3652.44735,2491.54987,67.8313,81.82625,77.34935
2009-10-12,1024.29602,3668.35424,2502.4009,67.8875,81.89405,77.41344
2009-10-13,1021.4224,3658.28904,2495.48854,67.62627,81.58396,77.11888
2009-10-14,1039.13534,3722.02931,2538.90729,68.44581,82.57931,78.05787
2009-10-15,1043.38044,3737.23463,2549.27929,68.55062,82.70576,78.1774
2009-10-16,1035.20343,3707.94579,2529.3005,68.30141,82.4051,77.89319
2009-10-19,1045.12405,3743.47998,2553.53943,68.6422,82.81626,78.28184
2009-10-20,1038.47875,3719.73623,2537.33109,68.21259,82.29924,77.79276
2009-10-21,1029.31399,3687.4095,2515.17772,67.35593,81.2767,76.82309
2009-10-22,1039.99788,3725.91492,2541.39485,68.01878,82.08164,77.58248
2009-10-23,1027.42492,3680.8708,2510.67089,67.14949,81.03263,76.59096
2009-10-26,1015.31229,3637.5012,2481.0839,66.6976,80.48787,76.0759
2009-10-27,1011.65744,3624.4072,2472.15269,67.00009,80.8529,76.42092
2009-10-28,991.31899,3552.0369,2422.6887,65.90659,79.5444,75.18101
2009-10-29,1013.38022,3631.37226,2476.74118,67.12324,81.01921,76.5731
2009-10-30,985.2362,3530.52026,2407.95608,65.54214,79.11078,74.7694
2009-11-02,991.57044,3553.2515,2423.45295,65.68306,79.28161,74.93065
2009-11-03,994.71814,3564.54079,2431.1507,66.52007,80.29213,75.88565
2009-11-04,995.87389,3569.86709,2434.54104,65.88809,79.5557,75.18215
2009-11-05,1014.92808,3638.53367,2481.29512,66.9097,80.79731,76.35321
2009-11-06,1017.21329,3647.20125,2487.10879,67.13927,81.08509,76.62217
2009-11-09,1039.6705,3728.66382,2542.46711,68.0019,82.14768,77.62038
2009-11-10,1039.60833,3729.36666,2542.75697,68.17273,82.3745,77.82891
2009-11-11,1044.7535,3747.82384,2555.34145,68.41643,82.66896,78.10712
2009-11-12,1034.04288,3709.7785,2529.32432,68.19733,82.41259,77.86252
2009-11-13,1040.08709,3731.48397,2544.11881,68.57292,82.86693,78.29165
2009-11-16,1055.00075,3785.77844,2580.97524,69.1336,83.56191,78.94332
2009-11-17,1056.07125,3790.05591,2583.80224,69.84727,84.43423,79.76467
2009-11-18,1055.31165,3787.89261,2582.21235,69.20017,83.66443,79.03392
2009-11-19,1041.06047,3736.7488,2547.34574,68.77106,83.14582,78.54396
2009-11-20,1037.54196,3724.73159,2539.02843,68.59403,82.94541,78.35078
2009-11-23,1051.16591,3773.80451,2572.4464,68.87541,83.28927,78.67457
2009-11-24,1050.72701,3772.4363,2571.47132,68.99634,83.4401,78.81574
2009-11-25,1055.71003,3790.8076,2583.89576,68.83084,83.2505,78.63366
2009-11-26,1055.71003,3790.8076,2583.89576,69.14084,83.62546,78.98782
2009-11-27,1037.64978,3726.8196,2540.10388,68.00114,82.26602,77.69839
2009-11-30,1041.33666,3740.56337,2549.36863,68.07912,82.37142,77.79479
2009-12-01,1054.0905,3786.55627,2580.67812,68.54767,82.94227,78.33281
2009-12-02,1054.58687,3788.84301,2582.13364,68.66183,83.09145,78.47058
2009-12-03,1045.58282,3756.59497,2560.13562,68.02145,82.31871,77.74018
2009-12-04,1051.05668,3776.30371,2573.5586,69.28917,83.85382,79.18964
2009-12-07,1048.6887,3767.90972,2567.8148,69.41512,84.00879,79.33527
2009-12-08,1037.80828,3729.28101,2541.39457,69.13082,83.67514,79.01723
2009-12-09,1041.6617,3743.52648,2551.02096,69.3381,83.93496,79.26006
2009-12-10,1047.94167,3766.43905,2566.56446,69.87697,84.59498,79.88113
2009-12-11,1051.52717,3779.95269,2575.64997,70.58598,85.46751,80.70118
2009-12-14,1059.16622,3807.54427,2594.42397,70.94109,85.90045,81.10914
2009-12-15,1053.65931,3787.76176,2580.94148,71.04737,86.02945,81.23086
2009-12-16,1055.17769,3793.26483,2584.68209,71.03751,86.01853,81.22026
2009-12-17,1042.91986,3749.34078,2554.72384,71.34513,86.39428,81.57413
2009-12-18,1049.16962,3771.85715,2570.05617,72.12959,87.34534,82.47181
2009-12-21,1059.92699,3810.59945,2596.44025,72.67826,88.01133,83.10019
2009-12-22,1063.74038,3824.36918,2605.81031,73.36255,88.84139,83.88353
2009-12-23,1066.50043,3835.27141,2613.03859,73.03715,88.46992,83.52639
2009-12-24,1072.06531,3855.44129,2626.74841,73.29296,88.78342,83.82135
2009-12-25,1072.06531,3855.44129,2626.74841,73.29296,88.78342,83.82135
2009-12-28,1073.28436,3860.32448,2629.97662,73.20549,88.68892,83.72899
2009-12-29,1071.7012,3855.26242,2626.40083,73.01632,88.47426,83.52229
2009-12-30,1071.91161,3856.38043,2627.08868,73.56942,89.15279,84.16047
2009-12-31,1061.1307,3817.61679,2600.67706,72.59344,87.9706,83.04434
2010-01-01,1061.1307,3817.61679,2600.67706,72.59344,87.9706,83.04434
2010-01-04,1078.36332,3879.77355,2642.98761,73.30739,88.83943,83.86348
2010-01-05,1081.73309,3891.90318,2651.24941,73.64869,89.25317,84.25401
2010-01-06,1082.66513,3896.88666,2654.31112,73.86072,89.54759,84.52133
2010-01-07,1086.7133,3911.65018,2664.32771,74.45256,90.26957,85.20153
2010-01-08,1090.03274,3923.59857,2672.46606,74.68519,90.55162,85.46775
2010-01-11,1091.79012,3929.92428,2676.77468,73.6691,89.31968,84.30496
2010-01-12,1081.39938,3892.5226,2651.29941,73.0006,88.50916,83.53995
2010-01-13,1090.58372,3925.94936,2673.99215,73.78298,89.46612,84.44082
2010-01-14,1093.09583,3935.06578,2680.18646,74.12666,89.88452,84.83524
2010-01-15,1081.37931,3893.03086,2651.52697,73.87055,89.57728,84.54433
2010-01-18,1081.37931,3893.03086,2651.52697,73.78839,89.47764,84.45029
2010-01-19,1095.00264,3942.07568,2684.93119,75.25686,91.25835,86.13094
2010-01-20,1083.79342,3902.28003,2657.71248,75.36245,91.39946,86.26042
2010-01-21,1064.15123,3831.6529,2609.59107,74.31513,90.13154,85.06315
2010-01-22,1040.639,3746.99322,2551.93263,72.29253,87.67847,82.74802
2010-01-25,1045.26593,3763.69617,2563.29959,72.47546,87.90133,82.95807
2010-01-26,1040.80828,3747.70939,2552.39859,72.67205,88.14126,83.18409
2010-01-27,1045.73319,3765.61226,2564.55684,73.10172,88.66639,83.67855
2010-01-28,1033.09918,3720.4792,2533.74759,72.63757,88.11197,83.15297
2010-01-29,1022.88247,3683.69519,2508.69479,72.23228,87.62055,82.68914
2010-02-01,1037.47362,3736.24324,2544.48119,73.28374,88.89604,83.89284
2010-02-02,1050.93174,3784.72708,2577.49646,73.93641,89.68816,84.64027
2010-02-03,1045.16011,3765.16858,2563.92595,73.73118,89.46836,84.42458
2010-02-04,1012.6881,3648.2692,2484.30582,72.13254,87.53044,82.59537
2010-02-05,1015.36881,3657.9401,2490.88852,72.90279,88.46544,83.47756
2010-02-08,1006.76268,3628.08395,2470.32332,72.12396,87.54806,82.60406
2010-02-09,1019.63776,3674.6036,2501.97322,72.86285,88.44789,83.45225
2010-02-10,1017.27225,3666.9855,2496.60096,72.89016,88.50293,83.49798
2010-02-11,1027.51938,3704.37908,2521.96875,74.12493,90.01325,84.91982
2010-02-12,1024.97742,3695.96661,2516.10726,73.91982,89.78243,84.69756
2010-02-15,1024.97742,3695.96661,2516.10726,73.99866,89.87819,84.78789
2010-02-16,1043.28958,3762.51892,2561.30786,74.73528,90.78544,85.6402
2010-02-17,1048.03275,3780.26724,2573.26337,75.33621,91.53099,86.33925
2010-02-18,1054.81485,3805.03023,2590.05854,75.98511,92.32666,87.08773
2010-02-19,1057.01383,3813.5166,2595.72522,76.78028,93.30639,88.00814
2010-02-22,1055.76816,3809.07891,2592.69311,76.24685,92.65951,87.39761
2010-02-23,1042.82362,3762.40205,2560.91678,75.42577,91.66231,86.45686
2010-02-24,1052.63036,3798.48283,2585.33391,75.93085,92.2931,87.04706
2010-02-25,1050.62711,3792.18922,2580.85936,76.2571,92.71253,87.43617
2010-02-26,1052.029,3797.38128,2584.36598,75.66504,91.9959,86.75943
2010-03-01,1062.86119,3836.52227,2610.99555,77.39978,94.10607,88.74919
2010-03-02,1065.60959,3846.49686,2617.77287,77.13352,93.78366,88.44476
2010-03-03,1065.88324,3848.04161,2618.71046,76.42068,92.93039,87.63627
2010-03-04,1069.54803,3861.36365,2627.75784,77.15119,93.82094,88.47545
2010-03-05,1084.44781,3915.26792,2664.41823,78.22023,95.12368,89.7032
2010-03-08,1084.40377,3915.83324,2664.65632,77.96211,94.82732,89.41881
2010-03-09,1086.32859,3922.99949,2669.48881,78.50589,95.49398,90.04596
2010-03-10,1091.44069,3941.96247,2682.29011,78.39911,95.37624,89.9315
2010-03-11,1095.76166,3958.81706,2693.50911,78.65481,95.71749,90.24491
2010-03-12,1095.68193,3958.57024,2693.33276,78.17741,95.13753,89.69782
2010-03-15,1095.79451,3959.08298,2693.65998,78.7868,95.88169,90.39871
2010-03-16,1104.55461,3990.77513,2715.21392,78.80189,95.90106,90.41669
2010-03-17,1110.8293,4013.51036,2730.66915,79.35914,96.58078,91.0571
2010-03-18,1109.94114,4010.36632,2728.51739,80.09436,97.47713,91.90175
2010-03-19,1104.00723,3988.9263,2713.93032,80.10194,97.48637,91.91046
2010-03-22,1109.79109,4009.92508,2728.19658,80.50672,97.98145,92.37653
2010-03-23,1117.88442,4039.63265,2748.31364,81.08184,98.69276,93.04394
2010-03-24,1111.80975,4017.71348,2733.39457,81.75588,99.51401,93.81796
2010-03-25,1109.37041,4008.90537,2727.4007,81.60708,99.33305,93.64731
2010-03-26,1110.16633,4011.79796,2729.36528,81.32735,98.99297,93.32658
2010-03-29,1116.64188,4035.90849,2745.62902,81.36147,99.05193,93.37742
2010-03-30,1116.8687,4037.32513,2746.47095,81.67509,99.44844,93.74705
2010-03-31,1113.35649,4024.78859,2737.91015,80.76238,98.341,92.70201
2010-04-01,1121.67965,4055.02015,2758.44627,81.32707,99.03211,93.35249
2010-04-02,1121.67965,4055.02015,2758.44627,81.32707,99.03211,93.35249
2010-04-05,1130.96149,4088.71875,2781.34062,82.18825,100.08428,94.34333
2010-04-06,1132.75006,4095.18489,2785.73919,83.07477,101.16383,95.36096
2010-04-07,1126.13383,4072.9933,2770.29082,82.83091,100.90969,95.10928
2010-04-08,1129.72803,4086.12622,2779.19609,83.02062,101.1441,95.32929
2010-04-09,1137.4402,4114.03944,2798.17751,83.03408,101.16096,95.34505
2010-04-12,1139.35719,4121.04653,2802.92842,82.18079,100.12319,94.36644
2010-04-13,1140.10303,4124.14263,2804.96868,82.51047,100.53456,94.75194
2010-04-14,1152.90897,4170.60837,2836.54843,83.04537,101.18976,95.36867
2010-04-15,1153.70171,4173.47608,2838.49885,83.47308,101.71092,95.85985
2010-04-16,1135.51328,4107.68006,2793.74912,82.51292,100.54098,94.75721
2010-04-19,1140.13707,4124.45518,2805.14841,83.10424,101.26269,95.43707
2010-04-20,1149.79727,4159.41949,2828.92477,83.83639,102.15526,96.27816
2010-04-21,1148.32662,4154.14462,2825.32797,84.1574,102.54753,96.64755
2010-04-22,1151.09203,4164.35613,2832.23072,84.94037,103.50676,97.55013
2010-04-23,1159.54324,4194.93045,2853.0247,85.18615,103.80625,97.83239
2010-04-26,1154.44768,4176.52161,2840.49939,85.04413,103.63384,97.66972
2010-04-27,1127.61671,4079.473,2774.49154,83.12062,101.29034,95.46095
2010-04-28,1134.758,4106.07233,2792.42621,84.35338,102.8117,96.88935
2010-04-29,1149.20126,4158.6449,2828.11605,85.16902,103.81357,97.83132
2010-04-30,1130.0326,4089.27878,2780.94313,83.41773,101.6789,95.81966
2010-05-03,1144.50576,4141.716,2816.59062,85.26525,103.93245,97.9429
2010-05-04,1117.00329,4042.20787,2748.91619,84.12301,102.54057,96.63111
2010-05-05,1109.1674,4015.10982,2730.23133,84.62371,103.18323,97.22759
2010-05-06,1073.3502,3886.04208,2642.3467,82.89297,101.08821,95.24917
2010-05-07,1056.5301,3825.15463,2600.94386,81.97453,99.96841,94.19398
2010-05-10,1102.42185,3991.4427,2713.98468,84.2761,102.77873,96.84097
2010-05-11,1098.84241,3979.27237,2705.54842,84.98874,103.6684,97.67343
2010-05-12,1114.51561,4037.33105,2744.75778,86.26895,105.2639,99.16707
2010-05-13,1101.13865,3989.0981,2711.92097,86.01015,104.95403,98.87348
2010-05-14,1080.08501,3912.85291,2660.08168,85.32303,104.11627,98.08406
2010-05-17,1081.25261,3917.8256,2663.31289,86.035,105.00496,98.91571
2010-05-18,1065.94864,3863.01859,2625.92377,84.55678,103.21806,97.22756
2010-05-19,1060.20581,3842.60453,2611.97063,84.35347,102.98055,97.00099
2010-05-20,1018.85996,3693.06807,2510.26361,81.077,98.98907,93.239
2010-05-21,1034.09069,3748.30235,2547.80205,80.83091,98.68933,92.95647
2010-05-24,1020.97837,3700.83513,2515.52503,80.96006,98.84865,93.10607
2010-05-25,1021.27209,3701.91071,2516.2539,81.87633,99.96767,94.16
2010-05-26,1015.88204,3683.0731,2503.30797,81.59415,99.64209,93.84803
2010-05-27,1049.37732,3805.78591,2586.45315,83.97864,102.5884,96.6133
2010-05-28,1036.59937,3759.57219,2555.04057,82.50871,100.79616,94.92525
2010-05-31,1036.59937,3759.57219,2555.04057,82.91888,101.29724,95.39715
2010-06-01,1018.22585,3693.1051,2509.83413,81.33647,99.3687,93.57963
2010-06-02,1044.55765,3789.19393,2575.01716,84.02798,102.67272,96.6867
2010-06-03,1049.48913,3807.26236,2587.25936,84.40393,103.13695,97.12249
2010-06-04,1013.37753,3676.40856,2498.30513,82.64067,100.98644,95.0962
2010-06-07,999.41102,3625.88523,2463.94233,82.22586,100.48357,94.62152
2010-06-08,1009.61563,3663.44074,2489.35424,82.9403,101.37139,95.45339
2010-06-09,1003.98234,3643.21978,2475.56905,81.73189,99.90048,94.06664
2010-06-10,1033.68651,3751.05839,2548.83598,83.80944,102.44119,96.45862
2010-06-11,1038.70238,3770.52939,2561.81288,84.30316,103.07938,97.04993
2010-06-14,1037.03561,3764.58444,2557.7522,82.90985,101.37859,95.44783
2010-06-15,1061.37694,3852.96863,2617.79818,84.64219,103.4974,97.44252
2010-06-16,1060.60904,3850.26444,2615.94389,84.52258,103.35339,97.3063
2010-06-17,1061.85312,3855.27613,2619.24795,84.35803,103.16543,97.1256
2010-06-18,1063.3497,3860.71631,2622.94265,84.28591,103.07741,97.04268
2010-06-21,1059.19835,3845.67851,2612.71903,83.9772,102.70079,96.68785
2010-06-22,1041.90208,3783.40652,2570.30473,83.26501,101.84398,95.87721
2010-06-23,1038.82714,3772.34286,2562.76766,83.30755,101.89877,95.928
2010-06-24,1021.09132,3707.94589,2519.0175,81.37662,99.53714,93.7047
2010-06-25,1023.9515,3718.47007,2526.13908,81.76389,100.01455,94.15308
2010-06-28,1021.78667,3711.31296,2521.1364,81.31979,99.4902,93.65424
2010-06-29,989.66495,3594.79466,2441.95291,79.76584,97.59321,91.86734
2010-06-30,979.88466,3559.65331,2418.00306,78.51978,96.07901,90.43906
2010-07-01,976.86027,3548.87,2410.6367,76.98275,94.20367,88.67228
2010-07-02,972.49406,3533.1276,2399.91898,75.7477,92.69548,87.25176
2010-07-05,972.49406,3533.1276,2399.91898,76.17082,93.21327,87.73914
2010-07-06,977.57096,3551.57227,2412.44774,75.8662,92.84049,87.38826
2010-07-07,1008.22578,3664.63205,2488.90076,78.33503,95.9059,90.26116
2010-07-08,1017.77968,3699.49042,2512.54845,78.78422,96.4593,90.78102
2010-07-09,1025.07853,3726.02073,2530.5668,79.64127,97.50863,91.76857
2010-07-12,1025.66677,3728.25144,2532.06296,79.99407,97.94301,92.17669
2010-07-13,1041.51912,3786.18391,2571.34497,80.68866,98.80154,92.98239
2010-07-14,1041.4388,3785.94245,2571.1707,80.30214,98.32957,92.53785
2010-07-15,1042.55891,3790.01439,2573.9361,79.366,97.18327,91.45907
2010-07-16,1012.7369,3681.70337,2500.35759,76.74755,93.97956,88.44334
2010-07-19,1018.81152,3703.84599,2515.38332,77.11562,94.43177,88.86848
2010-07-20,1030.63728,3746.90125,2544.61045,78.51631,96.14861,90.48372
2010-07-21,1017.37786,3699.21596,2512.12036,77.90525,95.41373,89.78836
2010-07-22,1040.06556,3781.81649,2568.19212,79.09032,96.86788,91.15599
2010-07-23,1048.52188,3812.5648,2589.07298,80.29009,98.33733,92.5388
2010-07-26,1060.33679,3855.55369,2618.26052,80.45417,98.53901,92.72839
2010-07-27,1058.91357,3850.37862,2614.74619,80.04607,98.03918,92.25803
2010-07-28,1051.45086,3823.50608,2596.44378,79.29568,97.1268,91.39756
2010-07-29,1046.69081,3806.79478,2584.97595,78.51442,96.18497,90.5071
2010-07-30,1047.14195,3808.43557,2586.09011,78.89192,96.64743,90.94226
2010-08-02,1070.05657,3891.81109,2642.69842,79.65534,97.58355,91.82287
2010-08-03,1064.88407,3873.04626,2629.94663,79.05445,96.84862,91.13098
2010-08-04,1071.72858,3899.2309,2647.46406,80.03169,98.07829,92.27889
2010-08-05,1070.46888,3894.79295,2644.42125,79.86775,97.88102,92.09226
2010-08-06,1066.74483,3881.67668,2635.42753,78.77256,96.5496,90.83654
2010-08-09,1072.50246,3902.70445,2649.68848,79.47876,97.41709,91.65216
2010-08-10,1065.80871,3878.43498,2633.19307,79.93322,97.97636,92.1777
2010-08-11,1035.85736,3771.26626,2560.06149,78.81611,96.6538,90.92023
2010-08-12,1030.47091,3752.11316,2546.96657,78.74505,96.57844,90.84602
2010-08-13,1026.4132,3737.4751,2537.00229,78.9482,96.83114,91.08272
2010-08-16,1026.57807,3738.29533,2537.51428,78.44452,96.21903,90.50535
2010-08-17,1039.32107,3785.75388,2569.51619,79.26399,97.25127,91.46873
2010-08-18,1040.83698,3791.80992,2573.52264,79.47841,97.52809,91.72539
2010-08-19,1023.47066,3728.59568,2530.61176,78.07942,95.81273,90.11183
2010-08-20,1019.86084,3715.45308,2521.69014,78.91109,96.83351,91.07181
2010-08-23,1015.68178,3700.29028,2511.38648,78.76781,96.6593,90.90751
2010-08-24,1000.88804,3646.43902,2474.82854,77.45835,95.05357,89.39701
2010-08-25,1004.27093,3659.16889,2483.38575,78.06484,95.80843,90.10395
2010-08-26,996.49232,3630.91202,2464.19115,76.78217,94.23645,88.62494
2010-08-27,1012.89439,3691.63364,2505.20727,78.16565,95.9593,90.23822
2010-08-30,998.1919,3638.78252,2469.2158,77.22534,94.82408,89.16614
2010-08-31,998.27793,3639.26768,2469.5101,77.09527,94.66883,89.01889
2010-09-01,1027.77082,3747.18788,2542.65992,78.68881,96.63599,90.86573
2010-09-02,1037.27433,3782.14267,2566.31544,79.3669,97.47661,91.6539
2010-09-03,1050.88554,3831.89003,2600.04678,80.19269,98.49385,92.60952
2010-09-06,1050.88554,3831.89003,2600.04678,80.08995,98.36766,92.49087
2010-09-07,1038.88345,3788.34163,2570.45412,80.12399,98.41507,92.53387
2010-09-08,1045.49854,3813.30815,2587.22248,80.51714,98.91987,93.00232
2010-09-09,1050.39391,3831.18899,2599.34889,80.9386,99.43832,93.48957
2010-09-10,1055.57218,3850.16244,2612.20482,81.41431,100.02501,94.04055
2010-09-13,1067.39155,3894.58275,2642.08082,81.40795,100.05084,94.05552
2010-09-14,1066.82071,3892.53359,2640.68383,80.69351,99.17364,93.23064
2010-09-15,1070.64115,3906.55306,2650.17836,80.65307,99.12597,93.18526
2010-09-16,1070.40895,3906.30098,2649.88623,80.19244,98.57485,92.66294
2010-09-17,1071.47342,3910.19889,2652.52772,80.61677,99.09679,93.15347
2010-09-20,1087.65577,3969.35987,2692.63874,81.5904,100.29628,94.28027
2010-09-21,1084.85521,3959.2143,2685.74117,81.08287,99.67427,93.69504
2010-09-22,1079.82897,3941.35411,2673.52734,79.02825,97.16046,91.32867
2010-09-23,1071.26918,3910.11908,2652.33813,78.86339,96.95798,91.13829
2010-09-24,1093.73157,3992.11074,2707.9544,79.6626,97.94066,92.06195
2010-09-27,1087.65493,3969.96736,2692.92658,79.25235,97.43717,91.58844
2010-09-28,1093.15328,3990.72446,2706.86962,79.20904,97.40071,91.54953
2010-09-29,1090.76305,3982.43067,2701.1561,78.72781,96.81947,91.00024
2010-09-30,1087.33796,3970.138,2692.77762,78.17592,96.1459,90.36579
2010-10-01,1092.17221,3987.90267,2704.80353,77.98368,95.91221,90.14537
2010-10-04,1083.40541,3956.1376,2683.20883,77.72523,95.60027,89.85052
2010-10-05,1105.71829,4037.62121,2738.47293,78.42036,96.45542,90.65419
2010-10-06,1104.56981,4035.37694,2736.55411,78.0569,96.05478,90.26456
2010-10-07,1102.93505,4029.43081,2732.51647,77.65623,95.56235,89.80164
2010-10-08,1109.80115,4054.53242,2749.53536,78.18453,96.21287,90.41284
2010-10-11,1110.05643,4055.46506,2750.16783,78.41922,96.50167,90.68423
2010-10-12,1114.37924,4071.25796,2760.8776,79.06318,97.29412,91.42891
2010-10-13,1122.27212,4100.62431,2780.69127,78.90453,97.11146,91.25394
2010-10-14,1118.14659,4085.55021,2770.46931,77.92235,95.90264,90.11804
2010-10-15,1120.81418,4095.29721,2777.07888,78.5152,96.63229,90.80368
2010-10-18,1128.5166,4123.49923,2796.19118,79.30664,97.60774,91.7199
2010-10-19,1110.39566,4057.28692,2751.29187,79.03764,97.27666,91.4088
2010-10-20,1122.17954,4100.92464,2780.76501,78.85283,97.06295,91.2041
2010-10-21,1124.20953,4108.56323,2785.89983,78.80648,97.01109,91.1539
2010-10-22,1126.93316,4118.51705,2792.64922,79.43708,97.78736,91.88331
2010-10-25,1129.60635,4128.3151,2799.2872,79.31792,97.64134,91.74591
2010-10-26,1130.11888,4130.1882,2800.5573,79.98331,98.46045,92.51557
2010-10-27,1127.53122,4121.22993,2794.38151,80.3185,98.88504,92.91115
2010-10-28,1128.91654,4126.65018,2797.98412,79.71428,98.14964,92.21778
2010-10-29,1128.87109,4126.48406,2797.87148,79.71968,98.15628,92.22402
2010-11-01,1129.99606,4130.59627,2800.65968,79.86233,98.33192,92.38905
2010-11-02,1138.79616,4162.78798,2822.48172,79.69524,98.12675,92.19612
2010-11-03,1142.68548,4177.69902,2832.45066,80.03304,98.55905,92.59768
2010-11-04,1164.56254,4258.4193,2887.02855,80.35826,98.97668,92.98522
2010-11-05,1168.86073,4274.38054,2897.79993,81.76133,100.71057,94.61253
2010-11-08,1166.80465,4267.43449,2892.97438,82.38961,101.4981,95.34853
2010-11-09,1157.78973,4235.7983,2871.25618,81.68254,100.65876,94.55111
2010-11-10,1163.07896,4255.92075,2884.73934,83.33759,102.71692,96.47914
2010-11-11,1158.36881,4238.68544,2873.05693,83.17618,102.51798,96.29228
2010-11-12,1144.38833,4187.73756,2838.48099,81.97442,101.04181,94.90433
2010-11-15,1143.16727,4183.52511,2835.57374,82.53446,101.73834,95.5568
2010-11-16,1124.50862,4116.37474,2789.83158,81.43293,100.40813,94.29971
2010-11-17,1125.12028,4119.27094,2791.67002,81.55243,100.57153,94.44895
2010-11-18,1142.32207,4182.29189,2834.37139,82.43099,101.656,95.46712
2010-11-19,1145.56751,4194.39427,2842.52851,82.30515,101.50614,95.32489
2010-11-22,1144.17702,4189.51022,2839.1765,82.52238,101.77908,95.57978
2010-11-23,1127.77257,4129.61173,2798.54993,82.40187,101.63458,95.44292
2010-11-24,1144.72853,4191.89576,2840.71871,83.8937,103.47944,97.17403
2010-11-25,1144.72853,4191.89576,2840.71871,84.02231,103.63807,97.323
2010-11-26,1136.21047,4161.6758,2820.04301,84.38785,104.11328,97.76243
2010-11-29,1134.61806,4156.95041,2816.63953,85.09051,105.00815,98.59567
2010-11-30,1127.5004,4131.08386,2799.0702,85.01467,104.9199,98.5113
2010-12-01,1151.80024,4220.74691,2859.6945,86.5444,106.82376,100.29437
2010-12-02,1166.28585,4273.91381,2895.69961,86.92415,107.29462,100.73585
2010-12-03,1169.58092,4286.21528,2903.98727,85.78231,105.89079,99.41623
2010-12-06,1168.29801,4281.65877,2900.87067,86.30735,106.54251,100.02709
2010-12-07,1168.80849,4283.62367,2902.1828,85.96977,106.12812,99.63738
2010-12-08,1172.58984,4298.56698,2912.08649,87.09638,107.54604,100.96094
2010-12-09,1176.83153,4314.49952,2922.80222,87.66021,108.25185,101.62083
2010-12-10,1183.87082,4340.34084,2940.30178,87.89107,108.53779,101.88904
2010-12-13,1183.87107,4341.02789,2940.63153,86.79799,107.20488,100.63313
2010-12-14,1185.09368,4345.53637,2943.68043,86.9136,107.34829,100.76757
2010-12-15,1179.02254,4323.38812,2928.65406,86.8219,107.23786,100.66311
2010-12-16,1186.3786,4350.90705,2947.18461,88.25414,109.02054,102.33266
2010-12-17,1187.86448,4356.38596,2950.88985,88.66371,109.52722,102.80804
2010-12-20,1190.92951,4367.72453,2958.55038,89.22836,110.22721,103.4644
2010-12-21,1197.98995,4394.24741,2976.38832,89.53182,110.61792,103.82668
2010-12-22,1201.85615,4409.04995,2986.2884,90.07109,111.29987,104.46234
2010-12-23,1199.95589,4402.52386,2981.77778,90.12824,111.38175,104.53603
2010-12-24,1199.95589,4402.52386,2981.77778,89.77445,110.94453,104.12568
2010-12-27,1200.51746,4404.59867,2983.18009,89.60473,110.73516,103.92907
2010-12-28,1201.30896,4407.58994,2985.1883,89.79013,110.96647,104.14555
2010-12-29,1202.95288,4414.39135,2989.64142,89.8822,111.09963,104.26518
2010-12-30,1201.29418,4408.43335,2985.5802,88.77499,109.73427,102.9829
2010-12-31,1200.99595,4407.35854,2984.84831,87.86975,108.61579,101.9331
2011-01-03,1214.40708,4456.74019,3018.25789,89.20672,110.27252,103.48674
2011-01-04,1212.58815,4450.14283,3013.7741,89.37074,110.47721,103.67829
2011-01-05,1218.4949,4472.37163,3028.71612,90.98805,112.49035,105.56364
2011-01-06,1216.01526,4464.90378,3023.327,91.56217,113.24157,106.25693
2011-01-07,1214.06888,4457.76057,3018.48941,91.78881,113.52196,106.52
2011-01-10,1212.62193,4452.44774,3014.89192,91.98408,113.76346,106.74661
2011-01-11,1217.42127,4470.06972,3026.82432,92.39455,114.27112,107.22296
2011-01-12,1228.17968,4510.03974,3053.79425,92.29403,114.15864,107.11408
2011-01-13,1226.24323,4502.93171,3048.98074,90.26193,111.64521,104.75573
2011-01-14,1235.19112,4535.92079,3071.29133,90.73345,112.23168,105.3051
2011-01-17,1235.19112,4535.92079,3071.29133,91.23874,112.85669,105.89153
2011-01-18,1237.22263,4543.48341,3076.39121,90.68586,112.17534,105.25153
2011-01-19,1224.33705,4496.75873,3044.63301,89.06298,110.18248,103.37756
2011-01-20,1222.53899,4490.16104,3040.16462,89.46927,110.68527,103.84926
2011-01-21,1225.22047,4500.1047,3046.87789,88.52691,109.52176,102.75696
2011-01-24,1232.4069,4526.49969,3064.7491,88.45686,109.4351,102.67564
2011-01-25,1232.91545,4528.48914,3066.0714,88.50631,109.49921,102.73497
2011-01-26,1238.60835,4549.51669,3080.28448,88.79159,109.855,103.06798
2011-01-27,1241.24785,4559.49167,3086.98378,88.72485,109.77916,102.99502
2011-01-28,1219.25985,4478.8347,3032.35262,87.83437,108.68009,101.9631
2011-01-31,1228.5689,4513.0306,3055.50463,87.95627,108.83092,102.10461
2011-02-01,1248.96724,4587.99367,3106.25122,88.88501,109.98084,103.18324
2011-02-02,1245.68727,4576.73391,3098.46768,88.54245,109.57586,102.79798
2011-02-03,1248.44934,4587.56979,3105.6639,89.89757,111.26958,104.38223
2011-02-04,1251.82975,4600.04437,3114.09813,90.65307,112.20598,105.26031
2011-02-07,1259.59043,4628.62637,3133.43429,91.28916,112.99487,105.99993
2011-02-08,1264.88846,4649.4369,3147.24986,90.80817,112.43196,105.46273
2011-02-09,1261.37905,4637.07287,3138.77172,90.32499,111.84665,104.91007
2011-02-10,1262.46428,4641.42015,3141.64169,91.10726,112.824,105.82436
2011-02-11,1269.56254,4668.13765,3159.5999,91.95757,113.89214,106.82197
2011-02-14,1272.8653,4681.20644,3168.28561,92.81322,114.97461,107.8318
2011-02-15,1268.43155,4665.45021,3157.51002,92.13061,114.14245,107.04755
2011-02-16,1276.48548,4695.88493,3177.95179,92.68815,114.85305,107.7087
2011-02-17,1280.52264,4711.16292,3188.20466,92.56018,114.70485,107.5668
2011-02-18,1282.79783,4719.55235,3193.88207,92.33027,114.42039,107.30004
2011-02-21,1282.79783,4719.55235,3193.88207,92.10738,114.14418,107.04101
2011-02-22,1256.21448,4621.80848,3127.72345,90.03728,111.58022,104.63621
2011-02-23,1248.10075,4592.17113,3107.62341,89.01697,110.32095,103.45386
2011-02-24,1246.90572,4588.83203,3105.15023,88.74795,110.0129,103.15789
2011-02-25,1260.49458,4640.01721,3139.5473,89.99575,111.58796,104.62685
2011-02-28,1267.03046,4664.33694,3155.94974,90.03994,111.64899,104.68232
2011-03-01,1247.02297,4590.69619,3106.12082,88.5092,109.75119,102.90285
2011-03-02,1249.06767,4598.96385,3111.56452,88.32858,109.54486,102.70443
2011-03-03,1270.72335,4678.92197,3165.61713,89.47641,110.9737,104.04256
2011-03-04,1261.38022,4644.5611,3142.36031,88.49791,109.76109,102.90539
2011-03-07,1250.727,4605.50105,3115.90175,87.60021,108.65163,101.86418
2011-03-08,1261.54379,4646.1864,3143.2543,89.08888,110.51839,103.6086
2011-03-09,1259.70817,4640.08306,3138.99244,88.81867,110.19878,103.30461
2011-03-10,1235.77029,4551.92469,3079.35055,87.90121,109.06086,102.23777
2011-03-11,1244.41582,4585.0934,3101.52357,88.25714,109.53408,102.67259
2011-03-14,1237.16778,4558.58611,3083.55282,86.89235,107.84495,101.08796
2011-03-15,1223.51403,4508.3159,3049.54061,85.97644,106.70913,100.02304
2011-03-16,1200.12492,4422.2784,2991.31432,84.61761,105.02607,98.4445
2011-03-17,1215.86714,4480.41139,3030.61173,85.11613,105.64778,99.02644
2011-03-18,1221.04981,4499.50928,3043.52981,84.77155,105.22008,98.62555
2011-03-21,1239.24366,4566.58372,3088.89359,85.75262,106.43853,99.76743
2011-03-22,1234.77977,4550.6788,3078.02483,85.2814,105.8663,99.2275
2011-03-23,1238.35438,4563.8981,3086.957,86.06119,106.83537,100.13551
2011-03-24,1250.09994,4607.323,3116.30116,86.40943,107.27086,100.54279
2011-03-25,1254.34767,4622.97827,3126.89008,87.04632,108.06152,101.28385
2011-03-28,1250.80848,4609.93436,3118.06743,87.03455,108.0469,101.27015
2011-03-29,1259.73025,4643.91771,3140.83271,87.88899,109.13353,102.28145
2011-03-30,1268.53039,4676.89683,3163.02701,88.33657,109.70191,102.81055
2011-03-31,1266.6297,4669.88924,3158.28772,87.60752,108.79653,101.96205
2011-04-01,1273.31251,4694.561,3174.96672,88.3499,109.71924,102.82658
2011-04-04,1273.81647,4696.97612,3176.48706,87.83536,109.09318,102.23621
2011-04-05,1273.68958,4696.55725,3176.19633,88.00281,109.30229,102.43194
2011-04-06,1276.26288,4707.93064,3183.50557,87.31398,108.49018,101.65866
2011-04-07,1274.30035,4700.86989,3178.69484,87.52439,108.75576,101.90635
2011-04-08,1269.28319,4682.36713,3166.18229,86.30709,107.24329,100.4891
2011-04-11,1265.73831,4669.37995,3157.38224,85.96184,106.81634,100.08847
2011-04-12,1255.76158,4632.61644,3132.5148,85.03422,105.66462,99.00902
2011-04-13,1256.51583,4635.96032,3134.66919,85.03836,105.68256,99.02246
2011-04-14,1256.60118,4636.3466,3134.9159,85.29998,106.00933,99.32818
2011-04-15,1261.7105,4655.19792,3147.66243,85.89333,106.74673,100.01911
2011-04-18,1247.78053,4603.8585,3112.93726,86.21875,107.15247,100.39891
2011-04-19,1254.86268,4630.10053,3130.65842,86.05084,106.94637,100.20507
2011-04-20,1272.06623,4693.69942,3173.63618,86.04628,106.94349,100.20159
2011-04-21,1278.77229,4718.54777,3190.41621,86.1437,107.06693,100.31658
2011-04-22,1278.77229,4718.54777,3190.41621,86.1437,107.06693,100.31658
2011-04-25,1276.67223,4710.82732,3185.19028,86.06425,106.96884,100.22449
2011-04-26,1288.1192,4753.06578,3213.7495,86.44407,107.44092,100.66681
2011-04-27,1296.2583,4783.92433,3234.456,86.89522,108.0203,101.2047
2011-04-28,1300.82681,4801.15293,3246.03187,86.13668,107.08556,100.3267
2011-04-29,1303.97351,4812.78618,3253.89313,86.26938,107.25096,100.48155
2011-05-02,1301.90688,4805.15855,3248.73614,85.81164,106.6819,99.9484
2011-05-03,1296.90984,4786.75471,3236.28647,85.77315,106.63493,99.90418
2011-05-04,1287.96945,4754.57792,3214.36543,84.94433,105.62277,98.95078
2011-05-05,1276.50317,4712.46864,3185.81992,85.74368,106.62165,99.88414
2011-05-06,1281.5232,4731.5805,3198.6228,86.70988,107.83632,101.01834
2011-05-09,1287.62959,4754.17557,3213.88742,88.59179,110.17789,103.21155
2011-05-10,1298.07421,4792.82895,3239.99941,88.7505,110.37734,103.39781
2011-05-11,1283.68915,4742.41307,3205.37072,88.13534,109.67466,102.72203
2011-05-12,1289.83421,4765.59067,3220.9399,89.1842,110.99093,103.95174
2011-05-13,1279.39099,4727.17844,3194.94306,88.40296,110.02268,103.04377
2011-05-16,1271.19718,4697.21876,3174.63036,87.64551,109.08732,102.16568
2011-05-17,1270.54244,4695.97557,3173.55407,88.02392,109.58575,102.62485
2011-05-18,1281.96861,4739.01089,3202.48773,88.29824,109.94591,102.95732
2011-05-19,1284.73006,4749.58575,3209.55958,88.48223,110.18351,103.17743
2011-05-20,1275.2066,4714.41301,3185.7843,88.44069,110.13261,103.12953
2011-05-23,1259.77158,4657.41583,3147.25488,88.18335,109.8137,102.83047
2011-05-24,1258.61505,4653.17545,3144.38227,87.59327,109.07971,102.14292
2011-05-25,1262.97761,4669.61198,3155.42684,88.10616,109.72565,102.74575
2011-05-26,1268.2476,4690.20417,3169.11842,88.28869,109.97893,102.97566
2011-05-27,1273.62463,4711.03913,3183.03762,87.66509,109.22414,102.26384
2011-05-30,1273.62463,4711.03913,3183.03762,87.60058,109.14378,102.1886
2011-05-31,1287.00861,4760.61701,3216.52066,87.87152,109.48299,102.50573
2011-06-01,1257.93343,4653.56372,3144.08951,85.59167,106.65378,99.85363
2011-06-02,1256.51844,4648.58426,3140.67352,85.40955,106.43267,99.64499
2011-06-03,1244.20998,4603.24805,3110.003,83.83844,104.47939,97.815
2011-06-06,1230.60365,4552.99538,3076.0341,82.71435,103.08052,96.5048
2011-06-07,1229.63841,4549.6029,3073.70589,82.20196,102.44599,95.90962
2011-06-08,1224.33125,4530.96139,3060.9101,82.27022,102.55357,96.00401
2011-06-09,1233.17643,4563.69989,3083.02581,83.43578,104.00661,97.36422
2011-06-10,1215.81733,4499.5382,3039.66484,83.10916,103.6013,96.98428
2011-06-13,1216.18534,4502.34477,3041.26877,83.036,103.54333,96.92071
2011-06-14,1231.56734,4559.54005,3079.85253,83.49382,104.11994,97.45883
2011-06-15,1210.08109,4480.17815,3026.21052,83.11063,103.64638,97.01444
2011-06-16,1211.42765,4485.91883,3029.93512,84.07975,104.8726,98.15724
2011-06-17,1214.70684,4498.07681,3038.14395,83.33213,103.94045,97.28468
2011-06-20,1221.26863,4522.40631,3054.57057,83.75594,104.46979,97.77992
2011-06-21,1238.2192,4585.68458,3097.20736,84.55803,105.48197,98.72399
2011-06-22,1230.56266,4557.52496,3078.14842,83.68002,104.39118,97.70183
2011-06-23,1227.52958,4546.29164,3070.56144,85.15817,106.23518,99.42767
2011-06-24,1213.31705,4493.65396,3035.01,84.07414,104.88286,98.162
2011-06-27,1224.28775,4534.28516,3062.45227,84.14231,104.96789,98.24158
2011-06-28,1240.29943,4594.71627,3103.05027,84.75906,105.7633,98.9791
2011-06-29,1250.62119,4633.5447,3129.15333,85.26851,106.41258,99.58292
2011-06-30,1263.12509,4679.89669,3160.45095,85.51219,106.71726,99.86788
2011-07-01,1281.28277,4747.76023,3206.16155,86.83727,108.38438,101.42423
2011-07-04,1281.28277,4747.76023,3206.16155,86.66075,108.16406,101.21805
2011-07-05,1280.06841,4743.40373,3203.19057,86.86594,108.42343,101.45985
2011-07-06,1281.38006,4749.96184,3207.2753,87.9153,109.77245,102.71121
2011-07-07,1294.71498,4799.64424,3240.77106,88.45613,110.45351,103.34684
2011-07-08,1285.96351,4767.20161,3218.86545,88.5237,110.53788,103.42579
2011-07-11,1262.35373,4679.76798,3159.81104,88.56622,110.59311,103.47686
2011-07-12,1256.71668,4658.89191,3145.71103,88.19909,110.13519,103.04826
2011-07-13,1260.74521,4674.26935,3156.00425,87.38217,109.12542,102.10057
2011-07-14,1251.96282,4641.78028,3134.05347,86.81024,108.41287,101.43341
2011-07-15,1259.62704,4670.19614,3153.23939,87.53956,109.32368,102.28559
2011-07-18,1249.03187,4631.09353,3126.80149,87.40976,109.16582,102.1367
2011-07-19,1269.54307,4707.14385,3178.14881,87.81212,109.66833,102.60686
2011-07-20,1268.79461,4705.00845,3176.57747,87.72326,109.57225,102.51278
2011-07-21,1285.63755,4767.82432,3218.91497,87.75654,109.62205,102.55706
2011-07-22,1287.16504,4773.59577,3222.78985,87.94643,109.86171,102.78059
2011-07-25,1279.72508,4746.0346,3204.1763,87.61496,109.44835,102.39367
2011-07-26,1274.79319,4727.75908,3191.83494,86.37956,107.90543,100.95011
2011-07-27,1248.57237,4630.76249,3126.30886,85.2028,106.44111,99.57886
2011-07-28,1244.77002,4617.09408,3116.99567,85.43933,106.74662,99.86194
2011-07-29,1237.12556,4588.7436,3097.85542,84.50098,105.57437,98.76526
2011-08-01,1232.07811,4570.02158,3085.21621,85.15772,106.39489,99.53287
2011-08-02,1200.19567,4451.77702,3005.38667,82.85492,103.51812,96.84154
2011-08-03,1206.21026,4475.67429,3021.20013,82.83898,103.53494,96.84704
2011-08-04,1147.69814,4258.74417,2874.73587,79.57498,99.45969,93.03404
2011-08-05,1146.17816,4253.15502,2870.95275,79.26522,99.07372,92.67267
2011-08-08,1069.11568,3967.79076,2678.20676,73.95933,92.45571,86.47836
2011-08-09,1120.42726,4158.31276,2806.78835,77.33183,96.67373,90.4231
2011-08-10,1072.24812,3981.16276,2686.87952,74.2074,92.80654,86.79511
2011-08-11,1121.95643,4166.44808,2811.78192,77.17688,96.53702,90.27925
2011-08-12,1128.02358,4189.05498,2827.02579,77.88625,97.42611,91.1103
2011-08-15,1152.75721,4281.25894,2889.18132,78.32673,97.98518,91.63092
2011-08-16,1141.37622,4239.73048,2861.00633,77.80658,97.35146,91.03354
2011-08-17,1142.00885,4243.25311,2863.14894,77.55346,97.06158,90.75504
2011-08-18,1090.68542,4052.76258,2734.57718,74.77689,93.59136,87.50909
2011-08-19,1074.06277,3991.02056,2692.9122,73.11632,91.51354,85.56614
2011-08-22,1074.15928,3991.37917,2693.15417,73.31102,91.75722,85.79399
2011-08-23,1111.08541,4128.62633,2785.75332,75.78115,94.84972,88.68528
2011-08-24,1125.58658,4183.06149,2822.37717,76.6743,95.98025,89.73897
2011-08-25,1107.75219,4116.86939,2777.69881,75.75912,94.83663,88.66916
2011-08-26,1125.11818,4182.00189,2821.52437,76.90659,96.28671,90.0211
2011-08-29,1157.21348,4301.84088,2902.27103,78.14536,97.84999,91.47929
2011-08-30,1160.14949,4313.77041,2910.14572,78.89456,98.81135,92.37255
2011-08-31,1165.70952,4334.93223,2924.32309,79.46811,99.54091,93.05143
2011-09-01,1151.91274,4283.98276,2889.88065,79.34037,99.38917,92.90726
2011-09-02,1122.73056,4175.63696,2816.75588,77.55897,97.16189,90.82404
2011-09-05,1122.73056,4175.63696,2816.75588,78.08933,97.8263,91.44511
2011-09-06,1114.66293,4145.73373,2796.56349,77.9591,97.66555,91.29417
2011-09-07,1146.84794,4266.39553,2877.76395,80.19868,100.49379,93.93159
2011-09-08,1134.83016,4221.82027,2847.67036,79.53962,99.67107,93.16171
2011-09-09,1104.60074,4109.42104,2771.84435,79.06667,99.07988,92.60876
2011-09-12,1112.13553,4137.73486,2790.88517,80.20848,100.51756,93.95062
2011-09-13,1122.49506,4177.66523,2817.53859,80.55019,100.97933,94.37286
2011-09-14,1137.81865,4234.74791,2856.02631,81.68863,102.40776,95.70748
2011-09-15,1157.04476,4307.03735,2904.63358,82.00131,102.81726,96.08533
2011-09-16,1163.31328,4330.44405,2920.40421,82.83434,103.86348,97.06257
2011-09-19,1152.20602,4289.12991,2892.53579,83.07704,104.1686,97.34749
2011-09-20,1149.8013,4280.32555,2886.56844,82.3111,103.21175,96.4523
2011-09-21,1116.31584,4155.80663,2802.56773,80.03071,100.3556,93.78228
2011-09-22,1080.15339,4021.20051,2711.78903,78.7379,98.73493,92.26764
2011-09-23,1086.70768,4046.11724,2728.48773,78.90217,98.95356,92.4684
2011-09-26,1111.14013,4137.08609,2789.83231,80.9576,101.53133,94.87723
2011-09-27,1123.28542,4182.34738,2820.34585,80.86111,101.41132,94.7648
2011-09-28,1099.69585,4095.70376,2761.68788,79.36088,99.55869,93.02584
2011-09-29,1107.78395,4126.03253,2782.09882,79.66634,99.94687,93.38723
2011-09-30,1080.15514,4023.14659,2712.72094,79.01971,99.13612,92.62955
2011-10-03,1048.69773,3906.18174,2633.81331,77.5449,97.29087,90.90401
2011-10-04,1072.45408,3995.18273,2693.71996,79.27765,99.47763,92.94363
2011-10-05,1091.90217,4069.6084,2743.50113,80.52426,101.09097,94.43723
2011-10-06,1112.32681,4146.11135,2794.99854,81.45522,102.26905,95.53516
2011-10-07,1103.10909,4111.8615,2771.88791,80.25034,100.75894,94.12374
2011-10-10,1140.68948,4251.94319,2866.31977,81.9937,102.94783,96.16849
2011-10-11,1141.31841,4254.35846,2867.93643,82.14719,103.14227,96.34974
2011-10-12,1152.36833,4296.18998,2896.01704,81.9866,102.95602,96.17181
2011-10-13,1149.47533,4285.7611,2888.91492,82.32079,103.38429,96.56944
2011-10-14,1169.66946,4361.05389,2939.66774,82.80337,103.99035,97.13555
2011-10-17,1146.83988,4276.07277,2882.35641,81.78297,102.71217,95.9407
2011-10-18,1170.14046,4362.95059,2940.91782,83.9324,105.41167,98.46223
2011-10-19,1155.14243,4307.68938,2903.53464,82.14824,103.18672,96.37954
2011-10-20,1160.11194,4326.34348,2916.08347,83.12803,104.42039,97.53099
2011-10-21,1182.18167,4408.75361,2971.60877,83.49342,104.88192,97.96136
2011-10-24,1198.29565,4468.8929,3012.13507,84.71379,106.41597,99.39389
2011-10-25,1174.17765,4378.94784,2951.51006,82.8834,104.11666,97.24631
2011-10-26,1186.29594,4424.19897,2982.00764,84.25385,105.83957,98.85544
2011-10-27,1226.64948,4574.96746,3083.57371,85.13321,106.95061,99.89138
2011-10-28,1227.24308,4577.32307,3085.13277,84.97313,106.75281,99.7057
2011-10-31,1197.16497,4465.15415,3009.52741,84.24552,105.83906,98.85217
2011-11-01,1163.83637,4340.88956,2925.76587,83.52906,104.94001,98.01224
2011-11-02,1182.32628,4410.19936,2972.41083,84.08752,105.64991,98.67295
2011-11-03,1204.45112,4493.6257,3028.46024,86.02256,108.10277,100.95787
2011-11-04,1197.64884,4468.30023,3011.38157,85.43727,107.36851,100.27179
2011-11-07,1204.92574,4495.77559,3029.83249,86.00639,108.09157,100.94485
2011-11-08,1218.82743,4550.30832,3066.04521,86.64582,108.95896,101.73704
2011-11-09,1173.96335,4383.19797,2953.36711,84.81714,106.66868,99.59594
2011-11-10,1183.57028,4419.63137,2977.80162,85.50179,107.54344,100.40886
2011-11-11,1206.67687,4505.91487,3035.93659,86.23172,108.46154,101.26605
2011-11-14,1195.40084,4464.36609,3007.82968,86.06506,108.26544,101.07917
2011-11-15,1201.23733,4486.95624,3022.85789,87.18876,109.69839,102.41051
2011-11-16,1181.44196,4414.26871,2973.64504,85.7076,107.86547,100.69112
2011-11-17,1161.34428,4339.26042,2923.09929,84.34936,106.15813,99.09677
2011-11-18,1160.62315,4336.83923,2921.41306,84.24088,106.02829,98.97369
2011-11-21,1139.1347,4256.9121,2867.49767,83.02193,104.5031,97.54745
2011-11-22,1134.46348,4239.82503,2855.87285,82.513,103.87153,96.95402
2011-11-23,1109.3376,4146.07005,2792.69124,81.55271,102.66633,95.82806
2011-11-24,1109.3376,4146.07005,2792.69124,81.73023,102.88981,96.03666
2011-11-25,1106.39888,4135.75443,2785.60799,81.84238,103.04763,96.17931
2011-11-28,1138.72483,4257.15324,2867.26465,83.71311,105.41701,98.38697
2011-11-29,1141.25563,4268.05157,2874.33938,84.00297,105.81765,98.75177
2011-11-30,1190.52156,4452.91048,2998.70926,86.80576,109.36339,102.05652
2011-12-01,1188.34593,4444.91486,2993.29613,86.59245,109.09813,101.80801
2011-12-02,1188.27752,4444.8427,2993.21042,86.84212,109.41722,102.10451
2011-12-05,1200.37561,4490.29108,3023.77659,87.48202,110.22823,102.85998
2011-12-06,1201.42418,4494.29857,3026.45807,88.11784,111.03148,103.60895
2011-12-07,1203.53137,4503.44447,3032.3617,88.21966,111.19096,103.74903
2011-12-08,1177.85516,4407.70191,2967.82663,86.8467,109.4688,102.13981
2011-12-09,1197.68508,4481.92313,3017.79881,87.95862,110.87073,103.44778
2011-12-12,1179.87994,4415.51196,2973.03929,87.62792,110.45935,103.06245
2011-12-13,1169.29492,4376.75542,2946.77217,87.6978,110.56907,103.15881
2011-12-14,1155.66842,4326.23291,2912.65904,87.586,110.44042,103.03534
2011-12-15,1159.50101,4341.05933,2922.54626,87.56207,110.42244,103.01522
2011-12-16,1163.69512,4356.84801,2933.15829,87.54539,110.40359,102.99703
2011-12-19,1149.85702,4305.08856,2898.30219,86.69705,109.33502,101.99978
2011-12-20,1184.18819,4434.29178,2985.1512,88.65899,111.82606,104.31902
2011-12-21,1186.40656,4442.70963,2990.79566,89.25056,112.57503,105.01692
2011-12-22,1196.28113,4480.76207,3016.19507,89.87286,113.38717,105.76692
2011-12-23,1206.97499,4520.86346,3043.17962,90.85707,114.63007,106.92596
2011-12-26,1206.97499,4520.86346,3043.17962,90.85707,114.63007,106.92596
2011-12-27,1207.16448,4521.84517,3043.78553,90.68355,114.41804,106.72625
2011-12-28,1191.79588,4465.29474,3005.51758,90.35543,114.03002,106.35716
2011-12-29,1204.55243,4513.23175,3037.75452,91.54884,115.53977,107.7643
2011-12-30,1199.64641,4495.07008,3025.48583,90.70539,114.4809,106.77513
2012-01-02,1199.64641,4495.07008,3025.48583,90.70539,114.4809,106.77513
2012-01-03,1218.11803,4564.40828,3072.12985,91.59753,115.61006,107.82739
2012-01-04,1218.43948,4566.55733,3073.38558,92.64374,116.95473,109.07477
2012-01-05,1222.43934,4581.56468,3083.48252,93.79067,118.40305,110.42539
2012-01-06,1219.5957,4572.56789,3077.09217,94.15392,118.90481,110.88126
2012-01-09,1222.44141,4583.33371,3084.3175,94.1995,118.96487,110.93657
2012-01-10,1233.5366,4624.9935,3112.35212,94.7532,119.66571,111.59011
2012-01-11,1234.1619,4627.79447,3114.14485,95.48498,120.60178,112.45968
2012-01-12,1237.32355,4639.7596,3122.17429,94.90298,119.86952,111.77607
2012-01-13,1231.27614,4617.08639,3106.91638,95.41213,120.51271,112.3758
2012-01-16,1231.27614,4617.08639,3106.91638,95.36695,120.45565,112.32259
2012-01-17,1235.63899,4633.44638,3117.92529,95.22022,120.27032,112.14977
2012-01-18,1249.52889,4686.24707,3153.31128,95.69331,120.88633,112.71903
2012-01-19,1255.73798,4709.65325,3169.03684,95.60192,120.77395,112.61338
2012-01-20,1256.35152,4712.06153,3170.63569,95.44874,120.58317,112.43473
2012-01-23,1257.01214,4714.60632,3172.33448,94.56568,119.46928,111.39563
2012-01-24,1255.90342,4710.57172,3169.59471,94.96631,119.97856,111.86962
2012-01-25,1267.093,4752.61791,3197.87964,95.86412,121.1148,112.92882
2012-01-26,1259.91524,4725.9042,3179.86558,93.99163,118.75434,110.72654
2012-01-27,1258.19103,4719.70733,3175.64134,94.04169,118.82441,110.78996
2012-01-30,1255.12048,4708.32696,3167.95627,93.94096,118.7006,110.67355
2012-01-31,1254.69673,4706.75935,3166.89707,94.07782,118.87409,110.83516
2012-02-01,1266.40391,4751.64729,3196.90356,94.18221,119.0303,110.974
2012-02-02,1268.06327,4758.22682,3201.25891,94.49176,119.4304,111.34454
2012-02-03,1286.61778,4828.47703,3248.39557,96.2397,121.65546,113.41454
2012-02-06,1286.30612,4827.38562,3247.64553,96.5401,122.03717,113.76984
2012-02-07,1288.73482,4836.59238,3253.82084,95.52449,120.75562,112.57447
2012-02-08,1291.44065,4848.40267,3261.43212,95.63838,120.9409,112.73564
2012-02-09,1293.70385,4856.96529,3267.18153,95.44592,120.69915,112.50994
2012-02-10,1284.52639,4822.61053,3244.05155,95.59516,120.89039,112.6875
2012-02-13,1293.19492,4856.26236,3266.46763,96.04003,121.48066,113.23006
2012-02-14,1292.15925,4853.11833,3264.17571,96.58796,122.1925,113.88737
2012-02-15,1285.52855,4829.80484,3248.18022,96.57035,122.21046,113.89307
2012-02-16,1300.06353,4885.01103,3285.18741,97.84195,123.83483,115.40266
2012-02-17,1302.66271,4894.97098,3291.87497,97.13636,122.94665,114.57459
2012-02-20,1302.66271,4894.97098,3291.87497,96.37491,121.98287,113.67644
2012-02-21,1303.20685,4897.12564,3293.30603,96.43334,122.05957,113.74729
2012-02-22,1299.08843,4881.93833,3283.0402,96.2992,121.89699,113.59397
2012-02-23,1304.89943,4904.56737,3298.09826,96.19959,121.79056,113.48929
2012-02-24,1307.09014,4913.41388,3303.92356,95.29463,120.6599,112.4315
2012-02-27,1308.58486,4919.49205,3307.91987,95.88792,121.42245,113.13894
2012-02-28,1312.89997,4936.509,3319.20094,95.99986,121.58378,113.28375
2012-02-29,1306.74309,4914.13599,3304.00111,95.88181,121.45346,113.15697
2012-03-01,1315.11773,4945.97324,3325.33746,96.822,122.65293,114.27212
2012-03-02,1310.91763,4930.37527,3314.8105,97.441,123.44202,115.00591
2012-03-05,1305.52731,4910.36065,3301.30676,96.83867,122.68542,114.29937
2012-03-06,1285.10945,4833.74855,3249.76228,96.17451,121.84863,113.51849
2012-03-07,1294.26479,4869.58021,3273.57074,96.82277,122.7051,114.30657
2012-03-08,1307.20293,4918.76326,3306.5364,96.66709,122.52037,114.13112
2012-03-09,1311.81934,4936.13395,3318.21349,98.14349,124.39162,115.87424
2012-03-12,1311.6498,4935.79245,3317.92413,97.97771,124.18896,115.68337
2012-03-13,1335.31921,5026.54212,3378.59007,99.98164,126.77138,118.07713
2012-03-14,1333.36395,5019.37523,3373.73387,100.47138,127.39725,118.6587
2012-03-15,1341.34877,5049.52768,3393.98387,100.72894,127.72621,118.96451
2012-03-16,1342.89894,5055.41197,3397.92912,100.07586,126.89931,118.194
2012-03-19,1348.11139,5075.10712,3411.15231,99.92564,126.71064,118.01776
2012-03-20,1343.70775,5058.59101,3400.0388,99.7612,126.50368,117.82456
2012-03-21,1341.51022,5050.479,3394.55401,99.82836,126.59287,117.90651
2012-03-22,1331.75274,5013.9892,3369.97892,99.06846,125.63537,117.01299
2012-03-23,1336.03126,5030.09764,3380.80565,98.87343,125.38804,116.78264
2012-03-26,1354.39636,5099.24143,3427.27824,99.75868,126.51069,117.82824
2012-03-27,1350.32517,5084.4462,3417.22675,99.48868,126.1815,117.51795
2012-03-28,1343.31546,5059.41877,3400.14614,99.22173,125.87693,117.22533
2012-03-29,1341.39838,5052.34165,3395.36111,99.16595,125.80973,117.16175
2012-03-30,1346.47859,5071.49979,3408.23133,99.24252,125.90746,117.25261
2012-04-02,1356.68749,5110.26065,3434.22051,100.11526,127.02237,118.28883
2012-04-03,1351.47653,5091.80915,3421.58341,99.44661,126.20318,117.51781
2012-04-04,1337.46856,5039.14382,3386.17111,100.07768,127.00685,118.26539
2012-04-05,1336.70103,5037.97077,3385.03636,100.43755,127.50704,118.71901
2012-04-06,1336.70103,5037.97077,3385.03636,100.43755,127.50704,118.71901
2012-04-09,1321.69141,4981.53016,3347.08744,99.25276,126.00623,117.32072
2012-04-10,1298.79219,4895.24606,3289.10828,97.43995,123.7054,115.1783
2012-04-11,1308.59641,4932.90004,3314.27779,97.8949,124.30065,115.72798
2012-04-12,1326.71156,5001.26393,3360.1941,98.84327,125.50675,116.85036
2012-04-13,1310.49898,4940.23244,3319.17188,98.31824,124.84223,116.23107
2012-04-16,1309.42958,4936.20111,3316.46337,98.39595,124.9409,116.32294
2012-04-17,1329.57987,5012.18131,3367.50803,99.30949,126.10137,117.40324
2012-04-18,1324.42012,4992.74587,3354.44691,99.06356,125.78949,117.11275
2012-04-19,1316.79384,4964.23063,3335.24137,98.3395,124.87598,116.26061
2012-04-20,1318.34169,4970.18143,3339.21617,97.97058,124.41039,115.82634
2012-04-23,1307.16359,4928.13805,3310.9495,97.75791,124.14281,115.57653
2012-04-24,1311.65833,4945.08369,3322.33436,97.51083,123.82903,115.2844
2012-04-25,1330.00826,5014.95308,3369.14606,99.01748,125.7596,117.07724
2012-04-26,1338.96333,5049.02819,3391.97613,99.34133,126.17864,117.4652
2012-04-27,1342.06332,5060.82425,3399.87935,99.34605,126.18728,117.4725
2012-04-30,1336.75352,5040.92834,3386.49034,99.13242,125.91911,117.22206
2012-05-01,1344.0888,5068.60456,3405.08023,99.75554,126.71096,117.95912
2012-05-02,1340.90252,5057.1083,3397.2524,100.07144,127.12528,118.34117
2012-05-03,1329.79536,5016.11694,3369.53709,99.23874,126.09005,117.37126
2012-05-04,1308.25821,4934.99571,3315.02057,97.91811,124.41509,115.81129
2012-05-07,1308.87014,4937.38306,3316.60831,98.45189,125.09532,116.44392
2012-05-08,1303.32977,4917.15764,3302.88634,98.44253,125.10058,116.44402
2012-05-09,1294.66114,4885.83122,3281.56644,98.26796,124.91397,116.26049
2012-05-10,1297.99187,4899.78995,3290.66191,98.30412,124.99537,116.32635
2012-05-11,1293.7669,4884.38521,3280.20929,98.10525,124.75641,116.10018
2012-05-14,1279.23437,4830.01811,3243.59765,97.8042,124.38639,115.75225
2012-05-15,1271.77585,4802.70187,3225.08319,97.71346,124.29286,115.65911
2012-05-16,1266.05909,4782.64565,3211.31249,97.53381,124.10411,115.47259
2012-05-17,1246.27986,4708.47578,3161.41111,96.25939,122.49676,113.97343
2012-05-18,1236.80177,4672.71082,3137.38923,95.4222,121.43251,112.98294
2012-05-21,1257.27311,4750.14181,3189.36063,96.65214,123.00001,114.44073
2012-05-22,1257.74578,4752.02126,3190.60368,96.76427,123.14513,114.57506
2012-05-23,1260.00399,4760.73545,3196.42365,98.28228,125.08178,116.37581
2012-05-24,1261.6811,4767.83241,3201.03551,98.42091,125.2782,116.55299
2012-05-25,1259.14488,4758.26849,3194.61238,98.77652,125.73138,116.97452
2012-05-28,1259.14488,4758.26849,3194.61238,98.57168,125.47065,116.73195
2012-05-29,1273.01092,4811.41627,3230.14533,99.67308,126.89234,118.04917
2012-05-30,1254.5222,4742.95912,3183.92777,99.36288,126.53536,117.7075
2012-05-31,1251.2871,4731.22018,3175.94839,99.33108,126.50802,117.67839
2012-06-01,1219.83693,4612.4891,3096.21005,96.84621,123.34824,114.73777
2012-06-04,1219.69114,4612.04719,3095.89139,95.80399,122.0237,113.50488
2012-06-05,1227.26536,4640.82686,3115.18207,96.64642,123.10038,114.50537
2012-06-06,1255.52082,4748.88183,3187.47119,98.60255,125.62391,116.84378
2012-06-07,1254.81804,4746.45266,3185.7946,98.03748,124.91001,116.1781
2012-06-08,1264.94918,4784.88407,3211.56751,99.59003,126.89103,118.01982
2012-06-11,1248.56935,4723.14706,3170.08544,97.95472,124.81331,116.08572
2012-06-12,1263.0883,4778.1628,3206.99226,99.52335,126.81451,117.94629
2012-06-13,1253.83971,4744.91095,3184.32637,97.87534,124.7602,116.02297
2012-06-14,1267.03482,4794.94045,3217.88609,98.72869,125.85046,117.03631
2012-06-15,1280.18522,4844.72893,3251.29465,99.5282,126.87018,117.98445
2012-06-18,1282.54222,4853.76508,3257.33539,100.0721,127.56656,118.63121
2012-06-19,1295.16711,4901.78737,3289.51615,100.28389,127.84289,118.88649
2012-06-20,1293.07548,4894.07714,3284.30048,99.91701,127.38054,118.45504
2012-06-21,1263.96985,4784.63096,3210.70999,98.41565,125.48523,116.68731
2012-06-22,1272.97154,4818.71561,3233.58044,99.67397,127.08992,118.17942
2012-06-25,1252.66481,4742.40771,3182.26131,98.52014,125.63359,116.82105
2012-06-26,1258.84947,4765.83426,3197.97857,99.07801,126.34531,117.48275
2012-06-27,1269.76054,4808.43195,3226.30629,100.04908,127.61786,118.65662
2012-06-28,1266.76495,4797.32499,3218.80617,100.05803,127.63559,118.67134
2012-06-29,1298.65504,4918.30209,3299.79792,100.44303,128.1321,119.12652
2012-07-02,1302.03109,4931.36893,3308.50819,101.55642,129.55979,120.45182
2012-07-03,1310.63839,4965.08196,3330.90254,102.04937,130.21787,121.05548
2012-07-04,1310.63839,4965.08196,3330.90254,102.83248,131.21714,121.98445
2012-07-05,1304.83605,4943.14926,3316.17893,103.44392,131.99864,122.7106
2012-07-06,1292.3563,4897.57349,3285.26133,103.0706,131.56799,122.2975
2012-07-09,1290.00603,4888.71962,3279.31158,102.94589,131.41022,122.15045
2012-07-10,1279.36833,4848.42963,3252.28066,102.46353,130.79512,121.57851
2012-07-11,1278.93491,4847.35783,3251.44685,102.47898,130.83025,121.60688
2012-07-12,1272.67811,4823.69475,3235.56415,102.52586,130.89148,121.66341
2012-07-13,1293.44299,4902.49639,3288.40164,103.68805,132.37788,123.04427
2012-07-16,1290.3711,4890.85307,3280.59176,103.4756,132.10664,122.79215
2012-07-17,1299.95024,4927.16059,3304.94541,104.47421,133.38157,123.97719
2012-07-18,1308.63225,4960.79779,3327.36154,104.73034,133.72824,124.29395
2012-07-19,1312.34209,4975.34385,3337.0209,105.05722,134.15865,124.69036
2012-07-20,1299.08589,4925.20143,3303.36678,104.79517,133.82711,124.38136
2012-07-23,1287.38383,4880.94236,3273.66044,104.284,133.17725,123.77655
2012-07-24,1275.64387,4836.43186,3243.80713,103.60662,132.3122,122.97256
2012-07-25,1275.40824,4835.65689,3243.27246,103.25853,131.87089,122.56184
2012-07-26,1296.44235,4915.52346,3296.81827,103.45532,132.12534,122.79756
2012-07-27,1321.33498,5010.22014,3360.28029,104.84506,133.90863,124.45308
2012-07-30,1320.59014,5007.56643,3358.46994,105.87726,135.23156,125.68146
2012-07-31,1314.62519,4984.97801,3343.31429,104.77427,133.82359,124.37268
2012-08-01,1310.49966,4970.12187,3333.19213,104.6026,133.6255,124.18268
2012-08-02,1300.87827,4934.02282,3308.90644,105.0088,134.15501,124.67191
2012-08-03,1325.56817,5028.29155,3372.00041,105.43666,134.71835,125.19077
2012-08-06,1328.79174,5040.62512,3380.25013,105.07149,134.25458,124.75901
2012-08-07,1335.87916,5067.6004,3398.3217,105.57238,134.89698,125.35531
2012-08-08,1336.67571,5072.10362,3401.04348,106.17389,135.70521,126.09533
2012-08-09,1337.30306,5076.63902,3403.65117,106.63795,136.35623,126.6841
2012-08-10,1340.35997,5088.38789,3411.50527,106.83832,136.6163,126.92488
2012-08-13,1338.4754,5082.19382,3407.15931,106.36419,136.03573,126.37832
2012-08-14,1338.37355,5082.66944,3407.30473,106.61505,136.37971,126.69143
2012-08-15,1340.29721,5091.66881,3412.99702,107.11166,137.06056,127.31122
2012-08-16,1349.94352,5128.64482,3437.71909,107.17573,137.15139,127.39323
2012-08-17,1352.49285,5138.35824,3444.22737,107.95445,138.14866,128.31945
2012-08-20,1352.38006,5138.07399,3444.0138,107.56058,137.64849,127.85402
2012-08-21,1347.75688,5120.70884,3432.33393,105.99899,135.65536,126.00123
2012-08-22,1348.06566,5122.18587,3433.26864,106.12957,135.83054,126.16191
2012-08-23,1337.43875,5081.91694,3406.25536,104.32645,133.52569,124.02032
2012-08-24,1345.84111,5114.57479,3427.99792,105.53543,135.09235,125.47007
2012-08-27,1345.12218,5111.89317,3426.19244,105.48327,135.02691,125.409
2012-08-28,1344.29931,5109.05312,3424.2312,104.99929,134.41494,124.83851
2012-08-29,1345.46171,5114.62892,3427.73597,105.41725,134.98055,125.35533
2012-08-30,1335.11507,5076.012,3401.71678,104.8535,134.2776,124.69742
2012-08-31,1341.92406,5101.98411,3419.10508,104.49363,133.81898,124.2709
2012-09-03,1341.92406,5101.98411,3419.10508,104.67633,134.05295,124.48817
2012-09-04,1340.63681,5097.19149,3415.87289,104.75074,134.15091,124.5784
2012-09-05,1339.27963,5093.26241,3412.99234,104.30426,133.61142,124.06841
2012-09-06,1366.52366,5197.56179,3482.75119,106.15651,136.00218,126.28363
2012-09-07,1372.35103,5219.9935,3497.72835,105.22672,134.81789,125.18204
2012-09-10,1363.80322,5187.77601,3476.08114,104.69399,134.14299,124.55325
2012-09-11,1367.91017,5203.47307,3486.58746,104.5188,133.92044,124.34619
2012-09-12,1370.85961,5216.07903,3494.75668,104.39876,133.8022,124.22655
2012-09-13,1392.74095,5300.0178,3550.85852,105.91312,135.76052,126.03986
2012-09-14,1398.7867,5323.04718,3566.28302,104.42706,133.85623,124.27177
2012-09-17,1393.90195,5304.68868,3553.93708,104.14556,133.5012,123.94054
2012-09-18,1391.94753,5297.40042,3549.02704,104.64876,134.15002,124.54195
2012-09-19,1393.65274,5304.16079,3553.50177,104.76091,134.30065,124.67987
2012-09-20,1392.40797,5300.17922,3550.6824,105.51991,135.29295,125.59572
2012-09-21,1392.44688,5300.38514,3550.80939,105.22227,134.91281,125.24243
2012-09-24,1389.18345,5287.96279,3542.48747,105.57306,135.36258,125.65997
2012-09-25,1374.32421,5231.97214,3504.86363,104.06511,133.44371,123.87458
2012-09-26,1366.48001,5203.17068,3485.37058,104.45831,133.97523,124.36088
2012-09-27,1379.76338,5254.29051,3519.50485,105.29742,135.06534,125.36889
2012-09-28,1373.92487,5232.081,3504.62546,104.82332,134.45784,124.80491
2012-10-01,1377.33962,5245.34737,3513.45896,104.75814,134.38095,124.73167
2012-10-02,1378.7784,5251.14193,3517.27695,104.62435,134.21739,124.57761
2012-10-03,1383.62905,5270.73459,3530.17554,105.26505,135.06798,125.35912
2012-10-04,1393.4518,5308.22122,3555.26921,105.16866,134.94603,125.24546
2012-10-05,1392.9465,5308.01968,3554.78795,104.68778,134.37263,124.70112
2012-10-08,1388.163,5289.81248,3542.59035,105.06032,134.85133,125.14523
2012-10-09,1374.44179,5237.65086,3507.63578,104.61069,134.27742,124.61184
2012-10-10,1365.93217,5205.60305,3486.11059,103.91869,133.39892,123.79434
2012-10-11,1366.52043,5208.686,3488.00621,103.6301,133.04994,123.46451
2012-10-12,1362.4311,5193.20748,3477.62458,103.12875,132.40904,122.8692
2012-10-15,1373.22194,5234.35684,3505.17664,104.19466,133.77803,124.13943
2012-10-16,1387.35618,5288.23281,3541.25457,104.56387,134.25207,124.57932
2012-10-17,1392.97952,5310.26738,3555.88998,104.20355,133.80456,124.15986
2012-10-18,1389.87599,5298.69972,3548.0505,104.2017,133.80883,124.16055
2012-10-19,1367.00389,5211.61744,3489.71657,102.96669,132.22581,122.69087
2012-10-22,1367.48762,5213.56492,3490.99986,102.69184,131.87548,122.36507
2012-10-23,1348.03651,5139.40731,3441.29558,102.06277,131.06764,121.61378
2012-10-24,1344.05421,5124.24944,3431.14106,101.72203,130.63069,121.20818
2012-10-25,1347.9272,5139.11687,3441.07573,102.08993,131.10574,121.64824
2012-10-26,1346.67883,5134.36742,3437.89354,102.21623,131.26819,121.7989
2012-10-29,1346.67883,5134.36742,3437.89354,102.42613,131.53775,122.04901
2012-10-30,1346.67883,5134.36742,3437.89354,101.84999,130.79786,121.3625
2012-10-31,1347.36175,5137.66032,3439.93057,102.05892,131.08376,121.62183
2012-11-01,1362.48261,5195.70595,3478.71977,103.37181,132.77993,123.19291
2012-11-02,1349.65676,5146.86864,3446.00671,103.13212,132.47394,122.90848
2012-11-05,1352.37683,5157.87079,3453.20341,103.84119,133.40101,123.76254
2012-11-06,1362.9987,5198.47326,3480.36848,104.50554,134.25684,124.55587
2012-11-07,1330.97748,5080.70867,3400.64874,102.42241,131.69379,122.14654
2012-11-08,1314.69947,5018.60945,3359.07642,101.39235,130.37035,120.91876
2012-11-09,1316.96155,5027.48684,3364.97278,101.71065,130.78593,121.30258
2012-11-12,1317.10971,5028.06602,3365.36043,101.70609,130.78042,121.29746
2012-11-13,1311.70906,5009.00114,3352.28836,101.28906,130.28454,120.82631
2012-11-14,1293.41004,4941.03334,3306.41716,99.73871,128.34,119.00913
2012-11-15,1291.07072,4932.443,3300.58254,99.0641,127.48089,118.2094
2012-11-16,1297.73434,4958.36227,3317.83399,100.25332,129.02324,119.63624
2012-11-19,1323.36822,5056.89856,3383.64908,101.36005,130.46292,120.9669
2012-11-20,1324.34689,5061.03761,3386.34422,101.53405,130.69719,121.18146
2012-11-21,1327.46733,5073.05862,3394.36819,101.64229,130.83899,121.31225
2012-11-22,1327.46733,5073.05862,3394.36819,101.12165,130.16881,120.69086
2012-11-23,1344.63119,5139.31911,3438.569,101.84816,131.12102,121.569
2012-11-26,1341.92299,5129.12413,3431.71849,101.59207,130.7953,121.26598
2012-11-27,1335.16507,5103.75941,3414.6544,101.34623,130.4907,120.98025
2012-11-28,1345.67243,5145.42499,3442.23781,102.31391,131.77508,122.16064
2012-11-29,1351.6299,5169.01924,3457.88713,102.22051,131.67554,122.0636
2012-11-30,1352.17386,5171.12415,3459.29029,102.04542,131.45063,121.85493
2012-12-03,1345.69802,5146.42119,3442.75236,101.04781,130.16714,120.66469
2012-12-04,1343.39454,5137.88551,3436.98741,100.75922,129.8023,120.32456
2012-12-05,1345.70965,5148.45097,3443.72337,101.07575,130.25335,120.73105
2012-12-06,1350.23601,5167.22207,3455.67032,102.05218,131.54867,121.9102
2012-12-07,1354.21557,5182.82681,3466.03095,102.81612,132.54301,122.82901
2012-12-10,1354.79487,5185.28194,3467.58699,102.87601,132.62631,122.90316
2012-12-11,1363.43204,5218.36266,3489.70686,102.95046,132.72287,122.99256
2012-12-12,1363.62829,5220.43571,3490.83727,102.64154,132.35813,122.64557
2012-12-13,1354.91324,5188.61821,3469.24046,101.6154,131.07398,121.44442
2012-12-14,1349.34868,5167.78931,3455.21735,101.0321,130.33369,120.75515
2012-12-17,1365.01296,5227.86093,3495.36558,101.79727,131.32279,121.671
2012-12-18,1380.80765,5288.50942,3535.82693,102.57381,132.32848,122.5997
2012-12-19,1370.89676,5250.79326,3510.54691,101.48044,130.92399,121.29628
2012-12-20,1378.32739,5280.36471,3530.09485,102.20392,131.88512,122.17902
2012-12-21,1365.42979,5231.31623,3497.23171,101.72787,131.27992,121.61583
2012-12-24,1362.19899,5219.72366,3489.32433,101.3295,130.78549,121.15234
2012-12-25,1362.19899,5219.72366,3489.32433,101.3295,130.78549,121.15234
2012-12-26,1355.42213,5193.99478,3472.07696,100.6195,129.87508,120.30732
2012-12-27,1353.89103,5189.06158,3468.59536,100.50204,129.74682,120.18213
2012-12-28,1339.21301,5133.355,3431.24837,99.42374,128.3685,118.9016
2012-12-31,1361.88314,5220.28017,3489.34547,101.39053,130.90857,121.25415
2013-01-01,1361.88314,5220.28017,3489.34547,101.39053,130.90857,121.25415
2013-01-02,1396.30824,5353.19828,3577.99782,103.51766,133.67901,123.8136
2013-01-03,1393.71428,5343.25346,3571.35085,104.46153,134.89789,124.94253
2013-01-04,1400.74015,5370.18944,3589.35446,105.39457,136.10278,126.05849
2013-01-07,1396.37455,5353.46504,3578.1736,104.63296,135.11958,125.14777
2013-01-08,1392.08369,5338.79614,3568.01191,104.57489,135.08967,125.10754
2013-01-09,1396.41444,5355.48292,3579.14837,105.0852,135.75087,125.71933
2013-01-10,1406.6904,5394.89296,3605.48668,104.49257,134.98528,125.01032
2013-01-11,1406.84479,5396.04737,3606.14545,103.47039,133.67875,123.79646
2013-01-14,1405.56606,5391.14272,3602.8677,103.21779,133.3524,123.49424
2013-01-15,1407.29523,5397.79294,3607.30842,103.48413,133.69695,123.81319
2013-01-16,1407.18447,5397.99373,3607.31718,103.87677,134.21977,124.29305
2013-01-17,1415.18976,5428.74015,3627.85707,103.98674,134.36281,124.42527
2013-01-18,1419.91383,5446.96575,3640.01585,104.85587,135.4884,125.46689
2013-01-21,1419.91383,5446.96575,3640.01585,104.6708,135.24927,125.24545
2013-01-22,1426.41948,5472.1478,3656.79891,105.37593,136.166,126.09281
2013-01-23,1428.40548,5479.87621,3661.95064,105.56634,136.41478,126.32275
2013-01-24,1428.79806,5481.5523,3663.03661,104.86107,135.50762,125.48153
2013-01-25,1436.89229,5512.60561,3683.78793,104.66469,135.25384,125.24653
2013-01-28,1434.43154,5503.31611,3677.54995,104.59411,135.16635,125.16448
2013-01-29,1441.03594,5528.92727,3694.60972,104.94315,135.62411,125.5865
2013-01-30,1435.53423,5509.18434,3681.14679,103.83755,134.22856,124.28512
2013-01-31,1432.15031,5496.52073,3672.62044,103.55844,133.87562,123.95614
2013-02-01,1446.26886,5550.81176,3708.87518,103.64778,133.99365,124.06473
2013-02-04,1429.63499,5487.06669,3666.26349,103.49474,133.79813,123.88305
2013-02-05,1444.48034,5544.68986,3704.63589,104.80131,135.50305,125.45724
2013-02-06,1445.36165,5548.72976,3707.20343,104.79167,135.50662,125.45609
2013-02-07,1442.55057,5540.11122,3701.01221,105.74782,136.79669,126.63566
2013-02-08,1451.04357,5572.7314,3722.80321,106.44196,137.6947,127.46695
2013-02-11,1450.00116,5569.01915,3720.26494,106.37741,137.61841,127.39432
2013-02-12,1452.0628,5577.22519,3725.68911,105.8522,136.94602,126.76992
2013-02-13,1452.95459,5583.10965,3729.13028,106.13793,137.37619,127.15143
2013-02-14,1453.93379,5587.50465,3731.94224,106.96574,138.46331,128.15339
2013-02-15,1452.24063,5581.49281,3727.86005,106.76915,138.22109,127.92691
2013-02-18,1452.24063,5581.49281,3727.86005,106.76515,138.21591,127.92212
2013-02-19,1462.48917,5621.74367,3754.57741,107.47432,139.15533,128.78588
2013-02-20,1444.08885,5551.2657,3707.46281,106.01498,137.27203,127.04139
2013-02-21,1434.61242,5516.02676,3683.69474,106.49415,137.92222,127.63504
2013-02-22,1447.36523,5565.82591,3716.79815,107.93467,139.80709,129.37398
2013-02-25,1421.32385,5465.69111,3649.92782,105.57159,136.74637,126.54162
2013-02-26,1430.03275,5499.97107,3672.66134,107.36815,139.09343,128.70798
2013-02-27,1448.20523,5571.2085,3719.96838,108.43395,140.50808,130.00784
2013-02-28,1447.09343,5567.15164,3717.21545,108.64492,140.78703,130.26439
2013-03-01,1450.25015,5579.44522,3725.39657,109.63246,142.07052,131.45099
2013-03-04,1456.89361,5605.08018,3742.5008,109.9188,142.44352,131.79567
2013-03-05,1470.86411,5659.01052,3778.47354,110.82801,143.62638,132.88883
2013-03-06,1472.47932,5666.75468,3783.33783,111.17588,144.11611,133.33115
2013-03-07,1475.3459,5678.31926,3790.96716,110.68986,143.49955,132.75752
2013-03-08,1481.9059,5703.95835,3808.00771,112.04706,145.26899,134.39181
2013-03-11,1486.47474,5722.02938,3819.97489,112.10753,145.35971,134.47231
2013-03-12,1482.94312,5708.80199,3811.07299,111.78535,144.9513,134.09197
2013-03-13,1484.81378,5717.93101,3816.78675,112.54436,145.98471,135.0345
2013-03-14,1493.21378,5750.36161,3838.41801,112.91075,146.46208,135.47548
2013-03-15,1490.65946,5740.52493,3831.85194,111.98002,145.25477,134.35874
2013-03-18,1482.44497,5709.15466,3810.85919,112.2911,145.66503,134.73635
2013-03-19,1478.70756,5694.91349,3801.32273,112.62947,146.10787,135.14488
2013-03-20,1488.82317,5733.93012,3827.35437,112.8439,146.38753,135.40315
2013-03-21,1476.57141,5686.86013,3795.91605,112.12742,145.46103,134.54547
2013-03-22,1487.00851,5727.05755,3822.74739,112.29879,145.68334,134.7511
2013-03-25,1481.93678,5707.52431,3809.70916,112.91048,146.47688,135.48509
2013-03-26,1493.4962,5753.91047,3840.31415,113.99916,147.93719,136.82309
2013-03-27,1493.07825,5752.82685,3839.48548,114.66278,148.81199,137.62839
2013-03-28,1499.22903,5776.56081,3855.31871,114.59716,148.72774,137.55022
2013-03-29,1499.22903,5776.56081,3855.31871,114.59716,148.72774,137.55022
2013-04-01,1492.42024,5750.63287,3837.95286,114.02344,147.99103,136.86669
2013-04-02,1499.53446,5778.09372,3856.27371,114.64283,148.79617,137.61108
2013-04-03,1483.63746,5717.853,3815.86619,113.3436,147.13599,136.06846
2013-04-04,1489.7016,5741.57703,3831.62795,113.75375,147.67751,136.56672
2013-04-05,1483.60714,5718.14903,3815.98109,111.82682,145.17748,134.25435
2013-04-08,1492.91912,5755.86584,3840.78558,112.57193,146.1912,135.17893
2013-04-09,1497.97356,5775.37916,3853.80122,112.60271,146.23184,135.21632
2013-04-10,1516.3316,5846.51109,3901.20902,113.74314,147.72177,136.59202
2013-04-11,1522.01936,5868.9415,3916.07607,113.80883,147.81969,136.67907
2013-04-12,1517.7727,5852.69712,3905.21074,113.74258,147.73694,136.60164
2013-04-15,1482.27483,5715.81344,3813.87514,111.19696,144.43052,133.54443
2013-04-16,1503.5674,5797.91991,3868.66066,112.39912,145.99196,134.98819
2013-04-17,1482.13164,5715.2613,3813.50673,111.54428,144.88164,133.96155
2013-04-18,1472.25405,5677.34562,3788.17279,110.46211,143.48042,132.66473
2013-04-19,1485.80273,5729.82804,3823.14418,111.48292,144.81232,133.89457
2013-04-22,1492.75328,5756.74747,3841.08268,112.44281,146.06211,135.04933
2013-04-23,1508.36361,5816.9481,3881.25043,113.75398,147.76531,136.62411
2013-04-24,1508.63912,5818.70856,3882.29557,113.94548,148.03182,136.86596
2013-04-25,1514.77591,5842.56533,3898.17547,114.31662,148.51875,137.31484
2013-04-26,1511.94266,5831.91508,3891.014,113.91886,148.00904,136.84163
2013-04-29,1522.81084,5873.97158,3919.05086,114.09836,148.24567,137.0596
2013-04-30,1527.15752,5890.80635,3930.26919,113.695,147.7233,136.57618
2013-05-01,1512.74253,5835.437,3893.28053,112.545,146.23499,135.19853
2013-05-02,1526.98196,5890.82607,3930.15051,114.64718,148.97809,137.73166
2013-05-03,1542.46081,5951.23358,3970.31358,115.42527,150.00664,138.67772
2013-05-06,1545.36079,5962.43514,3977.78408,116.17371,150.97963,139.57714
2013-05-07,1553.36568,5993.60834,3998.52334,116.52114,151.43843,139.99927
2013-05-08,1559.9176,6021.45102,4016.58524,116.22652,151.11983,139.68689
2013-05-09,1554.13837,6001.8054,4002.94783,116.49007,151.52974,140.04715
2013-05-10,1560.86552,6027.85722,4020.31126,118.10364,153.63051,141.98831
2013-05-13,1560.70316,6027.80046,4020.16671,117.99584,153.50481,141.86837
2013-05-14,1576.35888,6089.53189,4061.08455,119.21622,155.12467,143.3565
2013-05-15,1584.18903,6121.55865,4082.09506,120.89358,157.35298,145.40336
2013-05-16,1576.20187,6090.9661,4061.64669,119.77189,155.89995,144.05898
2013-05-17,1592.1445,6152.72357,4102.79919,121.86071,158.62271,146.57389
2013-05-20,1590.83087,6147.83444,4099.50152,121.45237,158.096,146.08585
2013-05-21,1593.60827,6158.72086,4106.73019,121.51319,158.17909,146.16154
2013-05-22,1579.82436,6106.13339,4071.53338,120.42474,156.77973,144.86385
2013-05-23,1575.16015,6088.92394,4059.89459,119.83189,156.02887,144.16425
2013-05-24,1574.06733,6084.84439,4057.14549,119.48482,155.58066,143.74909
2013-05-27,1574.06733,6084.84439,4057.14549,119.40632,155.47846,143.65466
2013-05-28,1583.59948,6121.8039,4081.76646,120.90969,157.43885,145.46517
2013-05-29,1572.14159,6078.42945,4052.67204,119.00272,154.97917,143.18641
2013-05-30,1577.99648,6102.07355,4068.24104,118.6453,154.5392,142.77306
2013-05-31,1555.45793,6014.93786,4010.14377,117.80345,153.44319,141.76035
2013-06-03,1563.99977,6048.56973,4032.48187,117.81855,153.4781,141.78965
2013-06-04,1555.34546,6015.32892,4010.27504,116.79014,152.14421,140.55574
2013-06-05,1534.00598,5934.21184,3955.91439,115.06013,149.92622,138.49682
2013-06-06,1547.41708,5986.88646,3990.87901,115.11163,150.01322,138.572
2013-06-07,1567.07111,6063.02459,4041.61343,116.34442,151.62224,140.05762
2013-06-10,1566.59717,6061.55755,4040.56218,116.53842,151.88426,140.2971
2013-06-11,1550.36285,5998.8043,3998.72148,114.63571,149.40598,138.00755
2013-06-12,1537.1872,5949.67079,3965.58126,113.13308,147.49338,136.22751
2013-06-13,1559.89084,6038.39722,4024.55296,115.12341,150.10938,138.63797
2013-06-14,1551.2649,6005.05068,4002.31806,114.13921,148.8272,137.45344
2013-06-17,1562.93434,6050.28936,4032.45618,114.93321,149.86412,138.41067
2013-06-18,1575.04416,6097.33003,4063.77587,115.43455,150.52184,139.01701
2013-06-19,1553.32512,6013.31654,4007.76908,113.7451,148.32048,136.98346
2013-06-20,1514.10292,5862.34888,3906.97757,112.80011,147.1101,135.85954
2013-06-21,1517.56726,5875.77736,3915.92398,113.38955,147.87921,136.56972
2013-06-24,1499.24402,5804.83269,3868.64276,112.37977,146.56229,135.35352
2013-06-25,1513.65713,5861.19965,3906.09634,113.6337,148.21184,136.87298
2013-06-26,1528.38105,5919.55054,3944.7194,115.37442,150.51623,138.99177
2013-06-27,1538.41277,5959.08438,3970.92832,116.12723,151.51563,139.90986
2013-06-28,1532.11756,5934.74272,3954.69928,115.69207,150.94896,139.38629
2013-07-01,1540.70111,5968.65442,3977.16431,116.01,151.38059,139.78021
2013-07-02,1539.66592,5965.88431,3975.07055,115.94095,151.32194,139.71734
2013-07-03,1541.11772,5971.54915,3978.83716,116.60941,152.1954,140.52354
2013-07-04,1541.11772,5971.54915,3978.83716,117.13767,152.88487,141.16013
2013-07-05,1556.4572,6031.01191,4018.45212,119.03179,155.35767,143.44311
2013-07-08,1564.44917,6063.7326,4039.90342,119.36398,155.83629,143.87254
2013-07-09,1575.90689,6108.26888,4069.54997,120.97638,157.94465,145.81813
2013-07-10,1576.43806,6110.57261,4071.03585,120.34419,157.12556,145.06019
2013-07-11,1597.85172,6194.16324,4126.5265,120.26252,157.03383,144.96848
2013-07-12,1602.805,6213.38716,4139.32896,120.51981,157.37035,145.27899
2013-07-15,1605.26997,6222.96286,4145.70423,120.76067,157.68536,145.56966
2013-07-16,1599.13715,6199.1885,4129.86587,119.47519,156.00682,144.02009
2013-07-17,1603.67925,6217.45005,4141.90155,120.21717,156.99218,144.92519
2013-07-18,1611.72499,6249.2702,4162.97401,120.83876,157.81975,145.68476
2013-07-19,1614.15885,6258.90087,4169.36445,120.57914,157.48554,145.37538
2013-07-22,1617.45597,6271.80092,4177.93474,120.3309,157.16423,145.07797
2013-07-23,1614.57287,6260.62147,4170.4876,119.88924,156.58737,144.54548
2013-07-24,1608.48452,6237.09085,4154.80721,119.27473,155.7867,143.80618
2013-07-25,1614.02859,6258.67281,4169.16712,119.69489,156.33757,144.31411
2013-07-26,1615.21215,6263.31067,4172.25014,119.52078,156.11137,144.10508
2013-07-29,1609.45594,6241.36001,4157.55391,119.19368,155.69337,143.71667
2013-07-30,1610.79581,6246.7959,4161.13106,119.31542,155.85837,143.86746
2013-07-31,1610.61799,6246.99581,4161.08646,119.05517,155.54056,143.56797
2013-08-01,1631.21683,6327.49941,4214.59806,120.98784,158.0807,145.90873
2013-08-02,1633.87175,6337.90851,4221.50922,120.73315,157.75069,145.60337
2013-08-05,1631.6824,6330.06327,4216.15757,120.96295,158.06712,145.89107
2013-08-06,1622.02966,6292.78719,4191.29547,119.61945,156.31576,144.27344
2013-08-07,1615.98795,6271.23331,4176.56283,119.08889,155.66924,143.66377
2013-08-08,1622.24038,6296.87158,4193.36303,118.95572,155.52912,143.52505
2013-08-09,1616.8626,6277.12192,4179.98825,118.8633,155.43613,143.4316
2013-08-12,1614.97318,6269.97081,4175.18948,119.2424,155.93645,143.89202
2013-08-13,1618.97664,6286.90204,4186.1867,120.05276,157.03085,144.89229
2013-08-14,1610.3878,6254.71566,4164.52618,119.14583,155.87364,143.81662
2013-08-15,1587.28763,6166.02508,4105.27096,117.56968,153.83732,141.93079
2013-08-16,1582.05025,6146.00859,4091.88201,116.46546,152.40062,140.60316
2013-08-19,1572.70112,6110.07334,4067.88809,115.62544,151.31095,139.59547
2013-08-20,1579.34842,6136.15847,4085.20282,115.45689,151.09678,139.39611
2013-08-21,1570.41049,6101.70419,4062.21536,115.22831,150.80436,139.12464
2013-08-22,1584.11327,6155.04091,4097.70522,116.51247,152.48735,140.67664
2013-08-23,1590.91157,6182.3339,4115.70005,116.50178,152.49503,140.67773
2013-08-26,1585.04114,6159.60599,4100.55642,116.32357,152.26386,140.46402
2013-08-27,1559.69216,6061.0977,4034.97774,114.30087,149.61622,138.02155
2013-08-28,1564.15671,6079.57359,4047.06083,115.08346,150.6685,138.98485
2013-08-29,1567.78786,6094.54624,4056.85628,116.36243,152.36443,140.54332
2013-08-30,1562.54747,6074.65861,4043.55428,116.3121,152.31065,140.4915
2013-09-02,1562.54747,6074.65861,4043.55428,116.29005,152.28178,140.46487
2013-09-03,1568.97925,6099.98024,4060.34614,117.04829,153.28266,141.38588
2013-09-04,1581.52678,6150.12367,4093.45253,117.62229,154.06842,142.10126
2013-09-05,1583.63862,6158.50656,4099.00724,118.4841,155.20158,143.14553
2013-09-06,1584.04464,6160.83199,4100.40595,118.16321,154.8,142.76995
2013-09-09,1600.05687,6223.4328,4142.00581,118.50208,155.25202,143.18461
2013-09-10,1611.77147,6269.07399,4172.36878,119.2482,156.23146,144.08746
2013-09-11,1617.00828,6290.31877,4186.33701,119.32086,156.34842,144.18943
2013-09-12,1611.55421,6270.85925,4173.03474,118.85585,155.78276,143.65566
2013-09-13,1615.85885,6287.6523,4184.20136,119.61372,156.77717,144.57236
2013-09-16,1624.4251,6321.01121,4206.39534,119.41031,156.51121,144.32692
2013-09-17,1631.85951,6350.05386,4225.70392,119.98826,157.27154,145.02744
2013-09-18,1651.62343,6427.08242,4276.9391,121.45057,159.19123,146.79684
2013-09-19,1648.9439,6417.64291,4270.46891,119.51207,156.67445,144.46963
2013-09-20,1637.06796,6371.48519,4239.74327,118.94116,155.92755,143.78055
2013-09-23,1629.35283,6341.47312,4219.76944,118.52977,155.38861,143.28349
2013-09-24,1625.65156,6327.68922,4210.47323,118.26052,155.05086,142.96783
2013-09-25,1621.58365,6312.04514,4200.02569,117.83359,154.49577,142.45471
2013-09-26,1627.62518,6336.86746,4216.29675,118.5051,155.40822,143.2877
2013-09-27,1621.19247,6312.35499,4199.88304,117.50938,154.11542,142.09221
2013-09-30,1611.75065,6275.86536,4175.55032,116.86816,153.28113,141.32116
2013-10-01,1625.25243,6328.83873,4210.71552,117.94302,154.70066,142.62722
2013-10-02,1624.03681,6325.26868,4208.10803,117.29113,153.87392,141.85717
2013-10-03,1609.24978,6267.69255,4169.80025,115.94166,152.10394,140.22531
2013-10-04,1620.82353,6312.97453,4199.88482,117.01601,153.51836,141.52789
2013-10-07,1606.98801,6259.11133,4164.04582,116.22231,152.47768,140.56833
2013-10-08,1586.16878,6179.87241,4110.96457,114.50567,150.27054,138.52127
2013-10-09,1586.63161,6182.24912,4112.44711,115.21701,151.21808,139.39138
2013-10-10,1621.39235,6318.37178,4202.86078,117.689,154.47907,142.39274
2013-10-11,1631.65049,6358.62189,4229.57944,118.08429,155.00465,142.87534
2013-10-14,1638.37058,6384.8104,4246.99931,118.36554,155.37383,143.21563
2013-10-15,1627.03564,6340.65785,4217.62621,118.26479,155.24207,143.09405
2013-10-16,1649.62878,6429.3794,4276.50722,120.01367,157.55431,145.2208
2013-10-17,1661.12858,6474.50317,4306.46075,119.32464,156.65709,144.39179
2013-10-18,1672.33451,6518.33731,4335.58526,119.8533,157.35495,145.03395
2013-10-21,1672.3418,6518.45205,4335.64435,120.0291,157.58785,145.24804
2013-10-22,1681.41136,6553.80338,4359.15773,119.8214,157.31515,144.9967
2013-10-23,1673.02688,6521.20007,4337.46657,119.14605,156.43034,144.18098
2013-10-24,1678.70391,6543.4127,4352.22408,119.36847,156.72438,144.45144
2013-10-25,1685.4437,6569.68371,4369.69773,119.93026,157.46198,145.13128
2013-10-28,1687.14438,6576.36019,4374.129,120.12529,157.71919,145.36803
2013-10-29,1695.92726,6610.96942,4397.07394,120.89095,158.73344,146.30038
2013-10-30,1687.28433,6577.7731,4374.90142,120.26175,157.91918,145.54679
2013-10-31,1681.18693,6554.49949,4359.32819,121.37843,159.3976,146.90623
2013-11-01,1685.72408,6572.22279,4371.10896,122.67605,161.1025,148.47729
2013-11-04,1691.63029,6595.29391,4386.44446,122.89629,161.39281,148.74455
2013-11-05,1686.88105,6577.51011,4374.47054,122.87868,161.38766,148.73483
2013-11-06,1693.40683,6606.44729,4393.01896,122.87075,161.46258,148.78028
2013-11-07,1670.36405,6517.95965,4333.90304,122.512,161.02595,148.36853
2013-11-08,1692.29873,6603.65526,4390.8628,124.42761,163.54635,150.6901
2013-11-11,1693.57029,6608.61712,4394.16201,123.98243,162.96121,150.15096
2013-11-12,1689.69952,6593.96937,4384.33142,123.4229,162.237,149.48057
2013-11-13,1703.91375,6651.22446,4422.04833,124.76757,164.04857,151.13767
2013-11-14,1711.94508,6683.78394,4443.46036,124.85269,164.19019,151.26014
2013-11-15,1719.27898,6712.47241,4462.52969,125.23867,164.69913,151.7289
2013-11-18,1711.61349,6682.98029,4442.83607,124.21475,163.36325,150.49527
2013-11-19,1707.4827,6668.11276,4432.70064,123.91497,162.99982,150.15195
2013-11-20,1701.30764,6644.25154,4416.79311,124.03082,163.15844,150.29652
2013-11-21,1715.5316,6700.22991,4453.94689,125.08637,164.55751,151.58332
2013-11-22,1723.91203,6733.84135,4476.11433,125.1119,164.61262,151.62814
2013-11-25,1721.46082,6724.39274,4469.8085,125.1005,164.60071,151.61632
2013-11-26,1722.15039,6727.8109,4471.94437,124.65225,164.02858,151.08472
2013-11-27,1726.49152,6746.31015,4483.93363,124.83758,164.30997,151.33354
2013-11-28,1726.49152,6746.31015,4483.93363,124.60809,164.00792,151.05534
2013-11-29,1725.16318,6741.446,4480.63559,124.3659,163.69708,150.76686
2013-12-02,1720.80896,6724.72039,4469.49706,124.5919,164.00161,151.04659
2013-12-03,1715.48565,6704.26481,4455.83228,123.9231,163.12971,150.24123
2013-12-04,1713.60499,6698.57126,4451.71797,124.07031,163.36389,150.44575
2013-12-05,1706.64158,6671.55726,4433.73784,122.66132,161.51366,148.74092
2013-12-06,1725.04684,6744.09119,4481.82633,123.735,162.94155,150.05201
2013-12-09,1728.33157,6757.20858,4490.48861,123.64983,162.83603,149.953
2013-12-10,1723.30438,6737.61341,4477.45669,122.82463,161.75075,148.95325
2013-12-11,1703.50932,6660.96567,4426.37421,121.24651,159.69034,147.05099
2013-12-12,1697.68965,6639.95698,4412.06597,121.15736,159.61492,146.96997
2013-12-13,1698.22713,6642.23398,4413.54412,121.39873,159.93712,147.26548
2013-12-16,1708.96218,6684.30333,4441.48154,121.9574,160.67511,147.94445
2013-12-17,1704.25386,6665.92056,4429.26027,121.82956,160.50747,147.78988
2013-12-18,1732.05455,6774.98608,4501.67012,123.52901,162.75433,149.85671
2013-12-19,1730.44478,6769.59477,4497.90737,124.26294,163.7432,150.76117
2013-12-20,1739.50565,6805.04141,4521.45911,124.89532,164.57651,151.52841
2013-12-23,1748.63212,6841.73357,4545.64128,125.22084,165.0293,151.93871
2013-12-24,1753.91766,6863.13221,4559.71534,125.96235,166.02391,152.84963
2013-12-25,1753.91766,6863.13221,4559.71534,125.96235,166.02391,152.84963
2013-12-26,1762.0593,6895.00832,4580.88961,126.31139,166.48439,153.27345
2013-12-27,1761.3455,6893.83299,4579.78975,125.48126,165.42906,152.29126
2013-12-30,1761.09525,6893.64628,4579.50771,125.1274,164.98152,151.87401
2013-12-31,1768.41788,6922.49724,4598.63635,125.96682,166.0928,152.89577
2014-01-01,1768.41788,6922.49724,4598.63635,125.96682,166.0928,152.89577
2014-01-02,1752.5656,6861.37515,4557.84703,125.94357,166.0847,152.88208
2014-01-03,1751.81457,6858.6444,4555.9913,126.30574,166.56738,153.32499
2014-01-06,1747.32592,6841.17773,4544.36737,125.7143,165.79002,152.60871
2014-01-07,1758.51962,6885.06969,4573.51017,126.8544,167.29516,153.99374
2014-01-08,1758.27121,6886.08462,4573.78828,126.89243,167.39364,154.07105
2014-01-09,1758.58135,6887.29923,4574.59504,127.05494,167.60802,154.26836
2014-01-10,1762.78136,6903.74814,4585.52052,126.55262,166.94536,153.65845
2014-01-13,1740.24661,6816.1326,4527.19822,125.1041,165.04999,151.90965
2014-01-14,1759.26751,6890.6663,4576.69601,126.15733,166.44032,153.18907
2014-01-15,1768.32126,6926.39554,4600.39062,127.67406,168.44787,155.03556
2014-01-16,1766.23205,6918.37343,4595.03035,127.45759,168.16618,154.77522
2014-01-17,1759.57394,6892.4116,4577.76354,127.38921,168.07884,154.69404
2014-01-20,1759.57394,6892.4116,4577.76354,127.33286,168.00449,154.62561
2014-01-21,1764.46786,6911.71621,4590.55834,127.86613,168.71138,155.2753
2014-01-22,1765.88253,6918.09847,4594.64046,127.77996,168.61819,155.18423
2014-01-23,1750.18537,6856.65159,4553.82089,125.57027,165.70346,152.5014
2014-01-24,1713.37407,6712.49566,4458.07244,122.88426,162.1604,149.24036
2014-01-27,1704.63297,6678.69822,4435.53684,122.36464,161.48552,148.61627
2014-01-28,1715.55689,6721.51981,4463.97164,123.23441,162.63391,149.67299
2014-01-29,1698.09969,6653.812,4418.86746,122.15473,161.22573,148.37243
2014-01-30,1717.36303,6729.69612,4469.1867,124.27823,164.03826,150.95815
2014-01-31,1706.58634,6687.48499,4441.15061,124.21268,163.95219,150.87883
2014-02-03,1667.60442,6534.73969,4339.71054,121.07912,159.81637,147.07271
2014-02-04,1680.50192,6585.63641,4373.44003,122.08782,161.15649,148.30357
2014-02-05,1677.18493,6574.57721,4365.70934,121.64875,160.6243,147.80075
2014-02-06,1698.02756,6659.55255,4421.49481,122.55373,161.89878,148.95189
2014-02-07,1720.55732,6747.92287,4480.16475,124.00654,163.81826,150.7178
2014-02-10,1723.49857,6759.59373,4487.88643,123.95457,163.75288,150.65675
2014-02-11,1742.40336,6834.07063,4537.26765,125.04849,165.20605,151.99149
2014-02-12,1742.41657,6837.32005,4538.78811,125.85927,166.355,153.02706
2014-02-13,1752.83568,6878.92792,4566.27804,125.89385,166.41819,153.08082
2014-02-14,1760.95213,6911.32785,4587.71847,126.29197,166.95769,153.57484
2014-02-17,1760.95213,6911.32785,4587.71847,126.1399,166.75664,153.38991
2014-02-18,1763.91465,6924.11211,4595.98214,125.90646,166.47586,153.12422
2014-02-19,1752.58037,6879.9377,4566.6026,125.07469,165.38371,152.11773
2014-02-20,1763.49849,6923.96351,4595.59292,126.23018,166.93969,153.54114
2014-02-21,1760.31888,6912.39101,4587.73049,125.70465,166.2666,152.91603
2014-02-24,1771.37308,6955.83102,4616.55499,126.66451,167.53698,154.08418
2014-02-25,1769.04526,6946.84346,4610.55946,126.43358,167.23522,153.80563
2014-02-26,1769.2549,6948.94903,4611.71017,127.06383,168.09988,154.59258
2014-02-27,1778.1851,6984.98945,4635.45651,127.56983,168.79264,155.22392
2014-02-28,1782.46032,7001.93107,4646.67215,126.67291,167.60943,154.13492
2014-03-03,1769.35784,6950.82706,4612.68533,126.08868,166.84517,153.42967
2014-03-04,1796.15159,7056.13849,4682.56319,128.2868,169.75509,156.10534
2014-03-05,1795.77777,7055.96409,4682.18981,128.28811,169.78796,156.12697
2014-03-06,1798.52605,7067.9712,4689.93794,127.55144,168.84187,155.24973
2014-03-07,1798.86851,7069.87566,4691.09043,127.37326,168.61932,155.04143
2014-03-10,1797.543,7065.08663,4687.83192,127.11892,168.29264,154.73838
2014-03-11,1788.27909,7028.99809,4663.82412,126.58236,167.58997,154.09025
2014-03-12,1789.08145,7034.00402,4666.78109,126.28851,167.24498,153.76103
2014-03-13,1768.08502,6952.29935,4612.40432,124.60478,165.03527,151.72392
2014-03-14,1763.7081,6935.2354,4601.05431,124.31864,164.65976,151.37774
2014-03-17,1780.28419,7000.48391,4644.32866,125.46902,166.18505,152.77955
2014-03-18,1793.32474,7051.96884,4678.44951,126.51525,167.57571,154.05685
2014-03-19,1782.09941,7007.93372,4649.21455,125.75497,166.57121,153.13269
2014-03-20,1792.33437,7048.29271,4675.96749,127.63338,169.06195,155.42176
2014-03-21,1786.99631,7027.31649,4662.04839,127.26248,168.57104,154.97035
2014-03-24,1777.79768,6991.14312,4638.05033,126.59821,167.69115,154.16145
2014-03-25,1785.03244,7020.27038,4657.23918,127.16876,168.46314,154.86667
2014-03-26,1772.35528,6970.61805,4624.27613,126.19234,167.17457,153.68132
2014-03-27,1769.18943,6959.48784,4616.63306,126.38867,167.46645,153.94099
2014-03-28,1777.66799,6993.27037,4638.95735,126.87432,168.12029,154.53917
2014-03-31,1792.01388,7050.01861,4676.53895,127.61981,169.11562,155.45203
2014-04-01,1805.18037,7102.26779,4711.10813,128.44564,170.22077,156.46491
2014-04-02,1810.20516,7123.21682,4724.76939,129.05109,171.05145,157.22066
2014-04-03,1807.31395,7111.91549,4717.2621,129.32873,171.42128,157.56021
2014-04-04,1784.09253,7020.78212,4656.76557,127.88148,169.50889,155.80083
2014-04-07,1764.1655,6942.45875,4604.79636,126.00684,167.02629,153.51836
2014-04-08,1771.37728,6973.03295,4624.63906,126.04042,167.12338,153.59311
2014-04-09,1791.03472,7050.97636,4676.23643,127.16257,168.62474,154.96973
2014-04-10,1753.44713,6903.01952,4578.10714,123.98714,164.41438,151.1002
2014-04-11,1736.4605,6836.82411,4534.07121,122.72854,162.76154,149.57676
2014-04-14,1750.49208,6892.09684,4570.72176,124.36503,164.93249,151.57167
2014-04-15,1762.20168,6938.20029,4601.29678,125.11997,165.93369,152.49176
2014-04-16,1780.86062,7011.82941,4650.09363,126.60506,167.90716,154.30427
2014-04-17,1783.34012,7021.89645,4656.70931,126.51559,167.79578,154.19991
2014-04-18,1783.34012,7021.89645,4656.70931,126.51559,167.79578,154.19991
2014-04-21,1790.24116,7049.18424,4674.78287,127.29499,168.83224,155.15163
2014-04-22,1798.10749,7080.15842,4695.32391,127.92383,169.66627,155.91808
2014-04-23,1793.60624,7063.30408,4683.98521,127.29911,168.85848,155.1704
2014-04-24,1796.22458,7073.78281,4690.92698,127.57719,169.23136,155.51282
2014-04-25,1780.95314,7013.64175,4651.04489,126.32799,167.5743,153.99008
2014-04-28,1785.83174,7033.33146,4664.00706,126.61,167.95977,154.34116
2014-04-29,1794.86182,7069.01848,4687.65341,127.49885,169.14186,155.42679
2014-04-30,1800.7156,7092.38306,4703.08548,127.47186,169.11344,155.39863
2014-05-01,1801.02008,7094.03009,4704.10333,127.49342,169.15271,155.43226
2014-05-02,1798.96955,7085.95327,4698.74753,127.34826,168.96012,155.2553
2014-05-05,1802.66562,7101.05506,4708.65354,127.49037,169.16161,155.43687
2014-05-06,1786.40781,7037.17959,4666.26496,125.84637,166.98423,153.43506
2014-05-07,1796.15615,7078.47227,4693.07049,126.62854,168.09073,154.43285
2014-05-08,1793.01195,7067.85918,4685.68032,126.94941,168.55907,154.85145
2014-05-09,1795.92536,7080.5612,4693.85903,128.1401,170.16929,156.32266
2014-05-12,1813.34151,7149.45202,4739.49279,129.39216,171.83746,157.85391
2014-05-13,1813.9649,7153.68862,4741.94755,129.89937,172.55396,158.50028
2014-05-14,1805.53298,7121.73732,4720.52165,129.25783,171.73314,157.73808
2014-05-15,1788.93666,7057.53472,4677.71809,128.01368,170.11052,156.23941
2014-05-16,1795.45609,7083.31172,4694.79319,128.5927,170.88133,156.94704
2014-05-19,1802.68863,7112.37828,4713.95238,128.96955,171.39495,157.41523
2014-05-20,1790.80836,7065.74678,4682.99791,128.34411,170.5696,156.6556
2014-05-21,1805.42191,7124.34941,4721.65568,129.68499,172.37446,158.30711
2014-05-22,1809.8879,7142.90755,4733.76918,130.08194,172.92472,158.80622
2014-05-23,1817.66971,7173.71543,4754.16716,130.88084,173.98907,159.78303
2014-05-26,1817.66971,7173.71543,4754.16716,130.68909,173.73417,159.54894
2014-05-27,1828.45058,7216.3267,4782.394,131.8215,175.24109,160.93241
2014-05-28,1826.38216,7209.17247,4777.46201,131.837,175.28623,160.96743
2014-05-29,1836.2484,7249.04892,4803.70253,132.37396,176.02279,161.63759
2014-05-30,1839.4298,7261.64629,4812.04282,132.31178,175.94102,161.56224
2014-06-02,1840.88278,7268.02798,4816.18794,132.78607,176.5874,162.15298
2014-06-03,1840.2606,7265.89841,4814.71463,132.6145,176.36716,161.94866
2014-06-04,1843.87596,7281.53429,4824.80505,132.86528,176.73372,162.27615
2014-06-05,1855.94935,7329.67206,4856.62503,133.79911,177.98703,163.42435
2014-06-06,1864.36583,7363.91614,4879.11531,134.16936,178.50392,163.89224
2014-06-09,1866.04358,7370.88319,4883.66384,134.74455,179.27745,164.60018
2014-06-10,1865.33522,7368.1535,4881.84345,135.16573,179.8395,165.11581
2014-06-11,1859.12113,7344.46541,4865.98215,134.83988,179.42691,164.73136
2014-06-12,1846.02586,7294.77215,4832.55298,133.70731,177.9696,163.37632
2014-06-13,1851.88307,7318.03098,4847.93792,134.35958,178.84058,164.17509
2014-06-16,1853.44386,7324.22792,4852.03736,134.05664,178.43805,163.80537
2014-06-17,1857.46601,7340.27027,4862.6412,134.61042,179.17878,164.48456
2014-06-18,1871.74773,7396.85929,4900.09947,135.36556,180.18763,165.40967
2014-06-19,1874.06693,7407.03159,4906.63802,134.93675,179.64126,164.90138
2014-06-20,1877.59369,7421.01318,4915.89139,135.75334,180.72941,165.89996
2014-06-23,1877.51667,7420.72644,4915.69793,135.57799,180.4964,165.68595
2014-06-24,1865.14906,7372.45652,4883.60096,134.64529,179.26956,164.55569
2014-06-25,1874.20058,7408.41559,4907.38475,134.93153,179.65505,164.90833
2014-06-26,1872.03636,7401.24335,4902.36264,135.21209,180.06225,165.27296
2014-06-27,1875.82733,7416.76628,4912.53825,134.97934,179.76526,164.99679
2014-06-30,1875.86458,7417.22495,4912.78018,134.47922,179.10672,164.39029
2014-07-01,1888.34873,7467.85818,4946.06451,135.49295,180.48757,165.64922
2014-07-02,1889.12666,7471.34628,4948.29295,135.79695,180.90248,166.02728
2014-07-03,1899.23094,7511.36349,4974.78541,136.96966,182.46607,167.46192
2014-07-04,1899.23094,7511.36349,4974.78541,137.18133,182.74805,167.72071
2014-07-07,1891.4078,7480.68354,4954.41434,136.54593,181.90791,166.94792
2014-07-08,1877.70682,7428.6145,4919.50819,135.37759,180.40291,165.55252
2014-07-09,1886.39761,7463.42891,4942.47782,135.73995,180.89625,166.00237
2014-07-10,1878.54078,7432.34378,4921.89244,135.56717,180.66599,165.79107
2014-07-11,1881.15144,7443.34417,4929.04379,135.77553,180.96,166.05637
2014-07-14,1890.4079,7479.98886,4953.30648,136.16328,181.47724,166.53089
2014-07-15,1886.29911,7463.75867,4942.55326,136.44306,181.8508,166.87349
2014-07-16,1894.10316,7495.48335,4963.39452,137.35171,183.08249,167.99809
2014-07-17,1872.03773,7408.85455,4905.89315,135.92736,181.20079,166.26678
2014-07-18,1891.40493,7485.54277,4956.6656,137.42001,183.19157,168.09322
2014-07-21,1886.91031,7467.97697,4945.00747,136.98192,182.613,167.56143
2014-07-22,1896.5543,7506.14574,4970.28137,138.22387,184.26866,169.08062
2014-07-23,1900.0636,7520.12043,4979.52923,138.52077,184.66657,169.44555
2014-07-24,1901.17305,7524.58334,4982.47012,138.54506,184.70071,169.47639
2014-07-25,1891.85619,7487.84436,4958.11993,138.23558,184.29148,169.1001
2014-07-28,1892.32918,7489.7312,4959.36637,138.20327,184.24876,169.0608
2014-07-29,1884.09483,7457.54414,4937.97327,137.8943,183.84682,168.68925
2014-07-30,1884.50509,7460.36949,4939.61113,138.25939,184.36326,169.15513
2014-07-31,1847.13964,7312.88009,4841.87666,135.50283,180.69819,165.78967
2014-08-01,1842.01102,7292.59497,4828.44201,134.63355,179.53945,164.72639
2014-08-04,1855.1362,7344.62387,4862.87738,135.68886,180.94838,166.01863
2014-08-05,1837.49376,7275.41267,4816.92619,134.90109,179.91357,165.06488
2014-08-06,1837.14818,7276.21598,4817.03049,135.00699,180.10857,165.22911
2014-08-07,1826.94333,7237.49603,4791.05983,134.30734,179.21722,164.39984
2014-08-08,1847.65587,7319.73643,4845.47163,135.19211,180.40244,165.48606
2014-08-11,1853.11851,7342.68545,4860.40964,135.86527,181.33302,166.33101
2014-08-12,1849.71455,7329.5621,4851.65044,135.92028,181.41547,166.40416
2014-08-13,1862.3443,7381.36654,4885.59209,136.61311,182.38365,167.28027
2014-08-14,1870.32128,7413.33271,4906.683,137.19826,183.17349,168.00241
2014-08-15,1870.51151,7414.93711,4907.58007,137.18658,183.1789,168.00173
2014-08-18,1886.43329,7478.54705,4949.58225,138.5562,185.01991,169.68685
2014-08-19,1895.69307,7516.73296,4974.57061,139.70152,186.58596,171.11332
2014-08-20,1900.4668,7536.01963,4987.26857,140.38534,187.50817,171.95679
2014-08-21,1905.93264,7557.8761,5001.7228,140.81558,188.08739,172.48761
2014-08-22,1902.33637,7544.55491,4992.72044,141.11818,188.51504,172.87334
2014-08-25,1911.28319,7580.20139,5016.28032,142.13636,189.8793,174.12337
2014-08-26,1913.46463,7588.91376,5022.03682,142.2447,190.02556,174.25718
2014-08-27,1913.7751,7591.66101,5023.56379,142.27317,190.10155,174.31676
2014-08-28,1910.59596,7580.05621,5015.68486,142.33329,190.20713,174.40663
2014-08-29,1917.0813,7606.39146,5033.03246,142.85437,190.91868,175.05635
2014-09-01,1917.0813,7606.39146,5033.03246,143.23497,191.42733,175.52274
2014-09-02,1916.1792,7603.11355,5030.8037,143.32577,191.55626,175.63887
2014-09-03,1914.64828,7598.40434,5027.41673,143.04774,191.21904,175.32022
2014-09-04,1911.38875,7585.72336,5018.99001,144.68749,193.41747,177.33457
2014-09-05,1921.00645,7624.05899,5044.32262,145.5053,194.51495,178.33967
2014-09-08,1915.37215,7602.94919,5030.10728,145.19058,194.12617,177.97444
2014-09-09,1902.72281,7552.8583,4996.94522,144.61144,193.35491,177.26657
2014-09-10,1909.53174,7580.62386,5015.17025,145.10647,194.03566,177.88555
2014-09-11,1911.51542,7590.60312,5021.35603,144.98221,193.92326,177.76777
2014-09-12,1899.81757,7544.33512,4990.71218,144.12837,192.78591,176.72387
2014-09-15,1897.28129,7534.29107,4984.06236,143.9304,192.52181,176.48158
2014-09-16,1911.32946,7590.16718,5021.00761,144.9513,193.88965,177.73483
2014-09-17,1913.70405,7599.79506,5027.34373,144.941,193.88093,177.72568
2014-09-18,1922.5515,7636.0583,5051.1107,146.03366,195.37139,179.08409
2014-09-19,1921.45058,7631.79584,5048.2693,146.8764,196.50168,180.11937
2014-09-22,1905.25234,7567.45814,5005.71129,145.83696,195.11104,178.84467
2014-09-23,1894.2064,7524.33225,4977.03613,144.53495,193.38834,177.2603
2014-09-24,1909.11524,7583.66834,5016.2619,146.40666,195.89563,179.55769
2014-09-25,1878.52808,7462.16554,4935.89316,144.643,193.5358,177.39467
2014-09-26,1894.76561,7528.19845,4979.24069,146.48505,196.04041,179.67848
2014-09-29,1889.95703,7509.86901,4966.96344,146.22271,195.70954,179.36966
2014-09-30,1884.24394,7487.56268,4952.13186,146.40387,195.96234,179.59851
2014-10-01,1859.12277,7388.36479,4886.39964,144.87632,193.93419,177.73519
2014-10-02,1859.19491,7389.26612,4886.8738,144.21784,193.0688,176.93767
2014-10-03,1879.78843,7471.19916,4941.04747,147.47022,197.42511,180.92955
2014-10-06,1877.04459,7460.51966,4933.93981,146.58131,196.24103,179.84276
2014-10-07,1848.79364,7348.28518,4859.70435,143.68923,192.37051,176.2953
2014-10-08,1880.50161,7476.76402,4944.18604,145.49116,194.84682,178.54711
2014-10-09,1841.59014,7322.41834,4842.04911,142.18925,190.43424,174.50106
2014-10-10,1819.59819,7235.67018,4784.54786,141.45374,189.46738,173.61009
2014-10-13,1789.2358,7114.93351,4704.71139,138.49559,185.50513,169.97946
2014-10-14,1792.08954,7126.3141,4712.23027,138.85884,185.99253,170.42584
2014-10-15,1778.66321,7073.57561,4677.24621,136.82479,183.28495,167.94088
2014-10-16,1779.80603,7078.3214,4680.34441,136.68774,183.10656,167.77599
2014-10-17,1802.57763,7168.88446,4740.22673,138.57754,185.63813,170.09561
2014-10-20,1819.14241,7234.89668,4783.84896,139.70874,187.15695,171.48631
2014-10-21,1855.16726,7378.30147,4878.64497,143.04624,191.63133,175.58512
2014-10-22,1840.91442,7322.40928,4841.54214,142.65326,191.12559,175.11645
2014-10-23,1863.658,7413.02716,4901.42787,144.62119,193.7662,177.53478
2014-10-24,1876.88446,7465.71654,4936.24999,145.41764,194.83535,178.5138
2014-10-27,1873.74365,7453.28568,4928.01846,144.6832,193.85296,177.61325
2014-10-28,1896.28713,7542.97053,4987.31447,146.01613,195.6392,179.24977
2014-10-29,1893.0093,7530.69868,4979.04843,145.60382,195.10663,178.75635
2014-10-30,1904.93493,7578.68863,5010.68249,148.14054,198.52013,181.88034
2014-10-31,1927.44218,7668.259,5069.89709,150.99748,202.34936,185.38841
2014-11-03,1927.18654,7667.3127,5069.25741,151.5156,203.04555,186.02574
2014-11-04,1920.70063,7641.58359,5052.23167,149.96065,200.96375,184.1179
2014-11-05,1931.03661,7685.33571,5080.63672,151.76966,203.45765,186.38361
2014-11-06,1938.68036,7718.05901,5101.81772,153.00752,205.17828,187.9432
2014-11-07,1939.70577,7723.58409,5105.18993,153.36592,205.6973,188.40829
2014-11-10,1945.46102,7746.71958,5120.43875,153.4563,205.82435,188.52306
2014-11-11,1947.07107,7753.31855,5124.7633,153.79341,206.28149,188.9404
2014-11-12,1946.01764,7751.14617,5122.93266,153.08806,205.38902,188.10846
2014-11-13,1946.76308,7754.74225,5125.1851,153.1774,205.52549,188.22888
2014-11-14,1947.48337,7758.51036,5127.51001,153.17268,205.54297,188.23881
2014-11-17,1948.60293,7763.39705,5130.65501,153.54372,206.05219,188.70205
2014-11-18,1958.71423,7805.16769,5157.96805,153.41674,205.921,188.57123
2014-11-19,1955.75774,7793.80168,5150.37981,153.07524,205.47357,188.15868
2014-11-20,1959.9392,7810.77325,5161.55935,153.40252,205.921,188.5671
2014-11-21,1970.48361,7853.84179,5189.81567,155.81197,209.18323,191.54685
2014-11-24,1976.26764,7877.00286,5205.09921,155.97404,209.40367,191.74793
2014-11-25,1974.06631,7869.11105,5199.71937,155.18886,208.37288,190.798
2014-11-26,1979.64415,7893.14023,5215.02187,155.09321,208.29182,190.70273
2014-11-27,1979.64415,7893.14023,5215.02187,155.67723,209.07615,191.42083
2014-11-28,1974.15847,7871.6169,5200.73219,155.43263,208.75692,191.12601
2014-12-01,1959.75615,7814.53515,5162.99537,154.17502,207.07699,189.58711
2014-12-02,1971.89196,7863.33665,5195.15684,156.05533,209.61343,191.90632
2014-12-03,1979.76045,7896.65537,5216.78509,157.70803,211.88542,193.97208
2014-12-04,1977.33439,7887.22071,5210.51838,156.05196,209.66688,191.93985
2014-12-05,1980.40967,7899.5322,5218.64283,158.07406,212.38491,194.42775
2014-12-08,1965.38981,7840.70617,5179.56689,156.94538,210.89766,193.05827
2014-12-09,1965.26239,7840.27753,5179.26978,155.26777,208.64546,190.99606
2014-12-10,1932.67973,7710.80135,5093.63881,152.77962,205.31552,187.94414
2014-12-11,1941.27789,7747.19674,5117.26794,153.88068,206.85104,189.33446
2014-12-12,1910.27143,7623.71891,5035.65505,150.45689,202.25562,185.12628
2014-12-15,1897.87059,7574.50834,5003.11231,149.95547,201.58904,184.51475
2014-12-16,1881.92351,7510.98836,4961.13119,147.66132,198.50827,181.69401
2014-12-17,1920.62468,7665.8119,5063.33023,152.09615,204.47989,187.15744
2014-12-18,1966.53577,7850.20558,5184.89823,157.19036,211.35952,193.44584
2014-12-19,1975.86104,7887.48207,5209.50848,158.14181,212.64022,194.61762
2014-12-22,1983.17884,7917.74727,5229.28931,158.8052,213.56063,195.45222
2014-12-23,1986.7267,7932.28013,5238.81461,160.14758,215.37586,197.11079
2014-12-24,1986.54349,7931.82302,5238.45835,159.96204,215.13377,196.88719
2014-12-25,1986.54349,7931.82302,5238.45835,159.96204,215.13377,196.88719
2014-12-26,1993.35322,7959.02822,5256.42257,160.76095,216.20866,197.87079
2014-12-29,1994.89663,7967.04258,5261.35225,160.75334,216.24869,197.89376
2014-12-30,1984.92092,7928.21427,5235.51435,160.15986,215.47782,197.18094
2014-12-31,1964.73359,7847.60186,5182.27673,159.36946,214.41497,196.20819
2015-01-01,1964.73359,7847.60186,5182.27673,159.36946,214.41497,196.20819
2015-01-02,1964.30568,7846.91241,5181.61942,160.26184,215.64361,197.3248
2015-01-05,1928.5035,7704.39863,5087.41162,158.57327,213.38555,195.25472
2015-01-06,1911.21479,7635.32998,5041.80383,157.38241,211.78307,193.78839
2015-01-07,1933.59005,7727.033,5101.89937,160.78974,216.43297,198.02541
2015-01-08,1967.94296,7864.49015,5192.62289,163.79904,220.48861,201.73476
2015-01-09,1951.78237,7799.94118,5149.99702,161.8774,217.90283,199.36867
2015-01-12,1936.24377,7737.84402,5108.99668,160.81286,216.46987,198.05759
2015-01-13,1931.66356,7720.29583,5097.26059,160.92949,216.64807,198.21481
2015-01-14,1920.51186,7675.93975,5067.93247,159.91898,215.2937,196.97403
2015-01-15,1902.60256,7604.54388,5020.75782,161.16215,216.9726,198.50862
2015-01-16,1928.04752,7706.33751,5087.94689,164.59591,221.59812,202.73979
2015-01-19,1928.04752,7706.33751,5087.94689,162.6997,219.04521,200.40414
2015-01-20,1930.76477,7717.44394,5095.23102,163.75965,220.47927,201.71423
2015-01-21,1940.3065,7756.4677,5120.8233,164.3701,221.32638,202.48244
2015-01-22,1969.68271,7873.96911,5198.38419,169.3433,228.02486,208.61006
2015-01-23,1959.4878,7833.21413,5171.47781,170.9677,230.21215,210.61112
2015-01-26,1965.69904,7858.09767,5187.89527,171.4106,230.8101,211.15772
2015-01-27,1940.39346,7756.94611,5121.11324,167.05929,224.95121,205.79761
2015-01-28,1914.18921,7652.88597,5052.28048,165.66785,223.09783,204.09668
2015-01-29,1931.80579,7723.84964,5099.03036,167.23676,225.22615,206.03974
2015-01-30,1907.31832,7626.06884,5034.4537,165.8997,223.42917,204.39482
2015-02-02,1931.47348,7722.85397,5098.30711,167.12692,225.08793,205.91063
2015-02-03,1959.64608,7835.67012,5172.74996,168.00948,226.28148,207.00114
2015-02-04,1951.53957,7805.5242,5152.39982,167.66596,225.88445,206.61993
2015-02-05,1971.96392,7889.66833,5207.45723,169.33178,228.19965,208.71821
2015-02-06,1965.35425,7865.26881,5190.96015,170.04357,229.2185,209.63422
2015-02-09,1957.09149,7832.55155,5169.35022,169.46311,228.44626,208.92727
2015-02-10,1977.9843,7916.54592,5224.71014,171.44614,231.13054,211.37917
2015-02-11,1978.30386,7920.38915,5226.7414,171.76963,231.64164,211.82612
2015-02-12,1997.31821,7998.39149,5277.8485,172.38364,232.52421,212.61839
2015-02-13,2006.26744,8034.8689,5301.80006,172.70045,232.9701,213.02134
2015-02-16,2006.26744,8034.8689,5301.80006,172.67017,232.92924,212.98398
2015-02-17,2009.38368,8048.53373,5310.59099,173.02181,233.43796,213.44007
2015-02-18,2009.05566,8047.63079,5309.91904,173.56455,234.18217,214.11746
2015-02-19,2007.13769,8041.1739,5305.41606,172.95739,233.39854,213.3912
2015-02-20,2019.45981,8091.48238,5338.42209,174.35595,235.31325,215.13427
2015-02-23,2018.76789,8088.79102,5336.63041,174.51112,235.52503,215.32723
2015-02-24,2023.63526,8108.51263,5349.59851,175.20191,236.46372,216.18367
2015-02-25,2023.00172,8107.29214,5348.54245,174.83092,236.00138,215.75087
2015-02-26,2019.9351,8096.29681,5341.05703,176.80761,238.70785,218.21564
2015-02-27,2013.91017,8072.20992,5325.1548,176.2331,237.93402,217.50774
2015-03-02,2026.31146,8122.36275,5358.15192,177.65091,239.86139,219.26604
2015-03-03,2017.68053,8087.86872,5335.3801,177.0682,239.07765,218.54891
2015-03-04,2008.81079,8053.83897,5312.62975,178.1454,240.57764,219.9076
2015-03-05,2011.87536,8066.48473,5320.91022,179.03996,241.79647,221.01918
2015-03-06,1983.37314,7953.17714,5245.9782,179.23357,242.08747,221.27713
2015-03-09,1991.00592,7984.55933,5266.5282,180.18046,243.39005,222.4614
2015-03-10,1957.68125,7851.40937,5178.60837,179.45627,242.42701,221.57708
2015-03-11,1954.3665,7839.36322,5170.4204,181.38854,245.07631,223.98802
2015-03-12,1978.56128,7938.29156,5235.29583,182.92492,247.21063,225.92262
2015-03-13,1966.86437,7891.57979,5204.44632,183.48539,247.97492,226.61921
2015-03-16,1993.24769,7997.55977,5274.31508,184.94471,249.95099,228.42405
2015-03-17,1987.18096,7973.25748,5258.28015,183.92974,248.5805,227.17125
2015-03-18,2011.2905,8070.19446,5322.17737,185.47914,250.68076,229.08926
2015-03-19,2002.04628,8033.28781,5297.80131,184.97423,250.00412,228.46932
2015-03-20,2019.72326,8104.30777,5344.61975,183.65133,248.21891,226.83712
2015-03-23,2015.96208,8089.21572,5334.66685,181.09482,244.76359,223.67945
2015-03-24,2003.75416,8040.86901,5302.65688,180.32825,243.74687,222.745
2015-03-25,1974.29641,7922.83448,5224.78253,176.36736,238.3983,217.85583
2015-03-26,1969.96074,7905.67389,5213.43037,177.09216,239.38525,218.75624
2015-03-27,1974.92357,7927.25909,5227.35584,177.99476,240.656,219.90449
2015-03-30,1998.77384,8023.78233,5290.8486,181.15067,244.94701,223.81888
2015-03-31,1981.62002,7955.68446,5245.79409,181.10099,244.90335,223.77255
2015-04-01,1974.01116,7926.06401,5226.07966,180.10377,243.58329,222.55858
2015-04-02,1981.41097,7955.99458,5245.77121,178.71073,241.70591,220.84141
2015-04-03,1981.41097,7955.99458,5245.77121,178.71073,241.70591,220.84141
2015-04-06,1994.81476,8009.88772,5281.29118,177.45736,240.0129,219.29396
2015-04-07,1990.54955,7993.09408,5270.15255,179.89865,243.32491,222.31728
2015-04-08,1996.21637,8018.75746,5286.51553,181.56433,245.66695,224.43343
2015-04-09,2005.19763,8054.86126,5310.31244,184.31981,249.39607,227.84002
2015-04-10,2015.52378,8096.3413,5337.65891,186.16688,251.89528,230.12321
2015-04-13,2006.17896,8059.4746,5313.22108,186.25019,252.02899,230.23961
2015-04-14,2009.17109,8071.56189,5321.17641,184.40011,249.52758,227.9539
2015-04-15,2019.54018,8113.23305,5348.64519,186.84556,252.8372,230.97724
2015-04-16,2018.0267,8107.33348,5344.72018,185.12632,250.51632,228.85549
2015-04-17,1995.06852,8015.10002,5283.91572,181.74624,245.94233,224.67699
2015-04-20,2012.98616,8087.25783,5331.45089,183.71952,248.61798,227.11982
2015-04-21,2010.41967,8077.08944,5324.71928,183.70735,248.60589,227.10758
2015-04-22,2020.38122,8117.35955,5351.22588,184.91888,250.25309,228.61058
2015-04-23,2025.37461,8138.18301,5364.80281,184.04585,249.09491,227.54618
2015-04-24,2029.06615,8153.04849,5374.59591,183.29526,248.08001,226.61881
2015-04-27,2020.57776,8118.97251,5352.12636,182.22658,246.63457,225.29815
2015-04-28,2025.28566,8138.69571,5364.9687,181.02117,245.02738,223.82334
2015-04-29,2018.09484,8110.29612,5346.16103,177.65255,240.48241,219.66811
2015-04-30,1997.63399,8028.43201,5292.1419,174.9804,236.87594,216.37152
2015-05-01,2018.82753,8113.71127,5348.33547,176.56895,239.02944,218.33777
2015-05-04,2024.56211,8136.7587,5363.52771,178.03823,241.01848,220.15462
2015-05-05,2000.50598,8040.80678,5300.13444,175.51391,237.62276,217.04695
2015-05-06,1992.15638,8010.11182,5279.33763,172.21071,233.23409,213.01553
2015-05-07,1999.57486,8041.88743,5299.89542,174.27944,236.09305,215.611
2015-05-08,2025.65691,8146.94598,5369.10082,177.22943,240.09411,219.26364
2015-05-11,2015.42145,8107.30655,5342.68142,177.39335,240.36142,219.49561
2015-05-12,2009.74663,8084.93239,5327.84726,175.39962,237.67334,217.03722
2015-05-13,2008.87305,8083.0796,5326.30731,173.68636,235.40019,214.94857
2015-05-14,2030.18966,8169.75535,5383.24311,175.10522,237.34946,216.72129
2015-05-15,2032.1668,8178.63483,5388.91757,174.34123,236.34058,215.79302
2015-05-18,2038.82166,8205.90641,5406.7903,176.09732,238.73539,217.97573
2015-05-19,2037.54386,8202.34371,5404.13052,179.72732,243.70353,222.49901
2015-05-20,2036.70793,8199.78765,5402.29178,180.05812,244.17618,222.92414
2015-05-21,2041.73191,8221.10521,5416.12085,180.1939,244.39274,223.11298
2015-05-22,2037.48577,8204.08326,5404.8918,181.41777,246.0549,224.62979
2015-05-25,2037.48577,8204.08326,5404.8918,181.41777,246.0549,224.62979
2015-05-26,2016.80501,8120.94096,5350.09148,181.65266,246.37744,224.92316
2015-05-27,2034.88078,8195.03253,5398.65625,183.6515,249.12821,227.424
2015-05-28,2032.26741,8185.88637,5392.38565,182.6933,247.87013,226.26523
2015-05-29,2019.68547,8135.42038,5359.0994,180.817,245.33089,223.94555
2015-06-01,2023.42536,8151.25052,5369.43122,182.24895,247.29699,225.73622
2015-06-02,2021.38284,8143.41922,5364.19812,178.28577,241.93106,220.83506
2015-06-03,2025.99502,8163.49695,5377.12782,176.51948,239.57816,218.6753
2015-06-04,2008.55462,8093.34762,5330.90012,174.74401,237.17208,216.47826
2015-06-05,2006.70664,8086.21739,5326.14255,177.29403,240.64252,219.64338
2015-06-08,1993.61809,8034.77816,5292.00377,174.64422,237.08434,216.38518
2015-06-09,1994.34275,8037.91458,5294.02887,174.08622,236.33318,215.69794
2015-06-10,2017.95409,8133.61769,5356.95719,175.24333,237.91986,217.14184
2015-06-11,2022.09235,8152.67876,5369.04311,176.66559,239.92088,218.94901
2015-06-12,2008.12234,8096.87008,5332.18696,174.9157,237.55957,216.78993
2015-06-15,1998.84005,8059.59624,5307.61009,174.33925,236.78115,216.07834
2015-06-16,2010.23961,8105.66193,5337.92647,175.63005,238.53725,217.68008
2015-06-17,2014.28522,8122.13387,5348.75109,175.99917,239.04327,218.14092
2015-06-18,2034.1484,8203.37275,5402.02389,175.09278,237.84542,217.03872
2015-06-19,2023.69133,8161.20115,5374.25337,175.33048,238.16831,217.33337
2015-06-22,2035.66583,8209.49226,5406.05367,175.32334,238.1586,217.32451
2015-06-23,2037.09523,8215.89283,5410.14287,178.78798,242.88377,221.63117
2015-06-24,2021.49908,8153.23742,5368.83585,177.40331,241.00995,219.91933
2015-06-25,2015.56322,8129.58541,5353.21871,176.75596,240.13903,219.12288
2015-06-26,2014.35311,8126.32454,5350.773,177.47438,241.16315,220.04509
2015-06-29,1972.20554,7957.08055,5239.17871,173.60514,235.92875,215.26267
2015-06-30,1978.10298,7981.3351,5255.05763,174.2571,236.82844,216.0798
2015-07-01,1991.70733,8038.09089,5292.05842,176.08771,239.37189,218.38523
2015-07-02,1991.00525,8035.25745,5290.19297,175.98601,239.23364,218.2591
2015-07-03,1991.00525,8035.25745,5290.19297,176.04942,239.31985,218.33774
2015-07-06,1983.33067,8004.55087,5269.13503,175.78254,238.965,217.9792
2015-07-07,1995.04295,8051.88652,5300.28153,179.06815,243.43357,222.05479
2015-07-08,1961.30331,7917.99754,5211.69627,173.9795,236.58402,215.78812
2015-07-09,1965.83715,7936.35747,5223.76982,174.68954,237.55124,216.66986
2015-07-10,1989.86186,8033.34856,5287.61007,174.80662,237.71045,216.81507
2015-07-13,2011.64729,8122.02884,5345.83605,179.32859,243.88155,222.43772
2015-07-14,2021.23989,8160.79519,5371.34451,180.35572,245.2795,223.71246
2015-07-15,2019.13055,8152.4222,5365.80614,180.88281,246.00067,224.36907
2015-07-16,2034.9423,8216.47099,5407.92117,183.18542,249.13851,227.22927
2015-07-17,2037.08436,8225.11996,5413.61376,184.22304,250.5497,228.51636
2015-07-20,2038.58338,8231.36535,5417.68628,184.1889,250.50914,228.47776
2015-07-21,2029.38024,8194.50239,5393.36525,182.18346,247.79061,225.99585
2015-07-22,2024.42804,8175.30398,5380.57893,182.43971,248.16337,226.3295
2015-07-23,2013.2367,8130.62047,5351.06962,179.9934,244.85115,223.30448
2015-07-24,1992.09658,8045.27677,5294.89529,178.31451,242.56828,221.22224
2015-07-27,1979.69379,7995.20173,5261.93612,175.03347,238.10539,217.15196
2015-07-28,2004.15097,8094.02705,5326.96634,178.22329,242.44621,221.11036
2015-07-29,2018.86692,8154.45546,5366.53975,179.62144,244.37804,222.86401
2015-07-30,2019.61809,8158.14634,5368.85429,181.45645,246.89448,225.15412
2015-07-31,2015.3078,8140.83693,5357.44292,179.037,243.60556,222.15397
2015-08-03,2009.26733,8116.43985,5341.38665,179.73674,244.55776,223.02229
2015-08-04,2004.91944,8099.12678,5329.94361,179.54417,244.30328,222.78815
2015-08-05,2011.4498,8128.41455,5348.64623,181.68717,247.30769,225.50389
2015-08-06,1994.82953,8063.43558,5305.45759,179.41815,244.28535,222.72991
2015-08-07,1989.17322,8040.8637,5290.55329,178.47602,243.01142,221.56618
2015-08-10,2014.93818,8145.18668,5359.16525,180.1127,245.24513,223.60159
2015-08-11,1995.55041,8068.22287,5308.24835,177.29783,241.45452,220.13397
2015-08-12,1997.31808,8077.13683,5313.76425,175.2029,238.65373,217.56621
2015-08-13,1994.91057,8068.57448,5307.89965,175.96673,239.72905,218.53699
2015-08-14,2002.59961,8099.69712,5328.36896,176.90728,241.01113,219.70553
2015-08-17,2013.56688,8145.55153,5358.24339,178.46238,243.17439,221.66553
2015-08-18,2008.24416,8125.45951,5344.75186,178.63584,243.4539,221.90891
2015-08-19,1991.40904,8057.82884,5300.1769,176.80186,240.96896,219.6402
2015-08-20,1948.44641,7883.98936,5185.83097,170.77856,232.75962,212.15748
2015-08-21,1887.31992,7637.82184,5023.70526,163.7322,223.19004,203.42664
2015-08-24,1812.5125,7335.28053,4824.67597,153.69013,209.50695,190.95377
2015-08-25,1788.58589,7238.53416,4761.02964,153.84764,209.72412,191.1512
2015-08-26,1857.28835,7517.15607,4944.18605,159.84823,217.92085,198.61791
2015-08-27,1903.04219,7703.11081,5066.34003,166.54612,227.07481,206.95482
2015-08-28,1904.97344,7711.84805,5071.90501,166.62599,227.21082,207.07136
2015-08-31,1888.73574,7646.98156,5029.12468,165.44897,225.63146,205.62712
2015-09-01,1833.03836,7421.83332,4880.98324,159.80698,217.94762,198.62167
2015-09-02,1866.42035,7558.21787,4970.43832,163.12296,222.50603,202.76614
2015-09-03,1869.0203,7569.14222,4977.54433,165.32279,225.51847,205.50811
2015-09-04,1840.7799,7455.33521,4902.5945,162.54649,221.74796,202.06766
2015-09-07,1840.7799,7455.33521,4902.5945,161.91285,220.88354,201.27996
2015-09-08,1886.80075,7642.58793,5025.56062,165.56761,225.89494,205.83962
2015-09-09,1860.71442,7537.56589,4956.37639,163.5417,223.14986,203.33314
2015-09-10,1870.29272,7576.9875,4982.17584,163.57793,223.21759,203.38985
2015-09-11,1878.66541,7613.26917,5005.56859,163.37126,223.00475,203.17709
2015-09-14,1870.9724,7582.57246,4985.29162,162.61582,221.98759,202.24653
2015-09-15,1894.70916,7678.86592,5048.58278,164.9418,225.16558,205.14115
2015-09-16,1911.2353,7746.11824,5092.75614,166.07851,226.72537,206.5605
2015-09-17,1906.65667,7728.76762,5081.11117,165.37319,225.79774,205.70574
2015-09-18,1876.29639,7605.89642,5000.29343,161.87449,221.02638,201.35739
2015-09-21,1883.95772,7637.03381,5020.74793,165.17784,225.53922,205.46799
2015-09-22,1860.4999,7542.13167,4958.31993,164.02222,223.96691,204.03406
2015-09-23,1856.20845,7525.10455,4947.06782,163.47502,223.2307,203.36099
2015-09-24,1849.61771,7498.38559,4929.50255,160.82386,219.61045,200.06297
2015-09-25,1848.05307,7492.07025,4925.34532,162.34164,221.68386,201.9516
2015-09-28,1799.07858,7295.88477,4795.92795,157.546,215.20479,196.03111
2015-09-29,1800.86603,7303.58284,4800.89963,157.54791,215.22064,196.04193
2015-09-30,1835.49587,7444.46675,4893.42092,161.39745,220.49238,200.84034
2015-10-01,1839.01485,7459.24099,4903.0334,161.10791,220.11164,200.48948
2015-10-02,1866.1893,7570.16495,4975.8065,162.45183,221.96832,202.17503
2015-10-05,1899.76933,7706.75314,5065.51155,166.31901,227.26324,206.9948
2015-10-06,1892.60955,7677.98601,5046.55069,164.93456,225.37965,205.27705
2015-10-07,1907.86562,7742.75912,5088.49924,166.64878,227.80688,207.4623
2015-10-08,1924.31776,7809.54666,5132.38785,167.48221,228.94673,208.5002
2015-10-09,1925.70235,7815.40812,5136.1922,166.46613,227.56481,207.23977
2015-10-12,1927.26278,7821.74109,5140.35415,166.33733,227.38874,207.07942
2015-10-13,1914.13663,7769.1936,5105.67771,165.18992,225.84125,205.6644
2015-10-14,1905.10406,7732.96194,5081.80138,163.51187,223.55953,203.58388
2015-10-15,1933.6459,7849.21256,5158.11847,166.68305,227.90681,207.53957
2015-10-16,1942.32994,7884.46352,5181.28368,167.57143,229.1215,208.64571
2015-10-19,1942.58449,7885.60714,5182.01346,168.58621,230.51224,209.91128
2015-10-20,1939.41743,7872.95744,5173.66003,167.82909,229.48303,208.97241
2015-10-21,1927.20795,7824.34766,5141.53643,166.59628,227.82511,207.4554
2015-10-22,1957.94191,7949.31687,5223.61852,172.19514,235.48737,214.43104
2015-10-23,1979.04424,8035.02581,5279.93274,176.07038,240.78798,219.25742
2015-10-26,1975.49321,8020.66545,5270.48509,175.49993,240.00956,218.54814
2015-10-27,1970.63624,8000.95464,5257.53111,175.04468,239.38724,217.98139
2015-10-28,1994.80957,8099.86039,5322.37356,176.94371,242.00701,220.36071
2015-10-29,1993.30134,8094.64968,5318.77788,178.50374,244.16823,222.32143
2015-10-30,1984.45823,8058.73846,5295.18158,176.32829,241.19252,219.61197
2015-11-02,2008.3592,8155.81259,5358.96362,178.64607,244.36333,222.49897
2015-11-03,2013.71257,8177.68281,5373.30822,180.47156,246.8643,224.77508
2015-11-04,2007.26405,8154.27472,5357.38782,181.39255,248.2087,225.97642
2015-11-05,2004.51451,8144.74639,5350.81118,181.11073,247.87302,225.65747
2015-11-06,2003.77328,8142.65775,5349.25709,183.10002,250.62403,228.15416
2015-11-09,1984.41873,8065.83694,5298.43559,181.27238,248.17869,225.91293
2015-11-10,1987.36793,8079.80112,5307.21905,182.41609,249.80565,227.37724
2015-11-11,1980.55221,8052.09129,5289.01784,181.19743,248.13678,225.85821
2015-11-12,1952.87791,7941.06637,5215.80253,178.23361,244.12377,222.1932
2015-11-13,1931.46372,7854.05421,5158.64844,176.657,241.96632,220.22943
2015-11-16,1959.83574,7970.77867,5235.04936,179.49451,245.89459,223.79346
2015-11-17,1957.17593,7961.55814,5228.67882,180.37012,247.1437,224.91676
2015-11-18,1988.89194,8091.16676,5313.68833,183.35327,251.24959,228.64867
2015-11-19,1986.32078,8081.0417,5306.99875,181.58978,248.84337,226.45719
2015-11-20,1993.62432,8111.9437,5327.06664,183.39337,251.35178,228.73023
2015-11-23,1991.36719,8103.06619,5321.17642,184.0742,252.29444,229.58544
2015-11-24,1994.39566,8115.63155,5329.39175,183.97297,252.16322,229.46447
2015-11-25,1994.61917,8117.39126,5330.37982,184.66174,253.1338,230.34045
2015-11-26,1994.61917,8117.39126,5330.37982,184.36611,252.72856,229.97169
2015-11-27,1995.91383,8124.4922,5334.68181,184.91241,253.53459,230.68954
2015-11-30,1986.56301,8086.84809,5309.81807,184.62116,253.14838,230.33179
2015-12-01,2007.40708,8172.32332,5365.81818,185.74928,254.71467,231.75161
2015-12-02,1985.15162,8083.60489,5307.19568,184.28933,252.77162,229.96763
2015-12-03,1956.30374,7966.45406,5230.22181,176.95028,242.71507,220.81582
2015-12-04,1995.27756,8125.21586,5334.44343,179.86224,246.71089,224.45067
2015-12-07,1980.53981,8065.75592,5295.29682,179.12595,245.71787,223.54263
2015-12-08,1968.53377,8017.50711,5263.49352,177.73711,243.83235,221.82191
2015-12-09,1953.02461,7954.85591,5222.26368,174.86498,239.90769,218.24738
2015-12-10,1957.4883,7973.89195,5234.59222,175.67328,241.04249,219.27266
2015-12-11,1919.5142,7820.48723,5133.63629,171.32543,235.11539,213.87042
2015-12-14,1927.43954,7853.29769,5155.07365,171.557,235.44879,214.16952
2015-12-15,1948.0526,7937.3998,5210.25748,175.08261,240.29089,218.57306
2015-12-16,1976.45149,8053.8145,5286.54562,177.26976,243.31386,221.31742
2015-12-17,1946.76131,7934.0252,5207.68303,176.37158,242.11751,220.21939
2015-12-18,1913.01088,7796.58392,5117.44886,173.14607,237.69294,216.19409
2015-12-21,1927.27318,7855.58825,5156.00477,173.27057,237.89043,216.36647
2015-12-22,1944.05029,7924.74803,5201.25968,173.99797,238.91251,217.2903
2015-12-23,1968.55358,8025.21814,5267.08625,177.60003,243.87617,221.7999
2015-12-24,1965.39278,8012.36254,5258.64298,176.0366,241.73022,219.84795
2015-12-25,1965.39278,8012.36254,5258.64298,176.0366,241.73022,219.84795
2015-12-28,1961.1489,7995.07944,5247.29625,175.44835,240.92299,219.11365
2015-12-29,1981.71201,8080.62665,5303.125,178.35274,244.96329,222.77488
2015-12-30,1967.51991,8023.61679,5265.48427,176.95377,243.06789,221.04165
2015-12-31,1949.70284,7950.97414,5217.80951,176.16652,241.98699,220.05857
2016-01-01,1949.70284,7950.97414,5217.80951,176.16652,241.98699,220.05857
2016-01-04,1919.95269,7831.3959,5138.99316,174.41771,239.63816,217.90802
2016-01-05,1923.6212,7846.35958,5148.81239,176.11202,241.96602,220.02479
2016-01-06,1897.552,7742.70399,5080.2657,173.25667,238.12536,216.50993
2016-01-07,1852.16592,7557.73739,4958.85817,167.81697,230.65587,209.71659
2016-01-08,1831.87703,7474.97172,4904.54862,164.87525,226.61332,206.04084
2016-01-11,1832.50499,7477.53412,4906.22989,165.71434,227.76661,207.08943
2016-01-12,1846.31185,7533.90958,4943.21228,167.39473,230.07734,209.19008
2016-01-13,1799.47603,7343.60571,4818.18895,162.79501,223.77991,203.45762
2016-01-14,1829.01105,7464.26485,4897.3291,165.61963,227.66656,206.99025
2016-01-15,1789.56282,7303.57121,4791.83918,160.38297,220.477,200.45119
2016-01-18,1789.56282,7303.57121,4791.83918,161.51113,222.02787,201.8612
2016-01-19,1789.1877,7302.05919,4790.84343,161.13649,221.51344,201.39334
2016-01-20,1768.7757,7219.7943,4736.66834,159.32009,219.04802,199.14338
2016-01-21,1777.24593,7254.58114,4759.4489,161.17012,221.59813,201.45998
2016-01-22,1814.12411,7405.11504,4858.20835,164.49924,226.17543,205.62132
2016-01-25,1785.35007,7287.71896,4781.17806,161.77054,222.4254,202.2116
2016-01-26,1810.99097,7392.39584,4849.84999,163.85184,225.28744,204.81344
2016-01-27,1790.61108,7310.14007,4795.70638,161.67263,222.31956,202.10774
2016-01-28,1799.32607,7346.34104,4819.34135,161.44223,222.02152,201.83202
2016-01-29,1843.87699,7528.36714,4938.72794,167.25894,230.02494,209.10654
2016-02-01,1843.52234,7527.15799,4937.88771,166.10615,228.44679,207.66993
2016-02-02,1808.35526,7383.76831,4843.78363,162.83287,223.95105,203.58143
2016-02-03,1817.25987,7422.55015,4868.74782,161.4281,222.09152,201.87126
2016-02-04,1820.44536,7437.06218,4877.97148,159.96656,220.12517,200.07182
2016-02-05,1784.73426,7291.52755,4782.45051,157.2015,216.33081,196.62046
2016-02-08,1757.65527,7181.56574,4710.1958,154.7608,212.99192,193.58038
2016-02-09,1755.83667,7175.58046,4705.98583,152.38613,209.766,190.63694
2016-02-10,1756.10565,7179.01719,4707.77985,153.97516,212.0224,192.66876
2016-02-11,1734.24449,7091.00841,4649.79876,150.06105,206.67236,187.79626
2016-02-12,1768.52202,7231.8959,4742.10283,154.38119,212.64383,193.21907
2016-02-15,1768.52202,7231.8959,4742.10283,155.75953,214.54235,194.94416
2016-02-16,1798.82639,7358.10476,4824.42023,158.42853,218.28648,198.32816
2016-02-17,1828.95745,7482.26079,4905.65616,161.24142,222.18902,201.86696
2016-02-18,1820.12544,7446.52282,4882.15026,160.95432,221.80512,201.51509
2016-02-19,1820.17124,7447.7368,4882.74426,160.85692,221.70146,201.41259
2016-02-22,1846.6034,7555.90256,4953.65564,164.36196,226.53262,205.80153
2016-02-23,1823.57229,7462.11484,4892.07972,162.36354,223.79181,203.30786
2016-02-24,1831.6952,7495.74535,4914.06215,163.11637,224.84119,204.25848
2016-02-25,1852.65748,7583.29195,4971.13471,164.81861,227.24044,206.42475
2016-02-26,1850.00458,7573.3102,4964.4188,166.18678,229.15331,208.15516
2016-02-29,1834.97449,7512.49551,4924.41353,165.76203,228.58934,207.63695
2016-03-01,1878.9355,7692.57439,5042.20022,169.82702,234.19808,212.72087
2016-03-02,1886.99158,7726.95096,5064.45867,171.05133,235.92902,214.28148
2016-03-03,1894.13651,7756.99058,5084.001,170.06557,234.59303,213.06193
2016-03-04,1900.16118,7781.837,5100.02609,169.44401,233.74085,212.27717
2016-03-07,1901.91524,7789.53032,5104.972,169.96329,234.47254,212.93765
2016-03-08,1879.90287,7700.74658,5046.51691,166.93228,230.33211,209.16632
2016-03-09,1889.16954,7739.97749,5071.97841,168.41029,232.40963,211.04264
2016-03-10,1888.91974,7739.46474,5071.54201,166.3335,229.55876,208.44974
2016-03-11,1920.63561,7871.60825,5157.7049,168.93687,233.21671,211.75373
2016-03-14,1918.07442,7861.62043,5151.05971,169.50145,234.01126,212.471
2016-03-15,1913.73714,7844.06591,5139.51394,169.04206,233.38367,211.89937
2016-03-16,1924.83033,7890.05074,5169.55817,170.59766,235.54676,213.8598
2016-03-17,1937.36591,7941.52684,5203.26755,168.03675,232.01355,210.65117
2016-03-18,1946.02279,7977.13422,5226.5735,169.1613,233.56982,212.06318
2016-03-21,1948.10592,7985.70511,5232.18286,169.82366,234.4853,212.89412
2016-03-22,1947.00199,7982.33273,5229.76164,170.22634,235.07525,213.4211
2016-03-23,1933.88226,7928.56347,5194.53004,169.85848,234.56782,212.96026
2016-03-24,1933.49448,7927.01546,5193.50969,169.99936,234.76362,213.13777
2016-03-25,1933.49448,7927.01546,5193.50969,169.99936,234.76362,213.13777
2016-03-28,1934.37214,7930.67023,5195.89306,169.29553,233.79331,212.25639
2016-03-29,1951.91148,8004.40917,5243.87486,171.2811,236.58943,214.78145
2016-03-30,1960.2622,8039.49442,5266.69482,169.44617,234.07933,212.49605
2016-03-31,1957.21579,8027.0077,5258.51329,168.58156,232.88513,211.4119
2016-04-01,1969.88346,8079.04379,5292.58597,170.42793,235.4382,213.72891
2016-04-04,1963.51807,8054.61864,5276.25465,169.33243,233.97365,212.3861
2016-04-05,1943.71279,7973.39381,5223.04379,167.71285,231.73636,210.35509
2016-04-06,1964.9407,8063.23742,5281.35356,169.5594,234.36815,212.72218
2016-04-07,1941.3577,7966.74186,5218.09504,167.41398,231.4108,210.03576
2016-04-08,1946.71594,7988.82227,5232.53933,167.50078,231.53345,210.14636
2016-04-11,1941.01829,7965.44058,5217.22473,166.49242,230.13961,208.88127
2016-04-12,1959.46427,8041.37922,5266.91585,169.07196,233.71227,212.12201
2016-04-13,1979.81633,8126.08623,5322.18328,172.22088,238.09981,216.09556
2016-04-14,1979.73991,8126.56758,5322.34234,172.52768,238.54731,216.49535
2016-04-15,1978.05021,8119.63158,5317.79974,171.85402,237.61587,215.65001
2016-04-18,1990.79613,8172.10334,5352.13536,172.48809,238.49699,216.44847
2016-04-19,1996.64778,8196.12405,5367.86719,172.28033,238.20973,216.18777
2016-04-20,1998.37862,8203.67305,5372.73139,173.06867,239.31271,217.18555
2016-04-21,1988.73876,8164.29061,5346.90165,172.90509,239.09209,216.98381
2016-04-22,1989.45979,8167.28573,5348.85629,173.72178,240.22245,218.00936
2016-04-25,1985.89844,8152.66844,5339.28265,172.97991,239.19667,217.07842
2016-04-26,1989.9471,8169.29927,5350.17243,172.73473,238.85793,216.77092
2016-04-27,1992.93128,8182.17416,5358.48339,172.95553,239.1815,217.05967
2016-04-28,1974.55794,8107.31058,5309.35102,171.28529,236.88836,214.97439
2016-04-29,1964.63428,8066.67116,5282.71607,168.36361,232.85073,211.30944
2016-05-02,1980.15283,8130.43295,5324.46492,168.80919,233.46822,211.86951
2016-05-03,1962.28449,8057.28253,5276.51762,167.2278,231.28733,209.88868
2016-05-04,1950.61346,8011.0576,5245.91996,166.5948,230.46066,209.1255
2016-05-05,1949.77214,8009.43039,5244.49529,167.88148,232.29363,210.77434
2016-05-06,1955.84795,8035.42268,5261.317,168.05818,232.56803,211.01539
2016-05-09,1957.63877,8042.826,5266.16221,168.58101,233.29288,211.67298
2016-05-10,1982.21173,8143.94222,5332.33819,170.73454,236.27771,214.37994
2016-05-11,1963.43453,8070.89022,5283.71225,168.5625,233.39025,211.72825
2016-05-12,1962.98895,8069.86069,5282.88072,168.9528,233.9539,212.23326
2016-05-13,1946.66085,8003.32766,5239.20907,169.11193,234.19158,212.44416
2016-05-16,1965.71569,8082.52462,5290.88546,170.27747,235.83066,213.92423
2016-05-17,1947.14165,8008.53769,5241.98922,168.59413,233.56881,211.85374
2016-05-18,1947.55694,8011.39882,5243.63556,169.47477,234.82264,212.9818
2016-05-19,1940.25392,7981.44051,5224.01087,169.96185,235.49998,213.59548
2016-05-20,1952.72195,8033.94808,5258.16599,170.93198,236.88015,214.8386
2016-05-23,1948.53275,8016.97831,5247.00725,170.77088,236.66473,214.6411
2016-05-24,1975.14852,8126.69343,5318.7735,173.70841,240.7419,218.33718
2016-05-25,1988.80499,8183.36556,5355.79025,175.16057,242.76877,220.17237
2016-05-26,1988.26014,8182.26757,5354.84981,174.48631,241.86809,219.34643
2016-05-27,1996.90665,8219.31971,5378.87257,176.0795,244.12016,221.37951
2016-05-30,1996.90665,8219.31971,5378.87257,175.97675,243.97769,221.25031
2016-05-31,1995.55609,8214.23107,5375.45915,175.94461,243.94711,221.21915
2016-06-01,1998.16213,8226.3209,5383.1033,175.54364,243.43148,220.74059
2016-06-02,2004.69928,8254.14114,5401.13011,176.31521,244.52832,221.72787
2016-06-03,1998.82579,8230.08249,5385.36272,173.12267,240.10429,217.71536
2016-06-06,2008.52609,8270.20855,5411.58284,173.44247,240.55322,218.12096
2016-06-07,2011.07887,8280.91,5418.54795,173.84645,241.11904,218.63252
2016-06-08,2017.66129,8309.65748,5437.03834,173.81844,241.12788,218.62765
2016-06-09,2013.84364,8294.26823,5426.90362,174.53121,242.12641,219.53035
2016-06-10,1994.56293,8214.98139,5375.00464,173.28865,240.40622,217.96981
2016-06-13,1979.18401,8154.07012,5334.67669,171.90688,238.56034,216.27698
2016-06-14,1975.89425,8141.08648,5326.07048,173.00666,240.10335,217.67129
2016-06-15,1972.70952,8128.57769,5317.78314,172.34346,239.20098,216.84899
2016-06-16,1978.55324,8153.94491,5334.12497,174.2264,241.85258,219.24238
2016-06-17,1972.15026,8127.60881,5316.88635,172.08782,238.88542,216.55221
2016-06-20,1983.81039,8175.85816,5348.4115,171.75396,238.42768,216.1357
2016-06-21,1988.83258,8197.2428,5362.26595,173.19706,240.45112,217.96449
2016-06-22,1985.28928,8182.71112,5352.74575,172.71992,239.79084,217.36538
2016-06-23,2012.22401,8293.82565,5425.41235,174.00674,241.58022,218.98663
2016-06-24,1939.50736,7994.10792,5229.35177,171.26443,237.77296,215.53545
2016-06-27,1903.57643,7846.01065,5132.47383,170.22798,236.33403,214.23109
2016-06-28,1937.70083,7988.58496,5225.39296,172.11136,239.00632,216.63912
2016-06-29,1970.85661,8126.29666,5315.27107,174.22859,241.97684,219.32338
2016-06-30,1997.33294,8235.48088,5386.68341,176.46586,245.08454,222.14001
2016-07-01,2001.45582,8253.94159,5398.47154,176.47271,245.13745,222.17616
2016-07-04,2001.45582,8253.94159,5398.47154,176.38556,245.01639,222.06645
2016-07-05,1987.42452,8196.64082,5360.88346,175.59834,243.93965,221.086
2016-07-06,1998.18528,8243.7823,5391.19083,177.14709,246.17362,223.08896
2016-07-07,1997.08689,8240.07591,5388.60507,177.03372,246.04072,222.96183
2016-07-08,2027.71479,8366.47965,5471.26071,180.36777,250.67531,227.16143
2016-07-11,2034.67182,8395.18483,5490.03247,180.79819,251.2735,227.70351
2016-07-12,2048.45336,8452.08601,5527.23561,181.63637,252.43953,228.75986
2016-07-13,2048.49197,8453.02588,5527.6971,181.08359,251.69452,228.07842
2016-07-14,2059.03265,8496.70336,5556.2245,181.99898,252.97227,229.23484
2016-07-15,2057.21131,8489.18753,5551.30969,182.39646,253.52474,229.73548
2016-07-18,2062.12498,8509.79464,5564.72039,182.91473,254.255,230.39452
2016-07-19,2059.03085,8497.22734,5556.46289,183.53593,255.12453,231.18081
2016-07-20,2068.39909,8536.91557,5582.22147,184.40448,256.36271,232.29471
2016-07-21,2061.74462,8509.58381,5564.3233,184.00342,255.80915,231.79202
2016-07-22,2071.13161,8548.36473,5589.6744,185.18636,257.45484,233.2829
2016-07-25,2065.13185,8523.64604,5573.50238,184.70879,256.79225,232.68216
2016-07-26,2066.01129,8527.52548,5575.99012,184.61081,256.66355,232.5635
2016-07-27,2063.25214,8516.49449,5568.7087,184.28038,256.21491,232.15413
2016-07-28,2067.02982,8532.84115,5579.25708,183.05203,254.52954,230.62124
2016-07-29,2070.68357,8548.02318,5589.16451,181.75215,252.72502,228.98542
2016-08-01,2068.10328,8537.39874,5582.21232,181.70441,252.65945,228.92578
2016-08-02,2054.83853,8482.86397,5546.51064,179.6945,249.87126,226.39772
2016-08-03,2061.76918,8513.96474,5566.36766,181.12357,251.9321,228.24535
2016-08-04,2062.34649,8518.42176,5568.87502,181.73545,252.84472,229.05544
2016-08-05,2079.18864,8588.16532,5614.43464,184.34501,256.48066,232.34784
2016-08-08,2077.41606,8581.629,5610.01435,184.12133,256.19289,232.08106
2016-08-09,2078.64151,8587.00748,5613.46837,183.60821,255.48833,231.44025
2016-08-10,2072.64547,8565.24802,5598.65343,182.24215,253.67664,229.77486
2016-08-11,2082.32601,8606.33524,5625.29778,182.83946,254.54009,230.54825
2016-08-12,2080.79547,8600.47693,5621.40342,182.6969,254.35545,230.37834
2016-08-15,2086.8918,8626.6801,5638.33306,182.92944,254.70888,230.69039
2016-08-16,2075.10182,8579.38013,5607.1463,180.88633,251.90627,228.141
2016-08-17,2078.44998,8595.28277,5617.14078,180.92913,252.02628,228.23348
2016-08-18,2083.15653,8614.9493,5629.95336,180.49842,251.43223,227.6939
2016-08-19,2080.25167,8604.1091,5622.63922,180.30243,251.19346,227.46838
2016-08-22,2079.62657,8601.67054,5621.01686,180.1687,251.01144,227.30238
2016-08-23,2083.77407,8619.0566,5632.34244,180.65559,251.69653,227.92131
2016-08-24,2072.50521,8572.90899,5602.11563,180.83665,251.96241,228.15921
2016-08-25,2069.88235,8562.19792,5595.08917,180.07951,250.91154,227.20651
2016-08-26,2066.64917,8548.99674,5586.42875,179.82213,250.55799,226.88499
2016-08-29,2077.3591,8594.44295,5615.90196,182.59118,254.45013,230.4002
2016-08-30,2073.23717,8578.74479,5605.37861,182.48217,254.33839,230.28811
2016-08-31,2068.57176,8560.95593,5593.45816,182.30039,254.13004,230.08723
2016-09-01,2069.00951,8562.86003,5594.68412,181.43485,252.92619,228.99654
2016-09-02,2078.04709,8600.71895,5619.39387,182.72529,254.73859,230.6364
2016-09-05,2078.04709,8600.71895,5619.39387,183.00399,255.12714,230.98818
2016-09-06,2084.32916,8626.89672,5636.46272,182.03017,253.77474,229.76232
2016-09-07,2084.19466,8628.35597,5637.02333,181.96176,253.73865,229.71364
2016-09-08,2079.27642,8608.35372,5623.88527,181.01713,252.43192,228.52778
2016-09-09,2028.25697,8397.25426,5485.94838,177.56771,247.62532,224.17534
2016-09-12,2057.97007,8520.70067,5566.51192,180.03251,251.07526,227.29513
2016-09-13,2027.52131,8397.21474,5485.3385,177.02173,246.95234,223.54229
2016-09-14,2026.54808,8393.77351,5482.97505,176.84238,246.71946,223.32678
2016-09-15,2047.04494,8480.00115,5539.05666,178.69454,249.34263,225.6913
2016-09-16,2039.51382,8448.90706,5518.72591,179.32897,250.23098,226.49455
2016-09-19,2039.93842,8450.79227,5519.93792,179.04552,249.83919,226.13913
2016-09-20,2040.39017,8452.89509,5521.26611,179.28557,250.181,226.44666
2016-09-21,2062.56298,8544.99633,5581.37702,181.73006,253.59936,229.53875
2016-09-22,2076.16287,8601.94925,5618.45771,181.28472,252.99585,228.98763
2016-09-23,2064.63141,8554.17217,5587.25159,180.6233,252.07278,228.15215
2016-09-26,2047.19,8482.62305,5540.38083,178.33448,248.89952,225.27443
2016-09-27,2059.855,8535.47735,5574.84927,180.56755,252.02731,228.10316
2016-09-28,2070.83583,8583.0566,5605.54717,181.62746,253.56806,229.48218
2016-09-29,2051.31086,8502.40669,5552.82389,179.29814,250.32425,226.5444
2016-09-30,2067.66045,8570.21465,5597.10044,180.59051,252.12977,228.17808
2016-10-03,2061.11051,8544.12694,5579.85499,180.33938,251.81043,227.88058
2016-10-04,2050.96657,8502.84163,5552.74312,180.41679,251.9412,227.99277
2016-10-05,2059.70704,8542.38428,5577.91846,180.50622,252.16369,228.16761
2016-10-06,2059.64768,8542.37475,5577.86587,181.01011,252.87461,228.80898
2016-10-07,2052.89093,8514.62692,5559.69351,180.28716,251.8728,227.90029
2016-10-10,2062.13247,8552.9574,5584.72171,181.41528,253.44886,229.32635
2016-10-11,2036.3391,8446.0332,5514.89352,180.7418,252.50968,228.47609
2016-10-12,2038.50168,8455.6885,5521.0637,181.68952,253.8543,229.68714
2016-10-13,2032.01342,8429.07038,5503.62583,180.81569,252.64223,228.58806
2016-10-14,2032.11982,8429.51422,5503.91514,181.26886,253.27549,229.16101
2016-10-17,2026.09052,8404.72985,5487.68832,180.92012,252.79501,228.72444
2016-10-18,2038.62956,8456.7479,5521.65181,182.33838,254.77681,230.5175
2016-10-19,2043.14266,8476.62525,5534.43156,182.85035,255.527,231.18797
2016-10-20,2039.9737,8464.04439,5525.99778,183.26018,256.11688,231.71244
2016-10-21,2040.11271,8464.65899,5526.39163,184.19991,257.43135,232.90135
2016-10-24,2050.29168,8506.93784,5553.98573,184.88935,258.39627,233.77395
2016-10-25,2042.13767,8473.35866,5532.01311,184.57799,257.96882,233.38515
2016-10-26,2038.44825,8458.15987,5522.07046,183.26572,256.13808,231.72804
2016-10-27,2031.85831,8431.21128,5504.39916,182.65652,255.29861,230.96533
2016-10-28,2025.89056,8406.90926,5488.45049,181.94507,254.31817,230.07486
2016-10-31,2026.09809,8407.79818,5489.0254,181.41592,253.57938,229.40627
2016-11-01,2012.24426,8350.39521,5451.53288,178.84578,249.98949,226.15789
2016-11-02,1998.40597,8294.02888,5414.52672,176.42567,246.6382,223.11752
2016-11-03,1989.28126,8259.08288,5391.14789,175.99211,246.11923,222.62471
2016-11-04,1986.32723,8247.04086,5383.24385,175.2805,245.13068,221.72873
2016-11-07,2029.95054,8428.24519,5501.51493,180.56665,252.52592,228.41756
2016-11-08,2037.71531,8464.48513,5524.38697,181.06043,253.33624,229.11802
2016-11-09,2060.1789,8558.3993,5585.56255,184.72027,258.47521,233.76078
2016-11-10,2062.89324,8570.44731,5593.28441,186.11977,260.45697,235.54711
2016-11-11,2060.23594,8559.40733,5586.07945,186.291,260.69658,235.7638
2016-11-14,2060.52417,8561.84173,5587.42602,188.61062,263.98081,238.72358
2016-11-15,2075.84373,8627.40173,5629.83737,189.91549,265.8658,240.4123
2016-11-16,2072.82219,8617.1426,5622.69778,190.5984,266.89301,241.32207
2016-11-17,2082.87227,8659.39123,5650.17338,191.53148,268.21411,242.51266
2016-11-18,2078.05148,8640.67748,5637.7124,192.88622,270.15276,244.2547
2016-11-21,2093.57433,8705.34316,5679.88068,193.44895,270.94467,244.96967
2016-11-22,2098.0219,8724.22666,5692.14431,194.45486,272.36572,246.25201
2016-11-23,2099.69804,8731.53041,5696.84432,195.68193,274.09492,247.81258
2016-11-24,2099.69804,8731.53041,5696.84432,195.09842,273.27758,247.07361
2016-11-25,2108.13444,8766.78827,5719.84025,195.12497,273.32023,247.11184
2016-11-28,2096.7633,8720.61943,5689.50324,194.43919,272.39457,246.26566
2016-11-29,2099.52145,8734.21752,5697.95864,194.05328,271.92015,245.81879
2016-11-30,2093.61078,8711.43936,5682.74441,193.71675,271.50502,245.4282
2016-12-01,2084.99577,8675.91577,5659.50802,192.85599,270.30869,244.34404
2016-12-02,2085.47953,8677.94965,5660.83292,192.01409,269.12932,243.27787
2016-12-05,2098.33744,8732.28625,5696.17443,192.03605,269.18579,243.32449
2016-12-06,2105.79651,8763.53116,5716.51598,192.56607,269.93502,244.00005
2016-12-07,2132.84525,8877.76702,5790.70917,194.45982,272.6409,246.43217
2016-12-08,2137.62287,8898.54718,5804.08857,197.72384,277.24504,250.58617
2016-12-09,2149.29622,8947.20585,5835.81361,200.2092,280.732,253.73728
2016-12-12,2146.56662,8936.31608,5828.62402,198.60726,278.50052,251.71663
2016-12-13,2160.59248,8996.21023,5867.40102,199.29443,279.51081,252.61735
2016-12-14,2142.93627,8923.30984,5819.76884,197.44315,276.93351,250.28433
2016-12-15,2150.96139,8957.10881,5841.73775,202.71135,284.33481,256.97012
2016-12-16,2147.61104,8943.4017,5832.75027,202.50255,284.0497,256.71034
2016-12-19,2151.49366,8959.93699,5843.47152,202.33412,283.82506,256.50456
2016-12-20,2159.33356,8993.81555,5865.32588,204.22589,286.51791,258.92759
2016-12-21,2154.07571,8972.24006,5851.20915,202.65461,284.32375,256.94269
2016-12-22,2149.75791,8955.43664,5840.01977,201.79386,283.15347,255.87498
2016-12-23,2152.84308,8969.12917,5848.78454,201.98688,283.45086,256.13652
2016-12-26,2152.84308,8969.12917,5848.78454,201.98688,283.45086,256.13652
2016-12-27,2157.74523,8989.63094,5862.13842,202.51457,284.19386,256.80725
2016-12-28,2139.6249,8915.92167,5813.75588,202.05038,283.5992,256.25593
2016-12-29,2139.09406,8914.14768,5812.51344,200.16117,280.9613,253.86862
2016-12-30,2129.35574,8873.98276,5786.2421,198.15426,278.15733,251.3315
2017-01-02,2129.35574,8873.98276,5786.2421,198.15426,278.15733,251.3315
2017-01-03,2147.47372,8949.72661,5835.58398,202.98685,284.94862,257.46577
2017-01-04,2160.92788,9007.73748,5873.02996,202.47446,284.29055,256.85457
2017-01-05,2159.39834,9001.47087,5868.92278,199.94528,280.74278,253.64826
2017-01-06,2167.35205,9037.2932,5891.75709,201.1181,282.47291,255.18882
2017-01-09,2159.95024,9006.46043,5871.64999,200.849,282.09592,254.84798
2017-01-10,2160.18274,9007.48738,5872.30825,200.17842,281.15587,253.99825
2017-01-11,2165.94809,9032.33717,5888.35041,203.08055,285.25755,257.69681
2017-01-12,2161.51904,9014.05012,5876.39299,199.14596,279.73649,252.70764
2017-01-13,2166.02924,9032.85874,5888.65461,200.09679,281.0721,253.9142
2017-01-16,2166.02924,9032.85874,5888.65461,200.47415,281.60218,254.39306
2017-01-17,2159.45051,9005.42388,5870.76942,198.21117,278.42341,251.52143
2017-01-18,2163.63935,9024.32668,5882.81295,198.59565,279.00783,252.03741
2017-01-19,2156.05579,8992.85288,5862.26509,199.42884,280.18325,253.09789
2017-01-20,2162.76645,9021.07683,5880.61797,198.79438,279.29914,252.29728
2017-01-23,2157.41074,8998.99594,5866.17349,197.04732,276.85252,250.08504
2017-01-24,2172.00537,9059.88771,5905.86414,198.22353,278.50556,251.57813
2017-01-25,2189.33825,9132.22423,5953.01747,200.04719,281.06896,253.89366
2017-01-26,2187.16795,9123.33839,5947.19241,201.22573,282.72999,255.3927
2017-01-27,2185.47167,9116.83067,5942.83918,200.37474,281.55186,254.32372
2017-01-30,2172.2814,9062.30854,5907.2081,199.43551,280.24765,253.14176
2017-01-31,2171.1879,9057.80165,5904.25957,197.1955,277.10165,250.29959
2017-02-01,2171.8468,9062.52254,5906.9512,198.13537,278.48298,251.53089
2017-02-02,2173.32972,9069.22083,5911.22411,197.39916,277.46383,250.60643
2017-02-03,2189.44214,9137.27382,5955.4207,199.18518,279.99928,252.88968
2017-02-06,2184.89551,9118.33596,5943.07035,199.67842,280.69377,253.51662
2017-02-07,2185.34092,9120.62027,5944.476,200.7002,282.14328,254.82222
2017-02-08,2187.08057,9130.71178,5950.49973,200.49416,281.94104,254.61588
2017-02-09,2199.59165,9184.54212,5985.2685,202.44465,284.73344,257.12422
2017-02-10,2207.20224,9216.86343,6006.22514,203.92912,286.8382,259.02032
2017-02-13,2218.5143,9266.37421,6038.10438,205.32216,288.86848,260.83707
2017-02-14,2227.44958,9306.20403,6063.58258,206.95896,291.2498,262.9667
2017-02-15,2238.44374,9353.42468,6094.09817,207.79359,292.46463,264.05265
2017-02-16,2236.23506,9345.09178,6088.49381,205.69184,289.53423,261.39941
2017-02-17,2240.17151,9361.73367,6099.29883,206.8584,291.18226,262.88568
2017-02-20,2240.17151,9361.73367,6099.29883,207.02395,291.41529,263.09606
2017-02-21,2253.75157,9418.49615,6136.27821,209.94929,295.53346,266.81394
2017-02-22,2251.15256,9408.41982,6129.5784,209.56795,295.02128,266.34568
2017-02-23,2251.51052,9411.00252,6131.04865,208.63167,293.73715,265.17717
2017-02-24,2254.9231,9427.46473,6141.35173,209.41249,294.90523,266.21341
2017-02-27,2257.55227,9439.80992,6149.12936,208.79729,294.08103,265.45797
2017-02-28,2251.28854,9413.93228,6132.22078,207.95343,292.90226,264.3917
2017-03-01,2281.0097,9539.93145,6213.96139,212.096,298.79088,269.69259
2017-03-02,2267.52465,9484.26968,6177.59457,211.43299,297.88001,268.86561
2017-03-03,2268.59627,9489.02307,6180.64126,210.81195,297.01354,268.08139
2017-03-06,2261.211,9458.34367,6160.62143,209.42181,295.06156,266.31796
2017-03-07,2254.66964,9431.57787,6143.0713,209.16136,294.71323,265.99852
2017-03-08,2249.28182,9411.7326,6129.62231,209.14584,294.77569,266.03218
2017-03-09,2250.92333,9418.6953,6134.13855,208.80396,294.29677,265.59917
2017-03-10,2258.55713,9450.84148,6155.03471,208.02773,293.20904,264.6158
2017-03-13,2260.04763,9460.10858,6160.48344,207.92112,293.15268,264.53974
2017-03-14,2252.73428,9429.91389,6140.73889,207.71556,292.87582,264.2864
2017-03-15,2271.6603,9509.46444,6192.47824,209.74636,295.74937,266.87669
2017-03-16,2268.39146,9496.12213,6183.75866,207.37672,292.41862,263.86978
2017-03-17,2265.86039,9485.58241,6176.88437,207.04891,291.9581,263.45375
2017-03-20,2260.96413,9465.34879,6163.66912,206.37095,291.01022,262.59674
2017-03-21,2232.22648,9345.99096,6085.75979,202.68299,285.83876,257.92234
2017-03-22,2236.44498,9363.96621,6097.42074,203.22582,286.61389,258.6199
2017-03-23,2234.00336,9353.84732,6090.8114,203.27683,286.68902,258.68683
2017-03-24,2232.45697,9347.37256,6086.59532,202.78833,286.00008,258.06518
2017-03-27,2230.55842,9339.43197,6081.42305,201.14528,283.68309,255.97443
2017-03-28,2246.55727,9406.49879,6125.07855,202.90492,286.16718,258.21523
2017-03-29,2249.51249,9421.05957,6134.16531,205.39255,289.74286,261.42484
2017-03-30,2255.71058,9447.31056,6151.20039,206.24625,290.95619,262.51715
2017-03-31,2250.90586,9427.21809,6138.11436,206.56702,291.40965,262.92612
2017-04-03,2246.83875,9410.65497,6127.23807,207.0261,292.0719,263.51968
2017-04-04,2248.24317,9417.99723,6131.73341,206.95151,292.01194,263.45334
2017-04-05,2240.92697,9388.25638,6112.19301,206.27806,291.0898,262.61377
2017-04-06,2245.67246,9410.82331,6126.36053,206.82156,291.94009,263.35833
2017-04-07,2243.73729,9402.74614,6121.09603,207.4316,292.80221,264.13577
2017-04-10,2245.53102,9410.77439,6126.22248,207.94999,293.5499,264.80594
2017-04-11,2242.579,9399.69964,6118.78144,207.1002,292.39064,263.75021
2017-04-12,2233.82345,9363.13688,6094.9542,206.45674,291.48641,262.93341
2017-04-13,2219.01548,9301.0908,6054.56089,204.98198,289.40496,261.05567
2017-04-14,2219.01548,9301.0908,6054.56089,204.98198,289.40496,261.05567
2017-04-17,2238.03939,9380.87596,6106.48825,205.99294,290.83369,262.34406
2017-04-18,2231.95355,9355.61362,6089.99551,204.77031,289.11515,260.7918
2017-04-19,2228.30011,9341.53722,6080.59601,204.12985,288.24906,260.00044
2017-04-20,2244.86577,9411.18418,6125.89158,204.65416,288.99557,260.67214
2017-04-21,2238.06216,9382.66131,6107.32558,205.53247,290.23585,261.79086
2017-04-24,2262.18552,9483.9702,6173.23477,204.41989,288.67013,260.37713
2017-04-25,2276.06606,9542.17455,6211.11844,204.46944,288.74045,260.44047
2017-04-26,2275.1144,9538.39757,6208.62105,205.31412,289.93972,261.52056
2017-04-27,2277.12118,9547.80914,6214.56041,205.68432,290.49289,262.01164
2017-04-28,2272.62019,9529.12367,6202.36176,204.84419,289.31203,260.94501
2017-05-01,2277.10785,9547.97229,6214.62383,204.72229,289.14082,260.79034
2017-05-02,2278.90908,9555.5249,6219.5397,205.18494,289.79424,261.37969
2017-05-03,2275.0438,9541.157,6209.83654,204.71486,289.18607,260.81639
2017-05-04,2276.02632,9545.79977,6212.7563,204.09228,288.32237,260.03315
2017-05-05,2286.05845,9588.02691,6240.20965,204.2176,288.50399,260.19571
2017-05-08,2285.22444,9586.86804,6239.00598,205.1795,289.93363,261.46624
2017-05-09,2282.88723,9577.48052,6232.81521,205.74128,290.74013,262.19013
2017-05-10,2285.3947,9591.58276,6241.30347,206.38416,291.75758,263.07862
2017-05-11,2280.1861,9572.73835,6228.45262,205.93274,291.21117,262.5611
2017-05-12,2276.96907,9559.43133,6219.75567,204.60674,289.34207,260.87427
2017-05-15,2288.04649,9607.09344,6250.54102,204.56276,289.31468,260.84016
2017-05-16,2286.31386,9601.60536,6246.62919,202.47139,286.41014,258.20738
2017-05-17,2244.77021,9429.81824,6134.34971,197.66879,279.69601,252.1331
2017-05-18,2253.13685,9465.13376,6157.29043,198.76217,281.24813,253.53091
2017-05-19,2268.36349,9529.33527,6199.00888,198.881,281.42325,253.68688
2017-05-22,2280.27352,9579.53819,6231.63378,198.97434,281.5603,253.80908
2017-05-23,2284.29538,9596.66073,6242.72805,199.66253,282.54081,254.69114
2017-05-24,2290.41383,9622.72125,6259.63231,201.01179,284.46066,256.41977
2017-05-25,2300.50435,9666.39463,6287.79227,201.37519,285.01267,256.90716
2017-05-26,2301.19708,9670.55342,6290.25837,201.95815,285.87464,257.67434
2017-05-29,2301.19708,9670.55342,6290.25837,202.08464,286.05368,257.83572
2017-05-30,2298.52851,9660.87554,6283.72393,201.84126,285.75463,257.55635
2017-05-31,2297.7625,9659.08165,6282.29307,200.56281,283.9866,255.95203
2017-06-01,2316.02965,9736.99038,6332.77335,202.50845,286.77449,258.45688
2017-06-02,2324.47557,9772.65864,6355.94013,202.35464,286.56137,258.26354
2017-06-05,2321.2635,9759.50163,6347.31531,202.47908,286.74779,258.42879
2017-06-06,2314.54842,9731.292,6328.96401,201.66036,285.58901,257.38427
2017-06-07,2318.10699,9748.2648,6339.61325,202.02421,286.16333,257.88602
2017-06-08,2319.00182,9752.27376,6342.17241,202.83157,287.31419,258.92121
2017-06-09,2316.06657,9739.95266,6334.15524,203.26313,287.92618,259.47253
2017-06-12,2313.90313,9731.54669,6328.55356,202.74696,287.21543,258.8265
2017-06-13,2324.93731,9780.50736,6359.90161,203.63198,288.54453,260.00413
2017-06-14,2322.45705,9770.76817,6353.43305,202.11618,286.41702,258.08155
2017-06-15,2317.06793,9749.81658,6339.50816,203.9711,289.09664,260.4837
2017-06-16,2317.61465,9752.19611,6341.03996,203.13563,287.91483,259.41822
2017-06-19,2336.6674,9832.4979,6393.23344,205.36491,291.07836,262.26782
2017-06-20,2320.94505,9766.56371,6350.31835,204.74392,290.20486,261.47897
2017-06-21,2319.84908,9762.7611,6347.688,204.34421,289.66231,260.98364
2017-06-22,2319.19748,9760.12387,6345.95282,204.02133,289.20773,260.57323
2017-06-23,2323.29108,9777.35138,6357.15401,203.60589,288.61883,260.04263
2017-06-26,2324.04494,9780.64714,6359.27965,203.63559,288.66457,260.08314
2017-06-27,2304.85623,9699.89223,6306.77361,200.44226,284.13785,256.00462
2017-06-28,2325.31227,9788.2125,6363.79678,200.85979,284.79466,256.5802
2017-06-29,2305.21886,9703.96858,6308.95982,198.01755,280.77447,252.95565
2017-06-30,2308.81835,9719.59952,6319.03091,198.6919,281.74454,253.82594
2017-07-03,2313.91024,9741.91814,6333.36877,199.78698,283.32303,255.24107
2017-07-04,2313.91024,9741.91814,6333.36877,200.07738,283.73485,255.61208
2017-07-05,2316.65679,9755.30679,6341.12119,200.7127,284.68909,256.43324
2017-07-06,2294.32705,9664.69773,6281.55676,197.44481,280.15309,252.32066
2017-07-07,2309.26776,9727.75251,6322.51611,198.98355,282.33981,254.28921
2017-07-10,2311.52285,9737.25205,6328.6903,199.22159,282.67757,254.59341
2017-07-11,2310.22931,9731.97439,6325.22669,198.57828,281.76974,253.77443
2017-07-12,2326.86464,9802.86965,6371.14506,199.99943,283.80994,255.60553
2017-07-13,2331.19519,9821.35179,6383.11176,200.64399,284.7315,256.43369
2017-07-14,2341.99054,9866.98477,6412.73999,200.80717,284.96746,256.64501
2017-07-17,2341.76772,9866.35442,6412.27018,200.37672,284.36549,256.10047
2017-07-18,2343.27111,9872.8954,6416.48091,198.59233,281.83906,253.82357
2017-07-19,2356.14411,9927.98822,6452.12468,200.77547,284.96189,256.62956
2017-07-20,2356.02362,9928.11123,6452.08165,198.77205,282.13635,254.08009
2017-07-21,2355.1409,9924.39152,6449.66428,198.30553,281.47418,253.48377
2017-07-24,2353.31503,9916.89763,6444.75513,198.38154,281.58774,253.58451
2017-07-25,2360.18643,9945.86552,6463.57838,198.64517,281.96228,253.92171
2017-07-26,2360.58285,9947.57366,6464.68282,199.21663,282.7745,254.65293
2017-07-27,2358.01997,9937.90093,6458.17696,198.39478,281.63988,253.62252
2017-07-28,2354.76023,9924.65834,6449.48283,196.7544,279.32516,251.53462
2017-07-31,2353.07994,9917.61732,6444.89928,195.89692,278.10898,250.43912
2017-08-01,2358.72526,9941.44619,6460.37743,196.03436,278.30508,250.61545
2017-08-02,2359.24929,9945.51695,6462.6676,195.30068,277.31541,249.71052
2017-08-03,2354.24748,9926.23432,6449.78618,194.52569,276.26515,248.75126
2017-08-04,2358.67366,9945.09236,6462.00188,197.00593,279.79309,251.92637
2017-08-07,2362.4749,9961.38498,6472.54343,196.58736,279.20606,251.39606
2017-08-08,2356.68379,9938.16268,6457.22131,197.0829,279.94355,252.05099
2017-08-09,2355.2517,9933.27194,6453.81975,196.87927,279.68663,251.81095
2017-08-10,2320.86619,9791.6733,6361.1536,193.88109,275.52372,248.03693
2017-08-11,2324.21483,9806.43995,6370.62225,193.46925,274.95637,247.52134
2017-08-14,2347.60407,9905.64642,6434.96877,195.54886,277.92651,250.19117
2017-08-15,2346.12674,9901.52941,6431.89197,196.50978,279.35196,251.45864
2017-08-16,2349.79561,9919.70316,6443.18003,197.06092,280.21142,252.21203
2017-08-17,2313.57329,9767.23192,6344.05874,193.38707,274.99981,247.51782
2017-08-18,2309.22046,9749.09847,6332.23887,192.89181,274.30238,246.88846
2017-08-21,2311.84361,9760.43033,6339.54899,192.01607,273.06423,245.77211
2017-08-22,2335.15503,9859.15666,6403.62398,194.82603,277.06888,249.37459
2017-08-23,2327.7064,9828.55849,6383.60554,193.3745,275.02841,247.53246
2017-08-24,2323.65744,9811.65744,6372.59033,193.20166,274.78805,247.31466
2017-08-25,2327.22595,9827.79147,6382.86153,192.40635,273.68658,246.3153
2017-08-28,2328.21644,9832.35915,6385.75312,191.14386,271.90141,244.70578
2017-08-29,2329.98359,9841.25228,6391.25022,190.16754,270.55193,243.48066
2017-08-30,2341.06997,9890.5565,6422.78725,192.84432,274.42895,246.95118
2017-08-31,2355.07724,9950.13471,6461.29704,194.43058,276.69741,248.9856
2017-09-01,2359.95415,9971.37634,6475.05881,194.99722,277.52153,249.72595
2017-09-04,2359.95415,9971.37634,6475.05881,194.45702,276.75271,249.03414
2017-09-05,2342.03561,9895.66619,6425.89531,192.8106,274.40952,246.92563
2017-09-06,2349.05275,9925.38273,6445.17905,193.1372,274.87621,247.34507
2017-09-07,2348.38345,9924.78019,6444.35761,191.9646,273.26862,245.88208
2017-09-08,2344.96174,9910.72633,6435.15286,191.47759,272.58654,245.26534
2017-09-11,2370.45763,10018.63421,6505.18908,194.15709,276.40526,248.70018
2017-09-12,2378.74527,10054.20384,6528.17912,195.32489,278.08276,250.20548
2017-09-13,2380.23306,10060.64792,6532.33203,196.05391,279.12497,251.14202
2017-09-14,2377.7336,10053.36549,6526.97042,196.57385,279.95663,251.86587
2017-09-15,2382.13731,10073.23251,6539.62619,195.43992,278.37618,250.43471
2017-09-18,2386.03548,10090.06539,6550.52213,195.90712,279.05129,251.04082
2017-09-19,2388.46186,10100.44426,6557.24258,195.70525,278.76701,250.78441
2017-09-20,2389.85073,10106.47039,6561.12501,195.54155,278.53804,250.57729
2017-09-21,2382.6343,10076.24732,6541.45132,196.15293,279.41708,251.36606
2017-09-22,2384.41814,10084.00428,6546.45246,195.53715,278.5458,250.58092
2017-09-25,2378.79671,10060.23055,6531.01875,196.72802,280.24222,252.10702
2017-09-26,2378.89553,10061.39551,6531.62954,198.44164,282.70428,254.31624
2017-09-27,2388.71293,10102.91764,6558.58476,199.85506,284.71787,256.12763
2017-09-28,2391.0784,10115.31724,6566.21725,199.13635,283.76117,255.25078
2017-09-29,2399.92828,10153.04972,6590.6536,199.25629,283.94029,255.4097
2017-10-02,2409.48062,10193.50831,6616.90738,201.51532,287.16073,258.30618
2017-10-03,2414.4058,10214.75625,6630.6199,201.60943,287.30641,258.4341
2017-10-04,2417.30519,10227.71065,6638.89494,201.7314,287.49956,258.60263
2017-10-05,2430.80363,10286.5617,6676.75991,203.67178,290.31397,261.12103
2017-10-06,2428.16432,10278.53829,6670.94173,203.1385,289.64248,260.49322
2017-10-09,2423.41208,10258.42181,6657.8858,202.65457,288.95247,259.87266
2017-10-10,2428.72803,10281.18834,6672.61028,201.74127,287.65764,258.70615
2017-10-11,2433.09201,10299.84085,6684.6811,201.64303,287.52255,258.5833
2017-10-12,2428.89037,10282.92252,6673.53193,201.25233,286.98969,258.09754
2017-10-13,2430.63141,10290.45363,6678.38836,201.57526,287.45467,258.5145
2017-10-16,2434.65934,10307.71334,6689.54944,202.55966,288.86426,259.78061
2017-10-17,2436.35207,10314.88246,6694.20159,203.48528,290.18433,260.96776
2017-10-18,2438.08183,10322.58065,6699.14871,203.20612,289.79675,260.61729
2017-10-19,2439.3064,10328.59699,6702.89758,201.9875,288.08204,259.06923
2017-10-20,2451.70363,10381.76357,6737.26964,204.15942,291.19862,261.86683
2017-10-23,2441.71117,10339.6797,6709.91458,204.06311,291.0677,261.74736
2017-10-24,2445.60848,10356.43107,6720.7371,204.10207,291.13025,261.80173
2017-10-25,2434.13415,10307.8527,6689.21015,202.29305,288.5502,259.4815
2017-10-26,2438.07021,10324.52935,6700.03235,204.47263,291.65939,262.27747
2017-10-27,2457.45064,10406.65246,6753.31535,208.25106,297.05044,267.12502
2017-10-30,2449.19723,10372.56766,6731.02765,206.7484,294.93166,265.21304
2017-10-31,2452.1549,10385.54421,6739.36904,206.60715,294.74296,265.04023
2017-11-01,2455.70039,10400.57489,6749.11988,207.49365,296.00804,266.17772
2017-11-02,2455.71611,10401.73765,6749.66886,206.48181,294.59561,264.89955
2017-11-03,2463.82686,10437.07141,6772.40632,208.16238,297.02119,267.07312
2017-11-06,2467.10272,10451.85898,6781.82442,209.00585,298.25071,268.17165
2017-11-07,2466.29626,10448.50452,6779.64309,209.10899,298.39966,268.30539
2017-11-08,2469.9192,10464.07444,6789.70275,209.25348,298.61217,268.49477
2017-11-09,2460.62732,10427.18238,6765.28345,207.75793,296.54832,266.6201
2017-11-10,2458.74318,10422.87572,6761.77342,206.93133,295.4727,265.62491
2017-11-13,2461.16004,10433.32411,6768.52258,207.09922,295.71819,265.84445
2017-11-14,2455.47436,10410.78751,6753.59737,205.03877,292.8201,263.22725
2017-11-15,2442.13759,10356.45068,6717.91859,203.12157,290.144,260.80492
2017-11-16,2462.20994,10444.80529,6774.60927,205.28684,293.32772,263.64249
2017-11-17,2456.77844,10422.15794,6759.8491,204.66883,292.4557,262.85596
2017-11-20,2460.17361,10436.90151,6769.36127,205.53608,293.70452,263.97641
2017-11-21,2476.15068,10504.87253,6813.41007,207.27668,296.19715,266.2153
2017-11-22,2474.36465,10498.20448,6808.92995,206.0552,294.47717,264.66338
2017-11-23,2474.36465,10498.20448,6808.92995,205.08082,293.08467,263.41186
2017-11-24,2479.64024,10521.06269,6823.66291,203.89108,291.39754,261.89199
2017-11-27,2478.36148,10516.76203,6820.65472,204.10225,291.73055,262.18287
2017-11-28,2502.32238,10618.85047,6886.78879,206.96111,295.82831,265.86268
2017-11-29,2500.90015,10614.27746,6883.53848,207.14021,296.1251,266.11841
2017-11-30,2520.5466,10701.68498,6939.44137,207.4893,296.73575,266.63712
2017-12-01,2515.44829,10680.4543,6925.59362,208.06426,297.56959,267.38326
2017-12-04,2511.62682,10664.46125,6915.20444,208.03744,297.53772,267.3539
2017-12-05,2502.25555,10625.12602,6889.67046,207.5853,296.90379,266.78321
2017-12-06,2501.62531,10622.6948,6888.04634,208.28118,297.90597,267.68186
2017-12-07,2509.4395,10657.70011,6910.39331,208.91406,298.86231,268.52752
2017-12-08,2523.336,10717.76802,6949.13698,210.75919,301.53138,270.91772
2017-12-11,2531.55186,10752.71309,6971.78506,210.65667,301.38606,270.7868
2017-12-12,2535.22563,10768.69684,6982.07471,212.14942,303.53244,272.71237
2017-12-13,2534.00515,10763.86551,6978.8736,211.54231,302.67374,271.93818
2017-12-14,2523.67231,10721.81424,6951.25645,210.35767,301.03042,270.44802
2017-12-15,2546.16695,10817.98511,7013.49711,212.41306,303.98871,273.1015
2017-12-18,2560.13412,10877.7598,7052.2286,212.72848,304.45219,273.51705
2017-12-19,2551.81839,10842.57221,7029.393,212.07341,303.51873,272.67755
2017-12-20,2549.61132,10834.71789,7024.00916,210.60607,301.46108,270.81773
2017-12-21,2554.88154,10857.11602,7038.5292,211.44178,302.65737,271.8924
2017-12-22,2553.80354,10852.59659,7035.58733,211.81692,303.19606,272.37588
2017-12-25,2553.80354,10852.59659,7035.58733,211.81692,303.19606,272.37588
2017-12-26,2551.12151,10841.71629,7028.43531,211.04163,302.10072,271.38807
2017-12-27,2553.0814,10850.80078,7034.17766,210.69766,301.62933,270.95895
2017-12-28,2558.01929,10874.11895,7048.89266,210.31826,301.15076,270.51364
2017-12-29,2544.57982,10817.69313,7012.17879,207.99368,297.84166,267.53595
2018-01-01,2544.57982,10817.69313,7012.17879,207.99368,297.84166,267.53595
2018-01-02,2565.60811,10907.56831,7070.34412,209.06833,299.39366,268.9265
2018-01-03,2582.16036,10977.97741,7115.9763,210.79341,301.86509,271.14614
2018-01-04,2592.48902,11024.08287,7145.43553,210.72523,301.8275,271.0962
2018-01-05,2610.5238,11100.77242,7195.14309,212.87868,304.91195,273.8666
2018-01-08,2615.46151,11121.9548,7208.83669,214.34983,307.02424,275.76244
2018-01-09,2618.92903,11139.92006,7219.85497,215.4706,308.71881,277.26042
2018-01-10,2615.52708,11125.52446,7210.51051,214.26575,306.99462,275.71137
2018-01-11,2634.28736,11206.17332,7262.61432,214.6471,307.56431,276.21672
2018-01-12,2651.31372,11278.60291,7309.55525,214.24698,306.99098,275.70183
2018-01-15,2651.31372,11278.60291,7309.55525,212.03869,303.82677,272.86012
2018-01-16,2641.55357,11237.28976,7282.7405,211.99223,303.76577,272.80383
2018-01-17,2666.36954,11342.85802,7351.15791,213.77404,306.31894,275.09677
2018-01-18,2662.23975,11326.20924,7340.18927,213.49525,305.9443,274.75362
2018-01-19,2674.92157,11380.41662,7375.27014,214.77547,307.78576,276.4055
2018-01-22,2696.45922,11472.20024,7434.7225,216.02764,309.58429,278.01956
2018-01-23,2702.53819,11498.51006,7451.68614,215.78373,309.24675,277.7132
2018-01-24,2701.15873,11492.65298,7447.88806,214.12336,306.86754,275.57651
2018-01-25,2702.88799,11500.04141,7452.67546,212.18689,304.09315,273.08499
2018-01-26,2734.5121,11634.79763,7539.96537,215.86945,309.3762,277.82786
2018-01-29,2716.1132,11557.13528,7489.51526,215.75314,309.22613,277.68862
2018-01-30,2686.67108,11432.68688,7408.70631,212.4687,304.54081,273.4752
2018-01-31,2687.94195,11438.54853,7412.42492,211.78428,303.57184,272.60214
2018-02-01,2686.48489,11434.49486,7409.3807,211.44882,303.14791,272.20612
2018-02-02,2630.237,11195.77133,7254.56354,207.57927,297.61845,267.23633
2018-02-05,2523.65536,10742.12952,6960.60986,199.44042,285.9501,256.75892
2018-02-06,2566.32623,10924.86648,7078.86473,204.05305,292.59311,262.71808
2018-02-07,2554.44193,10874.58789,7046.22544,203.95071,292.45478,262.5916
2018-02-08,2458.80002,10468.95552,6783.09766,196.89108,282.37284,253.52805
2018-02-09,2494.83614,10625.69279,6884.00934,199.9235,286.81101,257.48883
2018-02-12,2529.25073,10772.66515,6979.15014,202.22728,290.12673,260.46268
2018-02-13,2536.51348,10804.16222,6999.44627,201.49488,289.09106,259.52884
2018-02-14,2571.31583,10955.29345,7096.80447,203.42807,291.94174,262.06765
2018-02-15,2602.1248,11089.11015,7183.00012,204.66127,293.77915,263.69903
2018-02-16,2602.86525,11093.24293,7185.48722,205.22932,294.6205,264.44724
2018-02-19,2602.86525,11093.24293,7185.48722,206.0902,295.85635,265.55653
2018-02-20,2587.84553,11029.97852,7144.36313,205.82244,295.49203,265.22412
2018-02-21,2573.97014,10971.05862,7106.15662,205.07615,294.42651,264.26615
2018-02-22,2575.59733,10978.77454,7111.02437,205.19747,294.62163,264.43644
2018-02-23,2616.60025,11154.26327,7224.55178,208.84558,299.87863,269.14972
2018-02-26,2645.99312,11280.87049,7306.30023,211.36346,303.52925,272.41676
2018-02-27,2612.45935,11139.506,7214.43865,209.51173,300.91335,270.05763
2018-02-28,2583.8665,11018.80966,7136.03266,207.94074,298.69017,268.05348
2018-03-01,2550.40035,10877.7255,7044.34715,205.55086,295.30157,265.00056
2018-03-02,2564.35611,10938.34112,7083.41875,204.45954,293.76309,263.61315
2018-03-05,2592.84648,11059.96021,7162.1585,206.4544,296.63175,266.18672
2018-03-06,2600.49456,11093.1307,7183.55256,205.84437,295.76985,265.41009
2018-03-07,2599.97774,11091.65863,7182.45698,205.76198,295.67099,265.31612
2018-03-08,2611.12678,11142.15668,7214.59027,207.88467,298.79993,268.10276
2018-03-09,2655.55368,11332.00763,7337.475,211.57616,304.11318,272.8685
2018-03-12,2652.86564,11320.57026,7330.06284,211.37916,303.8309,272.61498
2018-03-13,2635.99954,11249.23896,7283.75127,208.70529,300.00466,269.17725
2018-03-14,2621.43326,11190.14851,7244.90003,208.18174,299.33425,268.55383
2018-03-15,2618.8043,11179.64054,7237.95805,208.63129,299.9998,269.14578
2018-03-16,2623.55679,11200.28291,7251.26073,209.69923,301.54497,270.52973
2018-03-19,2586.648,11042.81789,7149.30018,205.91074,296.09992,265.64418
2018-03-20,2590.52104,11059.53479,7160.09294,207.20213,297.96186,267.31348
2018-03-21,2586.41589,11043.2905,7149.39039,206.94123,297.62122,267.00094
2018-03-22,2521.57461,10766.82023,6970.34815,201.08118,289.20367,259.44732
2018-03-23,2468.89327,10541.9924,6824.77415,196.05981,281.9848,252.97037
2018-03-26,2535.20169,10825.1515,7008.08311,199.99865,287.65058,258.05299
2018-03-27,2490.82357,10635.6831,6885.41882,197.24281,283.68758,254.49759
2018-03-28,2482.79075,10603.45713,6864.10149,197.30711,283.83557,254.6135
2018-03-29,2516.93339,10749.93548,6958.79494,200.87427,288.98492,259.2279
2018-03-30,2516.93339,10749.93548,6958.79494,200.87427,288.98492,259.2279
2018-04-02,2460.86683,10510.55679,6803.82073,196.22414,282.29733,253.22833
2018-04-03,2491.26303,10640.81598,6888.05727,199.22241,286.6225,257.10497
2018-04-04,2519.96498,10764.19048,6967.76886,201.10804,289.35636,259.55164
2018-04-05,2537.5089,10840.64505,7016.96455,203.67566,293.09162,262.89114
2018-04-06,2482.40081,10605.40834,6864.66219,198.71609,285.95998,256.49294
2018-04-09,2490.16245,10641.60938,6887.50378,198.53592,285.78238,256.31166
2018-04-10,2532.43811,10822.58807,7004.57628,201.26888,289.72478,259.84524
2018-04-11,2518.88104,10765.09758,6967.30474,199.63373,287.38292,257.74258
2018-04-12,2539.10751,10852.76729,7023.81285,202.33139,291.29926,261.24634
2018-04-13,2531.33704,10819.79053,7002.42473,201.55673,290.19032,260.2501
2018-04-16,2552.00496,10908.40563,7059.72217,202.55336,291.63251,261.54153
2018-04-17,2579.91225,11027.69382,7136.92332,205.1333,295.34706,264.87281
2018-04-18,2582.20771,11037.50566,7143.27336,204.77669,294.83362,264.41234
2018-04-19,2567.70377,10976.77913,7103.72572,203.83234,293.50792,263.2143
2018-04-20,2546.14533,10885.10371,7044.30283,203.53664,293.09521,262.84066
2018-04-23,2546.11203,10884.96133,7044.21069,204.49998,294.48242,264.08468
2018-04-24,2512.36272,10740.94392,6950.95821,201.88841,290.72891,260.71669
2018-04-25,2516.12411,10757.03768,6961.37071,202.8883,292.16916,262.00817
2018-04-26,2542.49316,10869.77172,7034.32606,206.02163,296.6813,266.05451
2018-04-27,2544.33666,10878.38497,7039.75801,206.36693,297.19855,266.51298
2018-04-30,2524.2788,10793.11163,6984.4896,205.07052,295.34478,264.84739
2018-05-01,2530.46371,10819.60591,7001.62513,207.15899,298.35398,267.54549
2018-05-02,2512.93401,10744.65348,6953.12162,206.2917,297.1049,266.42539
2018-05-03,2507.33261,10721.87865,6938.1639,205.90075,296.57436,265.94122
2018-05-04,2539.39539,10860.79981,7027.70809,208.91827,300.97098,269.87019
2018-05-07,2548.95334,10901.95084,7054.28285,209.98622,302.51705,271.25446
2018-05-08,2548.70785,10901.01011,7053.65811,211.01981,304.00914,272.59174
2018-05-09,2572.95085,11005.93644,7121.31205,213.01802,306.9224,275.19465
2018-05-10,2596.32972,11108.32107,7187.10806,214.51932,309.15176,277.17615
2018-05-11,2600.28504,11128.99814,7199.75745,213.68592,308.05463,276.16454
2018-05-14,2602.06878,11137.18484,7204.94651,213.39478,307.65018,275.79786
2018-05-15,2584.46843,11062.38297,7156.45286,213.85433,308.32748,276.40108
2018-05-16,2594.90814,11109.93825,7186.66025,216.09358,311.63645,279.34577
2018-05-17,2593.02091,11104.90919,7182.8221,215.8357,311.3501,279.06636
2018-05-18,2586.58642,11078.253,7165.41153,215.70254,311.1833,278.91028
2018-05-21,2605.61818,11160.07999,7218.28125,217.65025,314.00201,281.43448
2018-05-22,2596.86039,11122.8137,7194.13026,216.49494,312.34211,279.9449
2018-05-23,2605.60848,11160.60467,7218.51074,218.51416,315.26436,282.5616
2018-05-24,2600.38473,11138.60868,7204.23455,217.70406,314.10627,281.5217
2018-05-25,2594.1963,11113.35436,7187.65732,218.48113,315.26298,282.54886
2018-05-28,2594.1963,11113.35436,7187.65732,219.11094,316.17179,283.36337
2018-05-29,2565.18835,10989.56222,7107.50609,217.72882,314.19102,281.58467
2018-05-30,2597.57538,11130.286,7198.13627,219.55694,316.88528,283.9842
2018-05-31,2579.75764,11056.29258,7149.82765,216.92078,313.14718,280.61633
2018-06-01,2608.21899,11179.27201,7229.16588,219.50202,316.9018,283.97347
2018-06-04,2620.0696,11230.30449,7262.12013,219.8678,317.43665,284.45093
2018-06-05,2622.34993,11240.73935,7268.81206,220.57777,318.48039,285.38402
2018-06-06,2645.26755,11339.29227,7332.47985,220.39015,318.21838,285.14684
2018-06-07,2642.67139,11330.11825,7326.17165,219.3546,316.77781,283.84143
2018-06-08,2651.1044,11366.73621,7349.78926,221.15803,319.39521,286.18436
2018-06-11,2653.94345,11378.94818,7357.67795,220.63542,318.64155,285.50877
2018-06-12,2659.24996,11402.18744,7372.61003,221.4611,319.84768,286.5858
2018-06-13,2648.60432,11356.99086,7343.29895,220.8181,318.93163,285.76163
2018-06-14,2655.76304,11391.14148,7364.71702,223.75262,323.26805,289.62096
2018-06-15,2653.45585,11382.36271,7358.82369,224.19329,323.93651,290.21126
2018-06-18,2648.58537,11361.68323,7345.41284,223.84922,323.44543,289.76967
2018-06-19,2637.6801,11315.51139,7315.4494,223.88179,323.50989,289.82295
2018-06-20,2642.68546,11337.01172,7329.34396,224.02574,323.71868,290.00978
2018-06-21,2625.16798,11262.90138,7281.26049,221.99431,320.81285,287.39978
2018-06-22,2629.8522,11283.30099,7294.39692,221.79805,320.53782,287.15137
2018-06-25,2593.037,11125.34648,7192.28293,217.79483,314.75246,281.96859
2018-06-26,2598.87051,11150.40227,7208.47564,218.6684,316.01569,283.10004
2018-06-27,2575.89366,11051.82054,7144.74484,218.04352,315.11263,282.29104
2018-06-28,2591.6852,11121.31943,7189.34097,219.71183,317.57348,284.48239
2018-06-29,2593.86543,11131.37502,7195.70563,218.06034,315.20623,282.35647
2018-07-02,2601.86884,11166.20206,7218.12576,220.03353,318.07217,284.92005
2018-07-03,2589.18412,11111.77219,7182.93932,218.1526,315.35339,282.48459
2018-07-04,2589.18412,11111.77219,7182.93932,218.24627,315.4888,282.60588
2018-07-05,2611.49885,11210.11797,7246.03244,219.02686,316.69007,283.66315
2018-07-06,2634.00384,11307.50194,7308.83112,219.89034,317.96048,284.79528
2018-07-09,2657.38065,11411.00583,7375.12218,221.80414,320.81638,287.3295
2018-07-10,2666.24046,11449.2885,7399.81876,223.28416,322.96378,289.25095
2018-07-11,2647.47178,11368.6979,7347.73102,221.70292,320.67679,287.20264
2018-07-12,2670.68281,11469.4754,7412.65046,224.34527,324.53003,290.64525
2018-07-13,2673.1003,11479.89776,7419.37856,224.87552,325.29821,291.33292
2018-07-16,2669.79267,11466.23062,7410.4413,223.8299,323.80084,289.98782
2018-07-17,2681.06944,11514.82522,7441.81559,225.24669,325.85504,291.82626
2018-07-18,2686.21984,11536.94548,7456.1115,226.46445,327.61672,293.40398
2018-07-19,2676.09299,11494.56146,7428.50711,226.19355,327.2564,293.0729
2018-07-20,2673.3198,11483.1039,7421.01448,224.12561,324.27733,290.40157
2018-07-23,2677.6846,11501.85266,7433.13096,224.54909,324.89004,290.95027
2018-07-24,2688.87375,11550.4594,7464.43778,225.46814,326.23515,292.15073
2018-07-25,2713.54777,11656.49216,7532.95292,228.16085,330.13248,295.64056
2018-07-26,2705.68142,11622.73465,7511.13075,227.77259,329.57166,295.13808
2018-07-27,2686.92446,11542.18725,7459.07229,226.32946,327.48429,293.26859
2018-07-30,2670.52665,11472.7507,7414.0048,223.81497,323.87431,290.02817
2018-07-31,2683.95537,11530.98046,7451.53872,225.15189,325.82416,291.77051
2018-08-01,2681.40181,11519.96439,7444.41993,225.47726,326.29372,292.191
2018-08-02,2696.04625,11584.06116,7485.62023,227.88988,329.8187,295.33887
2018-08-03,2707.51035,11634.78185,7518.11286,229.29333,331.89161,297.18388
2018-08-06,2717.17217,11677.45361,7545.46286,230.74867,334.03112,299.09079
2018-08-07,2725.22987,11712.17239,7567.88446,230.75414,334.04159,299.09969
2018-08-08,2724.25708,11708.31868,7565.33097,230.44316,333.60073,298.70244
2018-08-09,2720.87219,11696.81569,7557.31691,230.77337,334.16574,299.18533
2018-08-10,2702.11807,11619.57998,7506.75843,231.98924,336.0243,300.82303
2018-08-13,2691.13061,11572.53044,7476.3239,231.37986,335.14738,300.03643
2018-08-14,2708.03949,11646.23581,7523.74811,233.72425,338.57205,303.09457
2018-08-15,2686.56585,11555.85368,7464.98861,233.10073,337.72632,302.32245
2018-08-16,2707.75351,11650.32767,7525.37813,233.30978,338.1261,302.65459
2018-08-17,2716.49089,11688.82881,7550.07151,233.7036,338.72315,303.18194
2018-08-20,2722.98462,11717.17456,7568.30756,233.78073,338.84662,303.28952
2018-08-21,2729.33297,11744.95393,7586.17857,232.56614,337.09942,301.7228
2018-08-22,2728.71247,11742.5838,7584.58954,230.91954,334.72127,299.59193
2018-08-23,2723.66888,11721.59776,7570.92187,230.96068,334.80141,299.6592
2018-08-24,2741.31254,11797.67659,7620.03223,231.40724,335.45294,300.24121
2018-08-27,2762.19036,11888.83126,7678.65576,232.31052,336.79929,301.43632
2018-08-28,2762.84681,11891.72347,7680.51081,231.51272,335.64454,300.40231
2018-08-29,2778.4274,11959.85042,7724.30551,233.22647,338.15924,302.64489
2018-08-30,2766.05262,11908.56614,7690.79985,232.89478,337.73457,302.24974
2018-08-31,2766.76579,11912.82061,7693.31806,233.40532,338.50858,302.93339
2018-09-03,2766.76579,11912.82061,7693.31806,233.57596,338.75606,303.15486
2018-09-04,2762.12064,11893.84175,7680.96025,234.61655,340.29446,304.52757
2018-09-05,2753.16631,11855.50045,7656.15776,232.44785,337.15508,301.71651
2018-09-06,2743.02687,11815.19577,7629.48295,231.47232,335.83554,300.51021
2018-09-07,2736.60707,11788.49102,7612.0552,231.88752,336.46499,301.06618
2018-09-10,2742.22841,11812.71929,7627.69729,231.95335,336.56087,301.15188
2018-09-11,2752.26735,11856.70311,7655.95533,233.17424,338.35346,302.75021
2018-09-12,2753.6246,11862.68847,7659.79331,232.49655,337.37401,301.87277
2018-09-13,2768.00688,11927.74321,7701.20012,232.71995,337.78585,302.21775
2018-09-14,2769.09538,11934.19083,7705.02331,232.97111,338.2002,302.57512
2018-09-17,2752.43655,11862.56351,7658.7462,231.11393,335.50893,300.16606
2018-09-18,2767.04334,11926.13371,7699.67418,232.14183,337.01857,301.5122
2018-09-19,2769.69556,11937.60334,7707.07169,232.9617,338.20993,302.57776
2018-09-20,2791.43789,12031.83346,7767.8432,233.15214,338.50101,302.83565
2018-09-21,2789.93163,12025.59847,7763.77519,232.848,338.06669,302.44542
2018-09-24,2780.44981,11984.72844,7737.38933,231.48583,336.08898,300.6761
2018-09-25,2777.59654,11973.25089,7729.82036,231.33658,335.89532,300.49667
2018-09-26,2768.12085,11932.40449,7703.4503,231.27348,335.80371,300.41471
2018-09-27,2775.6975,11967.4062,7725.61622,233.31657,338.83652,303.111
2018-09-28,2775.54963,11967.29456,7725.4423,234.5495,340.64203,304.72212
2018-10-01,2785.13067,12008.69937,7752.15607,235.97882,342.72055,306.58088
2018-10-02,2783.87886,12003.70632,7748.8545,236.4647,343.43779,307.21938
2018-10-03,2786.25743,12013.96241,7755.47521,237.0257,344.25258,307.94824
2018-10-04,2762.35964,11913.63594,7690.18432,235.33947,341.88151,305.80629
2018-10-05,2746.25989,11844.41552,7645.46416,234.18128,340.20517,304.3053
2018-10-08,2744.00541,11834.69213,7639.18779,234.76407,341.05181,305.0626
2018-10-09,2739.77753,11819.77528,7628.91663,234.46366,340.71103,304.73212
2018-10-10,2649.78619,11431.63801,7378.37969,225.52366,327.72265,293.11456
2018-10-11,2595.59245,11197.89071,7227.50055,220.3857,320.2579,286.43768
2018-10-12,2632.71742,11359.21811,7331.40155,223.50889,324.82969,290.51775
2018-10-15,2617.59103,11294.24916,7289.41237,221.74522,322.27496,288.23061
2018-10-16,2674.0362,11538.10067,7446.73737,226.64425,329.4037,294.60396
2018-10-17,2672.7507,11532.99193,7443.38347,227.53736,330.7143,295.77385
2018-10-18,2633.88906,11366.32008,7335.61931,224.99983,327.05539,292.49376
2018-10-19,2632.00685,11358.50575,7330.51641,224.72169,326.65996,292.13774
2018-10-22,2620.91965,11310.9174,7299.75389,224.29209,326.04295,291.58393
2018-10-23,2606.8396,11250.70129,7260.78595,223.30131,324.61852,290.3058
2018-10-24,2525.66371,10900.37265,7034.6942,217.53434,316.23532,282.80861
2018-10-25,2572.99656,11104.6539,7166.52971,221.93243,322.62893,288.52641
2018-10-26,2528.58022,10913.0206,7042.84496,218.27395,317.31228,283.77126
2018-10-29,2511.51944,10839.53664,6995.39255,216.43955,314.64984,281.38911
2018-10-30,2551.0901,11011.44742,7106.11859,220.35272,320.37141,286.49707
2018-10-31,2579.96,11136.45731,7186.72433,223.49542,324.95217,290.59073
2018-11-01,2608.86963,11261.54366,7267.39777,224.68111,326.68473,292.13812
2018-11-02,2591.84495,11189.03366,7220.41538,223.57783,325.10903,290.72141
2018-11-05,2604.59816,11244.41659,7256.0913,224.24438,326.08776,291.59407
2018-11-06,2620.68278,11314.65342,7301.26645,225.30311,327.65041,292.98544
2018-11-07,2675.51421,11551.49335,7454.07664,228.93422,332.93413,297.70931
2018-11-08,2667.72702,11523.87472,7435.09258,229.15688,333.43161,298.10757
2018-11-09,2642.68904,11417.64287,7366.19909,228.46571,332.48201,297.2443
2018-11-12,2590.22755,11190.98487,7219.96856,225.97039,328.85061,293.99777
2018-11-13,2586.65421,11175.90997,7210.17248,225.06852,327.5488,292.83107
2018-11-14,2567.05654,11093.96744,7156.77838,222.8201,324.35646,289.95568
2018-11-15,2594.79796,11217.35442,7235.69907,225.00917,327.64523,292.86824
2018-11-16,2600.57443,11243.17218,7252.1953,224.01585,326.22336,291.59097
2018-11-19,2556.30227,11052.06257,7128.87188,219.06789,319.02637,285.15595
2018-11-20,2510.50002,10854.8601,7001.5233,215.9346,314.48719,281.09275
2018-11-21,2519.24604,10893.55367,7026.33795,217.01967,316.09296,282.52226
2018-11-22,2519.24604,10893.55367,7026.33795,216.77235,315.73273,282.20028
2018-11-23,2502.95365,10823.71382,6981.17312,216.56652,315.45074,281.94347
2018-11-26,2542.66245,10996.67045,7092.48809,220.08961,320.61864,286.55273
2018-11-27,2549.36368,11025.77594,7111.24142,221.64698,322.89098,288.58288
2018-11-28,2608.13694,11280.71871,7275.52482,227.0384,330.76719,295.61629
2018-11-29,2602.49109,11259.08512,7261.03392,224.33846,326.9146,292.15146
2018-11-30,2623.84797,11353.427,7321.49888,227.45793,331.51723,296.24943
2018-12-03,2653.32677,11480.99592,7403.76175,229.50665,334.50363,298.91802
2018-12-04,2567.51929,11110.28555,7164.65155,222.00625,323.58876,289.1623
2018-12-05,2567.51929,11110.28555,7164.65155,222.21179,323.88836,289.43002
2018-12-06,2564.53276,11100.8428,7157.89277,221.14409,322.4332,288.10273
2018-12-07,2504.24042,10841.53996,6990.39781,215.78383,314.66656,281.15116
2018-12-10,2508.54693,10860.2652,7002.45574,216.43042,315.61179,281.99509
2018-12-11,2507.2377,10855.12723,6999.04036,217.31075,316.91102,283.15179
2018-12-12,2521.21655,10915.76718,7038.11618,217.72447,317.5178,283.69301
2018-12-13,2519.93475,10912.24579,7035.45369,217.96855,317.93286,284.04802
2018-12-14,2472.42857,10707.82537,6903.41429,214.80587,313.35772,279.95062
2018-12-17,2420.37402,10483.10015,6758.40718,209.55992,305.72588,273.12736
2018-12-18,2420.60253,10484.74232,6759.34487,209.08174,305.04725,272.51621
2018-12-19,2383.4515,10324.7769,6656.03874,204.81837,298.85463,266.97681
2018-12-20,2345.51578,10160.68545,6550.23844,201.66435,294.25951,262.87119
2018-12-21,2296.64216,9948.9668,6413.75083,197.50551,288.19112,257.45011
2018-12-24,2234.84978,9682.00693,6241.51479,192.19152,280.45811,250.5365
2018-12-25,2234.84978,9682.00693,6241.51479,192.19152,280.45811,250.5365
2018-12-26,2345.96225,10163.59926,6551.93092,201.85303,294.56322,263.13504
2018-12-27,2365.85292,10250.68927,6607.9164,203.65374,297.21755,265.49987
2018-12-28,2363.25465,10241.44706,6601.57117,202.86077,296.11855,264.50262
2018-12-31,2383.55202,10330.72146,6658.75224,204.65679,298.77819,266.86369
2019-01-01,2383.55202,10330.72146,6658.75224,204.65679,298.77819,266.86369
2019-01-02,2386.11586,10341.86589,6665.92923,206.26629,301.12884,268.96299
2019-01-03,2328.05394,10092.80462,6504.89409,200.5847,292.90943,261.60142
2019-01-04,2408.46993,10441.4318,6729.58712,207.19504,302.56237,270.22259
2019-01-07,2426.37544,10519.09353,6779.63376,207.78839,303.42986,270.99709
2019-01-08,2450.48241,10623.82563,6847.09167,210.21967,306.98661,274.17195
2019-01-09,2461.11594,10673.1716,6878.26783,209.85714,306.55041,273.75741
2019-01-10,2472.52988,10722.68797,6910.17504,210.63826,307.69193,274.77668
2019-01-11,2472.18404,10721.21684,6909.22143,211.41619,308.82912,275.792
2019-01-14,2458.74876,10664.12012,6872.19988,210.45059,307.4523,274.55344
2019-01-15,2484.95637,10778.05381,6945.56996,213.34491,311.68837,278.33417
2019-01-16,2490.9984,10804.52635,6962.57785,214.57687,313.49594,279.94624
2019-01-17,2510.12456,10888.4701,7016.4818,216.50944,316.34804,282.48544
2019-01-18,2542.66997,11029.93121,7107.58363,219.56746,320.82449,286.4805
2019-01-21,2542.66997,11029.93121,7107.58363,219.58678,320.85272,286.50571
2019-01-22,2506.738,10874.46293,7007.32359,216.65523,316.58095,282.68809
2019-01-23,2511.7839,10896.36698,7021.43539,216.66208,316.59138,282.6973
2019-01-24,2515.64809,10913.45248,7032.38542,217.48277,317.79998,283.7741
2019-01-25,2538.02075,11010.88659,7095.09702,218.56029,319.38543,285.18687
2019-01-28,2518.50358,10926.21381,7040.53632,216.16837,315.89009,282.0658
2019-01-29,2514.36449,10908.40338,7029.03147,216.20068,315.94154,282.11061
2019-01-30,2553.76989,11080.75702,7139.82088,219.3872,320.63851,286.2938
2019-01-31,2576.1553,11180.30103,7203.5036,220.3652,322.13743,287.61389
2019-02-01,2579.21358,11195.03182,7212.71287,220.75185,322.74469,288.14481
2019-02-04,2596.64085,11270.88097,7261.54091,223.01157,326.05442,291.09812
2019-02-05,2609.0286,11324.72612,7296.22268,224.4388,328.14329,292.96267
2019-02-06,2603.1382,11300.23456,7280.23539,224.55201,328.34009,293.12999
2019-02-07,2579.59216,11199.6152,7215.10274,222.96177,326.06124,291.08309
2019-02-08,2581.36109,11210.9634,7221.70462,223.66615,327.19839,292.06958
2019-02-11,2583.36269,11219.76733,7227.35437,224.87183,328.96542,293.64603
2019-02-12,2616.95843,11366.45574,7321.75771,227.32245,332.57324,296.86293
2019-02-13,2624.50823,11400.14461,7343.29636,228.22064,333.91356,298.05275
2019-02-14,2617.77025,11374.70887,7326.17921,227.88708,333.53791,297.68766
2019-02-15,2646.05902,11498.45472,7405.7278,230.58492,337.51073,301.22723
2019-02-18,2646.05902,11498.45472,7405.7278,229.69782,336.21226,300.06836
2019-02-19,2649.93976,11516.11792,7416.94955,229.47658,335.91175,299.79391
2019-02-20,2654.38955,11537.49876,7430.32515,229.56824,336.10543,299.95083
2019-02-21,2644.6037,11495.91373,7403.38697,228.75213,334.93827,298.90288
2019-02-22,2662.40034,11573.61887,7453.36268,230.45397,337.44013,301.13289
2019-02-25,2665.78012,11589.8563,7463.52096,230.58384,337.67532,301.33072
2019-02-26,2663.73523,11581.11681,7457.53913,230.18383,337.09392,300.79763
2019-02-27,2663.96364,11583.88507,7458.97878,229.71818,336.46357,300.22134
2019-02-28,2656.46086,11554.58608,7439.4718,228.98068,335.47992,299.31786
2019-03-01,2674.31389,11632.86065,7489.77908,230.50945,337.73774,301.32868
2019-03-04,2663.19228,11584.777,7458.76386,230.88902,338.30247,301.83023
2019-03-05,2659.9606,11571.04189,7449.8635,230.93522,338.37959,301.89672
2019-03-06,2642.2516,11494.53995,7400.52234,229.15451,335.78598,299.57924
2019-03-07,2620.948,11404.19301,7341.93232,229.04741,335.69762,299.4832
2019-03-08,2615.44905,11381.31047,7326.99902,228.50581,334.93458,298.79425
2019-03-11,2654.10969,11549.68206,7435.3659,232.10043,340.20746,303.49709
2019-03-12,2661.99341,11584.47988,7457.67298,231.74716,339.70404,303.04414
2019-03-13,2680.32986,11665.07379,7509.40248,232.62135,341.00877,304.20183
2019-03-14,2677.89308,11658.38748,7504.34245,232.51266,340.96405,304.13131
2019-03-15,2690.8827,11715.40838,7540.96262,233.19699,341.98128,305.03528
2019-03-18,2701.02161,11759.66631,7569.43328,233.83822,342.92501,305.87636
2019-03-19,2700.28569,11756.94724,7567.59464,233.58908,342.57378,305.5595
2019-03-20,2692.36913,11723.02763,7545.65562,232.79141,341.41993,304.52605
2019-03-21,2722.12166,11853.17945,7629.36378,235.18782,344.95217,307.67395
2019-03-22,2669.58727,11625.26382,7482.50251,232.23318,340.64318,303.82404
2019-03-25,2666.9597,11614.66003,7475.51556,231.19522,339.14517,302.4814
2019-03-26,2686.2324,11698.65187,7529.56366,233.73297,342.86956,305.80269
2019-03-27,2673.59145,11643.72693,7494.188,233.22229,342.12417,305.13688
2019-03-28,2683.44799,11688.86795,7522.81677,234.43629,343.97022,306.76602
2019-03-29,2701.53568,11768.2154,7573.77591,236.15313,346.50566,309.02282
2019-04-01,2732.8508,11904.70843,7661.60439,239.05019,350.75887,312.81532
2019-04-02,2732.6545,11904.32234,7661.26879,239.68451,351.70347,313.65416
2019-04-03,2739.05946,11932.2244,7679.22573,239.41192,351.30348,313.29745
2019-04-04,2743.89818,11955.93333,7693.97634,240.11283,352.40948,314.26306
2019-04-05,2756.77137,12012.11503,7730.11352,241.09962,353.86042,315.55623
2019-04-08,2759.76869,12025.40262,7738.62056,240.53661,353.04076,314.82351
2019-04-09,2742.86872,11955.26009,7692.80706,238.81976,350.62347,312.64046
2019-04-10,2753.27874,12001.59437,7722.4646,240.19491,352.67062,314.45945
2019-04-11,2753.52433,12002.80385,7723.21602,239.74753,352.01783,313.8763
2019-04-12,2771.60913,12082.79313,7774.46198,240.44765,353.0796,314.81399
2019-04-15,2770.10572,12076.50712,7770.36561,240.41285,353.03633,314.77331
2019-04-16,2771.09818,12081.05832,7773.25065,240.70117,353.46629,315.15491
2019-04-17,2763.92719,12050.8947,7753.63311,240.02519,352.50578,314.29001
2019-04-18,2768.35559,12070.48816,7766.18461,241.6713,354.93169,316.45068
2019-04-19,2768.35559,12070.48816,7766.18461,241.6713,354.93169,316.45068
2019-04-22,2771.39339,12084.03966,7774.84458,241.68929,354.9671,316.47985
2019-04-23,2796.0824,12192.25949,7844.36316,244.88677,359.68,320.67726
2019-04-24,2790.05463,12165.99036,7827.45904,244.45701,359.04921,320.11476
2019-04-25,2788.25779,12158.15522,7822.418,245.58201,360.70158,321.58795
2019-04-26,2801.29592,12215.37366,7859.16107,246.32146,361.79849,322.56301
2019-04-29,2804.29855,12229.12624,7867.882,246.50819,362.09228,322.81972
2019-04-30,2806.69853,12240.11215,7874.85936,245.81656,361.09169,321.92395
2019-05-01,2785.81759,12149.07803,7816.28571,243.2606,357.33796,318.57717
2019-05-02,2779.86786,12123.61995,7799.8219,243.97827,358.40663,319.52643
2019-05-03,2807.30398,12244.43747,7877.32638,246.29814,361.8489,322.58609
2019-05-06,2795.12358,12192.299,7843.59297,245.0652,360.06671,320.98948
2019-05-07,2748.45978,11988.84251,7712.6931,241.12468,354.27969,315.83004
2019-05-08,2744.31468,11971.09397,7701.21089,240.46013,353.3131,314.96572
2019-05-09,2736.12435,11939.52405,7680.11071,239.15538,351.5184,313.33356
2019-05-10,2746.23716,11987.66753,7710.30433,239.72975,352.48068,314.15974
2019-05-13,2678.63365,11693.02464,7520.71389,233.84918,343.8477,306.46205
2019-05-14,2701.3194,11793.39603,7585.01187,236.48172,347.7581,309.93671
2019-05-15,2717.46446,11866.06118,7631.32655,238.01187,350.07254,311.98225
2019-05-16,2741.84534,11975.85018,7701.29227,240.73805,354.18068,315.61708
2019-05-17,2725.14861,11904.09871,7654.93061,239.69015,352.67384,314.26526
2019-05-20,2706.40553,11822.39318,7602.36244,237.92434,350.08067,311.95338
2019-05-21,2730.07978,11926.12918,7669.00795,239.65142,352.63134,314.22372
2019-05-22,2722.04264,11891.23781,7646.52922,239.53502,352.46653,314.07514
2019-05-23,2688.63668,11746.53483,7553.26942,236.68023,348.30232,310.35586
2019-05-24,2692.59772,11765.50123,7565.14483,235.88651,347.18328,309.34564
2019-05-27,2692.59772,11765.50123,7565.14483,236.13943,347.55552,309.67732
2019-05-28,2670.39787,11668.6048,7502.82552,234.56977,345.24844,307.62103
2019-05-29,2651.77331,11587.52178,7450.63205,233.59228,343.81861,306.34466
2019-05-30,2657.24899,11612.99243,7466.71246,234.41123,345.06987,307.44731
2019-05-31,2623.15163,11466.22794,7371.92889,231.05029,340.18912,303.08146
2019-06-03,2615.01604,11430.77229,7349.11873,229.14106,337.38118,300.5792
2019-06-04,2671.61289,11678.69729,7508.48844,233.44389,343.73211,306.23626
2019-06-05,2693.5965,11776.17078,7570.8912,234.75873,345.70848,307.98625
2019-06-06,2709.88266,11850.46002,7618.06011,235.74901,347.25726,309.34201
2019-06-07,2738.40443,11976.26119,7698.75269,237.0746,349.24116,311.10208
2019-06-10,2752.10704,12036.23359,7737.29638,238.73467,351.68797,313.28134
2019-06-11,2750.57243,12030.15271,7733.26664,238.6121,351.52583,313.13201
2019-06-12,2745.22569,12006.98337,7718.33125,238.02204,350.66285,312.36161
2019-06-13,2756.53351,12059.9932,7751.72413,240.02019,353.71077,315.04886
2019-06-14,2751.3439,12038.83503,7737.82503,240.58207,354.58436,315.81475
2019-06-17,2754.40801,12052.36912,7746.49949,240.82855,354.95136,316.14062
2019-06-18,2781.49361,12171.35564,7822.89091,244.07731,359.75349,320.41417
2019-06-19,2790.48085,12210.72284,7848.18557,244.21096,359.95167,320.59037
2019-06-20,2816.55265,12325.90564,7922.03689,244.84442,360.91746,321.44324
2019-06-21,2812.11387,12307.1877,7909.87654,243.82152,359.43029,320.11347
2019-06-24,2806.04754,12280.63849,7892.81326,241.82161,356.48212,317.48778
2019-06-25,2778.96029,12162.12506,7816.63773,239.63454,353.25903,314.61699
2019-06-26,2775.55743,12147.23246,7807.06621,239.46734,353.01254,314.39747
2019-06-27,2786.98206,12199.47574,7840.21315,240.62223,354.78027,315.9545
2019-06-28,2803.31725,12271.57376,7886.43374,241.61813,356.26591,317.27295
2019-07-01,2824.98571,12366.5085,7947.42883,244.85104,361.03518,321.5196
2019-07-02,2833.04614,12402.24319,7970.30728,246.19099,363.02411,323.28733
2019-07-03,2855.23137,12502.21341,8034.00376,248.41579,366.38824,326.2609
2019-07-04,2855.23137,12502.21341,8034.00376,248.40478,366.372,326.24644
2019-07-05,2850.483,12482.70065,8021.24024,249.30649,367.7396,327.4551
2019-07-08,2835.93868,12419.20251,7980.39973,248.18923,366.09731,325.99118
2019-07-09,2840.84488,12444.14697,7995.76185,248.81827,367.12723,326.88102
2019-07-10,2853.42907,12499.38574,8031.23245,248.93198,367.29838,327.0325
2019-07-11,2859.78443,12527.28731,8049.15151,249.44208,368.05285,327.70392
2019-07-12,2873.34951,12587.85636,8087.84778,250.63642,369.84881,329.29398
2019-07-15,2874.14813,12591.38449,8090.10897,250.4946,369.6404,329.10819
2019-07-16,2863.9049,12546.87806,8061.4421,250.45806,369.59733,329.06696
2019-07-17,2846.42922,12470.48371,8012.32604,248.88541,367.28151,327.00378
2019-07-18,2856.72849,12516.79723,8041.85567,249.94181,368.87557,328.41375
2019-07-19,2838.94489,12439.36885,7992.0145,248.30841,366.47938,326.27654
2019-07-22,2847.10376,12475.39779,8015.10845,249.01093,367.52446,327.20478
2019-07-23,2866.40302,12560.17238,8069.53349,252.32897,372.42789,331.56861
2019-07-24,2880.71009,12623.27961,8109.99787,253.74773,374.53425,333.44058
2019-07-25,2864.86959,12553.91554,8065.42453,252.00188,371.95881,331.14733
2019-07-26,2886.53532,12649.01086,8126.48974,254.6379,375.85424,334.61412
2019-07-29,2881.07364,12625.12645,8111.13549,254.04193,374.97603,333.83188
2019-07-30,2873.56536,12593.63475,8090.63153,253.19791,373.77208,332.74886
2019-07-31,2843.24439,12461.15336,8005.45248,250.65,370.0228,329.40828
2019-08-01,2817.35773,12348.87272,7933.10275,250.06362,369.19223,328.65989
2019-08-02,2795.25371,12253.09002,7871.35806,247.12959,364.89328,324.82414
2019-08-05,2711.31837,11885.71966,7635.25163,237.93003,351.32654,312.74272
2019-08-06,2746.94034,12042.73274,7735.95542,241.02369,355.91991,316.8251
2019-08-07,2749.63204,12054.87517,7743.68954,240.63604,355.35755,316.32181
2019-08-08,2802.04159,12287.72593,7892.67271,245.55111,362.70669,322.8394
2019-08-09,2783.04614,12206.4287,7840.06839,243.86471,360.27481,320.65906
2019-08-12,2748.99398,12059.07824,7745.04838,240.50515,355.37054,316.27862
2019-08-13,2789.54801,12237.39595,7859.49388,244.72938,361.62464,321.84145
2019-08-14,2707.49856,11880.76615,7629.82102,238.34064,352.28248,313.50129
2019-08-15,2713.53206,11909.40082,7647.66311,239.76416,354.4508,315.40834
2019-08-16,2753.10069,12084.92862,7760.01954,243.34802,359.80446,320.15748
2019-08-19,2785.79331,12229.12688,7852.491,246.43747,364.39301,324.23539
2019-08-20,2764.51589,12136.58643,7792.90315,244.69858,361.84755,321.96358
2019-08-21,2787.81809,12239.39995,7858.83217,246.66105,364.76487,324.55572
2019-08-22,2785.90004,12231.29286,7853.59344,246.78054,364.95093,324.7199
2019-08-23,2713.78048,11914.76783,7650.3345,239.78611,354.61053,315.51852
2019-08-26,2743.07421,12044.78507,7733.54661,242.26543,358.31886,318.80689
2019-08-27,2733.89209,12004.54905,7707.69654,241.72635,357.52401,318.09904
2019-08-28,2751.10238,12080.56481,7756.41782,243.80811,360.61631,320.84679
2019-08-29,2785.94289,12235.56185,7855.54921,247.09654,365.54015,325.21166
2019-08-30,2787.59876,12244.44556,7860.95702,248.45576,367.59929,327.03132
2019-09-02,2787.59876,12244.44556,7860.95702,249.47519,369.10756,328.37314
2019-09-03,2768.24811,12160.26834,7806.85215,247.8564,366.73724,326.26178
2019-09-04,2798.45914,12293.95901,7892.49224,249.0393,368.51689,327.83717
2019-09-05,2834.55371,12455.28917,7995.53508,251.93163,372.87953,331.69631
2019-09-06,2836.88497,12465.97704,8002.31052,252.04753,373.06437,331.85719
2019-09-09,2835.39264,12460.37459,7998.53113,251.6985,372.57632,331.41547
2019-09-10,2835.96244,12463.2872,8000.34028,252.11391,373.20346,331.97081
2019-09-11,2856.71854,12555.11539,8059.16834,254.97521,377.4574,335.74987
2019-09-12,2864.79806,12592.47139,8082.79298,254.91979,377.43071,335.71141
2019-09-13,2861.77567,12582.62338,8075.8159,253.4217,375.31519,333.80262
2019-09-16,2854.5882,12551.38785,8055.6977,254.77349,377.32818,335.59002
2019-09-17,2862.3313,12585.61721,8077.63134,254.26232,376.57662,334.92013
2019-09-18,2862.62662,12586.98118,8078.49416,254.05863,376.2769,334.65304
2019-09-19,2862.74292,12588.22724,8079.19049,254.13789,376.41625,334.77269
2019-09-20,2848.60058,12526.61594,8039.53708,253.91585,376.10468,334.49098
2019-09-23,2848.28223,12525.21602,8038.63862,254.25692,376.60988,334.94027
2019-09-24,2823.39517,12416.75073,7968.84315,252.00095,373.2976,331.98687
2019-09-25,2841.23183,12495.19297,8019.18594,254.4955,376.99287,335.2732
2019-09-26,2834.22826,12465.14002,7999.77685,254.25101,376.65329,334.9661
2019-09-27,2818.25438,12397.07916,7955.64911,252.67948,374.39142,332.93581
2019-09-30,2832.91329,12462.2513,7997.3396,255.05382,377.93037,336.07732
2019-10-01,2797.84488,12308.49418,7898.57121,251.53891,372.73759,331.45547
2019-10-02,2748.40175,12090.98017,7758.98875,246.46165,365.21396,324.76511
2019-10-03,2770.86439,12192.67778,7823.69574,247.59377,366.9782,326.31084
2019-10-04,2810.01563,12365.02797,7934.27404,251.20652,372.33512,331.07355
2019-10-07,2797.79178,12311.31236,7899.79217,249.76115,370.19503,329.17002
2019-10-08,2753.17711,12115.28779,7773.95215,246.64201,365.58078,325.06474
2019-10-09,2778.43904,12230.15214,7846.94779,248.37236,368.25698,327.41477
2019-10-10,2796.05366,12307.93881,7896.80802,249.18671,369.47192,328.49296
2019-10-11,2827.6594,12448.20766,7986.58478,251.48966,372.92079,331.55018
2019-10-14,2823.86482,12431.50278,7975.86717,251.39136,372.77502,331.42058
2019-10-15,2851.91055,12554.9867,8055.08912,253.61207,376.06854,334.34858
2019-10-16,2844.87615,12524.81993,8035.59613,252.6889,374.72358,333.14709
2019-10-17,2853.04912,12561.72467,8059.09839,251.92162,373.61319,332.15269
2019-10-18,2841.60763,12511.6608,8026.91938,250.38203,371.33914,330.12852
2019-10-21,2861.01651,12597.48298,8081.90889,251.93388,373.65149,332.18137
2019-10-22,2850.18896,12550.18535,8051.49242,251.32993,372.76697,331.39203
2019-10-23,2858.20659,12585.83221,8074.29543,252.37702,374.3302,332.77903
2019-10-24,2865.41026,12617.61321,8094.67255,253.27513,375.66407,333.96436
2019-10-25,2877.61397,12671.54594,8129.23496,254.66342,377.72903,335.79855
2019-10-28,2893.68817,12742.32852,8174.64443,256.05132,379.78764,337.62864
2019-10-29,2890.80864,12729.79237,8166.57438,255.26724,378.62892,336.59741
2019-10-30,2900.17781,12772.20431,8193.56083,255.92188,379.63425,337.48198
2019-10-31,2891.18586,12733.55628,8168.60334,254.36232,377.349,335.44374
2019-11-01,2919.34053,12858.64001,8248.63639,256.5404,380.61226,338.33605
2019-11-04,2929.5597,12903.86333,8277.60579,257.7615,382.4302,339.95039
2019-11-05,2925.53067,12886.17864,8266.25467,259.2897,384.69938,341.96724
2019-11-06,2927.24213,12894.61189,8271.49226,259.4531,384.96852,342.19936
2019-11-07,2935.74504,12938.05042,8298.20537,260.90176,387.2971,344.22148
2019-11-08,2943.73434,12975.55015,8321.82848,262.16961,389.24787,345.93747
2019-11-11,2938.82236,12953.89887,8307.94251,261.41194,388.12293,344.93771
2019-11-12,2943.37772,12974.64827,8321.12862,262.34018,389.52123,346.17537
2019-11-13,2945.72686,12985.45077,8327.9706,262.6211,389.95177,346.55441
2019-11-14,2948.28639,12999.93727,8336.64489,263.04043,390.67068,347.16765
2019-11-15,2971.23777,13103.41609,8402.57227,263.87684,391.98109,348.31424
2019-11-18,2972.98444,13111.30017,8407.59821,263.34096,391.19047,347.61046
2019-11-19,2972.21934,13108.70602,8405.74997,263.30883,391.16602,347.5811
2019-11-20,2962.39846,13067.74043,8379.03162,262.75897,390.41932,346.89897
2019-11-21,2957.52772,13047.08132,8365.6533,262.0901,389.45016,346.0324
2019-11-22,2963.98437,13075.71748,8383.98512,263.67402,391.80835,348.12647
2019-11-25,2987.06349,13179.03827,8449.9443,266.24594,395.67534,351.55031
2019-11-26,2993.6074,13208.2581,8468.62915,266.76865,396.4626,352.24771
2019-11-27,3006.21442,13265.44982,8504.9976,268.25742,398.72228,354.24285
2019-11-28,3006.21442,13265.44982,8504.9976,268.08681,398.46869,354.01756
2019-11-29,2993.49997,13212.25811,8470.36001,266.48085,396.16903,351.95224
2019-12-02,2966.94886,13095.50056,8395.43882,263.00809,391.01902,347.3742
2019-12-03,2947.99491,13012.25907,8342.06266,261.06854,388.1479,344.82311
2019-12-04,2965.85191,13092.42704,8393.19843,262.55516,390.39837,346.81167
2019-12-05,2970.13451,13114.82214,8406.88805,262.81577,390.88988,347.22075
2019-12-06,2996.70658,13232.72172,8482.35486,266.21099,395.95668,351.71696
2019-12-09,2987.05087,13191.12394,8455.49022,264.86181,393.98098,349.95374
2019-12-10,2983.78475,13177.10314,8446.42547,264.10696,392.87014,348.96383
2019-12-11,2992.02464,13213.68985,8469.83932,264.91992,394.08535,350.04166
2019-12-12,3016.16242,13322.03866,8538.95485,266.28845,396.17313,351.8823
2019-12-13,3016.65401,13326.5056,8541.38177,265.87746,395.62983,351.3818
2019-12-16,3038.73703,13424.47358,8604.09393,267.79973,398.50246,353.92992
2019-12-17,3039.34597,13427.25359,8605.85843,267.46915,398.01321,353.49467
2019-12-18,3038.24774,13423.48117,8603.23306,268.03337,398.88487,354.2603
2019-12-19,3052.12296,13485.63592,8642.94285,269.48754,401.07429,356.19959
2019-12-20,3067.22203,13553.01407,8685.99788,271.5903,404.22359,358.99125
2019-12-23,3069.92382,13564.95239,8693.64904,271.76824,404.48843,359.22646
2019-12-24,3069.66049,13564.77101,8693.35227,271.68367,404.39184,359.13322
2019-12-25,3069.66049,13564.77101,8693.35227,271.68367,404.39184,359.13322
2019-12-26,3085.40765,13635.64264,8738.5475,272.86825,406.19333,360.72381
2019-12-27,3085.40744,13635.99533,8738.56125,271.29159,403.85678,358.64011
2019-12-30,3067.30515,13558.15961,8688.26647,268.72496,400.09994,355.28695
2019-12-31,3076.48878,13599.62465,8714.67036,269.01328,400.55489,355.68411
2020-01-01,3076.48878,13599.62465,8714.67036,269.01328,400.55489,355.68411
2020-01-02,3102.57617,13716.57031,8789.29675,271.8757,404.86497,359.49858
2020-01-03,3081.74023,13625.83806,8730.89135,270.9206,403.48367,358.26114
2020-01-06,3092.73128,13674.48603,8762.05315,271.29153,404.03761,358.75259
2020-01-07,3084.78802,13640.66437,8740.13184,271.76054,404.77466,359.39677
2020-01-08,3100.20995,13709.3323,8784.03916,273.65953,407.61721,361.91689
2020-01-09,3120.87266,13804.1589,8844.13375,275.90527,411.06512,364.95084
2020-01-10,3112.38851,13766.66489,8820.10554,274.88288,409.54285,363.59908
2020-01-13,3134.93267,13866.41616,8884.00816,276.36417,411.75082,365.55908
2020-01-14,3130.40288,13847.65017,8871.74093,276.27501,411.65574,365.46461
2020-01-15,3135.77106,13871.66462,8887.08261,276.00427,411.26027,365.11172
2020-01-16,3162.31237,13989.57438,8962.52722,278.5902,415.12826,368.54173
2020-01-17,3173.83797,14040.8407,8995.31778,280.77742,418.39575,371.44033
2020-01-20,3173.83797,14040.8407,8995.31778,281.09411,418.86766,371.85928
2020-01-21,3166.29584,14007.73115,8974.05676,280.03448,417.29631,370.46223
2020-01-22,3168.20523,14016.66063,8979.68474,280.77259,418.4106,371.44763
2020-01-23,3171.8383,14033.68414,8990.41092,281.85802,420.05657,372.9014
2020-01-24,3143.46138,13908.49846,8910.14259,279.85577,417.0836,370.25924
2020-01-27,3094.40466,13691.44305,8771.0913,275.80105,411.04064,364.8947
2020-01-28,3125.83339,13830.76097,8860.29217,278.90618,415.67616,369.00773
2020-01-29,3123.55873,13820.99469,8853.97835,278.7539,415.45817,368.81183
2020-01-30,3133.69045,13868.13757,8883.7345,278.73307,415.4964,368.82732
2020-01-31,3078.77572,13626.24755,8728.57463,272.68713,406.51782,360.84861
2020-02-03,3103.25145,13734.74251,8797.35464,275.46394,410.66249,364.49787
2020-02-04,3151.70808,13949.29089,8934.76604,280.2468,417.79528,370.82839
2020-02-05,3182.65576,14086.55244,9022.63498,283.93751,423.30611,375.71765
2020-02-06,3193.08428,14135.04486,9053.2463,285.50365,425.71133,377.83374
2020-02-07,3175.85611,14061.72654,9005.721,284.31287,424.02463,376.31308
2020-02-10,3199.30479,14167.55696,9073.11369,287.46082,428.78022,380.51739
2020-02-11,3205.97461,14197.68183,9092.35701,288.28443,430.02655,381.62138
2020-02-12,3226.69125,14289.87414,9151.32331,290.67989,433.61341,384.80135
2020-02-13,3222.85621,14277.30368,9142.43546,291.59225,435.1089,386.09312
2020-02-14,3229.48281,14308.84549,9162.21326,292.27262,436.19078,387.03538
2020-02-17,3229.48281,14308.84549,9162.21326,292.67741,436.79489,387.57141
2020-02-18,3221.0127,14272.16848,9138.56475,292.11208,435.97719,386.83894
2020-02-19,3236.72588,14343.95005,9184.11259,294.36665,439.40821,389.86567
2020-02-20,3225.47977,14294.73177,9152.50742,293.04518,437.45461,388.12844
2020-02-21,3191.16303,14143.13065,9055.34853,288.63164,430.88089,382.29202
2020-02-24,3084.36149,13671.4671,8753.03725,278.85611,416.33867,369.3761
2020-02-25,2990.30209,13254.81284,8486.2271,270.15316,403.35303,357.85307
2020-02-26,2977.5738,13198.50233,8450.15483,268.97849,401.60249,356.29916
2020-02-27,2846.06664,12618.14397,8078.09635,254.27883,379.73213,336.87539
2020-02-28,2822.37506,12515.09513,8011.76896,252.19657,376.6824,334.15501
2020-03-02,2950.52015,13083.6111,8375.65933,260.16545,388.59338,344.71895
2020-03-03,2869.28572,12723.76816,8145.2452,251.95004,376.3337,333.84118
2020-03-04,2988.61955,13253.70504,8484.34663,263.3002,393.30964,348.89446
2020-03-05,2888.41285,12811.97879,8201.07909,253.38023,378.57018,335.79914
2020-03-06,2837.91637,12588.41752,8057.89394,246.27625,367.96863,326.39206
2020-03-09,2619.86693,11622.41465,7439.31757,225.20338,336.51837,298.48595
2020-03-10,2747.86471,12190.56454,7802.9258,237.74682,355.27113,315.1171
2020-03-11,2612.28634,11589.94895,7418.31893,227.35928,339.77401,301.36479
2020-03-12,2363.67902,10489.12664,6713.31161,209.36047,312.94084,277.548
2020-03-13,2578.80779,11447.20968,7325.8544,228.67323,341.91072,303.21434
2020-03-16,2266.20535,10060.07886,6438.0393,199.69964,298.60436,264.80535
2020-03-17,2399.77668,10653.33227,6817.63828,214.6791,321.0119,284.67413
2020-03-18,2272.42826,10088.05751,6455.87651,205.88567,307.86493,273.01485
2020-03-19,2288.57084,10160.45931,6502.09989,209.9058,313.89916,278.36128
2020-03-20,2190.97683,9728.79291,6225.54818,201.18956,300.91466,266.83351
2020-03-23,2128.0656,9449.46924,6046.80628,194.13224,290.36,257.47426
2020-03-24,2328.08072,10338.56007,6615.56541,211.65074,316.59097,280.72677
2020-03-25,2357.18193,10467.8643,6698.29249,213.58421,319.48528,283.29262
2020-03-26,2504.23064,11121.38259,7116.38849,222.96662,333.53471,295.74696
2020-03-27,2420.70249,10750.45455,6879.03325,214.86692,321.41912,285.00381
2020-03-30,2500.01879,11104.98609,7105.45485,222.48062,332.8769,295.14532
2020-03-31,2459.86951,10927.73477,6991.83244,220.04485,329.26534,291.9344
2020-04-01,2350.00226,10439.71741,6679.57596,211.15012,315.95739,280.13479
2020-04-02,2401.62416,10670.72924,6827.06282,216.99015,324.74748,287.91479
2020-04-03,2364.36247,10506.55315,6721.75869,214.90937,321.67573,285.18018
2020-04-06,2532.67294,11254.58685,7200.30577,230.52822,345.05735,305.90815
2020-04-07,2529.89662,11242.38694,7192.4743,228.19115,341.56335,302.80946
2020-04-08,2617.37231,11633.7912,7442.36655,236.4833,354.05682,313.86373
2020-04-09,2657.07117,11811.67587,7555.8885,238.4241,357.00575,316.46641
2020-04-10,2657.07117,11811.67587,7555.8885,238.4241,357.00575,316.46641
2020-04-13,2630.84855,11695.33886,7481.42352,236.89406,354.72178,314.43991
2020-04-14,2711.49979,12055.25293,7711.39273,242.63155,363.35468,322.08139
2020-04-15,2652.55502,11793.92432,7544.09846,238.75005,357.56428,316.94326
2020-04-16,2667.97495,11862.55249,7587.98705,241.36637,361.48467,320.41785
2020-04-17,2740.34129,12184.76378,7794.0059,247.0139,369.95643,327.92353
2020-04-20,2692.43336,11971.76102,7657.75504,242.86276,363.73973,322.413
2020-04-21,2608.71602,11599.7965,7419.77362,235.74459,353.08724,312.96855
2020-04-22,2669.37269,11869.82571,7592.43631,241.9835,362.44124,321.25716
2020-04-23,2668.27206,11865.88958,7589.73476,241.87256,362.30433,321.12802
2020-04-24,2705.69951,12032.58327,7696.30795,245.61686,367.9207,326.10403
2020-04-27,2748.4365,12222.8347,7817.95964,248.852,372.77269,330.40298
2020-04-28,2733.53039,12156.62667,7775.5959,247.69657,371.04441,328.87047
2020-04-29,2807.5047,12486.18864,7986.28409,253.89574,380.34836,337.11245
2020-04-30,2780.1908,12365.16023,7908.78875,249.1416,373.23995,330.80856
2020-05-01,2701.64079,12017.27569,7685.99806,240.88191,360.91035,319.86887
2020-05-04,2714.95191,12076.57017,7723.90606,244.10881,365.74774,324.15551
2020-05-05,2741.08108,12192.83789,7798.2605,248.18601,371.85785,329.57046
2020-05-06,2724.00466,12117.76885,7750.07728,247.62208,371.04016,328.83851
2020-05-07,2757.76982,12272.1046,7847.99211,251.15667,376.46316,333.61101
2020-05-08,2805.05257,12484.82434,7983.58827,253.23068,379.6422,336.40974
2020-05-11,2806.16934,12489.89706,7986.81249,254.44312,381.463,338.02236
2020-05-12,2748.57217,12235.56843,7823.78981,248.08619,371.99433,329.61557
2020-05-13,2699.20486,12016.61657,7683.63434,244.42823,366.53416,324.77106
2020-05-14,2730.66368,12159.09749,7774.27316,247.86013,371.75474,329.37707
2020-05-15,2741.82583,12210.13829,7806.65756,248.75828,373.14274,330.59625
2020-05-18,2828.02839,12595.39619,8052.71216,255.65757,383.53364,339.79125
2020-05-19,2799.37164,12468.85173,7971.59917,250.98649,376.55895,333.60331
2020-05-20,2846.23588,12679.72491,8106.00586,254.14358,381.35972,337.83939
2020-05-21,2824.86404,12585.33231,8045.52003,253.41098,380.28508,336.88145
2020-05-22,2832.77851,12622.62737,8068.97175,255.31101,383.19815,339.44563
2020-05-25,2832.77851,12622.62737,8068.97175,255.24069,383.09262,339.35215
2020-05-26,2867.60622,12778.03664,8168.28033,256.23825,384.59647,340.68278
2020-05-27,2909.41195,12964.54927,8287.48155,260.24631,390.61913,346.01669
2020-05-28,2903.38419,12939.17872,8270.97843,257.7691,386.94549,342.7507
2020-05-29,2918.44705,13008.36068,8314.80719,257.52245,386.63625,342.46057
2020-06-01,2931.43167,13066.79869,8352.05243,258.34306,387.88497,343.56217
2020-06-02,2955.14727,13172.89358,8419.81694,259.37346,389.44338,344.94049
2020-06-03,2995.02277,13351.91428,8534.00116,262.01814,393.45176,348.48095
2020-06-04,2981.73319,13295.42922,8497.37087,257.99263,387.48742,343.17702
2020-06-05,3056.71047,13629.9307,8711.14877,265.193,398.30718,352.75916
2020-06-08,3093.61514,13794.71338,8816.42157,268.69163,403.56851,357.4171
2020-06-09,3070.03845,13690.477,8749.63098,265.38754,398.63188,353.03809
2020-06-10,3057.43906,13634.35363,8713.75042,264.3566,397.08514,351.66778
2020-06-11,2879.37632,12841.7848,8206.93346,248.32631,373.04947,330.3698
2020-06-12,2915.70403,13007.56414,8312.16393,254.4666,382.3843,338.60749
2020-06-15,2943.42197,13131.73548,8391.41414,256.2477,385.07586,340.98691
2020-06-16,2998.49353,13377.63135,8548.50757,261.9016,393.57815,348.51417
2020-06-17,2989.2054,13336.26109,8522.05826,261.4393,392.88544,347.90024
2020-06-18,2992.21281,13350.09466,8530.85115,261.77231,393.39814,348.35232
2020-06-19,2976.7643,13283.53172,8487.86694,261.25911,392.69672,347.71279
2020-06-22,2996.3953,13371.14177,8543.84609,261.46239,393.00253,347.9835
2020-06-23,3008.55069,13425.45822,8578.54118,260.55417,391.63954,346.77616
2020-06-24,2930.81568,13078.60201,8356.90254,255.12759,383.48376,339.55441
2020-06-25,2964.13914,13227.9582,8452.2245,259.45505,390.00762,345.32632
2020-06-26,2893.14517,12911.28076,8249.85041,253.50083,381.06163,337.4041
2020-06-29,2934.22428,13096.58732,8367.87611,256.09433,385.01844,340.89216
2020-06-30,2980.73294,13305.19343,8500.96651,260.48939,391.6561,346.76112
2020-07-01,2997.32794,13379.67506,8548.47656,261.25345,392.81682,347.78561
2020-07-02,3011.40113,13445.23213,8589.8375,263.23983,395.88407,350.47985
2020-07-03,3011.40113,13445.23213,8589.8375,262.91202,395.39108,350.0434
2020-07-06,3060.92964,13666.45067,8731.15248,265.46519,399.23324,353.44425
2020-07-07,3029.84609,13527.73143,8642.51622,263.51449,396.30142,350.84819
2020-07-08,3055.3842,13641.9284,8715.44038,264.75032,398.16507,352.49675
2020-07-09,3040.35649,13578.49603,8674.21289,264.24129,397.50681,351.8855
2020-07-10,3072.38333,13721.58342,8765.61359,266.43499,400.8084,354.80791
2020-07-13,3039.27378,13573.71271,8671.15091,262.40457,394.74528,349.44065
2020-07-14,3080.00338,13757.33994,8788.12504,265.23283,399.04997,353.238
2020-07-15,3108.57303,13885.25157,8869.78467,267.22419,402.05473,355.89582
2020-07-16,3097.36628,13835.59152,8837.986,265.94638,400.14369,354.20113
2020-07-17,3107.77035,13882.73481,8867.97219,267.06163,401.84108,355.69848
2020-07-20,3138.03855,14017.94602,8954.34201,269.23839,405.1164,358.5977
2020-07-21,3140.63392,14029.74462,8961.83944,268.33519,403.76326,357.39838
2020-07-22,3158.65988,14110.58717,9013.41873,267.43101,402.41181,356.19971
2020-07-23,3117.56132,13927.96526,8896.58119,263.90583,397.1352,351.52178
2020-07-24,3096.17631,13832.6965,8835.6758,261.43043,393.41782,348.22932
2020-07-27,3122.66266,13951.09856,8911.29209,260.24158,391.63073,346.64697
2020-07-28,3100.54046,13852.41755,8848.22985,259.47748,390.48519,345.63186
2020-07-29,3140.75684,14032.11063,8963.00559,261.81624,394.00523,348.74745
2020-07-30,3130.51175,13988.55976,8934.76779,260.51968,392.11633,347.05922
2020-07-31,3153.9878,14095.01491,9002.4667,261.79635,394.08132,348.78695
2020-08-03,3178.41101,14204.62353,9072.38572,265.77902,400.08944,354.10108
2020-08-04,3189.36624,14253.60442,9103.66544,266.29807,400.87139,354.79299
2020-08-05,3210.0272,14345.94035,9162.63967,265.15854,399.156,353.27478
2020-08-06,3228.8236,14431.52486,9216.99881,267.60075,402.87652,356.55592
2020-08-07,3227.66896,14429.26517,9214.99975,268.74177,404.6757,358.12664
2020-08-10,3233.33031,14454.78207,9231.25586,269.7165,406.1493,359.42918
2020-08-11,3206.4675,14334.80792,9154.61426,267.4984,402.81251,356.47535
2020-08-12,3253.49494,14547.05032,9289.77472,270.52492,407.42606,360.5433
2020-08-13,3249.9458,14534.6367,9281.19564,269.47648,405.94356,359.20617
2020-08-14,3248.9687,14531.33697,9278.89019,269.58904,406.14303,359.37499
2020-08-17,3262.84948,14593.78114,9318.69435,269.8625,406.56506,359.74575
2020-08-18,3271.44667,14634.41793,9344.22414,269.37055,405.88448,359.12747
2020-08-19,3256.2237,14568.48746,9301.71364,268.56769,404.73496,358.09446
2020-08-20,3268.8813,14625.55668,9338.08224,270.955,408.34491,361.28574
2020-08-21,3280.50984,14678.43331,9371.68024,273.35009,411.97827,364.49406
2020-08-24,3310.55557,14814.4826,9458.2344,275.05974,414.60007,366.8017
2020-08-25,3322.61006,14868.57383,9492.74027,275.82781,415.76193,367.82851
2020-08-26,3358.64811,15029.94519,9595.74767,278.96109,420.48765,372.00867
2020-08-27,3364.40343,15056.61648,9612.60073,280.0909,422.21635,373.53125
2020-08-28,3386.43744,15156.67715,9676.23041,279.36618,421.16425,372.59076
2020-08-31,3385.29348,15153.27869,9673.73107,277.83569,418.90452,370.57902
2020-09-01,3414.20701,15282.97133,9756.49612,280.11498,422.34855,373.62461
2020-09-02,3461.32255,15495.36896,9891.82741,286.93053,432.66657,382.74219
2020-09-03,3334.54158,14930.51419,9530.72264,276.49092,417.00017,368.8635
2020-09-04,3305.63355,14801.0776,9448.09828,275.02328,414.78669,366.90554
2020-09-07,3305.63355,14801.0776,9448.09828,274.34889,413.76958,366.00584
2020-09-08,3207.53519,14362.43401,9167.98124,266.97481,402.66476,356.17848
2020-09-09,3275.20751,14666.25038,9361.76355,272.22652,410.60803,363.19879
2020-09-10,3219.23799,14416.27047,9202.07197,266.1882,401.51833,355.1538
2020-09-11,3219.94094,14420.03469,9204.3567,267.13524,402.96406,356.42802
2020-09-14,3266.04871,14630.89398,9338.11677,270.02471,407.44448,360.35891
2020-09-15,3286.16284,14721.27631,9395.75036,272.18058,410.70525,363.24082
2020-09-16,3270.16444,14650.11741,9350.23598,271.35926,409.48019,362.15355
2020-09-17,3241.11122,14520.16095,9267.28762,269.42675,406.56963,359.57918
2020-09-18,3208.56933,14374.58294,9174.33439,265.54093,400.7117,354.39674
2020-09-21,3176.22013,14230.32711,9082.13717,265.48273,400.64275,354.33075
2020-09-22,3208.13215,14373.37483,9173.42198,269.00913,405.96654,359.03869
2020-09-23,3129.96139,14024.08984,8950.31963,263.17379,397.18703,351.26696
2020-09-24,3138.25251,14061.94284,8974.35515,264.61898,399.38813,353.20876
2020-09-25,3191.71748,14301.94902,9127.44639,269.62517,406.95645,359.89879
2020-09-28,3243.58635,14534.3712,9275.77729,273.39509,412.64655,364.93092
2020-09-29,3228.71369,14469.8954,9234.21538,270.14643,407.80432,360.63246
2020-09-30,3254.94159,14587.96501,9309.46287,272.44543,411.28964,363.71069
2020-10-01,3276.80057,14687.40714,9372.64056,274.06473,413.77572,365.89815
2020-10-02,3243.91327,14540.05695,9278.59912,271.80048,410.35886,362.87621
2020-10-05,3302.9548,14806.16694,9448.13314,274.91693,415.10524,367.06246
2020-10-06,3258.02858,14605.31524,9319.86212,271.20055,409.5089,362.1098
2020-10-07,3314.90844,14860.5709,9482.69262,276.6391,417.72863,369.37611
2020-10-08,3340.57029,14979.86433,9558.0047,279.08913,421.54789,372.72169
2020-10-09,3370.61929,15114.92333,9644.1289,280.02647,422.97243,373.97925
2020-10-12,3425.17299,15359.55937,9800.21977,284.6069,429.89105,380.09647
2020-10-13,3407.09663,15278.49926,9748.49908,284.75617,430.11651,380.29583
2020-10-14,3385.27212,15182.05082,9686.6881,282.55921,426.83797,377.38645
2020-10-15,3380.12934,15159.36845,9672.14289,283.57684,428.386,378.75227
2020-10-16,3379.30964,15155.97466,9669.92349,283.01217,427.54095,378.00302
2020-10-19,3325.5543,14914.89823,9516.10777,277.02113,418.49077,370.00136
2020-10-20,3339.04314,14975.66204,9554.82556,277.028,418.50861,370.01515
2020-10-21,3330.6041,14938.13155,9530.81922,275.30393,415.91292,367.71788
2020-10-22,3347.35199,15014.39237,9579.25895,277.7878,419.69739,371.05544
2020-10-23,3358.93326,15066.61152,9612.52299,278.56048,420.8724,372.09225
2020-10-26,3297.40548,14790.73212,9436.49127,273.87443,413.79527,365.8346
2020-10-27,3288.82069,14752.42614,9412.01344,272.80358,412.18297,364.40768
2020-10-28,3174.67595,14240.43204,9085.3592,265.16172,400.63725,354.20007
2020-10-29,3211.52861,14406.91119,9191.35424,270.40275,408.58923,361.22178
2020-10-30,3166.92757,14208.38955,9064.4043,266.85347,403.27037,356.50786
2020-11-02,3205.0236,14379.48008,9173.52034,270.34204,408.54723,361.17152
2020-11-03,3263.76317,14643.0968,9341.6819,273.09066,412.70323,364.845
2020-11-04,3339.36662,14982.31968,9558.08751,279.94169,423.05737,373.99827
2020-11-05,3406.63131,15286.75068,9751.80036,282.73113,427.34675,377.77082
2020-11-06,3407.54261,15292.96776,9755.35918,281.66358,425.7924,376.38108
2020-11-09,3435.29307,15418.84551,9835.40188,285.17018,431.13065,381.08999
2020-11-10,3427.05048,15384.22342,9812.86849,284.57018,430.28994,380.32947
2020-11-11,3456.91458,15518.28505,9898.38006,288.57581,436.34674,385.68302
2020-11-12,3424.69738,15376.68267,9807.48023,284.61557,430.44318,380.44248
2020-11-13,3468.51195,15574.79315,9933.57293,288.02518,435.63852,385.02405
2020-11-16,3507.615,15750.61605,10045.6671,290.86626,439.94228,388.82603
2020-11-17,3495.85553,15699.9353,10012.94339,288.93909,437.08653,386.28665
2020-11-18,3460.396,15543.25879,9912.5296,285.99626,432.70643,382.39672
2020-11-19,3477.49723,15621.07425,9961.97879,288.28353,436.19497,385.47282
2020-11-20,3456.08751,15525.03738,9900.70738,286.17029,433.00129,382.6495
2020-11-23,3477.81106,15624.27101,9963.69382,288.83403,437.07792,386.24055
2020-11-24,3531.80258,15867.04857,10118.47296,291.98395,441.85059,390.45649
2020-11-25,3530.75357,15862.86568,10115.70461,291.21044,440.69478,389.43123
2020-11-26,3530.75357,15862.86568,10115.70461,291.17373,440.63923,389.38215
2020-11-27,3542.35654,15916.49379,10149.6426,290.99372,440.40828,389.16808
2020-11-30,3527.5256,15852.24664,10108.21598,289.44837,438.13554,387.14224
2020-12-01,3563.62448,16017.18556,10212.89208,290.69717,440.10044,388.85951
2020-12-02,3567.4384,16035.74207,10224.46139,289.912,438.95045,387.83345
2020-12-03,3569.02049,16045.65565,10230.24832,288.08471,436.25996,385.43615
2020-12-04,3600.90739,16189.89298,10322.04162,291.10143,440.85229,389.48713
2020-12-07,3598.66166,16179.81601,10315.61313,291.1117,440.86838,389.5012
2020-12-08,3611.09696,16236.08939,10351.4213,292.59995,443.13214,391.49858
2020-12-09,3574.98979,16074.55092,10248.27739,290.44151,439.8853,388.62422
2020-12-10,3576.90818,16084.22401,10254.24414,289.44738,438.40821,387.31169
2020-12-11,3572.2055,16063.59714,10240.99442,289.59209,438.64157,387.51409
2020-12-14,3561.25837,16017.04678,10210.81044,288.28794,436.73919,385.81429
2020-12-15,3606.6553,16221.49669,10341.09466,291.30219,441.31304,389.85287
2020-12-16,3613.13306,16250.70831,10359.70217,291.0112,440.87428,389.46472
2020-12-17,3639.05107,16368.01629,10434.37687,291.69843,441.93533,390.39799
2020-12-18,3630.91383,16332.64672,10411.59689,291.29595,441.35882,389.88001
2020-12-21,3618.28992,16276.33479,10375.62121,290.80611,440.62943,389.23275
2020-12-22,3615.87412,16266.71439,10369.25625,291.66277,441.96132,390.40054
2020-12-23,3615.20129,16263.93243,10367.43606,291.17778,441.23305,389.75547
2020-12-24,3626.72832,16317.40852,10401.21481,292.17812,442.79283,391.12164
2020-12-25,3626.72832,16317.40852,10401.21481,292.17812,442.79283,391.12164
2020-12-28,3651.10058,16427.06438,10471.11281,293.39509,444.63713,392.75072
2020-12-29,3641.86125,16385.49473,10444.61504,292.00716,442.53374,390.89278
2020-12-30,3647.68553,16413.7634,10462.24107,291.07128,441.17091,389.67434
2020-12-31,3667.92199,16506.0043,10520.81012,294.24094,446.00702,393.93749
2021-01-01,3667.92199,16506.0043,10520.81012,294.24094,446.00702,393.93749
2021-01-04,3614.12838,16264.77614,10366.8908,289.06331,438.18167,387.01966
2021-01-05,3640.5761,16385.64385,10443.57717,291.0719,441.2761,389.73962
2021-01-06,3658.29527,16465.63237,10494.51337,292.38141,443.26776,391.49698
2021-01-07,3716.79568,16732.31118,10663.83826,297.57789,451.23693,398.5113
2021-01-08,3737.78238,16828.83294,10724.96279,299.34361,453.96954,400.91
2021-01-11,3714.14672,16722.41673,10657.14407,300.03343,455.01567,401.83387
2021-01-12,3718.39612,16741.54905,10669.33704,300.17906,455.23653,402.02891
2021-01-13,3725.75578,16774.97569,10690.59281,300.72372,456.07045,402.76359
2021-01-14,3711.5162,16712.70319,10650.55507,300.20389,455.33222,402.09837
2021-01-15,3684.80283,16592.6523,10574.00446,299.09069,453.65028,400.61134
2021-01-18,3684.80283,16592.6523,10574.00446,299.52415,454.30774,401.19194
2021-01-19,3715.03388,16729.37524,10661.02063,300.67425,456.06832,402.74239
2021-01-20,3767.18805,16964.25296,10810.69593,305.46204,463.33105,409.15579
2021-01-21,3767.9185,16968.83957,10813.37388,304.37718,461.72082,407.7246
2021-01-22,3757.57788,16922.44495,10783.77561,302.99324,459.62621,405.8737
2021-01-25,3770.04694,16978.60004,10819.56027,305.06381,462.76717,408.64732
2021-01-26,3759.34741,16930.48235,10788.88438,303.28542,460.07129,406.26623
2021-01-27,3660.12683,16483.65222,10504.14042,297.12463,450.72608,398.01381
2021-01-28,3700.03431,16664.94699,10619.37695,299.58378,454.49929,401.33468
2021-01-29,3630.30256,16352.89367,10420.14352,293.2966,445.01592,392.94613
2021-02-01,3690.46504,16623.9419,10592.84854,299.7982,454.88192,401.65743
2021-02-02,3745.1821,16870.57775,10749.97555,305.60904,463.70304,409.44526
2021-02-03,3747.06278,16879.04945,10755.37373,306.16977,464.55383,410.1965
2021-02-04,3789.21064,17070.52398,10877.07309,310.49245,471.15725,416.01545
2021-02-05,3806.80638,17151.97038,10928.55332,310.71512,471.55498,416.35078
2021-02-08,3834.8243,17278.5612,11009.14446,312.43039,474.16785,418.65519
2021-02-09,3832.33419,17270.14825,11003.2476,310.93705,471.97815,416.70154
2021-02-10,3832.19378,17269.91474,11003.02252,310.07981,470.68781,415.55944
2021-02-11,3840.92536,17312.62483,11029.59161,310.7479,471.79353,416.51139
2021-02-12,3859.61244,17397.70078,11083.64263,312.60762,474.64013,419.01879
2021-02-15,3859.61244,17397.70078,11083.64263,312.25977,474.11197,418.55252
2021-02-16,3854.91584,17378.54363,11071.06943,312.21434,474.09793,418.52619
2021-02-17,3850.14313,17359.55759,11058.49077,314.06948,476.98448,421.05598
2021-02-18,3833.23041,17283.931,11010.21088,311.64091,473.31339,417.8114
2021-02-19,3829.46533,17267.92452,10999.82902,309.94847,470.7694,415.55872
2021-02-22,3790.48416,17093.48677,10888.45502,306.52802,465.61062,410.99531
2021-02-23,3792.70751,17103.84366,10895.00724,306.1529,465.0498,410.49858
2021-02-24,3831.0219,17276.82676,11005.15821,310.18956,471.18694,415.91439
2021-02-25,3733.33563,16838.60386,10725.57249,299.77018,455.42221,401.98235
2021-02-26,3719.93158,16779.96434,10687.87401,300.8102,457.05174,403.40757
2021-03-01,3810.85444,17190.49244,10949.28214,310.37447,471.59444,416.24055
2021-03-02,3776.60961,17036.12029,10850.93761,307.30491,466.93329,412.12579
2021-03-03,3718.11301,16773.08634,10683.2407,302.24433,459.26705,405.35329
2021-03-04,3662.9537,16527.01459,10525.99388,298.58887,453.78832,400.49805
2021-03-05,3730.83632,16833.97734,10721.39333,307.49329,467.33995,412.45425
2021-03-08,3703.75834,16711.97837,10643.65899,306.57443,465.94846,411.22485
2021-03-09,3765.18087,16991.15898,10821.07756,310.98985,472.71578,417.18241
2021-03-10,3786.1754,17086.79692,10881.81488,312.38218,474.85707,419.06556
2021-03-11,3832.80293,17297.70553,11016.04119,314.53711,478.14611,421.96464
2021-03-12,3834.84719,17311.02215,11023.74798,315.29801,479.41608,423.0557
2021-03-15,3862.55782,17436.82511,11103.72836,318.14933,483.77136,426.89391
2021-03-16,3854.99766,17403.21455,11082.23247,318.11391,483.73192,426.85553
2021-03-17,3865.50836,17450.89645,11112.55165,318.7133,484.64981,427.66379
2021-03-18,3801.62183,17163.26539,10929.27379,312.90699,475.84224,419.88733
2021-03-19,3802.32353,17168.14717,10932.05806,313.37206,476.59706,420.54091
2021-03-22,3830.91981,17297.30657,11014.29405,315.13349,479.27712,422.90544
2021-03-23,3800.77263,17161.26194,10927.65378,314.23368,477.91075,421.69931
2021-03-24,3773.73154,17040.18475,10850.3617,313.09248,476.20359,420.18541
2021-03-25,3791.88774,17122.73904,10902.83138,316.06823,480.74563,424.18938
2021-03-26,3853.61334,17401.60205,11080.37074,320.62789,487.68468,430.31111
2021-03-29,3846.98718,17371.68057,11061.31841,320.98809,488.23256,430.79453
2021-03-30,3835.96313,17324.07054,11030.58973,321.05077,488.3891,430.91651
2021-03-31,3854.96562,17411.23182,11085.83081,321.94116,489.78133,432.13492
2021-04-01,3902.40726,17625.5437,11222.27709,325.69534,495.49377,437.17473
2021-04-02,3902.40726,17625.5437,11222.27709,325.69534,495.49377,437.17473
2021-04-05,3955.10049,17865.76021,11374.79956,329.02997,500.62919,441.68922
2021-04-06,3955.16254,17866.78055,11375.30783,327.90954,498.94508,440.19792
2021-04-07,3959.54967,17886.93642,11388.07604,326.5768,496.92657,438.41459
2021-04-08,3980.09698,17983.69797,11448.93227,328.35428,499.74073,440.86855
2021-04-09,4009.61461,18117.30156,11533.94399,331.01203,503.79214,444.44098
2021-04-12,4009.29752,18116.13715,11533.15145,330.48552,502.99825,443.73864
2021-04-13,4027.05369,18196.36896,11584.22887,331.44812,504.46333,445.03112
2021-04-14,4008.54018,18114.82275,11531.92078,328.76649,500.44012,441.46681
2021-04-15,4055.55966,18327.66501,11667.34798,332.55339,506.21435,446.55797
2021-04-16,4067.33808,18380.89338,11701.23304,333.25473,507.28192,447.49974
2021-04-19,4043.69335,18274.03943,11633.21006,330.21481,502.65455,443.41769
2021-04-20,4015.89653,18148.98029,11553.491,327.15553,498.01304,439.31911
2021-04-21,4053.16135,18317.39063,11660.69963,330.74033,503.47,444.13294
2021-04-22,4018.79332,18163.45821,11562.44584,328.09954,499.48818,440.61043
2021-04-23,4064.41832,18370.25875,11693.97723,331.08089,504.04314,444.62417
2021-04-26,4074.15587,18414.27029,11721.99371,330.96767,503.87078,444.47212
2021-04-27,4072.53297,18407.05566,11717.37807,330.86322,503.71505,444.33388
2021-04-28,4068.13574,18387.28087,11704.77097,330.28727,502.84094,443.5621
2021-04-29,4091.47939,18493.75642,11772.36547,331.56543,504.81324,445.2949
2021-04-30,4061.259,18358.84188,11686.17176,331.13957,504.2111,444.75186
2021-05-03,4068.88118,18393.36059,11708.13237,330.75818,503.63209,444.24067
2021-05-04,4036.94709,18249.00269,11616.24261,329.32141,501.44439,442.31096
2021-05-05,4036.35265,18246.42137,11614.57928,330.01348,502.50108,443.24227
2021-05-06,4063.10594,18370.08141,11692.77421,330.71324,503.6412,444.22819
2021-05-07,4094.34648,18514.37886,11784.03827,330.97798,504.12749,444.63512
2021-05-10,4048.10755,18305.74189,11651.1647,326.75572,497.70869,438.97078
2021-05-11,4017.48442,18167.53824,11563.15201,324.24388,493.89019,435.60107
2021-05-12,3928.67079,17768.16528,11308.53166,319.32084,486.45307,429.02536
2021-05-13,3973.33885,17973.10933,11438.41448,323.00494,492.14549,434.02476
2021-05-14,4035.51513,18255.72814,11618.01688,326.45071,497.43293,438.6779
2021-05-17,4023.83195,18202.93986,11584.41005,325.19739,495.5249,436.99478
2021-05-18,3992.4999,18063.33322,11495.16324,320.72422,488.76654,431.01968
2021-05-19,3981.75883,18017.11034,11465.29759,319.93993,487.63554,430.00542
2021-05-20,4028.38263,18229.58195,11600.23366,323.68621,493.38612,435.06619
2021-05-21,4024.55269,18212.9522,11589.52379,324.09482,494.02798,435.62739
2021-05-24,4065.43307,18399.68161,11708.01643,326.5697,497.84724,438.9828
2021-05-25,4057.15639,18362.47961,11684.31799,325.22613,495.80595,437.18189
2021-05-26,4066.42382,18404.64857,11711.10776,326.68939,498.04278,439.15262
2021-05-27,4070.63616,18425.38543,11723.9857,327.45664,499.25776,440.21203
2021-05-28,4074.95376,18447.10565,11737.39061,328.34216,500.66696,441.43894
2021-05-31,4074.95376,18447.10565,11737.39061,327.13369,498.82424,439.81421
2021-06-01,4072.07673,18434.62046,11729.35995,326.40883,497.7335,438.84926
2021-06-02,4077.56008,18461.25821,11745.97097,327.87926,500.02487,440.85687
2021-06-03,4059.6614,18383.04384,11695.67055,328.30931,500.75758,441.48263
2021-06-04,4097.60176,18555.0441,11805.09088,330.65563,504.34172,444.64214
2021-06-07,4097.88873,18556.77331,11806.01369,330.04115,503.41612,443.81944
2021-06-08,4099.10877,18562.63562,11809.67894,330.15295,503.59581,443.97544
2021-06-09,4091.19375,18527.47921,11787.18118,329.5425,502.68328,443.16602
2021-06-10,4113.10097,18627.51178,11850.66482,331.67456,505.95788,446.047
2021-06-11,4123.25628,18673.95573,11880.12573,334.18195,509.79517,449.42664
2021-06-14,4132.56262,18720.47332,11908.89294,334.54947,510.47497,449.9947
2021-06-15,4121.09715,18669.2244,11876.16022,333.56626,508.99354,448.68384
2021-06-16,4100.22641,18574.98895,11816.15408,332.08235,506.73773,446.69306
2021-06-17,4104.29987,18593.9237,11828.14069,337.33916,514.77262,453.77364
2021-06-18,4053.8335,18366.15833,11683.09037,335.60811,512.15521,451.46012
2021-06-21,4107.90247,18611.87758,11839.25311,338.514,516.61073,455.38207
2021-06-22,4132.10326,18721.5253,11909.00142,340.85168,520.1783,458.52681
2021-06-23,4129.21898,18708.59395,11900.74957,339.21687,517.68717,456.32993
2021-06-24,4154.01503,18822.8364,11973.07161,341.86905,521.78732,459.93072
2021-06-25,4167.54557,18884.44154,12012.2019,342.27947,522.42189,460.4879
2021-06-28,4179.75065,18939.74655,12047.38085,343.98705,525.02818,462.78521
2021-06-29,4181.75067,18950.82409,12054.04268,344.77318,526.284,463.87736
2021-06-30,4183.80173,18960.70281,12060.21484,346.28028,528.60081,465.91514
2021-07-01,4203.08235,19049.28155,12116.32752,347.61227,530.66754,467.72794
2021-07-02,4234.02749,19191.83968,12206.56145,350.91076,535.76747,472.20596
2021-07-05,4234.02749,19191.83968,12206.56145,350.36345,534.93185,471.46947
2021-07-06,4229.10687,19170.32929,12192.7288,350.88811,535.75507,472.18916
2021-07-07,4240.86518,19223.65781,12226.64137,352.77321,538.63415,474.72644
2021-07-08,4203.93598,19059.81327,12121.75923,348.07881,531.56559,468.47051
2021-07-09,4251.65552,19276.40885,12259.46413,351.7332,537.15318,473.39307
2021-07-12,4263.81517,19331.53898,12294.52594,352.63512,538.53056,474.60695
2021-07-13,4247.06193,19255.6176,12246.23449,352.54174,538.38894,474.48188
2021-07-14,4248.31102,19263.52588,12250.84431,352.80953,538.8607,474.88137
2021-07-15,4234.78262,19202.85825,12212.1332,351.70092,537.18636,473.40084
2021-07-16,4206.00427,19072.36121,12129.14309,349.59187,533.96502,470.56199
2021-07-19,4143.59908,18789.67575,11949.312,344.50702,526.20669,463.72271
2021-07-20,4208.73123,19085.55044,12137.37369,351.20144,536.44662,472.74281
2021-07-21,4242.99848,19240.94392,12236.1955,353.28001,539.62156,475.54072
2021-07-22,4253.04956,19287.90142,12265.79804,353.99677,540.75502,476.52948
2021-07-23,4298.44464,19494.62167,12397.09593,358.71816,547.99117,482.89988
2021-07-26,4306.07725,19529.4549,12419.20576,357.93998,546.80848,481.85606
2021-07-27,4284.3352,19430.91869,12356.53088,355.60566,543.24443,478.71484
2021-07-28,4286.60587,19441.36803,12363.14702,356.57812,544.73425,480.02657
2021-07-29,4303.58356,19520.42822,12413.03695,355.42998,543.03758,478.51657
2021-07-30,4278.63485,19409.04862,12341.87211,354.15919,541.14577,476.83645
2021-08-02,4272.48373,19381.21984,12324.16209,352.95056,539.30109,475.21044
2021-08-03,4305.38243,19530.47006,12419.06523,356.32811,544.46226,479.75817
2021-08-04,4288.98522,19456.29578,12371.85946,355.37556,543.01258,478.47924
2021-08-05,4315.6743,19578.6623,12449.42263,357.8135,546.77393,481.78401
2021-08-06,4318.44292,19593.64513,12458.48759,360.43304,550.84496,485.35315
2021-08-09,4316.01922,19584.0746,12452.13016,360.70617,551.30253,485.7457
2021-08-10,4317.33762,19590.06766,12455.93866,361.58605,552.64764,486.93078
2021-08-11,4325.91518,19629.63153,12480.9719,361.7026,552.84388,487.0989
2021-08-12,4339.15214,19694.65011,12521.37821,363.10323,555.12429,489.07164
2021-08-13,4345.6027,19724.71707,12540.34356,361.68496,552.97812,487.17499
2021-08-16,4353.45698,19760.93256,12563.26047,362.47699,554.20489,488.25159
2021-08-17,4323.31841,19625.30003,12476.80797,362.17966,553.78332,487.87149
2021-08-18,4277.64219,19421.39834,12346.52774,358.5062,548.26363,482.98335
2021-08-19,4281.32996,19439.35792,12357.73114,359.70597,550.13286,484.62164
2021-08-20,4317.09175,19602.61419,12461.34643,362.80375,554.8955,488.81055
2021-08-23,4355.38813,19778.16741,12572.62854,364.1359,556.97976,490.63422
2021-08-24,4364.4136,19819.253,12598.73257,364.25444,557.16389,490.79589
2021-08-25,4374.71468,19866.29466,12628.58586,365.39379,558.91406,492.33563
2021-08-26,4349.2058,19751.16798,12555.26622,363.17047,555.53329,489.35228
2021-08-27,4387.76074,19926.86175,12666.86292,365.41068,558.97699,492.38236
2021-08-30,4407.37137,20017.14419,12724.01962,366.63944,560.89088,494.05918
2021-08-31,4399.11044,19981.83814,12701.17137,365.78173,559.64072,492.94223
2021-09-01,4402.09488,19996.64592,12710.34503,364.50141,557.71676,491.23835
2021-09-02,4414.63638,20056.60511,12747.8979,365.12404,558.75272,492.12926
2021-09-03,4415.24392,20059.80788,12749.84918,364.75936,558.20695,491.64531
2021-09-06,4415.24392,20059.80788,12749.84918,365.35901,559.12462,492.45356
2021-09-07,4399.66242,19989.58221,12705.12321,364.56141,557.91981,491.38889
2021-09-08,4391.71125,19954.06864,12682.43453,364.93463,558.50811,491.90251
2021-09-09,4372.99355,19870.56824,12629.06867,363.21014,555.91212,489.60468
2021-09-10,4339.18679,19717.86991,12531.84384,359.88452,550.84771,485.13757
2021-09-13,4346.41744,19750.88602,12552.79716,361.23205,552.91472,486.95683
2021-09-14,4321.72998,19643.21953,12483.51493,358.83085,549.36571,483.79809
2021-09-15,4357.8778,19808.18051,12588.22417,361.90872,554.09638,487.95928
2021-09-16,4353.83708,19790.37651,12576.83568,363.27905,556.21022,489.81793
2021-09-17,4316.4151,19620.37043,12468.77814,360.96977,552.67722,486.70593
2021-09-20,4240.97794,19277.58421,12250.91496,355.02415,543.57719,478.69129
2021-09-21,4240.30793,19275.31967,12249.32907,354.9832,543.53651,478.64973
2021-09-22,4280.95192,19460.07649,12366.74072,358.11087,548.32548,482.867
2021-09-23,4331.3658,19690.07152,12512.75641,361.8347,554.05053,487.90296
2021-09-24,4335.95877,19711.22365,12526.14925,363.33162,556.35035,489.92629
2021-09-27,4320.56232,19641.7654,12481.90793,362.44373,555.00585,488.73833
2021-09-28,4228.38192,19223.64928,12216.02395,355.53131,544.44775,479.43379
2021-09-29,4232.44871,19244.41225,12228.78624,357.65025,547.75734,482.33113
2021-09-30,4186.84949,19038.37946,12097.61548,354.59074,543.10868,478.22792
2021-10-01,4233.18716,19249.20263,12231.55714,358.29873,548.79137,483.23086
2021-10-04,4173.82923,18980.37503,12060.52859,352.43888,539.84695,475.34682
2021-10-05,4218.64441,19186.22672,12190.93916,357.17563,547.16108,481.77158
2021-10-06,4237.52788,19272.17183,12245.53656,360.3441,552.01673,486.04646
2021-10-07,4275.13311,19447.37153,12356.06772,362.97587,556.16769,489.67001
2021-10-08,4265.02831,19401.73782,12327.01053,361.69556,554.21543,487.94867
2021-10-11,4235.8127,19268.83518,12242.57004,359.26449,550.49038,484.66901
2021-10-12,4229.24612,19238.96361,12223.59096,359.43744,550.75539,484.90233
2021-10-13,4247.09424,19320.67584,12275.41759,360.1591,551.87604,485.88544
2021-10-14,4318.91371,19649.43611,12483.90655,365.77546,560.54032,493.4983
2021-10-15,4349.97079,19790.79711,12573.70566,367.89783,563.79458,496.36286
2021-10-18,4366.70546,19866.93382,12622.07766,369.44049,566.15867,498.44421
2021-10-19,4399.18439,20014.97606,12716.0811,370.81394,568.27126,500.30206
2021-10-20,4414.92976,20086.78853,12761.6721,372.04529,570.16329,501.96647
2021-10-21,4430.40206,20158.57149,12807.01625,373.39723,572.27455,503.81492
2021-10-22,4421.56925,20118.67723,12781.61456,372.6368,571.11748,502.79405
2021-10-25,4442.59182,20214.41061,12842.42013,375.48857,575.49045,506.64329
2021-10-26,4449.57569,20246.25834,12862.63995,376.69516,577.34172,508.27256
2021-10-27,4423.03867,20125.83127,12786.0704,374.38399,573.80864,505.15974
2021-10-28,4467.0847,20327.20966,12913.83164,375.50545,575.55462,506.68994
2021-10-29,4475.1211,20366.28573,12938.18058,379.56166,581.84339,512.20742
2021-11-01,4483.87121,20406.28375,12963.5567,379.7132,582.08072,512.41502
2021-11-02,4499.42877,20477.14963,13008.47987,381.37617,584.63176,514.65694
2021-11-03,4528.25411,20608.33535,13091.81797,383.67034,588.14862,517.75287
2021-11-04,4546.80048,20695.3664,13146.60565,386.54307,592.62755,521.67586
2021-11-05,4560.39176,20759.27745,13186.81436,387.39653,593.99466,522.86381
2021-11-08,4567.18486,20790.46946,13206.57792,386.81861,593.11621,522.08857
2021-11-09,4553.23507,20728.28631,13166.82656,385.78693,591.57194,520.71929
2021-11-10,4510.91413,20539.97664,13046.39079,384.39114,589.55657,518.91271
2021-11-11,4514.20923,20554.98053,13055.92082,386.26481,592.43029,521.44208
2021-11-12,4549.32283,20716.89757,13158.37878,390.17071,598.47961,526.75105
2021-11-15,4549.22483,20717.24613,13158.33123,390.98223,599.7474,527.8561
2021-11-16,4568.65891,20806.8046,13215.01222,395.07403,606.05475,533.39928
2021-11-17,4554.83393,20747.57049,13176.6874,395.35887,606.60071,533.85128
2021-11-18,4567.73598,20808.13875,13214.82944,395.06383,606.20042,533.4859
2021-11-19,4559.57995,20771.40778,13191.42166,395.43861,606.78787,533.99962
2021-11-22,4537.00572,20670.35457,13126.90579,395.96489,607.6479,534.74266
2021-11-23,4540.95699,20688.61906,13138.4713,395.71158,607.26689,534.40599
2021-11-24,4554.03437,20749.01972,13176.67298,399.22594,612.68431,539.16703
2021-11-25,4554.03437,20749.01972,13176.67298,398.74516,611.94647,538.51773
2021-11-26,4454.55396,20296.28168,12889.0918,386.3983,593.01298,521.85328
2021-11-29,4511.14144,20555.40841,13053.4023,392.93894,603.08908,530.71023
2021-11-30,4424.06525,20161.21961,12802.60882,385.78219,592.1806,521.0918
2021-12-01,4363.36176,19886.19148,12627.65643,377.87029,580.08264,510.43377
2021-12-02,4426.70147,20177.81505,12812.28485,383.91446,589.44746,518.65185
2021-12-03,4382.6513,19977.91619,12685.18559,381.35773,585.54807,515.2139
2021-12-06,4432.07848,20203.84594,12828.52385,385.98373,592.66916,521.47483
2021-12-07,4527.76299,20640.28908,13105.59576,395.14066,606.73709,533.85083
2021-12-08,4546.59428,20726.72592,13160.36617,393.79048,604.68116,532.03732
2021-12-09,4507.22834,20549.64169,13047.47478,392.0067,602.01167,529.67016
2021-12-10,4545.33885,20723.64197,13157.90529,394.65685,606.0887,533.25538
2021-12-13,4503.38363,20532.78146,13036.6424,392.01968,602.05122,529.69978
2021-12-14,4467.68161,20373.28995,12934.7572,388.98082,597.48067,525.65326
2021-12-15,4541.69405,20711.25141,13149.23844,396.19792,608.57958,535.41437
2021-12-16,4495.93454,20503.46049,13017.17954,390.28092,599.51663,527.43549
2021-12-17,4457.18183,20327.82384,12905.46791,388.03223,596.09443,524.41646
2021-12-20,4405.19832,20090.95342,12755.04661,382.99711,588.36564,517.6154
2021-12-21,4487.46242,20467.55866,12993.88496,391.08464,600.83151,528.57189
2021-12-22,4531.62458,20671.07855,13122.69131,392.80588,603.53702,530.93588
2021-12-23,4560.58027,20803.50707,13206.69535,395.84015,608.20924,535.04339
2021-12-24,4560.58027,20803.50707,13206.69535,395.12387,607.10868,534.07522
2021-12-27,4621.15804,21080.54348,13382.43211,400.72598,615.73694,541.66009
2021-12-28,4613.39454,21045.12837,13359.94975,400.84957,615.92685,541.82715
2021-12-29,4618.60926,21068.98225,13375.08026,399.39347,613.69139,539.86013
2021-12-30,4607.5197,21020.66893,13343.97824,399.12019,613.33784,539.53166
2021-12-31,4593.59497,20958.0309,13304.04593,396.47936,609.30549,535.97771
2022-01-03,4620.41166,21080.48992,13381.76145,401.61927,617.20764,542.92803
2022-01-04,4610.95662,21038.68108,13354.96828,400.17722,615.03038,541.00254
2022-01-05,4514.04884,20598.07347,13074.98175,390.83369,600.71583,528.39895
2022-01-06,4509.93711,20580.75821,13063.71503,391.87769,602.36281,529.83649
2022-01-07,4489.17976,20489.56378,13005.15678,388.2866,596.94573,525.0445
2022-01-10,4483.91991,20465.55669,12989.91898,388.80813,597.74752,525.74972
2022-01-11,4528.64475,20669.6903,13119.48687,391.95913,602.59182,530.01053
2022-01-12,4539.72207,20720.54893,13151.72041,390.16552,599.84301,527.5909
2022-01-13,4468.92143,20399.59776,12947.58728,382.74003,588.49056,517.58911
2022-01-14,4471.60217,20412.13108,12955.48573,383.874,590.24269,519.12788
2022-01-17,4471.60217,20412.13108,12955.48573,384.90076,591.82143,520.51641
2022-01-18,4386.93486,20025.95169,12710.31985,379.6103,583.69597,513.36753
2022-01-19,4344.65722,19833.32898,12587.99307,375.88566,577.97969,508.33714
2022-01-20,4297.34798,19618.7652,12451.548,371.69433,571.57576,502.69419
2022-01-21,4212.90866,19233.44823,12206.96338,364.42295,560.39927,492.86325
2022-01-24,4227.07191,19298.10859,12248.0016,366.87673,564.17262,496.18185
2022-01-25,4170.32296,19039.09848,12083.6015,363.07504,558.32852,491.04152
2022-01-26,4160.64512,18995.11645,12055.64903,361.95957,556.61907,489.53653
2022-01-27,4136.68016,18886.85112,11986.7252,364.18392,560.0736,492.56606
2022-01-28,4241.05547,19365.57912,12290.13929,372.82113,573.42124,504.28782
2022-01-31,4329.86347,19771.40676,12547.63563,379.11706,583.11394,512.80958
2022-02-01,4361.63141,19916.56163,12639.73829,380.57458,585.35848,514.78278
2022-02-02,4396.30473,20075.08576,12740.30606,381.98703,587.53665,516.69684
2022-02-03,4284.82532,19566.88193,12417.62133,368.35523,566.59413,498.27287
2022-02-04,4313.96955,19703.70748,12503.74271,370.03424,569.28471,500.61053
2022-02-07,4298.99416,19635.74327,12460.53066,368.66917,567.19715,498.77148
2022-02-08,4335.28154,19801.64692,12565.79617,372.61123,573.26664,504.10819
2022-02-09,4402.41313,20110.6219,12761.41963,378.09967,581.77859,511.57534
2022-02-10,4323.86113,19754.35043,12534.85603,370.09032,569.52851,500.784
2022-02-11,4239.10641,19367.94788,12289.51439,364.87229,561.52217,493.73783
2022-02-14,4223.70282,19298.92576,12245.45996,366.60053,564.22145,496.10082
2022-02-15,4294.01103,19622.29803,12450.25329,371.12771,571.25081,502.26571
2022-02-16,4295.05221,19629.39726,12454.31205,370.95638,571.05521,502.07576
2022-02-17,4199.71572,19196.08204,12178.95084,362.59471,558.25278,490.80227
2022-02-18,4165.82893,19043.84844,12081.86067,360.52524,555.14404,488.04871
2022-02-21,4165.82893,19043.84844,12081.86067,360.70016,555.41339,488.28551
2022-02-22,4121.74751,18842.57362,11954.13877,356.93058,549.61594,483.18759
2022-02-23,4043.58491,18485.3239,11727.47831,350.47114,539.67151,474.44454
2022-02-24,4111.80804,18798.66533,11925.99185,363.13422,559.21407,491.61368
2022-02-25,4203.8125,19221.31376,12193.73905,366.91824,565.10059,496.77299
2022-02-28,4196.99176,19192.16606,12174.86007,366.7632,564.92184,496.60002
2022-03-01,4132.80804,18899.17225,11988.89897,364.08795,560.81624,492.98702
2022-03-02,4208.58418,19246.2756,12208.97707,373.24261,574.93485,505.39343
2022-03-03,4178.77316,19112.25787,12123.52487,370.7663,571.18945,502.08295
2022-03-04,4141.63683,18943.65609,12016.36597,372.28368,573.56483,504.16215
2022-03-07,4015.14173,18365.33424,11649.47441,362.37346,558.30442,490.7462
2022-03-08,3987.5188,18239.41944,11569.52191,359.81427,554.37467,487.28851
2022-03-09,4093.91133,18728.80478,11879.426,363.79589,560.59103,492.73104
2022-03-10,4074.40059,18641.17252,11823.54706,362.94932,559.33528,491.61503
2022-03-11,4017.19302,18380.46994,11657.99451,359.55008,554.12792,487.02993
2022-03-14,3981.71334,18222.31355,11556.89591,355.93639,548.68443,482.21277
2022-03-15,4067.70429,18616.23358,11806.66006,363.83874,560.87762,492.92601
2022-03-16,4165.00135,19062.14736,12089.34561,371.8638,573.26748,503.80986
2022-03-17,4219.93605,19314.6731,12249.32126,372.8345,574.79676,505.14651
2022-03-18,4274.04703,19562.54378,12406.48521,379.7001,585.38753,514.45251
2022-03-21,4269.28905,19541.75467,12393.11496,379.24308,584.71252,513.85158
2022-03-22,4321.18765,19779.30938,12543.76892,384.81098,593.29704,521.39575
2022-03-23,4268.16133,19537.75039,12390.35525,380.79712,587.14331,515.97862
2022-03-24,4330.06244,19822.73329,12570.78791,386.10924,595.38283,523.20713
2022-03-25,4347.12634,19900.99845,12620.39244,388.44247,598.98512,526.37156
2022-03-28,4380.95054,20055.86899,12718.60029,392.00017,604.4719,531.19299
2022-03-29,4439.66766,20324.71212,12889.08226,392.49526,605.23646,531.86457
2022-03-30,4407.94842,20181.96765,12798.0922,387.527,597.6483,525.17713
2022-03-31,4338.85235,19866.92901,12598.06397,382.75514,590.32834,518.73444
2022-04-01,4355.21085,19941.87255,12645.57963,387.33126,597.38736,524.93704
2022-04-04,4393.90841,20119.20257,12758.00194,392.19428,604.89187,531.53031
2022-04-05,4333.90696,19847.46603,12585.11687,388.8898,599.88605,527.10766
2022-04-06,4287.77248,19636.25374,12451.17667,385.41953,594.53489,522.4052
2022-04-07,4304.61812,19715.77656,12501.14929,387.21744,597.3803,524.88641
2022-04-08,4290.54763,19651.65424,12460.43,387.30054,597.51831,525.0051
2022-04-11,4219.55355,19326.4857,12254.25195,380.07061,586.36414,515.20456
2022-04-12,4205.03738,19260.62048,12212.37078,379.58167,585.62874,514.55342
2022-04-13,4255.93832,19497.26881,12361.76291,385.09724,594.24506,522.09628
2022-04-14,4201.49628,19247.86176,12203.63206,382.67579,590.50859,518.81344
2022-04-15,4201.49628,19247.86176,12203.63206,382.67579,590.50859,518.81344
2022-04-18,4196.97321,19227.14073,12190.4944,381.66175,588.94382,517.43866
2022-04-19,4268.08588,19553.23874,12397.18847,388.38043,599.32117,526.5535
2022-04-20,4261.09935,19521.49097,12377.01034,384.9255,593.99766,521.87427
2022-04-21,4193.43839,19212.97164,12181.12898,379.54692,585.74214,514.60957
2022-04-22,4077.7585,18683.25784,11845.23164,371.44012,573.2402,503.62349
2022-04-25,4103.88689,18803.21346,11921.23778,376.19415,580.58453,510.07392
2022-04-26,3986.154,18263.94121,11579.3093,367.35742,566.95158,498.09537
2022-04-27,3992.55817,18293.47426,11597.99704,372.60053,575.04938,505.20812
2022-04-28,4092.1451,18750.7751,11887.73314,381.93067,589.48053,517.87825
2022-04-29,3942.29073,18065.86942,11453.18187,366.7934,566.17209,497.38665
2022-05-02,3967.41017,18181.07666,11526.20142,370.04252,571.19034,501.79444
2022-05-03,3984.35883,18258.76535,11575.44975,371.09438,572.81459,503.22119
2022-05-04,4102.93432,18802.31431,11920.01058,381.77597,589.30763,517.70908
2022-05-05,3951.278,18109.29202,11480.28481,368.29289,568.55691,499.46323
2022-05-06,3923.87011,17986.31996,11401.82482,363.92389,561.89476,493.58894
2022-05-09,3791.01034,17378.704,11016.38883,353.37135,545.64537,479.30365
2022-05-10,3800.7039,17423.20743,11044.58864,353.83808,546.36814,479.93805
2022-05-11,3733.74824,17117.13249,10850.40321,347.48928,536.59191,471.34333
2022-05-12,3732.76321,17118.46413,10850.14034,351.86832,543.53967,477.39755
2022-05-13,3828.76931,17560.61909,11130.03426,361.54331,558.54437,490.56069
2022-05-16,3808.89838,17470.33583,11072.64965,359.33852,555.16538,487.58582
2022-05-17,3886.13712,17825.6126,11297.63299,362.04929,559.38495,491.28348
2022-05-18,3727.83415,17103.28873,10839.11672,348.06096,537.892,472.3759
2022-05-19,3710.71071,17026.51859,10790.09272,343.94292,531.58396,466.82012
2022-05-20,3711.34869,17029.71809,10792.06858,345.02839,533.27014,468.29863
2022-05-23,3778.04741,17337.70775,10986.87906,347.5912,537.29126,471.81401
2022-05-24,3740.60752,17166.16073,10878.14208,342.28577,529.09859,464.61854
2022-05-25,3779.19574,17343.47505,10990.46233,347.33872,536.91639,471.48175
2022-05-26,3856.31648,17698.05236,11215.03144,353.17009,545.95072,479.40974
2022-05-27,3954.07744,18149.76713,11500.69682,362.37684,560.27733,491.96537
2022-05-30,3954.07744,18149.76713,11500.69682,360.04045,556.66498,488.79346
2022-05-31,3926.83898,18026.30064,11422.18758,359.79655,556.3361,488.49295
2022-06-01,3897.16884,17891.80606,11336.64187,358.58433,554.51461,486.87965
2022-06-02,3974.80504,18251.1668,11563.79458,364.0555,563.06577,494.36447
2022-06-03,3907.85997,17945.70608,11370.04583,357.74035,553.35802,485.83216
2022-06-06,3920.36099,18003.23012,11406.46973,358.93495,555.20946,487.45672
2022-06-07,3959.32606,18182.63641,11520.04857,363.01038,561.52793,493.00032
2022-06-08,3917.61938,17991.7541,11398.987,358.31628,554.2868,486.63762
2022-06-09,3822.10126,17554.78367,11121.81396,352.23859,544.93782,478.41576
2022-06-10,3708.7479,17034.64742,10792.18871,345.68701,534.81751,469.5268
2022-06-13,3560.50882,16353.88501,10360.87509,335.30876,518.7648,455.43288
2022-06-14,3547.22695,16298.38305,10324.67659,334.44301,517.60015,454.36484
2022-06-15,3601.68842,16549.30298,10483.49904,339.5778,525.56881,461.35424
2022-06-16,3480.83044,15995.5741,10132.45547,325.50959,503.8456,442.27331
2022-06-17,3492.356,16048.86264,10166.15339,327.78975,507.38526,445.37787
2022-06-20,3492.356,16048.86264,10166.15339,325.33207,503.58102,442.03854
2022-06-21,3577.69144,16441.87595,10414.94415,332.39821,514.54562,451.65606
2022-06-22,3573.62409,16423.41649,10403.20697,331.01766,512.41582,449.78466
2022-06-23,3611.71541,16599.22342,10514.44367,336.7067,521.246,457.53007
2022-06-24,3723.57822,17113.71416,10840.26599,346.60851,536.5865,470.99229
2022-06-27,3711.40432,17058.25134,10805.04151,343.74752,532.17265,467.11398
2022-06-28,3634.55525,16705.03982,10581.31018,339.28713,525.26729,461.0528
2022-06-29,3630.52258,16688.65073,10570.52276,340.07504,526.55479,462.16515
2022-06-30,3596.34425,16534.16947,10472.17552,337.64687,522.87825,458.91631
2022-07-01,3635.96499,16716.55919,10587.65051,343.43629,531.85116,466.78963
2022-07-04,3635.96499,16716.55919,10587.65051,342.36552,530.19295,465.33427
2022-07-05,3646.65174,16768.56498,10620.04319,349.4735,541.29322,475.05223
2022-07-06,3657.24722,16817.57893,10651.02969,352.12197,545.40487,478.65821
2022-07-07,3714.85501,17084.35802,10819.63209,358.53012,555.39143,487.40658
2022-07-08,3711.0874,17068.33475,10809.23676,358.04328,554.67964,486.77077
2022-07-11,3665.49857,16858.91033,10676.56221,356.80135,552.76389,485.08738
2022-07-12,3631.06109,16700.82816,10576.39203,354.645,549.43335,482.16195
2022-07-13,3615.1855,16628.1101,10530.29314,350.99881,543.79433,477.2112
2022-07-14,3602.24281,16570.67037,10493.52041,353.69567,548.04166,480.92028
2022-07-15,3672.50387,16893.89514,10698.20206,357.62511,554.13077,486.26348
2022-07-18,3643.1777,16758.99173,10612.77333,350.73294,543.45154,476.89219
2022-07-19,3744.08139,17223.87309,10907.02774,358.618,555.69227,487.62767
2022-07-20,3770.81308,17347.10602,10985.0158,362.41626,561.5862,492.79746
2022-07-21,3809.16905,17525.02759,11097.40817,366.83906,568.48729,498.84083
2022-07-22,3769.75041,17343.84706,10982.64567,361.67665,560.4928,491.82427
2022-07-25,3773.51665,17361.17475,10993.61809,362.49862,561.76661,492.94203
2022-07-26,3726.70327,17145.95544,10857.30445,360.96914,559.40157,490.86537
2022-07-27,3826.01385,17603.03616,11146.70882,371.06441,575.05194,504.59685
2022-07-28,3872.72752,17820.03628,11283.72467,374.30047,580.13456,509.03895
2022-07-29,3927.70873,18076.35747,11445.39771,378.08799,586.11287,514.25629
2022-08-01,3917.68594,18030.36731,11416.25205,374.31486,580.26817,509.12698
2022-08-02,3895.1604,17926.79595,11350.65537,374.84455,581.09248,509.84939
2022-08-03,3958.77042,18219.7839,11536.12123,383.56076,594.61218,521.70954
2022-08-04,3957.4254,18215.08195,11532.86141,380.38898,589.74335,517.42497
2022-08-05,3952.28422,18193.79431,11518.93186,381.61388,591.71966,519.13859
2022-08-08,3948.73925,18177.95811,11508.81391,379.33118,588.19579,516.04286
2022-08-09,3928.65163,18086.57397,11450.75166,377.19845,584.92396,513.16317
2022-08-10,4017.80879,18497.78737,11710.95066,380.82279,590.56836,518.10875
2022-08-11,4012.97403,18480.27239,11698.97196,380.73219,590.57947,518.07909
2022-08-12,4083.21449,18806.08153,11904.78117,391.2156,606.91659,532.39075
2022-08-15,4099.05763,18879.59638,11951.21444,394.65974,612.27741,537.08863
2022-08-16,4105.51197,18910.26997,11970.45189,395.86364,614.17586,538.74586
2022-08-17,4072.70564,18762.35761,11876.21541,393.35729,610.39127,535.39875
2022-08-18,4081.03747,18803.97806,11901.97707,395.44611,613.73825,538.30814
2022-08-19,4025.3708,18548.04231,11739.87686,393.47037,610.6902,535.62988
2022-08-22,3938.93154,18151.58044,11488.5908,387.9185,602.13412,528.10945
2022-08-23,3930.61573,18113.48357,11464.44176,386.32429,599.66698,525.94394
2022-08-24,3943.58728,18173.61153,11502.43146,387.38586,601.32641,527.3963
2022-08-25,4001.12583,18439.17672,11670.43597,393.45144,610.75521,535.66234
2022-08-26,3865.70568,17815.55609,11275.67824,378.80659,588.03727,515.73491
2022-08-29,3838.9316,17692.97939,11197.94328,377.42641,585.92174,513.8724
2022-08-30,3796.76747,17500.01984,11075.55887,373.09417,579.24158,508.00177
2022-08-31,3767.44884,17368.28645,10991.54047,367.7464,571.05083,500.78895
2022-09-01,3774.72004,17404.68016,11014.03847,372.88756,579.12982,507.84929
2022-09-02,3735.53312,17225.32492,10900.28632,365.64922,567.93184,498.01805
2022-09-05,3735.53312,17225.32492,10900.28632,369.59302,574.05741,503.38955
2022-09-06,3719.88734,17154.03675,10855.03579,368.63958,572.60514,502.10963
2022-09-07,3789.09854,17473.64234,11057.21383,373.83764,580.69395,509.19948
2022-09-08,3816.47824,17601.93641,11138.01198,376.23642,584.48748,512.50821
2022-09-09,3877.54065,17885.02259,11316.86364,378.98259,588.80178,516.27856
2022-09-12,3919.19001,18077.12887,11438.42013,379.70712,589.92745,517.26558
2022-09-13,3749.67524,17295.69569,10943.87821,367.47327,570.93526,500.60878
2022-09-14,3763.18338,17362.58374,10985.34084,369.46109,574.17516,503.41015
2022-09-15,3720.72787,17168.60507,10862.2827,365.36599,567.87395,497.87054
2022-09-16,3690.53097,17029.51356,10774.23511,361.13619,561.30786,492.11173
2022-09-19,3715.72303,17145.97082,10847.87516,364.25502,566.16239,496.36597
2022-09-20,3672.83661,16948.25091,10722.75083,360.69928,560.64154,491.5243
2022-09-21,3609.84785,16658.60996,10539.30841,358.67626,557.53126,488.78847
2022-09-22,3575.5405,16501.01539,10439.4803,357.54772,555.80149,487.26621
2022-09-23,3513.22763,16213.79255,10257.70432,355.29829,552.31668,484.20817
2022-09-26,3476.11595,16042.56297,10149.36717,353.62193,549.71225,481.92451
2022-09-27,3470.32421,16016.80502,10132.88697,354.04183,550.39837,482.51724
2022-09-28,3540.0448,16339.48441,10336.85757,360.79845,560.93298,491.74454
2022-09-29,3464.22428,15992.15448,10116.62863,348.15432,541.36414,474.56609
2022-09-30,3413.24687,15757.4939,9968.05526,341.98062,531.78694,466.16466
2022-10-03,3501.94066,16167.08595,10227.13483,350.11652,544.44285,477.25767
2022-10-04,3611.82751,16675.81563,10548.68161,356.06152,553.73484,485.39057
2022-10-05,3604.39047,16643.00022,10527.63471,358.96979,558.30873,489.38651
2022-10-06,3568.81372,16482.74951,10425.50383,355.93223,553.71951,485.32829
2022-10-07,3466.52103,16010.80576,10126.89976,347.7087,540.94316,474.12553
2022-10-10,3438.73669,15882.47835,10045.73215,347.87243,541.19788,474.34878
2022-10-11,3414.59619,15771.23383,9975.32151,345.19905,537.04742,470.70873
2022-10-12,3404.26164,15723.89925,9945.31784,344.45584,535.90474,469.70415
2022-10-13,3489.241,16118.43495,10194.4761,352.47299,548.44676,480.67873
2022-10-14,3404.5146,15727.64985,9947.2001,342.60954,533.11979,467.24021
2022-10-17,3497.58461,16157.60028,10219.12903,349.71664,544.17884,476.93266
2022-10-18,3538.36684,16346.37614,10338.45188,352.57322,548.63647,480.83612
2022-10-19,3512.59644,16227.32329,10263.15555,352.15035,547.97845,480.25941
2022-10-20,3486.05022,16106.37468,10186.34313,347.60725,540.96568,474.09852
2022-10-21,3567.18716,16481.56301,10423.56783,357.40423,556.22296,487.46709
2022-10-24,3607.00384,16665.52896,10539.91491,358.17613,557.42425,488.51989
2022-10-25,3668.92616,16951.70203,10720.88802,361.61778,562.78284,493.21546
2022-10-26,3642.04397,16827.74969,10642.44801,355.75309,553.66398,485.22163
2022-10-27,3620.72077,16729.50518,10580.26215,355.47442,553.23946,484.84717
2022-10-28,3708.01444,17134.69934,10836.16774,365.80101,569.37277,498.96986
2022-10-31,3680.53469,17008.38366,10756.15947,365.51473,568.94953,498.59316
2022-11-01,3666.64614,16944.3394,10715.63165,364.54118,567.43871,497.26796
2022-11-02,3572.09523,16507.47828,10439.34499,355.15883,552.83694,484.47118
2022-11-03,3534.58637,16336.15148,10330.61636,355.51691,553.46243,485.00143
2022-11-04,3579.62123,16547.75457,10463.77282,355.0619,552.8697,484.45161
2022-11-07,3613.25307,16703.56811,10562.23487,354.67031,552.27124,483.92425
2022-11-08,3633.79618,16798.70337,10622.36202,354.31277,551.72,483.43985
2022-11-09,3555.65433,16440.83886,10395.443,348.00725,542.01269,474.90514
2022-11-10,3758.23909,17378.79876,10988.27476,362.30754,564.32521,494.44455
2022-11-11,3796.41297,17555.32193,11099.88691,360.84861,562.05279,492.45353
2022-11-14,3760.6606,17393.91618,10997.08967,357.27736,556.61571,487.65674
2022-11-15,3796.22883,17559.7275,11101.67627,359.43881,560.02457,490.63243
2022-11-16,3761.44439,17402.62866,11001.63409,354.81047,552.93409,484.3888
2022-11-17,3747.32727,17340.91566,10961.96938,356.07957,555.0271,486.19348
2022-11-18,3764.73183,17421.94518,11013.099,356.62858,555.89846,486.95268
2022-11-21,3747.92569,17346.07154,10964.77676,359.23161,560.01729,490.54458
2022-11-22,3798.55981,17580.84237,11113.12316,362.52714,565.16852,495.05425
2022-11-23,3822.15845,17690.92905,11182.54657,361.61484,563.77385,493.82536
2022-11-24,3822.15845,17690.92905,11182.54657,360.39898,561.87827,492.16496
2022-11-25,3820.79084,17685.14313,11178.81542,360.37388,561.85643,492.14258
2022-11-28,3761.50002,17410.80849,11005.3885,355.08872,553.61962,484.92692
2022-11-29,3754.83612,17381.41963,10986.53562,355.8629,554.87314,486.01269
2022-11-30,3873.16002,17933.75434,11334.78502,369.21603,575.84163,504.34011
2022-12-01,3871.41134,17928.522,11330.94643,362.3627,565.24326,495.03451
2022-12-02,3866.0762,17905.15009,11315.92208,362.31249,565.20708,494.99175
2022-12-05,3793.59462,17569.6861,11103.86894,353.69621,551.77271,483.22448
2022-12-06,3737.42193,17310.18347,10939.76475,349.28841,544.91711,477.21616
2022-12-07,3730.86747,17280.28498,10920.78234,348.64265,543.92413,476.34275
2022-12-08,3760.22894,17418.71143,11007.80375,349.98695,546.09765,478.22618
2022-12-09,3732.29202,17289.99956,10926.33088,347.55148,542.31952,474.91182
2022-12-12,3786.34629,17540.49677,11084.61458,353.22172,551.17015,482.66164
2022-12-13,3815.12416,17674.48068,11169.15819,351.99218,549.27234,480.99426
2022-12-14,3792.11496,17571.18855,11103.26645,349.57356,545.60074,477.75249
2022-12-15,3695.81429,17126.36076,10821.96297,340.60018,531.63866,465.51737
2022-12-16,3654.40575,16935.75415,10701.28183,337.89444,527.45516,461.84388
2022-12-19,3619.87402,16776.82744,10600.65052,335.84049,524.28346,459.05764
2022-12-20,3624.19831,16797.45847,10613.59113,334.34549,521.96793,457.02608
2022-12-21,3678.36259,17050.76153,10773.21364,340.14159,531.08704,464.9921
2022-12-22,3624.63858,16801.7281,10615.86639,335.61634,524.02145,458.80584
2022-12-23,3644.91704,16896.23358,10675.48199,337.0806,526.32348,460.81724
2022-12-26,3644.91704,16896.23358,10675.48199,337.0806,526.32348,460.81724
2022-12-27,3629.27774,16825.00471,10630.23738,334.49969,522.33297,457.31305
2022-12-28,3585.3478,16621.48205,10501.62422,331.41553,517.52107,453.09905
2022-12-29,3649.37928,16920.92317,10690.32385,335.81632,524.47354,459.165
2022-12-30,3640.19322,16879.29829,10663.8426,334.7827,522.88922,457.77009
2023-01-02,3640.19322,16879.29829,10663.8426,334.7827,522.88922,457.77009
2023-01-03,3624.41038,16806.73073,10617.87976,337.02591,526.41214,460.8492
2023-01-04,3653.09575,16940.58972,10702.28736,338.15557,528.20286,462.41
2023-01-05,3609.44064,16740.69524,10575.52021,336.78252,526.13823,460.5815
2023-01-06,3691.21392,17120.30423,10815.26397,341.71628,533.85665,467.33541
2023-01-09,3689.94614,17117.41296,10812.87106,337.17847,526.85931,461.18581
2023-01-10,3716.13543,17238.90332,10889.61511,339.99889,531.26638,465.04354
2023-01-11,3765.38027,17467.69935,11034.08724,343.6875,537.04086,470.09585
2023-01-12,3779.0164,17532.98926,11074.94492,343.24044,536.40445,469.52245
2023-01-13,3795.29115,17609.08485,11122.90031,343.98652,537.58834,470.55402
2023-01-16,3795.29115,17609.08485,11122.90031,344.11363,537.78698,470.72789
2023-01-17,3789.09879,17580.39234,11104.76923,344.31552,538.10367,471.00478
2023-01-18,3730.80152,17309.9088,10933.91654,338.07906,528.35721,462.47366
2023-01-19,3701.15107,17174.4164,10847.94159,336.69776,526.26215,460.62326
2023-01-20,3772.94254,17507.91781,11058.52259,341.9136,534.42579,467.76573
2023-01-23,3819.86847,17725.6723,11196.06282,345.08288,539.37952,472.10157
2023-01-24,3815.86896,17707.5604,11184.53803,344.38875,538.30816,471.16027
2023-01-25,3815.2894,17705.04204,11182.91495,343.48369,536.89867,469.92524
2023-01-26,3858.97817,17908.99682,11311.50731,348.96931,545.51024,477.45287
2023-01-27,3871.10564,17965.57014,11347.1844,350.50195,547.91495,479.55525
2023-01-30,3818.88637,17724.78262,11194.80586,344.81961,539.07955,471.80973
2023-01-31,3875.93165,17989.88343,11362.17965,350.29265,547.64609,479.30469
2023-02-01,3918.34297,18186.8329,11486.55144,352.14773,550.54934,481.84485
2023-02-02,3978.44881,18466.76838,11663.17355,356.92859,558.05268,488.40423
2023-02-03,3935.10818,18266.70433,11536.60748,355.73908,556.22669,486.79726
2023-02-06,3909.38514,18148.51395,11461.7323,357.56316,559.11624,489.3163
2023-02-07,3959.80235,18382.87853,11609.72139,363.49546,568.40216,497.44193
2023-02-08,3915.83894,18179.32966,11481.06656,358.38721,560.43116,490.46162
2023-02-09,3880.03631,18015.75652,11377.26237,353.87309,553.4533,484.33364
2023-02-10,3886.71203,18050.37527,11398.43849,357.32072,558.95751,489.12099
2023-02-13,3931.15796,18259.46695,11529.96799,359.95706,563.16419,492.78039
2023-02-14,3932.57196,18268.15197,11535.05107,360.12013,563.48462,493.04364
2023-02-15,3948.52709,18346.60418,11583.78852,363.02062,568.1573,497.09787
2023-02-16,3893.81845,18094.047,11424.03309,358.09143,560.49361,490.38005
2023-02-17,3880.38162,18034.86222,11386.04919,357.17364,559.15797,489.185
2023-02-20,3880.38162,18034.86222,11386.04919,356.37157,557.90232,488.08648
2023-02-21,3801.39741,17668.10194,11154.43697,349.24842,546.76135,478.33697
2023-02-22,3797.43249,17649.97458,11142.93564,350.70605,549.05266,480.33908
2023-02-23,3817.14099,17742.95424,11201.37628,353.57414,553.58581,484.29367
2023-02-24,3775.92011,17552.10858,11080.74907,351.58078,550.48862,481.57791
2023-02-27,3787.74341,17609.16259,11116.37098,350.68563,549.15235,480.39177
2023-02-28,3776.88403,17560.42337,11085.28952,349.56482,547.45165,478.89049
2023-03-01,3759.22989,17479.33609,11033.91353,345.76271,541.52801,473.70062
2023-03-02,3787.60119,17613.88102,11118.35097,350.37502,548.83358,480.06979
2023-03-03,3849.51832,17903.21908,11300.75881,356.53954,558.53342,488.54439
2023-03-06,3850.23083,17907.34382,11303.20882,353.88399,554.3985,484.92102
2023-03-07,3791.96236,17636.78169,11132.34464,351.60689,550.84502,481.80923
2023-03-08,3796.95351,17661.46875,11147.64825,353.17069,553.34109,483.98037
2023-03-09,3724.70655,17328.25187,10936.78934,345.90983,542.05371,474.08454
2023-03-10,3666.87651,17060.45859,10767.53466,336.76341,527.75947,461.57258
2023-03-13,3661.35204,17035.14225,10751.49322,334.84616,524.76678,458.9525
2023-03-14,3723.24404,17327.08834,10935.00833,340.79223,534.20813,467.17803
2023-03-15,3696.66691,17204.07728,10857.25567,344.43012,539.93182,472.17826
2023-03-16,3761.95303,17510.62133,11050.24643,347.67474,545.10235,476.67991
2023-03-17,3719.75418,17314.61903,10926.48183,342.96746,537.73504,470.23411
2023-03-20,3752.20086,17465.78152,11021.84902,343.50674,538.58461,470.97598
2023-03-21,3803.21735,17704.50442,11172.26139,346.59318,543.46224,475.23134
2023-03-22,3738.96061,17406.64659,10984.0613,340.0743,533.27934,466.31671
2023-03-23,3749.97126,17459.30518,11017.03976,337.99073,530.05452,463.48628
2023-03-24,3769.62358,17550.96404,11074.84725,343.78708,539.14958,471.43783
2023-03-27,3776.70317,17583.92587,11095.64652,343.82575,539.21023,471.49085
2023-03-28,3770.44806,17555.20203,11077.44587,341.60869,535.74547,468.45804
2023-03-29,3825.11681,17809.73967,11238.06077,346.64176,543.63884,475.36004
2023-03-30,3847.42228,17916.28234,11304.7824,346.04329,542.78171,474.58925
2023-03-31,3904.80439,18184.14444,11473.6743,352.77214,553.35596,483.82981
2023-04-03,3917.19008,18241.85616,11510.08245,353.11106,553.88861,484.29527
2023-04-04,3893.45898,18132.94491,11441.05946,348.38023,546.51612,477.83643
2023-04-05,3880.78462,18076.14704,11404.80045,349.09194,547.70016,478.85396
2023-04-06,3894.03614,18141.40429,11445.30444,349.89916,549.07359,480.02669
2023-04-07,3894.03614,18141.40429,11445.30444,349.89916,549.07359,480.02669
2023-04-10,3898.52853,18162.72391,11458.68093,353.01747,553.97886,484.31199
2023-04-11,3899.36803,18166.63503,11461.14842,350.73145,550.39147,481.17575
2023-04-12,3882.5915,18088.8559,11412.01748,347.15465,544.78999,476.27615
2023-04-13,3934.70362,18334.41646,11566.4137,349.58497,548.68684,479.66117
2023-04-14,3926.34174,18295.51406,11541.86022,350.1097,549.51226,480.38226
2023-04-17,3939.45538,18356.92249,11580.54285,354.22352,555.97826,486.03242
2023-04-18,3943.31039,18374.88589,11591.87514,353.06616,554.1617,484.4444
2023-04-19,3942.54974,18371.34144,11589.6391,353.1269,554.25704,484.52774
2023-04-20,3918.65849,18261.86947,11520.2305,350.3476,549.95061,480.74858
2023-04-21,3921.65476,18276.14561,11529.17719,350.77524,550.63131,481.34115
2023-04-24,3924.03194,18287.27203,11536.18701,349.2058,548.16912,479.18842
2023-04-25,3859.70779,17988.24302,11347.40956,345.10855,541.75978,473.57976
2023-04-26,3845.06091,17920.08138,11304.39259,341.74426,536.48144,468.96491
2023-04-27,3919.27306,18266.35269,11522.75224,349.38416,548.4869,479.4563
2023-04-28,3950.68622,18414.90533,11616.0577,351.24342,551.46999,482.04717
2023-05-01,3949.40477,18408.98414,11612.3128,353.03216,554.27995,484.50299
2023-05-02,3902.75743,18191.70342,11475.22423,348.91007,547.81264,478.84862
2023-05-03,3876.48987,18069.44697,11398.0709,344.24149,540.48812,472.44476
2023-05-04,3848.93898,17942.95598,11317.91579,343.42613,539.26599,471.36125
2023-05-05,3920.50575,18277.56457,11528.79767,349.62107,549.02302,479.88218
2023-05-08,3923.98733,18294.07212,11539.1642,349.69326,549.14468,479.98662
2023-05-09,3906.73137,18214.93187,11489.00079,350.01454,549.6887,480.45189
2023-05-10,3925.45778,18302.7322,11544.28791,351.1634,551.50771,482.03791
2023-05-11,3918.97619,18276.21852,11526.86316,352.31754,553.43257,483.69088
2023-05-12,3911.63271,18246.00021,11507.04221,353.45409,555.3405,485.32623
2023-05-15,3924.92768,18310.46019,11547.23204,354.5575,557.14855,486.88683
2023-05-16,3897.4995,18183.47203,11466.96543,352.04738,553.23366,483.45791
2023-05-17,3944.81731,18407.57211,11607.65632,357.83622,562.43281,491.47005
2023-05-18,3983.36306,18590.70151,11722.55188,363.04385,570.71817,498.68519
2023-05-19,3976.56607,18559.55575,11702.80359,361.83641,568.83769,497.03742
2023-05-22,3979.52152,18575.38063,11712.39781,361.70295,568.69007,496.89213
2023-05-23,3934.6702,18366.36769,11580.56082,358.30655,563.36052,492.23344
2023-05-24,3906.97601,18237.42014,11499.19409,356.31353,560.23689,489.50157
2023-05-25,3938.30224,18384.24961,11591.66035,360.30872,566.53711,495.00147
2023-05-26,3991.91575,18635.75366,11750.03672,365.99837,575.52139,502.84266
2023-05-29,3991.91575,18635.75366,11750.03672,365.87875,575.33329,502.67832
2023-05-30,3992.39603,18639.2297,11752.00172,365.29172,574.44824,501.89535
2023-05-31,3969.2101,18534.69381,11685.38993,365.43562,574.78965,502.16347
2023-06-01,4008.88925,18723.21795,11803.64715,366.66408,576.82161,503.91309
2023-06-02,4068.57472,19003.06001,11979.86221,372.33125,585.77045,511.72204
2023-06-05,4060.79827,18967.0161,11957.08701,372.1053,585.42354,511.41675
2023-06-06,4070.94644,19014.90226,11987.21682,373.76799,588.05445,513.71257
2023-06-07,4053.44441,18933.69681,11935.92099,371.5702,584.61344,510.70217
2023-06-08,4078.87141,19054.52355,12011.70193,371.71397,584.90279,510.93838
2023-06-09,4083.06743,19074.65286,12024.29139,372.56334,586.25551,512.1158
2023-06-12,4122.59544,19259.31382,12140.69809,376.50262,592.45425,517.53062
2023-06-13,4151.83755,19396.68275,12227.16228,377.24267,593.64204,518.56267
2023-06-14,4154.98572,19415.77958,12238.37101,375.72012,591.37978,516.55151
2023-06-15,4206.24198,19658.9602,12391.0105,378.36812,595.65878,520.26201
2023-06-16,4190.28813,19584.73015,12344.16244,376.45,592.64924,517.63085
2023-06-19,4190.28813,19584.73015,12344.16244,376.48446,592.70349,517.67824
2023-06-20,4169.9903,19489.99282,12284.42715,375.434,591.05373,516.23635
2023-06-21,4146.70396,19382.31422,12216.33886,371.53128,584.94457,510.89133
2023-06-22,4161.96307,19455.26833,12262.02675,372.74534,586.90519,512.59146
2023-06-23,4129.54094,19303.8663,12166.57334,372.45845,586.45823,512.19985
2023-06-26,4111.56888,19220.26103,12113.8029,369.93665,582.49983,508.73944
2023-06-27,4160.04278,19446.86092,12256.62023,372.89659,587.16053,512.80997
2023-06-28,4160.33794,19448.24071,12257.48986,374.61652,589.86872,515.17523
2023-06-29,4177.82337,19532.59845,12310.16357,376.60558,593.08021,517.95928
2023-06-30,4228.58723,19770.61941,12460.04374,380.43046,599.12437,523.23244
2023-07-03,4234.56861,19799.53733,12478.08867,381.09084,600.19324,524.15835
2023-07-04,4234.56861,19799.53733,12478.08867,381.24814,600.44098,524.37471
2023-07-05,4225.8847,19761.2705,12453.53035,381.44599,600.82362,524.69026
2023-07-06,4190.0784,19595.30621,12348.66103,378.44018,596.13397,520.5831
2023-07-07,4180.1082,19551.62682,12320.57776,374.71232,590.35069,515.50945
2023-07-10,4191.78452,19606.38909,12355.05845,374.83471,590.54799,515.68057
2023-07-11,4223.17046,19753.51708,12447.71034,377.16023,594.22161,518.8859
2023-07-12,4253.84634,19897.42455,12538.32496,375.44186,591.52689,516.52997
2023-07-13,4292.79791,20081.6216,12654.01819,376.39208,593.08309,517.8734
2023-07-14,4287.10287,20055.66855,12637.53432,374.28786,589.7877,514.9906
2023-07-17,4306.31483,20145.57197,12694.17938,376.29989,592.95896,517.75947
2023-07-18,4336.94631,20288.87053,12784.47503,378.84166,596.96419,521.25675
2023-07-19,4347.84776,20340.20613,12816.75904,381.33807,600.9079,524.69771
2023-07-20,4315.00022,20188.38649,12720.74854,379.93393,598.75009,522.79934
2023-07-21,4316.52395,20195.51548,12725.24053,381.23085,600.79395,524.58394
2023-07-24,4332.45043,20270.37371,12772.3439,383.79435,604.84411,528.11766
2023-07-25,4345.12342,20330.02103,12809.86074,386.15423,608.57377,531.37143
2023-07-26,4345.35013,20331.35937,12810.65155,385.49375,607.54117,530.46764
2023-07-27,4316.67271,20198.52949,12726.70148,385.4756,607.55311,530.46745
2023-07-28,4361.37453,20409.80486,12859.42371,387.91458,611.46035,533.86241
2023-07-31,4370.09782,20451.17659,12885.38853,389.043,613.25552,535.42553
2023-08-01,4357.86044,20394.43696,12849.53942,389.57896,614.11629,536.17288
2023-08-02,4294.62032,20098.66674,12663.15342,385.7701,608.11787,530.93429
2023-08-03,4284.64597,20052.92034,12634.15454,384.68052,606.4285,529.45194
2023-08-04,4261.5017,19946.00706,12566.53448,379.46139,598.243,522.29464
2023-08-07,4298.61505,20120.22419,12676.20012,383.44444,604.53776,527.78627
2023-08-08,4278.48414,20026.22354,12616.93684,383.63602,604.8466,528.05419
2023-08-09,4247.45614,19882.61101,12526.15184,379.57088,598.48618,522.48853
2023-08-10,4248.83884,19891.68206,12531.38205,378.48835,596.85728,521.04633
2023-08-11,4243.08291,19867.52712,12515.63714,379.57749,598.65895,522.59712
2023-08-14,4267.33697,19982.42769,12587.76697,384.11027,605.84839,528.86251
2023-08-15,4217.63921,19752.64741,12442.4648,378.42227,596.9656,521.08527
2023-08-16,4185.55651,19605.32803,12349.11168,376.66272,594.27883,518.71673
2023-08-17,4151.66558,19450.33428,12250.80854,374.21325,590.52813,515.41453
2023-08-18,4152.34708,19454.75187,12253.35953,374.82541,591.5314,516.28043
2023-08-21,4181.00226,19589.36954,12338.07872,376.92676,594.85861,519.18151
2023-08-22,4169.76653,19537.02375,12305.05332,377.19569,595.2921,519.55747
2023-08-23,4216.55793,19756.60595,12443.28799,381.56909,602.20475,525.58793
2023-08-24,4158.14982,19483.46975,12271.15795,376.52656,594.26276,518.6521
2023-08-25,4186.42694,19618.18925,12355.61825,381.51568,602.20522,525.56745
2023-08-28,4212.68314,19741.46449,12433.21311,382.66493,604.02646,527.15503
2023-08-29,4275.76061,20037.61735,12619.62508,387.55181,611.75734,533.89757
2023-08-30,4293.43897,20123.70658,12673.23113,385.61105,608.79192,531.28389
2023-08-31,4288.81059,20106.45546,12661.53036,387.85714,612.47331,534.46127
2023-09-01,4298.17844,20151.37683,12689.63872,390.35876,616.45438,537.92764
2023-09-04,4298.17844,20151.37683,12689.63872,391.15501,617.71181,539.02489
2023-09-05,4280.64477,20070.07623,12638.30653,392.3605,619.64342,540.70463
2023-09-06,4250.69937,19930.16108,12550.12611,389.63393,615.35242,536.95708
2023-09-07,4237.26257,19869.58334,12511.52224,388.51111,613.65398,535.45543
2023-09-08,4243.22996,19898.92472,12529.7413,388.69516,613.98661,535.7347
2023-09-11,4272.87172,20037.93183,12617.2698,390.28131,616.49211,537.92088
2023-09-12,4248.09188,19922.45262,12544.43119,389.19501,614.79863,536.43789
2023-09-13,4251.67142,19939.40137,12555.07266,388.61612,613.88915,535.64303
2023-09-14,4286.23801,20107.20632,12659.68929,394.45712,623.29261,543.80309
2023-09-15,4234.45185,19865.04722,12507.07778,389.65477,615.72832,537.19723
2023-09-18,4236.70248,19875.86801,12513.84815,389.5332,615.54434,537.03489
2023-09-19,4227.13993,19831.04158,12485.61884,388.12682,613.32305,535.09663
2023-09-20,4188.03746,19648.83572,12370.66825,383.47827,606.01553,528.71116
2023-09-21,4117.39047,19317.95149,12162.255,379.11379,599.13588,522.70511
2023-09-22,4109.04321,19279.15551,12137.7643,378.41621,598.04485,521.75045
2023-09-25,4125.7419,19357.73388,12187.19427,382.84569,605.05234,527.86218
2023-09-26,4065.22617,19075.00402,12008.96605,376.9985,595.84908,519.82317
2023-09-27,4068.16819,19089.17482,12017.81835,379.87345,600.40448,523.79432
2023-09-28,4093.31835,19209.95375,12093.33514,380.35837,601.25749,524.5159
2023-09-29,4083.32902,19163.67215,12064.08626,378.55212,598.42093,522.03649
2023-10-02,4082.41227,19159.46751,12061.42084,381.73009,603.44779,526.4209
2023-10-03,4024.56979,18889.43069,11891.15543,377.09384,596.16376,520.05484
2023-10-04,4057.77686,19045.38193,11989.31132,379.58926,600.11181,523.4981
2023-10-05,4051.92605,19021.339,11973.54508,377.67414,597.19142,520.92309
2023-10-06,4101.68354,19257.87439,12121.88142,382.02175,604.15867,526.97629
2023-10-09,4128.16442,19382.20512,12200.14148,384.2329,607.65556,530.02644
2023-10-10,4150.80702,19488.896,12267.22613,384.44468,608.00238,530.32585
2023-10-11,4168.51601,19572.93479,12319.96869,385.13997,609.12972,531.30246
2023-10-12,4140.869,19445.1284,12239.1432,385.05026,609.05073,531.21711
2023-10-13,4118.48825,19340.1159,12173.03016,384.8651,608.76054,530.9633
2023-10-16,4163.28302,19551.06633,12305.69348,387.35467,612.71715,534.40937
2023-10-17,4163.37366,19551.5219,12305.97456,386.37423,611.16723,533.05729
2023-10-18,4105.8142,19281.21828,12135.84205,382.40647,604.89102,527.58321
2023-10-19,4069.46606,19112.06819,12029.08886,377.94518,597.88244,521.45787
2023-10-20,4017.50559,18868.60766,11875.74786,372.41467,589.15135,513.83818
2023-10-23,4010.07228,18833.74437,11853.79613,370.2918,585.79451,510.91007
2023-10-24,4039.85653,18974.03065,11942.01533,374.11557,591.85616,516.19356
2023-10-25,3978.22481,18684.6656,11759.87351,368.84309,583.51818,508.92068
2023-10-26,3931.71512,18466.48239,11622.50281,366.03496,579.08382,505.05108
2023-10-27,3913.35079,18380.55116,11568.35822,363.08549,574.4277,500.98758
2023-10-30,3959.25256,18597.77393,11704.76667,365.94336,578.99973,504.96182
2023-10-31,3985.59216,18722.68529,11783.15934,370.103,585.61826,510.7244
2023-11-01,4026.88604,18916.75156,11905.27938,375.09086,593.51327,517.60904
2023-11-02,4104.11907,19280.79867,12134.1424,379.36872,600.32069,523.53505
2023-11-03,4145.41805,19475.68708,12256.63443,379.08073,599.89175,523.1542
2023-11-06,4151.0847,19502.89537,12273.64686,379.2103,600.11481,523.34401
2023-11-07,4165.59287,19571.43029,12316.7103,382.65468,605.57718,528.10472
2023-11-08,4169.01006,19588.43305,12327.23159,382.19954,604.88615,527.49443
2023-11-09,4134.31229,19429.04201,12226.24443,378.70023,599.46028,522.73368
2023-11-10,4198.57927,19734.30041,12417.72513,386.20894,611.44645,533.15946
2023-11-13,4195.4861,19720.97036,12409.10911,385.20242,609.8903,531.79278
2023-11-14,4278.78578,20116.54148,12657.25728,387.52183,613.68523,535.06968
2023-11-15,4285.6324,20152.18097,12679.03023,387.14169,613.18822,534.60888
2023-11-16,4288.91433,20172.43692,12690.8876,387.01074,613.12742,534.51852
2023-11-17,4295.72169,20205.4877,12711.48553,387.26897,613.5679,534.89432
2023-11-20,4327.91432,20358.93327,12807.6387,388.31657,615.2888,536.3786
2023-11-21,4318.60959,20315.61977,12780.3219,387.65889,614.26053,535.47933
2023-11-22,4336.2578,20399.66221,12832.99922,391.67887,620.66143,541.05116
2023-11-23,4336.2578,20399.66221,12832.99922,390.11718,618.18674,538.8939
2023-11-24,4339.64745,20416.10396,12843.28,389.35151,616.98842,537.84666
2023-11-27,4331.94089,20380.19266,12820.62403,388.90892,616.29749,537.24164
2023-11-28,4336.781,20403.02655,12834.98351,387.64156,614.29102,535.49235
2023-11-29,4335.92832,20402.37977,12833.94163,387.77723,614.60737,535.74161
2023-11-30,4352.85939,20488.08841,12886.71866,391.57488,620.80949,541.10013
2023-12-01,4381.11287,20622.72825,12971.10269,396.86264,629.24334,548.43832
2023-12-04,4357.47288,20511.50805,12901.1375,395.45114,627.00709,546.48878
2023-12-05,4354.09158,20496.56225,12891.58797,395.50996,627.13006,546.58964
2023-12-06,4336.96814,20416.5457,12841.14902,394.48389,625.5212,545.18267
2023-12-07,4371.3126,20581.4268,12944.24804,397.84746,630.95288,549.89106
2023-12-08,4390.41096,20671.79942,13001.0007,400.17937,634.66498,553.12262
2023-12-11,4408.3418,20756.31662,13054.13834,402.71127,638.68327,556.6239
2023-12-12,4428.50684,20852.06499,13114.21781,403.16504,639.42755,557.26665
2023-12-13,4490.1212,21142.55395,13296.84113,408.28203,647.55458,564.34645
2023-12-14,4505.5372,21220.05301,13344.70254,402.23127,638.10544,556.07486
2023-12-15,4504.78476,21217.64255,13342.97751,405.07473,642.65066,560.027
2023-12-18,4525.09268,21313.5639,13403.24796,406.91947,645.58555,562.58242
2023-12-19,4552.48606,21444.27925,13485.14543,406.71857,645.31767,562.3363
2023-12-20,4484.69071,21127.22565,13285.33717,401.13639,636.52984,554.66053
2023-12-21,4531.64971,21348.51836,13424.47837,404.72812,642.23136,559.62818
2023-12-22,4539.06285,21383.48158,13446.45656,404.56193,641.96885,559.39912
2023-12-25,4539.06285,21383.48158,13446.45656,404.56193,641.96885,559.39912
2023-12-26,4558.85056,21476.83316,13505.13344,405.80969,643.95278,561.12684
2023-12-27,4565.19328,21511.78536,13526.15547,403.50168,640.44134,558.02757
2023-12-28,4566.62163,21521.28903,13531.60948,403.60975,640.69543,558.22745
2023-12-29,4552.00674,21453.38009,13488.72899,404.46685,642.08495,559.43055
2024-01-01,4552.00674,21453.38009,13488.72899,404.46685,642.08495,559.43055
2024-01-02,4521.91647,21312.22177,13399.85258,405.57486,643.86371,560.97515
2024-01-03,4483.14282,21130.34039,13285.33373,403.49832,640.59327,558.11891
2024-01-04,4468.46525,21063.88028,13243.03515,400.34178,635.66403,553.80284
2024-01-05,4476.42565,21101.44879,13266.64648,400.21476,635.46368,553.62794
2024-01-08,4541.6128,21409.12475,13460.01124,406.30188,645.14059,562.05558
2024-01-09,4534.85568,21380.15908,13441.25581,407.68536,647.42476,564.02273
2024-01-10,4560.02621,21499.16397,13516.00846,408.09797,648.09011,564.59972
2024-01-11,4557.02676,21485.75695,13507.44125,408.61192,648.92849,565.3243
2024-01-12,4560.50263,21503.90446,13518.51824,408.21504,648.35124,564.80756
2024-01-15,4560.50263,21503.90446,13518.51824,408.77422,649.23935,565.58123
2024-01-16,4542.99131,21421.68697,13466.76535,409.9751,651.15738,567.24931
2024-01-17,4517.09332,21299.98238,13390.19075,408.65242,649.06917,565.42745
2024-01-18,4556.77478,21488.79299,13508.56997,412.16634,654.70207,570.32111
2024-01-19,4614.25503,21761.05176,13679.49571,416.15748,661.07802,575.86583
2024-01-22,4626.80134,21820.26909,13716.71196,417.19319,662.72474,577.2999
2024-01-23,4639.50953,21880.66505,13754.59084,420.38587,667.81056,581.72647
2024-01-24,4641.46118,21890.04821,13760.45554,417.9008,663.86829,578.29096
2024-01-25,4664.07046,21997.90838,13828.02624,422.68938,671.51288,584.94029
2024-01-26,4661.76327,21987.02663,13821.1859,421.23569,669.20346,582.9286
2024-01-29,4699.37338,22164.79263,13932.8592,427.15083,678.61226,591.12137
2024-01-30,4695.33382,22147.42219,13921.62284,425.28707,675.70263,588.57346
2024-01-31,4618.89887,21787.56007,13695.29243,417.36248,663.13244,577.61886
2024-02-01,4676.84654,22061.98427,13867.58675,423.90594,673.56216,586.695
2024-02-02,4726.28606,22296.19375,14014.6181,429.45787,682.41414,594.39746
2024-02-05,4710.07166,22220.01075,13966.67398,431.03715,684.93314,596.58907
2024-02-06,4722.29122,22278.2375,14003.20132,431.41129,685.54551,597.1194
2024-02-07,4761.29657,22462.57012,14119.00539,434.42881,690.35036,601.30193
2024-02-08,4766.06582,22487.82876,14134.36171,434.68213,690.83765,601.70423
2024-02-09,4794.46669,22624.02414,14219.55199,436.27919,693.443,603.95588
2024-02-12,4790.08579,22603.60747,14206.67156,436.64968,694.03974,604.47356
2024-02-13,4723.73176,22293.04689,14010.99869,432.60992,687.69743,598.92915
2024-02-14,4771.83491,22523.88518,14155.35812,436.87264,694.59151,604.90255
2024-02-15,4799.85425,22661.20472,14240.72723,437.76375,696.16385,606.23224
2024-02-16,4775.099,22547.85435,14168.83121,435.12189,692.07076,602.63963
2024-02-19,4775.099,22547.85435,14168.83121,435.28353,692.32785,602.8635
2024-02-20,4744.27663,22403.08644,14077.71464,430.23627,684.32372,595.88751
2024-02-21,4747.72502,22420.34188,14088.37448,431.2662,685.99164,597.33212
2024-02-22,4849.02238,22899.87371,14389.48004,440.26397,700.33974,609.8165
2024-02-23,4849.54224,22902.85828,14391.25562,439.86359,699.71903,609.27179
2024-02-26,4833.36143,22827.26245,14343.5994,437.18397,695.4814,605.57539
2024-02-27,4842.23796,22869.55663,14370.12364,438.12818,696.99479,606.89097
2024-02-28,4833.72936,22831.47955,14345.80039,437.90327,696.70134,606.61865
2024-02-29,4859.23005,22956.65455,14423.56438,440.7423,701.36259,610.63962
2024-03-01,4898.47651,23143.3787,14540.66671,443.72797,706.15375,614.80191
2024-03-04,4893.49129,23120.60512,14526.21144,442.13387,703.6406,612.60768
2024-03-05,4841.42217,22875.05533,14371.84986,437.10746,695.65538,605.65185
2024-03-06,4868.14428,23003.019,14451.92494,438.06944,697.23805,607.01626
2024-03-07,4919.00683,23246.46846,14604.28826,441.7554,703.19885,612.18115
2024-03-08,4886.03608,23092.18623,14507.07971,437.57334,696.58795,606.4141
2024-03-11,4879.6793,23062.23925,14488.24816,438.30377,697.75366,607.42814
2024-03-12,4934.20433,23320.61725,14650.43866,443.58696,706.18488,614.76253
2024-03-13,4925.40132,23279.93954,14624.72013,441.76379,703.31045,612.25335
2024-03-14,4908.92488,23208.01031,14578.46104,442.5303,704.71134,613.42775
2024-03-15,4876.34667,23054.7336,14482.03779,439.59343,700.05709,609.37048
2024-03-18,4906.90482,23199.46039,14572.90912,442.44978,704.61351,613.33496
2024-03-19,4934.05702,23327.87792,14653.56721,445.98378,710.24284,618.2347
2024-03-20,4979.52568,23545.80965,14789.91982,450.30098,717.20825,624.27487
2024-03-21,4996.98129,23628.87322,14842.01087,451.58826,719.2745,626.06984
2024-03-22,4989.14393,23592.95925,14819.24034,452.75587,721.16925,627.71009
2024-03-25,4975.27584,23527.37899,14778.04798,450.60166,717.73794,624.72345
2024-03-26,4962.18395,23465.46927,14739.16117,449.78948,716.44426,623.59743
2024-03-27,5003.14607,23662.35372,14862.23066,453.83772,722.98964,629.26926
2024-03-28,5008.17491,23686.84664,14877.48096,455.15621,725.11177,631.11063
2024-03-29,5008.17491,23686.84664,14877.48096,455.15621,725.11177,631.11063
2024-04-01,4997.36216,23635.80243,14845.40247,456.51952,727.28663,633.00277
2024-04-02,4960.60747,23462.60561,14736.4987,452.25692,720.5155,627.10431
2024-04-03,4966.84497,23493.19066,14755.50464,450.46157,717.68831,624.63501
2024-04-04,4905.74102,23206.95216,14575.20071,443.05712,705.97601,614.41918
2024-04-05,4960.81474,23467.57991,14738.8704,450.10182,717.20415,624.19038
2024-04-08,4959.76016,23462.96547,14735.90177,448.5549,714.75065,622.0521
2024-04-09,4966.49729,23498.0855,14757.34673,448.97804,715.52383,622.69918
2024-04-10,4919.58824,23276.55995,14618.15817,449.03858,715.6331,622.79148
2024-04-11,4956.4685,23451.64004,14728.00191,454.43328,724.2487,630.28464
2024-04-12,4882.90875,23106.30202,14510.61328,450.84749,718.61821,625.36263
2024-04-15,4821.67933,22816.83273,14328.77693,445.34069,709.84927,617.72942
2024-04-16,4811.7722,22769.95087,14299.33552,444.23754,708.0909,616.19924
2024-04-17,4782.77761,22632.74458,14213.17114,441.3531,703.49326,612.19826
2024-04-18,4771.97346,22583.03694,14181.69151,439.57089,700.69654,609.75314
2024-04-19,4729.07592,22381.05741,14054.65837,435.02739,693.48592,603.47005
2024-04-22,4770.60187,22577.64013,14178.09629,439.878,701.22008,610.19986
2024-04-23,4830.03592,22859.41091,14354.94785,443.15179,706.45403,614.75048
2024-04-24,4830.89558,22863.59416,14357.55318,443.6246,707.21132,615.40854
2024-04-25,4809.72191,22763.83407,14294.82242,440.67011,702.51527,611.31846
2024-04-26,4859.58156,23000.15458,14443.15852,446.61403,712.00159,619.57056
2024-04-29,4875.69482,23077.56448,14491.55276,446.7146,712.19731,619.73163
2024-04-30,4797.68165,22709.09491,14260.02738,440.40973,702.16961,610.99963
2024-05-01,4782.11717,22635.59214,14213.8399,439.35077,700.4865,609.53369
2024-05-02,4827.77178,22852.04132,14349.69179,443.33774,706.85397,615.07158
2024-05-03,4887.16718,23134.26379,14526.71352,445.49933,710.33345,618.09089
2024-05-06,4938.8253,23379.40237,14680.52943,449.66543,716.99473,623.8823
2024-05-07,4943.72428,23403.80844,14695.62688,450.21587,717.9097,624.66876
2024-05-08,4942.77697,23399.36019,14692.82691,451.32302,719.67627,626.2056
2024-05-09,4967.81983,23522.38922,14769.23583,452.47318,721.64758,627.88505
2024-05-10,4974.97656,23560.15882,14792.24203,453.65122,723.6457,629.59339
2024-05-13,4973.39295,23552.95891,14787.66513,451.8487,720.77956,627.09737
2024-05-14,4998.18659,23673.71011,14862.85055,453.19937,723.03594,629.0339
2024-05-15,5058.34377,23962.81463,15043.57055,457.32321,729.74219,634.83511
2024-05-16,5047.17054,23914.82284,15012.51942,455.74632,727.3762,632.73795
2024-05-17,5053.44558,23945.54765,15031.61849,456.0612,727.90892,633.19342
2024-05-20,5059.0903,23974.26594,15049.27497,457.03287,729.51975,634.579
2024-05-21,5070.03247,24026.75257,15082.12047,458.23225,731.45349,636.25679
2024-05-22,5055.15792,23956.57847,15038.01113,457.98434,731.06741,635.91844
2024-05-23,5016.80875,23775.72813,14924.34018,454.82487,726.05114,631.54879
2024-05-24,5051.83292,23942.26791,15028.77532,457.17673,729.82233,634.82473
2024-05-27,5051.83292,23942.26791,15028.77532,456.65044,728.98218,634.09394
2024-05-28,5051.63916,23941.34963,15028.19891,455.96107,727.88169,633.13669
2024-05-29,5014.18204,23764.11749,14916.90267,455.11219,726.53542,631.96371
2024-05-30,4983.63927,23621.70227,14827.06725,451.2134,720.38276,626.59332
2024-05-31,5019.49847,23793.78601,14934.68365,453.83212,724.62811,630.26914
2024-06-03,5023.70384,23816.51454,14948.45749,453.62734,724.38613,630.03791
2024-06-04,5030.10157,23848.0848,14968.05001,453.78757,724.67967,630.28385
2024-06-05,5091.06718,24137.47006,15149.65371,459.85814,734.38454,638.72346
2024-06-06,5089.39458,24129.84613,15144.81098,459.19996,733.34274,637.81494
2024-06-07,5082.16343,24099.93399,15125.21682,461.36785,736.93856,640.9076
2024-06-10,5097.32222,24173.82475,15171.21312,466.08487,744.53482,647.49786
2024-06-11,5110.79402,24237.90681,15211.39401,467.81787,747.3091,649.90901
2024-06-12,5155.39583,24449.99394,15344.39189,466.48437,745.19608,648.06694
2024-06-13,5165.10388,24496.35211,15373.43845,470.66035,751.87682,653.87491
2024-06-14,5162.18141,24488.62901,15367.48826,474.09117,757.54739,658.75907
2024-06-17,5201.64109,24678.73817,15486.23729,476.42238,761.36244,662.05305
2024-06-18,5215.37681,24744.65604,15527.46045,476.67962,761.79662,662.42458
2024-06-19,5215.37681,24744.65604,15527.46045,476.23616,761.08791,661.80831
2024-06-20,5201.81769,24680.49005,15487.1668,476.19415,761.0259,661.75316
2024-06-21,5193.76189,24643.44292,15463.69842,477.2371,762.72902,663.22463
2024-06-24,5177.64615,24568.53282,15416.40367,473.62801,757.00886,658.23838
2024-06-25,5198.74734,24668.66045,15479.23233,476.84703,762.15388,662.7121
2024-06-26,5206.86258,24707.19363,15503.40656,478.46327,764.73794,664.9588
2024-06-27,5213.66379,24739.75709,15523.7849,477.72415,763.56556,663.93704
2024-06-28,5192.93734,24644.68645,15463.52873,475.58081,760.24097,661.02055
2024-07-01,5206.36183,24709.261,15503.88388,476.27699,761.38048,662.00439
2024-07-02,5238.20839,24860.50058,15598.76132,478.58814,765.07808,665.2186
2024-07-03,5265.14272,24989.04789,15679.28354,478.31082,764.6567,664.8465
2024-07-04,5265.14272,24989.04789,15679.28354,478.15593,764.40908,664.6312
2024-07-05,5293.48709,25127.37264,15765.35983,480.01942,767.5042,667.29205
2024-07-08,5299.15614,25155.06877,15782.58894,480.0678,767.60554,667.3739
2024-07-09,5302.03714,25169.31294,15791.41896,481.15037,769.35387,668.88942
2024-07-10,5355.07325,25424.01025,15950.66661,485.60413,776.56486,675.13543
2024-07-11,5310.73429,25214.42228,15819.01446,479.14872,766.26944,666.17801
2024-07-12,5341.38063,25359.97947,15910.32394,480.56642,768.5383,668.15008
2024-07-15,5357.46199,25438.87366,15959.34196,481.68212,770.39957,669.74814
2024-07-16,5393.29733,25609.07819,16066.11263,486.59778,778.26309,676.58393
2024-07-17,5314.30605,25234.30594,15830.93842,477.16825,763.1907,663.47834
2024-07-18,5271.74229,25032.29955,15704.1889,474.06202,758.22565,659.16117
2024-07-19,5236.30949,24865.54312,15599.2959,471.95671,754.90366,656.26156
2024-07-22,5293.55609,25138.43813,15770.29796,477.3356,763.53917,663.76036
2024-07-23,5286.18764,25103.50668,15748.37276,478.40723,765.25518,665.25164
2024-07-24,5160.69066,24507.87574,15374.64711,466.68382,746.5129,648.9559
2024-07-25,5136.56252,24393.49936,15302.85585,464.43772,742.92631,645.83638
2024-07-26,5193.75451,24666.75051,15473.96548,469.58727,751.21382,653.02775
2024-07-29,5197.48953,24684.79207,15485.22634,471.66286,754.54346,655.91978
2024-07-30,5171.36127,24560.7522,15407.4039,469.76953,751.51621,653.28779
2024-07-31,5253.77912,24954.02171,15653.76345,476.55074,762.42059,662.75226
2024-08-01,5178.90414,24599.33639,15431.09115,470.99961,753.56861,655.04996
2024-08-02,5081.51433,24137.0586,15141.04634,456.64198,730.60688,635.08767
2024-08-05,4929.79371,23417.37737,14689.41441,440.70798,705.14293,612.94537
2024-08-06,4980.73362,23659.71164,14841.35962,447.11473,715.40479,621.86264
2024-08-07,4941.60584,23474.64265,14725.1199,443.66314,709.9062,617.07678
2024-08-08,5057.69507,24026.27792,15071.11752,455.12653,728.25376,633.02386
2024-08-09,5081.82258,24143.76182,15144.27277,456.64878,730.77632,635.19393
2024-08-12,5081.21831,24144.15601,15143.90561,456.23945,730.22002,634.68463
2024-08-13,5168.08871,24557.1351,15402.89998,463.00179,741.04936,644.09558
2024-08-14,5187.51912,24650.22296,15461.14408,461.41543,738.53312,641.9026
2024-08-15,5272.96365,25063.11245,15718.82672,471.19317,754.39003,655.63095
2024-08-16,5283.28518,25115.73984,15751.16951,471.81482,755.49263,656.56155
2024-08-19,5335.17835,25365.08719,15907.04457,473.26268,757.8904,658.62457
2024-08-20,5322.98216,25307.84544,15871.00719,470.2048,753.01555,654.38245
2024-08-21,5347.83907,25427.19929,15945.63546,471.76367,755.54688,656.57313
2024-08-22,5298.66125,25193.81963,15799.19726,467.88798,749.35304,651.18722
2024-08-23,5361.75733,25494.32433,15987.57523,470.79122,754.01752,655.23776
2024-08-26,5344.51013,25412.87441,15936.42672,469.3818,751.7767,653.28758
2024-08-27,5352.37916,25452.20903,15960.73268,470.47282,753.58089,654.84061
2024-08-28,5318.58254,25291.62898,15860.01006,469.03524,751.2822,652.84208
2024-08-29,5319.15003,25295.55751,15862.2422,471.60645,755.4374,656.44325
2024-08-30,5373.14719,25555.84069,16024.80187,476.45851,763.31404,663.26049
2024-09-02,5373.14719,25555.84069,16024.80187,476.43699,763.27956,663.23053
2024-09-03,5256.68902,25004.41252,15678.56358,467.25033,748.63601,650.48713
2024-09-04,5247.02798,24959.42258,15650.22125,464.3521,744.02117,646.47186
2024-09-05,5232.12836,24889.43445,15606.17082,463.53503,742.73849,645.35049
2024-09-06,5141.5937,24461.70997,15337.44443,453.8143,727.25039,631.87116
2024-09-09,5201.57926,24749.6515,15517.5029,462.33086,740.97487,643.77575
2024-09-10,5224.85841,24861.0797,15587.24118,465.45371,745.99975,648.13628
2024-09-11,5281.64193,25131.52119,15756.75339,470.85412,754.66276,655.66087
2024-09-12,5322.27379,25325.23619,15878.1489,473.18708,758.41322,658.9169
2024-09-13,5352.0212,25471.12433,15968.83247,473.72922,759.41155,659.75187
2024-09-16,5359.41792,25511.48192,15993.17306,472.89136,758.22163,658.67852
2024-09-17,5360.67593,25518.01927,15997.16806,472.9811,758.38184,658.81345
2024-09-18,5345.81685,25447.72232,15953.0172,471.94582,756.73481,657.37928
2024-09-19,5437.90933,25887.51563,16228.45663,479.60153,769.05198,668.06839
2024-09-20,5427.20925,25836.84672,16196.6479,478.05644,766.5824,665.92123
2024-09-23,5442.57275,25910.24232,16242.61241,479.88346,769.5197,668.47094
2024-09-24,5456.35105,25975.95571,16283.78433,480.27859,770.15685,669.0235
2024-09-25,5445.84837,25926.08524,16252.50128,478.45308,767.23336,666.48308
2024-09-26,5467.42323,26030.33881,16317.5656,480.58516,770.69797,669.48083
2024-09-27,5460.75926,25999.5065,16298.08417,479.46268,768.92435,667.93384
2024-09-30,5482.51559,26105.67043,16364.15075,482.17086,773.3439,671.75308
2024-10-01,5432.27649,25867.13968,16214.49992,481.37558,772.08892,670.65761
2024-10-02,5433.12475,25872.72817,16217.71165,483.21757,775.08976,673.25212
2024-10-03,5424.42314,25831.35855,16191.76734,483.23182,775.11465,673.27321
2024-10-04,5474.6018,26073.45719,16342.51959,489.85826,785.83841,682.54616
2024-10-07,5423.24865,25829.17559,16189.35163,484.99799,778.05033,675.77946
2024-10-08,5474.8861,26075.21714,16343.54638,489.83905,785.81981,682.52683
2024-10-09,5514.17311,26263.06976,16461.15027,494.36799,793.10769,688.85091
2024-10-10,5504.31998,26219.97581,16433.43388,494.61408,793.61856,689.26502
2024-10-11,5539.29524,26386.80763,16537.9536,496.8018,797.13565,692.31786
2024-10-14,5581.67182,26588.67134,16664.47185,501.93247,805.36798,699.4677
2024-10-15,5539.16935,26388.40881,16538.54332,498.65866,800.18177,694.94605
2024-10-16,5565.21179,26512.85379,16616.46598,502.08529,805.69191,699.72852
2024-10-17,5564.64799,26510.43964,16614.90184,504.42219,809.45022,702.99038
2024-10-18,5587.32627,26620.04838,16683.30599,505.10182,810.58855,703.96671
2024-10-21,5576.22532,26568.15445,16650.59597,505.14509,810.68836,704.04548
2024-10-22,5572.26115,26549.38033,16638.80868,505.95338,811.98902,705.17415
2024-10-23,5520.80775,26304.64679,16485.35245,502.90978,807.11731,700.93994
2024-10-24,5534.79237,26371.27844,16527.11109,503.13306,807.47565,701.25114
2024-10-25,5532.07883,26358.56443,16519.10268,501.30783,804.55292,698.71119
2024-10-28,5547.80242,26433.82521,16566.20467,503.33679,807.81968,701.54546
2024-10-29,5557.07239,26477.99417,16593.88557,505.11162,810.66815,704.0192
2024-10-30,5539.19825,26392.97551,16540.57635,500.47441,803.23024,697.55863
2024-10-31,5438.02941,25912.87666,16239.33058,491.65046,789.12764,685.2959
2024-11-01,5460.6093,26021.56388,16307.24071,494.03319,792.98532,688.63742
2024-11-04,5446.29372,25954.5303,16265.01536,490.47756,787.31402,683.70329
2024-11-05,5514.3019,26278.92199,16468.24738,496.46553,796.93487,692.0557
2024-11-06,5657.07121,26959.36762,16894.65091,517.07407,830.01806,720.78452
2024-11-07,5699.91064,27164.19761,17022.88648,517.44804,830.63898,721.31841
2024-11-08,5722.96077,27279.67386,17094.19392,522.5856,839.05914,728.58531
2024-11-11,5734.90051,27336.58711,17129.85733,528.64312,848.78504,737.03065
2024-11-12,5718.24596,27258.77066,17080.80008,529.02068,849.4402,737.58681
2024-11-13,5717.87537,27258.17719,17080.20768,529.98547,851.02598,738.95423
2024-11-14,5681.2746,27086.83869,16972.25446,527.26516,846.75612,735.22106
2024-11-15,5605.99977,26731.73288,16749.04881,522.3039,838.90742,728.37571
2024-11-18,5630.20263,26852.2475,16823.7808,522.64884,839.62108,728.96165
2024-11-19,5655.90369,26975.17368,16900.73315,524.38993,842.429,731.39669
2024-11-20,5657.97076,26985.80546,16907.24895,527.87252,848.04807,736.26883
2024-11-21,5691.01843,27147.29279,17007.71601,531.43566,853.89398,741.31333
2024-11-22,5713.81791,27257.34275,17076.44258,538.74146,865.67375,751.53034
2024-11-25,5731.91167,27343.85101,17130.60277,536.40256,861.92159,748.27134
2024-11-26,5761.60352,27487.32175,17220.14214,539.51553,866.98131,752.64889
2024-11-27,5739.51275,27383.55542,17154.8383,532.89684,856.39611,743.44674
2024-11-28,5739.51275,27383.55542,17154.8383,533.80575,857.85677,744.71476
2024-11-29,5770.64569,27534.7375,17249.05148,536.26936,861.89873,748.20207
2024-12-02,5784.69234,27604.94991,17292.47059,542.32429,871.73099,756.71258
2024-12-03,5788.92647,27625.67655,17305.36717,540.24437,868.4041,753.82085
2024-12-04,5830.0695,27822.56423,17428.63757,543.46392,873.59647,758.32529
2024-12-05,5816.55526,27759.7383,17388.98133,539.94786,867.99667,753.45136
2024-12-06,5834.17304,27846.94683,17443.02509,542.096,871.5478,756.50851
2024-12-09,5793.37601,27656.03428,17322.72269,536.85683,863.24366,749.26946
2024-12-10,5773.40502,27561.21198,17263.23292,539.46264,867.44988,752.91611
2024-12-11,5822.93887,27798.07032,17411.51769,544.8691,876.15577,760.4693
2024-12-12,5791.1157,27646.14999,17316.36132,542.69324,872.65695,757.43247
2024-12-13,5789.61059,27642.43192,17313.41566,541.7763,871.2918,756.22062
2024-12-16,5812.82465,27756.81195,17384.38978,543.01675,873.39824,758.01983
2024-12-17,5788.45535,27641.20635,17311.84259,541.15227,870.42333,755.4317
2024-12-18,5612.44784,26801.23526,16785.66905,526.05048,846.1486,734.35976
2024-12-19,5606.57351,26773.24922,16768.12898,530.20857,852.83896,740.16568
2024-12-20,5669.82758,27076.65246,16957.89838,535.18495,860.88618,747.13861
2024-12-23,5708.11338,27260.99764,17073.07289,539.18771,867.37293,752.75595
2024-12-24,5771.12552,27561.93314,17261.54339,545.06114,876.82133,760.95581
2024-12-25,5771.12552,27561.93314,17261.54339,545.06114,876.82133,760.95581
2024-12-26,5768.38702,27550.95096,17254.27154,543.88665,874.99854,759.35656
2024-12-27,5703.80187,27244.81535,17062.13103,537.15208,864.23814,749.99992
2024-12-30,5642.49811,26952.18991,16878.83635,533.52882,858.4149,744.94477
2024-12-31,5617.20221,26834.01458,16804.33174,532.44492,856.75572,743.48291
2025-01-01,5617.20221,26834.01458,16804.33174,532.44492,856.75572,743.48291
2025-01-02,5607.51364,26788.6405,16775.74618,535.66497,861.96634,747.99701
2025-01-03,5681.27848,27143.10146,16997.33077,541.97299,872.1833,756.8458
2025-01-06,5713.80888,27300.5825,17095.55978,539.56992,868.3817,753.52985
2025-01-07,5647.76765,26985.28903,16898.0765,534.43896,860.13198,746.36914
2025-01-08,5657.03111,27030.17275,16926.06556,539.05738,867.58489,752.83111
2025-01-09,5657.03111,27030.17275,16926.06556,539.10972,867.66912,752.90421
2025-01-10,5570.34637,26621.07488,16668.93475,533.43838,858.70575,745.08362
2025-01-13,5579.18714,26663.37101,16695.41017,537.03581,864.49821,750.10925
2025-01-14,5586.8873,26700.25205,16718.48814,532.68368,857.49494,744.03196
2025-01-15,5689.97797,27195.50651,17028.11041,541.93382,872.46808,757.00237
2025-01-16,5680.10537,27148.80693,16998.79367,541.25612,871.39268,756.06589
2025-01-17,5737.35871,27423.09368,17170.41431,546.68524,880.15371,763.6621
2025-01-20,5737.35871,27423.09368,17170.41431,541.45519,871.73341,756.35626
2025-01-21,5789.00063,27670.60386,17325.15252,546.32882,879.60134,763.17247
2025-01-22,5823.77894,27837.29997,17429.43795,548.60876,883.2867,766.36622
2025-01-23,5854.66331,27985.36039,17522.05955,552.68507,889.86359,772.06892
2025-01-24,5838.15893,27909.01708,17473.78532,544.81303,877.26911,761.12095
2025-01-27,5750.8165,27491.74836,17212.48393,537.63349,865.71688,751.09602
2025-01-28,5805.94809,27755.3046,17377.49553,546.66674,880.26255,763.71584
2025-01-29,5779.21691,27627.66476,17297.55281,544.38483,876.59285,760.53078
2025-01-30,5812.04004,27784.97312,17395.96833,546.87311,880.61217,764.01466
2025-01-31,5783.63968,27650.96347,17311.73515,546.08542,879.39977,762.94822
2025-02-03,5740.28207,27445.23601,17182.64218,546.24791,879.71147,763.20571
2025-02-04,5780.82235,27639.23449,17304.06714,546.60813,880.29696,763.71227
2025-02-05,5803.64281,27748.57289,17372.51697,546.60699,880.30239,763.71683
2025-02-06,5823.7346,27844.6364,17432.65934,551.24986,887.77968,770.20383
2025-02-07,5769.7952,27588.59856,17272.01286,547.46408,881.74214,764.95044
2025-02-10,5809.14482,27780.67236,17391.52535,552.74733,890.377,772.40885
2025-02-11,5808.06223,27776.12667,17388.56101,551.28155,888.03608,770.37282
2025-02-12,5792.23846,27703.36414,17342.4629,548.05716,882.93486,765.92335
2025-02-13,5853.05675,27994.50895,17524.67228,550.62693,887.08308,769.51968
2025-02-14,5853.90742,28004.94444,17530.01288,546.77652,881.08022,764.26039
2025-02-17,5853.90742,28004.94444,17530.01288,548.28962,883.51844,766.37534
2025-02-18,5867.80595,28075.55771,17573.43823,550.24772,886.80398,769.1913
2025-02-19,5878.29029,28126.20898,17605.0511,553.50476,892.06861,773.75369
2025-02-20,5850.05231,27994.56323,17522.00005,548.19009,883.61251,766.3907
2025-02-21,5746.75152,27501.31272,17213.09564,539.5145,869.66271,754.28382
2025-02-24,5715.22042,27351.37354,17119.06941,535.83678,863.76461,749.16038
2025-02-25,5685.05549,27207.44933,17028.90614,531.53623,856.8459,743.15607
2025-02-26,5686.81941,27216.47422,17034.46325,531.271,856.43669,742.79716
2025-02-27,5596.22726,26783.13137,16763.19903,527.50212,850.36807,737.53202
2025-02-28,5685.86281,27215.41043,17033.13889,536.62113,865.17311,750.34535
2025-03-03,5584.3638,26732.0548,16730.16039,522.74429,842.87789,730.98894
2025-03-04,5517.4353,26412.39631,16529.9672,514.41868,829.47637,719.3605
2025-03-05,5580.57168,26715.24653,16719.38857,508.87339,820.55361,711.61739
2025-03-06,5473.68282,26204.18919,16399.42989,496.63507,800.839,694.51499
2025-03-07,5502.31125,26345.11572,16486.91187,496.84434,801.29426,694.87969
2025-03-10,5346.93763,25605.77984,16023.40986,484.26239,781.14267,677.36956
2025-03-11,5309.93958,25428.95847,15912.6927,476.97254,769.39453,667.17933
2025-03-12,5338.19926,25564.77263,15997.59102,479.73052,773.85791,671.04596
2025-03-13,5260.59965,25195.20058,15765.951,475.54339,767.16617,665.22748
2025-03-14,5374.57702,25746.53072,16109.96197,485.19868,782.90806,678.83613
2025-03-17,5411.37699,25924.87742,16221.17789,486.32908,784.79438,680.45584
2025-03-18,5351.45255,25638.70433,16041.94811,480.70149,775.74073,672.59868
2025-03-19,5411.82484,25928.16691,16223.03652,488.35916,788.10512,683.31801
2025-03-20,5399.96369,25874.3229,16188.78684,488.63653,788.64366,683.76129
2025-03-21,5405.49899,25901.6178,16205.71951,490.85702,792.25107,686.88281
2025-03-24,5504.97618,26378.48341,16504.04397,500.58492,807.95816,700.49946
2025-03-25,5514.23109,26423.83488,16532.23022,501.12473,808.86017,701.2735
2025-03-26,5448.81762,26110.37778,16336.11391,496.0297,800.63633,694.14352
2025-03-27,5427.66954,26009.12576,16272.74843,493.37235,796.34984,690.42647
2025-03-28,5319.65172,25492.37548,15949.29303,482.43663,778.72499,675.13967
2025-03-31,5346.31445,25623.12147,16030.53728,485.79726,784.24061,679.89798
2025-04-01,5368.16103,25728.42408,16096.30507,487.39884,786.84442,682.15059
2025-04-02,5406.30319,25911.97405,16210.9988,488.7821,789.10015,684.10031
2025-04-03,5140.91953,24641.15221,15415.73563,453.83642,732.71701,635.21084
2025-04-04,4832.69547,23166.98247,14492.88223,431.67386,697.03169,604.24936
2025-04-07,4821.10074,23111.69125,14458.23822,433.24034,699.56994,606.44744
2025-04-08,4744.57229,22744.89229,14228.76298,426.81262,689.1929,597.4512
2025-04-09,5199.80613,24927.55264,15594.13179,462.36167,746.60526,647.21859
2025-04-10,5017.74747,24058.91868,15049.97077,440.50649,711.43683,616.70047
2025-04-11,5107.98922,24492.23254,15320.91126,442.18001,714.15788,619.05444
2025-04-14,5148.88256,24688.38157,15443.59749,444.58291,718.0408,622.41974
2025-04-15,5141.85291,24657.01545,15423.5375,445.52404,719.62912,623.77879
2025-04-16,5028.38453,24113.51172,15083.44737,433.60628,700.39698,607.10359
2025-04-17,5036.06372,24150.73027,15106.65853,435.49278,703.45568,609.75205
2025-04-18,5036.06372,24150.73027,15106.65853,435.49278,703.45568,609.75205
2025-04-21,4916.63131,23579.93734,14749.25235,419.69248,677.98943,587.66343
2025-04-22,5041.41143,24178.90335,15123.80687,431.11254,696.45305,603.66327
2025-04-23,5126.65943,24588.23882,15379.75429,443.34656,716.23085,620.80239
2025-04-24,5232.92488,25097.90406,15698.54597,451.60122,729.56634,632.3611
2025-04-25,5272.10236,25285.975,15816.15105,455.18234,735.35661,637.37861
2025-04-28,5275.89529,25304.6052,15827.72177,455.08949,735.21936,637.25633
2025-04-29,5307.39941,25455.79413,15922.27232,457.626,739.31974,640.80971
2025-04-30,5314.51843,25491.87655,15944.47783,458.88482,741.40977,642.60661
2025-05-01,5347.02681,25648.09622,16042.13726,465.21129,751.63977,651.47121
2025-05-02,5425.5738,26025.61433,16278.12281,468.41214,756.83322,655.96686
2025-05-05,5393.00283,25870.62222,16180.95359,466.81143,754.2832,653.74752
2025-05-06,5351.14485,25670.16765,16055.51392,463.06574,748.24079,648.5079
2025-05-07,5373.24058,25776.38051,16121.90588,463.95521,749.68433,649.75745
2025-05-08,5407.82044,25942.30686,16225.67732,470.66745,760.53152,659.15849
2025-05-09,5404.45974,25930.67004,16217.55749,470.75063,760.79753,659.35482
2025-05-12,5582.38032,26787.31914,16752.76307,493.09651,797.0003,690.70732
2025-05-13,5625.12203,26993.09259,16881.32688,494.62403,799.48926,692.85915
2025-05-14,5632.37681,27029.3187,16903.7174,493.00946,796.92119,690.62276
2025-05-15,5653.58903,27137.53796,16970.1909,496.03844,802.0072,694.98101
2025-05-16,5693.90628,27334.59141,17092.76621,500.98648,810.1119,701.97745
2025-05-19,5698.70633,27361.55425,17108.88966,497.04235,803.84925,696.52075
2025-05-20,5676.7501,27256.69253,17043.21605,494.46824,799.7026,692.9235
2025-05-21,5584.01804,26812.34683,16765.23518,483.28153,781.6367,677.26424
2025-05-22,5583.10524,26808.52468,16762.76867,485.8802,785.85611,680.91712
2025-05-23,5544.6155,26625.43054,16647.96494,479.7233,775.94822,672.3194
2025-05-26,5544.6155,26625.43054,16647.96494,478.03777,773.22189,669.95717
2025-05-27,5658.51416,27174.5452,16990.90048,489.70738,792.16062,686.35017
2025-05-28,5627.36289,27025.24359,16897.50177,488.71352,790.56171,684.96289
2025-05-29,5649.25981,27130.83013,16963.4395,488.51881,790.25919,684.69754
2025-05-30,5650.09058,27137.26748,16967.00533,488.50458,790.30744,684.72082
2025-06-02,5673.90214,27254.85285,17039.95428,487.00276,787.97084,682.67361
2025-06-03,5708.04247,27419.18766,17142.63394,491.7823,795.71402,689.3795
2025-06-04,5709.48429,27427.21348,17147.50486,490.14257,793.0927,687.10259
2025-06-05,5680.26718,27288.98673,17060.68661,486.61292,787.44278,682.19179
2025-06-06,5737.80732,27568.59627,17234.90217,494.49864,800.29577,693.303
2025-06-09,5741.72897,27589.71341,17247.67724,493.99082,799.53983,692.63099
2025-06-10,5771.37265,27733.06955,17337.12556,495.78072,802.46331,695.15672
2025-06-11,5755.61438,27657.71963,17289.95115,491.99419,796.34522,689.85396
2025-06-12,5776.42305,27758.01625,17352.59363,489.50983,792.3327,686.37576
2025-06-13,5710.95979,27448.12682,17158.02802,485.59738,786.13416,680.97272
2025-06-16,5765.39549,27714.34346,17323.57958,488.17492,790.43777,684.66655
2025-06-17,5718.41466,27489.33471,17182.77652,486.92726,788.44136,682.93111
2025-06-18,5717.84293,27487.44644,17181.43493,487.66124,789.65454,683.97552
2025-06-19,5717.84293,27487.44644,17181.43493,489.36211,792.40871,686.3611
2025-06-20,5704.06406,27422.73673,17140.70034,486.21146,787.35088,681.96874
2025-06-23,5758.20339,27683.4846,17303.59804,490.16647,793.7689,687.52442
2025-06-24,5824.04417,28000.62579,17501.71484,492.07965,796.88419,690.21829
2025-06-25,5822.95286,27995.59487,17498.54502,491.8181,796.46677,689.85575
2025-06-26,5870.12637,28222.73129,17640.45288,492.11825,796.96232,690.2825
2025-06-27,5900.7042,28371.7029,17733.21461,494.25957,800.48532,693.32015
2025-06-30,5933.75983,28533.32087,17833.72991,496.1604,803.63932,696.03236
2025-07-01,5923.7837,28485.97027,17804.01866,493.64409,799.58105,692.51296
2025-07-02,5953.14659,28627.91012,17892.59353,496.55471,804.31636,696.60877
2025-07-03,6003.34604,28873.65213,18045.36993,501.38098,812.25599,703.45347
2025-07-04,6003.34604,28873.65213,18045.36993,500.27422,810.46301,701.90066
2025-07-07,5956.82074,28650.42961,17905.75875,498.08867,806.93768,698.84357
2025-07-08,5951.10695,28623.08157,17888.64192,499.54721,809.3044,700.89227
2025-07-09,5988.00303,28800.86731,17999.69194,501.679,812.76726,703.88886
2025-07-10,6001.38056,28869.19437,18041.66257,504.30639,817.13666,707.64423
2025-07-11,5980.58398,28769.2097,17979.1672,502.00011,813.40132,704.409
2025-07-14,5991.8833,28823.61059,18013.15608,503.37903,815.63693,706.34471
2025-07-15,5967.82172,28710.56463,17942.00226,504.18417,817.01838,707.52108
2025-07-16,5988.02622,28807.82143,18002.77032,506.82905,821.30591,711.23358
2025-07-17,6020.44787,28964.0826,18100.36888,509.96901,826.40225,715.64481
2025-07-18,6022.44188,28975.41904,18107.13053,507.51003,822.46698,712.22426
2025-07-21,6029.03183,29007.87439,18127.2718,505.89369,819.86872,709.96876
2025-07-22,6032.28366,29024.05262,18137.28189,505.04399,818.50668,708.7854
2025-07-23,6078.91827,29248.78729,18277.65332,508.49297,824.10632,713.63181
2025-07-24,6082.98069,29268.5677,18289.97028,507.42735,822.38586,712.14028
2025-07-25,6108.19261,29391.40224,18366.44367,511.09418,828.37169,717.31249
2025-07-28,6110.04089,29400.29575,18372.00115,515.33443,835.2442,723.26361
2025-07-29,6092.37047,29315.4024,18318.92703,518.97247,841.14449,728.37187
2025-07-30,6085.44174,29282.25431,18298.17715,520.30135,843.30385,730.24028
2025-07-31,6065.04175,29186.24653,18237.77908,520.12025,843.07253,730.02382
2025-08-01,5965.05271,28706.13398,17937.57288,506.71979,821.38168,711.23377
2025-08-04,6055.80587,29143.94673,18210.94724,513.98426,833.18792,721.44881
2025-08-05,6025.45509,28998.32727,18119.87164,511.34192,828.91734,717.74765
2025-08-06,6069.68325,29211.27152,18252.91625,512.41492,830.65929,719.25537
2025-08-07,6066.01769,29194.05021,18242.08339,512.28171,830.4553,719.07589
2025-08-08,6110.36909,29410.18743,18376.63451,514.54415,834.1991,722.29779
2025-08-11,6094.29316,29335.62148,18329.51604,515.80129,836.31734,724.11107
2025-08-12,6162.31336,29663.96769,18534.50073,518.80701,841.21697,728.34654
2025-08-13,6181.02756,29755.00241,18591.20276,517.67398,839.40658,726.77211
2025-08-14,6180.93038,29755.5889,18591.37158,520.26282,843.63428,730.42475
2025-08-15,6164.29705,29682.17275,18544.26467,516.60336,837.88823,725.40142
2025-08-18,6164.16616,29683.75666,18544.83924,518.69606,841.34516,728.37796
2025-08-19,6124.99767,29497.58995,18428.0713,515.0469,835.4955,723.29564
2025-08-20,6110.4598,29428.2627,18384.63179,514.24296,834.21081,722.17842
2025-08-21,6086.62343,29316.98118,18314.45234,514.28739,834.38294,722.30145
2025-08-22,6180.95662,29772.65762,18598.89531,517.7343,840.01216,727.1659
2025-08-25,6154.4972,29645.79319,18519.56861,516.75276,838.43621,725.79873
2025-08-26,6180.83446,29774.47227,18599.61374,520.56724,844.67671,731.1875
2025-08-27,6195.01023,29842.78743,18642.28395,524.50656,851.06947,736.72114
2025-08-28,6218.11291,29954.80302,18712.12239,522.96651,848.59109,734.57042
2025-08-29,6176.99298,29759.28877,18589.50633,517.97694,840.5675,727.60602
2025-09-01,6176.99298,29759.28877,18589.50633,517.68946,840.10097,727.2022
2025-09-02,6135.1421,29560.62504,18464.35294,516.32016,837.96292,725.31
2025-09-03,6164.80733,29704.04867,18553.89822,518.79448,841.99249,728.79624
2025-09-04,6216.37056,29955.08892,18710.23129,524.41517,851.18839,736.73723
2025-09-05,6197.72914,29869.39446,18655.9635,518.3209,841.41312,728.24738
2025-09-08,6213.19059,29945.43193,18703.17007,519.23791,842.94458,729.56174
2025-09-09,6231.63566,30035.27901,18759.10865,521.37865,846.44665,732.58581
2025-09-10,6248.87721,30119.1902,18811.36516,522.99951,849.10092,734.87711
2025-09-11,6302.01083,30375.56775,18971.4375,527.42404,856.29205,741.09883
2025-09-12,6297.74049,30356.3482,18959.21235,527.1116,855.82322,740.68443
2025-09-15,6328.15541,30509.63993,19053.69951,528.26084,857.87713,742.41323
2025-09-16,6320.89417,30475.92524,19032.40186,523.46978,850.1327,735.70178
2025-09-17,6315.46767,30450.22647,19016.2784,523.10865,849.55919,735.20258
2025-09-18,6348.52642,30610.06254,19116.01376,529.1513,859.38523,743.70275
2025-09-19,6379.54165,30759.68342,19209.43756,532.55045,864.90791,748.48145
2025-09-22,6408.1147,30899.81874,19296.51301,534.29949,867.81498,750.9801
2025-09-23,6371.50848,30723.31009,19186.28467,530.16645,861.10221,745.17104
2025-09-24,6352.13002,30630.04327,19128.00789,530.91692,862.32608,746.22885
2025-09-25,6320.20541,30476.46012,19032.04325,531.27973,862.9255,746.74544
2025-09-26,6357.28645,30656.20636,19144.13089,533.68833,866.8642,750.14755
2025-09-29,6374.69284,30740.40074,19196.6603,533.41594,866.42899,749.76906
2025-09-30,6397.04007,30851.46388,19265.40259,534.37476,868.07924,751.17317
2025-10-01,6417.65822,30952.3795,19328.14296,536.32532,871.28951,753.9403
2025-10-02,6423.64853,30981.60844,19346.33165,538.26956,874.45757,756.6792
2025-10-03,6422.607,30979.67947,19344.54743,536.94462,872.39223,754.86941
2025-10-06,6446.74376,31098.32562,19418.21712,540.06651,877.52717,759.29633
2025-10-07,6419.76925,30968.44069,19337.07082,540.22744,877.79538,759.52666
2025-10-08,6458.82918,31156.86258,19454.72374,545.52547,886.40395,766.97536
2025-10-09,6441.41536,31073.89989,19402.72598,545.91022,887.05881,767.53429
2025-10-10,6266.64529,30234.73253,18878.02415,531.16725,863.21511,746.87483
2025-10-13,6364.87558,30708.66496,19173.93905,540.37998,878.18699,759.82887
2025-10-14,6355.17369,30662.31824,19144.91444,537.99735,874.32808,756.48662
2025-10-15,6380.11527,30784.97474,19221.06426,538.73806,875.5978,757.5681
2025-10-16,6338.70174,30585.21999,19096.33097,532.81172,865.9679,749.23577
2025-10-17,6371.44209,30743.78792,19195.22455,535.99985,871.16622,753.72902
2025-10-20,6440.71198,31078.53584,19404.13381,542.45485,881.6719,762.81477
2025-10-21,6442.24608,31086.02821,19408.7949,544.8985,885.64621,766.25264
2025-10-22,6405.22653,30907.83266,19297.45543,541.44071,880.03853,761.39771
2025-10-23,6444.79782,31099.2251,19416.86892,544.66844,885.29744,765.94436
2025-10-24,6494.65879,31341.19738,19567.69243,548.31579,891.26475,771.09723
2025-10-27,6576.00156,31733.93271,19812.85688,554.72992,901.69634,780.12088
2025-10-28,6589.26535,31798.07344,19852.8777,554.75223,901.73639,780.15454
2025-10-29,6588.54352,31794.79539,19850.79262,554.4299,901.21827,779.70477
2025-10-30,6521.65125,31472.06948,19649.28649,553.54665,899.78486,778.46403
2025-10-31,6544.4689,31584.3032,19718.96133,556.54217,904.7148,782.71348
2025-11-03,6554.61929,31635.14796,19750.35967,558.25178,907.54724,785.15023
2025-11-04,6474.7718,31250.11137,19509.91139,553.01076,899.03669,777.78494
2025-11-05,6498.45575,31364.60643,19581.35905,555.66219,903.3525,781.51735
2025-11-06,6423.63811,31003.73254,19356.02388,546.38505,888.27707,768.47369
2025-11-07,6432.43096,31049.36545,19383.91483,545.57276,887.04776,767.38649
2025-11-10,6531.38891,31530.98009,19683.84498,555.21338,902.83539,781.01509
2025-11-11,6544.65757,31595.03596,19723.83314,554.01422,900.88543,779.32824
2025-11-12,6547.13368,31608.33952,19731.88535,554.22383,901.26476,779.6464
2025-11-13,6434.76673,31066.79067,19393.64134,542.62927,882.43663,763.35206
2025-11-14,6430.97709,31054.99875,19385.07403,543.54721,884.11458,764.75599
2025-11-17,6370.86339,30767.71586,19205.18279,539.16281,877.0687,758.63904
2025-11-18,6319.2215,30520.4894,19050.45796,535.53117,871.22313,753.56671
2025-11-19,6342.32536,30633.02516,19120.52347,539.11832,877.08601,758.63078
2025-11-20,6241.33456,30149.23765,18817.80551,531.50038,864.80697,747.98038
2025-11-21,6301.78787,30443.72422,19001.1748,537.79162,875.11426,756.87789
2025-11-24,6399.56143,30916.44385,19296.14754,544.80925,886.54447,766.76095
2025-11-25,6458.62403,31203.70007,19475.07513,548.26812,892.22793,771.66223
2025-11-26,6502.25756,31415.00849,19606.873,550.66246,896.13865,775.04112
2025-11-27,6502.25756,31415.00849,19606.873,550.44874,895.79085,774.74032
2025-11-28,6539.00794,31593.68703,19718.21016,553.03516,900.03193,778.40118
2025-12-01,6504.64061,31431.39375,19616.25177,548.96964,893.52228,772.74492
2025-12-02,6522.243,31517.34021,19669.72427,551.56974,897.77963,776.42023
2025-12-03,6544.11339,31624.05614,19736.18545,550.80914,896.57086,775.36938
2025-12-04,6551.41827,31661.44528,19759.12849,550.85713,896.70814,775.47276
2025-12-05,6562.70554,31720.82465,19795.28473,553.01421,900.35664,778.59254
2025-12-08,6539.87281,31613.13015,19727.57892,552.18051,899.07516,777.46469
2025-12-09,6533.11562,31580.74861,19707.31902,551.42025,897.8453,776.3991
2025-12-10,6576.76771,31792.77459,19839.45233,554.4848,902.86392,780.73191
2025-12-11,6590.58865,31859.95795,19881.30681,550.215,895.92188,774.72622
2025-12-12,6518.24423,31512.1158,19663.92736,545.03295,887.53691,767.4631
2025-12-15,6505.25089,31454.52395,19627.01146,542.83664,884.10723,764.45933
2025-12-16,6490.50803,31384.42457,19583.04952,541.26129,881.57481,762.26101
2025-12-17,6413.22764,31011.40153,19350.11662,535.52189,872.24542,754.1874
2025-12-18,6465.09569,31262.55039,19506.76197,541.11898,881.37138,762.07569
2025-12-19,6524.15695,31548.86294,19685.27708,546.85507,890.73451,770.16625
2025-12-22,6567.4612,31760.06621,19816.72775,547.98124,892.61937,771.78305
2025-12-23,6595.85056,31897.449,19902.43056,549.81252,895.60498,774.36381
2025-12-24,6616.48079,31997.30005,19964.71965,551.36832,898.1416,776.55653
2025-12-25,6616.48079,31997.30005,19964.71965,551.36832,898.1416,776.55653
2025-12-26,6614.30318,31989.76098,19959.48348,551.23365,898.00622,776.41878
2025-12-29,6590.88431,31877.43253,19889.22283,549.77207,895.65147,774.37604
2025-12-30,6581.45066,31831.83099,19860.76604,549.38202,895.01674,773.82707
2025-12-31,6532.32419,31596.95282,19713.71009,545.93122,889.4717,769.013
2026-01-01,6532.32419,31596.95282,19713.71009,545.93122,889.4717,769.013
2026-01-02,6547.8508,31675.11836,19761.12013,546.90287,891.14096,770.40324
2026-01-05,6591.50553,31886.37713,19892.90298,552.75985,900.68675,778.65512
2026-01-06,6631.23166,32080.86564,20013.80521,556.4954,906.83898,783.95685
2026-01-07,6609.25994,31974.77069,19947.57977,554.95994,904.34255,781.79722
2026-01-08,6607.43668,31965.94998,19942.07693,555.90062,905.87546,783.12241
2026-01-09,6648.25312,32164.73975,20065.84471,560.55986,913.5056,789.70885
2026-01-12,6658.84357,32218.69039,20098.9938,559.48229,911.82636,788.23726
2026-01-13,6645.66211,32155.49555,20059.47847,559.86045,912.45923,788.78071
2026-01-14,6610.67388,31986.85653,19954.15445,556.48302,906.97324,784.03351
2026-01-15,6626.36562,32063.60543,20001.87843,560.59248,913.69439,789.83754
2026-01-16,6622.88963,32049.11027,19992.40107,560.63667,913.83269,789.9399
2026-01-19,6622.88963,32049.11027,19992.40107,558.46926,910.29983,786.88601
2026-01-20,6485.06669,31383.20794,19576.81263,542.74424,884.69758,764.74716
2026-01-21,6558.53082,31739.29186,19798.83099,550.11211,896.72361,775.13849
2026-01-22,6595.514,31918.71524,19910.6708,551.72899,899.37185,777.42439
2026-01-23,6596.15752,31924.65968,19913.85366,550.6565,897.70316,775.9615
2026-01-26,6629.36358,32085.37328,20014.10304,546.98525,891.71815,770.78814
2026-01-27,6657.41582,32221.14299,20098.79299,546.72614,891.29572,770.423
2026-01-28,6656.06562,32214.89023,20094.83988,546.98137,891.71962,770.78739
2026-01-29,6644.79587,32160.80686,20061.01768,546.71896,891.30462,770.42535
2026-01-30,6612.30073,32005.47383,19963.76158,545.55448,889.46019,768.81706
2026-02-02,6645.72328,32168.63165,20065.27679,553.17115,901.91702,779.57433
2026-02-03,6587.36221,31886.37986,19889.17557,547.3386,892.41421,771.35878
2026-02-04,6552.53884,31718.00293,19784.11523,545.22979,888.98111,768.39002
2026-02-05,6470.57895,31321.53232,19536.76758,538.56979,878.12952,759.00856
2026-02-06,6600.55052,31952.0556,19929.79711,548.1328,893.76051,772.50913
2026-02-09,6634.26084,32118.25591,20032.89886,546.63113,891.39564,770.44339
2026-02-10,6612.99129,32017.07302,19969.45404,544.78716,888.43829,767.87445
2026-02-11,6611.18081,32009.18637,19964.41433,547.16384,892.33868,771.24088
2026-02-12,6504.75354,31496.52669,19644.17246,537.20048,876.16306,757.24149
2026-02-13,6509.67469,31525.01338,19661.07828,539.21752,879.58278,760.16375
2026-02-16,6509.67469,31525.01338,19661.07828,538.99009,879.21179,759.84313
2026-02-17,6516.10785,31560.29491,19682.31331,541.48689,883.40014,763.43301
2026-02-18,6553.15866,31740.88522,19794.72413,544.08213,887.66591,767.11124
2026-02-19,6536.09304,31662.33439,19744.96849,545.41029,889.94826,769.05368
2026-02-20,6577.59187,31864.46161,19870.84228,547.73233,893.76792,772.34767
2026-02-23,6506.00362,31518.53408,19654.95652,541.40354,883.46537,763.43838
2026-02-24,6557.67404,31770.70461,19811.86365,546.69987,892.15995,770.93824
2026-02-25,6611.74747,32033.68046,19975.69668,549.90008,897.41039,775.46923
2026-02-26,6576.90542,31864.98315,19870.47891,547.14135,892.91138,771.58075
2026-02-27,6547.1537,31723.78071,19781.87663,544.27415,888.31468,767.58729
2026-03-02,6554.54688,31762.23988,19805.383,550.81349,899.06221,776.85551
2026-03-03,6489.87888,31450.11107,19610.52246,550.3977,898.41901,776.29054
2026-03-04,6540.85943,31697.6465,19764.7814,551.57583,900.35578,777.96049
2026-03-05,6503.07723,31515.68427,19651.10836,551.11228,899.63148,777.32626
2026-03-06,6417.14815,31103.67359,19393.40534,543.99449,888.13881,767.36436
2026-03-09,6471.88579,31371.85177,19560.08046,547.9485,894.67599,772.99138
2026-03-10,6457.5837,31305.85263,19518.31498,544.20271,888.65446,767.76462
2026-03-11,6452.48747,31282.22528,19503.39461,547.55777,894.16392,772.51709
2026-03-12,6352.29283,30797.70605,19201.08283,541.1137,883.67611,763.44693
2026-03-13,6314.15824,30617.01597,19087.69193,541.55472,884.51759,764.14437
2026-03-16,6379.07528,30934.83001,19285.2645,545.16939,890.50876,769.29772
2026-03-17,6395.43441,31015.42632,19335.27313,544.71776,889.80731,768.68235
2026-03-18,6308.63995,30594.67329,19072.94096,537.86197,878.61303,759.01065
2026-03-19,6293.14133,30521.23451,19026.83625,536.49398,876.4279,757.11014
2026-03-20,6196.19712,30051.84262,18734.07307,526.78818,860.59463,743.42664
2026-03-23,6268.26655,30403.1026,18952.72402,531.05244,867.61008,749.47423
2026-03-24,6243.37478,30282.65034,18877.58382,529.28623,864.73254,746.98643
2026-03-25,6279.31524,30458.14228,18986.77891,532.70119,870.34515,751.82676
2026-03-26,6169.90319,29927.5311,18655.99206,524.73453,857.33176,740.58473
2026-03-27,6065.25899,29420.82514,18339.97655,516.7527,844.31593,729.3354
2026-03-30,6040.89338,29302.85942,18266.39855,517.14569,844.96451,729.89397
2026-03-31,6218.85273,30168.96757,18805.76514,529.76973,865.67334,747.7613
2026-04-01,6262.91264,30383.82849,18939.48937,528.8642,864.22543,746.50237
2026-04-02,6271.04904,30425.45722,18965.03512,532.875,870.84125,752.20102
2026-04-03,6271.04904,30425.45722,18965.03512,532.875,870.84125,752.20102
2026-04-06,6298.91564,30562.93344,19050.30247,535.63709,875.4203,756.13935
2026-04-07,6303.36757,30584.80305,19063.8839,534.60303,873.73795,754.68424
2026-04-08,6460.32031,31346.35925,19538.57125,542.19881,886.15225,765.40699
2026-04-09,6496.28683,31522.88966,19648.2445,545.70734,891.94351,770.39502
2026-04-10,6488.47662,31488.11171,19625.98384,543.00647,887.61699,766.6353
2026-04-13,6557.25342,31821.95368,19834.04797,549.60575,898.40646,775.95363
2026-04-14,6636.33033,32206.50795,20073.58432,551.5941,901.67905,778.77437
2026-04-15,6691.13547,32474.97342,20240.44662,556.69148,910.08149,786.01341
2026-04-16,6706.93372,32552.0514,20288.41126,559.2621,914.29526,789.6498
2026-04-17,6788.79815,32949.4892,20536.10252,564.028,922.08973,796.38103
2026-04-20,6776.31218,32889.66952,20498.67326,565.02327,923.73876,797.79956
2026-04-21,6733.05666,32679.8299,20367.86963,562.34809,919.36818,794.02408
2026-04-22,6803.15799,33020.5698,20580.14526,569.82732,931.6097,804.59302
2026-04-23,6775.18418,32885.24228,20495.71807,567.84769,928.38588,801.80545
2026-04-24,6826.5895,33136.22267,20651.86298,572.4005,935.8709,808.25903
2026-04-27,6833.52916,33170.10191,20672.94162,571.5177,934.433,807.01578
2026-04-28,6798.64627,33000.92625,20567.47712,570.25236,932.3683,805.23154
2026-04-29,6795.9721,32988.04299,20559.42957,570.12549,932.16363,805.05406
2026-04-30,6867.38389,33335.84171,20775.97403,574.61841,939.54236,811.41815
2026-05-01,6887.15673,33432.51463,20836.09728,574.46093,939.30428,811.20761
2026-05-04,6859.74679,33301.34166,20753.99433,575.08244,940.37371,812.11742
2026-05-05,6913.82036,33564.76106,20917.99119,579.73945,948.01466,818.70955
2026-05-06,7016.58621,34063.76449,21228.95887,585.8043,957.93503,827.27613
2026-05-07,6986.91204,33919.90263,21139.26521,582.31146,952.22896,822.3469
2026-05-08,7038.5078,34175.43023,21297.57737,586.71125,959.56531,828.64619
2026-05-11,7053.03188,34248.87932,21342.80235,587.6724,961.21942,830.05334
2026-05-12,7041.39812,34193.59965,21308.13255,588.92778,963.30694,831.84735
2026-05-13,7084.30149,34403.26333,21438.54442,593.88248,971.44864,838.86849
2026-05-14,7141.1111,34679.84398,21610.76638,600.1056,981.64793,847.6707
2026-05-15,7049.64408,34242.12867,21336.80979,594.96609,973.42502,840.52303
2026-05-18,7044.53273,34219.39385,21322.27131,593.92189,971.77603,839.08454
2026-05-19,6999.04146,34000.66715,21185.56088,592.4018,969.35302,836.97576
2026-05-20,7077.08922,34380.65982,21422.17366,597.79638,978.20424,844.61202
2026-05-21,7088.16145,34438.44052,21457.43433,600.1002,982.08793,847.936
2026-05-22,7117.71049,34583.96701,21547.76188,602.36808,985.85528,851.1751
2026-05-25,7117.71049,34583.96701,21547.76188,600.09148,982.12932,847.95815
2026-05-26,7161.41315,34798.3794,21680.96648,604.68498,989.70599,854.48453
2026-05-27,7160.54233,34794.52049,21678.49257,604.50745,989.42601,854.24006
2026-05-28,7204.32363,35007.50839,21811.17724,607.10699,993.68777,857.9189
2026-05-29,7221.15674,35091.29609,21863.0083,607.37828,994.18825,858.33638
2026-06-01,7238.82998,35179.78504,21917.67066,611.6164,1001.19957,864.37113
2026-06-02,7256.88798,35268.64652,21972.82708,611.74666,1001.44409,864.57413
2026-06-03,7200.85303,34996.90712,21803.48313,608.69587,996.46673,860.27519
2026-06-04,7234.16333,35164.60462,21906.88792,610.51264,999.60591,862.94308
2026-06-05,7037.55342,34213.84758,21313.66373,597.59393,978.59528,844.76847
2026-06-08,7059.47493,34321.69316,21380.60997,600.33832,983.12581,848.67004
2026-06-09,7038.79304,34222.31888,21318.4851,597.54411,978.5836,844.74032
2026-06-10,6922.98474,33660.10067,20968.09994,588.19609,963.29853,831.53962
2026-06-11,7046.08426,34258.93144,21341.07523,600.44813,983.37282,848.86587
2026-06-12,7077.55146,34413.72652,21437.21049,600.18555,982.99414,848.52742
2026-06-15,7196.95004,35002.2566,21802.33404,608.57559,996.96248,860.52629
2026-06-16,7155.20429,34800.38924,21676.37694,605.04556,991.21273,855.55484
2026-06-17,7070.35839,34388.18242,21419.53783,598.79955,980.99317,846.73058
2026-06-18,7146.28232,34757.89958,21649.74223,610.68337,1000.47485,863.5426
2026-06-19,7146.28232,34757.89958,21649.74223,611.5619,1001.91413,864.78489
2026-06-22,7119.61066,34630.07794,21569.76999,610.55699,1000.32279,863.39711
2026-06-23,7021.04538,34150.96671,21271.29093,605.43686,991.9432,856.16217
2026-06-24,7014.18157,34117.80588,21250.60987,607.05828,994.6063,858.45967
2026-06-25,7006.53055,34082.16977,21228.11846,604.50387,990.46704,854.87512
2026-06-26,7005.81029,34079.51945,21226.32379,603.4604,988.7821,853.41506
2026-06-29,7094.68958,34511.99722,21495.6674,609.64493,998.91927,862.16346
2026-06-30,7148.71394,34778.41309,21660.92951,613.72307,1005.70595,867.99402
2026-07-01,7136.21186,34718.69494,21623.5291,614.77375,1007.45974,869.49936
2026-07-02,7140.0953,34738.9914,21635.90802,612.44747,1003.68809,866.2337
2026-07-03,7140.0953,34738.9914,21635.90802,612.47423,1003.73195,866.27155
2026-07-06,7194.18406,35005.66341,21801.33876,618.46519,1013.65171,874.80648
2026-07-07,7161.32646,34846.056,21701.8853,614.77898,1007.61795,869.59717
2026-07-08,7138.81741,34736.63134,21633.71743,614.27037,1006.78728,868.87952
2026-07-09,7196.47296,35018.29721,21808.94422,617.85025,1012.6871,873.96347
2026-07-10,7222.8294,35150.06422,21890.35017,620.62879,1017.34302,877.95525
2026-07-13,7168.69886,34886.63674,21726.29585,616.94974,1011.31227,872.75078
2026-07-14,7195.19576,35015.62165,21806.61664,617.09287,1011.54797,872.95391
2026-07-15,7221.96771,35148.36979,21888.82804,619.82222,1016.09313,876.85791
2026-07-16,7185.88259,34972.81034,21779.48589,616.37491,1010.44365,871.98211
2026-07-17,7115.09738,34628.65059,21565.09463,610.4633,1000.76246,863.62497
2026-07-20,7099.17111,34552.34469,21517.34958,610.85895,1001.44602,864.20581
2026-07-21,7159.95578,34848.38902,21701.67286,616.17028,1010.15924,871.72345
2026-07-22,7148.17185,34791.41242,21666.12046,614.91357,1008.1099,869.95213
2026-07-23,7063.24719,34378.78209,21409.02447,609.69198,999.57018,862.57738
2026-07-24,7067.90845,34404.53476,21424.49346,609.66541,999.61567,862.59376
2026-07-27,7073.02681,34429.68269,21440.11008,610.5093,1001.00611,863.79185
2026-07-28,7087.94915,34502.68856,21485.50372,611.0182,1001.8512,864.51833
2026-07-29,6981.44154,33984.248,21162.65745,602.07465,987.18745,851.86455
2026-07-30,7092.90215,34526.99811,21500.60451,605.1997,992.31667,856.28931
2026-07-31,7140.06679,34758.65414,21644.47491,609.11811,998.80089,861.86929
2026-08-03,7245.86016,35275.69208,21966.06305,617.687,1012.90982,874.02901
2026-08-04,7375.30224,35906.09224,22358.56916,628.20321,1030.16123,888.91339
2026-08-05,7361.47242,35838.8794,22316.69424,625.42416,1025.60732,884.98302
2026-08-06,7350.35166,35784.85023,22283.0312,625.45383,1025.65917,885.02699
2026-08-07,7401.77866,36036.98875,22439.73259,628.82132,1031.23202,889.82367
2026-08-10,7398.2249,36023.2622,22430.51732,628.65544,1031.06233,889.65076
2026-08-11,7376.50903,35918.54288,22365.12163,627.27175,1028.82211,887.71024
2026-08-12,7397.35589,36021.17697,22428.82305,629.07174,1031.80658,890.27722
2026-08-13,7443.12549,36244.74041,22567.89743,632.82693,1037.9856,895.60358
2026-08-14,7428.25828,36176.77865,22524.7705,629.57238,1032.774,891.0748
2026-08-17,7388.67417,35988.57321,22406.7334,625.89322,1026.8691,885.94628
2026-08-18,7337.99121,35742.39561,22253.33909,621.86822,1020.28514,880.26102
2026-08-19,7351.5164,35811.21124,22295.63551,618.68757,1015.14995,875.80905
2026-08-20,7286.88406,35500.36849,22101.36163,612.17224,1004.57268,866.65434
2026-08-21,7320.38363,35665.4151,22203.79311,615.53973,1010.15091,871.45413
2026-08-24,7299.46138,35564.12359,22140.63107,614.14876,1007.88644,869.49657
2026-08-25,7321.87713,35675.38525,22209.51499,615.84997,1010.73635,871.94015
2026-08-26,7320.88408,35670.70538,22206.57192,617.03546,1012.6865,873.62133
2026-08-27,7374.73398,35933.17673,22369.955,621.54748,1020.09423,880.01115
2026-08-28,7354.66178,35836.4533,22309.53919,621.18926,1019.53698,879.52248
2026-08-31,7329.68938196132,35716.4998272871,22234.5410200227,619.346519229895,1016.56171890701,876.943091357624
2026-09-01,7274.50711379925,35450.8361009069,22068.5542799149,615.743874745218,1010.74066355363,871.897680060471
2026-09-02,7305.37166061298,35601.6436935,22162.404294903,618.489716721532,1015.2592281488,875.794376643787
2026-09-03,7387.42195916698,36003.9921816308,22412.4182125329,624.036798029298,1024.43564463054,883.692406110304
2026-09-04,7360.66570018939,35879.0705010451,22333.6665981769,621.963966419448,1021.18879951005,880.852661195874
2026-09-07,7360.66570018939,35879.0705010451,22333.6665981769,621.135144558166,1019.82797533497,879.678847306992
2026-09-08,7318.85724385019,35676.2673538254,22207.2428459946,617.660209841025,1014.15068148613,874.774473729103
2026-09-09,7283.92684295011,35507.3019372148,22101.8319543704,613.8414821763,1007.9176732328,869.388803049533
2026-09-10,7240.26696950707,35298.1675873092,21970.964166574,611.159111908194,1003.61836607675,865.653198764744
2026-09-11,7302.39539013347,35602.7779146846,22160.2776997219,617.119912546561,1013.45583978114,874.126981242225
2026-09-14,7267.19804568853,35432.466229086,22054.0290136432,618.244150190978,1015.33914579871,875.741786994919
2026-09-15,7232.99311863726,35271.5125843578,21952.7611094841,615.01439177215,1010.20157136721,871.26745053789
2026-09-16,7201.71155644621,35120.3785286508,21858.445927068,612.646451548236,1006.35246825888,867.937779081152
2026-09-17,7284.60652102559,35525.6719937996,22110.5197610178,622.50381935438,1022.5744855601,881.921612034717
2026-09-18,7295.72816794853,35580.1532354361,22144.382497492,624.759651741686,1026.28710622917,885.121756088745
2026-09-21,7405.70863669989,36119.4114176766,22479.4686934796,633.569645696241,1040.84277936467,897.653842562222
2026-09-22,7406.54178195389,36123.6408165305,22482.0699401003,635.329893319699,1043.7393495163,900.150690437144
2026-09-23,7350.11260409517,35848.7220956425,22310.9140764042,632.756674643663,1039.52071940199,896.51016382995
2026-09-24,7349.05923446488,35843.9910370543,22307.8964767612,634.195648787115,1041.89654714752,898.556193476805
2026-09-25,7384.10440743036,36015.4213657049,22414.5096579684,635.682961845241,1044.35456939744,900.672901917779
2026-09-28,7325.4516548928,35729.5157713733,22236.5423068123,632.714686734788,1039.48294459414,896.470241304964
2026-09-29,7312.9790830772,35668.6814402782,22198.6815872392,632.974203179564,1039.90930251476,896.83794064046
2026-09-30,7295.51567108475,35586.9196589339,22147.160401046,630.434173144461,1035.8357078033,893.29913648913
