"Date","EAFE_Price_USD","EAFE_Gross_USD","EAFE_Net_USD","EAFE_Price_Euro","EAFE_Gross_Euro","EAFE_Net_Euro"
1969-12-31,100,98.44573,90.82175,NA,NA,NA
1970-01-07,100.794,99.28307,91.58646,NA,NA,NA
1970-01-14,100.4719,99.02171,91.3376,NA,NA,NA
1970-01-21,99.729,98.34521,90.70589,NA,NA,NA
1970-01-28,99.591,98.26454,90.6238,NA,NA,NA
1970-01-30,98.6239,97.33259,89.76127,NA,NA,NA
1970-02-04,98.4519,97.19577,89.63052,NA,NA,NA
1970-02-11,97.884,96.6898,89.15636,NA,NA,NA
1970-02-18,97.1269,95.99629,88.50937,NA,NA,NA
1970-02-25,96.4799,95.41081,87.96209,NA,NA,NA
1970-02-27,96.097,95.05372,87.62989,NA,NA,NA
1970-03-04,96.2769,95.26382,87.81911,NA,NA,NA
1970-03-11,96.7449,95.7807,88.28811,NA,NA,NA
1970-03-18,96.313,95.40702,87.93619,NA,NA,NA
1970-03-25,96.074,95.22401,87.76006,NA,NA,NA
1970-03-31,97.3399,96.52179,88.95007,NA,NA,NA
1970-04-01,97.054,96.24924,88.69739,NA,NA,NA
1970-04-08,96.464,95.71827,88.2006,NA,NA,NA
1970-04-15,96.151,95.4616,87.95661,NA,NA,NA
1970-04-22,94.419,93.79546,86.41413,NA,NA,NA
1970-04-29,89.8419,89.3004,82.26584,NA,NA,NA
1970-04-30,88.966,88.44004,81.47187,NA,NA,NA
1970-05-06,89.6199,89.13003,82.10192,NA,NA,NA
1970-05-13,87.641,87.21177,80.32809,NA,NA,NA
1970-05-20,83.764,83.40203,76.81254,NA,NA,NA
1970-05-25,80.007,79.68941,73.38953,NA,NA,NA
1970-05-29,84.2799,83.98168,77.33722,NA,NA,NA
1970-06-03,86.108,85.83168,79.03683,NA,NA,NA
1970-06-10,84.9089,84.68456,77.9739,NA,NA,NA
1970-06-17,85.151,84.97383,78.2336,NA,NA,NA
1970-06-24,85.837,85.70646,78.90142,NA,NA,NA
1970-06-30,85.85,85.75809,78.94359,NA,NA,NA
1970-07-01,85.8589,85.77665,78.95933,NA,NA,NA
1970-07-08,84.8719,84.83875,78.08934,NA,NA,NA
1970-07-15,84.8869,84.90158,78.14054,NA,NA,NA
1970-07-22,85.817,85.87991,79.03425,NA,NA,NA
1970-07-29,88.132,88.24551,81.20439,NA,NA,NA
1970-07-31,89.003,89.13742,82.02234,NA,NA,NA
1970-08-05,89.013,89.17758,82.05513,NA,NA,NA
1970-08-12,88.5989,88.81291,81.71264,NA,NA,NA
1970-08-19,88.639,88.90319,81.78876,NA,NA,NA
1970-08-26,89.6009,89.91829,82.7156,NA,NA,NA
1970-08-31,89.1029,89.44895,82.27966,NA,NA,NA
1970-09-02,88.35,88.71338,81.60028,NA,NA,NA
1970-09-09,88.7149,89.12988,81.97643,NA,NA,NA
1970-09-16,87.6459,88.1059,81.02775,NA,NA,NA
1970-09-23,88.7239,89.23947,82.06328,NA,NA,NA
1970-09-30,89.4929,90.06342,82.81394,NA,NA,NA
1970-10-07,90.7649,91.39458,84.03081,NA,NA,NA
1970-10-14,89.972,90.64754,83.33688,NA,NA,NA
1970-10-21,90.2749,91.00389,83.65739,NA,NA,NA
1970-10-28,89.3359,90.10841,82.82717,NA,NA,NA
1970-10-30,88.447,89.23225,82.01902,NA,NA,NA
1970-11-04,88.5809,89.39752,82.16675,NA,NA,NA
1970-11-11,86.835,87.68554,80.5864,NA,NA,NA
1970-11-18,85.867,86.75728,79.72653,NA,NA,NA
1970-11-25,84.983,85.91284,78.94381,NA,NA,NA
1970-11-30,84.3699,85.3221,78.397,NA,NA,NA
1970-12-02,85.0399,86.01882,79.03448,NA,NA,NA
1970-12-09,84.376,85.39563,78.45523,NA,NA,NA
1970-12-16,85.3359,86.41548,79.38546,NA,NA,NA
1970-12-23,85.4689,86.59892,79.54722,NA,NA,NA
1970-12-30,86.0549,87.24162,80.13078,NA,NA,NA
1970-12-31,85.8719,87.06598,79.96809,NA,NA,NA
1971-01-06,86.0729,87.30907,80.18592,NA,NA,NA
1971-01-13,87.08,88.38007,81.16265,NA,NA,NA
1971-01-20,87.2429,88.59527,81.35337,NA,NA,NA
1971-01-27,88.716,90.14148,82.76616,NA,NA,NA
1971-01-29,89.074,90.52551,83.11595,NA,NA,NA
1971-02-03,88.99,90.47076,83.06145,NA,NA,NA
1971-02-10,88.1479,89.66548,82.31512,NA,NA,NA
1971-02-17,91.0149,92.63299,85.03216,NA,NA,NA
1971-02-24,89.9909,91.64279,84.11606,NA,NA,NA
1971-02-26,89.582,91.2471,83.75003,NA,NA,NA
1971-03-03,89.2649,90.95497,83.47765,NA,NA,NA
1971-03-10,90.854,92.62578,85.00389,NA,NA,NA
1971-03-17,91.072,92.90031,85.24858,NA,NA,NA
1971-03-24,91.7019,93.59537,85.87911,NA,NA,NA
1971-03-31,93.166,95.14279,87.29154,NA,NA,NA
1971-04-02,93.5059,95.51131,87.62667,NA,NA,NA
1971-04-09,93.625,95.68685,87.78026,NA,NA,NA
1971-04-16,93.511,95.62427,87.7154,NA,NA,NA
1971-04-23,94.382,96.56906,88.57453,NA,NA,NA
1971-04-30,96.479,98.76954,90.58516,NA,NA,NA
1971-05-06,96.343,98.67485,90.49217,NA,NA,NA
1971-05-07,96.5639,98.91217,90.70826,NA,NA,NA
1971-05-14,97.8159,100.25066,91.92793,NA,NA,NA
1971-05-21,97.589,100.07458,91.75868,NA,NA,NA
1971-05-28,97.983,100.53513,92.17313,NA,NA,NA
1971-05-31,98,100.56391,92.19795,NA,NA,NA
1971-06-04,98.507,101.12958,92.71027,NA,NA,NA
1971-06-11,98.1049,100.77371,92.37618,NA,NA,NA
1971-06-18,99.347,102.10669,93.59013,NA,NA,NA
1971-06-25,99.2839,102.09939,93.5755,NA,NA,NA
1971-06-30,100.0299,102.90108,94.30545,NA,NA,NA
1971-07-02,100.6809,103.59388,94.93716,NA,NA,NA
1971-07-09,100.826,103.80162,95.11946,NA,NA,NA
1971-07-16,103.0959,106.19753,97.3067,NA,NA,NA
1971-07-23,102.7619,105.91328,97.03802,NA,NA,NA
1971-07-30,103.9869,107.23583,98.2414,NA,NA,NA
1971-08-06,102.809,106.08133,97.17548,NA,NA,NA
1971-08-13,104.175,107.55092,98.51333,NA,NA,NA
1971-08-17,100.4909,103.77205,95.04879,NA,NA,NA
1971-08-20,107.1589,110.69272,101.38253,NA,NA,NA
1971-08-27,102.733,106.18221,97.24315,NA,NA,NA
1971-08-31,102.2299,105.68623,96.78563,NA,NA,NA
1971-09-03,102.4299,105.92874,97.00277,NA,NA,NA
1971-09-10,102.367,105.9234,96.98965,NA,NA,NA
1971-09-17,101.727,105.32075,96.42964,NA,NA,NA
1971-09-24,101.516,105.16163,96.27578,NA,NA,NA
1971-09-30,100.3869,104.03929,95.24181,NA,NA,NA
1971-10-01,100.5269,104.19608,95.38372,NA,NA,NA
1971-10-08,100.692,104.426,95.58607,NA,NA,NA
1971-10-15,99.501,103.24944,94.50109,NA,NA,NA
1971-10-22,97.6849,101.42272,92.82127,NA,NA,NA
1971-10-29,96.91,100.67518,92.1293,NA,NA,NA
1971-11-05,94.4759,98.20271,89.85908,NA,NA,NA
1971-11-12,95.5279,99.35181,90.90283,NA,NA,NA
1971-11-19,96.934,100.87052,92.28455,NA,NA,NA
1971-11-26,97.589,101.60914,92.95241,NA,NA,NA
1971-11-30,99.785,103.91822,95.06153,NA,NA,NA
1971-12-03,101.063,105.28429,96.30627,NA,NA,NA
1971-12-10,100.7709,105.03928,96.074,NA,NA,NA
1971-12-17,104.255,108.73093,99.44211,NA,NA,NA
1971-12-24,107.0209,111.67748,102.12827,NA,NA,NA
1971-12-31,108.315,113.09114,103.41227,NA,NA,NA
1972-01-03,108.6938,113.4993,103.78374,NA,NA,NA
1972-01-04,109.0117,113.84397,104.09714,NA,NA,NA
1972-01-05,110.1387,115.03348,105.18302,NA,NA,NA
1972-01-06,110.716,115.64926,105.74427,NA,NA,NA
1972-01-07,110.4819,115.41783,105.53087,NA,NA,NA
1972-01-10,109.9495,114.87478,105.03256,NA,NA,NA
1972-01-11,110.016,114.95719,105.10613,NA,NA,NA
1972-01-12,110.7821,115.77047,105.84791,NA,NA,NA
1972-01-13,110.7088,115.70694,105.78803,NA,NA,NA
1972-01-14,111.3444,116.38412,106.40536,NA,NA,NA
1972-01-17,112.0962,117.18288,107.13381,NA,NA,NA
1972-01-18,111.7564,116.84096,106.81939,NA,NA,NA
1972-01-19,112.4658,117.59562,107.50751,NA,NA,NA
1972-01-20,113.0576,118.22753,108.08337,NA,NA,NA
1972-01-21,113.0886,118.27327,108.12335,NA,NA,NA
1972-01-24,112.7559,117.93873,107.81569,NA,NA,NA
1972-01-25,112.3995,117.57933,107.48531,NA,NA,NA
1972-01-26,112.9118,118.12837,107.98538,NA,NA,NA
1972-01-27,113.2991,118.54678,108.36603,NA,NA,NA
1972-01-28,113.9004,119.18915,108.95138,NA,NA,NA
1972-01-31,114.2801,119.59982,109.32492,NA,NA,NA
1972-02-01,114.2684,119.60106,109.3242,NA,NA,NA
1972-02-02,114.8327,120.20504,109.87441,NA,NA,NA
1972-02-03,114.901,120.29007,109.95027,NA,NA,NA
1972-02-04,114.3047,119.67951,109.39033,NA,NA,NA
1972-02-07,114.3876,119.77978,109.48012,NA,NA,NA
1972-02-08,114.7657,120.18911,109.85239,NA,NA,NA
1972-02-09,115.0581,120.50881,110.14272,NA,NA,NA
1972-02-10,116.227,121.74637,111.27194,NA,NA,NA
1972-02-11,115.8155,121.32916,110.88874,NA,NA,NA
1972-02-14,115.5016,121.01407,110.59889,NA,NA,NA
1972-02-15,115.992,121.54139,111.07894,NA,NA,NA
1972-02-16,116.0814,121.64875,111.17517,NA,NA,NA
1972-02-17,117.1484,122.78037,112.20746,NA,NA,NA
1972-02-18,118.0754,123.76554,113.10587,NA,NA,NA
1972-02-21,118.3289,124.04515,113.35947,NA,NA,NA
1972-02-22,118.4302,124.1653,113.46735,NA,NA,NA
1972-02-23,119.6542,125.46227,114.65062,NA,NA,NA
1972-02-24,120.7098,126.58298,115.6728,NA,NA,NA
1972-02-25,121.406,127.32715,116.35085,NA,NA,NA
1972-02-28,121.5879,127.53223,116.53627,NA,NA,NA
1972-02-29,121.4376,127.389,116.40341,NA,NA,NA
1972-03-01,121.182,127.1353,116.16962,NA,NA,NA
1972-03-02,121.1197,127.08429,116.12103,NA,NA,NA
1972-03-03,121.1309,127.11037,116.14289,NA,NA,NA
1972-03-06,120.7758,126.75215,115.81362,NA,NA,NA
1972-03-07,121.2122,127.22433,116.24307,NA,NA,NA
1972-03-08,121.0308,127.04832,116.08028,NA,NA,NA
1972-03-09,121.5866,127.64594,116.62433,NA,NA,NA
1972-03-10,121.695,127.7741,116.73945,NA,NA,NA
1972-03-13,121.7319,127.82724,116.78601,NA,NA,NA
1972-03-14,121.7057,127.81415,116.77207,NA,NA,NA
1972-03-15,122.1603,128.30586,117.21931,NA,NA,NA
1972-03-16,122.6665,128.85187,117.71614,NA,NA,NA
1972-03-17,122.7554,128.95975,117.8127,NA,NA,NA
1972-03-20,122.5684,128.77789,117.64455,NA,NA,NA
1972-03-21,123.604,129.88021,118.64956,NA,NA,NA
1972-03-22,124.2803,130.60532,119.30995,NA,NA,NA
1972-03-23,123.9537,130.27691,119.00791,NA,NA,NA
1972-03-24,123.6258,129.94705,118.70457,NA,NA,NA
1972-03-27,124.1939,130.5587,119.26128,NA,NA,NA
1972-03-28,124.2971,130.68188,119.37178,NA,NA,NA
1972-03-29,124.8478,131.27547,119.91195,NA,NA,NA
1972-03-30,125.089,131.54383,120.15504,NA,NA,NA
1972-03-31,125.089,131.55866,120.16655,NA,NA,NA
1972-04-03,125.3728,131.8719,120.45062,NA,NA,NA
1972-04-04,125.7474,132.28069,120.82195,NA,NA,NA
1972-04-05,125.8943,132.4501,120.97463,NA,NA,NA
1972-04-06,126.2218,132.8095,121.30084,NA,NA,NA
1972-04-07,126.3453,132.95439,121.43111,NA,NA,NA
1972-04-10,126.5222,133.15549,121.61271,NA,NA,NA
1972-04-11,126.7595,133.42018,121.85239,NA,NA,NA
1972-04-12,127.6347,134.35619,122.70516,NA,NA,NA
1972-04-13,128.2335,135.00152,123.29244,NA,NA,NA
1972-04-14,127.4315,134.17261,122.53334,NA,NA,NA
1972-04-17,126.7631,133.48414,121.90252,NA,NA,NA
1972-04-18,126.9963,133.74469,122.1384,NA,NA,NA
1972-04-19,126.9219,133.68144,122.07856,NA,NA,NA
1972-04-20,127.4797,134.28387,122.62662,NA,NA,NA
1972-04-21,127.5581,134.38158,122.71376,NA,NA,NA
1972-04-24,126.996,133.8047,122.1849,NA,NA,NA
1972-04-25,127.3545,134.19741,122.54143,NA,NA,NA
1972-04-26,127.2564,134.1092,122.45879,NA,NA,NA
1972-04-27,127.5523,134.43608,122.75519,NA,NA,NA
1972-04-28,127.7398,134.64881,122.94735,NA,NA,NA
1972-05-01,127.7398,134.66399,122.95912,NA,NA,NA
1972-05-02,128.4141,135.38985,123.61979,NA,NA,NA
1972-05-03,128.7008,135.70731,123.90756,NA,NA,NA
1972-05-04,128.6195,135.63691,123.84117,NA,NA,NA
1972-05-05,128.7832,135.82479,124.01061,NA,NA,NA
1972-05-08,128.4532,135.49214,123.70479,NA,NA,NA
1972-05-09,127.6098,134.618,122.90462,NA,NA,NA
1972-05-10,127.5229,134.54153,122.83271,NA,NA,NA
1972-05-11,128.4349,135.51866,123.7227,NA,NA,NA
1972-05-12,128.5888,135.69629,123.88277,NA,NA,NA
1972-05-15,129.5827,136.76017,124.85191,NA,NA,NA
1972-05-16,129.9228,137.13444,125.19146,NA,NA,NA
1972-05-17,130.4282,137.68323,125.69032,NA,NA,NA
1972-05-18,130.8946,138.19098,126.1517,NA,NA,NA
1972-05-19,131.5355,138.88302,126.7813,NA,NA,NA
1972-05-22,131.2949,138.6447,126.5616,NA,NA,NA
1972-05-23,131.2987,138.66434,126.57738,NA,NA,NA
1972-05-24,131.2494,138.62792,126.54198,NA,NA,NA
1972-05-25,131.772,139.1954,127.05783,NA,NA,NA
1972-05-26,131.8101,139.25133,127.10672,NA,NA,NA
1972-05-29,132.238,139.71898,127.53142,NA,NA,NA
1972-05-30,131.6031,139.06407,126.93148,NA,NA,NA
1972-05-31,131.544,139.01731,126.88665,NA,NA,NA
1972-06-01,131.1157,138.58045,126.48577,NA,NA,NA
1972-06-02,131.1029,138.58255,126.48553,NA,NA,NA
1972-06-05,131.5948,139.11802,126.9721,NA,NA,NA
1972-06-06,131.3368,138.86102,126.73538,NA,NA,NA
1972-06-07,130.7409,138.24678,126.17264,NA,NA,NA
1972-06-08,130.5213,138.03021,125.97285,NA,NA,NA
1972-06-09,130.4483,137.96859,125.91448,NA,NA,NA
1972-06-12,130.6316,138.17797,126.10342,NA,NA,NA
1972-06-13,130.3283,137.8728,125.82278,NA,NA,NA
1972-06-14,130.3784,137.94133,125.88318,NA,NA,NA
1972-06-15,129.6743,137.21211,125.21558,NA,NA,NA
1972-06-16,129.5885,137.13682,125.14475,NA,NA,NA
1972-06-19,130.5717,138.1925,126.10597,NA,NA,NA
1972-06-20,130.846,138.49832,126.3829,NA,NA,NA
1972-06-21,131.1298,138.81426,126.66905,NA,NA,NA
1972-06-22,130.6157,138.28581,126.18469,NA,NA,NA
1972-06-23,131.2053,138.92547,126.76623,NA,NA,NA
1972-06-26,127.2639,134.76865,122.97116,NA,NA,NA
1972-06-27,128.0511,135.61727,123.74339,NA,NA,NA
1972-06-28,127.0679,134.5915,122.80535,NA,NA,NA
1972-06-29,127.1614,134.70568,122.90745,NA,NA,NA
1972-06-30,127.7086,135.3004,123.44797,NA,NA,NA
1972-07-03,128.5782,136.23672,124.30017,NA,NA,NA
1972-07-04,127.3038,134.90207,123.08037,NA,NA,NA
1972-07-05,127.8133,135.45706,123.58463,NA,NA,NA
1972-07-06,128.9288,136.65426,124.67478,NA,NA,NA
1972-07-07,129.0838,136.83392,124.83656,NA,NA,NA
1972-07-10,129.1967,136.96899,124.95767,NA,NA,NA
1972-07-11,130.0115,137.84804,125.7575,NA,NA,NA
1972-07-12,130.1293,137.98846,125.88346,NA,NA,NA
1972-07-13,130.4315,138.32439,126.18778,NA,NA,NA
1972-07-14,130.6331,138.55373,126.39486,NA,NA,NA
1972-07-17,130.9456,138.90072,126.70924,NA,NA,NA
1972-07-18,130.8189,138.78202,126.59881,NA,NA,NA
1972-07-19,131.6797,139.71064,127.44375,NA,NA,NA
1972-07-20,131.7662,139.81815,127.53965,NA,NA,NA
1972-07-21,131.5269,139.58005,127.32029,NA,NA,NA
1972-07-24,131.5729,139.64459,127.377,NA,NA,NA
1972-07-25,132.3502,140.48512,128.14152,NA,NA,NA
1972-07-26,132.6054,140.77178,128.40081,NA,NA,NA
1972-07-27,132.7888,140.9823,128.59065,NA,NA,NA
1972-07-28,133.1547,141.38658,128.9572,NA,NA,NA
1972-07-31,134.2613,142.57725,130.04099,NA,NA,NA
1972-08-01,134.8424,143.21027,130.61613,NA,NA,NA
1972-08-02,134.9355,143.32527,130.7188,NA,NA,NA
1972-08-03,135.5928,144.03943,131.36791,NA,NA,NA
1972-08-04,135.9367,144.4209,131.71359,NA,NA,NA
1972-08-07,135.5688,144.04641,131.36982,NA,NA,NA
1972-08-08,135.2126,143.68427,131.03732,NA,NA,NA
1972-08-09,134.9109,143.37994,130.75756,NA,NA,NA
1972-08-10,134.8076,143.28635,130.66999,NA,NA,NA
1972-08-11,135.0639,143.57486,130.93087,NA,NA,NA
1972-08-14,135.4517,144.00318,131.31925,NA,NA,NA
1972-08-15,136.1508,144.76247,132.00942,NA,NA,NA
1972-08-16,136.1074,144.73266,131.97999,NA,NA,NA
1972-08-17,135.6293,144.2407,131.52914,NA,NA,NA
1972-08-18,135.3569,143.96733,131.27764,NA,NA,NA
1972-08-21,135.512,144.14849,131.4406,NA,NA,NA
1972-08-22,135.2447,143.88048,131.19398,NA,NA,NA
1972-08-23,135.5691,144.24173,131.52115,NA,NA,NA
1972-08-24,136.074,144.79506,132.02344,NA,NA,NA
1972-08-25,135.3634,144.05542,131.34681,NA,NA,NA
1972-08-28,135.0623,143.7513,131.06729,NA,NA,NA
1972-08-29,135.0372,143.7408,131.05549,NA,NA,NA
1972-08-30,135.4098,144.15352,131.42956,NA,NA,NA
1972-08-31,135.4246,144.18553,131.45651,NA,NA,NA
1972-09-01,135.3637,144.13696,131.41,NA,NA,NA
1972-09-04,135.0153,143.78232,131.08444,NA,NA,NA
1972-09-05,134.8052,143.57484,130.89306,NA,NA,NA
1972-09-06,134.6047,143.37753,130.71097,NA,NA,NA
1972-09-07,135.1434,143.96737,131.24647,NA,NA,NA
1972-09-08,134.727,143.54012,130.85474,NA,NA,NA
1972-09-11,133.8477,142.61969,130.01345,NA,NA,NA
1972-09-12,133.6484,142.42346,129.83236,NA,NA,NA
1972-09-13,133.6381,142.42854,129.83479,NA,NA,NA
1972-09-14,133.2563,142.03778,129.47638,NA,NA,NA
1972-09-15,133.6092,142.42986,129.83158,NA,NA,NA
1972-09-18,132.4933,141.25662,128.75993,NA,NA,NA
1972-09-19,131.3881,140.09451,127.69847,NA,NA,NA
1972-09-20,131.6221,140.35975,127.93806,NA,NA,NA
1972-09-21,131.6616,140.41769,127.9887,NA,NA,NA
1972-09-22,130.7169,139.42622,127.08284,NA,NA,NA
1972-09-25,131.8094,140.60695,128.15686,NA,NA,NA
1972-09-26,131.5532,140.34956,127.92009,NA,NA,NA
1972-09-27,130.6918,139.4466,127.09494,NA,NA,NA
1972-09-28,130.0491,138.77672,126.48225,NA,NA,NA
1972-09-29,130.6824,139.46801,127.11014,NA,NA,NA
1972-10-02,131.2745,140.11549,127.69807,NA,NA,NA
1972-10-03,131.7413,140.6294,128.16427,NA,NA,NA
1972-10-04,132.606,141.56807,129.01755,NA,NA,NA
1972-10-05,133.1336,142.14716,129.54309,NA,NA,NA
1972-10-06,132.6414,141.63778,129.07669,NA,NA,NA
1972-10-09,132.4262,141.42401,128.87969,NA,NA,NA
1972-10-10,132.2536,141.25567,128.72409,NA,NA,NA
1972-10-11,132.4828,141.51634,128.95945,NA,NA,NA
1972-10-12,132.7852,141.85523,129.26608,NA,NA,NA
1972-10-13,132.6602,141.73772,129.1568,NA,NA,NA
1972-10-16,131.9362,140.98034,128.46446,NA,NA,NA
1972-10-17,131.2832,140.29863,127.84111,NA,NA,NA
1972-10-18,131.8025,140.86928,128.3589,NA,NA,NA
1972-10-19,131.7816,140.86283,128.35085,NA,NA,NA
1972-10-20,131.0422,140.08853,127.64316,NA,NA,NA
1972-10-23,131.5769,140.6758,128.17608,NA,NA,NA
1972-10-24,131.2362,140.32749,127.85655,NA,NA,NA
1972-10-25,130.7552,139.82911,127.4003,NA,NA,NA
1972-10-26,131.0511,140.16123,127.70073,NA,NA,NA
1972-10-27,131.0063,140.12913,127.66931,NA,NA,NA
1972-10-30,131.0888,140.23315,127.76192,NA,NA,NA
1972-10-31,131.7263,140.93077,128.39531,NA,NA,NA
1972-11-01,132.1311,141.37964,128.80207,NA,NA,NA
1972-11-02,132.2404,141.5125,128.92092,NA,NA,NA
1972-11-03,132.261,141.5505,128.95335,NA,NA,NA
1972-11-06,132.9281,142.28024,129.61595,NA,NA,NA
1972-11-07,133.2339,142.62352,129.92646,NA,NA,NA
1972-11-08,133.093,142.4888,129.80154,NA,NA,NA
1972-11-09,132.712,142.09707,129.44248,NA,NA,NA
1972-11-10,133.4376,142.88981,130.16242,NA,NA,NA
1972-11-13,134.3847,143.91987,131.0985,NA,NA,NA
1972-11-14,135.3475,144.96696,132.05007,NA,NA,NA
1972-11-15,135.4895,145.13536,132.20122,NA,NA,NA
1972-11-16,135.0276,144.65705,131.7633,NA,NA,NA
1972-11-17,135.6887,145.38144,132.42087,NA,NA,NA
1972-11-20,135.917,145.64238,132.65629,NA,NA,NA
1972-11-21,135.9257,145.66812,132.67749,NA,NA,NA
1972-11-22,136.6036,146.41086,133.35172,NA,NA,NA
1972-11-23,136.7427,146.57641,133.50025,NA,NA,NA
1972-11-24,137.2059,147.08933,133.96513,NA,NA,NA
1972-11-27,138.1546,148.12271,134.90401,NA,NA,NA
1972-11-28,138.8157,148.84804,135.56231,NA,NA,NA
1972-11-29,139.5218,149.62177,136.26467,NA,NA,NA
1972-11-30,140.0567,150.21212,136.79999,NA,NA,NA
1972-12-01,139.3999,149.52479,136.17173,NA,NA,NA
1972-12-04,139.2859,149.4194,136.07343,NA,NA,NA
1972-12-05,139.3462,149.50092,136.14536,NA,NA,NA
1972-12-06,139.6336,149.82604,136.43912,NA,NA,NA
1972-12-07,139.3565,149.54568,136.18149,NA,NA,NA
1972-12-08,139.7518,149.98664,136.58073,NA,NA,NA
1972-12-11,139.6493,149.89357,136.49366,NA,NA,NA
1972-12-12,139.3887,149.63082,136.25208,NA,NA,NA
1972-12-13,139.0641,149.29932,135.94792,NA,NA,NA
1972-12-14,139.2592,149.52556,136.15161,NA,NA,NA
1972-12-15,139.0447,149.31216,135.95499,NA,NA,NA
1972-12-18,139.0157,149.29786,135.93966,NA,NA,NA
1972-12-19,139.0335,149.3338,135.97008,NA,NA,NA
1972-12-20,139.7227,150.09072,136.65694,NA,NA,NA
1972-12-21,139.748,150.13481,136.69477,NA,NA,NA
1972-12-22,140.5919,151.05815,137.53311,NA,NA,NA
1972-12-25,140.5919,151.07518,137.54628,NA,NA,NA
1972-12-26,141.9262,152.52565,138.86451,NA,NA,NA
1972-12-27,142.4123,153.06513,139.3533,NA,NA,NA
1972-12-28,143.5408,154.29501,140.47062,NA,NA,NA
1972-12-29,144.3657,155.19889,141.29112,NA,NA,NA
1973-01-01,144.3657,155.21639,141.30465,NA,NA,NA
1973-01-02,145.0281,155.94591,141.96636,NA,NA,NA
1973-01-03,145.2828,156.2373,142.22922,NA,NA,NA
1973-01-04,146.3854,157.44036,143.32199,NA,NA,NA
1973-01-05,147.1826,158.31531,144.11603,NA,NA,NA
1973-01-08,147.7023,158.89203,144.63857,NA,NA,NA
1973-01-09,147.9445,159.17044,144.88953,NA,NA,NA
1973-01-10,148.3285,159.60142,145.27938,NA,NA,NA
1973-01-11,148.339,159.63071,145.30358,NA,NA,NA
1973-01-12,148.4033,159.71789,145.38046,NA,NA,NA
1973-01-15,148.4904,159.82961,145.47969,NA,NA,NA
1973-01-16,147.9781,159.29634,144.99183,NA,NA,NA
1973-01-17,148.4178,159.78752,145.43643,NA,NA,NA
1973-01-18,148.4748,159.86688,145.5062,NA,NA,NA
1973-01-19,148.2239,159.61482,145.27431,NA,NA,NA
1973-01-22,148.0554,159.45141,145.12312,NA,NA,NA
1973-01-23,148.8625,160.3384,145.92792,NA,NA,NA
1973-01-24,150.0046,161.58632,147.0612,NA,NA,NA
1973-01-25,149.2769,160.82084,146.36203,NA,NA,NA
1973-01-26,147.5164,158.94274,144.65034,NA,NA,NA
1973-01-29,148.1157,159.60623,145.2517,NA,NA,NA
1973-01-30,148.2084,159.72409,145.35649,NA,NA,NA
1973-01-31,146.5153,157.91784,143.71029,NA,NA,NA
1973-02-01,145.3215,156.64923,142.55339,NA,NA,NA
1973-02-02,143.4286,154.62688,140.71064,NA,NA,NA
1973-02-05,143.3791,154.59097,140.67556,NA,NA,NA
1973-02-06,143.0133,154.21408,140.33022,NA,NA,NA
1973-02-07,141.537,152.6399,138.8954,NA,NA,NA
1973-02-08,142.1862,153.35707,139.54563,NA,NA,NA
1973-02-09,142.4992,153.71187,139.8661,NA,NA,NA
1973-02-12,144.6264,156.02322,141.96684,NA,NA,NA
1973-02-13,152.2525,164.26595,149.46443,NA,NA,NA
1973-02-14,151.6685,163.65454,148.90558,NA,NA,NA
1973-02-15,152.537,164.6099,149.7723,NA,NA,NA
1973-02-16,156.3321,168.72295,153.512,NA,NA,NA
1973-02-19,156.1815,168.57947,153.37885,NA,NA,NA
1973-02-20,157.5487,170.07385,154.73586,NA,NA,NA
1973-02-21,157.796,170.35992,154.9935,NA,NA,NA
1973-02-22,157.7841,170.36629,154.99666,NA,NA,NA
1973-02-23,158.6443,171.31406,155.85628,NA,NA,NA
1973-02-26,157.7321,170.34855,154.97526,NA,NA,NA
1973-02-27,158.5729,171.27559,155.81599,NA,NA,NA
1973-02-28,158.266,170.9635,155.52943,NA,NA,NA
1973-03-01,159.0189,171.79588,156.28401,NA,NA,NA
1973-03-02,158.574,171.33471,155.86184,NA,NA,NA
1973-03-05,156.6647,169.29154,154.00057,NA,NA,NA
1973-03-06,158.2252,170.99649,155.54888,NA,NA,NA
1973-03-07,158.2722,171.06655,155.60997,NA,NA,NA
1973-03-08,159.1486,172.03285,156.48631,NA,NA,NA
1973-03-09,159.1139,172.01475,156.46718,NA,NA,NA
1973-03-12,159.5769,172.53456,156.93735,NA,NA,NA
1973-03-13,160.1157,173.13643,157.48213,NA,NA,NA
1973-03-14,161.2579,174.39073,158.62033,NA,NA,NA
1973-03-15,161.5384,174.71367,158.91136,NA,NA,NA
1973-03-16,161.5218,174.71541,158.91025,NA,NA,NA
1973-03-19,159.5767,172.63159,157.01228,NA,NA,NA
1973-03-20,159.3294,172.38358,156.78405,NA,NA,NA
1973-03-21,158.8905,171.92827,156.36728,NA,NA,NA
1973-03-22,159.3442,172.43847,156.82864,NA,NA,NA
1973-03-23,158.8533,171.92679,156.36063,NA,NA,NA
1973-03-26,158.1799,171.21752,155.71293,NA,NA,NA
1973-03-27,158.3865,171.4604,155.93117,NA,NA,NA
1973-03-28,158.4329,171.52995,155.99177,NA,NA,NA
1973-03-29,158.6208,171.75267,156.19166,NA,NA,NA
1973-03-30,158.8995,172.07374,156.48098,NA,NA,NA
1973-04-02,158.0413,171.164,155.65104,NA,NA,NA
1973-04-03,157.4304,170.52183,155.06443,NA,NA,NA
1973-04-04,157.2489,170.3445,154.90056,NA,NA,NA
1973-04-05,156.6784,169.74584,154.35355,NA,NA,NA
1973-04-06,156.723,169.81329,154.41226,NA,NA,NA
1973-04-09,155.1024,168.07686,152.83072,NA,NA,NA
1973-04-10,154.2086,167.12747,151.96487,NA,NA,NA
1973-04-11,154.4588,167.4174,152.22591,NA,NA,NA
1973-04-12,153.7203,166.63601,151.51285,NA,NA,NA
1973-04-13,152.8274,165.68709,150.6475,NA,NA,NA
1973-04-16,151.1469,163.88427,149.00579,NA,NA,NA
1973-04-17,151.214,163.97548,149.08619,NA,NA,NA
1973-04-18,151.7648,164.59111,149.64338,NA,NA,NA
1973-04-19,151.7707,164.61606,149.66353,NA,NA,NA
1973-04-20,151.7707,164.63462,149.67786,NA,NA,NA
1973-04-23,150.0834,162.82327,148.02856,NA,NA,NA
1973-04-24,149.9647,162.71289,147.92569,NA,NA,NA
1973-04-25,149.2472,161.95292,147.23228,NA,NA,NA
1973-04-26,149.7922,162.56243,147.78389,NA,NA,NA
1973-04-27,150.016,162.82358,148.01878,NA,NA,NA
1973-04-30,149.6289,162.42189,147.65111,NA,NA,NA
1973-05-01,149.9057,162.74059,147.93832,NA,NA,NA
1973-05-02,150.3038,163.19102,148.34526,NA,NA,NA
1973-05-03,149.4871,162.3229,147.5536,NA,NA,NA
1973-05-04,150.3363,163.2631,148.40573,NA,NA,NA
1973-05-07,149.578,162.45819,147.67157,NA,NA,NA
1973-05-08,148.5115,161.31843,146.63306,NA,NA,NA
1973-05-09,147.9239,160.6985,146.06708,NA,NA,NA
1973-05-10,147.8296,160.61419,145.98797,NA,NA,NA
1973-05-11,148.0644,160.88735,146.23377,NA,NA,NA
1973-05-14,149.0368,161.96185,147.2079,NA,NA,NA
1973-05-15,149.9606,162.98378,148.13423,NA,NA,NA
1973-05-16,151.332,164.49229,149.50276,NA,NA,NA
1973-05-17,151.8244,165.04593,150.0034,NA,NA,NA
1973-05-18,153.0895,166.43947,151.26737,NA,NA,NA
1973-05-21,152.7171,166.05346,150.91398,NA,NA,NA
1973-05-22,151.96,165.24916,150.18046,NA,NA,NA
1973-05-23,152.0122,165.32454,150.24641,NA,NA,NA
1973-05-24,152.203,165.55064,150.44934,NA,NA,NA
1973-05-25,152.9094,166.33747,151.16182,NA,NA,NA
1973-05-28,152.8012,166.23855,151.06936,NA,NA,NA
1973-05-29,152.7758,166.22966,151.05872,NA,NA,NA
1973-05-30,152.9951,166.48696,151.28997,NA,NA,NA
1973-05-31,152.8934,166.39509,151.20392,NA,NA,NA
1973-06-01,154.5601,168.22729,152.86625,NA,NA,NA
1973-06-04,155.0364,168.76455,153.35185,NA,NA,NA
1973-06-05,155.9219,169.74725,154.24219,NA,NA,NA
1973-06-06,156.0187,169.87175,154.35269,NA,NA,NA
1973-06-07,155.216,169.01713,153.57354,NA,NA,NA
1973-06-08,156.1858,170.09196,154.54754,NA,NA,NA
1973-06-11,155.9544,169.85919,154.33342,NA,NA,NA
1973-06-12,154.8168,168.6396,153.2227,NA,NA,NA
1973-06-13,155.3634,169.25387,153.77821,NA,NA,NA
1973-06-14,154.7637,168.61979,153.1995,NA,NA,NA
1973-06-15,154.8357,168.71723,153.28542,NA,NA,NA
1973-06-18,154.6701,168.55584,153.1362,NA,NA,NA
1973-06-19,154.432,168.31543,152.91519,NA,NA,NA
1973-06-20,154.4113,168.31185,152.90934,NA,NA,NA
1973-06-21,154.7218,168.6692,153.23138,NA,NA,NA
1973-06-22,155.6347,169.68317,154.14993,NA,NA,NA
1973-06-25,155.692,169.76476,154.22143,NA,NA,NA
1973-06-26,154.8627,168.87985,153.41493,NA,NA,NA
1973-06-27,155.4228,169.50954,153.98435,NA,NA,NA
1973-06-28,155.9396,170.09215,154.51098,NA,NA,NA
1973-06-29,156.2801,170.48264,154.86307,NA,NA,NA
1973-07-02,156.2156,170.43152,154.814,NA,NA,NA
1973-07-03,155.3296,169.48433,153.95099,NA,NA,NA
1973-07-04,157.0372,171.36619,155.65774,NA,NA,NA
1973-07-05,156.2268,170.50137,154.86956,NA,NA,NA
1973-07-06,156.5805,170.90652,155.23493,NA,NA,NA
1973-07-09,155.7521,170.0218,154.42872,NA,NA,NA
1973-07-10,154.3854,168.54939,153.08875,NA,NA,NA
1973-07-11,153.248,167.32693,151.97584,NA,NA,NA
1973-07-12,155.3289,169.61731,154.05348,NA,NA,NA
1973-07-13,155.21,169.50663,153.95034,NA,NA,NA
1973-07-16,155.397,169.72992,154.15052,NA,NA,NA
1973-07-17,155.7241,170.10624,154.48967,NA,NA,NA
1973-07-18,156.1215,170.55942,154.89862,NA,NA,NA
1973-07-19,155.4035,169.79443,154.20125,NA,NA,NA
1973-07-20,155.6354,170.06688,154.44606,NA,NA,NA
1973-07-23,155.1723,169.58013,154.00141,NA,NA,NA
1973-07-24,155.5279,169.98778,154.36898,NA,NA,NA
1973-07-25,154.604,168.99738,153.46697,NA,NA,NA
1973-07-26,154.2286,168.60618,153.10912,NA,NA,NA
1973-07-27,153.5178,167.8483,152.41832,NA,NA,NA
1973-07-30,153.5139,167.86296,152.42905,NA,NA,NA
1973-07-31,153.9653,168.37536,152.89174,NA,NA,NA
1973-08-01,153.5756,167.96827,152.51949,NA,NA,NA
1973-08-02,153.7592,168.18797,152.71639,NA,NA,NA
1973-08-03,152.9795,167.35426,151.95679,NA,NA,NA
1973-08-06,152.302,166.63214,151.29854,NA,NA,NA
1973-08-07,151.5951,165.87769,150.61096,NA,NA,NA
1973-08-08,151.8334,166.15708,150.86208,NA,NA,NA
1973-08-09,151.1479,165.42582,150.19558,NA,NA,NA
1973-08-10,150.4761,164.70938,149.54256,NA,NA,NA
1973-08-13,149.7637,163.94834,148.84908,NA,NA,NA
1973-08-14,148.7559,162.86383,147.86193,NA,NA,NA
1973-08-15,148.4647,162.56345,147.58671,NA,NA,NA
1973-08-16,147.0083,160.98742,146.15341,NA,NA,NA
1973-08-17,147.3663,161.39752,146.52323,NA,NA,NA
1973-08-20,147.5442,161.61051,146.7141,NA,NA,NA
1973-08-21,147.9452,162.06786,147.12679,NA,NA,NA
1973-08-22,146.7476,160.7745,145.95019,NA,NA,NA
1973-08-23,146.1452,160.1328,145.36519,NA,NA,NA
1973-08-24,145.6531,159.61178,144.88976,NA,NA,NA
1973-08-27,145.5314,159.49644,144.7826,NA,NA,NA
1973-08-28,145.337,159.30142,144.60312,NA,NA,NA
1973-08-29,145.5408,159.54271,144.81968,NA,NA,NA
1973-08-30,146.2131,160.2975,145.50235,NA,NA,NA
1973-08-31,145.7635,159.82278,145.06898,NA,NA,NA
1973-09-03,145.1168,159.13189,144.43941,NA,NA,NA
1973-09-04,144.4351,158.40246,143.7749,NA,NA,NA
1973-09-05,143.4819,157.37518,142.84005,NA,NA,NA
1973-09-06,143.1929,157.07601,142.5661,NA,NA,NA
1973-09-07,143.7803,157.73792,143.16443,NA,NA,NA
1973-09-10,143.1712,157.08763,142.5718,NA,NA,NA
1973-09-11,141.8771,155.68577,141.29708,NA,NA,NA
1973-09-12,142.2635,156.12723,141.69533,NA,NA,NA
1973-09-13,142.2212,156.09842,141.66678,NA,NA,NA
1973-09-14,143.2163,157.20795,142.67131,NA,NA,NA
1973-09-17,143.059,157.05305,142.52831,NA,NA,NA
1973-09-18,143.3065,157.3424,142.78848,NA,NA,NA
1973-09-19,142.6302,156.61777,142.12847,NA,NA,NA
1973-09-20,141.8688,155.79955,141.38354,NA,NA,NA
1973-09-21,141.6618,155.58984,141.19084,NA,NA,NA
1973-09-24,141.7577,155.71269,141.29992,NA,NA,NA
1973-09-25,142.4508,156.49139,142.00413,NA,NA,NA
1973-09-26,143.4089,157.56132,142.97258,NA,NA,NA
1973-09-27,144.6394,158.93069,144.21271,NA,NA,NA
1973-09-28,144.4017,158.68748,143.98958,NA,NA,NA
1973-10-01,143.6132,157.83906,143.21732,NA,NA,NA
1973-10-02,144.2393,158.54481,143.85524,NA,NA,NA
1973-10-03,144.5877,158.94555,144.2164,NA,NA,NA
1973-10-04,144.3607,158.71399,144.00385,NA,NA,NA
1973-10-05,144.1602,158.5115,143.81769,NA,NA,NA
1973-10-08,143.0496,157.30848,142.72377,NA,NA,NA
1973-10-09,143.3634,157.67122,143.05044,NA,NA,NA
1973-10-10,143.2969,157.61587,142.9978,NA,NA,NA
1973-10-11,142.8733,157.16782,142.58889,NA,NA,NA
1973-10-12,143.3724,157.73445,143.10052,NA,NA,NA
1973-10-15,142.7946,157.1167,142.53766,NA,NA,NA
1973-10-16,142.6558,156.98173,142.4128,NA,NA,NA
1973-10-17,143.1894,157.58647,142.95899,NA,NA,NA
1973-10-18,143.7505,158.2216,143.53273,NA,NA,NA
1973-10-19,144.88,159.48235,144.67398,NA,NA,NA
1973-10-22,145.276,159.93614,145.08317,NA,NA,NA
1973-10-23,145.3072,159.98851,145.12821,NA,NA,NA
1973-10-24,147.208,162.09889,147.04007,NA,NA,NA
1973-10-25,147.2145,162.12432,147.06065,NA,NA,NA
1973-10-26,147.3043,162.24147,147.16441,NA,NA,NA
1973-10-29,147.516,162.49287,147.38995,NA,NA,NA
1973-10-30,147.4615,162.45118,147.34962,NA,NA,NA
1973-10-31,147.1325,162.10713,147.03507,NA,NA,NA
1973-11-01,146.4683,161.39378,146.38555,NA,NA,NA
1973-11-02,145.2653,160.08668,145.19754,NA,NA,NA
1973-11-05,143.8954,158.5954,143.84252,NA,NA,NA
1973-11-06,142.8235,157.43214,142.78505,NA,NA,NA
1973-11-07,140.8114,155.23246,140.78764,NA,NA,NA
1973-11-08,142.0267,156.5894,142.0159,NA,NA,NA
1973-11-09,141.7581,156.31099,141.76099,NA,NA,NA
1973-11-12,138.3464,152.56744,138.36357,NA,NA,NA
1973-11-13,136.0151,150.01424,136.04577,NA,NA,NA
1973-11-14,134.8816,148.78127,134.92532,NA,NA,NA
1973-11-15,132.8574,146.56573,132.91386,NA,NA,NA
1973-11-16,132.7272,146.43866,132.79637,NA,NA,NA
1973-11-19,133.6239,147.44426,133.70602,NA,NA,NA
1973-11-20,132.561,146.28831,132.65553,NA,NA,NA
1973-11-21,131.2393,144.84656,131.34591,NA,NA,NA
1973-11-22,129.4246,142.86047,129.54275,NA,NA,NA
1973-11-23,127.5847,140.84611,127.71401,NA,NA,NA
1973-11-26,125.2487,138.28373,125.38841,NA,NA,NA
1973-11-27,123.3811,136.2378,123.53118,NA,NA,NA
1973-11-28,124.5063,137.49531,124.66928,NA,NA,NA
1973-11-29,125.4326,138.5335,125.6085,NA,NA,NA
1973-11-30,125.5984,138.73219,125.78651,NA,NA,NA
1973-12-03,124.2142,137.21922,124.41262,NA,NA,NA
1973-12-04,123.4353,136.37444,123.64458,NA,NA,NA
1973-12-05,121.9853,134.78817,122.20431,NA,NA,NA
1973-12-06,119.6305,132.20196,119.85753,NA,NA,NA
1973-12-07,119.6421,132.22968,119.88063,NA,NA,NA
1973-12-10,117.8043,130.21387,118.05108,NA,NA,NA
1973-12-11,117.5301,129.92554,117.78768,NA,NA,NA
1973-12-12,116.6645,128.98351,116.93167,NA,NA,NA
1973-12-13,115.7675,128.00656,116.04403,NA,NA,NA
1973-12-14,114.1177,126.19717,114.4018,NA,NA,NA
1973-12-17,114.2778,126.3884,114.57321,NA,NA,NA
1973-12-18,112.7377,124.69971,113.04047,NA,NA,NA
1973-12-19,113.4228,125.47138,113.73805,NA,NA,NA
1973-12-20,114.9143,127.13506,115.2442,NA,NA,NA
1973-12-21,115.6354,127.94699,115.97822,NA,NA,NA
1973-12-24,114.673,126.89679,115.02431,NA,NA,NA
1973-12-25,114.673,126.91109,115.03533,NA,NA,NA
1973-12-26,116.9013,129.39092,117.28111,NA,NA,NA
1973-12-27,119.9111,132.73607,120.31114,NA,NA,NA
1973-12-28,120.473,133.37288,120.88629,NA,NA,NA
1973-12-31,120.087,132.96069,120.51064,NA,NA,NA
1974-01-01,120.087,132.97568,120.52218,NA,NA,NA
1974-01-02,119.7207,132.58515,120.16619,NA,NA,NA
1974-01-03,118.2126,130.93031,118.66434,NA,NA,NA
1974-01-04,118.0643,130.78086,118.52688,NA,NA,NA
1974-01-07,115.533,127.99224,115.99759,NA,NA,NA
1974-01-08,115.483,127.95129,115.95851,NA,NA,NA
1974-01-09,115.9869,128.52389,116.47546,NA,NA,NA
1974-01-10,115.5597,128.06511,116.05772,NA,NA,NA
1974-01-11,116.5944,129.22595,117.10773,NA,NA,NA
1974-01-14,117.6681,130.43025,118.19709,NA,NA,NA
1974-01-15,116.3627,128.99829,116.89746,NA,NA,NA
1974-01-16,116.7158,129.40418,117.26328,NA,NA,NA
1974-01-17,117.2042,129.96014,117.76508,NA,NA,NA
1974-01-18,118.2741,131.16085,118.85109,NA,NA,NA
1974-01-21,116.19,128.86495,116.7687,NA,NA,NA
1974-01-22,116.3531,129.06032,116.94375,NA,NA,NA
1974-01-23,117.3558,130.18681,117.96248,NA,NA,NA
1974-01-24,117.3972,130.24741,118.01538,NA,NA,NA
1974-01-25,118.2406,131.19758,118.8743,NA,NA,NA
1974-01-28,118.7998,131.8327,119.44774,NA,NA,NA
1974-01-29,118.5148,131.53137,119.17269,NA,NA,NA
1974-01-30,120.2557,133.47784,120.93422,NA,NA,NA
1974-01-31,120.5455,133.81448,121.23716,NA,NA,NA
1974-02-01,121.5489,134.94314,122.25766,NA,NA,NA
1974-02-04,121.1468,134.51205,121.86503,NA,NA,NA
1974-02-05,120.5693,133.88615,121.29592,NA,NA,NA
1974-02-06,120.0218,133.29342,120.75687,NA,NA,NA
1974-02-07,120.332,133.65286,121.08045,NA,NA,NA
1974-02-08,120.6661,134.03893,121.42814,NA,NA,NA
1974-02-11,120.3392,133.691,121.11089,NA,NA,NA
1974-02-12,121.4761,134.9688,122.26638,NA,NA,NA
1974-02-13,121.3683,134.86427,122.16961,NA,NA,NA
1974-02-14,121.5388,135.06889,122.35289,NA,NA,NA
1974-02-15,122.5657,136.22506,123.39812,NA,NA,NA
1974-02-18,122.5034,136.1712,123.34723,NA,NA,NA
1974-02-19,121.9721,135.59611,122.82422,NA,NA,NA
1974-02-20,121.9029,135.53448,122.76631,NA,NA,NA
1974-02-21,121.8773,135.52131,122.75229,NA,NA,NA
1974-02-22,124.7272,138.70477,125.63367,NA,NA,NA
1974-02-25,124.3336,138.2828,125.24934,NA,NA,NA
1974-02-26,124.2221,138.17441,125.14904,NA,NA,NA
1974-02-27,124.6273,138.64059,125.56915,NA,NA,NA
1974-02-28,124.179,138.15763,125.1296,NA,NA,NA
1974-03-01,122.2873,136.06901,123.23585,NA,NA,NA
1974-03-04,122.4934,136.31363,123.45529,NA,NA,NA
1974-03-05,122.8226,136.69525,123.79881,NA,NA,NA
1974-03-06,122.7485,136.62821,123.736,NA,NA,NA
1974-03-07,121.3188,135.0526,122.30699,NA,NA,NA
1974-03-08,121.098,134.82209,122.09616,NA,NA,NA
1974-03-11,121.188,134.93747,122.19857,NA,NA,NA
1974-03-12,121.8164,135.65221,122.84375,NA,NA,NA
1974-03-13,121.6085,135.43604,122.64591,NA,NA,NA
1974-03-14,121.7481,135.60675,122.79841,NA,NA,NA
1974-03-15,121.6286,135.48897,122.68967,NA,NA,NA
1974-03-18,121.2449,135.07692,122.31447,NA,NA,NA
1974-03-19,120.9123,134.72169,121.99073,NA,NA,NA
1974-03-20,120.2964,134.05079,121.38118,NA,NA,NA
1974-03-21,121.3186,135.20471,122.42395,NA,NA,NA
1974-03-22,121.3157,135.21672,122.43275,NA,NA,NA
1974-03-25,121.7191,135.68148,122.85148,NA,NA,NA
1974-03-26,122.1307,136.15548,123.27857,NA,NA,NA
1974-03-27,121.212,135.14687,122.36327,NA,NA,NA
1974-03-28,120.6551,134.54132,121.81293,NA,NA,NA
1974-03-29,120.5892,134.48302,121.75808,NA,NA,NA
1974-04-01,119.4246,133.19969,120.59414,NA,NA,NA
1974-04-02,120.8271,134.77861,122.02156,NA,NA,NA
1974-04-03,120.1596,134.0494,121.35931,NA,NA,NA
1974-04-04,120.7205,134.6901,121.93728,NA,NA,NA
1974-04-05,120.6499,134.62653,121.87767,NA,NA,NA
1974-04-08,120.9253,134.94894,122.16747,NA,NA,NA
1974-04-09,121.0144,135.06356,122.26916,NA,NA,NA
1974-04-10,121.0894,135.16248,122.35663,NA,NA,NA
1974-04-11,121.0646,135.15004,122.34329,NA,NA,NA
1974-04-12,121.0646,135.16528,122.35501,NA,NA,NA
1974-04-15,121.8565,136.06444,123.16686,NA,NA,NA
1974-04-16,121.5904,135.78272,122.90976,NA,NA,NA
1974-04-17,122.5151,136.83042,123.85602,NA,NA,NA
1974-04-18,123.4521,137.89207,124.81489,NA,NA,NA
1974-04-19,124.0063,138.5265,125.38702,NA,NA,NA
1974-04-22,123.8912,138.41357,125.28267,NA,NA,NA
1974-04-23,124.3518,138.94364,125.76033,NA,NA,NA
1974-04-24,123.8101,138.35418,125.22467,NA,NA,NA
1974-04-25,123.0619,137.53388,124.4801,NA,NA,NA
1974-04-26,122.6974,137.14211,124.12341,NA,NA,NA
1974-04-29,122.9712,137.46354,124.41221,NA,NA,NA
1974-04-30,123.4432,138.00653,124.90153,NA,NA,NA
1974-05-01,123.6725,138.27838,125.14544,NA,NA,NA
1974-05-02,123.7411,138.37066,125.22682,NA,NA,NA
1974-05-03,123.6616,138.29738,125.15838,NA,NA,NA
1974-05-06,123.5769,138.21827,125.08466,NA,NA,NA
1974-05-07,123.9573,138.65922,125.48158,NA,NA,NA
1974-05-08,124.2153,138.96338,125.75471,NA,NA,NA
1974-05-09,124.2257,138.99068,125.77727,NA,NA,NA
1974-05-10,124.0399,138.79852,125.60125,NA,NA,NA
1974-05-13,123.4938,138.20323,125.06044,NA,NA,NA
1974-05-14,123.2557,137.95242,124.83135,NA,NA,NA
1974-05-15,123.0207,137.70501,124.60536,NA,NA,NA
1974-05-16,122.0903,136.67931,123.67514,NA,NA,NA
1974-05-17,122.7442,137.42658,124.3492,NA,NA,NA
1974-05-20,121.7333,136.31051,123.33724,NA,NA,NA
1974-05-21,121.0484,135.55914,122.6553,NA,NA,NA
1974-05-22,121.3572,135.92016,122.97986,NA,NA,NA
1974-05-23,121.1551,135.70918,122.78689,NA,NA,NA
1974-05-24,120.7987,135.32536,122.43754,NA,NA,NA
1974-05-27,120.8123,135.35585,122.46304,NA,NA,NA
1974-05-28,120.1786,134.66129,121.83257,NA,NA,NA
1974-05-29,119.8867,134.34947,121.54839,NA,NA,NA
1974-05-30,118.2931,132.57916,119.94473,NA,NA,NA
1974-05-31,118.2498,132.54559,119.91232,NA,NA,NA
1974-06-03,117.5054,131.72633,119.16912,NA,NA,NA
1974-06-04,117.6544,131.90817,119.33161,NA,NA,NA
1974-06-05,119.1463,133.59528,120.85581,NA,NA,NA
1974-06-06,119.4396,133.93914,121.16482,NA,NA,NA
1974-06-07,119.0841,133.55567,120.81587,NA,NA,NA
1974-06-10,118.1613,132.53602,119.89145,NA,NA,NA
1974-06-11,117.9819,132.34979,119.72095,NA,NA,NA
1974-06-12,117.9951,132.37951,119.74581,NA,NA,NA
1974-06-13,117.4028,131.73008,119.15634,NA,NA,NA
1974-06-14,117.0829,131.38608,118.84315,NA,NA,NA
1974-06-17,116.6629,130.92969,118.42832,NA,NA,NA
1974-06-18,115.8838,130.07028,117.64897,NA,NA,NA
1974-06-19,115.3713,129.50984,117.14006,NA,NA,NA
1974-06-20,114.6652,128.73199,116.43452,NA,NA,NA
1974-06-21,113.2635,127.17319,115.02269,NA,NA,NA
1974-06-24,112.9317,126.81506,114.69683,NA,NA,NA
1974-06-25,113.2386,127.17391,115.01943,NA,NA,NA
1974-06-26,113.203,127.14828,114.9943,NA,NA,NA
1974-06-27,111.8175,125.60677,113.59822,NA,NA,NA
1974-06-28,112.5187,126.40842,114.32128,NA,NA,NA
1974-07-01,112.2877,126.16321,114.09759,7.77241,3.57441,4.01516
1974-07-02,112.1383,126.00962,113.95674,7.76721,3.57245,4.01288
1974-07-03,111.1958,124.96497,113.0101,7.67776,3.53173,3.96708
1974-07-04,110.3056,123.97886,112.11642,7.65105,3.51987,3.95368
1974-07-05,110.2474,123.92744,112.06802,7.63181,3.51144,3.94414
1974-07-08,109.393,122.98121,111.21045,7.56766,3.48235,3.91139
1974-07-09,108.4416,121.92573,110.25413,7.52113,3.46136,3.88775
1974-07-10,108.9747,122.53872,110.80656,7.56187,3.4805,3.90918
1974-07-11,108.5874,122.11713,110.42346,7.54627,3.47374,3.90152
1974-07-12,109.0888,122.69464,110.94378,7.56163,3.48121,3.90984
1974-07-15,109.0973,122.71803,110.96305,7.55408,3.47815,3.90633
1974-07-16,109.4346,123.11119,111.31665,7.55802,3.48038,3.90877
1974-07-17,109.1589,122.81498,111.04694,7.53587,3.47059,3.89771
1974-07-18,109.1824,122.85526,111.08147,7.53687,3.47146,3.89861
1974-07-19,109.4031,123.11739,111.31659,7.55023,3.47802,3.90591
1974-07-22,109.4855,123.22398,111.41107,7.55343,3.4799,3.90796
1974-07-23,109.693,123.47136,111.63284,7.55589,3.48145,3.90963
1974-07-24,110.0596,123.89783,112.01651,7.52595,3.46807,3.89453
1974-07-25,110.2933,124.17482,112.26504,7.54502,3.47727,3.90479
1974-07-26,109.1723,122.92701,111.13502,7.49963,3.45677,3.8817
1974-07-29,107.8657,121.46997,109.81589,7.42574,3.42312,3.84385
1974-07-30,107.1345,120.66043,109.08217,7.38514,3.40482,3.82323
1974-07-31,106.4411,119.89327,108.38678,7.37504,3.40057,3.81839
1974-08-01,105.4439,118.78381,107.38198,7.29145,3.36243,3.7755
1974-08-02,104.4943,117.7277,106.42544,7.221,3.33035,3.73941
1974-08-05,103.772,116.92739,105.70017,7.16931,3.30691,3.71303
1974-08-06,103.4676,116.59766,105.40031,7.12766,3.2881,3.69184
1974-08-07,103.83,117.0191,105.77948,7.18698,3.31584,3.72291
1974-08-08,103.8354,117.03837,105.79511,7.24132,3.34128,3.75142
1974-08-09,103.8831,117.10532,105.85383,7.22415,3.33376,3.74291
1974-08-12,103.1146,116.25241,105.08108,7.19045,3.31861,3.72583
1974-08-13,102.3571,115.41169,104.31938,7.17654,3.31258,3.719
1974-08-14,100.7344,113.59544,102.67595,7.06455,3.26129,3.66135
1974-08-15,100.1826,112.98614,102.12349,7.02585,3.24382,3.64167
1974-08-16,99.4843,112.21151,101.42161,7.00509,3.23462,3.63127
1974-08-19,98.0681,110.62713,99.98789,6.95104,3.21005,3.60363
1974-08-20,97.5643,110.07141,99.48393,6.91944,3.19584,3.58761
1974-08-21,96.816,109.23979,98.73062,6.82871,3.15432,3.54094
1974-08-22,96.2248,108.58519,98.13733,6.81576,3.14872,3.53459
1974-08-23,96.9308,109.39393,98.86657,6.87218,3.17514,3.56418
1974-08-26,96.0598,108.42349,97.98786,6.78969,3.13741,3.52177
1974-08-27,96.5474,108.98594,98.4945,6.8543,3.16761,3.55561
1974-08-28,95.1372,107.40669,97.06564,6.77201,3.12997,3.5133
1974-08-29,95.0693,107.34216,97.00567,6.74821,3.11934,3.50131
1974-08-30,95.1089,107.39896,97.05536,6.76769,3.12871,3.51176
1974-09-02,95.9273,108.335,97.89958,6.84808,3.16622,3.5538
1974-09-03,95.1052,107.41899,97.07016,6.77031,3.13065,3.51381
1974-09-04,93.8243,105.98467,95.7724,6.65419,3.07733,3.45391
1974-09-05,94.2056,106.42723,96.17069,6.72747,3.11156,3.49227
1974-09-06,93.7795,105.95796,95.74502,6.68562,3.09258,3.4709
1974-09-09,93.7441,105.92992,95.71805,6.68766,3.09388,3.47231
1974-09-10,92.8913,104.97843,94.85667,6.60989,3.05828,3.43229
1974-09-11,92.9569,105.06438,94.93273,6.61907,3.06289,3.4374
1974-09-12,92.7982,104.8969,94.77979,6.61735,3.06246,3.43685
1974-09-13,92.0688,104.08441,94.04407,6.56086,3.03668,3.40786
1974-09-16,90.6201,102.45873,92.57364,6.45873,2.98977,3.35516
1974-09-17,90.2388,102.03927,92.19308,6.40915,2.96718,3.32975
1974-09-18,90.3703,102.19944,92.33623,6.4114,2.96858,3.33126
1974-09-19,90.468,102.32142,92.44487,6.42488,2.97517,3.33859
1974-09-20,90.7398,102.64029,92.73139,6.4546,2.98927,3.35436
1974-09-23,90.0838,101.91,92.07004,6.40794,2.96802,3.33046
1974-09-24,89.8393,101.64496,91.82902,6.37265,2.95203,3.31246
1974-09-25,88.6164,100.27312,90.58813,6.29499,2.91641,3.27243
1974-09-26,88.4112,100.05228,90.38709,6.27454,2.90729,3.26214
1974-09-27,87.9262,99.51483,89.90003,6.23113,2.88753,3.2399
1974-09-30,87.8369,99.425,89.81736,6.20743,2.87689,3.22791
1974-10-01,87.6632,99.23964,89.64839,6.1894,2.86888,3.21886
1974-10-02,88.1785,99.83404,90.1838,6.23843,2.89193,3.24467
1974-10-03,86.7844,98.26726,88.76697,6.14292,2.848,3.19533
1974-10-04,85.9637,97.34925,87.93623,6.05713,2.80857,3.15103
1974-10-07,85.9418,97.33544,87.92225,6.04031,2.80111,3.1426
1974-10-08,86.8271,98.34883,88.83614,6.1087,2.83313,3.17848
1974-10-09,85.2636,96.58932,87.24534,5.97356,2.77079,3.10849
1974-10-10,86.1279,97.57908,88.13785,6.04222,2.80295,3.14451
1974-10-11,86.4273,97.92921,88.4526,6.07597,2.81893,3.16238
1974-10-14,87.203,98.81897,89.25474,6.12123,2.84025,3.18624
1974-10-15,88.4732,100.26916,90.56304,6.20675,2.88023,3.23105
1974-10-16,88.9157,100.78184,91.02455,6.23099,2.89182,3.24399
1974-10-17,88.0283,99.7876,90.12504,6.14922,2.85422,3.20175
1974-10-18,88.8034,100.67728,90.92703,6.20959,2.88256,3.23348
1974-10-21,88.2326,100.04166,90.35143,6.1826,2.87038,3.21976
1974-10-22,88.4609,100.31173,90.5938,6.19497,2.87645,3.22652
1974-10-23,88.259,100.09415,90.39576,6.15916,2.86017,3.2082
1974-10-24,87.6394,99.40291,89.76997,6.11387,2.83949,3.18494
1974-10-25,87.9001,99.70973,90.04554,6.12184,2.84352,3.18941
1974-10-28,86.8641,98.54604,88.99313,6.05928,2.81481,3.15715
1974-10-29,87.9476,99.78607,90.11142,6.12617,2.84619,3.1923
1974-10-30,87.7588,99.58316,89.92665,6.11455,2.84113,3.18656
1974-10-31,88.243,100.14369,90.4313,6.15188,2.8588,3.20632
1974-11-01,87.7566,99.60311,89.94162,NA,NA,NA
1974-11-04,87.4389,99.25384,89.6247,6.06849,2.82073,3.16352
1974-11-05,87.3309,99.14246,89.52261,6.04744,2.81129,3.15286
1974-11-06,87.5747,99.43035,89.78104,6.06583,2.82016,3.16276
1974-11-07,87.8435,99.74668,90.06514,6.08142,2.82774,3.17121
1974-11-08,88.1028,100.05229,90.33955,6.12117,2.84655,3.19224
1974-11-11,89.078,101.17077,91.3479,6.18893,2.87837,3.22788
1974-11-12,89.4654,101.62206,91.75382,6.21998,2.89315,3.24439
1974-11-13,88.2462,100.24895,90.51252,6.15929,2.86527,3.21307
1974-11-14,88.6509,100.71989,90.93617,6.15005,2.86131,3.20857
1974-11-15,88.9051,101.01998,91.20557,6.12549,2.85023,3.19609
1974-11-18,88.3164,100.3626,90.61052,6.05598,2.81823,3.16015
1974-11-19,87.7907,99.77665,90.07997,6.01155,2.79789,3.13729
1974-11-20,87.6529,99.63132,89.94724,6.02482,2.80439,3.14452
1974-11-21,87.0221,98.92571,89.3087,6.03005,2.80716,3.14757
1974-11-22,88.0607,100.11725,90.38287,6.04341,2.8137,3.15485
1974-11-25,88.1502,100.23027,90.48336,6.05701,2.82036,3.16227
1974-11-26,89.0546,101.26966,91.42012,6.08613,2.83425,3.17778
1974-11-27,90.4318,102.8468,92.84229,6.18227,2.87933,3.22827
1974-11-28,90.3438,102.75833,92.76086,6.17929,2.87828,3.22704
1974-11-29,90.6662,103.13653,93.10068,6.20185,2.88912,3.23913
1974-12-02,90.9564,103.4782,93.40751,6.25085,2.91228,3.26504
1974-12-03,90.2708,102.71006,92.71256,6.21703,2.89687,3.2477
1974-12-04,90.0895,102.5154,92.53528,6.16694,2.87388,3.22188
1974-12-05,90.2022,102.65517,92.65987,6.17415,2.87758,3.22596
1974-12-06,89.4248,101.78222,91.87035,6.11143,2.84869,3.19353
1974-12-09,90.0206,102.47166,92.49109,6.11466,2.85054,3.19553
1974-12-10,89.0155,101.33935,91.46751,6.07056,2.83032,3.17281
1974-12-11,88.7629,101.06327,91.21677,6.01945,2.80683,3.14643
1974-12-12,88.1644,100.39338,90.61061,5.96242,2.78058,3.11694
1974-12-13,87.9205,100.12703,90.36869,5.9725,2.7856,3.12252
1974-12-16,88.1577,100.40839,90.62108,5.9755,2.78733,3.1244
1974-12-17,88.4593,100.76314,90.93971,5.95538,2.77828,3.1142
1974-12-18,88.9834,101.37135,91.48707,5.97431,2.78744,3.12441
1974-12-19,88.8912,101.27777,91.40107,6.01352,2.80605,3.14521
1974-12-20,88.7995,101.18474,91.31555,5.99809,2.79918,3.13746
1974-12-23,88.4236,100.76792,90.93784,5.96836,2.78564,3.12223
1974-12-24,88.4249,100.78076,90.94789,5.95547,2.77996,3.1158
1974-12-25,88.4249,100.79212,90.9566,NA,NA,NA
1974-12-26,88.8382,101.27448,91.39033,5.96984,2.78732,3.12394
1974-12-27,88.8034,101.24623,91.36329,5.95028,2.77852,3.11403
1974-12-30,89.3569,101.88855,91.94135,5.95017,2.7788,3.11429
1974-12-31,89.348,101.88989,91.941,5.9387,2.77377,3.1086
1975-01-01,89.348,101.90138,91.9498,NA,NA,NA
1975-01-02,88.4808,100.92404,91.06637,5.91823,2.76487,3.09851
1975-01-03,89.108,101.65065,91.72045,5.92699,2.76929,3.1034
1975-01-06,88.7793,101.28723,91.39098,5.89294,2.75371,3.08589
1975-01-07,89.1757,101.75079,91.80769,5.88561,2.75061,3.08236
1975-01-08,89.5326,102.1694,92.18382,5.9059,2.76041,3.0933
1975-01-09,89.3667,101.99164,92.02188,5.92252,2.76851,3.10231
1975-01-10,90.1922,102.94503,92.8805,5.95552,2.78425,3.11989
1975-01-13,91.5636,104.52157,94.3013,6.05516,2.83113,3.17237
1975-01-14,91.4815,104.43966,94.2258,6.06989,2.83835,3.18041
1975-01-15,91.6109,104.59913,94.36807,6.0925,2.84925,3.19257
1975-01-16,92.919,106.10412,95.72423,6.1409,2.87221,3.21824
1975-01-17,94.3646,107.76641,97.22225,6.22857,2.91352,3.26447
1975-01-20,94.0729,107.44551,96.93111,6.20784,2.90418,3.25394
1975-01-21,94.9765,108.48942,97.8712,6.21499,2.90786,3.25801
1975-01-22,95.5753,109.18548,98.49747,6.21719,2.90924,3.2595
1975-01-23,96.3439,110.07563,99.29879,6.23856,2.91957,3.27102
1975-01-24,98.4893,112.53863,101.51893,6.36663,2.97982,3.33846
1975-01-27,100.9951,115.41389,104.11087,6.51,3.04722,3.41392
1975-01-28,102.5547,117.20873,105.72814,6.58666,3.08344,3.45445
1975-01-29,103.324,118.10095,106.53117,6.75435,3.16225,3.54269
1975-01-30,105.6069,120.72303,108.89452,6.84791,3.2064,3.59208
1975-01-31,104.8984,119.92691,108.17458,6.82579,3.19643,3.58084
1975-02-03,105.4383,120.55754,108.74155,6.81531,3.1919,3.57571
1975-02-04,104.1033,119.04503,107.37547,6.85082,3.2089,3.59469
1975-02-05,104.3101,119.29488,107.599,6.86984,3.21818,3.60502
1975-02-06,105.4992,120.66792,108.83558,6.95144,3.25676,3.64818
1975-02-07,107.2286,122.6591,110.62963,7.036,3.29674,3.6929
1975-02-10,109.6295,125.41867,113.11664,7.15759,3.35406,3.75705
1975-02-11,109.2817,125.03501,112.7687,7.11821,3.33601,3.73676
1975-02-12,109.7066,125.53514,113.21784,7.14979,3.35119,3.75371
1975-02-13,111.3197,127.39468,114.89298,7.21723,3.38318,3.78947
1975-02-14,111.2702,127.35241,114.85291,7.19005,3.37084,3.77559
1975-02-17,110.3578,126.32273,113.92236,7.11844,3.33768,3.73837
1975-02-18,109.9884,125.91423,113.55203,7.10832,3.33333,3.73343
1975-02-19,110.5169,126.53331,114.10839,7.13751,3.34741,3.74913
1975-02-20,111.0733,127.18446,114.69365,7.17289,3.36439,3.76808
1975-02-21,111.8422,128.07901,115.49839,7.19089,3.37322,3.77791
1975-02-24,113.1849,129.63071,116.89568,7.24048,3.39687,3.80433
1975-02-25,114.085,130.67596,117.83625,7.25257,3.40294,3.81106
1975-02-26,115.3941,132.18981,119.19933,7.34529,3.44681,3.86014
1975-02-27,117.4763,134.5894,121.36105,7.43651,3.49,3.90843
1975-02-28,118.3175,135.56808,122.24146,7.50111,3.52071,3.94276
1975-03-03,118.5101,135.80399,122.45211,7.47818,3.51037,3.93111
1975-03-04,118.1938,135.45693,122.13709,7.49782,3.52,3.94182
1975-03-05,118.7445,136.10319,122.71772,7.55108,3.5454,3.9702
1975-03-06,119.5561,137.04855,123.56801,7.58194,3.5603,3.98682
1975-03-07,119.7993,137.34272,123.83114,7.66068,3.59768,4.0286
1975-03-10,120.2714,137.89931,124.33086,7.74893,3.63952,4.07539
1975-03-11,119.4629,136.98807,123.50718,7.64443,3.59088,4.02084
1975-03-12,119.1719,136.6699,123.21823,7.60254,3.57163,3.99922
1975-03-13,118.4644,135.87411,122.49869,7.59099,3.56663,3.99355
1975-03-14,117.8856,135.22572,121.91206,7.54985,3.54773,3.97232
1975-03-17,117.1665,134.41628,121.18025,7.48946,3.51978,3.94095
1975-03-18,116.9649,134.20021,120.9834,7.45833,3.50557,3.92497
1975-03-19,117.2055,134.49133,121.24379,7.45548,3.50465,3.92387
1975-03-20,116.0493,133.18006,120.05965,7.39995,3.47896,3.89504
1975-03-21,115.3327,132.37289,119.32997,7.3638,3.46238,3.87641
1975-03-24,113.1889,129.92779,117.12381,7.25739,3.41277,3.8208
1975-03-25,113.0084,129.73529,116.9483,7.25249,3.41087,3.81861
1975-03-26,114.1585,131.06993,118.14939,7.3263,3.44597,3.85783
1975-03-27,115.3652,132.46983,119.40926,7.41969,3.49027,3.90736
1975-03-28,115.3652,132.48477,119.4207,NA,NA,NA
1975-03-31,116.6343,133.95678,120.74551,NA,NA,NA
1975-04-01,116.1963,133.46894,120.30374,7.47774,3.51881,3.9391
1975-04-02,116.6643,134.02143,120.79968,7.47679,3.51877,3.939
1975-04-03,116.7711,134.1592,120.92181,7.52747,3.54303,3.96608
1975-04-04,116.0706,133.3697,120.20817,7.51825,3.53911,3.96162
1975-04-07,116.4239,133.7906,120.58548,7.54406,3.55167,3.97561
1975-04-08,115.9331,133.2418,120.08881,7.51866,3.54014,3.96263
1975-04-09,116.0426,133.38264,120.21371,7.51004,3.5365,3.95848
1975-04-10,116.2633,133.6513,120.45379,7.56707,3.56376,3.98893
1975-04-11,116.5845,134.03552,120.79802,7.59034,3.57513,4.00159
1975-04-14,116.9738,134.49809,121.21285,7.64844,3.6029,4.0326
1975-04-15,117.5816,135.21194,121.85412,7.67258,3.61469,4.04573
1975-04-16,118.5773,136.37191,122.89741,7.72129,3.63805,4.0718
1975-04-17,120.5122,138.61201,124.91405,7.84239,3.69551,4.13604
1975-04-18,121.4019,139.65072,125.84797,7.877,3.71224,4.15469
1975-04-21,120.9255,139.11858,125.3663,7.86745,3.70818,4.15008
1975-04-22,122.2875,140.70079,126.78996,7.95235,3.74861,4.19525
1975-04-23,123.2362,141.80794,127.78547,7.97992,3.76204,4.21021
1975-04-24,122.2183,140.6529,126.74249,7.8981,3.72392,4.16748
1975-04-25,121.6089,139.9676,126.12283,7.8892,3.72017,4.1632
1975-04-28,121.3231,139.65451,125.83857,7.90809,3.72951,4.17358
1975-04-29,122.0287,140.48227,126.58229,7.92382,3.73736,4.1823
1975-04-30,121.7321,140.15674,126.28683,7.8868,3.72035,4.16318
1975-05-01,122.2929,140.81806,126.88055,NA,NA,NA
1975-05-02,122.8356,141.4587,127.45562,7.9725,3.76164,4.20924
1975-05-05,122.0614,140.58327,126.6647,7.89895,3.72739,4.17084
1975-05-06,121.615,140.0851,126.21371,7.85365,3.70647,4.14735
1975-05-07,121.9176,140.44937,126.53976,7.86045,3.71011,4.15135
1975-05-08,122.8872,141.58192,127.55798,NA,NA,NA
1975-05-09,123.2196,141.98076,127.91514,7.93033,3.74395,4.18908
1975-05-12,123.557,142.38544,128.27755,7.97537,3.76565,4.21328
1975-05-13,122.5713,141.26584,127.26673,7.84934,3.7066,4.14713
1975-05-14,122.0359,140.66485,126.72314,7.80728,3.68718,4.12534
1975-05-15,122.4389,141.14512,127.15365,7.88069,3.72226,4.16452
1975-05-16,122.3959,141.11148,127.12118,7.87308,3.71911,4.16091
1975-05-19,123.1221,141.96443,127.8874,NA,NA,NA
1975-05-20,123.6221,142.55681,128.41886,7.94462,3.75377,4.19954
1975-05-21,122.9519,141.80021,127.73513,7.87492,3.72129,4.16313
1975-05-22,122.9394,141.80178,127.73438,7.84588,3.70801,4.1482
1975-05-23,123.0135,141.90322,127.82358,7.84402,3.70757,4.14764
1975-05-26,122.9282,141.82084,127.74721,7.80111,3.68773,4.12537
1975-05-27,122.9187,141.82588,127.74957,7.83678,3.70502,4.14464
1975-05-28,121.8529,140.6124,126.65438,7.76232,3.67027,4.10569
1975-05-29,120.9196,139.55151,125.69667,7.71462,3.64815,4.08088
1975-05-30,120.3921,138.95861,125.16051,7.73704,3.65918,4.09314
1975-06-02,121.4971,140.24938,126.32096,7.79129,3.68525,4.12224
1975-06-03,122.3688,141.27119,127.23913,7.81304,3.69597,4.13415
1975-06-04,122.7489,141.72582,127.64645,7.83731,3.70788,4.1474
1975-06-05,122.7926,141.79225,127.7041,7.85449,3.71645,4.15691
1975-06-06,123.776,142.94352,128.7388,7.91376,3.74491,4.18867
1975-06-09,122.3213,141.28003,127.23846,7.85498,3.71755,4.15799
1975-06-10,121.4362,140.27391,126.33019,7.77725,3.68121,4.11727
1975-06-11,120.9779,139.76045,125.86564,7.74256,3.66523,4.09933
1975-06-12,120.326,139.02327,125.19962,7.70378,3.64731,4.07922
1975-06-13,120.1016,138.77974,124.97818,7.68765,3.64011,4.07109
1975-06-16,119.9481,138.61805,124.83046,7.67254,3.63339,4.0635
1975-06-17,119.4322,138.03762,124.30565,7.64012,3.61847,4.04675
1975-06-18,118.72,137.23022,123.57647,7.60737,3.60339,4.02981
1975-06-19,118.2026,136.64776,123.04987,7.58351,3.59252,4.01758
1975-06-20,119.1224,137.72624,124.01893,7.64194,3.62061,4.04892
1975-06-23,118.5265,137.05297,123.41056,7.61656,3.60902,4.03589
1975-06-24,118.0166,136.47895,122.8916,7.60249,3.60278,4.02884
1975-06-25,117.5534,135.9588,122.42116,7.55403,3.58025,4.00357
1975-06-26,116.7041,134.99208,121.54863,7.52722,3.56797,3.98977
1975-06-27,116.1221,134.33425,120.95426,7.50937,3.55994,3.98071
1975-06-30,115.2922,133.38955,120.10162,7.50212,3.55692,3.97727
1975-07-01,116.7875,135.13419,121.67039,7.6172,3.61187,4.03864
1975-07-02,117.7344,136.24481,122.66828,7.71809,3.6601,4.09251
1975-07-03,116.5843,134.92955,121.48202,7.68124,3.64306,4.07339
1975-07-04,116.8547,135.25764,121.77534,7.69966,3.65223,4.08356
1975-07-07,116.1242,134.42754,121.02593,7.69397,3.64996,4.08095
1975-07-08,116.2958,134.64129,121.21632,7.67796,3.6428,4.07288
1975-07-09,117.3625,135.89114,122.33947,7.73312,3.66939,4.10253
1975-07-10,116.7541,135.20217,121.71714,7.75414,3.67979,4.11409
1975-07-11,116.4564,134.87276,121.41852,7.75469,3.68049,4.11479
1975-07-14,115.6114,133.90956,120.54936,7.74221,3.675,4.10858
1975-07-15,116.3285,134.75505,121.30844,7.784,3.69526,4.13116
1975-07-16,115.4548,133.75838,120.40917,7.80171,3.7041,4.14097
1975-07-17,114.7458,132.95225,119.68146,7.74629,3.67823,4.11198
1975-07-18,113.4138,131.42423,118.30396,7.7143,3.66348,4.09542
1975-07-21,112.5758,130.46819,117.44137,7.6955,3.65499,4.08585
1975-07-22,112.7308,130.66249,117.61427,7.66972,3.64318,4.07258
1975-07-23,111.2848,129.00158,116.11726,7.65986,3.63893,4.06776
1975-07-24,110.6264,128.25308,115.44155,7.59828,3.61011,4.03547
1975-07-25,111.1833,128.91301,116.0336,7.624,3.62275,4.04953
1975-07-28,111.2391,128.99223,116.10293,7.64916,3.63513,4.06329
1975-07-29,111.0449,128.78163,115.91141,7.70745,3.66324,4.09465
1975-07-30,110.6195,128.30292,115.47858,7.68238,3.65177,4.08175
1975-07-31,110.1484,127.7711,114.99796,7.68863,3.65517,4.08548
1975-08-01,109.6517,127.20947,114.49054,7.64758,3.63609,4.06408
1975-08-04,109.1734,126.66906,114.00222,7.62949,3.62793,4.05488
1975-08-05,109.3464,126.88401,114.19374,7.60218,3.61537,4.04078
1975-08-06,109.3105,126.85667,114.16719,7.61171,3.62033,4.04625
1975-08-07,108.5433,125.98083,113.37703,7.60517,3.61765,4.04318
1975-08-08,108.3061,125.71979,113.14019,7.59555,3.61351,4.03848
1975-08-11,108.0877,125.48051,112.92293,7.60128,3.61666,4.04193
1975-08-12,109.1186,126.69115,114.01049,7.65382,3.64207,4.07025
1975-08-13,109.1661,126.76057,114.07102,7.66938,3.6499,4.07893
1975-08-14,109.229,126.84788,114.14765,7.65129,3.64172,4.06972
1975-08-15,109.0534,126.65831,113.97512,NA,NA,NA
1975-08-18,109.7344,127.46333,114.69759,7.67383,3.65331,4.08253
1975-08-19,109.8025,127.55679,114.77973,7.66513,3.6496,4.07831
1975-08-20,109.2032,126.87513,114.16441,7.57962,3.60932,4.03323
1975-08-21,108.6557,126.25348,113.60312,7.58951,3.61446,4.0389
1975-08-22,109.4985,127.24677,114.49494,7.63434,3.63623,4.06315
1975-08-25,109.0128,126.69682,113.99817,7.63615,3.63751,4.06452
1975-08-26,109.0673,126.77443,114.06606,7.65279,3.64587,4.07378
1975-08-27,108.4468,126.06765,113.42821,7.59014,3.61646,4.04085
1975-08-28,108.7104,126.38823,113.71471,7.61241,3.62749,4.05311
1975-08-29,109.5989,127.43521,114.65476,7.69074,3.66522,4.09519
1975-09-01,109.289,127.08933,114.34162,7.67737,3.65929,4.08849
1975-09-02,108.9181,126.67244,113.96462,7.66033,3.6516,4.07983
1975-09-03,108.7857,126.53278,113.83704,7.61195,3.62898,4.05448
1975-09-04,109.1468,126.96695,114.22571,7.6513,3.64816,4.07584
1975-09-05,108.7225,126.48781,113.79271,7.62796,3.63746,4.06381
1975-09-08,108.7463,126.52975,113.82851,7.63604,3.64174,4.06852
1975-09-09,108.6737,126.45956,113.76344,7.6175,3.63334,4.05906
1975-09-10,108.2886,126.0258,113.3713,7.60198,3.62637,4.0512
1975-09-11,108.1024,125.82336,113.18726,7.60488,3.62818,4.05315
1975-09-12,108.0092,125.72909,113.10054,7.61241,3.6322,4.05757
1975-09-15,107.7071,125.39169,112.79511,7.6078,3.63043,4.05552
1975-09-16,108.0184,125.76815,113.13184,7.64659,3.64936,4.0766
1975-09-17,107.0868,124.69789,112.16721,7.62975,3.64175,4.06803
1975-09-18,106.8836,124.47539,111.96516,7.64198,3.64802,4.07496
1975-09-19,107.2767,124.94711,112.38757,7.68718,3.67002,4.09946
1975-09-22,106.9909,124.6284,112.09899,7.70302,3.67801,4.10831
1975-09-23,105.7124,123.15352,110.7705,7.71396,3.68366,4.11456
1975-09-24,105.3692,122.76767,110.42158,7.64089,3.64921,4.076
1975-09-25,106.3907,123.97139,111.50236,7.71229,3.68372,4.11448
1975-09-26,105.6546,123.12783,110.74176,7.64898,3.65393,4.08113
1975-09-29,104.2973,121.56028,109.33005,7.5862,3.62438,4.04805
1975-09-30,104.2328,121.49883,109.27292,7.54474,3.60501,4.02634
1975-10-01,104.257,121.54073,109.30875,7.48813,3.57839,3.99654
1975-10-02,104.3209,121.62891,109.3862,7.46705,3.56875,3.9857
1975-10-03,105.3869,122.88518,110.51414,7.58101,3.62359,4.04689
1975-10-06,106.1282,123.76321,111.30189,7.61925,3.64229,4.0677
1975-10-07,106.7574,124.51074,111.97225,7.5914,3.62941,4.05325
1975-10-08,106.9788,124.78293,112.21513,7.6227,3.6448,4.07036
1975-10-09,108.0935,126.0969,113.39483,7.7087,3.68633,4.11666
1975-10-10,108.6692,126.78254,114.00947,7.69005,3.67785,4.10712
1975-10-13,108.8408,126.99699,114.20038,7.67038,3.66888,4.09703
1975-10-14,109.6714,127.98023,115.08259,7.78272,3.72301,4.15741
1975-10-15,109.5964,127.90716,115.01493,7.76092,3.71303,4.14619
1975-10-16,110.1766,128.59856,115.63467,7.77895,3.72208,4.15623
1975-10-17,109.9752,128.37804,115.43442,7.73858,3.70321,4.13509
1975-10-20,109.7003,128.07168,115.157,7.69398,3.68232,4.11168
1975-10-21,110.3121,128.80021,115.81009,7.778,3.72294,4.15697
1975-10-22,111.3374,130.01158,116.89731,7.79571,3.73185,4.16684
1975-10-23,112.0375,130.84356,117.64337,7.84605,3.75637,4.19415
1975-10-24,112.5151,131.41595,118.15601,7.88809,3.77693,4.21703
1975-10-27,112.289,131.16675,117.92994,7.86432,3.766,4.20476
1975-10-28,112.7359,131.70344,118.41047,7.93952,3.80244,4.24536
1975-10-29,112.6891,131.66363,118.37266,7.94493,3.80548,4.24868
1975-10-30,112.5019,131.4598,118.18741,7.87593,3.77289,4.21222
1975-10-31,112.8354,131.86423,118.54899,7.89003,3.78008,4.22018
1975-11-03,112.7355,131.76238,118.45541,7.8837,3.7775,4.21722
1975-11-04,113.2315,132.35681,118.98778,7.94297,3.80633,4.24933
1975-11-05,113.3952,132.56303,119.17116,7.9685,3.819,4.26341
1975-11-06,113.4429,132.63373,119.23269,7.99134,3.83039,4.27604
1975-11-07,114.1838,133.51471,120.02262,8.01314,3.84129,4.28813
1975-11-10,114.369,133.74626,120.22873,8.03693,3.85314,4.30129
1975-11-11,114.7111,134.16131,120.59978,8.06708,3.86804,4.31785
1975-11-12,114.7745,134.25057,120.67796,8.08514,3.87716,4.32794
1975-11-13,114.8173,134.31575,120.73451,8.06572,3.86831,4.31799
1975-11-14,114.2855,133.70893,120.187,8.10396,3.88709,4.33888
1975-11-17,114.5543,134.03841,120.48112,8.15137,3.91028,4.36469
1975-11-18,114.7993,134.34013,120.75027,8.18414,3.92645,4.38266
1975-11-19,114.3959,133.88332,120.33763,8.15051,3.91079,4.3651
1975-11-20,114.6544,134.20088,120.62101,8.14186,3.9071,4.36091
1975-11-21,114.7512,134.32928,120.73437,8.15012,3.91153,4.36577
1975-11-24,114.5809,134.14512,120.5668,8.16091,3.91716,4.37198
1975-11-25,114.6286,134.21607,120.62852,8.15666,3.91559,4.37015
1975-11-26,114.9237,134.57665,120.95054,8.2042,3.93886,4.39604
1975-11-27,115.063,134.7549,121.10869,8.22679,3.95016,4.40858
1975-11-28,115.1354,134.85487,121.19647,8.26804,3.97042,4.43112
1975-12-01,115.0278,134.74407,121.09484,8.25889,3.9665,4.42666
1975-12-02,115.3441,135.12969,121.43934,8.25536,3.96528,4.42522
1975-12-03,115.4517,135.27095,121.56422,8.25105,3.96368,4.42335
1975-12-04,114.7908,134.51203,120.88014,8.20312,3.94113,4.39811
1975-12-05,115.1264,134.92036,121.24503,8.23908,3.95886,4.41782
1975-12-08,114.154,133.79623,120.23281,8.17298,3.92758,4.38283
1975-12-09,113.975,133.60157,120.05584,8.16927,3.92626,4.38128
1975-12-10,114.0657,133.72292,120.16285,8.18559,3.93456,4.39047
1975-12-11,114.1766,133.86798,120.29116,8.18582,3.93514,4.39104
1975-12-12,113.9665,133.6368,120.08138,8.18761,3.93647,4.39244
1975-12-15,113.6723,133.30697,119.78297,8.18195,3.93421,4.38984
1975-12-16,113.8887,133.57572,120.02242,8.19894,3.94284,4.39939
1975-12-17,114.2102,133.96776,120.37264,8.20935,3.94831,4.40542
1975-12-18,114.7189,134.57942,120.92018,8.21836,3.95311,4.41069
1975-12-19,114.9297,134.84183,121.15389,8.24335,3.96559,4.42454
1975-12-22,114.7933,134.69704,121.02174,8.21524,3.95254,4.4099
1975-12-23,115.0408,135.00257,121.2942,8.23154,3.96084,4.41909
1975-12-24,115.4234,135.46667,121.7091,8.24833,3.96939,4.42854
1975-12-25,115.4234,135.48194,121.72076,NA,NA,NA
1975-12-26,116.0769,136.2641,122.42139,NA,NA,NA
1975-12-29,116.8666,137.20628,123.26576,8.3794,4.03385,4.50023
1975-12-30,117.1594,137.56543,123.58632,8.42062,4.05416,4.5228
1975-12-31,117.2346,137.66921,123.67746,8.40723,4.04819,4.51607
1976-01-01,117.2346,137.68473,123.6893,NA,NA,NA
1976-01-02,117.9526,138.5433,124.45849,8.46525,4.07708,4.54813
1976-01-05,119.0955,139.90101,125.67603,8.52021,4.10401,4.5781
1976-01-06,120.0872,141.08144,126.73429,8.5633,4.12524,4.6017
1976-01-07,120.5807,141.67699,127.26711,8.59263,4.13985,4.61791
1976-01-08,120.3502,141.4222,127.03608,8.5689,4.12891,4.60563
1976-01-09,120.774,141.93602,127.49547,8.62553,4.15667,4.63651
1976-01-12,121.7126,143.05482,128.49826,8.67625,4.18159,4.66423
1976-01-13,121.2698,142.55063,128.04319,8.68468,4.18614,4.66922
1976-01-14,121.0594,142.31943,127.83336,8.65997,4.17473,4.65641
1976-01-15,121.7722,143.17326,128.59809,8.69682,4.19298,4.67668
1976-01-16,121.9716,143.42379,128.82093,8.72522,4.20716,4.69242
1976-01-19,121.6764,143.09292,128.52157,8.70038,4.19568,4.67954
1976-01-20,121.6665,143.09741,128.52342,8.70787,4.19979,4.68403
1976-01-21,120.8412,142.14309,127.66413,8.69346,4.19334,4.67676
1976-01-22,120.3477,141.57876,127.15512,8.73616,4.21442,4.70018
1976-01-23,121.3002,142.71499,128.17342,8.77482,4.23356,4.72144
1976-01-26,122.1479,143.72819,129.08119,8.81859,4.25516,4.74545
1976-01-27,122.1699,143.77028,129.11679,8.81789,4.25533,4.74556
1976-01-28,122.0798,143.68048,129.03396,8.80606,4.25013,4.73967
1976-01-29,121.8294,143.40204,128.78172,8.81081,4.25292,4.7427
1976-01-30,123.0437,144.84718,130.07731,8.89786,4.29541,4.79001
1976-02-02,123.3117,145.17893,130.37302,8.91801,4.30564,4.80133
1976-02-03,123.0451,144.88149,130.10371,8.8872,4.29128,4.78523
1976-02-04,123.8762,145.87618,130.99472,8.9341,4.31442,4.81095
1976-02-05,123.9214,145.94585,131.05505,8.91736,4.30685,4.80242
1976-02-06,122.9051,144.76564,129.99305,8.85948,4.27941,4.77174
1976-02-09,121.6903,143.35141,128.72095,8.75153,4.22779,4.7141
1976-02-10,120.6354,142.12518,127.6177,8.69812,4.20249,4.68581
1976-02-11,121.2788,142.89903,128.31039,8.71519,4.21124,4.69547
1976-02-12,121.4109,143.07076,128.4624,8.73144,4.21958,4.70469
1976-02-13,121.6293,143.34419,128.70573,8.75694,4.2324,4.7189
1976-02-16,120.8567,142.45002,127.9007,8.70432,4.20747,4.69102
1976-02-17,120.9571,142.58439,128.01918,8.75076,4.2304,4.71651
1976-02-18,120.6649,142.2561,127.72225,8.70626,4.2094,4.69301
1976-02-19,120.4649,142.03641,127.52284,8.68583,4.20002,4.68247
1976-02-20,120.5823,142.19081,127.6593,8.71308,4.21369,4.69763
1976-02-23,121.1696,142.89922,128.29313,8.77524,4.24423,4.73159
1976-02-24,121.6519,143.48399,128.81594,8.827,4.26975,4.75996
1976-02-25,122.0572,143.97809,129.25733,8.8357,4.27446,4.76512
1976-02-26,122.3368,144.32406,129.56573,8.84827,4.28105,4.77238
1976-02-27,121.7209,143.6139,128.926,8.80449,4.26038,4.74925
1976-03-01,121.3439,143.18539,128.53913,8.78482,4.25137,4.73913
1976-03-02,121.544,143.43759,128.76335,8.83681,4.27701,4.76763
1976-03-03,121.567,143.4809,128.80004,8.83848,4.27833,4.76901
1976-03-04,121.6412,143.58463,128.89097,8.86006,4.28927,4.78113
1976-03-05,120.9868,142.82855,128.21008,8.85561,4.28763,4.77921
1976-03-08,120.2221,141.9421,127.41221,8.81431,4.26814,4.75741
1976-03-09,120.4403,142.21567,127.6556,8.84893,4.2854,4.77656
1976-03-10,120.9627,142.8484,128.22138,8.88966,4.30562,4.79901
1976-03-11,120.9611,142.86262,128.23196,8.94776,4.33425,4.83084
1976-03-12,121.3374,143.32305,128.64306,8.95973,4.34056,4.83779
1976-03-15,120.3435,142.16549,127.60189,8.97194,4.34699,4.84487
1976-03-16,119.6419,141.35288,126.87038,8.95879,4.34113,4.83825
1976-03-17,119.5288,141.23523,126.76262,8.97767,4.35079,4.84893
1976-03-18,119.781,141.54908,127.04216,8.93559,4.33092,4.8267
1976-03-19,119.4102,141.12695,126.66114,8.88889,4.3088,4.80196
1976-03-22,119.4145,141.14795,126.67783,8.90825,4.31869,4.8129
1976-03-23,119.9506,141.79738,127.25852,8.92991,4.3297,4.82508
1976-03-24,120.5484,142.51987,127.90477,8.95368,4.34173,4.8384
1976-03-25,120.2597,142.1947,127.61077,8.92827,4.32992,4.82516
1976-03-26,120.1383,142.06722,127.49421,8.93592,4.33415,4.82978
1976-03-29,119.3453,141.14571,126.66507,8.89911,4.31681,4.81038
1976-03-30,118.983,140.73324,126.29277,8.8492,4.29312,4.78389
1976-03-31,119.289,141.11096,126.62958,8.85148,4.29473,4.78561
1976-04-01,118.6179,140.33318,125.92949,8.81421,4.27716,4.76594
1976-04-02,117.6715,139.2296,124.93706,8.77979,4.26097,4.74781
1976-04-05,117.5267,139.07401,124.79532,8.77839,4.26079,4.74753
1976-04-06,117.3287,138.85544,124.59708,8.76438,4.2545,4.74044
1976-04-07,117.7059,139.3174,125.00947,8.80357,4.27402,4.7621
1976-04-08,116.7933,138.25319,124.05245,8.73766,4.24254,4.72694
1976-04-09,116.3477,137.74142,123.59116,8.72619,4.23747,4.72121
1976-04-12,115.4281,136.6685,122.62638,8.70094,4.22572,4.70803
1976-04-13,115.5153,136.78713,122.73073,8.69497,4.22332,4.70527
1976-04-14,116.1762,137.58497,123.44449,8.70396,4.22818,4.71061
1976-04-15,116.5465,138.03891,123.84968,8.7231,4.23797,4.72143
1976-04-16,116.5465,138.05448,123.86154,NA,NA,NA
1976-04-19,116.7725,138.33768,124.11352,NA,NA,NA
1976-04-20,117.7626,139.52595,125.17748,8.82123,4.28713,4.77595
1976-04-21,118.1004,139.94181,125.54844,8.85924,4.3061,4.797
1976-04-22,117.3287,139.04338,124.7403,8.83624,4.29544,4.78503
1976-04-23,116.8645,138.50907,124.25884,8.79415,4.27549,4.76273
1976-04-26,116.6956,138.32455,124.0912,8.7949,4.27636,4.76361
1976-04-27,117.632,139.44983,125.09857,8.8535,4.30534,4.79581
1976-04-28,117.6311,139.46449,125.10959,8.85263,4.30543,4.79583
1976-04-29,118.0411,139.9662,125.55753,8.85399,4.3066,4.79704
1976-04-30,118.3683,140.36986,125.9175,8.8913,4.32525,4.81773
1976-05-03,118.4541,140.48741,126.0208,8.89695,4.3285,4.82127
1976-05-04,118.2221,140.22816,125.78611,8.90834,4.33455,4.82792
1976-05-05,118.9685,141.12909,126.59211,8.97186,4.36596,4.86282
1976-05-06,118.3023,140.35489,125.89552,8.88874,4.32603,4.81826
1976-05-07,118.1811,140.22695,125.77863,8.86529,4.31514,4.80604
1976-05-10,118.4694,140.58476,126.09743,8.84406,4.30532,4.79502
1976-05-11,118.6188,140.77786,126.26848,8.879,4.32283,4.81443
1976-05-12,117.9907,140.04847,125.61213,8.84783,4.30817,4.79802
1976-05-13,117.4537,139.42701,125.05262,8.81389,4.29216,4.78011
1976-05-14,116.9774,138.87746,124.5576,8.79868,4.28526,4.77234
1976-05-17,116.3811,138.18534,123.93475,8.80374,4.28823,4.77557
1976-05-18,115.8997,137.62946,123.4341,8.788,4.28107,4.76751
1976-05-19,116.3056,138.12686,123.87809,8.79883,4.28685,4.77386
1976-05-20,116.5048,138.37895,124.10207,8.78448,4.28037,4.76656
1976-05-21,115.488,137.18712,123.03111,8.76872,4.2732,4.75849
1976-05-24,115.1609,136.81412,122.69452,8.73674,4.25813,4.74162
1976-05-25,114.9286,136.55363,122.45883,8.69701,4.23928,4.72054
1976-05-26,114.7471,136.35342,122.27722,8.70535,4.24384,4.72554
1976-05-27,114.1914,135.70861,121.6969,NA,NA,NA
1976-05-28,114.1956,135.7289,121.71303,8.68479,4.23482,4.71533
1976-05-31,114.8002,136.46264,122.36892,8.75547,4.26976,4.75416
1976-06-01,114.8256,136.50821,122.40771,8.76941,4.27706,4.7622
1976-06-02,114.5697,136.21945,122.1467,8.76909,4.27741,4.76251
1976-06-03,113.8757,135.40985,121.41868,8.72236,4.25513,4.73762
1976-06-04,114.2442,135.8632,121.82312,8.73059,4.25965,4.74256
1976-06-07,114.2384,135.87162,121.8286,NA,NA,NA
1976-06-08,114.7398,136.48315,122.37485,8.71349,4.25232,4.73423
1976-06-09,114.4192,136.11727,122.04472,8.68599,4.2394,4.71976
1976-06-10,114.0346,135.67519,121.64627,8.68123,4.23758,4.71766
1976-06-11,114.496,136.23931,122.14999,8.70843,4.25135,4.7329
1976-06-14,115.2142,137.10906,122.92771,8.7519,4.27307,4.75699
1976-06-15,115.3766,137.31773,123.11271,8.77221,4.28348,4.7685
1976-06-16,116.2832,138.41196,124.09163,8.82108,4.30784,4.79553
1976-06-17,115.6936,137.72593,123.47448,8.78752,4.29196,4.77777
1976-06-18,116.0886,138.21156,123.90776,8.82635,4.31142,4.79935
1976-06-21,116.1603,138.31249,123.99614,8.84225,4.3197,4.80848
1976-06-22,115.7807,137.8762,123.60291,8.80774,4.30336,4.7902
1976-06-23,115.1894,137.18776,122.98365,8.76037,4.28073,4.76493
1976-06-24,115.054,137.04201,122.8509,8.73418,4.26844,4.75117
1976-06-25,115.2801,137.3267,123.10403,8.76248,4.28277,4.76703
1976-06-28,115.7729,137.92909,123.64193,8.79195,4.29767,4.78353
1976-06-29,115.8795,138.07161,123.76758,8.79206,4.29823,4.78407
1976-06-30,116.3544,138.65289,124.28653,8.83049,4.31752,4.80545
1976-07-01,116.2433,138.53616,124.17979,8.80767,4.30687,4.79352
1976-07-02,116.6248,139.00634,124.59912,8.84058,4.32347,4.81191
1976-07-05,116.9344,139.39094,124.94174,8.86164,4.33427,4.82384
1976-07-06,116.9421,139.41583,124.96193,8.85901,4.3335,4.8229
1976-07-07,116.5036,138.9089,124.50544,8.83059,4.32011,4.80792
1976-07-08,116.0581,138.39351,124.04138,8.80161,4.30645,4.79263
1976-07-09,115.7879,138.08698,123.76455,8.79948,4.30592,4.79195
1976-07-12,115.725,138.02756,123.70918,8.80271,4.30801,4.79419
1976-07-13,115.8448,138.18597,123.84906,8.80861,4.3114,4.79788
1976-07-14,116.2003,138.62551,124.24089,8.83323,4.32396,4.81177
1976-07-15,116.2422,138.69111,124.29757,8.84446,4.32996,4.81837
1976-07-16,115.9118,138.31263,123.95627,8.86694,4.34147,4.83109
1976-07-19,115.667,138.03619,123.70641,8.86119,4.33917,4.82844
1976-07-20,115.8005,138.21103,123.861,8.85843,4.33833,4.82742
1976-07-21,115.6081,137.99703,123.66712,8.84614,4.33283,4.82122
1976-07-22,116.0272,138.51273,124.12717,8.87415,4.34705,4.83696
1976-07-23,115.8063,138.2647,123.90279,8.8678,4.34446,4.83398
1976-07-26,115.0686,137.39973,123.12557,8.81616,4.31968,4.80633
1976-07-27,114.9143,137.23102,122.9723,8.79627,4.31045,4.79597
1976-07-28,115.0478,137.40588,123.1269,8.78076,4.30336,4.788
1976-07-29,114.7413,137.05539,122.81075,8.7422,4.28498,4.76746
1976-07-30,114.6161,136.92133,122.68854,8.70726,4.26837,4.7489
1976-08-02,114.4237,136.70698,122.49439,8.66901,4.25013,4.72852
1976-08-03,114.6665,137.01241,122.76598,8.69844,4.26505,4.74504
1976-08-04,115.184,137.64605,123.33165,8.74405,4.28791,4.77038
1976-08-05,115.4837,138.01963,123.66428,8.7676,4.29995,4.7837
1976-08-06,114.9869,137.44158,123.14426,8.76011,4.29679,4.7801
1976-08-09,114.9114,137.36686,123.07522,8.73684,4.28589,4.76789
1976-08-10,115.3775,137.93939,123.58609,8.77947,4.3073,4.79162
1976-08-11,116.1172,138.83908,124.39004,8.83897,4.33698,4.82455
1976-08-12,116.1356,138.87673,124.42166,8.83796,4.337,4.82449
1976-08-13,116.3883,139.1945,124.70424,8.858,4.34734,4.8359
1976-08-16,115.975,138.71602,124.27346,8.837,4.33755,4.82493
1976-08-17,116.3874,139.2248,124.72715,8.81619,4.32785,4.81406
1976-08-18,116.8202,139.7581,125.20279,8.84817,4.34405,4.83199
1976-08-19,116.4864,139.37461,124.85712,8.83169,4.33648,4.82348
1976-08-20,115.776,138.54053,124.10781,8.7858,4.31447,4.79891
1976-08-23,114.7346,137.31026,123.00362,8.71231,4.2789,4.75926
1976-08-24,114.5131,137.06072,122.778,8.67972,4.26341,4.74195
1976-08-25,113.7279,136.13658,121.94809,8.63194,4.24045,4.71633
1976-08-26,114.1029,136.60071,122.36177,8.64392,4.24683,4.72335
1976-08-27,114.0272,136.52551,122.29233,8.6288,4.23991,4.71556
1976-08-30,113.9611,136.46178,122.23317,8.62693,4.23949,4.71501
1976-08-31,114.313,136.89844,122.62222,8.65984,4.25616,4.73346
1976-09-01,114.395,137.01205,122.7219,8.65194,4.25278,4.72962
1976-09-02,114.6434,137.32494,123.00006,8.67622,4.26521,4.74336
1976-09-03,114.522,137.19504,122.88163,8.67096,4.26313,4.74096
1976-09-06,114.1822,136.80353,122.52888,8.6421,4.24945,4.72567
1976-09-07,114.4627,137.15495,122.84154,8.65941,4.25846,4.7356
1976-09-08,114.2113,136.86924,122.58357,8.64352,4.25115,4.72739
1976-09-09,113.6614,136.22583,122.00524,8.59645,4.22851,4.70214
1976-09-10,113.2767,135.78022,121.60409,8.57201,4.21699,4.68924
1976-09-13,112.68,135.08046,120.97533,8.52917,4.19643,4.66629
1976-09-14,112.3769,134.73241,120.66158,8.50238,4.18375,4.65211
1976-09-15,112.6383,135.06093,120.95373,8.48912,4.17772,4.64532
1976-09-16,112.736,135.19328,121.0702,8.4873,4.17732,4.64479
1976-09-17,113.0765,135.61675,121.44738,8.50297,4.18552,4.65383
1976-09-20,113.4465,136.07569,121.85629,8.5354,4.20197,4.67204
1976-09-21,113.5744,136.24441,122.00531,8.56585,4.21744,4.68916
1976-09-22,114.3164,137.14966,122.81387,8.58694,4.22832,4.70118
1976-09-23,114.0184,136.80769,122.50556,8.58152,4.22616,4.69868
1976-09-24,113.4434,136.13334,121.89964,8.55211,4.21218,4.68305
1976-09-27,112.8907,135.4856,121.31756,8.51735,4.19556,4.6645
1976-09-28,112.606,135.15927,121.0233,8.52898,4.20178,4.67133
1976-09-29,112.2445,134.7407,120.64647,8.47855,4.17744,4.64419
1976-09-30,111.9579,134.41193,120.35005,8.40827,4.14332,4.60617
1976-10-01,111.8842,134.33863,120.28237,8.45821,4.16841,4.63398
1976-10-04,111.4096,133.78406,119.78379,8.38517,4.13291,4.59444
1976-10-05,111.0493,133.36658,119.40797,8.34228,4.11227,4.57141
1976-10-06,109.8329,131.92108,118.11176,8.2472,4.06589,4.51978
1976-10-07,109.345,131.35007,117.59853,8.2054,4.04578,4.49733
1976-10-08,108.6195,130.49358,116.82972,8.16635,4.02701,4.47639
1976-10-11,107.4373,129.08833,115.56965,8.0862,3.98797,4.43292
1976-10-12,106.1146,127.51397,114.15824,7.99385,3.9429,4.38274
1976-10-13,105.8861,127.25383,113.92341,7.98095,3.93701,4.37612
1976-10-14,105.8538,127.22937,113.89958,7.9742,3.93415,4.37286
1976-10-15,105.3724,126.66524,113.39262,7.9573,3.92628,4.36403
1976-10-18,105.8625,127.26851,113.93075,8.03423,3.96468,4.40664
1976-10-19,106.0072,127.45678,114.09735,8.03427,3.96517,4.4071
1976-10-20,106.1972,127.69954,114.31272,8.00873,3.95303,4.39354
1976-10-21,106.1985,127.7155,114.32507,8.01027,3.95426,4.39483
1976-10-22,105.3981,126.76755,113.47458,7.9578,3.92884,4.36649
1976-10-25,104.1992,125.34018,112.19498,7.86444,3.88322,4.31571
1976-10-26,103.7324,124.79293,111.70323,7.83841,3.87083,4.30187
1976-10-27,103.9678,125.09013,111.96735,7.8562,3.88006,4.31206
1976-10-28,103.9718,125.10904,111.98238,7.84869,3.87682,4.30837
1976-10-29,104.4409,125.68748,112.49822,7.86989,3.88774,4.32043
1976-11-01,104.9226,126.2812,113.02772,7.90619,3.90612,4.34078
1976-11-02,105.1553,126.57544,113.28915,7.93947,3.92302,4.35948
1976-11-03,105.1056,126.5299,113.24647,7.91855,3.91315,4.34844
1976-11-04,105.6726,127.22658,113.86807,7.97708,3.94252,4.381
1976-11-05,106.2308,127.91282,114.48032,8.01777,3.96308,4.40378
1976-11-08,105.1959,126.68139,113.37628,7.9325,3.92141,4.35739
1976-11-09,105.1143,126.59743,113.29921,7.93351,3.92237,4.35838
1976-11-10,105.9073,127.56654,114.16459,7.98543,3.94849,4.38733
1976-11-11,105.8959,127.5672,114.16324,NA,NA,NA
1976-11-12,106.397,128.18508,114.71425,8.02163,3.96732,4.40809
1976-11-15,106.3777,128.17629,114.70443,8.01656,3.96528,4.40575
1976-11-16,106.1293,127.89151,114.44764,8,3.95756,4.3971
1976-11-17,106.0556,127.81714,114.37915,7.98724,3.95172,4.39053
1976-11-18,106.2783,128.09988,114.63022,8.00329,3.96013,4.39979
1976-11-19,106.4313,128.29869,114.80617,7.99896,3.95845,4.39785
1976-11-22,106.1056,127.92063,114.46593,7.94875,3.93408,4.37069
1976-11-23,106.014,127.82464,114.3781,7.93904,3.92974,4.3658
1976-11-24,106.257,128.13198,114.65115,7.96366,3.94239,4.37977
1976-11-25,106.4281,128.3527,114.8467,7.98508,3.95345,4.39198
1976-11-26,106.7564,128.76301,115.21188,8.01331,3.96788,4.40794
1976-11-29,106.2698,128.19075,114.6979,7.97678,3.95027,4.3883
1976-11-30,105.343,127.08748,113.70882,7.91148,3.91841,4.35282
1976-12-01,105.2006,126.93005,113.56604,7.89936,3.91288,4.3466
1976-12-02,105.4589,127.25594,113.85569,7.92018,3.92364,4.35848
1976-12-03,106.5894,128.63412,115.08679,7.99575,3.96152,4.40048
1976-12-06,107.318,129.5277,115.88429,8.03526,3.98155,4.42265
1976-12-07,108.5061,130.97594,117.17799,8.12203,4.02499,4.47083
1976-12-08,109.7888,132.53865,118.57407,8.21143,4.06974,4.52046
1976-12-09,110.3699,133.25494,119.21286,8.25341,4.09102,4.54401
1976-12-10,110.4989,133.42567,119.36358,8.25789,4.09372,4.54693
1976-12-13,110.9662,134.00484,119.87966,8.28762,4.10894,4.56375
1976-12-14,110.3191,133.23868,119.19224,8.24003,4.08583,4.53801
1976-12-15,110.7478,133.77134,119.66671,8.26614,4.09926,4.55284
1976-12-16,110.4324,133.40554,119.33746,8.25809,4.09575,4.54886
1976-12-17,111.5142,134.72711,120.51762,8.3174,4.12563,4.58198
1976-12-20,112.1148,135.46775,121.17808,8.33394,4.13432,4.59154
1976-12-21,112.6426,136.12061,121.76001,8.33537,4.13552,4.59279
1976-12-22,113.4696,137.13508,122.66537,8.41295,4.17447,4.63597
1976-12-23,113.9111,137.68399,123.15428,8.44569,4.1912,4.65447
1976-12-24,114.199,138.04742,123.47725,8.46853,4.20303,4.66752
1976-12-27,114.9512,138.97205,124.30218,8.52583,4.23194,4.69955
1976-12-28,115.7312,139.93048,125.15732,8.55256,4.24571,4.71475
1976-12-29,116.1705,140.47729,125.64426,8.59186,4.26571,4.73688
1976-12-30,116.6537,141.07729,126.17876,8.62684,4.28357,4.75663
1976-12-31,116.809,141.28096,126.35879,8.63832,4.28977,4.76343
1977-01-03,117.2716,141.85627,126.87118,8.63814,4.29019,4.76381
1977-01-04,118.2552,143.06178,127.94717,8.68763,4.31526,4.79156
1977-01-05,117.7976,142.52445,127.46444,8.66848,4.30626,4.78149
1977-01-06,117.4284,142.09392,127.07725,8.65656,4.30085,4.7754
1977-01-07,116.9436,141.52344,126.56491,8.64063,4.29345,4.7671
1977-01-10,117.1865,141.83328,126.83985,8.71559,4.33118,4.80891
1977-01-11,116.1726,140.6224,125.75484,8.63788,4.29308,4.76652
1977-01-12,115.4756,139.79476,125.01258,8.57995,4.26481,4.73504
1977-01-13,115.9526,140.38784,125.54081,8.64228,4.29628,4.7699
1977-01-14,115.8966,140.33588,125.49222,8.65895,4.30507,4.77957
1977-01-17,115.9284,140.3902,125.53866,8.67295,4.31254,4.78778
1977-01-18,115.7731,140.218,125.38255,8.64509,4.29919,4.77288
1977-01-19,116.4942,141.10696,126.17531,8.72309,4.33847,4.8164
1977-01-20,116.6345,141.29277,126.33931,8.725,4.33993,4.81794
1977-01-21,116.516,141.16518,126.22308,8.7099,4.33294,4.81009
1977-01-24,116.4647,141.11896,126.17961,8.69906,4.32806,4.80459
1977-01-25,115.9962,140.56732,125.68424,8.73746,4.34766,4.82627
1977-01-26,116.5303,141.23025,126.27483,8.76742,4.36308,4.84329
1977-01-27,116.6472,141.38782,126.41357,8.75887,4.35934,4.83906
1977-01-28,116.6797,141.44314,126.46089,8.75188,4.35638,4.83568
1977-01-31,115.7355,140.31476,125.44989,8.68885,4.32553,4.80136
1977-02-01,116.436,141.17964,126.22101,8.70781,4.33547,4.81231
1977-02-02,117.3016,142.24485,127.1712,8.8088,4.38623,4.86857
1977-02-03,117.2292,142.17311,127.1049,8.79941,4.38208,4.86387
1977-02-04,117.0773,142.00497,126.95242,8.78091,4.37339,4.85414
1977-02-07,117.1398,142.09676,127.03233,8.79586,4.38135,4.86289
1977-02-08,116.9521,141.88515,126.841,8.75895,4.36349,4.84298
1977-02-09,116.9165,141.85797,126.81454,8.75001,4.35955,4.83852
1977-02-10,116.706,141.61861,126.59842,8.72488,4.34755,4.82512
1977-02-11,116.082,140.87755,125.93382,8.68289,4.32715,4.80239
1977-02-14,115.2928,139.93588,125.08991,8.60922,4.29096,4.76214
1977-02-15,115.69,140.43364,125.53273,8.64583,4.3097,4.78286
1977-02-16,116.3215,141.21585,126.2298,8.68914,4.33179,4.80728
1977-02-17,117.1439,142.22993,127.13411,8.75762,4.36642,4.84563
1977-02-18,117.3421,142.48656,127.36134,8.77479,4.37549,4.85561
1977-02-21,116.9206,141.99092,126.91616,8.73702,4.35718,4.83521
1977-02-22,117.0108,142.11644,127.0262,8.73907,4.35872,4.83683
1977-02-23,117.2931,142.47525,127.34475,8.77191,4.3756,4.85548
1977-02-24,117.4859,142.72545,127.56621,8.7942,4.38723,4.8683
1977-02-25,117.5484,142.81746,127.64627,8.78001,4.38067,4.86093
1977-02-28,117.9017,143.2627,128.04204,8.80561,4.39396,4.87559
1977-03-01,118.3619,143.83791,128.55396,8.825,4.40414,4.88681
1977-03-02,118.1546,143.60227,128.34117,8.81033,4.39735,4.87918
1977-03-03,118.4626,143.9927,128.68793,8.83408,4.40972,4.89282
1977-03-04,118.2478,143.74791,128.46697,8.8157,4.40107,4.88313
1977-03-07,118.0066,143.47097,128.2173,8.804,4.39575,4.87715
1977-03-08,117.7574,143.18424,127.95888,8.78776,4.38817,4.86864
1977-03-09,117.8908,143.36255,128.11605,8.80558,4.39758,4.879
1977-03-10,118.0113,143.52521,128.25924,8.81458,4.40259,4.88447
1977-03-11,117.7312,143.20082,127.96718,8.79209,4.39188,4.8725
1977-03-14,117.9727,143.51064,128.24186,8.80698,4.39983,4.88124
1977-03-15,118.3865,144.03007,128.70384,8.83945,4.41656,4.89972
1977-03-16,118.5908,144.29481,128.93822,8.85549,4.4251,4.9091
1977-03-17,118.7982,144.56337,129.176,8.86385,4.4298,4.91422
1977-03-18,118.7228,144.48794,129.10641,8.85348,4.42514,4.90897
1977-03-21,118.4201,144.13592,128.78968,8.8317,4.41478,4.89739
1977-03-22,118.2422,143.93569,128.60858,8.81765,4.40828,4.89009
1977-03-23,118.805,144.63685,129.23288,8.85566,4.4278,4.91166
1977-03-24,118.3016,144.04044,128.69781,8.81735,4.40917,4.89091
1977-03-25,117.996,143.68468,128.37776,8.80164,4.40184,4.88269
1977-03-28,117.447,143.03251,127.7929,8.75522,4.37915,4.85744
1977-03-29,117.9347,143.64244,128.33566,8.78374,4.39393,4.87374
1977-03-30,118.2563,144.05024,128.69782,8.81319,4.40917,4.89056
1977-03-31,117.8827,143.6115,128.30366,8.77987,4.39303,4.87257
1977-04-01,117.8585,143.59821,128.28962,8.77963,4.39343,4.87293
1977-04-04,117.401,143.05712,127.80403,8.75179,4.38002,4.85797
1977-04-05,116.5063,141.98327,126.84253,8.68509,4.34717,4.82145
1977-04-06,116.6369,142.1584,126.99683,8.69095,4.35061,4.82518
1977-04-07,116.5563,142.07621,126.92125,8.68495,4.34812,4.82233
1977-04-08,116.5563,142.09223,126.93341,NA,NA,NA
1977-04-11,117.0639,142.72691,127.49821,NA,NA,NA
1977-04-12,118.352,144.3131,128.91297,8.79992,4.40721,4.88761
1977-04-13,119.0072,145.1281,129.6388,8.82901,4.42229,4.90424
1977-04-14,119.3273,145.53473,129.99982,8.85511,4.43588,4.91923
1977-04-15,119.3318,145.55663,130.01717,8.85466,4.43618,4.91947
1977-04-18,119.3623,145.61023,130.06284,8.84671,4.43272,4.91555
1977-04-19,119.5556,145.8624,130.28587,8.86497,4.44239,4.92618
1977-04-20,120.2279,146.69888,131.0308,8.92591,4.47343,4.96052
1977-04-21,121.2191,147.92456,132.12333,8.99311,4.50762,4.99834
1977-04-22,121.2662,147.9987,132.18731,9.00379,4.5135,5.00478
1977-04-25,120.44,147.00728,131.29958,8.92896,4.47654,4.9637
1977-04-26,120.0782,146.58235,130.91783,8.90846,4.46679,4.95281
1977-04-27,120.1596,146.69822,131.01909,8.90739,4.46678,4.95271
1977-04-28,120.5767,147.22386,131.48632,8.92011,4.47369,4.96028
1977-04-29,120.9288,147.67027,131.88277,8.94695,4.48767,4.97569
1977-05-02,121.3645,148.21884,132.37044,8.96966,4.49958,4.98882
1977-05-03,121.2922,148.14727,132.30428,8.96907,4.49982,4.98899
1977-05-04,121.5372,148.46315,132.58413,8.98004,4.50585,4.99559
1977-05-05,121.7512,148.74124,132.83021,8.98711,4.50993,5.00002
1977-05-06,121.9551,149.00705,133.06533,9.00137,4.51761,5.00845
1977-05-09,121.5234,148.49651,132.60716,8.99492,4.51492,5.00537
1977-05-10,121.3708,148.32683,132.45338,8.97965,4.50779,4.99738
1977-05-11,121.0587,147.96222,132.12556,8.97881,4.5079,4.99742
1977-05-12,121.0137,147.92392,132.08911,8.97627,4.50716,4.9965
1977-05-13,121.246,148.22448,132.35525,8.97439,4.50674,4.99596
1977-05-16,120.8892,147.8051,131.97853,8.95115,4.49561,4.98353
1977-05-17,120.7463,147.64709,131.8352,8.9382,4.48964,4.97682
1977-05-18,121.5285,148.61997,132.70164,8.98257,4.51245,5.00201
1977-05-19,121.2476,148.29329,132.4077,NA,NA,NA
1977-05-20,120.8571,147.83251,131.99404,NA,NA,NA
1977-05-23,120.3092,147.17914,131.40844,8.90505,4.47511,4.96036
1977-05-24,120.667,147.63335,131.81173,8.94024,4.49331,4.98045
1977-05-25,120.822,147.83958,131.99363,8.93589,4.49166,4.97853
1977-05-26,120.3854,147.32215,131.52942,8.90754,4.47794,4.96324
1977-05-27,120.2429,147.16441,131.38636,8.8962,4.47278,4.95742
1977-05-30,119.9306,146.79887,131.05779,NA,NA,NA
1977-05-31,120.0337,146.94159,131.18297,8.87837,4.46487,4.94848
1977-06-01,119.9071,146.80321,131.05721,8.87529,4.46385,4.94727
1977-06-02,120.0325,146.97326,131.20679,8.87043,4.46194,4.94506
1977-06-03,120.251,147.2573,131.45813,8.89051,4.47256,4.95674
1977-06-06,120.5357,147.62246,131.78187,8.91234,4.48407,4.96941
1977-06-07,119.8858,146.84334,131.08413,8.8745,4.46556,4.94881
1977-06-08,119.8748,146.84643,131.08466,8.87133,4.46449,4.94754
1977-06-09,119.7317,146.68773,130.94077,8.85917,4.45891,4.94126
1977-06-10,119.4553,146.36572,130.65111,8.84185,4.45072,4.9321
1977-06-13,119.6376,146.60553,130.86296,8.85064,4.45567,4.93749
1977-06-14,120.0706,147.15254,131.34899,8.88503,4.4735,4.95717
1977-06-15,120.074,147.1733,131.36529,8.88607,4.47455,4.95824
1977-06-16,120.402,147.59182,131.73662,8.90876,4.4865,4.9714
1977-06-17,120.5531,147.79364,131.91452,8.92468,4.49504,4.98078
1977-06-20,120.2727,147.46662,131.6204,8.90945,4.48791,4.97278
1977-06-21,119.9488,147.0862,131.27864,8.88939,4.47834,4.96209
1977-06-22,120.2606,147.48504,131.63237,8.90382,4.48613,4.97063
1977-06-23,120.4279,147.70679,131.82805,8.91621,4.4929,4.97805
1977-06-24,120.8755,148.2723,132.33052,8.94855,4.50972,4.9966
1977-06-27,121.839,149.47061,133.39773,9.0103,4.54135,5.03156
1977-06-28,121.9302,149.59932,133.51033,9.02583,4.54971,5.04073
1977-06-29,121.901,149.58037,133.49115,8.9942,4.53431,5.02358
1977-06-30,122.3137,150.10352,133.95575,9.0159,4.54578,5.03619
1977-07-01,122.1202,149.88304,133.75672,9.00322,4.53993,5.02962
1977-07-04,122.5693,150.451,134.26129,9.00535,4.54154,5.03132
1977-07-05,122.902,150.87625,134.63849,8.99737,4.53805,5.02737
1977-07-06,122.3027,150.15772,133.99502,8.96764,4.5236,5.01126
1977-07-07,122.2973,150.16802,134.00194,8.94762,4.51404,5.00058
1977-07-08,122.7265,150.71184,134.48492,8.98374,4.53278,5.02126
1977-07-11,123.0868,151.17118,134.89252,8.96145,4.52208,5.00932
1977-07-12,122.1506,150.03867,133.8797,8.90104,4.49214,4.97606
1977-07-13,122.3712,150.32649,134.13424,8.9016,4.49295,4.97687
1977-07-14,122.076,149.98089,133.82359,8.88863,4.48694,4.97013
1977-07-15,122.1307,150.06498,133.89635,8.89572,4.49105,4.97458
1977-07-18,121.9076,149.80784,133.66464,8.86402,4.47558,4.95736
1977-07-19,121.4756,149.29398,133.2039,8.78979,4.43864,4.91636
1977-07-20,121.6049,149.46969,133.3584,8.78697,4.43775,4.91528
1977-07-21,121.3155,149.13091,133.05388,NA,NA,NA
1977-07-22,121.0252,148.79094,132.74831,NA,NA,NA
1977-07-25,121.1531,148.96493,132.90127,8.72942,4.41026,4.88458
1977-07-26,120.7559,148.49345,132.47839,8.69256,4.39216,4.86445
1977-07-27,120.6759,148.41184,132.40334,8.70329,4.3981,4.87094
1977-07-28,120.1309,147.75847,131.8182,8.67297,4.3833,4.85446
1977-07-29,120.0686,147.69852,131.76248,8.72347,4.40933,4.8832
1977-08-01,120.4286,148.1579,132.17006,8.78245,4.43965,4.91669
1977-08-02,121.2113,149.1373,133.0415,8.81492,4.45658,4.93535
1977-08-03,121.8769,149.97286,133.78462,8.83949,4.46952,4.94959
1977-08-04,122.1192,150.28786,134.06333,8.86937,4.48515,4.96682
1977-08-05,122.7826,151.12103,134.80427,8.92531,4.51395,4.99862
1977-08-08,122.7275,151.07026,134.7567,8.94698,4.52544,5.01126
1977-08-09,122.942,151.35127,135.00507,8.9775,4.5414,5.02884
1977-08-10,122.7537,151.13658,134.81127,8.97394,4.54013,5.02735
1977-08-11,123.526,152.10426,135.67212,9.02961,4.56882,5.05903
1977-08-12,123.3321,151.8827,135.4722,9.0447,4.57699,5.06799
1977-08-15,123.9266,152.63177,136.13803,NA,NA,NA
1977-08-16,123.8412,152.54383,136.05727,9.11643,4.61435,5.10918
1977-08-17,124.4683,153.33328,136.75908,9.12722,4.62036,5.11574
1977-08-18,124.5695,153.47521,136.88334,9.15956,4.63726,5.13437
1977-08-19,124.2911,153.14959,136.59061,9.11183,4.61366,5.10814
1977-08-22,123.845,152.61731,136.11357,9.05926,4.5876,5.07919
1977-08-23,124.0074,152.83459,136.30504,9.07512,4.59616,5.08859
1977-08-24,124.0686,152.92723,136.38535,9.05581,4.58693,5.07828
1977-08-25,124.3954,153.34719,136.75756,9.08442,4.60196,5.09482
1977-08-26,124.156,153.06943,136.50753,9.07566,4.59807,5.09042
1977-08-29,124.1876,153.12564,136.55534,9.08274,4.60219,5.0949
1977-08-30,124.3502,153.34335,136.74716,9.12657,4.62493,5.11999
1977-08-31,124.9622,154.11515,137.4331,9.15782,4.64131,5.13802
1977-09-01,125.1611,154.37777,137.66495,9.16757,4.6468,5.14401
1977-09-02,125.5926,154.92727,138.15262,9.19112,4.65928,5.15773
1977-09-05,126.6649,156.26717,139.34508,9.28749,4.70865,5.21229
1977-09-06,126.8668,156.53382,139.58048,9.30801,4.7196,5.22433
1977-09-07,127.4468,157.26692,140.2318,9.33254,4.73259,5.23861
1977-09-08,127.1907,156.96871,139.96351,9.31052,4.72199,5.22679
1977-09-09,126.1732,155.73097,138.85751,9.27095,4.70249,5.20511
1977-09-12,126.0935,155.65018,138.78312,9.27325,4.70421,5.20692
1977-09-13,126.5039,156.1742,139.24799,9.30097,4.71882,5.223
1977-09-14,127.2492,157.11169,140.0815,9.36978,4.75427,5.26214
1977-09-15,127.475,157.40813,140.34342,9.36825,4.75405,5.26181
1977-09-16,126.8982,156.7138,139.72199,9.32095,4.73062,5.23578
1977-09-19,125.9082,155.50914,138.64559,9.24742,4.69387,5.19502
1977-09-20,126.0178,155.662,138.77952,9.25872,4.70016,5.20188
1977-09-21,126.0402,155.70722,138.81747,9.25223,4.69742,5.19876
1977-09-22,125.2153,154.70594,137.92247,9.19087,4.66683,5.16482
1977-09-23,125.3567,154.89804,138.09138,9.21825,4.68128,5.18072
1977-09-26,126.3728,156.17076,139.22364,9.28725,4.71685,5.21999
1977-09-27,126.4205,156.2473,139.28951,9.29811,4.72292,5.22662
1977-09-28,126.869,156.8191,139.79688,9.32618,4.73773,5.24291
1977-09-29,127.3298,157.40622,140.31789,9.34116,4.74589,5.25185
1977-09-30,128.2655,158.58041,141.36221,9.37934,4.76584,5.27384
1977-10-03,129.2368,159.79886,142.44594,9.3855,4.76954,5.27783
1977-10-04,128.328,158.69342,141.45814,9.35363,4.75391,5.26045
1977-10-05,128.5413,158.97502,141.70675,9.379,4.76736,5.27523
1977-10-06,129.2884,159.9167,142.54373,9.39006,4.77354,5.28198
1977-10-07,129.3713,160.03725,142.64876,9.4018,4.78007,5.28911
1977-10-10,129.2109,159.85692,142.4856,9.38933,4.7743,5.28263
1977-10-11,128.7149,159.26144,141.95242,9.37529,4.76773,5.27527
1977-10-12,128.4927,159.00453,141.72102,9.35666,4.75882,5.26532
1977-10-13,128.8529,159.46808,142.13178,9.33734,4.74956,5.25498
1977-10-14,128.7993,159.41974,142.08628,9.31972,4.74116,5.24559
1977-10-17,128.9031,159.56616,142.21436,9.28944,4.72632,5.22908
1977-10-18,129.6865,160.55367,143.09206,9.36284,4.76421,5.27091
1977-10-19,130.1687,161.1686,143.63767,9.38712,4.77711,5.28509
1977-10-20,129.419,160.25874,142.82435,9.38894,4.77861,5.28665
1977-10-21,130.156,161.18921,143.65116,9.41544,4.79265,5.3021
1977-10-24,130.4559,161.5787,143.99583,9.39486,4.78275,5.29104
1977-10-25,130.2172,161.30134,143.74621,9.38414,4.77786,5.28554
1977-10-26,130.3435,161.47594,143.89936,9.3981,4.78553,5.29393
1977-10-27,131.1425,162.48375,144.79501,9.44756,4.81126,5.32231
1977-10-28,130.2371,161.38054,143.80946,9.39772,4.78646,5.29477
1977-10-31,131.0467,162.40169,144.71698,9.38646,4.78129,5.28896
1977-11-01,130.2559,161.44021,143.85776,NA,NA,NA
1977-11-02,129.7608,160.84493,143.32487,9.25944,4.71773,5.21847
1977-11-03,129.9969,161.15565,143.59931,9.30967,4.74387,5.24729
1977-11-04,129.3935,160.42596,142.94668,9.29992,4.73946,5.24232
1977-11-07,129.6289,160.73584,143.22036,9.31524,4.74782,5.25148
1977-11-08,129.6591,160.7914,143.26744,9.3415,4.76176,5.2668
1977-11-09,130.0796,161.33087,143.74567,9.33799,4.76054,5.26535
1977-11-10,129.8276,161.03659,143.48103,9.35042,4.76743,5.27289
1977-11-11,130.9582,162.45679,144.74395,NA,NA,NA
1977-11-14,131.1193,162.6749,144.93582,9.4094,4.79862,5.30719
1977-11-15,130.3114,161.69114,144.05689,9.35302,4.77045,5.27594
1977-11-16,130.0798,161.42207,143.81472,9.33159,4.76009,5.26439
1977-11-17,129.1024,160.22764,142.74815,9.27342,4.73098,5.2321
1977-11-18,129.6501,160.92528,143.36726,9.28881,4.73939,5.24131
1977-11-21,129.548,160.81673,143.26811,9.25611,4.72327,5.22339
1977-11-22,128.4998,159.53395,142.1229,9.19615,4.69324,5.19009
1977-11-23,129.1134,160.31354,142.81499,9.21875,4.70533,5.20336
1977-11-24,127.298,158.07802,140.82109,9.07827,4.63419,5.12461
1977-11-25,128.1054,159.09822,141.72752,9.11874,4.65538,5.14795
1977-11-28,129.0933,160.34277,142.83375,9.20395,4.69941,5.19655
1977-11-29,129.5332,160.9071,143.33403,9.23847,4.71758,5.21655
1977-11-30,129.5086,160.89469,143.32054,9.25408,4.72611,5.22589
1977-12-01,129.9633,161.47759,143.83733,9.25099,4.72509,5.22466
1977-12-02,130.8141,162.55265,144.79249,9.276,4.73841,5.23931
1977-12-05,130.7248,162.46003,144.70753,9.23208,4.71654,5.21503
1977-12-06,130.8518,162.63614,144.86194,9.16747,4.6841,5.17907
1977-12-07,129.9255,161.50344,143.85059,9.1478,4.67462,5.16849
1977-12-08,130.3123,162.00234,144.29251,9.1704,4.68671,5.18177
1977-12-09,129.8764,161.47883,143.82378,9.18147,4.69292,5.18854
1977-12-12,129.8314,161.4411,143.78773,9.15352,4.67919,5.17327
1977-12-13,129.9167,161.56534,143.89595,9.08672,4.64561,5.13605
1977-12-14,131.3665,163.3861,145.51511,9.07424,4.63978,5.12951
1977-12-15,130.3135,162.09516,144.36292,9.08862,4.64767,5.13815
1977-12-16,130.8775,162.81482,145.00139,9.11047,4.65939,5.15102
1977-12-19,131.3227,163.38688,145.50839,9.09375,4.6514,5.14209
1977-12-20,132.4676,164.8294,146.79057,9.08797,4.64899,5.13933
1977-12-21,132.1412,164.44194,146.44303,9.09843,4.65489,5.14576
1977-12-22,131.77,163.99865,146.04578,9.1879,4.70118,5.19685
1977-12-23,131.9528,164.24459,146.26232,9.15711,4.68599,5.17996
1977-12-26,131.9528,164.26311,146.27633,NA,NA,NA
1977-12-27,132.2953,164.7079,146.66991,9.19462,4.70628,5.20221
1977-12-28,134.1141,166.99033,148.69986,9.17607,4.69735,5.19225
1977-12-29,134.2501,167.17845,148.86485,9.14496,4.68199,5.17517
1977-12-30,133.8793,166.73566,148.46805,9.13235,4.67609,5.16856
1978-01-02,134.0545,166.9726,148.6765,9.09828,4.6592,5.1498
1978-01-03,135.5198,168.8161,150.31545,9.14428,4.68329,5.17634
1978-01-04,136.2391,169.73095,151.12747,9.10609,4.6643,5.15525
1978-01-05,133.4624,166.29151,148.06251,9.19167,4.70866,5.20419
1978-01-06,134.0796,167.07909,148.76123,9.2395,4.7337,5.23178
1978-01-09,134.2993,167.37163,149.01917,9.25541,4.74241,5.24131
1978-01-10,133.4194,166.29417,148.05734,9.17812,4.70338,5.19808
1978-01-11,134.6139,167.80138,149.39673,9.18546,4.70769,5.20276
1978-01-12,134.3601,167.50401,149.12943,9.12124,4.67534,5.16692
1978-01-13,134.1513,167.26264,148.91202,9.18689,4.70953,5.2046
1978-01-16,134.1506,167.28063,148.9255,9.16207,4.69737,5.19107
1978-01-17,133.8648,166.94319,148.62257,9.16727,4.70059,5.19454
1978-01-18,134.1112,167.26923,148.9103,9.21055,4.72332,5.21957
1978-01-19,134.9774,168.36819,149.88609,9.24043,4.7392,5.23702
1978-01-20,135.063,168.49392,149.99548,9.23419,4.73656,5.23401
1978-01-23,135.0962,168.55432,150.0467,9.22289,4.73132,5.22813
1978-01-24,135.249,168.76392,150.23074,9.18382,4.71184,5.20652
1978-01-25,135.3773,168.94301,150.3876,9.18731,4.71419,5.20902
1978-01-26,135.4029,168.99399,150.43043,9.19203,4.71717,5.21222
1978-01-27,135.02,168.53527,150.01955,9.1802,4.71166,5.20604
1978-01-30,134.9145,168.42261,149.91672,9.18423,4.71428,5.20884
1978-01-31,135.1484,168.73352,150.19092,9.18594,4.71572,5.21034
1978-02-01,135.029,168.60351,150.07265,9.18903,4.71786,5.21261
1978-02-02,134.6515,168.15127,149.66756,9.20004,4.72407,5.21938
1978-02-03,134.4882,167.96635,149.50043,9.19264,4.72083,5.2157
1978-02-06,134.7185,168.27284,149.77069,9.22498,4.73798,5.23456
1978-02-07,135.3244,169.04844,150.45846,9.26798,4.76062,5.25948
1978-02-08,135.7631,169.6154,150.9605,9.29194,4.77348,5.2736
1978-02-09,136.1674,170.13951,151.4244,9.3219,4.78943,5.29112
1978-02-10,136.0827,170.05289,151.34473,9.32145,4.78976,5.29139
1978-02-13,136.5877,170.70297,151.92072,9.31634,4.7877,5.28903
1978-02-14,136.1318,170.15258,151.42832,9.23102,4.74443,5.24114
1978-02-15,135.5469,169.44086,150.79236,9.20854,4.73344,5.2289
1978-02-16,136.483,170.62986,151.84791,9.2391,4.7497,5.24677
1978-02-17,136.5962,170.79058,151.98837,9.20428,4.73237,5.22753
1978-02-20,137.8428,172.36813,153.38963,9.22951,4.7459,5.24238
1978-02-21,136.9228,171.23739,152.38081,9.19073,4.72652,5.22089
1978-02-22,137.1426,171.53151,152.63996,9.1981,4.73087,5.2256
1978-02-23,137.3863,171.85559,152.92574,9.14621,4.70475,5.19665
1978-02-24,137.6744,172.23526,153.26099,9.13919,4.7017,5.19319
1978-02-27,136.6078,170.92063,152.0886,9.14902,4.70731,5.19929
1978-02-28,136.2512,170.49383,151.70626,9.09091,4.67798,5.1668
1978-03-01,137.7924,172.44112,153.43636,9.06426,4.66482,5.15218
1978-03-02,137.0247,171.50004,152.5964,9.04222,4.65403,5.14017
1978-03-03,137.559,172.18795,153.20588,9.11561,4.69233,5.18239
1978-03-06,136.8822,171.36038,152.46696,9.13009,4.70034,5.19114
1978-03-07,136.7597,171.22638,152.34514,9.13358,4.70269,5.19364
1978-03-08,138.08,172.89833,153.83012,9.15158,4.71251,5.20439
1978-03-09,137.2955,171.93573,152.97108,9.1811,4.72826,5.22169
1978-03-10,136.679,171.18324,152.29901,9.25986,4.76936,5.26699
1978-03-13,137.3524,172.04574,153.06376,9.33954,4.81093,5.31281
1978-03-14,138.8614,173.95483,154.75959,9.33509,4.80921,5.31082
1978-03-15,138.9389,174.07151,154.86076,9.3403,4.81246,5.31431
1978-03-16,140.0395,175.4697,156.102,9.33473,4.81016,5.31168
1978-03-17,140.9662,176.65036,157.14967,9.38453,4.83638,5.34053
1978-03-20,141.1329,176.87912,157.35051,9.40836,4.84922,5.35462
1978-03-21,141.3217,177.13563,157.57602,9.4579,4.87532,5.38334
1978-03-22,141.0505,176.81575,157.2888,9.43069,4.86187,5.3684
1978-03-23,141.2528,177.08922,157.52939,9.41411,4.8539,5.3595
1978-03-24,141.2528,177.10919,157.54448,NA,NA,NA
1978-03-27,141.9008,177.94145,158.28211,NA,NA,NA
1978-03-28,143.593,180.08299,160.18433,9.54345,4.92229,5.43473
1978-03-29,145.6416,182.67187,162.48439,9.66961,4.9879,5.50707
1978-03-30,145.4958,182.50964,162.33733,9.68531,4.99658,5.51656
1978-03-31,145.7182,182.80912,162.60095,9.67009,4.98932,5.50845
1978-04-03,146.9607,184.38812,164.00262,9.65901,4.9842,5.5027
1978-04-04,147.2328,184.75023,164.3219,9.71048,5.01133,5.53256
1978-04-05,147.636,185.27688,164.78752,9.80436,5.06034,5.58657
1978-04-06,148.1201,185.90515,165.3435,9.7883,5.05266,5.57799
1978-04-07,147.5529,185.21438,164.72634,9.77245,5.04507,5.56951
1978-04-10,147.1672,184.75123,164.31163,9.70922,5.01304,5.53405
1978-04-11,147.2456,184.87046,164.41488,9.71209,5.01511,5.53624
1978-04-12,147.0265,184.61628,164.18603,9.69917,5.00904,5.52944
1978-04-13,146.1486,183.53499,163.22164,9.66642,4.99272,5.51133
1978-04-14,145.7895,183.10483,162.83632,9.70872,5.01515,5.53599
1978-04-17,145.8267,183.17219,162.89345,9.7438,5.03385,5.55653
1978-04-18,145.1165,182.30096,162.11593,9.73915,5.03205,5.55444
1978-04-19,145.8446,183.23596,162.94464,9.75435,5.04049,5.56366
1978-04-20,144.9411,182.12174,161.95105,9.77131,5.04984,5.57389
1978-04-21,143.5653,180.41394,160.42967,9.72877,5.02846,5.55019
1978-04-24,142.7279,179.38218,159.5095,9.69954,5.01395,5.53408
1978-04-25,142.7456,179.42465,159.54455,9.68657,5.00785,5.52724
1978-04-26,143.1797,179.99039,160.04489,9.70657,5.01877,5.5392
1978-04-27,143.951,180.98005,160.92215,9.72967,5.0313,5.55293
1978-04-28,144.2001,181.31355,161.21595,NA,NA,NA
1978-05-01,144.3014,181.46134,161.34462,NA,NA,NA
1978-05-02,144.0727,181.19427,161.10442,9.75208,5.04468,5.5674
1978-05-03,144.1703,181.33742,161.22896,9.76422,5.05155,5.57488
1978-05-04,144.5623,181.8508,161.68267,NA,NA,NA
1978-05-05,145.9998,183.67916,163.30548,9.86256,5.10359,5.63212
1978-05-08,145.5057,183.07839,162.76859,9.88912,5.11793,5.64785
1978-05-09,144.1898,181.44371,161.31251,9.84531,5.09587,5.6234
1978-05-10,144.4692,181.81567,161.64046,9.84428,5.09594,5.62338
1978-05-11,144.8007,182.25327,162.02674,9.85803,5.10366,5.6318
1978-05-12,144.7127,182.16308,161.94381,9.9069,5.12955,5.66027
1978-05-15,144.8011,182.29487,162.05822,NA,NA,NA
1978-05-16,143.5272,180.71202,160.64837,9.87833,5.11597,5.64508
1978-05-17,142.8385,179.86547,159.89309,9.8569,5.10548,5.63341
1978-05-18,142.9147,179.98168,159.99367,9.83051,5.09242,5.6189
1978-05-19,142.7395,179.78138,159.81291,9.79669,5.07551,5.60014
1978-05-22,141.9028,178.74806,158.89166,9.80447,5.08014,5.60515
1978-05-23,142.47,179.48252,159.54182,9.81122,5.08424,5.60957
1978-05-24,143.0549,180.23943,160.21192,9.86532,5.11285,5.64104
1978-05-25,143.5941,180.93894,160.83097,9.8976,5.13018,5.66006
1978-05-26,143.5057,180.84798,160.74739,9.88092,5.12214,5.65109
1978-05-29,144.3751,181.96373,161.73639,9.89595,5.13054,5.66025
1978-05-30,145.0523,182.83756,162.51031,9.93178,5.14971,5.6813
1978-05-31,146.6786,184.90761,164.34744,10.00462,5.18806,5.72352
1978-06-01,147.1743,185.55321,164.91845,9.9798,5.17581,5.7099
1978-06-02,146.6557,184.92044,164.35326,9.939,5.15527,5.68714
1978-06-05,147.3052,185.76006,165.09669,9.97897,5.1766,5.71057
1978-06-06,146.9467,185.32902,164.7108,9.99111,5.18351,5.71809
1978-06-07,146.9907,185.40539,164.77588,9.9868,5.18188,5.71619
1978-06-08,147.3972,185.93891,165.24723,9.99411,5.18629,5.72095
1978-06-09,147.1305,185.62352,164.96413,10.00198,5.19099,5.72603
1978-06-12,148.3282,187.15513,166.32245,10.04501,5.21392,5.75123
1978-06-13,149.0794,188.12384,167.18049,10.08363,5.23457,5.7739
1978-06-14,149.2275,188.33189,167.36254,10.10837,5.24802,5.78864
1978-06-15,148.9145,187.95819,167.02762,10.12079,5.25509,5.79633
1978-06-16,148.7554,187.77862,166.86521,10.13139,5.26121,5.80298
1978-06-19,149.5765,188.83604,167.80201,10.14846,5.27069,5.81333
1978-06-20,150.2859,189.75271,168.61371,10.171,5.28301,5.82682
1978-06-21,150.057,189.48516,168.37311,10.13909,5.26707,5.80914
1978-06-22,149.6744,189.02351,167.96004,10.11569,5.25554,5.79632
1978-06-23,150.2238,189.73849,168.59249,10.15365,5.27587,5.81864
1978-06-26,150.8466,190.54631,169.3074,10.16943,5.28469,5.82826
1978-06-27,150.5505,190.19386,168.99136,10.15848,5.27963,5.82257
1978-06-28,151.7982,191.79117,170.40772,10.20642,5.30516,5.85062
1978-06-29,151.6058,191.56976,170.2081,10.21402,5.30973,5.85557
1978-06-30,152.8213,193.12689,171.58869,10.26531,5.337,5.88554
1978-07-03,153.8928,194.50244,172.8079,10.31408,5.36298,5.91408
1978-07-04,154.6826,195.52234,173.71109,10.28212,5.347,5.89635
1978-07-05,154.7057,195.57358,173.75366,10.29347,5.35353,5.90345
1978-07-06,155.0364,196.01359,174.14163,10.33274,5.37458,5.92656
1978-07-07,155.7505,196.93831,174.96019,10.41854,5.41981,5.97633
1978-07-10,158.3036,200.188,177.8442,10.47368,5.44912,6.00855
1978-07-11,157.8562,199.64493,177.35873,10.47309,5.44946,6.00881
1978-07-12,157.4161,199.11096,176.88136,10.49051,5.45916,6.0194
1978-07-13,158.1799,200.09928,177.75633,10.48791,5.45845,6.01851
1978-07-14,158.3516,200.33899,177.96625,10.52684,5.47935,6.04145
1978-07-17,158.3834,200.4018,178.01902,10.55834,5.49638,6.06012
1978-07-18,157.9208,199.83921,177.51625,10.54263,5.48886,6.05172
1978-07-19,158.169,200.17575,177.81217,10.54825,5.49243,6.05555
1978-07-20,158.4163,200.51122,178.10714,10.55044,5.49422,6.05741
1978-07-21,159.6401,202.08244,179.49976,NA,NA,NA
1978-07-24,161.5478,204.51953,181.66142,10.6261,5.53491,6.10206
1978-07-25,162.0157,205.13481,182.20483,10.69221,5.56997,6.14061
1978-07-26,162.2138,205.4087,182.44501,10.7256,5.58802,6.16039
1978-07-27,163.2234,206.70999,183.59771,10.82403,5.63992,6.21751
1978-07-28,164.3345,208.14008,184.86476,10.87184,5.66549,6.24559
1978-07-31,165.6293,209.80309,186.33864,10.89286,5.67711,6.25828
1978-08-01,168.0379,212.87699,189.06554,11.01747,5.74268,6.33046
1978-08-02,166.2548,210.64259,187.0779,10.95899,5.71289,6.29751
1978-08-03,167.4322,212.15772,188.42034,11.00624,5.73818,6.32527
1978-08-04,166.6316,211.16742,187.53765,10.92698,5.69755,6.28037
1978-08-07,166.8869,211.51468,187.84287,10.90097,5.68467,6.26606
1978-08-08,167.3031,212.0659,188.3292,10.85187,5.65974,6.23848
1978-08-09,168.7765,213.95697,190.00538,10.86987,5.66979,6.24945
1978-08-10,168.5139,213.64828,189.72801,10.87893,5.67519,6.25528
1978-08-11,170.1661,215.76658,191.6059,10.89476,5.68411,6.26501
1978-08-14,171.9593,218.06409,193.64285,NA,NA,NA
1978-08-15,171.4089,217.39087,193.04175,NA,NA,NA
1978-08-16,171.5437,217.5863,193.21201,10.87309,5.67482,6.25443
1978-08-17,169.6638,215.22689,191.11366,10.93544,5.70801,6.29091
1978-08-18,170.462,216.26346,192.03084,10.90536,5.69299,6.27424
1978-08-21,166.8276,211.67788,187.95591,10.91928,5.70093,6.28288
1978-08-22,168.9642,214.41209,190.38048,10.97153,5.72887,6.31356
1978-08-23,167.128,212.10668,188.33027,10.95523,5.72104,6.30482
1978-08-24,167.3636,212.42953,188.61372,10.91932,5.70297,6.28479
1978-08-25,167.3446,212.42937,188.61038,10.97029,5.73025,6.31474
1978-08-28,167.1909,212.25826,188.45525,10.94391,5.71716,6.3002
1978-08-29,166.007,210.7795,187.13915,10.90826,5.69921,6.28032
1978-08-30,168.9992,214.60155,190.5293,10.91953,5.70577,6.28743
1978-08-31,168.4929,213.98298,189.97688,10.89608,5.6942,6.27457
1978-09-01,168.6566,214.21495,190.1796,10.91004,5.70216,6.28323
1978-09-04,169.0151,214.69433,190.60196,10.85514,5.67415,6.25226
1978-09-05,170.3233,216.3799,192.09512,10.97287,5.73632,6.32065
1978-09-06,169.938,215.91492,191.67907,10.98443,5.74304,6.32795
1978-09-07,170.0285,216.05422,191.79948,11.01839,5.76147,6.34813
1978-09-08,170.3764,216.52055,192.21019,11.05464,5.78109,6.36965
1978-09-11,169.8428,215.867,191.62676,11.09318,5.80192,6.39248
1978-09-12,171.179,217.58921,193.15231,11.11103,5.81193,6.4034
1978-09-13,171.4723,217.98648,193.50167,11.12316,5.81896,6.41103
1978-09-14,172.665,219.52692,194.86578,11.11688,5.81637,6.40806
1978-09-15,172.1956,218.95501,194.35482,11.09093,5.80348,6.39375
1978-09-18,171.2304,217.75268,193.28429,11.08254,5.79978,6.38956
1978-09-19,171.3789,217.96604,193.47038,11.03238,5.77423,6.36129
1978-09-20,172.8659,219.88137,195.16716,11.06084,5.7898,6.37833
1978-09-21,173.0633,220.15719,195.40866,11.03379,5.77633,6.36338
1978-09-22,172.3448,219.26821,194.6163,11.0444,5.78256,6.37013
1978-09-25,172.695,219.73837,195.03029,11.03977,5.78082,6.3681
1978-09-26,174.0666,221.50796,196.59756,11.04053,5.7819,6.36918
1978-09-27,173.1457,220.36131,195.57654,11.01134,5.76731,6.35299
1978-09-28,172.934,220.11679,195.35621,11.01547,5.77015,6.35601
1978-09-29,173.0077,220.23539,195.45815,10.98753,5.7562,6.34053
1978-10-02,173.2147,220.52367,195.71067,10.98483,5.75547,6.33961
1978-10-03,173.6098,221.05142,196.17571,10.98822,5.75793,6.34221
1978-10-04,175.8296,223.90205,198.70218,10.99312,5.76117,6.34567
1978-10-05,174.7127,222.50536,197.45932,10.92329,5.72527,6.30601
1978-10-06,173.9147,221.51438,196.57656,10.92321,5.7259,6.3066
1978-10-09,173.7091,221.27755,196.36305,10.8874,5.70782,6.28656
1978-10-10,173.8952,221.5395,196.59217,10.89417,5.71204,6.2911
1978-10-11,175.307,223.36265,198.20666,10.90259,5.71713,6.29659
1978-10-12,175.136,223.17001,198.03235,10.82116,5.67511,6.25021
1978-10-13,175.2317,223.31709,198.1595,10.81828,5.67428,6.24918
1978-10-16,175.2769,223.39986,198.22957,10.88534,5.7101,6.28852
1978-10-17,177.6038,226.39009,200.87949,10.89717,5.71698,6.29598
1978-10-18,178.0243,226.95149,201.37421,10.87829,5.70775,6.28571
1978-10-19,177.4985,226.30693,200.79888,10.91954,5.73006,6.31017
1978-10-20,178.7001,227.86409,202.17709,10.87352,5.7066,6.28422
1978-10-23,178.6741,227.85663,202.16704,10.79188,5.66444,6.23768
1978-10-24,177.1405,225.92701,200.45158,10.75048,5.64338,6.21438
1978-10-25,179.4584,228.90805,203.09302,10.7239,5.6301,6.19965
1978-10-26,180.1407,229.80395,203.88443,10.64229,5.58794,6.15311
1978-10-27,180.8309,230.71013,204.68493,10.64698,5.59106,6.15644
1978-10-30,182.5353,232.91015,206.63326,10.55132,5.5415,6.10175
1978-10-31,182.4169,232.78537,206.51905,10.55614,5.54468,6.10516
1978-11-01,181.7037,231.9017,205.7316,NA,NA,NA
1978-11-02,172.1036,219.67779,194.88396,10.62594,5.58264,6.14674
1978-11-03,171.1367,218.46866,193.80801,10.69013,5.617,6.18446
1978-11-06,169.8547,216.8571,192.37509,10.69954,5.62261,6.19052
1978-11-07,170.1965,217.31783,192.78053,10.67685,5.61135,6.17802
1978-11-08,171.139,218.54548,193.86628,10.6331,5.58904,6.15334
1978-11-09,170.384,217.6062,193.02979,10.61853,5.58204,6.14553
1978-11-10,170.177,217.36643,192.81382,10.65006,5.59927,6.16439
1978-11-13,170.2048,217.42644,192.86378,10.64304,5.59624,6.16094
1978-11-14,170.5225,217.8567,193.24215,10.66849,5.61028,6.17629
1978-11-15,168.8404,215.73271,191.3549,10.6045,5.5773,6.13987
1978-11-16,167.2765,213.75924,189.60121,10.55621,5.55257,6.11254
1978-11-17,165.8386,211.94628,187.98996,10.53863,5.54398,6.10298
1978-11-20,163.7599,209.31412,185.65217,10.52651,5.53827,6.09658
1978-11-21,165.4364,211.48007,187.57008,10.58708,5.57077,6.13225
1978-11-22,165.6435,211.76859,187.82279,10.59142,5.57371,6.13538
1978-11-23,166.2702,212.59348,188.5512,10.57811,5.56737,6.12829
1978-11-24,165.9136,212.16161,188.16498,10.58683,5.57262,6.13395
1978-11-27,164.9396,210.94031,187.07864,10.57228,5.56561,6.12614
1978-11-28,165.0868,211.1523,187.26347,10.57604,5.56825,6.12893
1978-11-29,164.9887,211.05066,187.17015,10.54633,5.55327,6.11234
1978-11-30,164.9456,211.01934,187.13919,10.51945,5.53978,6.09738
1978-12-01,164.0312,209.87358,186.11994,10.54233,5.55248,6.11125
1978-12-04,166.8751,213.53506,189.36379,10.67588,5.62343,6.18923
1978-12-05,167.05,213.78289,189.58035,10.69771,5.63559,6.2025
1978-12-06,168.4138,215.55189,191.14584,10.73,5.65325,6.22184
1978-12-07,167.5534,214.47523,190.18785,10.66218,5.6182,6.18315
1978-12-08,168.5805,215.81382,191.37161,10.72999,5.65458,6.22307
1978-12-11,169.8825,217.50455,192.86758,10.73849,5.65972,6.22863
1978-12-12,169.5,217.03946,192.4519,10.70946,5.6451,6.21242
1978-12-13,168.8811,216.27163,191.7678,10.70594,5.64391,6.211
1978-12-14,169.1715,216.66782,192.11584,10.70002,5.64146,6.20819
1978-12-15,168.9694,216.43347,191.90478,10.64377,5.61248,6.17619
1978-12-18,170.0798,217.87984,193.18396,10.51263,5.544,6.10073
1978-12-19,171.1342,219.25481,194.39978,10.4741,5.52435,6.079
1978-12-20,171.4329,219.66213,194.75762,10.48011,5.52817,6.08309
1978-12-21,169.283,216.93277,192.33444,10.50296,5.54087,6.09696
1978-12-22,170.4665,218.47349,193.69717,10.5451,5.56374,6.12202
1978-12-25,170.4665,218.49812,193.71572,NA,NA,NA
1978-12-26,170.4665,218.52275,193.73427,NA,NA,NA
1978-12-27,172.1053,220.64768,195.61483,10.50663,5.54542,6.10154
1978-12-28,173.2895,222.19039,196.97917,10.51219,5.54901,6.10538
1978-12-29,172.5904,221.31927,196.20356,10.47585,5.53049,6.0849
1979-01-01,172.5904,221.34422,196.22235,NA,NA,NA
1979-01-02,173.8928,223.03908,197.72149,NA,NA,NA
1979-01-03,172.4631,221.23087,196.11521,10.58331,5.58917,6.14912
1979-01-04,172.6251,221.46357,196.31816,10.6346,5.6169,6.17952
1979-01-05,174.1694,223.46927,198.09276,10.70215,5.65322,6.21937
1979-01-08,175.1121,224.70371,199.18364,10.72384,5.66534,6.2326
1979-01-09,174.8625,224.40883,198.91887,10.7062,5.65669,6.22298
1979-01-10,174.6125,224.11337,198.6536,10.77369,5.693,6.26281
1979-01-11,174.3247,223.76934,198.34528,10.73377,5.67258,6.24024
1979-01-12,173.5841,222.84413,197.52184,10.76263,5.6885,6.25764
1979-01-15,173.9616,223.35376,197.9702,10.79164,5.70449,6.27512
1979-01-16,174.276,223.78251,198.34686,10.75769,5.68723,6.25602
1979-01-17,174.8038,224.48531,198.9664,10.69165,5.653,6.21826
1979-01-18,174.889,224.62001,199.0824,10.72667,5.67217,6.23924
1979-01-19,174.5623,224.22584,198.72966,10.69643,5.65686,6.22229
1979-01-22,173.9069,223.40945,198.00274,10.67582,5.64664,6.21093
1979-01-23,173.8191,223.32187,197.92176,10.69005,5.65482,6.21982
1979-01-24,173.6392,223.11597,197.73592,10.69392,5.65754,6.2227
1979-01-25,172.9738,222.28632,196.99731,10.69625,5.65944,6.22468
1979-01-26,173.52,223.01313,197.63807,10.70076,5.66249,6.22793
1979-01-29,172.8146,222.13188,196.85375,10.71254,5.66939,6.2354
1979-01-30,173.1399,222.57496,197.24306,10.70811,5.66772,6.23345
1979-01-31,173.1092,222.5606,197.22698,10.71809,5.67367,6.23989
1979-02-01,171.9143,221.0498,195.88483,10.72668,5.67889,6.24551
1979-02-02,171.4925,220.53249,195.42309,10.75331,5.69365,6.26163
1979-02-05,171.7928,220.94343,195.78392,10.69119,5.66144,6.2261
1979-02-06,171.6956,220.84336,195.69193,10.64002,5.63502,6.19694
1979-02-07,172.9783,222.51774,197.17226,10.63755,5.63438,6.19613
1979-02-08,172.7751,222.28149,196.95958,10.60868,5.61976,6.17994
1979-02-09,171.4443,220.59481,195.46173,10.55486,5.59193,6.14922
1979-02-12,170.5612,219.48367,194.47388,10.49585,5.56134,6.11547
1979-02-13,170.1882,219.02854,194.06732,10.57088,5.60173,6.15978
1979-02-14,170.8206,219.86693,194.80685,10.57248,5.60323,6.16133
1979-02-15,169.9864,218.81825,193.8744,10.51152,5.5716,6.12643
1979-02-16,170.5919,219.62217,194.58338,10.54039,5.58755,6.14386
1979-02-19,170.8668,220.00076,194.9155,10.56128,5.59928,6.15665
1979-02-20,170.9844,220.17694,195.06828,10.58419,5.61208,6.17062
1979-02-21,170.7386,219.88532,194.80661,10.55647,5.59805,6.15508
1979-02-22,170.9176,220.14058,195.02944,10.54805,5.59425,6.15079
1979-02-23,171.2306,220.56845,195.40518,10.56814,5.60557,6.16312
1979-02-26,171.4949,220.93369,195.72543,10.55331,5.59836,6.1551
1979-02-27,172.1109,221.75199,196.44703,10.592,5.61954,6.17827
1979-02-28,171.8021,221.37922,196.11347,10.58545,5.61673,6.17507
1979-03-01,170.0148,219.10163,194.09252,10.50784,5.57622,6.13043
1979-03-02,170.3715,219.58591,194.51822,10.53767,5.5927,6.14844
1979-03-05,171.5005,221.06544,195.82553,10.60828,5.63082,6.19023
1979-03-06,172.0225,221.76306,196.44017,10.63428,5.64528,6.20602
1979-03-07,172.7326,222.70327,197.26966,10.66872,5.66422,6.22673
1979-03-08,174.1085,224.50189,198.8595,10.72598,5.69527,6.26076
1979-03-09,175.0444,225.7337,199.94721,10.78999,5.72991,6.29873
1979-03-12,174.996,225.69675,199.91109,10.79815,5.73492,6.30412
1979-03-13,173.3648,223.61886,198.06724,10.71884,5.69349,6.25847
1979-03-14,173.2138,223.44935,197.91374,10.71188,5.69047,6.25503
1979-03-15,173.186,223.43869,197.90093,10.69514,5.68225,6.24589
1979-03-16,173.3368,223.65839,198.09216,10.72821,5.70048,6.26582
1979-03-19,173.1076,223.38794,197.84926,10.72752,5.70079,6.26605
1979-03-20,173.1815,223.50846,197.95265,10.71068,5.69251,6.25684
1979-03-21,173.1033,223.43276,197.88224,10.72885,5.70284,6.26808
1979-03-22,173.535,224.01504,198.39456,10.73333,5.7059,6.27133
1979-03-23,175.0791,226.03308,200.1784,10.84006,5.76327,6.33428
1979-03-26,175.0146,225.97531,200.12384,10.80807,5.74695,6.31623
1979-03-27,175.507,226.63641,200.70591,10.84809,5.7689,6.34024
1979-03-28,175.8737,227.13538,201.14437,10.85391,5.77267,6.34428
1979-03-29,175.9084,227.20579,201.20331,10.87933,5.78687,6.35976
1979-03-30,175.0888,226.17304,200.28535,10.82544,5.7589,6.32891
1979-04-02,173.2456,223.81809,198.19659,10.76878,5.72945,6.29644
1979-04-03,171.2389,221.25142,195.92041,10.66704,5.67601,6.23759
1979-04-04,171.233,221.26874,195.93242,10.65081,5.66805,6.22873
1979-04-05,171.8388,222.07632,196.64419,10.69087,5.69003,6.25278
1979-04-06,171.8789,222.15317,196.7089,10.69655,5.69372,6.25672
1979-04-09,171.9571,222.27926,196.81721,10.76308,5.72978,6.29624
1979-04-10,172.2756,222.71593,197.20051,10.74442,5.72053,6.28597
1979-04-11,173.606,224.46055,198.74188,10.84842,5.77655,6.34741
1979-04-12,173.3327,224.13258,198.44812,10.8435,5.77461,6.34517
1979-04-13,173.3327,224.15785,198.46713,NA,NA,NA
1979-04-16,173.3845,224.2501,198.54543,NA,NA,NA
1979-04-17,172.2579,222.81861,197.27467,10.82077,5.76455,6.33378
1979-04-18,172.1033,222.6438,197.11655,10.77223,5.73938,6.30601
1979-04-19,172.8383,223.61951,197.97704,10.76426,5.73582,6.30199
1979-04-20,172.5538,223.27672,197.6702,10.81823,5.76524,6.3342
1979-04-23,172.7451,223.54937,197.90822,10.8416,5.77837,6.34851
1979-04-24,174.0966,225.32313,199.47514,10.90107,5.81073,6.38395
1979-04-25,173.9739,225.18976,199.35369,10.8942,5.80776,6.38057
1979-04-26,173.5531,224.6706,198.89071,10.87599,5.79874,6.37056
1979-04-27,173.8534,225.08459,199.25381,10.89645,5.81032,6.38317
1979-04-30,173.8628,225.12213,199.28366,10.91995,5.82354,6.39757
1979-05-01,173.4846,224.65793,198.86936,NA,NA,NA
1979-05-02,173.4519,224.64092,198.85093,10.88596,5.8068,6.37895
1979-05-03,174.3789,225.86653,199.93244,10.94579,5.83937,6.41463
1979-05-04,175.8153,227.75206,201.59805,11.03843,5.88946,6.46954
1979-05-07,177.373,229.7951,203.40302,11.12037,5.93385,6.51818
1979-05-08,176.8497,229.14321,202.82255,11.09006,5.91838,6.50108
1979-05-09,176.4187,228.61073,202.3478,11.07466,5.91086,6.4927
1979-05-10,176.2971,228.47897,202.22774,11.092,5.92081,6.50352
1979-05-11,175.4385,227.39225,201.26247,11.04629,5.89712,6.47738
1979-05-14,175.421,227.39521,201.26167,11.05017,5.89989,6.48031
1979-05-15,175.0388,226.92552,200.84255,11.05023,5.90062,6.48099
1979-05-16,175.5534,227.61809,201.45209,11.08272,5.91866,6.50069
1979-05-17,173.9635,225.58279,199.64737,10.99231,5.87108,6.44832
1979-05-18,171.6157,222.56443,196.9727,10.92235,5.83443,6.40795
1979-05-21,170.0733,220.58967,195.2217,10.84068,5.7915,6.36069
1979-05-22,170.0021,220.52221,195.15869,10.81471,5.77832,6.3461
1979-05-23,170.0971,220.67028,195.2864,10.83147,5.78795,6.35656
1979-05-24,169.919,220.46416,195.10068,NA,NA,NA
1979-05-25,170.0724,220.688,195.29545,10.80193,5.77354,6.34051
1979-05-28,170.014,220.63712,195.24711,10.81712,5.78234,6.35006
1979-05-29,169.7687,220.34373,194.98417,10.81467,5.78171,6.34926
1979-05-30,169.589,220.13539,194.79651,10.79008,5.76925,6.33547
1979-05-31,169.7068,220.31308,194.95043,10.7477,5.74728,6.31123
1979-06-01,168.6336,218.94501,193.73657,10.70648,5.72593,6.28767
1979-06-04,168.5839,218.90519,193.69804,NA,NA,NA
1979-06-05,168.5467,218.88157,193.67386,10.66373,5.70443,6.26383
1979-06-06,168.9066,219.37352,194.10585,10.71893,5.73462,6.29687
1979-06-07,168.2738,218.57657,193.39741,10.67959,5.71425,6.2744
1979-06-08,167.8477,218.04787,192.92634,10.64285,5.69528,6.25345
1979-06-11,166.9445,216.89939,191.90692,10.58558,5.66532,6.22044
1979-06-12,167.5518,217.71268,192.62322,10.63215,5.6909,6.24842
1979-06-13,167.1044,217.15602,192.12745,10.56608,5.65622,6.21023
1979-06-14,166.5238,216.42617,191.47848,10.51903,5.63171,6.18321
1979-06-15,167.5975,217.8457,192.73109,10.52407,5.63507,6.18679
1979-06-18,168.3789,218.88569,193.6479,10.55728,5.65351,6.20693
1979-06-19,168.9593,219.66468,194.33378,10.5266,5.63775,6.18952
1979-06-20,170.0146,221.06112,195.56586,10.51248,5.63086,6.18185
1979-06-21,169.8385,220.85712,195.38207,10.4745,5.61119,6.16014
1979-06-22,171.1679,222.61035,196.92973,10.53396,5.64369,6.19571
1979-06-25,171.7732,223.42247,197.64481,10.49708,5.6246,6.17465
1979-06-26,171.9707,223.70449,197.89092,10.59584,5.67815,6.23333
1979-06-27,172.3545,224.22885,198.35141,10.56424,5.6619,6.21537
1979-06-28,172.6347,224.61857,198.69278,10.56053,5.66058,6.21381
1979-06-29,172.1739,224.04448,198.18159,10.54545,5.65317,6.20557
1979-07-02,172.7787,224.85656,198.89655,10.53314,5.64724,6.19895
1979-07-03,173.1627,225.38153,199.35753,10.57581,5.67077,6.22467
1979-07-04,174.2555,226.82894,200.6344,10.57999,5.67368,6.22776
1979-07-05,174.5538,227.24272,200.99699,10.54987,5.65821,6.21066
1979-07-06,173.9541,226.48781,200.32586,10.54257,5.65496,6.20698
1979-07-09,172.6311,224.79119,198.82184,10.52261,5.64493,6.19586
1979-07-10,172.3419,224.44004,198.50789,10.48588,5.6259,6.17486
1979-07-11,172.7364,224.97898,198.98118,10.44003,5.60197,6.14849
1979-07-12,172.0095,224.05782,198.1631,10.41038,5.58674,6.13166
1979-07-13,170.6927,222.36821,196.66543,10.34791,5.55388,6.09549
1979-07-16,172.5252,224.77998,198.79505,10.39797,5.58139,6.12557
1979-07-17,173.7469,226.39667,200.22145,10.41533,5.59136,6.13641
1979-07-18,174.8321,227.83589,201.49086,10.41101,5.5897,6.13448
1979-07-19,174.938,227.99955,201.63217,10.4188,5.59454,6.13969
1979-07-20,174.4922,227.44438,201.13778,10.43608,5.60448,6.15048
1979-07-23,174.8598,227.94906,201.58067,10.44089,5.60773,6.15394
1979-07-24,175.8222,229.22905,202.70915,10.45954,5.6184,6.16554
1979-07-25,175.2913,228.56289,202.11663,10.46815,5.62369,6.17123
1979-07-26,175.4658,228.81614,202.33714,10.50256,5.64283,6.19213
1979-07-27,175.6885,229.13228,202.61325,10.51364,5.64944,6.19928
1979-07-30,174.5903,227.72617,201.36647,10.47339,5.62849,6.17618
1979-07-31,173.6118,226.47583,200.25746,10.50052,5.64373,6.19279
1979-08-01,174.0626,227.08929,200.79649,10.50804,5.64843,6.19784
1979-08-02,174.7548,228.01775,201.61403,10.524,5.65768,6.20788
1979-08-03,175.1791,228.59695,202.12272,10.5701,5.68312,6.23567
1979-08-06,175.6786,229.27438,202.71826,10.60253,5.70122,6.25542
1979-08-07,175.4103,228.95016,202.42815,10.60317,5.70223,6.25643
1979-08-08,175.7808,229.45944,202.87499,10.64248,5.72403,6.28024
1979-08-09,175.7321,229.42176,202.83823,10.60576,5.70497,6.25921
1979-08-10,176.9293,231.01021,204.23916,10.6404,5.72427,6.28027
1979-08-13,177.6101,231.92494,205.0444,10.69288,5.75316,6.31186
1979-08-14,176.9347,231.06935,204.28451,10.72554,5.7714,6.33176
1979-08-15,177.3191,231.59729,204.74778,10.71004,5.76375,6.32325
1979-08-16,177.6737,232.08644,205.17673,10.75475,5.78848,6.35027
1979-08-17,177.1497,231.42829,204.59142,10.73079,5.77627,6.33677
1979-08-20,176.453,230.54442,203.80658,10.69634,5.75841,6.31707
1979-08-21,176.1,230.10931,203.41848,10.67107,5.7455,6.30279
1979-08-22,175.7825,229.72048,203.0713,10.64489,5.73209,6.28796
1979-08-23,175.5973,229.50441,202.87685,10.61984,5.71928,6.2738
1979-08-24,175.6591,229.61103,202.96766,10.62051,5.72032,6.27483
1979-08-27,175.6571,229.63431,202.98479,10.62423,5.723,6.27765
1979-08-28,176.123,230.26912,203.54247,10.64933,5.73718,6.29311
1979-08-29,175.9942,230.12672,203.41314,10.63616,5.73077,6.28596
1979-08-30,177.0299,231.5066,204.62937,10.66332,5.74607,6.30263
1979-08-31,177.216,231.77601,204.86403,10.69532,5.76399,6.32217
1979-09-03,176.7057,231.13489,204.29388,10.65453,5.7427,6.2987
1979-09-04,176.9564,231.48879,204.60321,10.67503,5.75442,6.31145
1979-09-05,177.1564,231.77646,204.85399,10.66786,5.75124,6.30785
1979-09-06,177.835,232.69021,205.6581,10.66727,5.7516,6.30813
1979-09-07,178.0637,233.01561,205.94221,10.67563,5.75678,6.3137
1979-09-10,178.7814,233.98085,206.79178,10.68649,5.76332,6.32076
1979-09-11,178.565,233.72408,206.56134,10.70952,5.77641,6.33501
1979-09-12,178.0874,233.12545,206.02878,10.69468,5.76909,6.32687
1979-09-13,177.7189,232.66946,205.6223,10.67714,5.76032,6.31714
1979-09-14,176.9593,231.70145,204.76335,10.67443,5.75954,6.31617
1979-09-17,176.2861,230.84632,204.00418,10.64918,5.7466,6.30187
1979-09-18,176.8101,231.55836,204.62995,10.66159,5.75397,6.30984
1979-09-19,176.5503,231.24431,204.34894,10.64056,5.74331,6.29803
1979-09-20,177.9716,233.13153,206.01317,10.57913,5.71084,6.26232
1979-09-21,179.4754,235.12723,207.77319,10.64282,5.74587,6.30062
1979-09-24,179.5276,235.2221,207.8535,10.6331,5.74131,6.29551
1979-09-25,180.3587,236.33729,208.83539,10.70658,5.78164,6.33962
1979-09-26,181.3269,237.63234,209.97617,10.75566,5.80881,6.3693
1979-09-27,183.9279,241.06696,213.00745,10.7687,5.81654,6.37766
1979-09-28,184.3905,241.70031,213.56345,10.79428,5.83103,6.39344
1979-10-01,184.2375,241.52705,213.40674,10.75897,5.81266,6.37318
1979-10-02,183.7978,240.97799,212.91799,10.77843,5.82385,6.38534
1979-10-03,184.429,241.83253,213.6694,10.85578,5.8663,6.43178
1979-10-04,185.139,242.79056,214.51221,10.97555,5.93168,6.50335
1979-10-05,184.8049,242.3799,214.14575,10.92633,5.90579,6.47484
1979-10-08,183.2393,240.35433,212.35253,11.01988,5.95702,6.5309
1979-10-09,181.5648,238.18548,210.43279,10.99665,5.94517,6.51779
1979-10-10,180.5083,236.82669,209.22876,10.79975,5.83944,6.40176
1979-10-11,178.7122,234.49743,207.16743,10.68388,5.77749,6.33374
1979-10-12,178.1271,233.75631,206.50917,10.71706,5.79611,6.35403
1979-10-15,177.3634,232.78069,205.64378,10.67418,5.77361,6.32926
1979-10-16,175.8972,230.88305,203.9639,10.60119,5.73483,6.28663
1979-10-17,175.5538,230.45844,203.58534,10.57136,5.71937,6.26958
1979-10-18,175.5218,230.44242,203.56774,10.58696,5.72849,6.27945
1979-10-19,176.2597,231.43696,204.44282,10.62075,5.74743,6.30011
1979-10-22,174.2339,228.80367,202.11324,10.50322,5.68453,6.23105
1979-10-23,171.9152,225.78521,199.44352,10.41975,5.64004,6.18217
1979-10-24,170.0464,223.35682,197.29509,10.29083,5.57094,6.10632
1979-10-25,169.7187,222.95167,196.93387,10.26803,5.55925,6.09341
1979-10-26,168.5426,221.43216,195.58837,10.21756,5.5326,6.06408
1979-10-29,169.1598,222.26781,196.32316,10.29152,5.57328,6.10856
1979-10-30,168.3964,221.29003,195.45619,10.25701,5.55525,6.0887
1979-10-31,169.0921,222.22898,196.28219,10.27918,5.56791,6.10246
1979-11-01,168.686,221.72045,195.82971,10.23515,5.54473,6.07695
1979-11-02,169.4869,222.79789,196.77799,10.28897,5.57452,6.10949
1979-11-05,168.1499,221.06586,195.24493,10.16797,5.50964,6.03827
1979-11-06,167.3101,219.98696,194.28875,10.12816,5.48873,6.01525
1979-11-07,165.3128,217.3862,191.98854,9.96113,5.39887,5.91667
1979-11-08,165.257,217.33735,191.94214,9.97429,5.40664,5.92508
1979-11-09,165.5119,217.697,192.25651,10.01424,5.42892,5.94939
1979-11-12,163.9945,215.72616,190.51275,9.93176,5.38486,5.901
1979-11-13,165.3153,217.48751,192.06497,10.0009,5.42296,5.94265
1979-11-14,165.7102,218.03143,192.54205,9.99155,5.41853,5.93769
1979-11-15,164.852,216.9271,191.56357,9.89559,5.36715,5.88128
1979-11-16,165.5978,217.93271,192.44834,9.92967,5.38626,5.90211
1979-11-19,167.2158,220.08612,194.34663,9.92427,5.38396,5.8995
1979-11-20,166.4869,219.15179,193.51829,9.91124,5.37753,5.89235
1979-11-21,166.3327,218.97357,193.35763,9.83349,5.336,5.84673
1979-11-22,166.4134,219.10447,193.46993,9.85776,5.34979,5.86174
1979-11-23,165.7131,218.20735,192.6745,9.83508,5.33812,5.84885
1979-11-26,165.9967,218.6053,193.02261,9.83238,5.33729,5.84783
1979-11-27,168.7707,222.28222,196.26589,9.9341,5.3931,5.90888
1979-11-28,168.4792,221.92344,195.94578,9.93232,5.39277,5.90842
1979-11-29,169.8049,223.69427,197.50597,9.99076,5.42512,5.94376
1979-11-30,170.5919,224.75601,198.44004,9.98371,5.42193,5.94016
1979-12-03,171.6053,226.11619,199.63757,9.92981,5.39331,5.9087
1979-12-04,171.8316,226.43979,199.91989,10.04572,5.45687,5.97822
1979-12-05,171.0494,225.43478,199.0292,10.06823,5.46973,5.99221
1979-12-06,171.2382,225.70896,199.26788,10.04895,5.45991,5.98134
1979-12-07,171.1958,225.67854,199.23764,10.13819,5.50901,6.03503
1979-12-10,172.7886,227.80318,201.10994,10.20362,5.5452,6.07457
1979-12-11,174.1669,229.64556,202.733,10.23086,5.56064,6.09138
1979-12-12,174.5623,230.19268,203.21254,10.19966,5.54435,6.07343
1979-12-13,172.8988,228.02549,201.29595,10.11023,5.49641,6.0208
1979-12-14,172.8379,227.9709,201.24434,10.13287,5.50936,6.03488
1979-12-17,173.3202,228.6326,201.82503,10.13416,5.51071,6.03626
1979-12-18,173.4835,228.87374,202.03447,10.10769,5.49697,6.0211
1979-12-19,173.3666,228.74535,201.91771,10.1199,5.50426,6.02898
1979-12-20,174.0659,229.6936,202.7513,10.16002,5.52672,6.05347
1979-12-21,174.0095,229.64509,202.70504,10.19727,5.54763,6.07626
1979-12-24,173.8715,229.4889,202.56374,NA,NA,NA
1979-12-25,173.8715,229.51477,202.58313,NA,NA,NA
1979-12-26,174.0538,229.78123,202.81488,NA,NA,NA
1979-12-27,174.6109,230.54243,203.48329,10.12122,5.50888,6.03339
1979-12-28,175.7281,232.04313,204.80438,10.17893,5.54092,6.06838
1979-12-31,175.7234,232.06309,204.81851,10.21046,5.55873,6.08778
1980-01-01,175.7234,232.08925,204.83813,NA,NA,NA
1980-01-02,175.3074,231.56611,204.37294,10.12652,5.51436,6.03896
1980-01-03,175.2297,231.48961,204.30195,10.07958,5.48946,6.01159
1980-01-04,175.1679,231.43408,204.24948,10.11776,5.51089,6.03495
1980-01-07,176.8023,233.61904,206.17429,10.19106,5.55144,6.07925
1980-01-08,177.1109,234.05306,206.55381,10.23988,5.57868,6.10897
1980-01-09,178.2292,235.55693,207.87746,10.26482,5.59291,6.12446
1980-01-10,178.6936,236.19711,208.43888,10.30789,5.61703,6.15075
1980-01-11,179.4391,237.20891,209.32821,10.36804,5.65045,6.18725
1980-01-14,180.1549,238.18168,210.18307,10.4015,5.66935,6.20782
1980-01-15,180.1979,238.26537,210.25335,10.39466,5.66629,6.20437
1980-01-16,180.1063,238.17114,210.16664,10.45134,5.69784,6.2388
1980-01-17,180.1054,238.1968,210.18571,10.43031,5.68705,6.22688
1980-01-18,179.9795,238.05719,210.05895,10.40717,5.67511,6.2137
1980-01-21,180.2564,238.45019,210.40216,10.43545,5.69119,6.23119
1980-01-22,180.0437,238.19578,210.1741,10.45641,5.70329,6.24433
1980-01-23,180.7942,239.2153,211.0701,10.49708,5.72614,6.26923
1980-01-24,181.7438,240.49841,212.19864,10.54198,5.75129,6.29666
1980-01-25,182.591,241.64634,213.20788,10.60362,5.78558,6.33409
1980-01-28,182.1302,241.06389,212.69036,10.59893,5.7837,6.33193
1980-01-29,183.3096,242.65173,214.08767,10.68093,5.82911,6.38152
1980-01-30,183.5554,243.00438,214.39517,10.67815,5.82828,6.3805
1980-01-31,183.5776,243.06116,214.44162,10.70176,5.84185,6.39525
1980-02-01,182.7124,241.94328,213.45174,10.67736,5.82923,6.38131
1980-02-04,183.1148,242.50328,213.94216,10.70686,5.84601,6.39958
1980-02-05,183.3706,242.8693,214.26144,10.69342,5.83937,6.39219
1980-02-06,184.4033,244.26414,215.48832,10.71109,5.8497,6.40339
1980-02-07,186.3135,246.82135,217.74058,10.81604,5.90767,6.46674
1980-02-08,186.8464,247.55498,218.38406,10.88777,5.94753,6.51025
1980-02-11,188.6665,249.99377,220.53173,10.96329,5.98946,6.55603
1980-02-12,188.2588,249.48186,220.07641,10.95329,5.9847,6.55071
1980-02-13,189.4212,251.05004,221.45599,10.99645,6.00898,6.57717
1980-02-14,189.6808,251.42232,221.78063,10.99245,6.00751,6.57544
1980-02-15,187.9002,249.091,219.72044,10.92103,5.9692,6.53339
1980-02-18,187.2452,248.25098,218.97575,10.89962,5.95821,6.52124
1980-02-19,186.1862,246.87526,217.75856,10.88189,5.94922,6.51129
1980-02-20,185.7521,246.32763,217.27183,10.85424,5.93482,6.49541
1980-02-21,185.7434,246.34387,217.28246,10.84767,5.93193,6.49213
1980-02-22,184.5455,244.78328,215.90231,10.85042,5.93413,6.49443
1980-02-25,183.2485,243.09091,214.40598,10.79008,5.90185,6.45898
1980-02-26,182.1757,241.69551,213.17162,10.72541,5.86718,6.42093
1980-02-27,182.7752,242.51793,213.89335,10.78499,5.90044,6.45722
1980-02-28,183.0541,242.91525,214.24013,10.75895,5.8869,6.44229
1980-02-29,182.173,241.77367,213.2297,10.78368,5.90112,6.45773
1980-03-03,181.9203,241.46564,212.95441,10.82155,5.92253,6.48105
1980-03-04,180.6009,239.742,211.4307,10.7714,5.89579,6.45167
1980-03-05,180.1912,239.22529,210.97143,10.78386,5.90331,6.45978
1980-03-06,178.947,237.60081,209.53526,10.73936,5.87966,6.43379
1980-03-07,175.8488,233.51477,205.92838,10.57542,5.79061,6.33624
1980-03-10,172.8917,229.61511,202.48599,10.43208,5.71282,6.25101
1980-03-11,172.7817,229.49495,202.37658,10.4405,5.71811,6.25668
1980-03-12,173.6383,230.65831,203.39902,10.45827,5.72851,6.26795
1980-03-13,172.5384,229.22356,202.1304,10.46131,5.73085,6.2704
1980-03-14,169.2102,224.8287,198.25164,10.38217,5.68819,6.22361
1980-03-17,165.8665,220.41222,194.35395,10.32853,5.65948,6.19209
1980-03-18,165.1755,219.51905,193.56309,10.32084,5.65594,6.18811
1980-03-19,166.6533,221.50732,195.31296,10.37134,5.68427,6.21899
1980-03-20,167.8702,223.14935,196.75746,10.41376,5.70817,6.24504
1980-03-21,166.2115,220.97009,194.83264,10.37472,5.68746,6.22226
1980-03-24,165.4866,220.03151,194.00179,10.38528,5.69391,6.22922
1980-03-25,164.871,219.238,193.29887,10.34742,5.67384,6.20714
1980-03-26,165.5798,220.20502,194.14818,10.38723,5.69633,6.23163
1980-03-27,162.3477,215.93237,190.3779,10.30114,5.6498,6.18063
1980-03-28,161.5018,214.83188,189.40443,10.30453,5.65233,6.18328
1980-03-31,162.1706,215.74553,190.20671,10.40197,5.70641,6.24234
1980-04-01,160.3262,213.31668,188.06218,10.45691,5.73721,6.27592
1980-04-02,160.4588,213.51711,188.23569,10.37814,5.69468,6.22928
1980-04-03,161.0077,214.27141,188.89747,10.38873,5.70116,6.23627
1980-04-04,161.0077,214.29557,188.91556,NA,NA,NA
1980-04-07,161.7624,215.32397,189.81894,NA,NA,NA
1980-04-08,158.9391,211.59091,186.52491,10.31335,5.66182,6.1929
1980-04-09,163.9167,218.23972,192.3828,10.24219,5.62344,6.15081
1980-04-10,166.7754,222.0695,195.7555,10.41847,5.72083,6.25723
1980-04-11,167.132,222.56925,196.19271,10.44465,5.73587,6.27357
1980-04-14,168.2774,224.1193,197.55571,10.46308,5.74666,6.28526
1980-04-15,167.2368,222.75897,196.35328,10.46293,5.74726,6.2858
1980-04-16,167.3692,222.9604,196.52749,10.48926,5.76239,6.30224
1980-04-17,170.2301,226.79576,199.90476,10.46932,5.75213,6.2909
1980-04-18,170.7662,227.5354,200.55329,10.50847,5.77431,6.31505
1980-04-21,170.4743,227.1722,200.22977,10.47279,5.75539,6.29425
1980-04-22,169.897,226.42869,199.57105,10.49513,5.76834,6.3083
1980-04-23,172.0231,229.28707,202.08695,10.4909,5.7667,6.30639
1980-04-24,173.5104,231.29484,203.85308,10.47697,5.75972,6.29865
1980-04-25,173.4138,231.19218,203.75914,10.44625,5.74353,6.28083
1980-04-28,175.6645,234.21811,206.42251,10.49943,5.77343,6.31342
1980-04-29,176.4429,235.28213,207.35674,10.58452,5.82087,6.36519
1980-04-30,176.8092,235.79699,207.80696,10.62097,5.84159,6.38773
1980-05-01,177.188,236.32863,208.27196,NA,NA,NA
1980-05-02,176.837,235.88723,207.87943,10.68092,5.87593,6.42506
1980-05-05,176.8739,235.96304,207.94271,10.65392,5.86178,6.40947
1980-05-06,179.7144,239.77817,211.3012,10.73383,5.90641,6.45815
1980-05-07,180.4033,240.72412,212.13121,10.74047,5.91076,6.4628
1980-05-08,179.8415,240.00179,211.49109,10.75678,5.92043,6.47325
1980-05-09,179.6849,239.81991,211.32723,10.80768,5.94913,6.50452
1980-05-12,180.9474,241.53156,212.83191,10.84696,5.97144,6.5288
1980-05-13,183.0133,244.31572,215.28159,10.89896,6.00076,6.56074
1980-05-14,183.8271,245.4294,216.25924,10.97868,6.04533,6.60936
1980-05-15,183.6578,245.23109,216.08083,NA,NA,NA
1980-05-16,181.6876,242.62859,213.78406,10.88354,5.99438,6.55342
1980-05-19,180.3601,240.88358,212.2429,10.78857,5.9428,6.49691
1980-05-20,181.1224,241.9286,213.16005,10.86134,5.98357,6.54137
1980-05-21,183.7203,245.4251,216.2371,10.93562,6.02517,6.58673
1980-05-22,184.3045,246.23299,216.94523,10.93693,6.0266,6.58818
1980-05-23,185.2615,247.53901,218.0922,10.97349,6.04745,6.61085
1980-05-26,185.4915,247.87416,218.38378,NA,NA,NA
1980-05-27,187.0924,250.04089,220.28898,10.97087,6.04744,6.61061
1980-05-28,186.0558,248.68402,219.08985,10.9446,6.03368,6.59545
1980-05-29,185.4093,247.84814,218.34974,10.91424,6.01766,6.57783
1980-05-30,184.3388,246.44541,217.11027,10.92966,6.02687,6.58777
1980-06-02,186.1018,248.82961,219.20694,10.94269,6.03476,6.59628
1980-06-03,185.5917,248.17578,218.62725,10.95427,6.04186,6.60392
1980-06-04,185.7088,248.36032,218.78609,10.97899,6.0562,6.61948
1980-06-05,187.7071,251.06012,221.16066,11.05417,6.09836,6.66545
1980-06-06,187.8677,251.30318,221.37101,11.06597,6.10559,6.67323
1980-06-09,190.4295,254.7575,224.41009,11.15561,6.15573,6.72792
1980-06-10,190.7124,255.1646,224.76487,11.19884,6.1803,6.75466
1980-06-11,190.927,255.48043,225.03925,11.20201,6.18278,6.75725
1980-06-12,191.4013,256.14374,225.6197,11.23693,6.20278,6.77898
1980-06-13,193.2915,258.70158,227.86885,11.27826,6.22631,6.80458
1980-06-16,194.4589,260.29282,229.26655,11.40043,6.29445,6.87893
1980-06-17,193.5919,259.16191,228.26657,11.38871,6.28873,6.87255
1980-06-18,194.4519,260.34214,229.3022,11.40802,6.30013,6.88489
1980-06-19,193.2337,258.74087,227.88799,11.36604,6.2777,6.86025
1980-06-20,194.2051,260.07044,229.05512,11.40473,6.2998,6.88429
1980-06-23,195.0157,261.18502,230.03288,11.43949,6.31973,6.90595
1980-06-24,194.5738,260.62277,229.53379,11.4304,6.31546,6.90115
1980-06-25,194.0028,259.8875,228.88234,11.40006,6.29945,6.88354
1980-06-26,194.4461,260.51051,229.42713,11.41248,6.30705,6.89172
1980-06-27,194.7407,260.93448,229.79661,11.41856,6.31115,6.89608
1980-06-30,195.3789,261.81882,230.5715,11.41837,6.3118,6.89666
1980-07-01,193.2633,259.01394,228.09751,11.31607,6.25601,6.83558
1980-07-02,194.0435,260.08852,229.03994,11.34349,6.2719,6.85283
1980-07-03,195.2228,261.69815,230.45351,11.41323,6.31118,6.89562
1980-07-04,195.9712,262.73066,231.35881,11.41551,6.31318,6.89769
1980-07-07,196.7976,263.86793,232.35634,11.42626,6.31987,6.90488
1980-07-08,197.6809,265.08173,233.42122,11.41103,6.3122,6.89637
1980-07-09,197.4653,264.82258,233.18906,11.40094,6.30737,6.89097
1980-07-10,197.6853,265.14741,233.47112,11.42232,6.31993,6.90457
1980-07-11,196.9073,264.13404,232.57487,11.40493,6.31106,6.89476
1980-07-14,196.1374,263.13131,231.68801,11.36112,6.28758,6.86898
1980-07-15,196.5278,263.6846,232.17124,11.41297,6.317,6.901
1980-07-16,197.2295,264.65558,233.02223,11.42754,6.32581,6.9105
1980-07-17,198.2931,266.11229,234.30084,11.44716,6.33741,6.92305
1980-07-18,198.2881,266.13558,234.31737,11.4849,6.35904,6.94656
1980-07-21,198.3878,266.29937,234.45759,11.46528,6.34893,6.9354
1980-07-22,198.1974,266.07387,234.25508,11.43374,6.33223,6.91702
1980-07-23,196.9945,264.48939,232.85612,11.37769,6.30194,6.88382
1980-07-24,197.0803,264.63438,232.97982,11.3646,6.29544,6.8766
1980-07-25,197.2322,264.86813,233.18165,11.37022,6.2993,6.88069
1980-07-28,195.7427,262.89816,231.44342,11.29603,6.25895,6.8365
1980-07-29,195.5263,262.63722,231.20978,11.36585,6.29836,6.87942
1980-07-30,195.3049,262.36951,230.97018,11.41325,6.32535,6.90878
1980-07-31,193.686,260.22478,229.07823,11.42074,6.33025,6.91401
1980-08-01,192.5843,258.77428,227.79748,11.41046,6.3253,6.90848
1980-08-04,192.8182,259.11767,228.09589,11.36477,6.30073,6.88152
1980-08-05,193.2866,259.77619,228.67169,11.36995,6.30434,6.88535
1980-08-06,193.2926,259.81354,228.70068,11.31383,6.27398,6.85206
1980-08-07,194.0366,260.84263,229.60264,11.40364,6.3245,6.90712
1980-08-08,194.3796,261.33303,230.0304,11.46406,6.35874,6.94439
1980-08-11,195.5744,262.96845,231.466,11.53697,6.3999,6.98922
1980-08-12,196.9011,264.78154,233.05793,11.61769,6.44541,7.0388
1980-08-13,197.1085,265.09023,233.32567,11.56469,6.41678,7.0074
1980-08-14,197.3446,265.43757,233.62743,11.63319,6.45552,7.04959
1980-08-15,198.136,266.53171,234.58646,11.68067,6.48262,7.07906
1980-08-18,197.473,265.6701,233.82415,11.73502,6.51353,7.11269
1980-08-19,197.8413,266.19543,234.28253,11.75858,6.52737,7.12767
1980-08-20,198.8457,267.57653,235.49406,11.79314,6.54731,7.14933
1980-08-21,199.3128,268.2351,236.06966,11.84687,6.5779,7.18261
1980-08-22,199.5198,268.54386,236.33738,11.89636,6.60615,7.21332
1980-08-25,199.5982,268.67964,236.45285,11.88748,6.602,7.20866
1980-08-26,200.7066,270.20159,237.78822,11.95946,6.64272,7.253
1980-08-27,200.5585,270.03272,237.63557,11.92854,6.62635,7.23499
1980-08-28,199.8571,269.11901,236.82747,11.82964,6.57221,7.17575
1980-08-29,199.6645,268.89007,236.62198,11.82745,6.57176,7.17514
1980-09-01,199.5753,268.80029,236.53895,11.77631,6.54414,7.14485
1980-09-02,201.9826,272.07211,239.41402,11.87397,6.59915,7.20478
1980-09-03,202.8502,273.27117,240.46507,11.92581,6.62872,7.23695
1980-09-04,203.6372,274.36193,241.42079,11.93267,6.63332,7.24183
1980-09-05,203.2982,273.93624,241.04211,11.95971,6.64913,7.25896
1980-09-08,203.451,274.17296,241.24632,11.941,6.63951,7.24834
1980-09-09,203.9998,274.94327,241.92,11.96146,6.65167,7.26148
1980-09-10,204.0657,275.06306,242.0213,11.99559,6.67142,7.28292
1980-09-11,205.0218,276.38251,243.17812,12.0315,6.69217,7.30544
1980-09-12,207.0117,279.09553,245.56103,12.17389,6.77211,7.39258
1980-09-15,206.5487,278.50292,245.03546,12.17405,6.773,7.39342
1980-09-16,206.0926,277.91947,244.51798,12.15916,6.76552,7.38512
1980-09-17,207.1985,279.44177,245.85315,12.20375,6.79112,7.41293
1980-09-18,207.1109,279.35516,245.77277,12.23822,6.81109,7.43461
1980-09-19,207.2691,279.59999,245.98399,12.31804,6.85629,7.48381
1980-09-22,206.9541,279.20669,245.63381,12.28797,6.84037,7.4663
1980-09-23,205.2364,276.9213,243.61909,12.24332,6.81634,7.43994
1980-09-24,204.602,276.09674,242.88956,12.16471,6.77339,7.39293
1980-09-25,205.7454,277.67043,244.26984,12.19975,6.79369,7.41496
1980-09-26,205.994,278.03717,244.5883,12.26229,6.8293,7.45369
1980-09-29,204.6183,276.21211,242.97868,12.23349,6.81408,7.43694
1980-09-30,205.8852,277.95301,244.50597,12.29167,6.84727,7.47304
1980-10-01,208.3025,281.24701,247.39939,12.38649,6.90086,7.5314
1980-10-02,208.9149,282.10537,248.15023,12.45744,6.94118,7.57527
1980-10-03,209.5751,283.02846,248.95799,12.51196,6.97237,7.60917
1980-10-06,211.2277,285.29164,250.94447,12.53193,6.98431,7.62208
1980-10-07,209.8374,283.44644,249.31719,12.49019,6.96188,7.59746
1980-10-08,209.0077,282.35791,248.35551,12.43196,6.93026,7.56282
1980-10-09,209.1804,282.623,248.58445,12.46083,6.94717,7.58114
1980-10-10,209.6006,283.22245,249.10748,12.45483,6.94464,7.57824
1980-10-13,211.1468,285.34318,250.9685,12.56187,7.00511,7.6441
1980-10-14,212.6988,287.47221,252.83676,12.70117,7.08357,7.72958
1980-10-15,213.0146,287.93134,253.23627,12.80963,7.14486,7.79632
1980-10-16,213.7752,288.99166,254.16451,12.84244,7.164,7.81707
1980-10-17,213.5144,288.67176,253.87885,12.85632,7.17258,7.82629
1980-10-20,214.4662,289.99083,255.03461,12.98747,7.24655,7.90687
1980-10-21,214.4038,289.93917,254.98484,13.05361,7.28429,7.94791
1980-10-22,214.6217,290.26646,255.26834,13.10025,7.31116,7.97709
1980-10-23,214.4488,290.0654,255.08719,13.03453,7.27536,7.93789
1980-10-24,213.4913,288.80328,253.97295,13.01321,7.26433,7.92571
1980-10-27,212.2872,287.20735,252.56521,12.99663,7.25594,7.91641
1980-10-28,212.3724,287.35497,252.69073,13.11027,7.3202,7.98639
1980-10-29,213.6793,289.15527,254.26954,13.16957,7.35415,8.02329
1980-10-30,215.2877,291.36387,256.20733,13.23165,7.38967,8.0619
1980-10-31,213.8264,289.41949,254.49324,13.26463,7.40895,8.0828
1980-11-03,214.2145,289.9773,254.9794,13.34413,7.4542,8.13202
1980-11-04,214.6499,290.59924,255.52194,13.37026,7.46967,8.14875
1980-11-05,214.6257,290.59925,255.51761,13.48018,7.53193,8.21652
1980-11-06,213.3695,288.93153,254.04691,13.40933,7.49325,8.17418
1980-11-07,209.3594,283.53502,249.29775,13.26898,7.41572,8.08947
1980-11-10,208.8632,282.89514,248.73091,13.16173,7.35668,8.02492
1980-11-11,212.8883,288.37753,253.5469,13.12855,7.33901,8.0055
1980-11-12,211.7673,286.89189,252.23642,13.16032,7.35763,8.02567
1980-11-13,214.3979,290.48718,255.39308,13.24215,7.40422,8.07635
1980-11-14,213.4248,289.20178,254.25865,13.26037,7.41528,8.08827
1980-11-17,212.0236,287.33612,252.61413,13.32475,7.45213,8.12832
1980-11-18,212.2324,287.65141,252.88703,13.34489,7.46427,8.14142
1980-11-19,213.9732,290.04269,254.98497,13.31125,7.44635,8.12173
1980-11-20,213.753,289.77697,254.74705,13.33524,7.46064,8.13717
1980-11-21,213.4042,289.3369,254.35585,13.42765,7.51319,8.19435
1980-11-24,211.2956,286.51128,251.86758,13.26405,7.42256,8.09535
1980-11-25,209.9756,284.75411,250.31863,13.15059,7.35996,8.02694
1980-11-26,210.083,284.93182,250.4706,13.18298,7.37895,8.0475
1980-11-27,209.1596,283.71185,249.39394,13.1824,7.37949,8.04796
1980-11-28,208.7993,283.25522,248.98832,13.15572,7.36544,8.03249
1980-12-01,207.1454,281.044,247.04041,13.16958,7.37406,8.04175
1980-12-02,206.4772,280.16932,246.26738,13.0873,7.32888,7.99233
1980-12-03,205.4911,278.86317,245.11512,13.04259,7.30472,7.96584
1980-12-04,206.6697,280.49365,246.54409,13.12038,7.34913,8.01413
1980-12-05,204.934,278.1701,244.49762,13.10169,7.33953,8.00352
1980-12-08,205.8488,279.44288,245.61216,13.16823,7.37765,8.04495
1980-12-09,203.1224,275.77406,242.3834,13.09802,7.3392,8.00288
1980-12-10,202.1705,274.51308,241.27101,13.13591,7.36128,8.02682
1980-12-11,198.0411,268.93818,236.36721,13.06867,7.32449,7.98655
1980-12-12,198.4382,269.50763,236.86367,12.95683,7.26269,7.91903
1980-12-15,202.6085,275.20052,241.8629,13.04075,7.31056,7.97108
1980-12-16,200.5034,272.37285,239.37372,13.15433,7.37506,8.04127
1980-12-17,200.4954,272.39269,239.38709,13.10138,7.34625,8.00972
1980-12-18,201.2442,273.44048,240.30384,13.07369,7.3316,7.9936
1980-12-19,201.7895,274.21205,240.97782,13.08776,7.34036,8.00301
1980-12-22,203.2196,276.18587,242.70829,13.07002,7.33128,7.99297
1980-12-23,204.9427,278.55822,244.78892,12.99595,7.29061,7.94849
1980-12-24,206.548,280.77102,246.72928,NA,NA,NA
1980-12-25,206.548,280.80268,246.75291,NA,NA,NA
1980-12-26,206.7546,281.11514,247.02329,NA,NA,NA
1980-12-29,207.2212,281.7811,247.60428,13.24893,7.43594,8.10637
1980-12-30,209.4293,284.81474,250.26572,13.29558,7.46299,8.13571
1980-12-31,209.132,284.44263,249.9345,13.34559,7.49193,8.16711
1981-01-01,209.132,284.4747,249.95844,NA,NA,NA
1981-01-02,209.5167,285.02994,250.44206,13.47398,7.56574,8.24729
1981-01-05,211.7899,288.15382,253.18257,13.45974,7.55865,8.23941
1981-01-06,214.0229,291.22371,255.87554,13.43122,7.54353,8.22278
1981-01-07,213.0442,289.92513,254.73025,13.46986,7.56611,8.24725
1981-01-08,211.8099,288.27848,253.27919,13.51854,7.59433,8.27787
1981-01-09,210.8869,287.05504,252.20001,13.48433,7.57602,8.25776
1981-01-12,210.3395,286.34247,251.56969,13.49473,7.58275,8.26495
1981-01-13,207.6208,282.6745,248.34294,13.44511,7.55578,8.23541
1981-01-14,208.0758,283.3257,248.91083,13.45686,7.56328,8.24343
1981-01-15,208.6755,284.17403,249.65187,13.51865,7.59887,8.28208
1981-01-16,209.2781,285.02649,250.39652,13.67849,7.68956,8.38079
1981-01-19,210.3715,286.54742,251.72839,13.64755,7.67309,8.36268
1981-01-20,210.4544,286.69262,251.85167,13.66565,7.68416,8.3746
1981-01-21,211.6439,288.34496,253.2989,13.64646,7.67429,8.36369
1981-01-22,210.042,286.19552,251.40644,13.71128,7.71162,8.40423
1981-01-23,208.6544,284.33752,249.77006,13.66764,7.688,8.37834
1981-01-26,208.3551,283.96181,249.43579,13.80048,7.76358,8.46056
1981-01-27,208.4313,284.09766,249.55088,13.79242,7.75997,8.45647
1981-01-28,207.5249,282.89452,248.48983,13.88853,7.81493,8.51622
1981-01-29,206.5946,281.65854,247.39996,13.90082,7.82276,8.52461
1981-01-30,205.5577,280.27697,246.18226,13.96934,7.86223,8.56746
1981-02-02,206.6347,281.7767,247.49535,14.00951,7.88575,8.59294
1981-02-03,203.9033,278.08462,244.24831,14.0836,7.92836,8.63923
1981-02-04,205.9367,280.88846,246.70681,14.08095,7.92781,8.63847
1981-02-05,206.4759,281.6554,247.37621,14.1259,7.95404,8.6669
1981-02-06,205.3647,280.17171,246.06892,14.15063,7.9689,8.68294
1981-02-09,205.6172,280.54769,246.39495,14.13076,7.95865,8.67162
1981-02-10,206.1344,281.28483,247.03816,14.23418,8.0178,8.73592
1981-02-11,205.3932,280.30536,246.17376,14.20059,7.99984,8.71619
1981-02-12,203.9428,278.35801,244.45938,14.22859,8.01655,8.73424
1981-02-13,202.0509,275.80774,242.21558,14.24762,8.02821,8.74679
1981-02-16,196.8623,268.75763,236.02017,14.22495,8.0164,8.73376
1981-02-17,197.811,270.08279,237.17988,13.99705,7.88893,8.59474
1981-02-18,201.2093,274.75201,241.27618,14.07429,7.93337,8.643
1981-02-19,202.3077,276.2825,242.61607,14.03835,7.91406,8.62181
1981-02-20,203.8202,278.3787,244.45269,13.80302,7.78234,8.47817
1981-02-23,202.5021,276.61023,242.89562,13.86766,7.81969,8.5187
1981-02-24,202.1871,276.21124,242.54114,13.89617,7.83668,8.53706
1981-02-25,203.4152,277.9197,244.0372,14.02208,7.90857,8.61523
1981-02-26,202.3689,276.52184,242.80564,14.05193,7.92633,8.63442
1981-02-27,202.1651,276.2746,242.58443,14.15181,7.98357,8.69663
1981-03-02,201.8068,275.81622,242.17783,14.25205,8.04103,8.75906
1981-03-03,198.9906,271.99915,238.82225,14.14037,7.97899,8.69133
1981-03-04,202.937,277.42283,243.58024,14.11718,7.96685,8.67795
1981-03-05,201.6119,275.64306,242.01347,14.17004,7.99761,8.7113
1981-03-06,199.9066,273.34318,239.99012,14.08691,7.95165,8.66109
1981-03-09,200.2252,273.80953,240.39548,14.03246,7.92187,8.6285
1981-03-10,201.6878,275.84004,242.17408,14.00929,7.90973,8.61512
1981-03-11,200.6708,274.48055,240.97643,13.9665,7.88652,8.58968
1981-03-12,201.5393,275.69915,242.04218,14.00014,7.90643,8.61122
1981-03-13,201.148,275.19508,241.59554,13.96483,7.88744,8.59038
1981-03-16,203.4827,278.41949,244.42211,14.03484,7.92788,8.63428
1981-03-17,205.4207,281.10194,246.77283,14.05716,7.94143,8.64888
1981-03-18,208.0539,284.73609,249.95892,14.1275,7.98207,8.693
1981-03-19,209.4211,286.63885,251.62501,14.16281,8.00296,8.71559
1981-03-20,208.231,285.04262,250.21952,14.15217,7.99789,8.70991
1981-03-23,208.8471,285.91792,250.98362,14.38585,8.13081,8.85452
1981-03-24,209.9906,287.51527,252.38151,14.44081,8.16282,8.88922
1981-03-25,209.9633,287.51031,252.37288,14.4164,8.15,8.8751
1981-03-26,209.965,287.54505,252.39909,14.47597,8.18461,8.91264
1981-03-27,207.7502,284.545,249.76149,14.54155,8.22264,8.95389
1981-03-30,207.104,283.69221,249.00872,14.43949,8.16592,8.89197
1981-03-31,208.775,286.01259,251.04115,14.42247,8.15726,8.88238
1981-04-01,210.0387,287.77563,252.58434,14.50019,8.20216,8.93111
1981-04-02,211.2668,289.4903,254.08501,14.61393,8.26743,9.00203
1981-04-03,209.2262,286.72741,251.65576,14.67313,8.30187,9.03937
1981-04-06,207.786,284.78651,249.94802,14.69169,8.31335,9.05171
1981-04-07,207.0325,283.78613,249.06579,14.65329,8.29261,9.02897
1981-04-08,210.329,288.33565,253.05439,14.70974,8.32552,9.06464
1981-04-09,210.8894,289.13621,253.75269,14.87714,8.42119,9.16865
1981-04-10,210.6617,288.8567,253.50308,14.8988,8.43444,9.18291
1981-04-13,208.2987,285.64986,250.68448,14.90317,8.43791,9.18653
1981-04-14,208.4628,285.90705,250.90593,14.85515,8.41173,9.15786
1981-04-15,207.5994,284.75541,249.89103,14.86331,8.41735,9.16381
1981-04-16,206.6233,283.44895,248.7403,14.88138,8.42857,9.17587
1981-04-17,206.6233,283.4809,248.76412,NA,NA,NA
1981-04-20,208.1781,285.64549,250.65936,NA,NA,NA
1981-04-21,209.5713,287.58887,252.36043,15.05867,8.53193,9.28791
1981-04-22,211.8785,290.78663,255.16215,15.1554,8.58772,9.34847
1981-04-23,213.4375,292.9585,257.06358,15.25125,8.64301,9.4085
1981-04-24,214.2031,294.04212,258.01005,15.36507,8.7085,9.47962
1981-04-27,215.2671,295.5355,259.31602,15.42154,8.74151,9.51539
1981-04-28,214.2183,294.12928,258.07776,15.44569,8.75623,9.53124
1981-04-29,212.5636,291.89099,256.10947,15.44764,8.75837,9.5334
1981-04-30,213.7683,293.57779,257.58512,15.55954,8.82281,9.60338
1981-05-01,213.9847,293.90801,257.87048,NA,NA,NA
1981-05-04,211.4749,290.49469,254.87136,15.60321,8.84965,9.63225
1981-05-05,209.1328,287.3109,252.07373,15.60814,8.85349,9.63626
1981-05-06,208.6733,286.71217,251.54416,15.41828,8.74686,9.52004
1981-05-07,207.5148,285.15311,250.17208,15.51787,8.80436,9.58245
1981-05-08,208.4732,286.50191,251.35115,15.42258,8.75135,9.52459
1981-05-11,209.8547,288.43233,253.04044,15.71111,8.916,9.70363
1981-05-12,207.6275,285.40438,250.37978,15.67494,8.89654,9.68227
1981-05-13,205.7492,282.85522,248.13925,15.51352,8.80599,9.58356
1981-05-14,204.273,280.85815,246.38311,15.56083,8.83387,9.61374
1981-05-15,205.7142,282.87087,248.14455,15.58963,8.85126,9.63249
1981-05-18,206.111,283.44826,248.64683,15.55483,8.83256,9.61196
1981-05-19,204.2364,280.9028,246.40973,15.46642,8.78342,9.55831
1981-05-20,203.4113,279.79991,245.43809,15.36774,8.72843,9.49831
1981-05-21,205.75,283.04764,248.28276,15.6948,8.91509,9.70128
1981-05-22,204.8804,281.88353,247.25744,15.67137,8.90285,9.68778
1981-05-25,204.9974,282.07625,247.42228,15.63453,8.88298,9.66599
1981-05-26,204.615,281.58199,246.98455,15.70424,8.92361,9.71003
1981-05-27,203.1697,279.62523,245.26405,15.64791,8.89267,9.67619
1981-05-28,203.1267,279.59759,245.23564,NA,NA,NA
1981-05-29,204.1236,281.00099,246.46238,15.59493,8.86467,9.64538
1981-06-01,206.4792,284.27465,249.32943,15.77634,8.96877,9.75849
1981-06-02,203.8508,280.68878,246.1802,15.84637,9.00963,9.80277
1981-06-03,203.3442,280.02304,245.59213,15.78351,8.97496,9.76488
1981-06-04,200.0689,275.54519,241.66078,15.78282,8.97563,9.76543
1981-06-05,197.2615,271.7106,238.2937,15.77122,8.9701,9.75924
1981-06-08,195.6502,269.52231,236.37053,NA,NA,NA
1981-06-09,195.5633,269.43301,236.28821,15.46095,8.79577,9.56923
1981-06-10,200.0252,275.6092,241.70051,15.70969,8.93823,9.72406
1981-06-11,200.9018,276.84782,242.78263,15.89653,9.04552,9.84062
1981-06-12,201.9709,278.35193,244.09751,15.9887,9.099,9.89862
1981-06-15,206.9204,285.20297,250.10121,16.16769,9.20187,10.01036
1981-06-16,209.046,288.16418,252.69367,16.14065,9.18758,9.99464
1981-06-17,209.0218,288.16331,252.68862,16.14773,9.19269,10.00002
1981-06-18,206.8566,285.21146,250.09592,16.15213,9.19628,10.00375
1981-06-19,204.0082,281.31712,246.67688,16.09814,9.16664,9.97133
1981-06-22,204.6032,282.16912,247.41976,15.98962,9.10595,9.90514
1981-06-23,205.1802,282.99648,248.14102,15.98539,9.10462,9.90351
1981-06-24,205.7565,283.82307,248.86157,16.10987,9.17655,9.98158
1981-06-25,204.1061,281.579,246.88974,16.03623,9.13571,9.93697
1981-06-26,202.5187,279.4213,244.99371,16.07927,9.16129,9.96463
1981-06-29,205.3691,283.38464,248.4645,16.21012,9.23688,10.04667
1981-06-30,204.9482,282.83593,247.9792,16.24131,9.25574,10.067
1981-07-01,203.3646,280.68289,246.08732,16.21265,9.2405,10.05025
1981-07-02,202.4721,279.48299,245.03116,16.19555,9.23186,10.04067
1981-07-03,202.7746,279.93196,245.42062,16.22596,9.25027,10.06052
1981-07-06,199.9595,276.07809,242.03777,16.18351,9.22717,10.03522
1981-07-07,198.7042,274.37646,240.54187,16.00597,9.12706,9.92617
1981-07-08,197.648,272.9493,239.28663,16.07581,9.16794,9.97045
1981-07-09,197.044,272.14615,238.57849,16.00488,9.12859,9.92748
1981-07-10,199.91,276.13423,242.07055,16.2046,9.24351,10.05229
1981-07-13,201.8502,278.8447,244.44251,16.19851,9.24113,10.04952
1981-07-14,198.6055,274.39473,240.53748,16.12858,9.20234,10.00716
1981-07-15,199.4313,275.56632,241.56041,16.0599,9.16426,9.96557
1981-07-16,200.1314,276.56453,242.43132,16.05133,9.16045,9.96125
1981-07-17,199.6503,275.93102,241.87189,16.07444,9.17472,9.97659
1981-07-20,197.724,273.30044,239.56195,16.00103,9.13392,9.93204
1981-07-21,195.6007,270.39701,237.01292,15.98082,9.12346,9.9205
1981-07-22,195.0221,269.62783,236.33469,15.86377,9.05774,9.84886
1981-07-23,195.7806,270.70664,237.27627,15.86526,9.05966,9.85077
1981-07-24,195.2253,269.96952,236.62616,15.83561,9.04381,9.83336
1981-07-27,198.268,274.20657,240.33582,15.93245,9.10015,9.89445
1981-07-28,195.8665,270.91692,237.44849,15.87992,9.07123,9.86283
1981-07-29,196.128,271.30908,237.78816,15.89649,9.08177,9.87411
1981-07-30,194.9758,269.74616,236.41434,15.96409,9.12144,9.91707
1981-07-31,196.0448,271.25516,237.73284,16.01397,9.151,9.94903
1981-08-03,192.7361,266.70867,233.74426,15.9779,9.13148,9.92764
1981-08-04,192.0294,265.76104,232.9098,16.03541,9.16541,9.96434
1981-08-05,193.3867,267.66899,234.57793,16.10852,9.20826,10.01075
1981-08-06,195.3932,270.47572,237.03364,16.34406,9.3439,10.15805
1981-08-07,197.7801,273.80951,239.95117,16.66042,9.52574,10.35557
1981-08-10,195.3795,270.51769,237.06238,16.70055,9.5498,10.38154
1981-08-11,196.4399,272.01604,238.37138,16.74496,9.57631,10.41017
1981-08-12,199.4198,276.17206,242.00925,16.78839,9.60227,10.43821
1981-08-13,201.5224,279.11434,244.58341,16.7745,9.59546,10.43062
1981-08-14,201.2351,278.74798,244.25823,16.84452,9.63662,10.47518
1981-08-17,201.0913,278.58026,244.10712,16.83754,9.63377,10.4719
1981-08-18,203.7944,282.35548,247.41097,16.70086,9.55673,10.38796
1981-08-19,203.3538,281.77701,246.8999,16.84976,9.64301,10.48157
1981-08-20,203.9588,282.6469,247.65791,16.76858,9.59771,10.43214
1981-08-21,204.4421,283.34837,248.26833,16.6074,9.50662,10.33295
1981-08-24,204.4418,283.3799,248.29174,16.5816,9.49297,10.31794
1981-08-25,199.3144,276.30613,242.08977,16.58575,9.49647,10.32156
1981-08-26,198.321,274.96046,240.90665,16.36946,9.37378,10.18802
1981-08-27,198.7383,275.56989,241.4365,16.33295,9.35399,10.16633
1981-08-28,198.195,274.84779,240.79976,16.20069,9.27937,10.08505
1981-08-31,200.0678,277.47526,243.09761,16.18444,9.27116,10.07595
1981-09-01,196.7466,272.90134,239.08633,16.03682,9.18772,9.98509
1981-09-02,196.1786,272.14443,238.41916,15.91603,9.11962,9.9109
1981-09-03,196.796,273.03138,239.19214,15.89669,9.10962,9.89986
1981-09-04,195.3825,271.10155,237.49745,15.77794,9.04267,9.82692
1981-09-07,193.1353,268.01471,234.78926,15.65241,8.97182,9.74976
1981-09-08,191.9565,266.40947,233.37906,15.50726,8.8897,9.66035
1981-09-09,190.5547,264.49444,231.69753,15.51548,8.89546,9.66643
1981-09-10,190.9477,265.06962,232.19745,15.45265,8.8605,9.62828
1981-09-11,190.732,264.80015,231.95745,15.34015,8.79706,9.55917
1981-09-14,190.4265,264.40597,231.60823,15.17975,8.70614,9.4602
1981-09-15,192.1276,266.79717,233.69885,15.18789,8.71184,9.46622
1981-09-16,193.1108,268.19224,234.91686,15.07318,8.64709,9.3957
1981-09-17,195.5133,271.55826,237.86121,14.95898,8.58262,9.32548
1981-09-18,193.3144,268.53539,235.20945,14.77451,8.47782,9.21144
1981-09-21,193.3063,268.55441,235.22213,14.59639,8.37663,9.10134
1981-09-22,191.9648,266.72141,233.61266,14.70902,8.44222,9.17245
1981-09-23,189.2125,262.92818,230.2864,14.55953,8.35743,9.08016
1981-09-24,184.0576,255.79606,224.03595,14.44883,8.2949,9.01206
1981-09-25,183.209,254.64582,223.02474,14.39844,8.26697,8.98155
1981-09-28,172.3851,239.63281,209.87257,13.65046,7.83835,8.51578
1981-09-29,179.9181,250.12901,219.0615,14.0068,8.04375,8.73879
1981-09-30,179.5676,249.67005,218.65583,14.06598,8.07867,8.77657
1981-10-01,178.116,247.68035,216.90962,13.92226,7.9971,8.6878
1981-10-02,179.2892,249.33928,218.35874,13.81248,7.935,8.62019
1981-10-05,184.5493,256.68092,224.78437,14.12528,8.11552,8.81615
1981-10-06,184.8707,257.15677,225.19726,14.17975,8.14775,8.85101
1981-10-07,186.1809,259.00783,226.81441,14.13754,8.12447,8.82556
1981-10-08,186.4483,259.40894,227.16181,14.20559,8.16452,8.86891
1981-10-09,190.8179,265.51623,232.50596,14.26545,8.19986,8.90715
1981-10-12,192.3221,267.6387,234.36057,14.43471,8.29806,9.01367
1981-10-13,188.9531,262.98151,230.27856,14.26382,8.20082,8.90789
1981-10-14,185.7427,258.54393,226.38899,14.21272,8.17243,8.87688
1981-10-15,184.1611,256.37207,224.48344,13.93732,8.01505,8.70579
1981-10-16,180.2451,250.95062,219.73261,13.83766,7.9587,8.64443
1981-10-19,177.4214,247.04839,216.31216,13.60963,7.82851,8.50287
1981-10-20,178.812,249.0121,218.02785,13.67989,7.86983,8.5476
1981-10-21,179.3603,249.80354,218.71711,13.88836,7.9906,8.67863
1981-10-22,177.5613,247.32671,216.54483,13.86465,7.97791,8.66469
1981-10-23,178.3988,248.52088,217.58668,13.91185,8.006,8.69505
1981-10-26,176.0395,245.26296,214.73064,13.97028,8.04055,8.73242
1981-10-27,176.367,245.74678,215.15058,13.89339,7.99726,8.68525
1981-10-28,178.2269,248.36541,217.4395,14.01481,8.06806,8.76198
1981-10-29,179.1315,249.6537,218.56366,13.99771,8.05918,8.75218
1981-10-30,181.917,253.56303,221.98238,14.02915,8.07822,8.7727
1981-11-02,187.5509,261.4425,228.8766,14.24934,8.20588,8.91119
1981-11-03,188.2333,262.423,229.73106,14.34159,8.25994,8.96975
1981-11-04,189.5976,264.35415,231.41771,14.36827,8.27627,8.98732
1981-11-05,191.0955,266.47196,233.26769,14.53449,8.37294,9.09214
1981-11-06,189.7381,264.60961,231.63348,14.48265,8.34407,9.06063
1981-11-09,191.86,267.59794,234.24542,14.49897,8.35446,9.07175
1981-11-10,190.1578,265.25449,232.1901,14.47239,8.34014,9.05604
1981-11-11,189.1125,263.82662,230.9363,14.34712,8.26895,8.97858
1981-11-12,190.5888,265.91542,232.76075,14.43292,8.31935,9.03315
1981-11-13,192.5942,268.74272,235.23154,14.56894,8.39869,9.11914
1981-11-16,193.0577,269.41962,235.82003,14.72931,8.49207,9.22037
1981-11-17,192.2704,268.35154,234.88117,14.72704,8.49177,9.21988
1981-11-18,192.9342,269.30804,235.71436,14.81182,8.54162,9.27385
1981-11-19,195.1167,272.38412,238.40268,14.8309,8.55363,9.28672
1981-11-20,195.8785,273.47805,239.35608,15.01303,8.65962,9.40163
1981-11-23,195.9274,273.57714,239.43874,15.11518,8.71953,9.46651
1981-11-24,196.1499,273.91859,239.73351,14.97069,8.63723,9.37699
1981-11-25,198.8241,277.68303,243.02401,15.07842,8.70036,9.44537
1981-11-26,199.6694,278.89462,244.08024,15.1384,8.73598,9.48388
1981-11-27,199.3328,278.45601,243.69225,15.11151,8.7215,9.46799
1981-11-30,201.4927,281.50393,246.35546,15.10808,8.72056,9.46679
1981-12-01,200.3995,280.00872,245.04278,15.14841,8.74485,9.493
1981-12-02,199.566,278.87594,244.04732,15.18842,8.76897,9.51902
1981-12-03,200.0704,279.61207,244.68736,15.20743,8.78097,9.53188
1981-12-04,203.0312,283.78052,248.33093,15.37516,8.8788,9.6379
1981-12-07,203.9376,285.0791,249.46306,15.49856,8.95107,9.71618
1981-12-08,202.0747,282.50772,247.20874,15.52638,8.96818,9.73459
1981-12-09,199.2618,278.60789,243.79206,15.25416,8.81203,9.56492
1981-12-10,199.254,278.62839,243.80586,15.33926,8.8622,9.61921
1981-12-11,198.3398,277.38172,242.71088,15.37793,8.88558,9.64442
1981-12-14,193.8426,271.12488,237.2321,15.23987,8.80688,9.55882
1981-12-15,195.504,273.47866,239.28758,15.16369,8.76391,9.51202
1981-12-16,196.6142,275.06211,240.66897,15.26822,8.82532,9.5785
1981-12-17,196.5799,275.04515,240.65005,15.23866,8.80928,9.56093
1981-12-18,195.3105,273.30048,239.11949,15.27626,8.83205,9.58547
1981-12-21,195.3208,273.3457,239.155,15.22151,8.80146,9.55209
1981-12-22,195.9615,274.27295,239.96219,15.20905,8.79529,9.54524
1981-12-23,196.4979,275.05445,240.64184,15.29471,8.84584,9.59992
1981-12-24,196.6773,275.33652,240.88453,NA,NA,NA
1981-12-25,196.677,275.36715,240.90723,NA,NA,NA
1981-12-28,196.8379,275.62341,241.12733,15.25158,8.82404,9.57575
1981-12-29,197.2152,276.18268,241.6125,15.30067,8.85347,9.60752
1981-12-30,198.8215,278.46276,243.60304,15.38674,8.90428,9.6625
1981-12-31,198.9865,278.72519,243.82848,15.3229,8.86841,9.62339
1982-01-01,198.9865,278.75661,243.85183,NA,NA,NA
1982-01-04,200.2521,280.56057,245.42573,15.26845,8.839,9.59114
1982-01-05,198.4645,278.08827,243.25891,15.30103,8.85889,9.61256
1982-01-06,197.6824,277.024,242.32382,15.18192,8.791,9.53872
1982-01-07,196.4236,275.2916,240.80434,15.1857,8.79423,9.54205
1982-01-08,196.868,275.94533,241.37207,15.21724,8.81352,9.56282
1982-01-11,195.2705,273.73776,239.43703,15.18362,8.7951,9.54266
1982-01-12,193.4554,271.22471,237.23486,15.15101,8.77726,9.52313
1982-01-13,193.4314,271.22165,237.22815,15.10384,8.75098,9.49445
1982-01-14,191.976,269.21199,235.46637,15.13868,8.77219,9.5173
1982-01-15,193.4663,271.33171,237.31636,15.20314,8.81056,9.55875
1982-01-18,192.6248,270.18239,236.30711,15.21281,8.8172,9.56579
1982-01-19,194.4813,272.81622,238.60666,15.20713,8.81495,9.56318
1982-01-20,194.0613,272.25794,238.11435,15.28294,8.85991,9.61179
1982-01-21,195.12,273.77358,239.43584,15.35619,8.9034,9.6588
1982-01-22,195.993,275.02906,240.52977,15.43798,8.95184,9.71118
1982-01-25,194.1195,272.43165,238.25414,15.48447,8.97984,9.74139
1982-01-26,194.7911,273.40468,239.10103,15.54397,9.0154,9.77978
1982-01-27,195.9628,275.07968,240.56179,15.4487,8.96122,9.72084
1982-01-28,194.705,273.34548,239.04115,15.47653,8.97841,9.73932
1982-01-29,197.04,276.6536,241.93,15.54388,9.01853,9.78266
1982-02-01,193.8629,272.22494,238.05317,15.51582,9.00332,9.76599
1982-02-02,191.893,269.49008,235.65761,15.4098,8.94288,9.70026
1982-02-03,192.2722,270.05288,236.14575,15.34004,8.90347,9.65734
1982-02-04,191.8413,269.47825,235.63927,15.39825,8.93829,9.69493
1982-02-05,191.8147,269.47128,235.62917,15.31816,8.89287,9.6455
1982-02-08,190.5833,267.77212,234.13943,15.28407,8.87414,9.62501
1982-02-09,188.587,264.9981,231.7099,15.2498,8.8553,9.6044
1982-02-10,189.2787,265.99971,232.58174,15.28651,8.87765,9.62847
1982-02-11,189.4532,266.27487,232.81838,15.28141,8.87574,9.62623
1982-02-12,186.499,262.15368,229.21112,15.19117,8.8244,9.57037
1982-02-15,184.6853,259.63436,227.00453,15.10082,8.77298,9.51444
1982-02-16,184.3387,259.17649,226.60036,15.08281,8.76355,9.50405
1982-02-17,184.9436,260.05598,227.36545,15.05128,8.74627,9.48514
1982-02-18,186.8296,262.73663,229.70522,15.17522,8.81928,9.56415
1982-02-19,189.7853,266.92182,233.36029,15.32298,8.90614,9.65819
1982-02-22,191.1055,268.80825,235.00554,15.45644,8.98472,9.74323
1982-02-23,188.1988,264.75088,231.45447,15.29089,8.88957,9.63987
1982-02-24,186.7911,262.80088,229.74581,15.20755,8.84219,9.58833
1982-02-25,185.2058,260.60061,227.81842,15.14635,8.80766,9.55071
1982-02-26,183.9209,258.82244,226.26009,15.11223,8.78888,9.53017
1982-03-01,181.6586,255.66869,223.49934,14.93369,8.6861,9.41856
1982-03-02,182.082,256.29327,224.04153,14.91276,8.67496,9.40631
1982-03-03,183.4439,258.23868,225.73829,15.0243,8.74083,9.47757
1982-03-04,181.7036,255.81847,223.61888,14.85557,8.64372,9.37211
1982-03-05,182.266,256.63892,224.33225,14.76866,8.59419,9.31824
1982-03-08,182.8849,257.53909,225.11528,14.8145,8.62187,9.34808
1982-03-09,179.6725,253.04537,221.18358,14.67086,8.53931,9.25841
1982-03-10,180.3886,254.08219,222.08608,14.7625,8.59363,9.31714
1982-03-11,179.8991,253.42152,221.50485,14.70804,8.56295,9.28372
1982-03-12,178.0775,250.8846,219.28371,14.65371,8.53234,9.25037
1982-03-15,176.9152,249.27575,217.87381,14.49954,8.44361,9.154
1982-03-16,174.8821,246.43982,215.39148,14.39218,8.38211,9.08716
1982-03-17,174.997,246.62948,215.55359,14.40873,8.39273,9.09852
1982-03-18,176.3588,248.57606,217.2512,14.53374,8.46649,9.17832
1982-03-19,176.2539,248.45626,217.14281,14.64493,8.53223,9.24942
1982-03-22,175.7753,247.80977,216.57412,14.60807,8.51177,9.22708
1982-03-23,176.8717,249.38305,217.9454,14.76082,8.60172,9.32444
1982-03-24,178.5174,251.73099,219.99361,14.78158,8.61483,9.33848
1982-03-25,177.0423,249.67977,218.1973,14.75149,8.59832,9.32042
1982-03-26,176.0359,248.28893,216.97816,14.71899,8.5804,9.30083
1982-03-29,174.33,245.91138,214.89679,14.65699,8.54528,9.2626
1982-03-30,173.9331,245.37937,214.42823,14.63098,8.53113,9.2471
1982-03-31,174.4364,246.1169,215.06908,14.64678,8.54135,9.25801
1982-04-01,175.6614,247.87262,216.59964,14.73484,8.59368,9.31457
1982-04-02,176.7426,249.42586,217.95321,14.76331,8.6113,9.33349
1982-04-05,175.0987,247.13456,215.94737,14.70535,8.57852,9.2978
1982-04-06,173.5754,245.01292,214.08983,14.63624,8.53923,9.25505
1982-04-07,174.5043,246.35143,215.25576,14.67607,8.56347,9.28116
1982-04-08,173.1511,244.46929,213.60757,14.63145,8.53846,9.25388
1982-04-09,173.1511,244.49686,213.62802,NA,NA,NA
1982-04-12,173.5511,245.0891,214.14186,NA,NA,NA
1982-04-13,174.0557,245.82916,214.78483,14.6723,8.56531,9.2825
1982-04-14,173.4004,244.93157,213.99696,14.60822,8.52893,9.2429
1982-04-15,171.1443,241.77309,211.23381,14.47358,8.45135,9.15867
1982-04-16,171.547,242.36911,211.75094,14.52674,8.48338,9.19321
1982-04-19,172.712,244.042,213.20888,14.56343,8.50579,9.21734
1982-04-20,176.4094,249.29268,217.79247,14.77238,8.62876,9.35043
1982-04-21,176.7476,249.7986,218.23076,14.79181,8.64112,9.36367
1982-04-22,177.6376,251.0843,219.35026,14.8797,8.69345,9.42021
1982-04-23,179.165,253.27101,221.25684,15.01818,8.77534,9.50878
1982-04-26,182.948,258.646,225.94858,15.18454,8.87352,9.615
1982-04-27,182.6785,258.29424,225.63746,15.17272,8.86766,9.60848
1982-04-28,184.0077,260.2023,227.30042,15.16558,8.86454,9.60493
1982-04-29,184.298,260.64205,227.68069,15.209,8.89095,9.63338
1982-04-30,185.1558,261.88428,228.76194,15.14078,8.85213,9.59115
1982-05-03,184.9279,261.59154,228.50235,15.03975,8.79413,9.52814
1982-05-04,185.4491,262.35812,229.16808,15.1707,8.87169,9.612
1982-05-05,186.1245,263.34298,230.02443,15.14738,8.85911,9.5982
1982-05-06,189.5839,268.26611,234.3207,15.32004,8.96107,9.70851
1982-05-07,191.3523,270.79808,236.52827,15.36638,8.98923,9.73884
1982-05-10,191.5287,271.07819,236.76891,15.32754,8.96758,9.71521
1982-05-11,191.0393,270.41624,236.18674,15.25187,8.92438,9.66824
1982-05-12,191.8725,271.62584,237.23919,15.31985,8.96519,9.71228
1982-05-13,190.6869,269.97845,235.79635,15.31442,8.96307,9.70981
1982-05-14,189.4041,268.19308,234.23305,15.36045,8.99106,9.73996
1982-05-17,189.9444,268.98819,234.92349,15.23576,8.91916,9.66189
1982-05-18,187.2891,265.25905,231.66269,15.23474,8.91962,9.66222
1982-05-19,186.8798,264.7094,231.17873,15.1852,8.89167,9.63178
1982-05-20,185.7239,263.10232,229.77132,NA,NA,NA
1982-05-21,185.8012,263.24146,229.88893,15.00276,8.78697,9.51802
1982-05-24,185.7888,263.25358,229.8956,14.96994,8.7688,9.49817
1982-05-25,184.8884,262.00773,228.80374,14.96519,8.76706,9.49611
1982-05-26,185.1517,262.4103,229.15141,15.01995,8.80016,9.5318
1982-05-27,183.4609,260.0441,227.08125,14.99045,8.78391,9.51403
1982-05-28,181.9615,257.94859,225.24755,14.93802,8.75424,9.48173
1982-05-31,182.1656,258.26694,225.5217,NA,NA,NA
1982-06-01,181.7199,257.66431,224.99166,15.03781,8.81477,9.54695
1982-06-02,180.4642,255.91328,223.45888,15.03062,8.8116,9.54334
1982-06-03,181.0673,256.79717,224.22687,14.96899,8.77652,9.50519
1982-06-04,180.7795,256.41805,223.89203,14.88924,8.73082,9.45552
1982-06-07,178.5574,253.29582,221.1621,14.86292,8.71642,9.43976
1982-06-08,178.3415,253.01818,220.91593,14.84199,8.70519,9.42742
1982-06-09,176.6734,250.68065,218.87127,14.88845,8.73345,9.45787
1982-06-10,174.1501,247.12939,215.76698,14.64481,8.59158,9.30407
1982-06-11,176.8552,250.99503,219.13832,14.78897,8.67712,9.39654
1982-06-14,174.2877,247.38028,215.97871,14.88398,8.73385,9.45781
1982-06-15,172.9636,245.5292,214.35896,14.86506,8.72379,9.44674
1982-06-16,171.4854,243.45898,212.54795,14.75774,8.66186,9.37951
1982-06-17,169.411,240.54204,209.9978,14.67136,8.6122,9.32557
1982-06-18,168.1487,238.77725,208.45358,14.59834,8.57037,9.28011
1982-06-21,165.0133,234.35273,204.58749,14.49932,8.51327,9.21812
1982-06-22,167.3382,237.68019,207.48881,14.5749,8.55863,9.26707
1982-06-23,166.2997,236.23228,206.22132,14.60007,8.57441,9.284
1982-06-24,167.4421,237.88133,207.65734,14.56271,8.55349,9.26118
1982-06-25,165.6771,235.4012,205.48885,14.58831,8.56953,9.27838
1982-06-28,164.7109,234.05524,204.31045,14.52159,8.53137,9.2369
1982-06-29,165.7031,235.49121,205.56044,14.49138,8.51463,9.21861
1982-06-30,167.972,238.74146,208.39404,14.62401,8.59352,9.30386
1982-07-01,166.5042,236.68263,206.59342,14.50982,8.52746,9.23217
1982-07-02,164.8017,234.28978,204.5013,14.37195,8.44746,9.1454
1982-07-05,164.4347,233.79457,204.06559,14.37594,8.4508,9.14886
1982-07-06,163.5348,232.54174,202.96862,14.33024,8.42494,9.1207
1982-07-07,161.7649,230.05176,200.7919,14.37711,8.45348,9.15143
1982-07-08,160.6123,228.43892,199.38081,14.23532,8.37113,9.06212
1982-07-09,162.9691,231.81594,202.32483,14.36803,8.45011,9.14747
1982-07-12,166.5919,236.9941,206.84072,14.5099,8.53449,9.23866
1982-07-13,164.7751,234.4368,204.60533,14.44195,8.49555,9.19634
1982-07-14,164.2055,233.65301,203.91781,14.48009,8.51898,9.22153
1982-07-15,164.6013,234.24242,204.42874,14.52419,8.54591,9.25053
1982-07-16,164.6909,234.39631,204.55956,14.52289,8.54616,9.25063
1982-07-19,167.7052,238.7118,208.32219,14.60535,8.59567,9.30405
1982-07-20,167.8354,238.924,208.50384,14.62735,8.60963,9.319
1982-07-21,169.2115,240.90942,210.23291,14.60265,8.59611,9.3042
1982-07-22,169.3279,241.10227,210.39762,14.61269,8.60303,9.31153
1982-07-23,171.8038,244.65398,213.49339,14.63,8.61424,9.3235
1982-07-26,171.2505,243.89383,212.82644,14.61117,8.60417,9.31243
1982-07-27,169.5076,241.43965,210.68131,14.58003,8.58686,9.29353
1982-07-28,168.1759,239.57048,209.04671,14.5433,8.56625,9.27106
1982-07-29,166.106,236.64951,206.49441,14.45252,8.51381,9.21414
1982-07-30,165.4806,235.78539,205.73691,14.38164,8.47308,9.16989
1982-08-02,167.1305,238.16227,207.80735,14.38741,8.47748,9.17449
1982-08-03,167.4309,238.61709,208.20067,14.39696,8.4841,9.1815
1982-08-04,164.637,234.66307,204.7472,14.41775,8.49735,9.19568
1982-08-05,163.2904,232.7706,203.09255,14.29234,8.42446,9.11663
1982-08-06,161.2346,229.86694,200.5557,14.28744,8.42257,9.11443
1982-08-09,157.7913,224.98487,196.29285,14.11701,8.32312,9.00664
1982-08-10,158.9384,226.64542,197.73828,14.0038,8.25738,8.93534
1982-08-11,156.9606,223.85126,195.29718,14.01419,8.26448,8.94287
1982-08-12,156.071,222.60807,194.20928,13.9021,8.19937,8.87225
1982-08-13,157.498,224.66804,196.00313,13.92533,8.21403,8.88797
1982-08-16,156.4534,223.20361,194.72223,13.94359,8.22577,8.90051
1982-08-17,156.6326,223.48437,194.96385,13.97297,8.24406,8.92014
1982-08-18,162.8912,232.43727,202.77076,14.26337,8.41626,9.10632
1982-08-19,162.0763,231.30092,201.77602,14.28781,8.43166,9.12282
1982-08-20,165.006,235.507,205.44172,14.37028,8.4813,9.17637
1982-08-23,166.397,237.51839,207.19282,14.50502,8.56177,9.26328
1982-08-24,168.0321,239.87858,209.24811,14.49189,8.55504,9.25583
1982-08-25,169.4597,241.94314,211.04546,14.57891,8.60739,9.31231
1982-08-26,170.6071,243.6082,212.49428,14.7566,8.71325,9.42667
1982-08-27,168.2515,240.27286,209.58138,14.68199,8.67024,9.37997
1982-08-30,165.4871,236.35307,206.1588,14.58541,8.61425,9.31924
1982-08-31,165.0426,235.74501,205.62493,14.61713,8.63399,9.34043
1982-09-01,166.8095,238.2948,207.84542,14.72525,8.69884,9.41042
1982-09-02,167.7741,239.69931,209.06691,14.66482,8.66418,9.37276
1982-09-03,169.9484,242.83201,211.79567,14.85022,8.77467,9.49212
1982-09-06,169.8722,242.75054,211.72101,14.96243,8.84197,9.56476
1982-09-07,170.4761,243.64068,212.49377,14.94946,8.83535,9.55743
1982-09-08,169.0219,241.59031,210.70194,14.92055,8.81932,9.53992
1982-09-09,168.8481,241.36918,210.50551,14.91939,8.81968,9.54013
1982-09-10,166.1051,237.4761,207.10673,14.77385,8.7347,9.44805
1982-09-13,164.4175,235.09069,205.0229,14.70826,8.69697,9.40707
1982-09-14,165.9721,237.33949,206.98056,14.78247,8.74185,9.45545
1982-09-15,166.204,237.69778,207.28951,14.73092,8.71241,9.42344
1982-09-16,165.3429,236.49336,206.23566,14.74528,8.72193,9.43357
1982-09-17,165.6964,237.02552,206.69623,14.7234,8.71002,9.42052
1982-09-20,166.1652,237.72269,207.30067,14.71188,8.70424,9.4141
1982-09-21,166.1553,237.73533,207.30817,14.77045,8.73991,9.45251
1982-09-22,168.5076,241.127,210.26218,14.92718,8.83362,9.5537
1982-09-23,167.353,239.50238,208.84197,14.88325,8.80868,9.52656
1982-09-24,166.5888,238.43597,207.90855,14.87543,8.80509,9.52251
1982-09-27,163.8171,234.4966,204.47009,14.70965,8.70803,9.41736
1982-09-28,163.5013,234.07109,204.0956,14.72558,8.71848,9.42851
1982-09-29,164.619,235.69721,205.50999,14.75787,8.73862,9.45012
1982-09-30,163.4683,234.07662,204.09349,14.67833,8.69257,9.40015
1982-10-01,162.7728,233.10733,203.2449,14.59393,8.64363,9.34706
1982-10-04,160.2117,229.46664,200.06722,14.49334,8.58509,9.28359
1982-10-05,160.4098,229.77617,200.3337,14.52226,8.60323,9.30304
1982-10-06,161.253,231.00961,201.40567,14.56704,8.63076,9.33265
1982-10-07,165.2272,236.7277,206.38748,14.83149,8.78836,9.50291
1982-10-08,169.3457,242.65372,211.55039,15.13454,8.96885,9.69792
1982-10-11,171.3733,245.5857,214.10292,15.2246,9.02324,9.75656
1982-10-12,173.6782,248.91561,217.00227,15.36404,9.10691,9.84685
1982-10-13,173.1962,248.25303,216.42097,15.42918,9.14657,9.88956
1982-10-14,172.8918,247.84481,216.06142,15.44651,9.15792,9.90166
1982-10-15,170.7969,244.87032,213.46476,15.28876,9.0655,9.80156
1982-10-18,172.5842,247.45974,215.71842,15.40256,9.13401,9.87546
1982-10-19,173.1953,248.36366,216.50271,15.4637,9.17132,9.91563
1982-10-20,171.5458,246.02679,214.46199,15.39206,9.12993,9.87071
1982-10-21,170.377,244.37864,213.02168,15.30855,9.08149,9.81816
1982-10-22,170.1598,244.09473,212.77058,15.27754,9.06418,9.79927
1982-10-25,167.039,239.6464,208.88957,15.13061,8.9781,9.70604
1982-10-26,165.0285,236.78963,206.39595,14.90328,8.84429,9.56121
1982-10-27,165.8106,237.93825,207.39361,14.9529,8.87477,9.59399
1982-10-28,164.8266,236.55336,206.183,14.95614,8.87774,9.59703
1982-10-29,163.6519,234.89452,204.73366,14.89969,8.84529,9.56178
1982-11-01,165.5369,237.62595,207.11085,15.02712,8.92194,9.64447
1982-11-02,167.7312,240.80186,209.87537,15.17029,9.00795,9.73728
1982-11-03,168.2135,241.52126,210.49879,15.25187,9.05742,9.79059
1982-11-04,169.5779,243.50702,212.22589,15.5017,9.20675,9.95184
1982-11-05,168.8057,242.42588,211.28005,15.43111,9.16593,9.90754
1982-11-08,167.4128,240.45329,209.55733,15.40147,9.14942,9.88952
1982-11-09,168.9645,242.70855,211.51922,15.52884,9.22612,9.97225
1982-11-10,173.3635,249.05333,217.04498,15.83217,9.4073,10.16792
1982-11-11,172.1123,247.28435,215.49969,15.83555,9.41043,10.17111
1982-11-12,171.6548,246.65506,214.94764,15.80912,9.39584,10.15517
1982-11-15,171.3686,246.27172,214.60993,15.80715,9.39577,10.15492
1982-11-16,171.0493,245.84073,214.23071,15.71526,9.34229,10.09693
1982-11-17,172.3228,247.69834,215.84581,15.81141,9.40051,10.15968
1982-11-18,172.5372,248.03438,216.13496,15.85196,9.42572,10.18675
1982-11-19,175.6158,252.48698,220.01118,16.0186,9.52586,10.2948
1982-11-22,176.3554,253.57853,220.95858,16.06503,9.55458,10.32565
1982-11-23,174.5082,250.95165,218.66591,16.00139,9.51787,10.2858
1982-11-24,176.3216,253.58707,220.95853,16.05845,9.55292,10.32349
1982-11-25,176.0506,253.226,220.64017,15.96419,9.498,10.26395
1982-11-26,175.2967,252.17041,219.71669,15.94947,9.49036,10.25552
1982-11-29,177.0779,254.76054,221.9697,15.89525,9.45924,10.22171
1982-11-30,176.1551,253.46194,220.8345,15.76164,9.38087,10.13684
1982-12-01,180.3034,259.45789,226.05478,15.97041,9.50615,10.27204
1982-12-02,180.4576,259.70899,226.2697,16.04528,9.55181,10.3212
1982-12-03,182.7221,262.99648,229.13001,16.0807,9.57401,10.34501
1982-12-06,183.9606,264.8083,230.70461,16.08807,9.57953,10.35079
1982-12-07,184.7836,266.02257,231.75856,16.11957,9.59941,10.37208
1982-12-08,183.3888,264.045,230.0318,16.15979,9.62448,10.39899
1982-12-09,180.7137,260.22396,226.69914,15.97459,9.51534,10.28088
1982-12-10,180.7178,260.2592,226.72599,15.98171,9.52071,10.2865
1982-12-13,179.0018,257.81781,224.59535,15.96679,9.51295,10.27793
1982-12-14,182.7547,263.25091,229.32445,16.13112,9.61192,10.38469
1982-12-15,180.8217,260.4968,226.92142,16.00275,9.53658,10.30311
1982-12-16,181.1426,260.98836,227.34576,15.87817,9.46349,10.22396
1982-12-17,182.0842,262.3741,228.549,15.91065,9.48396,10.24589
1982-12-20,181.3114,261.29037,227.60112,15.87299,9.46264,10.22268
1982-12-21,181.4978,261.58839,227.85684,15.82137,9.433,10.19047
1982-12-22,182.6127,263.22438,229.27798,15.90363,9.48313,10.24445
1982-12-23,184.1603,265.48428,231.24251,16.04844,9.57055,10.33871
1982-12-24,185.0848,266.84664,232.42521,NA,NA,NA
1982-12-27,187.532,270.40413,235.51981,16.21548,9.67237,10.44834
1982-12-28,189.1804,272.81089,237.61204,16.27049,9.70631,10.48482
1982-12-29,190.8571,275.25897,239.7402,16.42822,9.8015,10.58746
1982-12-30,190.6215,274.9503,239.46729,16.41978,9.79762,10.58308
1982-12-31,189.7777,273.76449,238.43046,16.38762,9.7796,10.56343
1983-01-03,191.4028,276.13908,240.49449,16.50749,9.85224,10.64171
1983-01-04,192.2857,277.44368,241.62658,16.46641,9.8289,10.61631
1983-01-05,194.0667,280.04409,243.88715,16.55617,9.88361,10.67521
1983-01-06,194.6822,280.96364,244.68382,16.62395,9.92521,10.71996
1983-01-07,195.8628,282.69874,246.19069,16.747,9.99981,10.80034
1983-01-10,197.292,284.79295,248.01024,16.76971,10.01455,10.81607
1983-01-11,193.5162,279.3758,243.28864,16.55143,9.88541,10.6764
1983-01-12,191.8628,277.02085,241.23378,16.45548,9.82928,10.6156
1983-01-13,193.8905,279.97906,243.8057,16.58345,9.90684,10.69917
1983-01-14,193.6596,279.67729,243.53878,16.66602,9.95731,10.75349
1983-01-17,195.5452,282.43128,245.93275,16.79371,10.03473,10.83691
1983-01-18,191.8541,277.13309,241.31516,16.66852,9.96113,10.75724
1983-01-19,190.3096,274.93381,239.39606,16.70448,9.98379,10.78152
1983-01-20,189.6025,273.94352,238.52973,16.63543,9.94371,10.73805
1983-01-21,190.1473,274.76136,239.23778,16.73593,10.00493,10.80397
1983-01-24,183.2901,264.88565,230.63504,16.46527,9.84433,10.63035
1983-01-25,186.0754,268.93978,234.16098,16.48516,9.85738,10.64426
1983-01-26,188.4408,272.38805,237.1593,16.53003,9.88536,10.67429
1983-01-27,186.9668,270.2886,235.32738,16.6152,9.93743,10.73033
1983-01-28,188.6363,272.732,237.4507,16.73155,10.00815,10.8065
1983-01-31,187.6501,271.33722,236.23235,16.71858,10.00158,10.79921
1983-02-01,187.6966,271.43503,236.31349,16.86655,10.09122,10.89582
1983-02-02,185.8921,268.85666,234.06477,16.75483,10.0256,10.82477
1983-02-03,186.9776,270.45656,235.45363,16.7893,10.0474,10.84812
1983-02-04,186.0554,269.15343,234.31518,16.78221,10.04435,10.84463
1983-02-07,186.746,270.18258,235.20712,16.78834,10.0492,10.84968
1983-02-08,189.8807,274.7472,239.17679,16.82585,10.07283,10.87499
1983-02-09,190.5233,275.70776,240.00892,16.84707,10.08672,10.88979
1983-02-10,191.1164,276.59692,240.77886,16.81414,10.0682,10.86961
1983-02-11,193.1331,279.54611,243.34201,16.94698,10.14888,10.95652
1983-02-14,193.8781,280.6557,244.30375,17.1238,10.25591,11.07188
1983-02-15,195.499,283.03317,246.36909,17.10968,10.24866,11.06386
1983-02-16,195.3364,282.82973,246.18783,17.18541,10.29521,11.11392
1983-02-17,194.6357,281.8473,245.32851,16.9861,10.17706,10.98617
1983-02-18,194.4026,281.54161,245.05827,17.06195,10.22368,11.03631
1983-02-21,193.6803,280.52753,244.17145,16.93455,10.14857,10.95503
1983-02-22,191.9228,278.01416,241.9797,16.81077,10.07562,10.87609
1983-02-23,191.0367,276.76222,240.88594,16.99676,10.18821,10.99743
1983-02-24,192.9343,279.54188,243.30115,17.04945,10.22097,11.03261
1983-02-25,194.4401,281.75462,245.22286,17.16618,10.29212,11.10921
1983-02-28,192.3492,278.75722,242.60998,17.02474,10.20856,11.01882
1983-03-01,190.791,276.53098,240.66834,16.9948,10.19182,11.00056
1983-03-02,192.4831,279.01408,242.82529,17.09996,10.25606,11.0697
1983-03-03,194.2245,281.56917,245.04482,17.23269,10.33682,11.15668
1983-03-04,194.9775,282.69228,246.01807,17.22454,10.33316,11.15253
1983-03-07,197.5308,286.42522,249.26249,17.37664,10.42557,11.25207
1983-03-08,194.5008,282.06487,245.46373,17.14257,10.28639,11.10166
1983-03-09,194.1888,281.64431,245.09358,17.1912,10.31677,11.13426
1983-03-10,195.9333,284.20561,247.31829,17.29983,10.38315,11.20569
1983-03-11,195.032,282.9306,246.20458,17.233,10.34427,11.16354
1983-03-14,196.3101,284.81618,247.84119,17.28927,10.37926,11.2011
1983-03-15,197.5453,286.63994,249.42396,17.23283,10.34661,11.16567
1983-03-16,198.0959,287.47099,250.14286,17.45023,10.47828,11.30757
1983-03-17,197.4823,286.61317,249.3922,17.35594,10.42292,11.24763
1983-03-18,196.6933,285.50065,248.41993,17.44063,10.47498,11.30361
1983-03-21,193.8439,281.39782,244.84583,NA,NA,NA
1983-03-22,196.9065,285.87436,248.73668,17.6524,10.60459,11.44307
1983-03-23,196.5674,285.41439,248.33224,17.82271,10.70809,11.55456
1983-03-24,198.978,288.9459,251.40065,17.90725,10.76012,11.6105
1983-03-25,198.6461,288.49662,251.00549,17.94307,10.7829,11.63487
1983-03-28,196.8823,285.96812,248.80136,17.87453,10.743,11.59162
1983-03-29,196.4422,285.36128,248.26917,17.84039,10.72376,11.57065
1983-03-30,197.3161,286.66261,249.39712,17.84994,10.73077,11.578
1983-03-31,199.335,289.6273,251.97213,18.03062,10.84059,11.69629
1983-04-01,199.335,289.65995,251.99626,NA,NA,NA
1983-04-04,199.2133,289.51581,251.86657,NA,NA,NA
1983-04-05,199.1825,289.5037,251.85176,17.96046,10.80226,11.65432
1983-04-06,201.614,293.06957,254.94954,18.0628,10.86505,11.72186
1983-04-07,201.0712,292.31377,254.28773,18.03931,10.85221,11.70779
1983-04-08,200.0804,290.90665,253.05936,18.0317,10.84892,11.70404
1983-04-11,202.8206,294.92259,256.54847,18.2354,10.97268,11.83735
1983-04-12,204.5771,297.50936,258.79427,18.37751,11.05943,11.93074
1983-04-13,204.6342,297.62593,258.89127,18.3945,11.07096,11.94296
1983-04-14,205.4921,298.90694,260.00114,18.58353,11.18597,12.06682
1983-04-15,206.5797,300.52227,261.40178,18.64357,11.2234,12.10699
1983-04-18,207.8374,302.38535,263.01787,18.82822,11.33582,12.22805
1983-04-19,206.91,301.07047,261.86973,18.73,11.27805,12.16551
1983-04-20,206.4532,300.43989,261.31682,18.77404,11.30588,12.19532
1983-04-21,207.8034,302.43816,263.05041,18.8517,11.35396,12.24697
1983-04-22,208.0171,302.7832,263.34604,18.84042,11.34851,12.24087
1983-04-25,209.8678,305.51051,265.71361,18.91377,11.39401,12.28973
1983-04-26,208.9515,304.21138,264.57922,18.90866,11.39228,12.28765
1983-04-27,210.419,306.38168,266.46225,19.04146,11.47359,12.37513
1983-04-28,209.5121,305.09603,265.33961,19.07295,11.49391,12.39683
1983-04-29,210.2199,306.1609,266.26119,19.07093,11.49405,12.39676
1983-05-02,211.7346,308.40087,268.20469,19.24175,11.5983,12.50898
1983-05-03,211.2022,307.66035,267.55615,19.12268,11.52792,12.43286
1983-05-04,211.3988,307.98136,267.83077,19.07231,11.49893,12.40137
1983-05-05,211.6027,308.31307,268.11468,19.07835,11.50393,12.40654
1983-05-06,211.7207,308.51972,268.28983,19.12199,11.53159,12.43615
1983-05-09,212.9739,310.38023,269.90315,19.1421,11.54507,12.45047
1983-05-10,211.3457,308.04288,267.86607,19.10877,11.52634,12.43005
1983-05-11,212.2107,309.33807,268.98777,19.12904,11.53993,12.44448
1983-05-12,211.6406,308.54211,268.29108,NA,NA,NA
1983-05-13,210.5778,307.02784,266.96982,19.05583,11.4985,12.39937
1983-05-16,208.8327,304.51863,264.7835,18.97597,11.4517,12.34867
1983-05-17,208.3092,303.78977,264.14526,18.99034,11.46171,12.35925
1983-05-18,210.6971,307.3056,267.19773,19.13706,11.55157,12.45593
1983-05-19,209.5526,305.67135,265.77227,19.12664,11.54664,12.4504
1983-05-20,208.8529,304.68541,264.91052,19.0711,11.5145,12.41552
1983-05-23,206.3299,301.03988,261.73647,NA,NA,NA
1983-05-24,207.6047,302.93334,263.37824,19.00904,11.47976,12.37762
1983-05-25,209.0499,305.07579,265.23644,19.11624,11.54582,12.44863
1983-05-26,210.3705,307.03693,266.93695,19.24963,11.6277,12.5367
1983-05-27,209.857,306.32227,266.3111,19.30621,11.66323,12.57478
1983-05-30,209.5898,305.96687,265.99761,19.30074,11.66131,12.57249
1983-05-31,208.6915,304.6903,264.8833,19.24771,11.63066,12.53922
1983-06-01,205.4185,299.94708,260.75536,19.15508,11.57608,12.48016
1983-06-02,205.7211,300.42265,261.16435,19.16833,11.58545,12.49004
1983-06-03,205.4194,300.01604,260.80645,19.18728,11.59827,12.50363
1983-06-06,205.1295,299.62656,260.46345,19.27002,11.64963,12.55878
1983-06-07,204.2771,298.41555,259.40632,19.20073,11.60913,12.5149
1983-06-08,203.5556,297.39545,258.51518,19.19119,11.60473,12.50994
1983-06-09,203.9088,297.94488,258.98838,19.07175,11.53391,12.43336
1983-06-10,204.5423,298.9039,259.8176,19.14386,11.57886,12.48159
1983-06-13,206.8617,302.32619,262.78791,19.31768,11.68529,12.59611
1983-06-14,205.9779,301.06891,261.69061,19.4108,11.74297,12.65807
1983-06-15,204.628,299.13021,260.00107,19.37753,11.72424,12.63765
1983-06-16,207.3905,303.20125,263.53511,19.4868,11.7917,12.71014
1983-06-17,210.1174,307.22115,267.02457,19.68328,11.91191,12.8395
1983-06-20,211.1807,308.8101,268.40107,19.82956,12.00179,12.93615
1983-06-21,212.6069,310.92995,270.23894,19.98818,12.09915,13.04087
1983-06-22,214.3117,313.45761,272.43119,19.93544,12.06867,13.00778
1983-06-23,214.6388,313.97127,272.87298,19.97476,12.09389,13.03473
1983-06-24,215.3214,315.00493,273.76668,20.02045,12.12296,13.06584
1983-06-27,216.2479,316.39554,274.97058,20.05306,12.14413,13.08843
1983-06-28,212.5059,310.9574,270.23987,19.95624,12.08695,13.02657
1983-06-29,211.8506,310.03379,269.43262,19.84342,12.02008,12.95426
1983-06-30,212.964,311.69776,270.87409,19.95442,12.08869,13.02798
1983-07-01,213.6027,312.66749,271.7122,19.96056,12.09384,13.0333
1983-07-04,212.565,311.18413,270.41854,19.98649,12.11097,13.05153
1983-07-05,211.5844,309.78399,269.19726,19.98195,12.10965,13.04988
1983-07-06,212.3383,310.92245,270.18197,20.03956,12.14598,13.08879
1983-07-07,212.7122,311.50487,270.68348,20.06805,12.16468,13.10871
1983-07-08,212.0511,310.57207,269.86834,20.05775,12.15987,13.1033
1983-07-11,210.7774,308.74204,268.2736,20.00292,12.12808,13.06881
1983-07-12,210.0243,307.67398,267.341,19.98591,12.11921,13.05901
1983-07-13,209.1724,306.46097,266.28248,19.90257,12.07013,13.00589
1983-07-14,210.2526,308.07775,267.68275,19.93048,12.08847,13.02543
1983-07-15,208.8011,305.98613,265.86086,19.9376,12.09421,13.03139
1983-07-18,209.1833,306.58058,266.37284,19.91495,12.08191,13.01789
1983-07-19,209.8252,307.5557,267.21553,20.00112,12.13558,13.0755
1983-07-20,212.7571,311.88682,270.97397,20.15646,12.23121,13.17831
1983-07-21,214.9192,315.09071,273.75293,20.2923,12.31504,13.26839
1983-07-22,213.9391,313.68965,272.53105,20.34454,12.34818,13.30387
1983-07-25,212.7108,311.92442,270.99284,20.40182,12.38438,13.34264
1983-07-26,214.2268,314.18215,272.94967,20.44867,12.41427,13.3746
1983-07-27,215.402,315.94069,274.47276,20.70985,12.5742,13.54667
1983-07-28,215.1125,315.55179,274.13025,20.70106,12.57035,13.54228
1983-07-29,212.9757,312.45356,271.43411,20.64039,12.53501,13.50397
1983-08-01,209.8047,307.83766,267.41967,20.48987,12.44511,13.40688
1983-08-02,211.4723,310.31857,269.57027,20.61179,12.52059,13.48796
1983-08-03,211.3283,310.1423,269.41257,20.62421,12.52961,13.49743
1983-08-04,211.4346,310.33323,269.57385,20.62495,12.53154,13.49927
1983-08-05,208.3197,305.79731,265.62918,20.58293,12.5075,13.47314
1983-08-08,207.8549,305.14966,265.0621,20.55401,12.49141,13.45557
1983-08-09,207.5693,304.76487,264.72337,20.45077,12.43017,13.38936
1983-08-10,206.5075,303.2406,263.39489,20.54473,12.48871,13.45219
1983-08-11,206.5155,303.28653,263.43031,20.70572,12.58799,13.55889
1983-08-12,206.8133,303.75796,263.83531,20.66122,12.56244,13.53113
1983-08-15,210.3311,308.95775,268.34714,20.868,12.68957,13.66782
1983-08-16,212.4371,312.08536,271.05904,20.84437,12.67671,13.65373
1983-08-17,214.2786,314.82519,273.43405,20.80767,12.65589,13.63107
1983-08-18,215.9701,317.34529,275.61815,20.84599,12.68069,13.65753
1983-08-19,215.433,316.59204,274.95927,20.96849,12.75666,13.73911
1983-08-22,216.8783,318.75118,276.82978,20.98211,12.76645,13.74941
1983-08-23,216.2476,317.86038,276.05145,20.77203,12.64017,13.61317
1983-08-24,214.7171,315.64705,274.1246,20.81881,12.67011,13.64517
1983-08-25,213.7288,314.23012,272.88942,20.71097,12.606,13.57589
1983-08-26,211.5951,311.12921,270.1919,20.66714,12.58082,13.54853
1983-08-29,210.1402,309.02549,268.36042,20.68943,12.59587,13.5645
1983-08-30,209.8938,308.69807,268.07153,20.70908,12.60932,13.57874
1983-08-31,209.1094,307.5795,267.09564,20.73694,12.62777,13.59836
1983-09-01,210.6858,309.93234,269.13423,20.77006,12.64941,13.62144
1983-09-02,209.0512,307.56323,267.07244,20.7017,12.60929,13.57799
1983-09-05,211.2241,310.79397,269.87328,20.79125,12.6653,13.63806
1983-09-06,211.8823,311.79725,270.73986,20.78262,12.66154,13.63376
1983-09-07,212.0471,312.07486,270.97632,20.95121,12.76568,13.74567
1983-09-08,212.5091,312.78982,271.59251,20.91774,12.7468,13.7251
1983-09-09,212.0314,312.12213,271.00815,20.79724,12.67491,13.64744
1983-09-12,214.4105,315.65864,274.07417,20.92012,12.75125,13.72941
1983-09-13,211.8018,311.8545,270.76659,20.83585,12.70141,13.6755
1983-09-14,210.268,309.63182,268.8322,20.72154,12.63326,13.60187
1983-09-15,210.3504,309.78804,268.96326,20.74434,12.64864,13.61819
1983-09-16,209.6211,308.74916,268.05674,20.60919,12.56776,13.53087
1983-09-19,210.2787,309.75231,268.92311,20.6084,12.56876,13.53171
1983-09-20,212.2593,312.70406,271.48117,20.75869,12.66186,13.6317
1983-09-21,212.2903,312.78497,271.54681,20.79823,12.68745,13.65902
1983-09-22,212.4972,313.12501,271.8374,20.84538,12.7177,13.69134
1983-09-23,213.7809,315.05145,273.50518,20.95409,12.78549,13.76407
1983-09-26,216.927,319.72229,277.55536,21.13359,12.89646,13.8833
1983-09-27,215.8101,318.11255,276.15324,21.10102,12.87811,13.8633
1983-09-28,217.2414,320.2577,278.01072,21.15189,12.91067,13.8981
1983-09-29,216.6901,319.48127,277.332,21.16725,12.92157,13.90959
1983-09-30,216.7546,319.61236,277.44109,21.07504,12.86682,13.85041
1983-10-03,216.5402,319.33233,277.1933,21.01752,12.83324,13.81401
1983-10-04,215.5531,317.91299,275.95657,21.01199,12.83138,13.81177
1983-10-05,217.3524,320.60193,278.28591,20.97215,12.80858,13.78698
1983-10-06,218.8159,322.79626,280.18586,20.99702,12.82527,13.8047
1983-10-07,221.1438,326.26593,283.19271,21.16451,12.92903,13.91615
1983-10-10,220.1337,324.8128,281.92663,21.06302,12.86858,13.85084
1983-10-11,219.5665,324.0127,281.2274,21.03765,12.85461,13.83555
1983-10-12,217.6296,321.1916,278.77409,21.05723,12.86809,13.84981
1983-10-13,216.4622,319.50529,277.30577,20.87902,12.76074,13.73403
1983-10-14,213.8185,315.63997,273.94633,20.76058,12.68988,13.65752
1983-10-17,215.5968,318.30006,276.25035,20.75484,12.68787,13.65512
1983-10-18,215.5202,318.22288,276.17868,20.67602,12.64121,13.60465
1983-10-19,213.9073,315.8778,274.13878,20.58508,12.58712,13.5462
1983-10-20,215.5541,318.34466,276.27499,20.73401,12.67962,13.64551
1983-10-21,216.5118,319.79461,277.52861,20.76162,12.698,13.66505
1983-10-24,213.6698,315.63385,273.91313,20.68128,12.65038,13.61356
1983-10-25,215.0916,317.76922,275.76156,20.74922,12.69341,13.65962
1983-10-26,214.9716,317.6278,275.63416,20.82175,12.73925,13.70872
1983-10-27,215.892,319.02321,276.84038,20.96921,12.83093,13.80713
1983-10-28,215.8988,319.06922,276.8756,20.92125,12.80311,13.77695
1983-10-31,216.0981,319.39966,277.15764,21.02099,12.86562,13.84397
1983-11-01,215.2784,318.22441,276.13313,21.07615,12.90089,13.88168
1983-11-02,215.5231,318.62192,276.47337,21.12485,12.93221,13.91513
1983-11-03,216.6214,320.28114,277.90838,21.1853,12.97072,13.95633
1983-11-04,215.5124,318.67794,276.51259,21.21086,12.98789,13.97455
1983-11-07,214.41,317.08412,275.12498,21.20724,12.98721,13.97357
1983-11-08,214.7411,317.60941,275.57608,21.23245,13.00418,13.99158
1983-11-09,215.3064,318.48112,276.32773,21.2657,13.02607,14.01489
1983-11-10,216.2167,319.86322,277.52219,21.27517,13.03341,14.02253
1983-11-11,217.0121,321.07568,278.56942,21.36098,13.08748,14.08046
1983-11-14,218.0026,322.577,279.86724,21.43323,13.13328,14.12948
1983-11-15,218.1644,322.85273,280.1017,21.55818,13.21134,14.21322
1983-11-16,218.4859,323.36479,280.54119,21.55936,13.21363,14.21543
1983-11-17,217.254,321.57842,278.98666,21.56253,13.21714,14.21895
1983-11-18,216.3576,320.28814,277.86255,21.52468,13.19551,14.19543
1983-11-21,216.3787,320.35548,277.91625,21.59876,13.24246,14.24568
1983-11-22,217.2234,321.6419,279.02751,21.63915,13.26877,14.27374
1983-11-23,217.6002,322.23596,279.53812,21.64315,13.27279,14.27781
1983-11-24,217.2847,321.80518,279.15968,21.71254,13.31689,14.32499
1983-11-25,218.018,322.92725,280.12829,21.8485,13.4018,14.41608
1983-11-28,218.772,324.08021,281.12367,21.88209,13.42397,14.43968
1983-11-29,217.6127,322.3998,279.66125,21.86819,13.41704,14.43196
1983-11-30,220.7603,327.09828,283.73207,22.00197,13.50066,14.52166
1983-12-01,220.2543,326.3856,283.10907,21.95154,13.47132,14.48984
1983-12-02,220.739,327.14049,283.75904,22.05508,13.53641,14.5596
1983-12-05,220.3,326.52691,283.22202,22.20498,13.62996,14.65997
1983-12-06,220.6314,327.05481,283.67509,22.28945,13.68339,14.71718
1983-12-07,220.4345,326.79987,283.44916,22.25342,13.6629,14.69488
1983-12-08,221.2131,327.99074,284.47722,22.35632,13.72766,14.76427
1983-12-09,218.9855,324.7256,281.64049,22.24957,13.66375,14.69527
1983-12-12,219.0737,324.89297,281.78086,22.27206,13.67918,14.7116
1983-12-13,217.5334,322.64581,279.82714,22.1694,13.61776,14.64529
1983-12-14,218.1697,323.62572,280.67224,22.41462,13.7699,14.80866
1983-12-15,219.166,325.13973,281.98051,22.36851,13.74322,14.77969
1983-12-16,219.2475,325.29727,282.11235,22.52258,13.83945,14.88292
1983-12-19,218.2568,323.86438,280.86492,22.36309,13.74311,14.77906
1983-12-20,220.3812,327.05246,283.6249,22.57523,13.87502,14.92066
1983-12-21,221.212,328.32197,284.72101,22.72439,13.96828,15.02068
1983-12-22,222.9535,330.94309,286.98917,22.82474,14.03158,15.08849
1983-12-23,223.1815,331.31876,287.31006,22.82851,14.03556,15.0925
1983-12-26,223.1815,331.35611,287.33757,NA,NA,NA
1983-12-27,225.9574,335.51383,290.93803,23.08702,14.19774,15.26636
1983-12-28,227.1662,337.34612,292.52191,23.14828,14.23707,15.30838
1983-12-29,228.7747,339.77223,294.62066,23.1429,14.23544,15.30636
1983-12-30,229.4669,340.83833,295.54007,23.17366,14.25604,15.32823
1984-01-02,229.9863,341.64807,296.23716,23.25702,14.30898,15.38488
1984-01-03,229.3184,340.69464,295.40544,23.36759,14.37865,15.45953
1984-01-04,227.8703,338.58212,293.56876,23.55311,14.49444,15.58374
1984-01-05,229.9436,341.70017,296.26725,23.77035,14.62975,15.72896
1984-01-06,231.5231,344.08529,298.33018,24.00786,14.77757,15.88761
1984-01-09,231.7369,344.44176,298.63417,24.28917,14.95236,16.07526
1984-01-10,231.9636,344.81747,298.95484,24.11037,14.84409,15.95857
1984-01-11,231.2277,343.76267,298.03527,24.1782,14.88758,16.00505
1984-01-12,231.9821,344.92271,299.03593,24.38827,15.01861,16.14563
1984-01-13,235.0837,349.5721,303.06164,24.63996,15.17528,16.31378
1984-01-16,235.4243,350.11787,303.52964,24.43968,15.05376,16.18286
1984-01-17,234.9215,349.40976,302.91061,24.23698,14.93072,16.0503
1984-01-18,235.5636,350.40396,303.76734,24.53031,15.11307,16.24605
1984-01-19,237.2352,352.92939,305.95146,24.54537,15.12413,16.25765
1984-01-20,236.7604,352.26299,305.36858,24.57839,15.14625,16.28114
1984-01-23,236.1969,351.46451,304.67122,24.65462,15.19499,16.33325
1984-01-24,235.2096,350.03535,303.42719,24.60687,15.16738,16.30327
1984-01-25,238.1802,354.49455,307.28741,24.90518,15.35292,16.50243
1984-01-26,238.779,355.42552,308.08918,24.86205,15.32816,16.47552
1984-01-27,238.8083,355.5092,308.15648,24.8899,15.34713,16.49563
1984-01-30,240.0422,357.38572,309.77779,24.99046,15.41092,16.56389
1984-01-31,239.2602,356.26201,308.79853,24.95256,15.38938,16.54044
1984-02-01,239.9266,357.29422,309.68796,24.90089,15.35934,16.50787
1984-02-02,240.3972,358.03514,310.32489,24.66491,15.21564,16.35313
1984-02-03,241.5435,359.78234,311.83397,24.66746,15.21901,16.35646
1984-02-06,238.9355,355.93911,308.4977,24.42499,15.07125,16.19737
1984-02-07,235.1397,350.32589,303.62751,24.18784,14.92674,16.04177
1984-02-08,236.766,352.78777,305.75602,24.21506,14.94529,16.06143
1984-02-09,236.4129,352.30154,305.32943,24.02024,14.82685,15.93386
1984-02-10,234.4202,349.37241,302.7857,23.96342,14.79355,15.89779
1984-02-13,234.8712,350.08379,303.39708,23.92467,14.77138,15.87369
1984-02-14,233.473,348.03967,301.62044,23.86368,14.73549,15.83483
1984-02-15,236.5937,352.72983,305.67987,23.71574,14.64591,15.73829
1984-02-16,238.1023,355.01818,307.65775,23.69363,14.63399,15.7252
1984-02-17,238.461,355.59291,308.15058,23.86856,14.7437,15.84282
1984-02-20,238.0364,354.99999,307.63154,23.85177,14.73508,15.83327
1984-02-21,237.685,354.51607,307.20697,23.95151,14.7984,15.90103
1984-02-22,238.273,355.43285,307.99619,23.72757,14.66182,15.75399
1984-02-23,238.1097,355.22939,307.81465,23.5291,14.54095,15.62384
1984-02-24,239.6058,357.50089,309.7777,23.51017,14.53098,15.61285
1984-02-27,240.7549,359.25529,311.29261,23.67851,14.63668,15.72615
1984-02-28,241.6806,360.67679,312.51903,23.44949,14.49688,15.57566
1984-02-29,240.9517,359.62992,311.60665,23.4005,14.46832,15.5447
1984-03-01,239.7629,357.89654,310.09947,23.31484,14.41709,15.48938
1984-03-02,244.8035,365.45924,316.6468,23.63725,14.61803,15.705
1984-03-05,249.5136,372.5303,322.76794,23.95094,14.81362,15.91487
1984-03-06,249.8174,373.02578,323.19174,23.92789,14.80112,15.90116
1984-03-07,248.6344,371.30179,321.6926,23.62508,14.6156,15.70157
1984-03-08,246.8612,368.69622,319.42974,23.80294,14.72729,15.82129
1984-03-09,247.0697,369.04912,319.73005,23.8148,14.73637,15.83076
1984-03-12,247.6511,369.95896,320.51286,24.14933,14.94498,16.05459
1984-03-13,251.7512,376.12421,325.84858,24.34184,15.0658,16.18411
1984-03-14,256.1291,382.70576,331.54476,24.45118,15.13522,16.2584
1984-03-15,254.1956,379.86054,329.07431,24.61235,15.23671,16.36714
1984-03-16,255.1935,381.39424,330.39734,25.0367,15.50104,16.6508
1984-03-19,253.339,378.66626,328.02856,25.00739,15.48473,16.63299
1984-03-20,254.4109,380.31074,329.44753,25.04222,15.50812,16.65781
1984-03-21,253.2565,378.62834,327.98457,25.14774,15.57526,16.72964
1984-03-22,252.514,377.56122,327.05463,24.96428,15.46351,16.60931
1984-03-23,253.2416,378.69144,328.02809,24.95651,15.46053,16.60581
1984-03-26,255.0741,381.47375,330.43256,24.87317,15.41075,16.55205
1984-03-27,256.5336,383.69897,332.35441,24.87042,15.41086,16.55188
1984-03-28,256.8874,384.27129,332.84449,25.06754,15.53475,16.68465
1984-03-29,260.2792,389.38709,337.26992,25.16641,15.59783,16.7521
1984-03-30,263.0876,393.63144,340.9404,25.56809,15.84846,17.021
1984-04-02,264.7456,396.15592,343.12113,25.67847,15.91871,17.09615
1984-04-03,261.1691,390.85,338.5198,25.61694,15.88247,17.05692
1984-04-04,261.4511,391.31599,338.91764,25.66267,15.91268,17.08907
1984-04-05,262.2985,392.62811,340.04829,25.64646,15.90452,17.08
1984-04-06,258.8762,387.55074,335.64518,25.49977,15.81546,16.98405
1984-04-09,260.0632,389.371,337.21593,25.48156,15.80604,16.97363
1984-04-10,258.7419,387.43708,335.53536,25.46853,15.79983,16.96666
1984-04-11,262.2067,392.66766,340.05946,25.66451,15.9232,17.09885
1984-04-12,262.726,393.48942,340.76534,25.71233,15.95473,17.13241
1984-04-13,262.9233,393.82922,341.05382,25.80415,16.01356,17.19528
1984-04-16,260.2348,389.84744,337.5999,25.68202,15.93969,17.11565
1984-04-17,259.7036,389.09581,336.94328,25.6417,15.91657,17.09051
1984-04-18,259.6977,389.13084,336.96789,25.71402,15.96331,17.1404
1984-04-19,258.0131,386.65108,334.81487,25.58055,15.88237,17.05319
1984-04-20,258.0129,386.69438,334.84667,NA,NA,NA
1984-04-23,258.5217,387.50035,335.53888,NA,NA,NA
1984-04-24,255.8238,383.50103,332.07021,25.59116,15.89458,17.0654
1984-04-25,257.6687,386.30926,334.49615,25.80969,16.03211,17.21275
1984-04-26,257.9296,386.74387,334.86679,25.901,16.09069,17.27535
1984-04-27,259.1979,388.68873,336.54505,26.12251,16.23012,17.42474
1984-04-30,258.2407,387.29748,335.33475,26.19343,16.27608,17.47377
1984-05-01,258.0034,386.98534,335.0588,NA,NA,NA
1984-05-02,260.1994,390.322,337.942,26.50145,16.47123,17.68266
1984-05-03,260.8681,391.36888,338.84264,26.51463,16.48136,17.69323
1984-05-04,261.8867,392.9408,340.19781,26.4509,16.44372,17.6525
1984-05-07,258.9484,388.57738,336.41437,26.59439,16.53481,17.74998
1984-05-08,255.9301,384.09293,332.52628,26.47962,16.46543,17.67519
1984-05-09,255.2378,383.09749,331.65886,26.43417,16.43913,17.64664
1984-05-10,251.6098,377.69643,326.97747,26.09399,16.22956,17.42137
1984-05-11,250.2571,375.70892,325.25132,25.81916,16.06058,17.23968
1984-05-14,246.021,369.39301,319.77823,25.3165,15.74983,16.90582
1984-05-15,246.3375,369.90975,320.22013,25.32412,15.75644,16.91261
1984-05-16,248.36,372.98779,322.87922,25.34501,15.77129,16.92825
1984-05-17,245.4506,368.66145,319.12869,25.17412,15.66685,16.81585
1984-05-18,240.3976,361.1151,312.59098,24.86025,15.47341,16.60792
1984-05-21,241.0841,362.1868,313.51335,24.81458,15.44682,16.57909
1984-05-22,238.544,358.41242,310.24094,24.4268,15.20729,16.32172
1984-05-23,239.1599,359.378,311.07146,24.48087,15.24273,16.35947
1984-05-24,238.6187,358.60546,310.39749,24.6245,15.33391,16.45704
1984-05-25,237.3123,356.68303,308.72826,24.18217,15.06031,16.16312
1984-05-28,236.3283,355.24463,307.47802,24.10541,15.01431,16.11346
1984-05-29,236.8471,356.06434,308.18228,24.2679,15.11723,16.22363
1984-05-30,234.8627,353.12191,305.63035,23.96469,14.93018,16.02261
1984-05-31,231.543,348.17155,301.34066,NA,NA,NA
1984-06-01,233.8716,351.71147,304.39928,23.58429,14.69676,15.77155
1984-06-04,238.8159,359.1849,310.86211,23.89264,14.89052,15.97921
1984-06-05,240.399,361.60584,312.95203,24.08562,15.01247,16.1098
1984-06-06,239.9764,361.01109,312.432,24.14748,15.05278,16.15277
1984-06-07,240.0057,361.09586,312.50005,24.12139,15.03831,16.13695
1984-06-08,239.8551,360.91004,312.33394,24.20813,15.09413,16.19657
1984-06-11,240.2179,361.49651,312.83616,NA,NA,NA
1984-06-12,237.1612,356.93833,308.88632,24.12266,15.04442,16.14266
1984-06-13,235.9969,355.22665,307.39985,23.98089,14.95781,16.04944
1984-06-14,234.3932,352.85333,305.34089,23.80057,14.84714,15.9304
1984-06-15,231.3018,348.24036,301.34396,23.6649,14.7643,15.84123
1984-06-18,229.9477,346.2414,299.60911,23.61888,14.73734,15.81203
1984-06-19,231.7341,348.96964,301.96478,23.91699,14.92497,16.01307
1984-06-20,230.7968,347.59783,300.77263,23.75279,14.8243,15.90478
1984-06-21,229.926,346.32583,299.6669,23.93429,14.93926,16.02784
1984-06-22,229.036,345.02462,298.53593,23.79719,14.85548,15.93767
1984-06-25,227.6876,343.03273,296.80739,23.85279,14.89192,15.97649
1984-06-26,228.5531,344.37505,297.96376,23.80324,14.86276,15.94492
1984-06-27,228.7901,344.77089,298.30119,23.85467,14.89662,15.98096
1984-06-28,229.4402,345.78918,299.17715,23.98829,14.98177,16.07202
1984-06-29,230.7931,347.86663,300.96945,23.98871,14.9838,16.07392
1984-07-02,229.1185,345.38235,298.81502,23.93968,14.95496,16.0427
1984-07-03,227.55,343.05741,296.79851,23.90729,14.9365,16.02261
1984-07-04,228.1846,344.05259,297.65444,23.98602,14.98743,16.07696
1984-07-05,227.6514,343.28762,296.98759,24.11191,15.06782,16.16291
1984-07-06,226.1211,341.01923,295.02013,23.90742,14.94184,16.02749
1984-07-09,222.9933,336.34158,290.96851,23.71772,14.82509,15.90197
1984-07-10,223.0998,336.54009,291.1353,23.59096,14.74764,15.81861
1984-07-11,221.2364,333.76778,288.73212,23.56084,14.73056,15.8
1984-07-12,218.993,330.42166,285.83265,23.36957,14.61275,15.67336
1984-07-13,219.7276,331.56703,286.81859,23.37633,14.6187,15.67947
1984-07-16,220.7815,333.19435,288.22139,23.2869,14.56453,15.62109
1984-07-17,220.4041,332.66249,287.75644,23.40957,14.64292,15.70489
1984-07-18,218.8919,330.41811,285.81017,23.32305,14.59055,15.64845
1984-07-19,217.6701,328.61147,284.24261,23.22246,14.52938,15.58256
1984-07-20,216.3059,326.58949,282.48884,23.07398,14.43822,15.48452
1984-07-23,210.6345,318.06508,275.11089,22.54668,14.11,15.13225
1984-07-24,211.037,318.70859,275.66281,22.67106,14.18946,15.2172
1984-07-25,212.2893,320.63529,277.32458,22.69766,14.20777,15.23657
1984-07-26,215.829,326.0164,281.97403,22.90326,14.33807,15.37604
1984-07-27,215.2969,325.24959,281.30604,23.03396,14.42153,15.46528
1984-07-30,213.9461,323.24607,279.56846,23.10832,14.46977,15.51673
1984-07-31,215.5453,325.69812,281.6844,23.29007,14.58522,15.64026
1984-08-01,214.7335,324.50846,280.65075,23.35027,14.62462,15.68224
1984-08-02,219.8263,332.23952,287.33206,23.82657,14.92446,16.0035
1984-08-03,226.7971,342.80995,296.46869,24.26743,15.20218,16.30104
1984-08-06,229.7095,347.24971,300.30318,24.54764,15.3794,16.49079
1984-08-07,225.9933,341.67231,295.47483,24.60027,15.41417,16.52778
1984-08-08,226.614,342.64903,296.31445,24.62934,15.4342,16.54897
1984-08-09,226.9093,343.13406,296.72885,24.58472,15.40807,16.52065
1984-08-10,230.6443,348.81947,301.64026,24.74561,15.51067,16.63037
1984-08-13,228.8116,346.0877,299.27289,24.87789,15.59537,16.72089
1984-08-14,230.8713,349.24136,301.99483,24.92996,15.62984,16.75755
1984-08-15,230.6503,348.9465,301.73474,24.72087,15.50063,16.61873
1984-08-16,230.9955,349.50797,302.21511,24.65355,15.46027,16.57516
1984-08-17,231.8392,350.82363,303.34759,24.77206,15.53637,16.65646
1984-08-20,232.7027,352.16953,304.50619,24.94084,15.644,16.77155
1984-08-21,232.0841,351.27327,303.72607,24.99312,15.67862,16.80837
1984-08-22,233.1465,352.9205,305.14515,25.114,15.75626,16.89131
1984-08-23,233.1493,352.96452,305.17803,24.98551,15.67754,16.80662
1984-08-24,233.3302,353.27812,305.44399,25.04021,15.7137,16.84508
1984-08-27,232.6589,352.30179,304.59468,24.97137,15.67237,16.80048
1984-08-28,232.5166,352.12608,304.4376,25.072,15.73734,16.86984
1984-08-29,233.925,354.29817,306.31032,25.16543,15.79782,16.93436
1984-08-30,233.5447,353.76225,305.84179,25.14717,15.78823,16.92378
1984-08-31,233.3563,353.51683,305.62442,25.16254,15.79974,16.93582
1984-09-03,232.2338,351.85657,304.18393,25.16487,15.80307,16.93909
1984-09-04,229.8747,348.32277,301.12381,25.03581,15.72392,16.85395
1984-09-05,227.7922,345.20719,298.42534,25.03408,15.72469,16.85448
1984-09-06,227.0929,344.18661,297.53801,25.01973,15.71754,16.84651
1984-09-07,227.2227,344.42209,297.73652,25.17005,15.81378,16.94936
1984-09-10,225.221,341.42744,295.14279,25.11139,15.7788,16.91158
1984-09-11,226.561,343.49684,296.92661,25.34193,15.92543,17.06844
1984-09-12,227.6202,345.14107,298.34286,25.3586,15.93779,17.08138
1984-09-13,227.861,345.54502,298.68696,25.63485,16.11318,17.26907
1984-09-14,229.7102,348.38757,301.13893,25.84636,16.24796,17.41321
1984-09-17,227.3969,344.91918,298.13587,25.91045,16.29014,17.45811
1984-09-18,225.354,341.86006,295.48666,26.17363,16.45742,17.63709
1984-09-19,227.2569,344.78458,298.00942,26.16919,16.45658,17.63587
1984-09-20,226.4847,343.65218,297.0256,26.07309,16.39811,17.5729
1984-09-21,227.7291,345.57863,298.6856,26.80708,16.86135,18.06905
1984-09-24,230.1531,349.29512,301.89266,25.7955,16.22698,17.38897
1984-09-25,228.2029,346.37542,299.3641,26.17356,16.46656,17.64541
1984-09-26,228.8467,347.39142,300.23711,26.3777,16.59686,17.78473
1984-09-27,231.813,351.93237,304.15652,26.25971,16.52461,17.707
1984-09-28,230.86,350.52556,302.93554,26.10576,16.42972,17.605
1984-10-01,229.2068,348.05552,300.79575,26.08113,16.41617,17.59016
1984-10-02,227.9377,346.16804,299.15948,25.90498,16.30727,17.47317
1984-10-03,229.2925,348.26411,300.9658,25.78548,16.234,17.39435
1984-10-04,230.7474,350.51263,302.9038,26.19225,16.49184,17.67033
1984-10-05,232.0102,352.46992,304.59007,26.31058,16.56825,17.75189
1984-10-08,231.1232,351.16244,303.45505,26.2813,16.55178,17.73393
1984-10-09,229.9097,349.3587,301.89123,26.35846,16.60231,17.78775
1984-10-10,229.0185,348.04418,300.7502,26.48149,16.68172,17.87251
1984-10-11,229.1467,348.2782,300.94732,26.55141,16.72771,17.92147
1984-10-12,229.305,348.55801,301.18398,26.60664,16.76446,17.96053
1984-10-15,228.811,347.84657,300.56414,26.79857,16.8873,18.09182
1984-10-16,227.6977,346.1937,299.13086,26.68313,16.81658,18.01573
1984-10-17,226.278,344.0747,297.29488,26.30288,16.57896,17.76086
1984-10-18,225.4799,342.90019,296.27503,26.42694,16.65907,17.84637
1984-10-19,229.4521,348.97815,301.52142,26.37836,16.63044,17.81537
1984-10-22,232.9576,354.34779,306.15566,26.92952,16.97964,18.18917
1984-10-23,234.263,356.37288,307.90011,26.80608,16.90385,18.10765
1984-10-24,236.7832,360.24599,311.24112,26.80457,16.9049,18.10845
1984-10-25,236.5149,359.8785,310.91835,26.93838,16.99123,18.20061
1984-10-26,234.3553,356.63379,308.10984,26.62347,16.79466,17.98973
1984-10-29,232.8442,354.37498,306.15317,26.69856,16.84398,18.04225
1984-10-30,234.7873,357.3715,308.7367,26.89185,16.96785,18.17461
1984-10-31,236.1966,359.55638,310.61896,26.82536,16.92792,18.13151
1984-11-01,236.5627,360.15409,311.13004,26.77961,16.90106,18.10243
1984-11-02,241.925,368.35655,318.21058,26.70312,16.8548,18.05256
1984-11-05,243.5447,370.86365,320.37094,26.77582,16.90266,18.1035
1984-11-06,242.1959,368.85201,318.62777,26.76837,16.89995,18.10028
1984-11-07,242.2469,368.97125,318.72536,26.48335,16.72205,17.90942
1984-11-08,240.9179,366.98909,317.00775,26.54638,16.76381,17.95382
1984-11-09,240.4629,366.33753,316.43955,26.71815,16.87419,18.07173
1984-11-12,240.1843,365.95449,316.10332,26.5636,16.77861,17.96905
1984-11-13,242.3536,369.30018,318.98784,26.57147,16.78557,17.97617
1984-11-14,240.677,366.78758,316.81217,26.58995,16.79921,17.99047
1984-11-15,239.5532,365.11668,315.36357,26.61707,16.81833,18.01062
1984-11-16,239.6918,365.36904,315.57619,26.59005,16.80325,17.99416
1984-11-19,237.6226,362.2568,312.88278,26.49059,16.74241,17.92868
1984-11-20,236.1046,359.98397,310.91445,26.43773,16.71099,17.89472
1984-11-21,234.3863,357.40529,308.68203,26.47944,16.73932,17.92474
1984-11-22,234.5662,357.71984,308.94846,26.32895,16.6462,17.8247
1984-11-23,234.3143,357.37611,308.64635,26.49996,16.75622,17.9422
1984-11-26,232.2061,354.20169,305.89959,26.57799,16.80751,17.99681
1984-11-27,233.1131,355.62481,307.12342,26.69277,16.88204,18.07629
1984-11-28,233.9433,356.93111,308.24633,26.97631,17.06325,18.27001
1984-11-29,237.0763,361.75026,312.40286,27.31497,17.27934,18.50107
1984-11-30,236.6559,361.14972,311.87894,27.39492,17.33193,18.55705
1984-12-03,236.7932,361.39992,312.0897,27.63278,17.48437,18.71994
1984-12-04,238.8811,364.6265,314.87069,27.62573,17.48197,18.71705
1984-12-05,238.9154,364.71995,314.94604,27.37592,17.326,18.54972
1984-12-06,238.0992,363.51538,313.90053,27.37622,17.32824,18.55179
1984-12-07,238.261,363.80333,314.14385,27.40613,17.34921,18.57391
1984-12-10,237.3133,362.39763,312.92471,27.45201,17.38029,18.60686
1984-12-11,236.312,360.90977,311.63468,27.26826,17.26604,18.48422
1984-12-12,236.6773,361.50823,312.14613,27.39361,17.34741,18.571
1984-12-13,236.186,360.79874,311.52823,27.30272,17.29192,18.51127
1984-12-14,236.9705,362.03754,312.59255,27.55728,17.45509,18.68563
1984-12-17,238.828,364.91551,315.07211,27.68854,17.54025,18.77646
1984-12-18,239.4571,365.91765,315.93201,27.74608,17.57876,18.81734
1984-12-19,240.388,367.38108,317.19015,27.8694,17.65892,18.90282
1984-12-20,239.2431,365.67318,315.71021,27.87975,17.66756,18.91173
1984-12-21,238.8177,365.06435,315.17921,27.95489,17.71724,18.96458
1984-12-24,238.6646,364.87153,315.00739,NA,NA,NA
1984-12-25,238.6645,364.91251,315.03743,NA,NA,NA
1984-12-26,241.1127,368.69599,318.29839,NA,NA,NA
1984-12-27,239.4383,366.17774,316.119,28.17749,17.86667,19.12317
1984-12-28,241.3965,369.21301,318.73392,28.364,17.98697,19.25161
1984-12-31,240.9851,368.62556,318.22137,28.4035,18.01414,19.28034
1985-01-01,240.9849,368.66681,318.25158,NA,NA,NA
1985-01-02,239.4718,366.39411,316.28431,28.51871,18.09143,19.36238
1985-01-03,238.7003,365.25529,315.29589,28.29781,17.95348,19.21439
1985-01-04,239.9285,367.17539,316.94797,28.41118,18.02748,19.29326
1985-01-07,239.3799,366.37743,316.2538,28.47125,18.06771,19.33597
1985-01-08,242.1655,370.68115,319.96329,28.53861,18.11257,19.38363
1985-01-09,242.3472,371.001,320.23394,28.80778,18.28544,19.5683
1985-01-10,243.6097,372.97508,321.93243,28.88801,18.3385,19.62473
1985-01-11,243.5574,372.93708,321.89416,28.83272,18.30558,19.58916
1985-01-14,241.2325,369.42001,318.85306,28.6916,18.21818,19.49528
1985-01-15,240.9154,368.97617,318.46456,28.90477,18.35561,19.64201
1985-01-16,242.8891,372.03988,321.10341,29.04984,18.44985,19.7425
1985-01-17,243.0368,372.308,321.32937,29.10916,18.48968,19.78478
1985-01-18,243.6578,373.30106,322.18098,29.08767,18.47822,19.77217
1985-01-21,245.0332,375.44985,324.03001,29.21431,18.56081,19.86019
1985-01-22,245.856,376.75261,325.14883,29.2957,18.61468,19.91748
1985-01-23,243.5656,373.28603,322.1516,29.07251,18.47511,19.76779
1985-01-24,243.6884,373.51627,322.34483,29.07886,18.48133,19.77409
1985-01-25,243.4615,373.21068,322.07564,28.93612,18.39283,19.67905
1985-01-28,242.4616,371.72033,320.78404,28.91184,18.37957,19.66451
1985-01-29,242.7187,372.15631,321.15482,28.89715,18.37241,19.6565
1985-01-30,245.102,375.85166,324.33824,29.19753,18.56544,19.86268
1985-01-31,245.9735,377.23011,325.52224,29.23884,18.59389,19.89277
1985-02-01,244.3406,374.76896,323.39296,29.13174,18.528,19.82193
1985-02-04,239.891,367.98787,317.5361,28.8191,18.3314,19.61124
1985-02-05,239.8447,367.95836,317.50524,28.99691,18.4466,19.73415
1985-02-06,239.9662,368.1862,317.69644,29.04942,18.48217,19.77184
1985-02-07,240.1799,368.55551,318.00972,29.08792,18.50884,19.80003
1985-02-08,240.7329,369.44544,318.77218,29.29924,18.6454,19.94577
1985-02-11,238.9302,366.72117,316.4162,29.19888,18.58377,19.87948
1985-02-12,236.0529,362.34727,312.63699,29.10255,18.52468,19.81592
1985-02-13,235.7785,361.96701,312.3036,29.16336,18.56555,19.85929
1985-02-14,239.0915,367.0927,316.72065,29.50764,18.78678,20.09559
1985-02-15,243.256,373.52657,322.2662,29.86726,19.01781,20.34238
1985-02-18,241.0755,370.22121,319.40903,29.7525,18.94701,20.26629
1985-02-19,240.5981,369.52998,318.80725,29.96345,19.08351,20.41194
1985-02-20,240.6492,369.65011,318.90547,29.99216,19.10404,20.43353
1985-02-21,240.875,370.03854,319.23516,30.28219,19.29092,20.63306
1985-02-22,237.9207,365.54278,315.35129,30.24283,19.26814,20.60833
1985-02-25,237.2805,364.60061,314.53315,30.61304,19.50613,20.86252
1985-02-26,237.7982,365.43702,315.24935,31.08284,19.80758,21.18459
1985-02-27,244.6608,376.02182,324.37496,30.56961,19.48292,20.83698
1985-02-28,244.1027,375.20667,323.66628,30.55012,19.4728,20.82579
1985-03-01,242.3413,372.54216,321.36233,30.59075,19.50099,20.85557
1985-03-04,245.5265,377.47946,325.61582,31.14333,19.85531,21.23416
1985-03-05,243.4745,374.36793,322.92631,31.29623,19.95508,21.34049
1985-03-06,243.7718,374.86716,323.35145,31.42142,20.03722,21.42795
1985-03-07,243.9402,375.16832,323.60573,31.22165,19.91224,21.29391
1985-03-08,243.5506,374.61157,323.12001,31.22917,19.91939,21.30118
1985-03-11,244.7763,376.53864,324.77668,30.88413,19.70171,21.06803
1985-03-12,245.1652,377.17919,325.32366,30.92853,19.73234,21.10041
1985-03-13,246.238,378.87179,326.778,30.98904,19.77326,21.14379
1985-03-14,246.3611,379.10387,326.97262,31.32048,19.98695,21.37193
1985-03-15,247.4033,380.74997,328.38679,31.59716,20.16576,21.56276
1985-03-18,248.8697,383.04913,330.36414,31.46711,20.08517,21.47621
1985-03-19,253.4599,390.15564,336.4875,31.15672,19.88948,21.26658
1985-03-20,255.621,393.52544,339.38801,31.28893,19.97618,21.35891
1985-03-21,258.8059,398.47174,343.64801,31.50346,20.11542,21.50742
1985-03-22,258.5993,398.19865,343.40666,31.05321,19.83036,21.20226
1985-03-25,256.9277,395.67015,341.22029,31.10271,19.8643,21.23816
1985-03-26,257.2907,396.27365,341.73493,31.09711,19.86307,21.23648
1985-03-27,262.1616,403.81857,348.23555,30.76065,19.65056,21.00889
1985-03-28,261.7133,403.17373,347.67355,30.47702,19.47174,20.81735
1985-03-29,262.5771,404.54956,348.85407,30.17404,19.28052,20.61254
1985-04-01,260.4335,401.29329,346.04023,30.28158,19.35147,20.68803
1985-04-02,259.1066,399.29443,344.31074,30.51786,19.50466,20.85144
1985-04-03,260.144,400.93774,345.7219,30.39591,19.42905,20.77025
1985-04-04,257.8837,397.50012,342.75188,30.40811,19.43914,20.78066
1985-04-05,257.8835,397.54463,342.78443,NA,NA,NA
1985-04-08,257.2507,396.61417,341.97634,NA,NA,NA
1985-04-09,256.5058,395.51071,341.0191,30.2158,19.32312,20.65553
1985-04-10,258.0131,397.87887,343.05516,30.32497,19.39518,20.73219
1985-04-11,261.0549,402.61332,347.13136,30.24025,19.34331,20.67638
1985-04-12,262.1547,404.35448,348.62666,30.06351,19.23258,20.55765
1985-04-15,265.4501,409.48175,353.0413,29.96453,19.17156,20.49206
1985-04-16,263.2741,406.17198,350.18179,29.60694,18.94509,20.24963
1985-04-17,262.4929,405.01284,349.17651,29.60672,18.94719,20.25151
1985-04-18,263.0087,405.85417,349.8959,29.90704,19.1415,20.45885
1985-04-19,264.1254,407.62272,351.41464,29.39421,18.81557,20.11014
1985-04-22,264.2976,407.93437,351.67734,29.55108,18.91815,20.21942
1985-04-23,261.2382,403.25931,347.64112,29.54494,18.91646,20.21726
1985-04-24,258.3037,398.77595,343.77028,30.23583,19.36074,20.69176
1985-04-25,258.5678,399.22853,344.15459,30.14012,19.30176,20.62836
1985-04-26,258.4941,399.15978,344.08948,30.5016,19.53539,20.87769
1985-04-29,259.7375,401.12434,345.77713,30.20906,19.35038,20.67961
1985-04-30,261.2089,403.44137,347.76855,30.13281,19.30385,20.62951
1985-05-01,259.1655,400.3315,345.08197,NA,NA,NA
1985-05-02,259.3317,400.6333,345.33626,30.68273,19.66052,21.00995
1985-05-03,258.9963,400.16045,344.92281,30.93644,19.82532,21.18569
1985-05-06,256.8325,396.86315,342.07486,31.09119,19.92677,21.29373
1985-05-07,260.6359,402.78357,347.17205,31.01704,19.88162,21.24511
1985-05-08,261.2771,403.81964,348.05917,31.09778,19.93569,21.30252
1985-05-09,264.4309,408.73838,352.29274,30.78063,19.73479,21.08746
1985-05-10,264.0507,408.19692,351.82007,30.76208,19.72523,21.07688
1985-05-13,268.1176,414.52845,357.27108,30.8489,19.78321,21.13845
1985-05-14,269.3627,416.49974,358.96399,30.78873,19.74697,21.09936
1985-05-15,267.9372,414.34303,357.09915,30.74351,19.72031,21.0705
1985-05-16,266.3486,411.93367,355.01663,NA,NA,NA
1985-05-17,268.8024,415.77423,358.32045,30.89367,19.82126,21.17761
1985-05-20,273.5209,423.11776,364.64302,30.87558,19.812,21.16733
1985-05-21,271.7216,420.3827,362.2798,30.8642,19.80705,21.16167
1985-05-22,272.7922,422.08603,363.74153,31.22342,20.03977,21.40994
1985-05-23,270.5153,418.61141,360.74108,31.2107,20.03397,21.40337
1985-05-24,269.4597,417.02548,359.3683,30.99905,19.90053,21.26043
1985-05-27,269.8537,417.68213,359.92804,NA,NA,NA
1985-05-28,269.1535,416.64569,359.02883,31.18271,20.02308,21.3906
1985-05-29,270.7341,419.13882,361.17105,31.33976,20.12624,21.50043
1985-05-30,272.8295,422.4293,364.00027,31.19779,20.03748,21.40522
1985-05-31,271.831,420.93128,362.7033,31.26324,20.08186,21.45226
1985-06-03,274.914,425.75162,366.8506,31.10845,19.98484,21.34824
1985-06-04,274.621,425.34597,366.49485,31.18083,20.03368,21.40002
1985-06-05,274.3454,424.96716,366.16223,31.37113,20.15824,21.53271
1985-06-06,275.4182,426.67647,367.62877,31.35226,20.1485,21.52193
1985-06-07,274.4787,425.26944,366.41024,31.25809,20.09039,21.45946
1985-06-10,272.3276,421.98528,363.57446,31.38081,20.17159,21.54583
1985-06-11,273.8605,424.40759,365.65527,31.54005,20.27628,21.65727
1985-06-12,273.4799,423.86576,365.18224,31.36657,20.16719,21.54036
1985-06-13,271.7468,421.22803,362.90354,31.3701,20.17184,21.54495
1985-06-14,272.6782,422.71892,364.18181,31.2061,20.06881,21.43452
1985-06-17,273.623,424.2309,365.47821,31.24578,20.09668,21.46391
1985-06-18,275.8674,427.75765,368.51028,31.24171,20.09645,21.46327
1985-06-19,279.2033,432.97724,373.00059,31.2344,20.09412,21.4604
1985-06-20,275.6364,427.49586,368.27226,31.18598,20.06535,21.42931
1985-06-21,274.4682,425.73267,366.7471,31.50586,20.27341,21.65113
1985-06-24,276.1838,428.44112,369.07403,31.55976,20.31047,21.69033
1985-06-25,275.6442,427.65254,368.38847,31.40793,20.2152,21.5882
1985-06-26,276.8486,429.5689,370.03297,31.49793,20.27548,21.6522
1985-06-27,276.2565,428.69882,369.27721,31.35375,20.1851,21.55529
1985-06-28,278.3278,431.96065,372.0806,31.64469,20.37467,21.75736
1985-07-01,279.4189,433.70231,373.57449,31.46063,20.25861,21.63304
1985-07-02,278.4624,432.26692,372.33177,31.5741,20.33403,21.71319
1985-07-03,280.2507,435.09102,374.75794,31.63525,20.3758,21.75741
1985-07-04,281.852,437.62551,376.93457,31.75169,20.45316,21.83963
1985-07-05,283.8786,440.82074,379.68024,31.95845,20.58869,21.98396
1985-07-08,287.1555,445.95774,384.09823,32.0468,20.64801,22.04691
1985-07-09,289.9873,450.40479,387.92184,31.86924,20.53609,21.92702
1985-07-10,290.2597,450.87856,388.32329,31.59592,20.36244,21.74122
1985-07-11,288.6701,448.46074,386.23436,31.49672,20.30094,21.67517
1985-07-12,291.206,452.44997,389.66345,31.35187,20.21001,21.57771
1985-07-15,290.1945,450.92977,388.34761,30.9717,19.96739,21.31828
1985-07-16,290.8212,451.95419,389.22326,31.18192,20.10519,21.46504
1985-07-17,297.5266,462.42326,398.23246,31.40536,20.25155,21.62092
1985-07-18,297.0537,461.74057,397.63779,31.29222,20.18101,21.54523
1985-07-19,295.2756,459.02938,395.29628,31.48183,20.30561,21.67787
1985-07-22,293.3232,456.04666,392.72102,31.51082,20.3267,21.7
1985-07-23,296.4101,460.8963,396.89051,31.43838,20.28239,21.65231
1985-07-24,295.2731,459.18072,395.40647,31.55805,20.36195,21.73686
1985-07-25,293.4775,456.44078,393.0404,31.26619,20.17609,21.53807
1985-07-26,294.7014,458.39529,394.71672,31.54535,20.35851,21.73243
1985-07-29,297.8876,463.40177,399.02095,31.4157,20.27727,21.64532
1985-07-30,291.4494,453.44066,390.43716,30.74059,19.84395,21.1824
1985-07-31,292.1765,454.62274,391.44835,30.46362,19.66755,20.99372
1985-08-01,296.7404,461.77365,397.59881,31.06347,20.05687,21.40896
1985-08-02,293.3645,456.57345,393.11465,31.15884,20.12079,21.4768
1985-08-05,292.497,455.27512,391.99011,30.90178,19.95722,21.30183
1985-08-06,290.2666,451.85559,389.03931,30.93989,19.98418,21.33023
1985-08-07,289.2727,450.35969,387.74479,30.99601,20.02277,21.37104
1985-08-08,289.7097,451.09066,388.36753,30.87265,19.94548,21.28817
1985-08-09,288.9772,450.00125,387.42302,30.75147,19.86958,21.20678
1985-08-12,292.3613,455.3205,391.99591,30.71276,19.84692,21.18222
1985-08-13,292.2927,455.26502,391.94149,30.48715,19.70352,21.02879
1985-08-14,292.0747,454.97688,391.68678,30.59038,19.77253,21.10207
1985-08-15,295.4433,460.27431,396.24058,30.68557,19.83636,21.16983
1985-08-16,297.0312,462.79942,398.40762,30.839,19.93783,21.27774
1985-08-19,297.487,463.5616,399.05698,30.84418,19.94353,21.28345
1985-08-20,296.4428,461.98711,397.69483,30.78938,19.91048,21.24779
1985-08-21,297.9345,464.36335,399.7336,31.12221,20.12792,21.47948
1985-08-22,300.4863,468.392,403.1947,31.02814,20.06949,21.41674
1985-08-23,298.7077,465.673,400.84736,30.91705,20.00003,21.34224
1985-08-26,299.2243,466.53067,401.57881,30.97052,20.03697,21.38128
1985-08-27,298.3747,465.25893,400.47733,31.09824,20.12191,21.47155
1985-08-28,299.7646,467.47815,402.38072,31.13826,20.15018,21.50133
1985-08-29,300.3613,468.46118,403.22001,31.26241,20.23285,21.58916
1985-08-30,301.0363,469.56652,404.16455,31.42658,20.34144,21.70465
1985-09-02,297.6359,464.31657,399.63904,31.53638,20.41486,21.78261
1985-09-03,294.9936,460.24781,396.13033,31.47184,20.37552,21.74024
1985-09-04,293.237,457.55968,393.81,31.24455,20.23082,21.58547
1985-09-05,292.8515,457.00989,393.33013,31.1995,20.20406,21.55653
1985-09-06,287.4873,448.69207,386.16479,31.39635,20.33384,21.69462
1985-09-09,286.2226,446.76925,384.50339,31.72665,20.55003,21.9249
1985-09-10,286.2749,446.90123,384.61045,31.58584,20.46129,21.82983
1985-09-11,286.302,446.99391,384.68368,31.5805,20.46024,21.82833
1985-09-12,286.6154,447.5335,385.14151,31.93536,20.69242,22.07566
1985-09-13,289.3422,451.84066,388.8416,31.60305,20.4796,21.84823
1985-09-16,288.9353,451.25633,388.33215,31.5092,20.42123,21.78556
1985-09-17,290.0661,453.07286,389.88875,31.28153,20.27613,21.63039
1985-09-18,288.8613,451.24252,388.30707,31.51758,20.43144,21.79569
1985-09-19,288.6997,451.04101,388.12708,31.54112,20.44911,21.81415
1985-09-20,292.3801,456.84043,393.11089,31.60856,20.49522,21.86296
1985-09-23,304.5759,475.94325,409.54188,30.96462,20.08014,21.41981
1985-09-24,306.1579,478.46842,411.70776,31.18614,20.22608,21.57511
1985-09-25,306.9309,479.73013,412.78642,31.30685,20.30671,21.66074
1985-09-26,314.5927,491.75667,423.12753,31.47006,20.41492,21.77578
1985-09-27,312.3435,488.29706,420.14362,31.46347,20.41305,21.7734
1985-09-30,318.1066,497.35959,427.93399,32.17195,20.8748,22.26557
1985-10-01,320.8457,501.69721,431.6588,32.41759,21.03656,22.43771
1985-10-02,324.1171,506.86793,436.10027,32.33383,20.98471,22.38201
1985-10-03,323.8249,506.46823,435.74897,32.28156,20.95328,22.34809
1985-10-04,326.1367,510.14015,438.90073,32.16295,20.8788,22.26826
1985-10-07,322.5729,504.62443,434.1479,32.18362,20.89468,22.2848
1985-10-08,322.788,505.01774,434.4789,32.21662,20.91856,22.30987
1985-10-09,324.8984,508.37571,437.36041,32.41177,21.04767,22.44718
1985-10-10,324.0732,507.14212,436.29174,32.51182,21.1151,22.51869
1985-10-11,325.4707,509.38572,438.21445,32.65202,21.2086,22.61801
1985-10-14,326.7915,511.5098,440.03429,32.84761,21.33807,22.75569
1985-10-15,327.5312,512.72501,441.0722,32.94573,21.40429,22.82591
1985-10-16,325.1508,509.05732,437.90964,32.9282,21.39544,22.81606
1985-10-17,327.9123,513.43708,441.66977,32.86541,21.35719,22.77487
1985-10-18,329.2995,515.66649,443.58002,32.81557,21.32734,22.74263
1985-10-21,330.3637,517.39072,445.05565,32.84331,21.34788,22.76413
1985-10-22,329.5141,516.11878,443.95401,32.84871,21.35391,22.77015
1985-10-23,329.9892,516.92094,444.63646,32.8843,21.37956,22.7971
1985-10-24,329.632,516.41981,444.19786,32.97846,21.44327,22.86463
1985-10-25,329.8032,516.74618,444.47104,32.9719,21.44154,22.86239
1985-10-28,330.2402,517.48898,445.10239,33.01954,21.47504,22.8977
1985-10-29,333.1345,522.08162,449.04498,33.13059,21.54976,22.97697
1985-10-30,337.4995,528.97956,454.97021,33.31497,21.67217,23.10708
1985-10-31,339.1901,531.68833,457.29223,33.51352,21.80381,23.24703
1985-11-01,337.6291,529.30193,455.23202,33.36323,21.70864,23.14515
1985-11-04,340.4807,533.83098,459.11949,33.41981,21.74801,23.18671
1985-11-05,339.7133,532.68827,458.12892,33.56124,21.84257,23.28711
1985-11-06,343.4509,538.60766,463.21192,33.80264,22.00216,23.45686
1985-11-07,343.6052,538.9103,463.46433,33.76614,21.98101,23.43389
1985-11-08,339.1242,531.94459,457.46605,33.68219,21.92898,23.37801
1985-11-11,338.2028,530.55961,456.26723,33.61464,21.88762,23.33349
1985-11-12,337.7658,529.93404,455.72152,33.53532,21.83857,23.2808
1985-11-13,339.7114,533.04558,458.38953,33.56899,21.86307,23.3065
1985-11-14,337.6198,529.82446,455.61182,33.36231,21.73109,23.16539
1985-11-15,338.112,530.65642,456.3195,33.45445,21.79365,23.23166
1985-11-18,338.5603,531.41968,456.96807,33.60223,21.89243,23.33656
1985-11-19,341.9291,536.76613,461.55766,33.72434,21.97454,23.42367
1985-11-20,342.6931,538.0257,462.63289,33.65673,21.93309,23.37908
1985-11-21,346.4685,544.01228,467.77263,33.94376,22.12262,23.58069
1985-11-22,350.6489,550.63593,473.45999,34.285,22.3475,23.81998
1985-11-25,353.8083,555.65813,477.77017,34.32091,22.37353,23.84731
1985-11-26,352.3339,553.40576,475.82544,34.24943,22.3296,23.80006
1985-11-27,351.9733,552.90189,475.38414,33.94593,22.13442,23.59161
1985-11-28,351.2919,551.89409,474.50958,33.6627,21.95241,23.3972
1985-11-29,352.5334,553.9063,476.23155,33.5853,21.90455,23.34577
1985-12-02,350.2309,550.35184,473.16751,33.13932,21.61632,23.03817
1985-12-03,346.4311,544.44421,468.08046,33.25792,21.6962,23.12289
1985-12-04,348.8388,548.28857,471.37761,33.26365,21.7025,23.1292
1985-12-05,349.3281,549.11927,472.08376,33.49372,21.85508,23.2914
1985-12-06,347.9177,546.96464,470.22342,33.30119,21.73208,23.1599
1985-12-09,346.6127,544.97518,468.50514,33.27535,21.71779,23.14427
1985-12-10,346.9807,545.61509,469.04729,33.51469,21.87647,23.31297
1985-12-11,347.6521,546.7321,469.99957,33.81006,22.07173,23.52065
1985-12-12,354.4003,557.40369,479.16529,34.08169,22.25156,23.71187
1985-12-13,356.3696,560.56312,481.87307,34.15711,22.3034,23.76669
1985-12-16,356.583,560.96191,482.20769,34.27976,22.38608,23.85438
1985-12-17,358.415,563.90649,484.73065,34.32953,22.42121,23.89139
1985-12-18,356.1958,560.47932,481.7765,34.22286,22.35422,23.81958
1985-12-19,357.4326,562.48817,483.49505,34.41289,22.48092,23.95416
1985-12-20,356.3227,560.80535,482.04038,34.24292,22.37258,23.8383
1985-12-23,359.1262,565.27986,485.87819,34.41737,22.48913,23.96207
1985-12-24,358.5834,564.4894,485.19052,34.36929,22.46039,23.93102
1985-12-25,358.5832,564.55273,485.23671,NA,NA,NA
1985-12-26,359.802,566.53479,486.93204,NA,NA,NA
1985-12-27,363.2585,572.03986,491.65526,34.49697,22.55177,24.02711
1985-12-30,368.2214,579.91777,498.41768,34.66892,22.66678,24.14922
1985-12-31,368.643,580.64698,499.03594,34.69299,22.68518,24.1684
1986-01-01,368.6408,580.70898,499.08075,NA,NA,NA
1986-01-02,372.0373,586.12356,503.72567,34.88673,22.81718,24.30816
1986-01-03,370.7687,584.1915,502.05669,34.90483,22.8317,24.32321
1986-01-06,371.0732,584.73703,502.51699,35.05193,22.93057,24.4281
1986-01-07,371.0634,584.78752,502.55184,34.57432,22.62089,24.09777
1986-01-08,372.8925,587.73537,505.07658,34.87693,22.82143,24.31099
1986-01-09,367.2043,578.83809,497.42219,34.58875,22.63561,24.11261
1986-01-10,368.5932,581.0922,499.35077,34.61425,22.65497,24.1328
1986-01-13,365.3513,576.04796,495.0077,34.60529,22.65178,24.12898
1986-01-14,365.343,576.09982,495.04386,34.58883,22.64369,24.11993
1986-01-15,368.5244,581.18023,499.40098,34.78758,22.7764,24.26087
1986-01-16,371.2841,585.59688,503.18761,34.88655,22.84386,24.33229
1986-01-17,370.5817,584.55532,502.2841,34.96993,22.90113,24.39287
1986-01-20,366.1362,577.61043,496.30824,34.66392,22.70349,24.18192
1986-01-21,364.7224,575.44568,494.43979,34.3976,22.5318,23.99862
1986-01-22,364.2929,574.83307,493.90503,34.51286,22.60992,24.0814
1986-01-23,360.7629,569.32898,489.16754,34.02034,22.28998,23.74023
1986-01-24,370.5046,584.76312,502.42002,34.5878,22.66417,24.13836
1986-01-27,373.8872,590.16647,507.0539,34.72131,22.75429,24.23391
1986-01-28,375.0764,592.10966,508.71479,34.70451,22.74597,24.22463
1986-01-29,376.3271,594.15035,510.45939,34.70881,22.75148,24.23006
1986-01-30,376.6821,594.77768,510.98968,34.71857,22.76056,24.2393
1986-01-31,377.2902,595.8047,511.86333,34.75546,22.78742,24.26748
1986-02-03,378.1328,597.20216,513.05519,34.92159,22.89897,24.38585
1986-02-04,376.6586,594.94176,511.10461,35.18194,23.07229,24.57
1986-02-05,381.2897,602.322,517.43607,35.42056,23.23141,24.73902
1986-02-06,383.5353,605.93642,520.53227,35.29962,23.15487,24.65707
1986-02-07,384.1062,606.90647,521.35674,35.52035,23.3023,24.81364
1986-02-10,388.7504,614.31118,527.70872,35.78355,23.47762,24.99989
1986-02-11,390.236,616.72745,529.77536,35.78631,23.4822,25.00432
1986-02-12,393.3212,621.67165,534.01341,35.85289,23.52865,25.05334
1986-02-13,395.5705,625.29605,537.11764,36.15255,23.72795,25.26512
1986-02-14,397.4113,628.27569,539.66793,36.12723,23.71415,25.24998
1986-02-17,401.2844,634.4681,544.97775,36.35674,23.86752,25.41283
1986-02-18,402.2492,636.06471,546.33989,36.4837,23.95363,25.50408
1986-02-19,408.5766,646.13933,554.98394,36.52259,23.98198,25.53381
1986-02-20,405.5183,641.37676,550.8839,36.0181,23.65361,25.18375
1986-02-21,405.7346,641.79109,551.23042,36.30348,23.84371,25.3857
1986-02-24,411.1176,650.37622,558.59465,36.28793,23.83632,25.37738
1986-02-25,414.7028,656.11986,563.51817,36.09742,23.71404,25.24675
1986-02-26,413.6591,654.54293,562.15426,35.87954,23.57376,25.09695
1986-02-27,420.6342,665.65093,571.68466,35.95476,23.62594,25.15206
1986-02-28,418.4523,662.27393,568.77472,36.02242,23.67317,25.20189
1986-03-03,417.4477,660.75901,567.46404,36.08459,23.7168,25.24789
1986-03-04,423.6967,670.72238,576.01086,36.3317,23.88192,25.42323
1986-03-05,423.0976,669.84983,575.25176,36.52387,24.01099,25.56018
1986-03-06,425.5197,673.7591,578.59913,37.00044,24.32692,25.89606
1986-03-07,429.1086,679.51628,583.53327,37.31638,24.53739,26.11966
1986-03-10,425.7282,674.24105,578.99336,37.4195,24.60806,26.19442
1986-03-11,431.6127,683.63431,587.04969,37.97665,24.97712,26.58684
1986-03-12,437.7507,693.43105,595.45223,38.33513,25.2157,26.84033
1986-03-13,438.5839,694.82877,596.64233,38.72046,25.47197,27.11265
1986-03-14,446.3752,707.24754,607.29589,39.02907,25.67788,27.33135
1986-03-17,451.8024,715.92418,614.73587,39.30625,25.86316,27.52808
1986-03-18,453.467,718.64198,617.05906,39.43055,25.94796,27.61786
1986-03-19,450.1086,713.4019,612.54929,39.30617,25.86921,27.53354
1986-03-20,459.0234,727.60849,624.73691,39.92201,26.27731,27.96743
1986-03-21,461.749,732.00989,628.50536,40.0715,26.37876,28.07492
1986-03-24,459.4101,728.38542,625.38276,40.54198,26.69138,28.40716
1986-03-25,450.715,714.68454,613.60898,40.2248,26.48579,28.18785
1986-03-26,454.7978,721.23751,619.22468,41.07599,27.04899,28.78678
1986-03-27,467.2597,741.07671,636.24699,41.68356,27.45201,29.21521
1986-03-28,467.2578,741.15725,636.30533,NA,NA,NA
1986-03-31,476.6525,756.13895,649.15654,NA,NA,NA
1986-04-01,478.3364,758.89482,651.51144,42.95132,28.29633,30.11221
1986-04-02,472.5849,749.85746,643.74194,42.92831,28.28452,30.09911
1986-04-03,465.7109,739.03727,634.44223,42.55826,28.04412,29.84276
1986-04-04,460.2634,730.47784,627.08358,NA,NA,NA
1986-04-07,457.1503,725.62056,622.90324,42.43946,27.97249,29.76547
1986-04-08,462.5117,734.21029,630.26633,41.92672,27.63791,29.40892
1986-04-09,466.2729,740.26231,635.45076,42.03064,27.70964,29.48474
1986-04-10,468.832,744.40766,638.99834,42.45361,27.99159,29.78424
1986-04-11,475.5295,755.12325,648.18558,42.50749,28.03041,29.82501
1986-04-14,474.5417,753.64017,646.90154,42.56942,28.07454,29.87144
1986-04-15,473.5874,752.20992,645.6629,42.66238,28.13913,29.93963
1986-04-16,481.4165,764.72687,656.39573,42.23873,27.8631,29.64541
1986-04-17,489.0346,776.91146,666.84294,42.39978,27.97257,29.76136
1986-04-18,496.8674,789.43973,677.58477,42.90977,28.31211,30.12211
1986-04-21,503.6191,800.25347,686.85466,43.27823,28.55842,30.38364
1986-04-22,506.7421,805.30496,691.1786,43.16057,28.48419,30.30412
1986-04-23,505.246,803.01873,689.20467,42.97622,28.36593,30.17778
1986-04-24,500.6059,795.73611,682.94265,42.69013,28.18052,29.97999
1986-04-25,500.7238,796.01319,683.16885,42.89272,28.31751,30.12519
1986-04-28,505.2788,803.34238,689.44734,42.67934,28.18003,29.97841
1986-04-29,507.1914,806.47307,692.12241,42.85388,28.29855,30.10395
1986-04-30,507.1723,806.53363,692.16263,43.1006,28.46471,30.28019
1986-05-01,504.6943,802.68481,688.84791,NA,NA,NA
1986-05-02,499.7426,794.90169,682.15702,42.99372,28.40088,30.21121
1986-05-05,509.9101,811.16007,696.09758,43.24972,28.57324,30.39403
1986-05-06,504.2973,802.3247,688.50383,43.60999,28.81449,30.65012
1986-05-07,507.8478,808.06255,693.41591,43.47624,28.72956,30.55924
1986-05-08,514.5793,818.86189,702.67114,NA,NA,NA
1986-05-09,517.4516,823.52387,706.65961,43.84489,28.97984,30.82438
1986-05-12,517.3166,823.40192,706.54297,43.70939,28.89374,30.73225
1986-05-13,513.5996,817.57982,701.53525,43.48764,28.75063,30.57948
1986-05-14,506.7185,806.72061,692.20564,43.22021,28.57728,30.39457
1986-05-15,505.0859,804.21299,690.04226,42.9976,28.43352,30.24113
1986-05-16,495.6789,789.3287,677.25959,42.65289,28.209,30.0018
1986-05-19,490.8339,781.70414,670.70619,NA,NA,NA
1986-05-20,490.0617,780.56275,669.7155,42.25654,27.9536,29.7291
1986-05-21,488.3508,777.92629,667.44211,42.5701,28.16421,29.95257
1986-05-22,490.6926,781.74351,670.7058,43.09331,28.51347,30.32349
1986-05-23,491.1032,782.48563,671.33112,43.49495,28.78242,30.60899
1986-05-26,491.5461,783.27937,672.00069,43.4881,28.78129,30.60725
1986-05-27,491.4213,783.16886,671.89446,43.62945,28.87819,30.70975
1986-05-28,494.8151,788.66449,676.59777,43.60195,28.86341,30.69349
1986-05-29,488.9943,779.47791,668.70525,43.37251,28.71499,30.53512
1986-05-30,483.9538,771.5328,661.87801,43.37186,28.71795,30.53772
1986-06-02,484.8381,773.02922,663.15049,43.83177,29.02567,30.86442
1986-06-03,489.8503,781.10593,670.06779,43.27852,28.66281,30.47803
1986-06-04,489.0139,779.8606,668.98813,43.15445,28.58406,30.39375
1986-06-05,491.2272,783.47736,672.07929,43.09498,28.54807,30.35494
1986-06-06,497.8146,794.06965,681.15396,43.22378,28.63672,30.44866
1986-06-09,497.09,793.00363,680.22797,43.30932,28.69675,30.51195
1986-06-10,497.3383,793.48906,680.63281,43.07504,28.54496,30.35002
1986-06-11,502.3842,801.62716,687.60177,43.21209,28.6391,30.44958
1986-06-12,502.9792,802.66672,688.48177,43.25881,28.67344,30.48555
1986-06-13,505.2119,806.31936,691.60305,43.6304,28.92298,30.75032
1986-06-16,509.1242,812.65279,697.02359,43.53647,28.86415,30.68723
1986-06-17,504.5656,805.4697,690.85083,43.64222,28.93764,30.76482
1986-06-18,502.7734,802.70018,688.46372,43.45124,28.81447,30.63333
1986-06-19,503.0544,803.2392,688.91433,43.647,28.94762,30.77435
1986-06-20,503.4699,803.99304,689.54917,43.94304,29.14726,30.98605
1986-06-23,501.7302,801.3062,687.23312,44.24861,29.35327,31.2045
1986-06-24,507.2233,810.16737,694.82102,43.94485,29.1553,30.9935
1986-06-25,511.4353,816.98474,700.65589,44.10407,29.26432,31.10884
1986-06-26,510.904,816.22833,699.9953,44.12654,29.28267,31.12781
1986-06-27,510.8063,816.16431,699.9285,43.99989,29.20213,31.04163
1986-06-30,516.2475,824.94815,707.44936,44.10048,29.27231,31.11568
1986-07-01,518.5429,828.70826,710.66185,44.03108,29.22972,31.06986
1986-07-02,518.2092,828.26851,710.27268,44.01169,29.22031,31.0593
1986-07-03,523.7668,837.24261,717.95613,44.19631,29.34626,31.19263
1986-07-04,522.4819,835.28357,716.26404,44.20838,29.35774,31.20428
1986-07-07,523.2006,836.52645,717.31764,44.17975,29.34221,31.18722
1986-07-08,522.1093,834.87633,715.89051,44.17238,29.34078,31.18515
1986-07-09,516.9013,826.64447,708.81984,44.11125,29.30367,31.14515
1986-07-10,519.0307,830.14226,711.80698,44.0725,29.2814,31.12093
1986-07-11,521.3115,833.88291,715.00227,44.47853,29.55445,31.41059
1986-07-14,518.6052,829.64895,711.35984,44.50657,29.57656,31.43354
1986-07-15,520.6066,832.9435,714.17254,44.10774,29.3151,31.1551
1986-07-16,520.8898,833.49041,714.62932,43.9491,29.21317,31.04622
1986-07-17,527.2922,843.82656,723.47919,44.44892,29.54863,31.4022
1986-07-18,525.8994,841.69332,721.63794,44.50204,29.58743,31.44287
1986-07-21,526.3203,842.4617,722.28445,44.10015,29.3238,31.16215
1986-07-22,527.1577,843.89676,723.50252,44.15261,29.36213,31.20233
1986-07-23,529.5478,847.81716,726.85127,44.32615,29.48094,31.32804
1986-07-24,539.5288,863.88868,740.61715,45.30225,30.13317,32.02062
1986-07-25,538.1105,861.71564,738.74164,45.56765,30.31316,32.21132
1986-07-28,543.0563,869.73095,745.60044,45.74087,30.43191,32.33695
1986-07-29,539.4892,864.11742,740.77552,45.03204,29.96398,31.83917
1986-07-30,546.7026,875.76598,750.74865,45.67977,30.39824,32.30005
1986-07-31,547.3647,876.92509,751.72953,45.24216,30.11069,31.99395
1986-08-01,543.6162,871.0199,746.65473,44.72888,29.77272,31.63428
1986-08-04,542.0971,868.68466,744.64028,44.61707,29.70184,31.5584
1986-08-05,546.4912,875.82223,750.74589,45.39439,30.22247,32.11105
1986-08-06,544.5908,872.87605,748.20775,44.85322,29.86582,31.73156
1986-08-07,548.3754,879.03899,753.47768,44.96997,29.94705,31.81729
1986-08-08,551.4414,884.05168,757.76149,45.27915,30.15635,32.03911
1986-08-11,558.4714,895.41887,767.4918,45.54767,30.33865,32.23223
1986-08-12,565.0068,905.99575,776.5444,46.3839,30.89886,32.82687
1986-08-13,573.7768,920.1573,788.66912,47.03919,31.33875,33.29365
1986-08-14,583.2983,935.52684,801.82878,47.63291,31.73775,33.71697
1986-08-15,586.9658,941.51304,806.94578,47.91368,31.92847,33.91899
1986-08-18,595.946,956.02025,819.36561,48.69428,32.45206,34.47466
1986-08-19,601.7653,965.46114,827.44296,49.33857,32.885,34.93399
1986-08-20,608.9138,977.03613,837.34902,49.50225,32.99792,35.05334
1986-08-21,607.4802,974.84653,835.45829,49.53505,33.02368,35.08007
1986-08-22,603.2749,968.20956,829.75622,48.92963,32.62404,34.65494
1986-08-25,602.6767,967.35888,829.01311,48.97139,32.65573,34.68798
1986-08-26,600.5803,964.10379,826.20951,48.8961,32.60941,34.63816
1986-08-27,596.6997,957.98443,820.95146,48.80357,32.55158,34.57612
1986-08-28,592.997,952.14921,815.93708,48.31165,32.2274,34.23117
1986-08-29,600.592,964.44856,826.46289,48.98771,32.68189,34.71334
1986-09-01,608.0095,976.46565,836.74647,49.09925,32.76013,34.79582
1986-09-02,605.4641,972.48877,833.32447,48.88426,32.62061,34.64701
1986-09-03,599.7065,963.35268,825.48177,48.58364,32.42393,34.4375
1986-09-04,603.311,969.25007,830.52105,48.61182,32.44656,34.46092
1986-09-05,607.8576,976.66193,836.85784,49.11546,32.78634,34.8212
1986-09-08,596.8459,959.08297,821.78133,48.93523,32.66995,34.69698
1986-09-09,595.9462,957.7457,820.62156,48.85188,32.61819,34.64139
1986-09-10,602.7109,968.7226,830.01277,49.30487,32.92432,34.9659
1986-09-11,596.2592,958.46444,821.20954,49.1087,32.79726,34.83034
1986-09-12,585.6701,941.55452,806.70754,48.42264,32.34303,34.34735
1986-09-15,589.7407,948.20321,812.39022,48.03699,32.08935,34.07734
1986-09-16,570.2385,916.96003,785.60891,46.40324,31.00165,32.92173
1986-09-17,571.6989,919.41122,787.69559,46.31019,30.94317,32.85905
1986-09-18,577.1621,928.29872,795.29636,46.31291,30.94865,32.86427
1986-09-19,582.6059,937.15698,802.87182,46.35371,30.97956,32.89651
1986-09-22,579.8923,932.89865,799.2101,47.00122,31.41568,33.35907
1986-09-23,578.6335,930.97922,797.55219,47.27507,31.60233,33.55668
1986-09-24,584.3039,940.20523,805.44227,47.62199,31.83783,33.80615
1986-09-25,582.4221,937.28393,802.92605,47.69649,31.89138,33.86241
1986-09-26,588.8652,947.75588,811.88309,48.09221,32.15957,34.14659
1986-09-29,597.3071,961.44636,823.59688,48.4362,32.39326,34.39412
1986-09-30,593.6755,955.71054,818.66955,48.18378,32.22833,34.2184
1986-10-01,591.2468,951.90943,815.39964,47.88901,32.03505,34.01258
1986-10-02,581.5622,936.42784,802.12464,47.04533,31.47453,33.41687
1986-10-03,585.3986,942.70927,807.49148,46.82997,31.33422,33.26731
1986-10-06,585.6528,943.22481,807.91935,46.74295,31.27972,33.20886
1986-10-07,590.6704,951.41031,814.91681,47.56121,31.83062,33.79318
1986-10-08,590.3481,950.99856,814.5503,47.33917,31.68584,33.63887
1986-10-09,595.7958,959.87942,822.14298,47.7806,31.98486,33.95574
1986-10-10,597.0278,961.97203,823.92132,47.63718,31.89267,33.85726
1986-10-13,591.3925,953.00252,816.22517,47.04831,31.50228,33.44223
1986-10-14,591.6059,953.45377,816.59779,46.96249,31.44857,33.38462
1986-10-15,583.4077,940.35161,805.36263,46.22391,30.95777,32.86302
1986-10-16,580.9611,936.51504,802.0632,45.99083,30.80538,32.70068
1986-10-17,577.778,931.49062,797.74656,45.80392,30.68387,32.57111
1986-10-20,570.5122,919.88431,787.79335,45.56062,30.52457,32.40143
1986-10-21,561.9523,906.18914,776.05161,44.91136,30.09327,31.94304
1986-10-22,551.2456,889.02961,761.34349,43.9716,29.46717,31.27792
1986-10-23,555.9731,896.75234,767.94401,44.49306,29.81988,31.65177
1986-10-24,542.7731,875.56698,749.78906,44.09526,29.55686,31.37204
1986-10-27,543.3544,876.60319,750.66366,44.39706,29.76253,31.58979
1986-10-28,550.1474,887.65863,760.11789,44.76832,30.01477,31.85697
1986-10-29,550.9392,889.03597,761.2844,44.79351,30.0352,31.87808
1986-10-30,560.5969,904.71681,774.69881,45.36252,30.42004,32.28599
1986-10-31,553.3146,893.06886,764.71185,45.7611,30.69075,32.57275
1986-11-03,551.7207,890.59754,762.58277,45.69709,30.65147,32.53048
1986-11-04,553.4404,893.47326,765.03214,45.45221,30.4909,32.35949
1986-11-05,550.0244,888.06046,760.38455,45.49349,30.52218,32.3921
1986-11-06,554.8933,896.01993,767.18667,45.80103,30.73199,32.61421
1986-11-07,556.27,898.34346,769.16305,45.90107,30.80271,32.68868
1986-11-10,560.7343,905.65258,775.40797,45.80821,30.74407,32.62586
1986-11-11,564.9177,912.50975,781.26572,45.96131,30.8504,32.73812
1986-11-12,569.6003,920.17459,787.81477,46.20287,31.01609,32.91339
1986-11-13,566.9611,916.01575,784.24084,45.99772,30.88209,32.7706
1986-11-14,564.4414,912.04899,780.83146,45.6118,30.62671,32.49903
1986-11-17,556.4487,899.23966,769.85199,44.88348,30.14136,31.98344
1986-11-18,557.1789,900.52079,770.93569,45.14713,30.32187,32.17442
1986-11-19,556.7802,899.97808,770.458,45.02317,30.24224,32.08935
1986-11-20,556.9067,900.28398,770.70678,44.86414,30.13903,31.97927
1986-11-21,559.6933,904.88915,774.63598,45.3245,30.45166,32.31044
1986-11-24,565.9484,915.10171,783.36521,45.92002,30.8551,32.73796
1986-11-25,572.0161,925.01359,791.83674,46.1258,30.99694,32.88787
1986-11-26,573.8769,928.12628,794.4878,45.78121,30.76911,32.64556
1986-11-27,577.1196,933.47404,799.05199,46.12354,31.00268,32.8928
1986-11-28,584.5556,945.60389,809.42137,46.4337,31.21469,33.11717
1986-12-01,588.8688,952.68604,815.46973,46.41901,31.20852,33.11003
1986-12-02,585.4677,947.29233,810.83912,46.57697,31.31834,33.22596
1986-12-03,592.1186,958.15774,820.1255,47.1016,31.67458,33.60332
1986-12-04,597.6906,967.28012,827.91965,47.54936,31.97924,33.92596
1986-12-05,596.4794,965.42947,826.3216,47.83542,32.1753,34.13335
1986-12-08,594.8527,962.90604,824.14777,47.98579,32.28019,34.24402
1986-12-09,592.4213,959.07973,820.85891,47.85894,32.1987,34.15697
1986-12-10,594.4963,962.54631,823.8119,48.16621,32.40911,34.37958
1986-12-11,595.2814,963.92568,824.97845,48.09464,32.3648,34.33197
1986-12-12,596.7346,966.38693,827.07087,48.46971,32.62087,34.603
1986-12-15,596.9736,966.88284,827.48124,48.20806,32.4487,34.41975
1986-12-16,597.5429,967.91369,828.3494,48.44122,32.60938,34.58959
1986-12-17,596.4411,966.23852,826.90173,48.24429,32.48072,34.4525
1986-12-18,595.4099,964.6773,825.55162,48.05857,32.35957,34.32338
1986-12-19,600.2375,972.6058,832.32255,48.33156,32.5471,34.52169
1986-12-22,606.0014,982.05283,840.39273,48.29786,32.52826,34.5011
1986-12-23,605.9248,982.03945,840.367,48.12657,32.41679,34.38225
1986-12-24,609.8588,988.52457,845.9022,NA,NA,NA
1986-12-25,608.3073,986.12177,843.83174,NA,NA,NA
1986-12-26,608.3071,986.23263,843.91227,NA,NA,NA
1986-12-29,615.8093,998.504,854.39829,48.31485,32.55892,34.53055
1986-12-30,613.3161,994.57491,851.0218,48.14183,32.44622,34.41041
1986-12-31,614.8942,997.24553,853.29247,48.00425,32.35737,34.31557
1987-01-01,614.894,997.35764,853.3739,NA,NA,NA
1987-01-02,620.5585,1006.65568,861.315,47.91837,32.30714,34.26108
1987-01-05,621.436,1008.19229,862.61511,48.1507,32.46751,34.43055
1987-01-06,629.039,1020.63777,873.24871,48.71723,32.85311,34.83887
1987-01-07,627.7495,1018.66107,871.54266,48.93473,33.00358,34.99782
1987-01-08,625.7558,1015.54146,868.85884,48.76113,32.89044,34.87723
1987-01-09,625.4785,1015.20603,868.55711,48.50889,32.72425,34.70038
1987-01-12,627.7319,1018.97707,871.76862,48.28494,32.5771,34.54372
1987-01-13,628.9587,1021.08291,873.55539,47.76396,32.22953,34.17457
1987-01-14,644.1181,1045.80265,894.6884,48.5929,32.79231,34.77074
1987-01-15,649.3012,1054.33391,901.97161,48.53709,32.75854,34.73431
1987-01-16,661.7687,1074.6926,919.37265,49.71807,33.55892,35.5824
1987-01-19,675.3554,1096.87285,938.33137,49.50624,33.41996,35.43444
1987-01-20,667.4545,1084.16714,927.44643,49.52647,33.43756,35.45247
1987-01-21,666.2539,1082.33966,925.86739,49.93386,33.71638,35.74748
1987-01-22,676.8286,1099.6363,940.64751,49.94273,33.72636,35.75742
1987-01-23,673.3281,1094.07436,935.87384,49.59249,33.4939,35.51033
1987-01-26,672.6345,1093.07096,934.99966,49.72983,33.59057,35.61219
1987-01-27,679.7814,1104.80552,945.02121,50.09428,33.84056,35.8766
1987-01-28,687.5104,1117.48849,955.85366,49.51573,33.45381,35.46596
1987-01-29,684.5456,1112.79657,951.82423,49.54125,33.475,35.48779
1987-01-30,679.5161,1104.74793,944.92383,49.92069,33.73519,35.763
1987-02-02,687.6835,1118.14771,956.36883,50.72579,34.28288,36.34301
1987-02-03,687.8659,1118.57028,956.71401,50.12439,33.88056,35.91589
1987-02-04,682.1281,1109.36799,948.82719,50.17874,33.92128,35.95841
1987-02-05,676.5629,1100.44422,941.17885,50.27821,33.9925,36.03327
1987-02-06,672.7402,1094.35201,935.95246,50.62425,34.23033,36.28475
1987-02-09,678.7592,1104.26417,944.41388,50.52678,34.1685,36.21856
1987-02-10,683.6169,1112.28969,951.2615,50.38581,34.07725,36.12119
1987-02-11,679.9545,1106.45749,946.25758,50.2266,33.97364,36.01072
1987-02-12,683.3076,1112.03727,951.01333,50.26993,34.00694,36.04539
1987-02-13,674.33,1097.55538,938.61253,50.04998,33.86223,35.89136
1987-02-16,674.965,1098.71242,939.58605,49.62123,33.57624,35.58759
1987-02-17,678.9152,1105.2649,945.17349,49.83712,33.7262,35.74592
1987-02-18,681.5314,1109.64763,948.9053,50.44561,34.14171,36.18569
1987-02-19,686.0629,1117.149,955.30381,51.31726,34.73527,36.81419
1987-02-20,688.726,1121.61036,959.10255,50.96912,34.50381,36.56822
1987-02-23,682.5483,1111.6785,950.59357,50.48959,34.18335,36.22794
1987-02-24,689.0627,1122.41138,959.75494,51.21623,34.67903,36.75266
1987-02-25,693.3991,1129.59977,965.88521,51.18353,34.661,36.73289
1987-02-26,699.6386,1139.88928,974.6669,51.63954,34.97371,37.06366
1987-02-27,699.1889,1139.28529,974.13392,51.77551,35.06988,37.16492
1987-03-02,706.9802,1152.10611,985.0795,52.1676,35.33944,37.44994
1987-03-03,708.7365,1155.09741,987.62037,52.3758,35.48457,37.60308
1987-03-04,713.7834,1163.45109,994.74595,52.73944,35.73499,37.86778
1987-03-05,713.2214,1162.66643,994.05819,52.96008,35.88862,38.02992
1987-03-06,712.0468,1160.88317,992.51669,52.65302,35.68486,37.81332
1987-03-09,710.333,1158.22062,990.22348,52.89597,35.85364,37.99151
1987-03-10,711.4255,1160.13213,991.84089,53.11455,36.00595,38.15223
1987-03-11,711.3459,1160.13316,991.82492,53.12759,36.01904,38.16542
1987-03-12,715.5551,1167.12708,997.78724,53.5712,36.32386,38.48775
1987-03-13,717.8842,1171.0567,1001.12971,53.58718,36.33899,38.50309
1987-03-16,719.8452,1174.38687,1003.95961,53.4282,36.23551,38.39277
1987-03-17,726.6154,1185.5618,1013.49562,53.555,36.32575,38.4877
1987-03-18,730.8063,1192.53179,1019.43671,53.9829,36.6201,38.7989
1987-03-19,725.0146,1183.21745,1011.45718,53.47946,36.28301,38.44106
1987-03-20,728.4201,1188.90726,1016.30378,53.69749,36.43513,38.60156
1987-03-23,736.5329,1202.27958,1027.71729,53.95767,36.61588,38.79237
1987-03-24,743.4089,1213.63646,1037.40761,54.22851,36.80389,38.99088
1987-03-25,743.2888,1213.57727,1037.3394,54.5195,37.00561,39.2039
1987-03-26,745.9365,1218.03599,1041.13294,54.95968,37.30857,39.52418
1987-03-27,765.528,1250.15652,1068.57026,56.20992,38.16111,40.4267
1987-03-30,761.551,1243.80426,1063.12263,55.40202,37.61722,39.84982
1987-03-31,755.7792,1234.51982,1055.16899,55.01564,37.35941,39.576
1987-04-01,760.8942,1243.01203,1062.40942,55.7033,37.83049,40.07435
1987-04-02,764.882,1249.66516,1068.07774,56.31088,38.24733,40.51523
1987-04-03,771.0275,1259.84415,1076.75935,56.43525,38.33628,40.60873
1987-04-06,777.1367,1269.96609,1085.39191,57.05729,38.76309,41.06014
1987-04-07,780.5446,1275.67699,1090.25429,57.20198,38.86591,41.16834
1987-04-08,778.3447,1272.22626,1087.28667,57.48936,39.06566,41.37919
1987-04-09,787.7441,1287.72956,1100.51762,57.91239,39.35755,41.68765
1987-04-10,808.6655,1322.06689,1129.84376,58.76817,39.94341,42.30749
1987-04-13,801.4309,1310.39092,1119.84643,58.33878,39.65638,42.00272
1987-04-14,827.1745,1352.62109,1155.91626,60.02455,40.80618,43.21989
1987-04-15,826.427,1351.55154,1154.98264,60.23176,40.95179,43.37335
1987-04-16,834.4916,1364.8897,1166.3611,60.9524,41.44627,43.89633
1987-04-17,834.4919,1365.04407,1166.47321,NA,NA,NA
1987-04-20,839.7307,1373.76543,1173.90595,NA,NA,NA
1987-04-21,844.2233,1381.26825,1180.2972,61.37894,41.75092,44.21665
1987-04-22,844.6188,1382.07092,1180.96303,61.82176,42.05688,44.53991
1987-04-23,845.3308,1383.39153,1182.0714,61.79811,42.04578,44.52735
1987-04-24,856.2316,1401.38244,1197.42382,61.7578,42.02333,44.50279
1987-04-27,833.9233,1365.03616,1166.34779,59.75174,40.66315,43.06166
1987-04-28,826.549,1353.12187,1156.14809,59.51416,40.50633,42.89482
1987-04-29,822.6457,1346.88591,1150.80036,59.52023,40.51525,42.90351
1987-04-30,834.9804,1367.22801,1168.16113,60.06433,40.89017,43.29979
1987-05-01,849.1601,1390.59491,1188.10567,NA,NA,NA
1987-05-04,857.0913,1403.73678,1199.31355,61.3329,41.76299,44.22253
1987-05-05,861.798,1411.60178,1206.01271,61.23459,41.70102,44.15612
1987-05-06,861.5136,1411.2952,1205.7303,61.51769,41.89863,44.36459
1987-05-07,864.3884,1416.16256,1209.86815,61.7599,42.06845,44.54363
1987-05-08,874.3186,1432.58734,1223.87953,62.7591,42.75358,45.26832
1987-05-11,874.9626,1433.80381,1224.89798,63.3274,43.14554,45.68254
1987-05-12,873.1064,1430.92441,1222.41735,62.88269,42.84775,45.36643
1987-05-13,865.0766,1417.92872,1211.29479,62.48743,42.58358,45.08593
1987-05-14,873.1381,1431.29882,1222.69571,62.97722,42.92218,45.44365
1987-05-15,876.1435,1436.38564,1227.02032,62.84691,42.83848,45.35422
1987-05-18,861.4096,1412.39736,1206.50813,61.57339,41.97554,44.43983
1987-05-19,856.2709,1404.13293,1199.42807,61.41615,41.87335,44.33086
1987-05-20,837.2832,1373.16121,1172.95185,59.62957,40.66016,43.04575
1987-05-21,837.0017,1372.85447,1172.66992,59.92608,40.86703,43.264
1987-05-22,843.7641,1384.09829,1182.25414,60.25026,41.09281,43.50226
1987-05-25,852.822,1399.10918,1195.05569,61.24762,41.77744,44.22631
1987-05-26,840.6437,1379.29195,1178.10877,60.89094,41.53918,43.97329
1987-05-27,833.8271,1368.26559,1168.67088,61.09071,41.68029,44.12189
1987-05-28,830.509,1362.97629,1164.13339,NA,NA,NA
1987-05-29,834.239,1369.24991,1169.4719,61.18524,41.75461,44.199
1987-06-01,843.0144,1383.80401,1181.88244,62.26594,42.49655,44.98364
1987-06-02,847.8935,1391.96711,1188.83422,61.98004,42.30652,44.78169
1987-06-03,846.6965,1390.15942,1187.27017,61.53735,42.00944,44.46643
1987-06-04,849.049,1394.17771,1190.68178,62.1297,42.41853,44.89868
1987-06-05,847.3674,1391.57428,1188.43817,61.81724,42.21029,44.67747
1987-06-08,856.2966,1406.39144,1201.07199,NA,NA,NA
1987-06-09,859.3325,1411.53501,1205.44418,62.21769,42.49358,44.97574
1987-06-10,872.225,1432.86618,1223.64013,62.75432,42.86489,45.36795
1987-06-11,875.0512,1437.66941,1227.72115,63.137,43.13119,45.64901
1987-06-12,872.6984,1433.96686,1224.5385,63.17446,43.16187,45.68067
1987-06-15,864.0722,1419.95761,1212.55472,63.4178,43.33313,45.86111
1987-06-16,865.3154,1422.16021,1214.41497,63.41995,43.33971,45.86727
1987-06-17,866.3774,1424.06555,1216.02133,63.77178,43.58513,46.12619
1987-06-18,858.8059,1411.7836,1205.51323,63.01469,43.07295,45.58335
1987-06-19,843.7875,1387.25939,1184.55213,62.11446,42.46281,44.93685
1987-06-22,824.6079,1355.88938,1157.74641,60.97107,41.68626,44.11429
1987-06-23,826.6408,1359.38411,1160.71073,61.30576,41.91989,44.36075
1987-06-24,832.4052,1369.01446,1168.91376,61.10436,41.78718,44.21953
1987-06-25,831.3969,1367.5109,1167.61013,61.25089,41.89228,44.32995
1987-06-26,833.4482,1371.03832,1170.60204,61.35335,41.96727,44.40852
1987-06-29,816.2497,1342.90693,1146.56392,60.18801,41.17519,43.56961
1987-06-30,806.9235,1327.71809,1133.57659,59.52658,40.72766,43.09529
1987-07-01,805.7268,1325.89919,1132.00442,59.17716,40.49349,42.84674
1987-07-02,813.6037,1339.00772,1143.1766,59.94531,41.02356,43.40688
1987-07-03,807.6708,1329.39668,1134.95192,59.72931,40.88065,43.2549
1987-07-06,791.8674,1303.54019,1112.85855,58.68522,40.17096,42.50325
1987-07-07,791.602,1303.25037,1112.59223,58.54616,40.08055,42.40684
1987-07-08,783.0695,1289.35296,1100.70928,58.16213,39.82247,42.13303
1987-07-09,791.6652,1303.64804,1112.89396,58.49391,40.0542,42.37746
1987-07-10,797.4353,1313.29444,1121.10984,59.18707,40.53328,42.8836
1987-07-13,797.2507,1313.13856,1120.95773,59.25229,40.58271,42.93514
1987-07-14,794.3049,1308.43575,1116.92423,58.93903,40.37303,42.71254
1987-07-15,803.601,1323.89276,1130.09966,59.82532,40.9845,43.35873
1987-07-16,805.7775,1327.62684,1133.2679,59.45778,40.73764,43.0968
1987-07-17,793.9965,1308.36992,1116.8112,59.1419,40.52611,42.87225
1987-07-20,778.7387,1283.38048,1095.46197,58.21811,39.89798,42.20701
1987-07-21,771.7792,1272.05831,1085.77922,57.71847,39.56038,41.84913
1987-07-22,761.4328,1255.15233,1071.3308,57.04167,39.10128,41.36273
1987-07-23,772.5744,1273.6553,1087.10549,57.74694,39.58904,41.87799
1987-07-24,795.9345,1312.30086,1120.07169,59.46643,40.77169,43.12838
1987-07-27,797.8698,1315.63889,1122.90168,59.4569,40.76998,43.1258
1987-07-28,801.6445,1322.00997,1128.32026,59.96808,41.1251,43.50069
1987-07-29,804.1984,1326.36971,1132.02202,60.08922,41.21299,43.59289
1987-07-30,802.1164,1323.08619,1129.20045,59.98728,41.14797,43.52334
1987-07-31,804.7756,1327.62065,1133.05118,60.17,41.27811,43.66022
1987-08-03,802.6679,1324.29411,1130.19298,60.08228,41.22283,43.60098
1987-08-04,788.3906,1300.89278,1110.2028,59.56836,40.8752,43.23252
1987-08-05,792.8955,1308.47102,1116.65123,60.04443,41.2065,43.58217
1987-08-06,796.853,1315.14781,1122.33016,60.44269,41.48452,43.87546
1987-08-07,795.2124,1312.58903,1120.12751,60.31277,41.40029,43.7856
1987-08-10,803.0046,1325.59582,1131.20794,61.24275,42.04312,44.46472
1987-08-11,807.1782,1332.63337,1137.19418,61.66232,42.33596,44.77365
1987-08-12,816.4287,1348.05228,1150.33229,62.42604,42.86497,45.33236
1987-08-13,815.78,1347.13342,1149.52867,62.16604,42.69157,45.14817
1987-08-14,822.3439,1358.12193,1158.88566,62.77497,43.11453,45.59469
1987-08-17,817.9313,1350.9892,1152.77973,61.85068,42.48492,44.92807
1987-08-18,826.2487,1364.87616,1164.6095,61.67065,42.36633,44.80186
1987-08-19,827.7553,1367.5182,1166.84406,61.54678,42.28627,44.7164
1987-08-20,835.7187,1380.82537,1178.17849,61.78166,42.45256,44.89146
1987-08-21,850.8063,1405.90368,1199.556,62.66978,43.06743,45.5409
1987-08-24,860.5029,1422.08133,1213.33862,63.22245,43.45209,45.94685
1987-08-25,854.9206,1413.01836,1205.58551,62.74062,43.12617,45.6014
1987-08-26,855.6354,1414.35881,1206.70869,63.20931,43.45323,45.94644
1987-08-27,865.4377,1430.71748,1220.64493,63.45673,43.62836,46.13081
1987-08-28,865.3457,1430.72673,1220.63209,63.46669,43.64036,46.14268
1987-08-31,864.3737,1429.28134,1219.37825,63.26771,43.50875,46.00271
1987-09-01,867.3532,1434.36805,1223.69714,63.32499,43.55326,46.04895
1987-09-02,866.4038,1432.96008,1222.47521,63.17841,43.45764,45.94703
1987-09-03,860.9487,1424.10141,1214.89715,62.46456,42.97186,45.43262
1987-09-04,862.1257,1426.20839,1216.67395,62.43614,42.9574,45.41652
1987-09-07,847.738,1402.57279,1196.49058,61.29857,42.17989,44.59372
1987-09-08,849.7863,1406.119,1199.49537,61.46795,42.30136,44.72136
1987-09-09,845.1772,1398.65272,1193.10598,61.09755,42.05154,44.45645
1987-09-10,837.0139,1385.30427,1181.69919,60.95553,41.9588,44.35762
1987-09-11,840.4916,1391.21485,1186.72092,61.25682,42.17104,44.58121
1987-09-14,833.0148,1378.99858,1176.28035,60.90307,41.93258,44.32833
1987-09-15,837.1516,1386.00059,1182.23297,61.20552,42.14565,44.5528
1987-09-16,837.1762,1386.19757,1182.38091,61.0418,42.03794,44.43815
1987-09-17,838.0368,1387.7785,1183.70929,61.30241,42.22229,44.63223
1987-09-18,840.9052,1392.68386,1187.87316,61.09519,42.08461,44.4859
1987-09-21,837.1779,1386.66925,1182.72299,60.96747,42.00164,44.39741
1987-09-22,834.9506,1383.13724,1179.69041,61.082,42.08547,44.48523
1987-09-23,836.9987,1386.68515,1182.69638,61.56592,42.42365,44.84192
1987-09-24,836.5329,1386.06996,1182.15161,61.25137,42.212,44.6174
1987-09-25,841.3298,1394.17241,1189.04184,61.72155,42.54081,44.96418
1987-09-28,862.8713,1430.01759,1219.59225,63.39089,43.69561,46.18405
1987-09-29,853.2832,1414.29216,1206.16036,63.16394,43.5444,46.02341
1987-09-30,850.0183,1409.04139,1201.66191,62.87771,43.35229,45.81955
1987-10-01,840.7187,1393.78807,1188.63339,62.33875,42.98593,45.43152
1987-10-02,846.6057,1403.70264,1197.06829,62.73631,43.26498,45.72566
1987-10-05,848.1003,1406.33841,1199.29569,62.85821,43.35412,45.81905
1987-10-06,853.6516,1415.70003,1207.25858,62.93482,43.41206,45.87947
1987-10-07,853.0671,1414.89053,1206.54778,62.61009,43.19327,45.64744
1987-10-08,865.8457,1436.23941,1224.73225,63.49779,43.81037,46.29883
1987-10-09,868.6926,1441.12257,1228.87542,63.38955,43.74091,46.22459
1987-10-12,866.9367,1438.37277,1226.50977,63.2559,43.65389,46.13181
1987-10-13,866.5561,1437.90361,1226.0889,63.49418,43.82339,46.31012
1987-10-14,876.0976,1453.8944,1239.70308,63.79624,44.03693,46.53497
1987-10-15,869.4645,1443.05309,1230.43806,63.00584,43.49666,45.96323
1987-10-16,861.8771,1430.62577,1219.82105,62.49395,43.14851,45.59453
1987-10-19,824.5224,1368.79378,1167.08072,58.91654,40.68274,42.98844
1987-10-20,707.9699,1175.48596,1002.24545,51.79255,35.76482,37.79187
1987-10-21,765.6638,1271.38948,1083.99639,55.65278,38.43263,40.61051
1987-10-22,757.1145,1257.33978,1071.99934,55.08886,38.04784,40.20319
1987-10-23,735.4331,1221.48245,1041.41014,53.4415,36.9145,39.00501
1987-10-26,700.447,1163.52236,991.97818,50.00794,34.54615,36.50214
1987-10-27,712.081,1182.97427,1008.54508,50.87765,35.15064,37.14024
1987-10-28,708.725,1177.53363,1003.88962,50.06443,34.59303,36.55043
1987-10-29,698.1918,1160.16944,989.06928,48.90706,33.79744,35.70921
1987-10-30,730.1149,1213.33371,1034.37536,51.44065,35.55097,37.56147
1987-11-02,744.9169,1238.06313,1055.43945,51.90603,35.8766,37.90486
1987-11-03,741.5849,1232.66616,1050.82073,51.17054,35.37257,37.37168
1987-11-04,724.091,1203.73266,1026.13826,50.09161,34.63097,36.58753
1987-11-05,724.353,1204.30382,1026.60772,49.80883,34.43963,36.38473
1987-11-06,729.967,1213.77113,1034.66056,49.62342,34.31555,36.253
1987-11-09,713.924,1187.2376,1012.02539,48.33237,33.42682,35.31349
1987-11-10,698.2048,1161.23623,989.8446,46.83958,32.39828,34.22634
1987-11-11,686.1982,1141.40232,972.92161,46.33527,32.05337,33.86137
1987-11-12,703.5859,1170.44628,997.66149,47.88454,33.12812,34.99623
1987-11-13,722.9616,1202.80288,1025.2241,49.57451,34.30038,36.23407
1987-11-16,723.9211,1204.53444,1026.68258,50.24619,34.76885,36.72834
1987-11-17,721.2915,1200.29586,1023.05247,49.48434,34.24588,36.17525
1987-11-18,729.3696,1213.87064,1034.60514,50.1703,34.72433,36.68004
1987-11-19,728.1369,1211.95643,1032.95608,49.47487,34.24719,36.17539
1987-11-20,728.725,1213.07171,1033.88908,49.19496,34.05755,35.97443
1987-11-23,729.7824,1214.96825,1035.4879,49.29819,34.133,36.0535
1987-11-24,734.5104,1222.97468,1042.29389,50.06255,34.66591,36.61578
1987-11-25,746.6115,1243.25627,1059.56112,50.47989,34.95882,36.92453
1987-11-26,748.0644,1245.81523,1061.72395,50.50461,34.98006,36.9463
1987-11-27,749.7089,1248.69376,1064.15906,50.2988,34.84171,36.79952
1987-11-30,736.4572,1226.76757,1045.45549,48.80659,33.81212,35.71149
1987-12-01,731.4436,1218.55627,1038.44017,48.98688,33.94095,35.84693
1987-12-02,732.9465,1221.19683,1040.67276,49.0247,33.97115,35.87819
1987-12-03,726.6276,1210.80865,1031.80271,48.55155,33.64739,35.53561
1987-12-04,719.5434,1199.1431,1021.84447,48.23239,33.43025,35.30566
1987-12-07,715.9758,1193.33414,1016.87713,48.40072,33.55081,35.43236
1987-12-08,726.8044,1211.5126,1032.35004,49.04946,34.00417,35.91055
1987-12-09,727.5197,1212.84125,1033.46464,48.86501,33.88037,35.77916
1987-12-10,747.82,1246.81235,1062.39345,50.35391,34.91597,36.87225
1987-12-11,747.5996,1246.58554,1062.18215,49.41186,34.26693,36.18622
1987-12-14,751.135,1252.61977,1067.30564,49.41895,34.2759,36.19504
1987-12-15,752.7258,1255.41324,1069.66767,49.61732,34.41745,36.34389
1987-12-16,754.5698,1258.62951,1072.38986,49.85284,34.5848,36.51996
1987-12-17,762.0705,1271.27962,1083.14975,50.13843,34.78689,36.73272
1987-12-18,757.8715,1264.41982,1077.2868,49.84255,34.58579,36.51972
1987-12-21,763.3029,1273.62184,1085.10851,50.38603,34.96675,36.92135
1987-12-22,761.3781,1270.55453,1082.47682,50.23121,34.86349,36.81166
1987-12-23,760.5234,1269.27182,1081.36563,50.4135,34.99406,36.94888
1987-12-24,763.3312,1274.09987,1085.46048,50.41576,34.99976,36.95424
1987-12-25,763.331,1274.24318,1085.56414,NA,NA,NA
1987-12-28,755.2182,1260.84698,1074.13333,48.88751,33.94713,35.84157
1987-12-29,746.2824,1246.07396,1061.53,48.18226,33.4615,35.32822
1987-12-30,749.8891,1252.23514,1066.76059,48.5125,33.69467,35.57377
1987-12-31,757.4516,1265.00183,1077.61805,48.56593,33.73573,35.6165
1988-01-01,757.4514,1265.14412,1077.72096,NA,NA,NA
1988-01-04,741.8728,1239.2718,1055.66364,47.54518,33.03475,34.87519
1988-01-05,735.1596,1228.19987,1046.21436,48.00903,33.36073,35.21873
1988-01-06,751.6413,1255.867,1069.76382,50.36379,34.99974,36.94856
1988-01-07,757.4416,1265.69758,1078.11933,50.30093,34.96022,36.90618
1988-01-08,751.3666,1255.69113,1069.57771,50.32521,34.98121,36.92769
1988-01-11,744.9941,1245.18531,1060.61103,49.30981,34.2796,36.1864
1988-01-12,747.6457,1249.75653,1064.48657,49.48532,34.40559,36.31876
1988-01-13,743.3952,1242.79396,1058.53821,48.92513,34.02026,35.91137
1988-01-14,749.6362,1253.36514,1067.52399,49.66031,34.53515,36.45428
1988-01-15,731.9064,1223.86894,1042.38373,48.3059,33.59732,35.46374
1988-01-18,744.6789,1245.35951,1060.6695,50.67711,35.24927,37.20698
1988-01-19,743.2902,1243.17807,1058.7936,50.69816,35.26807,37.22617
1988-01-20,746.0913,1248.00205,1062.88404,50.20517,34.92937,36.86801
1988-01-21,743.9433,1244.55058,1059.92654,50.03244,34.81338,36.74492
1988-01-22,748.5686,1252.42675,1066.6162,50.59994,35.21212,37.16515
1988-01-25,762.8981,1276.53679,1087.13081,51.62699,35.93051,37.92278
1988-01-26,766.9819,1283.51238,1093.05284,52.00016,36.19431,38.20055
1988-01-27,762.5803,1276.29288,1086.88619,51.76471,36.03476,38.03148
1988-01-28,771.4411,1291.26306,1099.61607,52.06183,36.24573,38.25347
1988-01-29,770.1296,1289.21393,1097.85242,52.27292,36.3969,38.41233
1988-02-01,763.6235,1278.47037,1088.68509,52.29412,36.41595,38.43176
1988-02-02,764.4958,1280.07458,1090.03265,52.25968,36.39628,38.41031
1988-02-03,764.6228,1280.4315,1090.31806,52.1745,36.34128,38.35159
1988-02-04,764.1271,1279.74596,1089.71581,52.3844,36.4917,38.50965
1988-02-05,762.3764,1276.95889,1087.32412,52.16598,36.34392,38.35302
1988-02-08,761.2094,1275.14863,1085.76426,52.42945,36.53167,38.55047
1988-02-09,756.3254,1267.11276,1078.90356,52.12742,36.32561,38.33234
1988-02-10,764.2292,1280.49408,1090.27879,52.30133,36.45102,38.464
1988-02-11,768.1596,1287.22239,1095.98901,52.57461,36.64568,38.66874
1988-02-12,761.5854,1276.35345,1086.71636,52.37336,36.50979,38.52466
1988-02-15,772.122,1294.15154,1101.85135,53.37899,37.21466,39.26779
1988-02-16,777.4125,1303.1627,1109.50469,53.88288,37.57014,39.6422
1988-02-17,782.8051,1312.34696,1117.30514,54.17579,37.77869,39.86156
1988-02-18,790.6118,1325.57942,1128.55183,54.45907,37.98059,40.07388
1988-02-19,793.0771,1329.86133,1132.17807,54.71004,38.16,40.26248
1988-02-22,802.4516,1345.72697,1145.66584,55.23821,38.53268,40.65499
1988-02-23,807.4221,1354.2123,1152.87014,55.28899,38.57263,40.69643
1988-02-24,810.2021,1359.0265,1156.94892,55.49754,38.7226,40.85394
1988-02-25,818.09,1372.40761,1168.32053,56.26375,39.26144,41.42174
1988-02-26,818.2363,1372.80772,1168.64128,55.90586,39.01643,41.16251
1988-02-29,820.6347,1376.98548,1172.17782,56.01936,39.10021,41.25017
1988-03-01,826.5874,1387.12666,1180.79059,56.46722,39.41723,41.5839
1988-03-02,830.1733,1393.29923,1186.02485,56.94953,39.75836,41.94306
1988-03-03,829.8178,1392.85982,1185.63067,56.90646,39.733,41.91557
1988-03-04,831.5251,1395.88189,1188.18294,57.01886,39.81614,42.00253
1988-03-07,838.5166,1407.77307,1198.28444,57.01657,39.81924,42.00506
1988-03-08,836.5339,1404.60384,1195.56651,56.42738,39.41258,41.57533
1988-03-09,842.2011,1414.27556,1203.77842,56.64968,39.57242,41.7432
1988-03-10,844.0285,1417.50296,1206.50498,56.8412,39.7108,41.88844
1988-03-11,841.3676,1413.19497,1202.81781,56.3759,39.39052,41.54986
1988-03-14,839.1967,1409.70882,1199.83026,56.13147,39.22445,41.37395
1988-03-15,842.2646,1415.02007,1204.33032,56.58567,39.54628,41.71269
1988-03-16,847.3017,1423.63999,1211.6462,57.10303,39.9123,42.09804
1988-03-17,848.769,1426.26527,1213.85994,57.37305,40.10564,42.30122
1988-03-18,853.8642,1434.98595,1221.26116,58.28773,40.74934,42.97946
1988-03-21,859.5388,1444.68204,1229.49226,58.60809,40.978,43.21987
1988-03-22,854.0014,1435.53998,1221.69119,58.3209,40.78211,43.0125
1988-03-23,858.9323,1443.98846,1228.86026,58.67681,41.03566,43.27917
1988-03-24,856.9357,1440.79547,1226.12215,58.23112,40.72891,42.95488
1988-03-25,849.9497,1429.21475,1216.24628,57.62992,40.31333,42.51583
1988-03-28,849.4753,1428.57836,1215.68407,57.0426,39.90735,42.08692
1988-03-29,859.5339,1445.65106,1230.19163,57.69023,40.36486,42.5687
1988-03-30,865.9421,1456.5894,1239.47868,58.24191,40.75539,42.97981
1988-03-31,870.1684,1463.86091,1245.64519,58.09618,40.65827,42.87663
1988-04-01,870.1682,1464.02562,1245.76419,NA,NA,NA
1988-04-04,868.9023,1462.06135,1244.07163,NA,NA,NA
1988-04-05,861.8232,1450.31719,1234.05756,57.72803,40.41509,42.6179
1988-04-06,866.59,1458.50057,1240.99963,58.27142,40.80005,43.0231
1988-04-07,871.1228,1466.29203,1247.60799,58.92695,41.26356,43.51113
1988-04-08,874.9475,1472.89361,1253.20373,58.98046,41.30589,43.55499
1988-04-11,875.8959,1474.65584,1254.6818,59.45186,41.64071,43.90728
1988-04-12,877.1586,1476.94747,1256.61025,59.51341,41.68871,43.95712
1988-04-13,880.1071,1482.07744,1260.9535,59.94699,41.99718,44.2816
1988-04-14,894.6965,1506.80677,1281.97149,60.94072,42.69785,45.01965
1988-04-15,884.9611,1490.58436,1268.14817,59.21621,41.49459,43.75022
1988-04-18,877.6437,1478.43011,1257.78634,58.64209,41.09729,43.33056
1988-04-19,878.1425,1479.43685,1258.62145,58.79289,41.20777,43.44628
1988-04-20,881.0952,1484.57697,1262.97293,58.91038,41.29495,43.53742
1988-04-21,876.6298,1477.22222,1256.6947,58.74807,41.1861,43.42189
1988-04-22,871.0258,1467.94753,1248.78339,58.57441,41.06927,43.29794
1988-04-25,878.207,1480.21265,1259.19595,59.18109,41.49923,43.75049
1988-04-26,881.2912,1485.57669,1263.7376,59.30766,41.59284,43.8484
1988-04-27,876.8452,1478.25136,1257.48481,59.26608,41.56861,43.82208
1988-04-28,883.5856,1489.77875,1267.26914,59.46207,41.71091,43.97132
1988-04-29,881.864,1487.04467,1264.92194,59.29371,41.59779,43.85128
1988-05-02,884.174,1491.10663,1268.35562,59.89218,42.02229,44.29803
1988-05-03,886.8085,1495.71661,1272.25533,59.92497,42.05026,44.32672
1988-05-04,885.4169,1493.53868,1270.38121,59.95693,42.07765,44.35481
1988-05-05,887.403,1497.05647,1273.35176,59.95545,42.08158,44.35816
1988-05-06,881.1972,1486.75838,1264.57106,59.61325,41.84645,44.10953
1988-05-09,874.6259,1475.84139,1255.26425,59.10652,41.49579,43.73913
1988-05-10,876.1528,1478.58366,1257.5753,59.15711,41.53619,43.78093
1988-05-11,868.2321,1465.38648,1246.3296,58.56082,41.12254,43.34415
1988-05-12,866.6025,1462.80193,1244.11028,NA,NA,NA
1988-05-13,870.8125,1470.07151,1250.27182,58.80128,41.30104,43.53076
1988-05-16,875.268,1477.75704,1256.7869,59.30812,41.6617,43.91013
1988-05-17,871.6149,1471.75737,1251.66311,58.965,41.42568,43.66059
1988-05-18,870.3886,1469.85313,1250.02241,59.62021,41.89059,44.14984
1988-05-19,862.7998,1457.20626,1239.24599,58.87366,41.37111,43.60156
1988-05-20,861.3913,1454.99226,1237.34213,58.86885,41.37261,43.60238
1988-05-23,858.0563,1449.52439,1232.67126,NA,NA,NA
1988-05-24,861.0336,1454.7162,1237.06535,58.71002,41.2708,43.49353
1988-05-25,864.9235,1461.45062,1242.77108,59.0861,41.53989,43.77635
1988-05-26,861.7539,1456.26099,1238.33697,59.03359,41.5079,43.74186
1988-05-27,853.7426,1442.89006,1226.94613,58.61928,41.22159,43.43937
1988-05-30,844.809,1427.9576,1214.2279,58.45239,41.10915,43.32011
1988-05-31,852.6865,1441.4305,1225.66343,58.92428,41.44568,43.67398
1988-06-01,861.5441,1456.56278,1238.50954,59.63003,41.94667,44.20115
1988-06-02,857.8181,1450.42912,1233.27318,59.69838,41.99968,44.25623
1988-06-03,862.2067,1458.01126,1239.69908,59.89907,42.14576,44.40937
1988-06-06,868.2683,1468.42347,1248.53104,60.19512,42.35892,44.6332
1988-06-07,871.685,1474.366,1253.5624,60.14765,42.33054,44.60251
1988-06-08,875.0717,1480.25911,1258.55158,60.40627,42.51745,44.79866
1988-06-09,885.2038,1497.56116,1273.24059,61.29804,43.14974,45.46412
1988-06-10,884.4072,1496.38266,1272.21701,61.11126,43.02341,45.33021
1988-06-13,884.0952,1496.0236,1271.89014,61.31779,43.17381,45.48787
1988-06-14,877.811,1485.56085,1262.97348,61.00848,42.96121,45.26307
1988-06-15,881.7814,1492.44602,1268.80547,62.08453,43.72352,46.06546
1988-06-16,882.3398,1493.55917,1269.73026,61.96206,43.64247,45.97925
1988-06-17,879.7048,1489.26827,1266.0609,62.03761,43.70081,46.03991
1988-06-20,873.4392,1478.83143,1257.16697,61.65297,43.43512,45.75918
1988-06-21,869.0649,1471.59367,1250.99286,61.40124,43.26297,45.57701
1988-06-22,858.4011,1453.70644,1235.7661,61.14917,43.09055,45.39455
1988-06-23,854.413,1447.11803,1230.14454,61.47809,43.32729,45.64315
1988-06-24,845.4418,1432.09003,1217.34912,61.03749,43.02199,45.32073
1988-06-27,830.7294,1407.33551,1196.2863,61.00278,43.00262,45.29951
1988-06-28,836.3781,1417.06131,1204.53313,60.624,42.74078,45.02288
1988-06-29,825.873,1399.42634,1189.52287,60.58229,42.71644,44.99644
1988-06-30,829.3334,1405.44629,1194.61959,60.74018,42.83275,45.11817
1988-07-01,823.4785,1395.68487,1186.30232,60.44908,42.63261,44.90655
1988-07-04,812.9475,1377.99749,1171.24858,59.76,42.15178,44.39928
1988-07-05,823.1137,1395.38103,1186.00384,60.45416,42.64607,44.91916
1988-07-06,835.0402,1415.75182,1203.29756,61.17958,43.16251,45.46237
1988-07-07,843.5798,1430.38622,1215.71522,61.57855,43.44891,45.76323
1988-07-08,846.3535,1435.24949,1219.8279,62.05197,43.78789,46.11946
1988-07-11,842.0615,1428.13459,1213.76029,62.37745,44.02261,46.36587
1988-07-12,843.4233,1430.60466,1215.83894,62.50603,44.1185,46.46605
1988-07-13,837.6528,1420.98032,1207.63893,62.08939,43.82974,46.16109
1988-07-14,839.0209,1423.4608,1209.72645,62.36778,44.03132,46.37259
1988-07-15,824.7326,1399.38528,1189.24579,61.64557,43.52676,45.84039
1988-07-18,818.1557,1388.38605,1179.87825,62.22228,43.93886,46.27359
1988-07-19,814.4389,1382.23673,1174.6325,61.01255,43.08987,45.3787
1988-07-20,831.3078,1411.01498,1199.06805,61.99843,43.79077,46.11607
1988-07-21,841.0449,1427.69726,1213.22392,62.08755,43.85886,46.18696
1988-07-22,840.6157,1427.12982,1212.72112,61.69082,43.58388,45.89656
1988-07-25,835.4555,1418.53215,1205.39468,61.59876,43.52402,45.83272
1988-07-26,835.3312,1418.48108,1205.33082,62.16538,43.92927,46.25866
1988-07-27,849.6931,1443.02314,1226.16422,63.83091,45.11059,47.5019
1988-07-28,848.5341,1441.21798,1224.60954,63.03569,44.55404,46.91501
1988-07-29,854.4704,1451.46072,1233.29191,64.21865,45.39486,47.79961
1988-08-01,861.7805,1464.03879,1243.95824,64.76805,45.78834,48.21311
1988-08-02,861.7883,1464.2171,1244.08862,64.5944,45.67104,48.08874
1988-08-03,858.0673,1458.06149,1238.83741,64.54702,45.64296,48.05831
1988-08-04,854.7687,1452.62207,1234.19487,64.42064,45.55902,47.96907
1988-08-05,850.7307,1445.92511,1228.48406,64.16838,45.38607,47.78613
1988-08-08,849.2045,1443.49477,1226.39837,64.71903,45.78067,48.20076
1988-08-09,841.9504,1431.32961,1216.04218,63.89819,45.20556,47.5944
1988-08-10,823.7985,1400.63886,1189.94757,63.29061,44.78117,47.14675
1988-08-11,831.8876,1414.54669,1201.74292,63.38773,44.85514,47.22379
1988-08-12,837.8334,1424.814,1210.44507,63.327,44.81749,47.18331
1988-08-15,835.3884,1420.81766,1207.02949,63.19363,44.72844,47.08872
1988-08-16,839.6777,1428.27128,1213.34098,62.84695,44.48843,46.83522
1988-08-17,838.9836,1427.25194,1212.45444,63.78887,45.16002,47.54143
1988-08-18,838.5249,1426.63271,1211.90782,63.64978,45.06693,47.44259
1988-08-19,841.7412,1432.26433,1216.67115,63.96944,45.29845,47.68549
1988-08-22,833.0671,1417.66966,1204.25295,64.02035,45.33984,47.72821
1988-08-23,829.4851,1411.73524,1199.19154,63.57557,45.0303,47.40152
1988-08-24,823.8261,1402.26531,1191.12714,62.64212,44.37458,46.71044
1988-08-25,827.3044,1408.34253,1196.269,62.17696,44.05041,46.36839
1988-08-26,819.4211,1395.08434,1184.98719,61.57341,43.62813,45.92307
1988-08-29,810.4741,1380.0125,1172.16527,60.95591,43.19586,45.46725
1988-08-30,810.8881,1380.87285,1172.87612,61.07498,43.2853,45.56058
1988-08-31,798.0415,1359.15655,1154.41135,60.31391,42.75114,44.99755
1988-09-01,785.5141,1337.97875,1136.40458,59.41547,42.11947,44.33191
1988-09-02,788.5725,1343.33777,1140.93686,59.61983,42.26924,44.48876
1988-09-05,799.6838,1362.41281,1157.11821,59.84283,42.43225,44.65955
1988-09-06,804.0563,1370.014,1163.55427,59.86455,42.45265,44.68023
1988-09-07,813.6455,1386.50333,1177.53868,60.49228,42.90254,45.15295
1988-09-08,814.6584,1388.38529,1179.11698,60.7947,43.12197,45.3831
1988-09-09,815.3176,1389.665,1180.18376,60.6112,42.99697,45.25073
1988-09-12,817.3022,1393.20351,1183.16877,60.82907,43.15652,45.41784
1988-09-13,823.3229,1403.62122,1191.9957,61.32632,43.51418,45.79346
1988-09-14,817.6948,1394.18672,1183.96356,61.22902,43.45032,45.72544
1988-09-15,820.9758,1399.93673,1188.82637,62.06406,44.04763,46.35325
1988-09-16,821.1315,1400.36001,1189.16562,62.08144,44.06517,46.37088
1988-09-19,823.8845,1405.21174,1193.26538,62.09861,44.08256,46.38836
1988-09-20,817.5332,1394.53988,1184.18305,61.55883,43.7047,45.98991
1988-09-21,818.5048,1396.35406,1185.70343,61.81576,43.89217,46.18637
1988-09-22,814.2702,1389.28899,1179.68416,61.6017,43.74542,46.03114
1988-09-23,813.8432,1388.71726,1179.17867,61.6531,43.78707,46.07415
1988-09-26,809.1801,1380.91868,1172.53688,61.48373,43.67201,45.95225
1988-09-27,817.4843,1395.2426,1184.6792,61.96824,44.02111,46.31878
1988-09-28,824.0117,1406.53786,1194.24955,62.37254,44.31335,46.62546
1988-09-29,826.5251,1410.98563,1198.00568,62.63085,44.502,46.82313
1988-09-30,832.0212,1420.525,1206.08466,62.96741,44.74626,47.07931
1988-10-03,829.6682,1416.66877,1202.79014,62.28182,44.26446,46.57157
1988-10-04,833.8066,1423.89316,1208.90332,62.44667,44.38679,46.69945
1988-10-05,829.5976,1416.86763,1202.91813,62.37736,44.34279,46.65233
1988-10-06,824.8583,1408.93499,1196.16303,61.88184,43.99589,46.28653
1988-10-07,829.2956,1416.67134,1202.71064,62.1478,44.19007,46.49
1988-10-10,836.0708,1428.40221,1212.64921,62.45396,44.41286,46.72357
1988-10-11,845.2829,1444.29805,1226.12324,62.99572,44.80313,47.13333
1988-10-12,852.4626,1456.72555,1236.65246,63.18153,44.9405,47.27702
1988-10-13,861.6225,1472.53884,1250.05555,62.85718,44.71518,47.03915
1988-10-14,869.6113,1486.35465,1261.76254,63.74598,45.35232,47.7086
1988-10-17,873.5007,1493.16846,1267.52524,63.73484,45.34977,47.70507
1988-10-18,870.2829,1487.83755,1262.97848,63.47235,45.16843,47.51346
1988-10-19,874.6508,1495.47087,1269.43661,63.7353,45.36078,47.71496
1988-10-20,878.4565,1502.14487,1275.08021,63.74034,45.36972,47.72352
1988-10-21,883.4025,1510.76976,1282.37958,63.75057,45.38237,47.73597
1988-10-24,877.041,1500.0633,1273.27006,63.31336,45.07659,47.41349
1988-10-25,879.0971,1503.74827,1276.37623,63.63215,45.30875,47.65686
1988-10-26,888.9951,1520.84483,1290.86582,63.8894,45.49717,47.8542
1988-10-27,893.0363,1527.9281,1296.85595,63.80132,45.43986,47.79306
1988-10-28,892.3898,1526.99451,1296.04153,64.24383,45.7602,48.12916
1988-10-31,902.2934,1544.1089,1310.54519,64.39113,45.87047,48.24429
1988-11-01,899.2976,1539.15742,1306.32049,64.80253,46.16878,48.55719
1988-11-02,901.7729,1543.56644,1310.04029,64.702,46.10265,48.48678
1988-11-03,903.5954,1546.8593,1312.81268,64.5833,46.02355,48.40273
1988-11-04,895.2717,1532.78759,1300.84801,64.16944,45.73417,48.09752
1988-11-07,893.2529,1529.50484,1298.03996,64.25063,45.79741,48.16318
1988-11-08,897.5437,1537.02259,1304.39788,64.44281,45.93973,48.312
1988-11-09,911.6396,1561.32895,1325.00303,65.18611,46.4747,48.87377
1988-11-10,914.967,1567.20232,1329.96481,64.95727,46.3171,48.70717
1988-11-11,931.2324,1595.2325,1353.7289,65.55524,46.74868,49.16018
1988-11-14,923.3483,1581.90965,1342.40024,65.13187,46.4524,48.84773
1988-11-15,930.5888,1594.48965,1353.0526,65.4989,46.7195,49.12775
1988-11-16,936.9497,1605.56568,1362.42837,65.75835,46.90998,49.32718
1988-11-17,937.8173,1607.23308,1363.8201,65.00601,46.37895,48.76792
1988-11-18,941.1999,1613.21,1368.86858,65.95696,47.06244,49.4858
1988-11-21,948.2114,1625.40663,1379.19446,66.37597,47.3668,49.80496
1988-11-22,954.2375,1635.91723,1388.08937,66.46386,47.43508,49.87587
1988-11-23,960.2016,1646.32388,1396.89579,66.69033,47.60223,50.05075
1988-11-24,963.2421,1651.72137,1401.45172,66.67438,47.59648,50.0438
1988-11-25,959.208,1644.99171,1395.71805,66.58259,47.53661,49.97997
1988-11-28,940.3393,1612.82511,1368.40271,65.59968,46.8406,49.24731
1988-11-29,950.8828,1631.08628,1383.87291,66.34075,47.37494,49.80827
1988-11-30,955.0607,1638.43497,1390.0842,66.77714,47.69199,50.14072
1988-12-01,957.1535,1642.20909,1393.26259,66.60037,47.57142,50.01308
1988-12-02,951.861,1633.31587,1385.69399,66.32043,47.37717,49.80797
1988-12-05,957.4882,1643.1535,1394.0165,66.27061,47.34719,49.77557
1988-12-06,958.154,1644.48107,1395.11909,66.44874,47.47998,49.91429
1988-12-07,955.216,1639.62516,1390.97589,66.98972,47.87191,50.32544
1988-12-08,953.6425,1637.10974,1388.81835,66.79531,47.7387,50.1845
1988-12-09,955.0725,1639.7486,1391.03337,66.75563,47.71599,50.15974
1988-12-12,948.9321,1629.39351,1382.22547,66.34863,47.43081,49.85907
1988-12-13,943.7248,1620.63791,1374.7747,66.2561,47.3703,49.79457
1988-12-14,950.6379,1632.68947,1384.97443,66.88189,47.82302,50.2696
1988-12-15,945.7565,1624.49183,1377.99716,66.1875,47.33228,49.75287
1988-12-16,936.0712,1608.04257,1364.02073,66.23615,47.37265,49.79442
1988-12-19,935.7224,1607.62482,1363.64321,66.17225,47.33257,49.75141
1988-12-20,932.6201,1602.47738,1359.25389,66.58378,47.63236,50.06564
1988-12-21,940.0996,1615.50661,1370.28229,67.04905,47.97063,50.42032
1988-12-22,942.8422,1620.40063,1374.41008,67.25614,48.12437,50.58102
1988-12-23,943.1386,1621.0926,1374.97366,67.41536,48.24393,50.70579
1988-12-26,952.3537,1637.1107,1388.53627,NA,NA,NA
1988-12-27,955.8496,1643.30334,1393.76497,68.29474,48.88433,51.37708
1988-12-28,952.1091,1637.05941,1388.44561,68.5667,49.08466,51.58672
1988-12-29,954.3403,1641.07939,1391.83146,68.5443,49.07444,51.57506
1988-12-30,959.3981,1649.95969,1399.33926,68.37294,48.9576,51.45136
1989-01-02,961.3247,1653.45826,1402.2826,68.39944,48.98236,51.47645
1989-01-03,971.3803,1670.93591,1417.08118,68.76954,49.25302,51.76
1989-01-04,964.8339,1659.86596,1407.66912,69.03698,49.45028,51.96638
1989-01-05,961.8957,1654.9995,1403.51823,69.08102,49.48766,52.00474
1989-01-06,955.1574,1643.59507,1393.82308,69.44437,49.75364,52.28334
1989-01-09,964.9038,1660.54751,1408.17541,70.85558,50.7699,53.35041
1989-01-10,976.3098,1680.35908,1424.9518,71.54858,51.27214,53.87725
1989-01-11,980.7136,1688.12624,1431.51408,71.94701,51.56354,54.18252
1989-01-12,983.1516,1692.51215,1435.20891,71.87982,51.52151,54.13738
1989-01-13,984.2502,1694.59378,1436.94968,72.66566,52.0905,54.73434
1989-01-16,973.0957,1675.58424,1420.80625,72.30837,51.84063,54.47081
1989-01-17,971.7656,1673.48337,1419.00073,71.95367,51.59255,54.20918
1989-01-18,975.2736,1679.71175,1424.25778,72.72234,52.14945,54.79339
1989-01-19,962.2644,1657.50027,1405.40047,72.20965,51.78809,54.41273
1989-01-20,967.1455,1666.09281,1412.66213,71.76415,51.4748,54.0826
1989-01-23,969.7165,1670.70864,1416.55178,71.7257,51.45332,54.05907
1989-01-24,984.6948,1696.69663,1438.56192,72.10617,51.73218,54.3511
1989-01-25,982.7426,1693.52493,1435.84839,72.57358,52.07343,54.70868
1989-01-26,982.3403,1693.02276,1435.39825,72.50544,52.03071,54.66283
1989-01-27,981.9223,1692.4934,1434.92507,72.88003,52.30551,54.95057
1989-01-30,978.144,1686.17325,1429.54247,73.15827,52.51127,55.16577
1989-01-31,975.3518,1681.55115,1425.59963,72.77361,52.24148,54.88136
1989-02-01,968.2583,1669.51398,1415.37064,72.62684,52.14234,54.77623
1989-02-02,971.527,1675.33689,1420.28303,72.81975,52.28692,54.92714
1989-02-03,976.2822,1683.72385,1427.36892,73.45942,52.75212,55.41488
1989-02-06,975.5717,1682.68862,1426.46708,73.68454,52.91993,55.59018
1989-02-07,980.2539,1690.95236,1433.44817,73.50022,52.79387,55.45676
1989-02-08,987.7485,1704.06817,1444.54214,74.08876,53.22258,55.90614
1989-02-09,993.1813,1713.63073,1452.62367,73.93892,53.12127,55.79873
1989-02-10,992.9941,1713.50101,1452.48904,73.25297,52.63487,55.28682
1989-02-13,983.6386,1697.55403,1438.94681,73.70112,52.96291,55.63042
1989-02-14,991.7719,1711.77839,1450.97959,73.93277,53.13554,55.81076
1989-02-15,1002.5063,1730.49426,1466.81909,74.07236,53.24209,55.92169
1989-02-16,998.0334,1722.97016,1460.41665,73.87247,53.10477,55.77646
1989-02-17,999.8249,1726.25647,1463.17732,73.52975,52.86476,55.52339
1989-02-20,998.051,1723.38907,1460.7221,73.78883,53.05717,55.7245
1989-02-21,986.8417,1704.23191,1444.46027,73.37546,52.76632,55.41804
1989-02-22,993.5258,1715.96441,1454.37972,73.47376,52.84321,55.49781
1989-02-23,998.9489,1725.52211,1462.45559,73.29121,52.71822,55.36555
1989-02-24,996.8991,1722.17678,1459.59549,73.30813,52.73661,55.38388
1989-02-27,984.3374,1700.67492,1441.34761,71.82829,51.67836,54.27157
1989-02-28,979.4094,1692.35433,1434.27145,72.06004,51.85111,54.45203
1989-03-01,971.1027,1678.19493,1422.24721,71.87275,51.72253,54.31603
1989-03-02,971.3933,1678.88621,1422.8089,71.93884,51.77619,54.37141
1989-03-03,974.9038,1685.14134,1428.0857,72.23722,51.99693,54.60227
1989-03-06,969.1711,1675.4245,1419.82699,71.93361,51.78462,54.37834
1989-03-07,969.3957,1676.00157,1420.29191,72.28405,52.04287,54.64857
1989-03-08,967.8234,1673.4728,1418.12487,72.19257,51.98319,54.58493
1989-03-09,959.1633,1658.69055,1405.57434,71.73865,51.66259,54.24732
1989-03-10,957.2949,1655.64728,1402.97164,71.44547,51.45765,54.03116
1989-03-13,952.3154,1647.22384,1395.81005,71.29665,51.35658,53.92408
1989-03-14,959.0947,1659.13291,1405.87758,71.87501,51.779,54.36668
1989-03-15,965.4733,1670.35161,1415.35979,72.23644,52.04535,54.64538
1989-03-16,962.8632,1666.02528,1411.66994,72.17036,52.00391,54.6009
1989-03-17,951.9494,1647.33331,1395.80806,71.42278,51.4715,54.04094
1989-03-20,937.5954,1622.68501,1374.89994,70.54212,50.84306,53.38018
1989-03-21,944.5043,1634.82221,1385.16027,71.05553,51.21888,53.77383
1989-03-22,937.6264,1623.10441,1375.20862,70.48735,50.8155,53.34937
1989-03-23,945.9404,1637.67611,1387.53123,70.78133,51.03332,53.57711
1989-03-24,941.1059,1629.49285,1380.57448,70.70441,50.98392,53.52429
1989-03-27,930.8015,1611.83878,1365.59407,NA,NA,NA
1989-03-28,946.894,1639.88064,1389.32831,71.62208,51.65736,54.22941
1989-03-29,953.0161,1650.66554,1398.44168,72.42595,52.24289,54.84315
1989-03-30,955.2697,1654.75404,1401.88165,72.39974,52.23016,54.82882
1989-03-31,959.2255,1661.79135,1407.81963,72.85148,52.56203,55.17624
1989-04-03,964.0625,1670.35645,1415.05171,73.13246,52.77085,55.39448
1989-04-04,978.4448,1695.45784,1436.29211,73.55593,53.08248,55.72062
1989-04-05,978.3847,1695.54488,1436.34145,73.63751,53.14759,55.78798
1989-04-06,965.5212,1673.44839,1417.59891,72.51916,52.34684,54.94648
1989-04-07,964.2949,1671.51212,1415.93463,72.42054,52.28187,54.87731
1989-04-10,956.0603,1657.42989,1403.98178,72.1001,52.05681,54.6401
1989-04-11,959.989,1664.42593,1409.88407,72.50104,52.35227,54.94926
1989-04-12,958.0217,1661.20348,1407.13054,72.51626,52.36944,54.96631
1989-04-13,960.2863,1665.31664,1410.59065,72.22981,52.16885,54.75479
1989-04-14,961.519,1667.64162,1412.53602,72.53139,52.39271,54.98878
1989-04-17,969.1584,1681.07607,1423.89118,72.37611,52.28678,54.87663
1989-04-18,972.1809,1686.5071,1428.46706,72.79695,52.59681,55.20105
1989-04-19,968.083,1679.58998,1422.58413,72.37987,52.30178,54.89044
1989-04-20,964.3374,1673.28237,1417.21762,72.10628,52.11034,54.68855
1989-04-21,963.9982,1672.88259,1416.85497,71.67696,51.80635,54.36854
1989-04-24,958.8159,1664.08011,1409.37574,71.59735,51.75495,54.31364
1989-04-25,964.7626,1674.58608,1418.24958,72.34516,52.30129,54.88605
1989-04-26,962.778,1671.33091,1415.46867,72.33912,52.3031,54.88698
1989-04-27,966.4152,1677.83182,1420.95022,72.835,52.66761,55.26853
1989-04-28,967.1545,1679.30421,1422.17303,72.99603,52.79021,55.3962
1989-05-01,965.1538,1676.02047,1419.36799,NA,NA,NA
1989-05-02,968.8195,1682.57351,1424.89335,73.47998,53.15252,55.77444
1989-05-03,968.2197,1681.72176,1424.14787,73.42782,53.12109,55.74047
1989-05-04,970.4575,1685.79732,1427.57497,NA,NA,NA
1989-05-05,970.6088,1686.25015,1427.93418,73.86367,53.44883,56.08239
1989-05-08,971.873,1688.63605,1429.93031,74.02727,53.57347,56.21217
1989-05-09,967.1921,1680.69521,1423.18187,74.27309,53.7576,56.40438
1989-05-10,968.6857,1683.47952,1425.51536,74.08152,53.62536,56.26463
1989-05-11,966.2541,1679.44443,1422.07443,74.18743,53.70832,56.35067
1989-05-12,962.2788,1672.72591,1416.36146,74.01818,53.59219,56.22783
1989-05-15,944.4262,1641.88793,1390.22626,NA,NA,NA
1989-05-16,949.7228,1651.27898,1398.15415,73.77197,53.42665,56.05215
1989-05-17,937.6474,1630.47428,1380.51522,73.20815,53.02476,55.62952
1989-05-18,934.4216,1625.05007,1375.8992,74.24618,53.78238,56.42341
1989-05-19,940.4362,1635.69073,1384.88494,74.2933,53.82285,56.46487
1989-05-22,918.5161,1597.75759,1352.74541,74.23848,53.78951,56.42889
1989-05-23,916.8203,1594.98858,1350.37809,73.75199,53.4435,56.0649
1989-05-24,908.4887,1580.67719,1338.23882,73.30752,53.12785,55.73277
1989-05-25,915.9602,1593.8519,1349.36994,73.67571,53.40081,56.01813
1989-05-26,930.3854,1619.12665,1370.74451,73.13299,53.01387,55.61124
1989-05-29,915.4392,1593.30425,1348.86058,73.88263,53.5632,56.18653
1989-05-30,910.6477,1585.14629,1341.93142,73.51722,53.30471,55.91438
1989-05-31,913.5986,1590.46035,1346.40726,73.0779,52.99259,55.58598
1989-06-01,912.82,1589.28454,1345.38903,72.75802,52.76698,55.34834
1989-06-02,913.9194,1591.3774,1347.13784,72.42438,52.53134,55.10019
1989-06-05,909.1184,1583.19892,1340.19181,71.52856,51.88792,54.42434
1989-06-06,898.9138,1565.61035,1325.28048,71.98594,52.22564,54.77762
1989-06-07,906.3818,1578.7905,1336.41471,71.77262,52.07712,54.62087
1989-06-08,908.7446,1583.08319,1340.02563,72.26092,52.43736,54.99775
1989-06-09,894.124,1557.79722,1318.59962,71.59551,51.96082,54.49697
1989-06-12,876.9929,1528.13228,1293.46784,71.6234,51.98719,54.52366
1989-06-13,869.9445,1516.02571,1283.19862,70.81253,51.40491,53.91201
1989-06-14,874.9353,1524.89186,1290.68121,71.35775,51.80653,54.33228
1989-06-15,856.9697,1493.75874,1264.30854,70.46314,51.16328,53.65672
1989-06-16,882.5107,1538.43631,1302.10126,71.43197,51.87233,54.39942
1989-06-19,887.0876,1546.58652,1308.9772,71.16843,51.68716,54.20426
1989-06-20,897.9809,1565.74813,1325.17243,71.35072,51.82559,54.34847
1989-06-21,895.6015,1561.77683,1321.78887,71.90668,52.23529,54.77717
1989-06-22,916.5231,1598.42787,1352.78502,72.4864,52.66233,55.22404
1989-06-23,928.593,1619.65305,1370.72509,72.89613,52.96605,55.54156
1989-06-26,922.5749,1609.34126,1361.97503,72.7242,52.84745,55.4162
1989-06-27,922.726,1609.78622,1362.32846,72.84603,52.94217,55.51455
1989-06-28,908.6262,1585.37451,1341.64663,72.06641,52.38196,54.92614
1989-06-29,906.354,1581.58963,1338.42089,71.27751,51.81487,54.33054
1989-06-30,897.3017,1565.97517,1325.18468,70.80543,51.47793,53.97628
1989-07-03,912.4328,1592.55221,1347.65225,71.23949,51.7994,54.3124
1989-07-04,918.1782,1602.75731,1356.265,71.31504,51.86043,54.37543
1989-07-05,929.7646,1623.15815,1373.50503,71.66889,52.12373,54.65054
1989-07-06,939.749,1640.76743,1388.38231,71.67837,52.13678,54.66326
1989-07-07,944.9355,1650.00567,1396.1758,71.94267,52.33508,54.8702
1989-07-10,952.4467,1663.30426,1407.4047,71.49218,52.01366,54.53224
1989-07-11,950.4396,1659.98751,1404.57438,72.08596,52.45154,54.99037
1989-07-12,953.1584,1664.92204,1408.72574,72.40385,52.68891,55.23827
1989-07-13,958.5573,1674.53797,1416.83792,72.64232,52.86858,55.42565
1989-07-14,951.1284,1661.75188,1405.99567,72.5397,52.80018,55.35295
1989-07-17,940.239,1642.91813,1390.03702,72.45624,52.7457,55.29485
1989-07-18,940.7705,1644.03185,1390.95569,72.96809,53.12431,55.6908
1989-07-19,944.1943,1650.19899,1396.14978,72.34751,52.67891,55.2229
1989-07-20,947.8979,1656.85639,1401.75846,73.08013,53.21824,55.78732
1989-07-21,955.7441,1670.75446,1413.49272,73.02499,53.18439,55.75085
1989-07-24,952.5549,1665.36902,1408.9126,73.15578,53.28589,55.85625
1989-07-25,962.8005,1683.46501,1424.19775,73.4098,53.47711,56.05571
1989-07-26,974.5932,1704.26945,1441.77366,73.88436,53.82893,56.42351
1989-07-27,990.2868,1731.89834,1465.12221,74.41939,54.22485,56.83753
1989-07-28,988.3493,1728.70593,1462.39671,74.65638,54.40384,57.02414
1989-07-31,1008.9931,1764.99988,1493.07419,75.72984,55.19201,57.84931
1989-08-01,1009.1369,1765.45036,1493.4299,75.79508,55.24605,57.90493
1989-08-02,1017.0541,1779.49692,1505.28662,75.83098,55.27874,57.93816
1989-08-03,999.916,1749.71811,1480.07152,74.87376,54.58762,57.21278
1989-08-04,991.5112,1735.21141,1467.77553,74.88845,54.60478,57.22974
1989-08-07,988.625,1730.35718,1463.64459,76.18494,55.55593,58.22566
1989-08-08,998.7712,1748.30652,1478.80217,76.20109,55.57427,58.24385
1989-08-09,1002.4523,1754.9457,1484.39269,76.65686,55.91303,58.59787
1989-08-10,1003.5873,1757.13007,1486.21508,76.2276,55.60666,58.27574
1989-08-11,988.8085,1731.4583,1464.4766,76.60871,55.89108,58.57279
1989-08-14,979.7045,1715.71546,1451.13661,76.54187,55.84894,58.52758
1989-08-15,977.986,1712.90006,1448.73077,76.71593,55.98248,58.66649
1989-08-16,981.4575,1719.17191,1454.01066,76.85121,56.08777,58.77579
1989-08-17,974.715,1707.5579,1444.16346,76.73297,56.00813,58.69129
1989-08-18,978.059,1713.60721,1449.25504,77.29468,56.4245,59.12658
1989-08-21,981.7587,1720.28091,1454.87451,77.44794,56.54299,59.2497
1989-08-22,977.7785,1713.50219,1449.11701,77.03218,56.24624,58.93769
1989-08-23,977.8166,1713.76213,1449.31223,76.59482,55.93366,58.6091
1989-08-24,973.3781,1706.17804,1442.87394,76.79407,56.08569,58.76737
1989-08-25,973.7119,1706.95536,1443.50679,76.81315,56.10625,58.78787
1989-08-28,964.8369,1691.59306,1430.49122,76.24255,55.69622,58.35721
1989-08-29,970.2228,1701.22429,1438.61141,75.96438,55.49969,58.15024
1989-08-30,970.1098,1701.218,1438.58167,75.60147,55.2412,57.87838
1989-08-31,962.6633,1688.35431,1427.67966,75.92007,55.48039,58.12797
1989-09-01,958.4106,1681.08784,1421.51097,75.88538,55.46161,58.10726
1989-09-04,957.31,1679.34733,1420.0151,76.2097,55.70507,58.3613
1989-09-05,953.3112,1672.52345,1414.22099,76.27637,55.76036,58.41819
1989-09-06,951.5874,1669.68843,1411.79983,75.77579,55.40112,58.0408
1989-09-07,944.6193,1657.65297,1401.5995,75.63159,55.30229,57.93623
1989-09-08,947.6459,1663.14978,1406.22335,75.60597,55.2901,57.92243
1989-09-11,942.2136,1653.8056,1398.29894,75.53303,55.24332,57.87239
1989-09-12,947.5258,1663.31397,1406.31443,75.56754,55.27508,57.90463
1989-09-13,947.7832,1663.95324,1406.83103,75.48005,55.21764,57.84343
1989-09-14,952.5717,1672.54563,1414.07168,75.48742,55.22956,57.85489
1989-09-15,938.8669,1648.67621,1393.86742,74.65616,54.62805,57.22377
1989-09-18,953.6535,1674.82149,1415.94782,75.69514,55.39425,58.02541
1989-09-19,956.8364,1680.59884,1420.80805,75.43918,55.21356,57.8351
1989-09-20,959.7287,1685.86717,1425.23778,75.18499,55.03412,57.64612
1989-09-21,962.8762,1691.58484,1430.04724,75.50233,55.27278,57.89508
1989-09-22,957.5495,1682.41973,1422.27501,75.04944,54.94788,57.55375
1989-09-25,982.2458,1725.99057,1459.08391,75.3737,55.19165,57.80806
1989-09-26,994.1533,1747.10381,1476.90714,76.35754,55.9181,58.56797
1989-09-27,999.7648,1757.15994,1485.38283,75.77202,55.49605,58.12488
1989-09-28,999.1154,1756.21695,1484.56048,76.27608,55.87157,58.51717
1989-09-29,1005.498,1767.6314,1494.18394,76.0273,55.69602,58.33226
1989-10-02,1001.6557,1761.07762,1488.61874,75.94976,55.64582,58.27865
1989-10-03,993.2546,1746.50895,1476.27896,75.49766,55.32128,57.93772
1989-10-04,988.6147,1738.54908,1469.52574,75.22707,55.12962,57.73596
1989-10-05,985.3972,1733.0882,1464.88501,74.59517,54.67318,57.25693
1989-10-06,975.1745,1715.30818,1449.83195,74.19085,54.38341,56.95245
1989-10-09,974.593,1714.47897,1449.10646,74.6494,54.72576,57.30997
1989-10-10,966.2617,1700.01934,1436.86057,74.03161,54.27945,56.84158
1989-10-11,956.2412,1682.58506,1422.10096,74.44433,54.58829,57.164
1989-10-12,951.8999,1675.13765,1415.78246,73.81076,54.13029,56.68338
1989-10-13,959.08,1687.95888,1426.5944,74.19544,54.41864,56.98433
1989-10-16,939.3876,1653.49824,1397.44608,70.61975,51.80177,54.24332
1989-10-17,953.8562,1679.14595,1419.09803,71.91442,52.75693,55.2426
1989-10-18,958.1083,1686.81876,1425.55835,71.97532,52.80782,55.29491
1989-10-19,968.9614,1706.11198,1441.83889,72.66654,53.32089,55.83118
1989-10-20,968.7829,1705.99011,1441.71142,73.23134,53.74137,56.27049
1989-10-23,971.6188,1711.17517,1446.06869,73.37272,53.85142,56.38472
1989-10-24,968.4572,1705.80131,1441.50291,72.792,53.4317,55.94425
1989-10-25,967.3806,1704.09779,1440.03888,72.2498,53.04014,55.5333
1989-10-26,970.2182,1709.28732,1444.39974,72.71512,53.38781,55.89633
1989-10-27,959.0383,1689.78811,1427.89811,72.02576,52.88812,55.37217
1989-10-30,959.978,1691.63394,1429.43359,71.84458,52.76138,55.2385
1989-10-31,964.1049,1699.09517,1435.71397,72.1276,52.97535,55.46154
1989-11-01,960.8752,1693.59618,1431.04309,71.99553,52.88465,55.36559
1989-11-02,957.4653,1687.77838,1426.10299,72.12797,52.98813,55.47295
1989-11-03,957.9248,1688.77846,1426.92378,71.89046,52.81998,55.29593
1989-11-06,953.9062,1681.88588,1421.07581,71.90521,52.83706,55.31283
1989-11-07,950.1008,1675.36754,1415.54424,71.27129,52.37761,54.83088
1989-11-08,956.6154,1687.04123,1425.38332,71.65066,52.66244,55.12808
1989-11-09,963.8251,1699.94304,1436.25969,72.3073,53.15098,55.63854
1989-11-10,963.5622,1699.67112,1436.00556,72.54803,53.33412,55.82927
1989-11-13,962.031,1697.16243,1433.86169,72.87253,53.57885,56.08446
1989-11-14,963.5102,1699.96268,1436.20311,72.70128,53.45932,55.95835
1989-11-15,966.9255,1706.17865,1441.43016,72.51386,53.32788,55.81977
1989-11-16,966.7473,1706.05665,1441.30261,72.68309,53.45857,55.95558
1989-11-17,963.7463,1700.95425,1436.96763,72.45746,53.29901,55.78757
1989-11-20,961.1484,1696.56195,1433.23267,72.30767,53.19517,55.67789
1989-11-21,964.3715,1702.44109,1438.17487,71.80052,52.82848,55.29309
1989-11-22,970.7429,1713.87799,1447.81186,71.89068,52.90102,55.36804
1989-11-23,971.2465,1714.96013,1448.7014,72.18379,53.12284,55.59923
1989-11-24,981.6591,1733.53488,1464.36744,72.49357,53.35697,55.84329
1989-11-27,992.4924,1752.85647,1480.66382,72.93916,53.69104,56.19195
1989-11-28,993.5622,1754.94303,1482.4012,73.28841,53.95433,56.46651
1989-11-29,1003.7961,1773.2128,1497.80825,73.38917,54.03484,56.54978
1989-11-30,1011.5495,1787.10584,1509.51788,74.20267,54.63981,57.18192
1989-12-01,1010.3515,1785.19132,1507.87513,73.97845,54.48123,57.01495
1989-12-04,1016.3662,1796.0174,1516.99371,74.2952,54.7208,57.26466
1989-12-05,1019.1584,1801.1528,1521.30545,74.66909,55.00249,57.55843
1989-12-06,1027.6625,1816.38148,1534.14199,74.93744,55.20655,57.77097
1989-12-07,1025.9418,1813.54567,1531.7208,74.44179,54.84805,57.39479
1989-12-08,1024.3974,1811.02076,1529.56229,74.46548,54.87198,57.41881
1989-12-11,1023.5063,1809.64994,1528.37856,74.32314,54.77362,57.31486
1989-12-12,1027.1525,1816.29923,1533.96831,73.8374,54.42223,56.94616
1989-12-13,1034.5598,1829.59907,1545.17455,73.37288,54.0864,56.59374
1989-12-14,1029.6332,1821.09475,1537.96618,73.52253,54.20305,56.71479
1989-12-15,1031.8342,1825.19201,1541.40026,73.69858,54.33918,56.85623
1989-12-18,1032.6022,1826.75597,1542.69485,73.43342,54.15017,56.65745
1989-12-19,1023.5678,1810.98292,1529.34857,72.93987,53.79275,56.28247
1989-12-20,1022.8305,1809.88291,1528.39367,73.43829,54.16646,56.6725
1989-12-21,1023.0046,1810.39496,1528.80012,72.85626,53.7437,56.22918
1989-12-22,1028.1623,1819.72438,1536.65232,72.58045,53.54668,56.02204
1989-12-25,1028.1621,1819.92919,1536.79917,NA,NA,NA
1989-12-26,1044.634,1849.28391,1561.56061,NA,NA,NA
1989-12-27,1053.2004,1864.65357,1574.51223,73.47307,54.22398,56.72766
1989-12-28,1047.3513,1854.51055,1565.92089,72.70099,53.66072,56.1374
1989-12-29,1047.8622,1855.62406,1566.83451,73.15561,54.00242,56.49389
1990-01-01,1047.862,1855.83291,1566.98425,NA,NA,NA
1990-01-02,1043.2604,1847.89429,1560.25473,72.73714,53.70637,56.18217
1990-01-03,1044.7973,1850.82424,1562.70208,73.71118,54.43144,56.93971
1990-01-04,1054.3327,1867.92047,1577.11012,74.10869,54.73124,57.25233
1990-01-05,1046.1809,1853.6921,1565.07036,73.20944,54.07372,56.56352
1990-01-08,1047.8561,1856.86861,1567.72566,72.46524,53.53057,55.99437
1990-01-09,1040.8185,1844.60971,1557.34923,71.9726,53.1731,55.61945
1990-01-10,1035.0837,1834.6564,1548.91966,71.2636,52.65571,55.07728
1990-01-11,1037.1296,1838.48869,1552.12873,71.82446,53.07609,55.51603
1990-01-12,1028.9055,1824.12063,1539.97249,71.1194,52.56147,54.97678
1990-01-15,1023.7961,1815.27004,1532.47457,70.70776,52.26357,54.66421
1990-01-16,1001.7304,1776.35862,1499.59974,70.13411,51.84586,54.22634
1990-01-17,1003.1726,1779.11573,1501.90178,69.7618,51.57686,53.94403
1990-01-18,991.3656,1758.38131,1484.37295,69.22869,51.18893,53.53734
1990-01-19,990.08,1756.29983,1482.59065,69.69789,51.5417,53.90536
1990-01-22,993.3924,1762.37229,1487.69149,69.95463,51.73755,54.10924
1990-01-23,993.1395,1762.12243,1487.45531,69.52682,51.42736,53.78387
1990-01-24,988.4308,1753.9684,1480.54714,68.31608,50.538,52.85283
1990-01-25,994.5604,1765.04048,1489.86793,68.90495,50.97932,53.31345
1990-01-26,999.6145,1774.20681,1497.57978,69.24363,51.23577,53.58071
1990-01-29,1014.0456,1800.01427,1519.33766,69.6431,51.53723,53.89502
1990-01-30,1012.7747,1797.96179,1517.57945,69.66456,51.5592,53.91704
1990-01-31,1007.8012,1789.33716,1510.27414,69.47681,51.42639,53.7772
1990-02-01,1012.8005,1798.41295,1517.90871,69.74093,51.62787,53.98693
1990-02-02,1015.478,1803.36896,1522.06587,70.00604,51.83011,54.19747
1990-02-05,1018.0439,1808.12793,1526.05658,69.94643,51.79212,54.15678
1990-02-06,1022.3865,1816.04274,1532.71064,69.36682,51.3692,53.71359
1990-02-07,1011.658,1797.1949,1516.77766,68.5777,50.79102,53.10808
1990-02-08,1011.7013,1797.47443,1516.98781,69.14693,51.21835,53.55398
1990-02-09,1003.9294,1783.87198,1505.4824,68.77318,50.94766,53.27
1990-02-12,1003.1387,1782.66844,1504.44114,68.75845,50.94278,53.26394
1990-02-13,997.5052,1772.86048,1496.13855,68.83513,51.00558,53.32866
1990-02-14,1000.3332,1778.08534,1500.52239,68.5774,50.82071,53.13443
1990-02-15,1005.4126,1787.31224,1508.28334,69.07857,51.19789,53.52785
1990-02-16,1009.0783,1794.02866,1513.92551,69.8934,51.80746,54.16425
1990-02-19,1002.541,1782.61098,1504.26495,68.69495,50.92537,53.24109
1990-02-20,988.8299,1758.43763,1483.84103,67.71661,50.20624,52.48833
1990-02-21,967.9146,1721.44991,1452.60478,65.96009,48.90986,51.13217
1990-02-22,966.5477,1719.21352,1450.69301,66.07701,49.00229,51.22789
1990-02-23,943.2977,1678.06068,1415.9439,64.53505,47.86461,50.03769
1990-02-26,911.5567,1621.7959,1368.44489,62.728,46.52997,48.64164
1990-02-27,924.2098,1644.48506,1387.56608,63.79301,47.32494,49.47187
1990-02-28,936.3912,1666.34009,1405.98282,64.66052,47.97367,50.14919
1990-03-01,920.6174,1638.46392,1382.43878,64.27749,47.69525,49.85726
1990-03-02,922.9294,1642.76243,1386.04207,64.55754,47.90858,50.07938
1990-03-05,922.8092,1642.73374,1385.99433,64.17324,47.62914,49.78639
1990-03-06,919.0241,1636.18248,1380.44352,63.78267,47.34499,49.48849
1990-03-07,912.9577,1625.56911,1371.46576,63.68418,47.27751,49.41707
1990-03-08,918.7867,1636.12872,1380.35129,63.95203,47.48183,49.62977
1990-03-09,915.4695,1630.40745,1375.50108,63.84874,47.41078,49.55462
1990-03-12,902.241,1607.03702,1355.76155,63.16857,46.91145,49.03184
1990-03-13,887.455,1580.88756,1333.67825,62.46296,46.3931,48.4892
1990-03-14,882.0025,1571.35508,1325.6139,61.95399,46.02066,48.09908
1990-03-15,882.9104,1573.14935,1327.10503,61.92409,46.00391,48.08071
1990-03-16,888.2172,1582.77997,1335.20673,61.85515,45.95815,48.03203
1990-03-19,866.6501,1544.53427,1302.92135,59.89912,44.51015,46.51793
1990-03-20,854.7074,1523.42887,1285.09572,59.16664,43.97123,45.95388
1990-03-21,849.7346,1514.73914,1277.74377,59.46753,44.19991,46.19207
1990-03-22,827.9171,1476.02589,1245.06662,58.08656,43.17874,45.12411
1990-03-23,843.5728,1504.09685,1268.72367,59.02148,43.87836,45.85449
1990-03-26,863.0656,1539.01389,1298.15458,60.4815,44.96821,46.99269
1990-03-27,861.4969,1536.39077,1295.91997,60.39689,44.91065,46.93169
1990-03-28,848.6933,1513.735,1276.7886,59.36981,44.15232,46.13843
1990-03-29,851.98,1519.76644,1281.85416,59.25262,44.07043,46.05204
1990-03-30,837.7365,1494.53556,1260.55174,58.00625,43.14868,45.08807
1990-04-02,796.543,1421.2276,1198.70106,55.42943,41.23654,43.08935
1990-04-03,817.6253,1458.99482,1230.53403,56.84444,42.29337,44.19298
1990-04-04,816.813,1457.71016,1229.42966,56.62783,42.13728,44.02909
1990-04-05,821.583,1466.38515,1236.72513,56.98689,42.40927,44.31252
1990-04-06,839.2842,1498.13649,1263.48224,58.15677,43.28431,45.22611
1990-04-09,855.6504,1527.5123,1288.23502,59.09002,43.98355,45.95595
1990-04-10,839.2761,1498.45916,1263.71157,58.02634,43.19709,45.13344
1990-04-11,840.8649,1501.4641,1266.22425,57.62622,42.90442,44.82685
1990-04-12,842.6423,1504.80638,1269.02134,57.76223,43.01071,44.9371
1990-04-13,838.1213,1496.90421,1262.33591,NA,NA,NA
1990-04-16,828.0297,1479.05308,1247.26096,NA,NA,NA
1990-04-17,827.7551,1478.72945,1246.96687,56.9472,42.41915,44.31668
1990-04-18,838.4257,1497.95387,1263.15679,57.60072,42.91065,44.8294
1990-04-19,851.8084,1522.02687,1283.43467,58.24251,43.39352,45.3331
1990-04-20,850.8532,1520.4921,1282.11872,58.45931,43.56009,45.50631
1990-04-23,841.1779,1503.37737,1267.66564,58.26385,43.41965,45.35879
1990-04-24,833.2709,1489.41839,1255.87397,57.72574,43.02388,44.94454
1990-04-25,834.5555,1491.88191,1257.92984,57.68565,42.9991,44.91786
1990-04-26,834.399,1491.77041,1257.81447,57.1269,42.58779,44.4874
1990-04-27,830.9079,1485.69852,1252.67357,57.1124,42.58202,44.48058
1990-04-30,829.9992,1484.24161,1251.42392,56.99839,42.50208,44.39629
1990-05-01,833.5668,1490.78716,1256.92139,NA,NA,NA
1990-05-02,845.35,1512.02373,1274.80485,58.18162,43.39397,45.32638
1990-05-03,849.115,1518.9268,1280.60316,58.29197,43.48136,45.41686
1990-05-04,852.784,1525.65971,1286.25782,58.44306,43.59914,45.53908
1990-05-07,870.6749,1557.83144,1313.35897,59.01124,44.0279,45.98612
1990-05-08,871.609,1559.678,1314.89341,58.8836,43.93791,45.89131
1990-05-09,876.2574,1568.1698,1322.03001,58.81268,43.8902,45.84068
1990-05-10,874.7542,1565.65707,1319.88927,58.67411,43.79202,45.73731
1990-05-11,896.5406,1604.81809,1352.88005,60.08722,44.85116,46.84276
1990-05-14,907.8364,1625.21374,1370.05056,60.96157,45.50867,47.52868
1990-05-15,913.9398,1636.32068,1379.39025,61.42568,45.8603,47.89509
1990-05-16,909.2239,1628.06374,1372.4065,61.22686,45.71734,47.74493
1990-05-17,911.9635,1633.15167,1376.67209,61.12578,45.6473,47.67094
1990-05-18,907.1571,1624.73043,1369.55012,61.08768,45.62426,47.64603
1990-05-21,899.739,1611.63068,1358.48477,60.79873,45.41392,47.42553
1990-05-22,911.6007,1633.05415,1376.5198,62.1073,46.39607,48.4504
1990-05-23,916.3732,1641.78573,1383.85625,62.265,46.51929,48.57822
1990-05-24,913.002,1635.93235,1378.89904,62.16731,46.45183,48.50691
1990-05-25,922.5721,1653.26051,1393.48098,63.15847,47.19743,49.28468
1990-05-28,927.8787,1662.9541,1401.62761,63.44901,47.42,49.51623
1990-05-29,923.0682,1654.52214,1394.49702,62.82714,46.96096,49.03602
1990-05-30,927.7917,1663.17311,1401.76461,63.15892,47.21436,49.29975
1990-05-31,923.6023,1655.85238,1395.57081,63.56214,47.52118,49.61926
1990-06-01,928.7731,1665.30714,1403.51556,64.02869,47.87539,49.98825
1990-06-04,919.1487,1648.24199,1389.10955,NA,NA,NA
1990-06-05,921.6127,1652.84527,1392.96547,63.61375,47.57654,49.67443
1990-06-06,919.9927,1650.12695,1390.65093,63.11628,47.21021,49.29108
1990-06-07,921.4716,1652.96496,1393.01902,63.48345,47.49027,49.58261
1990-06-08,911.7557,1635.72648,1378.4681,62.80373,46.98753,49.05685
1990-06-11,901.3491,1617.24514,1362.87031,61.92362,46.33473,48.37445
1990-06-12,902.4024,1619.31691,1364.59304,61.95016,46.36006,48.40003
1990-06-13,903.9226,1622.22675,1367.02194,62.11574,46.48937,48.53418
1990-06-14,910.2323,1633.73063,1376.69268,62.24234,46.58957,48.63793
1990-06-15,903.9215,1622.59045,1367.28201,62.10545,46.49266,48.53589
1990-06-18,902.9169,1620.9705,1365.89375,61.84835,46.30576,48.33991
1990-06-19,899.3656,1614.77922,1360.65364,61.19891,45.82512,47.8373
1990-06-20,902.9189,1621.33957,1366.15835,61.4257,46.00026,48.01929
1990-06-21,900.889,1617.8782,1363.21862,61.37251,45.96588,47.98255
1990-06-22,899.527,1615.61521,1361.28871,61.19495,45.83838,47.8486
1990-06-25,891.4797,1601.34706,1349.24373,60.53911,45.35265,47.34073
1990-06-26,897.2796,1611.94333,1358.14875,60.99739,45.70112,47.70365
1990-06-27,910.8173,1636.43937,1378.76458,61.3935,46.00312,48.01805
1990-06-28,909.5018,1634.2609,1376.90575,61.47832,46.07208,48.08917
1990-06-29,914.2956,1643.05694,1384.29313,61.8774,46.37642,48.406
1990-07-02,919.0627,1651.80696,1391.64148,61.6115,46.18268,48.20293
1990-07-03,921.0444,1655.55399,1394.77466,61.69488,46.25061,48.27297
1990-07-04,930.6875,1673.06968,1409.50738,61.95858,46.45365,48.48404
1990-07-05,924.5628,1662.25061,1400.3689,61.69822,46.26401,48.28525
1990-07-06,924.2141,1661.81125,1399.97498,61.75382,46.31115,48.33359
1990-07-09,927.039,1667.07679,1404.38703,61.64697,46.23652,48.25484
1990-07-10,926.6778,1666.61536,1403.97447,61.40318,46.05921,48.06894
1990-07-11,930.6994,1674.03431,1410.20032,61.915,46.44834,48.47421
1990-07-12,930.3822,1673.65264,1409.85486,62.38533,46.80646,48.8471
1990-07-13,943.5847,1697.58539,1429.99111,62.70235,47.0497,49.10009
1990-07-16,951.1166,1711.32401,1441.5396,63.59712,47.72623,49.80526
1990-07-17,951.4642,1712.14223,1442.20434,63.37202,47.56301,49.63405
1990-07-18,954.3398,1717.50862,1446.70009,63.27121,47.493,49.56011
1990-07-19,950.9601,1711.62128,1441.71656,63.18241,47.43199,49.49556
1990-07-20,941.3891,1694.59135,1427.34787,62.4027,46.85237,48.88986
1990-07-23,931.6551,1677.26414,1412.72928,61.5963,46.25258,48.26313
1990-07-24,926.2138,1667.65947,1404.6156,60.80384,45.6631,47.64719
1990-07-25,924.456,1664.68329,1402.08505,60.70274,45.59261,47.57278
1990-07-26,913.7251,1645.5519,1385.94808,59.90403,44.99822,46.95175
1990-07-27,907.2593,1634.09563,1376.27581,59.45682,44.66771,46.60606
1990-07-30,907.996,1635.60645,1377.52487,59.06533,44.37897,46.30396
1990-07-31,925.9627,1668.14713,1404.90712,59.6816,44.84695,46.79145
1990-08-01,922.9179,1662.85119,1400.42312,59.35269,44.60519,46.53837
1990-08-02,896.764,1615.92579,1360.88053,58.59909,44.04422,45.95227
1990-08-03,883.0428,1591.38833,1340.1932,56.80143,42.69818,44.54719
1990-08-06,857.8806,1546.23042,1302.14143,54.56593,41.02249,42.79828
1990-08-07,852.4345,1536.59102,1294.00175,54.33937,40.85708,42.62495
1990-08-08,852.1004,1536.16216,1293.61863,54.91668,41.2957,43.08181
1990-08-09,849.5133,1531.67243,1289.81587,54.66148,41.10875,42.88601
1990-08-10,844.0017,1521.90996,1281.57318,54.47029,40.96988,42.74038
1990-08-13,830.4611,1497.67026,1261.14003,52.91446,39.80446,41.5239
1990-08-14,838.5247,1512.37765,1273.50303,53.4201,40.18929,41.92464
1990-08-15,869.877,1569.08235,1321.22897,NA,NA,NA
1990-08-16,858.5998,1548.92189,1304.23098,54.31427,40.87115,42.63447
1990-08-17,842.9969,1520.95469,1280.66026,52.92296,39.82904,41.5467
1990-08-20,836.5183,1509.43996,1270.94317,52.63476,39.61692,41.3247
1990-08-21,822.8087,1484.87738,1250.24041,52.19227,39.28865,40.98154
1990-08-22,811.927,1465.41145,1233.82955,51.21459,38.5574,40.21808
1990-08-23,783.6087,1414.47615,1190.92375,48.97039,36.87202,38.45954
1990-08-24,793.8265,1433.07511,1206.56272,49.89974,37.57565,39.19283
1990-08-27,821.432,1483.06039,1248.6261,51.18877,38.55008,40.20858
1990-08-28,837.3399,1511.9417,1272.9204,52.31651,39.40335,41.09791
1990-08-29,825.0217,1489.87461,1254.32064,51.68974,38.93604,40.60978
1990-08-30,835.3168,1508.62961,1270.08885,52.90142,39.85273,41.56521
1990-08-31,834.8239,1507.9097,1269.46121,52.96646,39.90641,41.62047
1990-09-03,823.0547,1486.82606,1251.69037,52.81678,39.7984,41.50707
1990-09-04,812.3761,1467.70728,1235.57423,51.81345,39.04715,40.72286
1990-09-05,809.3962,1462.49026,1231.16143,51.34149,38.69618,40.35612
1990-09-06,806.2135,1456.90569,1226.43937,50.80438,38.29604,39.9381
1990-09-07,806.9938,1458.47969,1227.74353,51.0227,38.46504,40.11364
1990-09-10,825.2871,1491.69766,1255.685,52.73747,39.76138,41.46494
1990-09-11,810.6074,1465.33806,1233.47509,52.39596,39.50869,41.20068
1990-09-12,831.4252,1503.12667,1265.26286,53.4031,40.27227,41.99628
1990-09-13,824.6149,1490.98662,1255.02264,53.2191,40.13833,41.85586
1990-09-14,824.888,1491.6484,1255.55836,52.41161,39.53415,41.2251
1990-09-17,814.3598,1472.78253,1239.65748,51.33707,38.72836,40.38415
1990-09-18,802.6601,1451.79405,1221.97055,50.53477,38.12778,39.75719
1990-09-19,788.9017,1427.07781,1201.14666,49.70597,37.50705,39.10925
1990-09-20,774.9096,1401.93315,1179.96289,49.4163,37.29297,38.88534
1990-09-21,772.2186,1397.2239,1175.9793,49.39913,37.28443,38.87574
1990-09-24,772.1388,1397.23708,1175.97042,48.97075,36.96561,38.54262
1990-09-25,753.739,1364.10576,1148.06644,47.65924,35.97996,37.5143
1990-09-26,735.5495,1331.34721,1120.47712,46.91344,35.42127,36.93113
1990-09-27,730.2843,1321.96944,1112.5658,46.45717,35.08104,36.57574
1990-09-28,717.2428,1298.5156,1092.80864,45.56514,34.41166,35.87722
1990-10-01,723.3703,1309.7527,1102.24688,45.56677,34.41695,35.8821
1990-10-02,769.881,1394.09446,1173.20627,48.66518,36.75948,38.32396
1990-10-03,771.4309,1397.05752,1175.67987,48.56861,36.69091,38.25179
1990-10-04,769.664,1394.01593,1173.10033,47.90923,36.19721,37.73643
1990-10-05,784.7666,1421.52034,1196.2257,48.84569,36.90854,38.47737
1990-10-08,815.1793,1476.75695,1242.68682,50.56182,38.2087,39.83223
1990-10-09,808.9498,1465.6408,1233.31168,50.00118,37.78965,39.39467
1990-10-10,804.3872,1457.54149,1226.47544,49.75593,37.60883,39.20547
1990-10-11,786.8277,1425.89478,1199.82548,48.87941,36.95082,38.51885
1990-10-12,795.8769,1442.45059,1213.73584,49.01929,37.06087,38.63289
1990-10-15,808.3996,1465.30393,1232.94462,49.91554,37.7424,39.34269
1990-10-16,814.4494,1476.43234,1242.28726,50.34483,38.07125,39.6848
1990-10-17,827.8413,1500.86974,1262.82774,50.65609,38.31099,39.93401
1990-10-18,838.6303,1520.59459,1279.40246,51.33881,38.83152,40.4759
1990-10-19,848.2411,1538.188,1294.18328,51.94236,39.29232,40.95553
1990-10-22,857.7653,1555.62828,1308.83477,52.52558,39.73787,41.41923
1990-10-23,857.723,1555.72697,1308.89558,52.70431,39.87771,41.56425
1990-10-24,849.9895,1541.87858,1297.22237,52.27135,39.55492,41.22708
1990-10-25,859.684,1559.63395,1312.13815,52.63151,39.83198,41.51513
1990-10-26,842.9508,1529.45888,1286.72978,51.7434,39.16464,40.81888
1990-10-29,842.8553,1529.45809,1286.70725,51.6428,39.09316,40.74365
1990-10-30,827.3951,1501.58213,1263.23433,51.03193,38.63545,40.26591
1990-10-31,827.7114,1502.32532,1263.83809,50.99504,38.61211,40.24086
1990-11-01,808.8106,1468.19615,1235.10595,49.89672,37.7851,39.37829
1990-11-02,812.0579,1474.25494,1240.18179,49.45517,37.45528,39.03387
1990-11-05,824.9789,1497.87298,1260.02851,50.06349,37.92013,39.51764
1990-11-06,820.9278,1490.68817,1253.96328,49.71668,37.662,39.24794
1990-11-07,812.321,1475.23096,1240.93968,49.06757,37.17483,38.73956
1990-11-08,791.8371,1438.20469,1209.77342,48.15009,36.48419,38.01919
1990-11-09,792.3601,1439.31653,1210.68811,48.06312,36.42263,37.95437
1990-11-12,797.2761,1448.40653,1218.31352,48.02011,36.39436,37.92423
1990-11-13,815.3393,1481.37725,1246.02538,49.16824,37.26822,38.83421
1990-11-14,808.5484,1469.20876,1235.76917,48.70606,36.92239,38.47317
1990-11-15,804.9207,1462.78405,1230.34439,48.48753,36.76116,38.30449
1990-11-16,800.8747,1455.59785,1224.27931,48.33429,36.64937,38.18732
1990-11-19,814.901,1481.24875,1245.83271,48.81808,37.0203,38.57316
1990-11-20,809.2823,1471.20494,1237.36417,48.70468,36.93872,38.48747
1990-11-21,806.279,1465.91233,1232.89186,48.55886,36.83254,38.37615
1990-11-22,818.0541,1487.48098,1251.01073,49.36397,37.44717,39.0159
1990-11-23,818.7797,1488.96774,1252.23987,49.48628,37.54433,39.11644
1990-11-26,813.7549,1479.99999,1244.67676,49.36447,37.45639,39.02412
1990-11-27,810.5931,1474.41772,1239.96104,49.09435,37.25593,38.81458
1990-11-28,799.7085,1454.78985,1223.4336,48.16661,36.55638,38.0851
1990-11-29,789.1855,1435.81511,1207.45597,47.8324,36.30713,37.82475
1990-11-30,777.5993,1414.90202,1189.84886,47.63053,36.15824,37.66897
1990-12-03,782.3181,1423.64569,1197.18145,48.06739,36.49395,38.01805
1990-12-04,772.3966,1405.7552,1182.11683,47.40209,35.99324,37.49576
1990-12-05,778.9069,1417.75952,1192.19117,47.56435,36.12063,37.62781
1990-12-06,801.6301,1459.27007,1227.07647,48.81655,37.07516,38.62158
1990-12-07,823.8011,1499.78456,1261.12303,50.00653,37.98268,39.56633
1990-12-10,825.8476,1503.67855,1264.3759,49.64448,37.71226,39.28393
1990-12-11,825.456,1503.13523,1263.89758,49.77473,37.8156,39.39089
1990-12-12,825.2604,1502.94861,1263.7192,49.77369,37.81929,39.39402
1990-12-13,835.8552,1522.40843,1280.05981,50.4236,38.31725,39.91205
1990-12-14,825.8693,1504.39595,1264.89326,50.14299,38.10862,39.69402
1990-12-17,813.5509,1482.13131,1246.15209,49.53528,37.65136,39.21704
1990-12-18,819.0379,1492.29224,1254.67394,49.93115,37.95652,39.53421
1990-12-19,821.842,1497.56835,1259.08855,49.83698,37.88945,39.46366
1990-12-20,807.08,1470.84342,1236.59853,49.37847,37.54543,39.10465
1990-12-21,789.0107,1438.0861,1209.03771,48.96048,37.23214,38.77765
1990-12-24,784.6017,1430.21403,1202.39904,49.33841,37.52376,39.0807
1990-12-25,784.6017,1430.37528,1202.51418,NA,NA,NA
1990-12-26,781.239,1424.40756,1197.4768,NA,NA,NA
1990-12-27,782.5862,1427.02388,1199.65592,49.02737,37.30055,38.84616
1990-12-28,791.7352,1443.86367,1213.79202,48.91907,37.2226,38.76428
1990-12-31,788.9814,1439.0056,1209.68752,48.36668,36.80678,38.33056
1991-01-01,788.9814,1439.16784,1209.80336,NA,NA,NA
1991-01-02,793.9317,1448.35768,1217.50791,48.42882,36.86275,38.38749
1991-01-03,796.5888,1453.36712,1221.69816,48.64411,37.03088,38.5619
1991-01-04,793.1475,1447.25381,1216.53868,48.29296,36.76803,38.28749
1991-01-07,773.1598,1410.95292,1186.00475,48.44771,36.89013,38.41397
1991-01-08,760.8805,1388.70807,1167.28665,47.64614,36.28423,37.78237
1991-01-09,774.7281,1414.13226,1188.63692,48.12061,36.64961,38.16218
1991-01-10,769.9479,1405.56825,1181.41847,47.98046,36.54724,38.05492
1991-01-11,772.6026,1410.57181,1185.60396,48.3983,36.86963,38.38994
1991-01-14,762.1153,1391.58791,1169.62794,48.14156,36.67848,38.19022
1991-01-15,759.2545,1386.52232,1165.35053,47.67639,36.3285,37.82515
1991-01-16,745.3704,1361.32937,1144.15691,46.86789,35.71681,37.18761
1991-01-17,788.5246,1440.28058,1210.49243,48.91943,37.28331,38.81809
1991-01-18,797.0162,1455.94954,1223.64074,49.27085,37.55538,39.10068
1991-01-21,793.5362,1449.75807,1218.41648,48.58182,37.03471,38.55792
1991-01-22,796.6825,1455.6683,1223.36283,48.36739,36.87569,38.39167
1991-01-23,787.2682,1438.63473,1209.0271,48.1206,36.69197,38.19971
1991-01-24,799.6692,1461.45274,1228.18248,48.41871,36.92347,38.44006
1991-01-25,804.5599,1470.55346,1235.8096,48.70426,37.14546,38.67049
1991-01-28,807.9479,1476.91026,1241.1306,49.02642,37.39541,38.93002
1991-01-29,808.1308,1477.41103,1241.53034,48.88859,37.29474,38.82453
1991-01-30,806.1161,1473.89522,1238.55483,49.07544,37.44161,38.97674
1991-01-31,813.1732,1486.96141,1249.51349,49.17941,37.52531,39.06318
1991-02-01,814.431,1489.42851,1251.56538,49.18437,37.53353,39.07104
1991-02-04,821.3094,1502.17258,1262.25278,48.96009,37.36688,38.89687
1991-02-05,837.9569,1532.78284,1287.95225,50.05592,38.20706,39.77083
1991-02-06,848.4454,1552.13648,1304.1924,50.43041,38.49725,40.0722
1991-02-07,858.6249,1570.92922,1319.96071,50.95944,38.90539,40.49634
1991-02-08,865.8828,1584.38208,1331.24177,51.58781,39.38941,40.99946
1991-02-11,875.5086,1602.16962,1346.1645,52.01684,39.72144,41.34435
1991-02-12,884.678,1619.12608,1360.38845,52.59897,40.17038,41.81093
1991-02-13,884.9155,1619.74319,1360.88384,52.65425,40.21733,41.85905
1991-02-14,890.0546,1629.33011,1368.91538,53.2136,40.64904,42.30766
1991-02-15,887.7586,1625.31174,1365.51608,53.4199,40.81134,42.47584
1991-02-18,905.6653,1658.27075,1393.18314,54.78506,41.85838,43.56491
1991-02-19,903.4181,1654.34405,1389.86056,54.91117,41.95963,43.66952
1991-02-20,893.3209,1636.04459,1374.46337,54.32902,41.51986,43.21105
1991-02-21,892.1747,1634.13036,1372.83189,54.20021,41.42637,43.11298
1991-02-22,893.4648,1636.67702,1374.94799,54.33778,41.53635,43.22668
1991-02-25,898.2612,1645.64563,1382.45891,55.39871,42.3517,44.0745
1991-02-26,886.7735,1624.78988,1364.91548,55.09644,42.1257,43.83852
1991-02-27,886.9014,1625.20736,1365.243,55.08802,42.12425,43.83623
1991-02-28,899.0593,1647.66401,1384.08404,55.65309,42.56104,44.29002
1991-03-01,878.486,1610.15382,1352.55163,55.01881,42.08111,43.78982
1991-03-04,874.082,1602.26523,1345.90226,54.78812,41.90971,43.61067
1991-03-05,884.1268,1620.85437,1361.49402,55.05058,42.11531,43.82386
1991-03-06,889.1535,1630.25026,1369.36317,55.96347,42.81821,44.55454
1991-03-07,890.8709,1633.58214,1372.13855,56.07157,42.90593,44.64503
1991-03-08,891.9862,1635.81094,1373.98732,56.55887,43.28366,45.03729
1991-03-11,880.02,1614.05535,1355.69091,56.38148,43.15307,44.90061
1991-03-12,888.1903,1629.21894,1368.40401,56.72243,43.41897,45.17649
1991-03-13,877.4677,1609.73833,1352.01906,56.30423,43.10408,44.84806
1991-03-14,890.1453,1633.17159,1371.67737,57.11333,43.72818,45.49664
1991-03-15,891.9742,1636.71045,1374.62626,57.67763,44.16512,45.95047
1991-03-18,883.59,1621.51398,1361.84009,58.18842,44.56123,46.36179
1991-03-19,868.29,1593.62506,1338.39475,57.73564,44.21985,46.0058
1991-03-20,853.5901,1566.83086,1315.86958,57.68028,44.18269,45.96632
1991-03-21,867.482,1592.50101,1337.4054,57.67274,44.18214,45.96493
1991-03-22,862.8133,1584.11184,1330.33747,57.78509,44.27339,46.05905
1991-03-25,854.4647,1568.96594,1317.59561,58.07737,44.50243,46.29652
1991-03-26,844.3869,1550.64206,1302.1854,58.00073,44.44899,46.2401
1991-03-27,842.8524,1547.99957,1299.94423,58.47188,44.81509,46.62015
1991-03-28,836.7662,1536.99859,1290.68418,58.26241,44.6599,46.45788
1991-03-29,843.8839,1550.24273,1301.78375,NA,NA,NA
1991-04-01,841.6421,1546.30021,1298.45106,NA,NA,NA
1991-04-02,855.8773,1572.62173,1320.53121,58.98873,45.2323,47.05084
1991-04-03,878.8671,1615.03128,1356.1195,59.73113,45.80654,47.64737
1991-04-04,880.0266,1617.34359,1358.03805,60.09329,46.08952,47.94089
1991-04-05,890.4908,1636.75275,1374.31205,60.27123,46.23137,48.08758
1991-04-08,876.3033,1610.86574,1352.55294,59.98604,46.01816,47.86496
1991-04-09,872.8546,1604.70925,1347.3608,59.35628,45.54059,47.36738
1991-04-10,871.4401,1602.29028,1345.30692,58.97227,45.25144,47.0658
1991-04-11,871.6216,1602.80456,1345.71587,59.34001,45.5388,47.36385
1991-04-12,878.6803,1615.96221,1356.74,59.5104,45.67488,47.50454
1991-04-15,888.3795,1633.97767,1371.84225,60.34819,46.32286,48.17768
1991-04-16,884.4427,1626.92269,1365.8959,59.5869,45.74409,47.57489
1991-04-17,890.1592,1637.61902,1374.85274,60.1368,46.17139,48.01847
1991-04-18,880.7448,1620.48787,1360.44734,60.14233,46.18109,48.0277
1991-04-19,861.644,1585.53418,1331.08022,60.05463,46.11923,47.96252
1991-04-22,840.6157,1547.02612,1298.73024,59.80067,45.92973,47.76458
1991-04-23,847.6634,1560.16762,1309.74031,60.21491,46.25312,48.10006
1991-04-24,847.0631,1559.2389,1308.93843,59.54479,45.74396,47.56973
1991-04-25,839.6632,1545.79631,1297.63174,59.82965,45.96808,47.80195
1991-04-26,841.6154,1549.56368,1300.77219,59.7041,45.87709,47.70649
1991-04-29,839.1131,1545.13227,1297.03026,60.21651,46.27601,48.12048
1991-04-30,851.0078,1567.20393,1315.53553,59.77684,45.9437,47.77407
1991-05-01,866.9875,1596.80152,1340.35745,NA,NA,NA
1991-05-02,862.1677,1588.10656,1333.03627,60.42871,46.45534,48.30441
1991-05-03,856.2846,1577.45144,1324.07003,59.54704,45.78315,47.60463
1991-05-06,854.5181,1574.37579,1321.46597,60.445,46.47851,48.32684
1991-05-07,861.0316,1586.55096,1331.66269,60.25814,46.34037,48.18236
1991-05-08,856.1424,1577.72297,1324.2305,60.09711,46.22206,48.05849
1991-05-09,851.5078,1569.36204,1317.19055,60.08461,46.21792,48.05333
1991-05-10,858.9842,1583.31493,1328.87888,60.35741,46.4331,48.27621
1991-05-13,850.2632,1567.4221,1315.51769,59.44481,45.73663,47.55125
1991-05-14,849.5428,1566.2711,1314.52935,59.13724,45.50549,47.31009
1991-05-15,854.6187,1575.80369,1322.50734,58.83892,45.28139,47.07627
1991-05-16,854.8938,1576.48848,1323.05959,58.70797,45.18601,46.97627
1991-05-17,850.5615,1568.67897,1316.48315,58.84066,45.29343,47.08711
1991-05-20,842.0116,1553.09085,1303.37903,NA,NA,NA
1991-05-21,848.0173,1564.3408,1312.79788,59.00157,45.42794,47.22528
1991-05-22,846.7503,1562.18048,1310.96267,58.96741,45.40702,47.20269
1991-05-23,848.9205,1566.35948,1314.44731,59.55016,45.86084,47.67365
1991-05-24,849.5575,1567.71114,1315.55925,58.86376,45.33777,47.12906
1991-05-27,849.5021,1567.78568,1315.59946,58.77224,45.27267,47.06055
1991-05-28,848.4488,1566.01899,1314.09464,59.01686,45.46634,47.26104
1991-05-29,857.2231,1582.38674,1327.80677,59.05227,45.49899,47.29413
1991-05-30,856.1307,1580.54911,1326.24227,59.54624,45.88473,47.69427
1991-05-31,858.7062,1585.48094,1330.35798,60.17601,46.37512,48.20318
1991-06-03,852.292,1573.81944,1320.55055,60.71398,46.79493,48.63871
1991-06-04,848.8086,1567.56601,1315.28114,60.33215,46.50627,48.33781
1991-06-05,844.8121,1560.36378,1309.2158,59.98178,46.24178,48.06204
1991-06-06,840.3834,1552.36179,1302.47966,59.68762,46.02055,47.83125
1991-06-07,832.8273,1538.58224,1290.89631,59.41347,45.81469,47.61645
1991-06-10,821.1633,1517.21206,1272.94481,59.06023,45.54781,47.33822
1991-06-11,825.7733,1525.89867,1280.21116,59.44294,45.84817,47.64956
1991-06-12,819.4403,1514.37096,1270.51799,59.31398,45.75416,47.55101
1991-06-13,815.737,1507.69937,1264.89922,59.78629,46.12368,47.93421
1991-06-14,824.843,1524.69559,1279.13666,60.46428,46.65185,48.48229
1991-06-17,819.3379,1514.6938,1270.72413,60.06074,46.3461,48.16369
1991-06-18,813.3773,1503.84782,1261.60369,60.08753,46.37224,48.19
1991-06-19,804.6841,1487.94812,1248.244,59.35614,45.8134,47.60841
1991-06-20,813.1761,1503.8147,1261.53311,59.39548,45.84916,47.64473
1991-06-21,814.7475,1506.88956,1264.09111,59.64055,46.04365,47.84599
1991-06-24,805.2316,1489.46349,1249.45165,58.90787,45.48356,47.26314
1991-06-25,807.8505,1494.47452,1253.63392,59.03745,45.58894,47.3718
1991-06-26,805.3397,1489.99927,1249.85864,58.84882,45.44872,47.22526
1991-06-27,802.6597,1485.21001,1245.82011,58.71971,45.35443,47.12644
1991-06-28,794.462,1470.21211,1233.2187,58.56078,45.23708,47.00367
1991-07-01,805.8966,1491.53334,1251.08178,59.367,45.8648,47.65511
1991-07-02,800.7513,1482.18088,1243.21594,59.54422,46.00707,47.80209
1991-07-03,787.9768,1458.7076,1223.50644,58.71445,45.37149,47.14088
1991-07-04,783.1307,1449.90297,1216.10083,58.37937,45.11801,46.87668
1991-07-05,784.8629,1453.2727,1218.90648,58.55027,45.25535,47.01854
1991-07-08,773.6759,1432.72688,1201.65369,57.03868,44.09234,45.80944
1991-07-09,784.479,1452.88922,1218.54352,57.88107,44.74832,46.49019
1991-07-10,793.9613,1470.6104,1233.38541,58.8404,45.49477,47.26492
1991-07-11,793.4411,1469.8129,1232.69561,58.48553,45.22586,46.98471
1991-07-12,802.4581,1486.67814,1246.81891,59.39111,45.93101,47.71649
1991-07-15,813.1329,1506.61769,1263.51998,59.38195,45.92936,47.71393
1991-07-16,812.6107,1505.82022,1262.82974,59.20932,45.80131,47.58006
1991-07-17,807.734,1496.95521,1255.37395,59.04959,45.68322,47.45653
1991-07-18,809.7473,1500.8543,1258.62242,58.36975,45.16278,46.91506
1991-07-19,812.9236,1506.90932,1263.67873,58.11756,44.97307,46.71715
1991-07-22,811.1355,1503.76541,1261.02086,57.91542,44.82202,46.55942
1991-07-23,814.5736,1510.30731,1266.48524,58.51076,45.28778,47.04242
1991-07-24,825.8217,1531.32774,1284.09035,58.78325,45.50392,47.26611
1991-07-25,818.1486,1517.27526,1272.28511,58.14299,45.01379,46.75617
1991-07-26,827.0448,1533.94054,1286.23766,58.81022,45.53533,47.2971
1991-07-29,822.1559,1525.04798,1278.75938,58.48247,45.28704,47.03836
1991-07-30,829.107,1538.11066,1289.6906,58.95184,45.65563,47.42039
1991-07-31,832.2959,1544.19852,1294.77322,59.18865,45.84432,47.61554
1991-08-01,831.5135,1542.92133,1293.68036,59.16321,45.83005,47.59986
1991-08-02,834.153,1547.99186,1297.90976,59.95321,46.44703,48.23986
1991-08-05,832.1372,1544.42641,1294.89833,58.82703,45.58012,47.33867
1991-08-06,829.3558,1539.43952,1290.69524,57.84763,44.82676,46.55542
1991-08-07,834.0605,1548.34379,1298.1387,58.26816,45.15773,46.89834
1991-08-08,831.4424,1543.65926,1294.1892,57.99317,44.95003,46.6818
1991-08-09,824.9457,1531.77422,1284.20311,57.79562,44.80229,46.52754
1991-08-12,817.2775,1517.71163,1272.39179,57.53809,44.60802,46.32497
1991-08-13,817.2662,1517.86177,1272.49605,57.52761,44.60517,46.32118
1991-08-14,823.4238,1529.46629,1282.2029,58.36901,45.26241,47.00292
1991-08-15,821.934,1526.87215,1280.00642,58.11064,45.06748,46.79966
1991-08-16,808.9861,1502.99668,1259.96983,57.75702,44.79865,46.51967
1991-08-19,752.0794,1397.45821,1171.47753,55.63295,43.1562,44.81342
1991-08-20,770.9088,1432.59478,1200.91183,56.43151,43.78036,45.46078
1991-08-21,794.7133,1476.98214,1238.09971,57.26628,44.43273,46.13743
1991-08-22,815.4142,1515.61227,1270.46036,57.8503,44.89084,46.61231
1991-08-23,804.9197,1496.28124,1254.2349,56.78765,44.07163,45.76089
1991-08-26,800.1793,1487.63992,1246.97028,57.04543,44.27678,45.9731
1991-08-27,797.7699,1483.32929,1243.33591,56.84942,44.12994,45.81982
1991-08-28,798.9765,1485.73948,1245.335,57.08139,44.31512,46.01128
1991-08-29,808.755,1504.08623,1260.69169,57.11125,44.34353,46.03996
1991-08-30,814.1832,1514.34849,1269.27174,57.73357,44.83165,46.54596
1991-09-02,819.966,1525.2724,1278.40607,58.24739,45.2357,46.96465
1991-09-03,819.5832,1524.73247,1277.93181,58.01804,45.063,46.78452
1991-09-04,822.2174,1529.8038,1282.1605,58.06192,45.10239,46.82458
1991-09-05,822.4775,1530.4601,1282.68878,58.16382,45.18683,46.91142
1991-09-06,823.7938,1533.08143,1284.86391,58.19782,45.21858,46.94354
1991-09-09,831.3729,1547.35557,1296.80495,57.75219,44.87778,46.58892
1991-09-10,829.5861,1544.20521,1294.14272,57.20971,44.46164,46.15609
1991-09-11,827.596,1540.67577,1291.1629,57.21406,44.47028,46.16424
1991-09-12,831.8843,1548.83077,1297.97515,57.30674,44.54753,46.24361
1991-09-13,843.8378,1571.25544,1316.74547,58.17333,45.226,46.94713
1991-09-16,843.0689,1570.00121,1315.67206,57.99597,45.09351,46.80877
1991-09-17,849.616,1582.36757,1326.01265,57.89373,45.01938,46.73098
1991-09-18,840.7678,1566.07029,1312.33339,57.80913,44.95895,46.66742
1991-09-19,838.9676,1562.89446,1309.64988,57.67113,44.85698,46.56075
1991-09-20,836.4353,1558.3544,1305.82329,57.88739,45.03039,46.73993
1991-09-23,843.9083,1572.4496,1317.612,57.58459,44.80025,46.50022
1991-09-24,846.7518,1577.92389,1322.17665,57.87783,45.03355,46.74156
1991-09-25,849.4856,1583.19502,1326.57091,58.20747,45.29521,47.01232
1991-09-26,851.2607,1586.681,1329.46927,58.42008,45.46592,47.18867
1991-09-27,848.1867,1581.13153,1324.79691,58.35764,45.42272,47.14299
1991-09-30,858.8474,1601.17792,1341.57059,58.28049,45.36807,47.08543
1991-10-01,864.4744,1611.84652,1350.4865,58.88699,45.84525,47.57987
1991-10-02,871.931,1625.928,1362.26155,59.11555,46.02851,47.76922
1991-10-03,878.9871,1639.26595,1373.41326,59.59877,46.40996,48.16427
1991-10-04,878.4948,1638.53288,1372.77575,59.75927,46.54036,48.29874
1991-10-07,872.7371,1627.98102,1363.91218,59.83011,46.601,48.36082
1991-10-08,864.4244,1612.66172,1351.05486,59.54835,46.38714,48.13802
1991-10-09,860.1926,1604.95055,1344.57177,59.77405,46.56833,48.32521
1991-10-10,861.4109,1607.40407,1346.60437,59.24312,46.16032,47.90094
1991-10-11,860.314,1605.53894,1345.01902,59.69812,46.52008,48.27343
1991-10-14,858.7565,1602.814,1342.71343,59.34374,46.24952,47.99182
1991-10-15,857.3782,1600.4228,1340.6875,59.7972,46.60817,48.36315
1991-10-16,858.4579,1602.61818,1342.50379,59.64855,46.49786,48.24783
1991-10-17,863.9717,1613.08986,1351.25291,60.10161,46.85631,48.61893
1991-10-18,873.3502,1630.77773,1366.0465,60.24267,46.97176,48.73786
1991-10-21,869.9781,1624.66644,1360.90418,59.90132,46.71126,48.46669
1991-10-22,864.2116,1614.08324,1352.01619,59.87911,46.69947,48.4536
1991-10-23,859.5165,1605.49821,1344.80223,59.88139,46.70676,48.4603
1991-10-24,861.1883,1608.80125,1347.54604,59.62022,46.50865,48.25389
1991-10-25,856.5981,1600.40956,1340.49434,59.41561,46.3546,48.09321
1991-10-28,853.9352,1595.61598,1336.45656,59.55707,46.47038,48.21248
1991-10-29,859.6881,1606.54283,1345.58583,60.04347,46.85516,48.61084
1991-10-30,866.0764,1618.65921,1355.71109,59.44661,46.39505,48.13264
1991-10-31,869.7726,1625.74808,1361.62527,59.51949,46.45739,48.19646
1991-11-01,873.4604,1632.82283,1367.52741,59.52821,46.46968,48.20835
1991-11-04,881.4436,1647.92688,1380.15398,59.0139,46.0738,47.79681
1991-11-05,878.7342,1643.04842,1376.04486,59.05478,46.11114,47.8347
1991-11-06,875.1911,1636.61034,1370.62973,58.55309,45.72497,47.43325
1991-11-07,871.5104,1629.91353,1364.9981,58.26954,45.50903,47.20839
1991-11-08,870.7461,1628.66822,1363.93203,58.70197,45.85194,47.56328
1991-11-11,869.4769,1626.47845,1362.07508,58.54559,45.73526,47.44141
1991-11-12,876.2922,1639.40772,1372.87923,58.54243,45.7382,47.44361
1991-11-13,872.1867,1631.91356,1366.58025,58.33341,45.58036,47.27905
1991-11-14,869.3554,1626.80125,1362.27601,58.06972,45.37979,47.07016
1991-11-15,864.0155,1616.99453,1354.04093,57.68999,45.0885,46.76718
1991-11-18,855.3924,1601.04239,1340.66017,56.09292,43.84558,45.47723
1991-11-19,850.519,1592.10341,1333.15234,55.90048,43.7004,45.32584
1991-11-20,847.4666,1586.57039,1328.49669,55.63863,43.50094,45.11815
1991-11-21,849.0653,1589.74153,1331.12941,55.81371,43.64289,45.26458
1991-11-22,849.6585,1591.03118,1332.18663,55.36522,43.29746,44.90552
1991-11-25,850.7954,1593.33896,1334.0963,55.22413,43.19229,44.79564
1991-11-26,849.5619,1591.20909,1332.29035,55.55374,43.45503,45.06735
1991-11-27,836.5866,1567.09128,1312.07474,55.2148,43.19514,44.79701
1991-11-28,831.6522,1558.02696,1304.46334,55.08044,43.09517,44.69255
1991-11-29,827.9121,1551.19749,1298.72329,55.37225,43.32844,44.93368
1991-12-02,818.2688,1533.30841,1283.7241,53.95046,42.22103,43.7845
1991-12-03,825.6067,1547.22803,1295.35596,54.60651,42.7391,44.321
1991-12-04,830.1399,1555.89587,1302.59065,54.70727,42.82297,44.40719
1991-12-05,827.2205,1550.60085,1298.13564,54.16482,42.40353,43.97145
1991-12-06,829.5986,1555.23228,1301.99088,54.0244,42.29866,43.86192
1991-12-09,829.5404,1555.29855,1302.02425,53.64048,42.00316,43.55472
1991-12-10,820.4442,1538.42326,1287.87521,53.09335,41.5798,43.11495
1991-12-11,811.536,1521.89653,1274.01843,52.88933,41.425,42.95368
1991-12-12,820.2625,1538.42921,1287.83649,52.98728,41.50657,43.0375
1991-12-13,835.5604,1567.28745,1311.97178,54.40417,42.62059,44.19193
1991-12-16,839.2114,1574.31081,1317.82863,54.37094,42.59961,44.16939
1991-12-17,838.2749,1572.73189,1316.4846,54.03397,42.34072,43.90017
1991-12-18,832.2235,1561.55843,1307.10946,53.50369,41.9303,43.47386
1991-12-19,820.8872,1540.46801,1289.43379,52.54865,41.18689,42.70234
1991-12-20,818.4627,1536.09296,1285.74987,52.22555,40.9386,42.44416
1991-12-23,825.2735,1549.04558,1296.56953,51.48186,40.36057,41.84413
1991-12-24,824.4579,1547.68969,1295.41265,51.38882,40.29244,41.77275
1991-12-25,824.4579,1547.86419,1295.53669,NA,NA,NA
1991-12-26,843.4463,1583.67958,1325.49108,NA,NA,NA
1991-12-27,849.1328,1594.5327,1334.55215,52.86379,41.46274,42.98384
1991-12-30,860.7601,1616.54135,1352.94944,53.63157,42.06944,43.61206
1991-12-31,869.3539,1632.8592,1366.5833,54.18317,42.50682,44.06473
1992-01-01,869.3539,1633.04329,1366.71417,NA,NA,NA
1992-01-02,870.9438,1636.21325,1369.34389,54.21359,42.54072,44.09831
1992-01-03,869.2007,1633.12379,1366.73512,54.91426,43.0952,44.67233
1992-01-06,890.3012,1672.94372,1400.036,55.65045,43.67765,45.27534
1992-01-07,887.3448,1667.57832,1395.52217,55.20985,43.33711,44.92155
1992-01-08,868.1274,1631.65875,1365.43964,53.82998,42.25911,43.80339
1992-01-09,871.0256,1637.28862,1370.12768,54.51076,42.7982,44.36143
1992-01-10,842.0037,1582.93071,1324.61733,53.88804,42.31445,43.85923
1992-01-13,830.8537,1562.15221,1307.20746,53.68389,42.15921,43.69754
1992-01-14,840.7393,1580.91051,1322.88193,54.14691,42.52759,44.07861
1992-01-15,828.5888,1558.2461,1303.89463,54.98208,43.18812,44.76249
1992-01-16,829.4415,1560.02499,1305.36098,54.8862,43.11795,44.68896
1992-01-17,829.1115,1559.58035,1304.96677,55.17879,43.35277,44.93155
1992-01-20,841.3739,1582.8165,1324.38695,54.72729,43.00326,44.56852
1992-01-21,842.0666,1584.29777,1325.60386,54.79792,43.06382,44.63049
1992-01-22,851.8807,1602.93656,1341.17643,55.24312,43.41855,44.99736
1992-01-23,850.1376,1599.83815,1338.56126,55.39644,43.54412,45.12669
1992-01-24,835.5761,1572.62167,1315.76738,55.13505,43.34388,44.91838
1992-01-27,834.2584,1570.31954,1313.81894,54.79729,43.08357,44.64781
1992-01-28,836.7753,1575.233,1317.90744,55.02312,43.26612,44.8362
1992-01-29,841.6655,1584.6142,1325.73364,54.69096,43.01012,44.57012
1992-01-30,841.2956,1584.0966,1325.2781,55.15121,43.37694,44.94947
1992-01-31,849.5217,1599.76058,1338.36009,56.07295,44.10653,45.70476
1992-02-03,848.0293,1597.13122,1336.13768,55.68869,43.80959,45.39624
1992-02-04,849.5166,1600.11172,1338.60839,55.47269,43.64491,45.22479
1992-02-05,852.1906,1605.32754,1342.94899,55.22895,43.45837,45.0307
1992-02-06,853.889,1608.70716,1345.75338,55.07439,43.34194,44.90925
1992-02-07,856.8411,1614.44889,1350.53365,55.37585,43.58416,45.15944
1992-02-10,848.5587,1599.02878,1337.6116,54.49941,42.8996,44.44936
1992-02-11,842.5724,1587.931,1328.3056,54.79246,43.13521,44.6927
1992-02-12,832.5382,1569.20349,1312.61778,54.48741,42.90024,44.44846
1992-02-13,827.3952,1559.68887,1304.63679,54.2655,42.73066,44.27196
1992-02-14,815.3263,1537.11903,1285.73597,54.09344,42.60028,44.13609
1992-02-17,822.6359,1551.06964,1297.38305,54.54378,42.95975,44.50775
1992-02-18,811.276,1529.8302,1279.59578,54.55637,42.97474,44.5225
1992-02-19,803.5489,1515.43486,1267.53359,54.01502,42.5535,44.0853
1992-02-20,803.4843,1515.48392,1267.5531,54.32078,42.79927,44.33914
1992-02-21,812.683,1533.00061,1282.18232,54.89828,43.25905,44.8147
1992-02-24,809.1606,1526.53052,1276.74914,54.77985,43.17087,44.72256
1992-02-25,806.7236,1522.10615,1273.0271,54.3114,42.8069,44.34472
1992-02-26,811.6131,1531.50092,1280.86275,54.9192,43.29071,44.84514
1992-02-27,817.904,1543.54155,1290.91095,54.64606,43.0806,44.62669
1992-02-28,817.8604,1543.63331,1290.96577,54.73938,43.15922,44.70734
1992-03-02,820.0164,1547.87562,1294.4917,54.79157,43.20545,44.75444
1992-03-03,808.0367,1525.44193,1275.70877,54.65507,43.10297,44.64748
1992-03-04,803.3646,1516.79577,1268.45655,54.52877,43.00849,44.54883
1992-03-05,792.2519,1495.98994,1251.036,54.28132,42.81848,44.35122
1992-03-06,790.9163,1493.63722,1249.0473,53.92024,42.53881,44.06075
1992-03-09,787.802,1487.92565,1244.24991,53.6423,42.32464,43.83814
1992-03-10,787.88577,1488.25158,1244.50132,53.52594,42.23787,43.74748
1992-03-11,776.58466,1467.07711,1226.7741,53.14254,41.94042,43.43862
1992-03-12,768.87805,1452.68687,1214.72035,52.39216,41.35327,42.82975
1992-03-13,769.02354,1453.12548,1215.06647,52.49621,41.44024,42.91906
1992-03-16,761.70362,1439.46086,1203.62006,51.94986,41.01396,42.47682
1992-03-17,766.34665,1448.3954,1211.0702,51.96552,41.03117,42.49388
1992-03-18,761.97974,1440.30712,1204.28678,51.47318,40.64737,42.09565
1992-03-19,766.9363,1449.83622,1212.23378,52.27263,41.28306,42.75329
1992-03-20,761.77864,1440.25173,1204.19958,52.23625,41.25923,42.72784
1992-03-23,764.04848,1444.70455,1207.90208,52.14808,41.19449,42.66004
1992-03-24,763.48324,1443.79888,1207.12437,51.90608,41.00827,42.46643
1992-03-25,767.60678,1451.75768,1213.75791,51.99193,41.0809,42.5409
1992-03-26,768.44708,1453.51023,1215.20251,52.04463,41.12738,42.58827
1992-03-27,762.52536,1442.47574,1205.9567,51.7064,40.86505,42.31587
1992-03-30,763.52619,1444.53121,1207.65463,51.43219,40.65324,42.09578
1992-03-31,762.61554,1442.97159,1206.33027,51.23874,40.50519,41.94174
1992-04-01,739.66557,1399.71848,1170.15085,50.0305,39.55487,40.95701
1992-04-02,734.92034,1390.89861,1162.75779,49.68943,39.28998,40.68201
1992-04-03,737.261,1395.48428,1166.57149,49.37649,39.04726,40.42997
1992-04-06,744.13873,1408.65658,1177.56305,49.45679,39.11534,40.49974
1992-04-07,732.54213,1386.86772,1159.32908,48.89985,38.67958,40.04785
1992-04-08,716.0384,1355.78524,1133.32709,47.63463,37.68336,39.01573
1992-04-09,711.49058,1347.32896,1126.23921,47.63912,37.69137,39.02333
1992-04-10,749.69325,1419.80734,1186.80405,49.75081,39.36533,40.7559
1992-04-13,741.56149,1404.57048,1174.0478,49.97678,39.54868,40.94501
1992-04-14,748.60287,1418.06249,1185.30533,50.30938,39.8164,41.22147
1992-04-15,760.38046,1440.52701,1204.06215,51.25746,40.57093,42.00194
1992-04-16,757.18936,1434.64533,1199.1256,51.19094,40.5231,41.95168
1992-04-17,753.72672,1428.24793,1193.75816,NA,NA,NA
1992-04-20,746.28614,1414.31283,1182.09088,NA,NA,NA
1992-04-21,743.96825,1410.08059,1178.53354,50.46034,39.95919,41.36568
1992-04-22,746.60748,1415.24063,1182.82617,50.68046,40.13813,41.55019
1992-04-23,754.84649,1431.01396,1195.98886,51.16495,40.52634,41.95134
1992-04-24,759.7925,1440.54953,1203.9379,51.10245,40.48165,41.90432
1992-04-27,762.73652,1446.29239,1208.71697,51.3335,40.66936,42.09789
1992-04-28,763.18251,1447.30093,1209.5393,51.53777,40.83591,42.26955
1992-04-29,764.60466,1450.16044,1211.90847,51.47581,40.79166,42.22299
1992-04-30,764.94738,1450.97378,1212.56759,51.6653,40.94656,42.38258
1992-05-01,766.65966,1454.3845,1215.39726,NA,NA,NA
1992-05-04,769.75267,1460.41463,1220.41578,51.63528,40.93245,42.36648
1992-05-05,769.94693,1460.94776,1220.84057,51.43783,40.78083,42.20879
1992-05-06,781.87174,1483.73392,1239.86077,52.04734,41.26856,42.71288
1992-05-07,791.52171,1502.20921,1255.27807,52.53912,41.66313,43.12052
1992-05-08,787.66203,1495.05508,1249.27872,52.23731,41.42881,42.87723
1992-05-11,792.4883,1504.38214,1257.05113,52.91838,41.9735,43.44023
1992-05-12,795.20994,1509.71699,1261.48747,52.72952,41.82872,43.28962
1992-05-13,806.52515,1531.3641,1279.55362,53.01315,42.05852,43.52669
1992-05-14,804.76114,1528.18817,1276.87824,52.76033,41.86299,43.32356
1992-05-15,791.03166,1502.29464,1255.22166,52.03566,41.29305,42.73298
1992-05-18,806.13125,1531.1336,1279.29594,52.37382,41.56612,43.01482
1992-05-19,811.1698,1540.87394,1287.41236,52.54196,41.70441,43.15717
1992-05-20,811.22799,1541.15818,1287.62797,52.66403,41.80617,43.26172
1992-05-21,805.13402,1529.75732,1278.08093,52.80548,41.92333,43.38219
1992-05-22,803.35132,1526.54345,1275.37416,52.92518,42.02328,43.48485
1992-05-25,809.20917,1537.84406,1284.79362,53.11024,42.1751,43.64118
1992-05-26,807.62784,1535.01296,1282.40659,52.8075,41.93976,43.39688
1992-05-27,792.69473,1506.80947,1258.82308,52.58776,41.77027,43.22073
1992-05-28,795.62272,1512.54374,1263.59216,NA,NA,NA
1992-05-29,814.85155,1549.2611,1294.24419,53.36328,42.39583,43.8665
1992-06-01,810.70949,1541.56235,1287.79083,52.75734,41.91954,43.37292
1992-06-02,809.32788,1539.10965,1285.72006,53.10553,42.20099,43.66336
1992-06-03,807.44216,1535.69791,1282.84823,52.86977,42.0187,43.47398
1992-06-04,804.15571,1529.6219,1277.75093,52.67108,41.86582,43.31503
1992-06-05,804.74739,1530.91955,1278.81319,52.25549,41.54053,42.97772
1992-06-08,800.83487,1523.65085,1272.71986,NA,NA,NA
1992-06-09,801.294,1524.69594,1273.5712,51.81799,41.20265,42.62663
1992-06-10,797.40401,1517.46771,1267.51198,51.8592,41.24027,42.66479
1992-06-11,796.30884,1515.55517,1265.89297,51.61136,41.04813,42.46525
1992-06-12,795.30616,1513.81816,1264.42063,51.06354,40.61738,42.01889
1992-06-15,787.57572,1499.27766,1252.25442,50.41624,40.10741,41.49058
1992-06-16,790.4479,1504.91305,1256.93997,50.69711,40.33546,41.72577
1992-06-17,778.46888,1482.28106,1238.01622,49.82945,39.64999,41.01595
1992-06-18,769.22096,1464.8431,1223.43113,49.29032,39.22578,40.57641
1992-06-19,775.39029,1476.75379,1233.35795,49.621,39.49341,40.85255
1992-06-22,764.51134,1456.20547,1216.17578,48.95477,38.96793,40.30827
1992-06-23,770.34536,1467.47935,1225.57055,49.07659,39.06945,40.41256
1992-06-24,766.23191,1459.81062,1219.14529,48.76253,38.82413,40.15809
1992-06-25,779.4813,1485.21159,1240.33758,49.04223,39.05128,40.39235
1992-06-26,772.54939,1472.17405,1229.42875,48.57687,38.68544,40.01323
1992-06-29,774.54708,1476.14592,1232.72477,47.99888,38.22981,39.54126
1992-06-30,774.89221,1476.96995,1233.39197,48.24544,38.4306,39.74824
1992-07-01,783.39922,1493.34717,1247.04713,48.44696,38.59556,39.91816
1992-07-02,794.4899,1514.65193,1264.81659,49.25299,39.24182,40.5859
1992-07-03,792.42893,1510.89449,1261.6575,48.93302,38.99162,40.3264
1992-07-06,789.71865,1505.89845,1257.46425,48.81611,38.9031,40.23414
1992-07-07,789.34837,1505.3623,1256.99521,48.17735,38.39875,39.71183
1992-07-08,786.28567,1499.69251,1252.23961,47.89956,38.18196,39.48692
1992-07-09,786.2088,1499.71502,1252.23714,48.35972,38.55305,39.87001
1992-07-10,785.86072,1499.2203,1251.80279,48.41664,38.60295,39.92091
1992-07-13,796.25564,1519.21536,1268.47652,48.32043,38.53085,39.84564
1992-07-14,794.61047,1516.24846,1265.9778,48.27663,38.50049,39.81353
1992-07-15,797.33229,1521.61186,1270.43434,48.41035,38.61162,39.92775
1992-07-16,795.0762,1517.47895,1266.96215,48.44565,38.64433,39.96086
1992-07-17,786.41576,1501.12439,1253.28628,47.38305,37.80132,39.08846
1992-07-20,770.42404,1470.77473,1227.92667,45.89727,36.62037,37.86669
1992-07-21,755.31952,1442.11137,1203.97575,46.46656,37.07863,38.33989
1992-07-22,745.34582,1423.23557,1188.19678,45.42209,36.2496,37.48202
1992-07-23,750.84513,1433.89443,1197.07507,45.79392,36.55044,37.79244
1992-07-24,737.39763,1408.38073,1175.75529,44.89521,35.83752,37.05464
1992-07-27,735.7754,1405.44189,1173.28195,44.67614,35.66695,36.87762
1992-07-28,741.6038,1416.73077,1182.68598,44.82184,35.78742,37.00153
1992-07-29,742.49002,1418.5831,1184.21219,44.8042,35.77757,36.99069
1992-07-30,744.3963,1422.38426,1187.36517,45.21929,36.11305,37.33691
1992-07-31,753.70463,1440.32656,1202.32248,45.68191,36.48654,37.72241
1992-08-03,752.60212,1438.38256,1200.67932,45.56228,36.39534,37.62745
1992-08-04,751.19708,1435.86002,1198.5533,45.47722,36.33172,37.56101
1992-08-05,753.68801,1440.782,1202.64139,45.63132,36.45906,37.69199
1992-08-06,748.43272,1430.90048,1194.37287,45.54055,36.39088,37.62083
1992-08-07,741.93858,1418.64868,1184.12622,44.88098,35.86822,37.07986
1992-08-10,728.99168,1394.05832,1163.58131,43.90732,35.09437,36.27924
1992-08-11,720.33007,1377.65544,1149.8708,43.50465,34.77675,35.95026
1992-08-12,717.68343,1372.75014,1145.7571,43.26048,34.58575,35.75217
1992-08-13,719.99155,1377.31872,1149.55072,43.23142,34.56661,35.73175
1992-08-14,726.1039,1389.16388,1159.41735,43.64541,34.9015,36.07732
1992-08-17,731.5938,1399.82111,1168.2922,44.07357,35.24779,36.43465
1992-08-18,720.42448,1378.61229,1150.57183,43.2078,34.55962,35.72268
1992-08-19,723.11574,1383.91651,1154.97905,43.32883,34.66045,35.82628
1992-08-20,734.80272,1406.43396,1173.75158,43.86261,35.09127,36.27097
1992-08-21,756.33766,1447.80121,1208.25445,45.10948,36.09224,37.30503
1992-08-24,774.57096,1482.85873,1237.4905,45.35949,36.29642,37.51542
1992-08-25,761.36516,1457.74976,1216.51573,44.11987,35.30875,36.49396
1992-08-26,764.3051,1463.54173,1221.32848,44.27797,35.43938,36.62833
1992-08-27,782.39808,1498.34404,1250.34985,45.59765,36.49907,37.723
1992-08-28,797.86517,1528.12635,1275.18118,46.29591,37.06194,38.30411
1992-08-31,799.57761,1531.57762,1278.03947,46.45971,37.19738,38.44341
1992-09-01,796.59871,1526.04559,1273.40159,45.88196,36.7393,37.96932
1992-09-02,793.95639,1521.15692,1269.30072,45.50736,36.44377,37.66323
1992-09-03,813.63858,1559.02888,1300.88017,46.8344,37.51007,38.76461
1992-09-04,816.38328,1564.46258,1305.39197,48.00292,38.44973,39.73508
1992-09-07,813.88953,1559.86122,1301.53048,47.06903,37.70631,38.96613
1992-09-08,810.12104,1552.81624,1295.63024,46.59026,37.32732,38.57379
1992-09-09,811.0188,1554.7117,1297.18973,47.00698,37.66539,38.92249
1992-09-10,807.31004,1547.77899,1291.38343,47.12171,37.76172,39.02135
1992-09-11,790.09365,1514.95299,1263.97386,46.72638,37.44947,38.69799
1992-09-14,790.77072,1516.42173,1265.17778,48.51903,38.8896,40.18557
1992-09-15,792.14932,1519.23574,1267.50404,48.23218,38.66436,39.9521
1992-09-16,768.23838,1473.55818,1229.37445,47.94179,38.43622,39.71566
1992-09-17,773.58599,1483.97908,1238.04748,48.69696,39.0458,40.34486
1992-09-18,779.61983,1495.71838,1247.82011,48.97727,39.27503,40.58101
1992-09-21,776.08327,1489.1036,1242.28056,48.7185,39.07224,40.37076
1992-09-22,788.4065,1512.91088,1262.12029,49.09416,39.37796,40.68593
1992-09-23,784.72611,1506.02061,1256.35087,49.9699,40.08456,41.41533
1992-09-24,792.53388,1521.17119,1268.96823,49.76239,39.9229,41.24756
1992-09-25,789.17573,1514.89861,1263.71416,49.04713,39.35389,40.65895
1992-09-28,783.68524,1504.53228,1255.04536,48.16908,38.6541,39.93526
1992-09-29,785.92142,1508.99393,1258.7458,47.28855,37.95215,39.20936
1992-09-30,782.44651,1502.49367,1253.30224,46.7767,37.54593,38.789
1992-10-01,779.24042,1496.508,1248.28811,46.88993,37.64121,38.88674
1992-10-02,773.98167,1486.57973,1239.98556,47.15688,37.85983,39.11191
1992-10-05,759.99971,1459.89799,1217.70921,45.69271,36.68871,37.90144
1992-10-06,758.66264,1457.49478,1215.68404,46.16973,37.07582,38.3007
1992-10-07,761.5422,1463.18981,1220.41349,46.35172,37.22626,38.45543
1992-10-08,757.29042,1455.18749,1213.71833,47.40714,38.07771,39.33438
1992-10-09,751.97318,1445.1364,1205.31463,47.15191,37.87729,39.12664
1992-10-12,758.09743,1457.06602,1215.24389,47.47898,38.14434,39.40181
1992-10-13,765.80282,1472.03651,1227.70896,48.20339,38.73045,40.00658
1992-10-14,766.58452,1473.70471,1229.0794,47.6608,38.29916,39.56038
1992-10-15,770.0321,1480.49699,1234.72324,47.73677,38.36471,39.62738
1992-10-16,763.01172,1467.16924,1223.58725,47.33663,38.04776,39.2993
1992-10-19,753.75878,1449.54636,1208.86967,47.69294,38.33846,39.59888
1992-10-20,749.12604,1440.80265,1201.55733,48.0911,38.66286,39.93326
1992-10-21,754.54513,1451.38517,1210.36208,48.54333,39.03077,40.31256
1992-10-22,758.02119,1458.23349,1216.05249,48.73322,39.18798,40.47422
1992-10-23,756.04566,1454.59837,1213.00048,49.35756,39.69433,40.9965
1992-10-26,748.21638,1439.70252,1200.55837,49.01865,39.42655,40.71922
1992-10-27,749.87427,1443.05415,1203.33283,49.0696,39.47217,40.76561
1992-10-28,747.22161,1438.11327,1199.19238,48.74343,39.21455,40.49882
1992-10-29,740.48811,1425.31891,1188.50345,48.55038,39.06393,40.34255
1992-10-30,740.16749,1424.8626,1188.10278,48.37384,38.92656,40.19997
1992-11-02,735.76805,1416.55602,1181.1564,48.65294,39.15562,40.43581
1992-11-03,744.3403,1433.21568,1195.02732,49.62007,39.93806,41.24317
1992-11-04,747.29289,1439.06106,1199.88087,49.53647,39.87552,41.17786
1992-11-05,741.2638,1427.6157,1190.3176,49.77215,40.06984,41.3778
1992-11-06,736.83316,1419.24556,1183.31865,49.57021,39.91206,41.21413
1992-11-09,727.87773,1402.1599,1169.05341,49.16952,39.59426,40.88523
1992-11-10,727.04944,1400.72277,1167.83537,49.32881,39.72713,41.02172
1992-11-11,727.25689,1401.28027,1168.28033,49.27091,39.68522,40.9777
1992-11-12,730.32703,1407.35238,1173.32287,49.25538,39.67741,40.96891
1992-11-13,732.1151,1410.95587,1176.30715,48.69251,39.22878,40.50496
1992-11-16,721.39962,1390.46818,1159.20704,48.55927,39.12612,40.39824
1992-11-17,715.30391,1378.87834,1149.52532,48.68997,39.23599,40.51097
1992-11-18,730.44854,1408.22081,1173.96723,49.12092,39.58769,40.87339
1992-11-19,736.89936,1420.813,1184.44464,49.45924,39.86486,41.15886
1992-11-20,734.62453,1416.58813,1180.90257,49.59323,39.97751,41.27443
1992-11-23,729.68796,1407.23072,1173.0821,49.93744,40.25954,41.56488
1992-11-24,730.7775,1409.49011,1174.9456,49.87726,40.2158,41.51899
1992-11-25,738.11171,1423.79149,1186.84702,49.95369,40.28215,41.58675
1992-11-26,740.47386,1428.50742,1190.75792,50.25595,40.5305,41.84242
1992-11-27,739.69986,1427.17564,1189.62758,50.59776,40.81079,42.13105
1992-11-30,745.94299,1439.37911,1199.77946,50.8791,41.0424,42.36942
1992-12-01,742.84422,1433.56336,1194.91152,50.59756,40.82023,42.1393
1992-12-02,746.35943,1440.50711,1200.67893,50.16668,40.47753,41.78479
1992-12-03,745.09221,1438.22431,1198.75583,50.22283,40.52759,41.83573
1992-12-04,742.93621,1434.22578,1195.40276,49.88846,40.26265,41.56149
1992-12-07,746.7182,1441.68679,1201.60099,50.11424,40.44952,41.75366
1992-12-08,753.93191,1455.77345,1213.32118,49.79103,40.19351,41.48865
1992-12-09,750.78554,1449.86363,1208.3751,50.31048,40.61731,41.9254
1992-12-10,752.92086,1454.14968,1211.92669,50.68921,40.92769,42.24504
1992-12-11,748.47752,1445.73397,1204.89236,50.4795,40.76327,42.07457
1992-12-14,747.98527,1444.94638,1204.21552,50.09071,40.45422,41.75484
1992-12-15,750.98013,1450.89333,1209.15117,50.32755,40.65017,41.95635
1992-12-16,753.7692,1456.4441,1213.75648,50.1926,40.54602,41.84811
1992-12-17,758.61222,1465.9638,1221.66917,50.16352,40.52733,41.82808
1992-12-18,763.2153,1475.02206,1229.19705,50.99626,41.20444,42.52622
1992-12-21,767.81629,1484.07828,1236.72297,51.32419,41.47412,42.80381
1992-12-22,767.96727,1484.53735,1237.08452,51.85251,41.90567,43.24846
1992-12-23,764.41768,1477.84468,1231.48652,51.95271,41.99157,43.33633
1992-12-24,764.74172,1478.63763,1232.12636,51.9494,41.99385,43.33792
1992-12-25,764.74172,1478.80434,1232.24435,NA,NA,NA
1992-12-28,754.03203,1458.26588,1215.10968,51.49807,41.63903,42.97021
1992-12-29,752.2495,1454.98376,1212.35424,52.07836,42.11286,43.45845
1992-12-30,749.25425,1449.35579,1207.64428,51.72108,41.82901,43.16476
1992-12-31,748.61692,1448.28664,1206.73294,51.66429,41.78804,43.12172
1993-01-01,748.61692,1448.44992,1206.84849,NA,NA,NA
1993-01-04,743.37771,1438.47853,1198.51999,52.06352,42.12069,43.46346
1993-01-05,747.56321,1446.73794,1205.38115,52.29532,42.31309,43.66122
1993-01-06,746.8355,1445.49307,1204.3235,52.06576,42.13243,43.47403
1993-01-07,745.93746,1443.9183,1202.99105,52.10746,42.17113,43.51319
1993-01-08,738.53117,1429.74784,1191.16482,51.85443,41.97141,43.30634
1993-01-11,738.93144,1430.68375,1191.92431,51.37334,41.58708,42.90902
1993-01-12,735.30912,1423.8333,1186.19696,50.86766,41.18275,42.49108
1993-01-13,730.71353,1415.09707,1178.89879,50.81045,41.14132,42.44758
1993-01-14,734.30143,1422.20327,1184.79875,50.85266,41.18034,42.48709
1993-01-15,735.4806,1424.64689,1186.81431,50.8669,41.19673,42.50324
1993-01-18,739.2874,1432.17963,1193.06927,51.11327,41.40102,42.71326
1993-01-19,742.2569,1438.09235,1197.97448,51.09039,41.38739,42.69844
1993-01-20,741.73446,1437.24252,1197.24621,50.69546,41.07245,42.37277
1993-01-21,739.29039,1432.66984,1193.41683,50.85271,41.20463,42.50839
1993-01-22,737.99015,1430.31223,1191.43271,50.69653,41.083,42.38216
1993-01-25,745.4244,1444.87845,1203.54576,50.39556,40.84404,42.13489
1993-01-26,748.76984,1451.52436,1209.0611,50.34893,40.8111,42.10016
1993-01-27,744.15778,1442.74937,1201.73149,50.43228,40.88345,42.17404
1993-01-28,751.01848,1456.21012,1212.92297,50.86837,41.24158,42.54274
1993-01-29,747.34705,1449.2571,1207.11109,51.15853,41.48156,42.78956
1993-02-01,744.81247,1444.50658,1203.13387,51.99845,42.16706,43.49594
1993-02-02,744.77126,1444.58952,1203.18252,52.10001,42.25435,43.58522
1993-02-03,745.5372,1446.23769,1204.53481,52.68711,42.73519,44.08046
1993-02-04,745.74812,1446.80979,1204.99083,53.11968,43.09089,44.44658
1993-02-05,751.8804,1458.86716,1215.01231,53.50633,43.40944,44.77438
1993-02-08,752.77435,1460.76574,1216.57288,53.32027,43.26369,44.62325
1993-02-09,751.89628,1459.22693,1215.27067,53.38928,43.32476,44.68545
1993-02-10,753.40136,1462.3117,1217.81904,53.20239,43.17828,44.53358
1993-02-11,757.7436,1470.9026,1224.95278,54.08012,43.89526,45.27231
1993-02-12,755.5204,1466.75384,1221.47699,53.51478,43.44169,44.80372
1993-02-15,757.09216,1469.96986,1224.13443,54.03824,43.87148,45.24621
1993-02-16,759.56191,1474.92973,1228.24395,53.7646,43.65459,45.02172
1993-02-17,761.96687,1479.76488,1232.24949,53.48194,43.43033,44.78964
1993-02-18,762.83354,1481.61443,1233.76872,54.1797,44.00171,45.37814
1993-02-19,768.02724,1491.8665,1242.28472,54.23063,44.04825,45.42533
1993-02-22,774.20027,1504.02269,1252.38598,54.3406,44.14273,45.52196
1993-02-23,769.59359,1495.245,1245.05575,54.14,43.98506,45.35855
1993-02-24,766.19847,1488.81872,1239.68368,53.67979,43.61648,44.97766
1993-02-25,766.43532,1489.4467,1240.18552,54.08624,43.95168,45.32254
1993-02-26,768.77208,1494.15466,1244.08446,54.63398,44.40169,45.7858
1993-03-01,771.45869,1499.54346,1248.55017,54.84356,44.57717,45.96594
1993-03-02,775.84203,1508.23071,1255.76202,54.83339,44.57418,45.96204
1993-03-03,779.30263,1515.12651,1261.48209,54.92009,44.64989,46.03929
1993-03-04,776.78476,1510.4032,1257.52814,54.77035,44.53348,45.91844
1993-03-05,774.79634,1506.70806,1254.43035,54.81974,44.57888,45.96444
1993-03-08,791.6491,1539.64278,1281.82884,56.60628,46.03591,47.46606
1993-03-09,795.17044,1546.66321,1287.65183,56.77066,46.17496,47.60859
1993-03-10,793.48521,1543.56047,1285.04687,56.95683,46.33176,47.76941
1993-03-11,794.71183,1546.12005,1287.15592,57.13319,46.48062,47.92205
1993-03-12,791.97115,1540.9636,1282.84135,56.84327,46.25033,47.68377
1993-03-15,788.31908,1534.03302,1277.05001,56.61517,46.07028,47.49729
1993-03-16,790.47093,1538.39237,1280.65733,56.59466,46.05904,47.48486
1993-03-17,795.74843,1548.83425,1289.32794,56.95299,46.35594,47.79011
1993-03-18,810.55706,1577.82525,1313.43921,57.91369,47.14284,48.60056
1993-03-19,821.59693,1599.48808,1331.44954,57.86168,47.10609,48.56181
1993-03-22,818.0593,1592.78292,1325.8455,57.68544,46.96824,48.41883
1993-03-23,813.75187,1584.57774,1318.99306,57.28023,46.64396,48.08369
1993-03-24,807.98483,1573.52907,1309.77398,56.78343,46.24504,47.6716
1993-03-25,812.33809,1582.18229,1316.95439,57.24821,46.62879,48.06636
1993-03-26,822.22862,1601.61969,1333.11079,57.89154,47.15795,48.61101
1993-03-29,828.14398,1613.32002,1342.82678,58.12199,47.35115,48.8093
1993-03-30,829.67561,1616.485,1345.43825,58.24905,47.4602,48.92085
1993-03-31,834.60466,1626.26835,1353.55819,58.06354,47.31473,48.77002
1993-04-01,848.96513,1654.42704,1376.97155,59.00368,48.0859,49.5641
1993-04-02,867.71559,1691.14488,1407.50773,59.62277,48.5958,50.08882
1993-04-05,871.36975,1698.45566,1413.56836,60.07136,48.96694,50.47049
1993-04-06,860.98416,1678.40821,1396.85986,59.53705,48.53731,50.02678
1993-04-07,871.17462,1698.45797,1413.52233,60.36657,49.21886,50.72839
1993-04-08,879.80456,1715.47048,1427.65656,60.9949,49.73665,51.26119
1993-04-09,877.15182,1710.4927,1423.48976,NA,NA,NA
1993-04-12,879.17411,1714.62817,1426.90711,NA,NA,NA
1993-04-13,901.85985,1759.05426,1463.85347,61.49378,50.16096,51.69577
1993-04-14,894.49299,1744.88694,1452.03905,60.86239,49.65199,51.17032
1993-04-15,894.18093,1744.47507,1451.67165,61.3656,50.06812,51.59828
1993-04-16,881.34927,1719.6436,1430.98383,60.69927,49.53051,51.04333
1993-04-19,888.40335,1733.59771,1442.5711,61.39754,50.10578,51.6353
1993-04-20,890.244,1737.3841,1445.6973,60.677,49.52381,51.03465
1993-04-21,883.56041,1724.53934,1434.98468,60.7115,49.55781,51.06878
1993-04-22,886.72283,1730.90473,1440.25685,60.77394,49.61461,51.12641
1993-04-23,891.50552,1740.43355,1448.16104,60.94683,49.76154,51.27692
1993-04-26,897.1855,1751.71579,1457.52389,60.25119,49.19958,50.69694
1993-04-27,907.45763,1771.96432,1474.34675,61.08332,49.88444,51.40178
1993-04-28,901.08527,1759.7238,1464.13729,61.22623,50.00698,51.52714
1993-04-29,901.2325,1760.20966,1464.51667,60.79646,49.66198,51.17074
1993-04-30,912.58806,1782.58145,1483.10511,61.60723,50.3297,51.85788
1993-05-03,910.55608,1778.81423,1479.94565,61.78437,50.48029,52.01212
1993-05-04,917.37058,1792.32401,1491.16026,61.74064,50.45054,51.98054
1993-05-05,918.08798,1793.92738,1492.46887,61.77898,50.48781,52.01803
1993-05-06,912.62011,1783.44795,1483.72526,61.6094,50.35525,51.88052
1993-05-07,915.95054,1790.15582,1489.28053,61.63019,50.37819,51.90323
1993-05-10,911.48665,1781.63531,1482.16692,61.99848,50.68501,52.21843
1993-05-11,904.72593,1768.62434,1471.31795,62.27845,50.91975,52.45936
1993-05-12,899.34798,1758.31295,1462.71508,61.87259,50.59404,52.12286
1993-05-13,898.13845,1756.14699,1460.88844,62.11655,50.7994,52.33351
1993-05-14,897.67967,1755.44812,1460.28227,61.92599,50.64963,52.17828
1993-05-17,902.00468,1764.10173,1467.45593,61.95339,50.67801,52.20659
1993-05-18,891.55414,1743.8664,1450.59872,61.91217,50.65029,52.17712
1993-05-19,898.58394,1757.80988,1462.17248,62.302,50.97501,52.51071
1993-05-20,898.73342,1758.3004,1462.55567,NA,NA,NA
1993-05-21,904.23085,1769.25131,1471.63966,62.60525,51.23507,52.77674
1993-05-24,901.65904,1764.41988,1467.59602,63.08027,51.62964,53.18226
1993-05-25,911.25136,1783.38508,1483.34557,63.54394,52.01501,53.57829
1993-05-26,923.66602,1807.87664,1503.69111,64.18477,52.54539,54.12368
1993-05-27,929.9662,1820.40873,1514.0889,64.39239,52.72147,54.3041
1993-05-28,936.39828,1833.20173,1524.70333,64.09975,52.4882,54.06286
1993-05-31,930.64823,1822.15402,1515.48906,NA,NA,NA
1993-06-01,930.33956,1821.75524,1515.13165,63.38915,51.91886,53.47453
1993-06-02,928.78903,1818.92515,1512.75222,63.43343,51.96125,53.51724
1993-06-03,937.36973,1835.93047,1526.86917,64.22936,52.61895,54.19373
1993-06-04,930.01561,1821.73692,1515.03927,63.64199,52.1441,53.70371
1993-06-07,929.78667,1821.49398,1514.8115,64.70152,53.01779,54.60263
1993-06-08,928.45014,1819.08162,1512.77962,64.45292,52.82043,54.39839
1993-06-09,931.28182,1824.83341,1517.53713,64.892,53.18629,54.77423
1993-06-10,930.49515,1823.49805,1516.40089,65.13581,53.3923,54.98543
1993-06-11,938.66472,1839.70972,1529.85637,65.48286,53.68292,55.28375
1993-06-14,943.20519,1848.81396,1537.40112,65.43917,53.65346,55.25243
1993-06-15,925.64692,1814.613,1508.93544,64.25832,52.69173,54.2611
1993-06-16,914.0381,1792.06493,1490.16043,64.25284,52.69347,54.26192
1993-06-17,911.43028,1787.15527,1486.05265,64.4871,52.89171,54.4651
1993-06-18,899.01286,1763.01365,1465.95362,63.83547,52.36362,53.92035
1993-06-21,874.9276,1715.98945,1426.8288,63.06276,51.7361,53.27323
1993-06-22,882.8172,1731.65298,1439.82842,63.5547,52.14555,53.69391
1993-06-23,887.52708,1741.08447,1447.6459,64.43205,52.8711,54.44009
1993-06-24,891.33828,1748.75548,1453.99938,64.9683,53.3171,54.89839
1993-06-25,904.81266,1775.38224,1476.11308,65.89871,54.08645,55.68962
1993-06-28,913.93645,1793.48035,1491.13515,66.60383,54.6712,56.29075
1993-06-29,904.82876,1775.81386,1476.42185,65.4947,53.76736,55.35916
1993-06-30,914.93891,1795.85143,1493.05585,65.85015,54.06535,55.665
1993-07-01,915.61474,1797.38011,1494.30141,66.46537,54.57654,56.19035
1993-07-02,902.18501,1771.22546,1472.53209,65.12287,53.48072,55.06117
1993-07-05,899.72256,1766.59184,1468.65494,65.05749,53.43337,55.01144
1993-07-06,905.25805,1777.65723,1477.82905,65.70215,53.96882,55.56176
1993-07-07,906.56028,1780.41424,1480.09591,65.65984,53.94046,55.53157
1993-07-08,904.62133,1776.80792,1477.07282,65.86756,54.11738,55.71274
1993-07-09,901.13357,1770.15936,1471.52084,66.27173,54.45565,56.06
1993-07-12,900.38214,1768.8832,1470.435,66.7095,54.82159,56.43573
1993-07-13,915.65517,1799.08065,1495.51211,67.55366,55.52134,57.15513
1993-07-14,915.99539,1799.9518,1496.21086,67.76417,55.70083,57.33889
1993-07-15,919.20051,1806.45135,1501.58812,67.53506,55.51916,57.15085
1993-07-16,917.26992,1802.86184,1498.57894,67.85246,55.7865,57.42504
1993-07-19,920.79069,1809.98338,1504.47298,67.60435,55.58918,57.22091
1993-07-20,916.85353,1802.45003,1498.18575,67.12072,55.19821,56.81745
1993-07-21,916.83733,1802.6214,1498.30275,66.80359,54.94402,56.5548
1993-07-22,920.27028,1809.57264,1504.05494,67.39447,55.43619,57.06042
1993-07-23,914.84803,1799.11706,1495.33924,67.5418,55.56387,57.19083
1993-07-26,921.09909,1811.61011,1505.6973,68.23837,56.14311,57.78604
1993-07-27,927.00314,1823.42358,1515.49018,68.54211,56.39951,58.04892
1993-07-28,929.29278,1828.13183,1519.37752,68.74181,56.57041,58.22379
1993-07-29,940.66864,1850.71146,1538.11755,69.36233,57.08742,58.7549
1993-07-30,945.80301,1861.01926,1546.65805,70.92979,58.38335,60.08774
1993-08-02,946.96476,1863.51444,1548.70545,71.09985,58.53015,60.23776
1993-08-03,956.06191,1881.62233,1563.72777,70.77209,58.26735,59.96622
1993-08-04,962.02141,1893.56051,1573.62232,70.94308,58.41494,60.11705
1993-08-05,959.8701,1889.54054,1570.2549,71.02254,58.48724,60.19039
1993-08-06,960.40686,1890.80996,1571.28313,71.28311,58.70862,60.41715
1993-08-09,962.67989,1895.49712,1575.15147,71.02924,58.50655,60.20813
1993-08-10,959.29942,1889.05629,1569.77251,71.21989,58.67041,60.3757
1993-08-11,970.21268,1910.75449,1587.77637,72.46132,59.69934,61.43352
1993-08-12,975.31039,1921.00703,1596.2688,72.96592,60.12188,61.86726
1993-08-13,977.54827,1925.63036,1600.08341,73.13989,60.27225,62.0209
1993-08-16,988.74244,1947.89306,1618.55489,73.85183,60.86569,62.63049
1993-08-17,990.16112,1950.90689,1621.03164,73.08268,60.23914,61.98466
1993-08-18,996.15178,1962.92736,1630.9919,73.43407,60.53572,62.28875
1993-08-19,999.16534,1969.0855,1636.0809,73.15299,60.31126,62.05668
1993-08-20,979.29052,1930.14778,1603.70111,71.59127,59.0309,60.73822
1993-08-23,978.15989,1928.13749,1602.00361,71.24069,58.74891,60.447
1993-08-24,975.47597,1923.06559,1597.76246,71.33736,58.83553,60.53505
1993-08-25,971.24191,1914.93727,1590.98211,71.02772,58.58721,60.27848
1993-08-26,978.05675,1928.5863,1602.29489,71.595,59.06176,60.76568
1993-08-27,989.03793,1950.4518,1620.43353,71.88263,59.30589,61.01578
1993-08-30,992.34713,1957.19611,1626.00908,72.24249,59.60962,61.3272
1993-08-31,995.6815,1963.99153,1631.62691,72.40325,59.74925,61.46976
1993-09-01,992.28014,1957.50531,1626.21073,72.23132,59.61449,61.33003
1993-09-02,990.10256,1953.43123,1622.79861,71.65471,59.14578,60.84675
1993-09-03,991.66202,1956.72747,1625.50933,71.55692,59.07209,60.76985
1993-09-06,1003.55391,1980.40725,1645.15287,71.15577,58.74803,60.4354
1993-09-07,999.64444,1972.91739,1638.9031,70.91466,58.55599,60.23677
1993-09-08,989.08355,1952.30124,1621.74977,69.98136,57.7924,59.45021
1993-09-09,995.79229,1965.76019,1632.90221,69.92923,57.7562,59.41191
1993-09-10,985.67421,1946.01249,1616.47094,69.23614,57.19073,58.82919
1993-09-13,991.98546,1958.68915,1626.97329,69.29514,57.2462,58.8852
1993-09-14,989.4053,1953.81661,1622.89838,69.46319,57.39173,59.03385
1993-09-15,988.74816,1952.73952,1621.97617,69.00556,57.02053,58.65099
1993-09-16,978.07332,1931.88193,1604.62433,68.01071,56.20535,57.81148
1993-09-17,982.81472,1941.46266,1612.55472,69.36754,57.33253,58.96992
1993-09-20,981.16988,1938.43308,1610.01105,69.27484,57.26273,58.89708
1993-09-21,978.21147,1932.80823,1605.31194,68.5047,56.63304,58.24838
1993-09-22,961.89319,1900.79039,1578.69253,68.38168,56.53808,58.14967
1993-09-23,961.30296,1899.83861,1577.87523,68.60228,56.72705,58.343
1993-09-24,962.86729,1903.14368,1580.59336,69.44916,57.43358,59.06866
1993-09-27,967.13954,1911.8005,1587.75603,68.77805,56.88551,58.50395
1993-09-28,970.21683,1918.09764,1592.95877,69.13217,57.18495,58.81088
1993-09-29,971.97465,1921.78824,1595.99667,68.52722,56.69145,58.30231
1993-09-30,972.07314,1922.1996,1596.31119,69.07601,57.15187,58.7748
1993-10-01,972.44906,1923.1595,1597.08122,69.84494,57.79442,59.43458
1993-10-04,979.6866,1937.68614,1609.1175,69.75935,57.73046,59.36775
1993-10-05,986.14515,1950.67565,1619.87691,70.07597,57.99915,59.64302
1993-10-06,996.79395,1971.95468,1637.5196,71.05013,58.81175,60.47763
1993-10-07,994.41623,1967.47427,1633.77131,70.58571,58.4344,60.08852
1993-10-08,1003.09783,1984.86866,1648.18746,70.81707,58.63273,60.29141
1993-10-11,1001.27084,1981.47815,1645.34413,70.43823,58.32611,59.97504
1993-10-12,1003.65441,1986.41742,1649.4175,70.39263,58.29527,59.94226
1993-10-13,998.48829,1976.41902,1641.08748,70.46784,58.36441,60.01229
1993-10-14,992.09406,1963.98793,1630.73785,70.27765,58.21385,59.85641
1993-10-15,1000.58775,1981.01973,1644.85177,71.278,59.04881,60.71392
1993-10-18,998.83636,1977.77637,1642.1309,71.4455,59.19448,60.86262
1993-10-19,994.755,1969.91982,1635.5799,71.69346,59.4068,61.07985
1993-10-20,996.85561,1974.30076,1639.18946,72.08103,59.73478,61.416
1993-10-21,996.88679,1974.58509,1639.39769,72.26457,59.89387,61.57847
1993-10-22,1001.75974,1984.4575,1647.56628,72.9913,60.50288,62.20355
1993-10-25,1005.25309,1991.59981,1653.468,73.42505,60.86936,62.57924
1993-10-26,997.42096,1976.31088,1640.74697,73.28847,60.76338,62.46917
1993-10-27,988.81699,1959.48944,1626.7541,72.45246,60.07758,61.76302
1993-10-28,980.84713,1943.92043,1613.80144,72.33774,59.9896,61.67147
1993-10-29,1000.84831,1983.76998,1646.85573,73.29547,60.79041,62.49368
1993-11-01,992.51853,1967.48696,1633.31044,73.21143,60.72792,62.42834
1993-11-02,996.30943,1975.22176,1639.70364,73.73834,61.1719,62.88365
1993-11-03,1000.28363,1983.32157,1646.39963,73.84938,61.2712,62.98462
1993-11-04,987.33861,1957.88389,1625.25571,72.74588,60.36304,62.04997
1993-11-05,967.90124,1919.56858,1593.42295,71.5661,59.39135,61.05006
1993-11-08,973.51503,1930.91575,1602.81495,71.56966,59.40133,61.05923
1993-11-09,962.36776,1909.02826,1584.61973,70.90606,58.85772,60.49937
1993-11-10,963.03167,1910.56017,1585.86438,71.21234,59.11877,60.76663
1993-11-11,969.21437,1923.03849,1596.19493,71.442,59.31631,60.9686
1993-11-12,976.83456,1938.37101,1608.89419,72.29057,60.0274,61.69846
1993-11-15,976.31735,1937.56347,1608.19661,71.77568,59.60709,61.26535
1993-11-16,976.07318,1937.29747,1607.94851,72.00472,59.80424,61.4669
1993-11-17,970.89556,1927.24177,1599.57518,72.1513,59.93298,61.59814
1993-11-18,973.23384,1932.09947,1603.57974,72.26082,60.03099,61.69778
1993-11-19,961.75459,1909.53326,1584.82367,71.59931,59.48868,61.13932
1993-11-22,942.90303,1872.32722,1553.91814,70.10222,58.25193,59.86722
1993-11-23,938.08319,1862.96974,1546.12575,69.79354,58.00242,59.60973
1993-11-24,938.4627,1863.93328,1546.89915,69.40171,57.68375,59.28117
1993-11-25,941.09968,1869.37963,1551.39279,69.89354,58.09911,59.707
1993-11-26,926.32936,1840.25724,1527.19836,68.91905,57.29608,58.8807
1993-11-29,901.49322,1791.13491,1486.40757,67.23282,55.90102,57.44608
1993-11-30,912.19005,1812.58473,1504.18258,67.81879,56.39453,57.95224
1993-12-01,940.54105,1869.11108,1551.06491,70.28923,58.45399,60.06773
1993-12-02,948.00326,1884.14767,1563.51634,70.8469,58.92439,60.55006
1993-12-03,949.14134,1886.62148,1565.5426,70.95733,59.02315,60.65048
1993-12-06,949.78649,1888.11626,1566.75637,70.41981,58.58315,60.19727
1993-12-07,953.26391,1895.24036,1572.64124,70.26008,58.45724,60.06682
1993-12-08,948.81895,1886.6188,1565.46062,70.12415,58.35111,59.9567
1993-12-09,962.08984,1913.21278,1587.50057,71.06725,59.14226,60.7686
1993-12-10,968.37309,1925.92034,1598.01762,71.19164,59.25271,60.88101
1993-12-13,970.14728,1929.66519,1601.09769,71.49816,59.51468,61.1491
1993-12-14,958.63604,1906.99139,1582.25779,71.05073,59.1494,60.77271
1993-12-15,956.78737,1903.52974,1579.35879,71.02708,59.13671,60.7586
1993-12-16,967.85373,1925.75556,1597.77242,71.80395,59.7901,61.42886
1993-12-17,977.88143,1945.92013,1614.47528,72.29124,60.20268,61.85167
1993-12-20,965.64606,1921.79724,1594.43419,71.57664,59.61484,61.24664
1993-12-21,965.74082,1922.20247,1594.7433,71.31173,59.40134,61.02621
1993-12-22,972.19837,1935.26912,1605.55671,71.66195,59.69992,61.33188
1993-12-23,981.53706,1954.07253,1621.12905,72.04536,60.02619,61.666
1993-12-24,977.62745,1946.51126,1614.82869,71.71431,59.75757,61.38894
1993-12-27,970.98243,1933.50313,1604.0099,71.47148,59.56237,61.18732
1993-12-28,978.7346,1949.15416,1616.96635,71.95339,59.97078,61.6058
1993-12-29,978.51453,1948.93575,1616.75771,72.50477,60.43714,62.0838
1993-12-30,974.75139,1941.66205,1610.6964,72.72881,60.63094,62.28178
1993-12-31,976.89623,1946.15237,1614.3939,73.1697,61.00543,62.66538
1994-01-03,979.04123,1950.64401,1618.09238,73.36323,61.17391,62.83733
1994-01-04,980.37295,1953.51661,1620.44773,73.50256,61.29726,62.96292
1994-01-05,984.70691,1962.37074,1627.76462,73.66231,61.43766,63.10602
1994-01-06,984.02752,1961.23839,1626.79772,73.69723,61.47403,63.14226
1994-01-07,991.0176,1975.38788,1638.50654,74.38069,62.05104,63.73383
1994-01-10,997.87525,1989.27659,1649.99867,74.42757,62.09746,63.78039
1994-01-11,990.97354,1975.74534,1638.74741,74.35735,62.04624,63.72664
1994-01-12,985.54387,1965.14522,1629.92766,73.75132,61.54803,63.21381
1994-01-13,974.94536,1944.23832,1612.55976,73.12843,61.03562,62.68642
1994-01-14,992.77473,1980.00432,1642.19636,74.8959,62.51701,64.20687
1994-01-17,991.56958,1977.82455,1640.36062,74.73079,62.38664,64.07183
1994-01-18,995.99926,1986.88103,1647.84387,74.96325,62.58797,64.27746
1994-01-19,1010.04266,2015.11291,1671.22995,75.82223,63.31207,65.02001
1994-01-20,1010.7868,2016.82437,1672.62093,75.84403,63.33775,65.04523
1994-01-21,1015.19469,2025.8447,1680.07328,75.88187,63.37682,65.0842
1994-01-24,993.51314,1982.81606,1644.36102,74.81656,62.49472,64.17719
1994-01-25,999.98193,1995.94666,1655.2222,75.25623,62.86915,64.56058
1994-01-26,1011.76524,2019.68527,1674.88001,75.9379,63.44569,65.15151
1994-01-27,1015.08134,2026.531,1680.52848,76.07749,63.56975,65.27776
1994-01-28,1021.2666,2039.10489,1690.92684,76.27433,63.74166,65.45313
1994-01-31,1058.31334,2113.28641,1752.41205,79.18271,66.17792,67.95385
1994-02-01,1070.66951,2138.19203,1773.03458,79.6013,66.53538,68.31971
1994-02-02,1065.20445,2127.52155,1764.15644,79.36441,66.34532,68.12333
1994-02-03,1060.84167,2119.0497,1757.10169,79.20173,66.21723,67.9906
1994-02-04,1058.45329,2114.51888,1753.31499,79.14359,66.17647,67.94754
1994-02-07,1032.18111,2062.2829,1709.97321,77.96728,65.20086,66.94464
1994-02-08,1038.84179,2075.82014,1721.1686,78.5698,65.71213,67.46842
1994-02-09,1035.86007,2070.09747,1716.39449,78.39394,65.57287,67.32424
1994-02-10,1034.50156,2067.61662,1714.30841,78.33368,65.53024,67.27928
1994-02-11,1033.10226,2065.05366,1712.15433,77.98752,65.24852,66.98883
1994-02-14,1039.06974,2077.21191,1722.2056,78.05733,65.3146,67.05549
1994-02-15,1040.97492,2081.25387,1725.52746,77.62835,64.9635,66.69384
1994-02-16,1041.68257,2082.90301,1726.8654,77.55658,64.91114,66.6389
1994-02-17,1038.95412,2077.68343,1722.50878,77.45693,64.83545,66.56001
1994-02-18,1039.26125,2078.53171,1723.18279,77.08107,64.52861,66.24383
1994-02-21,1026.81803,2053.88495,1702.72082,76.44306,64.00228,65.70234
1994-02-22,1030.48725,2061.45409,1708.9668,76.90801,64.3989,66.10834
1994-02-23,1036.7542,2074.2203,1719.52092,77.2034,64.65371,66.36875
1994-02-24,1034.93922,2070.8238,1716.67609,77.36461,64.79629,66.51394
1994-02-25,1040.07642,2081.3339,1725.35948,76.99123,64.49134,66.19972
1994-02-28,1054.18196,2109.78883,1748.91801,78.02157,65.36145,67.09175
1994-03-01,1047.86951,2097.39613,1738.61553,76.92095,64.44731,66.15224
1994-03-02,1033.44138,2068.75978,1714.84868,75.96857,63.65716,65.34003
1994-03-03,1029.55659,2061.21819,1708.56824,76.00384,63.69422,65.37691
1994-03-04,1031.40687,2065.15404,1711.80165,76.28866,63.94031,65.62834
1994-03-07,1033.61852,2069.81413,1715.63525,76.68296,64.27815,65.97395
1994-03-08,1038.61501,2080.05052,1724.09075,76.88305,64.45337,66.15263
1994-03-09,1030.10522,2063.24617,1710.13313,76.08466,63.79184,65.47249
1994-03-10,1037.2851,2077.85624,1722.21352,75.87743,63.6257,65.30081
1994-03-11,1035.6287,2074.77323,1719.629,75.40651,63.23847,64.90223
1994-03-14,1042.76633,2089.3032,1731.64243,76.07864,63.80926,65.48691
1994-03-15,1044.62832,2093.26858,1734.89953,76.62246,64.27264,65.96133
1994-03-16,1047.34019,2098.93743,1739.56832,76.83486,64.45831,66.15071
1994-03-17,1047.56919,2099.6329,1740.11517,76.21617,63.94705,65.62485
1994-03-18,1034.31886,2073.31789,1718.27694,75.72672,63.54408,65.21015
1994-03-21,1024.77563,2054.42627,1702.59151,75.35806,63.24235,64.89935
1994-03-22,1024.8849,2054.87691,1702.93605,74.94412,62.90256,64.54951
1994-03-23,1022.4821,2050.29213,1699.10765,74.83388,62.81751,64.46109
1994-03-24,1018.93946,2043.42121,1693.38487,74.30784,62.3835,64.01458
1994-03-25,1021.8735,2049.53421,1698.42187,73.8517,62.00806,63.62818
1994-03-28,1023.95964,2053.94839,1702.05094,74.25285,62.35201,63.98
1994-03-29,1022.48202,2051.21671,1699.75841,73.91485,62.07566,63.6953
1994-03-30,1012.27947,2030.98501,1682.9647,73.57181,61.79501,63.40619
1994-03-31,1007.54483,2021.71686,1675.25626,72.92334,61.25779,62.85385
1994-04-01,1002.59255,2012.00993,1667.1845,NA,NA,NA
1994-04-04,997.40534,2001.82944,1658.72061,NA,NA,NA
1994-04-05,1006.312,2019.92681,1673.68772,73.76668,61.98772,63.59944
1994-04-06,1011.31241,2030.18923,1682.16248,74.91506,62.95941,64.59532
1994-04-07,1015.33171,2038.48486,1689.00735,75.03326,63.06613,64.70367
1994-04-08,1017.23941,2042.54386,1692.34173,75.12774,63.15296,64.79161
1994-04-11,1032.62964,2073.66915,1718.1013,76.07616,63.95716,65.61556
1994-04-12,1030.80265,2070.23494,1715.22683,76.4198,64.25344,65.91838
1994-04-13,1033.09329,2075.06771,1719.20166,76.57603,64.39233,66.05969
1994-04-14,1030.66017,2070.41564,1715.31828,76.13911,64.03266,65.68954
1994-04-15,1037.37964,2084.14406,1726.66282,76.68294,64.49731,66.16507
1994-04-18,1036.95344,2083.52298,1726.11895,76.59048,64.4272,66.09196
1994-04-19,1035.01201,2079.85793,1723.05334,76.1309,64.04835,65.70215
1994-04-20,1025.84414,2061.67369,1707.95968,75.25126,63.31605,64.94979
1994-04-21,1022.865,2055.92026,1703.16442,74.6397,62.80912,64.42863
1994-04-22,1030.60211,2071.69958,1716.20719,75.35559,63.41858,65.0527
1994-04-25,1030.04294,2070.8094,1715.44062,74.82381,62.97867,64.6003
1994-04-26,1035.92126,2082.85786,1725.39217,75.42124,63.48866,65.12229
1994-04-27,1041.40001,2094.10579,1734.68024,75.3998,63.47812,65.11033
1994-04-28,1045.70035,2102.98719,1742.00769,75.76366,63.79177,65.4309
1994-04-29,1049.07054,2110.00038,1747.78738,75.3223,63.42782,65.05644
1994-05-02,1046.48069,2105.0305,1743.64105,74.85985,63.04603,64.66368
1994-05-03,1045.05797,2102.40667,1741.43809,74.47127,62.72635,64.33465
1994-05-04,1030.31062,2072.98196,1717.03633,73.62121,62.01793,63.60694
1994-05-05,1027.3858,2067.33232,1712.3277,74.37225,62.65752,64.26182
1994-05-06,1035.51484,2083.91892,1726.03672,74.8117,63.03493,64.64777
1994-05-09,1030.51188,2074.08797,1717.86494,74.01523,62.37146,63.96618
1994-05-10,1031.2894,2075.88634,1719.32524,74.45494,62.74914,64.3524
1994-05-11,1035.40594,2084.40459,1726.35105,75.27881,63.45045,65.07052
1994-05-12,1039.97155,2093.82855,1734.12674,NA,NA,NA
1994-05-13,1041.5243,2097.19012,1736.88132,75.34354,63.51999,65.13952
1994-05-16,1041.59152,2097.56187,1737.15971,75.39407,63.57008,65.18973
1994-05-17,1043.06875,2100.7725,1739.78914,75.39653,63.57967,65.19841
1994-05-18,1050.7182,2116.41186,1752.71138,75.64202,63.79408,65.41712
1994-05-19,1047.55608,2110.28266,1747.60579,74.97527,63.23946,64.84724
1994-05-20,1053.34101,2122.17139,1757.42146,75.22185,63.45479,65.06691
1994-05-23,1053.05678,2121.83817,1757.11567,NA,NA,NA
1994-05-24,1047.81312,2111.51419,1748.5366,74.79513,63.10994,64.71098
1994-05-25,1041.2655,2098.56073,1737.7804,74.51866,62.88421,64.47838
1994-05-26,1039.74435,2095.73235,1735.40879,74.03581,62.48432,64.0672
1994-05-27,1041.57563,2099.65891,1738.63072,74.29279,62.70846,64.29589
1994-05-30,1042.55277,2101.86494,1740.42788,74.28008,62.70515,64.29136
1994-05-31,1041.82375,2100.6325,1739.37783,74.064,62.53023,64.11087
1994-06-01,1041.85656,2100.93547,1739.59916,74.16095,62.61942,64.20118
1994-06-02,1038.11535,2093.62982,1733.52056,74.05229,62.53512,64.11361
1994-06-03,1033.0481,2083.64879,1725.227,74.2612,62.71884,64.30082
1994-06-06,1030.69961,2079.14794,1721.47114,74.44451,62.88098,64.46592
1994-06-07,1035.04014,2088.13604,1728.88365,74.70637,63.10948,64.69903
1994-06-08,1048.4335,2115.38529,1751.41509,75.5426,63.8229,65.42932
1994-06-09,1048.51569,2115.78959,1751.72007,75.61371,63.89049,65.49744
1994-06-10,1049.43005,2117.87277,1753.41501,75.62093,63.90414,65.51027
1994-06-13,1054.91966,2129.18755,1762.75274,75.4377,63.75692,65.35819
1994-06-14,1054.05957,2127.69205,1761.48471,74.95298,63.35492,64.94494
1994-06-15,1052.50747,2124.79965,1759.06026,74.74088,63.1832,64.76775
1994-06-16,1045.06726,2110.02233,1746.7969,73.87988,62.46297,64.02833
1994-06-17,1045.37719,2110.88584,1747.48208,74.14636,62.69552,64.26557
1994-06-20,1041.98026,2104.26616,1741.97245,72.41836,61.24186,62.77443
1994-06-21,1034.37481,2089.14775,1729.42764,72.11763,60.99487,62.52015
1994-06-22,1037.5389,2095.77234,1734.88212,72.16969,61.04609,62.57154
1994-06-23,1048.49567,2118.13534,1753.36447,73.0534,61.80032,63.34355
1994-06-24,1041.35438,2103.95083,1741.59316,72.10509,61.00555,62.52782
1994-06-27,1041.05054,2103.5743,1741.25191,71.5742,60.56373,62.07387
1994-06-28,1048.29171,2118.43963,1753.52705,72.39954,61.26881,62.79546
1994-06-29,1058.02304,2138.33927,1769.96881,72.69923,61.52953,63.06157
1994-06-30,1055.28092,2133.03964,1765.55217,73.23317,61.98842,63.53079
1994-07-01,1048.11082,2118.79048,1753.72814,72.94147,61.74894,63.28422
1994-07-04,1054.72529,2132.39751,1764.96075,73.21892,61.99098,63.53117
1994-07-05,1060.6301,2144.57313,1775.00823,73.21538,61.99531,63.53448
1994-07-06,1059.80768,2143.1524,1773.8022,72.79195,61.64422,63.17353
1994-07-07,1053.54844,2130.73943,1763.49855,72.45133,61.36315,62.88438
1994-07-08,1053.36589,2130.61054,1763.36193,72.2901,61.23391,62.75081
1994-07-11,1069.93534,2164.35717,1791.26132,72.35217,61.2937,62.81097
1994-07-12,1072.97148,2170.74148,1796.51458,71.63619,60.69455,62.19588
1994-07-13,1070.48759,2165.96222,1792.5288,71.5389,60.61933,62.1177
1994-07-14,1076.0113,2177.38006,1801.9475,72.46411,61.40997,62.92682
1994-07-15,1080.67537,2187.06134,1809.92876,73.25621,62.08806,63.62057
1994-07-18,1081.97722,2189.94198,1812.28189,72.83655,61.73984,63.26263
1994-07-19,1078.80167,2183.763,1807.1378,73.02261,61.90477,63.43051
1994-07-20,1079.80409,2186.03786,1808.98961,74.06193,62.79259,64.33913
1994-07-21,1072.75397,2172.01478,1797.35473,72.92027,61.83221,63.35399
1994-07-22,1066.3258,2159.24744,1786.75936,74.02423,62.775,64.3189
1994-07-25,1063.97005,2154.72175,1782.98411,73.61616,62.43648,63.97092
1994-07-26,1068.40154,2163.93705,1790.57916,73.91054,62.69339,64.23301
1994-07-27,1065.78025,2158.87311,1786.3586,73.31662,62.19717,63.72347
1994-07-28,1062.79606,2153.07307,1781.5291,72.73426,61.71062,63.22386
1994-07-29,1064.16677,2156.09202,1783.99679,73.83143,62.64818,64.18334
1994-08-01,1075.46032,2179.21125,1803.09553,73.6673,62.51637,64.04716
1994-08-02,1081.89371,2192.48982,1814.05152,74.44347,63.18202,64.72801
1994-08-03,1082.96192,2194.90125,1816.01587,74.76313,63.46064,65.0123
1994-08-04,1082.80895,2194.83877,1815.93334,74.28022,63.05838,64.59905
1994-08-05,1080.10524,2189.60711,1811.57409,74.6831,63.40764,64.95571
1994-08-08,1078.7051,2187.01625,1809.39981,74.42009,63.19192,64.73357
1994-08-09,1074.89717,2179.54425,1803.18733,74.24316,63.04922,64.58623
1994-08-10,1077.85348,2185.78298,1808.31806,73.9767,62.83048,64.36101
1994-08-11,1072.63434,2175.44794,1799.73724,74.08074,62.92622,64.45795
1994-08-12,1075.90306,2182.32104,1805.39266,73.12244,62.11981,63.63078
1994-08-15,1074.4098,2179.53891,1803.06044,73.08036,62.09142,63.60057
1994-08-16,1076.06788,2183.14742,1806.01497,73.42015,62.38728,63.90251
1994-08-17,1082.62979,2196.70327,1817.19823,73.98864,62.87743,64.40344
1994-08-18,1091.23698,2214.41108,1831.81572,73.94217,62.84539,64.36948
1994-08-19,1088.78225,2209.6806,1827.87151,73.42472,62.41316,63.92562
1994-08-22,1089.22766,2210.83348,1828.79412,73.23618,62.26034,63.76796
1994-08-23,1083.59447,2199.65153,1819.51357,72.74042,61.84637,63.34284
1994-08-24,1089.61126,2212.1104,1829.78826,73.57559,62.56331,64.07604
1994-08-25,1084.40128,2201.78503,1821.21652,73.43137,62.44812,63.95693
1994-08-26,1081.39088,2195.92233,1816.33632,72.99692,62.08617,63.58509
1994-08-29,1082.54339,2198.50969,1818.44555,74.55568,63.41836,64.94841
1994-08-30,1085.76555,2205.29981,1824.03086,74.96287,63.77202,65.30946
1994-08-31,1088.08622,2210.26082,1828.10313,74.9992,63.81045,65.34766
1994-09-01,1087.79284,2209.91422,1827.78542,74.97898,63.8008,65.33661
1994-09-02,1094.35002,2223.48145,1838.97543,75.14593,63.95032,65.48858
1994-09-05,1087.29249,2209.39602,1827.29478,73.74662,62.76717,64.27585
1994-09-06,1086.83035,2208.70628,1826.6933,73.45901,62.52988,64.03172
1994-09-07,1076.67508,2188.32188,1809.80385,72.96137,62.11382,63.60452
1994-09-08,1071.47788,2178.00783,1801.24326,72.6504,61.85652,63.33992
1994-09-09,1072.57751,2180.48808,1803.26384,73.19992,62.33142,63.8251
1994-09-12,1071.20554,2177.94544,1801.13049,72.09981,61.40217,62.87247
1994-09-13,1072.47516,2180.77174,1803.43717,72.20852,61.50195,62.97354
1994-09-14,1069.98061,2175.94637,1799.41617,71.93628,61.27744,62.74254
1994-09-15,1068.13552,2172.44034,1796.48633,72.04398,61.37638,62.84272
1994-09-16,1069.12631,2174.69993,1798.32434,72.13409,61.46036,62.92759
1994-09-19,1059.38385,2155.13248,1782.1132,71.37308,60.81938,62.2702
1994-09-20,1067.74313,2172.37685,1796.34235,72.32092,61.63372,63.10292
1994-09-21,1067.68607,2172.50571,1796.41839,72.0311,61.39411,62.85647
1994-09-22,1063.68177,2164.60467,1789.85474,71.76674,61.17614,62.63219
1994-09-23,1068.78677,2175.23494,1798.61409,72.08209,61.45202,62.91354
1994-09-26,1058.74326,2155.04382,1781.88864,71.6881,61.12352,62.57611
1994-09-27,1055.29556,2148.2707,1776.25816,71.24692,60.75471,62.19742
1994-09-28,1058.77853,2155.60153,1782.28925,71.22898,60.74659,62.188
1994-09-29,1056.78176,2151.78022,1779.09951,71.19203,60.72228,62.16201
1994-09-30,1052.51267,2143.33225,1772.08462,70.87588,60.4599,61.8923
1994-10-03,1043.67082,2125.57243,1757.37117,70.74776,60.3578,61.78669
1994-10-04,1043.74475,2125.96262,1757.66392,70.44433,60.10616,61.52799
1994-10-05,1042.30462,2123.26964,1755.40766,70.06432,59.78914,61.20238
1994-10-06,1040.46393,2119.76027,1752.47654,69.99124,59.73387,61.14471
1994-10-07,1039.38713,2117.80599,1750.83113,69.73364,59.52117,60.9259
1994-10-10,1042.33639,2124.05259,1755.9655,70.32089,60.02914,61.4448
1994-10-11,1051.55197,2143.06684,1771.6546,70.79978,60.4448,61.86918
1994-10-12,1062.42843,2165.46936,1790.14418,71.43428,60.9933,62.42954
1994-10-13,1069.11875,2179.34661,1801.5856,71.8899,61.3893,62.83377
1994-10-14,1075.34391,2192.27893,1812.2455,71.38416,60.96482,62.39819
1994-10-17,1081.22158,2204.50588,1822.32196,71.0411,60.67915,62.1047
1994-10-18,1078.27697,2198.75206,1817.53479,70.68101,60.37886,61.79625
1994-10-19,1075.99072,2194.33906,1813.85611,70.53667,60.26275,61.67632
1994-10-20,1078.75093,2200.2142,1818.68165,70.71762,60.42438,61.84065
1994-10-21,1074.11437,2191.00774,1811.04091,69.94755,59.77369,61.17362
1994-10-24,1072.07052,2187.08665,1807.76912,70.20813,60.00331,61.40753
1994-10-25,1067.40277,2177.81294,1800.07323,69.45098,59.36346,60.75163
1994-10-26,1066.6831,2176.59048,1799.03226,69.58826,59.48775,60.87775
1994-10-27,1071.13257,2185.91295,1806.70695,69.85129,59.71951,61.11385
1994-10-28,1071.68513,2187.28676,1807.81172,69.85463,59.72943,61.12291
1994-10-31,1086.21875,2217.18899,1832.49508,71.60012,61.22793,62.6554
1994-11-01,1084.62076,2214.17792,1829.97536,70.85245,60.59596,62.00759
1994-11-02,1081.32905,2207.70933,1824.59822,70.59881,60.38629,61.79193
1994-11-03,1069.80173,2184.42853,1805.32681,70.70749,60.48633,61.89321
1994-11-04,1067.79188,2180.57184,1802.10884,70.94479,60.69637,62.10704
1994-11-07,1063.019,2171.07309,1794.22824,70.24254,60.10288,61.49866
1994-11-08,1065.52527,2176.43537,1798.62921,70.40258,60.24686,61.64489
1994-11-09,1057.34966,2159.98506,1785.00421,70.58757,60.41219,61.81298
1994-11-10,1050.75233,2146.75444,1774.04037,70.00181,59.91816,61.30639
1994-11-11,1052.45878,2150.48203,1777.09061,70.27228,60.15662,61.5493
1994-11-14,1045.49048,2136.48944,1765.49761,70.4257,60.29499,61.68978
1994-11-15,1055.06031,2156.2818,1781.82286,71.01884,60.80962,62.21524
1994-11-16,1051.26433,2148.76867,1775.58431,71.40146,61.14423,62.55649
1994-11-17,1050.88478,2148.23532,1775.11345,71.09842,60.89205,62.29738
1994-11-18,1045.68385,2137.84814,1766.5004,71.03975,60.84902,62.25225
1994-11-21,1041.45994,2129.45559,1759.53578,70.96039,60.78827,62.18899
1994-11-22,1032.6501,2111.68637,1744.82375,69.97233,59.94918,61.32948
1994-11-23,1021.84995,2089.84391,1726.7467,69.15083,59.2526,60.61579
1994-11-24,1018.40696,2083.03969,1721.09545,69.3388,59.42058,60.78656
1994-11-25,1017.31144,2081.03431,1719.40932,69.29243,59.38788,60.75203
1994-11-28,1021.64901,2090.13983,1726.90324,69.87253,59.89177,61.26643
1994-11-29,1025.39818,2098.04387,1733.40423,69.95724,59.97142,61.34683
1994-11-30,1032.70303,2113.22309,1745.91566,70.77909,60.68259,62.07325
1994-12-01,1026.10087,2099.95441,1734.92381,70.20572,60.19832,61.57679
1994-12-02,1016.1427,2079.81591,1718.25682,69.82154,59.87614,61.24614
1994-12-05,1024.26428,2096.66944,1732.15108,70.45488,60.426,61.80752
1994-12-06,1023.20386,2094.73564,1730.5241,70.07633,60.10859,61.48176
1994-12-07,1019.57263,2087.53958,1724.54994,69.80476,59.88285,61.24976
1994-12-08,1013.05813,2074.43976,1713.69888,69.71847,59.81594,61.18023
1994-12-09,1002.52055,2053.1006,1696.04181,69.12987,59.31815,60.67001
1994-12-12,999.74799,2047.65536,1691.51483,68.85916,59.09296,60.43861
1994-12-13,996.57334,2041.3855,1686.30683,68.60658,58.88328,60.22308
1994-12-14,1002.74342,2054.25143,1696.90605,68.97455,59.20586,60.55195
1994-12-15,1009.07024,2067.44124,1707.77244,69.36979,59.55192,60.90481
1994-12-16,1012.46303,2074.624,1713.67653,69.55155,59.71492,61.07043
1994-12-19,1015.50482,2081.08929,1718.98779,70.00789,60.11353,61.47703
1994-12-20,1020.02318,2090.58126,1726.79886,70.14006,60.23408,61.59922
1994-12-21,1022.89424,2096.69991,1731.8234,70.33749,60.41064,61.7787
1994-12-22,1028.03334,2107.46775,1740.68782,71.05911,61.03717,62.41835
1994-12-23,1029.42044,2110.54823,1743.20257,71.03165,61.02081,62.4005
1994-12-26,1031.96367,2115.99913,1747.67505,NA,NA,NA
1994-12-27,1030.9176,2114.09328,1746.07129,71.17608,61.15926,62.53987
1994-12-28,1029.73753,2111.91225,1744.24032,71.04767,61.05619,62.43336
1994-12-29,1035.37415,2123.70784,1753.95258,70.66091,60.73116,62.09989
1994-12-30,1037.86135,2129.04769,1758.33286,70.51405,60.61217,61.97711
1995-01-02,1037.70724,2128.97166,1758.24021,70.89538,60.94692,62.31832
1995-01-03,1032.37477,2118.27403,1749.37573,70.43896,60.56189,61.92351
1995-01-04,1025.9234,2105.27866,1738.614,70.07314,60.25463,61.60824
1995-01-05,1023.90508,2101.37524,1735.36095,69.76997,60.00116,61.34799
1995-01-06,1017.3649,2088.19269,1724.44524,69.21712,59.53294,60.86818
1995-01-09,1014.15789,2081.8471,1719.17582,69.35452,59.6581,60.99506
1995-01-10,1018.18355,2090.34366,1726.16291,68.85256,59.2335,60.55987
1995-01-11,1022.13475,2098.68924,1733.02509,69.11416,59.46543,60.79592
1995-01-12,1021.60372,2097.83578,1732.29092,69.07267,59.43677,60.76554
1995-01-13,1019.66013,2094.08213,1729.16197,68.85772,59.25892,60.58263
1995-01-16,1029.32005,2114.15206,1745.70483,69.45396,59.77872,61.11299
1995-01-17,1019.80192,2094.84518,1729.73335,68.58476,59.03782,60.35449
1995-01-18,1017.40667,2090.16227,1725.83732,68.35769,58.84941,60.1608
1995-01-19,1008.17192,2071.43027,1710.34139,67.99953,58.54814,59.85175
1995-01-20,1003.12435,2061.29526,1701.9442,66.87676,57.58848,58.86969
1995-01-23,970.01562,1993.50671,1645.94584,64.60763,55.6411,56.87807
1995-01-24,977.35817,2008.8177,1658.55926,64.91053,55.90838,57.15029
1995-01-25,981.20498,2016.94884,1665.24438,65.04201,56.02818,57.27174
1995-01-26,983.56202,2022.02018,1669.40305,65.6249,56.5366,57.79045
1995-01-27,985.59089,2026.41813,1673.00563,65.82331,56.71411,57.97088
1995-01-30,1003.46294,2063.38345,1703.49519,66.88334,57.63354,58.90971
1995-01-31,996.67001,2049.65121,1692.12936,66.3301,57.16376,58.42849
1995-02-01,997.53351,2051.65765,1693.75706,66.97938,57.72972,59.00596
1995-02-02,996.2168,2049.18148,1691.68412,66.58616,57.39774,58.66559
1995-02-03,995.93357,2048.83006,1691.36528,66.65782,57.46626,58.73458
1995-02-06,1004.75007,2067.19393,1706.49618,67.76327,58.42543,59.71394
1995-02-07,1000.93251,2059.57448,1700.17736,67.51125,58.21513,59.49794
1995-02-08,994.59105,2046.76111,1689.57126,67.1106,57.87665,59.15094
1995-02-09,995.39488,2048.64569,1691.09823,67.07821,57.85558,59.12835
1995-02-10,1003.22719,2064.99262,1704.56321,67.57334,58.2892,59.57049
1995-02-13,1003.21916,2065.20892,1704.71281,67.11858,57.90394,59.1757
1995-02-14,997.59422,2053.86499,1695.32026,66.88677,57.71088,58.97734
1995-02-15,998.32327,2055.59719,1696.72125,66.456,57.34615,58.60356
1995-02-16,999.21344,2057.66141,1698.39625,66.00029,56.95981,58.20772
1995-02-17,1002.18448,2064.01015,1703.60758,65.89461,56.87538,58.1204
1995-02-20,1003.18933,2066.31186,1705.47842,65.55346,56.58775,57.82544
1995-02-21,1002.05676,2064.21257,1703.71678,65.65389,56.68109,57.9198
1995-02-22,1003.59642,2067.6162,1706.49702,65.84248,56.85051,58.0919
1995-02-23,1002.82348,2066.25727,1705.34647,65.61672,56.66238,57.89863
1995-02-24,994.6664,2049.68685,1691.64169,65.01177,56.14682,57.3708
1995-02-27,980.15217,2020.01522,1667.12496,63.85846,55.15753,56.35896
1995-02-28,992.44968,2045.58101,1688.19583,64.84661,56.01699,57.23619
1995-03-01,988.34593,2037.35519,1681.37861,64.57847,55.79207,57.00535
1995-03-02,999.28423,2060.12739,1700.14308,65.12524,56.27075,57.49345
1995-03-03,1016.04624,2094.90793,1728.81676,65.7259,56.79606,58.02919
1995-03-06,1022.9262,2109.32596,1740.68564,64.33474,55.6007,56.80689
1995-03-07,1021.6907,2107.0167,1738.75044,64.18464,55.47761,56.68012
1995-03-08,1018.60946,2100.90133,1733.67448,63.55194,54.93743,56.12723
1995-03-09,1017.75005,2099.36607,1732.37816,64.10077,55.41807,56.61731
1995-03-10,1000.52967,2064.08894,1703.23898,63.90651,55.25674,56.45148
1995-03-13,1007.40361,2078.49914,1715.10083,64.05693,55.39326,56.58995
1995-03-14,999.95339,2063.36547,1702.58419,63.68003,55.07399,56.26278
1995-03-15,1019.00263,2102.89602,1735.17333,64.9327,56.16314,57.37451
1995-03-16,1017.92645,2100.91273,1733.50741,63.81874,55.20639,56.39614
1995-03-17,1013.93193,2092.90717,1726.87253,63.96627,55.34047,56.53211
1995-03-20,1010.91301,2086.91308,1721.89753,64.24588,55.58878,56.78477
1995-03-21,1010.85125,2087.0209,1721.95724,64.03758,55.41519,56.60643
1995-03-22,1006.35824,2077.98199,1714.47032,64.16608,55.53288,56.72565
1995-03-23,1002.96464,2071.21061,1708.85448,63.56686,55.02097,56.20175
1995-03-24,997.56083,2060.28734,1699.81337,63.39732,54.8808,56.05756
1995-03-27,1008.74823,2083.61965,1719.03421,64.26947,55.64177,56.83391
1995-03-28,1029.98534,2127.71031,1755.38021,65.06246,56.33444,57.54044
1995-03-29,1037.81032,2144.11088,1768.8808,64.77405,56.09147,57.29125
1995-03-30,1030.10865,2128.4446,1755.9264,65.31691,56.5679,57.77688
1995-03-31,1052.88533,2175.7352,1794.90978,65.69534,56.90213,58.11723
1995-04-03,1028.81189,2126.24417,1754.05174,63.94048,55.38886,56.5707
1995-04-04,1039.1122,2147.76638,1771.77648,64.86983,56.19993,57.39812
1995-04-05,1044.54185,2159.2285,1781.20178,64.75451,56.10671,57.30189
1995-04-06,1051.98803,2174.86063,1794.06666,65.36145,56.63889,57.84441
1995-04-07,1057.111,2185.6944,1802.97295,65.64561,56.89169,58.10157
1995-04-10,1064.90345,2202.04869,1816.43271,67.06558,58.12818,59.36341
1995-04-11,1065.74685,2204.04056,1818.0449,67.44881,58.46702,59.70841
1995-04-12,1064.51291,2201.73778,1816.11456,67.06623,58.14241,59.37584
1995-04-13,1075.74007,2225.20158,1835.43764,67.61568,58.62532,59.86797
1995-04-14,1068.44273,2210.36112,1823.16568,NA,NA,NA
1995-04-17,1087.6017,2250.23623,1856.02424,NA,NA,NA
1995-04-18,1085.51198,2246.16734,1852.6367,66.91255,58.03657,59.26357
1995-04-19,1090.77773,2257.31399,1861.79883,67.31651,58.39359,59.6271
1995-04-20,1083.77565,2243.08128,1850.02852,67.27649,58.36579,59.59765
1995-04-21,1093.17872,2262.79093,1866.25278,68.36245,59.31419,60.56507
1995-04-24,1087.84496,2252.00813,1857.32806,67.23472,58.34286,59.57221
1995-04-25,1105.52095,2288.84524,1887.67717,68.26666,59.24463,60.49198
1995-04-26,1086.00657,2248.70974,1854.5449,67.7923,58.84009,60.07785
1995-04-27,1093.24677,2263.95137,1867.0832,68.01078,59.03658,60.2774
1995-04-28,1091.01107,2259.5779,1863.44475,68.08437,59.1074,60.34864
1995-05-01,1092.07624,2262.03817,1865.44203,NA,NA,NA
1995-05-02,1107.20161,2293.6151,1891.45056,68.93531,59.85976,61.11467
1995-05-03,1110.74171,2301.20539,1897.67774,69.03753,59.95555,61.21139
1995-05-04,1112.64727,2305.41179,1901.11424,69.06872,59.98971,61.24518
1995-05-05,1104.798,2289.41165,1887.88799,68.5357,59.53398,60.77883
1995-05-08,1116.28124,2313.4601,1907.68637,68.9006,59.85781,61.10836
1995-05-09,1113.67078,2308.31208,1903.40898,68.90726,59.87066,61.1204
1995-05-10,1105.78043,2292.22166,1890.10891,68.74449,59.73637,60.98222
1995-05-11,1086.86551,2253.27884,1857.96622,68.76455,59.76086,61.00613
1995-05-12,1077.61726,2234.36379,1842.33836,69.44022,60.35475,61.61134
1995-05-15,1076.5592,2232.42242,1840.70634,69.38273,60.31194,61.56654
1995-05-16,1075.55364,2230.58941,1839.16373,69.68851,60.58472,61.84391
1995-05-17,1077.18382,2234.22092,1842.1267,69.25752,60.21732,61.46778
1995-05-18,1061.84496,2202.66488,1816.07783,68.83228,59.85483,61.09667
1995-05-19,1059.57505,2198.20566,1812.37047,68.37771,59.46675,60.69945
1995-05-22,1048.70181,2175.90074,1793.95015,68.07529,59.21086,60.43719
1995-05-23,1058.44447,2196.35574,1810.78381,68.36278,59.46778,60.69836
1995-05-24,1064.89343,2209.98224,1821.98723,69.07809,60.09664,61.33919
1995-05-25,1082.24212,2246.22659,1851.83692,NA,NA,NA
1995-05-26,1095.35176,2273.6827,1874.44049,68.11641,59.27437,60.49775
1995-05-29,1088.53635,2259.79516,1862.95989,67.8793,59.07512,60.29332
1995-05-30,1093.33216,2270.0036,1871.34388,68.19869,59.35991,60.58292
1995-05-31,1076.53462,2235.39154,1842.77923,66.98109,58.30725,59.50753
1995-06-01,1079.18197,2241.13941,1847.4862,69.06211,60.12439,61.36117
1995-06-02,1094.45415,2273.10016,1873.80128,69.10354,60.16755,61.40412
1995-06-05,1095.70828,2275.96057,1876.12736,NA,NA,NA
1995-06-06,1083.44248,2250.74476,1855.30993,68.54798,59.69818,60.92294
1995-06-07,1088.82273,2262.17275,1864.69848,68.79991,59.92452,61.15284
1995-06-08,1073.47115,2230.53976,1838.59242,68.00972,59.2435,60.45679
1995-06-09,1070.00483,2223.59033,1832.83301,67.20469,58.54939,59.7474
1995-06-12,1061.23668,2205.62392,1817.99304,66.8699,58.26474,59.45587
1995-06-13,1056.46757,2195.96299,1809.99926,66.28973,57.76626,58.94614
1995-06-14,1061.33592,2206.32744,1818.51117,66.79061,58.2093,59.39721
1995-06-15,1061.68528,2207.30226,1819.28375,66.97385,58.37579,59.56604
1995-06-16,1063.45084,2211.22095,1822.48262,66.9237,58.339,59.52744
1995-06-19,1064.74056,2214.15133,1824.86684,66.69875,58.14987,59.33341
1995-06-20,1065.12951,2215.20959,1825.70804,66.5288,58.00864,59.18824
1995-06-21,1073.801,2233.48956,1840.74258,67.06542,58.4831,59.67133
1995-06-22,1077.51144,2241.45718,1847.27777,66.90253,58.34803,59.53244
1995-06-23,1082.65766,2252.41258,1856.27505,67.67416,59.02745,60.22464
1995-06-26,1073.09084,2232.76769,1840.05395,66.75689,58.23451,59.41456
1995-06-27,1070.46011,2227.54697,1835.72031,66.58828,58.09437,59.27052
1995-06-28,1057.66916,2201.18694,1813.96628,65.99383,57.58275,58.74751
1995-06-29,1052.76706,2191.23538,1805.73469,65.85006,57.46417,58.62548
1995-06-30,1056.16613,2198.55557,1811.73628,65.72355,57.36061,58.51879
1995-07-03,1060.6202,2208.07298,1819.54828,65.84398,57.47243,58.63183
1995-07-04,1068.21468,2224.12883,1832.74788,66.25153,57.83475,59.00043
1995-07-05,1072.50373,2233.30768,1840.28027,66.65097,58.19007,59.36187
1995-07-06,1080.50039,2250.20713,1854.17421,66.99859,58.50027,59.67728
1995-07-07,1102.73033,2296.74487,1892.48925,68.44296,59.76747,60.969
1995-07-10,1104.33177,2300.33846,1895.41813,68.93108,60.20052,61.40969
1995-07-11,1110.74431,2313.95202,1906.60297,69.62229,60.81092,62.03129
1995-07-12,1110.57103,2313.852,1906.48819,69.67931,60.86788,62.0883
1995-07-13,1113.28588,2319.76785,1911.33007,69.85488,61.02837,62.2509
1995-07-14,1109.48434,2312.10992,1904.98811,68.93377,60.23101,61.43648
1995-07-17,1110.38544,2314.24799,1906.71732,69.2986,60.55671,61.76762
1995-07-18,1106.19924,2305.78611,1899.71329,68.88315,60.20096,61.40366
1995-07-19,1100.54034,2294.25326,1890.17941,68.34253,59.73573,60.92805
1995-07-20,1103.89055,2301.49429,1896.11292,68.22642,59.64135,60.8307
1995-07-21,1101.04579,2295.82413,1891.40938,68.31306,59.7241,60.91402
1995-07-24,1112.26014,2319.46071,1910.84987,68.86073,60.20967,61.4082
1995-07-25,1102.4222,2299.21117,1894.13549,68.30221,59.72857,60.91645
1995-07-26,1111.42751,2318.24732,1909.78543,69.13152,60.46038,61.66176
1995-07-27,1114.61815,2325.16222,1915.44944,68.98629,60.34056,61.53847
1995-07-28,1118.6154,2333.76088,1922.5003,69.19785,60.53264,61.73327
1995-07-31,1120.42148,2337.79112,1925.78761,68.98817,60.35644,61.55249
1995-08-01,1110.23293,2316.80074,1908.46413,68.66915,60.08458,61.27414
1995-08-02,1107.91122,2312.2182,1904.65692,68.60164,60.03263,61.22007
1995-08-03,1115.285,2327.86429,1917.51261,69.21705,60.57793,61.7751
1995-08-04,1109.48903,2316.03195,1907.73367,68.99043,60.38683,61.57912
1995-08-07,1104.12722,2305.10301,1898.69918,68.80535,60.23204,61.42018
1995-08-08,1103.83953,2304.76241,1898.38639,69.19986,60.58431,61.77832
1995-08-09,1101.93613,2301.04899,1895.29554,69.05983,60.46892,61.65957
1995-08-10,1089.87789,2276.13411,1874.74222,68.35534,59.85937,61.03692
1995-08-11,1082.99386,2262.01719,1863.08317,68.86866,60.31568,61.50115
1995-08-14,1081.94728,2260.08676,1861.46158,68.88066,60.33332,61.51804
1995-08-15,1070.08192,2235.5614,1841.2307,68.71638,60.19661,61.37755
1995-08-16,1085.45949,2267.93173,1867.85952,70.81319,62.03927,63.25541
1995-08-17,1078.44943,2253.54412,1855.97844,70.84783,62.07692,63.29268
1995-08-18,1086.50144,2270.61971,1870.00985,70.92544,62.15223,63.36834
1995-08-21,1084.62704,2266.95943,1866.96365,70.77545,62.0282,63.24075
1995-08-22,1080.47942,2258.54816,1860.00493,70.96446,62.20109,63.4159
1995-08-23,1081.48224,2260.8985,1861.90892,70.91335,62.16366,63.37662
1995-08-24,1079.68786,2257.40304,1858.99874,71.26514,62.47921,63.69721
1995-08-25,1078.71214,2255.61801,1857.4972,70.4885,61.80586,63.00962
1995-08-28,1080.8593,2260.36102,1861.37145,70.05399,61.43231,62.62768
1995-08-29,1077.41742,2253.41965,1855.62384,70.17904,61.54917,62.7457
1995-08-30,1069.02519,2236.12532,1841.35123,69.98129,61.38309,62.57527
1995-08-31,1076.24522,2251.47621,1853.96054,69.91752,61.33443,62.52455
1995-09-01,1080.03466,2259.65556,1860.66417,70.34404,61.71562,62.91204
1995-09-04,1075.83074,2251.11689,1853.60171,69.73348,61.18739,62.37247
1995-09-05,1077.36564,2254.58164,1856.4231,70.07196,61.49145,62.68131
1995-09-06,1071.40022,2242.35496,1846.32432,70.16423,61.57965,62.77011
1995-09-07,1073.42931,2246.85348,1849.99692,70.26409,61.67453,62.86571
1995-09-08,1077.9403,2256.54673,1857.94652,70.83664,62.18406,63.38399
1995-09-11,1086.31595,2274.33038,1872.55705,70.73662,62.10364,63.30089
1995-09-12,1082.52234,2266.64628,1866.1987,70.6988,62.0778,63.27342
1995-09-13,1080.93194,2263.57254,1863.63635,70.93846,62.29545,63.49415
1995-09-14,1084.17401,2270.61531,1869.40303,71.2743,62.59756,63.80096
1995-09-15,1081.64892,2265.58419,1865.22922,71.25957,62.59203,63.79419
1995-09-18,1070.40039,2242.28404,1846.01518,70.37434,61.82203,63.00828
1995-09-19,1071.38567,2244.60034,1847.89075,70.489,61.93002,63.11722
1995-09-20,1077.19525,2257.02181,1858.08531,70.58797,62.02424,63.21213
1995-09-21,1091.13412,2286.47497,1882.30057,70.18144,61.67448,62.85455
1995-09-22,1085.34267,2274.59954,1872.49254,68.93416,60.58581,61.74397
1995-09-25,1075.73012,2254.71506,1856.09179,68.35997,60.08846,61.23602
1995-09-26,1075.39309,2254.26302,1855.68815,68.77754,60.46239,61.61602
1995-09-27,1085.45822,2275.61081,1873.22965,69.00438,60.66884,61.82532
1995-09-28,1083.15452,2271.03891,1869.43442,68.55051,60.27709,61.42501
1995-09-29,1095.80012,2297.80243,1891.43304,69.45594,61.07985,62.24201
1995-10-02,1081.10967,2267.26352,1866.26337,68.85355,60.55747,61.70859
1995-10-03,1082.96665,2271.41261,1869.64688,69.0981,60.7796,61.93385
1995-10-04,1088.21317,2282.67009,1878.88125,69.47525,61.11833,62.27793
1995-10-05,1092.1263,2291.13377,1885.81574,69.64533,61.2751,62.43657
1995-10-06,1091.04956,2289.13377,1884.13755,69.11293,60.81406,61.96569
1995-10-09,1087.48736,2281.91974,1878.16795,68.77268,60.52197,61.66696
1995-10-10,1077.71659,2261.67918,1861.47708,68.31491,60.1264,61.26282
1995-10-11,1068.20851,2241.98512,1845.23657,67.92328,59.78894,60.91789
1995-10-12,1076.24791,2259.10713,1859.29705,68.22698,60.06319,61.19624
1995-10-13,1078.62334,2264.3468,1863.57777,68.55424,60.35822,61.49576
1995-10-16,1082.46472,2272.66435,1870.39142,68.57431,60.38301,61.51993
1995-10-17,1080.45229,2268.6964,1867.09412,68.57668,60.39223,61.52823
1995-10-18,1076.68909,2261.05218,1860.77147,68.43131,60.2714,61.40404
1995-10-19,1079.47267,2267.15124,1865.75911,68.3537,60.2102,61.34059
1995-10-20,1085.84639,2280.78996,1876.95127,68.40513,60.2626,61.39288
1995-10-23,1082.42629,2273.86495,1871.22063,67.54864,59.51534,60.63053
1995-10-24,1078.12456,2265.08672,1863.96517,67.27015,59.2771,60.38675
1995-10-25,1073.953,2256.57988,1856.93327,67.30609,59.31576,60.42506
1995-10-26,1061.96051,2231.64132,1836.38027,66.53955,58.64738,59.74312
1995-10-27,1050.37654,2207.55533,1816.52952,65.46555,57.70783,58.78499
1995-10-30,1059.02033,2225.96631,1831.64825,66.62484,58.73587,59.83124
1995-10-31,1064.88287,2238.53683,1841.9607,67.06933,59.13444,60.23619
1995-11-01,1057.61063,2223.5054,1829.56117,66.63138,58.75541,59.84904
1995-11-02,1065.29567,2239.90909,1843.02728,67.34891,59.39467,60.49917
1995-11-03,1066.31838,2242.31149,1844.97267,67.50031,59.53514,60.64117
1995-11-06,1067.37688,2244.78964,1846.98033,67.17077,59.25163,60.35132
1995-11-07,1068.09649,2246.55576,1848.40208,67.36812,59.43262,60.5346
1995-11-08,1069.14866,2249.02158,1850.39946,67.35829,59.43098,60.53185
1995-11-09,1071.74641,2254.73839,1855.0715,67.7926,59.82097,60.92801
1995-11-10,1072.02621,2255.58109,1855.73331,67.45321,59.52866,60.62921
1995-11-13,1062.72776,2236.27551,1839.81883,66.82792,58.98402,60.07342
1995-11-14,1065.85477,2243.10616,1845.40717,67.38935,59.48621,60.58385
1995-11-15,1069.50344,2251.03589,1851.89953,67.01217,59.16041,60.25097
1995-11-16,1071.96155,2256.46216,1856.33213,67.25183,59.37887,60.47238
1995-11-17,1075.83789,2264.87424,1863.22089,67.37879,59.49792,60.59255
1995-11-20,1086.87418,2288.35777,1882.50788,68.64049,60.61832,61.73257
1995-11-21,1087.76634,2290.49371,1884.23301,68.4333,60.44259,61.55251
1995-11-22,1089.54636,2294.49921,1887.49601,68.50406,60.5122,61.62231
1995-11-23,1088.76584,2293.11459,1886.32496,68.53742,60.54881,61.65849
1995-11-24,1086.7053,2289.03431,1882.93653,68.516,60.53705,61.64542
1995-11-27,1090.08002,2296.39919,1888.96273,69.18251,61.13272,62.25093
1995-11-28,1095.25565,2307.55864,1898.11,69.83424,61.71548,62.84327
1995-11-29,1089.697,2296.11014,1888.66083,69.63378,61.54569,62.66926
1995-11-30,1093.06158,2303.45686,1894.67169,69.95033,61.83259,62.96029
1995-12-01,1100.72119,2319.85411,1908.12658,70.97823,62.7479,63.89124
1995-12-04,1104.14377,2327.32727,1914.2409,70.68658,62.49759,63.63523
1995-12-05,1105.58915,2330.63553,1916.92941,70.66551,62.48636,63.62266
1995-12-06,1108.31199,2336.63679,1921.83277,70.9806,62.7722,63.91258
1995-12-07,1116.14814,2353.41708,1935.60133,71.50436,63.24252,64.39033
1995-12-08,1109.22933,2339.09731,1923.79118,71.42222,63.17739,64.32287
1995-12-11,1111.26897,2343.66112,1927.51195,71.36673,63.13578,64.27937
1995-12-12,1110.37827,2342.04732,1926.15199,71.4357,63.20423,64.34792
1995-12-13,1109.4371,2340.32668,1924.70421,71.6231,63.37742,64.5231
1995-12-14,1119.23586,2361.25576,1941.8835,72.04989,63.76234,64.91385
1995-12-15,1112.59655,2347.51819,1930.55302,71.40811,63.20208,64.34232
1995-12-18,1110.70241,2343.78727,1927.45206,71.03034,62.8753,64.00851
1995-12-19,1101.26869,2324.14908,1911.26985,70.30876,62.24416,63.36487
1995-12-20,1113.12327,2349.42331,1932.02138,71.31604,63.14267,64.27847
1995-12-21,1122.37357,2369.20769,1948.25776,71.81516,63.59178,64.73454
1995-12-22,1127.41078,2380.10524,1957.18585,72.22588,63.96277,65.11106
1995-12-25,1127.41078,2380.37358,1957.37327,NA,NA,NA
1995-12-26,1132.09915,2390.53845,1965.69843,NA,NA,NA
1995-12-27,1137.08203,2401.32727,1974.53636,72.44589,64.18024,65.32896
1995-12-28,1133.64066,2394.3321,1968.75102,72.1003,63.88178,65.024
1995-12-29,1135.63379,2398.81069,1972.40006,72.21608,63.99186,65.1349
1996-01-01,1135.63379,2399.08114,1972.58894,NA,NA,NA
1996-01-02,1136.21933,2400.58831,1973.79466,72.06701,63.87494,65.01357
1996-01-03,1142.51135,2414.14944,1984.91109,72.81399,64.54413,65.69357
1996-01-04,1149.66905,2429.54234,1997.5332,73.69134,65.32896,66.49125
1996-01-05,1156.18309,2443.57876,2009.03962,73.87672,65.50094,66.66511
1996-01-08,1151.2263,2433.38056,2000.62099,73.45337,65.13346,66.28992
1996-01-09,1147.6235,2426.04133,1994.55312,73.44764,65.13607,66.2914
1996-01-10,1142.68143,2415.86989,1986.15703,72.88593,64.64578,65.79123
1996-01-11,1137.09318,2404.33024,1976.63638,72.42453,64.24432,65.3815
1996-01-12,1135.33443,2400.88339,1973.76916,72.69452,64.49127,65.63167
1996-01-15,1132.96738,2396.14966,1969.84411,72.5152,64.33987,65.47643
1996-01-16,1137.38215,2405.75451,1977.70655,73.30833,65.05075,66.19873
1996-01-17,1135.10226,2401.20452,1973.9326,73.42738,65.16401,66.31282
1996-01-18,1131.24957,2393.32714,1967.42352,73.50226,65.23813,66.38707
1996-01-19,1131.45017,2394.02126,1967.9607,73.83081,65.53729,66.69033
1996-01-22,1125.5483,2381.80634,1957.88641,73.69298,65.42274,66.57258
1996-01-23,1119.28794,2368.83017,1947.18672,73.0714,64.87881,66.01791
1996-01-24,1120.39069,2371.43052,1949.29112,73.6552,65.4045,66.55168
1996-01-25,1125.85811,2383.26751,1958.98774,73.62679,65.38702,66.53271
1996-01-26,1122.2856,2375.97552,1952.96073,73.91344,65.64917,66.79828
1996-01-29,1122.74559,2377.21701,1953.94801,74.16572,65.88088,67.03287
1996-01-30,1124.09317,2380.33761,1956.47975,74.015,65.75483,66.90342
1996-01-31,1138.86584,2411.88045,1982.37222,75.13561,66.7575,67.92247
1996-02-01,1141.07847,2416.83714,1986.41249,74.97397,66.62183,67.78323
1996-02-02,1144.34067,2424.01742,1992.28017,75.20013,66.83056,67.9944
1996-02-05,1145.461,2426.66331,1994.42094,74.71009,66.4031,67.55829
1996-02-06,1145.90127,2427.86938,1995.37829,74.44846,66.1785,67.32858
1996-02-07,1147.80203,2432.16937,1998.87835,74.8511,66.54403,67.69928
1996-02-08,1144.51068,2425.47091,1993.33937,74.69471,66.41292,67.56469
1996-02-09,1140.03692,2416.26568,1985.74047,74.17118,65.95543,67.09807
1996-02-12,1143.11245,2423.05501,1991.28627,74.51622,66.26987,67.41678
1996-02-13,1141.23569,2419.35096,1988.20849,74.45773,66.22571,67.37065
1996-02-14,1145.0486,2427.70494,1995.03986,74.47407,66.24806,67.39219
1996-02-15,1149.30309,2436.99675,2002.64168,74.68688,66.44509,67.59144
1996-02-16,1154.44054,2448.1624,2011.78308,74.87526,66.62045,67.76863
1996-02-19,1156.52658,2452.86111,2015.61003,74.11385,65.95102,67.08647
1996-02-20,1138.59823,2415.12184,1984.56463,73.30197,65.23653,66.35849
1996-02-21,1139.82314,2417.99171,1986.88914,73.50532,65.42511,66.54915
1996-02-22,1143.80235,2426.70368,1994.01399,73.58602,65.50464,66.62886
1996-02-23,1147.37194,2434.54876,2000.4263,73.98643,65.8686,66.9979
1996-02-26,1147.47382,2435.03936,2000.79544,73.53936,65.47851,66.59992
1996-02-27,1140.96498,2421.50473,1989.64068,73.30761,65.27998,66.39682
1996-02-28,1142.38134,2424.78301,1992.30047,73.57951,65.52969,66.64962
1996-02-29,1141.22786,2422.60863,1990.4801,74.20825,66.09704,67.22551
1996-03-01,1143.79658,2428.33337,1995.14982,74.70058,66.5431,67.67802
1996-03-04,1142.81782,2426.52968,1993.63403,74.36947,66.25612,67.38494
1996-03-05,1141.93251,2424.92393,1992.28091,74.55555,66.42965,67.56022
1996-03-06,1140.29534,2421.72158,1989.61612,74.36157,66.26473,67.3913
1996-03-07,1135.71176,2412.2624,1981.81108,74.31187,66.22829,67.35305
1996-03-08,1129.98738,2400.37852,1972.01433,73.77566,65.75839,66.87397
1996-03-11,1114.82218,2368.44142,1945.74367,72.9336,65.01578,66.11759
1996-03-12,1119.67885,2379.02398,1954.40436,73.32018,65.36787,66.47448
1996-03-13,1118.68537,2377.18182,1952.85784,72.73677,64.85562,65.95238
1996-03-14,1127.52748,2396.23457,1968.47627,73.29458,65.36035,66.4645
1996-03-15,1128.3722,2398.29952,1970.13914,73.44084,65.49843,66.60374
1996-03-18,1134.8643,2412.36522,1981.66009,73.84614,65.86743,66.97779
1996-03-19,1142.36765,2428.58313,1994.94858,74.54903,66.50177,67.62166
1996-03-20,1141.02218,2425.99724,1992.79057,74.18911,66.18867,67.30209
1996-03-21,1150.1343,2445.63991,2008.89158,74.9389,66.86501,67.98864
1996-03-22,1149.08561,2443.68623,2007.2527,75.005,66.93185,68.05541
1996-03-25,1155.33193,2457.2422,2018.35335,75.30103,67.20379,68.3307
1996-03-26,1152.59651,2451.70271,2013.76908,75.1286,67.05791,68.18116
1996-03-27,1155.25414,2457.63086,2018.60403,75.73873,67.61008,68.7414
1996-03-28,1157.03358,2461.69254,2021.9058,75.45311,67.3632,68.48917
1996-03-29,1163.95502,2476.6925,2034.19145,75.78627,67.66843,68.79829
1996-04-01,1164.20986,2477.51387,2034.83151,76.04564,67.90789,69.04053
1996-04-02,1167.24461,2484.24979,2040.32921,76.20815,68.06096,69.19493
1996-04-03,1166.31327,2482.54817,2038.89704,76.08793,67.96168,69.09277
1996-04-04,1167.07943,2484.45849,2040.43131,76.16763,68.04086,69.17205
1996-04-05,1168.83202,2488.46859,2043.69001,NA,NA,NA
1996-04-08,1165.34724,2481.33169,2037.79413,NA,NA,NA
1996-04-09,1163.97887,2478.69851,2035.59706,76.34664,68.22486,69.35542
1996-04-10,1165.55212,2482.32743,2038.54264,76.83559,68.66959,69.8063
1996-04-11,1161.19474,2473.32934,2031.11872,76.66923,68.5291,69.66224
1996-04-12,1160.99808,2473.1894,2030.96931,76.62599,68.49857,69.62997
1996-04-15,1167.31091,2486.91278,2042.2042,77.44613,69.23934,70.38177
1996-04-16,1170.27204,2493.50022,2047.57891,77.54413,69.3351,70.47786
1996-04-17,1167.18031,2487.19533,2042.36686,77.33927,69.16019,70.29882
1996-04-18,1169.1798,2491.73555,2046.06032,77.4779,69.29227,70.43183
1996-04-19,1180.7677,2516.70642,2066.52979,77.81409,69.60096,70.74435
1996-04-22,1189.42575,2535.4396,2081.87672,79.04507,70.70951,71.86992
1996-04-23,1190.49005,2537.99364,2083.93848,79.21024,70.86554,72.02724
1996-04-24,1190.30503,2537.88543,2083.81424,79.26732,70.92495,72.08635
1996-04-25,1188.95094,2535.28514,2081.64383,79.44291,71.09036,72.25319
1996-04-26,1196.96072,2552.64669,2095.86328,80.21531,71.78952,72.96253
1996-04-29,1200.13141,2559.69469,2101.61439,79.81363,71.43864,72.60463
1996-04-30,1196.30089,2551.81528,2095.10949,80.00435,71.61771,72.78533
1996-05-01,1188.12254,2534.66179,2080.9907,NA,NA,NA
1996-05-02,1186.08393,2530.59956,2077.62027,79.7934,71.44586,72.6081
1996-05-03,1181.02625,2520.09641,2068.96207,79.01444,70.75701,71.90676
1996-05-06,1180.37293,2518.98681,2068.01598,78.79418,70.56822,71.71362
1996-05-07,1175.7443,2509.39531,2060.10665,78.46641,70.28312,71.42262
1996-05-08,1175.14502,2508.39949,2059.25415,78.35761,70.19402,71.33081
1996-05-09,1174.09197,2506.43505,2057.60652,77.93931,69.82773,70.95732
1996-05-10,1170.12855,2498.25853,2050.85935,77.68855,69.6114,70.73623
1996-05-13,1165.02143,2487.63888,2042.10684,78.04984,69.94318,71.07212
1996-05-14,1166.72704,2491.56042,2045.29131,78.2833,70.16053,71.29173
1996-05-15,1174.81584,2509.11089,2059.6633,78.81338,70.64362,71.78136
1996-05-16,1174.74662,2509.24597,2059.7392,NA,NA,NA
1996-05-17,1176.86635,2514.05552,2063.65213,78.81812,70.66457,71.80009
1996-05-20,1173.8742,2507.94854,2058.60428,78.80079,70.65739,71.79152
1996-05-21,1175.06655,2510.77812,2060.89189,79.10314,70.93669,72.07404
1996-05-22,1169.9258,2500.07943,2052.07538,78.79514,70.66898,71.80076
1996-05-23,1164.93822,2489.70553,2043.52574,78.58584,70.4897,71.61733
1996-05-24,1161.73375,2483.13923,2038.10158,78.31911,70.25887,71.38154
1996-05-27,1160.25486,2480.25889,2035.70289,NA,NA,NA
1996-05-28,1161.28693,2482.74424,2037.70817,78.41546,70.36188,71.48365
1996-05-29,1162.62513,2485.88445,2040.25084,78.51216,70.45692,71.57894
1996-05-30,1166.06373,2493.51525,2046.47895,77.83278,69.85574,70.96692
1996-05-31,1172.7712,2508.13619,2058.44371,78.50613,70.46795,71.58764
1996-06-03,1164.54596,2490.83213,2044.20746,77.53339,69.60333,70.70802
1996-06-04,1165.6402,2493.45286,2046.32352,77.80451,69.8548,70.96224
1996-06-05,1166.64939,2495.89226,2048.2907,78.03385,70.06885,71.17843
1996-06-06,1164.3966,2491.35524,2044.53261,77.62854,69.71333,70.81601
1996-06-07,1156.16853,2474.03525,2030.28449,77.12919,69.27328,70.36775
1996-06-10,1157.52154,2477.20873,2032.85424,77.64695,69.74621,70.84692
1996-06-11,1160.0462,2482.88975,2037.48162,77.70408,69.80574,70.90613
1996-06-12,1166.0792,2496.07922,2048.27024,78.20845,70.26682,71.37324
1996-06-13,1164.76759,2493.5537,2046.16305,78.08289,70.16237,71.26588
1996-06-14,1172.44077,2510.25774,2059.8351,78.03416,70.12689,71.22857
1996-06-17,1172.17355,2509.96877,2059.56301,77.76874,69.89675,70.99355
1996-06-18,1179.53485,2526.01065,2072.69103,78.10219,70.20454,71.30492
1996-06-19,1178.00155,2523.0126,2070.19586,78.19884,70.29967,71.40027
1996-06-20,1175.46978,2517.87585,2065.94594,78.22953,70.33556,71.43545
1996-06-21,1174.50391,2516.09132,2064.44665,78.33986,70.44301,71.54332
1996-06-24,1177.91237,2523.67504,2070.63392,78.80611,70.87034,71.97607
1996-06-25,1175.92081,2519.69366,2067.33215,78.69806,70.78159,71.88466
1996-06-26,1177.49655,2523.35335,2070.29966,78.57081,70.67556,71.77569
1996-06-27,1174.73333,2517.71769,2065.64077,78.08108,70.24354,71.33567
1996-06-28,1177.85378,2524.68778,2071.32415,78.29471,70.44392,71.53791
1996-07-01,1178.64051,2526.65835,2072.90566,78.29721,70.45449,71.54738
1996-07-02,1172.90243,2514.64529,2063.01495,78.08975,70.27622,71.36507
1996-07-03,1170.67067,2510.14513,2059.28805,78.00328,70.20674,71.29324
1996-07-04,1174.64409,2518.94588,2066.47297,77.86469,70.09035,71.17379
1996-07-05,1166.50275,2501.77527,2052.35185,77.55251,69.81774,70.89569
1996-07-08,1155.70784,2478.91087,2033.56037,77.0247,69.35098,70.42047
1996-07-09,1160.73452,2489.96963,2042.59768,77.17516,69.49457,70.56503
1996-07-10,1158.46104,2485.3745,2038.79353,77.04851,69.38879,70.45636
1996-07-11,1158.30657,2485.3234,2038.71698,77.09957,69.44295,70.5101
1996-07-12,1146.06311,2459.33918,2017.36787,75.97614,68.43946,69.48997
1996-07-15,1143.12434,2453.31162,2012.38935,76.04662,68.51101,69.56138
1996-07-16,1136.35282,2439.05887,2000.66423,74.68695,67.29431,68.32483
1996-07-17,1140.38621,2447.98903,2007.95519,74.33271,66.9832,68.00775
1996-07-18,1146.16569,2460.66844,2018.32117,75.00763,67.59892,68.63171
1996-07-19,1149.81944,2468.78812,2024.94681,75.17026,67.7534,68.78733
1996-07-22,1137.11262,2441.78952,2002.7681,74.21189,66.89777,67.91744
1996-07-23,1139.7031,2447.62619,2007.52127,74.11486,66.81826,67.83551
1996-07-24,1121.41091,2408.62624,1975.50044,73.02186,65.84092,66.84211
1996-07-25,1129.9738,2427.28519,1990.77029,73.14655,65.96107,66.96291
1996-07-26,1131.78852,2431.45609,1994.15724,73.62308,66.39833,67.40563
1996-07-29,1132.00565,2432.19659,1994.73068,73.63148,66.41374,67.42008
1996-07-30,1130.4345,2429.09587,1992.15384,73.37518,66.19051,67.19227
1996-07-31,1141.88321,2453.96495,2012.51535,73.74623,66.53285,67.53861
1996-08-01,1149.35935,2470.30434,2025.88101,74.44754,67.17303,68.1873
1996-08-02,1153.61281,2479.72257,2033.57031,75.01358,67.69139,68.71229
1996-08-05,1158.71508,2490.96699,2042.75694,75.15833,67.82994,68.85172
1996-08-06,1149.56819,2471.58856,2026.83097,74.97797,67.67525,68.69347
1996-08-07,1144.55096,2461.0826,2018.18127,74.65073,67.38799,68.40068
1996-08-08,1146.95356,2466.52506,2022.60994,74.87167,67.5953,68.60989
1996-08-09,1143.70524,2459.81926,2017.07677,74.42722,67.20216,68.20963
1996-08-12,1146.77188,2466.69058,2022.67698,74.49923,67.27509,68.28245
1996-08-13,1150.50038,2474.9867,2029.44531,74.78793,67.5436,68.55377
1996-08-14,1151.10926,2476.57528,2030.71343,75.06677,67.80327,68.81612
1996-08-15,1150.41086,2475.35227,2029.67612,NA,NA,NA
1996-08-16,1150.08901,2474.93897,2029.30278,75.2526,67.98708,69.00023
1996-08-19,1152.8655,2481.19146,2034.3949,75.39297,68.12187,69.1358
1996-08-20,1156.46597,2489.21827,2040.94163,75.66986,68.37996,69.39651
1996-08-21,1161.17175,2499.62536,2049.43974,75.68165,68.3987,69.4143
1996-08-22,1163.58029,2505.09076,2053.88593,76.22483,68.89739,69.91918
1996-08-23,1165.84262,2510.24263,2058.07492,76.08097,68.77556,69.7943
1996-08-26,1163.24848,2504.94137,2053.69369,75.5051,68.26327,69.27318
1996-08-27,1162.82929,2504.32131,2053.15047,75.4018,68.17799,69.18541
1996-08-28,1158.61229,2495.52384,2045.90319,75.2509,68.04966,69.05395
1996-08-29,1149.77162,2476.76767,2030.49188,74.6767,67.53861,68.53414
1996-08-30,1142.82691,2462.09045,2018.42502,74.4106,67.30602,68.2969
1996-09-02,1136.7323,2449.24091,2007.85686,73.97921,66.92391,67.90796
1996-09-03,1133.50695,2442.5692,2002.35348,73.9708,66.92422,67.90706
1996-09-04,1138.66934,2453.96625,2011.66231,74.20923,67.14773,68.13265
1996-09-05,1141.79658,2460.98086,2017.37835,74.26833,67.20911,68.19373
1996-09-06,1137.59846,2452.21198,2010.15597,74.09324,67.05868,68.03988
1996-09-09,1141.8217,2461.5899,2017.80908,74.55996,67.48875,68.47505
1996-09-10,1141.73012,2461.67004,2017.84051,75.11122,67.99541,68.98792
1996-09-11,1137.49572,2452.81996,2010.55193,75.07484,67.97052,68.96144
1996-09-12,1139.83752,2458.145,2014.88259,75.43184,68.30159,69.29612
1996-09-13,1149.1143,2478.42338,2031.4698,75.99163,68.81622,69.81704
1996-09-16,1154.011,2489.26152,2040.31877,76.32752,69.12836,70.13249
1996-09-17,1160.24649,2502.98921,2051.53581,76.67323,69.44945,70.457
1996-09-18,1162.04923,2507.15952,2054.91905,76.79843,69.571,70.57907
1996-09-19,1162.02347,2507.38663,2055.07028,76.68157,69.47341,70.47881
1996-09-20,1158.88692,2500.90293,2049.7214,76.7107,69.508,70.51266
1996-09-23,1153.89524,2490.4152,2041.09108,76.3682,69.20599,70.20502
1996-09-24,1155.54279,2494.251,2044.2001,76.31414,69.1652,70.1624
1996-09-25,1165.24013,2515.45895,2061.54639,76.7122,69.53394,70.53522
1996-09-26,1165.7704,2516.88701,2062.68173,77.35006,70.11997,71.12846
1996-09-27,1168.72738,2523.55335,2068.10992,77.63251,70.38416,71.39519
1996-09-30,1171.64685,2530.14016,2073.47275,77.9627,70.69167,71.70586
1996-10-01,1173.30689,2534.00938,2076.60835,77.92432,70.66524,71.67778
1996-10-02,1175.71398,2539.49247,2081.06637,78.06558,70.80163,71.81485
1996-10-03,1171.95268,2531.65642,2074.60965,78.07004,70.81403,71.82616
1996-10-04,1169.3407,2526.30077,2070.18571,77.91466,70.68153,71.69049
1996-10-07,1172.1875,2532.73448,2075.4226,78.06702,70.82802,71.8378
1996-10-08,1170.90784,2530.25574,2073.35621,77.75881,70.55688,71.56151
1996-10-09,1164.6004,2516.91416,2062.38877,77.51233,70.34165,71.34195
1996-10-10,1162.57165,2512.81447,2058.99446,77.45129,70.2946,71.29296
1996-10-11,1165.45743,2519.33367,2064.30123,77.47685,70.3261,71.32364
1996-10-14,1170.35011,2530.19155,2073.16279,77.87022,70.69126,71.69272
1996-10-15,1178.37286,2547.81708,2087.56918,78.7487,71.49659,72.50824
1996-10-16,1175.25206,2541.35828,2082.24176,78.5904,71.36138,72.36982
1996-10-17,1175.60855,2542.41549,2083.07261,78.57652,71.35722,72.36432
1996-10-18,1182.19052,2556.9331,2094.93172,79.11133,71.85103,72.86383
1996-10-21,1178.61331,2549.48611,2088.79483,78.6516,71.44213,72.44788
1996-10-22,1173.93158,2539.64874,2080.69974,78.15827,71.00261,72.00089
1996-10-23,1168.39615,2527.96265,2071.09032,77.27286,70.20684,71.19266
1996-10-24,1165.32713,2521.60902,2065.84989,77.15533,70.1084,71.09157
1996-10-25,1161.78001,2514.21963,2059.76109,76.92048,69.90337,70.8824
1996-10-28,1162.46024,2515.97483,2061.16403,76.79524,69.79787,70.77416
1996-10-29,1160.53191,2512.08589,2057.94314,76.22819,69.29089,70.25884
1996-10-30,1161.30559,2514.04341,2059.5118,76.0639,69.14981,70.11454
1996-10-31,1158.10719,2507.40444,2054.03826,76.00325,69.10287,70.0657
1996-11-01,1159.86271,2511.48709,2057.34778,76.32814,69.40626,70.37208
1996-11-04,1160.58015,2513.32336,2058.81704,76.16554,69.26668,70.2293
1996-11-05,1161.15606,2514.85362,2060.03559,76.16747,69.27661,70.23813
1996-11-06,1172.42719,2539.54246,2080.22407,77.15498,70.18238,71.15528
1996-11-07,1176.19782,2547.99423,2087.11175,76.90077,69.95954,70.92808
1996-11-08,1183.49022,2564.07519,2100.24832,77.44417,70.46185,71.4361
1996-11-11,1185.71513,2569.18347,2104.3968,77.3899,70.42083,71.39324
1996-11-12,1189.66272,2578.02464,2111.60268,77.44806,70.48205,71.45404
1996-11-13,1186.37686,2571.19643,2105.97408,77.47542,70.51526,71.48645
1996-11-14,1192.67093,2585.12397,2117.34567,77.79531,70.81459,71.78863
1996-11-15,1198.19367,2597.38313,2127.35042,78.17994,71.17287,72.15058
1996-11-18,1196.25127,2593.46632,2124.10634,78.02277,71.03825,72.01283
1996-11-19,1200.1537,2602.21715,2131.23727,78.08848,71.10645,72.08068
1996-11-20,1206.47966,2616.22341,2142.67212,78.32334,71.3286,72.3046
1996-11-21,1206.9451,2617.52743,2143.70371,78.40834,71.4144,72.3903
1996-11-22,1212.84653,2630.61802,2154.38806,78.77948,71.76068,72.74004
1996-11-25,1210.07008,2624.894,2149.66378,79.12156,72.08058,73.06302
1996-11-26,1210.23233,2625.54182,2150.15779,79.86285,72.764,73.75449
1996-11-27,1205.38725,2615.32908,2141.75782,79.3365,72.29319,73.27596
1996-11-28,1201.56069,2607.32338,2135.1655,79.44109,72.39699,73.37988
1996-11-29,1202.61319,2609.90067,2137.23977,79.59879,72.5492,73.53284
1996-12-02,1194.98241,2593.63843,2123.88664,79.39542,72.37248,73.35243
1996-12-03,1187.9012,2578.56503,2111.50744,79.93496,72.87255,73.85799
1996-12-04,1185.8263,2574.35284,2108.02241,79.7504,72.71299,73.69495
1996-12-05,1195.03367,2594.62686,2124.58783,80.40844,73.32118,74.31007
1996-12-06,1172.31272,2545.5986,2084.40624,77.63013,70.79613,71.74982
1996-12-09,1178.6898,2559.72966,2095.94156,78.95289,72.01,72.97885
1996-12-10,1186.59637,2577.18461,2110.19808,79.48887,72.50706,73.48132
1996-12-11,1176.70385,2555.99429,2092.81195,78.36781,71.49321,72.45257
1996-12-12,1170.16946,2542.09194,2081.39357,78.00718,71.1728,72.12657
1996-12-13,1159.99308,2520.27619,2063.49645,77.02174,70.28228,71.22285
1996-12-16,1169.39194,2540.97596,2080.40924,78.33009,71.48366,72.43912
1996-12-17,1169.20528,2540.85695,2080.27647,78.01756,71.207,72.15747
1996-12-18,1166.90697,2536.15001,2076.38749,77.97622,71.1777,72.1265
1996-12-19,1161.11281,2523.84586,2066.2788,77.74438,70.97458,71.91939
1996-12-20,1172.21035,2548.24665,2086.22038,78.53775,71.70679,72.66011
1996-12-23,1174.94106,2554.46878,2091.27885,78.48799,71.66985,72.62138
1996-12-24,1165.14496,2533.46361,2074.04726,77.93946,71.1776,72.12131
1996-12-25,1165.14496,2533.74924,2074.24587,NA,NA,NA
1996-12-26,1168.64245,2541.6388,2080.6693,NA,NA,NA
1996-12-27,1173.76646,2553.06672,2089.98908,78.56017,71.76953,72.71724
1996-12-30,1178.95418,2564.63569,2099.42401,78.88212,72.07197,73.02239
1996-12-31,1185.56508,2579.30237,2111.39439,79.07133,72.25327,73.20479
1997-01-01,1185.56508,2579.59318,2111.59658,NA,NA,NA
1997-01-02,1173.81831,2554.33066,2090.8818,77.95828,71.25347,72.18925
1997-01-03,1173.55049,2554.03597,2090.60507,78.21387,71.49537,72.43304
1997-01-06,1179.13024,2566.4644,2100.74269,79.28094,72.47859,73.42793
1997-01-07,1173.21958,2553.89173,2090.41602,78.68735,71.94466,72.88571
1997-01-08,1168.70512,2544.35475,2082.57443,78.84632,72.09843,73.0402
1997-01-09,1157.33299,2519.88917,2062.51419,78.19268,71.50943,72.44221
1997-01-10,1139.37926,2481.09056,2030.7234,77.03571,70.45997,71.3778
1997-01-13,1154.93898,2515.24464,2058.64289,78.58346,71.88297,72.81816
1997-01-14,1160.21264,2527.01052,2068.23775,78.87809,72.16082,73.09834
1997-01-15,1163.92389,2535.37682,2075.04992,79.62904,72.85591,73.8012
1997-01-16,1171.55127,2552.27337,2088.84325,79.98068,73.18607,74.13434
1997-01-17,1164.97016,2538.22718,2077.31224,79.88367,73.10599,74.05191
1997-01-20,1150.41421,2506.80589,2051.56196,79.77551,73.0157,73.95913
1997-01-21,1144.76955,2494.79138,2041.69467,79.4434,72.72047,73.65877
1997-01-22,1150.96534,2508.57184,2052.9375,80.6974,73.87618,74.82816
1997-01-23,1147.90516,2502.18645,2047.67713,80.64518,73.83713,74.78727
1997-01-24,1140.79278,2486.96863,2035.189,79.63018,72.91673,73.85372
1997-01-27,1127.45718,2458.18332,2011.59871,79.11554,72.45424,73.38398
1997-01-28,1126.43122,2456.2241,2009.96129,79.80731,73.09594,74.03264
1997-01-29,1128.0238,2459.97288,2012.99478,79.46215,72.78856,73.72001
1997-01-30,1128.07793,2460.36824,2013.28412,79.33892,72.68434,73.61314
1997-01-31,1142.57663,2492.26004,2039.3461,80.27083,73.54612,74.48468
1997-02-03,1139.74416,2486.3641,2034.48707,80.59341,73.8502,74.79132
1997-02-04,1142.27881,2492.17248,2039.20519,80.54099,73.81091,74.7502
1997-02-05,1141.21374,2490.13029,2037.49958,80.77933,74.03794,74.9788
1997-02-06,1139.31764,2486.2747,2034.31027,80.57007,73.85498,74.79217
1997-02-07,1135.47209,2478.16501,2027.64037,80.91422,74.17899,75.11899
1997-02-10,1151.05822,2512.45287,2055.65988,81.55904,74.77854,75.72482
1997-02-11,1146.84534,2503.54267,2048.33487,81.94824,75.14402,76.0936
1997-02-12,1147.90311,2506.13347,2050.41978,82.58154,75.73325,76.68895
1997-02-13,1150.81866,2512.77982,2055.82265,82.72009,75.8692,76.82525
1997-02-14,1155.0343,2522.26565,2063.54841,83.2522,76.36592,77.32688
1997-02-17,1152.08465,2516.11032,2058.47758,83.42808,76.53619,77.49793
1997-02-18,1148.41773,2508.38744,2052.1245,83.61893,76.72023,77.68291
1997-02-19,1148.81472,2509.53715,2053.03021,83.23455,76.37676,77.33375
1997-02-20,1159.75461,2533.71202,2072.77228,83.72238,76.83316,77.79451
1997-02-21,1164.8857,2545.20487,2082.13896,83.95503,77.05562,78.01838
1997-02-24,1169.82999,2556.29221,2091.1736,83.91343,77.02657,77.98757
1997-02-25,1176.00281,2570.06591,2102.40547,84.30557,77.39542,78.35966
1997-02-26,1167.88046,2552.60891,2088.08958,83.62288,76.77802,77.73318
1997-02-27,1170.87306,2559.43599,2093.63873,84.6493,77.72889,78.69454
1997-02-28,1159.75171,2535.41956,2073.95794,83.93966,77.08663,78.04292
1997-03-03,1153.50027,2522.04181,2062.97999,83.58853,76.7734,77.72442
1997-03-04,1158.6747,2533.63695,2072.4294,84.63857,77.74628,78.70801
1997-03-05,1156.32973,2528.79612,2068.43463,84.70415,77.81568,78.77688
1997-03-06,1156.81832,2530.14948,2069.50647,84.95586,78.05599,79.01876
1997-03-07,1158.77108,2534.70474,2073.19718,84.97981,78.0872,79.04896
1997-03-10,1166.52992,2551.95814,2087.27373,85.19004,78.28951,79.25236
1997-03-11,1170.49101,2560.90927,2094.55939,85.47184,78.5576,79.52234
1997-03-12,1160.03898,2538.33518,2076.0609,84.70861,77.86558,78.82043
1997-03-13,1150.58893,2517.94792,2059.35157,83.5514,76.81125,77.75179
1997-03-14,1153.27787,2524.11486,2064.36026,84.29591,77.50435,78.45203
1997-03-17,1144.25532,2504.65675,2048.41159,82.87548,76.20769,77.13816
1997-03-18,1147.67075,2512.41335,2054.72037,83.07246,76.39774,77.32916
1997-03-19,1150.47306,2518.82981,2059.93295,83.11695,76.44766,77.37832
1997-03-20,1134.4035,2483.93892,2031.36431,81.65252,75.10993,76.02298
1997-03-21,1146.07117,2509.76082,2052.4466,83.17276,76.51628,77.44517
1997-03-24,1138.15761,2492.71795,2038.4746,82.46957,75.8786,76.79837
1997-03-25,1149.20455,2517.1874,2058.45008,83.06121,76.43159,77.35672
1997-03-26,1157.63943,2535.94229,2073.75183,83.83033,77.14791,78.08038
1997-03-27,1163.11693,2548.22439,2083.76007,83.66884,77.00847,77.93786
1997-03-28,1161.53729,2545.05174,2081.13035,NA,NA,NA
1997-03-31,1162.39469,2547.21689,2082.86546,NA,NA,NA
1997-04-01,1141.8654,2502.52668,2046.28757,81.52967,75.06698,75.96888
1997-04-02,1143.61864,2506.65033,2049.62463,81.7876,75.3132,76.21672
1997-04-03,1137.86166,2494.31737,2039.50566,81.36195,74.9303,75.82786
1997-04-04,1132.9885,2483.91855,2030.96847,81.14539,74.73979,75.63373
1997-04-07,1127.22848,2471.57345,2020.84023,81.90486,75.4477,76.3488
1997-04-08,1130.5051,2479.03476,2026.90642,82.68924,76.1787,77.0872
1997-04-09,1128.18427,2474.2262,2022.94049,82.64967,76.15127,77.05807
1997-04-10,1123.81365,2464.92214,2015.29923,82.22139,75.7658,76.66665
1997-04-11,1122.01036,2461.24571,2012.25924,82.4358,75.97223,76.87418
1997-04-14,1112.34515,2440.32632,1995.12217,81.62524,75.23439,76.12622
1997-04-15,1123.27007,2464.56336,2014.90329,82.81955,76.34335,77.24704
1997-04-16,1130.37239,2480.42064,2027.83298,83.10131,76.61196,77.51746
1997-04-17,1136.20042,2493.48589,2038.47968,83.56651,77.04964,77.95896
1997-04-18,1142.2086,2506.94928,2049.45149,83.59648,77.08636,77.99473
1997-04-21,1153.49042,2531.98757,2069.88536,83.91519,77.3892,78.29975
1997-04-22,1150.68163,2526.10899,2065.04459,83.84951,77.3378,78.24636
1997-04-23,1158.4687,2543.48474,2079.21363,84.76427,78.19012,79.10734
1997-04-24,1158.52331,2543.89138,2079.51072,84.99146,78.40882,79.32721
1997-04-25,1150.08703,2525.65796,2064.57073,84.26902,77.75178,78.66108
1997-04-28,1147.45374,2520.1612,2060.04249,84.69228,78.15127,79.06385
1997-04-29,1156.50408,2540.31785,2076.48378,85.39043,78.80434,79.72318
1997-04-30,1167.02764,2563.71418,2095.57263,85.93213,79.31327,80.23664
1997-05-01,1175.97642,2583.65706,2111.83802,NA,NA,NA
1997-05-02,1179.62391,2591.96008,2118.5888,86.84433,80.17357,81.10412
1997-05-05,1185.32577,2604.77786,2129.02951,87.4181,80.71241,81.6478
1997-05-06,1209.61075,2658.42543,2172.84175,89.16978,82.33817,83.29105
1997-05-07,1211.01496,2661.81052,2175.57158,88.73332,81.94502,82.89188
1997-05-08,1215.64924,2672.29434,2184.10321,NA,NA,NA
1997-05-09,1225.10413,2693.37474,2201.29514,89.05525,82.26158,83.20915
1997-05-12,1243.52636,2734.16965,2234.59888,90.15917,83.29035,84.24834
1997-05-13,1248.69081,2745.83037,2244.09093,90.74614,83.84211,84.80498
1997-05-14,1254.51077,2758.93477,2254.7625,91.3279,84.3892,85.35686
1997-05-15,1257.28642,2765.3486,2259.96588,90.724,83.84133,84.8012
1997-05-16,1266.88346,2786.76357,2277.42848,91.8367,84.87886,85.84916
1997-05-19,1261.05484,2774.25949,2267.17127,NA,NA,NA
1997-05-20,1267.77734,2789.35788,2279.47123,91.7821,84.84848,85.81538
1997-05-21,1267.64435,2789.37984,2279.45046,91.26656,84.38208,85.34214
1997-05-22,1257.28451,2766.90319,2261.04443,90.8572,84.01372,84.96807
1997-05-23,1266.25059,2786.94201,2277.381,91.60016,84.71022,85.67101
1997-05-26,1267.46093,2789.91948,2279.77534,91.46607,84.59628,85.55426
1997-05-27,1259.70829,2773.17291,2266.05247,91.4117,84.55602,85.51201
1997-05-28,1264.41835,2783.85198,2274.74007,91.8971,85.01474,85.97442
1997-05-29,1261.53508,2777.81928,2269.77209,91.7354,84.87526,85.83184
1997-05-30,1241.38882,2733.78117,2233.75051,90.27827,83.53733,84.47735
1997-06-02,1248.41028,2749.5483,2246.59556,91.77907,84.93501,85.88933
1997-06-03,1253.848,2761.83166,2256.5937,92.21939,85.35229,86.3098
1997-06-04,1255.94548,2766.76204,2260.58375,92.55282,85.67081,86.63037
1997-06-05,1260.95156,2778.09938,2269.80838,92.8726,85.97678,86.93823
1997-06-06,1266.26859,2790.12414,2279.59434,93.83473,86.87706,87.84708
1997-06-09,1281.33142,2823.62043,2306.9224,93.75404,86.81265,87.78039
1997-06-10,1283.50832,2828.73479,2311.06163,93.87223,86.9323,87.89981
1997-06-11,1287.8841,2838.69522,2319.15987,94.29127,87.33041,88.30081
1997-06-12,1286.80995,2836.64824,2317.44817,94.59377,87.62074,88.59281
1997-06-13,1288.65097,2841.02544,2320.98478,94.93784,87.94963,88.92377
1997-06-16,1299.27117,2864.75391,2340.3301,95.77934,88.7391,89.72045
1997-06-17,1289.56974,2843.69112,2323.08366,95.20692,88.21942,89.19343
1997-06-18,1290.71642,2846.53972,2325.37126,94.88093,87.9279,88.89711
1997-06-19,1295.27374,2856.90894,2333.80237,95.36691,88.3884,89.36112
1997-06-20,1295.09938,2856.84655,2333.71177,95.16965,88.21609,89.18533
1997-06-23,1295.65845,2858.40159,2334.9424,94.92698,88.00168,88.96697
1997-06-24,1298.71212,2865.45907,2340.66769,95.10903,88.18076,89.14643
1997-06-25,1319.72053,2912.12359,2378.74551,96.63908,89.60882,90.58864
1997-06-26,1322.38587,2918.33191,2383.77624,97.02125,89.97358,90.95579
1997-06-27,1311.50647,2894.6569,2364.39772,96.45163,89.45616,90.4311
1997-06-30,1308.28225,2887.86866,2358.81293,96.7508,89.74405,90.72054
1997-07-01,1312.36571,2897.20584,2366.39936,97.08715,90.06647,91.04486
1997-07-02,1313.51153,2900.06141,2368.69152,97.45655,90.41962,91.40024
1997-07-03,1330.8799,2938.72617,2400.23111,98.78905,91.66578,92.65836
1997-07-04,1326.98914,2930.46829,2393.44577,98.36049,91.2791,92.26585
1997-07-07,1331.74549,2941.29989,2402.25163,98.37282,91.30133,92.28668
1997-07-08,1328.55225,2934.58055,2396.72303,98.57251,91.49735,92.48318
1997-07-09,1328.25234,2934.2491,2396.41164,98.91023,91.82147,92.80916
1997-07-10,1326.15939,2929.95746,2392.866,98.4037,91.36227,92.34337
1997-07-11,1327.45868,2933.1577,2395.43892,98.78072,91.72291,92.70626
1997-07-14,1333.22902,2946.2355,2406.07839,100.72556,93.53841,94.53969
1997-07-15,1323.53514,2925.15051,2388.81854,100.15614,93.02085,94.01491
1997-07-16,1339.53421,2960.83135,2417.91619,101.27515,94.07047,95.07413
1997-07-17,1341.88392,2966.35759,2422.38797,101.68273,94.45996,95.4661
1997-07-18,1327.60233,2935.12823,2396.84481,100.81072,93.66128,94.65723
1997-07-21,1316.15772,2910.16251,2376.41733,99.70618,92.64638,93.62988
1997-07-22,1323.36417,2926.421,2389.65331,101.05809,93.9127,94.90804
1997-07-23,1335.0006,2952.4769,2410.88908,102.68783,95.43729,96.44719
1997-07-24,1330.02494,2941.8082,2402.13661,102.67358,95.43533,96.4435
1997-07-25,1326.36637,2934.04958,2395.76062,102.53319,95.31617,96.32137
1997-07-28,1323.2006,2927.37902,2390.27327,102.82096,95.59481,96.60125
1997-07-29,1322.98375,2927.22942,2390.11053,102.43274,95.24531,96.24635
1997-07-30,1324.8188,2931.61871,2393.65378,103.12886,95.90345,96.90973
1997-07-31,1327.92339,2938.81759,2399.49088,102.70104,95.5171,96.51759
1997-08-01,1312.31135,2904.6056,2371.51723,102.43187,95.27814,96.27442
1997-08-04,1295.58856,2867.92772,2341.53125,102.14718,95.0247,96.01662
1997-08-05,1286.98035,2849.20019,2326.2016,101.85276,94.76216,95.74962
1997-08-06,1302.23286,2883.28021,2353.98594,103.71777,96.50736,97.51142
1997-08-07,1309.0663,2898.73161,2366.56069,103.91549,96.70264,97.70701
1997-08-08,1315.17515,2912.5823,2377.82819,103.6621,96.47837,97.47867
1997-08-11,1297.59007,2873.97526,2346.26972,101.93961,94.88687,95.86898
1997-08-12,1300.98788,2881.82316,2352.63668,102.47622,95.39727,96.38298
1997-08-13,1296.69951,2872.65109,2345.10904,101.40267,94.4094,95.38321
1997-08-14,1287.29585,2852.14722,2328.33106,100.29199,93.38672,94.34831
1997-08-15,1289.55397,2857.4707,2332.63723,NA,NA,NA
1997-08-18,1272.95018,2821.00921,2302.83364,98.22224,91.48179,92.42047
1997-08-19,1276.83467,2829.93369,2310.0796,99.07069,92.28232,93.22762
1997-08-20,1284.86625,2848.04939,2324.828,100.56197,93.68141,94.63946
1997-08-21,1287.77193,2854.8097,2330.30679,100.69511,93.81645,94.7742
1997-08-22,1268.54261,2812.51203,2295.74145,97.60285,90.94632,91.87327
1997-08-25,1263.49729,2801.64562,2286.83281,97.62803,90.98052,91.90618
1997-08-26,1263.84185,2802.72534,2287.67527,96.32789,89.7799,90.69174
1997-08-27,1255.46039,2784.45863,2272.72682,96.24194,89.71043,90.61996
1997-08-28,1244.52767,2760.53054,2253.15805,95.1682,88.72039,89.61829
1997-08-29,1227.21283,2722.44343,2222.03354,93.48494,87.16185,88.04244
1997-09-01,1218.92406,2704.36677,2207.24208,93.63002,87.30735,88.18784
1997-09-02,1229.18393,2727.42922,2226.02734,94.88022,88.48268,89.37352
1997-09-03,1248.422,2770.41365,2261.07126,96.40972,89.91855,90.82235
1997-09-04,1245.98195,2765.31247,2256.86961,96.35481,89.87799,90.77977
1997-09-05,1255.27359,2786.24098,2273.91151,96.72437,90.23313,91.13687
1997-09-08,1254.54965,2784.94861,2272.81818,96.15448,89.71234,90.60925
1997-09-09,1261.55425,2800.80821,2285.72251,97.08303,90.58873,91.49283
1997-09-10,1251.67862,2779.20379,2268.0528,95.96083,89.55254,90.44469
1997-09-11,1232.0337,2735.90725,2232.68158,93.89497,87.63533,88.50686
1997-09-12,1229.40814,2730.38665,2228.13856,93.07538,86.88095,87.74342
1997-09-15,1240.56681,2755.47072,2248.57031,92.76904,86.60539,87.46355
1997-09-16,1244.14519,2763.72755,2255.2699,93.87648,87.64882,88.51582
1997-09-17,1250.9507,2779.15317,2267.81908,94.29636,88.05097,88.9204
1997-09-18,1255.45129,2789.46278,2276.19318,94.38027,88.13969,89.00842
1997-09-19,1257.23349,2793.73616,2279.64153,94.97551,88.70566,89.5784
1997-09-22,1262.75262,2806.31242,2289.86466,96.11341,89.77824,90.66
1997-09-23,1263.97082,2809.33547,2292.29244,96.23242,89.89996,90.78131
1997-09-24,1287.1049,2861.05824,2334.45629,96.77728,90.41928,91.30413
1997-09-25,1286.3039,2859.6007,2333.2274,96.87391,90.52021,91.40442
1997-09-26,1285.46474,2858.058,2331.92907,96.14369,89.84879,90.72483
1997-09-29,1287.98758,2863.98808,2336.72782,96.48779,90.18079,91.05847
1997-09-30,1294.42048,2878.61184,2348.61946,97.18746,90.84499,91.72754
1997-10-01,1298.7703,2888.60747,2356.73474,97.70714,91.3412,92.22696
1997-10-02,1297.47103,2886.0441,2354.60337,97.48655,91.14588,92.0281
1997-10-03,1304.27605,2901.50265,2367.17517,98.55598,92.15588,93.04629
1997-10-06,1304.59892,2902.54788,2367.9877,97.60973,91.28219,92.16253
1997-10-07,1302.27312,2897.70176,2363.99393,96.95837,90.68405,91.55698
1997-10-08,1303.51797,2900.79772,2366.47948,97.4242,91.1302,92.00582
1997-10-09,1286.94935,2864.26166,2336.63367,95.45187,89.2962,90.15263
1997-10-10,1284.04876,2858.13048,2331.59233,95.39757,89.25598,90.11043
1997-10-13,1286.87659,2864.7456,2336.9491,95.95735,89.78997,90.64794
1997-10-14,1282.00031,2854.21589,2328.31983,95.63641,89.50038,90.35397
1997-10-15,1282.02217,2854.58636,2328.5825,95.56128,89.44068,90.2921
1997-10-16,1292.26546,2877.71067,2347.40592,96.0678,89.92505,90.7795
1997-10-17,1273.76646,2836.84909,2314.03514,95.32845,89.24382,90.09018
1997-10-20,1261.00835,2808.7612,2291.08484,94.86629,88.82186,89.66262
1997-10-21,1266.23002,2820.70579,2300.78887,95.52564,89.44932,90.29446
1997-10-22,1261.42305,2810.31807,2292.27692,95.34371,89.28961,90.13163
1997-10-23,1220.30518,2719.04664,2217.79289,91.72986,85.91526,86.72412
1997-10-24,1222.12479,2723.40664,2221.3114,92.20662,86.37169,87.18332
1997-10-27,1196.64445,2666.94463,2175.22218,89.40456,83.757,84.54266
1997-10-28,1161.89897,2589.82403,2112.28535,85.03759,79.67465,80.42091
1997-10-29,1203.88396,2683.67667,2188.79527,88.81811,83.22356,84.00194
1997-10-30,1185.69794,2643.44799,2155.94844,86.33339,80.90512,81.66045
1997-10-31,1193.34805,2660.79738,2170.06145,87.26289,81.78517,82.54732
1997-11-03,1207.88767,2693.50838,2196.70221,89.12923,83.54282,84.32
1997-11-04,1206.79201,2691.3694,2194.92047,88.0457,82.5373,83.30364
1997-11-05,1206.34455,2690.67514,2194.31701,88.44538,82.92151,83.68995
1997-11-06,1201.6531,2680.51695,2185.99563,87.80874,82.33461,83.09614
1997-11-07,1173.25964,2617.49512,2134.56455,84.82918,79.55024,80.28472
1997-11-10,1167.47962,2604.89821,2124.25572,85.08841,79.80261,80.538
1997-11-11,1170.88225,2612.78207,2130.64871,84.67926,79.42845,80.15897
1997-11-12,1148.11809,2562.2899,2089.43851,83.24903,78.09646,78.81335
1997-11-13,1148.00631,2562.32937,2089.43521,83.77873,78.60231,79.32246
1997-11-14,1140.65926,2546.2235,2076.26654,83.53429,78.38236,79.09908
1997-11-17,1182.2405,2639.30787,2152.13374,87.02164,81.66149,82.40707
1997-11-18,1191.38635,2660.01827,2168.98451,87.20336,81.84158,82.58735
1997-11-19,1167.32501,2606.60744,2125.39732,85.57708,80.32513,81.05567
1997-11-20,1184.7933,2645.89813,2157.39787,86.69042,81.37895,82.11769
1997-11-21,1204.60601,2690.4318,2193.67224,89.08368,83.63361,84.39153
1997-11-24,1192.48833,2663.67686,2171.8205,87.49088,82.14831,82.89132
1997-11-25,1165.80351,2604.38326,2123.43984,85.91768,80.68105,81.40937
1997-11-26,1168.17041,2609.96323,2127.95323,86.71139,81.43546,82.16917
1997-11-27,1180.11351,2636.93468,2149.90708,88.02786,82.68063,83.42418
1997-11-28,1179.62835,2636.14816,2149.22932,87.91322,82.58277,83.32395
1997-12-01,1193.84058,2668.19814,2175.32248,89.54726,84.12645,84.88011
1997-12-02,1200.2996,2682.93121,2187.29688,89.77394,84.34924,85.10339
1997-12-03,1197.20135,2676.31003,2181.86182,89.55023,84.1491,84.89995
1997-12-04,1199.43731,2681.60901,2186.14469,89.79783,84.39159,85.1431
1997-12-05,1199.13806,2681.24247,2185.80875,89.88008,84.47883,85.2296
1997-12-08,1199.29485,2681.89526,2186.30379,90.60683,85.17146,85.92691
1997-12-09,1202.52401,2689.41702,2192.39836,90.97413,85.5266,86.28368
1997-12-10,1197.52746,2678.54817,2183.50106,90.31005,84.91258,85.6627
1997-12-11,1172.20746,2622.22786,2137.55375,88.20957,82.94775,83.67908
1997-12-12,1169.57452,2616.63501,2132.95842,87.46027,82.25315,82.97687
1997-12-15,1168.57337,2614.69072,2131.33734,87.88863,82.66549,83.39138
1997-12-16,1175.89201,2631.35705,2144.8863,88.84677,83.57588,84.30834
1997-12-17,1203.6105,2693.666,2195.63864,90.01352,84.68257,85.42329
1997-12-18,1196.24709,2677.49424,2182.4198,89.83256,84.52241,85.26021
1997-12-19,1166.17689,2610.50533,2127.78147,87.47227,82.31161,83.02871
1997-12-22,1152.61429,2580.44622,2103.24512,86.81332,81.70146,82.41178
1997-12-23,1160.23325,2597.79019,2117.34572,87.19859,82.0735,82.7856
1997-12-24,1161.92905,2601.87912,2120.64242,87.13019,82.01884,82.72899
1997-12-25,1161.92905,2602.17247,2120.84549,NA,NA,NA
1997-12-26,1162.88419,2604.60438,2122.79152,NA,NA,NA
1997-12-29,1179.56372,2642.24749,2153.43466,88.63546,83.46438,84.18264
1997-12-30,1190.43019,2666.88061,2173.47378,90.17346,84.92154,85.65094
1997-12-31,1188.38926,2662.61013,2169.95655,89.93736,84.70932,85.43537
1998-01-01,1188.38926,2662.91033,2170.16434,NA,NA,NA
1998-01-02,1188.16587,2662.71011,2169.96432,90.56826,85.32331,86.05159
1998-01-05,1188.77122,2664.36658,2171.27738,91.09621,85.83048,86.56159
1998-01-06,1180.77517,2646.74968,2156.8842,91.08469,85.82977,86.55933
1998-01-07,1179.7911,2644.84277,2155.29363,91.14336,85.89517,86.62375
1998-01-08,1171.90942,2627.47592,2141.10497,90.50937,85.30804,86.0301
1998-01-09,1155.84235,2591.75682,2111.96205,89.06275,83.95483,84.66395
1998-01-12,1123.08909,2518.62079,2052.33073,86.34793,81.40547,82.09171
1998-01-13,1140.54899,2558.05058,2084.42522,87.7226,82.71021,83.40607
1998-01-14,1156.4567,2594.00855,2113.68966,89.34069,84.24458,84.95197
1998-01-15,1156.58375,2594.5859,2114.1242,89.24328,84.16273,84.86792
1998-01-16,1188.34982,2666.12282,2172.37712,91.99159,86.76269,87.48835
1998-01-19,1202.87832,2699.01096,2199.1373,93.47986,88.17568,88.91169
1998-01-20,1203.02683,2699.6484,2199.61932,93.4306,88.13965,88.87378
1998-01-21,1209.77424,2715.09062,2212.16377,93.67611,88.38155,89.11613
1998-01-22,1211.69074,2719.69689,2215.87917,92.47107,87.25529,87.97894
1998-01-23,1221.75712,2742.59253,2234.49552,92.85779,87.6303,88.35551
1998-01-26,1232.52718,2767.07245,2254.40197,92.93274,87.71135,88.43567
1998-01-27,1241.10606,2786.63968,2270.30533,93.91847,88.65147,89.38203
1998-01-28,1246.82529,2799.79209,2280.98201,95.32645,89.99009,90.73017
1998-01-29,1244.51075,2794.91158,2276.9672,95.25404,89.9324,90.6704
1998-01-30,1241.2017,2787.79699,2271.1325,95.72831,90.39054,91.1307
1998-02-02,1262.77752,2836.5599,2310.81892,97.80748,92.36311,93.11794
1998-02-03,1273.09543,2860.05109,2329.91659,98.02533,92.57964,93.33458
1998-02-04,1278.3514,2872.1784,2339.75627,97.93386,92.50423,93.2569
1998-02-05,1294.31442,2908.35898,2369.18976,98.30982,92.87008,93.62408
1998-02-06,1295.05448,2910.34942,2370.77093,98.35709,92.92569,93.67848
1998-02-09,1290.30424,2900.0049,2362.30418,99.05837,93.59883,94.35544
1998-02-10,1295.22948,2911.39886,2371.54527,99.39997,93.93248,94.69012
1998-02-11,1296.565,2914.72837,2374.21708,100.01669,94.52603,95.2868
1998-02-12,1290.00176,2900.30596,2362.42907,99.04425,93.61838,94.37016
1998-02-13,1275.07886,2867.0892,2335.33296,98.41375,93.03368,93.7791
1998-02-16,1277.82368,2873.58287,2340.58251,98.29884,92.93611,93.67907
1998-02-17,1287.2225,2895.03789,2358.01796,99.04921,93.65608,94.40317
1998-02-18,1292.31526,2906.81546,2367.57062,99.72568,94.3064,95.05702
1998-02-19,1286.33597,2893.69703,2356.84578,98.98099,93.61355,94.35697
1998-02-20,1287.62934,2896.93209,2359.4406,99.08964,93.72731,94.46996
1998-02-23,1294.50324,2912.72,2372.25897,99.50869,94.13453,94.87875
1998-02-24,1284.01809,2889.46141,2353.27613,97.83893,92.56629,93.29647
1998-02-25,1295.46244,2915.53447,2374.47061,98.9726,93.64911,94.38623
1998-02-26,1306.28528,2940.2149,2394.53021,100.43285,95.04097,95.78745
1998-02-27,1319.25378,2969.72909,2418.52569,101.14153,95.72243,96.47259
1998-03-02,1339.89028,3016.50684,2456.57945,102.34815,96.87498,97.63252
1998-03-03,1335.89593,3007.85651,2449.49321,102.53026,97.0587,97.81595
1998-03-04,1319.46144,2971.20038,2419.60074,101.31542,95.92041,96.66706
1998-03-05,1299.60554,2926.83291,2383.42971,99.48007,94.19433,94.92588
1998-03-06,1317.92238,2968.40414,2417.24168,102.05032,96.63743,97.38646
1998-03-09,1322.96335,2980.09005,2426.71658,102.19452,96.78534,97.53378
1998-03-10,1326.36585,2988.08863,2433.18859,102.59008,97.17119,97.92089
1998-03-11,1321.57981,2977.64584,2424.6439,102.49493,97.09259,97.83995
1998-03-12,1321.40587,2977.58975,2424.55704,102.15917,96.78613,97.52939
1998-03-13,1345.25003,3031.64172,2468.52795,103.65745,98.21611,98.9687
1998-03-16,1339.10738,3018.1437,2457.4954,102.93741,97.5457,98.2914
1998-03-17,1351.53748,3046.49274,2480.53623,103.89292,98.46211,99.21311
1998-03-18,1338.87564,3018.30158,2457.54056,102.97642,97.6054,98.34811
1998-03-19,1346.20372,3035.158,2471.22331,103.87457,98.4677,99.21527
1998-03-20,1351.95919,3048.4734,2482.02256,104.54062,99.11034,99.86105
1998-03-23,1358.60697,3063.80328,2494.46157,104.74459,99.31533,100.06583
1998-03-24,1362.48586,3072.89391,2501.82041,104.96619,99.53707,100.28747
1998-03-25,1374.93536,3101.31164,2524.91407,106.13072,100.65242,101.4095
1998-03-26,1375.69398,3103.37204,2526.54862,105.92517,100.46947,101.22337
1998-03-27,1375.12126,3102.43026,2525.73899,105.57959,100.15368,100.90342
1998-03-30,1353.84574,3054.79033,2486.91247,104.50282,99.14434,99.88475
1998-03-31,1358.27379,3065.12371,2495.28252,105.46793,100.07111,100.81671
1998-04-01,1362.98604,3076.10056,2504.17613,106.12959,100.71037,101.45896
1998-04-02,1357.9408,3065.06349,2495.14876,105.78601,100.39637,101.14082
1998-04-03,1358.5659,3066.81967,2496.536,106.09178,100.69826,101.44316
1998-04-06,1376.17788,3106.91299,2529.13092,106.74908,101.33367,102.0815
1998-04-07,1377.27282,3109.73467,2531.38488,106.86377,101.45446,102.20137
1998-04-08,1381.86116,3120.44277,2540.05834,106.80339,101.40916,102.15392
1998-04-09,1400.46336,3162.79089,2574.48625,107.67366,102.24695,102.99608
1998-04-10,1400.87683,3164.08101,2575.49267,NA,NA,NA
1998-04-13,1397.04819,3155.79224,2568.70217,NA,NA,NA
1998-04-14,1411.07423,3187.82378,2594.73065,108.13142,102.71777,103.46486
1998-04-15,1414.14438,3195.11747,2600.62319,107.70513,102.32512,103.06751
1998-04-16,1385.89392,3131.66196,2548.93138,105.88151,100.60492,101.33305
1998-04-17,1379.54567,3117.6734,2537.5027,105.05085,99.82778,100.54849
1998-04-20,1388.6267,3138.54242,2554.44481,106.0031,100.74391,101.46949
1998-04-21,1395.09031,3153.50167,2566.57649,105.68576,100.45434,101.17604
1998-04-22,1389.52925,3141.28972,2556.594,105.37909,100.17484,100.89273
1998-04-23,1376.93886,3113.18732,2533.6794,104.39584,99.25224,99.96174
1998-04-24,1370.50789,3099.00157,2522.09145,104.10656,98.98906,99.6949
1998-04-27,1335.28055,3019.71085,2457.52014,101.27416,96.30754,96.99263
1998-04-28,1344.43762,3040.75483,2474.60427,101.96868,96.97898,97.66715
1998-04-29,1344.64508,3041.56678,2475.22301,102.35591,97.35851,98.04766
1998-04-30,1367.39373,3093.35437,2517.32494,103.83226,98.77336,99.47086
1998-05-01,1377.44731,3116.4411,2536.06951,NA,NA,NA
1998-05-04,1395.03149,3156.56661,2568.67889,105.3757,100.26422,100.96874
1998-05-05,1389.86729,3145.24007,2559.41838,104.26949,99.22377,99.91921
1998-05-06,1385.61263,3135.9687,2551.83053,104.00631,98.98515,99.67715
1998-05-07,1368.38863,3097.3488,2520.36167,102.3275,97.39932,98.07851
1998-05-08,1371.37315,3104.45186,2526.09865,103.22483,98.26441,98.94792
1998-05-11,1387.23479,3140.70003,2555.55047,104.44697,99.43868,100.12867
1998-05-12,1375.41605,3114.30247,2534.02811,103.61312,98.6568,99.33959
1998-05-13,1373.83066,3111.06469,2531.35062,103.82117,98.86646,99.54894
1998-05-14,1370.63821,3104.18777,2525.71226,103.46766,98.54164,99.22011
1998-05-15,1368.379,3099.42236,2521.79207,103.48404,98.56887,99.24577
1998-05-18,1343.64963,3043.77083,2476.47029,101.95517,97.12451,97.78976
1998-05-19,1360.49343,3082.26101,2507.74408,102.99018,98.12134,98.79173
1998-05-20,1376.79814,3119.53866,2538.03028,103.98902,99.08395,99.7592
1998-05-21,1389.22394,3148.03784,2561.1735,NA,NA,NA
1998-05-22,1392.22689,3155.19595,2566.95358,104.29673,99.40045,100.07432
1998-05-25,1391.72558,3154.41582,2566.27532,104.4089,99.51904,100.19194
1998-05-26,1394.54596,3161.16248,2571.72039,104.8935,99.99245,100.66679
1998-05-27,1364.49626,3093.41622,2516.56389,102.16439,97.40266,98.05788
1998-05-28,1359.67371,3082.83445,2507.9128,103.1149,98.31981,98.9795
1998-05-29,1359.13861,3081.96905,2507.1662,102.89694,98.1237,98.78031
1998-06-01,1347.24169,3055.34522,2485.4657,NA,NA,NA
1998-06-02,1356.06784,3075.70127,2501.98248,102.49736,97.76597,98.41668
1998-06-03,1365.90963,3098.36484,2520.37576,102.8599,98.12313,98.77448
1998-06-04,1364.31183,3095.09064,2517.6696,102.53634,97.8262,98.47382
1998-06-05,1369.29157,3106.73396,2527.09782,103.00321,98.28293,98.93184
1998-06-08,1375.8641,3121.9928,2539.46664,103.72165,98.97964,99.63143
1998-06-09,1373.85602,3117.78929,2536.00439,103.67312,98.94505,99.59484
1998-06-10,1355.99352,3077.61299,2503.28265,102.61237,97.94461,98.58608
1998-06-11,1331.51188,3022.40729,2458.33764,101.49484,96.88975,97.52257
1998-06-12,1311.70365,2977.79489,2422.01023,100.47975,95.93241,96.55726
1998-06-15,1283.8104,2914.82124,2370.75017,98.66858,94.21474,94.82674
1998-06-16,1298.23133,2947.88388,2397.60074,98.90391,94.45046,95.06232
1998-06-17,1336.7531,3035.66649,2468.95499,100.99181,96.45414,97.07743
1998-06-18,1347.1113,3059.52575,2488.31785,101.74678,97.18615,97.81247
1998-06-19,1348.96729,3064.08496,2491.98355,102.19169,97.62236,98.24977
1998-06-22,1328.58521,3018.1439,2454.57869,101.00464,96.50018,97.11865
1998-06-23,1330.22767,3022.21446,2457.84744,100.99173,96.49925,97.11599
1998-06-24,1333.89298,3030.88062,2464.85342,101.5467,97.04062,97.65912
1998-06-25,1351.08659,3070.28031,2496.8527,102.74333,98.19488,98.81906
1998-06-26,1343.8678,3054.22586,2483.75453,102.22227,97.70868,98.32801
1998-06-29,1354.1729,3077.98508,2503.03348,103.50535,98.94585,99.57135
1998-06-30,1367.80484,3109.30949,2528.46373,104.29933,99.71608,100.34471
1998-07-01,1385.4921,3149.8572,2561.3933,106.20026,101.54403,102.18252
1998-07-02,1384.02685,3146.88193,2558.93042,106.49811,101.84068,102.47922
1998-07-03,1393.31993,3168.36143,2576.35304,107.01617,102.34783,102.98775
1998-07-06,1393.72947,3169.6497,2577.35682,106.74357,102.09932,102.73586
1998-07-07,1399.08669,3182.18763,2587.50793,107.41961,102.75763,103.39647
1998-07-08,1400.59502,3185.97627,2590.54455,107.76308,103.09816,103.73729
1998-07-09,1385.68339,3152.42301,2563.21867,107.17809,102.55088,103.18477
1998-07-10,1378.49498,3136.42858,2550.17039,106.09198,101.52403,102.14976
1998-07-13,1394.2176,3172.5465,2579.49339,106.90829,102.31672,102.94555
1998-07-14,1414.10225,3218.14083,2616.52022,107.95768,103.33249,103.96579
1998-07-15,1420.60618,3233.30141,2628.80195,108.37502,103.74394,104.37793
1998-07-16,1427.95816,3250.39502,2642.65486,108.35244,103.7346,104.36667
1998-07-17,1441.37271,3281.289,2667.72717,109.25132,104.60689,105.24246
1998-07-20,1451.99637,3305.83791,2687.6401,109.68853,105.03764,105.67398
1998-07-21,1438.4702,3275.42172,2662.86663,108.94241,104.3358,104.96601
1998-07-22,1411.54813,3214.50188,2613.2956,107.05867,102.54427,103.16185
1998-07-23,1403.0573,3195.53266,2597.83009,106.60815,102.12503,102.73825
1998-07-24,1407.34142,3205.6479,2606.00909,106.38245,101.92099,102.53116
1998-07-27,1378.17539,3139.58866,2552.26361,103.92401,99.57778,100.17221
1998-07-28,1383.16611,3151.30914,2561.74803,104.65913,100.29349,100.89045
1998-07-29,1377.0064,3137.63381,2550.58784,103.56491,99.25703,99.84604
1998-07-30,1389.27464,3165.93509,2573.55031,104.10356,99.7847,100.37508
1998-07-31,1380.06089,3145.30014,2556.73301,104.16016,99.85071,100.43971
1998-08-03,1353.49875,3085.12963,2507.77961,102.60006,98.36721,98.94571
1998-08-04,1350.06219,3077.64609,2501.65405,102.16352,97.96047,98.53481
1998-08-05,1335.1845,3044.08485,2474.33198,100.37432,96.25665,96.81932
1998-08-06,1318.76457,3007.00047,2444.14717,99.1221,95.06743,95.62145
1998-08-07,1327.7833,3027.89873,2461.09188,99.88081,95.80589,96.36254
1998-08-10,1301.73743,2968.85711,2413.06179,98.40863,94.40533,94.95217
1998-08-11,1264.97148,2885.35699,2345.1542,95.7331,91.84975,92.38024
1998-08-12,1280.87412,2921.94691,2374.85336,96.46498,92.56236,93.09536
1998-08-13,1269.21439,2895.68394,2353.46785,96.29834,92.41347,92.94395
1998-08-14,1272.68389,2903.9241,2360.12496,96.65809,92.76943,93.30032
1998-08-17,1268.25526,2894.1489,2352.14037,96.81435,92.93029,93.46045
1998-08-18,1299.83997,2966.534,2410.92844,99.24355,95.27139,95.81341
1998-08-19,1312.13405,2994.91958,2433.95633,100.26463,96.26224,96.80825
1998-08-20,1306.60737,2982.64563,2423.9402,99.45138,95.49307,96.03299
1998-08-21,1259.1629,2874.69941,2336.17531,96.04133,92.22966,92.74965
1998-08-24,1262.96887,2883.71057,2343.45858,96.11237,92.30875,92.82754
1998-08-25,1279.92409,2922.7398,2375.13552,97.47366,93.62621,94.15083
1998-08-26,1251.77189,2858.79637,2323.13334,95.79226,92.02245,92.53646
1998-08-27,1214.01869,2772.91508,2253.30613,92.91169,89.26596,89.7631
1998-08-28,1204.26065,2750.94458,2235.41469,91.37844,87.80361,88.29106
1998-08-31,1207.45403,2758.54776,2241.55497,90.56024,87.02802,87.5096
1998-09-01,1208.84972,2762.0466,2244.35996,89.71502,86.22626,86.70186
1998-09-02,1231.43663,2813.95339,2286.49911,91.69254,88.13576,88.62049
1998-09-03,1226.31508,2802.5701,2277.21087,89.83076,86.35676,86.8302
1998-09-04,1225.07183,2800.04548,2275.12087,90.6052,87.11099,87.58705
1998-09-07,1266.47215,2894.96401,2352.20506,92.51293,88.95419,89.43889
1998-09-08,1276.90797,2919.13933,2371.80763,93.92369,90.3203,90.81093
1998-09-09,1252.40909,2863.47332,2326.53956,92.57789,89.03702,89.51911
1998-09-10,1229.79598,2812.10509,2284.76485,89.17142,85.7709,86.23395
1998-09-11,1221.85578,2794.26986,2270.23564,87.79599,84.45826,84.91273
1998-09-14,1242.1325,2840.94466,2308.11791,90.05812,86.64285,87.10772
1998-09-15,1242.85864,2842.92537,2309.68791,89.32818,85.95104,86.41066
1998-09-16,1245.54448,2849.38805,2314.8991,90.0166,86.62318,87.08489
1998-09-17,1216.21108,2782.61811,2260.61578,86.9048,83.63859,84.08304
1998-09-18,1196.58948,2738.04837,2224.36943,86.29205,83.05894,83.49883
1998-09-21,1162.13606,2659.53616,2160.55042,83.1617,80.05529,80.478
1998-09-22,1177.91553,2695.93843,2190.08567,84.88679,81.72426,82.15446
1998-09-23,1197.3179,2740.63857,2226.3607,86.35203,83.14362,83.57993
1998-09-24,1203.86786,2755.93669,2238.75013,86.10378,82.91452,83.34813
1998-09-25,1187.76358,2719.38891,2209.02359,84.21693,81.10746,81.53022
1998-09-28,1198.20156,2743.58752,2228.64286,85.74253,82.58532,83.01443
1998-09-29,1200.15119,2748.35996,2232.48165,85.50141,82.36294,82.78942
1998-09-30,1168.77151,2676.82455,2174.33714,83.36533,80.31502,80.72952
1998-10-01,1134.84452,2599.43929,2111.443,79.78126,76.87085,77.26644
1998-10-02,1114.61733,2553.41038,2074.02011,77.82256,74.99272,75.37736
1998-10-05,1095.18057,2509.1812,2038.06028,76.52301,73.74946,74.12642
1998-10-06,1132.75025,2595.52003,2108.15242,79.46028,76.58692,76.97731
1998-10-07,1169.03188,2678.92657,2175.86053,80.67172,77.76283,78.15791
1998-10-08,1142.80411,2619.13806,2127.26362,78.79027,75.95847,76.34308
1998-10-09,1151.88525,2640.24095,2144.36698,80.41118,77.52903,77.92034
1998-10-12,1199.1639,2748.88071,2232.56472,84.48776,81.46572,81.87588
1998-10-13,1200.06654,2751.25929,2234.45859,84.23894,81.23553,81.64308
1998-10-14,1209.98285,2774.29802,2253.13144,84.71449,81.70345,82.11191
1998-10-15,1227.11851,2813.89063,2285.24758,85.58446,82.55163,82.96291
1998-10-16,1258.04558,2885.10939,2343.04675,86.75702,83.69165,84.1072
1998-10-19,1257.6316,2884.48549,2342.50029,87.12378,84.05514,84.47102
1998-10-20,1276.71971,2928.58031,2378.26947,89.08846,85.95925,86.38317
1998-10-21,1271.06924,2915.95227,2367.97416,89.05846,85.94047,86.36277
1998-10-22,1271.07922,2916.30391,2368.2195,89.64526,86.51655,86.94017
1998-10-23,1270.28981,2914.82194,2366.97585,89.06357,85.96556,86.38495
1998-10-26,1267.52856,2908.81607,2362.05869,89.41748,86.31713,86.7367
1998-10-27,1279.19368,2935.9075,2384.01739,90.76126,87.62366,88.04812
1998-10-28,1262.35288,2897.59518,2352.86715,89.08244,86.0134,86.42855
1998-10-29,1275.09505,2927.16306,2376.83611,89.89815,86.81068,87.22818
1998-10-30,1288.92916,2959.24357,2402.84448,90.97325,87.85844,88.27949
1998-11-02,1324.1676,3040.46157,2468.74988,93.48407,90.29198,90.7233
1998-11-03,1314.68034,3019.0253,2451.30278,93.48543,90.30396,90.73372
1998-11-04,1341.50696,3080.95535,2501.54452,95.72693,92.47834,92.917
1998-11-05,1328.03536,3050.3702,2476.66928,94.28269,91.09427,91.52475
1998-11-06,1320.53152,3033.48245,2462.9159,93.71017,90.55207,90.97836
1998-11-09,1292.58714,2969.64488,2411.04483,92.58389,89.47467,89.8943
1998-11-10,1279.31077,2939.48472,2386.51744,91.97183,88.89394,89.30925
1998-11-11,1298.34883,2983.54948,2422.25175,93.33249,90.21869,90.63868
1998-11-12,1277.60867,2936.23608,2383.79912,91.99189,88.9337,89.34613
1998-11-13,1287.01725,2958.18496,2401.57767,92.66933,89.59874,90.01269
1998-11-16,1321.93459,3038.75612,2466.9468,94.12137,91.01232,91.43129
1998-11-17,1313.50124,3019.71723,2451.44889,93.44133,90.3657,90.78007
1998-11-18,1315.37096,3024.35513,2455.17231,93.59824,90.52805,90.94155
1998-11-19,1332.15836,3063.28505,2486.73341,95.19799,92.08498,92.50408
1998-11-20,1351.14879,3107.28816,2522.41173,97.29539,94.12329,94.55015
1998-11-23,1362.57893,3133.91844,2543.98627,99.20386,95.9794,96.41313
1998-11-24,1365.49966,3140.98782,2549.6816,99.39054,96.17126,96.60414
1998-11-25,1355.77217,3118.97138,2531.7669,98.22064,95.05086,95.47701
1998-11-26,1374.32312,3161.9894,2566.64241,99.79813,96.58766,97.01909
1998-11-27,1374.82683,3163.50453,2567.82866,99.84338,96.64285,97.07281
1998-11-30,1353.3195,3114.383,2527.91375,98.19615,95.06006,95.4813
1998-12-01,1323.61578,3046.39135,2472.6839,95.07522,92.04981,92.4562
1998-12-02,1324.24043,3048.17214,2474.08731,94.90804,91.89889,92.30298
1998-12-03,1334.62584,3072.41544,2493.72235,95.57042,92.55074,92.95607
1998-12-04,1336.45457,3076.97072,2497.37723,95.60308,92.5933,92.99717
1998-12-07,1335.49124,3075.10023,2495.81669,95.68977,92.68815,93.09079
1998-12-08,1341.8596,3090.10719,2507.95407,95.89125,92.89417,93.29605
1998-12-09,1357.59262,3126.67766,2537.59185,96.80865,93.7933,94.19746
1998-12-10,1356.62012,3124.79093,2536.01753,96.30386,93.31551,93.71593
1998-12-11,1340.11535,3087.13504,2505.41432,94.77806,91.84829,92.24081
1998-12-14,1335.38968,3076.59942,2496.82157,94.18883,91.28832,91.6768
1998-12-15,1334.33183,3074.50969,2495.08327,94.36903,91.47367,91.86132
1998-12-16,1346.17369,3102.1352,2517.4597,95.61914,92.69544,93.0867
1998-12-17,1357.69074,3129.01853,2539.23308,96.45359,93.51483,93.90793
1998-12-18,1361.67325,3138.54746,2546.92266,96.47413,93.54579,93.93735
1998-12-21,1380.8581,3183.11014,2583.04131,98.17455,95.20454,95.60148
1998-12-22,1372.48128,3164.16343,2567.62279,97.93718,94.9857,95.38003
1998-12-23,1390.62399,3206.33685,2601.80107,99.31659,96.33389,96.73219
1998-12-24,1383.90514,3191.21038,2589.48265,99.17569,96.20866,96.60473
1998-12-25,1386.23137,3196.93306,2594.08221,NA,NA,NA
1998-12-28,1394.32183,3215.94725,2609.46656,99.9822,97.01343,97.40939
1998-12-29,1405.97122,3243.17218,2631.51259,100.42125,97.45067,97.8467
1998-12-30,1399.35522,3228.28012,2619.3847,99.75266,96.81358,97.20529
1998-12-31,1405.03889,3241.75303,2630.27178,100.63845,97.68417,98.07772
1999-01-01,1405.03951,3241.75449,2630.27296,100.00004,97.07626,97.46562
1999-01-04,1435.6526,3312.73238,2687.81739,101.68956,98.72676,99.1211
1999-01-05,1445.10961,3334.56721,2705.53051,102.49406,99.519,99.91478
1999-01-06,1466.49599,3383.91687,2745.57079,104.57443,101.54936,101.95158
1999-01-07,1457.71028,3363.64911,2729.12526,104.38882,101.3812,101.78094
1999-01-08,1449.11243,3343.80809,2713.02707,104.83308,101.8244,102.22409
1999-01-11,1437.18122,3316.40516,2690.77979,104.1367,101.16026,101.55553
1999-01-12,1416.81872,3269.46924,2652.694,102.58565,99.66575,100.05342
1999-01-13,1382.75286,3191.05908,2589.04827,98.7418,95.94252,96.31421
1999-01-14,1388.9264,3205.42041,2600.67706,99.20808,96.40666,96.77845
1999-01-15,1395.37926,3220.31162,2612.75888,100.61924,97.78847,98.16394
1999-01-18,1420.31603,3278.72503,2660.14767,102.35559,99.48639,99.86674
1999-01-19,1418.00509,3272.57604,2655.15878,102.10541,99.25508,99.63277
1999-01-20,1430.07062,3300.42085,2677.75029,103.29459,100.42205,100.80248
1999-01-21,1423.68954,3285.69428,2665.80209,102.72271,99.87814,100.25471
1999-01-22,1390.10658,3208.18873,2602.91903,100.30828,97.54244,97.90854
1999-01-25,1391.68052,3211.8926,2605.92412,100.59556,97.83318,98.19863
1999-01-26,1396.50836,3223.13231,2615.02528,100.84423,98.08645,98.45112
1999-01-27,1394.07883,3217.52589,2610.47664,101.28577,98.52727,98.89183
1999-01-28,1394.07532,3217.51681,2610.46928,102.03952,99.27169,99.63728
1999-01-29,1399.23953,3229.45693,2620.15154,102.97215,100.19018,100.55743
1999-02-01,1412.28134,3259.69121,2644.66768,104.41,101.6001,101.97081
1999-02-02,1415.18372,3266.38977,2650.1024,104.16385,101.37269,101.74076
1999-02-03,1398.66972,3228.29178,2619.18805,103.02547,100.27705,100.63936
1999-02-04,1393.16913,3215.59465,2608.88659,103.12931,100.38992,100.75085
1999-02-05,1384.08766,3194.63532,2591.8818,102.48883,99.77853,100.13547
1999-02-08,1373.23813,3169.68731,2571.62874,102.02443,99.33837,99.69195
1999-02-09,1353.44684,3124.01626,2534.57236,100.10021,97.47673,97.82199
1999-02-10,1345.63818,3105.99321,2519.94995,99.33369,96.74205,97.08297
1999-02-11,1358.88364,3136.56538,2544.7537,100.52455,97.91252,98.25591
1999-02-12,1369.37825,3160.78905,2564.40683,101.47605,98.85029,99.19526
1999-02-15,1369.34772,3160.82361,2564.43447,101.84856,99.22464,99.56917
1999-02-16,1364.8539,3150.45765,2556.02347,102.02734,99.41045,99.75386
1999-02-17,1357.34062,3133.14033,2541.96945,100.98696,98.40875,98.74695
1999-02-18,1355.76558,3129.50396,2539.01918,100.96865,98.40255,98.73897
1999-02-19,1348.22339,3112.31761,2525.02761,101.5517,98.98207,99.31874
1999-02-22,1359.28556,3139.03326,2546.70205,102.97426,100.37942,100.71915
1999-02-23,1367.92982,3159.06366,2562.94182,104.11515,101.50271,101.84451
1999-02-24,1375.01837,3175.4338,2576.22288,104.91264,102.29171,102.63439
1999-02-25,1371.42183,3167.17835,2569.51563,103.71503,101.13637,101.47338
1999-02-26,1364.23365,3150.57737,2556.04735,103.8622,101.29176,101.62749
1999-03-01,1343.59417,3104.82421,2518.87146,102.70253,100.17301,100.50325
1999-03-02,1340.79962,3098.37328,2513.63795,102.54519,100.03146,100.35944
1999-03-03,1332.70632,3079.69174,2498.47651,102.01957,99.53073,99.85529
1999-03-04,1331.10074,3076.01283,2495.48542,102.72941,100.2346,100.55971
1999-03-05,1367.97558,3161.26251,2564.63711,105.36608,102.81728,103.14917
1999-03-08,1366.66897,3159.45037,2563.16521,104.95591,102.42934,102.75814
1999-03-09,1376.69774,3182.86069,2582.14172,105.67753,103.14527,103.47458
1999-03-10,1392.68847,3219.83256,2612.13569,106.2463,103.71228,104.04157
1999-03-11,1398.24841,3232.68617,2622.56337,107.88671,105.32476,105.65742
1999-03-12,1413.33721,3267.58621,2650.87328,107.93487,105.3842,105.71517
1999-03-15,1416.70828,3275.97408,2657.66585,108.18737,105.64306,105.97297
1999-03-16,1424.28781,3293.50169,2671.88531,109.12015,106.56581,106.89677
1999-03-17,1429.04165,3304.50955,2680.81206,108.49474,105.96785,106.29505
1999-03-18,1415.28141,3273.01731,2655.18868,107.66032,105.16563,105.48848
1999-03-19,1434.49374,3317.4809,2691.25108,109.73106,107.19944,107.52678
1999-03-22,1425.19286,3296.69663,2674.34577,109.22954,106.72235,107.04632
1999-03-23,1404.61626,3249.11424,2635.74206,107.7266,105.26679,105.58448
1999-03-24,1389.61057,3214.89274,2607.86925,106.34154,103.92606,104.23785
1999-03-25,1405.88078,3252.64921,2638.47049,108.06655,105.62305,105.93819
1999-03-26,1390.60166,3220.62847,2611.9427,108.27131,105.83555,106.14945
1999-03-29,1403.49221,3251.07761,2636.63099,109.44829,106.99783,107.31335
1999-03-30,1402.61307,3249.23921,2635.09457,108.92238,106.49653,106.80866
1999-03-31,1419.50855,3288.61429,2667.02204,109.88726,107.45192,107.765
1999-04-01,1428.56412,3309.77137,2684.15492,110.42973,107.99475,108.30752
1999-04-02,1424.54747,3300.46549,2676.60807,110.36423,107.94349,108.25418
1999-04-05,1416.93484,3282.83502,2662.30854,110.44506,108.03527,108.3443
1999-04-06,1440.3016,3337.1824,2706.38274,111.85434,109.42567,109.73683
1999-04-07,1449.87797,3359.52962,2724.50584,112.23823,109.81394,110.12427
1999-04-08,1461.67027,3386.91407,2746.69971,112.75422,110.33148,110.64133
1999-04-09,1460.87321,3385.10734,2745.2272,113.29403,110.87242,111.18184
1999-04-12,1458.10348,3379.34976,2740.49329,112.34427,109.95633,110.26123
1999-04-13,1470.13472,3407.28249,2763.13683,113.86436,111.45613,111.76331
1999-04-14,1476.89261,3423.00175,2775.87108,114.17086,111.76916,112.07523
1999-04-15,1459.489,3382.68277,2743.1732,113.70368,111.32519,111.62805
1999-04-16,1462.68462,3390.13715,2749.2092,114.18682,111.81111,112.11333
1999-04-19,1471.32535,3410.89208,2765.96887,115.86247,113.46403,113.76882
1999-04-20,1446.2047,3352.68242,2718.75972,113.41942,111.08512,111.38159
1999-04-21,1438.19301,3334.19175,2703.74632,113.31212,110.9932,111.28745
1999-04-22,1450.86888,3363.64382,2727.61819,114.42949,112.10013,112.39539
1999-04-23,1458.45604,3381.64544,2742.11296,114.5038,112.18614,112.47963
1999-04-26,1465.83758,3399.88442,2756.67117,115.54464,113.21853,113.51277
1999-04-27,1487.89551,3451.7133,2798.51046,116.77122,114.43303,114.72848
1999-04-28,1484.79308,3444.81103,2792.84893,116.70309,114.37982,114.67309
1999-04-29,1474.48147,3421.04723,2773.54539,116.35219,114.04957,114.33995
1999-04-30,1475.35625,3423.80402,2775.61794,116.54777,114.25466,114.54353
1999-05-03,1477.2909,3428.80494,2779.56729,116.83312,114.54775,114.83534
1999-05-04,1478.61268,3432.135,2782.21784,116.48572,114.22081,114.50554
1999-05-05,1468.78953,3409.34884,2763.74358,114.95333,112.732,113.01102
1999-05-06,1487.53578,3453.16033,2799.20845,115.34036,113.12468,113.40267
1999-05-07,1476.6861,3428.29731,2778.98926,114.39827,112.21432,112.48807
1999-05-10,1479.04376,3435.54892,2784.5167,114.42183,112.25068,112.52252
1999-05-11,1467.14793,3408.47095,2762.49862,114.31635,112.16051,112.43013
1999-05-12,1459.70986,3391.43809,2748.64377,114.29623,112.15404,112.42165
1999-05-13,1460.27164,3392.76099,2749.71363,114.83513,112.69579,112.96271
1999-05-14,1444.63993,3356.64235,2720.40769,112.8361,110.74756,111.00792
1999-05-17,1412.48126,3282.45185,2660.27066,110.58266,108.5491,108.80241
1999-05-18,1423.43169,3308.33721,2681.17956,111.54969,109.51058,109.76424
1999-05-19,1421.89702,3306.09778,2679.08365,111.50261,109.47733,109.72896
1999-05-20,1430.66292,3326.49019,2695.60655,112.53318,110.50148,110.75357
1999-05-21,1425.735,3315.29833,2686.4819,112.88396,110.85879,111.10974
1999-05-24,1423.58381,3311.81782,2683.42986,112.52708,110.52156,110.76977
1999-05-25,1414.74357,3291.55407,2666.96215,111.44358,109.47071,109.7146
1999-05-26,1406.44792,3272.39493,2651.4098,112.18053,110.20712,110.45073
1999-05-27,1393.82214,3243.93182,2628.2233,111.38076,109.43469,109.67464
1999-05-28,1397.32425,3253.30985,2635.56294,111.68197,109.74341,109.9821
1999-05-31,1397.72195,3254.56055,2636.50868,112.01371,110.08218,110.31966
1999-06-01,1408.44683,3280.25041,2657.23982,112.47952,110.55271,110.78926
1999-06-02,1409.53804,3282.82864,2659.31989,113.72401,111.78816,112.02545
1999-06-03,1411.69228,3288.52657,2663.76374,113.95832,112.03158,112.2674
1999-06-04,1414.2145,3294.78633,2668.73282,114.69925,112.77278,113.0082
1999-06-07,1428.99869,3329.88385,2697.13502,115.98273,114.04722,114.28336
1999-06-08,1446.73437,3371.27578,2730.64729,115.96381,114.0421,114.2762
1999-06-09,1453.91411,3388.47244,2744.44735,116.49461,114.57729,114.81047
1999-06-10,1454.21971,3389.31718,2745.10697,115.86372,113.97054,114.20044
1999-06-11,1472.12883,3431.47096,2779.16507,117.25149,115.34822,115.57895
1999-06-14,1455.26587,3392.81584,2747.83306,116.5694,114.69106,114.91843
1999-06-15,1456.03277,3394.77224,2749.38014,116.82678,114.95772,115.18358
1999-06-16,1457.8667,3399.24647,2752.94865,118.11929,116.24231,116.46872
1999-06-17,1467.95526,3423.36252,2772.35867,118.91362,117.0373,117.26321
1999-06-18,1472.92923,3435.25288,2781.92899,118.52957,116.67328,116.89641
1999-06-21,1480.13306,3453.26474,2796.3024,119.88848,118.02384,118.24755
1999-06-22,1478.01471,3448.35877,2792.3253,119.85629,118.00612,118.22769
1999-06-23,1461.36247,3409.53265,2760.88074,118.44845,116.63426,116.85118
1999-06-24,1454.27989,3393.01735,2747.50554,117.47562,115.69039,115.90349
1999-06-25,1461.23454,3409.44921,2760.77266,116.68403,114.92475,115.13438
1999-06-28,1458.11241,3402.57355,2755.11594,117.48429,115.72605,115.93513
1999-06-29,1458.15748,3402.71262,2755.22216,117.8857,116.13491,116.34268
1999-06-30,1450.55819,3385.20281,2740.99888,117.55563,115.8236,116.02875
1999-07-01,1475.8804,3445.08142,2789.30879,120.3782,118.61635,118.82457
1999-07-02,1482.73431,3461.08165,2802.26336,121.25675,119.49553,119.70322
1999-07-05,1503.0785,3508.63975,2840.76696,122.78831,121.01798,121.22628
1999-07-06,1499.81586,3501.02666,2834.60223,122.28869,120.54006,120.74538
1999-07-07,1488.99679,3475.94933,2814.26108,121.71529,119.98932,120.19155
1999-07-08,1480.0133,3455.09802,2797.3533,121.50983,119.80103,120.00081
1999-07-09,1481.6067,3458.86743,2800.39528,121.52127,119.82646,120.02416
1999-07-12,1482.90816,3462.20864,2803.08119,122.23984,120.54876,120.74554
1999-07-13,1473.50644,3440.31877,2785.34639,120.97561,119.31657,119.50921
1999-07-14,1484.6884,3466.42678,2806.48392,121.56524,119.91188,120.10338
1999-07-15,1504.73421,3513.23591,2844.38006,122.73761,121.08175,121.27304
1999-07-16,1494.96891,3490.43653,2825.92126,122.27523,120.64009,120.82853
1999-07-19,1494.7695,3491.00069,2826.19588,122.78766,121.15964,121.34676
1999-07-20,1496.64541,3495.38228,2829.74304,120.1546,118.57597,118.75705
1999-07-21,1489.37199,3478.39679,2815.99219,118.53449,116.99146,117.16805
1999-07-22,1474.14313,3442.8285,2787.19729,117.42871,115.91419,116.08708
1999-07-23,1455.66528,3399.74719,2752.30453,116.2282,114.74315,114.91226
1999-07-26,1459.84984,3409.68326,2760.34837,114.48417,113.03524,113.19984
1999-07-27,1464.61715,3420.84193,2769.37817,115.18228,113.73746,113.90109
1999-07-28,1473.55247,3441.71152,2786.27338,116.03238,114.58983,114.7527
1999-07-29,1469.45594,3432.14232,2778.52652,114.61372,113.20264,113.36153
1999-07-30,1491.96556,3484.73643,2821.10005,116.50533,115.08309,115.24272
1999-08-02,1486.31732,3471.91941,2810.70066,116.50514,115.0965,115.2541
1999-08-03,1485.19778,3469.30403,2808.58337,116.40101,115.00728,115.16271
1999-08-04,1486.05414,3471.30555,2810.20341,115.39142,114.02365,114.17572
1999-08-05,1460.82882,3412.40442,2762.51516,113.03361,111.70744,111.85448
1999-08-06,1454.79443,3398.96859,2751.50787,112.77028,111.46052,111.60524
1999-08-09,1452.9012,3395.89469,2749.00535,113.48136,112.17609,112.31979
1999-08-10,1439.89255,3365.48994,2724.39245,112.13518,110.85893,110.99898
1999-08-11,1436.20797,3356.89057,2717.42839,112.60372,111.33498,111.47367
1999-08-12,1460.40796,3413.45663,2763.21905,114.65166,113.37164,113.51101
1999-08-13,1469.33468,3434.32029,2780.10834,116.1984,114.9135,115.05284
1999-08-16,1483.84067,3470.35374,2809.23984,117.33446,116.04988,116.1886
1999-08-17,1481.49946,3464.88409,2804.81125,117.84061,116.56391,116.7012
1999-08-18,1492.23902,3490.0154,2825.15495,118.3513,117.08255,117.2184
1999-08-19,1491.30101,3487.86615,2823.41513,117.28078,116.03764,116.1702
1999-08-20,1511.88167,3536.199,2862.50003,118.67039,117.42534,117.5575
1999-08-23,1524.82213,3566.68412,2887.17179,120.4554,119.20433,119.3365
1999-08-24,1516.33782,3546.84038,2871.10859,120.4226,119.18597,119.316
1999-08-25,1517.17128,3548.9598,2872.82424,121.27242,120.04064,120.16952
1999-08-26,1509.55401,3531.2044,2858.43975,120.99335,119.77871,119.90518
1999-08-27,1510.26412,3532.927,2859.81944,120.73185,119.5341,119.65818
1999-08-30,1515.48239,3545.41206,2869.86944,121.23018,120.04133,120.16382
1999-08-31,1495.70521,3499.22188,2832.46448,118.34543,117.19914,117.31673
1999-09-01,1519.62263,3555.22653,2877.79777,119.88035,118.73205,118.84918
1999-09-02,1514.41879,3543.08318,2867.96239,118.18137,117.06367,117.17708
1999-09-03,1522.56646,3562.16706,2883.4045,120.01063,118.88826,119.00147
1999-09-06,1535.54145,3593.33853,2908.56045,121.31939,120.19799,120.3104
1999-09-07,1525.27123,3569.32881,2889.12166,120.30893,119.21137,119.32072
1999-09-08,1524.04374,3566.47477,2886.80702,120.16674,119.08463,119.19175
1999-09-09,1542.29147,3609.23339,2921.40567,122.0315,120.94544,121.05223
1999-09-10,1535.33748,3593.00962,2908.26189,122.53698,121.46043,121.56554
1999-09-13,1535.19964,3592.81002,2908.0879,123.51086,122.43952,122.54335
1999-09-14,1531.15144,3583.38252,2900.45711,122.68912,121.63964,121.74063
1999-09-15,1527.01148,3573.69327,2892.61445,122.76347,121.72769,121.82659
1999-09-16,1510.17075,3534.31012,2860.73698,121.33953,120.33046,120.42609
1999-09-17,1506.37532,3525.43164,2853.55058,121.01131,120.01933,120.11256
1999-09-20,1517.19973,3551.14935,2874.35079,121.79891,120.81419,120.90594
1999-09-21,1523.46205,3565.80829,2886.21598,121.54276,120.5745,120.66392
1999-09-22,1506.11311,3525.2008,2853.34771,119.84404,118.90386,118.98994
1999-09-23,1509.20737,3532.44333,2859.2099,120.91338,119.9782,120.063
1999-09-24,1485.02284,3475.87227,2813.41324,118.57227,117.66959,117.7507
1999-09-27,1488.27543,3486.29098,2821.41981,119.09367,118.20063,118.28003
1999-09-28,1492.67964,3496.63752,2829.78649,118.81471,117.93785,118.01497
1999-09-29,1491.70745,3494.38256,2827.95635,117.52287,116.66978,116.744
1999-09-30,1509.05455,3535.02804,2860.85019,118.42624,117.57983,117.6526
1999-10-01,1514.67064,3548.28059,2871.56681,118.32256,117.49083,117.56145
1999-10-04,1522.18589,3566.22236,2886.0868,118.89852,118.0763,118.1452
1999-10-05,1523.45685,3569.30812,2888.58246,119.19832,118.38782,118.45482
1999-10-06,1529.24724,3582.87995,2899.56592,119.37198,118.57421,118.63921
1999-10-07,1543.62186,3616.56471,2926.82495,120.19655,119.40678,119.47017
1999-10-08,1538.4254,3604.49615,2917.04247,120.98111,120.19983,120.26154
1999-10-11,1544.42982,3618.78583,2928.59641,121.31631,120.54689,120.60665
1999-10-12,1544.05296,3617.93455,2927.90749,120.27495,119.52667,119.58379
1999-10-13,1525.98501,3575.59823,2893.64573,118.50304,117.78021,117.83442
1999-10-14,1525.86743,3575.39581,2893.4724,118.2796,117.57214,117.62416
1999-10-15,1513.88947,3547.33338,2870.7616,116.24596,115.56481,115.61392
1999-10-18,1489.92762,3491.24687,2825.36461,114.79097,114.1323,114.17878
1999-10-19,1507.42426,3532.24545,2858.54357,116.68761,116.03028,116.07562
1999-10-20,1515.48209,3551.12711,2873.82395,117.52907,116.88021,116.92385
1999-10-21,1512.6306,3544.44696,2868.4179,116.95521,116.32354,116.3649
1999-10-22,1525.46207,3574.5148,2892.75094,119.238,118.6062,118.64645
1999-10-25,1525.09746,3573.67185,2892.06602,119.38257,118.76395,118.80215
1999-10-26,1530.6215,3586.62936,2902.55004,120.81075,120.19785,120.23447
1999-10-27,1519.34049,3560.19478,2881.15733,120.60376,120.0062,120.04063
1999-10-28,1532.00792,3589.97517,2905.24026,121.77121,121.18131,121.214
1999-10-29,1563.88334,3664.78446,2965.75263,124.35212,123.76229,123.79369
1999-11-01,1562.05878,3660.71496,2962.44146,124.42012,123.84456,123.87378
1999-11-02,1564.54812,3666.54849,2967.16225,124.6184,124.05645,124.08353
1999-11-03,1565.81256,3669.51145,2969.56003,124.86192,124.3134,124.33834
1999-11-04,1580.01404,3702.79512,2996.49491,126.42865,125.88694,125.91006
1999-11-05,1571.4838,3682.80543,2980.31821,126.14465,125.61915,125.63999
1999-11-08,1566.73805,3671.9607,2971.52206,126.26091,125.74971,125.76834
1999-11-09,1576.84991,3695.65982,2990.70052,126.66664,126.16844,126.18491
1999-11-10,1593.5441,3734.82127,3022.39135,127.6335,127.14581,127.16021
1999-11-11,1601.82849,3754.25487,3038.11791,128.65459,128.1774,128.1897
1999-11-12,1595.38131,3739.14412,3025.88959,129.21089,128.74647,128.75657
1999-11-15,1603.67025,3759.14946,3042.07544,130.03974,129.58706,129.59497
1999-11-16,1605.17169,3762.67292,3044.92608,130.14886,129.71106,129.71668
1999-11-17,1618.50969,3793.93759,3070.2269,130.15073,129.72825,129.73157
1999-11-18,1626.36736,3812.35681,3085.13254,131.746,131.33265,131.33378
1999-11-19,1625.11791,3809.91505,3083.10558,131.95815,131.55954,131.55835
1999-11-22,1623.51646,3806.59673,3080.35368,131.37499,130.99391,130.99039
1999-11-23,1629.79091,3821.4473,3092.37097,132.33117,131.96222,131.95638
1999-11-24,1616.6796,3790.75205,3067.52237,132.5089,132.15496,132.14678
1999-11-25,1633.39477,3829.9546,3099.24555,133.89864,133.55572,133.54517
1999-11-26,1645.57683,3858.53548,3122.36969,135.94402,135.61029,135.59732
1999-11-29,1643.0467,3852.83661,3117.75154,136.4363,136.11711,136.10171
1999-11-30,1616.56286,3790.73308,3067.49678,134.17712,133.87962,133.86211
1999-12-01,1623.99425,3808.20256,3081.6246,134.66688,134.38384,134.36391
1999-12-02,1624.08593,3808.5743,3081.89725,135.26502,134.99626,134.97387
1999-12-03,1646.05928,3860.10345,3123.59461,137.38262,137.1242,137.09918
1999-12-06,1665.46848,3905.96324,3160.69073,136.11402,135.87453,135.84732
1999-12-07,1674.65461,3927.5054,3178.12259,136.8447,136.61956,136.58981
1999-12-08,1667.86046,3911.57153,3165.22895,136.0368,135.8294,135.79741
1999-12-09,1668.49251,3913.10534,3166.45891,137.01098,136.81756,136.78297
1999-12-10,1668.06317,3912.15388,3165.67801,137.16441,136.98686,136.9498
1999-12-13,1661.90286,3897.90628,3154.14517,137.29953,137.13793,137.09839
1999-12-14,1655.71647,3883.39982,3142.40645,137.60459,137.45869,137.41663
1999-12-15,1643.48714,3854.72159,3119.19903,136.86724,136.73863,136.69435
1999-12-16,1663.61624,3901.93484,3157.40349,136.5703,136.45825,136.41163
1999-12-17,1669.91235,3916.70222,3169.35308,138.25508,138.15668,138.10715
1999-12-20,1677.96506,3935.86575,3184.85964,139.05953,138.97641,138.92416
1999-12-21,1675.59506,3930.32044,3180.36958,138.80119,138.73476,138.68013
1999-12-22,1696.9289,3980.36617,3220.86535,140.69392,140.64174,140.58401
1999-12-23,1721.69865,4038.4718,3267.88372,141.70032,141.66377,141.60316
1999-12-24,1730.98248,4060.24825,3285.50499,142.4644,142.44395,142.38052
1999-12-27,1727.03961,4051.1469,3278.11595,142.61741,142.6137,142.54767
1999-12-28,1736.02996,4072.23492,3295.18002,144.03585,144.04806,143.9789
1999-12-29,1742.99066,4088.93283,3308.69168,144.99482,145.02355,144.95141
1999-12-30,1760.04044,4128.9303,3341.05691,146.74911,146.79419,146.71868
1999-12-31,1760.04044,4128.9303,3341.05691,146.74911,146.81154,146.73341
2000-01-03,1774.13313,4162.1949,3367.93302,146.04458,146.12432,146.04395
2000-01-04,1735.47169,4071.57659,3294.60647,140.78883,140.88228,140.80258
2000-01-05,1684.75637,3952.59268,3198.328,136.21183,136.31848,136.23915
2000-01-06,1660.75696,3896.28868,3152.76835,134.11579,134.23724,134.15676
2000-01-07,1679.84463,3941.07752,3189.00863,136.44831,136.58617,136.50204
2000-01-10,1695.50563,3978.02164,3218.87005,138.04913,138.2037,138.11624
2000-01-11,1708.74697,4009.11598,3244.02505,138.67466,138.84591,138.75561
2000-01-12,1698.79599,3985.81374,3225.16619,138.20931,138.39659,138.30411
2000-01-13,1706.50132,4004.0072,3239.86359,138.84971,139.05384,138.95849
2000-01-14,1721.1325,4038.33656,3267.64139,142.08749,142.31057,142.21074
2000-01-17,1735.94014,4073.1254,3295.78885,143.88556,144.12711,144.02357
2000-01-18,1705.64468,4002.04445,3238.27272,141.01784,141.27185,141.16792
2000-01-19,1688.95331,3962.88028,3206.58287,139.76921,140.038,139.93249
2000-01-20,1689.23688,3963.54624,3207.12173,139.84114,140.12659,140.01852
2000-01-21,1682.79975,3948.44125,3194.89946,139.66795,139.96969,139.85925
2000-01-24,1681.10063,3944.45542,3191.6743,140.17424,140.49333,140.38001
2000-01-25,1659.37399,3893.47759,3150.42536,137.79209,138.12267,138.00885
2000-01-26,1673.62185,3926.96406,3177.51205,139.70396,140.05419,139.93643
2000-01-27,1683.75048,3950.72883,3196.74136,142.37679,142.74845,142.62611
2000-01-28,1675.03467,3930.278,3180.19354,142.86119,143.25072,143.12543
2000-01-31,1646.62065,3863.82427,3126.4059,140.6603,141.06109,140.93524
2000-02-01,1650.96154,3874.00966,3134.64738,141.82843,142.2485,142.11914
2000-02-02,1669.50851,3917.53072,3169.86235,143.52501,143.96581,143.83245
2000-02-03,1706.09579,4003.40223,3239.34054,144.88197,145.34309,145.20597
2000-02-04,1709.89206,4012.30953,3246.54785,145.85645,146.33727,146.19667
2000-02-07,1695.08438,3977.61146,3218.46165,144.82245,145.31748,145.17526
2000-02-08,1719.59355,4035.13234,3265.00197,145.69511,146.20977,146.06414
2000-02-09,1730.47445,4060.68588,3285.67393,146.10599,146.63916,146.49052
2000-02-10,1721.96009,4040.70657,3269.50781,146.04367,146.59398,146.44278
2000-02-11,1719.71979,4035.44981,3265.25434,145.85367,146.42067,146.26704
2000-02-14,1701.2444,3992.12634,3230.19237,145.07437,145.65592,145.50051
2000-02-15,1673.68159,3927.48219,3177.8804,142.22328,142.81087,142.65601
2000-02-16,1685.75801,3955.82065,3200.81018,143.22765,143.83565,143.67719
2000-02-17,1703.65068,3997.80897,3234.78456,144.40288,145.03214,144.86986
2000-02-18,1693.92084,3974.97743,3216.31067,143.70935,144.35298,144.18889
2000-02-21,1670.39879,3921.20933,3172.79516,141.43381,142.08465,141.92064
2000-02-22,1682.69422,3950.07208,3196.14905,139.65226,140.31205,140.1476
2000-02-23,1698.5852,3987.37717,3226.33397,141.42754,142.11115,141.9422
2000-02-24,1696.60785,3982.84403,3222.64494,142.35494,143.05926,142.8867
2000-02-25,1707.20172,4007.95294,3242.91042,145.77575,146.51152,146.33249
2000-02-28,1684.35201,3955.36664,3200.35404,145.58731,146.33952,146.15811
2000-02-29,1689.34249,3967.08604,3209.83641,146.64809,147.42243,147.23712
2000-03-01,1720.93947,4041.29103,3269.87691,148.56537,149.366,149.17574
2000-03-02,1741.13154,4088.73586,3308.26534,150.58851,151.41635,151.22095
2000-03-03,1743.17069,4093.54815,3312.1543,151.47813,152.32823,152.129
2000-03-06,1744.82039,4098.94139,3316.48696,151.70036,152.56959,152.36734
2000-03-07,1740.96775,4089.88996,3309.16339,151.96615,152.8548,152.64947
2000-03-08,1723.82451,4049.61796,3276.57898,150.5169,151.41552,151.20944
2000-03-09,1738.28108,4083.61377,3304.07676,149.92306,150.83627,150.62828
2000-03-10,1742.90931,4094.57562,3312.92476,151.03142,151.96852,151.75634
2000-03-13,1703.52753,4003.96357,3239.60322,147.2676,148.19935,147.98992
2000-03-14,1701.83332,4000.00529,3236.39503,147.72472,148.67662,148.46391
2000-03-15,1679.0933,3946.57349,3193.16067,144.82572,145.77677,145.56568
2000-03-16,1711.87673,4023.63903,3255.51197,147.00856,147.98971,147.77296
2000-03-17,1722.14205,4047.79282,3275.04879,148.62313,149.63151,149.40981
2000-03-20,1733.92263,4075.69494,3297.5797,149.47003,150.50134,150.27573
2000-03-21,1736.74554,4082.37632,3302.97473,149.44362,150.49254,150.26428
2000-03-22,1724.37032,4053.48673,3279.55655,149.88338,150.95293,150.72131
2000-03-23,1727.73836,4062.04304,3286.32213,148.80646,149.88651,149.65385
2000-03-24,1755.86652,4128.24813,3339.86842,151.04229,152.15479,151.91608
2000-03-27,1760.4779,4139.44022,3348.9105,151.595,152.72924,152.48695
2000-03-28,1771.6207,4169.19579,3372.40372,153.09081,154.25334,154.006
2000-03-29,1767.36725,4159.26763,3364.35628,154.9421,156.1357,155.88271
2000-03-30,1733.90059,4080.61492,3300.71014,151.64227,152.82912,152.57885
2000-03-31,1753.16245,4126.13733,3337.49384,153.11856,154.33408,154.07871
2000-04-03,1730.87214,4074.00171,3295.27784,151.2587,152.47808,152.22308
2000-04-04,1728.07124,4067.47039,3289.98605,151.28285,152.52044,152.26267
2000-04-05,1711.86077,4029.39545,3259.18901,148.15657,149.38684,149.13179
2000-04-06,1721.65282,4052.52263,3277.88759,150.02946,151.29171,151.03085
2000-04-07,1735.39404,4084.89166,3304.0669,151.2979,152.5879,152.32219
2000-04-10,1738.67339,4093.10786,3310.68006,151.41006,152.719,152.45035
2000-04-11,1715.34693,4038.71435,3266.5775,148.89001,150.19555,149.92871
2000-04-12,1716.41566,4041.44131,3268.73748,149.76047,151.09087,150.81981
2000-04-13,1703.71748,4011.83607,3244.72844,149.01813,150.36007,150.08764
2000-04-14,1674.62496,3943.583,3189.48602,146.38159,147.71787,147.44766
2000-04-17,1626.95848,3832.34234,3099.32801,142.39371,143.71096,143.44567
2000-04-18,1645.76301,3876.79974,3135.25134,144.90447,146.26023,145.98784
2000-04-19,1655.89925,3900.69036,3154.56972,147.1378,148.53023,148.25116
2000-04-20,1662.14476,3916.29814,3167.00088,147.85782,149.2742,148.99112
2000-04-21,1660.9668,3913.52265,3164.75642,147.75303,149.1861,148.90054
2000-04-24,1671.27806,3937.81806,3184.40344,148.64654,150.10538,149.81544
2000-04-25,1668.26864,3931.87405,3179.38846,150.33881,151.83089,151.53506
2000-04-26,1670.85106,3938.65375,3184.68315,151.19922,152.71727,152.41704
2000-04-27,1643.87619,3875.31411,3133.41271,150.70825,152.23961,151.93762
2000-04-28,1659.27882,3912.17333,3163.09998,152.17876,153.74213,153.43452
2000-05-01,1664.63724,3925.08011,3173.48035,153.14919,154.74011,154.42782
2000-05-02,1686.93389,3978.30986,3216.43218,155.28599,156.91597,156.59667
2000-05-03,1649.93593,3891.174,3145.95542,154.65688,156.29905,155.97822
2000-05-04,1650.52177,3893.11604,3147.41638,154.61642,156.27664,155.95309
2000-05-05,1652.42864,3897.91001,3151.22859,154.69101,156.37047,156.04396
2000-05-08,1641.95672,3873.64299,3131.56007,153.53871,155.22449,154.89761
2000-05-09,1623.30579,3830.20833,3096.3416,150.34796,152.01729,151.69454
2000-05-10,1610.25812,3800.21621,3071.94938,147.68289,149.34091,149.02123
2000-05-11,1607.51248,3794.25528,3067.02486,148.67102,150.35718,150.03272
2000-05-12,1635.39328,3860.61889,3120.53939,150.7408,152.46683,152.13527
2000-05-15,1630.91457,3850.13905,3112.06852,148.74489,150.46647,150.1366
2000-05-16,1643.58669,3880.44176,3136.55525,151.76383,153.53604,153.19698
2000-05-17,1607.40561,3795.12135,3067.57629,150.78022,152.55942,152.2198
2000-05-18,1608.75279,3798.6025,3070.32885,150.45065,152.24414,151.90251
2000-05-19,1576.79681,3723.15663,3009.34757,147.61079,149.3887,149.05089
2000-05-22,1555.24692,3673.56592,2969.00128,143.7895,145.53903,145.20747
2000-05-23,1569.94706,3708.37239,2997.11907,144.38192,146.15552,145.82
2000-05-24,1553.44161,3669.50601,2965.68143,143.07652,144.85172,144.51662
2000-05-25,1577.67009,3726.87635,3012.01909,145.39617,147.2157,146.8727
2000-05-26,1585.31931,3746.9866,3027.85869,143.09514,144.90362,144.56346
2000-05-29,1599.1983,3779.80299,3054.37414,144.06782,145.90512,145.56008
2000-05-30,1622.5951,3835.61308,3099.42383,145.42315,147.29411,146.94327
2000-05-31,1617.12929,3823.47485,3089.41899,145.73031,147.62246,147.26824
2000-06-01,1638.03334,3872.96621,3129.39883,147.03542,148.96114,148.60115
2000-06-02,1690.44597,3997.501,3229.86219,149.63477,151.61036,151.24149
2000-06-05,1696.06032,4012.10118,3241.47484,150.07611,152.0752,151.70253
2000-06-06,1711.69014,4049.12728,3271.38077,149.18462,151.19012,150.81693
2000-06-07,1699.88701,4021.20649,3248.8229,148.43454,150.4481,150.07406
2000-06-08,1694.25944,4008.04951,3238.16033,148.50949,150.54182,150.16488
2000-06-09,1687.8795,3993.30731,3226.17069,148.33922,150.38708,150.00786
2000-06-12,1693.11011,4006.3116,3236.61721,148.34651,150.41225,150.0303
2000-06-13,1693.19124,4006.53759,3236.79285,147.30349,149.37282,148.99085
2000-06-14,1698.15231,4019.17939,3246.82432,147.997,150.09331,149.70687
2000-06-15,1674.13815,3962.71852,3201.19452,146.87671,148.97524,148.58903
2000-06-16,1681.46524,3980.17938,3215.2736,146.26052,148.36809,147.98082
2000-06-19,1685.78862,3991.61346,3224.27899,146.72058,148.85206,148.4609
2000-06-20,1699.44116,4024.01031,3250.44646,148.65965,150.83561,150.43671
2000-06-21,1685.94326,3992.07256,3224.64342,148.92074,151.1182,150.71589
2000-06-22,1676.20691,3969.41138,3206.25916,149.11666,151.33478,150.92922
2000-06-23,1665.80617,3944.78093,3186.3641,148.66615,150.89563,150.48857
2000-06-26,1658.48724,3927.50028,3172.40059,147.91819,150.15457,149.74683
2000-06-27,1666.74581,3947.16864,3188.2695,147.66983,149.9203,149.51054
2000-06-28,1676.56291,3970.54158,3207.12247,148.13131,150.40628,149.99254
2000-06-29,1663.46521,3939.56809,3182.09472,145.95567,148.21537,147.80505
2000-06-30,1678.61414,3975.47796,3211.09373,146.35526,148.63844,148.22434
2000-07-03,1691.56899,4006.92494,3236.36143,148.56973,150.90353,150.48062
2000-07-04,1689.40406,4001.79937,3232.22102,148.64515,150.99793,150.57208
2000-07-05,1684.37089,3990.18448,3222.76188,147.17193,149.51962,149.09529
2000-07-06,1680.61113,3981.2778,3215.56821,146.96634,149.32852,148.90207
2000-07-07,1694.04342,4013.09818,3241.26865,149.15542,151.56896,151.1336
2000-07-10,1703.52921,4035.78101,3259.55573,149.43958,151.87548,151.43656
2000-07-11,1698.86086,4024.72135,3250.62324,149.30431,151.75602,151.31476
2000-07-12,1693.70173,4012.55195,3240.78376,149.89121,152.37015,151.92444
2000-07-13,1680.12617,3980.62128,3214.9466,150.1526,152.65373,152.20449
2000-07-14,1686.84796,3996.58234,3227.83037,150.42357,152.94711,152.49431
2000-07-17,1688.24167,4000.06914,3230.63954,150.93437,153.48427,153.02718
2000-07-18,1665.4951,3946.21793,3187.14647,149.30804,151.849,151.39409
2000-07-19,1655.71305,3923.10085,3168.46316,149.71587,152.28149,151.82261
2000-07-20,1664.03082,3942.83635,3184.39661,150.43544,153.03097,152.56716
2000-07-21,1648.85294,3906.87799,3155.35413,147.7844,150.35259,149.89428
2000-07-24,1646.50937,3901.94192,3151.23468,147.47945,150.06025,149.60016
2000-07-25,1649.35677,3908.68978,3156.68429,146.44746,149.02826,148.56869
2000-07-26,1650.0642,3910.38993,3158.05353,146.35478,148.95161,148.48963
2000-07-27,1621.26818,3842.14818,3102.94105,144.26766,146.84543,146.3874
2000-07-28,1595.20463,3780.38171,3053.05808,143.80105,146.38802,145.92882
2000-07-31,1606.61292,3807.7498,3075.15408,144.90761,147.5311,147.06576
2000-08-01,1611.40425,3819.31073,3084.44855,145.50464,148.15603,147.68613
2000-08-02,1603.94987,3801.64255,3070.17985,146.68581,149.37549,148.89915
2000-08-03,1577.82276,3739.72161,3020.17214,145.81221,148.50383,148.02763
2000-08-04,1588.44066,3765.47191,3040.85089,146.10682,148.82127,148.34143
2000-08-07,1603.35965,3801.93427,3070.29649,147.51968,150.27706,149.78996
2000-08-08,1593.08073,3777.63582,3050.674,147.97493,150.75833,150.26702
2000-08-09,1605.84247,3807.89744,3075.11212,149.50927,152.33835,151.8393
2000-08-10,1613.96801,3827.16537,3090.67216,148.41402,151.24072,150.74258
2000-08-11,1611.98694,3822.52406,3086.91036,148.89536,151.74883,151.24635
2000-08-14,1617.23451,3837.37641,3098.8583,149.50399,152.38671,151.87945
2000-08-15,1630.50994,3868.89018,3124.30584,149.22094,152.11634,151.60728
2000-08-16,1636.14929,3882.27292,3135.11301,149.9834,152.91112,152.39673
2000-08-17,1629.09747,3865.55683,3121.61401,148.86346,151.78773,151.27443
2000-08-18,1625.7791,3857.96585,3115.44009,149.50835,152.46286,151.9446
2000-08-21,1616.87486,3837.05542,3098.5542,149.52036,152.49312,151.97206
2000-08-22,1619.39333,3843.03208,3103.38056,150.68697,153.70021,153.17238
2000-08-23,1619.2046,3842.58418,3103.01887,151.38576,154.43073,153.89769
2000-08-24,1626.5865,3860.10239,3117.16543,150.58506,153.63247,153.09946
2000-08-25,1638.37574,3888.07981,3139.75815,151.3161,154.39603,153.85768
2000-08-28,1641.01696,3894.68636,3145.02602,152.52077,155.64271,155.09733
2000-08-29,1633.84684,3877.72443,3131.32883,152.33719,155.47385,154.92631
2000-08-30,1620.88344,3846.9622,3106.48666,151.62753,154.76822,154.22041
2000-08-31,1618.9423,3842.44323,3102.83751,152.18695,155.3572,154.80458
2000-09-01,1655.3944,3928.97561,3172.71,153.72883,156.94856,156.38761
2000-09-04,1663.99069,3949.91798,3189.54948,154.57007,157.82546,157.25863
2000-09-05,1633.58678,3877.79328,3131.29889,154.06614,157.32978,156.76193
2000-09-06,1613.91328,3831.09634,3093.59041,153.60609,156.87877,156.30977
2000-09-07,1608.12915,3817.40082,3082.53135,154.30322,157.60889,157.03448
2000-09-08,1587.64589,3768.85113,3043.31052,153.14662,156.4465,155.87355
2000-09-11,1572.69391,3733.53711,3014.77792,152.51408,155.81907,155.24564
2000-09-12,1560.05777,3703.58293,2990.5902,151.48202,154.7834,154.21104
2000-09-13,1555.01666,3691.61809,2980.92876,150.32013,153.61484,153.04407
2000-09-14,1559.53656,3702.37723,2989.61661,151.30836,154.64227,154.065
2000-09-15,1551.44559,3683.16906,2974.10629,150.23559,153.56449,152.98851
2000-09-18,1532.43917,3638.44108,2937.93327,149.89744,153.23715,152.65968
2000-09-19,1534.0646,3642.3003,2941.04948,150.19707,153.5614,152.98
2000-09-20,1523.56098,3617.36177,2920.91236,150.24235,153.62582,153.04146
2000-09-21,1511.66939,3589.12778,2898.11425,148.12587,151.48022,150.90136
2000-09-22,1528.79151,3629.81583,2930.96118,144.91043,148.21005,147.64114
2000-09-25,1537.05055,3649.63231,2946.95103,147.10309,150.46866,149.88859
2000-09-26,1532.63747,3641.60938,2940.07686,145.53909,148.88704,148.31043
2000-09-27,1530.61704,3636.84666,2936.22247,145.15755,148.51449,147.93669
2000-09-28,1530.9634,3637.77979,2936.96691,144.91906,148.28814,147.70859
2000-09-29,1538.50561,3655.75593,2951.4667,145.70726,149.11172,148.52635
2000-10-02,1547.86656,3678.16289,2969.55569,146.72683,150.1721,149.57997
2000-10-03,1550.87205,3685.30476,2975.32167,147.90083,151.39067,150.79113
2000-10-04,1541.14589,3662.311,2956.75647,147.57107,151.07117,150.47022
2000-10-05,1542.69524,3666.43743,2959.96229,148.2886,151.82314,151.21655
2000-10-06,1533.18877,3643.85369,2941.72797,147.34091,150.87113,150.26567
2000-10-09,1509.51592,3587.88634,2896.54484,145.17444,148.67094,148.0717
2000-10-10,1508.74295,3586.1533,2895.13152,145.2338,148.74928,148.14709
2000-10-11,1486.86718,3534.15645,2853.15402,142.19445,145.65416,145.06199
2000-10-12,1477.67534,3512.30823,2835.51578,143.19153,146.69208,146.09316
2000-10-13,1479.16362,3515.88105,2838.40014,143.83608,147.36935,146.76509
2000-10-16,1473.53415,3502.65687,2827.71102,145.12071,148.70213,148.08986
2000-10-17,1459.82383,3470.07027,2801.40315,143.55899,147.11982,146.51146
2000-10-18,1441.20312,3425.80795,2765.66998,142.10405,145.64655,145.04171
2000-10-19,1454.02717,3456.32768,2790.30073,144.73458,148.35805,147.73953
2000-10-20,1465.85364,3484.4468,2813.00027,146.26893,149.94734,149.31965
2000-10-23,1470.76892,3496.15992,2822.45508,147.0403,150.75536,150.12167
2000-10-24,1492.47734,3547.76945,2864.11925,148.99671,152.77771,152.13296
2000-10-25,1472.14349,3499.43901,2825.10098,148.47428,152.26029,151.61502
2000-10-26,1463.61305,3479.29574,2808.82925,147.56051,151.34153,150.69747
2000-10-27,1488.2865,3537.96698,2856.19018,147.5998,151.39969,150.7527
2000-10-30,1489.43381,3540.71877,2858.40873,147.32024,151.13095,150.48243
2000-10-31,1500.60004,3567.37015,2879.90323,147.96065,151.80542,151.15135
2000-11-01,1524.18374,3623.43559,2925.1643,148.53362,152.41089,151.75154
2000-11-02,1526.20657,3628.26951,2929.06264,148.29844,152.18769,151.52661
2000-11-03,1535.10829,3649.43167,2946.14662,148.55888,152.4728,151.8078
2000-11-06,1539.06938,3659.0864,2953.92163,149.35728,153.30978,152.63846
2000-11-07,1537.11393,3654.44671,2950.17609,149.25417,153.22211,152.54846
2000-11-08,1527.72915,3632.15791,2932.17894,149.10515,153.0873,152.41154
2000-11-09,1514.68471,3601.20486,2907.19096,147.38452,151.3392,150.66847
2000-11-10,1501.96933,3570.98431,2882.79192,145.37713,149.29622,148.63192
2000-11-13,1477.15649,3512.7712,2835.77355,143.53235,147.41972,146.76117
2000-11-14,1497.03723,3560.05016,2873.94047,145.81165,149.77662,149.10508
2000-11-15,1504.15167,3576.96875,2887.59843,146.27446,150.26946,149.59307
2000-11-16,1485.03051,3531.50384,2850.89573,145.27711,149.26296,148.58844
2000-11-17,1479.08524,3517.36559,2839.48227,144.97551,148.97085,148.29502
2000-11-20,1455.55237,3461.9745,2794.70958,143.29912,147.26625,146.59555
2000-11-21,1451.59929,3452.72065,2787.23932,143.46765,147.45677,146.7826
2000-11-22,1424.07023,3387.25638,2734.39006,141.13908,145.08121,144.41537
2000-11-23,1429.16149,3399.36631,2744.1659,141.83711,145.81546,145.14371
2000-11-24,1438.5086,3421.88987,2762.30051,143.15576,147.18748,146.50689
2000-11-27,1462.1009,3478.1219,2807.69349,143.94382,148.01466,147.32767
2000-11-28,1454.87708,3460.9375,2793.82148,142.21906,146.25899,145.57757
2000-11-29,1449.05883,3447.09674,2782.64861,140.81034,144.8279,144.15058
2000-11-30,1442.75752,3432.21163,2770.60732,138.515,142.48452,141.81567
2000-12-01,1462.91619,3480.24757,2809.37613,140.05619,144.0857,143.40689
2000-12-04,1467.3042,3490.87448,2817.95275,137.88584,141.87028,141.19943
2000-12-05,1484.6692,3532.26627,2851.36562,140.21136,144.27815,143.59355
2000-12-06,1484.92093,3532.86778,2851.85086,140.29855,144.38488,143.69722
2000-12-07,1480.43018,3522.19602,2843.23626,139.05678,143.12436,142.44017
2000-12-08,1480.81685,3523.11717,2843.97966,139.35936,143.45255,142.76426
2000-12-11,1500.38309,3569.82259,2881.67888,142.83326,147.04294,146.33514
2000-12-12,1496.30189,3560.1123,2873.8404,142.56653,146.78585,146.07669
2000-12-13,1488.71059,3542.05052,2859.26034,142.10245,146.32557,145.61604
2000-12-14,1481.62908,3525.20166,2845.65938,139.53794,143.70243,143.00312
2000-12-15,1465.34255,3486.46359,2814.3863,136.45867,140.54841,139.86204
2000-12-18,1467.78939,3493.09713,2819.72944,136.94594,141.06662,140.37525
2000-12-19,1467.02772,3491.52954,2818.46122,137.59684,141.75339,141.05619
2000-12-20,1448.25137,3446.84357,2782.38908,133.47645,137.52505,136.84639
2000-12-21,1438.58874,3423.89514,2763.85296,131.53427,135.54055,134.8693
2000-12-22,1448.65297,3447.84839,2783.18862,131.10619,135.11562,134.44408
2000-12-25,1458.86582,3472.15537,2802.80981,132.03048,136.08356,135.40487
2000-12-26,1461.32378,3478.13896,2807.61836,131.48406,135.53667,134.85829
2000-12-27,1477.21177,3516.33586,2838.4516,132.67078,136.77522,136.0883
2000-12-28,1478.38484,3519.13196,2840.70791,133.47178,137.61668,136.92315
2000-12-29,1492.40743,3552.51119,2867.65223,132.85057,136.99268,136.29986
2001-01-01,1492.40743,3552.51119,2867.65223,132.85057,136.99268,136.29986
2001-01-02,1486.95546,3539.76755,2857.32553,131.16377,135.26223,134.57629
2001-01-03,1472.46247,3505.26631,2829.47589,130.11194,134.17754,133.4971
2001-01-04,1490.64382,3548.56717,2864.42598,131.88584,136.00761,135.31776
2001-01-05,1495.26847,3559.58106,2873.31552,131.31494,135.41904,134.73214
2001-01-08,1487.16337,3540.34069,2857.78412,130.85065,134.94231,134.2578
2001-01-09,1462.05149,3480.5656,2809.53205,129.90621,133.96858,133.28895
2001-01-10,1452.30896,3457.45323,2790.85933,129.01999,133.05776,132.38198
2001-01-11,1462.85391,3482.79205,2811.28179,128.705,132.74186,132.06622
2001-01-12,1469.44924,3498.49433,2823.95654,129.44194,133.50191,132.82241
2001-01-15,1465.78189,3489.79323,2816.93068,130.05101,134.13124,133.44842
2001-01-16,1458.31574,3472.01807,2802.58261,129.53297,133.59697,132.91687
2001-01-17,1474.33319,3510.15307,2833.36485,132.43359,136.5886,135.89327
2001-01-18,1489.47095,3546.19368,2862.45652,131.79602,135.93103,135.23904
2001-01-19,1481.70463,3527.70331,2847.53125,132.42678,136.58157,135.88627
2001-01-22,1483.61062,3532.33986,2851.27383,132.56168,136.72453,136.0285
2001-01-23,1483.93409,3533.11001,2851.8955,132.04004,136.1865,135.49321
2001-01-24,1472.12718,3504.99884,2829.20441,133.31728,137.50385,136.80386
2001-01-25,1475.46636,3512.94914,2835.62181,134.01176,138.22014,137.5165
2001-01-26,1473.54105,3508.41913,2831.95652,133.57559,137.7724,137.07061
2001-01-29,1473.85529,3509.20128,2832.58769,134.11321,138.32825,137.62362
2001-01-30,1479.55902,3522.78167,2843.54963,133.75117,137.95483,137.25211
2001-01-31,1491.29583,3550.8364,2866.17293,134.0221,138.23855,137.53332
2001-02-01,1495.35652,3560.50504,2873.9773,132.91489,137.0965,136.3971
2001-02-02,1476.9226,3516.61314,2838.54852,132.24688,136.40748,135.71159
2001-02-05,1476.66025,3516.00753,2838.0551,131.28798,135.41914,134.72808
2001-02-06,1471.9225,3504.72668,2828.94941,132.06801,136.22371,135.52855
2001-02-07,1459.23446,3474.52299,2804.56956,130.76812,134.88321,134.19488
2001-02-08,1441.18835,3431.55714,2769.88785,131.105,135.2308,134.54068
2001-02-09,1432.76119,3411.49742,2753.69484,129.54871,133.62576,132.94377
2001-02-12,1447.28794,3446.12906,2781.63854,130.10211,134.19824,133.51283
2001-02-13,1438.94036,3426.25267,2765.59476,130.53817,134.64803,133.96032
2001-02-14,1424.74246,3392.51563,2738.36297,129.63714,133.72137,133.03839
2001-02-15,1423.52464,3389.64773,2736.04292,131.66216,135.81147,135.11757
2001-02-16,1413.15523,3365.00298,2716.13899,128.96895,133.03522,132.35496
2001-02-19,1410.6612,3359.23523,2711.44201,128.05613,132.10035,131.42286
2001-02-20,1395.05534,3322.07269,2681.44588,128.28369,132.33509,131.6564
2001-02-21,1384.4655,3298.10732,2662.10145,126.84235,130.89794,130.22659
2001-02-22,1377.29188,3281.02969,2648.31427,126.79672,130.85131,130.18007
2001-02-23,1365.82716,3254.28303,2626.60802,125.67204,129.71318,129.042
2001-02-26,1375.56314,3277.52964,2645.35907,126.38002,130.44589,129.77034
2001-02-27,1385.04196,3300.11465,2663.58788,126.00422,130.058,129.38445
2001-02-28,1378.19606,3284.89611,2651.30285,125.25188,129.32449,128.65466
2001-03-01,1375.29182,3278.01232,2645.74681,123.63011,127.65148,126.99031
2001-03-02,1369.14991,3263.37383,2633.93162,122.31492,126.29354,125.6394
2001-03-05,1373.80533,3274.72746,2643.03928,123.58954,127.61965,126.95595
2001-03-06,1394.76211,3324.7096,2683.37439,125.28604,129.37255,128.69946
2001-03-07,1392.67666,3320.44493,2679.92714,125.51692,129.63854,128.96381
2001-03-08,1392.17848,3319.28398,2678.98372,124.85267,128.95352,128.28205
2001-03-09,1380.76425,3292.18074,2657.0845,123.83567,127.90743,127.24025
2001-03-12,1344.03525,3204.88539,2586.62801,120.88535,124.87095,124.21954
2001-03-13,1313.61541,3132.34853,2528.0843,119.68859,123.63472,122.98977
2001-03-14,1289.306,3076.09418,2482.67825,118.18879,122.15346,121.51605
2001-03-15,1304.67029,3112.75602,2512.26678,120.27663,124.31153,123.66282
2001-03-16,1270.96046,3032.32919,2447.35529,118.46261,122.43667,121.79773
2001-03-19,1268.16135,3025.80035,2442.04983,118.02402,121.98938,121.35099
2001-03-20,1284.91679,3065.81333,2474.3353,118.93443,122.93178,122.28806
2001-03-21,1279.32124,3052.82743,2463.83748,119.12897,123.14759,122.50188
2001-03-22,1220.78844,2913.69024,2351.41834,115.46021,119.37715,118.74484
2001-03-23,1258.19414,3003.13863,2423.56514,117.73885,121.74003,121.0932
2001-03-26,1302.07276,3108.13946,2508.22956,121.52514,125.66585,124.99455
2001-03-27,1321.05246,3157.10065,2547.07931,122.9259,127.26168,126.54901
2001-03-28,1304.73656,3118.9555,2516.25466,122.62968,126.98951,126.27584
2001-03-29,1283.95843,3069.5182,2476.31554,121.6619,125.99686,125.286
2001-03-30,1282.98657,3067.40143,2474.5648,121.29477,125.62511,124.91417
2001-04-02,1272.39837,3042.21931,2454.23887,120.57336,124.88339,124.1761
2001-04-03,1256.75872,3004.8414,2424.08403,118.45337,122.68825,121.99334
2001-04-04,1278.35604,3056.81506,2466.00009,118.34026,122.58455,121.88961
2001-04-05,1298.38511,3104.76857,2504.67111,121.02554,125.36855,124.65713
2001-04-06,1301.43707,3112.60736,2510.86835,120.67073,125.02273,124.30701
2001-04-09,1301.59574,3113.15912,2511.29169,120.59847,124.95478,124.23838
2001-04-10,1308.17883,3129.14733,2524.15707,122.82199,127.2685,126.53723
2001-04-11,1313.29425,3142.45423,2534.62918,124.06886,128.60433,127.85217
2001-04-12,1326.52046,3175.01495,2560.70921,124.08404,128.65706,127.89547
2001-04-13,1325.19022,3171.83103,2558.14131,123.95961,128.52804,127.76721
2001-04-16,1313.91428,3144.85609,2536.38552,124.17656,128.75356,127.9914
2001-04-17,1306.7635,3128.31189,2522.8816,123.80877,128.39566,127.62748
2001-04-18,1334.5945,3195.31895,2576.91084,127.80025,132.55083,131.7573
2001-04-19,1355.38815,3245.66094,2617.39755,127.42615,132.18553,131.38854
2001-04-20,1356.10832,3247.43582,2618.81872,125.76782,130.46728,129.68015
2001-04-23,1345.2076,3222.13565,2598.24111,125.29913,130.0135,129.22041
2001-04-24,1343.61133,3218.38673,2595.2012,125.62649,130.3562,129.56018
2001-04-25,1347.19639,3227.79153,2602.6677,125.49837,130.25624,129.45499
2001-04-26,1360.88437,3260.80622,2629.24259,126.11978,130.91001,130.10248
2001-04-27,1364.52964,3270.40936,2636.79747,127.76816,132.65624,131.82852
2001-04-30,1369.47157,3282.53894,2646.52698,129.09874,134.04937,133.21043
2001-05-01,1386.40134,3323.26082,2679.33011,130.00548,134.99665,134.15035
2001-05-02,1385.82427,3323.16266,2679.08466,129.90764,134.94724,134.09293
2001-05-03,1371.97497,3290.22633,2652.47697,128.32154,133.3107,132.46401
2001-05-04,1378.89586,3307.40991,2666.21064,128.75272,133.78235,132.92672
2001-05-07,1383.27251,3318.24608,2674.88028,129.69025,134.77026,133.90502
2001-05-08,1368.59539,3283.12144,2646.54843,129.2202,134.28521,133.42221
2001-05-09,1357.2842,3256.32104,2624.89888,128.28266,133.32459,132.46546
2001-05-10,1370.45751,3288.11286,2650.50009,129.68906,134.79393,133.92402
2001-05-11,1359.74845,3263.0898,2630.20523,129.71109,134.84457,133.96801
2001-05-14,1335.00669,3204.5266,2582.83174,127.66419,132.75027,131.8787
2001-05-15,1351.83866,3245.23511,2615.63326,128.58961,133.72514,132.84671
2001-05-16,1351.99923,3246.33265,2616.50281,127.77593,132.90812,132.03429
2001-05-17,1365.48776,3279.15981,2642.87236,129.49001,134.7091,133.81893
2001-05-18,1363.40357,3275.19548,2639.46375,129.94111,135.22135,134.31694
2001-05-21,1373.24747,3300.49639,2659.49613,131.14851,136.54622,135.61472
2001-05-22,1371.13838,3295.57894,2655.50232,132.24673,137.69598,136.75501
2001-05-23,1362.37965,3275.16979,2638.89438,132.27206,137.74939,136.79962
2001-05-24,1358.32789,3265.52834,2631.11815,132.37848,137.86439,136.91343
2001-05-25,1349.58895,3244.73224,2614.31913,131.64194,137.10633,136.15835
2001-05-28,1349.96689,3245.81044,2615.1557,131.18121,136.63362,135.68724
2001-05-29,1342.65954,3229.12948,2601.5379,131.37235,136.87036,135.91305
2001-05-30,1325.61208,3189.13172,2569.17015,129.22777,134.67834,133.72887
2001-05-31,1317.20545,3169.29093,2553.12129,129.87776,135.37213,134.41435
2001-06-01,1313.59402,3161.11048,2546.4303,129.69764,135.20616,134.24423
2001-06-04,1317.92319,3171.65934,2554.89732,129.94853,135.4733,134.50785
2001-06-05,1325.87567,3191.03121,2570.45687,130.67099,136.23645,135.26319
2001-06-06,1318.00733,3172.9413,2555.81167,130.08728,135.6641,134.69106
2001-06-07,1321.58767,3181.69689,2562.83259,129.89607,135.4705,134.49719
2001-06-08,1317.56618,3172.97415,2555.60477,129.79848,135.40964,134.42615
2001-06-11,1296.98163,3123.8301,2515.93692,128.77244,134.35765,133.37725
2001-06-12,1277.69644,3077.42011,2478.55038,125.76698,131.2235,130.26556
2001-06-13,1287.41312,3101.09985,2497.61538,126.3588,131.85275,130.88987
2001-06-14,1283.88058,3093.08257,2491.06006,124.94095,130.39399,129.43666
2001-06-15,1275.98675,3074.0705,2475.74729,123.6831,129.08147,128.13372
2001-06-18,1263.81497,3046.27656,2453.03036,122.6384,128.05549,127.09803
2001-06-19,1261.91529,3041.74854,2449.37389,123.01109,128.44679,127.48588
2001-06-20,1252.52443,3019.23853,2431.23293,122.88399,128.31943,127.35869
2001-06-21,1258.71621,3034.36172,2443.37024,123.2455,128.70532,127.73957
2001-06-22,1265.59034,3050.93305,2456.71403,123.79529,129.27946,128.30941
2001-06-25,1268.81597,3058.22341,2462.72628,123.11654,128.55023,127.593
2001-06-26,1256.69603,3029.17523,2439.31767,121.89098,127.27749,126.32887
2001-06-27,1252.68136,3019.56683,2431.57114,121.74886,127.13198,126.18397
2001-06-28,1248.98496,3010.69736,2424.42091,123.02778,128.46918,127.51078
2001-06-29,1261.49453,3040.86307,2448.71004,124.53889,130.04761,129.07731
2001-07-02,1271.95215,3066.52658,2469.30217,125.61581,131.19164,130.20891
2001-07-03,1262.84189,3044.57223,2451.6222,124.64982,130.18317,129.20792
2001-07-04,1253.53796,3022.27895,2433.66118,123.87045,129.37509,128.40539
2001-07-05,1234.55547,2976.51547,2396.80987,123.28472,128.76347,127.79832
2001-07-06,1215.54387,2930.67306,2359.89659,120.29379,125.63939,124.69771
2001-07-09,1217.40388,2935.18286,2363.52653,119.81106,125.13629,124.1983
2001-07-10,1221.91324,2946.17793,2372.36168,119.3135,124.62181,123.6867
2001-07-11,1212.87255,2924.4598,2354.87359,117.68821,122.92758,122.00519
2001-07-12,1221.43144,2945.34909,2371.64941,119.74914,125.09097,124.15
2001-07-13,1222.95523,2949.05025,2374.62398,120.01116,125.36582,124.42248
2001-07-16,1221.18207,2944.77645,2371.18235,119.36762,124.69365,123.75535
2001-07-17,1206.05016,2908.32726,2341.83287,118.37308,123.65644,122.72595
2001-07-18,1209.93507,2917.79838,2349.45917,116.06239,121.24689,120.33453
2001-07-19,1222.31508,2947.7438,2373.55538,117.4589,122.70955,121.78535
2001-07-20,1218.75561,2939.15975,2366.64341,116.69419,121.91066,120.99247
2001-07-23,1207.7821,2912.69782,2345.3356,116.28966,121.48812,120.5731
2001-07-24,1204.94397,2905.85336,2339.82437,115.16723,120.31552,119.40933
2001-07-25,1201.01644,2896.42809,2332.23154,114.17163,119.27732,118.37877
2001-07-26,1204.87195,2905.74744,2339.73216,114.85168,119.98866,119.08458
2001-07-27,1216.2286,2933.15372,2361.79784,116.38556,121.59189,120.67562
2001-07-30,1221.24579,2945.23683,2371.52969,116.62531,121.84167,120.92364
2001-07-31,1238.00671,2985.77712,2404.15589,118.25295,123.54702,122.61526
2001-08-01,1248.41667,3011.3689,2424.76246,118.70462,124.0389,123.10344
2001-08-02,1260.98868,3041.7255,2449.20568,119.49894,124.87019,123.92846
2001-08-03,1252.36933,3021.46031,2432.78217,118.17293,123.50609,122.5693
2001-08-06,1246.6248,3007.60108,2421.62317,118.33902,123.67967,122.74157
2001-08-07,1246.73349,3007.84826,2421.8178,118.84203,124.20476,123.26246
2001-08-08,1234.58078,2979.19658,2398.73602,117.73732,123.07779,122.1434
2001-08-09,1221.10842,2946.6861,2372.55981,114.83421,120.04299,119.13164
2001-08-10,1222.53879,2950.16178,2375.35347,114.11482,119.29194,118.38605
2001-08-13,1224.65775,2955.47924,2379.59303,113.91184,119.08798,118.18157
2001-08-14,1243.64802,3001.36053,2416.52364,115.82002,121.08496,120.16282
2001-08-15,1254.36121,3028.99285,2438.60289,115.06117,120.36225,119.43736
2001-08-16,1240.5816,2995.74558,2411.83595,113.58525,118.81941,117.90637
2001-08-17,1229.46163,2969.17875,2390.38834,112.10656,117.28387,116.37976
2001-08-20,1221.29749,2949.47567,2374.52604,111.85639,117.02268,116.12058
2001-08-21,1233.8625,2979.82061,2398.95575,113.00101,118.22016,117.30883
2001-08-22,1241.28884,2998.77246,2414.21228,112.64425,117.88691,116.97809
2001-08-23,1232.06873,2976.72001,2396.45848,112.77494,118.03248,117.12254
2001-08-24,1244.45297,3006.64805,2420.5508,113.91474,119.22571,118.30649
2001-08-27,1244.81599,3008.06641,2421.57552,114.39276,119.74757,118.81857
2001-08-28,1232.2804,2977.8048,2397.20921,113.25326,118.55592,117.63593
2001-08-29,1227.9242,2967.29989,2388.75192,112.74132,118.02088,117.10502
2001-08-30,1205.308,2912.65075,2344.75798,110.79871,115.98744,115.08736
2001-08-31,1204.49125,2910.76108,2343.23124,110.82115,116.01428,115.11372
2001-09-03,1186.85062,2868.3523,2309.04033,109.43302,114.56994,113.67809
2001-09-04,1191.16826,2878.85821,2317.49517,111.7608,117.00988,116.09891
2001-09-05,1171.56679,2831.62512,2279.47131,110.20627,115.38806,114.48966
2001-09-06,1153.57851,2788.20377,2244.50867,108.19752,113.28712,112.40467
2001-09-07,1143.09739,2762.90622,2224.13583,105.74878,110.72461,109.86171
2001-09-10,1123.95731,2716.68818,2186.92042,104.44636,109.36268,108.5099
2001-09-11,1088.54017,2631.0846,2118.00945,100.25774,104.977,104.15839
2001-09-12,1076.75225,2602.71636,2095.17316,99.36367,104.0458,103.23446
2001-09-13,1090.47264,2635.93253,2121.90743,100.33621,105.06621,104.24669
2001-09-14,1070.83848,2588.47207,2083.70209,97.2132,101.79598,101.00196
2001-09-17,1073.27408,2594.57404,2088.56554,97.55617,102.16357,101.36433
2001-09-18,1070.15309,2587.02925,2082.49217,97.02977,101.6123,100.81737
2001-09-19,1066.21002,2577.93125,2075.16852,95.87137,100.41611,99.63054
2001-09-20,1032.92288,2497.44932,2010.38263,93.11369,97.52775,96.76477
2001-09-21,995.59218,2407.19618,1937.72991,90.84101,95.1476,94.40318
2001-09-24,1029.86526,2490.10343,2004.45951,94.05547,98.51604,97.74485
2001-09-25,1047.0943,2534.07592,2039.48344,94.75914,99.34381,98.54814
2001-09-26,1051.46665,2545.20869,2048.4388,95.3924,100.02938,99.22799
2001-09-27,1058.69133,2562.69695,2062.51372,96.13133,100.80423,99.99663
2001-09-28,1080.95409,2616.59578,2105.89249,99.19828,104.02061,103.18724
2001-10-01,1072.45062,2596.01199,2089.32622,97.88053,102.63881,101.8165
2001-10-02,1083.50611,2622.75958,2110.85546,98.84637,103.65105,102.82075
2001-10-03,1084.80659,2626.08021,2113.51097,98.50801,103.30303,102.47469
2001-10-04,1111.9412,2691.87876,2166.46669,101.75145,106.70878,105.85313
2001-10-05,1113.28074,2695.17699,2169.10843,101.25869,106.1942,105.34205
2001-10-08,1112.67965,2693.73161,2167.94085,101.1875,106.11992,105.26817
2001-10-09,1104.16207,2673.1436,2151.37142,100.50039,105.40061,104.55463
2001-10-10,1113.52533,2695.97108,2169.72884,102.11443,107.09967,106.23935
2001-10-11,1123.18691,2719.3942,2188.5723,104.07966,109.1621,108.28484
2001-10-12,1127.7965,2730.59695,2197.58828,104.04536,109.12781,108.25082
2001-10-15,1111.02488,2689.98987,2164.90764,102.33429,107.33316,106.47059
2001-10-16,1120.34314,2712.49454,2183.02853,103.01659,108.04654,107.17869
2001-10-17,1139.47256,2758.28494,2220.04687,105.02979,110.1371,109.26062
2001-10-18,1117.84013,2705.93106,2177.90877,103.47521,108.50737,107.64385
2001-10-19,1101.10522,2665.42122,2145.30382,102.55083,107.53803,106.68223
2001-10-22,1107.00023,2679.6943,2156.79171,103.7473,108.79282,107.92703
2001-10-23,1127.17539,2728.53191,2196.0994,106.04839,111.20581,110.32082
2001-10-24,1133.22135,2743.22433,2207.9248,106.21068,111.37832,110.49195
2001-10-25,1124.14133,2721.28042,2190.25592,104.83063,109.93259,109.05738
2001-10-26,1136.13478,2750.31573,2213.62357,106.41811,111.59741,110.70885
2001-10-29,1125.0726,2723.56298,2192.08748,103.97771,109.03929,108.17091
2001-10-30,1106.91381,2679.60047,2156.70443,101.79295,106.74802,105.89793
2001-10-31,1108.33786,2683.5041,2159.8286,102.84051,107.86492,107.00505
2001-11-01,1119.97462,2711.67819,2182.50475,103.26105,108.30597,107.44259
2001-11-02,1120.80856,2713.69946,2184.13124,103.60082,108.66242,107.79618
2001-11-05,1134.50774,2746.99754,2210.91021,105.73245,110.90343,110.01828
2001-11-06,1139.30251,2758.60717,2220.25417,106.17931,111.37214,110.48325
2001-11-07,1140.5314,2761.62984,2222.68765,105.93943,111.12243,110.23556
2001-11-08,1153.84479,2793.89407,2248.6554,108.07089,113.3593,112.45458
2001-11-09,1144.5857,2771.4817,2230.61569,107.06568,112.3052,111.40884
2001-11-12,1125.45243,2725.27244,2193.39733,105.15824,110.30926,109.42748
2001-11-13,1134.30936,2746.71942,2210.65863,107.49404,112.75948,111.85811
2001-11-14,1136.19189,2752.0649,2214.96087,107.45313,112.7488,111.84752
2001-11-15,1142.1975,2766.61158,2226.66856,108.33985,113.67922,112.7705
2001-11-16,1151.75143,2789.7615,2245.30034,108.72778,114.08662,113.17464
2001-11-19,1158.86258,2807.26554,2259.32343,110.15185,115.59239,114.66508
2001-11-20,1152.41244,2791.76895,2246.85037,109.08591,114.47906,113.56063
2001-11-21,1145.78055,2776.01076,2234.17619,109.28748,114.70332,113.78351
2001-11-22,1153.73389,2795.39851,2249.75188,109.67683,115.11684,114.19229
2001-11-23,1146.52511,2777.93225,2235.69494,109.3086,114.73034,113.8089
2001-11-26,1153.90712,2795.84005,2250.10196,109.68706,115.12847,114.20356
2001-11-27,1146.2569,2777.30929,2235.18899,108.6509,114.04113,113.12499
2001-11-28,1134.56615,2749.1078,2212.49232,107.03895,112.3543,111.45171
2001-11-29,1134.43626,2748.79307,2212.23903,106.93616,112.2464,111.34468
2001-11-30,1148.35349,2782.59919,2239.44632,107.19018,112.51642,111.61253
2001-12-03,1132.9534,2745.29753,2209.42227,106.31672,111.60016,110.70346
2001-12-04,1143.52177,2770.93654,2230.05049,107.20614,112.53502,111.63049
2001-12-05,1170.97946,2837.5949,2283.69619,110.18822,115.67039,114.74061
2001-12-06,1178.78897,2856.51943,2298.92666,110.54347,116.04331,115.11054
2001-12-07,1165.94355,2825.39156,2273.87495,109.38796,114.83031,113.90729
2001-12-10,1144.64622,2773.78246,2232.33995,107.6618,113.01826,112.10981
2001-12-11,1143.17829,2770.22526,2229.47712,107.50558,112.85427,111.94713
2001-12-12,1147.06402,2779.65443,2237.06571,107.08775,112.41618,111.51257
2001-12-13,1128.34622,2734.29601,2200.56126,105.06449,110.29225,109.4057
2001-12-14,1123.07096,2721.51725,2190.27623,103.98245,109.15655,108.2791
2001-12-17,1138.77984,2759.5843,2220.91258,105.16892,110.40206,109.5146
2001-12-18,1138.59724,2759.14434,2220.55851,105.53691,110.78846,109.8979
2001-12-19,1129.60212,2737.50449,2203.14248,105.08192,110.31719,109.4304
2001-12-20,1125.33397,2727.17016,2194.82357,104.80736,110.02933,109.14476
2001-12-21,1127.34366,2732.09312,2198.77286,106.22565,111.52044,110.62324
2001-12-24,1122.12133,2719.43691,2188.58721,106.79922,112.12259,111.22055
2001-12-25,1121.21659,2717.35189,2186.89188,106.71311,112.03662,111.13439
2001-12-26,1120.75255,2716.23408,2185.99119,106.57791,111.89497,110.99382
2001-12-27,1142.37229,2768.68267,2228.20115,107.66603,113.03946,112.1291
2001-12-28,1148.81106,2784.28783,2240.75999,108.88066,114.31472,113.39408
2001-12-31,1154.95866,2799.18733,2252.75092,108.40605,113.81642,112.8998
2002-01-01,1154.95866,2799.18733,2252.75092,108.40605,113.81642,112.8998
2002-01-02,1154.43264,2798.17481,2251.90598,106.69702,112.0326,111.12887
2002-01-03,1167.56266,2830.00003,2277.51818,108.37196,113.7913,112.87337
2002-01-04,1172.67421,2842.39396,2287.49191,109.53986,115.01777,114.08992
2002-01-07,1163.78559,2820.84923,2270.15322,108.98975,114.44015,113.51696
2002-01-08,1148.65813,2784.18243,2240.64463,107.73602,113.12373,112.21116
2002-01-09,1145.19346,2775.83062,2233.92262,107.67692,113.06354,112.15142
2002-01-10,1136.8085,2755.67233,2217.67303,106.362,111.68958,110.78721
2002-01-11,1137.91685,2758.44576,2219.89243,106.77051,112.12207,111.21558
2002-01-14,1123.88809,2724.45708,2192.53677,105.0062,110.27009,109.37843
2002-01-15,1123.15908,2722.68985,2191.11457,105.31484,110.59421,109.69992
2002-01-16,1107.94945,2685.82697,2161.44877,104.79401,110.04756,109.1577
2002-01-17,1113.78578,2700.04581,2172.8773,105.70492,111.00705,110.10871
2002-01-18,1116.33286,2706.54783,2178.04663,105.59292,110.90284,110.00215
2002-01-21,1112.40436,2697.02701,2170.38411,105.25111,110.544,109.64618
2002-01-22,1105.18845,2679.53202,2156.30533,104.66316,109.92649,109.03368
2002-01-23,1108.94658,2688.73758,2163.71334,104.81715,110.09206,109.19792
2002-01-24,1116.40003,2706.80911,2178.25608,106.23654,111.58288,110.67663
2002-01-25,1103.68159,2675.97215,2153.44059,106.68437,112.05325,111.14318
2002-01-28,1110.9055,2693.52925,2167.56257,107.78782,113.214,112.29415
2002-01-29,1095.59259,2656.40119,2137.68453,106.25888,111.60809,110.70129
2002-01-30,1082.09327,2623.8242,2111.46842,104.91308,110.20101,109.30561
2002-01-31,1093.11349,2650.66644,2133.05167,106.11695,111.47064,110.56402
2002-02-01,1090.63683,2644.66227,2128.21975,105.85808,111.19876,110.29434
2002-02-04,1085.1295,2631.30768,2117.47301,104.68525,109.96676,109.07236
2002-02-05,1068.39373,2590.73651,2084.82268,102.81553,108.00318,107.12466
2002-02-06,1060.00823,2570.49615,2068.53415,101.97334,107.12239,106.251
2002-02-07,1071.24682,2597.7556,2090.46894,102.97153,108.17123,107.29124
2002-02-08,1074.89823,2606.63519,2097.60871,102.98494,108.18636,107.30594
2002-02-11,1089.00647,2640.90157,2125.17052,103.70061,108.9404,108.05318
2002-02-12,1092.74515,2649.96807,2132.46647,104.20504,109.47032,108.57879
2002-02-13,1097.08426,2660.50159,2140.94294,105.09249,110.40305,109.50393
2002-02-14,1106.48612,2683.30172,2159.29052,106.26717,111.6371,110.72792
2002-02-15,1101.49424,2671.22253,2149.56597,105.41223,110.74005,109.83796
2002-02-18,1094.54941,2654.56669,2136.1179,105.10869,110.4289,109.52705
2002-02-19,1075.58654,2608.57713,2099.11026,102.85632,108.06255,107.18001
2002-02-20,1066.66733,2588.38297,2082.86011,102.26082,107.49659,106.61868
2002-02-21,1079.73611,2620.09818,2108.38062,103.63259,108.9387,108.04898
2002-02-22,1077.69581,2615.14672,2104.39627,102.6762,107.93332,107.05182
2002-02-25,1082.97115,2628.06267,2114.76739,103.86556,109.18834,108.29545
2002-02-26,1084.82815,2632.59472,2118.41427,104.36103,109.71027,108.81311
2002-02-27,1097.12074,2663.86212,2143.57111,106.11769,111.61716,110.70422
2002-02-28,1099.39137,2669.38705,2148.01412,106.22052,111.72582,110.81184
2002-03-01,1112.15908,2700.4089,2172.97182,107.37342,112.93936,112.01519
2002-03-04,1147.34153,2786.05013,2241.83726,110.29867,116.02521,115.0733
2002-03-05,1143.20774,2776.05993,2233.78802,109.91392,115.62247,114.67332
2002-03-06,1151.61523,2797.31657,2250.87977,110.00094,115.7488,114.79797
2002-03-07,1174.83408,2853.71602,2296.26196,111.49244,117.31824,116.35451
2002-03-08,1175.96129,2856.48464,2298.48307,112.1662,118.02846,117.05857
2002-03-11,1175.37285,2855.07818,2297.34603,112.09728,117.95689,116.98731
2002-03-12,1157.46375,2811.57548,2262.34148,110.77481,116.56529,115.60715
2002-03-13,1152.90909,2801.71762,2254.38299,110.01765,115.81839,114.86505
2002-03-14,1164.06404,2828.8406,2276.20361,110.23878,116.0518,115.09635
2002-03-15,1173.76476,2852.41864,2295.17542,111.01279,116.86678,115.90462
2002-03-18,1170.25409,2844.29424,2288.59213,110.97589,116.84466,115.88034
2002-03-19,1179.43049,2866.627,2306.55429,111.6434,117.54869,116.57819
2002-03-20,1169.34717,2843.92115,2288.20398,110.4887,116.40666,115.44152
2002-03-21,1163.65975,2830.14124,2277.10491,110.25046,116.1578,115.19413
2002-03-22,1158.79025,2818.9394,2267.94396,110.15124,116.07967,115.10913
2002-03-25,1149.27953,2795.85297,2249.35909,109.54621,115.44414,114.47836
2002-03-26,1148.53824,2797.49629,2250.05128,109.49428,115.53176,114.53318
2002-03-27,1149.20187,2799.52952,2251.66685,110.04712,116.13237,115.12759
2002-03-28,1160.92302,2828.09,2274.63641,111.21414,117.36421,116.34868
2002-03-29,1155.59889,2815.12005,2264.20466,110.70409,116.82596,115.81509
2002-04-01,1160.72128,2827.63414,2274.26403,110.29089,116.39137,115.38397
2002-04-02,1160.05642,2826.2259,2273.08718,110.00259,116.09582,115.08874
2002-04-03,1162.15172,2831.63075,2277.42779,110.28262,116.40369,115.39361
2002-04-04,1157.88207,2821.24649,2269.07429,109.65333,115.74025,114.73585
2002-04-05,1155.43582,2815.2909,2264.28325,109.83862,115.93602,114.92987
2002-04-08,1140.3226,2778.50414,2234.68733,108.92228,114.97037,113.97213
2002-04-09,1139.1902,2775.80198,2232.50223,108.65268,114.68815,113.69177
2002-04-10,1150.50097,2803.76727,2254.95802,109.38194,115.47461,114.46956
2002-04-11,1138.13398,2774.19976,2231.05546,107.65507,113.67493,112.67936
2002-04-12,1135.03817,2766.82614,2225.08648,107.82598,113.8625,112.8633
2002-04-15,1145.44503,2792.43399,2245.65943,108.67255,114.76631,113.75813
2002-04-16,1164.16927,2838.09906,2282.37879,110.19879,116.37887,115.35631
2002-04-17,1173.76745,2863.00019,2302.17237,110.50656,116.76516,115.72755
2002-04-18,1173.46185,2862.30583,2301.60258,110.11187,116.35018,115.31569
2002-04-19,1171.24664,2857.62788,2297.66952,110.11418,116.38217,115.33878
2002-04-22,1168.96402,2853.03608,2293.78113,109.91813,116.21477,115.16303
2002-04-23,1167.16413,2848.66344,2290.26096,109.66868,115.95186,114.90226
2002-04-24,1165.67741,2845.41573,2287.60793,109.21587,115.48856,114.44106
2002-04-25,1165.34949,2845.57963,2287.54366,108.38321,114.64693,113.59733
2002-04-26,1159.74978,2832.23685,2276.74642,107.85641,114.10301,113.05486
2002-04-29,1158.29389,2829.30639,2274.26881,107.38642,113.6309,112.58105
2002-04-30,1160.73707,2835.50668,2279.21027,107.65472,113.92415,112.86949
2002-05-01,1165.92226,2848.34295,2289.53055,107.52706,113.79583,112.74247
2002-05-02,1162.01253,2839.73989,2282.49434,107.56412,113.87308,112.81303
2002-05-03,1167.29444,2852.86326,2293.00627,106.86351,113.13992,112.08492
2002-05-06,1165.65243,2849.34635,2290.07001,106.35785,112.62416,111.56864
2002-05-07,1149.81924,2810.80519,2259.06012,105.30983,111.52083,110.47399
2002-05-08,1165.1292,2848.60118,2289.39158,107.18188,113.51802,112.45022
2002-05-09,1164.22954,2846.67724,2287.80205,107.1227,113.46633,112.39688
2002-05-10,1159.15494,2834.72387,2278.08817,106.13579,112.43901,111.374
2002-05-13,1162.34785,2842.94453,2284.61132,106.6443,112.99411,111.91976
2002-05-14,1161.31824,2841.04896,2283.01664,107.67278,114.10884,113.02035
2002-05-15,1177.25381,2881.03476,2315.12274,108.48831,115.01307,113.9147
2002-05-16,1179.51331,2886.65335,2319.63489,108.45138,114.97747,113.8793
2002-05-17,1190.23789,2915.00539,2341.99286,108.01149,114.59388,113.47878
2002-05-20,1186.90651,2908.69203,2336.52108,107.6741,114.30846,113.17679
2002-05-21,1184.52758,2902.90008,2331.862,107.8211,114.46601,113.33247
2002-05-22,1183.68862,2901.4881,2330.59186,106.73913,113.34252,112.21356
2002-05-23,1178.79445,2889.81363,2321.14769,106.93818,113.56655,112.43212
2002-05-24,1182.10918,2898.21766,2327.84553,107.05876,113.70551,112.56716
2002-05-27,1178.63428,2889.77414,2321.04991,107.10386,113.7564,112.61687
2002-05-28,1178.93034,2890.54791,2321.66589,106.06401,112.65382,111.52508
2002-05-29,1177.72002,2888.64827,2319.97921,105.59138,112.19331,111.06147
2002-05-30,1172.36783,2875.52072,2309.43599,104.48939,111.02242,109.90239
2002-05-31,1171.50952,2873.97315,2308.0893,104.79847,111.37243,110.24392
2002-06-03,1171.79723,2875.25489,2308.99962,104.40513,110.97665,109.84649
2002-06-04,1156.89862,2839.1268,2279.90118,102.46596,108.93187,107.81849
2002-06-05,1144.69049,2809.96959,2256.48423,102.02804,108.49731,107.38823
2002-06-06,1146.7766,2815.25948,2260.69449,101.42435,107.86181,106.75745
2002-06-07,1133.82093,2784.05618,2235.51502,100.25729,106.64374,105.54605
2002-06-10,1132.99606,2782.07703,2233.91702,100.27453,106.66385,105.56554
2002-06-11,1138.42853,2795.44742,2244.64684,100.94239,107.37546,106.26953
2002-06-12,1122.224,2756.05257,2213.00736,99.09554,105.42605,104.33988
2002-06-13,1108.63134,2722.8251,2186.29856,97.96773,104.2321,103.1569
2002-06-14,1085.85851,2667.05844,2141.48769,95.69226,101.8174,100.76555
2002-06-17,1100.54847,2703.14891,2170.46503,97.48538,103.72565,102.65404
2002-06-18,1104.22819,2712.19335,2177.72587,97.32137,103.55138,102.48151
2002-06-19,1090.68189,2679.07881,2151.13691,95.39808,101.51095,100.46216
2002-06-20,1084.90941,2664.95506,2139.78807,94.02233,100.04913,99.01505
2002-06-21,1084.86352,2664.84234,2139.69757,93.56236,99.55967,98.53065
2002-06-24,1073.76842,2639.16751,2118.73987,91.78617,97.7281,96.70238
2002-06-25,1086.01717,2669.39565,2142.98754,93.55083,99.61157,98.56518
2002-06-26,1080.61695,2656.31628,2132.4868,91.20091,97.1165,96.09629
2002-06-27,1087.5354,2673.42555,2146.20316,92.39126,98.38785,97.35342
2002-06-28,1123.00631,2760.64144,2216.21376,95.03276,101.20152,100.13726
2002-07-01,1124.57798,2765.30768,2219.81784,95.19468,101.40338,100.33058
2002-07-02,1099.6261,2703.96636,2170.57523,93.20524,99.28473,98.23428
2002-07-03,1078.26443,2651.5286,2128.48148,91.88854,97.88547,96.84983
2002-07-04,1089.63409,2679.49413,2150.92948,92.99019,99.05928,98.01117
2002-07-05,1117.23147,2747.35822,2205.40651,95.92821,102.18905,101.10782
2002-07-08,1126.41828,2769.95381,2223.54417,95.38427,101.60977,100.53465
2002-07-09,1128.1124,2774.12928,2226.89407,94.92659,101.12257,100.05251
2002-07-10,1095.62069,2694.49197,2162.94612,92.72938,98.79157,97.74527
2002-07-11,1064.45835,2617.85352,2101.42624,89.92343,95.80219,94.78755
2002-07-12,1066.88879,2623.84369,2106.23253,90.16065,96.05539,95.03796
2002-07-15,1037.20639,2550.84805,2047.63605,86.15385,91.78674,90.8145
2002-07-16,1034.91161,2545.21884,2043.11733,85.58048,91.1764,90.21062
2002-07-17,1055.12588,2595.01287,2083.08836,87.52921,93.25543,92.26762
2002-07-18,1070.89537,2633.86039,2114.26162,88.78891,94.59982,93.5973
2002-07-19,1036.32368,2548.83723,2046.01152,85.36782,90.95504,89.99114
2002-07-22,994.8487,2446.90936,1964.19163,82.59033,87.99863,87.06607
2002-07-23,972.16268,2391.11745,1919.40616,81.90707,87.27086,86.346
2002-07-24,958.6907,2358.15026,1892.94202,80.67849,85.96796,85.05688
2002-07-25,984.64348,2421.9879,1944.18598,82.17574,87.56337,86.6354
2002-07-26,972.34203,2391.75669,1919.91445,82.18731,87.57671,86.6484
2002-07-29,1004.11432,2469.90982,1982.64965,85.83211,91.4605,90.49102
2002-07-30,1013.94038,2494.07986,2002.05146,85.86407,91.49457,90.52473
2002-07-31,1011.34264,2488.32127,1997.42891,86.2119,91.88852,90.9145
2002-08-01,982.46499,2417.44772,1940.5161,83.58824,89.09864,88.15323
2002-08-02,982.52346,2418.26569,1941.03742,83.35561,88.87545,87.92629
2002-08-05,960.81813,2364.84813,1898.16016,81.41086,86.80212,85.87504
2002-08-06,964.90075,2374.94103,1906.25147,83.62627,89.16589,88.21312
2002-08-07,971.02326,2390.36631,1918.63261,83.61064,89.16251,88.20977
2002-08-08,993.8931,2446.66494,1963.82083,85.74772,91.44149,90.4644
2002-08-09,1012.01135,2491.56279,1999.79874,86.97865,92.76518,91.77122
2002-08-12,998.06945,2457.4434,1972.37009,85.3023,90.98491,90.00804
2002-08-13,1004.40879,2473.05281,1984.89836,85.86167,91.58157,90.59829
2002-08-14,997.21936,2457.96237,1972.77686,84.45236,90.17418,89.20557
2002-08-15,1015.26513,2502.47151,2008.4967,86.6258,92.49597,91.50226
2002-08-16,1021.27546,2517.30772,2020.40068,86.74894,92.62825,91.63295
2002-08-19,1029.73618,2538.18541,2037.15394,88.1485,94.12352,93.11201
2002-08-20,1018.78419,2511.22603,2015.51628,87.27355,93.1906,92.18912
2002-08-21,1029.76117,2539.43922,2038.15069,87.74619,93.73795,92.73015
2002-08-22,1039.83934,2564.31023,2058.11208,89.37036,95.47369,94.44723
2002-08-23,1031.24888,2543.21782,2041.18334,88.60926,94.66405,93.64629
2002-08-26,1029.65572,2539.90333,2038.39183,88.46782,94.53582,93.51341
2002-08-27,1046.27943,2580.99561,2071.35542,89.2356,95.35942,94.32743
2002-08-28,1016.3422,2507.24553,2012.167,86.55863,92.50244,91.50132
2002-08-29,1002.99218,2474.33928,1985.75486,85.18294,91.03328,90.0479
2002-08-30,1006.5541,2483.26177,1992.89492,85.77746,91.67363,90.68039
2002-09-02,994.92196,2454.77574,1969.98307,84.4675,90.28141,89.30094
2002-09-03,970.32119,2394.10086,1921.28538,81.36639,86.96768,86.02295
2002-09-04,964.94775,2381.26185,1910.9709,81.15194,86.75372,85.81082
2002-09-05,963.90434,2378.70089,1908.91572,81.22357,86.83081,85.88707
2002-09-06,976.86041,2410.72508,1934.60318,82.88779,88.61181,87.64817
2002-09-09,968.88633,2391.11488,1918.84954,82.49175,88.19095,87.23113
2002-09-10,980.57717,2419.9667,1942.00288,84.14719,89.96076,88.98169
2002-09-11,992.54455,2449.76991,1965.91823,85.36261,91.27017,90.27678
2002-09-12,972.67426,2400.76526,1926.58918,83.26382,89.02757,88.05844
2002-09-13,956.31416,2360.40375,1894.19552,81.67512,87.32958,86.37875
2002-09-16,948.33956,2340.83278,1878.46399,81.53983,87.18911,86.23861
2002-09-17,946.45412,2336.2299,1874.76919,81.61703,87.27356,86.32209
2002-09-18,927.92928,2290.94496,1838.42909,79.34006,84.85515,83.93005
2002-09-19,924.1482,2281.62916,1830.94876,78.59063,84.05433,83.13775
2002-09-20,917.2516,2264.61066,1817.2898,77.94862,83.368,82.45881
2002-09-23,895.1117,2209.98678,1773.44734,76.04396,81.3323,80.44493
2002-09-24,881.44479,2176.2604,1746.3803,75.11195,80.33608,79.45947
2002-09-25,885.83249,2189.21931,1756.47628,75.60533,80.94238,80.04533
2002-09-26,915.95593,2263.69818,1816.22543,78.39652,83.93182,83.0013
2002-09-27,920.32387,2274.50095,1824.89278,78.84304,84.41015,83.47433
2002-09-30,897.04577,2217.19171,1778.87101,75.86125,81.2259,80.32353
2002-10-01,898.32004,2220.34128,1781.39793,76.25451,81.64697,80.73992
2002-10-02,912.85973,2256.3925,1810.32212,77.48479,82.96844,82.04671
2002-10-03,903.71099,2233.78482,1792.18235,76.47134,81.8835,80.97375
2002-10-04,889.47119,2198.59602,1763.94862,75.67631,81.03253,80.13217
2002-10-07,872.15419,2155.80429,1729.61402,74.18788,79.4392,78.55644
2002-10-08,860.67417,2127.4921,1706.89899,73.50688,78.71238,77.83769
2002-10-09,857.43282,2119.59199,1700.55848,72.62518,77.77236,76.90801
2002-10-10,867.31096,2144.13146,1720.22921,73.57744,78.79654,77.92003
2002-10-11,900.00694,2224.96332,1785.07984,76.30083,81.71319,80.80421
2002-10-14,894.93247,2212.4559,1775.03616,75.77838,81.15506,80.25188
2002-10-15,935.76794,2313.49692,1856.08972,79.59499,85.24568,84.29648
2002-10-16,927.35233,2292.88292,1839.55136,78.89925,84.50761,83.56664
2002-10-17,942.68947,2330.80406,1869.97502,81.01652,86.77539,85.80916
2002-10-18,940.77641,2326.07403,1866.18017,80.91452,86.66614,85.70112
2002-10-21,941.96874,2329.02247,1868.54549,80.85481,86.6022,85.63789
2002-10-22,931.77307,2303.81364,1848.32075,79.70133,85.36673,84.41618
2002-10-23,914.50158,2261.22771,1814.1546,78.2961,83.86598,82.93214
2002-10-24,927.94849,2294.51445,1840.85262,79.62274,85.2884,84.33837
2002-10-25,929.6871,2298.82513,1844.30873,79.5107,85.16881,84.22001
2002-10-28,941.73005,2328.62954,1868.21421,80.0573,85.75527,84.79966
2002-10-29,915.80461,2264.54405,1816.79602,77.67558,83.2048,82.27744
2002-10-30,931.34211,2303.37782,1847.95095,79.12995,84.77791,83.833
2002-10-31,944.62033,2336.52802,1874.47745,79.71916,85.42054,84.46535
2002-11-01,941.26058,2328.25458,1867.83417,78.94536,84.59273,83.64653
2002-11-04,964.13082,2384.96901,1913.31237,80.97323,86.7709,85.79941
2002-11-05,975.33983,2412.70469,1935.56277,81.47658,87.31058,86.33304
2002-11-06,966.17059,2390.16046,1917.47693,80.96554,86.76795,85.79648
2002-11-07,960.84334,2376.98164,1906.90439,79.67625,85.38627,84.43027
2002-11-08,953.75118,2359.44622,1892.83633,78.70161,84.34212,83.39778
2002-11-11,942.18288,2330.96561,1869.9595,77.9047,83.49303,82.55694
2002-11-12,950.56978,2351.71514,1886.60525,78.64876,84.29047,83.34543
2002-11-13,942.27229,2332.13788,1870.895,78.07818,83.71309,82.77431
2002-11-14,949.21899,2349.33106,1884.68776,78.99449,84.69553,83.74574
2002-11-15,960.04626,2376.10929,1906.17411,79.71694,85.46942,84.51113
2002-11-18,962.86664,2383.43133,1911.96799,79.77675,85.54581,84.58313
2002-11-19,959.64971,2375.46845,1905.58022,79.24703,84.97778,84.0215
2002-11-20,954.61183,2363.44888,1895.93822,79.4789,85.24269,84.28342
2002-11-21,978.29382,2422.24281,1943.06372,81.71518,87.64699,86.65894
2002-11-22,981.49077,2430.15843,1949.41344,82.1012,88.06102,87.06831
2002-11-25,975.24255,2414.75262,1937.0399,82.13757,88.1024,87.10854
2002-11-26,961.17479,2380.05984,1909.2075,80.91198,86.7929,85.81368
2002-11-27,973.94451,2411.78672,1934.65778,82.2479,88.22982,87.23438
2002-11-28,988.28105,2447.2884,1963.13609,83.01402,89.05166,88.04695
2002-11-29,986.37624,2442.87149,1959.5512,82.87068,88.90881,87.90383
2002-12-02,982.83952,2434.13335,1952.53685,82.61922,88.63979,87.63763
2002-12-03,969.61916,2401.4188,1926.29057,81.25453,87.17665,86.19084
2002-12-04,962.63389,2384.45605,1912.68396,80.45136,86.32716,85.35095
2002-12-05,952.75248,2359.97968,1893.05032,79.58176,85.39404,84.42839
2002-12-06,955.57576,2366.97298,1898.65997,79.23552,85.02252,84.06107
2002-12-09,940.06009,2328.54047,1867.83145,77.98379,83.67937,82.73311
2002-12-10,942.24217,2333.94551,1872.16709,78.01767,83.71572,82.76905
2002-12-11,947.79628,2347.72455,1883.21991,78.52812,84.26422,83.31135
2002-12-12,943.4839,2337.04265,1874.65145,77.63209,83.30274,82.36074
2002-12-13,938.44723,2324.56664,1864.64386,76.75292,82.35936,81.42802
2002-12-16,952.53985,2360.08472,1893.00242,78.06595,83.78996,82.83666
2002-12-17,951.2463,2356.67505,1890.30908,77.22536,82.88054,81.93939
2002-12-18,932.03381,2309.36667,1852.36262,75.83137,81.39467,80.4704
2002-12-19,931.59285,2308.28757,1851.4945,75.92854,81.49946,80.57388
2002-12-20,938.93096,2326.46982,1866.07862,76.41484,82.02144,81.08993
2002-12-23,941.5717,2333.0841,1871.36769,76.63722,82.26264,81.32768
2002-12-24,946.42811,2345.11982,1881.02155,76.71497,82.34617,81.41027
2002-12-25,945.7302,2343.53374,1879.72636,76.6584,82.29048,81.35421
2002-12-26,950.18846,2354.58137,1888.58757,76.82604,82.47044,81.53212
2002-12-27,934.94954,2317.035,1858.46948,75.08904,80.61333,79.69604
2002-12-30,945.4096,2342.95759,1879.26172,75.58773,81.1487,80.22532
2002-12-31,952.65319,2360.9126,1893.66237,75.86928,81.4511,80.52424
2003-01-01,952.65319,2360.9126,1893.66237,75.86928,81.4511,80.52424
2003-01-02,963.49841,2388.07735,1915.42654,77.63557,83.35737,82.40777
2003-01-03,970.82023,2406.25527,1930.003,77.89135,83.63306,82.68016
2003-01-06,984.20834,2439.43877,1956.61874,78.4833,84.26865,83.30851
2003-01-07,971.8041,2408.70125,1931.96398,77.8731,83.61372,82.661
2003-01-08,956.01094,2369.61281,1900.61094,76.9025,82.57353,81.63262
2003-01-09,966.50324,2395.64183,1921.48404,77.08248,82.76756,81.82426
2003-01-10,971.7771,2408.86068,1932.0689,77.11674,82.80939,81.86486
2003-01-13,973.97579,2414.31084,1936.44029,77.13375,82.82765,81.88292
2003-01-14,982.45288,2435.34205,1953.30513,77.53325,83.25726,82.30747
2003-01-15,975.00851,2416.91078,1938.52121,76.95666,82.63885,81.69609
2003-01-16,973.65016,2413.54361,1935.82052,76.94027,82.62126,81.67869
2003-01-17,964.07626,2389.81125,1916.78561,75.60467,81.18705,80.26084
2003-01-20,952.68032,2361.56229,1894.12809,74.61297,80.12211,79.20806
2003-01-21,947.73738,2349.30942,1884.30048,74.17023,79.64669,78.73806
2003-01-22,934.78576,2317.50497,1858.78331,72.98236,78.38129,77.48676
2003-01-23,938.12401,2325.78111,1865.42129,72.88214,78.27365,77.38035
2003-01-24,933.53861,2314.80085,1856.54881,72.15031,77.50067,76.61349
2003-01-27,906.91724,2248.85542,1803.64736,70.00867,75.20238,74.34105
2003-01-28,905.69124,2245.85826,1801.23667,69.84951,75.03285,74.17318
2003-01-29,906.96857,2249.09319,1803.82995,69.75812,74.93692,74.0783
2003-01-30,914.66296,2268.17367,1819.13298,71.0859,76.36328,75.48832
2003-01-31,912.38552,2262.5303,1814.60635,71.0311,76.30455,75.43025
2003-02-03,925.67562,2295.64206,1841.14417,72.06577,77.42126,76.53338
2003-02-04,915.08451,2269.40272,1820.09346,70.37263,75.60317,74.73589
2003-02-05,924.40385,2292.51462,1838.62953,71.33217,76.63404,75.75492
2003-02-06,908.42422,2252.89525,1806.85417,70.08292,75.29227,74.42854
2003-02-07,901.05356,2234.62074,1792.19661,69.59138,74.76435,73.90663
2003-02-10,893.89978,2216.95902,1778.01248,69.36257,74.52121,73.66549
2003-02-11,904.226,2242.56904,1798.55186,70.54702,75.79375,74.92341
2003-02-12,897.33333,2225.57662,1784.92375,69.85926,75.05828,74.19639
2003-02-13,898.22654,2227.79195,1786.70046,69.32179,74.48081,73.62555
2003-02-14,906.6277,2248.6286,1803.41156,70.20029,75.42469,74.55859
2003-02-17,917.09418,2274.85432,1824.38224,71.39103,76.71304,75.82955
2003-02-18,920.82346,2284.11364,1831.80633,72.00663,77.37483,76.48364
2003-02-19,909.55146,2257.11616,1810.15125,70.77091,76.07944,75.20302
2003-02-20,909.2485,2256.3647,1809.54854,70.23404,75.50231,74.63253
2003-02-21,911.54571,2262.06539,1814.12035,70.4701,75.75608,74.88338
2003-02-24,904.24273,2244.06574,1799.66025,70.17817,75.44639,74.57624
2003-02-25,879.84348,2183.63568,1751.18241,68.38934,73.52737,72.67872
2003-02-26,877.86764,2180.93479,1749.01207,67.98599,73.16763,72.32295
2003-02-27,878.3257,2182.10884,1749.94492,68.30312,73.51014,72.66115
2003-02-28,889.82176,2210.80959,1772.96105,68.99809,74.26279,73.40509
2003-03-03,899.00609,2233.87301,1791.39798,69.2732,74.56705,73.70342
2003-03-04,888.28102,2207.26306,1770.05023,68.07021,73.27346,72.42446
2003-03-05,885.34055,2201.05079,1765.03184,67.39992,72.58802,71.74547
2003-03-06,877.8558,2182.4845,1750.13458,66.82402,71.96917,71.13344
2003-03-07,864.07431,2149.11786,1723.127,65.40856,70.47411,69.6456
2003-03-10,847.9841,2109.09843,1691.04009,64.10057,69.06483,68.25289
2003-03-11,843.05809,2096.95283,1681.27939,63.72532,68.664,67.85586
2003-03-12,823.51248,2049.82083,1643.4822,62.43992,67.32772,66.53498
2003-03-13,844.98233,2103.33576,1686.37127,64.88604,69.96779,69.14324
2003-03-14,866.20096,2156.17059,1728.72868,67.25698,72.525,71.67017
2003-03-17,879.11391,2188.57598,1754.68205,68.72252,74.1142,73.23948
2003-03-18,880.98023,2193.25186,1758.42409,69.24407,74.67768,73.79602
2003-03-19,887.46767,2211.16333,1772.79124,70.03721,75.59324,74.70106
2003-03-20,889.81686,2217.20547,1777.59187,70.04072,75.60348,74.70934
2003-03-21,904.03915,2252.82687,1806.10848,71.66304,77.36094,76.44424
2003-03-24,890.71315,2219.72604,1779.55578,69.83174,75.38766,74.4937
2003-03-25,895.40453,2231.45342,1788.94894,69.99272,75.56267,74.66627
2003-03-26,897.88196,2241.1563,1796.18162,70.28499,75.99786,75.07347
2003-03-27,889.80208,2221.0874,1780.07356,69.3731,75.01519,74.10177
2003-03-28,886.55046,2213.89234,1774.09817,68.90425,74.53924,73.62294
2003-03-31,868.54696,2169.02866,1738.12558,66.52137,71.96462,71.0791
2003-04-01,876.57913,2189.15671,1754.23745,67.20121,72.70239,71.80708
2003-04-02,891.13582,2226.47184,1784.13919,69.01994,74.70226,73.78232
2003-04-03,892.82969,2230.75204,1787.5591,69.49893,75.22231,74.29555
2003-04-04,898.61425,2245.67129,1799.38909,70.18782,75.98371,75.04235
2003-04-07,919.71343,2298.47578,1841.68588,72.32246,78.29725,77.32664
2003-04-08,909.97163,2274.18687,1822.21949,71.28476,77.17576,76.21886
2003-04-09,908.17818,2270.90653,1819.32515,70.98458,76.89146,75.92699
2003-04-10,903.03648,2259.21937,1809.74448,69.73808,75.58036,74.62337
2003-04-11,899.90198,2251.72353,1803.69093,69.93545,75.80592,74.84404
2003-04-14,906.30111,2267.74582,1816.5227,70.20102,76.09413,75.12849
2003-04-15,921.27504,2305.22762,1846.54405,71.36088,77.35183,76.37012
2003-04-16,918.39589,2298.6365,1841.23413,70.73468,76.69351,75.71892
2003-04-17,926.57679,2320.57019,1858.44554,71.02115,77.05253,76.05873
2003-04-18,926.89252,2321.36093,1859.07881,71.04535,77.07878,76.08464
2003-04-21,922.52717,2310.42809,1850.32317,71.01687,77.04789,76.05415
2003-04-22,932.04345,2334.85856,1869.7818,71.07513,77.13082,76.13167
2003-04-23,939.99581,2355.31367,1886.11075,71.78963,77.92386,76.91232
2003-04-24,935.7205,2345.98085,1878.36212,70.97345,77.08326,76.0715
2003-04-25,923.20957,2315.21825,1853.60529,70.02768,76.07593,75.07229
2003-04-28,934.73784,2344.75879,1877.14293,71.03753,77.19374,76.17075
2003-04-29,934.74476,2345.05793,1877.32758,70.88979,77.04245,76.01925
2003-04-30,950.02999,2384.1053,1908.48306,71.14516,77.3427,76.31137
2003-05-01,954.81573,2396.11989,1918.09971,70.85279,77.02503,75.99789
2003-05-02,956.40902,2401.4891,1922.14777,71.23668,77.48658,76.44335
2003-05-05,965.63082,2424.66493,1940.68909,71.55368,77.83205,76.78383
2003-05-06,984.64574,2472.6863,1979.06504,72.54781,78.9222,77.85693
2003-05-07,979.44231,2460.48931,1969.16791,72.09134,78.45337,77.38911
2003-05-08,966.71948,2428.63564,1943.65336,70.55216,76.78177,75.73935
2003-05-09,975.09938,2451.00894,1961.39872,70.93454,77.23954,76.18469
2003-05-12,981.85636,2468.19345,1975.12858,71.0673,77.39037,76.33262
2003-05-13,982.24222,2469.60484,1976.22874,71.28043,77.63634,76.57409
2003-05-14,983.57408,2474.01193,1979.75466,71.51681,77.92713,76.86088
2003-05-15,987.05335,2483.01381,1986.89965,71.94819,78.40509,77.33001
2003-05-16,993.74108,2501.6447,2001.44672,71.96492,78.48002,77.38995
2003-05-19,975.91614,2457.84896,1966.17414,69.79114,76.1428,75.07626
2003-05-20,977.10444,2461.36335,1968.88118,70.08,76.47416,75.39899
2003-05-21,971.7094,2448.09726,1958.22812,69.42495,75.76938,74.70254
2003-05-22,982.26161,2474.77449,1979.55327,70.27198,76.69667,75.61625
2003-05-23,988.22684,2490.00378,1991.69293,70.07489,76.48771,75.40864
2003-05-26,990.47998,2495.79645,1996.30412,69.74939,76.13594,75.06099
2003-05-27,991.79344,2499.24557,1999.03782,69.81541,76.21226,75.13529
2003-05-28,998.66336,2517.2981,2013.45077,71.08938,77.62581,76.52786
2003-05-29,1009.10434,2544.1651,2034.84172,71.30424,77.87722,76.77199
2003-05-30,1003.77689,2530.7757,2024.12286,71.32581,77.90208,76.79612
2003-06-02,1021.09693,2574.97121,2059.36755,72.82898,79.56014,78.42672
2003-06-03,1015.75056,2561.52816,2048.6083,72.46621,79.16505,78.03695
2003-06-04,1021.90227,2577.6503,2061.47671,73.13609,79.91572,78.77596
2003-06-05,1031.92288,2603.24287,2081.88475,72.7966,79.55444,78.41758
2003-06-06,1040.59505,2625.82029,2099.78698,74.3561,81.28038,80.113
2003-06-09,1037.38439,2617.73969,2093.32236,73.72641,80.5927,79.43509
2003-06-10,1035.12111,2612.15132,2088.82722,74.05043,80.95071,79.78695
2003-06-11,1052.2533,2655.98897,2123.82226,74.80858,81.79811,80.61989
2003-06-12,1056.98437,2668.62709,2133.79273,75.30508,82.36249,81.17099
2003-06-13,1052.38704,2657.30574,2124.68323,74.54225,81.53694,80.35523
2003-06-16,1064.90953,2688.93734,2149.97181,75.06027,82.10393,80.91389
2003-06-17,1074.96522,2714.3291,2170.27396,76.03839,83.17387,81.96831
2003-06-18,1072.08834,2707.49639,2164.80439,76.63595,83.84087,82.6254
2003-06-19,1059.95979,2677.07127,2140.44017,75.81112,82.94483,81.74092
2003-06-20,1061.78659,2681.71602,2144.15025,76.35015,83.53555,82.32293
2003-06-23,1044.80233,2640.89771,2111.07493,75.73487,82.92762,81.70682
2003-06-24,1033.8586,2613.40699,2089.05956,75.01967,82.14988,80.93898
2003-06-25,1040.38039,2630.30685,2102.55307,75.16335,82.32017,81.10616
2003-06-26,1028.56598,2600.47356,2078.69926,75.09529,82.24677,81.0336
2003-06-27,1032.24322,2609.83133,2086.16729,75.51219,82.7053,81.48489
2003-06-30,1025.74032,2593.412,2073.03775,74.65096,81.76272,80.55603
2003-07-01,1024.10681,2589.75363,2070.05384,73.80899,80.85527,79.65968
2003-07-02,1041.49989,2633.99419,2105.41519,75.58071,82.80421,81.57975
2003-07-03,1051.44957,2659.50467,2125.76372,76.2597,83.55901,82.32175
2003-07-04,1045.23466,2643.7945,2113.20529,76.04984,83.32937,82.09546
2003-07-07,1058.49622,2677.35385,2140.02738,77.98561,85.45093,84.18552
2003-07-08,1055.6375,2670.12302,2134.24773,78.09512,85.57093,84.30374
2003-07-09,1052.80409,2663.25625,2128.75907,77.69637,85.1436,83.88274
2003-07-10,1045.49699,2644.90989,2114.07812,77.02448,84.41172,83.16105
2003-07-11,1044.20105,2641.63142,2111.45764,77.20123,84.60542,83.35187
2003-07-14,1057.49125,2675.33055,2138.38409,78.35364,85.87084,84.59818
2003-07-15,1048.56695,2652.76679,2120.34821,77.96543,85.44583,84.17944
2003-07-16,1040.8492,2633.2483,2104.74634,77.57102,85.01379,83.75377
2003-07-17,1025.45122,2594.29289,2073.60942,76.63188,83.98454,82.73978
2003-07-18,1028.52443,2602.06782,2079.82389,76.66275,84.01837,82.77311
2003-07-21,1029.34621,2604.14895,2081.48734,75.98197,83.27234,82.03813
2003-07-22,1032.30396,2611.6318,2087.46835,75.98554,83.27625,82.04198
2003-07-23,1041.5094,2635.04131,2106.17949,76.06354,83.36556,82.12997
2003-07-24,1057.54203,2675.61987,2138.61192,76.95536,84.34348,83.09332
2003-07-25,1056.38199,2673.48715,2136.74694,76.50126,83.87095,82.6216
2003-07-28,1064.76966,2694.75626,2153.73984,77.46107,84.92453,83.65925
2003-07-29,1061.7808,2687.23807,2147.723,77.13955,84.57349,83.31312
2003-07-30,1050.93323,2660.27837,2126.17599,77.12584,84.57417,83.31379
2003-07-31,1049.47146,2656.57812,2123.21864,77.92522,85.45076,84.17731
2003-08-01,1044.11325,2643.19486,2112.50008,77.54115,85.03538,83.76725
2003-08-04,1040.95389,2635.20266,2106.11114,76.73037,84.14643,82.8915
2003-08-05,1044.59245,2644.44347,2113.48948,76.9375,84.37453,83.11591
2003-08-06,1034.38739,2619.24871,2093.34721,75.99833,83.36494,82.12115
2003-08-07,1038.78062,2630.37399,2102.23865,76.107,83.48418,82.2386
2003-08-08,1041.39888,2637.373,2107.75862,76.85468,84.31612,83.05523
2003-08-11,1048.54941,2655.61861,2122.313,77.37213,84.88819,83.61766
2003-08-12,1052.58987,2665.85174,2130.49109,77.87655,85.44161,84.1628
2003-08-13,1057.96903,2682.31603,2143.63914,78.25029,85.94267,84.65597
2003-08-14,1068.9701,2710.2777,2165.98177,79.3237,87.12386,85.81933
2003-08-15,1069.86936,2712.64609,2167.85517,79.44687,87.26198,85.95462
2003-08-18,1073.48538,2722.21991,2175.42525,80.38679,88.30751,86.98125
2003-08-19,1073.65699,2722.67163,2175.78623,80.92535,88.89967,87.56452
2003-08-20,1078.36882,2736.24079,2186.62922,81.03566,89.07361,87.73582
2003-08-21,1077.99275,2735.30914,2185.88434,82.17858,90.33064,88.97396
2003-08-22,1073.81837,2724.80911,2177.4934,82.64436,90.8457,89.48127
2003-08-25,1069.18706,2713.3831,2168.28484,81.97088,90.1162,88.75956
2003-08-26,1060.4791,2691.42533,2150.71891,81.44148,89.5389,88.19016
2003-08-27,1065.62623,2704.55815,2161.21335,81.74287,89.87258,88.51881
2003-08-28,1068.33479,2711.44533,2166.71689,81.86048,90.00231,88.64658
2003-08-29,1072.13613,2721.19392,2174.49338,81.61301,89.73354,88.38131
2003-09-01,1087.49648,2760.42755,2205.78634,82.82753,91.07708,89.70222
2003-09-02,1083.97342,2751.51162,2198.65628,83.37985,91.6853,90.30104
2003-09-03,1096.09251,2782.74272,2223.59527,84.61579,93.06002,91.6543
2003-09-04,1097.01737,2785.21098,2225.53917,84.11996,92.51871,91.12
2003-09-05,1101.94936,2797.78411,2235.57703,83.49459,91.83258,90.4439
2003-09-08,1111.3403,2821.67193,2254.65392,83.67888,92.03674,90.64453
2003-09-09,1113.56177,2827.35558,2259.18503,83.20894,91.52125,90.13643
2003-09-10,1104.45487,2804.51577,2240.91885,82.33703,90.57139,89.20029
2003-09-11,1100.0952,2793.47341,2232.08963,82.19165,90.41237,89.04345
2003-09-12,1107.37681,2811.96911,2246.86707,81.89375,90.08485,88.72084
2003-09-15,1110.01013,2818.70945,2252.24083,82.1212,90.33676,88.96846
2003-09-16,1117.79312,2838.52109,2268.07075,83.48033,91.83342,90.44244
2003-09-17,1127.17515,2862.86944,2287.52587,83.83266,92.23787,90.84076
2003-09-18,1138.1328,2890.71424,2309.77144,84.45972,92.92825,91.52055
2003-09-19,1137.77965,2889.81729,2309.05475,83.79364,92.19538,90.79879
2003-09-22,1129.50467,2868.94294,2292.34907,82.24207,90.49275,89.12092
2003-09-23,1128.21372,2865.67059,2289.73439,82.10515,90.34231,88.97276
2003-09-24,1128.89695,2867.87195,2291.48812,82.25874,90.52601,89.15347
2003-09-25,1119.11731,2845.40324,2273.34535,81.18513,89.41916,88.05606
2003-09-26,1110.23745,2822.82583,2255.30704,80.87441,89.07692,87.71903
2003-09-29,1108.90493,2819.6353,2252.72257,80.33272,88.48649,87.13623
2003-09-30,1103.3931,2805.62025,2241.52537,79.18526,87.22257,85.89159
2003-10-01,1124.33298,2859.05025,2284.20884,80.21275,88.36009,87.01161
2003-10-02,1135.19677,2886.6824,2306.28364,81.16448,89.40869,88.04415
2003-10-03,1153.01347,2931.98833,2342.48033,82.87081,91.28834,89.89511
2003-10-06,1153.68831,2933.70437,2343.85134,82.66693,91.06376,89.67395
2003-10-07,1159.57861,2948.75992,2355.87675,82.33368,90.69902,89.31467
2003-10-08,1155.17009,2937.61782,2346.9749,81.74287,90.05029,88.67584
2003-10-09,1166.9145,2967.48408,2370.83619,83.10165,91.54717,90.14987
2003-10-10,1173.99567,2985.6682,2385.34171,83.11724,91.56976,90.17126
2003-10-13,1178.54633,2997.30452,2394.62349,84.35049,92.93038,91.51054
2003-10-14,1179.34283,2999.3302,2396.24187,84.25237,92.82228,91.40409
2003-10-15,1180.70842,3003.34074,2399.41031,84.7957,93.4376,92.00864
2003-10-16,1185.84039,3016.40099,2409.84358,84.74915,93.3865,91.95829
2003-10-17,1180.33261,3002.39095,2398.65077,84.79057,93.43214,92.00324
2003-10-20,1183.43017,3010.32997,2404.98073,84.79444,93.43825,92.00877
2003-10-21,1186.01475,3016.90444,2410.23313,84.82327,93.47003,92.04006
2003-10-22,1176.03408,2991.56572,2389.98979,83.38164,91.88295,90.47727
2003-10-23,1152.49462,2931.68662,2342.15182,81.70921,90.04001,88.66252
2003-10-24,1156.65913,2942.29187,2350.62352,81.75825,90.0944,88.71604
2003-10-27,1164.40293,2962.01174,2366.37279,82.65515,91.08341,89.68973
2003-10-28,1170.70103,2978.07781,2379.20208,83.71729,92.25525,90.84341
2003-10-29,1178.3967,2998.10448,2395.20064,84.23158,92.83592,91.41516
2003-10-30,1182.36207,3008.37259,2403.36846,84.55118,93.19373,91.76614
2003-10-31,1171.47339,2980.67026,2381.23705,84.21931,92.82802,91.40602
2003-11-03,1170.87048,2979.36301,2380.16448,85.29861,94.02479,92.58337
2003-11-04,1180.82155,3004.68739,2400.39546,85.80664,94.5849,93.13487
2003-11-05,1173.14711,2985.31208,2384.91684,85.36401,94.1018,92.65919
2003-11-06,1165.05482,2964.71959,2368.46584,85.16446,93.88183,92.44258
2003-11-07,1180.32112,3003.93375,2399.72408,85.9721,94.78369,93.32792
2003-11-10,1176.17749,2993.58963,2391.42194,85.43574,94.19869,92.75041
2003-11-11,1164.58194,2964.06478,2367.83719,84.45766,93.11991,91.68826
2003-11-12,1174.32793,2989.85916,2388.43979,84.34834,93.03016,91.59977
2003-11-13,1187.47991,3023.37532,2415.20674,84.77933,93.50647,92.06847
2003-11-14,1191.819,3034.43486,2424.04015,84.63003,93.34217,91.90665
2003-11-17,1166.33332,2969.95327,2372.43267,82.69034,91.21528,89.8088
2003-11-18,1176.49975,2995.84108,2393.11214,82.67123,91.1942,89.78804
2003-11-19,1165.67854,2968.43562,2371.21198,81.70474,90.13262,88.74252
2003-11-20,1169.11259,2977.41442,2378.32827,81.99014,90.45456,89.0574
2003-11-21,1172.29547,2985.53918,2384.81825,82.11344,90.59116,89.19189
2003-11-24,1175.77392,2994.46549,2391.93336,83.45878,92.07747,90.65467
2003-11-25,1180.59621,3006.78613,2401.76935,83.65896,92.29954,90.87309
2003-11-26,1191.8572,3036.84038,2425.77613,83.54666,92.21737,90.7922
2003-11-27,1194.7928,3044.32027,2431.75094,83.92138,92.63097,91.19941
2003-11-28,1195.81691,3047.36296,2434.1767,83.37319,92.03898,90.61639
2003-12-01,1213.47299,3092.44336,2470.17553,84.77746,93.59182,92.14484
2003-12-02,1220.8731,3111.29814,2485.23631,84.42637,93.20412,91.76313
2003-12-03,1227.50021,3128.41872,2498.91185,84.73041,93.54671,92.10042
2003-12-04,1225.48174,3123.30337,2494.82004,84.91722,93.75382,92.30411
2003-12-05,1224.66059,3121.21055,2493.14835,84.30115,93.07364,91.63446
2003-12-08,1221.0997,3112.17166,2485.92095,83.52972,92.22301,90.79671
2003-12-09,1226.66074,3126.4042,2497.28954,84.00983,92.75485,91.32032
2003-12-10,1215.94063,3099.10309,2475.48213,83.03408,91.67817,90.26029
2003-12-11,1216.9326,3101.24785,2477.1953,83.74504,92.45171,91.02187
2003-12-12,1228.71296,3131.26907,2501.17546,83.74548,92.45219,91.02234
2003-12-15,1240.04665,3160.26622,2524.33763,84.30824,93.07682,91.63732
2003-12-16,1232.67511,3141.52366,2509.36657,83.53524,92.22471,90.79839
2003-12-17,1233.40643,3143.61324,2511.03456,83.25737,91.92455,90.50282
2003-12-18,1240.1622,3160.84505,2524.79624,83.76414,92.48446,91.05398
2003-12-19,1245.19894,3173.68239,2535.05035,84.24391,93.01417,91.5755
2003-12-22,1250.0211,3185.99471,2544.88037,84.10717,92.86383,91.42731
2003-12-23,1254.99536,3198.78344,2555.07023,84.45206,93.24785,91.80448
2003-12-24,1259.52527,3210.67214,2564.5405,84.5187,93.3314,91.8858
2003-12-25,1259.65481,3211.22274,2564.96269,84.52739,93.3474,91.90093
2003-12-26,1261.16293,3215.06738,2568.0336,84.66258,93.4967,92.04791
2003-12-29,1268.83918,3234.70598,2583.71436,84.9459,93.8116,92.35774
2003-12-30,1281.26479,3266.38312,2609.01641,85.45603,94.37497,92.91237
2003-12-31,1288.76885,3285.57499,2624.34587,85.39091,94.30482,92.84331
2004-01-01,1288.76885,3285.57499,2624.34587,85.39091,94.30482,92.84331
2004-01-02,1297.72565,3308.70096,2642.78276,86.16539,95.16854,93.6924
2004-01-05,1316.35864,3356.24248,2680.7518,86.81973,95.89223,94.40472
2004-01-06,1321.66589,3369.77406,2691.55996,86.65006,95.70483,94.22023
2004-01-07,1311.72541,3344.50584,2671.37602,86.3642,95.39128,93.9115
2004-01-08,1324.46582,3376.99251,2697.32428,87.00768,96.10209,94.61128
2004-01-09,1331.30686,3394.43933,2711.25917,86.61962,95.67359,94.18941
2004-01-12,1326.73689,3382.97211,2702.07775,86.61561,95.67438,94.18942
2004-01-13,1325.9079,3380.88538,2700.40561,86.66981,95.73502,94.24893
2004-01-14,1328.12083,3386.54617,2704.92704,87.51262,96.6665,95.16595
2004-01-15,1317.47406,3359.54316,2683.33897,87.36558,96.50824,95.00944
2004-01-16,1313.09225,3348.37694,2674.42027,88.54335,97.80948,96.29047
2004-01-19,1315.81466,3355.3562,2679.98811,88.86316,98.16384,96.63908
2004-01-20,1328.46714,3387.62029,2705.75807,88.32935,97.57416,96.05857
2004-01-21,1338.00569,3412.16556,2725.36285,88.57248,97.8491,96.32923
2004-01-22,1347.2938,3435.85199,2744.28166,88.61528,97.89638,96.37578
2004-01-23,1345.41491,3431.55817,2740.76822,88.65566,97.9552,96.43073
2004-01-26,1331.10002,3395.14853,2711.67096,88.56078,97.85328,96.32979
2004-01-27,1336.022,3407.72152,2721.71183,88.54988,97.84178,96.31843
2004-01-28,1336.71232,3409.52685,2723.15373,88.74695,98.06081,96.53406
2004-01-29,1308.18869,3336.77218,2665.04533,88.37313,97.64776,96.12744
2004-01-30,1306.4253,3332.27868,2661.45642,87.88815,97.11201,95.60003
2004-02-02,1309.74379,3340.92736,2668.34195,87.98392,97.22319,95.70868
2004-02-03,1315.22743,3354.91516,2679.51377,87.53958,96.7322,95.22534
2004-02-04,1303.21156,3324.27082,2655.03866,87.01008,96.14726,94.64951
2004-02-05,1309.36325,3339.97363,2667.58023,86.83806,95.9575,94.46271
2004-02-06,1324.66523,3379.02049,2698.76381,87.08238,96.22787,94.72879
2004-02-09,1333.89398,3402.63823,2717.60853,87.93463,97.1718,95.65737
2004-02-10,1336.01692,3408.14636,2721.98553,87.97049,97.21408,95.6982
2004-02-11,1336.80475,3410.26242,2723.67219,88.14737,97.41259,95.89349
2004-02-12,1350.33132,3444.76942,2751.23188,88.00816,97.25874,95.74204
2004-02-13,1348.81616,3440.90476,2748.14524,88.13967,97.40409,95.88513
2004-02-16,1351.51307,3448.20617,2753.87568,88.3539,97.65277,96.12641
2004-02-17,1365.61671,3484.23482,2782.64778,89.01133,98.38066,96.84286
2004-02-18,1363.70761,3481.28568,2780.29249,88.85571,98.26291,96.72694
2004-02-19,1363.95042,3481.91231,2780.79135,89.91959,99.43962,97.88521
2004-02-20,1344.69329,3432.76608,2741.53798,89.394,98.85877,97.31332
2004-02-23,1348.43452,3442.33707,2749.17688,89.72836,99.22912,97.67771
2004-02-24,1342.46877,3427.23776,2737.10564,88.55229,97.93225,96.40068
2004-02-25,1334.92983,3408.82396,2722.37937,88.94658,98.39233,96.85284
2004-02-26,1327.78118,3390.60098,2707.81844,89.35001,98.83953,97.29277
2004-02-27,1334.96067,3409.76995,2722.89371,89.79338,99.35433,97.79112
2004-03-01,1354.47407,3459.66944,2762.72734,90.95949,100.6463,99.06227
2004-03-02,1347.40421,3441.86367,2748.44833,91.56257,101.32104,99.7242
2004-03-03,1329.03122,3396.07093,2711.8805,91.54597,101.33668,99.73957
2004-03-04,1337.23461,3417.16352,2728.69439,91.71042,101.52259,99.92148
2004-03-05,1355.63239,3464.21618,2766.25803,91.21318,100.9733,99.38052
2004-03-08,1351.63487,3454.0023,2758.1015,91.43003,101.21339,99.61681
2004-03-09,1349.3955,3448.32455,2753.55695,90.88133,100.60729,99.01989
2004-03-10,1328.90315,3397.86246,2713.23474,90.85571,100.63535,99.04651
2004-03-11,1301.96309,3329.06604,2658.28435,88.82492,98.38852,96.83458
2004-03-12,1295.39547,3312.35539,2644.93533,88.8082,98.37246,96.81857
2004-03-15,1286.24525,3289.07464,2626.3364,87.93564,97.40937,95.87037
2004-03-16,1303.66293,3333.57484,2661.87709,88.27075,97.77945,96.23486
2004-03-17,1313.286,3360.89515,2683.67033,90.0015,99.77719,98.20023
2004-03-18,1319.30605,3376.35673,2696.00407,89.08455,98.76227,97.2009
2004-03-19,1317.81675,3372.74104,2693.07181,89.26526,98.96835,97.4021
2004-03-22,1300.07813,3327.62606,2656.98025,87.8004,97.35257,95.80943
2004-03-23,1298.13766,3322.85756,2653.1251,88.19316,97.7939,96.24204
2004-03-24,1294.96159,3315.50227,2647.18747,88.61853,98.28853,96.72645
2004-03-25,1307.5223,3347.9401,2673.025,89.75739,99.55995,97.9754
2004-03-26,1309.01769,3356.58311,2679.45966,90.42452,100.444,98.82819
2004-03-29,1323.69545,3394.29731,2709.5482,91.03961,101.12956,99.50207
2004-03-30,1325.61877,3399.41603,2713.59277,90.94736,101.03263,99.40519
2004-03-31,1337.07295,3430.29253,2738.21462,90.93075,101.05847,99.42969
2004-04-01,1354.29656,3474.88354,2773.71796,91.53229,101.73882,100.09578
2004-04-02,1353.14178,3472.10578,2771.45856,93.05718,103.43926,101.76722
2004-04-05,1350.31878,3464.9234,2765.72266,93.9375,104.41964,102.73164
2004-04-06,1350.70744,3465.92749,2766.51628,93.60223,104.04717,102.3649
2004-04-07,1360.31998,3491.03425,2786.52648,93.42399,103.86215,102.18177
2004-04-08,1357.85403,3485.90596,2782.21669,93.75155,104.26221,102.56737
2004-04-09,1353.16045,3473.85781,2772.60059,93.42749,103.90185,102.21287
2004-04-12,1355.58589,3480.0871,2777.57225,93.85859,104.38136,102.68458
2004-04-13,1348.29841,3462.0659,2763.04217,94.61603,105.24462,103.52831
2004-04-14,1327.93355,3410.09492,2721.55926,93.07752,103.54302,101.85426
2004-04-15,1321.85279,3394.49562,2709.10956,92.57367,102.983,101.30337
2004-04-16,1336.26884,3432.97483,2739.45228,92.82487,103.30635,101.60783
2004-04-19,1334.68089,3429.34491,2736.47528,92.72227,103.20569,101.50584
2004-04-20,1338.65728,3439.63062,2744.67531,93.88429,104.50118,102.77971
2004-04-21,1322.11632,3397.64617,2711.1353,93.06002,103.59946,101.89141
2004-04-22,1325.41522,3406.51383,2718.1348,93.36692,103.95302,102.23627
2004-04-23,1330.72173,3420.49984,2729.23519,94.0499,104.72407,102.99235
2004-04-26,1337.53815,3439.47161,2744.09115,94.29641,105.04287,103.29527
2004-04-27,1335.84314,3435.44052,2740.80756,93.78924,104.48787,102.74697
2004-04-28,1316.76572,3388.83312,2703.23532,92.91818,103.59248,101.85185
2004-04-29,1314.23853,3383.64149,2698.84933,91.97106,102.57634,100.84364
2004-04-30,1302.9242,3355.60555,2676.27386,90.83699,101.34455,99.62471
2004-05-03,1304.85618,3362.21673,2681.24294,91.22281,101.82453,100.08521
2004-05-04,1321.48066,3405.26782,2715.56385,91.38363,102.01047,100.26758
2004-05-05,1332.65813,3434.5271,2738.84681,91.845,102.53912,100.78535
2004-05-06,1308.30011,3372.26436,2689.13211,90.53209,101.08871,99.3574
2004-05-07,1284.34637,3311.18958,2640.30131,90.12823,100.65808,98.92934
2004-05-10,1235.11784,3184.48624,2539.24133,87.06476,97.24321,95.57206
2004-05-11,1241.95165,3202.68918,2553.6942,87.91353,98.2091,96.51901
2004-05-12,1249.57037,3223.95684,2570.61747,87.77629,98.10511,96.41551
2004-05-13,1243.61408,3208.61849,2558.382,87.80068,98.13325,96.44296
2004-05-14,1238.0383,3195.53311,2547.72012,87.27431,97.58466,95.89523
2004-05-17,1226.65114,3166.46017,2524.48475,85.44812,95.55235,93.89601
2004-05-18,1235.75343,3190.77249,2543.70147,86.34848,96.58387,94.90344
2004-05-19,1268.70149,3277.22251,2612.536,88.11294,98.5989,96.8803
2004-05-20,1251.66314,3233.24152,2577.46998,87.70951,98.1484,96.43746
2004-05-21,1267.28085,3273.62785,2609.66506,88.12779,98.61778,96.89865
2004-05-24,1267.83188,3279.67216,2613.5149,88.57516,99.25824,97.49182
2004-05-25,1270.50786,3286.97824,2619.27278,87.72808,98.32047,96.56837
2004-05-26,1282.88649,3319.31634,2645.03333,88.6634,99.37809,97.60683
2004-05-27,1304.65611,3375.93718,2690.09051,88.91066,99.66393,97.88533
2004-05-28,1300.44522,3365.91992,2681.93284,89.00108,99.79134,98.00405
2004-05-31,1302.03619,3370.13742,2685.27287,89.10996,99.91638,98.1261
2004-06-01,1298.51792,3361.35679,2678.21283,88.79646,99.57452,97.78803
2004-06-02,1302.62064,3373.37058,2687.75377,88.69962,99.50702,97.72062
2004-06-03,1295.31517,3354.89809,2672.95971,88.41829,99.20461,97.42086
2004-06-04,1302.35016,3373.46486,2687.67395,88.92028,99.77808,97.98116
2004-06-07,1327.89532,3440.14737,2740.6863,90.15621,101.18002,99.3537
2004-06-08,1328.70277,3442.34733,2742.42619,90.53465,101.60791,99.77341
2004-06-09,1314.23601,3405.2403,2712.85978,90.83755,101.95903,100.11803
2004-06-10,1318.36142,3416.07362,2721.46383,91.11515,102.27494,100.42726
2004-06-11,1308.09476,3390.34918,2700.79521,91.02283,102.19778,100.34499
2004-06-14,1297.26453,3362.29641,2678.446,89.71645,100.73153,98.90525
2004-06-15,1303.68771,3379.32428,2691.93539,90.21292,101.30035,99.46098
2004-06-16,1312.65244,3402.85505,2710.67977,91.34758,102.58329,100.72063
2004-06-17,1316.51175,3412.86006,2718.64964,91.42203,102.66691,100.80273
2004-06-18,1322.09728,3427.41436,2730.23786,91.12467,102.33521,100.47684
2004-06-21,1324.23466,3434.50494,2735.55284,91.5135,102.81826,100.93882
2004-06-22,1311.85262,3402.46752,2710.02537,90.67281,101.87601,100.01343
2004-06-23,1315.1522,3411.22755,2717.00112,90.90839,102.14675,100.27916
2004-06-24,1334.84535,3462.55933,2757.83322,91.61045,102.94309,101.059
2004-06-25,1330.58773,3451.75433,2749.21466,91.6192,102.96005,101.07519
2004-06-28,1343.61494,3485.55941,2776.13935,92.11398,103.51638,101.62133
2004-06-29,1331.41912,3453.9711,2750.97751,91.83534,103.20473,101.31529
2004-06-30,1327.97455,3445.34771,2744.10809,91.22131,102.52399,100.64697
2004-07-01,1327.71004,3445.26243,2743.96615,91.27066,102.59735,100.71627
2004-07-02,1328.18997,3446.50781,2744.95802,90.2422,101.44125,99.58137
2004-07-05,1319.40866,3423.97056,2726.95353,89.85009,101.00784,99.15391
2004-07-06,1314.22468,3410.52523,2716.24437,89.49707,100.6112,98.76452
2004-07-07,1320.15001,3426.28636,2728.79701,89.24609,100.34032,98.4986
2004-07-08,1323.24684,3434.34628,2735.2117,89.18132,100.26815,98.4276
2004-07-09,1325.99527,3441.47955,2740.89283,89.44951,100.56968,98.72359
2004-07-12,1327.79814,3446.36761,2744.75563,89.44478,100.57046,98.72327
2004-07-13,1321.42907,3429.83939,2731.59138,89.61527,100.76224,98.9115
2004-07-14,1319.69036,3425.54866,2728.13602,89.02059,100.10009,98.26014
2004-07-15,1308.19949,3395.74347,2704.3963,88.37386,99.37351,97.54682
2004-07-16,1318.89133,3423.49667,2726.49916,88.56638,99.58999,97.75932
2004-07-19,1314.2486,3411.44936,2716.90459,88.41801,99.42327,97.59566
2004-07-20,1308.45788,3396.41813,2704.9336,88.34847,99.34507,97.51891
2004-07-21,1304.21019,3385.59917,2696.31723,89.16383,100.26804,98.42491
2004-07-22,1291.88109,3353.63534,2670.85607,87.98267,98.941,97.12208
2004-07-23,1276.69778,3314.22763,2639.47152,88.05364,99.02102,97.20063
2004-07-26,1270.43517,3297.97173,2626.52522,87.37654,98.25963,96.45324
2004-07-27,1265.99254,3286.45668,2617.35357,87.67708,98.59814,96.78548
2004-07-28,1268.42793,3292.8517,2622.44146,88.05004,99.01975,97.19916
2004-07-29,1278.17206,3318.14756,2642.58719,88.50224,99.52829,97.69834
2004-07-30,1283.95763,3334.00959,2655.05245,89.12806,100.25741,98.40786
2004-08-02,1284.13924,3334.70575,2655.58422,89.1703,100.31168,98.46028
2004-08-03,1287.94616,3345.00743,2663.70522,89.23446,100.39634,98.54032
2004-08-04,1275.02564,3312.84795,2638.07242,88.39057,99.48884,97.64874
2004-08-05,1275.90272,3315.12684,2639.88714,88.51745,99.63166,97.78891
2004-08-06,1273.07349,3308.27502,2634.33153,86.80081,97.71423,95.90333
2004-08-09,1262.56033,3280.98072,2612.59161,86.09103,96.91596,95.11964
2004-08-10,1271.32047,3303.8515,2630.78598,86.28007,97.13189,95.33094
2004-08-11,1260.23973,3278.18397,2610.33681,86.29893,97.24593,95.44248
2004-08-12,1258.55281,3273.91093,2606.93122,86.0002,96.91271,95.11533
2004-08-13,1259.55836,3276.53806,2609.02314,85.21885,96.03255,94.25149
2004-08-16,1263.8214,3288.31071,2618.24044,85.56962,96.44787,94.65343
2004-08-17,1267.28393,3297.33299,2625.42371,85.90149,96.82231,95.02089
2004-08-18,1267.60932,3299.54217,2627.18248,86.18217,97.17881,95.37074
2004-08-19,1279.69226,3331.02121,2652.24508,86.53903,97.58201,95.76637
2004-08-20,1276.1626,3321.8962,2644.97595,86.53139,97.57524,95.7596
2004-08-23,1280.20512,3332.43831,2653.36551,87.64458,98.83107,96.9919
2004-08-24,1273.11461,3314.0739,2638.73128,87.77753,98.98376,97.14131
2004-08-25,1275.63924,3321.11816,2644.33313,88.13337,99.39916,97.54872
2004-08-26,1284.33977,3343.94667,2662.49105,88.77485,100.12793,98.26324
2004-08-27,1289.844,3358.34635,2673.94038,89.55899,101.01442,99.13263
2004-08-30,1287.27432,3352.02844,2668.82206,89.33974,100.77834,98.89769
2004-08-31,1286.2583,3349.48876,2666.77729,88.45389,99.78221,97.91932
2004-09-01,1295.99716,3375.27879,2687.26355,88.99546,100.40592,98.52966
2004-09-02,1298.44646,3381.70045,2692.37531,89.27368,100.72109,98.8389
2004-09-03,1290.95114,3362.24819,2676.87794,89.50944,100.98915,99.10157
2004-09-06,1301.88007,3390.81837,2699.61501,90.08784,101.6449,99.74472
2004-09-07,1304.54179,3397.75096,2705.13443,90.27202,101.85271,99.94865
2004-09-08,1307.85839,3406.65139,2712.22019,90.1284,101.69849,99.7973
2004-09-09,1300.15261,3386.67068,2696.29211,89.31017,100.77793,98.8932
2004-09-10,1313.57201,3421.66963,2724.14601,89.27803,100.74295,98.8585
2004-09-13,1319.03362,3435.99019,2735.53273,90.02995,101.59421,99.69331
2004-09-14,1322.18399,3444.24236,2742.10262,89.9731,101.53141,99.63168
2004-09-15,1304.49919,3398.78191,2705.90969,89.75629,101.30485,99.40936
2004-09-16,1307.93152,3407.72804,2713.03125,90.05176,101.63845,99.73668
2004-09-17,1312.37506,3419.30539,2722.24845,90.16457,101.76577,99.86163
2004-09-20,1308.86797,3410.33184,2715.06586,90.04947,101.64075,99.73753
2004-09-21,1320.91705,3441.73203,2740.06448,90.07759,101.67265,99.76883
2004-09-22,1312.99428,3421.4455,2723.90632,89.66168,101.21376,99.31826
2004-09-23,1311.81755,3418.37914,2721.46511,89.15879,100.64607,98.76121
2004-09-24,1307.13327,3406.14288,2711.71022,89.05043,100.52288,98.63984
2004-09-27,1300.57333,3391.62355,2699.96713,88.38019,99.84208,97.96512
2004-09-28,1304.70422,3402.49523,2708.60113,88.56009,100.04823,98.16665
2004-09-29,1309.46278,3415.11796,2718.64961,88.86865,100.40308,98.51483
2004-09-30,1318.03404,3437.52238,2736.47479,88.69053,100.20331,98.31844
2004-10-01,1335.32826,3482.63996,2772.39037,90.03912,101.72734,99.81378
2004-10-04,1339.45164,3493.41684,2780.96942,91.30055,103.15318,101.21281
2004-10-05,1344.49067,3506.61663,2791.47724,91.30519,103.16012,101.21961
2004-10-06,1344.90461,3508.51957,2792.95368,91.35557,103.24127,101.29784
2004-10-07,1342.0305,3501.03907,2786.99722,91.2939,103.17209,101.22991
2004-10-08,1351.94467,3526.93413,2807.60513,91.00535,102.84691,100.91064
2004-10-11,1350.29558,3522.86238,2804.32992,91.1513,103.01859,101.07787
2004-10-12,1331.72508,3474.41277,2765.76221,90.42725,102.20027,100.27496
2004-10-13,1329.36873,3468.43197,2761.00128,90.57264,102.36951,100.44101
2004-10-14,1329.97371,3470.01041,2762.25778,89.68531,101.36661,99.457
2004-10-15,1335.17302,3483.63942,2773.09769,89.40113,101.04726,99.14334
2004-10-18,1332.7698,3477.41896,2768.13553,88.97645,100.5687,98.67342
2004-10-19,1346.38276,3512.93744,2796.40937,89.89244,101.60403,99.68924
2004-10-20,1340.33701,3497.49734,2784.11856,88.87111,100.45924,98.56603
2004-10-21,1346.0439,3512.43892,2796.00323,89.22827,100.8644,98.96322
2004-10-22,1348.65161,3519.24362,2801.41996,89.23127,100.86779,98.96655
2004-10-25,1341.65247,3500.98713,2786.88721,87.76763,99.21349,97.34343
2004-10-26,1344.35026,3508.05922,2792.50987,87.95099,99.42168,97.54746
2004-10-27,1357.5818,3542.66138,2820.05255,88.84446,100.43379,98.54043
2004-10-28,1367.44213,3568.64681,2840.69221,89.73568,101.44851,99.53443
2004-10-29,1362.1918,3554.94866,2829.78795,89.49655,101.17827,99.26928
2004-11-01,1370.66022,3577.06215,2847.38985,89.87982,101.61194,99.69474
2004-11-02,1380.92561,3604.11836,2868.8986,90.8774,102.74733,100.8077
2004-11-03,1394.26533,3639.75347,2897.24796,91.03129,102.9445,101.00058
2004-11-04,1400.22079,3655.32509,2909.64299,90.83822,102.72685,100.78704
2004-11-05,1412.30872,3686.88169,2934.76205,91.41662,103.38097,101.42881
2004-11-08,1411.73632,3685.74367,2933.7748,91.10438,103.03783,101.08934
2004-11-09,1407.21938,3673.95089,2924.388,91.07309,103.00243,101.05462
2004-11-10,1406.70532,3673.47901,2924.01239,91.01867,102.96528,101.01817
2004-11-11,1412.63865,3689.0154,2936.36914,91.55498,103.57316,101.61421
2004-11-12,1426.72296,3726.30919,2965.99282,92.19967,104.31686,102.34173
2004-11-15,1432.75145,3742.52357,2978.79047,92.53202,104.70601,102.71977
2004-11-16,1428.48709,3731.41268,2969.94541,91.99358,104.09751,102.12277
2004-11-17,1443.84408,3771.75865,3002.05445,92.64702,104.84336,102.85435
2004-11-18,1439.37969,3760.36371,2992.92103,92.61655,104.81633,102.82564
2004-11-19,1441.55449,3766.05472,2997.44946,92.25927,104.41225,102.42919
2004-11-22,1427.28222,3729.64094,2968.27814,91.4579,103.52954,101.55677
2004-11-23,1432.53684,3743.4186,2979.23433,91.47199,103.54679,101.57339
2004-11-24,1439.82668,3765.0822,2996.30663,91.44144,103.58412,101.60428
2004-11-25,1456.32783,3808.2699,3030.67391,91.93054,104.1392,102.14868
2004-11-26,1454.42777,3803.36584,3026.76556,91.66865,103.84431,101.85923
2004-11-29,1459.73327,3817.37822,3037.89831,91.82646,104.02684,102.03766
2004-11-30,1452.5924,3798.78326,3023.1003,91.34287,103.48116,101.50242
2004-12-01,1461.24257,3821.91481,3041.50855,91.78323,103.99391,102.00536
2004-12-02,1468.38792,3840.66237,3056.41559,92.48227,104.78755,102.7834
2004-12-03,1477.52141,3864.5743,3075.44029,92.35456,104.64347,102.64193
2004-12-06,1474.31562,3856.29213,3068.83968,91.76982,103.98369,101.99445
2004-12-07,1474.14463,3855.84488,3068.48377,91.75234,103.96389,101.97502
2004-12-08,1453.04532,3800.7769,3024.65862,91.5332,103.71887,101.73462
2004-12-09,1439.8082,3766.15212,2997.10422,90.76434,102.84764,100.88006
2004-12-10,1438.09945,3761.68879,2993.5509,90.89659,102.99767,101.02718
2004-12-13,1456.15538,3808.92629,3031.14065,91.51872,103.70285,101.7188
2004-12-14,1458.55977,3815.28686,3036.20238,91.76645,103.9855,101.99605
2004-12-15,1474.76717,3857.84088,3070.06684,91.83212,104.0642,102.07324
2004-12-16,1466.82392,3837.17878,3053.60075,92.26556,104.55855,102.55735
2004-12-17,1459.35668,3817.64465,3038.05562,92.02095,104.28135,102.28546
2004-12-20,1478.04175,3866.52438,3076.95378,92.13213,104.40735,102.40904
2004-12-21,1472.47718,3852.03372,3065.40905,92.08059,104.35073,102.35307
2004-12-22,1482.50351,3878.37748,3086.37315,92.55868,104.89562,102.88753
2004-12-23,1493.6426,3907.83697,3109.7436,92.44954,104.78047,102.77217
2004-12-24,1502.18485,3930.18618,3127.52845,92.73787,105.10727,103.09271
2004-12-27,1508.87514,3948.03274,3141.71114,92.57307,104.92959,102.91781
2004-12-28,1509.95779,3950.86552,3143.96538,92.77229,105.15541,103.1393
2004-12-29,1504.77686,3937.61633,3133.42212,92.56967,104.93392,102.92205
2004-12-30,1515.38997,3965.38812,3155.52197,92.9182,105.329,103.30956
2004-12-31,1515.47602,3965.61328,3155.70115,93.17984,105.62558,103.60046
2005-01-03,1509.2043,3949.54052,3142.87078,93.70072,106.22515,104.18719
2005-01-04,1494.96197,3912.27636,3113.21669,93.99304,106.55675,104.5124
2005-01-05,1484.10282,3884.0233,3090.73415,93.42274,105.91472,103.88269
2005-01-06,1477.74822,3867.39615,3077.503,93.76072,106.29799,104.2586
2005-01-07,1474.24062,3858.21647,3070.19821,94.43072,107.05757,105.00362
2005-01-10,1479.33449,3871.76039,3080.95046,94.40968,107.0396,104.98513
2005-01-11,1481.08585,3876.5371,3084.7261,94.12613,106.72343,104.67416
2005-01-12,1486.16304,3889.88031,3095.33901,93.48906,106.00258,103.96699
2005-01-13,1480.93541,3876.23206,3084.47167,93.74587,106.29472,104.25329
2005-01-14,1477.46116,3867.1431,3077.23867,94.29733,106.92012,104.86665
2005-01-17,1483.46266,3882.8628,3089.74612,94.75997,107.445,105.38141
2005-01-18,1475.96328,3863.25571,3074.1396,94.71528,107.39495,105.33217
2005-01-19,1479.06939,3871.64387,3080.81438,94.84178,107.54555,105.47988
2005-01-20,1462.1599,3827.38123,3045.59291,94.34747,106.98503,104.93012
2005-01-21,1464.68388,3833.98806,3050.85022,94.17224,106.78632,104.73523
2005-01-24,1470.96397,3850.555,3064.0127,94.24973,106.87775,104.8242
2005-01-25,1466.29665,3838.33733,3054.2907,94.58154,107.25401,105.19324
2005-01-26,1483.38625,3883.14632,3089.94562,94.84207,107.55149,105.48496
2005-01-27,1483.77184,3884.15571,3090.74882,95.10683,107.85173,105.77943
2005-01-28,1476.16961,3864.83206,3075.27546,94.83046,107.55439,105.48448
2005-01-31,1486.97397,3893.14958,3097.80345,95.33402,108.12634,106.04527
2005-02-01,1491.06528,3904.15341,3106.52492,95.80947,108.67372,106.58094
2005-02-02,1498.73374,3924.27616,3122.53654,96.10271,109.00756,106.90835
2005-02-03,1487.95902,3896.06915,3100.0923,95.99366,108.88401,106.78718
2005-02-04,1499.47342,3927.46567,3124.82744,96.82619,109.86322,107.73902
2005-02-07,1496.88541,3920.73497,3119.46083,97.49523,110.6237,108.48439
2005-02-08,1488.67743,3899.48814,3102.49602,97.4314,110.55842,108.41827
2005-02-09,1489.57748,3903.19355,3105.44411,97.33785,110.49042,108.35159
2005-02-10,1500.85447,3932.74304,3128.95416,97.29122,110.43749,108.29969
2005-02-11,1508.89252,3953.80544,3145.71175,97.93382,111.16692,109.01499
2005-02-14,1522.38065,3989.5894,3174.0769,98.13857,111.41163,109.25135
2005-02-15,1527.88416,4004.10432,3185.61307,98.47056,111.7911,109.62306
2005-02-16,1519.61798,3984.12127,3169.69711,97.80959,111.08756,108.93255
2005-02-17,1526.93144,4003.29561,3184.95188,97.6785,110.93868,108.78656
2005-02-18,1529.68556,4010.51635,3190.69657,97.84719,111.13027,108.97443
2005-02-21,1530.34503,4012.25651,3192.07918,97.84444,111.12746,108.97161
2005-02-22,1538.05651,4032.48114,3208.16793,97.22183,110.4205,108.27832
2005-02-23,1522.28822,3992.62135,3176.40585,96.42932,109.56106,107.43384
2005-02-24,1522.47684,3993.20013,3176.84624,96.36092,109.48566,107.35923
2005-02-25,1537.87433,4033.67178,3209.02335,97.43877,110.71269,108.56173
2005-02-28,1548.6007,4062.2575,3231.65718,97.50485,110.80009,108.64381
2005-03-01,1548.64867,4062.65848,3231.92502,98.15864,111.55058,109.37796
2005-03-02,1542.20499,4046.75828,3219.25566,98.27567,111.71129,109.53485
2005-03-03,1544.25559,4052.7651,3223.8663,98.31265,111.77058,109.58728
2005-03-04,1564.49083,4106.84832,3266.61899,98.72103,112.26159,110.05963
2005-03-07,1559.29037,4093.31495,3255.82628,98.79568,112.34972,110.14508
2005-03-08,1568.18231,4116.70421,3274.4179,98.20507,111.67936,109.48746
2005-03-09,1565.79377,4112.54453,3271.09333,97.94541,111.44126,109.2535
2005-03-10,1557.0193,4089.65277,3252.86443,97.04064,110.41599,108.24766
2005-03-11,1565.04347,4110.81767,3269.67766,97.17478,110.57101,108.39894
2005-03-14,1551.43892,4075.18433,3241.33195,96.97488,110.34629,108.17851
2005-03-15,1556.56184,4088.69408,3252.06546,97.71899,111.19445,109.00961
2005-03-16,1554.36255,4087.12556,3250.7484,96.73078,110.18342,108.01614
2005-03-17,1546.57418,4066.74028,3234.51825,96.60578,110.04357,107.87849
2005-03-18,1543.15766,4058.04169,3227.53632,97.05977,110.56848,108.39095
2005-03-21,1531.58097,4027.68689,3203.37782,97.09892,110.61551,108.43651
2005-03-22,1535.07761,4036.99346,3210.76106,97.16581,110.69477,108.51357
2005-03-23,1507.63992,3965.25984,3153.64708,96.82982,110.32375,108.14775
2005-03-24,1505.74018,3960.65866,3149.89312,97.05089,110.58666,108.40222
2005-03-25,1507.24986,3964.9304,3153.27368,97.14819,110.70594,108.51857
2005-03-28,1499.82941,3950.29543,3141.36266,97.35315,111.07686,108.87273
2005-03-29,1496.55809,3941.67985,3134.51133,96.85495,110.50845,108.3156
2005-03-30,1496.34719,3941.94333,3134.71538,96.47523,110.09807,107.91318
2005-03-31,1503.8493,3961.77674,3150.47134,96.70527,110.36254,108.17185
2005-04-01,1506.53501,3969.52343,3156.48826,97.14707,110.88549,108.67948
2005-04-04,1486.30738,3916.32905,3114.17767,96.85155,110.55108,108.35132
2005-04-05,1498.13546,3947.60763,3139.03623,97.52344,111.32118,109.10564
2005-04-06,1503.97332,3963.54077,3151.6566,97.81585,111.67046,109.44625
2005-04-07,1513.52903,3989.75163,3172.31658,98.0292,111.94287,109.70695
2005-04-08,1512.05099,3987.0297,3169.90419,98.36034,112.35411,110.10135
2005-04-11,1518.06623,4003.66751,3182.98404,97.8982,111.84791,109.6002
2005-04-12,1504.09369,3966.91049,3153.74607,97.56553,111.47046,109.2298
2005-04-13,1512.50088,3989.66204,3171.76383,98.00818,111.99243,109.73886
2005-04-14,1496.22832,3947.24352,3137.94075,97.63123,111.57598,109.32728
2005-04-15,1485.44736,3919.71695,3115.911,96.00949,109.74822,107.53129
2005-04-18,1460.44019,3854.62573,3063.98968,93.79836,107.24562,105.07314
2005-04-19,1476.29769,3897.5133,3097.86071,94.64953,108.24754,106.04723
2005-04-20,1475.55773,3897.71937,3097.66053,94.37404,107.9923,105.78475
2005-04-21,1475.07019,3896.76515,3096.83221,94.04418,107.62405,105.42165
2005-04-22,1486.93331,3930.1009,3122.84926,95.00345,108.7771,106.53488
2005-04-25,1484.58436,3924.31624,3118.16793,95.59884,109.47063,107.2112
2005-04-26,1477.35057,3905.32833,3103.05531,95.27985,109.10909,106.85625
2005-04-27,1463.52859,3871.02513,3075.47252,94.34837,108.10482,105.86148
2005-04-28,1458.62072,3860.30143,3066.53593,94.38509,108.21018,105.95025
2005-04-29,1462.86665,3873.09867,3076.40214,94.70383,108.61936,106.34053
2005-05-02,1460.36671,3868.20111,3072.20009,95.06483,109.08194,106.78257
2005-05-03,1467.76084,3888.06005,3087.95186,95.18288,109.22509,106.92198
2005-05-04,1481.01541,3924.37892,3116.60842,95.53833,109.66672,107.34781
2005-05-05,1485.65529,3937.33896,3126.83303,95.95244,110.16069,107.82899
2005-05-06,1487.50516,3943.0737,3131.16727,96.77491,111.12841,108.76859
2005-05-09,1479.41083,3921.73922,3114.20877,96.39463,110.69517,108.34396
2005-05-10,1475.6452,3912.06393,3106.51763,95.76105,109.97622,107.64
2005-05-11,1466.94621,3890.93017,3089.69988,95.67198,109.92839,107.59195
2005-05-12,1460.70669,3875.35642,3077.12577,96.02941,110.36689,108.01384
2005-05-13,1451.52955,3852.07573,3058.48964,95.92411,110.2764,107.91997
2005-05-16,1440.68751,3824.04874,3036.07623,95.39619,109.69089,107.3413
2005-05-17,1439.65948,3822.01392,3034.34518,95.24511,109.53706,107.18668
2005-05-18,1451.62688,3855.39938,3060.75364,95.99886,110.45015,108.07677
2005-05-19,1461.11814,3881.49702,3081.32345,96.76436,111.35641,108.95829
2005-05-20,1453.76691,3862.02688,3065.85531,96.84541,111.45137,109.05079
2005-05-23,1465.91472,3896.82053,3092.93774,97.37523,112.13368,109.69931
2005-05-24,1466.3205,3899.43363,3094.70768,97.39445,112.19996,109.75336
2005-05-25,1462.46794,3889.52693,3086.81996,97.046,111.80828,109.36932
2005-05-26,1462.22104,3889.23427,3086.53013,97.5875,112.44268,109.98783
2005-05-27,1466.52356,3901.67586,3096.20594,97.703,112.60455,110.13913
2005-05-30,1468.92316,3909.6727,3102.23312,98.41202,113.46851,110.97277
2005-05-31,1457.35972,3879.02357,3077.88858,98.64156,113.73693,111.23437
2005-06-01,1463.83763,3898.64565,3093.31913,99.76275,115.09995,112.56235
2005-06-02,1466.31028,3905.66981,3098.78978,99.76043,115.1102,112.56865
2005-06-03,1465.85608,3904.9732,3098.13481,99.81484,115.18813,112.64114
2005-06-06,1466.17404,3905.94421,3098.88132,99.76334,115.13235,112.58572
2005-06-07,1476.21267,3933.48765,3120.58354,100.54463,116.05761,113.48506
2005-06-08,1480.66727,3946.38512,3130.78145,100.37359,115.89037,113.32028
2005-06-09,1463.42886,3900.58761,3094.42273,100.31158,115.82315,113.2536
2005-06-10,1464.02736,3902.22603,3095.71422,100.93208,116.54089,113.95511
2005-06-13,1457.58686,3885.06146,3082.09722,101.19764,116.84757,114.25499
2005-06-14,1461.3375,3895.0644,3090.03242,101.39065,117.07062,114.47307
2005-06-15,1465.34265,3905.98398,3098.69374,101.13121,116.77836,114.18724
2005-06-16,1470.67719,3920.20955,3109.97883,101.70935,117.44613,114.84019
2005-06-17,1490.10196,3972.06893,3151.11188,101.82256,117.57925,114.97006
2005-06-20,1479.18563,3945.0022,3129.20351,101.85528,117.67766,115.05026
2005-06-21,1486.74884,3965.2687,3145.2696,102.39717,118.30656,115.66478
2005-06-22,1488.02918,3968.94164,3148.18181,102.50224,118.43567,115.79096
2005-06-23,1484.90602,3960.81947,3141.69801,102.97459,118.98769,116.32913
2005-06-24,1476.74927,3939.58398,3124.73,102.09972,117.9924,115.35148
2005-06-27,1469.41776,3920.34266,3109.45113,100.97884,116.70649,114.09372
2005-06-28,1472.46378,3928.48076,3115.90366,101.87506,117.74264,115.10659
2005-06-29,1474.46333,3934.01422,3120.29256,102.10639,118.01596,115.37379
2005-06-30,1473.71809,3932.04747,3118.73075,101.73445,117.58671,114.95409
2005-07-01,1467.29388,3915.4787,3105.52089,102.46744,118.45122,115.79669
2005-07-04,1466.00813,3912.07331,3102.818,102.90216,118.95453,116.28865
2005-07-05,1462.23408,3902.14361,3094.92384,102.62863,118.64263,115.98305
2005-07-06,1469.44887,3921.99023,3110.63994,102.96207,119.0461,116.37655
2005-07-07,1450.18377,3870.57126,3069.85813,101.40815,117.24944,114.62017
2005-07-08,1461.24653,3900.098,3093.27661,102.33587,118.32208,115.66876
2005-07-11,1482.99062,3958.41124,3139.48873,102.6969,118.74784,116.08358
2005-07-12,1493.92555,3987.66666,3162.6812,102.34324,118.34092,115.68539
2005-07-13,1486.56825,3968.08306,3147.14915,102.74034,118.80173,116.13587
2005-07-14,1495.5763,3992.12816,3166.21969,103.26897,119.413,116.73342
2005-07-15,1488.32416,3972.80994,3150.8914,103.28877,119.4371,116.75673
2005-07-18,1489.31078,3975.44982,3152.98513,103.2201,119.35788,116.67929
2005-07-19,1482.80266,3958.08714,3139.21264,103.35186,119.51053,116.82844
2005-07-20,1482.42524,3957.25349,3138.55147,103.12773,119.2566,116.58021
2005-07-21,1503.12101,4012.56377,3182.41078,103.6529,119.86582,117.17546
2005-07-22,1501.53086,4008.3189,3179.04412,103.58598,119.78843,117.09981
2005-07-25,1499.69592,4003.42901,3175.16538,103.87956,120.12819,117.43192
2005-07-26,1493.94821,3988.10719,3163.01226,103.85155,120.09644,117.40085
2005-07-27,1500.83969,4006.56166,3177.64591,104.19195,120.49182,117.78725
2005-07-28,1510.01786,4031.0925,3197.09662,104.43873,120.77808,118.0669
2005-07-29,1518.15242,4052.83648,3214.33791,104.45673,120.79975,118.08793
2005-08-01,1526.35844,4075.16345,3231.99444,104.48801,120.84838,118.1336
2005-08-02,1537.40847,4105.13802,3255.67387,105.24445,121.73727,118.99911
2005-08-03,1547.95085,4135.37044,3279.54812,105.03694,121.55847,118.82063
2005-08-04,1542.04408,4119.591,3267.03423,104.1878,120.57578,117.86007
2005-08-05,1528.50153,4083.59602,3238.48847,103.54066,119.83225,117.13329
2005-08-08,1539.47014,4112.94257,3261.75539,104.04754,120.42012,117.70769
2005-08-09,1546.51398,4131.79594,3276.69876,104.68446,121.15828,118.42893
2005-08-10,1570.09196,4198.19141,3329.22715,105.9672,122.74236,119.97277
2005-08-11,1580.10147,4225.06811,3350.53762,106.14985,122.95721,120.18266
2005-08-12,1578.8737,4222.34379,3348.26733,106.13562,122.95699,120.17851
2005-08-15,1572.58374,4206.34404,3335.39324,106.28128,123.14978,120.36021
2005-08-16,1568.66257,4195.8691,3327.08646,106.356,123.23676,120.44519
2005-08-17,1561.42231,4178.32093,3313.17164,106.05439,122.94077,120.1559
2005-08-18,1542.35796,4127.33406,3272.74191,105.87813,122.73731,119.95705
2005-08-19,1548.40385,4143.51566,3285.57284,106.56451,123.53306,120.73477
2005-08-22,1566.8751,4193.02125,3324.82207,107.05116,124.09948,121.28814
2005-08-23,1556.83258,4166.26019,3303.57538,106.6178,123.60046,120.79945
2005-08-24,1555.10423,4162.13875,3300.2996,106.06487,122.97434,120.18724
2005-08-25,1549.56071,4147.37542,3288.57768,105.38576,122.18913,119.41926
2005-08-26,1549.33774,4147.31401,3288.44937,105.00317,121.76126,118.9982
2005-08-29,1537.92882,4117.0165,3264.38588,104.75665,121.48254,118.72434
2005-08-30,1533.10948,4104.15507,3254.17855,105.0965,121.87783,119.11032
2005-08-31,1552.50765,4156.41555,3295.55151,105.50033,122.3559,119.5752
2005-09-01,1583.16383,4238.75344,3360.79448,106.13376,123.09821,120.29915
2005-09-02,1592.29533,4263.37077,3380.27461,106.05683,123.01385,120.21535
2005-09-05,1599.83484,4284.21924,3396.69727,106.82293,123.92157,121.09859
2005-09-06,1602.82737,4292.24939,3403.06297,107.32285,124.50198,121.66575
2005-09-07,1603.09427,4293.47238,3404.02501,107.63392,124.87763,122.03257
2005-09-08,1595.69946,4273.85391,3388.44781,107.43952,124.65753,121.81666
2005-09-09,1608.10112,4307.12075,3414.8109,108.13514,125.46611,122.60638
2005-09-12,1601.86688,4290.54144,3401.65316,108.97858,126.44822,123.56563
2005-09-13,1591.69198,4263.33452,3380.08278,108.3481,125.71803,122.85209
2005-09-14,1600.03794,4286.36216,3398.33871,108.67722,126.11972,123.24458
2005-09-15,1595.46507,4274.11587,3388.62954,109.1383,126.65492,123.76758
2005-09-16,1599.40119,4284.66039,3396.98951,109.41651,126.97778,124.08308
2005-09-19,1596.14812,4276.13232,3390.17817,109.8142,127.44486,124.53768
2005-09-20,1606.9208,4305.00815,3413.06912,110.3283,128.04196,125.12107
2005-09-21,1602.85072,4294.39808,3404.65551,109.56281,127.16227,124.26138
2005-09-22,1589.01107,4257.3356,3375.2693,109.34118,126.90554,124.01042
2005-09-23,1584.26235,4244.62838,3365.19298,109.70541,127.32876,124.42391
2005-09-26,1602.73447,4294.48745,3404.64357,111.33047,129.22593,126.2749
2005-09-27,1591.10793,4267.46418,3382.99392,110.77144,128.70159,125.75414
2005-09-28,1608.55538,4314.75138,3420.44722,111.94881,130.08437,127.10402
2005-09-29,1615.82125,4334.26048,3435.91006,112.4264,130.63991,127.64673
2005-09-30,1618.84273,4342.37484,3442.34202,112.21622,130.39597,127.40836
2005-10-03,1610.08187,4318.87843,3423.71522,112.98653,131.29118,128.28304
2005-10-04,1618.85712,4342.53217,3442.46014,113.33586,131.7006,128.68285
2005-10-05,1603.75083,4302.25663,3410.52616,112.11861,130.29358,127.30783
2005-10-06,1592.87108,4273.07036,3387.38935,109.71519,127.50055,124.57881
2005-10-07,1585.553,4253.49314,3371.86269,109.37338,127.10496,124.19202
2005-10-10,1581.46774,4242.74716,3363.31819,109.73465,127.53121,124.60754
2005-10-11,1587,4257.58905,3375.08368,110.56834,128.50011,125.55423
2005-10-12,1581.86272,4244.02593,3364.33189,109.90806,127.73934,124.8109
2005-10-13,1559.20158,4183.26807,3316.16302,109.20056,126.91828,124.00848
2005-10-14,1573.39902,4221.40056,3346.38386,108.9351,126.61099,123.70796
2005-10-17,1565.82305,4201.17842,3330.33201,108.78458,126.43918,123.53929
2005-10-18,1551.90703,4163.84774,3300.73867,108.73068,126.37673,123.47824
2005-10-19,1533.91698,4115.83304,3262.67467,106.96807,124.33573,121.48397
2005-10-20,1539.71636,4131.43715,3275.03571,107.40834,124.84878,121.98495
2005-10-21,1536.93551,4123.99984,3269.13872,106.90205,124.26102,121.41061
2005-10-24,1543.84872,4143.16861,3284.20156,107.7056,125.21375,122.33656
2005-10-25,1559.10726,4184.12397,3316.66579,107.69134,125.19738,122.32055
2005-10-26,1562.44984,4193.17377,3323.83827,108.10986,125.68631,122.79821
2005-10-27,1560.06068,4186.76193,3318.75575,107.34908,124.80184,121.93406
2005-10-28,1552.13389,4165.54806,3301.93484,107.20082,124.63125,121.7672
2005-10-31,1570.83226,4215.8535,3341.80616,109.60639,127.43169,124.50312
2005-11-01,1579.48937,4239.38144,3360.42136,110.09095,128.00393,125.06091
2005-11-02,1590.09345,4269.23755,3383.98682,110.14114,128.10412,125.15508
2005-11-03,1601.00932,4298.5835,3407.23869,111.45612,129.63471,126.6501
2005-11-04,1583.55218,4251.90896,3370.20354,112.02785,130.30572,127.30419
2005-11-07,1587.74595,4263.24296,3379.18207,112.50549,130.86354,127.84896
2005-11-08,1587.83065,4263.82652,3379.5614,112.85596,131.28216,128.25478
2005-11-09,1581.58244,4247.99688,3367.01444,112.65137,131.07345,128.05087
2005-11-10,1580.17647,4244.23261,3364.0307,112.42667,130.81237,127.79581
2005-11-11,1590.64813,4273.02145,3386.77479,113.5681,132.16097,129.11048
2005-11-14,1583.99816,4255.18531,3372.63351,113.13197,131.6543,128.61534
2005-11-15,1575.57613,4232.58872,3354.72248,112.80037,131.26928,128.23916
2005-11-16,1569.86198,4217.62051,3342.8575,112.49728,130.92843,127.90613
2005-11-17,1590.12782,4272.4041,3386.20003,113.32764,131.90523,128.85739
2005-11-18,1599.67673,4298.07432,3406.54436,114.20297,132.92448,129.85304
2005-11-21,1607.68464,4320.76099,3424.26897,114.45203,133.25047,130.16176
2005-11-22,1603.30922,4309.00222,3414.94994,114.35484,133.13734,130.05125
2005-11-23,1617.11348,4348.02257,3445.85956,114.61558,133.49987,130.40483
2005-11-24,1612.98647,4337.81987,3437.59671,114.36187,133.23181,130.13627
2005-11-25,1610.47802,4331.12949,3432.28622,114.71929,133.64992,130.54435
2005-11-28,1614.68684,4342.64024,3441.39667,114.42418,133.312,130.21385
2005-11-29,1612.15435,4335.94221,3436.08871,114.54581,133.45718,130.35565
2005-11-30,1606.13912,4320.10016,3423.53345,113.85707,132.66505,129.5819
2005-12-01,1619.15978,4355.17182,3451.32655,115.52974,134.61556,131.48707
2005-12-02,1632.89766,4392.16487,3480.63488,116.71423,135.99701,132.83614
2005-12-05,1637.55608,4404.7644,3490.60308,116.37043,135.59854,132.4463
2005-12-06,1643.04564,4419.57057,3502.33639,116.59695,135.86372,132.70532
2005-12-07,1639.32718,4409.78632,3494.57548,116.87392,136.1932,133.02686
2005-12-08,1641.84846,4416.64292,3500.00798,116.03414,135.21687,132.07319
2005-12-09,1648.63723,4434.90499,3514.47992,116.43515,135.68418,132.52963
2005-12-12,1669.23345,4490.3264,3558.39515,116.70628,136.00063,132.83858
2005-12-13,1670.52289,4493.79505,3561.14391,117.00198,136.34522,133.17516
2005-12-14,1681.04225,4522.35382,3583.76026,116.78451,136.09965,132.93473
2005-12-15,1666.23691,4482.531,3552.20102,116.54552,135.82134,132.66284
2005-12-16,1680.58868,4521.1403,3582.79712,116.99126,136.3408,133.17022
2005-12-19,1680.63687,4521.32944,3582.94455,117.10191,136.47155,133.29783
2005-12-20,1677.31071,4512.44223,3575.88976,117.91218,137.41771,134.22154
2005-12-21,1680.75308,4521.80045,3583.30569,118.90933,138.58279,135.35952
2005-12-22,1686.48405,4537.68461,3595.78325,118.78686,138.45428,135.22986
2005-12-23,1688.43972,4543.02539,3599.99792,118.89455,138.5822,135.35414
2005-12-26,1690.97064,4549.83524,3605.3942,119.07277,138.78993,135.55704
2005-12-27,1687.24524,4540.23867,3597.76573,118.87053,138.56724,135.33864
2005-12-28,1695.05449,4561.57933,3614.67645,118.88953,138.59931,135.36996
2005-12-29,1696.06684,4564.30366,3616.83526,119.67868,139.51928,136.2685
2005-12-30,1680.12659,4521.4067,3582.84294,119.04136,138.77631,135.54283
2006-01-02,1684.05738,4532.32761,3591.45613,119.31987,139.1115,135.86868
2006-01-03,1714.66127,4614.69231,3656.72264,119.6422,139.4873,136.23572
2006-01-04,1746.60667,4700.82538,3724.97373,120.75216,140.78611,137.50419
2006-01-05,1748.30299,4705.39461,3728.59442,120.82946,140.87634,137.59232
2006-01-06,1766.02161,4753.09802,3766.39196,121.51142,141.6719,138.36922
2006-01-09,1763.63552,4746.69474,3761.31573,122.06072,142.31291,138.9952
2006-01-10,1747.4566,4703.38832,3726.97112,121.00111,141.08462,137.7945
2006-01-11,1762.20139,4743.10658,3758.44327,121.72961,141.93499,138.62502
2006-01-12,1763.94736,4748.02512,3762.31219,122.45752,142.79031,139.45934
2006-01-13,1758.88838,4734.41371,3751.52587,121.73218,141.9447,138.63343
2006-01-16,1759.14915,4735.17891,3752.12285,121.2982,141.44056,138.1407
2006-01-17,1732.17168,4662.56248,3694.5821,119.98248,139.90636,136.64229
2006-01-18,1712.2729,4609.24777,3652.33589,118.26109,137.90653,134.68913
2006-01-19,1732.82559,4664.5733,3696.17546,119.53243,139.38906,136.13706
2006-01-20,1725.2153,4644.08725,3679.94245,119.21902,139.02359,135.78013
2006-01-23,1733.64477,4666.78568,3697.92796,117.96293,137.55906,134.34974
2006-01-24,1736.15379,4673.54068,3703.28052,118.20102,137.83672,134.62092
2006-01-25,1745.96538,4699.99679,3724.2436,118.98533,138.75263,135.51544
2006-01-26,1761.46823,4741.74816,3757.32603,120.18393,140.15092,136.88107
2006-01-27,1775.83118,4780.99447,3788.32717,122.28704,142.62081,139.28975
2006-01-30,1771.81482,4770.35676,3779.86882,122.54562,142.92764,139.58833
2006-01-31,1782.56661,4799.33306,3802.82525,122.68515,143.09123,139.74797
2006-02-01,1783.85738,4803.13701,3805.8035,123.21538,143.71949,140.36023
2006-02-02,1772.83538,4773.46709,3782.2938,122.57563,142.9735,139.63166
2006-02-03,1758.88618,4735.9246,3752.54672,122.49282,142.8774,139.53781
2006-02-06,1760.25524,4739.65338,3755.49181,122.80818,143.24653,139.89796
2006-02-07,1755.5308,4727.20173,3745.56164,122.75012,143.18697,139.8374
2006-02-08,1738.11878,4681.94116,3709.60045,121.55298,141.83976,138.518
2006-02-09,1756.24884,4730.76935,3748.28853,122.8106,143.30702,139.95091
2006-02-10,1745.31023,4701.32187,3724.95569,122.45553,142.89323,139.54677
2006-02-13,1739.36509,4685.31201,3712.27004,122.08965,142.46642,139.12994
2006-02-14,1741.54505,4691.18868,3716.92625,122.58242,143.04156,139.69161
2006-02-15,1741.81583,4692.69358,3718.11576,122.34388,142.78681,139.44272
2006-02-16,1747.95799,4709.24153,3731.22702,122.91993,143.45912,140.09928
2006-02-17,1745.96103,4703.86185,3726.96457,122.39844,142.8505,139.50491
2006-02-20,1745.96005,4704.52426,3727.33368,122.14223,142.57164,139.22676
2006-02-21,1753.46125,4724.73641,3743.3475,123.15149,143.74971,140.3772
2006-02-22,1757.07628,4736.36003,3752.50153,123.63397,144.37027,140.98113
2006-02-23,1773.94219,4782.15837,3788.74237,124.36002,145.22827,141.81733
2006-02-24,1774.66539,4784.10797,3790.28697,124.96629,145.93627,142.50871
2006-02-27,1784.58769,4811.29575,3811.73409,125.78156,146.90177,143.44804
2006-02-28,1776.41583,4789.50334,3794.41291,124.52299,145.43913,142.01768
2006-03-01,1779.20234,4798.59795,3801.55457,124.62424,145.60538,142.17765
2006-03-02,1773.54971,4784.22417,3789.93859,123.68924,144.5393,141.12815
2006-03-03,1768.8704,4772.53033,3780.4183,123.07533,143.8499,140.44548
2006-03-06,1775.20657,4789.83603,3794.07652,123.53676,144.39556,140.97636
2006-03-07,1751.53454,4726.00208,3743.50558,123.16108,143.95759,140.54849
2006-03-08,1741.98928,4704.34933,3726.333,122.14049,142.88928,139.50468
2006-03-09,1762.03783,4758.70864,3769.35946,123.52548,144.51613,141.09181
2006-03-10,1762.199,4759.22877,3769.75243,123.95789,145.02461,141.58752
2006-03-13,1784.17213,4818.60178,3816.77668,125.02474,146.27366,142.8068
2006-03-14,1798.90601,4858.44709,3848.32587,125.09226,146.35424,142.88502
2006-03-15,1803.82252,4873.15072,3859.88904,125.26738,146.602,143.12382
2006-03-16,1812.62602,4897.08363,3878.82511,124.63595,145.8675,142.40599
2006-03-17,1822.97542,4925.41896,3901.20387,125.1725,146.5066,143.02755
2006-03-20,1831.87999,4949.50076,3920.27394,125.76326,147.19872,143.70309
2006-03-21,1820.66694,4919.29713,3896.33629,125.84111,147.29262,143.79421
2006-03-22,1824.11153,4930.66768,3905.28521,126.12092,147.68193,144.17216
2006-03-23,1807.23634,4885.31569,3869.3064,126.03858,147.59344,144.08361
2006-03-24,1818.83714,4916.87229,3894.26148,126.53087,148.17587,144.65075
2006-03-27,1817.43871,4913.4544,3891.47659,126.25492,147.86363,144.34305
2006-03-28,1814.92836,4913.24093,3890.92288,125.51714,147.1965,143.6776
2006-03-29,1808.48436,4896.27669,3877.48068,125.95744,147.72735,144.19548
2006-03-30,1841.74393,4986.38715,3948.84006,126.77369,148.68658,145.13172
2006-03-31,1827.65311,4949.70557,3919.47143,126.2196,148.08064,144.52848
2006-04-03,1847.63925,5003.94072,3962.39887,127.46293,149.54255,145.95462
2006-04-04,1856.8059,5028.92402,3982.15931,126.55961,148.48739,144.92395
2006-04-05,1863.06199,5046.77511,3996.2288,126.90323,148.91731,145.34116
2006-04-06,1872.15324,5072.27044,4016.21301,127.93435,150.15301,146.53974
2006-04-07,1856.25308,5029.39548,3982.21679,128.06775,150.31567,146.69672
2006-04-10,1857.32094,5032.65385,3984.75273,128.2367,150.52489,146.89928
2006-04-11,1844.21082,4997.68849,3956.96446,127.09004,149.1956,145.5982
2006-04-12,1831.88525,4965.77951,3931.33975,126.41785,148.45112,144.85839
2006-04-13,1833.89271,4972.39485,3936.36445,126.78671,148.91941,145.3075
2006-04-14,1834.11153,4972.98887,3936.83466,126.80184,148.9372,145.32486
2006-04-17,1850.88885,5018.4787,3972.84639,125.96112,147.94972,144.36133
2006-04-18,1858.54394,5039.93669,3989.72363,126.46149,148.55813,144.95099
2006-04-19,1881.49492,5103.25078,4039.83761,127.49893,149.80844,146.1707
2006-04-20,1882.9037,5108.85254,4043.87411,127.86915,150.29583,146.63182
2006-04-21,1900.51544,5156.81026,4081.79706,128.73044,151.31323,147.62305
2006-04-24,1892.41715,5137.51101,4066.02792,127.89168,150.40562,146.71979
2006-04-25,1897.63987,5151.96952,4077.42118,127.85177,150.36686,146.68019
2006-04-26,1906.95421,5178.81915,4098.41745,128.09723,150.70099,146.99704
2006-04-27,1915.31942,5202.59948,4117.06247,127.65364,150.2098,146.51172
2006-04-28,1910.1532,5189.7616,4106.66025,126.73324,149.16112,145.48025
2006-05-01,1922.80119,5224.28951,4133.97245,127.34998,149.89171,146.19246
2006-05-02,1940.17411,5273.7568,4172.76691,128.24653,151.0118,147.2726
2006-05-03,1925.97954,5236.38093,4143.10841,127.64141,150.33394,146.60849
2006-05-04,1938.19111,5273.27398,4171.53831,127.67115,150.47432,146.71865
2006-05-05,1961.444,5340.42847,4224.04157,128.68557,151.78048,147.97046
2006-05-08,1970.55416,5366.6681,4244.52942,129.49675,152.7781,148.93369
2006-05-09,1980.26016,5393.94425,4266.00677,129.6859,153.02516,149.17119
2006-05-10,1973.10038,5378.85765,4253.59503,128.86358,152.17978,148.33037
2006-05-11,1966.82485,5362.62914,4240.60691,128.21326,151.43662,147.60062
2006-05-12,1938.74393,5287.68336,4181.0776,125.77448,148.60157,144.82823
2006-05-15,1909.89529,5209.64328,4119.23352,124.39541,146.9903,143.25313
2006-05-16,1904.08243,5194.73423,4107.27876,123.85272,146.37571,142.6484
2006-05-17,1867.35048,5095.91021,4029.10033,122.05242,144.28733,140.61173
2006-05-18,1850.81693,5052.59128,3994.51075,120.74513,142.79276,139.14341
2006-05-19,1834.21014,5007.37869,3958.7473,120.65062,142.6845,139.03725
2006-05-22,1800.99209,4919.65358,3888.76589,117.45794,138.99237,135.41765
2006-05-23,1827.83923,4993.0384,3946.76336,118.88416,140.68143,137.06293
2006-05-24,1804.63636,4930.41728,3897.1657,118.18441,139.87499,136.27378
2006-05-25,1816.03805,4961.70845,3921.87909,118.76359,140.56445,136.94478
2006-05-26,1841.74828,5032.08686,3977.48532,121.00361,143.21947,139.53063
2006-05-29,1846.45059,5046.14629,3988.36179,120.97968,143.22554,139.52827
2006-05-30,1834.51712,5013.79773,3962.74381,118.95744,140.83887,137.20147
2006-05-31,1826.72813,4994.46257,3947.18305,118.85814,140.77634,137.13086
2006-06-01,1829.85419,5003.58105,3954.28209,119.30769,141.32493,137.66151
2006-06-02,1856.08768,5077.02138,4011.9892,119.96523,142.15161,138.4553
2006-06-05,1845.58844,5048.63438,3989.51091,119.18524,141.23665,137.56254
2006-06-06,1791.65287,4902.07358,3873.49881,116.84885,138.49569,134.88601
2006-06-07,1782.97187,4881.69456,3857.21533,116.63766,138.34097,134.72901
2006-06-08,1718.2352,4704.77961,3717.37757,113.63017,134.78334,131.26249
2006-06-09,1747.4795,4784.95877,3780.70953,115.49104,136.99361,133.41432
2006-06-12,1732.73746,4744.59618,3748.81809,115.07183,136.49646,132.93017
2006-06-13,1681.70222,4604.85999,3638.40744,111.87814,132.70842,129.24103
2006-06-14,1691.78001,4632.63705,3660.35318,112.05798,132.92696,129.45381
2006-06-15,1725.54449,4725.09505,3733.40637,114.24916,135.52621,131.98514
2006-06-16,1736.13531,4754.10405,3756.31854,114.79577,136.17485,132.61653
2006-06-19,1730.22829,4738.10492,3743.64229,115.18895,136.64632,133.07444
2006-06-20,1733.97955,4750.45501,3752.96487,115.25506,136.78458,133.19363
2006-06-21,1740.35055,4768.09114,3766.89781,115.05629,136.55388,132.96899
2006-06-22,1750.43923,4795.98457,3788.88781,116.33986,138.08457,134.45785
2006-06-23,1743.60953,4777.27203,3774.10467,116.42294,138.18318,134.55387
2006-06-26,1743.72056,4778.17842,3774.68128,116.10568,137.824,134.19916
2006-06-27,1741.81458,4773.38904,3770.87378,115.57362,137.20487,133.59547
2006-06-28,1729.07056,4739.11163,3743.7619,115.35078,136.95902,133.35489
2006-06-29,1759.789,4823.35607,3810.30786,117.29709,139.27137,135.60622
2006-06-30,1822.87915,4996.2944,3946.92177,119.14571,141.46677,137.74377
2006-07-03,1830.93994,5020.59123,3965.85338,119.52301,141.97706,138.2315
2006-07-04,1836.42655,5035.98489,3977.93338,119.91865,142.45689,138.69588
2006-07-05,1804.7398,4949.99552,3909.9433,118.6001,140.91628,137.1936
2006-07-06,1817.99455,4985.67611,3938.20686,119.14326,141.54249,137.80607
2006-07-07,1828.85546,5015.462,3961.73481,119.20073,141.61079,137.87256
2006-07-10,1830.33769,5019.89444,3965.18514,120.084,142.67057,138.90258
2006-07-11,1816.47285,4981.91272,3935.1749,119.06221,141.45784,137.72157
2006-07-12,1802.98648,4945.07302,3906.05933,118.76505,141.10902,137.3814
2006-07-13,1782.41787,4888.66637,3861.50434,117.35467,139.4335,135.75014
2006-07-14,1746.83013,4791.0593,3784.40558,115.54864,137.28769,133.66102
2006-07-17,1726.83245,4736.24048,3741.09903,115.28429,136.97445,133.35584
2006-07-18,1708.44934,4685.84068,3701.28486,114.29441,135.79891,132.21121
2006-07-19,1742.16873,4778.44369,3774.43078,115.87311,137.67808,134.04074
2006-07-20,1771.37995,4858.56642,3837.71858,117.06137,139.09,135.41536
2006-07-21,1762.51178,4834.35925,3818.58303,116.10808,137.96064,134.31532
2006-07-24,1775.98348,4871.32033,3847.778,117.56081,139.68707,135.99613
2006-07-25,1784.58736,4894.91979,3866.41884,118.11631,140.34712,136.63874
2006-07-26,1784.07324,4893.68659,3865.44331,118.18992,140.43967,136.72879
2006-07-27,1822.17515,4998.20042,3947.99704,119.59542,142.10978,138.35478
2006-07-28,1840.12401,5047.48796,3986.91903,120.47071,143.15139,139.36853
2006-07-31,1839.66029,5046.32473,3985.99219,120.47811,143.16326,139.37981
2006-08-01,1823.35818,5002.59161,3951.28218,119.58854,142.13418,138.3721
2006-08-02,1844.78439,5063.4797,3999.22885,120.35157,143.10048,139.30776
2006-08-03,1831.86893,5028.07004,3971.25507,119.68182,142.30527,138.53339
2006-08-04,1859.43204,5103.72458,4031.00831,120.51692,143.29823,139.50004
2006-08-07,1830.27421,5023.69288,3967.79792,118.94996,141.43507,137.68626
2006-08-08,1836.35045,5040.54724,3981.10977,119.54938,142.15277,138.38494
2006-08-09,1853.17218,5089.84611,4019.94007,120.20442,143.01948,139.22498
2006-08-10,1831.93315,5031.57004,3973.91387,119.84997,142.59941,138.81605
2006-08-11,1828.49315,5023.13502,3967.05186,119.70926,142.46072,138.67405
2006-08-14,1841.77167,5060.439,3996.33984,120.77727,143.75518,139.92804
2006-08-15,1859.25502,5108.51717,4034.30822,121.52329,144.64429,140.79348
2006-08-16,1879.97743,5168.5042,4081.68091,122.24673,145.59128,141.71525
2006-08-17,1885.29125,5183.17071,4093.25812,122.50172,145.89658,142.01224
2006-08-18,1879.53835,5167.35444,4080.76768,122.52323,145.92221,142.03718
2006-08-21,1883.4124,5178.37419,4089.39446,121.83497,145.11284,141.24674
2006-08-22,1880.02534,5169.0998,4082.06178,122.62193,146.05124,142.15985
2006-08-23,1871.5987,5147.06225,4064.65876,122.24404,145.63316,141.75291
2006-08-24,1868.45441,5138.52553,4057.89223,122.04821,145.40298,141.52799
2006-08-25,1859.78052,5114.74025,4039.10101,121.9391,145.27495,141.40309
2006-08-28,1864.87251,5129.23778,4050.48411,121.85233,145.18556,141.31379
2006-08-29,1871.13242,5146.59048,4064.15725,122.59684,146.07646,142.17989
2006-08-30,1885.22369,5185.54611,4094.90116,122.7885,146.31039,142.40693
2006-08-31,1885.49181,5186.45427,4095.58597,123.10337,146.69041,142.77569
2006-09-01,1891.70161,5203.64077,4109.13274,123.47987,147.14202,143.21437
2006-09-04,1914.88419,5268.04906,4159.84281,124.40041,148.25693,144.29429
2006-09-05,1904.7411,5240.22018,4137.85168,124.30189,148.14165,144.18152
2006-09-06,1882.75767,5180.39945,4090.58616,123.0402,146.65665,142.7352
2006-09-07,1856.10503,5107.1145,4032.71395,121.84149,145.22926,141.34583
2006-09-08,1854.97152,5104.01095,4030.25968,122.37263,145.86279,141.96228
2006-09-11,1837.66563,5056.58422,3992.77504,121.00172,144.23418,140.37598
2006-09-12,1849.88056,5090.32647,4019.41856,121.83481,145.23097,141.34611
2006-09-13,1853.73244,5101.52715,4028.25867,122.20407,145.68831,141.79107
2006-09-14,1867.11306,5138.39137,4057.36637,122.39106,145.91238,142.00911
2006-09-15,1857.96541,5113.21658,4037.4879,122.74453,146.33378,142.41925
2006-09-18,1861.34196,5123.03585,4045.10375,122.62833,146.21028,142.29421
2006-09-19,1859.10487,5116.88508,4040.24715,122.30258,145.82208,141.9164
2006-09-20,1864.06838,5130.94569,4051.34928,122.64359,146.24005,142.32318
2006-09-21,1876.49588,5165.16666,4078.36697,123.28169,147.00131,143.06394
2006-09-22,1865.33321,5134.44075,4054.10608,121.76819,145.19661,141.30758
2006-09-25,1855.5652,5107.85283,4033.04837,121.72956,145.15904,141.26878
2006-09-26,1861.62898,5130.04115,4050.27177,122.75368,146.53728,142.59965
2006-09-27,1885.47745,5196.05955,4102.37923,123.9936,148.02598,144.04781
2006-09-28,1886.0417,5197.61451,4103.6069,124.22621,148.30367,144.31804
2006-09-29,1885.25843,5195.47881,4101.91761,124.38047,148.48848,144.49778
2006-10-02,1898.64441,5232.45662,4131.10893,124.5068,148.6418,144.64685
2006-10-03,1891.99421,5214.20431,4116.69109,124.12427,148.18724,144.20426
2006-10-04,1890.58823,5210.66648,4113.88995,124.53549,148.6878,144.69108
2006-10-05,1910.67313,5266.03088,4157.5999,125.84859,150.25579,146.21689
2006-10-06,1897.63592,5230.14589,4129.25873,126.00278,150.44125,146.39703
2006-10-09,1899.32238,5234.79401,4132.92847,125.95465,150.38378,146.3411
2006-10-10,1901.50016,5241.12292,4137.88336,126.74272,151.33412,147.26441
2006-10-11,1902.17795,5243.25653,4139.56785,126.68685,151.27508,147.20696
2006-10-12,1909.86405,5264.46017,4156.30819,127.32559,152.03829,147.94964
2006-10-13,1912.35327,5271.43105,4161.8052,127.915,152.74527,148.63737
2006-10-16,1925.30662,5307.3898,4190.13915,128.55507,153.5169,149.38627
2006-10-17,1913.2874,5274.25707,4163.98113,127.51821,152.27871,148.18139
2006-10-18,1922.02466,5298.63528,4183.22362,128.3667,153.30042,149.17547
2006-10-19,1931.86109,5325.81623,4204.67367,128.1735,153.07152,148.95241
2006-10-20,1938.99301,5345.50395,4220.20953,128.57523,153.55204,149.41974
2006-10-23,1939.66251,5348.22946,4222.1747,129.16278,154.27911,150.12061
2006-10-24,1940.20991,5349.75286,4223.37403,129.24042,154.37225,150.21112
2006-10-25,1948.83863,5373.67119,4242.24558,129.39236,154.55737,150.39087
2006-10-26,1962.60429,5411.65715,4272.23185,129.46295,154.64252,150.47366
2006-10-27,1965.02447,5418.33052,4277.50014,129.07246,154.17608,150.0198
2006-10-30,1952.73351,5384.47203,4250.76672,128.33574,153.29699,149.16427
2006-10-31,1957.64495,5398.01486,4261.45809,128.18475,153.11664,148.98879
2006-11-01,1966.23919,5423.8072,4281.66826,128.65678,153.73985,149.58989
2006-11-02,1958.92056,5403.65924,4265.76304,128.22809,153.22873,149.09257
2006-11-03,1952.85822,5387.42313,4252.85008,128.47527,153.53797,149.3901
2006-11-06,1967.55192,5427.95918,4284.84937,129.35031,154.58371,150.40758
2006-11-07,1989.26247,5487.85289,4332.12967,129.87853,155.21498,151.0218
2006-11-08,1975.20422,5450.60638,4302.71747,129.39534,154.68114,150.50204
2006-11-09,1971.93797,5442.09287,4295.88742,128.81787,154.00495,149.84031
2006-11-10,1978.57427,5461.66695,4311.13814,128.58802,153.76562,149.60048
2006-11-13,1969.61595,5436.94873,4291.6267,128.46535,153.61923,149.45805
2006-11-14,1975.63104,5453.57639,4304.74722,128.87779,154.11309,149.93838
2006-11-15,1981.00034,5468.75869,4316.71729,129.26841,154.59039,150.40227
2006-11-16,1980.70554,5468.33119,4316.28871,129.25927,154.59038,150.39908
2006-11-17,1972.39675,5446.50715,4298.84343,128.50632,153.72134,149.54598
2006-11-20,1960.65283,5415.02889,4273.79063,127.85081,152.96407,148.80206
2006-11-21,1965.92902,5429.65466,4285.33099,128.09492,153.25765,149.08754
2006-11-22,1988.63229,5494.6069,4336.56892,128.49229,153.79602,149.61039
2006-11-23,1989.13912,5496.01774,4337.68122,128.36625,153.64545,149.46388
2006-11-24,1990.64331,5500.18378,4340.96839,127.07002,152.09423,147.95484
2006-11-27,1976.3414,5460.79312,4309.86037,125.85907,150.64827,146.54759
2006-11-28,1972.29192,5449.72226,4301.12284,125.34331,150.03418,145.95021
2006-11-29,2000.42374,5527.88316,4362.80265,127.11181,152.16286,148.02068
2006-11-30,2012.31076,5560.83267,4388.80758,126.87357,151.88043,147.74594
2006-12-01,2010.99395,5557.38143,4386.07501,126.02993,150.8756,146.76817
2006-12-04,2018.26145,5577.47778,4401.93573,126.5898,151.54619,147.42051
2006-12-05,2025.36288,5597.21246,4417.49829,127.19751,152.27669,148.13069
2006-12-06,2033.84521,5620.8725,4436.166,127.64389,152.81703,148.65614
2006-12-07,2041.13888,5641.02979,4452.07475,128.29432,153.59574,149.41364
2006-12-08,2040.08894,5638.27736,4449.89556,128.02613,153.27871,149.10502
2006-12-11,2034.66506,5623.39076,4438.13928,128.67126,154.05393,149.85888
2006-12-12,2045.12259,5652.29321,4460.94991,129.08839,154.55334,150.34469
2006-12-13,2052.17414,5671.94709,4476.4602,129.71963,155.31362,151.08423
2006-12-14,2059.84493,5693.15657,4493.19746,130.7087,156.49807,152.23636
2006-12-15,2060.36761,5694.60121,4494.33761,131.55092,157.50646,153.21729
2006-12-18,2057.83981,5687.66312,4488.86187,131.6208,157.59147,153.29998
2006-12-19,2053.23685,5675.01727,4478.88141,130.29432,156.00536,151.75707
2006-12-20,2066.09775,5710.64898,4507.00843,130.97123,156.81817,152.54793
2006-12-21,2062.94278,5702.6448,4500.52811,130.96494,156.83033,152.55423
2006-12-22,2055.91969,5683.30757,4485.24883,130.60837,156.40546,152.14032
2006-12-25,2054.26629,5678.71824,4481.62799,130.50333,156.27916,152.0175
2006-12-26,2052.99095,5675.82119,4479.30692,130.62587,156.44322,152.1759
2006-12-27,2070.17998,5723.8649,4517.20988,131.81489,157.88164,153.57466
2006-12-28,2073.57636,5733.25557,4524.62089,131.85033,157.92409,153.61595
2006-12-29,2074.47582,5735.74251,4526.58356,131.47739,157.47739,153.18144
2007-01-01,2074.47582,5735.74251,4526.58356,131.47739,157.47739,153.18144
2007-01-02,2105.84868,5822.93637,4595.33195,132.55102,158.77563,154.44211
2007-01-03,2094.28457,5791.01724,4570.13797,132.64231,158.88654,154.54986
2007-01-04,2080.50635,5752.93313,4540.08134,132.83674,159.11986,154.77675
2007-01-05,2052.14364,5674.50569,4478.18823,131.99389,158.11024,153.79469
2007-01-08,2051.55598,5672.90734,4476.92306,131.80393,157.88344,153.57395
2007-01-09,2057.05313,5688.14648,4488.94395,132.22826,158.39279,154.06921
2007-01-10,2029.99567,5613.63003,4430.0988,131.04334,156.98188,152.69548
2007-01-11,2044.29723,5653.36238,4461.42823,132.53986,158.77977,154.44338
2007-01-12,2066.339,5714.36864,4509.5649,133.53383,159.97196,155.60276
2007-01-15,2081.95945,5757.66769,4543.71901,134.52247,161.15918,156.75701
2007-01-16,2071.70688,5729.32022,4521.34747,133.90143,160.41534,156.03345
2007-01-17,2075.02314,5738.78671,4528.81804,133.92933,160.45702,156.074
2007-01-18,2075.15491,5739.19045,4529.1289,133.9275,160.45592,156.07266
2007-01-19,2084.10664,5763.94798,4548.66651,134.55718,161.21034,156.80646
2007-01-22,2085.673,5768.48903,4552.21531,134.53359,161.18792,156.78346
2007-01-23,2095.02985,5794.36791,4572.63769,134.34908,160.96685,156.56843
2007-01-24,2102.9943,5816.4646,4590.07413,135.56718,162.4282,157.98981
2007-01-25,2096.7729,5799.25743,4576.49506,135.04113,161.79792,157.37675
2007-01-26,2075.36414,5740.78272,4530.22994,134.40807,161.06013,156.65498
2007-01-29,2082.56746,5760.75389,4545.98297,134.55136,161.2331,156.82299
2007-01-30,2092.08605,5787.1489,4566.80563,134.94726,161.70933,157.28596
2007-01-31,2087.67862,5774.99477,4557.21388,134.26917,160.89781,156.49663
2007-02-01,2114.89736,5850.66611,4616.87508,135.72728,162.65561,158.20452
2007-02-02,2116.81596,5855.97888,4621.06714,136.353,163.40562,158.93399
2007-02-05,2108.05488,5831.74215,4601.94147,136.30343,163.34621,158.87621
2007-02-06,2121.02776,5867.67913,4630.28851,136.86692,164.02287,159.53395
2007-02-07,2131.71183,5899.48313,4655.2561,136.86944,164.08839,159.59324
2007-02-08,2117.79518,5860.97852,4624.87175,135.74647,162.74236,158.28407
2007-02-09,2124.90736,5880.66144,4640.40345,136.63199,163.80398,159.31661
2007-02-12,2111.01181,5842.26317,4610.09316,136.10501,163.17381,158.70334
2007-02-13,2124.18971,5878.83319,4638.92667,136.41792,163.55173,159.07009
2007-02-14,2155.52315,5966.28384,4707.93313,137.24896,164.56829,160.05881
2007-02-15,2166.429,5996.52397,4731.79234,137.76494,165.18846,160.66188
2007-02-16,2161.25923,5982.23101,4720.51015,137.64565,165.04589,160.52308
2007-02-19,2169.31611,6005.01951,4738.37751,137.96953,165.44766,160.90995
2007-02-20,2165.32596,5994.04296,4729.69995,137.57964,164.98203,160.45653
2007-02-21,2149.70564,5951.98309,4696.47463,136.82642,164.11132,159.60844
2007-02-22,2156.45102,5970.66465,4711.21425,137.4966,164.91529,160.39031
2007-02-23,2172.23324,6014.55857,4745.8394,137.88224,165.38325,160.8451
2007-02-26,2182.59944,6044.09427,4768.95361,138.49816,166.14492,161.5794
2007-02-27,2150.11342,5954.40945,4698.12559,135.67444,162.76508,158.29026
2007-02-28,2102.25777,5822.43393,4593.98648,133.00618,159.57921,155.19169
2007-03-01,2082.37569,5767.68459,4550.71358,132.19863,158.61901,154.25536
2007-03-02,2075.4199,5748.45069,4535.53043,131.68702,158.00604,153.659
2007-03-05,2032.56888,5629.93636,4441.9815,129.6819,155.60497,151.32258
2007-03-06,2057.57231,5699.28432,4496.67672,131.19203,157.41951,153.08652
2007-03-07,2068.65359,5736.50054,4525.89237,131.5173,157.98943,153.63574
2007-03-08,2091.91508,5802.01222,4577.30825,133.19883,160.03718,155.61786
2007-03-09,2094.30006,5810.06319,4583.27583,133.47272,160.4059,155.96334
2007-03-12,2102.88048,5833.96471,4602.12933,133.28774,160.18628,155.74975
2007-03-13,2087.07929,5790.20598,4567.58865,132.1459,158.81614,154.41684
2007-03-14,2036.01832,5650.59555,4457.38767,128.64976,154.67047,150.38365
2007-03-15,2071.06786,5747.99109,4534.19647,130.65698,157.08701,152.73253
2007-03-16,2074.77342,5758.40492,4542.40108,130.3104,156.67383,152.33047
2007-03-19,2098.60134,5824.65911,4594.65152,131.88625,158.5718,154.17539
2007-03-20,2114.62003,5869.34333,4629.85591,132.97293,159.88448,155.4502
2007-03-21,2120.41916,5887.52908,4644.16196,133.19729,160.21111,155.76646
2007-03-22,2158.46202,5993.42908,4727.64424,135.03892,162.43357,157.92549
2007-03-23,2161.61917,6002.30309,4734.61854,135.81595,163.37117,158.83621
2007-03-26,2153.86765,5980.93,4717.72765,135.01426,162.41092,157.90156
2007-03-27,2148.41211,5973.35954,4711.3272,134.52094,162.02306,157.51013
2007-03-28,2141.8688,5956.03502,4697.58925,133.91058,161.31144,156.81586
2007-03-29,2150.13766,5979.80478,4716.17378,134.77034,162.36819,157.83771
2007-03-30,2147.51232,5973.6051,4711.08802,134.82825,162.46792,157.92808
2007-04-02,2152.1276,5986.67406,4721.35608,134.48154,162.05639,157.52676
2007-04-03,2172.57376,6043.64472,4766.26854,135.77948,163.62303,159.04904
2007-04-04,2186.05438,6081.97267,4796.40188,136.60155,164.63608,160.03064
2007-04-05,2191.18522,6097.92368,4808.71385,136.29037,164.30619,159.7011
2007-04-06,2190.04454,6094.74925,4806.21055,136.21942,164.22066,159.61797
2007-04-09,2184.43669,6079.14297,4793.90372,136.58216,164.65797,160.04302
2007-04-10,2205.65817,6139.46554,4841.22484,137.12934,165.35169,160.70906
2007-04-11,2204.06361,6135.68578,4838.24431,137.07099,165.29907,160.65792
2007-04-12,2202.44713,6131.90015,4835.11973,136.38184,164.48717,159.8642
2007-04-13,2207.73648,6147.11809,4847.02001,136.5374,164.68795,160.05606
2007-04-16,2235.60391,6225.50727,4908.64831,137.90368,166.35721,161.67238
2007-04-17,2239.39442,6236.34839,4917.13879,137.91356,166.37675,161.68948
2007-04-18,2241.89718,6244.45328,4923.50508,137.93556,166.43354,161.74388
2007-04-19,2228.4794,6210.4968,4896.01428,136.86818,165.23655,160.55709
2007-04-20,2246.65465,6261.7221,4936.3005,138.12658,166.77103,162.04493
2007-04-23,2241.82312,6250.20023,4926.87969,138.10893,166.80161,162.06353
2007-04-24,2233.61978,6227.7415,4909.11599,137.03284,165.51291,160.80947
2007-04-25,2242.52388,6257.28105,4931.56502,137.1964,165.83537,161.09546
2007-04-26,2239.40548,6250.76661,4926.10105,137.55946,166.33241,161.56748
2007-04-27,2233.62628,6237.29304,4915.03696,136.69207,165.35405,160.60258
2007-04-30,2235.40368,6244.50812,4920.41999,136.89106,165.6545,160.8845
2007-05-01,2224.25366,6213.41516,4895.90805,136.71917,165.44794,160.68349
2007-05-02,2235.78284,6247.91133,4922.84223,137.43795,166.37872,161.57936
2007-05-03,2236.78356,6252.52645,4926.1859,137.80354,166.86984,162.04668
2007-05-04,2253.55205,6304.30817,4966.07069,138.61182,167.97938,163.09419
2007-05-07,2269.48475,6349.9207,5001.8313,139.24338,168.77242,163.8586
2007-05-08,2244.61115,6280.89163,4947.40016,138.68449,168.11016,163.21375
2007-05-09,2256.01558,6315.87731,4974.75927,139.13197,168.73471,163.81356
2007-05-10,2235.5921,6260.55514,4930.75079,138.26524,167.73326,162.827
2007-05-11,2240.07447,6273.85682,4941.11396,138.44513,167.97155,163.05459
2007-05-14,2242.88317,6282.72102,4947.90209,138.4549,168.01008,163.08563
2007-05-15,2248.20963,6299.31252,4960.66919,138.19168,167.73517,162.80895
2007-05-16,2240.01642,6278.59396,4944.12685,137.92138,167.46678,162.54099
2007-05-17,2232.7401,6260.29645,4929.38721,138.30891,167.99361,163.04138
2007-05-18,2243.97047,6293.17916,4955.00948,138.97368,168.83847,163.85241
2007-05-21,2241.01054,6292.75039,4953.05554,139.17196,169.29114,164.23811
2007-05-22,2246.81271,6309.13401,4965.92911,139.48046,169.66886,164.60383
2007-05-23,2265.02978,6361.16843,5006.88304,140.32992,170.7258,165.62914
2007-05-24,2244.73929,6306.37491,4963.33353,139.63179,169.93548,164.84841
2007-05-25,2238.12181,6290.101,4950.12031,139.00289,169.23244,164.15298
2007-05-28,2242.89061,6303.60418,4960.73474,139.29907,169.59574,164.50497
2007-05-29,2251.60171,6328.57091,4980.28747,139.56006,169.9265,164.82266
2007-05-30,2240.27579,6297.52926,4955.78523,139.40602,169.76029,164.65899
2007-05-31,2263.20889,6362.21394,5006.64527,140.56097,171.17261,166.02743
2007-06-01,2277.32777,6402.99435,5038.56223,141.83839,172.75764,167.55902
2007-06-04,2285.36027,6425.88361,5056.51188,141.65776,172.54581,167.35151
2007-06-05,2282.30253,6417.58056,5049.92097,141.05499,171.8195,166.64517
2007-06-06,2256.31429,6347.70287,4994.84929,139.75887,170.32652,165.19432
2007-06-07,2232.92845,6284.28836,4944.48193,138.65974,169.05093,163.94164
2007-06-08,2209.62601,6218.7897,4892.92952,138.22952,168.52866,163.43456
2007-06-11,2222.9439,6256.48763,4922.57644,139.21897,169.74086,164.60966
2007-06-12,2209.42841,6218.58277,4892.73928,138.66347,169.06723,163.95593
2007-06-13,2208.03344,6214.9291,4889.86157,138.70091,169.1203,164.00729
2007-06-14,2234.95042,6290.69205,4949.47132,140.30737,171.07908,165.90686
2007-06-15,2264.39051,6373.56953,5014.67521,141.60777,172.66502,167.44473
2007-06-18,2268.7866,6387.93305,5025.55626,141.54905,172.6472,167.41345
2007-06-19,2265.30985,6378.11209,5017.83613,141.19511,172.21464,166.99421
2007-06-20,2273.12416,6400.35523,5035.32609,141.58713,172.6993,167.46388
2007-06-21,2256.19014,6353.14778,4998.10335,140.73164,171.66861,166.46165
2007-06-22,2249.60507,6334.62635,4983.53229,140.0074,170.78574,165.60556
2007-06-25,2247.03545,6328.06107,4978.20906,139.59798,170.30436,165.13353
2007-06-26,2239.76534,6307.69471,4962.1871,139.06363,169.65536,164.50424
2007-06-27,2219.86866,6252.52739,4918.78458,138.12586,168.53465,163.41745
2007-06-28,2243.71747,6319.70042,4971.62876,139.26762,169.92777,164.76828
2007-06-29,2262.24316,6372.02936,5012.76249,139.99123,170.81469,165.62718
2007-07-02,2278.46477,6418.77937,5049.38995,139.72254,170.51496,165.33165
2007-07-03,2292.16207,6457.47115,5079.80877,140.73806,171.75706,166.53538
2007-07-04,2300.35269,6481.02134,5098.2706,141.11655,172.23161,166.99341
2007-07-05,2289.64733,6451.10036,5074.69818,140.7077,171.73901,166.51464
2007-07-06,2299.96539,6480.77007,5098.00458,141.00999,172.12386,166.8867
2007-07-09,2310.9273,6511.88343,5122.44206,141.72365,173.00097,167.73589
2007-07-10,2306.77914,6500.53225,5113.46506,140.52059,171.54132,166.31911
2007-07-11,2301.56281,6486.13228,5102.13772,139.62781,170.45933,165.27006
2007-07-12,2317.06425,6529.87401,5136.53795,140.62437,171.67743,166.45082
2007-07-13,2332.71977,6574.06069,5171.283,141.5334,172.78895,167.52808
2007-07-16,2335.70484,6582.57837,5177.9648,141.72481,173.02539,167.75672
2007-07-17,2327.92674,6560.66588,5160.72693,141.12989,172.2993,167.0527
2007-07-18,2306.82072,6501.36738,5114.06692,139.61741,170.45758,165.26658
2007-07-19,2327.84852,6560.63054,5160.68415,140.74739,171.83716,166.60415
2007-07-20,2319.14275,6536.09485,5141.38403,140.09939,171.04603,165.83711
2007-07-23,2321.1384,6541.72652,5145.81398,140.39246,171.40403,166.18421
2007-07-24,2303.51972,6492.07134,5106.75452,139.25626,170.01685,164.83927
2007-07-25,2271.82287,6402.85066,5036.56849,138.53254,169.13621,163.98533
2007-07-26,2224.51436,6269.56347,4931.72047,135.50932,165.44633,160.40774
2007-07-27,2192.29867,6178.90435,4860.38983,134.17276,163.81813,158.82858
2007-07-30,2195.62423,6188.27797,4867.76318,134.10132,163.73093,158.74402
2007-07-31,2227.50368,6278.86791,4938.93497,135.99871,166.0671,161.0062
2007-08-01,2186.97421,6167.4834,4851.13852,133.65114,163.2762,158.29442
2007-08-02,2198.41873,6199.91076,4876.64406,134.37019,164.15868,159.14995
2007-08-03,2193.2125,6185.23461,4865.09979,133.15606,162.67555,157.71206
2007-08-06,2179.43949,6146.39235,4834.54776,132.03212,161.30244,156.38084
2007-08-07,2192.98442,6184.66559,4864.65182,133.15189,162.67241,157.70899
2007-08-08,2232.07294,6299.028,4954.46618,135.0054,165.04492,160.00463
2007-08-09,2200.05439,6209.44457,4883.91344,134.1562,164.02724,159.01504
2007-08-10,2131.94902,6018.04492,4733.23276,130.25985,159.28507,154.41324
2007-08-13,2156.88269,6088.42745,4788.5891,132.39304,161.89359,156.94198
2007-08-14,2135.56253,6028.26636,4741.27194,131.50936,160.81357,155.89499
2007-08-15,2103.78874,5941.34893,4672.90975,130.53377,159.69514,154.81073
2007-08-16,2039.85626,5760.84394,4530.9414,127.20916,155.6291,150.86906
2007-08-17,2056.09538,5806.75472,4567.05053,127.14034,155.54622,150.78872
2007-08-20,2081.67399,5880.85735,4624.91953,129.06579,157.95194,153.10717
2007-08-21,2093.65098,5914.69309,4651.52918,129.71215,158.74296,153.87393
2007-08-22,2119.68584,5989.21594,4710.28776,131.07251,160.43383,155.51793
2007-08-23,2144.97486,6060.77675,4766.54323,132.05979,161.6451,156.69128
2007-08-24,2155.80129,6091.42326,4790.64161,132.10351,161.7001,156.74447
2007-08-27,2162.82205,6111.63663,4806.48747,132.50458,162.20099,157.22834
2007-08-28,2137.72503,6041.01032,4750.90768,130.95742,160.31484,155.39884
2007-08-29,2135.38158,6034.64247,4745.87216,130.76593,160.08718,155.17726
2007-08-30,2153.50151,6086.29664,4786.40182,131.98193,161.5877,156.62871
2007-08-31,2187.28501,6182.24808,4861.75431,134.09176,164.18332,159.14121
2007-09-03,2189.40816,6188.51956,4866.62344,134.43394,164.60948,159.55222
2007-09-04,2194.75092,6203.68003,4878.54125,134.99507,165.29813,160.21957
2007-09-05,2170.82387,6136.39695,4825.61946,132.90712,162.75075,157.7501
2007-09-06,2181.9412,6167.99662,4850.45336,133.18774,163.09896,158.0871
2007-09-07,2160.6863,6107.94364,4803.22828,131.20037,160.6661,155.729
2007-09-10,2138.93211,6047.17342,4755.26906,129.60634,158.73311,153.84991
2007-09-11,2170.20147,6135.68318,4824.85938,131.10185,160.56747,155.6275
2007-09-12,2180.21901,6165.24141,4848.09881,131.22326,160.7484,155.80274
2007-09-13,2187.41131,6185.61782,4864.12447,131.69883,161.33197,156.36843
2007-09-14,2179.71087,6163.8559,4847.01129,131.35349,160.90928,155.95873
2007-09-17,2155.11123,6094.83854,4792.59359,129.88044,159.11904,154.21889
2007-09-18,2162.14099,6114.73887,4808.23902,130.2853,159.61556,154.70003
2007-09-19,2236.82794,6326.60819,4974.83949,133.93595,164.10485,159.05106
2007-09-20,2250.83882,6366.26259,5006.01863,133.54066,163.62119,158.58222
2007-09-21,2250.85989,6366.32218,5006.06549,133.47558,163.54146,158.50494
2007-09-24,2255.32755,6379.37038,5016.25156,133.75001,163.88827,158.83873
2007-09-25,2249.07149,6368.6558,5007.44285,133.08624,163.25389,158.21178
2007-09-26,2257.65413,6393.18728,5026.72717,133.61303,163.90594,158.84357
2007-09-27,2288.25173,6479.83669,5094.85641,135.13677,165.77525,160.65514
2007-09-28,2300.37517,6514.17781,5121.85756,135.18406,165.83352,160.7116
2007-10-01,2313.88917,6552.71256,5152.13793,135.77773,166.56855,161.42336
2007-10-02,2319.37606,6568.42249,5164.47934,136.95552,168.01782,162.82753
2007-10-03,2323.84318,6581.52739,5174.77593,137.2969,168.44825,163.24444
2007-10-04,2320.18432,6571.27344,5166.6929,137.17771,168.30479,163.10475
2007-10-05,2336.69274,6618.03465,5203.45845,138.08536,169.41855,164.18408
2007-10-08,2320.18177,6571.2719,5166.69104,137.87005,169.15438,163.92807
2007-10-09,2336.55375,6617.67966,5203.17935,138.60639,170.05879,164.80454
2007-10-10,2347.41282,6649.39394,5228.04692,138.51318,169.96895,164.71533
2007-10-11,2372.62784,6720.89519,5284.2536,139.27338,170.90371,165.62087
2007-10-12,2360.60079,6686.82992,5257.47015,139.21273,170.82938,165.54884
2007-10-15,2350.8361,6659.27111,5235.78374,138.12032,169.49145,164.25168
2007-10-16,2319.4937,6570.58481,5166.03347,136.93828,168.04345,162.84777
2007-10-17,2328.53141,6596.49335,5186.39879,137.07967,168.22477,163.02333
2007-10-18,2336.50732,6619.0887,5204.16404,136.7497,167.81984,162.63092
2007-10-19,2315.36262,6559.1879,5157.0679,135.78792,166.63955,161.48712
2007-10-22,2270.01927,6431.84757,5056.71526,134.11689,164.61733,159.52007
2007-10-23,2301.9888,6522.4309,5127.93176,135.08891,165.81044,160.67623
2007-10-24,2291.92882,6494.23273,5105.75392,134.62144,165.24443,160.12749
2007-10-25,2315.52571,6561.11888,5158.33645,135.26593,166.03614,160.89458
2007-10-26,2349.16702,6656.48767,5233.31269,136.46805,167.51284,162.32547
2007-10-29,2376.2951,6733.49788,5293.84124,137.88104,169.25083,164.00913
2007-10-30,2367.69097,6709.26865,5274.7578,137.1913,168.40797,163.1913
2007-10-31,2388.73667,6770.85466,5323.09994,137.98981,169.43694,164.18606
2007-11-01,2367.29557,6710.62495,5275.67436,137.06386,168.31365,163.09527
2007-11-02,2344.67639,6646.83528,5225.48635,135.31364,166.17262,161.01944
2007-11-05,2321.73792,6581.82839,5174.37914,134.0917,164.67252,159.56581
2007-11-06,2339.63091,6632.57018,5214.26941,134.37756,165.024,159.90637
2007-11-07,2344.04089,6646.86561,5225.3785,133.58428,164.09409,159.00136
2007-11-08,2321.35353,6583.7325,5175.54332,132.0797,162.27546,157.23298
2007-11-09,2293.27536,6504.10166,5112.94447,130.57101,160.42194,155.43705
2007-11-12,2261.67968,6414.60754,5042.56545,130.02997,159.76011,154.79497
2007-11-13,2271.90934,6443.64976,5065.39031,130.02774,159.75808,154.79283
2007-11-14,2303.05239,6533.49714,5135.83735,131.02056,161.01533,156.00547
2007-11-15,2272.88197,6447.9288,5068.57137,129.86108,159.59094,154.62532
2007-11-16,2248.98966,6382.28579,5016.53287,128.45208,157.91225,152.9855
2007-11-19,2216.12049,6289.9285,4943.74393,126.38473,155.39349,150.53937
2007-11-20,2249.97746,6386.02343,5019.27241,127.22172,156.4226,151.53634
2007-11-21,2204.45682,6259.33266,4919.66875,124.28624,152.87462,148.09836
2007-11-22,2215.96907,6292.08949,4945.41475,124.72495,153.41592,148.62275
2007-11-23,2238.34278,6355.44364,4995.22379,126.39283,155.4632,150.6065
2007-11-26,2249.04519,6386.11084,5019.30995,126.6634,155.80281,150.93498
2007-11-27,2243.42502,6370.39165,5006.9465,126.16833,155.19968,150.35043
2007-11-28,2267.87936,6440.49546,5062.03997,128.44252,158.01344,153.07609
2007-11-29,2293.5869,6513.77825,5119.62286,129.76657,159.6491,154.66018
2007-11-30,2306.28706,6549.95705,5148.05819,131.31185,161.55295,156.50453
2007-12-03,2299.14552,6529.83809,5132.2284,131.08384,161.27646,156.23617
2007-12-04,2283.91255,6486.57769,5098.22721,129.37687,159.1764,154.20174
2007-12-05,2298.40288,6528.06868,5130.83181,131.05938,161.25476,156.21497
2007-12-06,2304.68967,6545.98733,5144.90341,131.73695,162.08999,157.02373
2007-12-07,2323.75659,6600.20082,5187.50182,132.53223,163.06993,157.9727
2007-12-10,2337.79782,6640.11982,5218.86894,132.78933,163.3872,158.27982
2007-12-11,2336.18903,6635.64158,5215.34923,132.87857,163.49925,158.38837
2007-12-12,2331.10049,6621.24736,5204.03594,132.72464,163.3113,158.20629
2007-12-13,2268.13167,6442.51555,5063.55988,129.81153,159.72995,154.73689
2007-12-14,2243.18635,6371.6596,5007.86993,129.86907,159.80076,154.80549
2007-12-17,2192.53166,6227.97265,4894.93773,127.4485,156.82721,151.92489
2007-12-18,2192.59349,6228.14827,4895.07576,127.23086,156.55941,151.66546
2007-12-19,2179.99144,6192.49972,4867.05275,126.63148,155.82559,150.95443
2007-12-20,2180.14283,6193.05697,4867.46574,127.0199,156.30676,151.41979
2007-12-21,2209.78674,6277.90955,4933.98859,128.50514,158.15068,153.20085
2007-12-24,2215.73255,6295.24783,4947.61524,128.56464,158.23513,153.28266
2007-12-25,2224.33382,6320.39831,4967.3425,129.06371,158.8673,153.89383
2007-12-26,2238.43499,6360.46649,4998.83298,128.99528,158.78307,153.81224
2007-12-27,2246.41687,6383.18985,5016.68941,128.86879,158.62843,153.66237
2007-12-28,2254.0533,6404.88943,5033.74359,128.11092,157.69557,152.75871
2007-12-31,2253.35663,6402.90985,5032.18779,128.80714,158.55256,153.58887
2008-01-01,2253.35663,6402.90985,5032.18779,128.80714,158.55256,153.58887
2008-01-02,2253.22095,6402.95753,5032.17366,127.88098,157.42318,152.49328
2008-01-03,2247.45741,6386.73879,5019.38953,127.57986,157.05642,152.13687
2008-01-04,2208.95664,6277.33935,4933.41014,124.95298,153.82287,149.00456
2008-01-07,2188.02825,6217.87288,4886.67396,124.24849,152.95578,148.1646
2008-01-08,2196.77506,6242.76189,4906.22982,124.77061,153.59935,148.78787
2008-01-09,2179.11363,6192.64786,4866.84021,124.15562,152.84414,148.05617
2008-01-10,2163.53315,6148.75732,4832.2917,122.70744,151.07082,146.33675
2008-01-11,2153.20368,6119.48048,4809.27187,121.65925,149.78228,145.08825
2008-01-14,2170.90941,6170.09698,4849.05114,121.92602,150.11793,145.41338
2008-01-15,2123.14634,6034.82812,4742.6716,119.46023,147.09375,142.4818
2008-01-16,2068.19946,5878.6879,4619.96359,117.71588,144.9469,140.40226
2008-01-17,2070.9087,5886.4636,4626.05967,117.82996,145.08921,140.53967
2008-01-18,2050.86328,5829.4854,4581.28158,117.20008,144.31361,139.78839
2008-01-21,1935.75059,5502.59548,4324.33318,111.73341,137.59008,133.27409
2008-01-22,1937.99998,5508.98961,4329.35814,110.8261,136.4728,132.19185
2008-01-23,1913.5346,5439.46644,4274.72134,109.86303,135.28743,131.04365
2008-01-24,2010.8484,5716.09335,4492.11453,114.22603,140.66011,136.2478
2008-01-25,2038.27032,5794.96752,4553.9463,115.9019,142.74656,138.26415
2008-01-28,2014.23994,5726.83836,4500.38177,113.77682,140.13396,135.73281
2008-01-29,2043.6344,5810.43286,4566.0704,115.65608,142.44907,137.97512
2008-01-30,2028.60816,5767.94667,4532.66723,114.66592,141.23532,136.79901
2008-01-31,2044.11205,5812.04715,4567.32203,115.3823,142.11813,137.65406
2008-02-01,2075.6978,5902.3813,4638.23555,117.03477,144.16635,139.63571
2008-02-04,2088.03814,5937.47185,4665.81056,117.78618,145.09196,140.53223
2008-02-05,2019.10857,5741.46616,4511.7845,115.24356,141.9599,137.49859
2008-02-06,2002.82697,5697.21827,4476.94278,114.19728,140.7217,136.29715
2008-02-07,1963.31465,5584.82196,4388.6204,113.133,139.41022,135.02691
2008-02-08,1961.49871,5579.66678,4384.56883,113.08294,139.34879,134.9674
2008-02-11,1947.88499,5541.35255,4354.3695,112.29809,138.39192,134.03779
2008-02-12,2002.93539,5697.9602,4477.43108,114.72002,141.37662,136.92858
2008-02-13,1994.73874,5675.46115,4459.75143,114.46235,141.07943,136.64074
2008-02-14,2023.64774,5757.71642,4524.38724,115.66062,142.55641,138.07126
2008-02-15,2004.55546,5703.46621,4481.75375,114.05461,140.5787,136.15566
2008-02-18,2024.06655,5759.69553,4525.77904,115.45952,142.32801,137.84506
2008-02-19,2045.31308,5820.15827,4573.28788,115.93164,142.91008,138.40878
2008-02-20,1998.51987,5688.83743,4470.07384,114.02949,140.61062,136.18094
2008-02-21,2035.64073,5794.57432,4553.14106,115.02454,141.83937,137.37047
2008-02-22,2023.9767,5761.39617,4527.06626,114.18018,140.79877,136.36251
2008-02-25,2058.09926,5859.33353,4603.83814,115.9799,143.03771,138.52539
2008-02-26,2086.11782,5939.81225,4666.94495,117.14808,144.4957,139.93357
2008-02-27,2119.24016,6035.12448,4741.73716,117.29779,144.70441,140.13288
2008-02-28,2097.26104,5972.69149,4692.64874,115.4771,142.4621,137.96036
2008-02-29,2070.05506,5897.11688,4632.75789,113.96034,140.63631,136.17719
2008-03-03,2031.52724,5788.29994,4547.05692,111.68849,137.85505,133.47782
2008-03-04,2014.01169,5738.67482,4508.00723,110.48568,136.37712,132.04487
2008-03-05,2036.12045,5808.62818,4562.83142,111.44981,137.73215,133.35312
2008-03-06,2037.74582,5813.36822,4566.53831,110.8996,137.05463,132.69666
2008-03-07,2001.95909,5712.8458,4487.1479,108.95909,134.6935,130.39819
2008-03-10,1979.254,5648.10787,4436.29291,107.62521,133.04586,128.80289
2008-03-11,1991.40643,5682.81135,4463.54517,108.58274,134.23013,129.94924
2008-03-12,2036.7585,5814.35876,4566.81361,109.85863,135.85711,131.52274
2008-03-13,2015.97558,5755.30813,4520.37935,108.1305,133.72648,129.45856
2008-03-14,1999.30327,5708.13667,4483.26448,107.07133,132.42646,128.19817
2008-03-17,1939.07313,5536.33439,4348.29297,102.79837,127.14527,123.08461
2008-03-18,1990.01466,5681.78758,4462.53155,105.36532,130.32036,126.15824
2008-03-19,1975.17618,5642.20557,4431.39067,105.52902,130.58727,126.41512
2008-03-20,1945.18789,5556.96202,4364.34456,105.45034,130.49977,126.32764
2008-03-21,1952.66139,5578.31211,4381.11256,105.85549,131.00116,126.813
2008-03-24,1946.06199,5559.45912,4366.30574,105.64849,130.74499,126.56502
2008-03-25,2026.56227,5789.66445,4547.07012,108.60773,134.41262,130.11439
2008-03-26,2037.15525,5831.9498,4579.6485,108.03237,133.97675,129.67458
2008-03-27,2050.30841,5870.08782,4609.49084,108.46149,134.52,130.19738
2008-03-28,2045.44113,5857.02874,4599.11695,108.47867,134.56143,130.2341
2008-03-31,2038.61597,5837.90332,4584.01269,107.52308,133.38563,129.09369
2008-04-01,2057.04358,5891.66986,4626.0204,110.23422,136.772,132.36507
2008-04-02,2096.3813,6005.13029,4714.93725,112.23792,139.27643,134.78394
2008-04-03,2103.32222,6025.48851,4730.82187,112.42947,139.52515,135.02179
2008-04-04,2119.67191,6073.58303,4768.29096,112.5297,139.67844,135.16187
2008-04-07,2133.54643,6113.90778,4799.92807,113.48254,140.87428,136.31843
2008-04-08,2109.07542,6044.85918,4745.42645,112.21664,139.32762,134.81348
2008-04-09,2098.12562,6014.5382,4721.52161,111.14228,138.01808,133.54348
2008-04-10,2093.19126,6003.82645,4712.47993,110.79662,137.66756,133.18645
2008-04-11,2085.37968,5981.57845,4694.99594,110.16684,136.88865,132.43229
2008-04-14,2061.16949,5912.21521,4640.53581,108.74008,135.11764,130.71847
2008-04-15,2066.99453,5929.60737,4654.06889,109.30959,135.84097,131.41492
2008-04-16,2115.44447,6072.43196,4765.45614,110.84077,137.83086,133.32
2008-04-17,2106.76909,6048.53527,4746.60719,110.71245,137.69419,133.18512
2008-04-18,2116.30759,6078.62199,4769.7427,112.42966,139.89207,135.29756
2008-04-21,2139.98847,6148.76718,4824.41424,112.35218,139.84406,135.24076
2008-04-22,2131.54731,6124.59518,4805.43783,111.48879,138.77125,134.20296
2008-04-23,2134.18038,6134.31976,4812.83073,112.33659,139.87574,135.26443
2008-04-24,2111.96613,6074.22865,4765.052,112.42055,140.06698,135.43138
2008-04-25,2135.76874,6146.94727,4821.32587,113.98522,142.11493,137.38956
2008-04-28,2149.61817,6188.72182,4853.77112,114.84904,143.23624,138.46445
2008-04-29,2138.39065,6156.81723,4828.73837,114.50172,142.81279,138.05482
2008-04-30,2139.52544,6162.27283,4832.82394,114.84946,143.2974,138.51774
2008-05-01,2126.60507,6125.16743,4803.71773,115.03143,143.52698,138.73949
2008-05-02,2158.0532,6220.97237,4877.8927,117.08109,146.2072,141.30248
2008-05-05,2164.09778,6238.79559,4891.81887,116.82507,145.89682,141.00109
2008-05-06,2166.6945,6246.7438,4897.98506,116.41632,145.3971,140.51625
2008-05-07,2162.41006,6236.40995,4889.62183,117.36699,146.6319,141.70204
2008-05-08,2164.79335,6244.15057,4895.53671,117.32491,146.59968,141.66645
2008-05-09,2137.74684,6172.07466,4837.85996,115.76898,144.79481,139.88854
2008-05-12,2150.64449,6209.86656,4867.37298,115.94903,145.03294,140.11546
2008-05-13,2149.22235,6207.76466,4865.45156,115.99583,145.13834,140.20939
2008-05-14,2154.6851,6226.49754,4879.94523,116.49755,145.8353,140.87724
2008-05-15,2171.50737,6275.88448,4918.49852,117.25536,146.80209,141.80674
2008-05-16,2194.1327,6345.60371,4972.47856,117.90952,147.72187,142.67629
2008-05-19,2206.7198,6391.75931,5006.68382,118.87256,149.156,144.00498
2008-05-20,2186.79245,6337.64979,4963.61112,116.87254,146.73004,141.64315
2008-05-21,2178.5584,6317.32812,4947.39347,115.47251,145.05366,140.01635
2008-05-22,2177.41968,6317.30808,4946.82133,115.79403,145.53316,140.4634
2008-05-23,2157.32895,6259.42975,4901.41884,114.34001,143.71513,138.70642
2008-05-26,2140.76052,6214.08328,4865.38912,113.40793,142.60616,137.62135
2008-05-27,2135.57583,6199.72237,4854.01636,113.53267,142.77889,137.78439
2008-05-28,2130.21367,6185.13972,4842.50014,113.92155,143.29074,138.27551
2008-05-29,2133.90974,6197.71817,4851.98491,114.81719,144.46032,139.39372
2008-05-30,2145.46895,6233.99328,4879.88548,115.37972,145.23104,140.12312
2008-06-02,2137.88832,6212.36205,4862.86591,115.06089,144.83895,139.74231
2008-06-03,2131.38695,6193.88454,4848.3223,115.21552,145.0433,139.93717
2008-06-04,2121.00272,6167.50428,4827.57607,114.74325,144.53774,139.44661
2008-06-05,2118.14528,6159.39576,4821.18996,113.93962,143.53011,138.47335
2008-06-06,2115.91905,6152.97531,4816.15401,112.38758,141.57623,136.588
2008-06-09,2093.7503,6088.50982,4765.69457,111.24543,140.13745,135.19992
2008-06-10,2044.95344,5946.607,4654.62371,110.38614,139.05489,134.15555
2008-06-11,2031.42469,5907.73635,4624.14069,109.27825,137.67022,132.81801
2008-06-12,2011.89712,5850.96861,4579.70367,109.04549,137.37749,132.5355
2008-06-13,2016.38385,5863.93092,4589.84682,109.83,138.36381,133.48698
2008-06-16,2033.92302,5915.37243,4630.02464,109.9434,138.51685,133.63212
2008-06-17,2046.66814,5952.64476,4659.19391,110.32194,138.99856,134.09672
2008-06-18,2031.73469,5909.49071,4625.4097,109.43228,137.88417,133.02142
2008-06-19,2008.493,5841.89385,4572.50105,108.37602,136.55337,131.73755
2008-06-20,1991.94296,5793.78702,4534.84311,106.49291,134.18136,129.44908
2008-06-23,1972.39459,5738.14679,4491.03571,106.44881,134.15428,129.41554
2008-06-24,1973.47377,5742.02057,4493.89518,105.77617,133.32362,128.60929
2008-06-25,1981.97719,5768.04651,4514.22031,106.41621,134.16023,129.41506
2008-06-26,1968.44862,5728.86444,4483.51836,104.46171,131.70051,127.04129
2008-06-27,1957.23097,5696.27068,4457.9994,103.85322,130.93459,126.30217
2008-06-30,1967.186,5725.39923,4480.76869,104.34832,131.56237,126.90697
2008-07-01,1934.38703,5630.73864,4406.59442,102.61503,129.3954,124.81409
2008-07-02,1926.08784,5606.85793,4387.88092,101.45993,127.94517,123.41451
2008-07-03,1917.68158,5582.44769,4368.77105,101.98778,128.61221,124.05774
2008-07-04,1902.49398,5538.25161,4334.18142,101.32514,127.77694,123.25199
2008-07-07,1916.40446,5578.97095,4366.00659,102.25171,128.95061,124.38291
2008-07-08,1886.67634,5492.46337,4298.30219,100.56281,126.82155,122.32913
2008-07-09,1917.94708,5584.12739,4369.9768,101.89815,128.52005,123.96576
2008-07-10,1896.38397,5521.87585,4321.18126,100.34746,126.57636,122.08871
2008-07-11,1874.96883,5459.59251,4272.43072,98.49399,124.2401,119.83499
2008-07-14,1878.41087,5469.67309,4280.30799,98.74929,124.56345,120.14656
2008-07-15,1851.32465,5390.80175,4218.587,96.87442,122.19847,117.86543
2008-07-16,1845.92988,5375.41103,4206.54295,97.50789,123.00482,118.64319
2008-07-17,1889.8526,5503.3155,4306.63495,99.44462,125.44797,120.99971
2008-07-18,1897.57929,5525.81587,4324.24268,100.04332,126.20323,121.72818
2008-07-21,1912.50017,5569.28853,4358.25757,100.77593,127.12792,122.61996
2008-07-22,1914.93431,5576.43499,4363.83867,101.05712,127.48396,122.96305
2008-07-23,1933.65381,5631.06942,4406.59174,102.95516,129.88116,125.27521
2008-07-24,1921.23609,5594.90729,4378.29308,102.45718,129.25294,124.66927
2008-07-25,1901.04401,5536.16229,4332.3222,101.38683,127.90398,123.36815
2008-07-28,1893.62418,5514.60697,4315.4509,100.56116,126.86357,122.36454
2008-07-29,1873.58875,5456.35348,4269.85369,100.41599,126.68261,122.18968
2008-07-30,1899.13122,5531.46605,4328.62685,102.02049,128.72371,124.15822
2008-07-31,1902.73665,5542.11268,4336.95833,101.91937,128.5995,124.03841
2008-08-01,1871.92062,5453.40096,4267.39622,100.5329,126.87442,122.37048
2008-08-04,1853.4128,5399.48277,4225.20415,99.23283,125.23372,120.78802
2008-08-05,1871.34853,5451.73429,4266.09202,100.9889,127.4499,122.92553
2008-08-06,1885.92025,5497.43491,4301.74019,102.22413,129.08509,124.49938
2008-08-07,1871.94019,5456.68322,4269.85201,101.74351,128.47817,123.91403
2008-08-08,1848.46105,5388.5342,4216.49112,102.77328,129.78558,125.17397
2008-08-11,1871.33271,5455.59579,4268.87542,104.2669,131.68112,126.99945
2008-08-12,1856.67399,5412.86044,4235.43602,104.07461,131.43828,126.76524
2008-08-13,1813.58897,5289.02255,4138.53562,101.94327,128.78965,124.21078
2008-08-14,1818.44165,5304.18092,4150.28157,102.01363,128.90301,124.31665
2008-08-15,1803.31783,5260.14565,4115.82033,102.59767,129.64294,125.03009
2008-08-18,1809.12229,5278.17178,4129.72012,102.8369,129.97219,125.34141
2008-08-19,1766.48685,5153.86317,4032.45922,100.41335,126.91116,122.38944
2008-08-20,1774.12875,5179.48456,4052.49046,100.67313,127.32124,122.78445
2008-08-21,1778.54324,5192.47792,4062.63694,99.87591,126.31557,121.81402
2008-08-22,1788.10788,5220.402,4084.48496,100.86712,127.56917,123.02295
2008-08-25,1789.15092,5223.9535,4087.18255,101.18207,127.97989,123.41658
2008-08-26,1774.49088,5181.9702,4054.17594,101.22634,128.05619,123.48531
2008-08-27,1781.27045,5202.18907,4069.96034,101.21928,128.05761,123.48564
2008-08-28,1800.63436,5259.00658,4114.35892,102.21537,129.32434,124.70554
2008-08-29,1821.05891,5318.98062,4161.20866,103.37479,130.79916,126.12555
2008-09-01,1795.66322,5246.04202,4103.8813,102.86241,130.18156,125.52191
2008-09-02,1792.11029,5235.99399,4095.95183,103.13961,130.54065,125.86602
2008-09-03,1768.50759,5168.2137,4042.88318,102.22472,129.41223,124.77659
2008-09-04,1723.52285,5036.93172,3940.15836,100.13698,126.77377,122.23176
2008-09-05,1677.88758,4903.57746,3835.84149,98.30566,124.45564,119.99668
2008-09-08,1728.16344,5051.4371,3951.31548,101.6718,128.7409,124.12245
2008-09-09,1704.71993,4982.96298,3897.75392,100.80348,127.64272,123.06366
2008-09-10,1686.08821,4929.02406,3855.55804,100.25504,126.96171,122.40695
2008-09-11,1657.62512,4845.91352,3790.54771,99.50418,126.01335,121.49262
2008-09-12,1705.60203,4986.18489,3900.26652,100.56392,127.3558,122.7868
2008-09-15,1665.86763,4870.55591,3809.68465,98.11731,124.27093,119.80835
2008-09-16,1609.8224,4706.81474,3681.59593,95.27289,120.67141,116.33769
2008-09-17,1592.7691,4657.22846,3642.79525,93.78547,118.79445,114.52766
2008-09-18,1589.37701,4647.3412,3635.06163,92.39768,117.03738,112.83371
2008-09-19,1703.4861,4980.99639,3896.04035,98.81827,125.17015,120.67437
2008-09-22,1713.81569,5012.64176,3920.48523,97.85862,123.99025,119.52747
2008-09-23,1698.63933,4968.3345,3885.83166,96.3993,122.14323,117.74693
2008-09-24,1685.9166,4931.62726,3857.11317,96.08178,121.7534,117.37085
2008-09-25,1701.36255,4985.82075,3899.00551,96.93562,123.05778,118.61327
2008-09-26,1672.48963,4901.34977,3832.94762,95.69506,121.48639,117.09864
2008-09-29,1588.9717,4656.69392,3641.61514,91.99975,116.79764,112.57901
2008-09-30,1553.14886,4551.75067,3559.53982,92.40962,117.31903,113.08132
2008-10-01,1568.1997,4595.96962,3594.11352,93.60165,118.83522,114.54255
2008-10-02,1528.45509,4479.54543,3503.06816,92.54802,117.49903,113.25463
2008-10-03,1545.34515,4529.16156,3541.84162,93.53683,118.75745,114.46672
2008-10-06,1428.21808,4185.92187,3273.42363,88.42298,112.26584,108.20959
2008-10-07,1426.09004,4179.68487,3268.54625,87.39456,110.96011,106.95104
2008-10-08,1335.7364,3915.36704,3061.84764,81.80946,103.8822,100.12886
2008-10-09,1321.1775,3872.69139,3028.47495,80.89406,102.71982,99.00848
2008-10-10,1209.71233,3546.42718,2773.26311,74.85617,95.06538,91.62827
2008-10-13,1303.8156,3822.36839,2989.0366,80.20119,101.85516,98.17226
2008-10-14,1376.46276,4035.35823,3155.59156,84.3904,107.17576,103.30047
2008-10-15,1310.8384,3843.22574,3005.34578,80.66286,102.44866,98.74426
2008-10-16,1218.06939,3571.23877,2792.65593,75.9412,96.45176,92.9642
2008-10-17,1260.49327,3695.6207,2889.92076,78.31448,99.46603,95.86948
2008-10-20,1299.7763,3810.84498,2980.01428,81.62898,103.67712,99.92796
2008-10-21,1301.3138,3815.35284,2983.53934,82.47546,104.75223,100.96419
2008-10-22,1216.42772,3566.73377,2789.12259,78.76499,100.04687,96.42895
2008-10-23,1204.01343,3530.33335,2760.65811,78.10336,99.20646,95.61894
2008-10-24,1137.55086,3335.45593,2608.26742,74.64659,94.8157,91.38696
2008-10-27,1080.72706,3168.98658,2478.08086,72.55273,92.16033,88.82724
2008-10-28,1110.15642,3255.37068,2545.62217,74.37309,94.47524,91.05809
2008-10-29,1205.24115,3534.85658,2764.17352,78.38072,99.58478,95.98282
2008-10-30,1245.10531,3651.87135,2855.66739,80.97637,102.88535,99.1637
2008-10-31,1238.81336,3633.50142,2841.28506,81.64728,103.7402,99.98701
2008-11-03,1253.93355,3678.20378,2876.17702,82.13535,104.37038,100.59216
2008-11-04,1321.55942,3876.58246,3031.29953,85.17314,108.2308,104.31283
2008-11-05,1330.86404,3906.16112,3054.19713,85.18162,108.30493,104.37637
2008-11-06,1239.636,3638.82963,2845.07741,81.03687,103.04717,99.306
2008-11-07,1241.58439,3645.04483,2849.8199,81.15789,103.21511,99.46375
2008-11-10,1264.33878,3711.87143,2902.06246,82.4325,104.83682,101.02636
2008-11-11,1198.85268,3519.61601,2751.75089,79.86064,101.56594,97.87437
2008-11-12,1170.39294,3438.68933,2688.28833,78.11112,99.41685,95.79657
2008-11-13,1148.01761,3373.04724,2636.95169,76.33739,97.16214,93.62328
2008-11-14,1164.80557,3423.83355,2676.36898,76.78171,97.76938,94.19834
2008-11-17,1142.02275,3356.88366,2624.03247,75.49726,96.13435,92.62294
2008-11-18,1136.81714,3341.75679,2612.18453,75.1353,95.67845,92.18286
2008-11-19,1104.10997,3246.78938,2537.9504,72.92169,92.8933,89.49947
2008-11-20,1051.92388,3094.36615,2418.80421,70.19898,89.45489,86.18668
2008-11-21,1044.234,3071.78373,2401.15189,69.7638,88.90144,85.65344
2008-11-24,1118.76453,3292.54547,2573.40654,72.88164,92.91741,89.51189
2008-11-25,1150.0269,3384.70937,2645.43981,74.00106,94.34898,90.89097
2008-11-26,1141.11419,3359.02387,2625.36439,73.97146,94.32657,90.86939
2008-11-27,1163.19253,3423.94857,2676.09561,75.50222,96.27671,92.7476
2008-11-28,1168.22954,3438.81031,2687.7115,76.94369,98.1158,94.51928
2008-12-01,1115.62109,3283.97917,2566.69508,74.02417,94.39372,90.93352
2008-12-02,1116.65829,3287.30036,2569.25384,73.38798,93.5901,90.15806
2008-12-03,1124.27195,3310.13522,2587.10087,74.03974,94.43329,90.97033
2008-12-04,1120.90453,3300.22069,2579.35198,73.54271,93.79935,90.35964
2008-12-05,1087.67022,3202.38297,2502.88259,71.70558,91.45656,88.10268
2008-12-08,1165.23986,3430.76809,2681.38128,75.31922,96.06556,92.54266
2008-12-09,1176.93197,3465.28248,2708.35664,76.27852,97.29161,93.72375
2008-12-10,1191.10148,3507.07005,2741.0074,76.64705,97.76356,94.17807
2008-12-11,1209.68726,3561.79387,2783.77768,76.41043,97.46175,93.88734
2008-12-12,1179.02796,3471.65535,2713.29797,73.69405,94.00064,90.55215
2008-12-15,1212.72717,3571.0907,2790.97359,74.1343,94.5677,91.09713
2008-12-16,1218.0544,3586.94795,2803.35608,73.97836,94.37326,90.90948
2008-12-17,1259.8858,3710.18634,2899.67225,73.4985,93.76244,90.32108
2008-12-18,1264.97077,3725.17421,2911.383,73.01787,93.14963,89.73067
2008-12-19,1225.08496,3607.85948,2819.69652,73.48681,93.7516,90.31054
2008-12-22,1211.55685,3568.03193,2788.56713,72.73275,92.78992,89.38409
2008-12-23,1209.34304,3561.91463,2783.69186,72.4931,92.49463,89.09662
2008-12-24,1201.83209,3540.05009,2766.61174,71.81365,91.63438,88.26821
2008-12-25,1205.2156,3550.9774,2775.09905,72.01582,91.91724,88.53899
2008-12-26,1210.75481,3567.2978,2787.85349,71.99933,91.89619,88.51872
2008-12-29,1234.5671,3637.48881,2842.70049,72.47679,92.5064,89.10627
2008-12-30,1244.99885,3668.2246,2866.72054,73.56201,93.89153,90.44049
2008-12-31,1237.41977,3645.93609,2849.30205,74.39759,94.95913,91.46885
2009-01-01,1237.41977,3645.93609,2849.30205,74.39759,94.95913,91.46885
2009-01-02,1265.60567,3729.40903,2914.47631,75.90927,96.89968,93.33615
2009-01-05,1265.60618,3729.43233,2914.49145,77.58244,99.03609,95.39389
2009-01-06,1264.02375,3724.792,2910.86511,78.93874,100.76806,97.06216
2009-01-07,1281.02315,3774.90615,2950.02851,78.44696,100.14082,96.458
2009-01-08,1270.93098,3745.2013,2926.80977,77.42895,98.84222,95.20699
2009-01-09,1255.31616,3699.20951,2890.86486,77.66085,99.13884,95.4926
2009-01-12,1232.26197,3631.76883,2838.08963,77.13389,98.47959,94.85521
2009-01-13,1190.73551,3509.3805,2742.44779,75.5273,96.4284,92.87951
2009-01-14,1159.78591,3418.22331,2671.20686,73.63125,94.00927,90.54924
2009-01-15,1130.61068,3332.51562,2604.18788,72.32845,92.35366,88.95314
2009-01-16,1155.49474,3405.86226,2661.50447,72.87718,93.05432,89.628
2009-01-19,1139.03829,3357.3563,2623.59959,72.38003,92.41953,89.01658
2009-01-20,1102.84075,3250.66275,2540.22411,71.3797,91.14224,87.78632
2009-01-21,1095.15514,3228.3169,2522.76083,71.08595,90.77582,87.43335
2009-01-22,1094.19173,3225.47692,2520.54154,70.56034,90.10462,86.78686
2009-01-23,1069.76726,3153.47808,2464.27821,69.89949,89.26072,85.97404
2009-01-26,1108.09827,3266.77909,2552.75474,70.5185,90.05969,86.74148
2009-01-27,1130.3481,3332.53728,2604.11887,71.72147,91.60051,88.22481
2009-01-28,1155.69724,3408.3109,2663.13736,73.03877,93.31135,89.86609
2009-01-29,1139.79545,3361.4239,2626.50236,72.82961,93.0444,89.60903
2009-01-30,1115.13814,3288.71915,2569.69229,72.72476,92.91082,89.48035
2009-02-02,1087.24322,3207.47729,2506.03327,70.95817,90.68285,87.32839
2009-02-03,1111.98189,3280.45887,2563.05448,71.66056,91.58049,88.19282
2009-02-04,1130.47178,3337.25972,2607.35732,73.34131,93.79179,90.31968
2009-02-05,1122.75489,3314.50093,2589.57496,73.08746,93.46779,90.00763
2009-02-06,1140.18122,3365.94744,2629.76932,74.14101,94.81517,91.30513
2009-02-09,1153.78263,3406.10038,2661.14027,73.77976,94.35319,90.86025
2009-02-10,1129.96966,3335.8663,2606.26733,72.42881,92.62732,89.19828
2009-02-11,1120.16879,3307.62056,2584.1823,72.56304,92.81829,89.38159
2009-02-12,1095.4793,3234.71143,2527.2201,71.66358,91.66758,88.27349
2009-02-13,1106.09665,3266.06214,2551.71383,71.60707,91.59529,88.20388
2009-02-16,1089.03297,3216.18465,2512.74549,71.12218,90.98942,87.62045
2009-02-17,1049.74249,3100.23272,2422.15273,69.76929,89.26099,85.95595
2009-02-18,1037.97037,3067.24732,2396.38225,69.22912,88.62138,85.34004
2009-02-19,1047.70959,3096.02714,2418.86738,68.99767,88.3251,85.05473
2009-02-20,1013.12619,2993.93074,2339.08639,67.11681,85.92022,82.73837
2009-02-23,1010.81867,2987.91375,2334.37981,66.34339,84.95293,81.8067
2009-02-24,993.86305,2938.43229,2295.69181,65.14357,83.43468,80.34364
2009-02-25,994.34956,2940.59567,2297.38198,65.45781,83.85783,80.75112
2009-02-26,1007.42342,2979.29758,2327.61839,66.0324,84.59502,81.46099
2009-02-27,997.64696,2952.37579,2306.05894,65.64903,84.16062,81.0242
2009-03-02,948.07401,2805.77354,2191.54374,62.93699,80.68675,77.67957
2009-03-03,930.48278,2753.82557,2150.95903,61.89212,79.35044,76.39274
2009-03-04,952.65201,2820.07571,2202.70529,63.39701,81.29823,78.26792
2009-03-05,935.57802,2769.67791,2163.33412,62.31287,79.91216,76.93328
2009-03-06,925.92399,2741.40118,2141.24779,61.12188,78.39346,75.47119
2009-03-09,911.39075,2698.37137,2107.63735,60.27916,77.31259,74.43058
2009-03-10,948.96763,2809.69322,2194.58663,62.19598,79.77297,76.79918
2009-03-11,961.62766,2848.54468,2224.90735,62.91718,80.73674,77.72615
2009-03-12,958.39848,2839.0701,2217.49049,62.58831,80.3173,77.32177
2009-03-13,980.52595,2904.71375,2268.75782,63.5689,81.57834,78.53562
2009-03-16,1009.4668,2992.05,2336.5887,64.91392,83.34903,80.22708
2009-03-17,1010.61425,2995.47209,2339.26014,65.11296,83.60518,80.47361
2009-03-18,1016.07423,3012.38082,2352.46303,64.77314,83.18888,80.07284
2009-03-19,1067.44832,3165.01389,2471.59196,64.9777,83.46012,80.33174
2009-03-20,1054.5974,3126.95322,2441.85833,64.97153,83.45333,80.32483
2009-03-23,1086.20379,3220.91135,2515.21985,66.90641,85.94508,82.72281
2009-03-24,1093.65387,3243.12521,2532.55495,67.58698,86.82259,83.56702
2009-03-25,1099.17964,3260.12733,2545.79574,67.84819,87.17462,83.90466
2009-03-26,1104.17825,3282.81296,2563.03796,68.05621,87.65175,84.34833
2009-03-27,1083.63591,3221.80703,2515.39994,68.06253,87.66175,84.35769
2009-03-30,1036.09843,3081.04215,2405.43972,65.77372,84.72955,81.534
2009-03-31,1056.23296,3140.95743,2452.20791,66.48627,85.64859,82.41808
2009-04-01,1071.09632,3185.54249,2486.95585,67.66906,87.18282,83.8924
2009-04-02,1134.73286,3375.35899,2635.02501,70.54818,90.90715,87.47216
2009-04-03,1127.44554,3354.14378,2618.36095,70.1891,90.45689,87.03552
2009-04-06,1120.33069,3333.25929,2602.00179,69.84241,90.01772,86.61109
2009-04-07,1106.73923,3293.57793,2570.82353,69.68909,89.84074,86.43401
2009-04-08,1098.82178,3271.09972,2553.16463,69.41281,89.51422,86.11605
2009-04-09,1124.08473,3347.14209,2612.38476,71.12965,91.75118,88.26361
2009-04-10,1125.76653,3352.23912,2616.3455,71.23607,91.89089,88.39743
2009-04-13,1134.65915,3378.62459,2636.94391,71.19504,91.8354,88.34421
2009-04-14,1145.96759,3412.59951,2663.42048,72.24631,93.19971,89.65531
2009-04-15,1135.26842,3381.03307,2638.75685,72.00087,92.89118,89.3576
2009-04-16,1148.91751,3422.0779,2670.75873,72.80023,93.93332,90.35901
2009-04-17,1158.53008,3450.84439,2693.18371,74.22817,95.77953,92.13409
2009-04-20,1125.69507,3353.72485,2617.26467,72.8138,93.97368,90.39272
2009-04-21,1120.12604,3337.83347,2604.7395,72.25783,93.27572,89.71711
2009-04-22,1132.07431,3374.7993,2633.48953,72.69753,93.88119,90.29615
2009-04-23,1137.08276,3393.60045,2647.37053,72.84006,94.17265,90.54946
2009-04-24,1165.06853,3479.26439,2713.75477,73.47822,95.05621,91.38411
2009-04-27,1162.63559,3472.41557,2708.344,74.01458,95.76156,92.05988
2009-04-28,1138.3026,3400.25141,2651.9855,72.74535,94.13354,90.49229
2009-04-29,1165.20794,3484.49599,2716.96504,73.3984,95.08434,91.38188
2009-04-30,1185.83997,3548.07652,2766.19002,74.79105,96.93987,93.15335
2009-05-01,1186.46484,3550.05618,2767.71264,74.81917,96.97932,93.19056
2009-05-04,1210.18329,3626.21953,2826.15222,75.80012,98.39176,94.51641
2009-05-05,1218.19852,3651.07551,2845.37785,76.27072,99.02537,95.12017
2009-05-06,1228.24606,3684.03647,2870.74189,77.18021,100.28371,96.31804
2009-05-07,1245.77767,3739.40463,2913.42123,77.61657,100.92582,96.91927
2009-05-08,1266.12126,3800.83942,2961.2119,78.47163,102.0476,97.99407
2009-05-11,1267.39327,3805.78012,2964.92979,77.75473,101.14513,97.12315
2009-05-12,1264.13273,3798.98245,2959.19062,77.42397,100.79429,96.77176
2009-05-13,1241.91709,3734.9086,2909.01084,76.30098,99.40389,95.42799
2009-05-14,1231.43063,3703.85818,2884.7293,75.73745,98.68268,94.73243
2009-05-15,1246.06999,3748.12851,2919.17659,76.60118,99.81444,95.81782
2009-05-18,1250.68302,3765.74957,2932.29021,77.47171,101.04928,96.98303
2009-05-19,1280.59965,3857.46967,3003.40094,78.62843,102.60172,98.46286
2009-05-20,1300.14159,3919.80487,3051.50883,78.83787,102.96617,98.79882
2009-05-21,1280.63125,3861.37718,3005.94691,77.73376,101.53452,97.42262
2009-05-22,1290.21041,3890.76117,3028.72457,77.07802,100.69096,96.61014
2009-05-25,1293.40044,3900.42318,3036.24019,77.16931,100.8113,96.72542
2009-05-26,1300.79255,3922.90729,3053.70806,77.72688,101.54466,97.42796
2009-05-27,1308.52031,3947.41643,3072.58711,78.50859,102.5972,98.43144
2009-05-28,1293.57204,3902.45949,3037.56611,77.54214,101.33779,97.22228
2009-05-29,1317.30628,3974.30304,3093.4473,77.77938,101.65402,97.52441
2009-06-01,1348.45197,4068.45121,3166.69927,79.60429,104.04375,99.81613
2009-06-02,1361.36061,4108.70153,3197.81362,79.57102,104.03326,99.79937
2009-06-03,1337.995,4041.24703,3145.29859,78.81162,103.1186,98.92146
2009-06-04,1328.85949,4014.25136,3124.2763,78.27351,102.42977,98.2603
2009-06-05,1321.76649,3992.84109,3107.60938,78.85892,103.19627,98.9955
2009-06-08,1304.66156,3941.19708,3067.4098,78.6781,102.96036,98.76901
2009-06-09,1318.50681,3983.08113,3099.99962,78.6841,102.96975,98.77776
2009-06-10,1337.32177,4040.27868,3144.45765,79.79552,104.43349,100.18006
2009-06-11,1352.62527,4086.73594,3180.56879,80.33584,105.14637,100.86246
2009-06-12,1347.49693,4071.24148,3168.50997,80.4601,105.30901,101.01847
2009-06-15,1310.35596,3959.05385,3081.19115,79.15859,103.60627,99.38488
2009-06-16,1304.56103,3941.54576,3067.5652,78.4908,102.73225,98.54647
2009-06-17,1289.02595,3895.04267,3031.36698,77.70155,101.71058,97.56621
2009-06-18,1293.35801,3908.23856,3041.61629,77.42102,101.34611,97.21594
2009-06-19,1305.79654,3945.86629,3070.90035,78.36204,102.57901,98.39859
2009-06-22,1281.22186,3873.1512,3013.98947,77.14488,101.02598,96.89858
2009-06-23,1274.95227,3854.19814,2999.24067,76.06319,99.60944,95.53991
2009-06-24,1299.08566,3927.72877,3056.35688,77.37594,101.34341,97.19974
2009-06-25,1288.2539,3895.49233,3031.22325,77.42605,101.42239,97.27393
2009-06-26,1305.82043,3948.62792,3072.56865,77.567,101.60747,97.4514
2009-06-29,1313.92568,3973.31826,3091.77148,78.10953,102.32281,98.13717
2009-06-30,1307.1608,3952.86122,3075.85318,77.88466,102.02823,97.85464
2009-07-01,1325.57513,4009.72906,3119.96323,78.39776,102.7307,98.52393
2009-07-02,1295.14826,3917.88416,3048.47246,77.21846,101.19036,97.04582
2009-07-03,1291.83959,3908.02905,3040.77921,77.1037,101.04395,96.90461
2009-07-06,1276.05683,3860.41567,3003.71021,76.60484,100.39363,96.28023
2009-07-07,1272.4825,3849.64253,2995.32222,75.9538,99.54145,95.46279
2009-07-08,1251.64851,3786.68231,2946.33426,75.26389,98.63909,94.59741
2009-07-09,1261.18361,3815.78605,2968.94329,75.40323,98.82835,94.77777
2009-07-10,1251.91655,3788.12792,2947.36109,75.04782,98.37239,94.3385
2009-07-13,1256.95626,3803.37739,2959.22597,75.30942,98.7153,94.66735
2009-07-14,1277.72315,3866.21884,3008.11918,76.57836,100.37871,96.26252
2009-07-15,1310.08355,3964.24957,3084.39019,77.73736,101.90082,97.72215
2009-07-16,1320.24724,3995.00439,3108.31903,78.17394,102.4731,98.27097
2009-07-17,1325.04906,4009.53547,3119.6249,78.4805,102.87498,98.65637
2009-07-20,1344.0565,4067.05108,3164.37501,79.03497,103.60179,99.35337
2009-07-21,1364.11093,4127.73484,3211.59009,80.1353,105.04414,100.73658
2009-07-22,1367.10409,4136.82863,3218.66184,80.4157,105.41264,101.08985
2009-07-23,1385.78809,4193.36603,3262.65079,81.28303,106.54958,102.18016
2009-07-24,1387.30318,4197.95409,3266.22035,81.64695,107.02671,102.63772
2009-07-27,1396.42344,4225.56695,3287.70338,82.06523,107.5754,103.16387
2009-07-28,1391.68159,4211.28871,3276.58755,82.03172,107.53327,103.12326
2009-07-29,1387.02871,4198.08695,3266.29989,82.43773,108.0881,103.65483
2009-07-30,1410.91313,4270.393,3322.55603,83.85133,109.94195,105.4326
2009-07-31,1425.4038,4314.25534,3356.68237,84.02538,110.17024,105.65152
2009-08-03,1460.57741,4421.7474,3440.17799,84.67438,111.04711,106.48815
2009-08-04,1457.14274,4411.34927,3432.08811,84.58381,110.92833,106.37424
2009-08-05,1446.8673,4382.70329,3409.70523,84.05448,110.29609,105.76499
2009-08-06,1452.56426,4399.95992,3423.13074,84.49998,110.88067,106.32555
2009-08-07,1445.17948,4377.59069,3405.72768,85.00825,111.54762,106.9651
2009-08-10,1442.27887,4368.80822,3398.89499,85.10418,111.6736,107.0859
2009-08-11,1434.22453,4344.88911,3380.19201,84.76057,111.23497,106.66232
2009-08-12,1442.24164,4370.86897,3400.40345,84.80858,111.34108,106.76407
2009-08-13,1464.94189,4439.70711,3453.95744,85.65526,112.45372,107.83098
2009-08-14,1458.42856,4420.01937,3438.64097,85.62186,112.41119,107.79019
2009-08-17,1414.91291,4288.88793,3336.62251,84.03526,110.34748,105.81124
2009-08-18,1429.09132,4331.93378,3370.11086,84.68477,111.20211,106.63074
2009-08-19,1434.32252,4349.7843,3383.99801,84.30732,110.75722,106.20414
2009-08-20,1453.66007,4408.50725,3429.68265,85.34191,112.11841,107.50938
2009-08-21,1473.47367,4468.68464,3476.48386,86.10893,113.12834,108.47732
2009-08-24,1495.05578,4534.5981,3527.76037,87.25425,114.64468,109.93126
2009-08-25,1499.0235,4547.01622,3537.42124,87.43392,114.89044,110.16692
2009-08-26,1489.98094,4520.25848,3516.59299,87.49883,114.99281,110.26472
2009-08-27,1483.18663,4499.8479,3500.70716,87.12433,114.50576,109.79747
2009-08-28,1507.40682,4574.2548,3558.44621,87.64763,115.21683,110.47475
2009-08-31,1498.96917,4549.44544,3539.14628,87.29671,114.77559,110.05167
2009-09-01,1478.24953,4486.75123,3490.36145,86.37293,113.56586,108.89131
2009-09-02,1462.06036,4438.31234,3452.66605,85.82001,112.8566,108.21083
2009-09-03,1461.46924,4436.64036,3451.36538,85.66197,112.65189,108.01455
2009-09-04,1471.1163,4465.97677,3474.18686,86.37887,113.59595,108.91974
2009-09-07,1497.58044,4546.88352,3537.11949,87.30405,114.82698,110.09989
2009-09-08,1520.63626,4616.99525,3591.65295,87.55793,115.16366,110.42246
2009-09-09,1533.4861,4656.45403,3622.34872,87.89211,115.61421,110.85447
2009-09-10,1541.09271,4679.63035,3640.3761,88.43118,116.32527,111.53619
2009-09-11,1552.93552,4715.59182,3668.35124,88.81803,116.83415,112.02412
2009-09-14,1541.2657,4680.39877,3640.95422,88.04214,115.81953,111.05067
2009-09-15,1538.00164,4670.58227,3633.31799,88.04826,115.82996,111.06068
2009-09-16,1565.24166,4753.42543,3697.76296,89.06473,117.17013,112.34567
2009-09-17,1580.57509,4800.02723,3734.01522,89.58954,117.86144,113.00852
2009-09-18,1571.50846,4772.49377,3712.59652,89.20874,117.36049,112.52819
2009-09-21,1553.61462,4719.21575,3670.94942,88.59011,116.57292,111.76692
2009-09-22,1575.23649,4784.89372,3722.03852,88.99721,117.10861,112.28052
2009-09-23,1577.07541,4790.85967,3726.67927,89.17646,117.35379,112.5156
2009-09-24,1554.08802,4721.09196,3672.40399,88.31282,116.21882,111.42727
2009-09-25,1542.94712,4694.14363,3651.06615,87.77522,115.68129,110.9005
2009-09-28,1549.41222,4713.92505,3666.43645,88.51354,116.65713,111.83554
2009-09-29,1545.53609,4702.13712,3657.26793,88.81421,117.05352,112.21554
2009-09-30,1552.84329,4724.49731,3674.65399,88.78541,117.01875,112.18204
2009-10-01,1524.75886,4639.05094,3608.19488,87.51193,115.34032,110.57298
2009-10-02,1496.74721,4553.86893,3541.9414,85.64837,112.88522,108.21936
2009-10-05,1502.48691,4571.36701,3555.54915,85.84163,113.1408,108.46431
2009-10-06,1541.09749,4688.87027,3646.94163,87.33412,115.10864,110.35082
2009-10-07,1539.75631,4684.93271,3643.87905,87.65038,115.52901,110.75381
2009-10-08,1567.43745,4769.15658,3709.38727,88.73054,116.95273,112.11868
2009-10-09,1563.81103,4758.12267,3700.80524,88.56124,116.72959,111.90477
2009-10-12,1573.34054,4787.35513,3723.51017,88.78806,117.03435,112.19598
2009-10-13,1566.92972,4767.89427,3708.36747,88.33383,116.43674,111.62287
2009-10-14,1596.36297,4857.85994,3778.34086,89.53109,118.02476,113.14524
2009-10-15,1602.317,4875.97958,3792.43388,89.63644,118.16366,113.2784
2009-10-16,1586.15018,4827.52134,3754.64701,89.10781,117.48476,112.62466
2009-10-19,1611.25723,4904.03228,3814.13696,90.10642,118.80372,113.88854
2009-10-20,1610.47629,4901.66815,3812.29731,90.07178,118.75837,113.84504
2009-10-21,1617.99019,4924.90111,3830.36567,90.15116,118.8718,113.95374
2009-10-22,1600.60334,4871.99571,3789.219,89.13486,117.53214,112.66953
2009-10-23,1593.80246,4851.29485,3773.11881,88.69408,116.95093,112.11237
2009-10-26,1576.87345,4799.78159,3733.05324,88.20128,116.30152,111.4898
2009-10-27,1561.42973,4752.89387,3696.57081,88.0505,116.10565,111.30158
2009-10-28,1532.75459,4665.75851,3628.79425,86.76719,114.41713,109.68271
2009-10-29,1548.82381,4714.71071,3666.86652,87.35143,115.18844,110.4221
2009-10-30,1532.73814,4665.67897,3628.7361,86.81918,114.48497,109.74785
2009-11-02,1531.92188,4663.318,3626.88712,86.40401,113.94052,109.22555
2009-11-03,1509.48848,4594.99812,3573.75312,85.9508,113.34213,108.65197
2009-11-04,1538.6155,4685.56589,3644.10892,86.67626,114.34521,109.61104
2009-11-05,1545.48241,4707.04441,3660.81343,86.75317,114.46045,109.72151
2009-11-06,1553.06302,4730.02367,3678.68434,87.28128,115.15459,110.38689
2009-11-09,1587.01508,4834.31737,3759.79675,88.38404,116.63096,111.80214
2009-11-10,1584.76627,4827.4671,3754.46908,88.48582,116.76526,111.93088
2009-11-11,1591.17791,4849.99583,3771.77439,88.7223,117.14973,112.293
2009-11-12,1581.10648,4819.29854,3747.90149,88.78865,117.23736,112.377
2009-11-13,1587.96041,4842.58983,3765.67904,89.14359,117.7644,112.87212
2009-11-16,1612.39472,4917.23541,3823.69927,89.96535,118.85317,113.9149
2009-11-17,1594.39394,4862.33938,3781.01148,89.78821,118.61916,113.69061
2009-11-18,1599.24182,4879.73509,3794.50202,89.29108,118.02556,113.12059
2009-11-19,1568.36517,4785.53863,3721.25068,88.21541,116.60414,111.75812
2009-11-20,1556.42827,4749.19249,3692.97287,87.61476,115.81206,110.99852
2009-11-23,1590.70324,4854.58592,3774.76604,88.74616,117.32714,112.44583
2009-11-24,1576.7706,4812.24198,3741.83823,88.16012,116.55664,111.70731
2009-11-25,1597.03978,4874.3298,3790.11564,88.65875,117.22134,112.34436
2009-11-26,1555.45868,4747.57627,3691.55554,86.73932,114.68731,109.91573
2009-11-27,1553.26325,4740.95667,3686.39256,86.67183,114.60004,109.83162
2009-11-30,1559.57192,4760.24466,3701.39019,86.81518,114.79036,110.01403
2009-12-01,1600.77439,4886.13098,3799.25786,88.63646,117.20152,112.32436
2009-12-02,1604.86309,4899.25158,3809.45145,88.96896,117.65655,112.76021
2009-12-03,1612.58561,4922.73528,3827.71138,89.32597,118.12649,113.21059
2009-12-04,1600.70408,4886.46458,3799.50882,89.84993,118.81939,113.87465
2009-12-07,1594.50211,4867.55191,3784.79766,89.86697,118.84242,113.89655
2009-12-08,1574.08632,4805.22845,3736.33763,89.27927,118.06523,113.15171
2009-12-09,1560.09848,4762.71549,3703.28139,88.4229,116.93735,112.07077
2009-12-10,1563.63542,4773.59955,3711.73543,88.77689,117.40762,112.5212
2009-12-11,1563.32103,4772.63976,3710.98915,89.35392,118.17075,113.25257
2009-12-14,1577.68972,4816.66409,3745.18969,89.9752,118.9963,114.04282
2009-12-15,1565.94176,4781.52761,3717.72996,89.90645,118.92354,113.96881
2009-12-16,1584.86432,4839.46611,3762.77047,90.84932,120.17467,115.16758
2009-12-17,1548.96463,4729.84452,3677.53775,90.22406,119.34758,114.37495
2009-12-18,1535.57672,4689.14373,3645.89031,89.88905,118.90899,113.95458
2009-12-21,1550.08139,4733.43622,3680.32848,90.50041,119.71772,114.72962
2009-12-22,1553.71922,4744.83336,3689.15063,91.23865,120.70163,115.67129
2009-12-23,1567.79094,4788.30691,3722.86637,91.41941,120.95342,115.90993
2009-12-24,1574.59388,4809.08428,3739.02059,91.65942,121.27095,116.21423
2009-12-25,1572.84461,4803.74171,3734.86679,91.55759,121.13623,116.08512
2009-12-28,1583.98097,4838.83124,3762.06752,91.9912,121.73703,116.65835
2009-12-29,1591.62079,4862.18832,3780.22446,92.33223,122.1888,117.0912
2009-12-30,1573.1666,4806.2031,3736.64761,91.93493,121.67289,116.59526
2009-12-31,1580.76689,4829.42285,3754.70011,92.07968,121.86447,116.77884
2010-01-01,1580.76689,4829.42285,3754.70011,92.07968,121.86447,116.77884
2010-01-04,1610.99057,4921.84226,3826.54128,93.24878,123.4138,118.26316
2010-01-05,1615.85378,4936.70017,3838.09273,93.673,123.97526,118.80118
2010-01-06,1615.2562,4934.93054,3836.7169,93.8271,124.18062,118.99797
2010-01-07,1608.35966,4913.86021,3820.33554,93.82429,124.1769,118.99441
2010-01-08,1617.65542,4942.31407,3842.44942,94.37315,124.90467,119.69156
2010-01-11,1640.239,5011.36114,3896.1212,94.23687,124.72551,119.51959
2010-01-12,1636.12085,4998.88557,3886.40625,94.04229,124.47063,119.27486
2010-01-13,1628.13132,4974.5179,3867.4615,93.78948,124.13709,118.95524
2010-01-14,1642.19935,5017.50069,3900.87866,94.82209,125.50383,120.26493
2010-01-15,1626.75749,4970.32034,3864.19808,94.62014,125.23654,120.0088
2010-01-18,1632.91696,4989.13972,3878.8293,94.87276,125.5709,120.3292
2010-01-19,1627.57364,4972.81399,3866.13678,95.24431,126.06267,120.80044
2010-01-20,1593.99353,4870.62191,3786.68708,94.37621,124.92411,119.70941
2010-01-21,1576.31315,4816.59756,3744.68561,93.73113,124.07024,118.89118
2010-01-22,1565.90192,4784.86849,3720.00267,92.62439,122.6074,117.48894
2010-01-25,1556.99261,4757.64463,3698.83743,91.92174,121.6773,116.59766
2010-01-26,1548.16955,4730.68433,3677.87711,92.04128,121.83554,116.74929
2010-01-27,1532.0702,4682.51953,3640.25034,91.19118,120.7368,115.69067
2010-01-28,1517.1966,4637.07884,3604.92276,90.82987,120.25888,115.23269
2010-01-29,1510.6122,4616.95461,3589.27794,90.82931,120.25815,115.23199
2010-02-01,1513.5707,4626.70641,3596.76107,91.0334,120.54685,115.50547
2010-02-02,1536.12107,4695.63872,3650.34844,92.01884,121.85178,116.75583
2010-02-03,1527.79657,4671.49106,3631.56096,91.77013,121.55623,116.47215
2010-02-04,1488.59835,4551.64303,3538.39216,90.28187,119.5851,114.58345
2010-02-05,1451.526,4438.6879,3450.48895,88.73861,117.55154,112.63189
2010-02-08,1458.00315,4458.49467,3465.88607,88.93617,117.81324,112.88264
2010-02-09,1461.46128,4469.14639,3474.16626,88.9232,117.79808,112.86811
2010-02-10,1464.88081,4481.87149,3483.95377,89.372,118.45257,113.49181
2010-02-11,1465.46448,4483.68803,3485.36585,90.01545,119.3062,114.30969
2010-02-12,1465.73655,4484.54944,3486.03499,90.0057,119.29405,114.29803
2010-02-15,1465.23061,4483.77519,3485.43314,90.07059,119.40067,114.40018
2010-02-16,1484.7619,4543.56971,3531.91401,90.56181,120.05254,115.02475
2010-02-17,1502.89912,4600.50643,3576.17055,91.98696,121.97981,116.87122
2010-02-18,1505.75629,4609.25248,3582.96924,92.35799,122.47182,117.34262
2010-02-19,1490.04842,4561.24239,3545.64022,92.15882,122.20966,117.09116
2010-02-22,1507.96652,4616.45984,3588.56186,92.72835,122.9747,117.82411
2010-02-23,1497.78057,4585.78251,3564.71513,92.24112,122.34204,117.21795
2010-02-24,1496.87791,4584.25582,3563.51152,91.93825,121.97324,116.86405
2010-02-25,1473.83845,4513.69645,3508.66311,91.08546,120.84186,115.78006
2010-02-26,1497.34053,4585.75844,3564.67108,91.6971,121.6556,116.55943
2010-03-01,1498.75873,4591.17206,3568.87493,92.93138,123.32187,118.15576
2010-03-02,1516.31488,4647.2497,3611.9092,93.45487,124.0779,118.86179
2010-03-03,1537.856,4714.54679,3664.15312,93.88246,124.67937,119.43602
2010-03-04,1527.83899,4685.90964,3641.38028,93.83988,124.67794,119.41772
2010-03-05,1544.98727,4738.63126,3682.32921,94.88615,126.07144,120.75176
2010-03-08,1557.44165,4776.83008,3712.01301,95.33927,126.67348,121.32839
2010-03-09,1553.3558,4764.38365,3702.34105,95.58273,126.99924,121.6404
2010-03-10,1562.31588,4793.66142,3725.05773,95.55366,127.00819,121.64784
2010-03-11,1563.32809,4796.76719,3727.47117,95.54914,127.00218,121.64209
2010-03-12,1574.25121,4830.44819,3753.644,95.63972,127.12694,121.76158
2010-03-15,1559.58881,4785.57969,3718.77759,95.4777,126.91481,121.5584
2010-03-16,1577.63154,4840.96703,3761.81685,95.83464,127.38988,122.01339
2010-03-17,1592.6775,4888.34368,3798.61467,96.88241,128.81449,123.3773
2010-03-18,1578.59664,4845.13946,3765.04011,96.99305,128.96196,123.51849
2010-03-19,1572.088,4825.16266,3749.51663,97.12152,129.13277,123.68209
2010-03-22,1571.30378,4823.07989,3747.89605,97.05514,129.05318,123.6058
2010-03-23,1578.98801,4846.81672,3766.30866,97.51536,129.66915,124.19469
2010-03-24,1560.53949,4790.82213,3722.75214,97.70815,129.94272,124.45521
2010-03-25,1567.06262,4811.23055,3738.52671,98.15334,130.54516,125.0294
2010-03-26,1572.26318,4828.15698,3751.48473,98.07115,130.46178,124.94306
2010-03-29,1580.51667,4863.05892,3778.01968,98.05539,130.69766,125.14962
2010-03-30,1581.38151,4865.76061,3780.11012,98.46721,131.24767,125.676
2010-03-31,1584.27758,4874.91915,3787.1885,97.85288,130.43545,124.89705
2010-04-01,1602.64686,4932.87083,3831.89595,98.93993,131.92265,126.31077
2010-04-02,1604.421,4938.33235,3836.13846,99.04946,132.06872,126.45062
2010-04-05,1602.13437,4931.29422,3830.67118,99.1353,132.18318,126.56021
2010-04-06,1601.252,4928.68238,3828.62839,99.9913,133.32735,127.65524
2010-04-07,1598.85426,4921.81041,3823.28064,100.13336,133.53056,127.84949
2010-04-08,1587.85895,4888.29518,3797.16851,99.3554,132.50213,126.86223
2010-04-09,1609.68423,4955.72075,3849.48649,100.05435,133.4406,127.75885
2010-04-12,1624.0379,5000.47877,3884.16772,99.74108,133.0379,127.37049
2010-04-13,1614.72942,4971.86503,3861.93436,99.5021,132.7204,127.06627
2010-04-14,1630.32641,5021.17396,3900.02947,99.99136,133.40713,127.717
2010-04-15,1636.1911,5040.42171,3914.84841,100.79859,134.51576,128.77403
2010-04-16,1612.57244,4968.01237,3858.56037,99.77379,133.15755,127.4722
2010-04-19,1591.93318,4907.17489,3810.58019,98.80034,131.93227,126.27508
2010-04-20,1604.61552,4946.56027,3841.10735,99.62074,133.03563,127.32924
2010-04-21,1598.57399,4928.5732,3827.12548,99.75326,133.22982,127.51462
2010-04-22,1575.09675,4856.68243,3771.20204,98.96436,132.18957,126.51567
2010-04-23,1580.97869,4876.56294,3786.32226,98.89527,132.14454,126.46199
2010-04-26,1597.10121,4926.5726,3825.1308,100.17747,133.86541,128.10816
2010-04-27,1565.79942,4830.83376,3750.69879,98.27677,131.34778,125.69554
2010-04-28,1533.24747,4731.96241,3673.83312,97.0463,129.74597,124.15924
2010-04-29,1548.38545,4780.17511,3710.94523,97.70845,130.67206,125.03469
2010-04-30,1551.02665,4790.73986,3718.66186,97.48867,130.44378,124.79997
2010-05-03,1540.17728,4759.98665,3694.31915,97.69949,130.80165,125.12639
2010-05-04,1496.85323,4629.76291,3592.44971,95.98581,128.60933,123.00179
2010-05-05,1472.87136,4560.1078,3538.10604,95.68134,128.32859,122.72307
2010-05-06,1435.68869,4448.06948,3450.70337,94.40697,126.70717,121.15583
2010-05-07,1391.29073,4313.88606,3345.95648,91.91416,123.45796,118.02601
2010-05-10,1469.53896,4557.05579,3534.48875,95.65446,128.4974,122.84108
2010-05-11,1448.74895,4494.67639,3485.81729,95.4084,128.2265,122.57193
2010-05-12,1460.62771,4532.94565,3515.31803,96.26654,129.42025,123.70675
2010-05-13,1465.12765,4546.92048,3526.13618,97.443,131.00215,125.21812
2010-05-14,1417.82108,4401.04173,3412.85878,95.36681,128.23814,122.57081
2010-05-17,1396.60558,4336.28432,3362.59764,94.62137,127.26797,121.64193
2010-05-18,1408.21757,4372.76223,3390.84931,95.11509,127.94444,122.28722
2010-05-19,1374.38887,4269.53726,3310.61628,93.10862,125.29881,119.75179
2010-05-20,1351.69336,4201.58985,3257.44812,91.58595,123.32474,117.8477
2010-05-21,1354.82903,4211.57304,3265.14809,90.17182,121.42736,116.03316
2010-05-24,1346.89946,4190.03992,3247.83799,90.94041,122.55352,117.08709
2010-05-25,1305.12474,4060.19429,3147.17004,89.09153,120.06518,114.709
2010-05-26,1324.11015,4119.6244,3193.21361,90.55394,122.0469,116.6015
2010-05-27,1359.54567,4231.60012,3279.67657,92.63998,124.90942,119.32422
2010-05-28,1367.0298,4255.40605,3298.02265,92.64763,124.93474,119.34463
2010-05-31,1363.93015,4246.16705,3290.78701,92.89709,125.28323,119.67479
2010-06-01,1364.46376,4248.17892,3292.28126,92.80486,125.16917,119.56348
2010-06-02,1349.30231,4203.94981,3257.99226,92.42049,124.73904,119.15217
2010-06-03,1374.52059,4282.64039,3318.96832,94.12467,127.0427,121.35237
2010-06-04,1345.9722,4194.33088,3250.53006,93.46008,126.16492,120.5139
2010-06-07,1315.11198,4098.31028,3176.08822,92.12861,124.37197,118.80022
2010-06-08,1310.96846,4085.42917,3166.09959,91.69998,123.79428,118.24819
2010-06-09,1331.66839,4150.54032,3216.46495,92.30581,124.63026,119.04323
2010-06-10,1354.77212,4222.62904,3272.31621,93.52717,126.28169,120.62011
2010-06-11,1362.59643,4247.00009,3291.20337,94.16456,127.1418,121.4417
2010-06-14,1393.30908,4344.0892,3366.19862,94.84784,128.10456,122.35244
2010-06-15,1402.96406,4374.4478,3389.70607,95.26454,128.67491,122.89655
2010-06-16,1411.19576,4400.49376,3409.87245,95.75736,129.35172,123.54238
2010-06-17,1414.82103,4411.82887,3418.64845,95.7042,129.2808,123.47437
2010-06-18,1419.16444,4424.17366,3428.2142,95.78094,129.34939,123.53989
2010-06-21,1439.11437,4487.17863,3476.87087,97.15091,131.22326,125.32366
2010-06-22,1423.54472,4438.63223,3439.25491,96.86664,130.83929,124.95695
2010-06-23,1405.14094,4381.40769,3394.91225,95.94634,129.60092,123.77417
2010-06-24,1395.47588,4351.79785,3371.85247,94.69453,127.92551,122.16985
2010-06-25,1382.04337,4309.90853,3339.39586,93.96613,126.9415,121.23011
2010-06-28,1394.32628,4348.65282,3369.39178,94.4861,127.65685,121.91241
2010-06-29,1351.41238,4214.81209,3265.69027,92.74364,125.30268,119.66418
2010-06-30,1348.11336,4204.85861,3257.96951,91.98097,124.28218,118.68929
2010-07-01,1337.85032,4173.39262,3233.50283,89.77099,121.31196,115.84963
2010-07-02,1347.38238,4203.40284,3256.7063,89.35952,120.76383,115.32448
2010-07-05,1340.91234,4183.35445,3241.15226,89.42718,120.8592,115.4148
2010-07-06,1380.26611,4306.13324,3336.27731,91.20746,123.26531,117.7125
2010-07-07,1389.3857,4334.67397,3358.38991,91.91546,124.22473,118.6287
2010-07-08,1410.39675,4400.41323,3409.29533,92.95961,125.64127,119.98046
2010-07-09,1414.96364,4414.68977,3420.35416,93.60387,126.51284,120.81268
2010-07-12,1414.56388,4413.66672,3419.527,93.93806,126.97097,121.24894
2010-07-13,1438.61443,4488.70829,3477.66612,94.89802,128.2685,122.488
2010-07-14,1451.46129,4528.84138,3508.75958,95.29417,128.80534,123.00065
2010-07-15,1449.39935,4522.42066,3503.78317,93.94842,126.9867,121.2639
2010-07-16,1432.14637,4468.63577,3462.10359,92.41081,124.90972,119.2802
2010-07-19,1422.17616,4437.5381,3438.0082,91.65779,123.89219,118.30846
2010-07-20,1415.32035,4416.14628,3421.43477,91.8071,124.09402,118.50118
2010-07-21,1420.35199,4432.11031,3433.79929,92.60788,125.18388,119.5418
2010-07-22,1445.6844,4511.17579,3495.05431,93.60598,126.53356,120.8306
2010-07-23,1453.43611,4535.36455,3513.79466,94.76499,128.10027,122.3267
2010-07-26,1469.14772,4584.39173,3551.77869,94.91562,128.30389,122.52114
2010-07-27,1475.3092,4603.61829,3566.67456,94.95767,128.36073,122.57542
2010-07-28,1482.55983,4627.24394,3584.9749,95.20073,128.71713,122.91562
2010-07-29,1485.63381,4637.45059,3592.83241,94.88778,128.31094,122.52603
2010-07-30,1474.9112,4604.002,3566.91835,94.61508,127.9428,122.1745
2010-08-02,1517.29438,4736.99931,3669.85459,96.1713,130.06631,124.1988
2010-08-03,1526.7948,4766.72718,3692.8777,96.50997,130.52619,124.63767
2010-08-04,1513.74953,4728.56755,3663.22191,96.24955,130.24473,124.36576
2010-08-05,1517.55042,4740.52227,3672.47058,96.40687,130.45987,124.57076
2010-08-06,1522.43024,4755.99019,3684.45354,95.72366,129.54144,123.69379
2010-08-09,1529.73143,4778.84737,3702.15673,96.52403,130.6259,124.72916
2010-08-10,1505.13922,4702.39709,3642.86026,96.11523,130.08305,124.2084
2010-08-11,1462.11847,4569.4209,3539.82196,94.7251,128.24179,122.44945
2010-08-12,1452.10201,4538.11741,3515.57188,94.48267,127.91357,122.13606
2010-08-13,1449.89065,4531.30835,3510.29707,94.95608,128.55738,122.75079
2010-08-16,1457.91589,4557.53912,3530.60892,94.85726,128.456,122.6537
2010-08-17,1470.65388,4597.47673,3561.53981,95.50017,129.32995,123.4879
2010-08-18,1469.63612,4595.98179,3560.37992,95.55287,129.44882,123.60134
2010-08-19,1461.13843,4569.41755,3539.80133,94.91176,128.58059,122.77233
2010-08-20,1430.87698,4474.9466,3466.60842,94.26857,127.71396,121.94453
2010-08-23,1435.77324,4490.6705,3478.7868,94.80788,128.45638,122.65333
2010-08-24,1420.88155,4444.72123,3443.19129,93.62851,126.87634,121.14467
2010-08-25,1400.60082,4381.58426,3394.28098,92.70143,125.62877,119.95345
2010-08-26,1420.63936,4444.39274,3442.93032,93.20469,126.31422,120.60771
2010-08-27,1427.76143,4467.03755,3460.45113,93.81557,127.15245,121.40733
2010-08-30,1432.56426,4483.00034,3472.68091,94.36858,127.92869,122.1437
2010-08-31,1425.72107,4461.68758,3456.17133,93.75152,127.0951,121.34781
2010-09-01,1465.67258,4587.19452,3553.36184,95.5479,129.54398,123.68486
2010-09-02,1471.95636,4607.0183,3568.71786,95.8977,130.02267,124.1419
2010-09-03,1484.9686,4647.82475,3600.3262,96.48596,130.82251,124.90551
2010-09-06,1497.05511,4686.72037,3630.4377,97.14666,131.7483,125.7888
2010-09-07,1481.48245,4638.07476,3592.74949,97.28811,131.94316,125.97463
2010-09-08,1485.17045,4651.02447,3602.76962,97.38873,132.11949,126.1426
2010-09-09,1500.27326,4698.41145,3639.47645,98.43314,133.53894,127.49784
2010-09-10,1498.4921,4692.88762,3635.19585,98.40899,133.50771,127.46796
2010-09-13,1523.25529,4770.98832,3695.67072,98.9198,134.21615,128.14355
2010-09-14,1533.63909,4803.57091,3720.90963,98.7729,134.0185,127.95483
2010-09-15,1531.77441,4797.81863,3716.45333,98.25152,133.31352,127.28173
2010-09-16,1525.80974,4779.24691,3702.06743,97.33109,132.06768,126.09226
2010-09-17,1522.53892,4769.0018,3694.13143,97.53936,132.35028,126.36208
2010-09-20,1540.72053,4826.84156,3738.76424,98.40994,133.55619,127.50761
2010-09-21,1540.27441,4825.59046,3737.77247,98.02185,133.03354,127.00786
2010-09-22,1551.04873,4859.5814,3764.10094,96.65411,131.18362,125.24173
2010-09-23,1545.07035,4840.85056,3749.59253,96.84843,131.44737,125.49353
2010-09-24,1564.68061,4902.32104,3797.19901,97.0369,131.70397,125.73828
2010-09-27,1567.19082,4910.29463,3803.37149,97.23226,131.97204,125.99409
2010-09-28,1568.67091,4923.5938,3813.19712,96.78164,131.59193,125.61553
2010-09-29,1570.3623,4929.25389,3817.5667,96.5084,131.22976,125.26934
2010-09-30,1561.00947,4899.89603,3794.82988,95.56118,129.94174,124.03983
2010-10-01,1567.82724,4921.21204,3811.34403,95.31874,129.60986,123.7232
2010-10-04,1555.90349,4883.79451,3782.36376,95.04323,129.23548,123.36578
2010-10-05,1586.43677,4979.66646,3856.61394,95.802,130.26807,124.35147
2010-10-06,1605.10081,5038.49503,3902.17304,96.58016,131.33254,125.36753
2010-10-07,1612.09438,5060.49031,3919.20777,96.6461,131.4233,125.45416
2010-10-08,1610.60008,5055.8241,3915.58918,96.61196,131.37751,125.4103
2010-10-11,1611.6006,5059.24236,3918.19842,96.93985,131.83062,125.84161
2010-10-12,1596.76604,5012.73007,3882.17591,96.46062,131.1804,125.22092
2010-10-13,1622.68548,5094.45547,3945.46797,97.14168,132.11584,126.11382
2010-10-14,1641.28711,5152.95253,3990.77179,97.39022,132.45636,126.43887
2010-10-15,1631.22481,5122.01445,3966.71534,97.29744,132.34705,126.33147
2010-10-18,1632.08417,5124.79817,3968.85333,97.65886,132.84088,126.80228
2010-10-19,1609.29566,5053.2415,3913.43692,97.53479,132.67211,126.64118
2010-10-20,1626.6162,5107.97857,3955.82754,97.32122,132.39068,126.37254
2010-10-21,1632.22587,5125.68485,3969.53134,97.4232,132.53175,126.50693
2010-10-22,1623.6892,5098.89517,3948.78296,97.45307,132.57285,126.54611
2010-10-25,1636.90302,5140.48411,3980.97576,97.86662,133.13786,127.08494
2010-10-26,1619.58795,5086.17708,3938.91025,97.59943,132.77616,126.73943
2010-10-27,1598.54971,5020.86402,3888.32799,96.95734,131.9225,125.92453
2010-10-28,1616.58832,5077.54051,3932.2187,97.1944,132.24555,126.23285
2010-10-29,1616.41237,5077.17031,3931.93048,97.19431,132.25018,126.23722
2010-11-01,1617.29807,5080.01944,3934.13399,97.32459,132.42921,126.40801
2010-11-02,1633.83357,5132.12401,3974.4684,97.35577,132.47591,126.45204
2010-11-03,1627.93075,5114.84988,3961.00863,97.08364,132.13835,126.12722
2010-11-04,1675.06689,5263.88791,4076.42374,98.41638,133.97622,127.88142
2010-11-05,1671.55977,5252.86678,4067.88884,99.55763,135.52984,129.36436
2010-11-08,1663.83631,5231.57524,4051.141,100.0351,136.25742,130.05052
2010-11-09,1670.72443,5253.2558,4067.92961,100.36259,136.70408,130.47683
2010-11-10,1639.6105,5156.55265,3992.8905,100.03222,136.2839,130.07072
2010-11-11,1640.28544,5158.89618,3994.68285,100.2857,136.6351,130.40517
2010-11-12,1631.08649,5132.45218,3973.88514,99.48312,135.60734,129.41382
2010-11-15,1630.10205,5129.40772,3971.52739,100.20925,136.59856,130.35974
2010-11-16,1597.47451,5026.87627,3892.14075,98.50056,134.27304,128.14044
2010-11-17,1601.22638,5040.76924,3902.88638,98.82303,134.76842,128.61282
2010-11-18,1628.0686,5125.35093,3968.35927,100.03274,136.42028,130.18872
2010-11-19,1625.79326,5118.26425,3962.86346,99.45787,135.63833,129.44219
2010-11-22,1616.9158,5090.98132,3941.60492,99.29638,135.43578,129.24448
2010-11-23,1584.60465,4989.45688,3863.00136,98.58344,134.46901,128.32191
2010-11-24,1587.80729,4999.70283,3870.93411,99.0814,135.15261,128.97426
2010-11-25,1591.95539,5012.77027,3881.05044,99.49254,135.71358,129.50956
2010-11-26,1569.50167,4942.08276,3826.32105,99.25455,135.38936,129.20013
2010-11-29,1545.58561,4866.93772,3768.11152,98.69428,134.62962,128.47411
2010-11-30,1535.13293,4834.02299,3742.62807,98.55772,134.44332,128.29633
2010-12-01,1560.53775,4914.69785,3805.0776,99.83977,136.21094,129.98275
2010-12-02,1595.07712,5023.5546,3889.35301,101.22426,138.10199,131.7872
2010-12-03,1617.47015,5094.45167,3944.18842,101.0116,137.82192,131.51811
2010-12-06,1611.6331,5076.06705,3929.95482,101.37429,138.31678,131.99033
2010-12-07,1624.45219,5116.49049,3961.24188,101.73651,138.81231,132.46288
2010-12-08,1613.27285,5081.37093,3934.05194,102.03034,139.21572,132.84784
2010-12-09,1619.74389,5101.92348,3949.96063,102.73112,140.17659,133.76465
2010-12-10,1623.18151,5112.79634,3958.37037,102.60653,140.00782,133.60332
2010-12-13,1646.2923,5185.7596,4014.82762,102.77315,140.23971,133.82355
2010-12-14,1652.08106,5204.08718,4028.99884,103.16535,140.77741,134.33605
2010-12-15,1638.40634,5161.14661,3995.74879,102.72976,140.18668,133.77216
2010-12-16,1629.46828,5133.10193,3974.03261,103.21081,140.84618,134.40135
2010-12-17,1621.56419,5108.20299,3954.75591,103.05774,140.63729,134.20203
2010-12-20,1624.62264,5117.89521,3962.25113,103.64226,141.43654,134.96441
2010-12-21,1643.75832,5178.40601,4009.09322,104.59952,142.74921,136.21685
2010-12-22,1644.15989,5179.69395,4010.0868,104.91666,143.18264,136.63032
2010-12-23,1645.56739,5184.55676,4013.75199,105.2395,143.63511,137.05868
2010-12-24,1647.14743,5189.53488,4017.60592,104.92704,143.20865,136.65175
2010-12-27,1642.55438,5175.06391,4006.40287,104.38779,142.47267,135.94946
2010-12-28,1646.99685,5190.08736,4017.97512,104.81758,143.08757,136.53422
2010-12-29,1653.83522,5211.83149,4034.80862,105.21673,143.63782,137.05927
2010-12-30,1649.69158,5198.77304,4024.6993,103.80338,141.70837,135.21819
2010-12-31,1658.29555,5225.88727,4045.69014,103.30642,141.02993,134.57082
2011-01-03,1660.06852,5231.52333,4050.04619,103.83094,141.7473,135.2551
2011-01-04,1668.83464,5259.21216,4071.47628,104.728,142.97368,136.42512
2011-01-05,1647.73029,5192.75608,4020.02767,104.76453,143.025,136.47406
2011-01-06,1648.65336,5195.66511,4022.27972,105.69973,144.30174,137.69232
2011-01-07,1644.5696,5182.86487,4012.36005,105.86835,144.53388,137.91348
2011-01-10,1631.60031,5142.2702,3980.89041,105.3825,143.87837,137.28651
2011-01-11,1640.35998,5169.98502,4002.33087,106.00152,144.72652,138.09529
2011-01-12,1668.48875,5258.71998,4071.02089,106.7585,145.76226,139.08344
2011-01-13,1692.31446,5334.0554,4129.30598,106.06609,144.82345,138.18645
2011-01-14,1688.93596,5323.40663,4121.06234,105.63648,144.23687,137.62675
2011-01-17,1683.79397,5307.80287,4108.89409,105.90136,144.61498,137.98455
2011-01-18,1705.00064,5374.65239,4160.64387,106.41032,145.30999,138.6477
2011-01-19,1705.3696,5376.27601,4161.90074,105.62877,144.25509,137.64117
2011-01-20,1672.16543,5271.59796,4080.86703,104.19765,142.30064,135.77632
2011-01-21,1688.58438,5323.39519,4120.9605,103.88464,141.87411,135.36922
2011-01-24,1704.01834,5372.14903,4158.68213,104.14038,142.22594,135.70428
2011-01-25,1701.65511,5364.69863,4152.91464,104.01116,142.04947,135.5359
2011-01-26,1710.97547,5395.86801,4176.74899,104.43573,142.67653,136.1246
2011-01-27,1715.6458,5410.6432,4188.17903,104.41956,142.65566,136.10447
2011-01-28,1694.82871,5344.99569,4137.36353,103.95886,142.02636,135.50406
2011-01-31,1696.38211,5349.89463,4141.15562,103.40903,141.27518,134.78738
2011-02-01,1725.23985,5440.94718,4211.63603,104.54288,142.82537,136.26638
2011-02-02,1736.89035,5479.08469,4241.1393,105.11928,143.64943,137.05202
2011-02-03,1722.96593,5435.16005,4207.13897,105.63825,144.35862,137.72865
2011-02-04,1723.49547,5436.83824,4208.43757,106.27103,145.22355,138.55383
2011-02-07,1733.31104,5467.82129,4232.419,106.96307,146.16976,139.45655
2011-02-08,1747.51839,5513.13777,4267.40605,106.8223,145.9906,139.28266
2011-02-09,1740.72177,5494.74744,4253.06414,106.13513,145.13208,138.46011
2011-02-10,1725.58526,5447.00659,4216.11135,106.03221,144.99238,138.32681
2011-02-11,1723.87953,5441.62227,4211.94376,106.31824,145.38351,138.69997
2011-02-14,1727.58638,5454.30546,4221.76002,107.25923,146.69666,139.95273
2011-02-15,1732.36817,5469.57423,4233.56339,107.13826,146.53581,139.79877
2011-02-16,1740.02341,5493.80443,4252.31594,107.57985,147.14141,140.37646
2011-02-17,1753.82712,5537.45067,4286.09879,107.94219,147.63869,140.85087
2011-02-18,1758.97381,5553.87234,4298.78638,107.79851,147.44674,140.66698
2011-02-21,1746.34872,5514.33538,4268.18245,106.76642,146.04368,139.32839
2011-02-22,1731.54813,5468.13698,4232.41597,105.67217,144.56106,137.91367
2011-02-23,1721.78609,5437.92269,4209.02644,104.56103,143.05715,136.47882
2011-02-24,1714.77972,5418.6638,4193.46063,103.92034,142.2559,135.69308
2011-02-25,1731.57022,5471.78498,4234.56177,105.26612,144.09981,137.45163
2011-02-28,1749.00622,5527.5261,4277.69929,105.82956,144.88797,138.20343
2011-03-01,1748.25434,5525.45018,4276.05547,105.65403,144.65552,137.98049
2011-03-02,1736.23498,5488.75538,4247.64493,104.54211,143.16687,136.56012
2011-03-03,1743.22316,5513.42938,4266.09064,104.51485,143.19661,136.56771
2011-03-04,1745.75528,5522.02126,4272.70054,104.28885,142.90205,136.28557
2011-03-07,1736.84006,5494.68729,4251.55071,103.57858,141.95117,135.37872
2011-03-08,1728.42661,5468.19388,4231.02587,103.92969,142.43557,135.83987
2011-03-09,1728.44232,5470.7981,4233.00909,103.76638,142.2782,135.68877
2011-03-10,1694.7556,5364.18701,4150.51729,102.64356,140.73898,134.22078
2011-03-11,1686.07689,5336.95588,4129.44732,101.81909,139.61476,133.14862
2011-03-14,1658.16979,5248.62125,4061.09876,99.16294,135.97264,129.67519
2011-03-15,1597.14954,5055.59598,3911.74627,95.56164,131.03769,124.9688
2011-03-16,1600.76092,5068.35385,3921.61302,96.10108,131.81189,125.707
2011-03-17,1628.90081,5157.77042,3990.71462,97.09299,133.18065,127.00968
2011-03-18,1640.9917,5196.16252,4020.41968,97.00422,133.06164,126.89618
2011-03-21,1666.84663,5278.41224,4084.05864,98.20958,134.72475,128.48223
2011-03-22,1683.85927,5332.29402,4125.74641,99.02346,135.84144,129.54712
2011-03-23,1680.29888,5321.4377,4117.34657,99.42977,136.40954,130.0889
2011-03-24,1697.54338,5376.7921,4160.01003,99.90903,137.08597,130.72877
2011-03-25,1696.89097,5375.5577,4158.87515,100.26605,137.59713,131.21056
2011-03-28,1691.83228,5359.7636,4146.60891,100.23644,137.56244,131.17599
2011-03-29,1684.53847,5348.01471,4136.90422,100.07034,137.62677,131.21782
2011-03-30,1702.66004,5406.34749,4182.01834,100.95669,138.86634,132.39939
2011-03-31,1702.54595,5406.14634,4181.82741,100.26701,137.9218,131.49773
2011-04-01,1709.07917,5427.81171,4198.41575,100.97195,138.91503,132.43932
2011-04-04,1719.50996,5462.8021,4225.41271,100.9566,138.9413,132.46223
2011-04-05,1712.83851,5441.85038,4209.15516,100.76665,138.68609,132.21729
2011-04-06,1723.45565,5476.16014,4235.61173,100.3948,138.1889,131.74077
2011-04-07,1717.73126,5458.7698,4221.98907,100.45696,138.29468,131.83624
2011-04-08,1740.75517,5532.92718,4279.18513,100.78436,138.77022,132.28464
2011-04-11,1740.99178,5533.93726,4279.93182,100.676,138.62749,132.14752
2011-04-12,1718.80497,5463.58666,4225.48884,99.10159,136.46388,130.084
2011-04-13,1730.89138,5502.89431,4255.83345,99.74341,137.36985,130.9459
2011-04-14,1724.81149,5485.48212,4241.95676,99.69206,137.34715,130.91159
2011-04-15,1721.60482,5475.89696,4234.42001,99.79314,137.50179,131.05514
2011-04-18,1685.74652,5366.15003,4148.48885,99.17981,136.76648,130.32083
2011-04-19,1693.04016,5390.12441,4167.00792,98.85386,136.33616,129.91031
2011-04-20,1737.56739,5533.2281,4277.61471,100.07636,138.05569,131.54805
2011-04-21,1756.23695,5595.81665,4325.49265,100.73511,139.04236,132.47266
2011-04-22,1756.44827,5596.48996,4326.01311,100.74723,139.05909,132.4886
2011-04-25,1751.50773,5580.82244,4313.90232,100.5363,138.76979,132.21297
2011-04-26,1759.81115,5608.64714,4335.25431,100.5571,138.83234,132.26781
2011-04-27,1762.6686,5619.52011,4343.55508,100.61031,138.94948,132.37625
2011-04-28,1792.80011,5715.90449,4418.01746,101.08064,139.60693,133.00148
2011-04-29,1797.52324,5734.64154,4431.79169,101.25813,139.94183,133.29923
2011-05-02,1809.61024,5776.0921,4463.33328,101.5591,140.42802,133.7476
2011-05-03,1796.57424,5736.4808,4432.64335,101.17058,139.93955,133.27993
2011-05-04,1779.31875,5685.13706,4392.43439,99.91946,138.30031,131.70266
2011-05-05,1755.55578,5612.85772,4335.94798,100.40662,139.06493,132.41119
2011-05-06,1755.85418,5618.55362,4339.57327,101.15749,140.22324,133.49024
2011-05-09,1731.25654,5541.9282,4280.0604,101.42183,140.64257,133.87911
2011-05-10,1750.71141,5605.04116,4328.64946,101.91857,141.35249,134.55013
2011-05-11,1748.81809,5602.88435,4326.7286,102.23564,141.89112,135.05487
2011-05-12,1725.10499,5528.44626,4269.17701,101.56336,140.99721,134.20188
2011-05-13,1718.07195,5508.55271,4253.29066,101.08165,140.39589,133.61308
2011-05-16,1711.88293,5492.16152,4240.21151,100.49821,139.67331,132.91215
2011-05-17,1692.07345,5429.02755,4191.27441,99.81555,138.73529,132.0134
2011-05-18,1708.01902,5481.71964,4231.9086,100.16934,139.26591,132.51692
2011-05-19,1713.75293,5500.31887,4246.23203,100.49856,139.72863,132.95611
2011-05-20,1702.63445,5467.48727,4220.34139,100.545,139.86618,133.06982
2011-05-23,1661.42624,5340.51738,4121.28256,99.02465,137.88959,131.15582
2011-05-24,1669.58749,5366.9002,4141.6158,98.93604,137.77002,131.04126
2011-05-25,1673.23157,5379.01138,4150.92635,99.38805,138.40968,131.64855
2011-05-26,1684.83992,5417.5223,4180.42429,99.86818,139.10896,132.30669
2011-05-27,1708.49935,5494.12213,4239.42898,100.13076,139.48801,132.66397
2011-05-30,1707.5728,5491.14052,4237.40504,100.00282,139.30974,132.50307
2011-05-31,1732.84467,5573.71052,4300.85485,100.73811,140.36682,133.50018
2011-06-01,1727.18746,5559.36255,4289.72695,100.06468,139.52506,132.69786
2011-06-02,1701.50836,5477.95651,4226.85126,98.47798,137.34394,130.62157
2011-06-03,1704.7203,5488.41042,4234.88706,97.80705,136.41103,129.73339
2011-06-06,1698.74111,5469.79617,4220.42301,97.22038,135.60858,128.96713
2011-06-07,1705.53391,5491.71074,4237.32579,97.08063,135.41468,128.78254
2011-06-08,1686.913,5431.831,4191.12344,96.51701,134.63046,128.03673
2011-06-09,1689.49837,5440.1994,4197.57198,97.33127,135.76734,129.11767
2011-06-10,1662.90879,5355.70116,4132.17592,96.78687,135.03621,128.41618
2011-06-13,1664.25436,5360.43367,4135.75207,96.75064,134.99571,128.37533
2011-06-14,1686.57345,5432.32171,4191.21607,97.35739,135.8423,129.1804
2011-06-15,1658.81226,5343.03552,4122.32368,97.00784,135.35788,128.71958
2011-06-16,1631.58718,5255.48271,4054.74725,96.42101,134.54262,127.94346
2011-06-17,1646.72572,5304.24525,4092.36887,96.18996,134.22022,127.63687
2011-06-20,1638.95381,5280.33678,4073.70596,95.70588,133.57322,127.01485
2011-06-21,1666.70315,5369.7534,4142.6875,96.91323,135.25864,128.61745
2011-06-22,1671.8609,5386.69684,4155.75912,96.8023,135.11201,128.47801
2011-06-23,1628.03082,5245.58694,4046.88133,96.16664,134.22759,127.6366
2011-06-24,1633.61751,5264.07202,4061.03012,96.38424,134.5437,127.93364
2011-06-27,1634.73409,5267.70296,4063.82642,95.66334,133.53821,126.97741
2011-06-28,1650.01762,5317.73799,4102.35309,96.00982,134.04169,127.45387
2011-06-29,1680.65978,5416.69785,4178.69538,97.56863,136.22314,129.52811
2011-06-30,1708.08214,5505.2898,4247.00372,98.45956,137.47231,130.71478
2011-07-01,1716.47406,5532.66555,4268.06372,99.05261,138.30854,131.5081
2011-07-04,1727.4272,5568.09055,4295.37031,99.48205,138.91116,132.08043
2011-07-05,1722.64469,5553.35906,4283.63269,99.53585,139.00341,132.15663
2011-07-06,1710.83634,5515.46651,4254.39665,99.94532,139.57966,132.70427
2011-07-07,1718.76595,5541.31727,4274.29477,99.98572,139.64331,132.76348
2011-07-08,1707.3499,5504.80346,4246.08711,100.07392,139.7739,132.8863
2011-07-11,1665.71047,5370.65811,4142.59438,99.50709,138.98499,132.1356
2011-07-12,1652.037,5326.60144,4108.60716,98.72201,137.88922,131.09368
2011-07-13,1679.69578,5416.27924,4177.70593,99.12737,138.46815,131.64178
2011-07-14,1666.86898,5374.91848,4145.80338,98.41209,137.469,130.69189
2011-07-15,1661.13641,5356.43346,4131.54544,98.29585,137.30662,130.53752
2011-07-18,1633.16268,5266.2389,4061.97447,97.31579,135.93782,129.23614
2011-07-19,1654.30268,5334.40621,4114.55353,97.42928,136.09636,129.38686
2011-07-20,1676.06446,5404.86379,4168.89912,98.66921,137.83566,131.04041
2011-07-21,1704.67093,5497.11206,4240.05239,99.07612,138.40409,131.58082
2011-07-22,1717.05626,5537.09633,4270.88657,99.89322,139.54666,132.66685
2011-07-25,1706.0254,5501.65947,4243.54675,99.45224,138.93404,132.08424
2011-07-26,1719.24292,5544.28386,4276.42384,99.19185,138.57027,131.7384
2011-07-27,1696.6652,5472.68549,4221.14148,98.5834,137.75077,130.95753
2011-07-28,1684.27087,5433.00904,4190.50365,98.43468,137.5506,130.76615
2011-07-29,1679.83508,5418.70037,4179.46731,97.6972,136.52006,129.78644
2011-08-01,1663.44749,5366.6162,4139.18057,97.89542,136.81689,130.06504
2011-08-02,1635.03205,5275.03777,4068.54656,96.1081,134.32139,127.69266
2011-08-03,1606.70893,5187.65176,4001.05264,93.95425,131.41227,124.92415
2011-08-04,1547.43027,4996.35928,3853.49959,91.35397,127.77794,121.46875
2011-08-05,1513.2312,4886.60746,3768.83625,89.10525,124.64973,118.4945
2011-08-08,1462.28917,4722.34059,3642.14075,86.13289,120.49775,114.54744
2011-08-09,1471.03553,4750.63574,3663.95787,86.45005,120.94271,114.97025
2011-08-10,1442.47455,4660.52111,3594.34026,85.0017,118.97064,113.09191
2011-08-11,1466.85404,4739.3424,3655.12971,85.91433,120.24933,114.30741
2011-08-12,1498.56004,4841.85426,3734.19008,88.10169,123.31266,117.21938
2011-08-15,1526.62157,4934.05789,3805.30041,88.32244,123.66015,117.5497
2011-08-16,1521.91667,4919.1149,3793.77029,88.33765,123.68807,117.57607
2011-08-17,1530.54619,4948.98105,3816.80234,88.50048,123.96551,117.83974
2011-08-18,1465.90412,4739.9957,3655.62653,85.57382,119.86688,113.94364
2011-08-19,1446.13981,4676.23648,3606.44456,83.82285,117.41795,111.61545
2011-08-22,1444.74199,4672.26481,3603.37795,83.95728,117.62005,111.80746
2011-08-23,1461.26055,4726.25583,3645.01729,84.86115,118.90069,113.0248
2011-08-24,1469.70542,4754.07608,3666.42628,85.24495,119.45117,113.54663
2011-08-25,1457.03634,4713.49914,3635.13263,84.84577,118.90199,113.0246
2011-08-26,1455.41323,4708.36045,3631.16061,84.70699,118.71032,112.84213
2011-08-29,1482.51464,4796.96376,3699.47772,85.2425,119.48393,113.57703
2011-08-30,1491.72294,4826.76918,3722.46403,86.37513,121.0718,115.0864
2011-08-31,1523.57789,4930.05909,3802.10259,88.43715,123.96756,117.83839
2011-09-01,1521.6153,4924.17519,3797.52315,89.23742,125.10121,118.91468
2011-09-02,1488.02072,4815.66041,3713.82908,87.52517,122.70598,116.63767
2011-09-05,1428.45305,4624.87515,3566.53421,84.59596,118.65049,112.77763
2011-09-06,1408.57146,4560.69551,3517.03573,83.88217,117.65428,111.83055
2011-09-07,1446.99957,4686.45764,3614.01872,86.15833,120.88139,114.89792
2011-09-08,1453.63558,4708.09618,3630.70542,86.75124,121.71703,115.69219
2011-09-09,1405.8697,4553.42743,3511.42387,85.68418,120.22088,114.26988
2011-09-12,1364.67691,4420.70894,3409.04022,83.80306,117.60015,111.77768
2011-09-13,1381.44318,4475.06894,3450.9527,84.40781,118.45005,112.58526
2011-09-14,1387.46343,4494.96168,3466.25717,84.81596,119.03315,113.13833
2011-09-15,1425.29205,4617.62468,3560.84707,86.00862,120.70983,114.73195
2011-09-16,1436.62297,4654.3702,3589.18311,87.10117,122.24413,116.19026
2011-09-19,1400.50391,4539.20655,3500.03261,85.98104,120.72138,114.73169
2011-09-20,1418.97036,4599.0586,3546.18256,86.4921,121.43893,115.41363
2011-09-21,1403.16312,4548.14767,3506.92681,85.65352,120.27005,114.30275
2011-09-22,1331.34548,4315.36131,3327.43292,82.63359,116.02963,110.27272
2011-09-23,1338.47649,4338.47546,3345.25548,82.74742,116.18946,110.42462
2011-09-26,1341.16107,4347.32114,3352.06402,83.20266,116.83256,111.03541
2011-09-27,1405.74843,4556.71667,3513.51712,86.16377,120.99154,114.98788
2011-09-28,1394.51478,4530.35097,3492.65736,85.68889,120.59217,114.59094
2011-09-29,1402.74988,4557.10429,3513.28273,85.89493,120.88214,114.86648
2011-09-30,1373.32548,4461.86694,3439.81008,85.54414,120.39801,114.40478
2011-10-03,1343.1992,4363.95976,3364.33152,84.56893,119.02468,113.09987
2011-10-04,1310.15423,4256.59898,3281.56328,82.46354,116.0615,110.28419
2011-10-05,1336.84756,4343.47879,3348.53985,83.94452,118.15009,112.26875
2011-10-06,1379.95539,4483.55467,3456.52669,86.0437,121.10508,115.07655
2011-10-07,1400.85032,4551.44348,3508.86451,86.7736,122.13241,116.05274
2011-10-10,1430.83642,4648.87006,3583.97402,87.57306,123.25763,117.12195
2011-10-11,1434.51382,4660.89852,3593.24249,87.91402,123.73966,117.57983
2011-10-12,1460.24799,4745.11539,3658.16333,88.45974,124.52361,118.3246
2011-10-13,1449.6836,4710.78614,3631.69779,88.39965,124.43903,118.24423
2011-10-14,1463.68897,4756.29697,3666.78357,88.22693,124.19588,118.01319
2011-10-17,1459.17228,4742.32682,3655.90997,88.60008,124.73977,118.52664
2011-10-18,1439.41738,4678.1237,3606.41507,87.91154,123.77039,117.60554
2011-10-19,1455.99634,4732.20156,3648.10427,88.16384,124.13073,117.94794
2011-10-20,1427.60374,4640.03496,3577.05206,87.10092,122.63719,116.52879
2011-10-21,1468.8014,4773.95942,3680.29409,88.32805,124.36557,118.17102
2011-10-24,1491.02567,4846.44478,3736.14407,89.75171,126.37663,120.08096
2011-10-25,1484.07563,4823.85428,3718.72896,89.19844,125.59759,119.34073
2011-10-26,1477.81905,4803.74925,3703.22814,89.3687,125.84339,119.57422
2011-10-27,1553.3139,5049.17588,3892.42705,91.79209,129.25651,122.81727
2011-10-28,1560.84614,5073.71675,3911.3364,92.01923,129.57781,123.12227
2011-10-31,1504.99899,4892.31649,3771.47997,90.17715,126.98742,120.66047
2011-11-01,1440.43558,4682.67631,3609.85897,88.02519,123.96331,117.78671
2011-11-02,1451.27873,4720.78506,3639.12937,87.88454,123.84024,117.6663
2011-11-03,1464.75907,4764.63453,3672.93177,89.07521,125.51804,119.26045
2011-11-04,1466.29137,4769.75789,3676.81114,89.0647,125.50689,119.24759
2011-11-07,1460.06136,4752.91201,3663.49122,88.73788,125.13638,118.88471
2011-11-08,1468.93182,4781.80343,3685.75957,88.9149,125.38642,119.12223
2011-11-09,1441.39355,4692.71221,3617.06109,88.6705,125.05654,118.80791
2011-11-10,1423.77975,4638.28583,3574.96139,87.57728,123.59248,117.41212
2011-11-11,1460.87521,4759.12058,3668.09549,88.89077,125.44581,119.17279
2011-11-14,1448.02357,4717.36011,3635.90796,88.768,125.27537,119.01086
2011-11-15,1430.98668,4661.96484,3593.19706,88.43716,124.81134,118.56954
2011-11-16,1426.05771,4648.93027,3583.15054,88.08694,124.39798,118.17685
2011-11-17,1413.56832,4608.49715,3551.93472,87.41885,123.46206,117.28601
2011-11-18,1400.48627,4565.92527,3519.11402,86.55218,122.24015,116.12492
2011-11-21,1361.12631,4438.43272,3420.70859,84.46634,119.31657,113.34288
2011-11-22,1356.86228,4424.73846,3410.12138,84.03014,118.70604,112.76182
2011-11-23,1329.57668,4336.70785,3342.27667,83.22534,117.59483,111.70625
2011-11-24,1322.56846,4313.91189,3324.70794,82.96686,117.23132,111.36095
2011-11-25,1321.22751,4309.53801,3321.33701,83.21692,117.58465,111.69658
2011-11-28,1366.441,4457.04485,3435.01614,85.53287,120.8579,114.80581
2011-11-29,1381.75836,4507.17256,3473.61732,86.59869,122.3684,116.2396
2011-11-30,1427.27365,4656.25967,3588.51612,88.61067,125.22812,118.95606
2011-12-01,1431.70383,4670.71242,3599.65466,88.82962,125.53755,119.25
2011-12-02,1441.06784,4701.3236,3623.24628,89.67357,126.73194,120.38457
2011-12-05,1455.29576,4747.85183,3659.0921,90.30679,127.62982,121.23705
2011-12-06,1438.58533,4693.38407,3617.10516,89.84018,126.9717,120.61159
2011-12-07,1444.36777,4712.38718,3631.75051,90.1474,127.40964,121.02758
2011-12-08,1421.66984,4638.63995,3574.89956,89.254,126.15529,119.83555
2011-12-09,1428.18559,4659.94329,3591.31758,89.3075,126.23209,119.90851
2011-12-12,1404.67123,4583.64896,3532.47813,88.82739,125.56524,119.27367
2011-12-13,1396.09925,4555.76498,3510.97191,89.15556,126.03156,119.71605
2011-12-14,1363.54627,4449.67786,3429.20924,87.99111,124.3894,118.15601
2011-12-15,1368.46203,4465.71953,3441.57199,87.9924,124.39122,118.15774
2011-12-16,1370.77552,4473.26917,3447.39023,87.80675,124.12878,117.90845
2011-12-19,1360.96959,4442.06616,3423.1899,87.37283,123.53752,117.34156
2011-12-20,1387.7753,4529.77616,3490.77877,88.4685,125.09276,118.81869
2011-12-21,1384.8139,4520.15324,3483.35673,88.7026,125.42496,119.13402
2011-12-22,1393.43469,4548.76301,3505.30059,89.13524,126.04975,119.72394
2011-12-23,1401.59834,4575.41264,3525.83693,89.83623,127.04105,120.66549
2011-12-26,1403.32971,4581.06459,3530.19235,89.9472,127.19799,120.81455
2011-12-27,1405.35991,4587.72075,3535.31742,89.89119,127.11957,120.73992
2011-12-28,1386.64454,4528.01324,3489.24382,89.51277,126.62324,120.26634
2011-12-29,1393.45344,4550.24735,3506.37721,90.17519,127.5603,121.15635
2011-12-30,1412.55402,4612.71047,3554.49559,90.93947,128.64397,122.1851
2012-01-02,1422.40209,4644.91561,3579.3057,91.57348,129.54214,123.03794
2012-01-03,1446.64462,4724.43479,3640.52474,92.62405,131.03811,124.45685
2012-01-04,1439.89061,4702.40292,3623.54756,93.22001,131.88195,125.2583
2012-01-05,1416.46982,4625.92137,3564.61189,92.53524,130.91336,124.33832
2012-01-06,1406.70554,4594.03308,3540.03963,92.46837,130.81876,124.24847
2012-01-09,1405.10018,4588.88779,3536.05862,92.19244,130.43116,123.87977
2012-01-10,1428.96178,4667.40632,3596.46725,93.4609,132.24243,125.59674
2012-01-11,1419.32679,4635.98837,3572.25817,93.50026,132.29963,125.65106
2012-01-12,1423.01593,4648.03834,3581.54326,92.93383,131.49815,124.88986
2012-01-13,1415.2199,4622.57392,3561.92167,93.37692,132.1251,125.48531
2012-01-16,1417.88623,4631.94681,3569.03519,93.50855,132.33032,125.67638
2012-01-17,1437.05444,4694.56546,3617.28448,94.29275,133.4401,126.73036
2012-01-18,1444.99746,4721.02189,3637.66985,94.22581,133.35972,126.65402
2012-01-19,1464.77784,4785.64731,3687.46541,94.9526,134.38836,127.63094
2012-01-20,1472.04525,4809.4074,3705.77052,95.22428,134.77333,127.99646
2012-01-23,1487.62962,4860.43411,3745.06553,95.29199,134.87222,128.08961
2012-01-24,1476.24943,4823.25236,3716.41622,95.04747,134.52614,127.76093
2012-01-25,1475.53397,4822.84843,3715.78697,95.05266,134.58745,127.80822
2012-01-26,1505.67156,4921.36518,3791.68885,95.64133,135.42125,128.6
2012-01-27,1495.58471,4888.45845,3766.32668,95.18146,134.77184,127.98299
2012-01-30,1480.91089,4840.53065,3729.39492,94.37696,133.63367,126.90196
2012-01-31,1486.73764,4859.63191,3744.11151,94.91838,134.40185,127.63144
2012-02-01,1514.86247,4951.65054,3814.98701,95.92621,135.83134,128.98823
2012-02-02,1518.57783,4963.79499,3824.34367,96.3513,136.43325,129.55982
2012-02-03,1529.4632,4999.37767,3851.75818,97.41172,137.93485,130.98577
2012-02-06,1529.54965,4999.66025,3851.97589,97.74498,138.40675,131.43389
2012-02-07,1540.09083,5034.19841,3878.57245,97.19971,137.63689,130.70237
2012-02-08,1544.47761,5048.60979,3889.67562,97.38832,137.90593,130.95786
2012-02-09,1549.80055,5066.41696,3903.30095,97.35669,137.87223,130.9227
2012-02-10,1524.97441,4985.25946,3840.77491,96.63243,136.8466,129.94876
2012-02-13,1538.86673,5030.76238,3875.83156,97.30984,137.80832,130.86201
2012-02-14,1526.15709,4989.26392,3843.85979,97.13453,137.56146,130.62758
2012-02-15,1537.04761,5029.60047,3874.82323,98.31434,139.36347,132.3349
2012-02-16,1530.01568,5006.62517,3857.1211,98.04465,138.98214,131.97274
2012-02-17,1548.43803,5066.97873,3903.60905,98.31305,139.36455,132.33557
2012-02-20,1571.27283,5143.24198,3962.35781,98.98083,140.35321,133.27421
2012-02-21,1563.56628,5118.4185,3943.23378,98.51393,139.70213,132.65597
2012-02-22,1553.16877,5085.16834,3917.58194,98.0325,139.04093,132.02691
2012-02-23,1559.01449,5104.40959,3932.39497,97.86194,138.80179,131.79949
2012-02-24,1573.82367,5153.00347,3969.82367,97.69818,138.57239,131.5814
2012-02-27,1565.15973,5129.66979,3951.03094,97.65358,138.64519,131.62332
2012-02-28,1571.21843,5149.78741,3966.50284,97.82346,138.89341,131.8582
2012-02-29,1567.6736,5139.96836,3958.93995,97.94204,139.11047,132.06427
2012-03-01,1570.58114,5149.78563,3966.48648,98.45489,139.84661,132.76262
2012-03-02,1561.54248,5120.14902,3943.65964,98.82973,140.37905,133.26809
2012-03-05,1554.0829,5096.30809,3925.26376,98.15321,139.43503,132.37077
2012-03-06,1513.85577,4964.55001,3823.74922,96.46547,137.04183,130.09772
2012-03-07,1515.09616,4970.87795,3828.59189,96.50772,137.16422,130.21285
2012-03-08,1548.16183,5082.05744,3913.53105,97.48089,138.62086,131.57241
2012-03-09,1544.1336,5069.29522,3903.64476,98.36482,139.89056,132.77556
2012-03-12,1540.15548,5056.42247,3893.73019,97.95834,139.31764,132.23172
2012-03-13,1556.7315,5110.88748,3935.66704,99.24677,141.15129,133.97197
2012-03-14,1553.96262,5103.43746,3929.87984,99.70151,141.84363,134.62736
2012-03-15,1565.86672,5142.60764,3960.03971,100.12322,142.44568,135.19869
2012-03-16,1580.99819,5192.33346,3998.32886,100.31938,142.72562,135.46431
2012-03-19,1586.11312,5210.33615,4012.00004,100.10432,142.45256,135.19869
2012-03-20,1569.05053,5154.31171,3968.85781,99.18849,141.15001,133.96236
2012-03-21,1559.96653,5125.38993,3946.55828,98.84227,140.68255,133.51771
2012-03-22,1553.81228,5105.70219,3931.28798,98.41875,140.09436,132.95573
2012-03-23,1556.75684,5115.87217,3939.00565,98.09599,139.64842,132.52871
2012-03-26,1569.72982,5158.67541,3971.92332,98.44583,140.1511,133.00446
2012-03-27,1573.83957,5172.23435,3982.3529,98.73321,140.56166,133.39374
2012-03-28,1558.22117,5133.86935,3952.08084,97.99984,139.87077,132.71347
2012-03-29,1542.82565,5083.63002,3913.29449,97.11563,138.62198,131.52482
2012-03-30,1553.45553,5119.18995,3940.54454,97.49103,139.17235,132.04288
2012-04-02,1570.08139,5175.66389,3983.95714,98.65296,140.87693,133.65817
2012-04-03,1559.15545,5139.65075,3956.23542,97.68736,139.49815,132.35002
2012-04-04,1512.5255,4986.64813,3838.34976,96.36601,137.63084,130.57457
2012-04-05,1509.01659,4976.84813,3830.45008,96.54356,137.93344,130.84949
2012-04-06,1506.02556,4966.98349,3822.85772,96.3522,137.66004,130.59013
2012-04-09,1505.19438,4964.24368,3820.74893,96.24377,137.50516,130.4432
2012-04-10,1481.98715,4888.13073,3762.09126,94.66933,135.26754,128.31787
2012-04-11,1486.73499,4904.17385,3774.42516,94.70118,135.32361,128.3706
2012-04-12,1506.27037,4968.99376,3824.23186,95.55227,136.55022,129.53145
2012-04-13,1488.01795,4910.67349,3779.02382,95.05458,135.89135,128.8954
2012-04-16,1486.07006,4905.44959,3774.8208,95.08277,135.96504,128.95904
2012-04-17,1509.38568,4983.17822,3834.44065,95.99399,137.28912,130.20832
2012-04-18,1508.23178,4980.63575,3832.43875,96.05583,137.41252,130.32381
2012-04-19,1502.34374,4961.83589,3817.89439,95.53159,136.68032,129.62672
2012-04-20,1511.14617,4992.94252,3841.44703,95.61844,136.86034,129.78453
2012-04-23,1481.25633,4898.25123,3767.58595,94.32345,135.11899,128.09894
2012-04-24,1494.89662,4943.78664,3802.55137,94.62606,135.56426,128.51908
2012-04-25,1504.31994,4977.8653,3828.57157,95.35978,136.69545,129.585
2012-04-26,1513.11458,5008.27485,3851.69532,95.58739,137.05751,129.91929
2012-04-27,1521.37906,5037.93392,3874.09731,95.89203,137.55723,130.37926
2012-04-30,1516.20638,5024.89612,3863.4147,95.73929,137.45003,130.25551
2012-05-01,1512.73638,5013.69523,3854.78675,95.59602,137.25253,130.06781
2012-05-02,1504.55657,4988.23251,3835.06083,95.60684,137.31342,130.12046
2012-05-03,1503.67367,4985.84819,3833.13218,95.5471,137.24257,130.05008
2012-05-04,1483.86838,4924.90585,3785.23022,94.56544,135.96304,128.8019
2012-05-07,1471.97743,4887.3207,3756.09664,94.27491,135.59751,128.44721
2012-05-08,1454.14814,4829.18724,3711.13743,93.52002,134.54138,127.4371
2012-05-09,1440.424,4788.09062,3679.38183,93.09228,134.05147,126.96707
2012-05-10,1446.19094,4812.42583,3697.17973,93.25945,134.43649,127.30067
2012-05-11,1444.51704,4808.41234,3693.74826,93.26665,134.49041,127.33973
2012-05-14,1418.66254,4723.85539,3628.75993,92.35363,133.21629,126.13221
2012-05-15,1402.69873,4671.04752,3588.15142,91.76472,132.37668,125.33576
2012-05-16,1385.67186,4616.47116,3546.08559,90.89272,131.17912,124.19692
2012-05-17,1378.79137,4594.67412,3529.13641,90.67626,130.89879,123.92427
2012-05-18,1356.90488,4524.52067,3474.78403,89.13869,128.75832,121.88144
2012-05-21,1364.42711,4552.42034,3495.72017,89.30992,129.08554,122.17404
2012-05-22,1384.17344,4618.91839,3546.69319,90.67345,131.07377,124.05268
2012-05-23,1345.64637,4490.51493,3448.08782,89.37205,129.19711,122.27622
2012-05-24,1354.40169,4520.73319,3471.09507,89.96069,130.07686,123.10189
2012-05-25,1350.37751,4508.80025,3461.91105,90.19878,130.4645,123.46797
2012-05-28,1354.37276,4522.45781,3472.34788,90.27805,130.58833,123.58339
2012-05-29,1365.01652,4558.17586,3499.73893,91.00204,131.64071,124.57813
2012-05-30,1338.99685,4473.5806,3434.59265,90.30106,130.69364,123.67487
2012-05-31,1332.88622,4454.41037,3419.84528,90.09252,130.42828,123.4227
2012-06-01,1312.34329,4386.34185,3367.46381,88.71475,128.45077,121.54699
2012-06-04,1308.00729,4372.21602,3356.57705,87.48052,126.67436,119.86455
2012-06-05,1314.44178,4393.88177,3373.17775,88.13657,127.6289,120.76662
2012-06-06,1341.8419,4488.28456,3445.6468,89.72905,130.01635,123.02557
2012-06-07,1361.9364,4555.64677,3497.35452,90.60156,131.2849,124.2257
2012-06-08,1344.4841,4498.28163,3453.08613,90.12929,130.62996,123.59776
2012-06-11,1355.91882,4537.00576,3482.70583,90.57616,131.29114,124.21954
2012-06-12,1355.34036,4535.10478,3481.23995,90.92999,131.80503,124.70551
2012-06-13,1363.05872,4560.97343,3501.09727,90.5969,131.32342,124.24985
2012-06-14,1360.74743,4553.23954,3495.16057,90.28173,130.86657,123.8176
2012-06-15,1375.59266,4602.91365,3533.29144,91.06064,131.99563,124.88585
2012-06-18,1380.41562,4620.95027,3546.78305,91.71043,132.99216,125.81615
2012-06-19,1400.76578,4689.16902,3599.14391,92.35032,133.92284,126.69661
2012-06-20,1411.87609,4726.88068,3628.08927,92.89228,134.72356,127.45413
2012-06-21,1396.20909,4674.81341,3588.06401,92.5647,134.25952,127.01296
2012-06-22,1379.84658,4620.02816,3546.01464,91.99439,133.43233,126.23041
2012-06-25,1362.36818,4562.17685,3501.46916,91.23304,132.34747,125.199
2012-06-26,1358.98671,4551.06246,3492.90234,91.07227,132.12032,124.98282
2012-06-27,1373.41514,4600.90218,3531.07375,92.14263,133.71731,126.49066
2012-06-28,1373.61559,4601.67598,3531.6442,92.38227,134.06806,126.82161
2012-06-29,1423.37521,4768.42835,3659.61525,93.7374,136.03625,128.6832
2012-07-02,1431.87104,4797.08879,3681.57262,95.09494,138.0121,130.55088
2012-07-03,1445.28486,4842.22256,3716.18111,95.81828,139.06747,131.54814
2012-07-04,1440.74003,4827.79098,3704.98896,96.24996,139.717,132.15839
2012-07-05,1429.11544,4788.91444,3675.14165,96.46812,140.03592,132.45962
2012-07-06,1413.82794,4737.68656,3635.828,96.01003,139.37094,131.83061
2012-07-09,1403.06558,4701.67587,3608.18215,95.33728,138.39594,130.90799
2012-07-10,1405.56029,4710.32339,3614.7721,95.84968,139.14827,131.61792
2012-07-11,1405.57993,4710.3892,3614.8226,95.89797,139.21837,131.68423
2012-07-12,1385.21081,4642.21943,3562.49338,95.01632,137.94116,130.4756
2012-07-13,1402.85732,4702.22137,3608.40038,95.75521,139.03939,131.50932
2012-07-16,1407.05906,4716.34596,3619.23277,96.07339,139.50261,131.94722
2012-07-17,1402.99924,4702.73776,3608.7901,96.00797,139.40762,131.85737
2012-07-18,1417.29203,4750.89161,3645.74243,96.57878,140.24371,132.64817
2012-07-19,1434.67518,4809.16151,3690.45762,97.79123,142.00433,134.31344
2012-07-20,1408.83228,4722.56172,3623.99695,96.76764,140.51879,132.90815
2012-07-23,1373.74171,4604.94768,3533.74133,94.75065,137.59026,130.1382
2012-07-24,1366.67694,4581.31192,3515.60206,94.51298,137.24651,129.813
2012-07-25,1363.51736,4571.28838,3507.9102,93.99503,136.51133,129.11764
2012-07-26,1402.63004,4702.4897,3608.5829,95.30381,138.41426,130.9172
2012-07-27,1426.25383,4781.76977,3669.41236,96.36057,139.95134,132.37073
2012-07-30,1437.94845,4820.99951,3699.5163,98.16246,142.56899,134.84659
2012-07-31,1438.57139,4823.08805,3701.11899,97.62288,141.78531,134.10536
2012-08-01,1438.09837,4821.89101,3700.20042,97.73759,141.96338,134.27378
2012-08-02,1417.44533,4752.64543,3647.06289,97.4233,141.50696,133.84208
2012-08-03,1447.87627,4854.71068,3725.37802,98.05924,142.43158,134.71636
2012-08-06,1466.26835,4916.8583,3773.06544,98.72086,143.40657,135.63842
2012-08-07,1476.53095,4951.272,3799.47359,99.35579,144.3289,136.51079
2012-08-08,1475.6352,4953.79256,3801.27837,99.80176,145.13858,137.27194
2012-08-09,1477.8202,4961.30193,3807.0213,100.3393,145.92543,138.01544
2012-08-10,1474.22575,4949.24427,3797.76894,100.0546,145.51168,137.62411
2012-08-13,1472.2459,4943.07467,3792.93729,99.61687,144.88905,137.03172
2012-08-14,1475.37624,4953.61721,3801.02683,100.07173,145.5516,137.65833
2012-08-15,1469.4999,4936.82814,3788.12199,99.99371,145.5248,137.63219
2012-08-16,1483.59966,4984.44237,3824.63408,100.29172,145.9657,138.04833
2012-08-17,1486.38556,4993.89699,3831.88875,101.01934,147.02748,139.05252
2012-08-20,1485.60534,4993.36674,3831.46847,100.60633,146.48772,138.54155
2012-08-21,1501.46438,5047.31927,3872.86401,100.54782,146.42131,138.47864
2012-08-22,1486.64919,4998.01333,3835.01837,99.65552,145.13633,137.26291
2012-08-23,1495.65141,5028.33917,3858.28765,99.33869,144.67666,136.82818
2012-08-24,1484.78994,4992.19352,3830.54122,99.13728,144.39404,136.56048
2012-08-27,1487.7793,5002.92027,3838.77192,99.34084,144.71008,136.85937
2012-08-28,1482.19313,4984.52625,3824.63531,98.57407,143.60437,135.81284
2012-08-29,1478.00732,4971.20134,3814.38114,98.6017,143.66635,135.87039
2012-08-30,1463.96187,4924.36033,3778.44024,97.89522,142.64857,134.90784
2012-08-31,1472.50663,4953.13134,3800.51611,97.63075,142.26403,134.54417
2012-09-03,1476.94503,4969.4464,3813.01027,98.09624,142.98218,135.22249
2012-09-04,1461.69257,4918.42554,3773.86244,97.24549,141.75077,134.0579
2012-09-05,1459.70436,4913.1884,3769.83689,96.79729,141.13918,133.47925
2012-09-06,1484.74667,4997.67119,3834.65963,98.20856,143.20248,135.43057
2012-09-07,1513.99896,5096.81691,3910.57604,98.84482,144.14953,136.32075
2012-09-10,1510.70703,5086.32047,3902.48025,98.74561,144.02143,136.19813
2012-09-11,1519.27119,5115.32464,3924.72429,98.84156,144.16618,136.33469
2012-09-12,1529.42855,5149.74462,3951.13296,99.17428,144.65766,136.79947
2012-09-13,1531.28871,5156.02664,3955.94938,99.15257,144.62652,136.76991
2012-09-14,1569.91229,5286.0767,4055.72998,99.794,145.56213,137.65468
2012-09-17,1563.51102,5264.81122,4039.41409,99.46653,145.09242,137.21049
2012-09-18,1552.89662,5229.12373,4012.03258,99.40798,145.00852,137.13114
2012-09-19,1562.79384,5262.87351,4037.91587,100.02623,145.92208,137.99469
2012-09-20,1545.76561,5205.52913,3993.91866,99.74222,145.50776,137.60288
2012-09-21,1556.06263,5240.20543,4020.52389,100.12063,146.0598,138.12493
2012-09-24,1544.78145,5204.13437,3992.50268,99.96041,145.87988,137.94283
2012-09-25,1553.91437,5235.58319,4016.47272,100.18681,146.2293,138.26785
2012-09-26,1516.98994,5122.39597,3929.05629,98.73927,144.43293,136.54895
2012-09-27,1526.25044,5153.66576,3953.04131,99.17596,145.07171,137.15286
2012-09-28,1510.75542,5101.39851,3912.93972,98.14238,143.56136,135.72458
2012-10-01,1524.83451,5149.28148,3949.61246,98.74996,144.45971,136.57198
2012-10-02,1524.90358,5149.51803,3949.79373,98.52539,144.13128,136.26149
2012-10-03,1517.51792,5124.69994,3930.7546,98.30279,143.80909,135.95678
2012-10-04,1529.15233,5163.98968,3960.89067,98.26811,143.75836,135.90882
2012-10-05,1544.97562,5217.43372,4001.88329,98.86685,144.63449,136.73711
2012-10-08,1528.75999,5162.76298,3959.93241,98.51561,144.12317,136.25311
2012-10-09,1514.98573,5116.24604,3924.25307,98.18061,143.63309,135.78979
2012-10-10,1505.02756,5083.2457,3898.94122,97.49368,142.6458,134.85642
2012-10-11,1513.77318,5112.78565,3921.59882,97.74579,143.01472,135.20519
2012-10-12,1512.6913,5109.21717,3918.84441,97.49515,142.65039,134.86015
2012-10-15,1515.86678,5119.94255,3927.07094,97.93395,143.29241,135.46711
2012-10-16,1540.41257,5202.84763,3990.66035,98.85491,144.63992,136.74104
2012-10-17,1559.45759,5268.3735,4040.76287,99.32964,145.36764,137.42368
2012-10-18,1563.65057,5282.53914,4051.62769,99.81733,146.08137,138.09841
2012-10-19,1550.49342,5238.08984,4017.53574,99.44075,145.53026,137.57742
2012-10-22,1546.46214,5224.66519,4007.2166,98.88247,144.71861,136.80934
2012-10-23,1518.67773,5130.77364,3935.19815,97.90364,143.2854,135.45428
2012-10-24,1521.23666,5140.70416,3942.81466,98.03079,143.50738,135.66412
2012-10-25,1525.60931,5155.65414,3954.24459,98.38464,144.03022,136.15714
2012-10-26,1521.01909,5140.14194,3942.34716,98.30101,143.90779,136.0414
2012-10-29,1512.14396,5110.18445,3919.36926,97.92811,143.36287,135.52622
2012-10-30,1525.58728,5155.61581,3954.21382,98.24298,143.82384,135.96199
2012-10-31,1522.22741,5144.25793,3945.505,98.17791,143.72849,135.87194
2012-11-01,1531.51842,5175.66333,3969.5917,98.93749,144.84068,136.92331
2012-11-02,1530.97474,5174.08004,3968.36079,99.61073,145.83345,137.86124
2012-11-05,1520.61342,5139.06295,3941.50376,99.41645,145.54901,137.59235
2012-11-06,1527.31495,5161.68438,3958.85654,99.71029,145.97843,137.9984
2012-11-07,1513.28541,5115.70405,3923.56288,99.15454,145.2055,137.26673
2012-11-08,1503.15272,5082.67467,3898.2161,98.7073,144.58538,136.68001
2012-11-09,1498.42868,5069.06728,3887.77976,98.53645,144.40252,136.50716
2012-11-12,1493.24267,5051.84358,3874.52511,98.17997,143.88923,136.02035
2012-11-13,1495.12733,5058.22191,3879.41687,98.30389,144.0709,136.19209
2012-11-14,1483.72851,5021.92289,3851.45341,97.42029,142.84036,135.0245
2012-11-15,1479.42167,5007.46225,3840.34048,96.65532,141.72202,133.96656
2012-11-16,1467.33377,4966.75873,3809.0994,96.51824,141.52704,133.78138
2012-11-19,1503.99224,5091.35326,3904.6167,98.08424,143.8377,135.96432
2012-11-20,1503.96775,5091.47552,3904.71047,98.1784,143.9816,136.10034
2012-11-21,1507.01118,5103.1915,3913.69558,98.25045,144.12716,136.23793
2012-11-22,1523.64666,5159.54721,3956.91541,98.82619,144.97238,137.03689
2012-11-23,1537.30731,5205.87292,3992.44313,99.14668,145.44438,137.48305
2012-11-26,1535.74449,5200.61238,3988.40511,98.99623,145.22456,137.27514
2012-11-27,1537.38011,5206.16547,3992.66274,99.36224,145.76188,137.78301
2012-11-28,1534.05169,5195.38895,3984.39812,99.31224,145.70242,137.7268
2012-11-29,1554.4683,5264.79055,4037.57241,100.09897,146.86378,138.82285
2012-11-30,1555.72995,5269.06361,4040.84943,99.96839,146.6722,138.64176
2012-12-03,1562.96832,5293.64048,4059.69745,99.93025,146.61794,138.59048
2012-12-04,1565.76091,5303.44461,4067.20702,99.99405,146.72112,138.68769
2012-12-05,1566.05849,5304.83668,4068.27456,100.15464,146.9674,138.92048
2012-12-06,1569.46449,5316.40579,4077.1418,101.00238,148.21225,140.097
2012-12-07,1568.05418,5311.83471,4073.62538,101.36825,148.75491,140.60957
2012-12-10,1569.32313,5316.47666,4077.18352,101.46598,148.90794,140.75416
2012-12-11,1578.36948,5347.21789,4100.74017,101.47778,148.92789,140.77238
2012-12-12,1583.38427,5364.44419,4113.91666,101.48012,148.93791,140.78067
2012-12-13,1583.77061,5366.01595,4115.07969,101.13647,148.44083,140.30938
2012-12-14,1586.21168,5374.28657,4121.42225,101.12623,148.42579,140.29516
2012-12-17,1590.55059,5389.85666,4133.16262,100.99836,148.26203,140.13359
2012-12-18,1602.48361,5430.29462,4164.17205,101.35948,148.79217,140.63466
2012-12-19,1618.92014,5486.08448,4206.954,102.04001,149.79367,141.58126
2012-12-20,1616.95135,5479.46664,4201.87049,102.08916,149.86728,141.65054
2012-12-21,1606.33373,5444.15751,4174.64509,101.89992,149.60794,141.40037
2012-12-24,1603.24396,5434.131,4166.94961,101.54591,149.1004,140.92044
2012-12-25,1605.22339,5440.84017,4172.09427,101.67128,149.28449,141.09443
2012-12-26,1606.82554,5447.60467,4177.20825,101.56494,149.16486,140.9789
2012-12-27,1609.74701,5457.76547,4184.95847,101.74575,149.43743,141.23513
2012-12-28,1605.81713,5444.44142,4174.74173,101.50887,149.08953,140.90631
2012-12-31,1604.00454,5438.29592,4170.02942,101.67885,149.33918,141.14226
2013-01-01,1604.152,5438.79586,4170.41277,101.6882,149.3529,141.15524
2013-01-02,1631.64575,5532.14375,4241.9832,102.99746,151.27947,142.97579
2013-01-03,1628.1032,5520.50474,4232.99862,103.90395,152.62118,144.24182
2013-01-04,1633.06962,5537.37567,4245.93487,104.62437,153.68023,145.24272
2013-01-07,1631.24141,5531.21351,4241.20138,104.07641,152.87638,144.48272
2013-01-08,1624.47518,5508.3597,4223.66328,103.90648,152.62924,144.24866
2013-01-09,1631.56611,5532.44848,4242.13391,104.54407,153.56703,145.13495
2013-01-10,1647.15662,5585.67267,4282.88706,104.18118,153.04379,144.6385
2013-01-11,1655.98256,5615.63406,4305.85304,103.70343,152.34284,143.9758
2013-01-14,1653.26943,5606.48089,4298.82565,103.37473,151.86126,143.52036
2013-01-15,1656.96144,5620.04413,4309.05745,103.7453,152.43393,144.05596
2013-01-16,1647.39789,5588.19068,4284.63445,103.54602,152.15702,143.79427
2013-01-17,1655.22151,5614.72942,4304.9825,103.55878,152.17577,143.81199
2013-01-18,1654.54413,5612.43165,4303.22073,104.03431,152.87455,144.47236
2013-01-21,1657.54413,5622.72658,4311.09225,104.039,152.88466,144.48118
2013-01-22,1658.92719,5627.4182,4314.68943,104.34916,153.34044,144.91191
2013-01-23,1655.98942,5617.84774,4307.35151,104.20751,153.14305,144.72537
2013-01-24,1664.41484,5648.08281,4330.20036,104.00937,152.89661,144.48136
2013-01-25,1679.88359,5700.575,4370.44441,104.18918,153.16093,144.73114
2013-01-28,1676.6609,5689.6528,4362.07071,104.09746,153.02647,144.60407
2013-01-29,1687.50567,5726.55424,4390.3572,104.63862,153.82469,145.3582
2013-01-30,1692.54369,5743.80509,4403.55101,104.24333,153.2477,144.81193
2013-01-31,1687.33101,5726.11538,4389.989,103.88783,152.72508,144.31808
2013-02-01,1697.37988,5760.26186,4416.16777,103.57562,152.26728,143.88548
2013-02-04,1674.10643,5681.2806,4355.61593,103.19143,151.70249,143.35177
2013-02-05,1667.39086,5658.49515,4338.14696,103.0054,151.42912,143.09345
2013-02-06,1674.695,5683.75389,4357.48113,103.38403,151.99835,143.63033
2013-02-07,1661.0969,5637.69452,4322.16946,103.68187,152.43872,144.04645
2013-02-08,1672.67446,5677.40364,4352.51715,104.47474,153.61568,145.15543
2013-02-11,1662.49843,5642.86409,4326.03779,103.85079,152.69824,144.28853
2013-02-12,1680.86496,5705.24517,4373.86154,104.33135,153.40594,144.95725
2013-02-13,1679.73765,5704.87832,4373.48871,104.47864,153.71574,145.24694
2013-02-14,1672.63152,5680.8479,4355.06645,104.77745,154.15819,145.66502
2013-02-15,1663.45665,5649.68681,4331.17765,104.13247,153.20924,144.76834
2013-02-18,1668.53047,5668.63039,4345.6953,104.44618,153.7172,145.24815
2013-02-19,1684.05553,5721.82766,4386.47152,105.37461,155.09586,146.55066
2013-02-20,1684.98907,5726.5871,4390.12021,105.32656,155.06814,146.52447
2013-02-21,1650.25964,5608.80288,4299.79364,104.30639,153.57294,145.11061
2013-02-22,1659.77819,5641.25822,4324.6744,105.39024,155.17159,146.62117
2013-02-25,1668.34178,5670.90653,4347.40325,105.51313,155.36739,146.80618
2013-02-26,1641.42486,5582.93956,4279.14509,104.93442,154.61292,146.06525
2013-02-27,1651.11135,5616.29955,4304.71446,105.2638,155.10965,146.53451
2013-02-28,1667.80143,5673.23594,4348.34836,106.61657,157.10756,148.42177
2013-03-01,1654.33618,5627.68343,4313.42421,106.48477,156.92035,148.24457
2013-03-04,1654.93418,5631.20682,4316.12206,106.31446,156.71082,148.04654
2013-03-05,1677.20456,5707.2103,4374.37606,107.60452,158.61865,149.84888
2013-03-06,1679.51344,5716.80937,4381.69711,107.9723,159.20931,150.40565
2013-03-07,1682.66701,5730.31908,4391.32026,107.49287,158.57918,149.78541
2013-03-08,1683.19668,5732.4748,4392.92001,108.3633,159.8731,151.00578
2013-03-11,1693.34501,5767.04548,4419.41181,108.74022,160.42941,151.53122
2013-03-12,1693.58325,5767.90184,4420.06095,108.70122,160.37314,151.47783
2013-03-13,1683.61289,5736.355,4395.87509,108.65794,160.37665,151.48076
2013-03-14,1699.42968,5790.2928,4437.20706,109.4168,161.49802,152.53989
2013-03-15,1713.65964,5839.40541,4474.70792,109.611,161.80207,152.82246
2013-03-18,1688.94842,5756.55485,4411.0332,108.93079,160.83582,151.9034
2013-03-19,1683.63578,5738.47942,4397.18268,109.19064,161.22039,152.26661
2013-03-20,1689.37066,5760.44075,4413.9921,109.02533,161.04382,152.0992
2013-03-21,1686.38517,5752.09145,4407.1817,109.03895,161.11521,152.15238
2013-03-22,1686.71803,5753.71676,4408.3235,108.4605,160.27414,151.35455
2013-03-25,1679.36873,5728.87182,4389.27562,108.94772,161.00044,152.03999
2013-03-26,1677.95228,5724.2633,4385.70112,109.05476,161.16492,152.19381
2013-03-27,1668.5238,5703.0646,4368.87085,109.10378,161.54799,152.535
2013-03-28,1674.59651,5723.90283,4384.81225,108.98922,161.38067,152.37626
2013-03-29,1674.30414,5722.90997,4384.05131,108.9702,161.35268,152.34981
2013-04-01,1666.87109,5697.51908,4364.59967,108.43576,160.56178,151.60301
2013-04-02,1677.02171,5732.44202,4391.30672,109.16832,161.6529,152.63166
2013-04-03,1675.96954,5729.81683,4389.27198,109.01916,161.45939,152.44813
2013-04-04,1659.21272,5672.99944,4345.63932,107.87877,159.78373,150.86223
2013-04-05,1660.79918,5679.02941,4350.12047,106.58882,157.88997,149.06948
2013-04-08,1667.68391,5704.76035,4369.66743,107.07179,158.66627,149.79683
2013-04-09,1676.01576,5733.31162,4391.52533,107.27297,158.96577,150.0792
2013-04-10,1702.84478,5826.32976,4462.54358,108.76109,161.20535,152.18571
2013-04-11,1724.04457,5900.44633,4518.99876,109.76699,162.73989,153.62377
2013-04-12,1715.0932,5872.11497,4497.01605,109.43886,162.31709,153.21496
2013-04-15,1701.15396,5828.11123,4462.32758,108.6614,161.26696,152.18998
2013-04-16,1690.77527,5793.05226,4435.37535,107.6201,159.73527,150.74079
2013-04-17,1674.10797,5737.01325,4392.4698,107.2782,159.25745,150.28988
2013-04-18,1667.66803,5715.04758,4375.62604,106.53877,158.16261,149.25579
2013-04-19,1671.22923,5729.38378,4386.26839,106.77036,158.56542,149.62453
2013-04-22,1674.57319,5742.01799,4395.77457,107.40272,159.53706,150.53569
2013-04-23,1699.02316,5826.42779,4460.27768,109.10065,162.0751,152.92654
2013-04-24,1715.5919,5886.34227,4505.91097,110.3299,163.98745,154.72296
2013-04-25,1728.50723,5931.97024,4540.55225,111.07074,165.12519,155.78659
2013-04-26,1729.64333,5939.43686,4545.64014,110.96458,165.06651,155.70974
2013-04-29,1741.77116,5985.5565,4580.26081,111.11995,165.42127,156.02136
2013-04-30,1753.61326,6027.96564,4612.48579,111.16264,165.53189,156.118
2013-05-01,1749.92042,6016.0372,4603.33273,110.85287,165.09163,155.70191
2013-05-02,1737.36567,5975.07134,4571.51677,111.06781,165.47254,156.04512
2013-05-03,1749.86095,6018.84909,4604.80084,111.49562,166.13212,156.65997
2013-05-06,1743.71866,5999.98275,4590.00517,111.61482,166.37242,156.87421
2013-05-07,1759.69173,6056.04482,4632.73747,112.39192,167.5612,157.98982
2013-05-08,1780.5076,6131.8436,4690.32662,112.95745,168.51866,158.8792
2013-05-09,1767.31911,6090.80345,4658.17226,112.79288,168.39422,158.73591
2013-05-10,1758.89305,6062.82086,4636.65552,113.31952,169.20995,159.50086
2013-05-13,1764.16797,6083.25575,4652.23248,113.56744,169.64296,159.90727
2013-05-14,1765.76732,6090.72352,4657.57639,113.70543,169.90357,160.1403
2013-05-15,1769.99586,6108.66603,4670.91735,115.0101,171.94755,162.05365
2013-05-16,1772.8068,6119.82113,4679.00327,114.70226,171.52806,161.64297
2013-05-17,1763.95196,6090.95283,4656.87407,114.95701,171.95699,162.04518
2013-05-20,1781.14282,6153.1813,4703.98239,115.78391,173.27466,163.27063
2013-05-21,1781.83733,6156.61526,4706.38286,115.68509,173.15587,163.15091
2013-05-22,1780.47596,6153.8866,4704.26414,115.56079,173.02536,163.0268
2013-05-23,1734.34987,5994.6055,4582.48701,112.34452,168.21382,158.49273
2013-05-24,1733.46473,5993.09034,4581.12131,112.03969,167.80064,158.09627
2013-05-27,1724.3232,5961.6628,4557.05942,111.37563,166.81105,157.16257
2013-05-28,1731.76741,5987.6905,4576.9078,112.583,168.62753,158.87236
2013-05-29,1727.02204,5972.09077,4564.88968,111.30908,166.742,157.09267
2013-05-30,1723.19388,5960.98601,4556.21457,110.31794,165.31641,155.74319
2013-05-31,1702.24846,5888.98516,4501.10639,109.77165,164.51048,154.98134
2013-06-03,1693.1159,5857.70731,4477.12843,108.60033,162.76388,153.33346
2013-06-04,1707.71974,5908.35509,4515.83421,109.1851,163.64369,154.16213
2013-06-05,1678.04126,5807.6625,4438.73075,107.1687,160.67657,151.36206
2013-06-06,1669.61296,5779.02777,4416.72558,105.75358,158.56961,149.37318
2013-06-07,1682.78036,5824.76716,4451.67801,106.37799,159.51032,150.25918
2013-06-10,1691.00893,5853.40812,4473.56736,107.10881,160.61052,151.29556
2013-06-11,1689.42216,5847.92293,4469.37379,106.36341,159.49298,150.24279
2013-06-12,1693.3758,5864.67762,4482.1029,106.11669,159.20635,149.97024
2013-06-13,1676.6486,5806.74622,4437.8286,105.36078,158.07225,148.90194
2013-06-14,1689.43083,5851.01499,4471.66118,105.8417,158.79378,149.58161
2013-06-17,1707.90403,5914.99333,4520.55687,106.93891,160.43992,151.13225
2013-06-18,1706.86983,5911.41177,4517.81964,106.51505,159.80401,150.53323
2013-06-19,1716.17856,5944.19938,4542.87771,107.00407,160.55249,151.23829
2013-06-20,1636.92524,5669.95578,4333.21123,103.8366,155.80707,146.76564
2013-06-21,1625.8467,5631.58212,4303.88451,103.4361,155.20613,146.19957
2013-06-24,1598.66185,5539.80291,4233.27256,102.03283,153.1664,144.26217
2013-06-25,1607.83059,5571.58075,4257.5545,102.77499,154.28065,145.31159
2013-06-26,1622.63075,5624.39029,4297.84694,104.29538,156.60539,147.49905
2013-06-27,1637.32497,5675.32364,4336.76738,105.23581,158.0175,148.82905
2013-06-28,1638.9413,5681.14043,4341.18911,105.37616,158.23421,149.03237
2013-07-01,1655.99679,5740.52526,4386.52495,106.17054,159.43441,150.16131
2013-07-02,1658.92804,5750.91906,4394.41387,106.36663,159.73533,150.44291
2013-07-03,1645.23468,5703.918,4358.45445,105.99689,159.19317,149.93075
2013-07-04,1665.87068,5775.57939,4413.18507,107.81261,161.92343,152.50122
2013-07-05,1648.00734,5713.64713,4365.86193,107.31302,161.1731,151.79455
2013-07-08,1658.52536,5750.17848,4393.76346,107.74607,161.82534,152.4084
2013-07-09,1670.90462,5793.09791,4426.55859,109.21673,164.03415,154.48868
2013-07-10,1683.24378,5836.26182,4459.48305,109.41143,164.33737,154.77226
2013-07-11,1713.34999,5940.64819,4539.24459,109.80128,164.92293,155.32374
2013-07-12,1711.14169,5932.99144,4533.39408,109.55475,164.55264,154.975
2013-07-15,1714.19936,5943.5932,4541.49487,109.80099,164.92249,155.32332
2013-07-16,1721.85277,5970.18224,4561.8031,109.53566,164.5254,154.94906
2013-07-17,1722.93327,5974.19241,4564.86726,109.97271,165.18917,155.57419
2013-07-18,1731.42484,6003.63654,4587.36545,110.5316,166.02867,156.36483
2013-07-19,1733.46726,6010.71855,4592.7768,110.25773,165.61729,155.97739
2013-07-22,1746.79968,6056.98742,4628.12654,110.65099,166.20908,156.5346
2013-07-23,1748.17849,6061.81761,4631.81728,110.52889,166.02703,156.36314
2013-07-24,1753.91392,6081.73222,4646.98283,110.74072,166.34595,156.66178
2013-07-25,1744.09521,6047.76735,4621.0288,110.12909,165.42945,155.79857
2013-07-26,1738.75905,6029.26386,4606.8905,109.55211,164.56274,154.98232
2013-07-29,1725.62889,5983.81595,4572.15911,108.81507,163.45784,153.94156
2013-07-30,1729.83925,5998.51567,4583.38081,109.10115,163.8903,154.34851
2013-07-31,1724.75448,5981.35865,4570.27138,108.55516,163.08309,153.58829
2013-08-01,1741.75289,6040.42417,4615.40237,109.99781,165.25356,155.63239
2013-08-02,1763.26797,6115.10733,4672.45575,110.94159,166.67329,156.9691
2013-08-05,1757.48599,6095.43451,4657.42406,110.93692,166.67666,156.97227
2013-08-06,1766.07024,6125.20698,4680.17273,110.89666,166.61617,156.9153
2013-08-07,1752.14655,6080.19869,4645.73602,109.94387,165.27389,155.64962
2013-08-08,1763.82783,6120.95551,4676.85595,110.127,165.55516,155.91379
2013-08-09,1768.14197,6136.31732,4688.50396,110.67749,166.39331,156.70013
2013-08-12,1762.24511,6116.02751,4673.00136,110.78965,166.56671,156.86343
2013-08-13,1765.23547,6126.46297,4680.96286,111.45555,167.56942,157.80733
2013-08-14,1776.69579,6170.77592,4714.63034,111.92547,168.39978,158.58293
2013-08-15,1756.61959,6101.42445,4661.61983,110.78601,166.69566,156.97734
2013-08-16,1765.47489,6132.22394,4685.15087,110.66388,166.51303,156.80534
2013-08-19,1759.83774,6114.49758,4671.60755,110.16593,165.81406,156.14711
2013-08-20,1748.05981,6074.25759,4640.83685,108.80922,163.79042,154.24057
2013-08-21,1732.71153,6023.19184,4601.82175,108.25296,163.01444,153.50984
2013-08-22,1735.38247,6032.54679,4608.96818,108.67981,163.65913,154.1169
2013-08-23,1754.5271,6099.39627,4660.03006,109.39919,164.7505,155.14423
2013-08-26,1751.41056,6089.27963,4652.3008,109.44165,164.83388,155.22275
2013-08-27,1734.11554,6029.56764,4606.65159,108.2072,162.98596,153.48164
2013-08-28,1714.90894,5963.64602,4556.25318,107.43386,161.84447,152.40559
2013-08-29,1711.88534,5953.34653,4548.36896,108.18515,162.98214,153.47639
2013-08-30,1697.34294,5902.8837,4509.81526,107.57931,162.07247,152.61978
2013-09-02,1720.73467,5985.89454,4573.22401,109.04123,164.32051,154.7363
2013-09-03,1724.02581,5997.67244,4582.18429,109.51135,165.03801,155.41067
2013-09-04,1733.43038,6031.39483,4607.93028,109.77083,165.45664,155.80428
2013-09-05,1733.05374,6030.65424,4607.3639,110.40367,166.42624,156.71729
2013-09-06,1744.09681,6069.13006,4636.75907,110.77785,166.99162,157.24969
2013-09-09,1758.15443,6118.69271,4674.62418,110.87025,167.14853,157.39743
2013-09-10,1778.49088,6189.56236,4728.76793,112.03856,168.91246,159.05846
2013-09-11,1788.95465,6226.32533,4756.8545,112.4012,169.46862,159.58218
2013-09-12,1790.2986,6231.17048,4760.55264,112.42647,169.51129,159.62224
2013-09-13,1786.50351,6218.04428,4750.51758,112.60274,169.77931,159.8744
2013-09-16,1808.12019,6293.66773,4808.21329,113.17146,170.64726,160.68905
2013-09-17,1798.85037,6261.40182,4783.56289,112.62078,169.81692,159.90716
2013-09-18,1809.85891,6299.92609,4812.98274,113.31848,170.87454,160.90267
2013-09-19,1844.39164,6420.14775,4904.82902,113.82208,171.63438,161.61816
2013-09-20,1836.59381,6393.00423,4884.09206,113.61772,171.32622,161.32798
2013-09-23,1832.66031,6380.30138,4874.23764,113.51723,171.20123,161.20534
2013-09-24,1831.19753,6376.06845,4870.80686,113.42662,171.08765,161.09187
2013-09-25,1832.00405,6379.35485,4873.31086,113.35056,170.98574,160.9957
2013-09-26,1832.07918,6388.8698,4880.07007,113.57804,171.57738,161.53591
2013-09-27,1835.84991,6402.07112,4890.14385,113.30332,171.16376,161.14618
2013-09-30,1818.23188,6340.6326,4843.21478,112.25743,169.58378,159.65866
2013-10-01,1826.24318,6368.61199,4864.58226,112.84375,170.47063,160.49347
2013-10-02,1821.42898,6352.0239,4851.91149,112.008,169.21342,159.30983
2013-10-03,1820.62973,6349.23661,4849.78246,111.68765,168.72946,158.8542
2013-10-04,1816.69624,6335.61794,4839.36112,111.67587,168.7143,158.83931
2013-10-07,1805.04915,6294.99944,4808.33532,111.15613,167.9291,158.10006
2013-10-08,1799.59794,6275.98866,4793.81424,110.61667,167.11411,157.33278
2013-10-09,1790.26785,6244.24391,4769.56652,110.69449,167.25292,157.46346
2013-10-10,1810.81688,6315.92809,4824.31966,111.91538,169.09793,159.20043
2013-10-11,1827.92794,6375.64752,4869.92774,112.63972,170.19338,160.2315
2013-10-14,1832.76533,6392.51991,4882.81542,112.74245,170.34861,160.37765
2013-10-15,1836.01979,6403.87386,4891.48779,113.63268,171.69377,161.64407
2013-10-16,1836.93403,6407.10185,4893.95157,113.79038,171.9331,161.86933
2013-10-17,1863.81136,6500.84817,4965.55804,113.99776,172.24645,162.16434
2013-10-18,1878.47418,6551.99121,5004.62274,114.63034,173.20225,163.06419
2013-10-21,1882.40252,6565.83329,5015.17433,115.03805,173.822,163.64697
2013-10-22,1899.35376,6625.04423,5060.39907,115.2481,174.14162,163.9478
2013-10-23,1887.56724,6585.5242,5030.20584,114.45813,172.98978,162.86318
2013-10-24,1896.54528,6616.85028,5054.13343,114.82758,173.54823,163.38893
2013-10-25,1886.28789,6581.13703,5026.85466,114.2852,172.73042,162.61899
2013-10-28,1890.60165,6596.20191,5038.36147,114.61718,173.23256,163.09173
2013-10-29,1888.37681,6588.50054,5032.47285,114.61533,173.23136,163.09041
2013-10-30,1893.68252,6607.06632,5046.65389,114.92484,173.70059,163.53216
2013-10-31,1878.39299,6553.94057,5006.06304,115.47274,174.53454,164.3169
2013-11-01,1858.53311,6484.65105,4953.13776,115.1625,174.06572,163.87552
2013-11-04,1865.75157,6510.00108,4972.47444,115.41297,174.4487,164.23521
2013-11-05,1860.85213,6493.06456,4959.53061,115.41744,174.45972,164.24534
2013-11-06,1873.70133,6540.59988,4995.63343,115.75907,175.0484,164.79277
2013-11-07,1854.72029,6476.62262,4946.76835,115.82796,175.21426,164.94892
2013-11-08,1844.62212,6443.30225,4921.29139,115.48209,174.74373,164.50505
2013-11-11,1855.50881,6481.64769,4950.53936,115.66113,175.02324,164.76686
2013-11-12,1855.44056,6481.55555,4950.43894,115.39867,174.63001,164.39567
2013-11-13,1842.63574,6439.71309,4918.29186,114.88441,173.9298,163.73021
2013-11-14,1862.30224,6508.44433,4970.78492,115.6447,175.08085,164.81376
2013-11-15,1874.47703,6551.74502,5003.68332,116.26251,176.03638,165.70755
2013-11-18,1888.7196,6602.03711,5042.04829,116.70849,176.72533,166.35462
2013-11-19,1877.37926,6562.4931,5011.84809,116.00774,175.6668,165.35821
2013-11-20,1871.98453,6545.37986,4998.75194,116.20278,176.00905,165.67949
2013-11-21,1866.2827,6525.56198,4983.61689,115.86605,175.5022,165.20239
2013-11-22,1873.54292,6550.94772,5003.00415,115.77496,175.36423,165.07252
2013-11-25,1879.199,6570.72454,5018.10785,116.27924,176.12806,165.79152
2013-11-26,1874.73117,6555.22245,5006.2688,115.54084,175.01281,164.74172
2013-11-27,1877.30556,6564.34067,5013.22602,115.58018,175.0755,164.80052
2013-11-28,1888.50901,6603.79217,5043.29199,116.0562,175.80392,165.48412
2013-11-29,1888.91441,6605.24354,5044.4004,115.9447,175.63592,165.32598
2013-12-02,1875.63554,6559.11976,5009.17583,115.63069,175.16853,164.88602
2013-12-03,1862.70824,6514.28434,4974.89332,114.57174,173.57424,163.38394
2013-12-04,1842.54237,6444.65597,4921.71601,113.59053,172.11165,162.00712
2013-12-05,1836.92635,6425.02344,4906.72082,112.41508,170.33089,160.33085
2013-12-06,1847.54254,6462.71013,4935.39882,112.83754,170.98567,160.94383
2013-12-09,1856.67531,6494.68877,4959.81637,113.1019,171.38712,161.32158
2013-12-10,1853.82269,6484.8396,4952.27291,112.50172,170.48105,160.46801
2013-12-11,1845.33489,6455.26122,4929.68481,111.83234,169.46964,159.51601
2013-12-12,1822.54158,6375.62253,4868.84525,110.74814,167.82918,157.97119
2013-12-13,1818.48488,6361.44925,4858.01886,110.68673,167.73659,157.88395
2013-12-16,1830.96343,6406.06891,4891.8718,111.25585,168.62451,158.71252
2013-12-17,1823.0948,6378.53863,4870.84884,110.96733,168.1872,158.30092
2013-12-18,1840.48921,6439.46743,4917.37566,111.7656,169.39896,159.44144
2013-12-19,1855.13833,6491.00405,4956.71997,113.42993,171.929,161.82241
2013-12-20,1864.94322,6525.34797,4982.94002,114.01276,172.81339,162.65462
2013-12-23,1879.33269,6576.81329,5022.05499,114.59069,173.71889,163.50086
2013-12-24,1878.02574,6572.23956,5018.56249,114.84195,174.09981,163.85937
2013-12-25,1878.24094,6572.99268,5019.13757,114.85511,174.11976,163.87815
2013-12-26,1885.13705,6598.34797,5038.35596,115.06213,174.46591,164.19928
2013-12-27,1907.99634,6678.39756,5099.4801,115.7389,175.49306,165.16599
2013-12-30,1913.50398,6697.67549,5114.20031,115.76211,175.52826,165.19911
2013-12-31,1915.60341,6705.11279,5119.87927,116.18348,176.16951,165.80263
2014-01-01,1915.67529,6705.36438,5120.07138,116.18784,176.17612,165.80885
2014-01-02,1894.73722,6632.12978,5064.14234,115.93597,175.79565,165.45048
2014-01-03,1898.60134,6645.65532,5074.47014,116.55642,176.73645,166.33592
2014-01-06,1893.1863,6626.7011,5059.99713,115.97693,175.85776,165.50894
2014-01-07,1895.14195,6633.54644,5065.22408,116.4039,176.50518,166.11826
2014-01-08,1903.05563,6661.39461,5086.47312,116.94155,177.32436,166.88873
2014-01-09,1892.69083,6625.114,5058.77016,116.43305,176.5533,166.16305
2014-01-10,1910.50769,6687.52771,5106.41738,116.78551,177.08903,166.66692
2014-01-13,1915.64041,6705.49426,5120.13616,117.25793,177.80538,167.34111
2014-01-14,1907.22767,6676.04634,5097.65051,116.45299,176.5848,166.19236
2014-01-15,1916.29526,6708.50227,5122.433,117.80709,178.65717,168.14277
2014-01-16,1916.40198,6708.87589,5122.71828,117.75301,178.57516,168.06559
2014-01-17,1919.90144,6721.12668,5132.07266,118.35089,179.48187,168.91893
2014-01-20,1918.18992,6715.18927,5127.52866,118.19308,179.24399,168.69471
2014-01-21,1918.62391,6716.78708,5128.7308,118.38566,179.53814,168.97096
2014-01-22,1923.40782,6733.9878,5141.86474,118.50586,179.73251,169.15389
2014-01-23,1916.35737,6709.33226,5123.03635,117.07031,177.55603,167.10545
2014-01-24,1881.51085,6587.33159,5029.88045,114.89954,174.26371,164.00691
2014-01-27,1858.22971,6505.82232,4967.64252,113.5774,172.25848,162.1197
2014-01-28,1860.91467,6515.23617,4974.83064,113.82059,172.62767,162.46716
2014-01-29,1864.6936,6530.26158,4985.96127,114.21472,173.27307,163.06337
2014-01-30,1847.17751,6469.02405,4939.18141,113.81751,172.67327,162.49812
2014-01-31,1837.63873,6435.69602,4913.72255,113.88468,172.77726,162.59557
2014-02-03,1820.39378,6375.30358,4867.61204,112.54056,170.73811,160.67659
2014-02-04,1796.85685,6292.87357,4804.67585,111.15123,168.63033,158.69302
2014-02-05,1807.91895,6332.15994,4834.63589,111.65371,169.40723,159.42296
2014-02-06,1832.15432,6417.04332,4899.44477,112.59299,170.83236,160.7641
2014-02-07,1851.34819,6484.64158,4950.97105,113.61379,172.39109,162.22816
2014-02-10,1861.55444,6520.40481,4978.27599,113.99738,172.9735,162.77624
2014-02-11,1882.73771,6594.90705,5035.15784,115.05012,174.57893,164.28702
2014-02-12,1890.26363,6623.68811,5057.0321,116.25806,176.47633,166.06929
2014-02-13,1889.48134,6620.94687,5054.93922,115.55092,175.40291,165.05917
2014-02-14,1896.45746,6645.49221,5073.6778,115.80806,175.79589,165.42894
2014-02-17,1905.90992,6680.04734,5100.05884,116.24513,176.49721,166.08887
2014-02-18,1920.56559,6731.49145,5139.33227,116.72586,177.22914,166.77754
2014-02-19,1921.95184,6739.50805,5145.45275,116.78888,177.40795,166.9458
2014-02-20,1908.55492,6692.57035,5109.61229,116.32157,176.69913,166.27863
2014-02-21,1924.83955,6749.81547,5153.31752,117.03669,177.78915,167.30438
2014-02-24,1931.43685,6774.32083,5171.99851,117.5961,178.67511,168.13716
2014-02-25,1938.46763,6799.43388,5191.09257,117.96402,179.24607,168.67188
2014-02-26,1925.86292,6756.17602,5158.02531,117.76721,178.97232,168.41292
2014-02-27,1923.34335,6751.00949,5153.20321,117.48849,178.64592,168.07716
2014-02-28,1935.88385,6795.15804,5186.88708,117.14147,178.1217,167.58343
2014-03-03,1898.87369,6666.59581,5088.75026,115.21897,175.23382,164.86633
2014-03-04,1922.68924,6750.30218,5152.64506,116.92721,177.83432,167.31298
2014-03-05,1925.66387,6762.98472,5162.28913,117.13368,178.20734,167.66273
2014-03-06,1940.22505,6817.41304,5202.98957,117.1624,178.33707,167.75752
2014-03-07,1927.44978,6772.92243,5168.96975,116.20623,176.89205,166.39614
2014-03-10,1916.72956,6735.36281,5140.30495,115.4142,175.68929,165.26474
2014-03-11,1917.99159,6739.79755,5143.68945,115.59846,175.96978,165.52859
2014-03-12,1898.20294,6674.92523,5094.16309,114.08903,173.7935,163.48089
2014-03-13,1889.4279,6644.16827,5070.69002,113.37815,172.71321,162.46471
2014-03-14,1867.14179,6565.82907,5010.90318,112.06096,170.70745,160.57797
2014-03-17,1878.40427,6606.22602,5041.66278,112.72071,171.73308,161.54048
2014-03-18,1890.79705,6649.82396,5074.93379,113.57856,173.04038,162.77014
2014-03-19,1888.12262,6641.19496,5068.29132,113.44645,172.85933,162.598
2014-03-20,1864.01231,6557.15795,5003.99108,113.02161,172.23216,162.00266
2014-03-21,1868.31494,6574.26738,5016.61716,113.29071,172.69409,162.42321
2014-03-24,1861.84128,6552.75023,4999.97552,112.88997,172.11638,161.87266
2014-03-25,1877.70727,6608.61613,5042.59827,113.90157,173.65937,163.32366
2014-03-26,1892.9937,6663.79973,5084.56913,114.7622,175.00785,164.58747
2014-03-27,1892.85749,6676.00825,5092.30431,115.13814,175.91547,165.38974
2014-03-28,1904.12827,6715.75968,5122.62578,115.71423,176.79566,166.21726
2014-03-31,1915.69239,6756.7174,5153.82809,116.16358,177.48672,166.8657
2014-04-01,1923.4427,6784.30003,5174.81646,116.53208,178.05624,167.39949
2014-04-02,1926.03134,6794.29391,5182.43917,116.91351,178.66175,167.96875
2014-04-03,1924.31734,6789.44952,5178.48833,117.24804,179.20469,168.47088
2014-04-04,1932.01163,6818.35101,5200.46367,117.91458,180.26981,169.46997
2014-04-07,1914.92728,6758.66382,5154.81777,116.45941,178.06108,167.38962
2014-04-08,1914.95011,6758.84228,5154.93795,116.01756,177.38809,166.75644
2014-04-09,1918.07638,6771.34474,5164.23245,115.95479,177.33057,166.69458
2014-04-10,1919.79746,6778.96982,5169.73661,115.58644,176.80765,166.19303
2014-04-11,1896.20807,6696.24126,5106.54327,114.11274,174.5682,164.0847
2014-04-14,1892.48407,6688.33994,5099.16326,114.48217,175.27091,164.70146
2014-04-15,1882.24053,6653.00256,5072.22219,113.79249,174.23768,163.73054
2014-04-16,1904.98338,6734.06458,5134.02348,115.31341,176.58418,165.93553
2014-04-17,1914.10412,6767.08315,5159.05576,115.62265,177.07806,166.39509
2014-04-18,1916.29135,6774.81583,5164.95096,115.75477,177.28041,166.58523
2014-04-21,1912.14059,6760.14134,5153.7635,115.76762,177.30008,166.60371
2014-04-22,1926.99939,6813.86517,5194.61431,116.73064,178.80626,168.01557
2014-04-23,1926.3083,6813.54443,5194.35791,116.41034,178.37119,167.60638
2014-04-24,1927.38266,6817.93997,5197.62031,116.55954,178.61542,167.833
2014-04-25,1920.47151,6795.45706,5180.1224,115.99051,177.79484,167.0504
2014-04-28,1918.51103,6789.48265,5175.4732,115.81352,177.54871,166.81609
2014-04-29,1930.97667,6834.74278,5209.80789,116.7938,179.08154,168.25089
2014-04-30,1936.6659,6860.03014,5228.33203,116.73239,179.12186,168.2646
2014-05-01,1943.57923,6884.51845,5246.99565,117.1491,179.76128,168.86526
2014-05-02,1941.2313,6880.71671,5243.23491,117.00757,179.66201,168.74423
2014-05-05,1939.0449,6876.98432,5239.77491,116.76631,179.39635,168.47491
2014-05-06,1944.72431,6897.40493,5255.28705,116.65024,179.22525,168.31272
2014-05-07,1931.81218,6855.60723,5222.99277,115.96312,178.27351,167.40458
2014-05-08,1944.74078,6904.33927,5259.41391,117.24025,180.31133,169.29544
2014-05-09,1931.83524,6860.45189,5225.83297,117.36385,180.55224,169.51679
2014-05-12,1937.34702,6885.24044,5243.90605,117.70726,181.21779,170.11541
2014-05-13,1944.88623,6913.22797,5265.1537,118.58776,182.6049,171.41532
2014-05-14,1948.12577,6932.71271,5279.50162,118.75063,183.06614,171.83229
2014-05-15,1937.71856,6896.93736,5252.02734,118.06458,182.04178,170.86331
2014-05-16,1933.29874,6884.40093,5242.03128,117.89842,181.87,170.68744
2014-05-19,1928.63491,6870.70475,5231.16325,117.48542,181.30973,170.14733
2014-05-20,1924.1033,6856.66676,5220.07699,117.41477,181.25636,170.08427
2014-05-21,1925.90289,6865.25023,5226.5141,117.7912,181.89499,170.68035
2014-05-22,1934.60337,6897.08622,5250.5851,118.39265,182.84553,171.56687
2014-05-23,1938.56192,6912.31728,5261.98255,118.85248,183.58539,172.25463
2014-05-26,1952.65351,6963.14575,5300.58425,119.54104,184.66442,173.26407
2014-05-27,1950.81759,6957.2987,5295.97532,119.75322,185.01079,173.58388
2014-05-28,1950.03443,6955.94852,5294.72382,119.8548,185.20615,173.75983
2014-05-29,1955.68103,6976.84149,5310.51671,120.04295,185.51685,174.04772
2014-05-30,1956.61153,6980.5089,5313.24332,119.83602,185.20629,173.75423
2014-06-02,1960.04816,6994.62419,5323.56493,120.38174,186.09905,174.57794
2014-06-03,1956.48888,6982.18094,5314.0363,120.04845,185.59068,174.09913
2014-06-04,1956.66359,6984.10161,5315.48284,120.05036,185.6281,174.13374
2014-06-05,1961.56691,7001.96694,5329.0765,120.40866,186.19179,174.66241
2014-06-06,1973.22254,7044.26381,5361.17143,120.91099,186.9869,175.40514
2014-06-09,1974.14612,7047.66396,5363.75918,121.37694,187.71025,176.08368
2014-06-10,1973.01741,7044.00699,5360.94458,121.73294,188.27075,176.60843
2014-06-11,1969.73763,7034.66579,5353.72552,121.64283,188.19475,176.53351
2014-06-12,1971.83493,7042.22376,5359.46391,121.60611,188.13975,176.48147
2014-06-13,1967.37771,7026.41925,5347.43593,121.53751,188.03666,176.38477
2014-06-16,1963.71777,7013.40094,5337.52032,120.93596,187.10738,175.51282
2014-06-17,1962.85885,7010.46436,5335.28544,121.11958,187.39498,175.78259
2014-06-18,1967.25977,7027.65112,5348.1261,121.1407,187.46684,175.84213
2014-06-19,1992.68981,7118.5538,5417.28845,122.16656,189.05593,177.33217
2014-06-20,1983.80779,7086.87581,5393.17296,122.12821,188.99795,177.27752
2014-06-23,1979.99924,7074.06714,5383.30491,121.74129,188.42041,176.73183
2014-06-24,1976.09486,7060.11769,5372.68949,121.46548,187.99354,176.33144
2014-06-25,1963.73929,7017.51508,5340.17874,120.37843,186.35202,174.78879
2014-06-26,1963.26705,7017.96808,5340.18185,120.73915,186.96746,175.35482
2014-06-27,1966.19954,7028.71483,5348.31412,120.4674,186.55365,174.96523
2014-06-30,1972.12005,7049.96302,5364.47282,120.38006,186.42061,174.84015
2014-07-01,1986.0388,7100.11369,5402.56167,121.33602,187.91143,176.23601
2014-07-02,1990.22875,7115.4642,5414.24205,121.81462,188.66248,176.9404
2014-07-03,1995.48956,7134.60967,5428.74788,122.53596,189.78863,177.99454
2014-07-04,1993.2023,7126.43187,5422.52536,122.58465,189.86405,178.06528
2014-07-07,1981.35474,7084.14686,5390.33641,121.79327,188.64031,176.91712
2014-07-08,1964.54586,7024.04831,5344.60735,120.60037,186.79268,175.18431
2014-07-09,1963.23053,7019.5904,5341.21531,120.28549,186.31147,174.733
2014-07-10,1943.92981,6950.91932,5288.9092,119.44885,185.02462,173.52434
2014-07-11,1945.31081,6955.85737,5292.66653,119.55129,185.18329,173.67316
2014-07-14,1962.20986,7016.28338,5338.64428,120.34205,186.40818,174.82191
2014-07-15,1954.00157,6986.93296,5316.31174,120.34645,186.41499,174.8283
2014-07-16,1968.83568,7040.38466,5356.96958,121.56467,188.31295,176.60786
2014-07-17,1954.85569,6990.39349,5318.9317,120.85774,187.21787,175.58084
2014-07-18,1951.72143,6979.18565,5310.40375,120.73989,187.0353,175.40962
2014-07-21,1946.78613,6961.53744,5296.97538,120.33659,186.41056,174.82371
2014-07-22,1961.81716,7015.34481,5337.91695,121.74294,188.59064,176.86829
2014-07-23,1964.86078,7026.77437,5346.61361,121.96804,188.95402,177.20908
2014-07-24,1969.27802,7042.60664,5358.65757,122.19232,189.30243,177.53574
2014-07-25,1960.00389,7009.44015,5333.42148,121.94279,188.91586,177.1732
2014-07-28,1959.78689,7008.66411,5332.831,121.87032,188.80359,177.06791
2014-07-29,1960.94927,7012.97538,5336.08973,122.20175,189.3212,177.55263
2014-07-30,1949.32262,6971.47402,5304.5098,121.7723,188.65803,176.93061
2014-07-31,1932.6563,6911.9444,5259.21402,120.71764,187.02611,175.40011
2014-08-01,1918.14189,6860.20674,5219.84262,119.37387,184.94885,173.45183
2014-08-04,1912.20651,6839.3078,5203.94089,119.08874,184.51595,173.04584
2014-08-05,1905.07651,6813.80621,5184.53705,119.08841,184.51544,173.04536
2014-08-06,1890.97426,6766.97153,5148.8491,118.32191,183.42553,172.02146
2014-08-07,1883.08155,6738.73153,5127.36133,117.87217,182.72846,171.36772
2014-08-08,1870.1642,6692.6186,5092.25182,116.51383,180.62576,169.39498
2014-08-11,1891.55257,6769.17197,5150.49942,118.08403,183.0603,171.67814
2014-08-12,1889.77168,6763.01322,5145.79866,118.23781,183.30451,171.90668
2014-08-13,1897.80965,6797.17139,5171.68122,118.53662,183.91366,172.47436
2014-08-14,1904.95639,6822.95207,5191.26468,118.983,184.61122,173.12747
2014-08-15,1900.52232,6807.10658,5179.20877,118.68388,184.14807,172.69314
2014-08-18,1913.59127,6854.18016,5215.0225,119.67438,185.69209,174.14103
2014-08-19,1919.99017,6879.06923,5233.95942,120.47574,186.98905,175.35731
2014-08-20,1915.16892,6864.49201,5222.83109,120.45811,187.03515,175.3993
2014-08-21,1924.39802,6897.88944,5248.1945,121.06137,187.98049,176.28425
2014-08-22,1913.58307,6859.20514,5218.75264,120.86776,187.68208,176.0041
2014-08-25,1925.98539,6903.9697,5252.81128,121.95529,189.37926,177.59567
2014-08-26,1933.40377,6930.77026,5273.17204,122.37867,190.04242,178.21654
2014-08-27,1936.08044,6942.09341,5281.72968,122.55273,190.36011,178.51252
2014-08-28,1922.92509,6895.05641,5245.94268,121.97406,189.46493,177.67306
2014-08-29,1924.62004,6901.90916,5251.12404,122.11401,189.70362,177.8958
2014-09-01,1924.00248,6900.18902,5249.795,122.40007,190.16163,178.32461
2014-09-02,1923.36311,6898.29084,5248.34588,122.49459,190.31939,178.47238
2014-09-03,1937.30351,6950.75446,5288.26117,123.24155,191.54787,179.62439
2014-09-04,1932.5927,6934.05425,5275.55373,124.56321,193.60768,181.55593
2014-09-05,1925.57551,6909.05969,5256.52988,124.18755,193.02889,181.01291
2014-09-08,1917.13205,6879.29854,5233.88708,123.73848,192.34584,180.37238
2014-09-09,1905.59936,6837.92267,5202.40597,123.31793,191.69231,179.75947
2014-09-10,1903.35631,6830.81758,5197.0003,123.1537,191.46348,179.54488
2014-09-11,1903.84892,6832.71928,5198.44715,122.95236,191.1542,179.25486
2014-09-12,1900.57185,6820.98353,5189.51839,122.76918,190.87013,178.98847
2014-09-15,1897.3017,6809.50822,5180.75378,122.55321,190.54165,178.67927
2014-09-16,1892.01332,6790.57818,5166.35158,122.17384,189.95323,178.12748
2014-09-17,1895.60533,6803.61168,5176.26597,122.24522,190.06816,178.2352
2014-09-18,1903.3656,6831.48778,5197.47443,123.10189,191.40076,179.48484
2014-09-19,1900.99875,6823.40986,5191.22218,123.72918,192.38785,180.40677
2014-09-22,1888.37119,6779.05706,5157.28916,123.07503,191.39816,179.47212
2014-09-23,1876.31138,6736.69703,5124.86587,121.90401,189.60334,177.78229
2014-09-24,1877.13414,6740.1463,5127.47018,122.57206,190.6564,178.76901
2014-09-25,1866.40938,6701.63736,5098.17506,122.36413,190.33296,178.46574
2014-09-26,1856.02978,6674.65199,5076.44814,122.17722,190.33551,178.42602
2014-09-29,1848.18573,6646.48916,5055.01999,121.75197,189.67434,177.80591
2014-09-30,1846.08269,6638.92618,5049.26792,122.13329,190.26839,178.36279
2014-10-01,1830.55197,6583.34638,5006.99285,121.46157,189.22974,177.38901
2014-10-02,1799.52307,6471.75492,4922.12148,118.85542,185.16952,173.58284
2014-10-03,1792.33617,6445.90816,4902.46361,119.7243,186.52319,174.85181
2014-10-06,1807.95452,6502.07757,4945.1835,120.21509,187.28782,175.56859
2014-10-07,1798.84913,6469.33117,4920.27808,119.04139,185.45926,173.85446
2014-10-08,1787.01223,6426.80315,4887.92843,117.72208,183.40505,171.92861
2014-10-09,1786.21178,6424.33818,4886.05369,117.42869,182.95974,171.51117
2014-10-10,1748.97005,6290.40971,4784.19228,115.76808,180.37289,169.08613
2014-10-13,1755.83897,6315.58786,4803.23364,115.72323,180.31652,169.02949
2014-10-14,1746.89685,6283.42392,4778.7718,115.25203,179.58231,168.34124
2014-10-15,1726.59228,6210.39029,4723.22708,113.09108,176.21519,165.18489
2014-10-16,1714.64262,6167.54377,4690.63856,112.12385,174.71191,163.77563
2014-10-17,1737.51258,6249.80669,4753.20246,113.73505,177.22249,166.12905
2014-10-20,1747.87905,6287.15064,4781.60388,114.29724,178.10009,166.95172
2014-10-21,1763.07849,6341.82325,4823.18436,115.75307,180.36858,169.07822
2014-10-22,1775.05763,6384.91351,4855.95593,117.11919,182.49732,171.0737
2014-10-23,1776.56661,6391.93547,4861.29022,117.38556,182.95803,171.50535
2014-10-24,1778.62195,6399.35703,4866.93256,117.33584,182.88128,171.43334
2014-10-27,1781.34529,6409.23531,4874.44488,117.11797,182.54398,171.11714
2014-10-28,1795.36574,6459.81808,4912.89572,117.71103,183.47226,171.98664
2014-10-29,1805.62927,6496.83083,4941.03775,118.25407,184.32106,172.78204
2014-10-30,1798.61161,6471.69427,4921.92386,119.0964,185.63725,174.01595
2014-10-31,1818.34549,6542.74396,4975.95422,121.29202,189.06086,177.22505
2014-11-03,1795.73915,6461.62731,4914.23544,120.21103,187.38243,175.65073
2014-11-04,1805.73371,6497.71815,4941.66662,120.04355,187.12503,175.40884
2014-11-05,1811.71243,6519.23187,4958.02831,121.24147,188.99236,177.15926
2014-11-06,1804.10287,6494.27216,4939.00997,121.23705,189.05598,177.21761
2014-11-07,1798.65284,6476.98367,4925.84569,121.08988,188.89444,177.0656
2014-11-10,1810.50316,6520.94962,4959.28042,121.59871,189.7258,177.84483
2014-11-11,1814.15601,6534.43037,4969.46173,122.01073,190.37811,178.45375
2014-11-12,1808.76002,6515.83864,4955.18491,121.15546,189.0681,177.22086
2014-11-13,1812.59578,6531.56801,4967.01237,121.43672,189.56249,177.67946
2014-11-14,1813.19018,6533.87675,4968.73861,121.42788,189.55352,177.67
2014-11-17,1805.13502,6504.99411,4946.74714,121.11164,189.06406,177.21024
2014-11-18,1826.15215,6581.11693,5004.62835,121.78846,190.13175,178.21076
2014-11-19,1820.88685,6562.24484,4990.25354,121.35015,189.45047,177.57135
2014-11-20,1815.13857,6542.92701,4975.55946,120.96707,188.89277,177.04848
2014-11-21,1831.19646,6600.95323,5019.6811,123.29073,192.52539,180.45317
2014-11-24,1832.96462,6607.58368,5024.67551,123.17658,192.35461,180.29139
2014-11-25,1842.26265,6641.23973,5050.26894,123.31555,192.57563,180.49855
2014-11-26,1848.7875,6664.94206,5068.28674,123.32756,192.59961,180.5208
2014-11-27,1842.63454,6643.002,5051.60265,123.37997,192.68846,180.60407
2014-11-28,1839.72848,6632.5252,5043.63567,123.3336,192.61605,180.5362
2014-12-01,1834.49303,6613.7417,5029.35195,122.88405,191.91661,179.88063
2014-12-02,1834.33388,6613.4896,5029.10714,123.60652,193.05433,180.94509
2014-12-03,1831.41051,6602.98164,5021.11121,124.22081,194.01469,181.84502
2014-12-04,1830.27965,6599.18646,5018.22141,122.9912,192.10244,180.05257
2014-12-05,1832.10688,6606.08008,5023.39546,124.51563,194.49246,182.29021
2014-12-08,1824.74082,6579.60739,5003.2651,124.0705,193.79975,181.64095
2014-12-09,1811.38278,6531.44127,4966.63861,121.85364,190.33698,178.39544
2014-12-10,1797.33813,6480.90139,4928.19323,120.977,188.97064,177.11432
2014-12-11,1787.38633,6445.4166,4901.19492,120.6375,188.45201,176.62769
2014-12-12,1767.09095,6372.23033,4845.54294,118.50683,185.12362,173.50814
2014-12-15,1729.49375,6237.65099,4742.98544,116.35424,181.79008,170.37581
2014-12-16,1752.51663,6320.68607,4806.12366,117.08316,182.92892,171.44315
2014-12-17,1740.95448,6278.98564,4773.88104,117.38987,183.40813,171.87303
2014-12-18,1767.32603,6374.16701,4846.24696,120.2841,187.93206,176.11243
2014-12-19,1782.03545,6427.61123,4886.8451,121.44346,189.75502,177.81946
2014-12-22,1789.80835,6455.72888,4908.20404,122.03288,190.6784,178.68408
2014-12-23,1784.57984,6436.86997,4893.86586,122.4858,191.38609,179.34725
2014-12-24,1790.61344,6458.63279,4910.41184,122.76885,191.82836,179.7617
2014-12-25,1789.40091,6454.25927,4907.08671,122.68571,191.69846,179.63997
2014-12-26,1789.92039,6457.73262,4909.5412,122.91292,192.10105,180.01041
2014-12-29,1793.46321,6471.53609,4919.87413,123.05509,192.35362,180.24118
2014-12-30,1778.03814,6415.87625,4877.55969,122.15719,190.95007,178.92601
2014-12-31,1774.88779,6404.50851,4868.91756,122.5857,191.6199,179.55365
2015-01-01,1774.91039,6404.59005,4868.97955,122.58726,191.62234,179.55594
2015-01-02,1762.4168,6359.6568,4834.81135,122.43263,191.38509,179.33332
2015-01-05,1726.41381,6229.74052,4736.0449,120.87095,188.9439,177.04585
2015-01-06,1705.93195,6155.83199,4679.85731,119.61231,186.97642,175.20226
2015-01-07,1697.01011,6123.63766,4655.38217,120.15611,187.82647,175.99879
2015-01-08,1733.84037,6256.80266,4756.58799,122.87837,192.08997,179.99266
2015-01-09,1729.52015,6241.21255,4744.73597,122.13719,190.93132,178.90698
2015-01-12,1734.46689,6259.10886,4758.33295,122.65754,191.74614,179.67017
2015-01-13,1745.96047,6300.58533,4789.86441,123.85286,193.61474,181.42109
2015-01-14,1727.98029,6235.70091,4740.53763,122.51501,191.52333,179.46139
2015-01-15,1744.96845,6297.74321,4787.70376,125.85488,196.76747,184.37527
2015-01-16,1741.90162,6286.67475,4779.28924,126.61712,197.9592,185.49194
2015-01-19,1760.3286,6353.17931,4829.84769,126.48244,197.74864,185.29464
2015-01-20,1767.59964,6379.50355,4849.84303,127.65239,199.58036,187.01035
2015-01-21,1778.67472,6419.47527,4880.23041,128.297,200.5882,187.95471
2015-01-22,1780.10829,6425.1476,4884.5274,130.31238,203.75498,190.92144
2015-01-23,1787.7106,6452.58749,4905.38775,132.81166,207.66284,194.58317
2015-01-26,1792.49585,6469.85943,4918.51823,133.09027,208.09846,194.99135
2015-01-27,1807.61752,6524.48559,4960.0436,132.5119,207.19558,194.14524
2015-01-28,1802.62776,6508.08453,4947.26052,132.83941,207.75905,194.66083
2015-01-29,1792.03308,6469.99684,4918.28278,132.09361,206.59781,193.57184
2015-01-30,1782.70041,6436.38385,4892.71893,132.02868,206.49889,193.47867
2015-02-02,1791.10729,6466.76566,4915.80832,131.96135,206.39452,193.38065
2015-02-03,1805.81092,6519.87915,4956.18027,131.82443,206.1812,193.18066
2015-02-04,1818.96395,6567.37024,4992.28106,133.06355,208.11932,194.99657
2015-02-05,1820.74752,6574.30318,4997.52003,133.12411,208.22967,195.09874
2015-02-06,1812.12147,6543.16097,4973.84645,133.49782,208.81436,195.64653
2015-02-09,1805.66682,6519.85468,4956.12996,133.12792,208.23577,195.10444
2015-02-10,1808.94146,6531.84255,4965.24206,133.5048,208.83051,195.66165
2015-02-11,1798.26443,6493.71441,4936.16402,132.94574,207.96964,194.85133
2015-02-12,1822.81552,6585.05169,5005.47898,133.95502,209.63382,196.40604
2015-02-13,1839.34593,6644.888,5050.96221,134.81418,210.98214,197.66928
2015-02-16,1841.77258,6653.81143,5057.71683,134.96836,211.22842,197.89891
2015-02-17,1841.54017,6654.29075,5058.08068,135.01644,211.34556,198.00864
2015-02-18,1854.7563,6702.40312,5094.61205,136.43425,213.57626,200.097
2015-02-19,1863.88034,6737.75466,5121.44783,136.75634,214.15613,200.63889
2015-02-20,1866.73268,6748.15839,5129.35472,137.23067,214.90188,201.33752
2015-02-23,1874.41653,6776.02039,5150.51587,137.96544,216.05524,202.41741
2015-02-24,1880.65936,6799.57931,5168.34798,138.63862,217.14109,203.43175
2015-02-25,1884.0802,6813.16223,5178.63344,138.6401,217.18213,203.46868
2015-02-26,1880.82852,6802.04667,5170.16679,140.17812,219.61223,205.74463
2015-02-27,1886.26052,6821.87684,5185.21039,140.54537,220.19356,206.28809
2015-03-02,1879.48447,6797.67624,5166.81377,140.30317,219.82399,205.94178
2015-03-03,1870.02942,6766.91206,5142.57228,139.73464,219.04436,205.17714
2015-03-04,1862.01634,6738.42793,5120.92552,140.6004,220.41825,206.46405
2015-03-05,1865.5611,6757.28396,5134.43022,141.35979,221.80659,207.73113
2015-03-06,1848.58767,6696.05274,5087.86228,142.24024,223.19639,209.03099
2015-03-09,1838.60725,6660.03356,5060.49383,141.67447,222.31303,208.2037
2015-03-10,1807.49422,6547.79631,4975.21062,141.07857,221.39366,207.3426
2015-03-11,1807.92441,6550.55752,4977.30867,142.87347,224.25155,210.01911
2015-03-12,1821.87148,6602.96118,5017.11743,143.41963,225.17257,210.88129
2015-03-13,1815.84411,6581.13691,5000.53051,144.23582,226.45472,212.08188
2015-03-16,1832.50417,6642.12232,5046.81831,144.77484,227.3217,212.8917
2015-03-17,1831.17466,6637.33414,5043.17665,144.31511,226.60088,212.21649
2015-03-18,1845.07944,6688.4518,5082.01189,144.87813,227.50935,213.06708
2015-03-19,1851.01076,6712.15511,5099.95217,145.61749,228.74545,214.22178
2015-03-20,1887.30907,6845.79889,5201.10371,146.12103,229.60414,215.00974
2015-03-23,1900.84332,6895.93432,5239.01847,145.39098,228.49156,213.9607
2015-03-24,1900.8971,6896.54822,5239.39483,145.66172,228.93093,214.36845
2015-03-25,1900.1177,6893.95859,5237.3933,144.52862,227.15792,212.70683
2015-03-26,1874.56078,6803.07804,5168.09779,143.48575,225.57999,211.21895
2015-03-27,1869.8338,6798.5451,5163.07647,143.49191,226.00928,211.55626
2015-03-30,1871.17559,6803.48994,5166.81668,144.39705,227.43715,212.89219
2015-03-31,1849.33985,6724.45112,5106.44063,143.90791,226.67868,212.16764
2015-04-01,1851.87453,6734.02935,5113.63305,143.86404,226.62174,212.11099
2015-04-02,1870.36433,6803.57476,5166.10501,143.63814,226.34275,211.83597
2015-04-03,1872.869,6812.68565,5173.02311,143.83049,226.64586,212.11964
2015-04-06,1890.80623,6877.93354,5222.56728,143.22075,225.68505,211.22041
2015-04-07,1895.35732,6896.06597,5236.27892,145.85237,229.8845,215.14839
2015-04-08,1893.81032,6890.88092,5232.33151,146.66514,231.18041,216.3608
2015-04-09,1895.74709,6898.86667,5238.26543,148.37567,233.90847,218.90855
2015-04-10,1901.27555,6919.70441,5253.91369,149.52956,235.75201,220.62658
2015-04-13,1894.35329,6894.59589,5234.83653,149.7461,236.09633,220.94825
2015-04-14,1909.49166,6949.9158,5276.79453,149.22085,235.27575,220.17847
2015-04-15,1904.39543,6932.29127,5263.26649,150.02198,236.57043,221.38391
2015-04-16,1912.3228,6962.54211,5286.15256,149.37226,235.59304,220.46586
2015-04-17,1896.05562,6904.64073,5241.989,147.0707,232.00752,217.10215
2015-04-20,1897.83293,6915.38047,5249.07489,147.48233,232.80053,217.79991
2015-04-21,1911.14327,6964.97115,5286.47672,148.69643,234.75373,219.61729
2015-04-22,1910.66726,6963.5353,5285.36785,148.90198,235.08834,219.92953
2015-04-23,1916.35496,6988.24254,5303.90644,148.27369,234.22972,219.11743
2015-04-24,1931.94236,7047.13033,5348.22723,148.59927,234.81222,219.647
2015-04-27,1948.19626,7107.30881,5393.78253,149.60164,236.42572,221.15155
2015-04-28,1945.57715,7098.22284,5386.78889,148.06725,234.01628,218.89379
2015-04-29,1933.97254,7057.00003,5355.42709,144.95983,229.14129,214.3307
2015-04-30,1918.39724,7004.41504,5314.93197,143.0802,226.30739,211.6565
2015-05-01,1913.01095,6984.7487,5300.0092,142.46234,225.33014,210.74251
2015-05-04,1913.43564,6990.22736,5303.58001,143.27273,226.73932,212.03703
2015-05-05,1899.83009,6942.4232,5267.05575,141.92338,224.66537,210.0874
2015-05-06,1911.0342,6984.57977,5298.78531,140.66067,222.70521,208.24446
2015-05-07,1893.00982,6923.22692,5251.62991,140.48464,222.57195,208.09566
2015-05-08,1925.44134,7044.62335,5343.33079,143.43916,227.34274,212.54085
2015-05-11,1923.62931,7043.04894,5341.31505,144.16516,228.65754,213.73717
2015-05-12,1920.30507,7033.07934,5333.46042,142.70036,226.40512,211.62006
2015-05-13,1935.97088,7093.20836,5378.77206,142.52122,226.20871,211.42521
2015-05-14,1942.47276,7121.22638,5399.62612,142.65431,226.55343,211.73203
2015-05-15,1949.49148,7148.30228,5420.01352,142.40642,226.20231,211.39832
2015-05-18,1946.74558,7141.91514,5414.49589,143.1694,227.53152,212.61404
2015-05-19,1936.19847,7104.09661,5385.71307,145.42012,231.13694,215.97861
2015-05-20,1938.39947,7113.44442,5392.4769,145.91325,231.96223,216.7368
2015-05-21,1948.40797,7152.19939,5421.68185,146.41607,232.82754,217.53834
2015-05-22,1935.25474,7106.11077,5386.51461,146.72052,233.38373,218.04869
2015-05-25,1936.32114,7110.10335,5389.53229,146.80137,233.51486,218.17085
2015-05-26,1906.4359,7001.29995,5306.87296,146.20679,232.60011,217.30862
2015-05-27,1915.69612,7035.56831,5332.80313,147.21417,234.21142,218.81216
2015-05-28,1913.46841,7029.81612,5328.05689,146.46388,233.09829,217.75644
2015-05-29,1898.98431,6976.60356,5287.72589,144.7586,230.38433,215.2211
2015-06-01,1891.2126,6948.65818,5266.44866,145.0393,230.85122,215.65331
2015-06-02,1903.56412,6994.64007,5301.18894,142.95624,227.55524,212.56991
2015-06-03,1917.15205,7044.96205,5339.26934,142.22578,226.40515,211.49324
2015-06-04,1903.5687,6996.44766,5302.45568,141.01155,224.51719,209.72784
2015-06-05,1865.79504,6857.63346,5197.25141,140.35945,223.47959,208.75859
2015-06-08,1863.6891,6851.12151,5192.0325,139.01229,221.37435,206.78073
2015-06-09,1858.4559,6832.07854,5177.57007,138.12883,219.97373,205.47121
2015-06-10,1892.67034,6958.33929,5273.14918,139.94993,222.88929,208.19039
2015-06-11,1895.53231,6970.5681,5282.41638,141.00992,224.63247,209.81862
2015-06-12,1890.67118,6952.81638,5268.93958,140.22392,223.38436,208.65186
2015-06-15,1867.93569,6869.32772,5205.64969,138.72238,220.99616,206.42033
2015-06-16,1870.17274,6877.55448,5211.88402,139.12341,221.63503,207.01706
2015-06-17,1860.3462,6841.64554,5184.62104,138.40472,220.49746,205.9525
2015-06-18,1881.38752,6919.5491,5243.6243,137.88955,219.69328,205.20011
2015-06-19,1882.90935,6925.1462,5247.86577,138.9025,221.30717,206.70752
2015-06-22,1922.70421,7072.65285,5359.46859,140.99808,224.68235,209.85309
2015-06-23,1919.63595,7061.51541,5351.02757,143.45423,228.60108,213.51313
2015-06-24,1913.50141,7038.94906,5333.92739,142.98301,227.85017,212.81178
2015-06-25,1910.10239,7027.52587,5325.11927,142.62701,227.31781,212.3085
2015-06-26,1898.81941,6988.337,5295.06754,142.44631,227.1053,212.09575
2015-06-29,1855.32725,6828.28918,5173.79633,139.05878,221.70509,207.05233
2015-06-30,1842.45687,6780.92206,5137.90617,138.19948,220.33511,205.77289
2015-07-01,1856.09901,6831.43829,5176.13565,139.72436,222.77632,208.05089
2015-07-02,1856.45667,6833.58393,5177.7385,139.71983,222.79612,208.06846
2015-07-03,1848.41782,6804.08699,5155.37473,139.16494,221.91437,207.24442
2015-07-06,1819.87912,6699.19974,5075.86794,137.33798,219.00645,204.52732
2015-07-07,1792.57378,6598.7314,4999.73784,136.99686,218.46402,204.02046
2015-07-08,1791.73129,6595.63009,4997.38804,135.32988,215.80573,201.53793
2015-07-09,1816.18583,6685.83663,5065.73588,137.41911,219.14345,204.65497
2015-07-10,1851.94467,6817.47389,5165.47502,138.52573,220.90818,206.30303
2015-07-13,1862.95539,6858.00713,5196.18631,141.40594,225.50127,210.59246
2015-07-14,1877.93423,6913.17094,5237.97824,142.67895,227.53212,212.48885
2015-07-15,1878.50809,6915.28347,5239.57886,143.2892,228.50529,213.39767
2015-07-16,1893.98883,6972.64044,5282.99205,145.17228,231.5205,216.21169
2015-07-17,1889.52859,6956.22052,5270.55106,145.49762,232.03935,216.69623
2015-07-20,1893.38152,6970.40492,5281.29822,145.6601,232.29847,216.93822
2015-07-21,1894.41946,6974.22607,5284.19341,144.80687,230.93774,215.66747
2015-07-22,1872.34956,6892.97664,5222.63279,143.67178,229.1275,213.97692
2015-07-23,1877.13502,6911.08613,5236.35388,142.89753,227.90896,212.83896
2015-07-24,1861.03394,6851.83213,5191.4528,141.83979,226.22281,211.26406
2015-07-27,1846.8465,6799.80028,5152.02964,139.03411,221.75458,207.09129
2015-07-28,1848.58364,6806.28069,5156.93779,139.97182,223.25297,208.49052
2015-07-29,1861.94703,6855.68424,5194.35482,141.05396,224.98557,210.10796
2015-07-30,1858.9744,6845.25066,5186.43185,142.21456,226.85371,211.85184
2015-07-31,1879.75035,6922.01345,5244.58551,142.19001,226.82307,211.82294
2015-08-03,1877.3713,6913.76194,5238.27313,142.99367,228.12188,213.0334
2015-08-04,1876.74206,6911.44948,5236.52052,143.10224,228.29525,213.19528
2015-08-05,1878.50082,6918.08602,5241.52823,144.47541,230.49122,215.24516
2015-08-06,1875.27526,6908.61004,5234.30947,143.61278,229.19473,214.03282
2015-08-07,1868.64439,6884.70759,5216.13999,142.75831,227.84848,212.77319
2015-08-10,1883.8922,6940.99824,5258.76969,143.3858,228.85369,213.71115
2015-08-11,1865.51277,6873.73311,5207.79227,141.12581,225.26139,210.35594
2015-08-12,1842.67509,6790.02696,5144.37332,137.62911,219.69437,205.15728
2015-08-13,1845.57802,6808.5707,5158.23088,138.61398,221.52179,206.85609
2015-08-14,1840.94146,6791.62879,5145.37149,138.47107,221.29872,206.64682
2015-08-17,1840.93402,6791.87083,5145.55486,138.92689,222.036,207.33529
2015-08-18,1835.20952,6772.33907,5130.75532,138.99693,222.20005,207.48838
2015-08-19,1811.32993,6684.27855,5064.04027,136.92773,218.8942,204.40142
2015-08-20,1795.19833,6626.07814,5019.90935,133.97532,214.21743,200.03278
2015-08-21,1756.64788,6484.00784,4912.25502,129.75998,207.48441,193.74472
2015-08-24,1696.81385,6263.24603,4745.00687,122.50863,195.89251,182.92044
2015-08-25,1714.29857,6328.92418,4794.74088,125.55528,200.80027,187.50229
2015-08-26,1706.17038,6299.41377,4772.3805,125.03119,199.9779,186.73424
2015-08-27,1731.1296,6392.32957,4842.73111,128.99806,206.34722,192.6801
2015-08-28,1747.83831,6454.13761,4889.53846,130.17349,208.23101,194.43843
2015-08-31,1736.80755,6413.54149,4858.77871,129.54244,207.22596,193.49975
2015-09-01,1694.60453,6257.93768,4740.88695,125.79404,201.23745,187.90754
2015-09-02,1689.89638,6240.84085,4727.93043,125.7573,201.18802,187.86122
2015-09-03,1704.05249,6293.36816,4767.72402,128.34211,205.33133,191.73007
2015-09-04,1671.1203,6171.82025,4675.64186,125.64666,201.02144,187.70566
2015-09-07,1679.5724,6203.44436,4699.59963,125.78987,201.26382,187.932
2015-09-08,1691.38417,6247.18172,4732.72809,126.37439,202.20265,188.80839
2015-09-09,1730.59189,6393.55456,4843.6111,129.51227,207.27385,193.54344
2015-09-10,1710.228,6319.74173,4787.66419,127.36105,203.87681,190.37031
2015-09-11,1704.82157,6299.80173,4772.55819,126.23292,202.07215,188.68521
2015-09-14,1697.79111,6273.86558,4752.90967,125.64556,201.1333,187.80856
2015-09-15,1701.51996,6287.75694,4763.42699,126.12254,201.90046,188.52463
2015-09-16,1728.45069,6387.35205,4838.87626,127.88622,204.72624,191.16316
2015-09-17,1731.97292,6400.59347,4848.90758,127.90903,204.76995,191.20398
2015-09-18,1713.96098,6334.50113,4798.7181,125.9057,201.57783,188.21864
2015-09-21,1698.97401,6279.73697,4757.11101,126.83376,203.08389,189.62008
2015-09-22,1658.33569,6129.76632,4643.49446,124.48383,199.32892,186.11371
2015-09-23,1654.3063,6115.03675,4632.32016,124.05323,198.64476,185.47426
2015-09-24,1639.29473,6059.68292,4590.38438,121.36488,194.34428,181.45877
2015-09-25,1660.73808,6138.9593,4650.43732,124.21789,198.91321,185.72472
2015-09-28,1638.08817,6066.72584,4594.30006,122.14115,195.95889,182.90981
2015-09-29,1609.49618,5960.83844,4514.11208,119.89158,192.3499,179.54114
2015-09-30,1644.40436,6090.19668,4612.0713,123.11738,197.52768,184.374
2015-10-01,1654.98243,6129.66901,4641.95439,123.4504,198.07152,184.88127
2015-10-02,1668.86505,6181.13607,4680.9213,123.69656,198.46805,185.25105
2015-10-05,1702.14414,6304.41549,4774.27673,126.88341,203.58192,190.02424
2015-10-06,1719.72671,6369.53798,4823.5934,127.6079,204.74436,191.10927
2015-10-07,1729.50604,6405.75875,4851.02306,128.63049,206.38508,192.64072
2015-10-08,1733.56057,6421.42329,4862.88567,128.46902,206.14679,192.4183
2015-10-09,1758.17424,6512.6045,4931.93625,129.40949,207.65615,193.82714
2015-10-12,1758.07213,6512.31475,4931.70007,129.19716,207.31826,193.51109
2015-10-13,1741.44435,6451.16348,4885.29134,127.96397,205.35346,191.67324
2015-10-14,1731.71255,6415.11211,4857.99062,126.55342,203.08985,189.56042
2015-10-15,1753.88697,6497.27109,4920.20526,128.73113,206.58503,192.82268
2015-10-16,1763.18203,6531.70463,4946.28083,129.52143,207.85328,194.00644
2015-10-19,1754.60659,6499.99364,4922.26694,129.65503,208.06951,194.20826
2015-10-20,1751.1958,6487.35826,4912.69851,129.03221,207.07001,193.27535
2015-10-21,1758.66614,6515.03234,4933.65534,129.4457,207.73356,193.8947
2015-10-22,1759.62251,6520.47177,4937.76284,131.76743,211.52099,197.42935
2015-10-23,1777.36866,6586.23204,4987.56117,134.64053,216.13306,201.73416
2015-10-26,1779.25451,6593.26966,4992.88494,134.5882,216.05067,201.65704
2015-10-27,1764.19858,6537.57049,4950.70564,133.43121,214.19642,199.92632
2015-10-28,1776.70686,6584.05638,4985.8969,134.18901,215.41731,201.06542
2015-10-29,1759.41115,6521.13923,4938.15175,134.15572,215.40274,201.04775
2015-10-30,1771.65791,6566.63867,4972.59385,134.03783,215.21698,200.87386
2015-11-02,1763.3309,6535.95505,4949.3259,133.55292,214.4443,200.15136
2015-11-03,1761.29519,6528.65986,4943.76467,134.40361,215.81852,201.43248
2015-11-04,1761.34516,6528.90333,4943.94229,135.52733,217.62488,203.11815
2015-11-05,1758.31341,6519.71147,4936.98185,135.26914,217.27848,202.79484
2015-11-06,1743.47792,6465.67283,4896.06077,135.65123,217.92492,203.39816
2015-11-09,1735.72262,6437.47545,4874.66375,135.00384,216.90386,202.44329
2015-11-10,1729.29493,6413.82064,4856.71299,135.15167,217.14761,202.66918
2015-11-11,1743.28992,6466.86056,4896.87519,135.80096,218.22907,203.67849
2015-11-12,1728.62902,6415.56761,4857.79005,134.33334,215.97475,201.56432
2015-11-13,1712.17984,6354.65045,4811.64152,133.34022,214.38251,200.07737
2015-11-16,1706.61177,6334.60075,4796.40987,133.08642,213.99525,199.71386
2015-11-17,1733.61102,6434.96956,4872.37779,136.03601,218.74322,204.14376
2015-11-18,1731.1183,6425.71774,4865.37247,135.88506,218.50053,203.91726
2015-11-19,1757.35273,6524.50293,4940.16984,136.79444,220.0102,205.32616
2015-11-20,1754.64891,6514.67776,4932.7131,137.43522,221.04802,206.29399
2015-11-23,1743.73624,6474.42545,4902.18632,137.24289,220.74769,206.01165
2015-11-24,1734.05366,6438.62675,4875.08092,136.19862,219.07324,204.44897
2015-11-25,1740.06638,6461.03036,4892.04408,137.16719,220.63382,205.90538
2015-11-26,1755.95796,6520.72431,4937.23541,138.19831,222.3158,207.4748
2015-11-27,1746.06017,6483.969,4909.40573,137.73711,221.57388,206.78241
2015-11-30,1741.01207,6465.25851,4895.23563,137.76802,221.62482,206.82981
2015-12-01,1753.8577,6513.18566,4931.47381,138.18266,222.29952,207.45735
2015-12-02,1748.10821,6491.91303,4915.36613,138.17908,222.29647,207.45446
2015-12-03,1740.66095,6464.41474,4894.54573,134.0592,215.67388,201.27404
2015-12-04,1731.70426,6431.15164,4869.3605,132.91619,213.83501,199.55794
2015-12-07,1734.42606,6441.53236,4877.16215,133.56671,214.89064,200.54071
2015-12-08,1709.77509,6350.06843,4807.90821,131.44429,211.47889,197.35667
2015-12-09,1713.38866,6363.55299,4818.10509,130.62266,210.15908,196.12448
2015-12-10,1705.52542,6334.67473,4796.22206,130.32634,209.69314,195.68891
2015-12-11,1690.15075,6277.63042,4753.01793,128.44685,206.67104,192.86809
2015-12-14,1665.74235,6187.00463,4684.39817,126.24174,203.12411,189.5579
2015-12-15,1674.34737,6219.02541,4708.6351,128.13134,206.16647,192.39677
2015-12-16,1693.53608,6290.298,4762.598,129.33332,208.10048,194.20161
2015-12-17,1699.9707,6314.33074,4780.7844,131.13688,211.00687,196.91349
2015-12-18,1687.21441,6267.00196,4744.86076,130.02683,209.22251,195.24462
2015-12-21,1682.52539,6250.65839,4732.28972,128.79845,207.28156,193.42529
2015-12-22,1689.24789,6275.63279,4751.1975,128.73528,207.17989,193.33041
2015-12-23,1710.79194,6355.66993,4811.79254,131.4197,211.50007,197.3618
2015-12-24,1721.54328,6395.99045,4842.3099,131.29224,211.30745,197.1817
2015-12-25,1719.65601,6388.97874,4837.00144,131.14831,211.0758,196.96554
2015-12-28,1717.8938,6384.35969,4833.28024,130.85868,210.67328,196.58081
2015-12-29,1731.53683,6435.97405,4872.15395,132.69008,213.65197,199.35202
2015-12-30,1727.47309,6420.86958,4860.71956,132.2877,213.00407,198.74749
2015-12-31,1716.27524,6379.33527,4829.27731,132.04118,212.61003,198.37983
2016-01-01,1716.27524,6379.33527,4829.27731,132.04118,212.61003,198.37983
2016-01-04,1671.892,6214.48912,4704.46672,129.323,208.23746,194.29914
2016-01-05,1666.74464,6195.35616,4689.98276,129.92897,209.2132,195.20956
2016-01-06,1649.94723,6132.91953,4642.71725,128.27258,206.54606,192.72094
2016-01-07,1622.58291,6031.40104,4565.85827,125.17868,201.57078,188.07836
2016-01-08,1610.74869,5987.49188,4532.60681,123.43958,198.77303,185.46741
2016-01-11,1600.96813,5951.1436,4505.08954,123.27219,198.50375,185.21611
2016-01-12,1593.4484,5923.47642,4484.10411,123.01051,198.09191,184.83015
2016-01-13,1611.86281,5991.93005,4535.92388,124.16254,199.9471,186.56114
2016-01-14,1583.70682,5887.34293,4456.75086,122.10621,196.63834,183.47388
2016-01-15,1565.24294,5818.70448,4404.79118,119.44296,192.34946,179.47214
2016-01-18,1547.86865,5754.11653,4355.89774,118.94799,191.55237,178.72841
2016-01-19,1565.20822,5818.6327,4404.72518,120.02663,193.29131,180.35045
2016-01-20,1517.92346,5642.88881,4271.67818,116.41666,187.47901,174.92695
2016-01-21,1518.55116,5645.71718,4273.80481,117.25569,188.84675,176.20252
2016-01-22,1568.31415,5830.72758,4413.85758,121.08698,195.01724,181.95987
2016-01-25,1568.50284,5831.4291,4414.38863,121.01211,194.89667,181.84736
2016-01-26,1570.13756,5837.55353,4419.02239,120.95957,194.81361,181.76977
2016-01-27,1585.30516,5895.57468,4462.62481,121.87527,196.3427,183.18336
2016-01-28,1574.54686,5855.70457,4432.43128,120.29023,193.79376,180.80469
2016-01-29,1591.46369,5918.6179,4480.05305,122.91974,198.03004,184.75703
2016-02-01,1604.88859,5969.66507,4518.47749,123.12597,198.39953,185.09293
2016-02-02,1580.85885,5880.43968,4450.91883,121.20454,195.30865,182.2084
2016-02-03,1570.57022,5842.16944,4421.95186,118.79194,191.42102,178.58152
2016-02-04,1584.25633,5894.10121,4461.22657,118.53443,191.03921,178.22403
2016-02-05,1566.75251,5828.98852,4411.94195,117.50356,189.37807,176.67427
2016-02-08,1538.65114,5724.55894,4332.8724,115.3546,185.91852,173.44571
2016-02-09,1515.43547,5638.22133,4267.52416,111.98665,180.49153,168.3828
2016-02-10,1512.30338,5626.73357,4258.79649,112.90325,181.97418,169.76468
2016-02-11,1495.38995,5565.21953,4212.16253,110.17412,177.6206,165.70026
2016-02-12,1492.42596,5554.19233,4203.81592,110.92877,178.83733,166.83532
2016-02-15,1538.9654,5727.39289,4334.90668,115.40922,186.06063,173.57385
2016-02-16,1539.7392,5731.54541,4338.04872,115.46724,186.19553,173.69966
2016-02-17,1559.44338,5805.08554,4393.67365,117.06043,188.77089,176.10076
2016-02-18,1568.70563,5844.48662,4423.38618,118.11642,190.63431,177.83473
2016-02-19,1557.03245,5801.15602,4390.58805,117.16359,189.1017,176.40489
2016-02-22,1573.09145,5861.30472,4436.09142,119.22,192.43114,179.50997
2016-02-23,1559.5667,5811.23754,4398.17953,118.23253,190.84796,178.03234
2016-02-24,1532.64727,5711.22878,4322.48283,116.21282,187.59759,174.99999
2016-02-25,1554.14802,5796.2259,4385.89445,117.72562,190.19968,177.39023
2016-02-26,1558.08155,5811.06849,4397.11949,119.17395,192.54535,179.57767
2016-02-29,1558.16657,5812.24457,4397.97543,119.84955,193.66551,180.62099
2016-03-01,1572.36965,5865.71865,4438.43788,121.00883,195.55526,182.38346
2016-03-02,1595.67724,5953.01388,4504.49193,123.15982,199.04293,185.63622
2016-03-03,1611.69798,6018.23548,4553.05084,123.21292,199.30934,185.85233
2016-03-04,1628.82702,6082.35099,4601.53398,123.67395,200.06016,186.55153
2016-03-07,1622.65974,6059.646,4584.34556,123.46928,199.7398,186.25234
2016-03-08,1616.47525,6036.93625,4567.09236,122.21977,197.73105,184.37631
2016-03-09,1614.97955,6031.48121,4562.95958,122.58355,198.3239,184.92887
2016-03-10,1612.15289,6022.72811,4556.29697,120.87596,195.61982,182.4058
2016-03-11,1644.94105,6145.42414,4649.11344,123.19619,199.38142,185.91311
2016-03-14,1652.88338,6175.09631,4671.56092,124.37058,201.28206,187.68536
2016-03-15,1637.93058,6119.25298,4629.31453,123.19001,199.37205,185.90437
2016-03-16,1628.6381,6084.98104,4603.33068,122.90589,198.92676,185.48688
2016-03-17,1663.74691,6218.53512,4704.19024,122.87042,198.94548,185.49743
2016-03-18,1660.49967,6208.0717,4695.91068,122.90212,199.05046,185.58092
2016-03-21,1652.93131,6181.90745,4675.72092,122.68965,198.77488,185.30819
2016-03-22,1654.79448,6188.99208,4681.06378,123.18899,199.58765,186.06527
2016-03-23,1642.18415,6142.92299,4646.07939,122.81362,199.01492,185.52577
2016-03-24,1619.40746,6058.80326,4582.42374,121.23499,196.49187,183.17239
2016-03-25,1623.43493,6073.87152,4593.82025,121.5365,196.98054,183.62794
2016-03-28,1631.50157,6104.05182,4616.64635,121.57953,197.05027,183.69294
2016-03-29,1629.63189,6110.70179,4620.09536,121.76048,197.7852,184.315
2016-03-30,1660.67856,6227.15896,4708.14015,122.22799,198.5459,185.02371
2016-03-31,1652.03526,6195.50616,4684.14023,121.15969,196.83463,183.42632
2016-04-01,1616.22528,6063.12394,4583.96707,119.06103,193.48623,180.30266
2016-04-04,1627.24138,6104.57733,4615.29305,119.48811,194.18434,180.95264
2016-04-05,1595.93983,5987.19084,4526.54176,117.25146,190.55077,177.56656
2016-04-06,1606.57516,6027.86127,4557.06627,118.0432,191.86203,178.77969
2016-04-07,1607.81052,6037.04176,4563.43748,118.05612,192.02762,178.91167
2016-04-08,1625.36243,6103.77371,4613.67818,119.07812,193.71625,180.47704
2016-04-11,1632.0392,6132.81241,4634.55096,119.19634,194.03402,180.73111
2016-04-12,1636.94498,6151.49208,4648.61834,120.26405,195.77989,182.35536
2016-04-13,1666.61087,6263.75198,4733.32052,123.4419,200.97814,187.19197
2016-04-14,1682.92733,6326.63182,4780.62475,124.8773,203.36518,189.40686
2016-04-15,1682.10684,6324.25898,4778.74605,124.43526,202.6681,188.75425
2016-04-18,1676.84974,6304.93813,4764.06252,123.70691,201.49605,187.65934
2016-04-19,1712.18612,6438.3385,4864.74927,125.79191,204.90918,190.83372
2016-04-20,1715.02434,6449.01109,4872.81338,126.46736,206.00947,191.85842
2016-04-21,1716.51126,6455.91137,4877.93949,127.07033,207.03366,192.8088
2016-04-22,1703.26976,6407.2538,4840.97305,126.63975,206.36897,192.18176
2016-04-25,1699.75242,6394.8667,4831.54342,126.0642,205.45821,191.33081
2016-04-26,1701.74844,6404.93897,4838.61717,125.77693,205.07207,190.95006
2016-04-27,1698.01211,6392.72381,4829.13253,125.47303,204.63572,190.53364
2016-04-28,1698.26001,6398.45278,4832.92992,125.4359,204.7286,190.5992
2016-04-29,1693.18101,6381.65488,4819.75113,123.54848,201.72197,187.78095
2016-05-02,1686.62188,6360.34465,4802.97574,122.42852,200.00064,186.1522
2016-05-03,1668.6355,6293.58721,4752.43459,121.08086,197.83273,184.12937
2016-05-04,1647.98815,6217.15111,4694.41769,119.84276,195.85516,182.2772
2016-05-05,1641.60645,6198.35823,4679.42581,120.3526,196.85615,183.17741
2016-05-06,1639.21508,6191.05262,4673.52176,119.93004,196.21962,182.56992
2016-05-09,1638.20876,6188.66688,4671.67219,120.11931,196.57422,182.89796
2016-05-10,1654.60567,6253.32618,4719.96214,121.3482,198.67161,184.82907
2016-05-11,1654.76984,6254.71714,4720.86192,120.96218,198.06402,184.25795
2016-05-12,1645.55023,6225.28205,4698.45276,120.59413,197.63321,183.84965
2016-05-13,1631.71052,6175.27737,4660.21437,120.69646,197.8763,184.05611
2016-05-16,1637.83776,6200.3011,4678.83926,120.80221,198.10829,184.26168
2016-05-17,1644.06902,6226.65549,4698.56862,121.20832,198.8626,184.95705
2016-05-18,1643.41221,6225.05995,4697.35268,121.7668,199.80751,185.83541
2016-05-19,1619.48977,6139.15503,4632.28635,120.79211,198.36034,184.47974
2016-05-20,1634.29427,6195.65485,4674.85872,121.80936,200.04307,186.04235
2016-05-23,1628.84302,6179.04399,4661.52826,121.5494,199.74723,185.73546
2016-05-24,1642.29643,6230.6021,4700.34298,122.9816,202.11776,187.93646
2016-05-25,1661.57208,6304.76838,4756.06593,124.60367,204.81731,190.43748
2016-05-26,1669.84263,6337.4827,4780.71808,124.77604,205.14376,190.73997
2016-05-27,1668.75693,6334.2342,4778.08662,125.28862,206.01485,191.54264
2016-05-30,1671.49313,6345.05199,4786.14906,125.42081,206.24626,191.75388
2016-05-31,1667.84397,6331.64756,4775.96764,125.20882,205.91223,191.4405
2016-06-01,1659.86566,6301.64578,4753.33727,124.16374,204.20282,189.85123
2016-06-02,1652.97828,6278.32519,4735.39316,123.78704,203.675,189.34637
2016-06-03,1670.89299,6346.54763,4786.80908,123.22395,202.75423,188.48879
2016-06-06,1676.97714,6371.00102,4804.96588,123.30271,202.92662,188.63779
2016-06-07,1693.06986,6432.34336,4851.20617,124.61752,205.097,190.65441
2016-06-08,1697.11093,6447.96119,4862.97013,124.48737,204.89123,190.46255
2016-06-09,1675.32256,6367.77336,4802.35747,123.62698,203.55807,189.21791
2016-06-10,1640.91982,6237.11848,4703.82202,121.38841,199.87559,185.79485
2016-06-13,1609.72824,6118.55965,4614.40899,119.04938,196.02418,182.21477
2016-06-14,1576.21968,5991.19394,4518.35412,117.51231,193.49327,179.86216
2016-06-15,1589.69394,6042.50013,4557.02946,118.25314,194.71603,180.99805
2016-06-16,1568.83148,5963.54791,4497.45683,117.62781,193.69763,180.05021
2016-06-17,1595.32591,6065.14144,4573.87504,118.52966,195.21106,181.4491
2016-06-20,1653.193,6286.24637,4740.42403,121.87023,200.74806,186.5882
2016-06-21,1659.04344,6309.01126,4757.47726,123.01768,202.65483,188.35598
2016-06-22,1661.48367,6318.47376,4764.60978,123.0785,202.76089,188.45444
2016-06-23,1687.0361,6416.24875,4838.31613,124.21716,204.65592,190.21484
2016-06-24,1567.26354,5960.72171,4494.81576,117.83797,194.14578,180.44632
2016-06-27,1520.93767,5784.65103,4362.02868,115.80826,190.80563,177.34117
2016-06-28,1546.72563,5885.20198,4437.55856,116.97783,192.81355,179.19559
2016-06-29,1593.67112,6064.84472,4572.79821,119.95838,197.75955,183.78364
2016-06-30,1608.45405,6121.74721,4615.65012,121.00028,199.4982,185.39734
2016-07-01,1620.62666,6168.37561,4650.74529,121.66958,200.61145,186.42944
2016-07-04,1619.46284,6164.28649,4647.5834,121.52216,200.37946,186.21069
2016-07-05,1599.17345,6087.15222,4589.41419,120.30754,198.37973,184.35182
2016-07-06,1573.30231,5989.09585,4515.41508,118.76212,195.84519,181.9937
2016-07-07,1583.06256,6026.43264,4543.56475,119.48809,197.04832,183.11173
2016-07-08,1592.09674,6060.82411,4569.49384,120.58381,198.85528,184.7909
2016-07-11,1618.63981,6162.71563,4646.30356,122.46653,201.98783,187.70147
2016-07-12,1636.87041,6232.12578,4698.63448,123.58294,203.82916,189.41257
2016-07-13,1645.85034,6266.33897,4724.42431,123.88042,204.32057,189.86903
2016-07-14,1654.42301,6299.04754,4749.07013,124.51446,205.36857,190.84233
2016-07-15,1650.14102,6282.7443,4736.77855,124.57361,205.46614,190.933
2016-07-18,1652.80631,6292.89214,4744.42936,124.8312,205.891,191.3278
2016-07-19,1643.42135,6257.16022,4717.48978,124.73108,205.72587,191.17435
2016-07-20,1653.60019,6295.91513,4746.70845,125.52642,207.03767,192.39337
2016-07-21,1657.13503,6309.37366,4756.85531,125.92629,207.6972,193.00625
2016-07-22,1650.19768,6282.96039,4736.94143,125.6333,207.21395,192.55718
2016-07-25,1651.81328,6289.22126,4741.646,125.7964,207.48659,192.80989
2016-07-26,1655.43891,6303.06068,4752.07735,125.95201,207.74439,193.04935
2016-07-27,1660.25823,6322.03051,4766.3011,126.26121,208.27482,193.53909
2016-07-28,1658.15537,6314.53023,4760.64452,125.03181,206.26343,191.66992
2016-07-29,1689.11544,6432.49733,4849.57469,126.23874,208.25662,193.5218
2016-08-01,1682.27624,6406.45222,4829.93882,125.8514,207.61762,192.92801
2016-08-02,1671.00851,6364.02021,4797.9439,124.42373,205.27781,190.75356
2016-08-03,1653.49562,6297.70282,4747.93469,123.68171,204.06592,189.62696
2016-08-04,1663.49889,6337.99689,4778.26401,124.81536,206.00768,191.42937
2016-08-05,1665.3187,6345.51845,4783.86994,125.71941,207.51906,192.83118
2016-08-08,1675.00232,6382.40968,4811.68296,126.40478,208.65013,193.88224
2016-08-09,1694.98019,6458.56701,4869.098,127.48075,210.42728,195.53361
2016-08-10,1699.65442,6476.55865,4882.63759,127.24828,210.04942,195.18153
2016-08-11,1708.32435,6516.36232,4912.49858,127.72003,211.0473,196.10291
2016-08-12,1710.73081,6526.58724,4920.06574,127.89423,211.369,196.39621
2016-08-15,1710.73788,6527.03224,4920.40024,127.68346,211.03418,196.08506
2016-08-16,1704.20605,6502.23311,4901.68777,126.48993,209.06544,194.25508
2016-08-17,1701.33119,6492.89447,4894.64485,126.10296,208.4782,193.70932
2016-08-18,1707.89634,6519.46846,4914.67756,126.00289,208.3613,193.6007
2016-08-19,1699.76255,6488.62407,4891.40969,125.44156,207.43961,192.74368
2016-08-22,1702.29744,6498.61215,4898.89478,125.57319,207.66724,192.95343
2016-08-23,1711.616,6534.42649,4925.88137,126.34981,208.95926,194.15345
2016-08-24,1709.14678,6525.49284,4919.13933,126.98069,210.01848,195.13733
2016-08-25,1702.16683,6499.41811,4899.47433,126.09221,208.56743,193.78874
2016-08-26,1702.43397,6500.58236,4900.35198,126.12877,208.63253,193.84922
2016-08-29,1688.25441,6447.78127,4860.47241,126.34952,209.0412,194.22588
2016-08-30,1688.94947,6450.53445,4862.54782,126.57723,209.42114,194.5789
2016-08-31,1685.57144,6437.89218,4853.01781,126.48286,209.27343,194.44166
2016-09-01,1694.49624,6472.6284,4879.2027,126.52208,209.35931,194.52145
2016-09-02,1709.97453,6531.90607,4923.88744,128.02665,211.85395,196.83929
2016-09-05,1716.18176,6555.7405,4941.84929,128.68738,212.95131,197.85867
2016-09-06,1729.50723,6607.12476,4980.58027,128.60769,212.83495,197.75042
2016-09-07,1734.71697,6627.31818,4995.80246,128.95493,213.41898,198.29305
2016-09-08,1732.91671,6621.20874,4991.16115,128.45548,212.61705,197.54655
2016-09-09,1707.26607,6523.40578,4917.43589,127.26521,210.65355,195.72222
2016-09-12,1689.24391,6454.66079,4865.61261,125.82639,208.27573,193.51285
2016-09-13,1677.36394,6409.50353,4831.55983,124.69698,206.41389,191.78248
2016-09-14,1672.73675,6391.82224,4818.23146,124.28666,205.73467,191.1514
2016-09-15,1676.16997,6405.15103,4828.27735,124.58606,206.23703,191.61809
2016-09-16,1664.76996,6361.58816,4795.43916,124.63658,206.32067,191.6958
2016-09-19,1681.45721,6426.30526,4844.10401,125.66077,208.04685,193.29485
2016-09-20,1681.3932,6426.13005,4843.95886,125.7966,208.27398,193.50535
2016-09-21,1699.17332,6494.59201,4895.43871,127.47491,211.06916,196.09728
2016-09-22,1728.07563,6605.56626,4979.0465,128.47837,212.74689,197.65435
2016-09-23,1716.73741,6562.27527,4946.41232,127.87999,211.75762,196.73515
2016-09-26,1701.61403,6504.46595,4902.83769,126.21347,208.99803,194.17132
2016-09-27,1699.95037,6498.95983,4898.49928,126.88398,210.13591,195.22099
2016-09-28,1698.89563,6509.00088,4904.44779,126.87324,210.57342,195.56285
2016-09-29,1706.64041,6538.77884,4926.87832,127.01465,210.81152,195.78371
2016-09-30,1701.6921,6519.8866,4912.63419,126.55059,210.04344,195.07003
2016-10-03,1703.0142,6524.9521,4916.45097,126.87471,210.5814,195.56963
2016-10-04,1704.84149,6531.95321,4921.7262,127.69382,211.94092,196.83224
2016-10-05,1701.40083,6518.84471,4911.8324,126.95822,210.72241,195.69992
2016-10-06,1694.90642,6494.6907,4893.6243,126.83032,210.53375,195.52438
2016-10-07,1688.39593,6469.77131,4874.84167,126.25271,209.57584,194.6345
2016-10-10,1693.30616,6488.58683,4889.01878,126.84118,210.55269,195.54171
2016-10-11,1677.73505,6428.91984,4844.06091,126.7942,210.4747,195.46928
2016-10-12,1662.27263,6370.09565,4799.64171,126.15038,209.41999,194.48586
2016-10-13,1654.36794,6339.94994,4776.92511,125.34561,208.08882,193.2495
2016-10-14,1664.71624,6379.6072,4806.80544,126.43916,209.90423,194.93546
2016-10-17,1656.9776,6349.96112,4784.46817,125.98306,209.14739,194.23259
2016-10-18,1673.79904,6414.48259,4833.08279,127.47076,211.61906,196.52799
2016-10-19,1680.40306,6439.79111,4852.15185,128.04955,212.57992,197.42033
2016-10-20,1679.83144,6439.05524,4851.59317,128.49219,213.36298,198.14737
2016-10-21,1672.45136,6410.81902,4830.31225,128.57491,213.50209,198.27632
2016-10-24,1672.93177,6412.89219,4831.82193,128.45233,213.30624,198.09229
2016-10-25,1670.86601,6404.98873,4825.86704,128.58906,213.53381,198.30363
2016-10-26,1672.40904,6410.92427,4830.33854,128.02404,212.59623,197.43289
2016-10-27,1667.17667,6391.89087,4815.95785,127.61181,211.94564,196.82708
2016-10-28,1665.61812,6386.26273,4811.6433,127.37003,211.55557,196.46181
2016-10-31,1665.72078,6386.98821,4812.14699,126.99442,210.94266,195.89089
2016-11-01,1665.30623,6385.48588,4811.00453,126.02584,209.33667,194.39907
2016-11-02,1655.89358,6349.41636,4783.81664,124.47381,206.75939,192.0052
2016-11-03,1652.60519,6337.41805,4774.77681,124.48975,206.80581,192.04831
2016-11-04,1639.25778,6287.29692,4737.01429,123.1679,204.64453,190.04126
2016-11-07,1647.75205,6319.87629,4761.56044,124.79909,207.35477,192.5581
2016-11-08,1652.93298,6340.187,4776.82054,125.05549,207.79518,192.96537
2016-11-09,1636.06724,6275.59086,4728.13687,124.90455,207.54755,192.73477
2016-11-10,1645.69885,6315.60641,4758.16486,126.42519,210.17652,195.17116
2016-11-11,1640.04986,6294.00939,4741.89277,126.26979,209.92089,194.93375
2016-11-14,1627.38656,6247.86738,4707.1301,126.8372,210.94712,195.88674
2016-11-15,1629.80846,6257.92902,4714.56153,126.96084,211.17852,196.09542
2016-11-16,1624.34615,6237.20735,4698.89677,127.17545,211.54402,196.43257
2016-11-17,1632.65618,6269.59922,4723.29969,127.83205,212.6526,197.46196
2016-11-18,1614.16516,6198.59216,4669.80533,127.57347,212.22245,197.06254
2016-11-21,1625.14222,6241.02786,4701.7223,127.86064,212.7098,197.51286
2016-11-22,1625.77828,6243.64717,4703.69462,128.30323,213.45213,198.20212
2016-11-23,1615.71528,6205.07039,4674.63254,128.21127,213.30153,198.06228
2016-11-24,1625.19995,6242.84422,4703.08296,128.57934,213.96009,198.6735
2016-11-25,1634.44352,6278.35133,4729.83245,128.8107,214.34508,199.03099
2016-11-28,1628.23285,6254.76122,4712.00948,128.56371,213.9432,198.65566
2016-11-29,1631.61422,6267.97066,4721.91103,128.40609,213.68842,198.417
2016-11-30,1629.67074,6260.54379,4716.30811,128.39218,213.66661,198.39641
2016-12-01,1630.9943,6265.95608,4720.34555,128.45408,213.78079,198.50075
2016-12-02,1630.60852,6264.53796,4719.27723,127.83341,212.75,197.54364
2016-12-05,1637.15878,6289.99245,4738.39729,127.57504,212.32979,197.15115
2016-12-06,1653.05988,6351.16652,4784.46451,128.71212,214.22505,198.91023
2016-12-07,1672.71315,6426.82087,4841.43953,129.85524,216.13251,200.68063
2016-12-08,1675.18602,6436.62008,4848.82145,131.93453,219.60347,203.90344
2016-12-09,1677.8887,6447.07164,4856.67966,133.08172,221.51525,205.6779
2016-12-12,1681.6694,6461.59851,4867.62298,132.48261,220.51803,204.75197
2016-12-13,1698.42161,6525.96672,4916.11256,133.39369,222.03453,206.16005
2016-12-14,1695.91174,6516.32285,4908.84768,133.04653,221.45667,205.62351
2016-12-15,1664.36112,6395.21367,4817.61425,133.55511,222.30739,206.4134
2016-12-16,1668.59826,6411.49463,4829.87894,133.96586,222.9911,207.04823
2016-12-19,1674.44691,6434.40981,4847.08882,134.08121,223.19843,207.2385
2016-12-20,1670.70524,6420.13735,4836.32139,134.54216,223.96944,207.95369
2016-12-21,1674.07942,6433.89961,4846.51166,134.10318,223.2663,207.29327
2016-12-22,1674.3636,6435.02217,4847.35726,133.82451,222.8034,206.86348
2016-12-23,1674.55872,6435.79128,4847.93385,133.77614,222.72353,206.78921
2016-12-26,1672.79206,6429.00152,4842.81928,133.635,222.48856,206.57104
2016-12-27,1672.28687,6427.05993,4841.35673,133.63935,222.4958,206.57777
2016-12-28,1669.41624,6418.23846,4834.45501,134.23141,223.55853,207.55345
2016-12-29,1675.29546,6442.32191,4852.36204,133.47774,222.35441,206.4256
2016-12-30,1684.00184,6475.80215,4877.57938,133.43362,222.2809,206.35736
2017-01-02,1688.96992,6494.9068,4891.96902,133.82727,222.93666,206.96614
2017-01-03,1676.93109,6448.66849,4857.13416,134.9655,224.83477,208.72793
2017-01-04,1698.87259,6533.04489,4920.68642,135.53713,225.78703,209.61197
2017-01-05,1721.7746,6621.17313,4987.05749,135.74448,226.13444,209.93419
2017-01-06,1713.86947,6590.78201,4964.16573,135.41505,225.58594,209.42493
2017-01-09,1708.56385,6570.37893,4948.79817,135.27721,225.35631,209.21175
2017-01-10,1714.7633,6594.51497,4966.93508,135.3002,225.40471,209.25491
2017-01-11,1703.19683,6550.03344,4933.43195,135.97298,226.52554,210.29543
2017-01-12,1722.2419,6623.27564,4988.59738,135.10582,225.08089,208.95429
2017-01-13,1727.82759,6644.7567,5004.77674,135.90758,226.41659,210.19429
2017-01-16,1716.59664,6601.68453,4972.30824,135.27882,225.37316,209.22449
2017-01-17,1722.21576,6623.29451,4988.58461,134.5984,224.2396,208.17214
2017-01-18,1725.01437,6634.05742,4996.6911,134.81713,224.60399,208.51042
2017-01-19,1712.22511,6585.29503,4959.96383,134.85166,224.67594,208.57722
2017-01-20,1719.58296,6613.59364,4981.278,134.58142,224.22569,208.15923
2017-01-23,1723.67793,6629.73454,4993.35847,134.0483,223.35064,207.3437
2017-01-24,1725.33819,6636.15673,4998.19277,134.07137,223.39031,207.38041
2017-01-25,1741.7053,6699.16153,5045.63809,135.50701,225.78413,209.60232
2017-01-26,1739.52824,6690.81443,5039.34927,136.27003,227.05639,210.78332
2017-01-27,1741.72469,6699.35178,5045.7691,135.97053,226.56036,210.32241
2017-01-30,1730.40409,6656.42164,5013.3496,135.26998,225.41385,209.2545
2017-01-31,1732.37713,6664.01266,5019.06671,133.9706,223.24861,207.24447
2017-02-01,1734.65903,6672.81398,5025.69375,134.74555,224.54078,208.44393
2017-02-02,1736.42141,6681.22649,5031.71185,134.28957,223.83564,207.77622
2017-02-03,1741.84169,6702.08583,5047.42084,134.92726,224.89868,208.76297
2017-02-06,1730.55996,6658.97217,5014.92236,134.66496,224.47141,208.36515
2017-02-07,1727.4624,6647.21176,5006.04365,135.08424,225.17569,209.01798
2017-02-08,1737.66015,6686.46474,5035.60381,135.63422,226.09287,209.86929
2017-02-09,1734.19976,6673.75441,5025.99747,135.90356,226.5624,210.3037
2017-02-10,1741.285,6701.02233,5046.53271,136.98546,228.36606,211.97791
2017-02-13,1749.06064,6731.30613,5069.27193,137.83069,229.78745,213.29446
2017-02-14,1737.95214,6688.55069,5037.07375,137.49333,229.22487,212.77229
2017-02-15,1749.00132,6731.30696,5069.22728,138.24314,230.48291,213.9381
2017-02-16,1759.38589,6775.98947,5102.75176,137.79333,229.89298,213.38528
2017-02-17,1754.93969,6758.98471,5089.94857,137.98173,230.21135,213.6809
2017-02-20,1755.47128,6761.54633,5091.87289,138.13399,230.48291,213.93276
2017-02-21,1753.94874,6755.92419,5087.63769,139.12102,232.13814,215.46907
2017-02-22,1757.43076,6771.05116,5098.99955,139.30466,232.50345,215.80689
2017-02-23,1764.17077,6801.78162,5122.1272,139.19203,232.47825,215.7829
2017-02-24,1750.51525,6749.87926,5082.98114,138.42172,231.21724,214.6099
2017-02-27,1749.63408,6746.69326,5080.56939,137.78494,230.16081,213.62881
2017-02-28,1753.08939,6760.36907,5090.83684,137.88165,230.33435,213.78858
2017-03-01,1760.14694,6788.22642,5111.73314,139.35475,232.81719,216.08963
2017-03-02,1758.48051,6786.05642,5109.24625,139.61298,233.39502,216.58979
2017-03-03,1757.25331,6781.48846,5105.77252,139.04004,232.44297,215.70484
2017-03-06,1757.41204,6782.41924,5106.45966,138.58681,231.69615,215.01122
2017-03-07,1752.67996,6764.40045,5092.8821,138.44225,231.46281,214.79421
2017-03-08,1746.18101,6739.63213,5074.22865,138.24903,231.15054,214.5042
2017-03-09,1747.85471,6748.07693,5080.53479,138.05459,230.89335,214.26333
2017-03-10,1763.90229,6810.13527,5127.23977,138.33503,231.36585,214.70106
2017-03-13,1772.27017,6842.55141,5151.64535,138.82844,232.19479,215.47028
2017-03-14,1765.05922,6814.74144,5130.70569,138.5753,231.77246,215.07829
2017-03-15,1768.55221,6828.71278,5141.21922,139.03893,232.56441,215.81299
2017-03-16,1796.79926,6942.69743,5226.19399,139.865,234.11197,217.21406
2017-03-17,1798.9629,6952.66372,5233.34427,139.96824,234.33891,217.41
2017-03-20,1799.11615,6954.27612,5234.32853,139.82396,234.13169,217.20823
2017-03-21,1800.32767,6959.10812,5237.96546,139.18681,233.0698,216.22309
2017-03-22,1784.80046,6899.14109,5192.82737,138.09496,231.24325,214.52848
2017-03-23,1792.9964,6931.30847,5216.94609,138.91558,232.63372,215.8146
2017-03-24,1797.67596,6950.20144,5231.00022,139.03968,232.86844,216.0255
2017-03-27,1797.83545,6951.43349,5231.78746,138.04278,231.21925,214.48985
2017-03-28,1812.06449,7006.65524,5273.34465,139.35297,233.42061,216.53178
2017-03-29,1802.02744,6983.22962,5253.87305,140.09581,235.18302,218.09025
2017-03-30,1802.10998,6987.3654,5256.35853,140.298,235.65112,218.49831
2017-03-31,1792.97628,6954.21112,5230.98085,140.10243,235.39915,218.24645
2017-04-03,1786.035,6927.435,5210.8243,140.12339,235.43934,218.28306
2017-04-04,1786.66626,6929.88347,5212.66604,140.03489,235.29063,218.14519
2017-04-05,1785.57745,6926.89427,5210.15264,139.94955,235.18914,218.04
2017-04-06,1780.44455,6909.59693,5197.00469,139.61926,234.72291,217.60201
2017-04-07,1780.11211,6909.15647,5196.49403,140.12569,235.60327,218.41062
2017-04-10,1780.16568,6913.26883,5198.57442,140.36789,236.14386,218.86913
2017-04-11,1786.97424,6939.97384,5218.61565,140.51366,236.39809,219.10308
2017-04-12,1785.39897,6933.86438,5214.01998,140.50216,236.37902,219.08534
2017-04-13,1779.86151,6913.14566,5198.41132,139.99388,235.55072,218.31642
2017-04-14,1777.62971,6904.47936,5191.89436,139.81834,235.25544,218.04273
2017-04-17,1787.57747,6943.129,5220.95735,140.09317,235.71825,218.47168
2017-04-18,1774.47126,6893.53701,5183.55132,138.61758,233.2799,216.20695
2017-04-19,1774.80607,6896.06576,5185.14704,138.43669,233.01699,215.95055
2017-04-20,1783.66606,6931.24078,5211.56807,138.45582,233.07439,216.00262
2017-04-21,1780.76937,6920.51355,5203.41297,139.24623,234.42287,217.2486
2017-04-24,1825.77156,7097.03409,5335.87696,140.47818,236.55122,219.2104
2017-04-25,1836.1084,7138.84192,5366.93591,140.44599,236.55094,219.19485
2017-04-26,1839.04042,7151.07972,5376.02408,141.31047,238.03486,220.5653
2017-04-27,1835.95625,7143.04347,5369.54428,141.20331,237.98617,220.50218
2017-04-28,1833.69761,7136.3039,5364.0825,140.73172,237.25944,219.81263
2017-05-01,1838.75991,7156.22102,5379.02858,140.75831,237.31143,219.85978
2017-05-02,1846.5141,7190.78054,5404.17582,141.55936,238.80746,221.21183
2017-05-03,1844.03447,7181.77016,5397.27417,141.28502,238.36609,220.79767
2017-05-04,1853.2422,7221.38239,5426.48242,141.49756,238.84877,221.22189
2017-05-05,1864.9129,7269.1828,5461.90295,141.85083,239.52167,221.82487
2017-05-08,1866.94111,7280.87514,5470.47179,142.72604,241.1249,223.30081
2017-05-09,1860.66719,7257.5125,5452.83858,142.7819,241.25601,223.41896
2017-05-10,1862.79489,7267.0363,5459.82818,143.23451,242.06157,224.15815
2017-05-11,1858.52349,7255.79652,5450.79555,142.91922,241.70942,223.8079
2017-05-12,1867.96047,7294.66351,5479.58287,142.92163,241.78059,223.85701
2017-05-15,1874.57301,7324.72433,5501.39986,142.7025,241.54964,223.61212
2017-05-16,1889.46429,7388.39143,5548.53314,142.47347,241.34098,223.39137
2017-05-17,1884.2682,7368.83952,5533.77649,141.27861,239.34187,221.538
2017-05-18,1868.75151,7313.43072,5491.99814,140.36706,237.96917,220.26067
2017-05-19,1882.7504,7368.84821,5533.55503,140.55324,238.30526,220.56941
2017-05-22,1893.33543,7413.53743,5566.52771,140.67119,238.61019,220.82839
2017-05-23,1892.43424,7410.45358,5564.17786,140.84214,238.91448,221.10865
2017-05-24,1887.63941,7393.03036,5550.80427,141.05682,239.32245,221.47459
2017-05-25,1892.43449,7412.37189,5565.28735,141.0494,239.32799,221.47816
2017-05-26,1885.3679,7385.32215,5544.85992,140.88708,239.07292,221.23741
2017-05-29,1883.7257,7379.70133,5540.46904,140.85252,239.04058,221.20066
2017-05-30,1883.3154,7380.19542,5540.37555,140.81555,239.0459,221.18704
2017-05-31,1890.05579,7408.0081,5560.96617,140.47123,238.50643,220.67642
2017-06-01,1894.62104,7428.5366,5576.33648,141.05513,239.58283,221.67076
2017-06-02,1916.37014,7514.14555,5640.57116,142.04798,241.27991,223.23983
2017-06-05,1911.40789,7495.87816,5626.63309,141.96346,241.17462,223.13347
2017-06-06,1904.45274,7469.15845,5606.47449,141.28367,240.03762,222.07748
2017-06-07,1903.87283,7467.0708,5604.8896,141.27827,240.03445,222.07384
2017-06-08,1894.49119,7432.36617,5578.83172,141.08945,239.7811,221.83912
2017-06-09,1892.9707,7426.63946,5574.50947,141.45521,240.41042,222.42041
2017-06-12,1886.33581,7401.47909,5555.42974,140.73291,239.21095,221.30297
2017-06-13,1895.7669,7438.52677,5583.23374,141.37974,240.31177,222.32124
2017-06-14,1905.82706,7478.55183,5613.19724,141.22265,240.06247,222.08749
2017-06-15,1877.04393,7366.13346,5528.80158,140.69277,239.17888,221.26936
2017-06-16,1892.92817,7428.5244,5575.62239,141.26888,240.16007,222.17677
2017-06-19,1901.79763,7463.84764,5602.03136,142.31842,241.96105,223.83875
2017-06-20,1887.76149,7408.93987,5560.82003,141.79495,241.0769,223.02082
2017-06-21,1882.64895,7389.45725,5546.06604,141.20154,240.08693,222.09974
2017-06-22,1886.03073,7403.07229,5556.27514,141.27135,240.2167,222.21941
2017-06-23,1889.22547,7415.76005,5565.77685,140.97367,239.7153,221.75474
2017-06-26,1894.49652,7436.49528,5581.33357,141.34175,240.34265,222.33486
2017-06-27,1892.8775,7430.83284,5577.08372,140.16367,238.36161,220.50225
2017-06-28,1901.14557,7465.6534,5602.94209,139.82814,237.8663,220.03323
2017-06-29,1895.74717,7446.14103,5588.01985,138.65624,235.92618,218.22769
2017-06-30,1883.1917,7396.98573,5551.13084,137.99153,234.80025,217.18623
2017-07-03,1887.67405,7414.72443,5564.4241,138.77626,236.13973,218.42448
2017-07-04,1882.63084,7395.20753,5549.74665,138.60667,235.8605,218.16498
2017-07-05,1883.59664,7399.37032,5552.79636,138.9532,236.46197,218.7184
2017-07-06,1882.56564,7395.58051,5549.95025,137.94565,234.75565,217.14004
2017-07-07,1874.10391,7362.36265,5525.01686,137.50042,233.99871,216.43969
2017-07-10,1880.44725,7387.28228,5543.71756,137.99611,234.84227,217.21995
2017-07-11,1878.37622,7379.19263,5537.63738,137.47595,233.95853,216.40216
2017-07-12,1900.87858,7467.60804,5603.98474,139.11678,236.75139,218.98532
2017-07-13,1904.88647,7483.43021,5615.8424,139.59958,237.57548,219.74694
2017-07-14,1918.74185,7537.94266,5656.73901,140.08064,238.39673,220.50611
2017-07-17,1920.24899,7543.86358,5661.18228,139.90347,238.09521,220.22722
2017-07-18,1921.05147,7547.01762,5663.54902,138.62655,235.92212,218.21721
2017-07-19,1926.13121,7566.97383,5678.52486,139.75333,237.83974,219.99092
2017-07-20,1937.82235,7612.98668,5713.05454,139.20573,236.9104,219.13132
2017-07-21,1927.64982,7573.02257,5683.06405,138.20176,235.20176,217.55091
2017-07-24,1919.9632,7543.28578,5660.65855,137.81027,234.54983,216.94445
2017-07-25,1925.71664,7565.99179,5677.69483,138.00397,234.88265,217.25218
2017-07-26,1929.37369,7580.40754,5688.51259,138.64052,235.96755,218.25564
2017-07-27,1936.44864,7608.85664,5709.84702,138.72548,236.13238,218.40755
2017-07-28,1931.73022,7590.39678,5695.98533,137.43322,233.93522,216.37498
2017-07-31,1936.90961,7610.7483,5711.25751,137.29913,233.70697,216.16386
2017-08-01,1953.09927,7674.81777,5759.32944,138.21228,235.27527,217.61417
2017-08-02,1952.5097,7673.23489,5758.04051,137.62287,234.29433,216.70306
2017-08-03,1955.39001,7686.81872,5768.17493,137.57063,234.27442,216.68242
2017-08-04,1947.62195,7656.88455,5745.64588,138.51078,235.894,218.17787
2017-08-07,1953.73111,7680.91147,5763.67436,138.42695,235.75153,218.04605
2017-08-08,1948.23548,7659.31552,5747.46899,138.72559,236.26042,218.51672
2017-08-09,1937.93725,7618.96412,5717.16437,137.93353,234.91566,217.27199
2017-08-10,1927.40905,7585.3942,5691.84627,137.09662,233.7313,216.17174
2017-08-11,1916.65067,7543.77866,5660.53313,135.84577,231.62103,214.21675
2017-08-14,1924.35824,7574.5204,5683.59947,136.48466,232.7228,215.2357
2017-08-15,1918.81747,7552.88565,5667.32805,136.84655,233.34527,215.80995
2017-08-16,1926.25519,7584.26627,5690.85368,137.54719,234.60506,216.97428
2017-08-17,1926.32265,7586.3925,5692.44886,137.10102,233.90141,216.32351
2017-08-18,1916.677,7549.09007,5664.34836,136.32164,232.59285,215.10908
2017-08-21,1917.84066,7553.83565,5667.89433,135.63105,231.41954,214.02341
2017-08-22,1920.70346,7565.94858,5676.98306,136.44545,232.83487,215.33234
2017-08-23,1921.69729,7570.36176,5680.28711,135.93255,231.97491,214.53675
2017-08-24,1919.53662,7562.79185,5674.60176,135.89474,231.93926,214.50358
2017-08-25,1927.80373,7595.50147,5699.12797,135.70978,231.62779,214.21489
2017-08-28,1930.95511,7608.11257,5708.57248,134.98225,230.39195,213.07128
2017-08-29,1925.56904,7587.59832,5693.11615,133.81664,228.42374,211.24867
2017-08-30,1918.7701,7561.13309,5673.25325,134.58073,229.73794,212.46385
2017-08-31,1930.82172,7608.93084,5709.10554,135.72788,231.70554,214.28308
2017-09-01,1938.37291,7639.13776,5731.76782,136.3734,232.82122,215.31478
2017-09-04,1932.39083,7616.05176,5714.44498,135.5759,231.47458,214.06936
2017-09-05,1933.1174,7619.17736,5716.77715,135.50743,231.36564,213.96812
2017-09-06,1934.55353,7625.24845,5721.32646,135.43203,231.24936,213.86036
2017-09-07,1948.88255,7684.07852,5765.44351,135.64547,231.68467,214.26206
2017-09-08,1953.56214,7702.64671,5779.35847,135.82413,231.99336,214.5469
2017-09-11,1965.49287,7749.86028,5814.78112,137.07556,234.13606,216.52838
2017-09-12,1970.23357,7768.84032,5829.022,137.75103,235.29853,217.60344
2017-09-13,1965.15155,7748.98919,5814.10855,137.82232,235.42601,217.72062
2017-09-14,1959.02694,7725.129,5796.20612,137.90197,235.57092,217.85463
2017-09-15,1964.30396,7746.00089,5811.86156,137.22166,234.41068,216.78147
2017-09-18,1966.49138,7755.46966,5818.83528,137.47789,234.87392,217.20499
2017-09-19,1978.24469,7801.9665,5853.70606,138.01671,235.79882,218.05974
2017-09-20,1981.48534,7815.30787,5863.57492,138.04689,235.8673,218.11783
2017-09-21,1969.2645,7767.53235,5827.707,138.04127,235.87062,218.12002
2017-09-22,1977.61287,7800.46151,5852.41259,138.0879,235.9503,218.1937
2017-09-25,1970.22098,7772.4037,5831.1361,138.73669,237.0924,219.24136
2017-09-26,1955.99227,7716.32945,5789.05369,138.92873,237.42233,219.54595
2017-09-27,1953.50542,7720.8572,5790.8079,139.16605,238.27039,220.26767
2017-09-28,1963.43574,7760.30081,5820.38441,139.23259,238.39034,220.37828
2017-09-29,1973.80646,7801.33553,5851.15107,139.53586,238.91098,220.8592
2017-10-02,1971.40681,7791.93244,5844.08332,140.38748,240.37162,222.2089
2017-10-03,1977.89592,7817.58046,5863.31977,140.6279,240.78327,222.58944
2017-10-04,1977.2541,7815.0437,5861.41716,140.4986,240.56188,222.38478
2017-10-05,1973.6902,7801.69796,5851.38656,140.80804,241.11459,222.89492
2017-10-06,1972.36622,7796.84584,5847.69305,140.4977,240.59494,222.41248
2017-10-09,1976.31021,7812.4366,5859.38623,140.71867,240.97335,222.76228
2017-10-10,1990.27828,7867.65298,5900.79894,140.76581,241.05406,222.8369
2017-10-11,1992.52524,7876.96081,5907.68449,140.60346,240.78905,222.58832
2017-10-12,1995.66995,7890.69782,5917.98419,140.79564,241.15807,222.92933
2017-10-13,2004.05367,7923.84627,5942.84537,141.51255,242.386,224.06445
2017-10-16,2004.68977,7926.36451,5944.73403,142.01343,243.24401,224.85761
2017-10-17,1996.15703,7892.69201,5919.47964,141.95645,243.14844,224.76925
2017-10-18,2000.92835,7911.55812,5933.62907,141.99973,243.22258,224.83779
2017-10-19,2005.96231,7931.82827,5948.82724,141.43223,242.26173,223.9494
2017-10-20,1997.73454,7899.38476,5924.48465,141.64678,242.63201,224.2913
2017-10-23,1996.71602,7895.52892,5921.55419,142.08689,243.39116,224.99161
2017-10-24,1994.79926,7887.94953,5915.86973,141.75134,242.81638,224.46028
2017-10-25,1991.21697,7873.79378,5905.252,140.90374,241.36476,223.11835
2017-10-26,1992.11362,7877.86548,5908.25285,142.25599,243.69741,225.27264
2017-10-27,1990.65881,7872.64713,5904.23945,143.63714,246.08015,227.4714
2017-10-30,1999.96147,7909.55892,5931.91824,143.74988,246.2771,227.6533
2017-10-31,2002.5427,7920.45307,5939.99908,143.66359,246.15057,227.53292
2017-11-01,2009.44663,7947.96486,5960.59825,144.56841,247.70727,228.97059
2017-11-02,2013.79171,7965.97317,5974.05302,144.17358,247.05626,228.36688
2017-11-03,2008.52566,7945.22229,5958.48497,144.48971,247.60048,228.8697
2017-11-06,2006.92329,7938.92521,5953.75774,144.76697,248.07688,229.30989
2017-11-07,2007.86966,7943.16099,5956.88532,144.95409,248.41293,229.61862
2017-11-08,2012.8959,7963.13764,5971.85703,145.20406,248.84422,230.01691
2017-11-09,2002.54658,7925.07663,5943.31226,143.96665,246.81333,228.13963
2017-11-10,1999.57038,7913.40052,5934.55504,143.29046,245.65726,227.07099
2017-11-13,1985.39991,7860.22268,5894.6065,142.2506,243.96461,225.50378
2017-11-14,1984.6335,7858.09109,5892.81652,141.10694,242.03101,223.70923
2017-11-15,1973.83293,7815.49864,5860.83883,139.78604,239.77063,221.61855
2017-11-16,1985.57687,7864.71447,5897.60445,140.95816,241.86463,223.54867
2017-11-17,1986.14892,7867.01118,5899.32651,140.88508,241.74019,223.43364
2017-11-20,1988.09327,7875.33962,5905.45076,141.42512,242.68614,224.30336
2017-11-21,1996.05282,7907.34797,5929.42252,142.26985,244.15048,225.65563
2017-11-22,2005.55956,7945.00885,5957.663,142.20764,244.04372,225.55695
2017-11-23,2013.95415,7979.71638,5983.68493,142.1276,243.95076,225.47088
2017-11-24,2022.85522,8014.98429,6010.13099,141.62562,243.08916,224.67455
2017-11-27,2015.80251,7987.08931,5989.20435,141.35091,242.61913,224.23979
2017-11-28,2014.70518,7982.83287,5986.00212,141.88108,243.53193,225.08304
2017-11-29,2016.84245,7991.35542,5992.38188,142.23534,244.14165,225.64616
2017-11-30,2020.1252,8004.60095,6002.3053,141.59462,243.04911,224.63606
2017-12-01,2003.72198,7939.63878,5953.58807,141.1195,242.23462,223.88308
2017-12-04,2010.79337,7967.77938,5974.60685,141.81472,243.43166,224.98633
2017-12-05,2006.33542,7950.79669,5961.73198,141.72157,243.29263,224.85253
2017-12-06,1994.17352,7902.7736,5925.69791,141.37031,242.69492,224.29918
2017-12-07,1997.80716,7917.40699,5936.65799,141.61589,243.12369,224.69498
2017-12-08,2005.31343,7947.26099,5959.02171,142.61368,244.83995,226.28033
2017-12-11,2015.00533,7985.67095,5987.8223,142.76839,245.10556,226.52581
2017-12-12,2016.22305,7991.1359,5991.82882,143.65849,246.65341,227.95286
2017-12-13,2019.80972,8005.35136,6002.48771,143.57132,246.50374,227.81454
2017-12-14,2016.51758,7992.43612,5992.80374,143.1182,245.72986,227.09932
2017-12-15,2007.96742,7958.54771,5967.39389,142.6325,244.89592,226.32861
2017-12-18,2037.84672,8077.3151,6056.44447,144.17897,247.56162,228.79212
2017-12-19,2029.07387,8043.56571,6030.91569,143.5826,246.56898,227.86631
2017-12-20,2028.64068,8041.84848,6029.62814,142.68211,245.02262,226.43724
2017-12-21,2033.6552,8061.82605,6044.60695,143.30616,246.0973,227.4304
2017-12-22,2032.69521,8058.02047,6041.7536,143.55322,246.52156,227.82249
2017-12-25,2033.61486,8061.66613,6044.48704,143.61816,246.63309,227.92556
2017-12-26,2034.6343,8065.70742,6047.51713,143.31473,246.11202,227.44401
2017-12-27,2041.28723,8094.72219,6068.96594,143.43881,246.40549,227.70374
2017-12-28,2043.30758,8104.96674,6076.39149,143.04556,245.79767,227.13252
2017-12-29,2050.79209,8134.65472,6098.64893,142.7326,245.2599,226.63558
2018-01-01,2050.85137,8134.88988,6098.82523,142.73673,245.26699,226.64213
2018-01-02,2055.10524,8151.76323,6111.47538,142.59342,245.02075,226.41459
2018-01-03,2058.54063,8165.46168,6121.73507,143.08719,245.87136,227.20023
2018-01-04,2089.1602,8287.10135,6212.92162,144.5902,248.45952,229.59155
2018-01-05,2100.91217,8333.71808,6247.87064,145.87468,250.66673,231.63114
2018-01-08,2099.01545,8326.19433,6242.23002,146.47312,251.69508,232.58141
2018-01-09,2105.11942,8350.40703,6260.38252,147.47164,253.41091,234.16693
2018-01-10,2112.05882,8377.93365,6281.01949,147.32181,253.15344,233.92901
2018-01-11,2113.12367,8382.23303,6284.24278,146.60686,251.92715,232.79585
2018-01-12,2126.09566,8433.68964,6322.82031,146.28637,251.37644,232.28696
2018-01-15,2146.4802,8514.65058,6383.49491,146.16668,251.17372,232.09882
2018-01-16,2145.29328,8510.00993,6380.00057,146.59349,251.90916,232.77785
2018-01-17,2144.20704,8505.7014,6376.7704,146.37565,251.53483,232.43194
2018-01-18,2141.65093,8496.14346,6369.60474,146.23699,251.31376,232.22766
2018-01-19,2152.40411,8538.80237,6401.58636,147.15158,252.88552,233.68006
2018-01-22,2160.44076,8571.42339,6425.89838,147.37551,253.29219,234.05059
2018-01-23,2176.09417,8633.52742,6472.45706,147.94219,254.26612,234.95054
2018-01-24,2183.40475,8662.53172,6494.20125,147.37224,253.28656,234.04539
2018-01-25,2186.64908,8675.42007,6503.86351,146.16288,251.20853,232.12522
2018-01-26,2184.48914,8666.85061,6497.43908,146.83471,252.3632,233.19217
2018-01-29,2171.21839,8614.45093,6458.12289,146.85213,252.40051,233.22547
2018-01-30,2157.73529,8561.66295,6418.45165,145.29348,249.74222,230.76564
2018-01-31,2153.05354,8543.12893,6404.55399,144.44289,248.28139,229.4157
2018-02-01,2154.32091,8550.40066,6409.59021,144.37725,248.23368,229.35676
2018-02-02,2123.82359,8429.35819,6318.85379,142.71678,245.37877,226.71895
2018-02-05,2087.58353,8285.53745,6211.04059,140.47353,241.52228,223.15566
2018-02-06,2020.88545,8020.82388,6012.60387,136.81711,235.23589,217.34729
2018-02-07,2042.53748,8106.76209,6077.025,138.85666,238.74264,220.58736
2018-02-08,2022.67393,8028.14707,6018.06735,137.91014,237.12182,219.08885
2018-02-09,1992.30586,7907.65899,5927.74639,135.93939,233.73467,215.95927
2018-02-12,2011.27532,7982.95067,5984.18661,136.9263,235.43156,217.52711
2018-02-13,2014.46515,7996.09495,5993.96446,136.25551,234.29237,216.47184
2018-02-14,2033.82684,8074.61732,6052.78774,137.00516,235.63011,217.70646
2018-02-15,2058.65788,8178.39707,6130.40741,137.86665,237.26251,219.20845
2018-02-16,2075.66983,8246.06093,6181.12005,139.35209,239.82123,221.57221
2018-02-19,2071.02165,8227.7597,6167.37596,139.62326,240.29273,222.0069
2018-02-20,2065.53206,8206.21482,6151.21279,139.87942,240.74132,222.42087
2018-02-21,2062.28327,8193.74218,6141.849,139.90314,240.79492,222.46987
2018-02-22,2057.74419,8180.1938,6131.69343,139.58955,240.38701,222.093
2018-02-23,2065.20819,8210.12957,6154.11861,140.3522,241.70815,223.31309
2018-02-26,2076.30269,8255.55192,6188.08356,141.22103,243.24319,224.72831
2018-02-27,2070.3726,8232.71704,6170.88168,141.37571,243.53162,224.99166
2018-02-28,2051.72803,8158.81148,6115.47832,140.59077,242.18642,223.74861
2018-03-01,2022.42794,8044.72737,6029.96075,138.78786,239.15289,220.94584
2018-03-02,2005.07838,7975.72911,5978.2428,136.12186,234.55938,216.70204
2018-03-05,2011.70112,8002.23774,5998.11246,136.38867,235.02397,217.13126
2018-03-06,2030.16628,8079.56412,6055.09599,136.83026,235.89805,217.90364
2018-03-07,2027.94836,8070.88114,6048.58764,136.65322,235.59704,217.62555
2018-03-08,2036.80476,8109.0435,6077.14677,138.07383,238.13186,219.96553
2018-03-09,2040.89842,8125.72595,6089.59595,138.45241,238.79608,220.57716
2018-03-12,2056.9027,8189.63423,6137.4902,139.54946,240.69373,222.33003
2018-03-13,2054.04592,8178.44071,6129.10085,138.47321,238.84272,220.62022
2018-03-14,2046.22434,8147.6135,6105.93198,138.36447,238.66439,220.4531
2018-03-15,2047.88583,8158.37937,6113.06041,138.91516,239.73623,221.40912
2018-03-16,2043.58472,8143.55833,6101.48081,139.08058,240.08993,221.71855
2018-03-19,2030.49979,8092.61854,6063.06266,137.62968,237.62061,219.42905
2018-03-20,2026.54847,8076.91788,6051.33798,138.01668,238.29017,220.04875
2018-03-21,2024.76186,8070.49981,6046.43699,137.93996,238.17845,219.94222
2018-03-22,2015.97768,8037.81398,6021.7199,136.88404,236.42366,218.31349
2018-03-23,1989.60735,7934.41089,5943.89607,134.53062,232.40974,214.59415
2018-03-26,1989.65102,7934.92647,5944.20157,133.64691,230.89303,213.19081
2018-03-27,2011.22477,8022.05921,6009.28444,135.60831,234.31357,216.34227
2018-03-28,2001.79579,8002.60395,5992.6131,135.45339,234.57802,216.51065
2018-03-29,2002.23479,8005.96796,5994.95316,136.06145,235.67842,217.5198
2018-03-30,2005.67203,8019.7276,6005.25471,136.29502,236.08347,217.89358
2018-04-02,2005.39239,8018.60945,6004.41743,136.15424,235.83961,217.66851
2018-04-03,1992.23791,7966.23738,5965.19505,135.65235,234.97693,216.87209
2018-04-04,1988.745,7953.20957,5955.18979,135.13926,234.1158,216.06825
2018-04-05,2014.1993,8056.79869,6032.74673,137.65801,238.53243,220.1441
2018-04-06,2013.31,8059.57564,6033.51491,137.22691,237.97245,219.57957
2018-04-09,2024.28466,8103.51447,6066.4071,137.42017,238.30776,219.88893
2018-04-10,2044.09329,8183.25896,6126.03082,138.32669,239.89293,221.3489
2018-04-11,2041.19581,8172.38642,6117.75592,137.74582,238.90681,220.43412
2018-04-12,2037.43424,8158.5559,6107.30326,138.23985,239.79981,221.25447
2018-04-13,2042.40774,8179.80413,6123.0173,138.47051,240.23906,221.65281
2018-04-16,2043.5813,8189.67706,6129.16453,138.10752,239.76075,221.16664
2018-04-17,2050.60179,8218.75859,6150.74029,138.82895,241.04095,222.34073
2018-04-18,2065.01467,8276.67661,6194.05841,139.43762,242.10218,223.31868
2018-04-19,2064.23752,8275.84385,6193.3694,139.52606,242.32255,223.51958
2018-04-20,2050.72116,8223.06519,6153.60243,139.58332,242.46359,223.63989
2018-04-23,2044.81942,8200.8014,6136.73776,139.84219,242.95477,224.08549
2018-04-24,2047.80709,8214.48759,6146.58958,140.1153,243.47978,224.55548
2018-04-25,2030.71564,8150.15865,6097.70084,139.42529,242.40657,223.53806
2018-04-26,2036.37752,8176.87689,6117.37112,140.5008,244.39586,225.36074
2018-04-27,2042.8295,8205.54845,6138.41266,141.0799,245.48588,226.35079
2018-04-30,2043.65577,8211.50312,6142.37058,141.36475,246.06052,226.8623
2018-05-01,2029.62245,8155.67272,6100.5446,141.47719,246.27301,227.05584
2018-05-02,2032.72041,8169.68515,6110.68141,142.08421,247.37702,228.06084
2018-05-03,2026.73228,8150.11331,6095.50926,141.71305,246.86698,227.57072
2018-05-04,2031.2012,8170.78632,6110.4817,142.28743,247.94955,228.55038
2018-05-07,2037.30872,8199.55048,6131.44625,142.90692,249.15656,229.64249
2018-05-08,2033.95507,8186.84998,6121.84709,143.38774,250.01921,230.43374
2018-05-09,2039.14488,8209.05355,6138.16566,143.74754,250.68672,231.03824
2018-05-10,2043.79113,8236.033,6157.54464,143.784,251.00249,231.29942
2018-05-11,2059.94143,8304.8277,6208.3168,144.13761,251.7323,231.94724
2018-05-14,2066.79844,8335.20278,6230.46331,144.32136,252.13582,232.29816
2018-05-15,2048.75669,8264.44533,6177.53716,144.34598,252.23997,232.39276
2018-05-16,2041.88329,8237.31095,6157.11238,144.78324,253.02225,233.1081
2018-05-17,2050.45214,8275.57677,6185.48995,145.32301,254.07908,234.07325
2018-05-18,2047.36407,8267.36723,6178.86544,145.37537,254.30147,234.25961
2018-05-21,2048.57688,8276.05332,6184.62296,145.70288,254.99111,234.86701
2018-05-22,2053.91253,8299.93035,6201.97678,145.797,255.22721,235.06593
2018-05-23,2029.27421,8201.14099,6128.14179,144.90342,253.68692,233.64669
2018-05-24,2023.03212,8176.81275,6109.90373,144.21127,252.50289,232.55394
2018-05-25,2014.52305,8142.87686,6084.45262,144.46107,252.95445,232.96625
2018-05-28,2006.15809,8112.42809,6060.98426,144.27593,252.73505,232.73666
2018-05-29,1982.08545,8015.99815,5988.81043,143.24732,250.96181,231.09877
2018-05-30,1981.97997,8018.95739,5990.26496,142.64145,250.00592,230.18947
2018-05-31,1986.16799,8038.03711,6004.30304,142.202,249.30192,229.53307
2018-06-01,1992.39559,8063.61914,6023.35349,142.77018,250.30979,230.45876
2018-06-04,2009.94392,8135.35343,6076.8201,143.61514,251.81327,231.83852
2018-06-05,2000.90653,8099.44602,6049.87293,143.30633,251.29265,231.3544
2018-06-06,2014.79322,8156.0938,6092.09429,142.92906,250.64449,230.75419
2018-06-07,2021.07637,8183.98809,6112.88032,142.8413,250.56589,230.67997
2018-06-08,2010.48801,8141.24858,6080.95682,142.80548,250.50724,230.62597
2018-06-11,2023.53961,8195.49904,6121.16463,143.23949,251.31149,231.35454
2018-06-12,2019.41634,8178.93795,6108.76918,143.19625,251.23988,231.28764
2018-06-13,2019.45778,8179.74566,6109.286,143.35732,251.54215,231.56262
2018-06-14,2015.24276,8163.64626,6097.24062,144.5685,253.6976,233.54606
2018-06-15,2000.09361,8102.2778,6051.40593,143.88932,252.50574,232.44887
2018-06-18,1983.86274,8037.33076,6002.78178,142.76466,250.55716,230.65059
2018-06-19,1962.15225,7949.37384,5937.09004,141.80673,248.87596,229.10296
2018-06-20,1971.24482,7986.41996,5964.75569,142.28545,249.72266,229.88228
2018-06-21,1963.99194,7958.30017,5943.58044,141.41385,248.23238,228.50373
2018-06-22,1980.43997,8024.96291,5993.36419,142.21832,249.64495,229.80393
2018-06-25,1953.62297,7916.3258,5912.22562,139.71631,245.25388,225.7617
2018-06-26,1952.31407,7911.02195,5908.26449,139.86806,245.52026,226.00691
2018-06-27,1950.21927,7905.23567,5903.62892,140.56144,246.82176,227.19288
2018-06-28,1938.94559,7862.13529,5871.13504,139.96012,245.84709,226.28391
2018-06-29,1958.64038,7942.24394,5930.94676,140.20111,246.27813,226.68025
2018-07-02,1930.12849,7826.62885,5844.61009,138.98156,244.13586,224.70845
2018-07-03,1946.25534,7892.30268,5893.61294,139.6255,245.27572,225.75609
2018-07-04,1946.0398,7891.64931,5893.0756,139.66999,245.36072,225.83243
2018-07-05,1954.38517,7925.60221,5918.42987,139.56778,245.18459,225.67032
2018-07-06,1969.60986,7987.34276,5964.53452,140.00303,245.94922,226.37409
2018-07-09,1984.19639,8046.49537,6008.70663,141.01588,247.72853,228.01178
2018-07-10,1984.4266,8047.42896,6009.40378,141.50153,248.58168,228.79703
2018-07-11,1961.4663,7954.33564,5939.883,139.85835,245.69559,226.14051
2018-07-12,1966.11532,7973.29276,5954.01785,140.62777,247.05047,227.38674
2018-07-13,1972.67953,7999.91478,5973.8975,141.30286,248.23651,228.47837
2018-07-16,1972.34484,7998.5575,5972.88396,140.79619,247.34641,227.65912
2018-07-17,1972.64413,7999.77232,5973.79099,141.11286,247.90276,228.17118
2018-07-18,1977.73982,8020.43717,5989.22237,141.96953,249.40773,229.55636
2018-07-19,1970.9415,7992.86819,5968.63529,141.84703,249.19254,229.3583
2018-07-20,1985.18857,8050.68044,6011.7984,141.71304,248.95825,229.14236
2018-07-23,1980.69637,8033.15951,5998.57949,141.42861,248.48011,228.69712
2018-07-24,1997.02968,8099.40294,6048.04527,142.58268,250.50774,230.56331
2018-07-25,1992.82276,8082.43764,6035.37622,142.67235,250.66828,230.71105
2018-07-26,2002.29821,8121.91492,6064.85286,143.52285,252.19508,232.11622
2018-07-27,2011.47826,8159.33642,6092.77366,144.26748,253.50927,233.32489
2018-07-30,2011.38786,8159.76318,6092.98305,143.53424,252.24533,232.15743
2018-07-31,2006.0581,8138.28611,6076.93887,143.28849,251.81793,231.76379
2018-08-01,1999.96063,8113.7113,6058.5691,143.19564,251.65976,231.61748
2018-08-02,1976.6239,8020.0467,5988.57616,142.26211,250.05064,230.13448
2018-08-03,1981.84372,8041.33544,6004.46242,142.90854,251.19029,231.18297
2018-08-06,1974.91401,8013.82094,5983.84983,142.80313,251.02389,231.02721
2018-08-07,1991.47649,8081.06561,6034.06083,143.57838,252.38781,232.28248
2018-08-08,1991.05238,8079.78268,6033.10288,143.40553,252.09764,232.01543
2018-08-09,1987.27832,8072.11416,6027.19426,143.51713,252.53304,232.40911
2018-08-10,1950.79883,7924.12471,5916.67428,142.60787,250.93902,230.94129
2018-08-13,1933.57064,7854.17237,5864.44,141.55275,249.08328,229.23331
2018-08-14,1936.31216,7865.91246,5873.13011,142.29566,250.40977,230.45112
2018-08-15,1910.81674,7764.6587,5797.5284,141.16683,248.49742,228.69119
2018-08-16,1922.55277,7815.53054,5835.50847,141.04886,248.39089,228.593
2018-08-17,1927.7791,7837.2975,5851.67006,141.21535,248.70062,228.87449
2018-08-20,1938.11216,7880.03875,5883.56746,141.68045,249.54292,229.64906
2018-08-21,1947.38194,7918.571,5912.28884,141.28908,248.88008,229.03719
2018-08-22,1958.19333,7962.93794,5945.41479,141.09966,248.55907,228.74177
2018-08-23,1947.27973,7919.77292,5913.1802,140.59814,247.71359,227.96347
2018-08-24,1957.02601,7959.70613,5942.96707,140.66384,247.83851,228.07733
2018-08-27,1976.29918,8038.40176,6001.70691,141.52575,249.36664,229.48297
2018-08-28,1982.2461,8063.03017,6020.07632,141.43051,249.21244,229.34034
2018-08-29,1984.14269,8071.55368,6026.36894,141.81402,249.91326,229.98256
2018-08-30,1976.2028,8039.5415,6002.45415,141.67666,249.68012,229.76748
2018-08-31,1962.04517,7982.13273,5959.57837,140.93369,248.37659,228.5674
2018-09-03,1957.12819,7962.52115,5944.93607,140.68329,247.94749,228.17252
2018-09-04,1938.19244,7885.66119,5887.53838,140.17817,247.06287,227.35795
2018-09-05,1923.60712,7826.63058,5843.46535,138.2856,243.73691,224.29726
2018-09-06,1914.36628,7792.08168,5817.6403,137.5503,242.53581,223.1908
2018-09-07,1905.43948,7755.96249,5790.67085,137.47622,242.41194,223.0767
2018-09-10,1911.97944,7782.93927,5810.81196,137.70437,242.82535,223.45714
2018-09-11,1911.65006,7781.99645,5810.09376,137.9005,243.18364,223.7863
2018-09-12,1921.87388,7823.75054,5841.25535,138.16694,243.6577,224.22208
2018-09-13,1929.86056,7856.97387,5866.0546,138.15286,243.65489,224.21928
2018-09-14,1939.01677,7894.25122,5893.88605,138.9035,244.97878,225.43757
2018-09-17,1943.47061,7912.58662,5907.57279,138.94863,245.06464,225.51648
2018-09-18,1953.44134,7953.37797,5938.00829,139.54211,246.11746,226.48458
2018-09-19,1964.23544,7997.96243,5971.13127,140.6739,248.1334,228.33344
2018-09-20,1981.80646,8069.94043,6024.81587,140.94191,248.61947,228.77871
2018-09-21,1994.96488,8123.6063,6064.88147,141.76914,250.08128,230.12387
2018-09-24,1989.25139,8101.17855,6047.98605,141.01539,248.7774,228.91831
2018-09-25,1996.99386,8133.71373,6072.05049,141.6183,249.87189,229.91692
2018-09-26,1996.2909,8147.13615,6080.21439,142.01431,251.0725,230.95113
2018-09-27,1985.89507,8104.96902,6048.72584,142.13376,251.29172,231.15206
2018-09-28,1973.59939,8054.83454,6011.29993,142.00774,251.0704,230.94806
2018-10-01,1970.264,8041.22182,6001.1408,142.141,251.306,231.16478
2018-10-02,1961.05698,8003.64532,5973.05709,141.83183,250.75939,230.66041
2018-10-03,1957.33429,7988.45192,5961.71837,141.7773,250.66298,230.57173
2018-10-04,1941.63848,7925.76358,5914.92024,140.84791,249.0629,229.09935
2018-10-05,1927.1388,7866.57593,5870.74907,139.92362,247.42846,227.59592
2018-10-08,1910.13516,7797.65504,5819.23988,139.14841,246.07305,226.34627
2018-10-09,1903.1418,7769.17608,5797.97097,138.67523,245.23846,225.57797
2018-10-10,1893.46436,7730.10478,5768.71554,137.21636,242.6722,223.21368
2018-10-11,1851.20499,7559.33961,5641.27059,133.83475,236.74681,217.76307
2018-10-12,1850.75478,7557.51846,5639.90804,133.78485,236.65906,217.68223
2018-10-15,1847.98831,7546.3072,5631.54015,133.29663,235.79811,216.89027
2018-10-16,1867.55176,7626.19505,5691.1576,134.77755,238.41782,219.29991
2018-10-17,1866.20814,7620.70839,5687.0631,135.27634,239.30015,220.11149
2018-10-18,1852.35231,7564.64715,5645.18627,134.73356,238.35637,219.24182
2018-10-19,1849.3678,7552.72087,5636.23436,134.44627,237.85637,218.77991
2018-10-22,1840.61833,7516.98851,5609.56901,134.11936,237.27802,218.24794
2018-10-23,1809.12856,7388.38592,5513.59905,131.95136,233.44249,214.72003
2018-10-24,1797.60931,7341.40168,5478.53696,131.83026,233.23013,214.5247
2018-10-25,1784.14191,7286.71951,5437.73027,131.03232,231.82858,213.23556
2018-10-26,1777.76258,7260.66531,5418.28727,130.66715,231.1825,212.64129
2018-10-29,1785.29699,7291.58597,5441.35565,131.00203,231.77973,213.19038
2018-10-30,1788.76302,7306.12879,5452.16491,131.55668,232.77338,214.10263
2018-10-31,1815.16744,7414.29846,5532.84827,133.88744,236.90766,217.90381
2018-11-01,1826.25127,7460.52881,5567.26744,133.919,236.9939,217.98002
2018-11-02,1837.04944,7504.6474,5600.19105,134.92986,238.78299,219.62561
2018-11-05,1829.93333,7475.62011,5578.52509,134.14781,237.40039,218.35374
2018-11-06,1834.93589,7496.33403,5593.92401,134.32013,237.71415,218.64004
2018-11-07,1852.25365,7567.13318,5646.75022,134.94954,238.82963,219.6658
2018-11-08,1856.93166,7588.57869,5662.75329,135.81725,240.43923,221.14624
2018-11-09,1840.66561,7522.29427,5613.2513,135.49316,239.87151,220.62253
2018-11-12,1819.04517,7435.89241,5548.71454,135.12154,239.27652,220.07282
2018-11-13,1818.59482,7435.37028,5548.32312,134.73481,238.63402,219.48181
2018-11-14,1813.65823,7415.34646,5533.34549,134.0423,237.4126,218.35701
2018-11-15,1807.09502,7391.60665,5515.48814,133.42744,236.42255,217.4408
2018-11-16,1812.83535,7415.10663,5533.02341,132.96438,235.60269,216.68676
2018-11-19,1812.92409,7415.83187,5533.49947,132.28592,234.41196,215.5891
2018-11-20,1789.11627,7318.60395,5460.91869,131.02919,232.19006,213.54437
2018-11-21,1796.58766,7349.39871,5483.86726,131.77846,233.52517,214.77111
2018-11-22,1793.81111,7339.98558,5476.83873,131.42485,232.96028,214.25139
2018-11-23,1792.5072,7334.75077,5472.91845,132.05867,234.08698,215.28705
2018-11-26,1804.74115,7384.81079,5510.27137,133.01274,235.77816,216.84241
2018-11-27,1799.77295,7365.35996,5495.63403,133.23405,236.19863,217.22422
2018-11-28,1800.642,7369.1852,5498.43759,133.46389,236.61473,217.60488
2018-11-29,1819.80898,7447.83964,5557.1077,133.56965,236.80898,217.78286
2018-11-30,1809.56428,7406.00428,5525.8764,133.56846,236.80984,217.783
2018-12-03,1835.6613,7512.93815,5605.65125,135.19623,239.69983,220.44032
2018-12-04,1817.91574,7441.16402,5551.92207,133.84209,237.32623,218.2505
2018-12-05,1797.03355,7355.7367,5488.1731,132.42716,234.81884,215.94422
2018-12-06,1758.35311,7197.82668,5370.31485,129.10429,228.94008,210.53642
2018-12-07,1768.4808,7239.30975,5401.26263,129.751,230.08771,211.59168
2018-12-10,1732.44802,7091.8147,5291.21521,127.26933,225.68714,207.54482
2018-12-11,1739.99953,7122.7518,5314.29373,128.41103,227.71251,209.40722
2018-12-12,1775.10186,7266.44444,5421.50298,130.52324,231.45812,212.85173
2018-12-13,1773.46208,7259.96795,5416.66546,130.61527,231.62883,213.00851
2018-12-14,1752.74055,7175.14087,5353.37593,129.66045,229.93559,211.45139
2018-12-17,1748.1977,7156.65541,5339.5688,128.87948,228.55421,210.18046
2018-12-18,1732.09677,7092.58836,5291.45862,127.3891,225.96998,207.79181
2018-12-19,1740.54895,7127.19835,5317.27957,127.35509,225.90966,207.73634
2018-12-20,1713.27229,7015.6112,5234.02945,125.42516,222.48957,204.59139
2018-12-21,1706.01015,6985.87377,5211.8437,124.92087,221.59502,203.7688
2018-12-24,1703.41574,6975.35052,5203.97853,124.73089,221.26122,203.46129
2018-12-25,1683.36286,6893.2356,5142.71649,123.26254,218.6565,201.06611
2018-12-26,1686.68567,6909.75176,5154.70597,123.57081,219.29568,201.64087
2018-12-27,1687.56294,6914.42054,5158.18891,123.6893,219.54008,201.86559
2018-12-28,1712.31952,7017.09757,5234.52278,125.15259,222.17667,204.27963
2018-12-31,1719.87789,7048.07217,5257.62876,125.73802,223.21595,205.2352
2019-01-01,1719.94367,7048.34173,5257.82984,125.74283,223.22449,205.24304
2019-01-02,1708.59188,7001.82203,5223.12768,125.76001,223.25498,205.27108
2019-01-03,1710.21522,7008.61215,5228.18525,125.46512,222.73587,204.79348
2019-01-04,1736.68901,7117.18006,5309.16243,127.21188,225.83926,207.64647
2019-01-07,1752.71174,7182.87363,5358.15958,127.80306,226.88975,208.61202
2019-01-08,1762.36557,7222.43645,5387.67199,128.73163,228.53824,210.12771
2019-01-09,1785.40109,7316.83946,5458.09316,129.62685,230.12753,211.58897
2019-01-10,1787.04526,7326.48394,5465.28759,129.62798,230.22087,211.67479
2019-01-11,1786.13033,7322.73295,5462.48949,130.0583,230.98512,212.37748
2019-01-14,1779.29782,7294.98877,5441.79335,129.67377,230.31063,211.75732
2019-01-15,1785.12479,7319.26274,5459.82677,130.49672,231.78442,213.10949
2019-01-16,1784.10563,7315.08404,5456.70966,130.85717,232.42463,213.69813
2019-01-17,1782.71689,7309.92212,5452.8591,130.92767,232.56678,213.82882
2019-01-18,1805.09914,7401.69917,5521.32048,132.7231,235.75601,216.7611
2019-01-21,1804.9226,7401.8355,5521.25534,132.7218,235.7811,216.77761
2019-01-22,1795.66951,7363.89042,5492.95082,132.14603,234.75828,215.83722
2019-01-23,1793.35681,7354.42338,5485.88562,131.71488,233.99288,215.13338
2019-01-24,1795.48647,7363.15694,5492.40024,132.16748,234.79692,215.87262
2019-01-25,1813.63107,7437.56658,5547.90464,132.9819,236.24375,217.20283
2019-01-28,1805.29473,7403.37989,5522.40375,131.93657,234.38671,215.49547
2019-01-29,1810.72706,7425.80596,5539.11507,132.57123,235.51891,216.53575
2019-01-30,1815.23239,7445.16312,5553.41876,132.77895,235.91584,216.8954
2019-01-31,1831.09498,7512.35078,5603.161,133.36729,237.0283,217.90363
2019-02-01,1830.04415,7508.06617,5599.96224,133.3663,237.02738,217.90267
2019-02-04,1828.28771,7500.92493,5594.625,133.69881,237.62038,218.44741
2019-02-05,1846.96848,7577.57332,5651.79305,135.28388,240.43773,221.03739
2019-02-06,1843.96307,7565.3104,5642.6391,135.43766,240.71317,221.29031
2019-02-07,1822.51425,7477.40961,5577.07631,134.12748,238.38773,219.15246
2019-02-08,1804.72801,7404.44101,5522.65164,133.1468,236.6449,217.55023
2019-02-11,1806.26167,7410.76504,5527.36254,133.87449,237.93925,218.73991
2019-02-12,1823.35366,7481.01099,5579.75479,134.86023,239.69511,220.35405
2019-02-13,1833.57874,7524.81412,5612.33297,135.76069,241.3549,221.87625
2019-02-14,1828.80419,7509.26266,5600.55515,135.55729,241.12312,221.65609
2019-02-15,1840.09984,7555.63978,5635.14458,136.53382,242.86,223.25276
2019-02-18,1855.25317,7618.10547,5681.70782,137.12859,243.92578,224.23151
2019-02-19,1858.12439,7630.08744,5690.61573,137.00759,243.71668,224.03818
2019-02-20,1870.02619,7679.37645,5727.28295,137.709,244.97765,225.19367
2019-02-21,1867.00668,7670.6882,5720.80325,137.50481,244.73284,224.96863
2019-02-22,1869.14601,7680.22663,5727.90376,137.7595,245.21003,225.40677
2019-02-25,1876.83737,7711.92198,5751.53595,138.22884,246.0484,226.17718
2019-02-26,1879.39023,7724.38505,5760.75312,138.28281,246.20737,226.32026
2019-02-27,1879.12825,7723.84952,5760.27325,137.97201,245.6712,225.82425
2019-02-28,1873.71937,7704.73191,5745.9932,137.5205,244.96629,225.17539
2019-03-01,1878.53181,7724.84704,5760.9816,137.86766,245.59505,225.75285
2019-03-04,1878.69888,7729.46085,5763.49144,138.6837,247.17431,227.16783
2019-03-05,1874.98246,7714.29938,5752.17887,138.60524,247.0386,227.04281
2019-03-06,1875.37076,7716.23416,5753.58965,138.48695,246.83856,226.8577
2019-03-07,1858.11025,7655.09595,5707.07552,138.26299,246.75785,226.74671
2019-03-08,1839.23183,7577.58632,5649.26464,136.82169,244.19415,224.3899
2019-03-11,1849.84116,7621.29645,5681.85155,137.73966,245.8325,225.89539
2019-03-12,1861.68845,7670.57632,5718.59082,138.00091,246.31384,226.33769
2019-03-13,1869.32123,7702.27756,5742.17583,138.13787,246.56639,226.56782
2019-03-14,1874.69541,7725.80605,5759.60462,138.59628,247.42897,227.35602
2019-03-15,1890.30624,7790.36564,5807.68889,139.48511,249.02296,228.81892
2019-03-18,1900.06233,7830.87212,5837.85254,140.06279,250.06387,229.77404
2019-03-19,1907.48942,7863.05157,5861.50277,140.49874,250.89229,230.5219
2019-03-20,1896.56921,7818.08142,5827.97982,139.62672,249.33653,229.09246
2019-03-21,1900.10207,7834.40174,5840.10186,139.78215,249.67008,229.3972
2019-03-22,1882.96907,7764.5626,5787.87918,139.47322,249.14405,228.90749
2019-03-25,1866.69685,7697.60874,5737.97027,137.78556,246.134,226.14194
2019-03-26,1881.34421,7758.33323,5783.15949,139.38375,248.99934,228.77152
2019-03-27,1875.96243,7757.89181,5780.1729,139.33706,249.61582,229.23253
2019-03-28,1865.8573,7718.04372,5750.25348,138.7962,248.70944,228.39104
2019-03-29,1875.43233,7761.72587,5782.22607,139.58922,250.26186,229.79388
2019-04-01,1896.34914,7848.6967,5846.92403,141.24041,253.23521,232.52038
2019-04-02,1896.02714,7847.74747,5846.21635,141.60131,253.8947,233.1259
2019-04-03,1916.71078,7933.61544,5910.13199,142.64889,255.78133,234.85613
2019-04-04,1909.97386,7909.43209,5891.75298,142.31225,255.2972,234.39714
2019-04-05,1911.39502,7917.84148,5897.38356,142.33566,255.42062,234.48526
2019-04-08,1914.72361,7932.31491,5908.06676,142.09607,255.0127,234.10694
2019-04-09,1911.75922,7920.58961,5899.2249,141.73135,254.37599,233.51812
2019-04-10,1910.54023,7916.74315,5896.12114,141.91794,254.74962,233.85164
2019-04-11,1909.5998,7915.15213,5894.7443,141.57125,254.20136,233.34076
2019-04-12,1915.67439,7941.38942,5914.17293,141.50694,254.11975,233.26146
2019-04-15,1922.2234,7973.72695,5937.01539,142.0472,255.25606,234.25556
2019-04-16,1925.71228,7988.53715,5947.96733,142.42466,255.94516,234.88499
2019-04-17,1928.10422,7998.80354,5955.56277,142.57002,256.2174,235.13292
2019-04-18,1920.40599,7967.85042,5932.48151,142.74594,256.5652,235.45071
2019-04-19,1920.80543,7969.50771,5933.71544,142.77563,256.61857,235.49969
2019-04-22,1920.37217,7967.71009,5932.37702,142.59757,256.29854,235.20599
2019-04-23,1921.8891,7977.30045,5938.90542,143.32144,257.70609,236.47334
2019-04-24,1917.35363,7958.81841,5925.11049,143.04066,257.21231,236.01882
2019-04-25,1910.86734,7935.42679,5907.39597,143.3051,257.8026,236.54846
2019-04-26,1915.65493,7957.67084,5923.54796,143.42605,258.09679,236.80212
2019-04-29,1916.37566,7964.55588,5928.0596,143.43504,258.23913,236.90819
2019-04-30,1921.4939,7987.5504,5944.79522,143.29197,258.03722,236.70785
2019-05-01,1925.82829,8005.62325,5958.24607,143.18719,257.85029,236.53638
2019-05-02,1911.65861,7952.60997,5917.89096,142.85808,257.44831,236.13174
2019-05-03,1918.80998,7983.78109,5940.85984,143.34124,258.365,236.96347
2019-05-06,1905.84726,7935.02466,5903.90336,142.2775,256.61515,235.33162
2019-05-07,1885.818,7853.97111,5843.11717,140.87033,254.15283,233.05439
2019-05-08,1881.09229,7835.31846,5829.0331,140.34171,253.23235,232.20207
2019-05-09,1860.03651,7755.05303,5768.10652,138.43097,250.02444,229.21234
2019-05-10,1865.10285,7777.33026,5784.4697,138.62903,250.41931,229.56615
2019-05-13,1848.87724,7712.21111,5735.86508,137.43524,248.34465,227.65745
2019-05-14,1851.38625,7724.24689,5744.7382,138.00225,249.41994,228.64004
2019-05-15,1860.52489,7763.76841,5773.85838,138.75151,250.81915,229.91181
2019-05-16,1868.60536,7805.28112,5804.20411,139.69693,252.78058,231.68871
2019-05-17,1865.83025,7795.56328,5796.72934,139.7332,252.90701,231.79466
2019-05-20,1858.27792,7770.95618,5777.41381,139.09905,251.98451,230.90848
2019-05-21,1861.57595,7788.81573,5790.16961,139.14029,252.19093,231.07681
2019-05-22,1857.58288,7772.56676,5778.02809,139.18415,252.28529,231.16078
2019-05-23,1839.56153,7700.2017,5723.74913,137.8833,250.0261,229.0714
2019-05-24,1853.25594,7758.49562,5766.90326,138.24026,250.70473,229.6861
2019-05-27,1855.28766,7769.07606,5774.29788,138.54019,251.31579,230.2272
2019-05-28,1853.45138,7761.38659,5768.58275,138.62602,251.47149,230.36983
2019-05-29,1828.22895,7658.35869,5691.45963,137.12611,248.83483,227.93245
2019-05-30,1825.98363,7650.64585,5685.67742,137.15465,248.94169,228.02832
2019-05-31,1817.39304,7615.34425,5659.29101,136.30113,247.415,226.62382
2019-06-03,1824.42479,7645.14743,5681.3962,136.12002,247.09718,226.331
2019-06-04,1834.95597,7689.83419,5714.48242,136.52183,247.84452,227.01068
2019-06-05,1853.36744,7767.31556,5772.00725,137.53658,249.69712,228.70544
2019-06-06,1854.1787,7771.79396,5775.33305,137.34678,249.38713,228.42142
2019-06-07,1875.61502,7861.7938,5842.18224,138.26066,251.05129,229.94446
2019-06-10,1880.58142,7883.12664,5857.92562,138.90242,252.23309,231.02258
2019-06-11,1893.42375,7937.95211,5898.44504,139.85715,253.99854,232.63085
2019-06-12,1886.67457,7909.65698,5877.41981,139.28476,252.95901,231.67877
2019-06-13,1879.37326,7880.03944,5855.40335,139.33654,253.08491,231.79375
2019-06-14,1870.17116,7841.57587,5826.7988,139.24103,252.9153,231.63747
2019-06-17,1865.86981,7823.69962,5813.47928,138.9084,252.31626,231.08738
2019-06-18,1881.97093,7892.25523,5864.23705,140.61438,255.44878,233.94903
2019-06-19,1897.68537,7958.73417,5913.5978,141.40924,256.91145,235.28719
2019-06-20,1918.38666,8046.08059,5978.45058,141.99595,257.99428,236.27696
2019-06-21,1911.18207,8015.92298,5956.03423,141.09404,256.3575,234.77763
2019-06-24,1918.87026,8048.90151,5980.40017,140.80341,255.85273,234.30995
2019-06-25,1917.06784,8041.63614,5974.9362,140.75766,255.77899,234.23984
2019-06-26,1907.57562,8004.74184,5947.1911,140.13458,254.73978,233.27509
2019-06-27,1913.82688,8033.65163,5968.38809,140.69275,255.8397,234.27127
2019-06-28,1922.30187,8069.60108,5995.03078,141.0738,256.5445,234.91411
2019-07-01,1931.52529,8108.53823,6023.92026,142.54553,259.22784,237.36972
2019-07-02,1937.01497,8131.67141,6041.08698,143.32402,260.64638,238.66789
2019-07-03,1945.47541,8167.69632,6067.73945,144.12228,262.11438,240.00772
2019-07-04,1949.69612,8185.6578,6081.07142,144.42855,262.67915,240.52441
2019-07-05,1932.12691,8111.89476,6026.27334,143.88591,261.69221,239.62071
2019-07-08,1922.76184,8072.88221,5997.22408,143.27786,260.5962,238.61447
2019-07-09,1913.49662,8033.98139,5968.32524,142.70196,259.54875,237.65537
2019-07-10,1916.81596,8048.10742,5978.79251,142.38411,258.97673,237.13055
2019-07-11,1919.61153,8059.9723,5987.58619,142.56642,259.31243,237.43711
2019-07-12,1921.45198,8067.6999,5993.32686,142.70945,259.57258,237.67532
2019-07-15,1924.61332,8080.97361,6003.06301,142.82367,259.78034,237.86061
2019-07-16,1921.1159,8066.28928,5992.1545,143.05317,260.19778,238.24283
2019-07-17,1917.66836,8051.81391,5981.40126,142.77101,259.68457,237.77292
2019-07-18,1906.31978,8004.16405,5946.00391,142.01466,258.30886,236.51329
2019-07-19,1918.88081,8056.90468,5985.18301,142.90583,259.9298,237.99745
2019-07-22,1916.56005,8047.89867,5978.35024,142.72664,259.62768,237.71516
2019-07-23,1922.98327,8074.87066,5998.38627,144.13613,262.19163,240.06271
2019-07-24,1925.53632,8085.59126,6006.35003,144.41816,262.70465,240.53244
2019-07-25,1918.98918,8058.775,5986.42554,143.72719,261.46967,239.40152
2019-07-26,1914.68101,8041.14739,5973.32021,143.81695,261.64808,239.56445
2019-07-29,1913.66067,8037.13693,5970.29271,143.67575,261.40012,239.33547
2019-07-30,1899.96959,7979.82143,5927.69673,142.54539,259.3496,237.45724
2019-07-31,1897.12303,7968.01994,5918.913,142.40214,259.09397,237.2225
2019-08-01,1894.33946,7956.59845,5910.4227,143.16399,260.48896,238.49949
2019-08-02,1863.84937,7828.5661,5815.31515,140.3078,255.29312,233.74223
2019-08-05,1832.72415,7698.75108,5718.80712,136.94095,249.19676,228.15742
2019-08-06,1820.3317,7646.69394,5680.1379,135.99675,247.47856,226.58429
2019-08-07,1829.30795,7684.40058,5708.14725,136.31398,248.05584,227.11283
2019-08-08,1846.3585,7763.59348,5766.93034,137.76879,250.94785,229.75895
2019-08-09,1840.48072,7739.26313,5748.8145,137.31795,250.13907,229.01675
2019-08-12,1838.75575,7732.00958,5743.42648,136.97526,249.51482,228.44521
2019-08-13,1829.79055,7694.43806,5715.49295,136.68509,248.99037,227.96406
2019-08-14,1812.99392,7625.86526,5664.50428,135.89194,247.61239,226.70035
2019-08-15,1797.33273,7565.43564,5619.48308,135.22136,246.56795,225.73874
2019-08-16,1811.86208,7627.11753,5665.21016,136.36357,248.66779,227.6576
2019-08-19,1828.98671,7699.72225,5719.07802,137.76405,251.23856,230.00871
2019-08-20,1825.84134,7686.60399,5709.32024,137.60775,250.95753,229.75087
2019-08-21,1836.02875,7729.83703,5741.42477,138.31941,252.26666,230.94908
2019-08-22,1829.29116,7703.03008,5721.51111,137.97351,251.68674,230.41807
2019-08-23,1826.72794,7692.71347,5713.76845,137.43289,250.71611,229.52625
2019-08-26,1816.30578,7649.18557,5681.43161,136.58731,249.18532,228.12457
2019-08-27,1825.7117,7689.4905,5711.36028,137.44923,250.78039,229.58452
2019-08-28,1821.94116,7674.11878,5699.9264,137.48117,250.8553,229.65243
2019-08-29,1831.36062,7714.78027,5730.04681,138.30434,252.38956,231.05375
2019-08-30,1842.57899,7762.66668,5765.57802,139.83388,255.20144,233.62648
2019-09-02,1837.93604,7743.75458,5751.53139,140.05383,255.62425,234.01354
2019-09-03,1838.27166,7745.60741,5752.90755,140.14329,255.80203,234.1763
2019-09-04,1858.2292,7829.93746,5815.54214,140.80422,257.01625,235.28786
2019-09-05,1873.79614,7899.28117,5867.01453,141.80379,258.96373,237.06944
2019-09-06,1882.42594,7935.77458,5894.10036,142.40529,260.06591,238.07767
2019-09-09,1883.14702,7939.17069,5896.62159,142.33744,259.95366,237.97487
2019-09-10,1884.2989,7944.56106,5900.60661,142.6309,260.50712,238.48079
2019-09-11,1896.37812,7995.65436,5938.55476,144.11956,263.23152,240.97483
2019-09-12,1905.31051,8033.5378,5966.68315,144.35864,263.67548,241.38091
2019-09-13,1919.61001,8093.89204,6011.50265,144.74005,264.37416,242.02023
2019-09-16,1902.2912,8020.8923,5957.28157,144.56237,264.0504,241.72374
2019-09-17,1907.01026,8040.93884,5972.17055,144.23898,263.46458,241.18746
2019-09-18,1905.00986,8033.1099,5966.19836,143.95739,262.97007,240.7284
2019-09-19,1913.68751,8070.00826,5993.56907,144.65238,264.24965,241.89839
2019-09-20,1912.66003,8065.67539,5990.35106,145.16554,265.18708,242.75654
2019-09-23,1903.92633,8029.57495,5963.40135,144.71294,264.38431,242.01607
2019-09-24,1905.73118,8037.26009,5969.10895,144.83037,264.60126,242.21466
2019-09-25,1889.93397,7970.6367,5919.62911,144.14101,263.34182,241.06177
2019-09-26,1895.62344,7994.84202,5937.6,144.79296,264.53987,242.15822
2019-09-27,1895.72214,8015.89327,5950.77378,144.72113,265.09106,242.56248
2019-09-30,1889.35807,7988.98333,5930.7966,144.83727,265.30378,242.75713
2019-10-01,1880.44038,7951.37956,5902.85748,143.94898,263.68012,241.27051
2019-10-02,1849.25694,7819.52141,5804.97008,141.19973,258.64416,236.66254
2019-10-03,1846.41926,7808.97936,5797.10834,140.48251,257.3784,235.5029
2019-10-04,1854.42562,7842.84033,5822.24551,141.15591,258.61215,236.63179
2019-10-07,1864.74402,7886.6198,5854.71979,141.74124,259.68913,237.61619
2019-10-08,1851.23296,7829.47702,5812.29922,141.2087,258.71346,236.72344
2019-10-09,1853.24657,7837.99327,5818.62135,141.05974,258.44055,236.47373
2019-10-10,1862.38616,7878.73033,5848.80752,141.32422,258.99357,236.9775
2019-10-11,1896.65498,8024.14687,5956.6944,143.63123,263.236,240.85672
2019-10-14,1891.352,8001.82086,5940.12077,143.36604,262.75358,240.41531
2019-10-15,1910.93596,8084.75462,6001.68632,144.69304,265.18822,242.64297
2019-10-16,1916.32537,8107.55603,6018.61287,144.93042,265.62328,243.04104
2019-10-17,1922.29241,8133.14352,6037.60401,144.52505,264.89149,242.37132
2019-10-18,1920.08951,8123.82311,6030.68504,144.05489,264.02975,241.58285
2019-10-21,1930.98323,8169.91407,6064.90046,144.78121,265.36099,242.8009
2019-10-22,1931.68034,8172.86351,6067.08996,145.03516,265.82644,243.22678
2019-10-23,1932.46654,8176.38361,6069.65995,145.28998,266.29979,243.65816
2019-10-24,1941.9225,8216.71627,6099.60051,146.15212,267.89055,245.11367
2019-10-25,1944.2205,8226.69973,6106.96039,146.50318,268.54251,245.70814
2019-10-28,1946.48507,8236.41704,6114.16467,146.65398,268.82336,245.96473
2019-10-29,1952.84688,8263.43592,6134.20455,146.82886,269.14714,246.26029
2019-10-30,1954.10306,8269.74579,6138.74589,146.82424,269.17104,246.27644
2019-10-31,1955.47975,8276.82771,6143.88481,146.48649,268.59261,245.74248
2019-11-01,1966.70335,8324.36384,6179.17029,147.15579,269.8208,246.86617
2019-11-04,1976.96448,8368.0846,6211.592,148.10921,271.57834,248.4729
2019-11-05,1976.40026,8366.11341,6210.05329,149.14991,273.50025,250.22825
2019-11-06,1979.2078,8378.04797,6218.91216,149.36853,273.90277,250.59653
2019-11-07,1981.56434,8389.31953,6227.26629,149.94581,275.00386,251.60341
2019-11-08,1976.65288,8368.917,6212.06344,149.8931,274.92002,251.52434
2019-11-11,1976.43785,8369.89975,6212.74082,149.69343,274.61592,251.24401
2019-11-12,1980.07283,8386.43808,6225.01669,150.26833,275.70823,252.24336
2019-11-13,1972.36518,8353.95773,6200.68316,149.72418,274.71526,251.32581
2019-11-14,1961.51528,8311.88276,6169.33352,149.00883,273.53041,250.23698
2019-11-15,1976.6877,8376.21767,6217.08101,149.47529,274.38805,251.02143
2019-11-18,1982.20811,8400.50503,6235.00465,149.50046,274.46347,251.08627
2019-11-19,1981.16865,8396.49441,6231.94033,149.44229,274.36957,250.99685
2019-11-20,1969.07046,8345.26024,6193.91395,148.71091,273.02809,249.76964
2019-11-21,1963.03555,8320.71454,6175.6452,148.12127,271.97926,248.80811
2019-11-22,1964.84218,8328.37234,6181.32882,148.82867,273.27817,249.99636
2019-11-25,1978.66426,8387.24048,6224.96221,150.16825,275.74713,252.2526
2019-11-26,1980.86179,8396.63014,6231.91515,150.30091,275.99318,252.47704
2019-11-27,1984.60012,8412.6974,6243.84016,150.78991,276.89839,253.30512
2019-11-28,1982.2306,8404.26549,6237.54867,150.51409,276.44493,252.88895
2019-11-29,1974.47062,8371.38615,6213.146,149.65971,274.87643,251.4541
2019-12-02,1967.77243,8343.487,6192.34848,148.52563,272.80983,249.55992
2019-12-03,1958.25872,8303.18941,6162.43135,147.66085,271.22276,248.10774
2019-12-04,1966.9401,8340.06863,6189.78754,148.26196,272.32913,249.11923
2019-12-05,1969.77393,8352.19024,6198.77618,148.40864,272.60201,249.36854
2019-12-06,1981.63369,8403.08161,6236.4281,149.88999,275.34279,251.87095
2019-12-09,1983.94174,8412.86886,6243.6918,149.78666,275.15298,251.69732
2019-12-10,1980.58237,8398.62351,6233.11948,149.27008,274.20403,250.82927
2019-12-11,1983.83139,8412.45249,6243.37321,149.56215,274.74225,251.32122
2019-12-12,1989.97478,8438.72645,6262.87266,149.59348,274.80706,251.3805
2019-12-13,2015.62234,8547.54873,6343.62928,151.26299,277.87596,254.18752
2019-12-16,2032.462,8618.98363,6396.64259,152.51303,280.17311,256.28873
2019-12-17,2029.31255,8606.23346,6387.09457,152.05825,279.35732,255.53907
2019-12-18,2022.02497,8575.56514,6364.32922,151.88668,279.04986,255.25762
2019-12-19,2023.5697,8582.3609,6369.35351,152.13261,279.50965,255.67745
2019-12-20,2028.25335,8602.22518,6384.09568,152.91804,280.9527,256.99746
2019-12-23,2027.36712,8598.49465,6381.32312,152.81676,280.76754,256.82793
2019-12-24,2029.7995,8609.99863,6389.86073,152.96562,281.07981,257.11356
2019-12-25,2028.19048,8603.1735,6384.79549,152.84436,280.85699,256.90975
2019-12-26,2031.12164,8615.60687,6394.02285,152.94802,281.04748,257.084
2019-12-27,2042.89579,8668.76061,6433.10573,152.94579,281.14748,257.16088
2019-12-30,2035.98801,8640.79501,6412.06955,151.8776,279.22744,255.39339
2019-12-31,2036.94117,8644.84023,6415.07138,151.65766,278.82309,255.02355
2020-01-01,2036.95831,8644.91298,6415.12537,151.65894,278.82543,255.0257
2020-01-02,2048.95146,8696.00033,6453.01877,152.87874,281.07412,257.08177
2020-01-03,2042.46097,8668.5305,6432.6235,152.88584,281.08965,257.09554
2020-01-06,2031.56216,8623.3519,6398.87162,151.73706,279.01242,255.1866
2020-01-07,2036.24244,8643.21827,6413.61326,152.74185,280.86002,256.87642
2020-01-08,2028.50878,8610.39128,6389.25432,152.46279,280.34689,256.40711
2020-01-09,2036.11166,8642.67073,6413.20696,153.26854,281.82875,257.76243
2020-01-10,2040.49087,8661.25914,6427.00031,153.44616,282.15535,258.06114
2020-01-13,2038.87685,8654.40811,6421.91657,153.04248,281.41307,257.38224
2020-01-14,2044.85821,8679.9687,6440.8479,153.66397,282.56144,258.43113
2020-01-15,2046.40978,8686.71141,6445.82915,153.36686,282.0202,257.93522
2020-01-16,2048.65416,8696.84619,6453.33346,153.67287,282.60265,258.46729
2020-01-17,2057.73644,8735.40184,6481.94296,155.00106,285.04517,260.70121
2020-01-20,2055.99797,8728.98538,6476.99584,155.04479,285.15706,260.79606
2020-01-21,2051.11042,8708.23572,6461.59927,154.46018,284.0819,259.81274
2020-01-22,2051.62466,8710.41897,6463.21925,154.81277,284.73038,260.40582
2020-01-23,2036.49239,8646.20791,6415.56703,154.08829,283.39906,259.18795
2020-01-24,2044.92094,8681.99247,6442.1195,155.01372,285.10111,260.7446
2020-01-27,2007.14445,8521.60723,6323.11216,152.32281,280.15198,256.21828
2020-01-28,2009.44059,8531.3558,6330.34569,152.66341,280.77843,256.7912
2020-01-29,2015.23605,8556.00575,6348.63288,153.13155,281.6409,257.57986
2020-01-30,1999.02751,8487.56076,6297.79118,151.39748,278.46375,254.67192
2020-01-31,1993.71533,8465.03175,6281.07459,150.35478,276.54675,252.9187
2020-02-03,1986.29609,8433.77271,6257.87325,150.12716,276.13601,252.54278
2020-02-04,2006.32781,8518.8283,6320.98449,151.9022,279.40097,255.52877
2020-02-05,2022.13876,8585.96958,6370.80249,153.60719,282.53731,258.3971
2020-02-06,2037.81668,8654.53289,6421.30392,155.14361,285.42913,261.02669
2020-02-07,2030.28974,8622.61241,6397.61668,154.76089,284.72654,260.38402
2020-02-10,2021.73268,8586.27068,6370.65264,154.67291,284.56468,260.236
2020-02-11,2033.59551,8636.65195,6408.03343,155.70163,286.4573,261.96681
2020-02-12,2041.77221,8671.52904,6433.88127,156.61464,288.14204,263.50631
2020-02-13,2033.74311,8641.23758,6411.20229,156.67461,288.37948,263.71506
2020-02-14,2028.9245,8620.77991,6396.02226,156.34663,287.77634,263.16342
2020-02-17,2026.90537,8612.2877,6389.70523,156.40736,287.89103,263.26763
2020-02-18,2014.15321,8558.44153,6349.71101,155.53104,286.28931,261.80109
2020-02-19,2018.46167,8578.28468,6364.42917,156.30421,287.76403,263.1495
2020-02-20,2003.67635,8517.5673,6319.33965,155.00129,285.4363,261.01915
2020-02-21,2002.86004,8514.38189,6316.96306,154.24569,284.05435,259.75487
2020-02-24,1954.56119,8309.87548,6165.22931,150.46367,277.11676,253.41046
2020-02-25,1918.64136,8157.31551,6052.02964,147.58978,271.8289,248.57443
2020-02-26,1908.58381,8115.16452,6020.67068,146.8026,270.3994,247.26366
2020-02-27,1867.63891,7947.39732,5896.08839,142.07758,261.90479,239.49119
2020-02-28,1809.71389,7700.99104,5713.27965,137.68983,253.81918,232.09743
2020-03-02,1829.89596,7787.4121,5777.39448,137.38678,253.27806,231.60262
2020-03-03,1847.84011,7868.19019,5836.2706,138.15688,254.84074,232.98956
2020-03-04,1859.43559,7917.98131,5873.17506,139.48554,257.30511,235.24149
2020-03-05,1856.73176,7911.60788,5868.42607,138.6852,255.99506,234.04292
2020-03-06,1813.63411,7728.24755,5732.40311,134.01089,247.37587,226.16222
2020-03-09,1710.02267,7286.94491,5405.04001,125.15985,231.04392,211.22971
2020-03-10,1694.01676,7218.82895,5354.50644,124.79712,230.3772,210.61982
2020-03-11,1664.37339,7093.25714,5261.36459,123.34176,227.71465,208.18561
2020-03-12,1491.749,6358.53835,4716.28779,112.50438,207.73843,189.91833
2020-03-13,1480.26242,6309.67834,4680.03584,111.76416,206.37493,188.67134
2020-03-16,1424.86589,6073.57243,4504.90789,106.91029,197.41294,180.47803
2020-03-17,1437.81935,6129.02516,4545.99081,109.51932,202.23844,184.88765
2020-03-18,1376.2123,5866.57414,4351.31576,106.16684,196.05318,179.23258
2020-03-19,1382.00997,5895.69468,4371.92186,107.92915,199.45661,182.30261
2020-03-20,1393.92188,5946.51123,4409.60461,108.98672,201.41104,184.08895
2020-03-23,1354.30035,5777.77361,4284.42503,105.19501,194.41355,177.69107
2020-03-24,1451.14573,6191.61501,4591.17331,112.33117,207.62472,189.76051
2020-03-25,1519.73894,6484.4029,4808.27352,117.24991,216.7202,198.07315
2020-03-26,1561.59866,6664.87083,4942.00164,118.38657,218.8823,200.04552
2020-03-27,1549.49067,6614.43125,4904.33077,117.10747,216.5579,197.91026
2020-03-30,1558.48004,6676.14037,4947.2028,118.09123,219.14307,200.15619
2020-03-31,1559.59421,6680.9183,4950.73807,118.78955,220.43913,201.33974
2020-04-01,1518.13085,6503.98877,4819.49128,116.14479,215.55406,196.87232
2020-04-02,1506.66305,6451.57744,4780.6542,115.90938,215.00782,196.37342
2020-04-03,1487.08124,6370.35219,4719.82558,115.09156,213.57879,195.04178
2020-04-06,1539.66538,6595.62453,4886.73851,119.32703,221.43909,202.22018
2020-04-07,1576.964,6756.04938,5005.50239,121.11147,224.772,205.25989
2020-04-08,1581.0599,6774.06927,5018.73833,121.63282,225.75531,206.15313
2020-04-09,1606.9287,6884.98808,5100.88325,122.77532,227.87859,208.09074
2020-04-10,1610.24942,6899.21693,5111.42487,123.02903,228.34954,208.52079
2020-04-13,1605.09774,6877.15541,5095.07888,123.06294,228.41285,208.57855
2020-04-14,1630.52569,6986.25508,5175.87134,124.23182,230.58737,210.56277
2020-04-15,1589.35182,6809.8286,5045.16431,121.80542,226.08337,206.44995
2020-04-16,1582.04311,6779.56516,5022.73278,121.86551,226.23001,206.58343
2020-04-17,1622.29603,6952.27237,5150.64369,124.5129,231.15159,211.0759
2020-04-20,1621.64297,6949.58298,5148.63743,124.54856,231.22143,211.13911
2020-04-21,1573.53844,6744.89339,4996.64276,121.07648,224.82437,205.28331
2020-04-22,1586.26722,6799.82853,5037.24962,122.43917,227.36723,207.60147
2020-04-23,1602.60244,6870.72542,5089.71771,123.69433,229.72722,209.75416
2020-04-24,1588.68995,6812.42253,5046.3702,122.79629,228.10435,208.26588
2020-04-27,1622.59358,6963.3874,5156.84632,125.0929,232.55697,212.27557
2020-04-28,1640.92581,7042.23262,5215.18363,126.60548,235.37472,214.84542
2020-04-29,1664.94314,7147.51031,5292.71368,128.20407,238.42022,217.60744
2020-04-30,1657.69147,7118.00743,5270.5688,126.48611,235.27916,214.72843
2020-05-01,1635.82438,7024.4398,5201.28613,124.18832,231.01579,210.83744
2020-05-04,1599.37854,6869.89165,5086.4259,122.44472,227.83717,207.91913
2020-05-05,1618.37252,6953.77115,5148.12129,124.76748,232.23581,211.91642
2020-05-06,1613.20234,6931.59888,5131.69802,124.86418,232.41723,212.08161
2020-05-07,1617.9342,6956.38181,5149.46113,125.46282,233.68105,213.21065
2020-05-08,1648.43942,7087.70633,5246.64339,126.71143,236.01217,215.33631
2020-05-11,1643.20173,7066.21313,5230.53632,126.86307,236.32896,215.61723
2020-05-12,1648.50289,7090.41353,5248.27989,126.69301,236.0589,215.36386
2020-05-13,1623.38378,6982.90451,5168.66388,125.17114,233.24105,212.79147
2020-05-14,1588.16874,6833.51501,5058.00431,122.74465,228.78944,208.72672
2020-05-15,1594.71946,6863.45237,5079.91931,123.19398,229.68555,209.53419
2020-05-18,1642.40126,7070.71524,5233.01466,126.42171,235.77167,215.07367
2020-05-19,1654.62489,7124.46633,5272.73639,126.31555,235.61096,214.92466
2020-05-20,1673.83109,7207.58759,5334.18895,127.25867,237.38407,216.53947
2020-05-21,1656.36098,7134.27774,5279.70686,126.51743,236.06481,215.3268
2020-05-22,1641.59346,7071.23366,5233.04134,125.97664,235.07448,214.42306
2020-05-25,1664.79852,7171.26037,5307.05405,127.72222,238.33409,217.39583
2020-05-26,1701.73435,7330.38313,5424.81131,129.47434,241.60421,220.37863
2020-05-27,1706.41587,7350.55313,5439.73758,129.96659,242.5229,221.2166
2020-05-28,1743.06019,7508.99593,5556.92151,131.76687,245.90173,224.29574
2020-05-29,1725.09439,7432.38755,5500.07497,129.61153,241.90508,220.64409
2020-06-01,1747.21016,7527.8794,5570.71256,131.10814,244.70511,223.19691
2020-06-02,1773.5933,7641.92252,5655.04456,132.5464,247.40155,225.6539
2020-06-03,1813.23949,7814.24001,5782.42053,135.06844,252.15719,229.98595
2020-06-04,1820.3547,7844.90753,5805.11136,134.11027,250.36852,228.35445
2020-06-05,1846.51178,7957.94138,5888.7303,136.40407,254.66066,232.26824
2020-06-08,1854.00378,7990.7024,5912.94909,137.109,255.99188,233.48146
2020-06-09,1852.38456,7984.17019,5908.05545,136.34379,254.57742,232.18903
2020-06-10,1849.36415,7971.35814,5898.5749,136.15145,254.22488,231.86749
2020-06-11,1789.19555,7713.20853,5707.52652,131.38616,245.36508,223.78587
2020-06-12,1768.13921,7622.66236,5640.52526,131.39272,245.38466,223.80372
2020-06-15,1750.50623,7547.10766,5584.61417,129.75933,242.34907,221.03499
2020-06-16,1802.73756,7772.06163,5751.10361,134.07106,250.39442,228.37398
2020-06-17,1811.43911,7809.94718,5779.06654,134.89826,251.95129,229.79111
2020-06-18,1801.4318,7767.55731,5747.5528,134.18889,250.65079,228.59915
2020-06-19,1803.73824,7779.5527,5756.02857,134.7932,251.84596,229.67321
2020-06-22,1801.43138,7771.63171,5750.03504,133.8429,250.13572,228.10826
2020-06-23,1832.11065,7904.73355,5848.36318,135.10141,252.51158,230.26897
2020-06-24,1788.80479,7717.88823,5710.12458,132.58652,247.81112,225.98256
2020-06-25,1780.68658,7683.2037,5684.46047,132.71455,248.06144,226.21073
2020-06-26,1779.70645,7678.9605,5681.31586,132.77767,248.17897,226.31769
2020-06-29,1775.52677,7666.44988,5671.22354,131.94756,246.80521,225.03177
2020-06-30,1780.57563,7688.25009,5687.35015,132.4936,247.82656,225.96301
2020-07-01,1783.59168,7702.16475,5697.57011,132.37035,247.6247,225.77605
2020-07-02,1807.66116,7807.43488,5775.41293,134.54498,251.73566,229.52312
2020-07-03,1804.34746,7793.78702,5765.18506,134.1311,250.98268,228.83134
2020-07-06,1839.00202,7943.54763,5875.93447,135.8013,254.11021,231.68162
2020-07-07,1824.85415,7884.33134,5831.77638,135.13865,252.93106,230.59251
2020-07-08,1816.33007,7847.6695,5804.62432,134.00868,250.82149,228.66789
2020-07-09,1805.62097,7802.85766,5771.371,133.61963,250.14005,228.04239
2020-07-10,1812.77907,7833.79085,5794.25068,133.85304,250.577,228.44073
2020-07-13,1839.34503,7948.62929,5879.18422,135.2173,253.13208,230.76984
2020-07-14,1829.70007,7907.82246,5848.82068,134.16013,251.18076,228.98382
2020-07-15,1863.96045,8056.11453,5958.45797,136.43283,255.44282,232.86756
2020-07-16,1852.55481,8006.81887,5921.99795,135.43786,253.57994,231.16931
2020-07-17,1852.43428,8006.29969,5921.61361,135.54168,253.77439,231.34656
2020-07-20,1862.43845,8050.45661,5954.09631,136.05927,254.77253,232.2496
2020-07-21,1880.27609,8127.56043,6011.12208,136.78845,256.13793,233.49429
2020-07-22,1873.42649,8098.05368,5989.29898,135.05574,252.89656,230.53947
2020-07-23,1875.41602,8107.08554,5995.97891,135.17584,253.13495,230.75679
2020-07-24,1859.81239,8039.63385,5946.09182,133.71098,250.3918,228.25614
2020-07-27,1876.09087,8110.11594,5998.20406,133.1291,249.30561,227.26537
2020-07-28,1874.55794,8103.51333,5993.31639,133.57606,250.14336,228.02889
2020-07-29,1872.57854,8095.08615,5987.07018,132.91371,248.907,226.90132
2020-07-30,1845.94994,7980.25261,5902.13685,130.80147,244.96002,223.30317
2020-07-31,1820.2099,7869.12042,5819.91602,128.64489,240.92571,219.62446
2020-08-03,1839.4143,7952.14475,5881.31991,130.96573,245.27217,223.58664
2020-08-04,1855.47456,8021.73682,5932.7928,131.91255,247.05031,225.20769
2020-08-05,1875.61237,8108.79824,5997.18252,131.91904,247.06247,225.21877
2020-08-06,1862.29705,8053.80031,5956.44942,131.41939,246.20521,224.43515
2020-08-07,1855.11488,8023.00538,5933.64547,131.51779,246.3977,224.60954
2020-08-10,1859.36339,8041.83565,5947.52132,132.06545,247.43778,225.55572
2020-08-11,1889.55126,8172.34644,6044.03426,134.22101,251.47481,229.23539
2020-08-12,1912.36505,8271.01652,6117.00784,135.39276,253.67017,231.2366
2020-08-13,1912.75982,8277.34916,6121.59863,135.04319,253.15668,230.76503
2020-08-14,1899.50525,8220.77383,6079.63982,134.20376,251.60703,229.348
2020-08-17,1905.10959,8245.19335,6097.69552,134.16306,251.53575,229.28288
2020-08-18,1908.27076,8258.98771,6107.89705,133.78818,250.83634,228.64535
2020-08-19,1915.00956,8288.95845,6130.0575,134.48627,252.16968,229.86057
2020-08-20,1885.94228,8165.02784,6038.40503,133.10486,249.63706,227.552
2020-08-21,1879.90278,8139.33983,6019.38975,133.37694,250.16148,228.02935
2020-08-24,1905.54343,8251.009,6101.96637,134.80701,252.86376,230.49227
2020-08-25,1905.70003,8252.38281,6102.95716,134.70407,252.69196,230.33472
2020-08-26,1917.07911,8302.18949,6139.78498,135.5772,254.34613,231.84231
2020-08-27,1902.24928,8238.26347,6092.50927,134.84221,252.97638,230.59375
2020-08-28,1910.81939,8277.19441,6121.02782,134.22021,251.8647,229.57021
2020-08-31,1909.99023,8274.68389,6119.12308,133.47206,250.49352,228.31861
2020-09-01,1902.88767,8244.75879,6096.96551,132.93126,249.50417,227.4158
2020-09-02,1913.0376,8288.9931,6129.67191,135.02858,253.44857,231.01082
2020-09-03,1899.02118,8230.27646,6086.23246,134.07322,251.717,229.43184
2020-09-04,1870.29063,8105.98307,5994.28242,132.49251,248.75614,226.73176
2020-09-07,1891.52891,8198.9456,6062.97594,133.66847,250.992,228.76772
2020-09-08,1878.73985,8143.66418,6022.07967,133.14749,250.01846,227.87976
2020-09-09,1891.92261,8201.2844,6064.61654,133.89442,251.43565,229.16873
2020-09-10,1897.15197,8224.26745,6081.61185,133.5689,250.83395,228.62032
2020-09-11,1896.99345,8223.60638,6081.123,134.00364,251.65118,229.36517
2020-09-14,1910.62368,8282.72417,6124.83563,134.50037,252.58492,230.2161
2020-09-15,1914.88798,8301.33583,6138.59842,135.04513,253.61178,231.15202
2020-09-16,1925.15152,8346.16797,6171.66299,136.02147,255.45567,232.82932
2020-09-17,1911.1802,8285.84896,6127.03601,135.27449,254.06051,231.55684
2020-09-18,1911.81172,8288.67134,6129.10119,134.72018,253.02203,230.60953
2020-09-21,1856.89391,8050.8014,5953.16474,132.15398,248.20936,226.22155
2020-09-22,1851.37879,8027.04402,5935.56886,132.18359,248.26974,226.27549
2020-09-23,1855.32195,8044.17993,5948.23118,132.82824,249.48176,227.37981
2020-09-24,1830.90353,7938.45328,5870.05211,131.45165,246.90073,225.02743
2020-09-25,1830.98683,7939.92857,5870.91233,131.70089,247.40356,225.47686
2020-09-28,1866.06293,8092.03327,5983.38102,133.92419,251.58009,229.28324
2020-09-29,1867.88365,8117.92233,6000.48633,133.0721,250.53475,228.25303
2020-09-30,1855.32053,8063.32235,5960.12792,132.2278,248.94518,226.80484
2020-10-01,1859.53878,8083.7813,5975.02405,132.42679,249.38542,227.19732
2020-10-02,1855.09619,8064.68596,5960.87975,132.34724,249.24234,227.06581
2020-10-05,1884.1425,8191.19458,6054.34067,133.53038,251.47769,229.10054
2020-10-06,1888.31225,8209.59762,6067.89557,133.83724,252.06406,229.63294
2020-10-07,1884.3821,8192.51099,6055.26646,133.89935,252.18104,229.73951
2020-10-08,1896.55025,8245.72209,6094.55959,134.91311,254.09983,231.48617
2020-10-09,1910.19691,8305.05429,6138.41308,135.12479,254.49851,231.84936
2020-10-12,1919.4834,8345.42963,6168.25521,135.80469,255.77906,233.01595
2020-10-13,1907.81152,8294.68325,6130.74765,135.7662,255.70656,232.94991
2020-10-14,1908.49237,8297.64339,6132.93555,135.63563,255.46065,232.72588
2020-10-15,1870.46497,8132.71749,6011.03034,133.61478,251.66713,229.26975
2020-10-16,1882.36389,8184.45638,6049.27113,134.22957,252.82519,230.32474
2020-10-19,1893.413,8232.49755,6084.77917,134.29557,252.94951,230.43799
2020-10-20,1888.76072,8212.27046,6069.82889,133.42772,251.31491,228.94886
2020-10-21,1887.11358,8205.10872,6064.53553,132.81739,250.16533,227.90159
2020-10-22,1874.07047,8148.92379,6022.97536,132.42354,249.4396,227.23921
2020-10-23,1884.26333,8193.60308,6055.93439,133.05378,250.63771,228.32827
2020-10-26,1860.19883,8089.05893,5978.64629,131.55458,247.81666,225.75761
2020-10-27,1849.23664,8041.42305,5943.43594,130.60802,246.03458,224.13406
2020-10-28,1805.35347,7850.59663,5802.39566,128.39295,241.8619,220.33281
2020-10-29,1789.64061,7783.59071,5752.73142,128.30176,241.73118,220.20837
2020-10-30,1780.08467,7742.22358,5722.14684,127.71529,240.63224,219.20686
2020-11-02,1805.90041,7854.7259,5805.27126,129.7011,244.38062,222.62057
2020-11-03,1848.79276,8041.57338,5943.30264,131.71764,248.18905,226.08745
2020-11-04,1876.22128,8161.03038,6031.56011,133.92295,252.34915,229.87595
2020-11-05,1916.22343,8335.65964,6160.62259,135.41355,255.17719,232.45212
2020-11-06,1924.18762,8370.31615,6186.23477,135.4267,255.20233,232.47497
2020-11-09,1968.89699,8566.02262,6330.82431,139.16525,262.28467,238.92466
2020-11-10,1990.66357,8660.91288,6400.92737,140.74541,265.26865,241.64187
2020-11-11,2007.00665,8732.52767,6453.85149,142.65519,268.88379,244.93489
2020-11-12,2001.31987,8710.39579,6437.43831,141.61865,267.01011,243.22597
2020-11-13,1998.04659,8696.14457,6426.90646,141.27339,266.359,242.63288
2020-11-16,2028.23088,8827.89668,6524.24412,143.20768,270.01758,245.96428
2020-11-17,2034.57928,8855.74895,6544.79852,143.18415,269.97994,245.92887
2020-11-18,2039.99978,8879.50814,6562.32393,143.55957,270.69288,246.57703
2020-11-19,2026.36833,8820.4803,6518.68438,143.03388,269.71099,245.68203
2020-11-20,2035.26965,8859.24275,6547.33137,143.49252,270.57632,246.47027
2020-11-23,2025.28807,8816.00693,6515.34064,143.21769,270.06461,246.00272
2020-11-24,2058.58797,8961.87672,6623.02706,144.91037,273.28443,248.93129
2020-11-25,2065.59678,8992.51746,6645.64275,145.06163,273.5736,249.19362
2020-11-26,2066.59117,8998.13215,6649.78226,145.11318,273.70991,249.31742
2020-11-27,2080.15123,9057.59021,6693.65293,145.4969,274.44631,249.98557
2020-11-30,2053.82939,8943.28408,6609.1562,143.49369,270.67699,246.55134
2020-12-01,2074.07594,9031.89675,6674.55366,144.0592,271.75729,247.53209
2020-12-02,2080.77479,9061.28107,6696.23922,143.98004,271.61433,247.40079
2020-12-03,2096.2782,9129.4332,6746.5443,144.07465,271.81183,247.57851
2020-12-04,2101.11788,9150.65925,6762.20039,144.62731,272.85891,248.53115
2020-12-07,2093.50418,9118.07288,6738.00113,144.19824,272.0665,247.80504
2020-12-08,2092.7475,9114.7772,6735.56571,144.38411,272.4172,248.12446
2020-12-09,2101.48504,9153.17083,6763.86587,145.37096,274.28927,249.82694
2020-12-10,2100.00316,9147.05651,6759.32175,144.69358,273.02133,248.67113
2020-12-11,2090.15534,9104.16205,6727.6244,144.27674,272.23478,247.95473
2020-12-14,2099.52009,9144.99313,6757.79063,144.71399,273.06104,248.70707
2020-12-15,2103.55134,9162.55227,6770.76615,144.66375,272.96624,248.62072
2020-12-16,2123.54458,9249.7404,6835.18338,145.63126,274.79489,250.28586
2020-12-17,2141.25385,9328.90915,6893.67897,146.1442,275.82281,251.22185
2020-12-18,2131.58907,9286.80214,6862.56362,145.60942,274.81351,250.30257
2020-12-21,2094.14909,9123.81314,6742.10324,143.30959,270.47673,246.35193
2020-12-22,2092.4952,9116.60742,6736.77853,143.71419,271.24036,247.04744
2020-12-23,2113.36626,9207.77436,6804.0982,144.93324,273.54815,249.14761
2020-12-24,2118.02647,9228.0994,6819.11742,145.2886,274.21948,249.75906
2020-12-25,2118.62562,9230.70985,6821.04642,145.3297,274.29705,249.82971
2020-12-28,2133.88343,9297.18711,6870.16988,146.00483,275.5713,250.99029
2020-12-29,2159.25405,9410.65377,6953.6848,147.41488,278.31926,253.48106
2020-12-30,2161.47922,9421.38086,6961.39624,146.85899,277.30002,252.54497
2020-12-31,2147.52532,9360.55908,6916.45543,146.68604,276.97347,252.24758
2021-01-01,2147.52532,9360.55908,6916.45543,146.68604,276.97347,252.24758
2021-01-04,2162.36252,9426.43854,6964.89688,147.2602,278.09322,253.25877
2021-01-05,2163.59493,9431.94143,6968.9392,147.29012,278.15357,253.31287
2021-01-06,2178.62569,9497.46626,7017.35326,148.25902,279.98331,254.9792
2021-01-07,2192.82633,9559.52157,7063.19505,149.4871,282.30691,257.09497
2021-01-08,2215.12147,9656.71618,7135.00873,151.0501,285.25865,259.7831
2021-01-11,2187.97131,9538.35638,7047.55683,150.49418,284.20879,258.827
2021-01-12,2192.65757,9558.7859,7062.65149,150.71728,284.63011,259.2107
2021-01-13,2197.44934,9579.67537,7078.08598,151.02181,285.20522,259.73444
2021-01-14,2209.37154,9632.06069,7116.77397,152.16025,287.36743,261.7029
2021-01-15,2184.93877,9525.54266,7038.07172,151.00642,285.18832,259.71841
2021-01-18,2181.2182,9510.48319,7026.72183,150.96776,285.15011,259.67537
2021-01-19,2192.03846,9557.79881,7061.65219,151.05987,285.32821,259.83651
2021-01-20,2199.23407,9589.17336,7084.83285,151.83744,286.79692,261.17401
2021-01-21,2209.99175,9636.07938,7119.48875,152.0088,287.12058,261.46876
2021-01-22,2199.96476,9592.35934,7087.18678,151.04563,285.30131,259.81202
2021-01-25,2187.21075,9536.75006,7046.10047,150.69611,284.64116,259.21085
2021-01-26,2194.70538,9569.42842,7070.24444,150.75884,284.75965,259.31874
2021-01-27,2170.28382,9463.00308,6991.60234,150.01219,283.35108,258.03561
2021-01-28,2159.64512,9416.78007,6957.4339,148.88894,281.23434,256.10735
2021-01-29,2124.0454,9261.58197,6842.76833,146.11523,275.99598,251.33701
2021-02-01,2139.28439,9328.04954,6891.87524,147.9735,279.50665,254.53397
2021-02-02,2156.26868,9402.12697,6946.60466,149.81787,282.99108,257.70702
2021-02-03,2168.21525,9454.21844,6985.09157,150.84858,284.93798,259.47997
2021-02-04,2165.72972,9445.30381,6978.13241,151.10333,285.47731,259.95724
2021-02-05,2182.17093,9517.00818,7031.10715,151.65539,286.52031,260.90699
2021-02-08,2202.48132,9605.60589,7096.56046,152.78739,288.65955,262.85492
2021-02-09,2211.03302,9642.9262,7124.13069,152.7467,288.58338,262.78549
2021-02-10,2215.36062,9661.80004,7138.07456,152.62931,288.36162,262.58355
2021-02-11,2221.46429,9688.51579,7157.80023,153.03091,289.12321,263.27663
2021-02-12,2227.70358,9716.04318,7178.08343,153.63167,290.26768,264.31681
2021-02-15,2254.6405,9833.83523,7265.07653,155.31633,293.45981,267.22245
2021-02-16,2256.87928,9845.6278,7273.68585,155.63733,294.12689,267.8261
2021-02-17,2233.60957,9744.11377,7198.69001,155.13994,293.18692,266.97017
2021-02-18,2222.05752,9696.85984,7163.67082,153.81983,290.78636,264.78023
2021-02-19,2232.55859,9742.85831,7197.60949,153.85858,290.86477,264.85004
2021-02-22,2233.74662,9748.11827,7201.49532,153.80728,290.77004,264.76379
2021-02-23,2234.30937,9751.09416,7203.69378,153.56768,290.33256,264.36543
2021-02-24,2217.80931,9679.91868,7150.98258,152.89886,289.09303,263.23199
2021-02-25,2233.61301,9752.82451,7204.74252,152.70977,288.85187,263.00879
2021-02-26,2168.86677,9470.59689,6996.24692,149.33375,282.4804,257.20721
2021-03-01,2198.60711,9601.78493,7093.15167,152.46802,288.44896,262.64146
2021-03-02,2199.24498,9604.81933,7095.34432,152.37317,288.27699,262.48307
2021-03-03,2205.37077,9632.44261,7115.56748,152.64574,288.81875,262.96959
2021-03-04,2185.44291,9557.1535,7058.84859,151.68727,287.35854,261.59922
2021-03-05,2155.50543,9426.4431,6962.29868,151.26765,286.56996,260.88103
2021-03-08,2172.79432,9502.12092,7018.19298,153.13674,290.11302,264.10645
2021-03-09,2195.32959,9601.35984,7091.4391,154.39299,292.51388,266.29018
2021-03-10,2202.79819,9634.27095,7115.74681,154.74896,293.19581,266.91097
2021-03-11,2220.45838,9713.8297,7174.50529,155.15491,294.03516,267.67497
2021-03-12,2219.30402,9708.88552,7170.83284,155.36652,294.43939,268.0422
2021-03-15,2220.86879,9715.86045,7175.96625,155.75658,295.18254,268.71803
2021-03-16,2235.29481,9779.27771,7222.74662,157.05828,297.65878,270.97007
2021-03-17,2229.16665,9752.66373,7203.06404,156.49613,296.59935,270.00466
2021-03-18,2246.82107,9835.80902,7263.23958,157.46438,298.61375,271.79228
2021-03-19,2231.43407,9768.45003,7213.49843,156.58954,296.95472,270.28227
2021-03-22,2231.45594,9768.68523,7213.63842,156.2958,296.4019,269.77784
2021-03-23,2215.16805,9697.3814,7160.98445,155.9391,295.72545,269.16215
2021-03-24,2195.789,9612.93987,7098.56791,155.11712,294.17871,267.75204
2021-03-25,2194.0798,9610.03655,7095.92256,155.72032,295.46347,268.90238
2021-03-26,2217.81554,9715.75319,7173.61058,157.11805,298.16935,271.35096
2021-03-29,2218.4387,9719.81993,7176.26973,157.60976,299.14364,272.22458
2021-03-30,2216.06636,9729.97564,7181.45413,157.92451,300.37544,273.2575
2021-03-31,2208.31827,9697.48507,7157.1129,157.03091,298.72288,271.74044
2021-04-01,2219.14897,9747.69487,7193.68973,157.70044,300.07806,272.955
2021-04-02,2223.55809,9767.06212,7207.98255,158.01376,300.67427,273.49732
2021-04-05,2236.35763,9823.28801,7249.47623,158.41149,301.43119,274.18581
2021-04-06,2244.53275,9861.01907,7277.21783,158.44668,301.55386,274.29349
2021-04-07,2252.39818,9895.75648,7302.85328,158.18022,301.05226,273.83724
2021-04-08,2262.68788,9942.01609,7336.95873,158.94291,302.53586,275.18547
2021-04-09,2262.47998,9943.39267,7337.39245,159.03524,302.78134,275.38691
2021-04-12,2255.67162,9913.47825,7315.31674,158.31698,301.41411,274.14333
2021-04-13,2261.73249,9941.20629,7335.60656,158.50277,301.80095,274.48877
2021-04-14,2272.88765,9990.65879,7371.99505,158.72552,302.23781,274.88228
2021-04-15,2285.01477,10045.37288,7412.35007,159.53908,303.82956,276.32929
2021-04-16,2299.28217,10109.54523,7459.4773,160.40792,305.52801,277.86564
2021-04-19,2307.0689,10151.10242,7488.62873,160.41552,305.76299,278.0232
2021-04-20,2271.93644,9999.29136,7376.03383,157.59245,300.46532,273.18387
2021-04-21,2267.00409,9977.78925,7360.13489,157.51179,300.31772,273.04828
2021-04-22,2288.5601,10074.38268,7431.21921,159.08886,303.37638,275.82297
2021-04-23,2287.84774,10071.54678,7429.09717,158.68297,302.61138,275.12633
2021-04-26,2298.29341,10118.39952,7463.53659,158.97209,303.18878,275.64683
2021-04-27,2289.82999,10082.77513,7436.98218,158.39979,302.14634,274.68885
2021-04-28,2291.9074,10094.61368,7445.16838,158.43858,302.30092,274.80924
2021-04-29,2291.94841,10097.76998,7447.04325,158.14709,301.83369,274.36781
2021-04-30,2268.51207,9997.37573,7372.46695,157.49217,300.66978,273.28994
2021-05-03,2282.88989,10061.45121,7419.63206,158.01126,301.68212,274.20689
2021-05-04,2256.28924,9945.9571,7334.15192,156.72171,299.27254,272.00521
2021-05-05,2280.88952,10057.101,7415.59164,158.78677,303.29745,275.64415
2021-05-06,2295.81998,10129.50756,7468.07179,159.11047,304.11311,276.35182
2021-05-07,2324.42066,10260.08099,7563.64443,159.99143,305.92761,277.97518
2021-05-10,2336.23454,10316.8749,7604.93486,160.56656,307.16569,279.07894
2021-05-11,2289.83074,10112.26309,7454.09514,157.35787,301.03662,273.50982
2021-05-12,2269.52904,10023.11599,7388.329,157.06697,300.49535,273.0161
2021-05-13,2254.21451,9960.7395,7341.81424,156.03294,298.67476,271.34221
2021-05-14,2292.16623,10128.98782,7465.70597,157.88186,302.23034,274.56801
2021-05-17,2293.54034,10137.60602,7471.06694,157.82692,302.20107,274.50499
2021-05-18,2317.74826,10246.42769,7551.05076,158.53334,303.60764,275.77484
2021-05-19,2287.87969,10114.91026,7454.07035,156.52877,299.78431,272.29984
2021-05-20,2307.52543,10206.76484,7521.27908,157.87286,302.50668,274.755
2021-05-21,2314.63091,10238.6205,7544.697,158.70979,304.12302,276.22099
2021-05-24,2324.15098,10284.71443,7577.92313,158.96477,304.72963,276.74493
2021-05-25,2331.53355,10319.38658,7603.28317,159.13761,305.12018,277.09281
2021-05-26,2328.81455,10307.69404,7594.60138,159.3033,305.448,277.38807
2021-05-27,2325.27312,10292.61916,7583.4777,159.26963,305.40123,277.34499
2021-05-28,2341.39054,10365.43295,7636.92207,160.6369,308.06672,279.75814
2021-05-31,2333.99514,10332.85972,7612.89027,159.54016,305.96834,277.85138
2021-06-01,2349.35076,10400.0214,7662.5428,160.34717,307.49181,279.24105
2021-06-02,2353.77514,10421.48521,7678.02852,161.15584,309.09827,280.68791
2021-06-03,2343.63223,10378.24837,7646.1043,161.38023,309.57852,281.12147
2021-06-04,2357.79468,10441.17297,7692.4599,162.00173,310.77698,282.20963
2021-06-07,2366.70331,10481.297,7721.91446,162.30027,311.36968,282.74395
2021-06-08,2367.28164,10483.85819,7723.80138,162.34659,311.45855,282.82464
2021-06-09,2364.85663,10473.3188,7715.99611,162.19359,311.17097,282.56202
2021-06-10,2365.08531,10474.8211,7717.08351,162.38918,311.56078,282.91528
2021-06-11,2365.54881,10477.02613,7718.67844,163.24582,313.20888,284.41076
2021-06-14,2371.73316,10504.41668,7738.85772,163.48361,313.66511,284.82504
2021-06-15,2379.36774,10539.29159,7764.34497,163.98281,314.65458,285.71596
2021-06-16,2382.75909,10554.34032,7775.42621,164.31816,315.29887,286.3008
2021-06-17,2350.34405,10411.10029,7669.8629,164.48511,315.62956,286.59966
2021-06-18,2308.51699,10225.82288,7533.36894,162.72981,312.26131,283.54121
2021-06-21,2309.39694,10230.70736,7536.81129,162.04013,310.96789,282.3609
2021-06-22,2327.96166,10312.98355,7597.41649,163.50746,313.78485,284.91848
2021-06-23,2321.77463,10285.88211,7577.39126,162.40413,311.67677,283.00209
2021-06-24,2330.94514,10329.025,7608.85353,163.33952,313.54828,284.68944
2021-06-25,2342.43481,10379.93871,7646.359,163.80814,314.44787,285.50622
2021-06-28,2330.03238,10324.9814,7605.85124,163.27556,313.42553,284.57711
2021-06-29,2326.31233,10312.81684,7596.31158,163.30927,313.62163,284.73346
2021-06-30,2304.91661,10219.38252,7527.21608,162.43491,311.9857,283.23796
2021-07-01,2309.26777,10239.23684,7541.77559,162.61814,312.35478,283.57061
2021-07-02,2315.49749,10267.0631,7562.23141,163.40104,313.8648,284.93997
2021-07-05,2324.12667,10305.72082,7590.64534,163.75418,314.5552,285.56451
2021-07-06,2314.01053,10261.20284,7557.79943,163.47555,314.03036,285.08591
2021-07-07,2317.99292,10279.06063,7570.91371,164.18018,315.39001,286.31878
2021-07-08,2297.41185,10188.91812,7504.52036,161.96749,311.17374,282.49115
2021-07-09,2313.36866,10259.77175,7556.69,162.95498,313.07354,284.21521
2021-07-12,2337.25599,10365.76774,7634.7504,164.58906,316.21469,287.06646
2021-07-13,2335.99184,10360.1734,7630.6286,165.1052,317.2067,287.96697
2021-07-14,2333.75326,10350.24523,7623.31616,165.02374,317.05019,287.82489
2021-07-15,2311.97171,10253.68666,7552.18884,163.49045,314.10568,285.15148
2021-07-16,2302.80895,10213.04946,7522.25816,162.97351,313.11251,284.24986
2021-07-19,2260.59509,10026.89043,7384.94256,160.0334,307.49637,279.14373
2021-07-20,2253.68026,9996.21964,7362.3531,160.12712,307.67645,279.30721
2021-07-21,2285.45198,10137.14336,7466.14536,162.0264,311.32583,282.62009
2021-07-22,2298.19182,10193.94198,7507.97833,162.87432,312.964,284.10722
2021-07-23,2307.07844,10234.10938,7537.41656,163.93507,315.02531,285.97294
2021-07-26,2317.81881,10282.03501,7572.66236,164.04967,315.25417,286.17876
2021-07-27,2315.7591,10272.9267,7565.95203,163.66134,314.50879,285.50204
2021-07-28,2314.14766,10265.77819,7560.68719,163.90782,314.98247,285.93203
2021-07-29,2341.81153,10389.26482,7651.60415,164.68091,316.49147,287.30072
2021-07-30,2321.08797,10297.32635,7583.89226,163.58835,314.39175,285.39467
2021-08-02,2349.4721,10423.36324,7676.69881,165.26133,317.6104,288.31575
2021-08-03,2348.61141,10419.58198,7673.91395,165.50725,318.08415,288.74581
2021-08-04,2351.45097,10432.45823,7683.37999,165.89619,318.84017,289.43145
2021-08-05,2358.52346,10465.84986,7707.96166,166.50058,320.06334,290.54139
2021-08-06,2344.8203,10405.12041,7663.23521,166.63816,320.33021,290.78365
2021-08-09,2345.78408,10409.49522,7666.43915,166.92667,320.88783,291.28915
2021-08-10,2348.43186,10421.39839,7675.17817,167.47157,321.94006,292.24327
2021-08-11,2363.74584,10489.44406,7725.27635,168.28364,323.50387,293.66221
2021-08-12,2362.81339,10494.28109,7728.75135,168.3535,323.91518,294.03226
2021-08-13,2379.00283,10567.73706,7782.77861,168.5943,324.42612,294.49337
2021-08-16,2362.76189,10496.67711,7730.30948,167.50726,322.36761,292.61964
2021-08-17,2346.45184,10426.00058,7678.22857,167.37322,322.1647,292.43428
2021-08-18,2347.37699,10430.17615,7681.29956,167.5107,322.43133,292.67614
2021-08-19,2309.0605,10264.8536,7559.50578,165.18543,318.10836,288.75051
2021-08-20,2307.19214,10256.7809,7553.53405,165.09417,317.93983,288.59652
2021-08-23,2338.26167,10395.09491,7655.38267,166.45515,320.56675,290.98054
2021-08-24,2348.43526,10440.83243,7689.05506,166.88797,321.41597,291.75098
2021-08-25,2345.76595,10429.54267,7680.69868,166.82595,321.31431,291.65711
2021-08-26,2339.25279,10402.26284,7660.60281,166.32029,320.39208,290.81977
2021-08-27,2349.45861,10447.69415,7694.05058,166.59946,320.93133,291.30889
2021-08-30,2358.28405,10488.01454,7723.64638,167.04102,321.81493,292.10724
2021-08-31,2356.41826,10479.91017,7717.66676,166.8311,321.41643,291.7451
2021-09-01,2377.67617,10575.00115,7787.69166,167.63319,322.9785,293.16287
2021-09-02,2384.89087,10615.35494,7817.40919,167.95058,323.84216,293.94681
2021-09-03,2389.45046,10635.88841,7832.51951,168.08047,324.09989,294.18033
2021-09-06,2404.79743,10706.25989,7884.34273,169.43811,326.78061,296.61358
2021-09-07,2398.71322,10679.68322,7864.71353,169.23772,326.40972,296.27476
2021-09-08,2380.37789,10598.32174,7804.79745,168.4204,324.8417,294.8515
2021-09-09,2374.46292,10572.35105,7785.64813,167.9237,323.89487,293.99118
2021-09-10,2381.43593,10603.46307,7808.55082,168.17491,324.38138,294.43245
2021-09-13,2383.13254,10611.01731,7814.11387,168.64386,325.2859,295.25345
2021-09-14,2390.25696,10642.9916,7837.63992,168.98347,325.94869,295.85428
2021-09-15,2372.26394,10562.87486,7778.64089,167.7469,323.56349,293.68931
2021-09-16,2366.0581,10535.51198,7758.46554,168.09743,324.24792,294.30959
2021-09-17,2348.45665,10457.1368,7700.7492,167.22364,322.56244,292.77974
2021-09-20,2318.02673,10322.52919,7601.44781,165.22578,318.73619,289.30012
2021-09-21,2327.25566,10365.4743,7630.19117,165.89068,320.07589,290.40643
2021-09-22,2336.56588,10406.94154,7660.71585,166.42658,321.10986,291.34456
2021-09-23,2353.15612,10481.03894,7715.25073,167.38001,322.95578,293.01901
2021-09-24,2341.69066,10430.10809,7677.74467,167.07638,322.37417,292.49074
2021-09-27,2338.20003,10414.56049,7666.29987,167.01269,322.25127,292.37923
2021-09-28,2296.01229,10227.94124,7528.67387,164.37863,317.20881,287.79453
2021-09-29,2281.47347,10182.85563,7493.26605,164.15335,317.38748,287.87131
2021-09-30,2281.28923,10183.52045,7493.69258,164.50832,318.12027,288.53355
2021-10-01,2263.89934,10106.20511,7436.75232,163.15576,315.51447,286.1683
2021-10-04,2259.99617,10092.22325,7425.78435,162.48914,314.33255,285.07024
2021-10-05,2262.25376,10102.30474,7433.20223,163.08639,315.48792,286.11805
2021-10-06,2238.72899,9997.25268,7355.9057,162.09659,313.57317,284.38155
2021-10-07,2266.36713,10121.0611,7446.96671,163.84224,316.96225,287.45372
2021-10-08,2269.78661,10136.70479,7458.425,163.89805,317.08188,287.56021
2021-10-11,2275.1839,10160.80871,7476.16028,164.30907,317.87706,288.28136
2021-10-12,2265.29341,10116.65401,7443.67196,163.92768,317.13971,287.61265
2021-10-13,2277.54168,10171.39018,7483.93876,164.45092,318.15312,288.53143
2021-10-14,2300.96566,10276.41363,7561.20742,165.92723,321.02214,291.13311
2021-10-15,2324.50133,10381.57396,7638.57221,167.39334,323.86011,293.70644
2021-10-18,2314.38889,10337.92051,7606.16388,166.72258,322.6095,292.56116
2021-10-19,2329.5976,10405.92024,7656.19494,167.19847,323.53238,293.39809
2021-10-20,2337.42479,10440.88297,7681.9189,167.71703,324.5358,294.30805
2021-10-21,2329.82596,10407.29332,7657.20518,167.19332,323.5334,293.39901
2021-10-22,2338.59424,10446.79361,7686.10193,167.81534,324.74741,294.49359
2021-10-25,2334.33728,10427.88383,7672.17752,167.99309,325.09468,294.80806
2021-10-26,2346.96038,10484.27334,7713.66535,169.17831,327.38829,296.888
2021-10-27,2342.4958,10464.60869,7699.13568,168.82736,326.71787,296.27766
2021-10-28,2354.51311,10519.23946,7739.21501,168.52357,326.1593,295.76676
2021-10-29,2335.52935,10436.47468,7678.00284,168.66709,326.50117,296.06442
2021-11-01,2361.85405,10554.25406,7764.63661,170.30332,329.67308,298.94005
2021-11-02,2358.09831,10538.01116,7752.62849,170.18668,329.46418,298.74838
2021-11-03,2363.79474,10563.53899,7771.40574,170.53153,330.134,299.35563
2021-11-04,2372.46063,10603.13041,7800.5218,171.73487,332.49067,301.49218
2021-11-05,2373.26587,10607.84556,7803.96221,171.65935,332.37943,301.39021
2021-11-08,2377.93383,10630.60043,7820.67878,171.48496,332.10081,301.13666
2021-11-09,2369.79945,10594.2355,7793.92597,170.96473,331.09333,300.22311
2021-11-10,2356.20406,10533.63013,7749.32055,170.95791,331.08556,300.21531
2021-11-11,2354.63992,10528.74232,7745.61292,171.55187,332.30228,301.31424
2021-11-12,2364.20276,10571.79265,7777.28088,172.64743,334.43361,303.24671
2021-11-15,2371.20008,10605.30832,7801.68058,173.52231,336.1989,304.83736
2021-11-16,2360.69331,10558.59424,7767.26065,173.81882,336.78227,305.36414
2021-11-17,2351.7707,10518.68639,7737.90308,173.81266,336.77032,305.35331
2021-11-18,2350.30431,10513.30634,7733.91727,173.08437,335.39684,304.10685
2021-11-19,2344.93061,10489.37468,7716.29815,173.16165,335.54997,304.24513
2021-11-22,2328.01963,10415.96773,7661.92081,172.99816,335.30524,304.00828
2021-11-23,2311.08983,10340.30047,7606.24581,171.48087,332.367,301.34371
2021-11-24,2295.64087,10271.31948,7555.47801,171.35386,332.12538,301.12361
2021-11-25,2305.54394,10317.21543,7589.2082,171.88581,333.20767,302.10367
2021-11-26,2256.9475,10099.74832,7429.24224,166.69399,323.14312,292.97861
2021-11-29,2247.10583,10056.0762,7397.05886,166.65933,323.0878,292.92613
2021-11-30,2223.70411,9952.19606,7320.63996,165.10687,320.10536,290.22185
2021-12-01,2265.12693,10137.69508,7457.08254,167.02503,323.8278,293.59651
2021-12-02,2242.9949,10039.57382,7384.89472,165.6342,321.16106,291.17826
2021-12-03,2235.12102,10004.48316,7359.05248,165.60146,321.10248,291.12395
2021-12-06,2250.30254,10072.43619,7409.03706,166.86681,323.55599,293.3484
2021-12-07,2296.53785,10279.4648,7561.31374,170.65112,330.8963,300.00307
2021-12-08,2305.97472,10321.75701,7592.41132,170.05956,329.75092,298.96417
2021-12-09,2296.29814,10278.45911,7560.56083,170.0512,329.7352,298.94986
2021-12-10,2289.62078,10248.57056,7538.57561,169.27173,328.22378,297.57955
2021-12-13,2278.28798,10198.27678,7501.49855,168.8671,327.45309,296.87755
2021-12-14,2262.62855,10128.19095,7449.94508,167.73617,325.26042,294.88959
2021-12-15,2265.20841,10139.74362,7458.44194,168.25577,326.26813,295.80318
2021-12-16,2300.3796,10297.48949,7574.46746,170.02952,329.71756,298.93024
2021-12-17,2278.87726,10201.63648,7503.92174,168.92576,327.59002,296.99979
2021-12-20,2247.76171,10062.35178,7401.46804,166.39788,322.68806,292.55552
2021-12-21,2273.24511,10176.43103,7485.38023,168.68781,327.12881,296.5816
2021-12-22,2295.66815,10276.81022,7559.2152,169.43403,328.57594,297.8936
2021-12-23,2314.75136,10363.27563,7622.81573,171.0691,331.77996,300.79843
2021-12-24,2316.09571,10369.29435,7627.24286,170.85872,331.37194,300.42851
2021-12-27,2319.63971,10385.16104,7638.91377,171.27134,332.1722,301.15404
2021-12-28,2334.16877,10450.2085,7686.76011,172.68737,334.91852,303.6439
2021-12-29,2338.07478,10470.61388,7701.44079,172.15341,333.976,302.77648
2021-12-30,2334.61217,10456.25369,7690.68982,172.19428,334.09193,302.87414
2021-12-31,2336.06767,10462.77259,7695.48454,171.68043,333.09495,301.97032
2022-01-03,2330.43594,10438.6806,7677.55657,172.47991,334.68238,303.4012
2022-01-04,2357.71731,10561.04025,7767.51767,174.22904,338.0815,306.4813
2022-01-05,2365.58541,10596.36524,7793.48745,174.39413,338.40443,306.77361
2022-01-06,2323.20068,10406.63112,7653.94049,171.88353,333.53667,302.36084
2022-01-07,2328.98543,10432.84255,7673.17687,171.52194,332.84454,301.73176
2022-01-10,2305.93799,10329.60004,7597.24378,170.25215,330.38047,299.49802
2022-01-11,2316.74244,10377.99927,7632.84058,170.73312,331.31381,300.34412
2022-01-12,2352.69275,10539.71448,7751.68524,172.16796,334.11951,302.88388
2022-01-13,2359.59246,10571.41726,7774.9513,172.0702,333.95485,302.73264
2022-01-14,2332.99745,10451.59389,7686.91895,170.53255,330.94928,300.01174
2022-01-17,2337.98776,10473.94994,7703.36134,171.35443,332.54428,301.45764
2022-01-18,2313.35407,10363.59351,7622.1966,170.44584,330.78099,299.85919
2022-01-19,2301.00451,10308.26872,7581.50642,169.50605,328.95716,298.20584
2022-01-20,2318.85206,10388.43063,7640.46375,170.77565,331.42764,300.44538
2022-01-21,2284.35104,10233.86647,7526.78519,168.24959,326.52527,296.00129
2022-01-24,2218.59769,9940.52028,7310.80259,163.95572,318.23139,288.47355
2022-01-25,2211.50825,9908.75576,7287.44123,163.93918,318.19929,288.44444
2022-01-26,2234.47058,10011.67483,7363.12651,165.51659,321.26211,291.22058
2022-01-27,2203.51371,9872.97081,7261.11608,165.17795,320.60482,290.62476
2022-01-28,2201.56225,9864.37308,7254.77641,164.78779,319.85226,289.94191
2022-01-31,2222.45025,9957.96438,7323.60835,165.6909,321.6052,291.53093
2022-02-01,2250.42795,10083.32193,7415.80286,167.19505,324.52475,294.17747
2022-02-02,2276.82753,10201.60854,7502.79702,168.44513,326.95114,296.37696
2022-02-03,2261.69185,10133.7912,7452.9206,165.55208,321.33575,291.28667
2022-02-04,2247.73026,10071.23458,7406.91319,164.16347,318.64046,288.84343
2022-02-07,2260.00476,10126.23259,7447.36154,165.02389,320.31055,290.35734
2022-02-08,2258.78818,10120.79981,7443.36464,165.30334,320.85354,290.84951
2022-02-09,2294.95785,10282.86282,7562.55425,167.82541,325.74887,295.28706
2022-02-10,2298.53547,10298.89281,7574.34353,167.51538,325.14711,294.74157
2022-02-11,2279.32576,10215.07352,7512.26826,167.04768,324.31082,293.96665
2022-02-14,2230.45779,9996.43868,7351.4368,164.83948,320.03569,290.08974
2022-02-15,2251.44504,10090.70697,7420.74709,165.68724,321.68825,291.58707
2022-02-16,2266.30337,10158.88101,7470.85045,166.66328,323.63363,293.34916
2022-02-17,2256.55561,10117.52825,7440.41097,165.88805,322.20284,292.05114
2022-02-18,2235.91569,10025.22958,7372.48761,164.76204,320.02355,290.07393
2022-02-21,2215.90316,9935.79907,7306.69341,163.36656,317.32265,287.62471
2022-02-22,2204.37966,9884.59066,7269.03523,162.5385,315.72897,286.18018
2022-02-23,2200.45935,9867.13495,7256.18439,162.39271,315.44972,285.92651
2022-02-24,2108.08978,9462.43063,6958.56558,158.52251,308.24101,279.39233
2022-02-25,2177.75304,9776.08847,7189.12088,161.84604,314.73458,285.27398
2022-02-28,2179.099,9782.88244,7194.11608,162.14072,315.33186,285.81531
2022-03-01,2139.37471,9604.82016,7063.13493,160.47797,312.10712,282.8909
2022-03-02,2127.70628,9553.14559,7025.01147,160.66984,312.50356,283.24526
2022-03-03,2107.87259,9465.19028,6960.33005,159.24408,309.7663,280.76418
2022-03-04,2035.47341,9140.24513,6721.36843,155.78832,303.04924,274.67561
2022-03-07,1996.31468,8965.04368,6592.53234,153.40941,298.44292,270.50057
2022-03-08,1977.61307,8885.6022,6532.96755,151.94432,295.74396,268.00726
2022-03-09,2057.52806,9245.28103,6797.41446,155.67992,303.03504,274.61453
2022-03-10,2053.77592,9235.98608,6790.48561,155.77681,303.47219,275.00684
2022-03-11,2043.9433,9192.0686,6758.16814,155.76613,303.46131,274.99582
2022-03-14,2058.05146,9255.52251,6804.81983,156.64845,305.18045,276.55367
2022-03-15,2052.61637,9231.29557,6786.96491,156.32731,304.56192,275.99142
2022-03-16,2107.98764,9482.62839,6971.29226,160.25231,312.28481,282.97134
2022-03-17,2149.67817,9677.26423,7113.17982,161.71532,315.36696,285.7159
2022-03-18,2156.76153,9709.4426,7136.7783,163.14397,318.16257,288.24649
2022-03-21,2157.61909,9713.34818,7139.64261,163.19407,318.26174,288.33608
2022-03-22,2170.43273,9772.14336,7182.65515,164.57283,320.98706,290.79689
2022-03-23,2166.71118,9756.05088,7170.68847,164.59678,321.05561,290.85337
2022-03-24,2162.49922,9739.40039,7158.26019,164.18727,320.33297,290.19099
2022-03-25,2159.53068,9729.18235,7150.04155,164.3052,320.66692,290.46474
2022-03-28,2150.97918,9692.09005,7122.42251,163.87836,319.8812,289.73839
2022-03-29,2202.25859,9923.63729,7292.47093,165.77527,323.59977,293.10219
2022-03-30,2204.09166,9956.50346,7313.74193,164.99189,322.8685,292.32469
2022-03-31,2181.63105,9857.01224,7240.356,163.8683,320.73388,290.37986
2022-04-01,2171.14454,9810.20489,7205.83421,164.41052,321.81391,291.35202
2022-04-04,2182.74192,9862.60705,7244.32488,165.88997,324.70977,293.97377
2022-04-05,2176.48757,9834.69413,7223.75493,166.29173,325.50765,294.69338
2022-04-06,2141.33149,9676.95533,7107.74372,163.89035,320.84413,290.46523
2022-04-07,2126.57225,9614.00776,7061.05651,162.88006,318.99077,288.76887
2022-04-08,2139.55718,9676.62011,7106.50953,164.44731,322.19028,291.64338
2022-04-11,2126.85945,9624.74743,7067.00524,163.11882,319.77205,289.39672
2022-04-12,2113.28176,9564.3789,7022.54129,162.42777,318.45313,288.19742
2022-04-13,2113.90268,9567.1891,7024.60465,162.86492,319.31021,288.97307
2022-04-14,2118.50953,9589.10607,7040.51347,164.29521,322.15027,291.5357
2022-04-15,2115.98646,9577.68579,7032.12847,164.09954,321.7666,291.18849
2022-04-18,2107.19535,9537.89982,7002.91618,163.16039,319.92529,289.52214
2022-04-19,2094.80548,9487.26391,6964.87034,162.3063,318.43335,288.13607
2022-04-20,2127.02842,9633.22857,7072.02716,163.60471,320.98169,290.44195
2022-04-21,2126.64004,9633.7744,7072.39925,163.89159,321.62148,291.01969
2022-04-22,2081.96424,9432.12099,6924.22983,161.47603,316.90569,286.7472
2022-04-25,2039.91299,9243.49154,6785.43917,159.21933,312.54033,282.78412
2022-04-26,2019.96548,9156.85101,6721.17986,158.50617,311.26785,281.6052
2022-04-27,2002.90409,9082.649,6666.20361,159.15484,312.64977,282.83373
2022-04-28,2012.59712,9129.93588,6700.66062,159.94028,314.3074,284.3227
2022-04-29,2033.69955,9227.68675,6771.94325,161.11172,316.67886,286.44852
2022-05-02,2006.33328,9111.32554,6685.18372,159.33644,313.45808,283.4773
2022-05-03,2016.51071,9159.98796,6720.4759,159.91675,314.68367,284.5682
2022-05-04,2004.93281,9108.03865,6682.23404,158.84785,312.60237,282.68067
2022-05-05,1993.23219,9058.90994,6645.46543,158.19076,311.44765,281.60577
2022-05-06,1972.82231,8971.30551,6580.27031,155.79424,306.9057,277.45981
2022-05-09,1914.94176,8711.27684,6389.27009,151.98454,299.51016,270.76219
2022-05-10,1918.87473,8731.06236,6403.29571,152.10891,299.82027,271.02197
2022-05-11,1938.43168,8822.72155,6470.28368,153.60819,302.86726,273.76638
2022-05-12,1909.41808,8694.58941,6375.82303,153.25627,302.30976,273.24132
2022-05-13,1942.37833,8847.95959,6487.654,156.17174,308.17516,278.5154
2022-05-16,1946.42838,8869.13268,6502.80893,156.35447,308.63055,278.9111
2022-05-17,1981.58718,9031.35359,6621.4071,157.19193,310.3529,280.45312
2022-05-18,1973.10891,8993.04634,6593.2849,156.86183,309.71264,279.87298
2022-05-19,1958.61222,8933.92889,6549.17721,154.57713,305.43946,275.97925
2022-05-20,1969.24389,8983.18773,6585.21924,155.87988,308.03987,278.32596
2022-05-23,2004.70828,9152.113,6707.78864,157.04353,310.58188,280.56995
2022-05-24,1995.70908,9112.8217,6678.98408,155.49321,307.57635,277.85455
2022-05-25,1996.359,9116.7596,6681.69158,156.22839,309.06348,279.19051
2022-05-26,2010.45606,9181.94888,6729.39462,156.77374,310.16978,280.18678
2022-05-27,2035.82796,9298.14241,6814.50647,158.86339,314.3148,283.92921
2022-05-30,2063.19701,9425.45451,6907.35461,159.96107,316.5642,285.94222
2022-05-31,2037.87239,9310.00997,6822.71108,158.98581,314.64253,284.20472
2022-06-01,2021.94281,9239.84804,6771.16234,158.40849,313.58861,283.24726
2022-06-02,2032.44961,9287.99508,6806.428,158.50357,313.78134,283.42061
2022-06-03,2029.06189,9272.54363,6795.0991,158.1582,313.09865,282.80373
2022-06-06,2040.09839,9323.79172,6832.55169,159.04071,314.87315,284.40225
2022-06-07,2029.95154,9278.60501,6799.25651,158.47142,313.7862,283.4129
2022-06-08,2026.77868,9264.30567,6788.77811,157.84038,312.54356,282.29054
2022-06-09,1992.37523,9107.7985,6674.0705,156.34117,309.60041,279.6314
2022-06-10,1934.19997,8842.22758,6479.39096,153.50573,303.99805,274.56826
2022-06-13,1877.83084,8584.537,6290.56074,150.57636,298.19687,269.32868
2022-06-14,1847.36025,8445.32895,6188.54216,148.30378,293.69942,265.26619
2022-06-15,1858.62649,8496.89092,6226.31981,149.20822,295.49257,266.8855
2022-06-16,1847.0285,8444.67192,6188.04245,147.06929,291.28429,263.0841
2022-06-17,1823.07602,8335.55028,6108.01539,145.6965,288.57886,260.63779
2022-06-20,1842.37782,8424.43366,6173.03089,146.1351,289.46926,261.4371
2022-06-21,1858.12192,8497.54289,6226.39372,146.99328,291.20748,262.9982
2022-06-22,1850.69463,8463.63616,6201.54272,145.96359,289.16961,261.15746
2022-06-23,1837.3943,8403.24338,6157.27985,145.85056,288.96055,260.96817
2022-06-24,1874.18608,8571.50898,6280.57253,148.54531,294.29942,265.78985
2022-06-27,1896.12647,8671.86063,6354.10135,149.53267,296.25588,267.55671
2022-06-28,1892.35296,8654.60267,6341.45599,150.41313,298.00024,269.1321
2022-06-29,1873.47573,8572.35994,6280.63494,149.42428,296.1825,267.46661
2022-06-30,1846.28392,8448.19554,6189.64814,147.59357,292.56259,264.19697
2022-07-01,1832.33558,8384.4149,6142.91017,147.36658,292.11417,263.79166
2022-07-04,1850.29408,8467.22214,6203.50031,148.34694,294.07944,265.56299
2022-07-05,1805.61591,8263.90517,6054.36167,147.33734,292.11823,263.78417
2022-07-06,1813.00091,8297.91144,6079.23773,148.62926,294.687,266.10212
2022-07-07,1840.82554,8426.38837,6173.36283,151.27386,299.97056,270.87317
2022-07-08,1849.4789,8465.99918,6202.38261,151.93269,301.27697,272.05287
2022-07-11,1829.18905,8373.14432,6134.35261,151.60709,300.63212,271.47046
2022-07-12,1827.58345,8365.79467,6128.9681,151.98649,301.38446,272.14982
2022-07-13,1823.09996,8345.31874,6113.95761,150.7138,298.86246,269.87204
2022-07-14,1784.89192,8170.53821,5985.89227,149.22314,295.91079,267.20592
2022-07-15,1817.05173,8317.75324,6093.74482,150.66089,298.76186,269.78041
2022-07-18,1847.23236,8456.8862,6195.49003,151.42069,300.30327,271.16415
2022-07-19,1872.94282,8574.59331,6281.72179,152.74916,302.93797,273.54319
2022-07-20,1878.23075,8598.85246,6299.48477,153.70539,304.8362,275.25683
2022-07-21,1881.35722,8613.16594,6309.97077,154.27092,305.95778,276.26958
2022-07-22,1897.37707,8686.50747,6363.70048,154.99904,307.40183,277.57351
2022-07-25,1892.49502,8664.22563,6347.35925,154.79692,307.00342,277.21299
2022-07-26,1884.16974,8626.11082,6319.43658,155.39348,308.18654,278.2813
2022-07-27,1886.86513,8638.49202,6328.49942,155.81566,309.02533,279.03836
2022-07-28,1915.33672,8769.53743,6424.47978,157.62172,312.63204,282.2941
2022-07-29,1937.25993,8870.01512,6498.07775,158.78483,314.94255,284.37992
2022-08-01,1957.61949,8963.23421,6566.36906,159.25872,315.8825,285.22865
2022-08-02,1934.67778,8858.24412,6489.45341,158.52654,314.4321,283.91895
2022-08-03,1923.93704,8809.35689,6453.62672,158.7202,314.82661,284.27463
2022-08-04,1941.70695,8893.39866,6515.13547,158.91554,315.30897,284.70759
2022-08-05,1924.06973,8812.62142,6455.95907,158.18463,313.85892,283.39825
2022-08-08,1944.19315,8905.63303,6524.05095,159.02558,315.55732,284.92978
2022-08-09,1932.00138,8849.7922,6483.14273,157.94333,313.40998,282.99083
2022-08-10,1968.54076,9017.30051,6605.84481,158.87134,315.25616,284.65737
2022-08-11,1970.07379,9030.57025,6615.5214,159.14875,316.02526,285.34991
2022-08-12,1963.88004,9003.72215,6595.69843,160.21251,318.19212,287.2997
2022-08-15,1966.7334,9017.50204,6605.73556,161.2322,320.2421,289.14814
2022-08-16,1961.45102,8993.62091,6588.19331,161.0361,319.86464,288.80521
2022-08-17,1948.8358,8937.40457,6547.00316,160.26804,318.397,287.47967
2022-08-18,1946.5081,8930.79317,6542.13356,160.59811,319.19798,288.2017
2022-08-19,1919.50209,8806.94132,6451.40035,159.75786,317.52989,286.69528
2022-08-22,1897.04349,8704.28395,6376.1747,159.0768,316.19026,285.4846
2022-08-23,1890.94479,8676.55219,6355.84023,158.24783,314.55166,284.00423
2022-08-24,1889.69224,8671.07965,6351.81808,158.05596,314.18023,283.66828
2022-08-25,1898.45063,8712.67273,6382.2797,158.95556,316.01937,285.32851
2022-08-26,1882.32632,8639.09103,6328.33014,157.05477,312.25555,281.92804
2022-08-29,1850.11789,8491.63097,6220.29862,154.87767,307.94021,278.03121
2022-08-30,1847.98584,8483.03962,6213.92281,154.62175,307.47466,277.6072
2022-08-31,1840.50245,8449.66804,6189.45419,152.96954,304.22443,274.67164
2022-09-01,1790.16582,8226.13265,6025.7126,150.57536,299.7383,270.6213
2022-09-02,1823.4607,8379.62077,6138.13303,151.97633,302.54488,273.15476
2022-09-05,1802.23098,8283.27344,6067.55791,151.82704,302.29192,272.92638
2022-09-06,1793.63253,8244.45366,6039.11541,151.34676,301.36127,272.08582
2022-09-07,1780.96142,8186.57954,5996.71303,149.61293,297.92228,268.9805
2022-09-08,1800.51838,8278.12907,6063.7481,151.13432,301.01186,271.7688
2022-09-09,1838.79699,8454.53937,6192.96904,153.02563,304.79386,275.18339
2022-09-12,1876.43181,8627.63936,6319.75169,154.79349,308.31722,278.36385
2022-09-13,1838.43668,8452.94172,6191.78554,153.40809,305.55778,275.8725
2022-09-14,1816.43172,8351.80184,6117.69648,151.84479,302.44533,273.06224
2022-09-15,1806.02508,8304.74627,6083.21696,151.00505,300.80147,271.57759
2022-09-16,1788.59914,8224.78233,6024.61897,149.02621,296.86564,268.02305
2022-09-19,1783.86137,8203.36889,6008.86475,148.89866,296.62505,267.80276
2022-09-20,1772.2667,8150.04897,5969.80858,148.19728,295.2278,266.54128
2022-09-21,1757.96265,8086.62151,5922.84488,148.72736,296.36999,267.54972
2022-09-22,1734.00905,7976.50375,5842.19186,147.64242,294.21056,265.60028
2022-09-23,1688.02388,7764.97029,5687.25944,145.35598,289.65431,261.4871
2022-09-26,1659.80629,7635.27342,5592.23927,143.77052,286.49886,258.63726
2022-09-27,1656.2761,7619.03421,5580.34532,143.8748,286.70668,258.82487
2022-09-28,1654.25446,7609.76866,5573.55027,143.55744,286.07554,258.2547
2022-09-29,1655.31448,7634.71663,5589.62196,141.64909,283.01671,255.39279
2022-09-30,1661.4823,7663.16414,5610.44931,141.74149,283.20133,255.55939
2022-10-03,1676.54194,7732.67377,5661.3348,142.7203,285.15887,257.32565
2022-10-04,1743.6072,8041.99724,5887.80029,146.35723,292.42556,263.88306
2022-10-05,1725.96778,7960.74688,5828.30253,146.3613,292.43763,263.89342
2022-10-06,1718.36317,7925.91078,5802.76408,145.92372,291.57212,263.11085
2022-10-07,1693.57723,7812.07682,5719.35505,144.64193,289.02911,260.81297
2022-10-10,1672.13086,7713.30135,5647.00653,144.03195,287.81588,259.71664
2022-10-11,1657.82756,7647.33564,5598.71219,142.70431,285.16338,257.32311
2022-10-12,1647.93759,7601.71453,5565.31239,141.97728,283.71059,256.01215
2022-10-13,1651.54222,7618.86005,5577.85928,142.05354,283.88226,256.1668
2022-10-14,1670.63613,7706.99041,5642.37135,143.15074,286.07667,258.14655
2022-10-17,1691.04023,7801.11929,5711.28406,143.96917,287.71225,259.62244
2022-10-18,1705.42962,7867.50053,5759.88249,144.69308,289.15893,260.92788
2022-10-19,1691.44003,7803.00635,5712.6656,144.38563,288.54609,260.37487
2022-10-20,1698.3262,7835.30667,5736.26318,144.19287,288.18048,260.0427
2022-10-21,1679.67485,7749.34551,5673.3114,143.2935,286.38627,258.4228
2022-10-24,1708.20763,7881.10301,5769.74849,144.43025,288.66253,260.47576
2022-10-25,1742.0754,8037.35764,5884.14236,146.19928,292.19816,263.66615
2022-10-26,1768.17677,8158.32877,5972.63653,147.06071,293.93958,265.23449
2022-10-27,1761.76313,8128.99287,5951.15999,147.27476,294.3767,265.62892
2022-10-28,1748.92398,8069.89048,5907.88915,146.9068,293.64627,264.96971
2022-10-31,1750.00393,8075.91284,5912.14906,147.97913,295.82779,266.93145
2022-11-01,1763.0492,8136.2279,5956.29254,149.24834,298.36926,269.22415
2022-11-02,1763.87091,8140.1317,5959.14128,149.32547,298.52753,269.36656
2022-11-03,1730.73579,7987.57582,5847.42096,148.22448,296.33984,267.39078
2022-11-04,1770.32345,8170.54643,5981.32291,149.5158,298.93135,269.72714
2022-11-07,1795.04819,8286.42382,6066.15201,150.02722,300.01776,270.70741
2022-11-08,1821.85745,8410.34908,6156.85395,151.25444,302.47789,272.92637
2022-11-09,1807.96314,8346.21188,6109.90143,150.66966,301.30861,271.8713
2022-11-10,1871.5571,8641.93412,6326.35273,153.62558,307.29627,277.27249
2022-11-11,1918.40622,8859.07254,6485.21224,155.26002,310.59411,280.24391
2022-11-14,1913.55744,8836.93748,6468.9623,154.79265,309.66813,279.40642
2022-11-15,1931.3018,8920.29487,6529.91923,155.70058,311.5338,281.08703
2022-11-16,1922.08001,8877.8139,6498.80826,154.37634,308.88811,278.69932
2022-11-17,1901.58575,8785.44464,6431.18337,153.85402,307.9233,277.82846
2022-11-18,1922.38183,8881.92917,6501.80471,155.05624,310.34359,280.01186
2022-11-21,1897.48634,8768.97708,6418.77716,154.8566,310.01727,279.70246
2022-11-22,1919.9358,8872.75137,6494.73693,156.01837,312.34405,281.80165
2022-11-23,1946.21533,8994.19905,6583.63503,156.78191,313.87262,283.18074
2022-11-24,1967.07503,9092.59271,6655.62654,157.92951,316.2394,285.31475
2022-11-25,1962.94358,9073.84577,6641.84,157.64324,315.67836,284.80582
2022-11-28,1949.00582,9009.57389,6594.76589,156.65939,313.71366,283.03204
2022-11-29,1945.93896,8995.4445,6584.41821,157.0321,314.46168,283.70667
2022-11-30,1944.02695,8986.80487,6578.069,157.79196,315.99033,285.08472
2022-12-01,1995.94,9228.12174,6754.5208,159.07032,318.5964,287.42803
2022-12-02,1983.24062,9169.64899,6711.69041,158.2544,316.9706,285.95996
2022-12-05,1982.9229,9168.61064,6710.85159,157.41742,315.30902,284.45759
2022-12-06,1970.0362,9110.7916,6668.21376,156.76667,314.06644,283.32309
2022-12-07,1957.78426,9054.23465,6626.80048,155.77689,312.0871,281.53669
2022-12-08,1961.62189,9072.0641,6639.84462,155.4606,311.45624,280.96737
2022-12-09,1978.88235,9151.95243,6698.31489,156.90291,314.34796,283.57601
2022-12-12,1964.116,9083.79932,6648.40674,156.01333,312.57049,281.9714
2022-12-13,2008.98412,9291.83233,6800.59272,157.82229,316.21253,285.25385
2022-12-14,2013.55833,9312.98868,6816.07683,158.04792,316.66461,285.66167
2022-12-15,1961.53694,9072.51449,6640.07634,153.9213,308.401,278.20711
2022-12-16,1936.53258,8956.86416,6555.4331,152.46023,305.47357,275.56628
2022-12-19,1930.26635,8927.99587,6533.76047,152.48402,305.52514,275.58984
2022-12-20,1940.4325,8975.01776,6568.17234,152.42266,305.40223,275.47898
2022-12-21,1957.5839,9054.34754,6626.22812,154.13209,308.82733,278.56849
2022-12-22,1946.48209,9003.98357,6589.37034,153.46039,307.5151,277.38483
2022-12-23,1943.56116,8990.61434,6579.56032,153.04242,306.6824,276.63262
2022-12-26,1944.32445,8994.14519,6582.14429,153.10252,306.80284,276.74126
2022-12-27,1950.83229,9024.25787,6604.17997,153.09568,306.78943,276.7291
2022-12-28,1943.29748,8989.40295,6578.67226,152.9496,306.49669,276.46504
2022-12-29,1955.48042,9050.0653,6622.48744,153.21587,307.17643,277.05395
2022-12-30,1943.92542,8996.58812,6583.35492,152.22489,305.18964,275.26199
2023-01-02,1955.87054,9053.02846,6624.44399,153.16029,307.10425,276.98
2023-01-03,1960.08103,9072.51732,6638.70473,155.19133,311.17672,280.653
2023-01-04,1981.39724,9171.18246,6710.90175,156.1689,313.13687,282.42087
2023-01-05,1961.41782,9078.89706,6643.3628,155.82863,312.4612,281.81105
2023-01-06,1995.78107,9237.95569,6759.75184,157.31743,315.44649,284.5035
2023-01-09,2029.89337,9397.00072,6875.94564,157.93578,316.72507,285.64896
2023-01-10,2018.61187,9344.77517,6837.73132,157.25566,315.36116,284.41887
2023-01-11,2031.65268,9405.14511,6881.90503,157.89626,316.64583,285.57749
2023-01-12,2062.06634,9546.31359,6985.20042,159.47397,319.8223,288.4423
2023-01-13,2080.3485,9630.95068,7047.13082,160.54616,321.97256,290.38158
2023-01-16,2080.42953,9631.63443,7047.57182,160.61173,322.1144,290.50706
2023-01-17,2088.5934,9669.43016,7075.22736,161.60026,324.09693,292.29506
2023-01-18,2104.21391,9741.74746,7128.14272,162.35793,325.61648,293.6655
2023-01-19,2070.0015,9583.66138,7012.46942,160.33988,321.57942,290.02458
2023-01-20,2080.40652,9631.83439,7047.71813,160.5284,321.95751,290.36557
2023-01-23,2095.60736,9703.50497,7099.91605,161.19531,323.3382,291.60074
2023-01-24,2102.9799,9737.64296,7124.89431,161.60624,324.16246,292.3441
2023-01-25,2107.22124,9757.28209,7139.26398,161.53114,324.01183,292.20826
2023-01-26,2104.05104,9742.60278,7128.52333,162.00883,324.97001,293.07239
2023-01-27,2109.29065,9766.91737,7146.30349,162.61453,326.18674,294.16926
2023-01-30,2108.32141,9762.69529,7143.17515,162.09123,325.14593,293.229
2023-01-31,2100.43519,9726.17773,7116.45596,161.63362,324.22798,292.40116
2023-02-01,2111.80098,9778.80764,7154.96424,161.60058,324.16171,292.3414
2023-02-02,2133.82991,9880.81374,7229.60013,163.00272,326.97432,294.87792
2023-02-03,2119.0019,9812.15188,7179.36158,163.10743,327.18436,295.06733
2023-02-06,2083.91979,9650.08657,7060.73934,162.29039,325.55839,293.59922
2023-02-07,2088.94023,9673.36209,7077.76749,163.27473,327.53393,295.38074
2023-02-08,2096.5682,9708.82094,7103.70196,163.38198,327.75366,295.57849
2023-02-09,2112.68347,9783.57906,7158.39086,164.06414,329.12652,296.81617
2023-02-10,2085.31514,9659.0348,7066.84143,163.23565,327.53894,295.36674
2023-02-13,2095.69455,9707.12643,7102.02505,163.39008,327.8493,295.64655
2023-02-14,2100.77843,9730.86357,7119.39128,163.80172,328.68167,296.39713
2023-02-15,2089.14102,9677.08411,7080.02277,163.5428,328.16636,295.93152
2023-02-16,2096.08135,9712.18882,7105.62549,164.13222,329.4494,297.08515
2023-02-17,2087.03692,9670.57823,7075.12473,163.5696,328.33016,296.07345
2023-02-20,2095.2096,9709.07035,7103.24947,163.84137,328.89679,296.58288
2023-02-21,2087.31256,9672.60884,7076.57698,163.28495,327.78432,295.57985
2023-02-22,2069.0659,9589.59676,7015.84451,162.70279,326.66824,294.57342
2023-02-23,2061.45299,9558.29242,6992.93485,162.58603,326.56977,294.48432
2023-02-24,2035.26355,9437.15135,6904.2991,161.35799,324.11312,292.26871
2023-02-27,2056.90379,9539.05188,6978.77672,162.15072,325.75868,293.74949
2023-02-28,2053.68951,9524.26681,6967.95996,161.8439,325.14643,293.1974
2023-03-01,2055.22058,9532.06533,6973.55093,160.95527,323.38483,291.60412
2023-03-02,2051.83814,9520.58549,6965.14853,161.61418,324.85228,292.92718
2023-03-03,2070.64004,9608.15124,7029.18871,163.2952,328.24227,295.9831
2023-03-06,2087.72435,9687.92011,7087.5314,163.38598,328.44153,296.16215
2023-03-07,2062.44479,9570.78058,7001.83017,162.83328,327.33624,295.16533
2023-03-08,2057.51861,9550.49341,6986.94302,162.95235,327.66387,295.45884
2023-03-09,2062.91702,9585.93273,7011.66602,163.12484,328.36631,296.04141
2023-03-10,2052.22306,9536.44685,6975.4587,160.47991,323.04913,291.24722
2023-03-13,2024.37591,9407.06195,6880.8178,157.63857,317.33006,286.09107
2023-03-14,2024.53137,9408.02477,6881.47458,157.78299,317.6289,286.35851
2023-03-15,1970.36783,9156.41007,6697.42863,156.31678,314.6802,283.69998
2023-03-16,1988.12089,9246.09888,6761.71782,156.44801,315.18945,284.10392
2023-03-17,1986.72851,9240.23007,6757.30505,155.9713,314.24967,283.25175
2023-03-20,2000.47594,9304.65637,6804.32956,155.9373,314.19762,283.2011
2023-03-21,2022.25675,9406.0484,6878.46765,156.91796,316.1764,284.98433
2023-03-22,2038.06916,9480.8402,6932.94033,157.83719,318.0703,286.68224
2023-03-23,2052.04003,9548.10918,6981.93663,157.48173,317.42973,286.09691
2023-03-24,2017.12852,9388.97766,6864.81194,156.63638,315.83718,284.62997
2023-03-27,2031.3592,9456.68412,6913.94932,157.46345,317.55416,286.16212
2023-03-28,2043.8405,9515.12433,6956.64813,157.6705,317.98292,286.54735
2023-03-29,2061.9071,9601.04832,7018.75434,159.10095,320.92844,289.17226
2023-03-30,2084.49297,9733.84471,7112.61483,159.63514,322.92254,290.83742
2023-03-31,2092.59928,9772.43601,7140.65434,160.97134,325.65009,293.2874
2023-04-03,2104.82812,9830.90748,7183.19883,161.55515,326.87647,294.38452
2023-04-04,2116.77113,9886.77182,7224.01751,161.27212,326.30655,293.87125
2023-04-05,2101.65451,9818.58462,7173.66485,160.97154,325.77859,293.3741
2023-04-06,2100.32647,9815.87254,7171.5052,160.6931,325.33082,292.96359
2023-04-07,2101.05777,9819.29026,7174.0022,160.74905,325.44409,293.06559
2023-04-10,2084.79141,9744.06681,7119.04372,160.7406,325.45362,293.07418
2023-04-11,2109.40115,9859.15291,7203.10984,161.55007,327.09466,294.55129
2023-04-12,2125.46515,9938.08741,7259.96826,161.81649,327.76115,295.11849
2023-04-13,2144.76678,10029.94423,7326.94338,162.25134,328.69464,295.95383
2023-04-14,2145.71592,10036.60366,7331.34922,162.91301,330.10811,297.2079
2023-04-17,2132.83917,9976.76773,7287.54035,163.29271,330.89061,297.90829
2023-04-18,2149.67269,10055.93899,7345.28676,163.8834,332.10173,298.99525
2023-04-19,2144.97495,10033.99842,7329.26027,163.58495,331.49809,298.45178
2023-04-20,2147.82084,10048.41731,7339.76111,163.50358,331.36968,298.3349
2023-04-21,2146.25675,10041.85373,7334.81945,163.45896,331.30412,298.26988
2023-04-24,2153.43336,10086.08796,7364.96168,163.17283,331.07397,297.97499
2023-04-25,2142.02241,10036.91816,7328.36637,163.07703,331.02062,297.89888
2023-04-26,2135.75942,10010.88551,7308.84936,161.62845,328.18888,295.3299
2023-04-27,2133.37512,10002.75522,7302.68057,161.9319,328.90518,295.96503
2023-04-28,2143.84599,10058.457,7342.2554,162.29186,329.85297,296.7738
2023-05-01,2139.1945,10036.63927,7326.3287,162.81724,330.92098,297.73468
2023-05-02,2123.00882,9963.69577,7272.5289,161.6074,328.56083,295.58869
2023-05-03,2139.59937,10043.68624,7330.47085,161.77988,328.9812,295.94898
2023-05-04,2130.57693,10006.80634,7302.80931,161.86652,329.33749,296.2393
2023-05-05,2144.63169,10078.18484,7353.86914,162.84548,331.50584,298.14793
2023-05-08,2152.22306,10118.20845,7382.4025,163.31062,332.59572,299.10095
2023-05-09,2143.39592,10081.62183,7355.04544,163.50929,333.16265,299.58378
2023-05-10,2139.41922,10064.30298,7342.35765,162.96049,332.09016,298.61724
2023-05-11,2130.19018,10028.32754,7315.36757,163.06003,332.53972,298.99106
2023-05-12,2126.26093,10014.66008,7304.48413,163.59084,333.78324,300.07161
2023-05-15,2133.5296,10052.99557,7332.06831,164.10476,334.96843,301.12161
2023-05-16,2126.88088,10022.45103,7309.64996,163.57831,333.91995,300.17329
2023-05-17,2115.11045,9968.64522,7270.12332,163.3646,333.53923,299.8193
2023-05-18,2116.28382,9978.90368,7277.31153,164.22928,335.4636,301.53697
2023-05-19,2131.58968,10052.25469,7330.51716,165.1487,337.38123,303.24879
2023-05-22,2135.63707,10078.51806,7348.41321,165.27841,337.88682,303.65132
2023-05-23,2119.60602,10005.28205,7294.94094,164.34975,336.06951,302.01506
2023-05-24,2085.73189,9845.57323,7178.45728,161.96364,331.19666,297.63438
2023-05-25,2069.41082,9769.19962,7122.76192,161.20553,329.66898,296.26106
2023-05-26,2080.91415,9824.13796,7162.65825,162.44989,332.23517,298.56055
2023-05-29,2086.01868,9848.76888,7180.56057,162.79516,332.95929,299.20895
2023-05-30,2075.85226,9806.37482,7148.63406,161.72239,330.95433,297.36489
2023-05-31,2041.80721,9645.83709,7031.54513,160.06229,327.56696,294.31878
2023-06-01,2070.05844,9781.17327,7130.1162,161.2109,329.98077,296.48404
2023-06-02,2097.68644,9912.41925,7225.7162,163.45389,334.5956,300.62735
2023-06-05,2100.54366,9926.50168,7235.87581,163.89045,335.50889,301.44352
2023-06-06,2105.71756,9951.87747,7254.17998,164.61687,337.02732,302.79971
2023-06-07,2098.07171,9916.12332,7228.07682,163.75873,335.28332,301.23111
2023-06-08,2106.92877,9959.42702,7259.64182,163.48813,334.77776,300.77689
2023-06-09,2110.45455,9976.56571,7272.11865,163.96723,335.77473,301.67195
2023-06-12,2113.96896,9993.8816,7284.61625,164.38545,336.65483,302.45751
2023-06-13,2136.39904,10101.05312,7362.55331,165.28381,338.53259,304.13704
2023-06-14,2157.56728,10201.31727,7435.59082,166.12185,340.25502,305.68266
2023-06-15,2161.49499,10220.20664,7449.34883,165.55489,339.10432,304.64847
2023-06-16,2170.83742,10264.59911,7481.69298,166.05739,340.14084,305.57914
2023-06-19,2152.71222,10179.56168,7419.58489,164.68598,337.35381,303.07016
2023-06-20,2140.8088,10123.32586,7378.58296,164.11336,336.18253,302.01738
2023-06-21,2138.78041,10114.97626,7372.27086,163.16464,334.28015,300.29911
2023-06-22,2127.4276,10062.45569,7333.8921,162.23191,332.40791,298.61314
2023-06-23,2097.67457,9921.78058,7231.35268,161.09485,330.07988,296.52138
2023-06-26,2098.30574,9924.86372,7233.58847,160.75188,329.38037,295.89253
2023-06-27,2103.74956,9950.61264,7252.35519,160.56547,328.99842,295.5494
2023-06-28,2113.76675,9997.99373,7286.88815,162.06262,332.06611,298.3052
2023-06-29,2113.59149,10001.77708,7289.01226,162.22778,332.55786,298.72101
2023-06-30,2131.72486,10087.58643,7351.54769,163.29716,334.75003,300.69013
2023-07-03,2138.02948,10118.72937,7374.08936,163.83267,335.89125,301.70891
2023-07-04,2136.20083,10110.94364,7368.28984,163.76011,335.77134,301.59606
2023-07-05,2120.88295,10038.84466,7315.68228,163.0045,334.23545,300.2138
2023-07-06,2076.8662,9830.65368,7163.96571,159.71698,327.49966,294.16364
2023-07-07,2087.71616,9882.14537,7201.48863,159.34902,326.7496,293.48988
2023-07-10,2090.62795,9895.95957,7211.55213,159.17875,326.40149,293.17708
2023-07-11,2107.58415,9976.45901,7270.18217,160.26537,328.63747,295.18412
2023-07-12,2153.51755,10193.95379,7428.66527,161.83662,331.86154,298.07949
2023-07-13,2185.30797,10345.64624,7539.18316,163.14741,334.58852,300.52786
2023-07-14,2188.99434,10363.09818,7551.90092,162.72488,333.72199,299.74954
2023-07-17,2175.29627,10298.30788,7504.67556,161.85056,331.9308,298.14027
2023-07-18,2188.43741,10360.63352,7550.07353,162.77035,333.82078,299.83703
2023-07-19,2187.34647,10355.46872,7546.3098,163.35067,335.01093,300.90602
2023-07-20,2181.92657,10329.80951,7527.61123,163.58176,335.48487,301.33171
2023-07-21,2176.5814,10304.50405,7509.17046,163.68025,335.68687,301.51315
2023-07-24,2177.91931,10312.5875,7514.71867,164.27605,336.96593,302.64821
2023-07-25,2183.40626,10338.56858,7533.65092,165.21928,338.9007,304.38593
2023-07-26,2181.77952,10330.98634,7528.11262,164.8052,338.05528,303.62609
2023-07-27,2192.76251,10383.62414,7566.4675,166.72735,342.0189,307.18595
2023-07-28,2196.23537,10400.31331,7578.59346,166.3256,341.20274,306.45149
2023-07-31,2199.36415,10415.17534,7589.41816,166.71362,342.00023,307.16755
2023-08-01,2177.30488,10311.3454,7513.71049,165.73297,340.00937,305.3775
2023-08-02,2137.21218,10121.9674,7375.69379,163.4628,335.36837,301.2084
2023-08-03,2124.40306,10063.70258,7333.23109,162.40136,333.27015,299.32365
2023-08-04,2143.22356,10153.37968,7398.57711,162.49496,333.47934,299.51153
2023-08-07,2141.31057,10145.37763,7392.64363,162.63763,333.80703,299.80168
2023-08-08,2127.86014,10081.78602,7346.29638,162.4576,333.442,299.47344
2023-08-09,2135.06789,10115.93633,7371.18069,162.45877,333.44441,299.4756
2023-08-10,2153.94514,10212.78815,7441.73874,163.37454,335.56755,301.38184
2023-08-11,2129.2277,10096.38623,7356.88308,162.1842,333.14881,299.208
2023-08-14,2111.49463,10013.74007,7296.55787,161.82904,332.46709,298.59148
2023-08-15,2104.93568,9982.73836,7273.94179,160.8102,330.37739,296.71363
2023-08-16,2087.28551,9900.90928,7214.29738,159.93694,328.64564,295.15753
2023-08-17,2068.98135,9816.02571,7152.40792,158.78916,326.35168,293.09572
2023-08-18,2057.63536,9763.33598,7113.81796,158.15076,325.07755,291.94331
2023-08-21,2055.35078,9752.68136,7106.03275,157.77203,324.30525,291.24882
2023-08-22,2067.55848,9810.75325,7148.33613,159.25031,327.34877,293.98174
2023-08-23,2080.42004,9872.1178,7192.99649,160.30004,329.51775,295.92753
2023-08-24,2073.74168,9842.23874,7171.21848,159.88865,328.73258,295.22209
2023-08-25,2053.47646,9746.15017,7101.20676,159.34047,327.60864,294.21271
2023-08-28,2079.12521,9868.51434,7190.33488,160.80813,330.64733,296.94047
2023-08-29,2099.88426,9968.049,7262.82476,162.06127,333.25749,299.28321
2023-08-30,2117.39674,10052.52867,7324.29604,161.925,333.02196,299.06836
2023-08-31,2109.15769,10017.35842,7298.64925,162.40951,334.15003,300.08053
2023-09-01,2104.02025,9993.27701,7281.09371,162.7035,334.76557,300.63291
2023-09-04,2106.10561,10004.34066,7289.15468,163.19697,335.8198,301.57964
2023-09-05,2086.88555,9913.44555,7222.91047,162.87042,335.16147,300.98769
2023-09-06,2081.64594,9888.94429,7205.03837,162.46908,334.34873,300.25696
2023-09-07,2077.16958,9870.6803,7191.72231,162.16514,333.82474,299.78602
2023-09-08,2074.01915,9855.76648,7180.85618,161.76807,333.00928,299.05371
2023-09-11,2088.20139,9924.04916,7230.59336,162.40439,334.34912,300.25638
2023-09-12,2083.17296,9900.26967,7213.25681,162.5048,334.5598,300.44513
2023-09-13,2079.84746,9884.94404,7202.08616,161.86766,333.26423,299.28147
2023-09-14,2099.60868,9979.30054,7270.82112,164.52404,338.7482,304.20572
2023-09-15,2108.22471,10020.25192,7300.6579,165.1837,340.1064,305.42544
2023-09-18,2093.63084,9951.35881,7250.3852,163.90195,337.48329,303.06655
2023-09-19,2094.63846,9956.27726,7253.9543,163.7584,337.1921,302.80445
2023-09-20,2105.79049,10011.78455,7293.84342,164.1772,338.13885,303.63166
2023-09-21,2070.87629,9845.78825,7172.91083,162.35631,334.38855,300.26407
2023-09-22,2064.70547,9816.44967,7151.53692,161.9029,333.4547,299.42552
2023-09-25,2043.33291,9715.02001,7077.60849,161.44638,332.52077,298.58545
2023-09-26,2031.73273,9659.86695,7037.42825,160.43125,330.42996,296.70802
2023-09-27,2019.38948,9601.18101,6994.67424,160.5564,330.68772,296.93948
2023-09-28,2024.37322,9646.50968,7025.37864,160.16792,330.62907,296.78886
2023-09-29,2031.25989,9679.46603,7049.34445,160.34089,330.99092,297.11218
2023-10-02,2001.002,9535.27951,6944.33655,159.31422,328.87158,295.20976
2023-10-03,1975.09931,9411.84665,6854.44308,157.57467,325.28062,291.98635
2023-10-04,1962.93369,9354.00967,6812.30689,156.35036,322.75795,289.72126
2023-10-05,1983.20981,9450.81495,6882.79882,157.39535,324.92144,291.66292
2023-10-06,1993.62865,9500.46502,6918.95776,158.10212,326.38048,292.97261
2023-10-09,1993.70246,9501.58489,6919.65837,158.00302,326.20227,292.80779
2023-10-10,2037.68291,9711.21175,7072.32039,160.69612,331.76312,297.79928
2023-10-11,2043.26305,9737.80564,7091.68775,160.74182,331.85746,297.88396
2023-10-12,2040.98578,9727.6476,7084.28307,161.59704,333.64693,299.48994
2023-10-13,2012.67694,9592.87786,6986.10491,160.14458,330.65339,296.80158
2023-10-16,2013.78518,9598.22757,6989.98826,159.53409,329.39521,295.67167
2023-10-17,2021.59606,9635.45612,7017.10028,159.74403,329.82868,296.06076
2023-10-18,2002.58434,9544.91174,6951.16058,158.81234,327.90741,294.33619
2023-10-19,1978.98238,9433.37099,6869.81136,156.49512,323.15559,290.06585
2023-10-20,1960.39827,9344.78468,6805.29877,154.7327,319.51626,286.79918
2023-10-23,1958.92829,9338.0063,6800.3084,154.02029,318.05295,285.48344
2023-10-24,1962.41026,9354.6081,6812.39809,154.73806,319.53528,286.81395
2023-10-25,1964.07252,9363.19744,6818.51423,155.05199,320.20631,287.41041
2023-10-26,1942.88835,9262.26955,6745.01601,154.01246,318.06166,285.48541
2023-10-27,1945.34998,9274.20657,6753.69124,153.68283,317.38782,284.87985
2023-10-30,1951.96341,9305.89105,6776.74736,153.61719,317.25758,284.76222
2023-10-31,1947.91389,9288.04104,6763.55109,154.01641,318.13192,285.53867
2023-11-01,1968.54603,9386.98089,6835.53322,156.12779,322.51243,289.4676
2023-11-02,2006.05301,9566.11887,6965.9636,157.88885,326.16001,292.74074
2023-11-03,2031.05506,9685.50331,7052.86712,158.14394,326.69233,293.21723
2023-11-06,2039.4966,9726.50131,7082.68872,158.63865,327.73932,294.15558
2023-11-07,2018.64691,9627.10275,7010.30431,157.89125,326.19642,292.77062
2023-11-08,2018.20851,9625.012,7008.78185,157.53996,325.47068,292.11924
2023-11-09,2036.08045,9713.71268,7073.33368,158.80154,328.19421,294.56209
2023-11-10,2011.90016,9598.51167,6989.41349,157.57738,325.66961,292.29481
2023-11-13,2024.37665,9658.72742,7033.20914,158.25795,327.09959,293.57607
2023-11-14,2067.37237,9866.39386,7184.251,159.42698,329.60018,295.81319
2023-11-15,2088.01338,9965.00852,7256.04571,160.60379,332.03668,297.99943
2023-11-16,2079.51384,9928.68833,7229.59893,159.77357,330.46152,296.58573
2023-11-17,2100.88301,10031.14187,7304.17396,161.26716,333.56488,299.36987
2023-11-20,2110.57707,10080.38242,7339.53247,161.24118,333.60891,299.38916
2023-11-21,2110.19612,10078.57936,7338.21966,161.28579,333.70176,299.47248
2023-11-22,2101.43025,10036.71237,7307.73628,161.6209,334.3951,300.0947
2023-11-23,2111.11187,10084.79525,7342.72834,161.71813,334.65741,300.3294
2023-11-24,2122.12856,10137.81029,7381.25786,162.11627,335.49415,301.07743
2023-11-27,2114.6533,10102.15887,7355.28977,161.64864,334.52837,300.21029
2023-11-28,2119.53151,10125.46316,7372.25741,161.31331,333.83442,299.58754
2023-11-29,2123.17233,10142.94108,7384.96983,161.67875,334.59349,300.2682
2023-11-30,2124.90857,10151.67558,7391.32933,162.76009,336.84591,302.28955
2023-12-01,2130.49056,10178.34333,7410.74584,164.32471,340.08404,305.19549
2023-12-04,2124.55826,10151.57242,7390.98427,164.17018,339.81678,304.94451
2023-12-05,2120.67517,10133.17282,7377.5637,164.02178,339.51478,304.67249
2023-12-06,2138.21197,10217.0637,7438.63737,165.60036,342.78556,307.60744
2023-12-07,2138.28689,10217.55735,7438.98528,165.70598,343.00873,307.80724
2023-12-08,2138.42884,10218.44412,7439.58991,165.96321,343.54819,308.28964
2023-12-11,2139.21553,10222.28265,7442.36829,166.39511,344.44492,309.09365
2023-12-12,2144.04058,10245.86122,7459.46255,166.19809,344.05462,308.74042
2023-12-13,2148.69107,10268.08482,7475.64236,166.35799,344.38563,309.03746
2023-12-14,2197.33302,10501.22678,7645.28869,167.02929,345.79815,310.30127
2023-12-15,2192.98413,10480.4431,7630.15739,167.90517,347.61149,311.92846
2023-12-18,2179.94959,10418.15002,7584.80568,166.91483,345.5612,310.08864
2023-12-19,2198.92423,10508.83128,7650.82505,167.27195,346.30054,310.75209
2023-12-20,2205.27819,10539.52169,7673.11528,167.95403,347.72334,312.02666
2023-12-21,2204.17277,10535.38471,7670.10342,167.61781,347.065,311.4359
2023-12-22,2211.19166,10568.93322,7694.52783,167.80801,347.45882,311.78929
2023-12-25,2211.80655,10571.87227,7696.66756,167.85468,347.55544,311.876
2023-12-26,2211.9281,10572.46204,7697.09533,167.65077,347.13353,311.49733
2023-12-27,2236.10005,10687.99789,7781.20917,168.2848,348.44634,312.67537
2023-12-28,2241.20713,10716.80879,7801.5876,168.66156,349.36989,313.48013
2023-12-29,2236.16134,10692.68128,7784.02333,169.18064,350.44513,314.44491
2024-01-01,2236.35271,10693.59633,7784.68946,169.19512,350.47512,314.47182
2024-01-02,2215.95336,10597.27876,7714.34935,169.22971,350.58734,314.56341
2024-01-03,2188.58369,10466.46947,7619.11495,167.72191,347.46634,311.76265
2024-01-04,2202.53902,10533.34205,7667.79515,168.02103,348.09044,312.32262
2024-01-05,2207.73546,10558.19331,7685.88574,168.0646,348.18071,312.40362
2024-01-08,2210.4834,10571.41575,7695.4905,168.38115,348.83918,312.99359
2024-01-09,2203.70096,10539.34807,7672.09575,168.68707,349.48518,313.57113
2024-01-10,2209.11522,10565.24216,7690.9453,168.33831,348.76261,312.92281
2024-01-11,2203.89941,10540.63627,7673.03349,168.26303,348.61788,312.79295
2024-01-12,2226.87771,10650.53505,7753.03407,169.72279,351.64229,315.50656
2024-01-15,2218.72087,10611.76557,7724.7678,169.33274,350.84218,314.78688
2024-01-16,2193.17304,10489.71714,7635.9037,168.52175,349.16662,313.28271
2024-01-17,2162.90909,10344.96785,7530.53465,166.60989,345.20536,309.72854
2024-01-18,2171.13598,10384.71954,7559.47156,167.21278,346.46798,310.8614
2024-01-19,2179.25444,10423.5508,7587.73846,167.35224,346.75694,311.12067
2024-01-22,2198.72877,10518.14435,7656.3253,168.80896,349.8234,313.86084
2024-01-23,2186.68886,10460.54895,7614.40064,168.706,349.61003,313.66941
2024-01-24,2217.34242,10607.18758,7721.14125,169.98818,352.26711,316.05334
2024-01-25,2210.86754,10576.21346,7698.59469,170.60291,353.54102,317.19628
2024-01-26,2222.74021,10633.07143,7739.97028,171.01379,354.39456,317.96158
2024-01-29,2226.49724,10651.16,7753.10772,172.31812,357.10143,320.38895
2024-01-30,2231.88089,10677.07175,7771.95165,172.12906,356.71489,320.04143
2024-01-31,2248.20441,10755.20039,7828.81948,172.97297,358.46506,321.61155
2024-02-01,2230.7619,10671.76054,7768.08238,172.16192,356.78437,320.10364
2024-02-02,2223.183,10635.57811,7741.72859,172.00587,356.46348,319.81506
2024-02-05,2211.08261,10578.13311,7699.86648,172.28983,357.0669,320.35447
2024-02-06,2223.00274,10635.1607,7741.37709,172.9204,358.37373,321.52694
2024-02-07,2225.70382,10648.08302,7750.78331,172.91324,358.35889,321.51363
2024-02-08,2222.56667,10633.21075,7739.9478,172.59731,357.70873,320.9299
2024-02-09,2225.20277,10648.40815,7750.52067,172.40953,357.40634,320.63836
2024-02-12,2228.87787,10665.99488,7763.3213,172.99901,358.62833,321.73464
2024-02-13,2214.71079,10598.58594,7714.19984,172.70136,358.02433,321.19038
2024-02-14,2216.14123,10606.10989,7719.56822,172.75649,358.16153,321.30897
2024-02-15,2238.30292,10715.0974,7798.8481,173.81934,360.46346,323.37215
2024-02-16,2257.21175,10805.649,7864.75135,175.13314,363.18908,325.81716
2024-02-19,2262.00241,10828.58269,7881.44334,175.57004,364.09511,326.62996
2024-02-20,2269.12825,10863.28061,7906.63762,175.21188,363.37194,325.97872
2024-02-21,2259.94217,10820.93906,7875.82342,174.79326,362.55858,325.24921
2024-02-22,2279.59088,10918.45465,7946.79036,176.23143,365.65667,328.02815
2024-02-23,2288.41668,10960.83184,7977.62368,176.7339,366.70274,328.96616
2024-02-26,2288.57619,10962.37772,7978.67904,176.25759,365.74053,328.1001
2024-02-27,2293.65364,10986.69889,7996.38057,176.70563,366.67023,328.93412
2024-02-28,2281.99869,10932.8154,7957.0873,176.02678,365.32656,327.72562
2024-02-29,2285.97307,10953.47753,7972.12153,176.54518,366.4567,328.73927
2024-03-01,2303.89858,11040.16994,8035.10844,177.69967,368.87983,330.9085
2024-03-04,2306.20333,11051.3223,8043.20917,177.41897,368.30073,330.38836
2024-03-05,2306.9589,11055.65469,8046.3623,177.3465,368.17399,330.27466
2024-03-06,2323.14211,11133.70759,8103.15315,178.00114,369.54957,331.50797
2024-03-07,2344.67081,11252.1279,8188.03538,179.28907,372.72839,334.3063
2024-03-08,2357.73937,11315.11202,8233.84998,179.78666,373.7717,335.24132
2024-03-11,2331.83277,11191.22829,8143.7,178.34002,370.77893,332.557
2024-03-12,2340.57065,11233.54096,8174.43935,179.16406,372.50464,334.10273
2024-03-13,2346.52165,11262.67698,8195.63769,179.20105,372.60055,334.18862
2024-03-14,2334.2272,11210.66145,8156.39802,179.1708,372.77024,334.28388
2024-03-15,2325.1182,11167.59306,8124.93452,178.47161,371.33816,332.99438
2024-03-18,2332.88964,11205.52073,8152.42767,179.10926,372.68488,334.1979
2024-03-19,2331.94905,11201.09765,8149.20092,179.47396,373.4469,334.88087
2024-03-20,2327.66581,11182.849,8135.4592,179.22683,373.01024,334.47017
2024-03-21,2356.36334,11323.78611,8237.54933,181.31957,377.46784,338.44909
2024-03-22,2351.57225,11305.91915,8223.4229,181.70374,378.44024,339.2744
2024-03-25,2348.68391,11293.63873,8214.08561,181.12053,377.27922,338.21686
2024-03-26,2350.19829,11301.33512,8219.60481,181.38795,377.85012,338.72541
2024-03-27,2355.63597,11328.5788,8239.18268,181.94205,379.04102,339.78323
2024-03-28,2346.84409,11314.00587,8225.31207,181.60705,379.27197,339.85508
2024-03-29,2349.4147,11326.39864,8234.32164,181.80597,379.68741,340.22734
2024-04-01,2329.59087,11230.82901,8164.84227,181.20312,378.42839,339.09917
2024-04-02,2322.13322,11195.83488,8139.18964,180.26233,376.49587,337.35872
2024-04-03,2329.0254,11229.06452,8163.34704,179.85348,375.64195,336.59356
2024-04-04,2345.85684,11310.89702,8222.78334,180.39484,376.79534,337.62482
2024-04-05,2317.35715,11174.34375,8123.43822,179.02687,373.96689,335.08736
2024-04-08,2334.6445,11259.35811,8185.0128,179.78075,375.59685,336.53846
2024-04-09,2334.25921,11257.58166,8183.70988,179.67658,375.38194,336.34543
2024-04-10,2312.89381,11154.66329,8108.88265,179.7538,375.54738,336.49322
2024-04-11,2297.56634,11085.39452,8058.43766,179.36319,374.88866,335.89925
2024-04-12,2289.76462,11051.11272,8032.72736,180.01528,376.36604,337.18984
2024-04-15,2282.55043,11016.80951,8007.66352,179.50722,375.32135,336.24844
2024-04-16,2243.66782,10832.06162,7872.81522,176.37468,368.87115,330.44612
2024-04-17,2237.99307,10804.7587,7852.95963,175.84589,367.76842,329.45778
2024-04-18,2247.50422,10851.63107,7887.01259,176.27832,368.70523,330.2964
2024-04-19,2236.31229,10798.80207,7848.38749,175.16215,366.41165,328.23218
2024-04-22,2251.59623,10884.16384,7908.04727,176.77346,370.17536,331.50397
2024-04-23,2279.11577,11020.34459,8006.41298,178.04756,372.95007,333.96468
2024-04-24,2282.77885,11040.06394,8020.49682,178.49223,373.94948,334.8495
2024-04-25,2265.90192,10960.6554,7962.65384,176.76742,370.4107,331.67434
2024-04-26,2275.3236,11012.94598,7999.4119,178.05089,373.32783,334.23502
2024-04-29,2285.03154,11063.52068,8035.61419,178.25976,373.88699,334.71341
2024-04-30,2280.53108,11048.30805,8023.45061,178.24976,374.08873,334.8475
2024-05-01,2271.27838,11003.55643,7990.93693,177.67611,372.88733,333.77153
2024-05-02,2283.56553,11067.82389,8037.14966,178.55374,374.88977,335.54474
2024-05-03,2309.4858,11195.69457,8129.59845,179.25556,376.4387,336.91423
2024-05-06,2317.22759,11236.43601,8158.57665,179.63957,377.35298,337.70745
2024-05-07,2338.8993,11343.57822,8236.23022,181.3617,381.0395,341.00083
2024-05-08,2325.37258,11280.46059,8190.07987,180.79088,379.92395,339.98912
2024-05-09,2332.01362,11327.60383,8222.76708,180.85294,380.55587,340.49081
2024-05-10,2346.15558,11397.62276,8273.38912,182.16098,383.35285,342.98482
2024-05-13,2351.95016,11433.05771,8298.28957,181.94321,383.13871,342.7593
2024-05-14,2357.06683,11458.9112,8316.94111,181.97688,383.24241,342.8474
2024-05-15,2377.00123,11557.46221,8388.16947,182.98344,385.4169,344.78035
2024-05-16,2381.58453,11589.08761,8410.219,183.10857,385.99156,345.25733
2024-05-17,2381.35091,11591.09164,8411.04296,182.98961,385.84533,345.10066
2024-05-20,2386.07517,11619.89286,8430.89035,183.53826,387.19568,346.2652
2024-05-21,2379.87578,11593.59463,8411.12299,183.14568,386.49724,345.61239
2024-05-22,2363.4419,11514.48528,8353.55842,182.31749,384.78117,344.07081
2024-05-23,2364.38245,11519.86131,8357.38995,182.51639,385.2275,344.46708
2024-05-24,2358.87117,11494.14201,8338.54905,181.76357,383.67638,343.0726
2024-05-27,2373.45436,11566.94909,8391.09654,182.67675,385.66222,344.83713
2024-05-28,2365.87077,11533.78743,8366.49158,181.82515,383.99074,343.32009
2024-05-29,2329.02199,11357.01129,8237.96074,179.99459,380.22074,339.93705
2024-05-30,2339.62233,11411.38257,8277.03646,180.36349,381.08954,340.69885
2024-05-31,2355.67395,11490.37948,8334.23892,181.35,383.19748,342.57941
2024-06-03,2374.10974,11580.68672,8399.69822,182.53387,385.71176,344.82543
2024-06-04,2369.23086,11557.4687,8382.75244,181.99134,384.58464,343.81347
2024-06-05,2368.01921,11552.87408,8379.19146,182.12424,384.90935,344.09437
2024-06-06,2386.12791,11644.45264,8445.59537,183.31455,387.53254,346.4387
2024-06-07,2368.97148,11560.90178,8384.96536,183.11588,387.11837,346.06715
2024-06-10,2358.74986,11512.36371,8349.51559,183.64212,388.27622,347.092
2024-06-11,2337.56103,11409.00627,8274.54121,182.18763,385.20296,344.34419
2024-06-12,2373.77567,11586.09301,8402.91217,182.88675,386.69224,345.67288
2024-06-13,2334.78409,11396.28173,8265.19684,181.15185,383.04086,342.40662
2024-06-14,2306.40689,11257.92912,8164.85607,180.35659,381.3647,340.90828
2024-06-17,2299.28754,11223.17848,8139.65304,179.31332,379.15869,338.93629
2024-06-18,2318.80025,11318.93823,8209.03178,180.45616,381.59261,341.10905
2024-06-19,2322.09911,11336.28704,8221.38807,180.54477,381.82194,341.30467
2024-06-20,2328.14357,11366.64749,8243.40631,181.47056,383.8086,343.08051
2024-06-21,2307.56276,11266.16622,8170.53452,180.53989,381.84024,341.32102
2024-06-24,2326.81671,11360.96483,8239.13842,181.23191,383.3307,342.64723
2024-06-25,2331.28823,11382.82358,8254.98599,182.07228,385.10907,344.23666
2024-06-26,2319.95327,11327.54629,8214.89081,181.5178,383.93854,343.19005
2024-06-27,2313.875,11303.67059,8196.95951,180.52675,382.03842,341.46592
2024-06-28,2314.63192,11307.45201,8199.69233,180.49313,381.9701,341.40447
2024-07-01,2320.10944,11334.78153,8219.41349,180.71792,382.46507,341.84284
2024-07-02,2323.31343,11351.44151,8231.39447,180.74007,382.5459,341.91093
2024-07-03,2349.271,11478.31714,8323.39174,181.71914,384.61981,343.76432
2024-07-04,2367.77511,11569.3252,8389.32336,183.09115,387.54381,346.37516
2024-07-05,2364.30383,11552.36394,8377.02416,182.55248,386.40362,345.3561
2024-07-08,2361.01421,11536.32197,8365.38812,182.12181,385.49309,344.54215
2024-07-09,2349.55068,11480.45247,8324.85217,181.54754,384.28235,343.45907
2024-07-10,2367.59138,11568.6035,8388.77337,182.80631,386.9468,345.84048
2024-07-11,2402.63023,11739.91164,8512.98339,184.57386,390.6915,349.18691
2024-07-12,2418.30674,11816.57946,8568.56433,185.25876,392.14352,350.48413
2024-07-15,2402.81574,11740.93673,8513.70052,183.94559,389.36557,348.00077
2024-07-16,2389.86976,11677.6785,8467.8301,183.59358,388.62045,347.3348
2024-07-17,2400.03557,11727.84102,8504.11577,183.48905,388.41538,347.1479
2024-07-18,2382.56594,11642.47521,8442.21514,182.42881,386.17103,345.142
2024-07-19,2360.51223,11534.70914,8364.07159,181.15511,383.47484,342.73228
2024-07-22,2366.94173,11568.06462,8387.88158,181.73198,384.76041,343.86581
2024-07-23,2367.51969,11570.89034,8389.93036,182.4384,386.25606,345.20249
2024-07-24,2360.08009,11534.56467,8363.5848,181.72269,384.74191,343.84902
2024-07-25,2325.45372,11365.71843,8241.15626,179.03177,379.05757,338.76884
2024-07-26,2337.59465,11425.25694,8284.30528,179.95818,381.02568,340.52688
2024-07-29,2339.90246,11436.98616,8292.7611,180.80203,382.82741,342.13509
2024-07-30,2340.80908,11441.5865,8296.07796,181.05622,383.37129,342.62038
2024-07-31,2381.43852,11640.46689,8440.24278,183.92646,389.45843,348.05885
2024-08-01,2342.05434,11449.96925,8302.11672,181.36235,384.09652,343.26689
2024-08-02,2291.33294,11201.99955,8122.31945,175.32279,371.30569,331.83574
2024-08-05,2206.29955,10787.15228,7821.42847,167.94,355.69876,317.88399
2024-08-06,2243.75118,10970.40776,7954.29079,171.50147,363.24681,324.62917
2024-08-07,2270.72967,11102.31412,8049.93187,173.58739,367.66487,328.57753
2024-08-08,2263.69688,11072.07584,8028.00706,173.44639,367.50389,328.43366
2024-08-09,2283.63457,11170.07124,8099.02036,174.72574,370.23044,330.86871
2024-08-12,2280.02956,11153.7829,8087.21026,174.31427,369.4031,330.12934
2024-08-13,2311.74126,11309.2325,8199.89481,176.34349,373.71387,333.98072
2024-08-14,2338.28903,11439.36569,8294.22429,177.09165,375.30791,335.40426
2024-08-15,2345.64142,11483.63403,8326.03414,178.47333,378.50962,338.25389
2024-08-16,2374.84187,11627.18789,8430.03734,180.58003,382.99719,342.26101
2024-08-19,2396.16343,11731.91216,8505.92769,180.98278,383.86233,343.03261
2024-08-20,2405.56166,11778.2611,8539.5189,180.93227,383.76609,342.94609
2024-08-21,2411.28874,11808.3309,8561.32021,181.11852,384.22715,343.35811
2024-08-22,2414.69591,11826.15296,8574.22149,181.55394,385.18787,344.21583
2024-08-23,2439.4791,11947.73041,8662.34477,182.38361,386.95458,345.7937
2024-08-26,2439.35312,11947.83865,8662.36343,182.41498,387.04465,345.8718
2024-08-27,2444.43339,11972.89828,8680.43827,182.9504,388.18641,346.88836
2024-08-28,2446.9025,11985.60351,8689.63438,183.73577,389.87272,348.39465
2024-08-29,2447.78771,11992.3861,8694.48741,184.79012,392.18996,350.46277
2024-08-30,2453.44195,12020.28145,8714.68741,185.24207,393.1555,351.32461
2024-09-02,2449.04212,11998.90205,8699.18737,184.90152,392.4385,350.6839
2024-09-03,2434.83694,11931.47068,8650.26882,184.27851,391.18724,349.56451
2024-09-04,2405.88409,11790.89817,8548.33938,181.29099,384.88793,343.93486
2024-09-05,2392.85556,11728.86586,8503.36064,180.50455,383.27771,342.49574
2024-09-06,2383.00653,11680.59676,8468.36582,179.09074,380.27592,339.81335
2024-09-09,2376.61677,11650.36456,8446.44765,179.86403,381.95355,341.31248
2024-09-10,2362.86267,11583.12259,8397.67773,179.22886,380.6107,340.11171
2024-09-11,2357.44781,11556.95217,8378.6991,178.94806,380.0267,339.58963
2024-09-12,2388.15968,11710.70175,8490.15441,180.78671,384.03602,343.17185
2024-09-13,2410.80985,11822.06382,8570.88397,181.69493,385.97487,344.90411
2024-09-16,2415.22074,11843.69381,8586.56551,181.45464,385.46442,344.44799
2024-09-17,2413.29828,11834.33068,8579.77733,181.30206,385.14238,344.16021
2024-09-18,2405.13814,11794.35866,8550.79324,180.79465,384.06592,343.1981
2024-09-19,2440.61995,11969.79523,8677.66225,183.28049,389.39349,347.94592
2024-09-20,2420.93032,11873.22928,8607.65548,181.57347,385.76679,344.70524
2024-09-23,2429.31742,11914.99368,8637.80802,182.38255,387.50626,346.25455
2024-09-24,2447.52204,12004.3782,8702.60757,183.43619,389.74806,348.2577
2024-09-25,2444.28471,11989.81433,8691.81126,182.84921,388.54349,347.17185
2024-09-26,2480.25481,12167.60037,8820.68267,185.63141,394.49906,352.49282
2024-09-27,2506.68816,12323.28871,8930.64928,187.4,399.10004,356.48825
2024-09-30,2468.65908,12136.33158,8795.16202,184.86287,393.6968,351.66191
2024-10-01,2454.8442,12069.05824,8746.25532,185.22244,394.48359,352.35849
2024-10-02,2433.61895,11964.85671,8670.72573,184.29481,392.51289,350.59757
2024-10-03,2420.03065,11898.47461,8622.61977,183.56519,390.97288,349.22201
2024-10-04,2413.02985,11864.05401,8597.67575,183.84342,391.56547,349.75133
2024-10-07,2428.76622,11941.44157,8653.75347,184.94118,393.90415,351.84011
2024-10-08,2404.92986,11825.5329,8569.58187,183.2096,390.25853,348.5767
2024-10-09,2410.52576,11853.08857,8589.54341,184.0133,391.97182,350.10671
2024-10-10,2409.39971,11848.49289,8586.15631,184.3483,392.71662,350.76964
2024-10-11,2418.7354,11894.40214,8619.42501,184.70749,393.48179,351.45308
2024-10-14,2421.42557,11907.87465,8629.13466,185.40422,394.9741,352.78381
2024-10-15,2410.76077,11855.95928,8591.42366,184.79079,393.68493,351.62866
2024-10-16,2393.53228,11771.23073,8530.02509,183.86649,391.71576,349.86985
2024-10-17,2399.62467,11801.59123,8551.99409,185.21122,394.59396,352.43927
2024-10-18,2409.36314,11849.87625,8586.89886,185.45761,395.13189,352.91625
2024-10-21,2391.67664,11763.19275,8524.01494,184.47851,393.05598,351.05926
2024-10-22,2372.98939,11671.48151,8457.52761,183.4604,390.89346,349.12655
2024-10-23,2352.34067,11569.92137,8383.9339,182.45475,388.75075,347.21279
2024-10-24,2360.20229,11609.0242,8412.24453,182.68304,389.25178,347.65927
2024-10-25,2361.46511,11615.3845,8416.85339,182.20704,388.24252,346.75785
2024-10-28,2368.95329,11652.27296,8443.57776,183.00446,389.94352,348.27684
2024-10-29,2360.54965,11611.3913,8413.9044,182.69301,389.2951,347.69567
2024-10-30,2353.78382,11579.68616,8390.67307,181.07939,385.9092,344.66102
2024-10-31,2332.93978,11477.95955,8316.87236,179.59156,382.76565,341.84981
2024-11-01,2336.18864,11494.10296,8328.55214,179.96598,383.56898,342.56654
2024-11-04,2343.24279,11528.94073,8353.77159,179.68129,382.96657,342.02755
2024-11-05,2350.30092,11564.13823,8379.21755,180.17292,384.03005,342.97497
2024-11-06,2320.35647,11417.20095,8272.70506,180.58568,384.92324,343.77086
2024-11-07,2354.10506,11587.67616,8396.20101,181.96675,388.01492,346.53087
2024-11-08,2336.75478,11502.36617,8334.3441,181.68426,387.41572,345.99395
2024-11-11,2331.89815,11479.79335,8317.92829,183.02641,390.32299,348.58787
2024-11-12,2293.19849,11290.67153,8180.85559,180.64209,385.28577,344.08754
2024-11-13,2276.83799,11211.27879,8123.32639,179.69206,383.29911,342.31316
2024-11-14,2286.25529,11260.43478,8158.93603,180.66562,385.4711,344.2526
2024-11-15,2275.33699,11206.97896,8120.18019,180.50258,385.13423,343.95076
2024-11-18,2276.84013,11219.4515,8128.34291,179.96415,384.15896,343.04286
2024-11-19,2283.11614,11250.39531,8150.76129,180.23861,384.74545,343.56658
2024-11-20,2264.31895,11158.11164,8083.90284,179.87609,383.98338,342.88607
2024-11-21,2270.78832,11191.09828,8107.78945,180.55306,385.46663,344.21007
2024-11-22,2274.27819,11208.35873,8120.2944,182.58499,389.80679,348.0857
2024-11-25,2293.5491,11303.75467,8189.34468,182.754,390.1822,348.41826
2024-11-26,2279.03971,11232.27723,8137.5607,181.71047,387.95537,346.42979
2024-11-27,2294.57375,11309.05888,8193.14727,181.40015,387.30041,345.84324
2024-11-28,2302.19463,11347.68637,8221.10854,182.31305,389.28612,347.6154
2024-11-29,2315.77058,11414.75291,8269.6873,183.24055,391.27172,349.38807
2024-12-02,2319.84986,11436.04852,8284.91686,185.18515,395.46509,353.1241
2024-12-03,2346.73879,11569.06555,8381.19783,186.47665,398.23907,355.59751
2024-12-04,2345.26052,11561.98077,8376.02221,186.1468,397.54162,354.97291
2024-12-05,2358.2612,11626.20398,8422.54277,186.39977,398.08634,355.45907
2024-12-06,2354.95923,11610.2131,8410.91716,186.31498,397.91514,355.30446
2024-12-09,2361.78888,11644.32469,8435.54281,186.35254,398.01042,355.38591
2024-12-10,2334.93071,11511.90588,8339.36298,185.76797,396.76189,354.26042
2024-12-11,2336.12676,11517.80277,8343.63476,186.12891,397.53279,354.94874
2024-12-12,2337.97848,11527.1777,8350.41537,186.55211,398.44513,355.7629
2024-12-13,2319.04952,11433.86224,8282.81532,184.77711,394.65443,352.3782
2024-12-16,2316.04641,11419.09822,8271.71005,184.22168,393.4696,351.30288
2024-12-17,2310.06211,11390.02589,8250.59122,183.8857,392.7669,350.67296
2024-12-18,2301.83043,11349.43862,8221.19102,183.70286,392.37638,350.32429
2024-12-19,2247.61356,11083.33343,8028.40194,180.98324,386.60992,345.17453
2024-12-20,2235.78162,11024.98829,7986.13864,179.6929,383.85354,342.71356
2024-12-23,2243.18915,11061.52521,8012.6031,180.41838,385.40361,344.09743
2024-12-24,2246.75591,11079.24836,8025.44116,180.67917,385.9654,344.59901
2024-12-25,2248.44143,11087.56003,8031.46187,180.81472,386.25495,344.85753
2024-12-26,2253.05114,11110.2915,8047.92779,180.88083,386.39619,344.98363
2024-12-27,2275.20309,11222.69553,8128.99812,182.44018,389.83729,348.04088
2024-12-30,2259.60049,11146.68093,8073.73226,181.92216,388.76343,347.07331
2024-12-31,2261.80772,11157.56924,8081.61885,182.5483,390.10148,348.26786
2025-01-01,2261.91058,11158.07667,8081.98639,182.55661,390.11922,348.2837
2025-01-02,2259.75294,11148.87391,8075.10095,183.80248,392.83238,350.69637
2025-01-03,2254.8243,11124.61547,8057.52266,183.15204,391.44428,349.45681
2025-01-06,2279.96414,11248.76212,8147.42594,183.32324,391.81416,349.78634
2025-01-07,2287.53753,11286.20625,8174.52654,184.31344,393.93326,351.67728
2025-01-08,2271.30682,11206.50706,8116.75969,184.28489,393.88557,351.63292
2025-01-09,2271.21445,11206.39866,8116.68118,184.29529,393.92,351.66366
2025-01-10,2244.93628,11077.13668,8023.00338,183.05161,391.27576,349.30069
2025-01-13,2227.28192,10990.07343,7959.93255,182.54712,390.19912,348.33901
2025-01-14,2235.40976,11030.28484,7989.03779,181.47805,387.91768,346.30149
2025-01-15,2263.50632,11169.08384,8089.54528,183.56288,392.37975,350.28391
2025-01-16,2282.91286,11265.30352,8159.23528,185.22656,395.95214,353.47304
2025-01-17,2288.5607,11293.17344,8179.42091,185.67579,396.91245,354.33032
2025-01-20,2314.12377,11420.77694,8271.5692,185.9536,397.55712,354.89414
2025-01-21,2323.08707,11465.0131,8303.60751,186.67385,399.09698,356.26876
2025-01-22,2333.29356,11515.38462,8340.0894,187.15211,400.11946,357.18151
2025-01-23,2339.45558,11545.79573,8362.11484,188.0434,402.02499,358.88255
2025-01-24,2360.81389,11651.26889,8438.49181,187.58617,401.04967,358.01136
2025-01-27,2361.04625,11652.41567,8439.32237,187.94414,401.815,358.69455
2025-01-28,2349.11447,11593.52901,8396.6734,188.33072,402.64149,359.43236
2025-01-29,2363.29293,11663.50364,8447.35289,189.54925,405.24664,361.75793
2025-01-30,2382.94877,11760.685,8517.71766,190.91505,408.17271,364.36917
2025-01-31,2379.76057,11744.95009,8506.32159,191.31988,409.03823,365.1418
2025-02-03,2335.43341,11526.36639,8347.97461,189.23067,404.57808,361.1587
2025-02-04,2356.96538,11632.63593,8424.94036,189.76109,405.71211,362.17103
2025-02-05,2382.29792,11757.67326,8515.49753,191.04605,408.45975,364.62374
2025-02-06,2397.5019,11832.7864,8569.88196,193.22947,413.13056,368.79257
2025-02-07,2385.33623,11772.74318,8526.39573,192.71358,412.02757,367.80796
2025-02-10,2388.46764,11788.63226,8537.85622,193.50906,413.74356,369.33775
2025-02-11,2391.99415,11806.03785,8550.46212,193.31689,413.33268,368.97096
2025-02-12,2395.10307,11821.48317,8561.64091,192.9617,412.57676,368.29586
2025-02-13,2435.00005,12020.73009,8705.81766,195.04785,417.118,372.34428
2025-02-14,2447.67509,12086.18032,8752.66916,194.66383,416.3959,371.67635
2025-02-17,2456.75521,12131.55192,8785.49125,195.92667,419.11568,374.10252
2025-02-18,2459.42619,12144.97664,8795.21268,196.37391,420.08054,374.96373
2025-02-19,2436.43671,12033.32786,8714.31852,195.3408,417.93569,373.04753
2025-02-20,2438.98643,12050.12248,8726.47234,194.60245,416.50121,371.76676
2025-02-21,2443.29536,12072.03188,8742.2563,195.30986,418.03673,373.13384
2025-02-24,2445.30295,12082.28469,8749.65907,195.20894,417.83226,372.9504
2025-02-25,2447.98122,12095.99171,8759.58532,194.8829,417.15074,372.34208
2025-02-26,2463.15229,12171.5726,8814.31893,195.93202,419.41768,374.36552
2025-02-27,2441.97749,12069.60876,8740.42208,195.99185,419.6386,374.56024
2025-02-28,2422.66189,11974.14087,8671.28725,194.68464,416.83976,372.06205
2025-03-03,2466.29334,12189.88295,8827.50421,196.57479,420.88989,375.67642
2025-03-04,2439.53609,12058.24594,8732.15056,193.66637,414.68373,370.13581
2025-03-05,2492.65098,12321.91869,8923.06551,193.53522,414.44104,369.91806
2025-03-06,2507.99313,12407.86593,8985.17283,193.75441,415.24864,370.63344
2025-03-07,2495.72733,12347.36945,8941.36422,191.88446,411.24725,367.06196
2025-03-10,2467.07527,12206.10106,8839.06264,190.25037,407.76126,363.95044
2025-03-11,2442.70868,12091.24339,8754.48467,186.82843,400.61585,357.51543
2025-03-12,2455.33102,12154.75832,8800.43914,187.87981,402.90464,359.55664
2025-03-13,2443.96904,12100.13816,8760.85967,188.11269,403.45825,360.04935
2025-03-14,2466.54893,12212.08899,8841.88705,189.59747,406.64801,362.89475
2025-03-17,2498.24382,12369.01301,8955.50434,191.17221,410.0255,365.90884
2025-03-18,2511.96952,12437.401,9004.94966,192.12578,412.085,367.74391
2025-03-19,2507.22387,12414.81033,8988.42071,192.64432,413.22736,368.75626
2025-03-20,2500.47501,12381.91808,8964.60646,192.65714,413.27239,368.79645
2025-03-21,2484.97777,12308.99995,8910.94926,192.13621,412.28294,367.87781
2025-03-24,2472.01903,12245.7697,8864.96398,191.39986,410.73507,366.48795
2025-03-25,2489.6398,12333.10621,8928.17662,192.64817,413.41546,368.8791
2025-03-26,2475.59044,12265.65886,8878.96916,191.88971,411.86004,367.47548
2025-03-27,2470.16723,12250.43988,8865.63048,191.18564,410.7395,366.37974
2025-03-28,2451.36791,12189.45469,8817.55588,189.29235,407.75071,363.5513
2025-03-31,2400.82112,11939.30213,8636.30411,185.74959,400.15927,356.77047
2025-04-01,2425.07884,12060.00048,8723.59736,187.47886,403.88679,360.09324
2025-04-02,2421.82737,12046.19832,8713.069,186.43419,401.71521,358.13475
2025-04-03,2412.15322,12001.23829,8680.04068,181.31382,390.78507,348.36996
2025-04-04,2281.19466,11349.95705,8208.9338,173.49867,373.95032,333.36
2025-04-07,2142.94029,10662.83177,7711.93805,163.96843,353.43423,315.06969
2025-04-08,2211.86675,11007.80322,7961.149,169.42076,365.25335,325.59396
2025-04-09,2165.83006,10778.82697,7795.53573,163.97836,353.52452,315.1382
2025-04-10,2293.24411,11418.24875,8257.93364,171.41992,369.73995,329.59097
2025-04-11,2297.70319,11444.80083,8276.14633,169.35988,365.43551,325.71495
2025-04-14,2354.65798,11729.11934,8481.60184,173.11516,373.55844,332.94927
2025-04-15,2385.03719,11884.15749,8593.05223,175.96008,379.81601,338.50053
2025-04-16,2387.40818,11895.97165,8601.59466,175.29166,378.3732,337.21467
2025-04-17,2390.89601,11915.08434,8615.35983,176.04266,380.04956,338.70653
2025-04-18,2396.19845,11941.50918,8634.46667,176.43308,380.89242,339.4577
2025-04-21,2414.70231,12033.77664,8701.17229,175.50708,378.89499,337.67719
2025-04-22,2418.01619,12065.99944,8721.36683,176.06183,380.58809,339.0654
2025-04-23,2438.27844,12167.52075,8794.70226,179.53936,388.1185,345.77248
2025-04-24,2452.41184,12243.7055,8849.06002,180.20693,389.74168,347.19075
2025-04-25,2460.4589,12288.66441,8880.88149,180.87776,391.34485,348.59251
2025-04-28,2480.33982,12389.64189,8953.72815,182.17103,394.1965,351.12758
2025-04-29,2488.79848,12435.37943,8986.25064,182.72003,395.49531,352.26367
2025-04-30,2501.021,12499.24045,9031.89257,183.87581,398.08587,354.55119
2025-05-01,2481.41154,12401.81125,8961.48382,183.82483,397.99387,354.46897
2025-05-02,2536.36572,12680.70245,9162.2575,186.44976,403.81194,359.62127
2025-05-05,2535.00743,12683.75488,9162.68553,186.83471,404.95992,360.57368
2025-05-06,2535.62076,12688.51325,9165.75955,186.83048,405.00469,360.59925
2025-05-07,2531.61654,12670.08402,9152.19121,186.1252,403.52704,359.27357
2025-05-08,2515.87898,12599.30589,9100.25136,186.44431,404.47519,360.08555
2025-05-09,2530.21225,12677.0749,9155.24293,187.65627,407.29685,362.55083
2025-05-12,2515.82119,12611.25983,9106.76935,189.21683,410.88884,365.71035
2025-05-13,2536.84729,12720.02249,9185.02094,189.93503,412.55753,367.18406
2025-05-14,2545.76475,12767.96204,9219.12849,189.73581,412.22896,366.87137
2025-05-15,2547.25466,12782.94991,9229.49341,190.29657,413.69051,368.15387
2025-05-16,2549.91633,12800.30194,9241.38345,191.03332,415.4218,369.66905
2025-05-19,2571.28683,12923.29022,9327.75097,190.9568,415.76085,369.87457
2025-05-20,2588.55005,13010.83914,9390.80505,191.98296,418.02024,371.87917
2025-05-21,2602.7168,13083.54704,9443.03504,191.79964,417.66901,371.55695
2025-05-22,2575.15103,12946.69427,9344.11634,190.81987,415.59054,369.7022
2025-05-23,2579.56866,12971.83767,9361.71044,190.03516,413.97513,368.24341
2025-05-26,2606.17432,13109.82996,9460.60363,191.3206,416.90894,370.82587
2025-05-27,2603.00199,13095.86982,9450.29507,191.8122,418.04397,371.82622
2025-05-28,2582.66521,12995.88925,9377.95773,190.97874,416.3023,370.26965
2025-05-29,2599.34484,13083.79783,9441.25945,191.39083,417.32744,371.17617
2025-05-30,2600.32589,13089.29819,9445.12708,191.42934,417.42933,371.2628
2025-06-02,2613.18755,13154.47728,9492.09781,190.97989,416.46312,370.40103
2025-06-03,2603.99524,13108.96707,9459.12064,191.02639,416.58876,370.50739
2025-06-04,2627.29572,13227.27729,9544.30352,192.04455,418.84118,372.50335
2025-06-05,2627.15965,13227.54813,9544.49895,191.63235,417.97239,371.73068
2025-06-06,2618.67342,13185.13417,9513.87937,192.1622,419.13803,372.76677
2025-06-09,2626.18526,13223.85214,9541.65521,192.38404,419.65031,373.21605
2025-06-10,2628.75872,13237.32331,9551.2818,192.27762,419.43442,373.0204
2025-06-11,2632.79572,13257.70434,9565.9819,191.62534,418.01319,371.75622
2025-06-12,2643.82477,13313.34316,9606.11546,190.76671,416.14332,370.0928
2025-06-13,2613.85873,13162.64042,9497.328,189.2417,412.82275,367.13778
2025-06-16,2634.66863,13267.64706,9573.09415,189.95024,414.3751,368.51833
2025-06-17,2605.98407,13123.65089,9469.13348,188.94164,412.18908,366.57183
2025-06-18,2602.60031,13106.9342,9457.07185,188.99964,412.3258,366.69341
2025-06-19,2571.90015,12955.02201,9347.18802,187.42163,408.9683,363.69682
2025-06-20,2575.17294,12971.50748,9359.08246,186.90232,407.83511,362.68907
2025-06-23,2568.00417,12936.65603,9333.71385,186.13147,406.19259,361.21975
2025-06-24,2617.84829,13187.76373,9514.88437,188.33139,410.99381,365.4893
2025-06-25,2601.75908,13106.71215,9456.40619,187.10948,408.32725,363.11799
2025-06-26,2627.20362,13236.11803,9549.76316,187.53539,409.29461,363.97791
2025-06-27,2653.71412,13374.55362,9648.99416,189.26611,413.22245,367.44614
2025-06-30,2654.78706,13380.43758,9653.23911,189.01197,412.68228,366.96581
2025-07-01,2655.01933,13382.5392,9654.5874,188.38656,411.3454,365.77067
2025-07-02,2655.60785,13385.98612,9657.00478,188.60446,411.83597,366.20425
2025-07-03,2658.13328,13398.89512,9666.31767,189.02477,412.75927,367.02525
2025-07-04,2654.65882,13382.07083,9654.08567,188.36098,411.331,365.75166
2025-07-07,2646.42104,13340.59724,9624.16011,188.41634,411.45351,365.86038
2025-07-08,2642.82237,13322.73062,9611.24831,188.8923,412.50138,366.79127
2025-07-09,2663.09627,13424.93337,9684.97914,189.97579,414.8675,368.8952
2025-07-10,2665.6516,13437.86678,9694.30953,190.72788,416.51151,370.35703
2025-07-11,2648.38707,13350.83722,9631.52457,189.28193,413.35395,367.54935
2025-07-14,2643.40283,13325.83854,9613.46237,189.08741,412.9331,367.17408
2025-07-15,2623.68801,13226.45278,9541.76398,188.73526,412.16406,366.49026
2025-07-16,2608.74427,13151.11888,9487.41696,188.0082,410.5763,365.07845
2025-07-17,2629.46905,13255.59598,9562.78832,189.64899,414.15949,368.26457
2025-07-18,2640.62619,13311.98275,9603.44103,189.47261,413.7787,367.925
2025-07-21,2648.93268,13355.58511,9634.57233,189.25619,413.35955,367.53993
2025-07-22,2650.30558,13362.50709,9639.56577,188.93433,412.65657,366.91488
2025-07-23,2695.38271,13590.17663,9803.7326,191.97584,419.31184,372.82971
2025-07-24,2714.5922,13687.49008,9873.93294,192.80999,421.14789,374.46223
2025-07-25,2690.96804,13568.60974,9788.14894,191.7186,418.77132,372.34814
2025-07-28,2667.85832,13452.78288,9704.49245,191.59108,418.51454,372.11594
2025-07-29,2647.57665,13350.51177,9630.7167,192.0322,419.47811,372.97269
2025-07-30,2639.96522,13312.67514,9603.35361,192.18901,419.83782,373.28984
2025-07-31,2616.21132,13193.98949,9517.73744,191.03383,417.34909,371.07705
2025-08-01,2606.40234,13144.52115,9482.05251,188.52221,411.862,366.19831
2025-08-04,2621.13486,13219.72651,9536.20521,189.42388,413.86025,367.97123
2025-08-05,2628.68075,13257.78427,9563.65863,189.94457,414.99787,368.98271
2025-08-06,2645.01616,13340.17216,9623.0901,190.1304,415.40388,369.3437
2025-08-07,2665.14735,13446.33027,9699.63971,191.64341,418.85367,372.40988
2025-08-08,2679.75571,13521.43632,9753.77636,192.14005,419.9827,373.41211
2025-08-11,2669.13685,13467.91358,9715.16083,192.35231,420.44847,373.82598
2025-08-12,2694.06227,13594.53143,9806.42094,193.12441,422.16252,375.34704
2025-08-13,2725.72233,13754.53346,9921.81229,194.37695,424.90798,377.78705
2025-08-14,2717.65302,13722.51707,9898.65193,194.77375,426.04561,378.79601
2025-08-15,2740.81031,13841.73204,9984.38384,195.57806,427.87556,380.413
2025-08-18,2731.26552,13793.75125,9949.73415,195.69062,428.12873,380.63655
2025-08-19,2741.92214,13848.18975,9989.00183,196.31951,429.5238,381.87687
2025-08-20,2743.64782,13859.105,9996.83823,196.60308,430.21249,382.48775
2025-08-21,2729.04272,13787.22365,9944.88816,196.33931,429.69434,382.02321
2025-08-22,2762.84916,13958.15063,10068.17982,197.04976,431.25336,383.40927
2025-08-25,2749.4341,13890.81487,10019.55936,196.56266,430.20091,382.47165
2025-08-26,2721.56338,13750.33094,9918.20272,195.17117,427.16557,379.77215
2025-08-27,2711.5082,13700.39061,9882.12093,195.47324,427.85363,380.38157
2025-08-28,2730.66524,13799.6677,9953.64538,195.54703,428.09216,380.59041
2025-08-29,2722.38445,13757.88761,9923.50091,194.37941,425.5381,378.31942
2025-09-01,2721.63451,13754.74464,9921.20317,194.21801,425.20476,378.0219
2025-09-02,2686.48665,13579.53373,9794.82474,192.50705,421.53408,374.75854
2025-09-03,2687.27879,13584.34793,9798.27025,192.55556,421.66544,374.8743
2025-09-04,2699.87212,13650.78881,9846.17746,193.9318,424.76573,377.62993
2025-09-05,2727.85984,13792.97657,9948.73608,194.24761,425.47839,378.26351
2025-09-08,2742.93596,13869.20648,10003.71995,195.1798,427.52026,380.0788
2025-09-09,2741.34232,13861.77188,9998.35744,195.29087,427.78279,380.3122
2025-09-10,2746.35182,13887.62307,10017.00365,195.71448,428.72676,381.15141
2025-09-11,2758.40712,13948.99127,10061.26792,196.5652,430.6029,382.81937
2025-09-12,2758.96283,13951.88708,10063.34696,196.62157,430.72902,382.93112
2025-09-15,2771.38541,14014.95142,10108.83459,196.98615,431.53522,383.64786
2025-09-16,2771.09814,14013.68603,10107.89819,195.40357,428.074,380.56983
2025-09-17,2765.26016,13985.68884,10087.3275,195.02481,427.29088,379.85943
2025-09-18,2760.23368,13960.66773,10069.26258,195.89361,429.20671,381.56191
2025-09-19,2753.66083,13927.42368,10045.285,195.72631,428.84015,381.23604
2025-09-22,2756.50746,13942.48607,10056.0165,195.69564,428.79338,381.18944
2025-09-23,2765.0665,13985.77794,10087.24076,195.90388,429.24967,381.59508
2025-09-24,2749.27943,13906.12613,10029.77708,195.65617,428.71307,381.11748
2025-09-25,2725.70601,13787.07298,9943.91013,195.09159,427.48167,380.0228
2025-09-26,2741.79076,13870.95207,10003.9426,195.9827,429.51227,381.8102
2025-09-29,2748.36661,13932.47261,10045.19152,195.81632,430.01964,382.14251
2025-09-30,2767.03454,14027.10711,10113.42217,196.81081,432.20357,384.08329
2025-10-01,2782.80506,14108.52367,10171.85783,198.01678,434.89725,386.46699
2025-10-02,2787.73178,14134.9988,10190.9092,198.9008,436.88507,388.23206
2025-10-03,2810.41234,14249.99902,10273.8209,200.05789,439.42661,390.49056
2025-10-06,2817.40361,14285.92488,10299.69306,200.96637,441.43684,392.27581
2025-10-07,2800.38223,14199.9839,10237.66611,200.65132,440.75622,391.66845
2025-10-08,2803.54764,14216.03486,10249.23826,201.62142,442.88716,393.56206
2025-10-09,2791.56567,14156.14084,10206.00489,201.44443,442.52537,393.23857
2025-10-10,2757.97656,13985.80911,10083.20261,199.04636,437.25738,388.5573
2025-10-13,2759.33415,13992.97241,10088.3065,199.47162,438.20031,389.39288
2025-10-14,2744.93037,13920.37884,10035.88995,197.85705,434.66747,386.25046
2025-10-15,2774.18035,14068.81098,10142.87975,199.45793,438.18742,389.37747
2025-10-16,2803.17942,14217.40831,10249.93903,200.62814,440.80576,391.70142
2025-10-17,2776.37264,14081.44735,10151.91895,198.87133,436.94583,388.27147
2025-10-20,2813.48963,14270.18628,10287.88388,201.76347,443.31532,393.92739
2025-10-21,2805.56684,14230.0014,10258.91317,202.05352,443.95261,394.49369
2025-10-22,2802.50458,14214.46947,10247.71565,201.7113,443.2007,393.82554
2025-10-23,2803.37229,14219.4547,10251.28318,201.73032,443.2607,393.87784
2025-10-24,2810.8845,14257.92895,10278.99401,202.06212,444.00129,394.53491
2025-10-27,2830.83866,14359.4799,10352.14002,203.33039,446.79856,397.01803
2025-10-28,2829.72289,14354.26859,10348.33473,202.84927,445.75528,396.08914
2025-10-29,2829.92522,14355.38543,10349.12031,202.76812,445.57976,395.93242
2025-10-30,2803.29127,14223.09222,10253.3635,202.5967,445.29114,395.66115
2025-10-31,2797.54146,14194.01919,10232.39386,202.56653,445.22796,395.60459
2025-11-03,2797.23739,14192.47642,10231.28169,202.85208,445.85557,396.16225
2025-11-04,2780.90635,14109.76488,10171.63902,202.2381,444.51075,394.96668
2025-11-05,2771.76629,14065.84936,10139.65775,201.80168,443.62909,394.17074
2025-11-06,2784.31797,14133.39826,10188.29014,201.65271,443.42249,393.98479
2025-11-07,2774.95407,14086.05524,10154.12133,200.40144,440.67692,391.54375
2025-11-10,2799.15011,14209.47609,10243.04262,202.60402,445.53909,395.86195
2025-11-11,2832.60807,14380.53985,10366.35564,204.16813,449.01675,398.95186
2025-11-12,2852.30554,14480.79627,10438.60939,205.58788,452.14715,401.73256
2025-11-13,2851.97338,14484.75289,10441.42483,204.77803,450.54158,400.3046
2025-11-14,2819.41968,14319.74041,10322.46155,202.90256,446.42533,396.64683
2025-11-17,2799.05157,14216.76554,10248.23157,201.69727,443.78826,394.30381
2025-11-18,2739.53879,13914.82357,10030.52541,197.68154,434.96294,386.46064
2025-11-19,2724.53712,13838.87898,9975.7439,197.19495,433.9002,385.51499
2025-11-20,2735.56131,13896.39067,10017.18958,198.35359,436.49725,387.82198
2025-11-21,2723.25491,13833.90962,9972.15022,197.88188,435.46029,386.90066
2025-11-24,2733.0525,13889.51148,10011.14693,198.11152,436.14872,387.47038
2025-11-25,2754.43711,13998.74914,10089.80427,199.09178,438.32435,389.40017
2025-11-26,2794.33575,14201.60888,10236.00769,201.49644,443.62113,394.10533
2025-11-27,2801.0833,14236.86799,10261.4015,201.9046,444.54993,394.9297
2025-11-28,2810.46983,14284.82651,10295.92752,202.38918,445.62467,395.88292
2025-12-01,2806.06846,14262.68682,10279.92846,201.64654,443.9967,394.43507
2025-12-02,2803.81255,14253.45968,10272.94664,201.89238,444.60785,394.96526
2025-12-03,2817.47342,14323.21205,10323.16154,201.91921,444.67643,395.02397
2025-12-04,2845.75584,14467.37012,10427.05693,203.73647,448.69023,398.58945
2025-12-05,2831.47281,14395.08143,10374.90684,203.15769,447.42564,397.46417
2025-12-08,2826.24237,14368.49008,10355.74177,203.18361,447.48273,397.51488
2025-12-09,2821.30067,14343.36671,10337.63471,202.75857,446.54665,396.68333
2025-12-10,2826.94745,14372.07467,10358.32528,202.93753,446.94078,397.03345
2025-12-11,2856.43027,14522.09838,10466.45093,203.04829,447.18885,397.25381
2025-12-12,2855.60328,14517.89397,10463.4207,203.30942,447.76395,397.76469
2025-12-15,2874.44289,14613.71842,10532.47912,204.23317,449.79975,399.57298
2025-12-16,2854.20537,14511.29816,10458.59819,202.66604,446.36272,396.51732
2025-12-17,2847.29342,14476.15657,10433.2709,202.44185,445.86894,396.07868
2025-12-18,2857.63987,14528.91241,10471.29315,203.65393,448.54321,398.45432
2025-12-19,2861.1294,14546.85511,10484.1886,204.19863,449.74912,399.52418
2025-12-22,2877.71551,14631.19894,10544.97494,204.44831,450.2995,400.01303
2025-12-23,2895.67979,14722.83261,10610.97625,205.52367,452.67714,402.12361
2025-12-24,2895.4121,14721.47158,10609.99534,205.4436,452.5008,401.96695
2025-12-25,2896.45208,14726.75923,10613.80623,205.51739,452.66332,402.11133
2025-12-26,2895.36058,14721.2096,10609.80653,205.45739,452.53116,401.99393
2025-12-29,2895.02235,14724.88604,10612.01693,205.6167,453.04808,402.43646
2025-12-30,2900.4173,14753.26374,10632.26565,206.14879,454.24933,403.49582
2025-12-31,2892.71352,14715.50372,10604.79613,205.84633,453.6268,402.93309
2026-01-01,2893.23128,14718.13763,10606.69427,205.88317,453.708,403.00521
2026-01-02,2910.01423,14803.54599,10668.2442,206.9541,456.06901,405.10237
2026-01-05,2937.06124,14941.2926,10767.50258,209.71638,462.16113,410.51333
2026-01-06,2960.97797,15062.96078,10855.18324,211.57777,466.26315,414.15694
2026-01-07,2950.29942,15009.07432,10816.3025,210.93196,464.85347,412.90299
2026-01-08,2934.96393,14931.57945,10760.43751,210.24923,463.36505,411.58021
2026-01-09,2951.14903,15013.92085,10819.77681,211.87176,466.94093,414.75646
2026-01-12,2964.6395,15083.17158,10869.58108,212.09328,467.44829,415.20325
2026-01-13,2972.92774,15125.5714,10900.12215,213.25213,470.00956,417.47772
2026-01-14,2990.84624,15216.93694,10965.93657,214.37185,472.48367,419.67425
2026-01-15,2994.29969,15235.17274,10979.05352,215.69229,475.41473,422.27676
2026-01-16,2992.06451,15223.8,10970.85788,215.6614,475.34664,422.21628
2026-01-19,2975.10516,15139.33346,10909.65043,213.60999,470.88178,418.23753
2026-01-20,2968.7687,15107.08931,10886.41477,211.55565,466.35319,414.21523
2026-01-21,2954.5147,15034.55538,10834.14564,211.00769,465.14526,413.14235
2026-01-22,2986.73978,15198.53825,10952.31437,212.73651,468.95627,416.52729
2026-01-23,2995.99382,15245.70718,10986.28986,212.96006,469.45146,416.96654
2026-01-26,3029.78362,15417.65323,11110.19681,212.85452,469.21882,416.75991
2026-01-27,3061.2275,15577.66166,11225.50133,214.05592,471.8672,419.1122
2026-01-28,3039.83078,15468.78023,11147.03971,212.70213,468.88289,416.46154
2026-01-29,3037.92883,15459.30423,11140.18882,212.82742,469.16522,416.71147
2026-01-30,3042.84024,15484.29725,11158.19913,213.76282,471.22725,418.54296
2026-02-02,3029.31724,15417.2465,11109.83938,214.69875,473.34463,420.42202
2026-02-03,3061.4813,15580.94053,11227.79912,216.59261,477.52001,424.13057
2026-02-04,3056.97494,15558.00609,11211.27231,216.58548,477.50429,424.11661
2026-02-05,3028.93499,15415.33726,11108.44962,214.66255,473.26594,420.3516
2026-02-06,3057.91973,15563.14127,11214.90371,216.22166,476.7122,423.41046
2026-02-09,3116.63621,15862.50875,11430.57234,218.65299,482.08883,428.18377
2026-02-10,3138.6492,15974.54662,11511.30717,220.16039,485.41236,431.13568
2026-02-11,3140.15625,15982.21696,11516.83444,221.28761,487.89768,433.3431
2026-02-12,3145.19672,16008.38476,11535.62161,221.16727,487.64799,433.11872
2026-02-13,3116.61291,15866.5317,11432.73097,219.81386,484.77486,430.54158
2026-02-16,3112.18142,15844.46181,11416.74,219.40872,483.89636,429.75804
2026-02-17,3107.07042,15818.74058,11398.20545,219.84585,484.8696,430.62235
2026-02-18,3141.30682,15995.11438,11525.28479,222.07089,489.84029,435.03666
2026-02-19,3127.05959,15929.23337,11477.81407,222.18194,490.29035,435.43636
2026-02-20,3141.50156,16003.34393,11531.131,222.74411,491.54758,436.54977
2026-02-23,3135.29649,15972.19278,11508.6585,222.15337,490.25802,435.40348
2026-02-24,3128.73486,15939.35461,11484.99718,222.09327,490.14351,435.30178
2026-02-25,3155.60779,16076.61503,11583.89377,223.46939,493.19142,438.00846
2026-02-26,3164.12603,16121.6395,11616.26522,224.12959,494.69841,439.34417
2026-02-27,3179.90999,16202.523,11674.45709,225.08548,496.82243,441.2272
2026-03-02,3105.31861,15823.25765,11401.18378,222.19565,490.46855,435.58433
2026-03-03,2996.64471,15269.74431,11002.359,216.39278,477.66691,424.21521
2026-03-04,3008.46702,15330.63467,11046.23253,216.01463,476.85234,423.49179
2026-03-05,2983.72257,15211.54341,10960.41868,215.30152,475.49705,422.28799
2026-03-06,2964.25851,15112.99487,10889.27956,213.96168,472.55933,419.67393
2026-03-09,2918.94973,14882.09039,10722.88961,210.42775,464.75729,412.74435
2026-03-10,2990.05452,15252.11661,10987.82525,214.55432,474.10458,420.98131
2026-03-11,2967.65504,15139.13898,10906.43468,214.42908,473.86793,420.77118
2026-03-12,2933.06624,14975.85541,10787.0397,212.73913,470.54702,417.75408
2026-03-13,2901.05569,14812.83413,10669.52096,211.86072,468.61741,416.03725
2026-03-16,2917.12624,14895.10936,10728.74351,212.27383,469.53806,416.85307
2026-03-17,2942.98229,15027.50544,10824.03789,213.43057,472.10843,419.13236
2026-03-18,2940.43773,15014.80976,10814.86074,213.45905,472.18077,419.19533
2026-03-19,2875.13446,14684.69374,10577.08491,208.70027,461.75928,409.94328
2026-03-20,2840.61484,14508.54539,10450.17775,205.63197,454.97553,403.91956
2026-03-23,2831.72583,14465.59806,10418.66046,204.27191,452.04297,401.29361
2026-03-24,2851.83931,14568.51372,10492.75148,205.85609,455.55394,404.40916
2026-03-25,2896.5616,14803.04406,10660.26289,209.22888,463.20771,411.14944
2026-03-26,2863.58153,14640.39282,10542.26524,207.36638,459.26928,407.62015
2026-03-27,2839.23622,14522.16628,10455.89998,205.96927,456.37115,405.0002
2026-03-30,2826.93465,14489.61256,10429.09833,206.06062,457.53243,405.89986
2026-03-31,2838.60869,14551.24339,10473.1562,205.89694,457.22539,405.61579
2026-04-01,2946.42121,15104.88653,10871.4162,211.85081,470.47728,417.36338
2026-04-02,2912.7864,14936.46763,10750.03594,210.74694,468.15151,415.29383
2026-04-03,2919.35332,14970.14212,10774.27205,211.22207,469.20696,416.23011
2026-04-06,2917.66639,14961.49171,10768.0462,211.25548,469.28116,416.29593
2026-04-07,2906.5243,14905.4362,10727.55439,209.8941,466.2908,413.63751
2026-04-08,3042.44781,15606.46802,11231.69383,217.41782,483.12833,428.55856
2026-04-09,3028.98365,15542.53882,11185.28986,216.65016,481.58166,427.17148
2026-04-10,3045.94536,15634.61091,11250.36477,217.04604,482.61711,428.04485
2026-04-13,3033.36317,15570.92933,11204.32182,216.4817,481.39015,426.94829
2026-04-14,3085.08294,15838.76044,11396.49083,218.3363,485.58602,430.64872
2026-04-15,3076.76093,15796.11042,11365.78961,217.95959,484.75052,429.90725
2026-04-16,3077.42546,15802.52793,11370.18331,218.49747,486.03922,431.04166
2026-04-17,3111.49714,15980.43082,11497.63265,220.11248,489.72201,434.28678
2026-04-20,3087.67327,15869.34829,11415.1428,219.21575,488.07369,432.72769
2026-04-21,3061.80722,15742.74169,11323.17896,217.74003,484.9832,429.95374
2026-04-22,3042.17714,15643.36876,11251.41605,216.96251,483.29952,428.45015
2026-04-23,3035.39907,15613.98973,11229.86511,216.61775,482.7008,427.90336
2026-04-24,3021.79651,15548.1722,11182.03406,215.73913,480.87138,426.2628
2026-04-27,3027.20638,15577.93565,11203.16956,215.5729,480.56033,425.9768
2026-04-28,3012.47287,15504.90527,11150.16409,215.14699,479.69714,425.1932
2026-04-29,2998.61851,15437.83553,11101.1588,214.19414,477.70376,423.39682
2026-04-30,3038.63996,15651.28219,11253.44429,216.48856,483.04935,428.08902
2026-05-01,3048.80386,15704.36037,11291.48845,216.52972,483.16354,428.18567
2026-05-04,3016.56054,15542.57774,11174.38904,215.32852,480.61624,425.8986
2026-05-05,3026.83531,15601.22143,11215.50761,216.1081,482.53269,427.55709
2026-05-06,3093.53667,15949.44571,11465.06684,219.91226,491.16301,435.17475
2026-05-07,3100.58433,15991.57208,11494.8452,220.02959,491.60308,435.54556
2026-05-08,3076.29489,15875.92524,11410.15523,218.343,488.13083,432.41005
2026-05-11,3078.04885,15895.09424,11422.44093,218.37476,488.51277,432.69191
2026-05-12,3053.92435,15771.66639,11333.59648,217.4848,486.55741,430.95437
2026-05-13,3073.19817,15873.04857,11406.19859,219.36207,490.81428,434.71518
2026-05-14,3072.86625,15879.43048,11410.19095,219.87358,492.20972,435.92845
2026-05-15,3024.90493,15632.48673,11232.69129,217.37232,486.6385,430.99204
2026-05-18,3026.31276,15654.55019,11246.13214,217.24933,486.82302,431.06298
2026-05-19,3027.11069,15659.05564,11249.29549,218.15923,488.87378,432.87603
2026-05-20,3049.64209,15776.82517,11333.72592,219.33855,491.55441,435.24293
2026-05-21,3062.08172,15844.93011,11382.41114,220.73664,494.80476,438.11169
2026-05-22,3086.85952,15975.76385,11476.04662,222.43647,498.69686,441.54436
2026-05-25,3128.78781,16194.73893,11633.10506,224.60568,503.62173,445.89561
2026-05-26,3108.42263,16093.55908,11559.77334,223.47966,501.22869,443.75185
2026-05-27,3105.45178,16079.60904,11549.27796,223.22767,500.70808,443.2727
2026-05-28,3093.73164,16023.08164,11508.64119,221.98424,498.04827,440.91662
2026-05-29,3117.57484,16148.86842,11598.58061,223.27334,501.0118,443.52463
2026-06-01,3087.9387,15996.63151,11489.01045,222.1503,498.53156,441.32017
2026-06-02,3105.78442,16090.10933,11555.98027,222.92562,500.30352,442.88236
2026-06-03,3100.38043,16062.90219,11536.33196,223.15102,500.83399,443.3478
2026-06-04,3100.48959,16064.46922,11537.41513,222.79432,500.06459,442.66509
2026-06-05,3073.7064,15925.69831,11437.75061,222.23596,498.81135,441.55571
2026-06-08,3046.19614,15784.60543,11336.14893,220.57131,495.12034,438.27794
2026-06-09,3047.36781,15791.10118,11340.74034,220.27445,494.46728,437.69701
2026-06-10,3031.71197,15709.97445,11282.47732,219.323,492.33148,435.80643
2026-06-11,3034.96176,15727.854,11295.18817,220.21575,494.36817,437.60426
2026-06-12,3103.01516,16080.74392,11548.59732,224.05461,502.99307,445.23792
2026-06-15,3142.34295,16284.55218,11694.9649,226.24923,507.91991,449.59904
2026-06-16,3145.13079,16299.4802,11705.62008,226.44996,508.38552,450.00866
2026-06-17,3158.21466,16367.28665,11754.3159,227.74517,511.29329,452.58255
2026-06-18,3141.15656,16279.95104,11691.57797,228.55619,513.1477,454.22335
2026-06-19,3126.10494,16203.08781,11636.14766,227.78824,511.45969,452.72021
2026-06-22,3142.43102,16289.13494,11697.69098,229.458,515.25399,456.06896
2026-06-23,3089.00795,16012.31511,11498.71584,226.80551,509.30106,450.79265
2026-06-24,3076.94144,15949.8604,11453.84828,226.74625,509.17098,450.67682
2026-06-25,3111.07339,16127.4253,11581.35376,228.5461,513.23289,454.27182
2026-06-26,3085.46082,15994.85289,11486.11379,226.29655,508.18756,449.80464
2026-06-29,3094.9346,16049.20776,11524.48946,226.44489,508.68688,450.22092
2026-06-30,3116.71222,16163.57269,11606.35429,227.82885,511.84123,453.00267
2026-07-01,3101.79355,16087.31451,11551.41341,227.52439,511.19254,452.42137
2026-07-02,3144.43093,16308.65972,11710.3492,229.6542,515.98429,456.66223
2026-07-03,3169.35807,16438.12016,11803.27614,231.48487,520.10297,460.30616
2026-07-06,3160.08635,16390.55281,11769.04964,231.31306,519.73347,459.97636
2026-07-07,3142.46981,16299.47932,11703.61164,229.70166,516.12232,456.7787
2026-07-08,3090.86221,16032.14093,11511.60794,226.45422,508.83642,450.32877
2026-07-09,3118.39264,16176.23056,11615.06906,227.96166,512.26446,453.36264
2026-07-10,3125.35355,16212.57011,11641.11235,228.66053,513.84224,454.75706
2026-07-13,3111.86178,16142.81144,11591.00896,228.03275,512.43878,453.51441
2026-07-14,3131.79378,16246.20888,11665.25134,228.70126,513.94106,454.84395
2026-07-15,3144.60137,16312.80214,11713.05391,229.79718,516.40869,457.02731
2026-07-16,3132.06857,16247.78751,11666.37156,228.75131,514.05838,454.94725
2026-07-17,3100.06712,16081.85131,11547.20628,226.47345,508.94181,450.41832
2026-07-20,3088.0886,16021.56342,11503.57339,226.25101,508.50071,450.01446
2026-07-21,3119.37108,16183.8626,11620.10512,228.57301,513.71939,454.63291
2026-07-22,3135.95632,16270.39585,11682.1459,229.69767,516.2625,456.87998
2026-07-23,3105.48745,16112.88546,11569.05342,228.24609,513.0182,454.00884
2026-07-24,3113.49501,16154.69404,11599.04386,228.67374,513.98773,454.86575
2026-07-27,3123.08842,16205.47458,11635.36539,229.52963,515.94345,456.59107
2026-07-28,3111.56168,16145.76877,11592.47828,228.39125,513.38793,454.32879
2026-07-29,3107.04551,16122.33458,11575.6528,228.14993,512.84548,453.84874
2026-07-30,3164.42962,16420.30063,11789.5668,229.89931,516.78419,457.33348
2026-07-31,3176.13601,16481.49135,11833.50096,230.70968,518.61983,458.95795
2026-08-03,3190.79158,16558.54991,11888.71942,231.60314,520.65996,460.75918
2026-08-04,3208.30691,16649.52385,11954.02832,232.6825,523.08892,462.90835
2026-08-05,3234.14086,16784.55369,12050.74321,233.95718,525.98473,465.46197
2026-08-06,3228.57414,16761.97883,12034.51682,233.91894,526.09697,465.56058
2026-08-07,3246.07723,16853.51037,12100.16224,234.8105,528.12279,467.35056
2026-08-10,3247.48788,16861.18764,12105.63618,234.96338,528.47772,467.66318
2026-08-11,3245.57536,16851.756,12098.83463,234.99793,528.57107,467.74462
2026-08-12,3249.60056,16872.71832,12113.8779,235.29957,529.2515,468.34648
2026-08-13,3256.82007,16919.81126,12147.52589,235.77126,530.61374,469.54568
2026-08-14,3262.58218,16952.13147,12170.45785,235.444,529.95178,468.94941
2026-08-17,3257.22974,16926.32192,12151.91614,234.93602,528.87093,467.99251
2026-08-18,3229.67107,16783.293,12049.23133,233.04885,524.62831,464.23825
2026-08-19,3222.11216,16747.29905,12023.27708,230.88866,519.86743,460.02107
2026-08-20,3230.82962,16794.07794,12056.80944,231.10712,520.40482,460.49464
2026-08-21,3243.62176,16860.89818,12104.76167,232.23087,522.94538,462.74198
2026-08-24,3240.4606,16845.36221,12093.58889,232.14375,522.77702,462.59227
2026-08-25,3255.11663,16922.08599,12148.62315,233.12376,525.00055,464.55801
2026-08-26,3250.84808,16900.47288,12133.10095,233.29786,525.41059,464.92063
2026-08-27,3236.25709,16826.0612,12079.64191,232.24077,523.07479,462.85229
2026-08-28,3246.33821,16879.2502,12117.73618,233.46538,525.85712,465.3108
2026-08-31,3233.25090673356,16811.3318618267,12068.977112268,232.624274449296,523.966627793716,463.637975942963
2026-09-01,3218.06778967218,16735.3358086608,12014.3973685683,231.931217956032,522.497640478747,462.337293198934
2026-09-02,3202.43086235226,16654.9009970549,11956.6229567819,230.854010138544,520.098496198733,460.2132399746
2026-09-03,3238.99337266646,16850.9661495216,12097.3501853126,232.967235419231,525.043727980799,464.587962548189
2026-09-04,3239.16336722004,16852.4789154058,12098.4199854391,233.04966111756,525.249077220368,464.769043969359
2026-09-07,3259.64096217492,16959.0298387886,12174.9130537522,234.21045004154,527.865633427904,467.084315675317
2026-09-08,3241.93057372071,16866.981271218,12108.8144153408,232.957958319128,525.045675823259,464.588417463035
2026-09-09,3217.05154085178,16739.0447612444,12016.9687298974,230.842713282285,520.325013564517,460.411323718328
2026-09-10,3192.25218324345,16610.7077063872,11924.8354930787,229.437497155866,517.179404843593,457.627921349914
2026-09-11,3194.03079441529,16620.124003004,11931.5954571991,229.832164706391,518.074063260341,458.419562833973
2026-09-14,3168.4974954386,16487.523595817,11836.401557579,229.516483353117,517.370694229815,457.79718440133
2026-09-15,3152.94568287408,16406.7928428765,11778.4159848817,228.271245617479,514.56980277915,455.317688138287
2026-09-16,3166.09213630143,16477.5137521276,11828.6435054072,229.332307768764,517.03418338621,457.477300102417
2026-09-17,3177.36550933832,16536.6197135011,11871.0459661587,231.190823466756,521.237959835857,461.195770194063
2026-09-18,3142.96963831927,16357.606176316,11742.5385707353,229.166962517845,516.675005579355,457.158429545752
2026-09-21,3167.0180921065,16483.4168335796,11832.7238263902,230.699034881056,520.149705147748,460.227828549357
2026-09-22,3165.53294901804,16475.6870916353,11827.1749828101,231.20549099748,521.291595488832,461.238171738861
2026-09-23,3142.67963014058,16356.742150327,11741.789613062,230.361737698103,519.389212021495,459.554945153176
2026-09-24,3119.00385973574,16236.5276493121,11654.983899916,229.179050176599,516.818488421457,457.260403118155
2026-09-25,3148.62569054567,16390.7293420954,11765.6737152229,230.797590208883,520.468435536125,460.489730873266
2026-09-28,3135.92083776361,16324.8931152439,11718.3499828929,230.624845628427,520.088475446589,460.151010861076
2026-09-29,3117.06497400629,16258.9755442793,11667.4189257498,229.723289989039,519.084704784562,459.120704419197
2026-09-30,3125.70026465083,16305.5222182582,11700.5509413248,229.98450354625,519.72288333459,459.674561297106
