"Date","Europe_Price_USD","Europe_Gross_USD","Europe_Net_USD","Europe_Price_Euro","Europe_Gross_Euro","Europe_Net_Euro"
1969-12-31,100,123.87315,107.70839,NA,NA,NA
1970-01-07,100.4759,124.53707,108.27473,NA,NA,NA
1970-01-14,101.1959,125.50437,109.1047,NA,NA,NA
1970-01-21,100.371,124.55644,108.26965,NA,NA,NA
1970-01-28,99.9129,124.06257,107.82943,NA,NA,NA
1970-01-30,98.9329,122.87581,106.79357,NA,NA,NA
1970-02-04,98.7409,122.68157,106.61827,NA,NA,NA
1970-02-11,97.925,121.74129,105.79036,NA,NA,NA
1970-02-18,97.2779,121.0097,105.14397,NA,NA,NA
1970-02-25,96.417,120.0112,104.2658,NA,NA,NA
1970-02-27,95.6569,119.09414,103.46482,NA,NA,NA
1970-03-04,95.744,119.24543,103.58997,NA,NA,NA
1970-03-11,96.1679,119.845,104.10031,NA,NA,NA
1970-03-18,95.8489,119.51927,103.80685,NA,NA,NA
1970-03-25,95.498,119.15332,103.47853,NA,NA,NA
1970-03-31,96.6629,120.66413,104.78213,NA,NA,NA
1970-04-01,96.3419,120.27805,104.44473,NA,NA,NA
1970-04-08,95.9579,119.8707,104.08046,NA,NA,NA
1970-04-15,95.9479,119.93009,104.1215,NA,NA,NA
1970-04-22,94.1069,117.70066,102.17549,NA,NA,NA
1970-04-29,89.0749,111.4777,96.76311,NA,NA,NA
1970-04-30,89.345,111.82902,97.0661,NA,NA,NA
1970-05-06,89.8049,112.45836,97.60447,NA,NA,NA
1970-05-13,87.5989,109.76315,95.25546,NA,NA,NA
1970-05-20,83.5339,104.73542,90.88271,NA,NA,NA
1970-05-25,79.8589,100.16659,86.91253,NA,NA,NA
1970-05-29,84.3619,105.86451,91.84883,NA,NA,NA
1970-06-03,85.725,107.61325,93.36037,NA,NA,NA
1970-06-10,84.2949,105.88236,91.84936,NA,NA,NA
1970-06-17,84.5229,106.23231,92.14361,NA,NA,NA
1970-06-24,84.998,106.89327,92.70755,NA,NA,NA
1970-06-30,85.1419,107.12553,92.90147,NA,NA,NA
1970-07-01,85.0039,106.9648,92.76021,NA,NA,NA
1970-07-08,84.095,105.88509,91.81455,NA,NA,NA
1970-07-15,84.3179,106.2293,92.10371,NA,NA,NA
1970-07-22,85.393,107.64782,93.32418,NA,NA,NA
1970-07-29,88.1109,111.13972,96.34166,NA,NA,NA
1970-07-31,88.972,112.25247,97.3023,NA,NA,NA
1970-08-05,89.05,112.39126,97.4167,NA,NA,NA
1970-08-12,88.7879,112.12781,97.17851,NA,NA,NA
1970-08-19,88.781,112.18634,97.2194,NA,NA,NA
1970-08-26,89.895,113.66164,98.48794,NA,NA,NA
1970-08-31,89.423,113.10581,98.00034,NA,NA,NA
1970-09-02,88.404,111.84446,96.90345,NA,NA,NA
1970-09-09,88.5839,112.13918,97.14898,NA,NA,NA
1970-09-16,87.509,110.84555,96.0185,NA,NA,NA
1970-09-23,89.0829,112.90618,97.79361,NA,NA,NA
1970-09-30,90.1799,114.36459,99.04681,NA,NA,NA
1970-10-07,91.7619,116.43998,100.83403,NA,NA,NA
1970-10-14,90.8009,115.29021,99.82822,NA,NA,NA
1970-10-21,91.544,116.30307,100.69507,NA,NA,NA
1970-10-28,90.604,115.17844,99.71123,NA,NA,NA
1970-10-30,89.496,113.79799,98.51209,NA,NA,NA
1970-11-04,89.5709,113.93416,98.62399,NA,NA,NA
1970-11-11,87.63,111.53348,96.53601,NA,NA,NA
1970-11-18,86.4609,110.11219,95.29614,NA,NA,NA
1970-11-25,85.496,108.94923,94.28007,NA,NA,NA
1970-11-30,85.177,108.58196,93.95653,NA,NA,NA
1970-12-02,85.966,109.61374,94.8455,NA,NA,NA
1970-12-09,85.3119,108.84533,94.17106,NA,NA,NA
1970-12-16,86.5279,110.46243,95.56049,NA,NA,NA
1970-12-23,86.619,110.64499,95.70875,NA,NA,NA
1970-12-30,87.214,111.47155,96.41399,NA,NA,NA
1970-12-31,86.9519,111.15004,96.13395,NA,NA,NA
1971-01-06,87.3119,111.66359,96.57031,NA,NA,NA
1971-01-13,88.192,112.85638,97.59202,NA,NA,NA
1971-01-20,88.2019,112.93673,97.65163,NA,NA,NA
1971-01-27,90.057,115.38046,99.75453,NA,NA,NA
1971-01-29,90.4349,115.89224,100.19295,NA,NA,NA
1971-02-03,89.942,115.30235,99.6769,NA,NA,NA
1971-02-10,89.138,114.34066,98.8355,NA,NA,NA
1971-02-17,92.291,118.45507,102.38155,NA,NA,NA
1971-02-24,91.13,117.0358,101.14457,NA,NA,NA
1971-02-26,90.479,116.22803,100.44238,NA,NA,NA
1971-03-03,90.0019,115.65704,99.94285,NA,NA,NA
1971-03-10,91.3459,117.45395,101.48536,NA,NA,NA
1971-03-17,91.1069,117.21703,101.2704,NA,NA,NA
1971-03-24,91.548,117.85495,101.81125,NA,NA,NA
1971-03-31,93.231,120.09284,103.73401,NA,NA,NA
1971-04-02,93.535,120.51317,104.09288,NA,NA,NA
1971-04-09,93.593,120.66019,104.20933,NA,NA,NA
1971-04-16,92.7689,119.66998,103.34363,NA,NA,NA
1971-04-23,94.3939,121.83852,105.20569,NA,NA,NA
1971-04-30,96.871,125.10986,108.0195,NA,NA,NA
1971-05-06,96.7449,125.00702,107.92196,NA,NA,NA
1971-05-07,97.035,125.39677,108.25626,NA,NA,NA
1971-05-14,98.774,127.71985,110.25066,NA,NA,NA
1971-05-21,99.0079,128.09895,110.56673,NA,NA,NA
1971-05-28,99.311,128.56801,110.96037,NA,NA,NA
1971-05-31,99.3229,128.59883,110.98473,NA,NA,NA
1971-06-04,99.791,129.26665,111.55206,NA,NA,NA
1971-06-11,98.677,127.90095,110.3623,NA,NA,NA
1971-06-18,99.6119,129.1897,111.46307,NA,NA,NA
1971-06-25,99.6239,129.28275,111.53207,NA,NA,NA
1971-06-30,99.9309,129.72764,111.90909,NA,NA,NA
1971-07-02,100.623,130.65714,112.70637,NA,NA,NA
1971-07-09,100.949,131.15888,113.12774,NA,NA,NA
1971-07-16,103.7769,134.91285,116.35384,NA,NA,NA
1971-07-23,103.5509,134.69991,116.15843,NA,NA,NA
1971-07-30,104.229,135.66295,116.97709,NA,NA,NA
1971-08-06,102.919,134.03904,115.56509,NA,NA,NA
1971-08-13,104.186,135.76993,117.0456,NA,NA,NA
1971-08-17,102.0429,133.01075,114.6621,NA,NA,NA
1971-08-20,110.3139,143.84306,123.99184,NA,NA,NA
1971-08-27,104.7709,136.70157,117.82348,NA,NA,NA
1971-08-31,103.8809,135.57345,116.84636,NA,NA,NA
1971-09-03,104.205,136.04519,117.24583,NA,NA,NA
1971-09-10,104.6829,136.75083,117.84205,NA,NA,NA
1971-09-17,103.145,134.82361,116.16948,NA,NA,NA
1971-09-24,102.8739,134.55005,115.92203,NA,NA,NA
1971-09-30,101.5939,132.9405,114.52597,NA,NA,NA
1971-10-01,101.628,133.00105,114.57582,NA,NA,NA
1971-10-08,102.1589,133.77575,115.23155,NA,NA,NA
1971-10-15,100.9539,132.27785,113.92971,NA,NA,NA
1971-10-22,98.977,129.76667,111.75542,NA,NA,NA
1971-10-29,97.979,128.53587,110.6842,NA,NA,NA
1971-11-05,95.076,124.8044,107.45988,NA,NA,NA
1971-11-12,96.158,126.2999,108.73657,NA,NA,NA
1971-11-19,97.638,128.32007,110.46465,NA,NA,NA
1971-11-26,98.0639,128.95687,111.00163,NA,NA,NA
1971-11-30,100.4149,132.0796,113.68486,NA,NA,NA
1971-12-03,101.621,133.71362,115.08432,NA,NA,NA
1971-12-10,100.77,132.6739,114.17787,NA,NA,NA
1971-12-17,104.5789,137.77,118.55145,NA,NA,NA
1971-12-24,105.639,139.2495,119.81246,NA,NA,NA
1971-12-31,107.003,141.13142,121.41943,NA,NA,NA
1972-01-03,107.5458,141.86414,122.04734,NA,NA,NA
1972-01-04,107.9411,142.40249,122.50801,NA,NA,NA
1972-01-05,109.1759,144.04848,123.92148,NA,NA,NA
1972-01-06,109.4667,144.44935,124.26383,NA,NA,NA
1972-01-07,108.9349,143.76521,123.67275,NA,NA,NA
1972-01-10,108.5021,143.2115,123.1939,NA,NA,NA
1972-01-11,108.485,143.20611,123.18677,NA,NA,NA
1972-01-12,109.2967,144.29463,124.1206,NA,NA,NA
1972-01-13,109.0874,144.03571,123.89536,NA,NA,NA
1972-01-14,109.6432,144.78671,124.53883,NA,NA,NA
1972-01-17,110.9138,146.48182,125.99428,NA,NA,NA
1972-01-18,110.4815,145.92868,125.51594,NA,NA,NA
1972-01-19,111.408,147.1698,126.58086,NA,NA,NA
1972-01-20,111.9111,147.85192,127.16497,NA,NA,NA
1972-01-21,112.0756,148.08692,127.36452,NA,NA,NA
1972-01-24,111.8155,147.76113,127.08174,NA,NA,NA
1972-01-25,111.2902,147.08496,126.49761,NA,NA,NA
1972-01-26,111.817,147.79871,127.10888,NA,NA,NA
1972-01-27,112.1815,148.29812,127.5358,NA,NA,NA
1972-01-28,112.7162,149.02262,128.15627,NA,NA,NA
1972-01-31,113.1165,149.56962,128.62408,NA,NA,NA
1972-02-01,113.2566,149.77275,128.79616,NA,NA,NA
1972-02-02,113.9739,150.73914,129.62457,NA,NA,NA
1972-02-03,113.8007,150.52823,129.44057,NA,NA,NA
1972-02-04,112.8014,149.2251,128.31731,NA,NA,NA
1972-02-07,112.7904,149.22844,128.31759,NA,NA,NA
1972-02-08,113.2788,149.8924,128.8859,NA,NA,NA
1972-02-09,113.6295,150.37432,129.29767,NA,NA,NA
1972-02-10,114.807,151.95049,130.65024,NA,NA,NA
1972-02-11,114.1746,151.13207,129.94387,NA,NA,NA
1972-02-14,113.2904,149.98033,128.95091,NA,NA,NA
1972-02-15,113.8406,150.72657,129.58989,NA,NA,NA
1972-02-16,113.9313,150.8647,129.70603,NA,NA,NA
1972-02-17,115.143,152.48716,131.09824,NA,NA,NA
1972-02-18,116.0465,153.70183,132.13983,NA,NA,NA
1972-02-21,116.253,153.99369,132.38808,NA,NA,NA
1972-02-22,116.4234,154.23782,132.59528,NA,NA,NA
1972-02-23,117.8686,156.17081,134.25424,NA,NA,NA
1972-02-24,119.0283,157.72594,135.58835,NA,NA,NA
1972-02-25,119.5305,158.4102,136.17381,NA,NA,NA
1972-02-28,119.4503,158.32294,136.09605,NA,NA,NA
1972-02-29,119.0144,157.7644,135.61315,NA,NA,NA
1972-03-01,118.792,157.48861,135.37333,NA,NA,NA
1972-03-02,118.565,157.20665,135.12822,NA,NA,NA
1972-03-03,118.3925,156.99686,134.94516,NA,NA,NA
1972-03-06,117.7922,156.21998,134.27464,NA,NA,NA
1972-03-07,118.3728,157.00859,134.94973,NA,NA,NA
1972-03-08,118.068,156.62328,134.61582,NA,NA,NA
1972-03-09,118.6345,157.39342,135.275,NA,NA,NA
1972-03-10,118.7393,157.55129,135.40795,NA,NA,NA
1972-03-13,119.2447,158.24065,135.99767,NA,NA,NA
1972-03-14,119.0229,157.9654,135.75835,NA,NA,NA
1972-03-15,119.8226,159.04554,136.68386,NA,NA,NA
1972-03-16,120.0895,159.41879,137.00187,NA,NA,NA
1972-03-17,120.0518,159.38788,136.97253,NA,NA,NA
1972-03-20,119.7984,159.07068,136.69716,NA,NA,NA
1972-03-21,121.0778,160.78843,138.17046,NA,NA,NA
1972-03-22,121.4916,161.35711,138.65635,NA,NA,NA
1972-03-23,120.7649,160.41173,137.84112,NA,NA,NA
1972-03-24,120.3885,159.93118,137.42538,NA,NA,NA
1972-03-27,120.8507,160.56425,137.96658,NA,NA,NA
1972-03-28,121.2599,161.12705,138.44738,NA,NA,NA
1972-03-29,121.8334,161.90829,139.11583,NA,NA,NA
1972-03-30,122.072,162.24471,139.40207,NA,NA,NA
1972-03-31,122.072,162.26416,139.41597,NA,NA,NA
1972-04-03,121.8661,162.01002,139.19479,NA,NA,NA
1972-04-04,122.3934,162.73031,139.81081,NA,NA,NA
1972-04-05,123.0213,163.58452,140.54186,NA,NA,NA
1972-04-06,123.1515,163.77722,140.70457,NA,NA,NA
1972-04-07,122.7534,163.26763,140.26392,NA,NA,NA
1972-04-10,122.384,162.79608,139.85595,NA,NA,NA
1972-04-11,122.5778,163.07332,140.0913,NA,NA,NA
1972-04-12,123.4927,164.30987,141.1507,NA,NA,NA
1972-04-13,124.0337,165.04925,141.783,NA,NA,NA
1972-04-14,123.2411,164.01481,140.89147,NA,NA,NA
1972-04-17,123.2299,164.01958,140.89271,NA,NA,NA
1972-04-18,123.4803,164.37245,141.19297,NA,NA,NA
1972-04-19,123.552,164.48757,141.28901,NA,NA,NA
1972-04-20,124.2508,165.43747,142.10206,NA,NA,NA
1972-04-21,124.4398,165.7089,142.33232,NA,NA,NA
1972-04-24,123.4844,164.45711,141.25418,NA,NA,NA
1972-04-25,123.94,165.08347,141.78931,NA,NA,NA
1972-04-26,123.8105,164.93084,141.65534,NA,NA,NA
1972-04-27,124.0261,165.23775,141.91607,NA,NA,NA
1972-04-28,124.1434,165.41379,142.0644,NA,NA,NA
1972-05-01,124.1434,165.43363,142.07856,NA,NA,NA
1972-05-02,124.8643,166.41399,142.91761,NA,NA,NA
1972-05-03,125.2292,166.92015,143.34942,NA,NA,NA
1972-05-04,125.1233,166.79906,143.24252,NA,NA,NA
1972-05-05,125.1938,166.91302,143.33749,NA,NA,NA
1972-05-08,124.9064,166.55,143.02284,NA,NA,NA
1972-05-09,124.0334,165.40644,142.03787,NA,NA,NA
1972-05-10,123.7897,165.1014,141.77305,NA,NA,NA
1972-05-11,124.7359,166.38301,142.87065,NA,NA,NA
1972-05-12,124.8193,166.51417,142.98039,NA,NA,NA
1972-05-15,126.0005,168.10976,144.34751,NA,NA,NA
1972-05-16,126.4105,168.67682,144.83149,NA,NA,NA
1972-05-17,126.8094,169.2292,145.30285,NA,NA,NA
1972-05-18,127.2687,169.86231,145.8435,NA,NA,NA
1972-05-19,128.1034,170.99657,146.81439,NA,NA,NA
1972-05-22,127.4967,170.20757,146.13396,NA,NA,NA
1972-05-23,127.3195,169.9915,145.94549,NA,NA,NA
1972-05-24,127.1981,169.84984,145.82092,NA,NA,NA
1972-05-25,127.7077,170.55055,146.41954,NA,NA,NA
1972-05-26,127.4521,170.22978,146.14118,NA,NA,NA
1972-05-29,127.5514,170.38278,146.26958,NA,NA,NA
1972-05-30,126.5061,169.00756,145.08596,NA,NA,NA
1972-05-31,125.9907,168.33955,144.50954,NA,NA,NA
1972-06-01,125.3347,167.48361,143.7718,NA,NA,NA
1972-06-02,125.089,167.17548,143.50438,NA,NA,NA
1972-06-05,125.417,167.63378,143.89488,NA,NA,NA
1972-06-06,125.0462,167.15845,143.48394,NA,NA,NA
1972-06-07,124.2991,166.18023,142.64132,NA,NA,NA
1972-06-08,124.0249,165.8337,142.34098,NA,NA,NA
1972-06-09,124.2263,166.12281,142.58625,NA,NA,NA
1972-06-12,124.4383,166.42615,142.84374,NA,NA,NA
1972-06-13,123.9517,165.79558,142.29961,NA,NA,NA
1972-06-14,123.8455,165.67346,142.19191,NA,NA,NA
1972-06-15,122.7873,164.2784,140.99162,NA,NA,NA
1972-06-16,122.6089,164.05949,140.80089,NA,NA,NA
1972-06-19,123.3818,165.11321,141.70234,NA,NA,NA
1972-06-20,123.63,165.46507,142.00145,NA,NA,NA
1972-06-21,123.4571,165.25358,141.81708,NA,NA,NA
1972-06-22,122.7091,164.2726,140.97231,NA,NA,NA
1972-06-23,123.5453,165.41158,141.94684,NA,NA,NA
1972-06-26,122.009,163.37555,140.19664,NA,NA,NA
1972-06-27,121.6898,162.96787,139.84396,NA,NA,NA
1972-06-28,119.9179,160.61569,137.82256,NA,NA,NA
1972-06-29,118.9299,159.31227,136.70125,NA,NA,NA
1972-06-30,119.3894,159.94677,137.24292,NA,NA,NA
1972-07-03,120.2702,161.14581,138.26894,NA,NA,NA
1972-07-04,118.751,159.13065,136.53694,NA,NA,NA
1972-07-05,120.154,161.02968,138.16348,NA,NA,NA
1972-07-06,121.5426,162.90985,139.77379,NA,NA,NA
1972-07-07,121.6123,163.02278,139.86785,NA,NA,NA
1972-07-10,121.2306,162.53085,139.44295,NA,NA,NA
1972-07-11,122.0637,163.6671,140.41493,NA,NA,NA
1972-07-12,122.1607,163.81675,140.54048,NA,NA,NA
1972-07-13,122.764,164.64527,141.24842,NA,NA,NA
1972-07-14,123.0023,164.98453,141.53661,NA,NA,NA
1972-07-17,123.5594,165.75142,142.19163,NA,NA,NA
1972-07-18,123.429,165.59643,142.05579,NA,NA,NA
1972-07-19,124.2723,166.74752,143.04034,NA,NA,NA
1972-07-20,124.1694,166.62949,142.93619,NA,NA,NA
1972-07-21,123.7404,166.074,142.45678,NA,NA,NA
1972-07-24,123.2949,165.49623,141.95827,NA,NA,NA
1972-07-25,124.2046,166.73699,143.01965,NA,NA,NA
1972-07-26,124.4709,167.11439,143.34047,NA,NA,NA
1972-07-27,124.4528,167.11013,143.33392,NA,NA,NA
1972-07-28,124.2989,166.92359,143.17101,NA,NA,NA
1972-07-31,125.3916,168.41086,144.44369,NA,NA,NA
1972-08-01,125.817,169.00228,144.94802,NA,NA,NA
1972-08-02,126.4685,169.89751,145.71288,NA,NA,NA
1972-08-03,126.8274,170.39992,146.14082,NA,NA,NA
1972-08-04,127.1027,170.79014,146.47253,NA,NA,NA
1972-08-07,126.7178,170.29362,146.04373,NA,NA,NA
1972-08-08,126.3616,169.83553,145.6479,NA,NA,NA
1972-08-09,126.2321,169.6819,145.5132,NA,NA,NA
1972-08-10,126.2604,169.74028,145.56032,NA,NA,NA
1972-08-11,126.5332,170.12728,145.88925,NA,NA,NA
1972-08-14,126.7631,170.45671,146.16879,NA,NA,NA
1972-08-15,127.5529,171.53902,147.0939,NA,NA,NA
1972-08-16,127.1412,171.00613,146.63396,NA,NA,NA
1972-08-17,126.3448,169.95595,145.73043,NA,NA,NA
1972-08-18,125.826,169.27873,145.14677,NA,NA,NA
1972-08-21,126.091,169.65546,145.46686,NA,NA,NA
1972-08-22,125.8547,169.35797,145.20883,NA,NA,NA
1972-08-23,126.3314,170.01962,145.77319,NA,NA,NA
1972-08-24,126.9815,170.91478,146.53772,NA,NA,NA
1972-08-25,126.1976,169.88062,145.64805,NA,NA,NA
1972-08-28,126.0348,169.68191,145.47474,NA,NA,NA
1972-08-29,125.9398,169.5744,145.37962,NA,NA,NA
1972-08-30,126.2998,170.07936,145.80958,NA,NA,NA
1972-08-31,125.9326,169.60545,145.40034,NA,NA,NA
1972-09-01,125.7487,169.3782,145.20258,NA,NA,NA
1972-09-04,124.8493,168.18761,144.17892,NA,NA,NA
1972-09-05,124.471,167.69835,143.75658,NA,NA,NA
1972-09-06,124.2165,167.3757,143.47707,NA,NA,NA
1972-09-07,124.8359,168.23023,144.20667,NA,NA,NA
1972-09-08,124.0941,167.25118,143.36447,NA,NA,NA
1972-09-11,122.6152,165.27902,141.67095,NA,NA,NA
1972-09-12,122.6394,165.33145,141.71303,NA,NA,NA
1972-09-13,122.4261,165.06382,141.48076,NA,NA,NA
1972-09-14,122.3063,164.92215,141.35646,NA,NA,NA
1972-09-15,122.6049,165.34447,141.71558,NA,NA,NA
1972-09-18,121.2785,163.57641,140.19722,NA,NA,NA
1972-09-19,120.2294,162.18171,138.99894,NA,NA,NA
1972-09-20,120.4044,162.43716,139.21506,NA,NA,NA
1972-09-21,120.2507,162.24935,139.05129,NA,NA,NA
1972-09-22,118.9618,160.53061,137.57537,NA,NA,NA
1972-09-25,119.9145,161.8353,138.69067,NA,NA,NA
1972-09-26,119.4322,161.20406,138.14688,NA,NA,NA
1972-09-27,118.8988,160.50373,137.5439,NA,NA,NA
1972-09-28,117.7879,159.02408,136.27304,NA,NA,NA
1972-09-29,118.277,159.70335,136.85236,NA,NA,NA
1972-10-02,118.4797,159.99612,137.10048,NA,NA,NA
1972-10-03,119.4508,161.32654,138.23768,NA,NA,NA
1972-10-04,120.2256,162.39215,139.14796,NA,NA,NA
1972-10-05,120.9949,163.45058,140.05205,NA,NA,NA
1972-10-06,120.9288,163.38091,139.98952,NA,NA,NA
1972-10-09,120.5328,162.8657,139.54522,NA,NA,NA
1972-10-10,120.294,162.56267,139.28275,NA,NA,NA
1972-10-11,120.5393,162.91357,139.58058,NA,NA,NA
1972-10-12,120.5263,162.91554,139.57945,NA,NA,NA
1972-10-13,120.4051,162.77131,139.45305,NA,NA,NA
1972-10-16,119.8683,162.06544,138.84545,NA,NA,NA
1972-10-17,119.3058,161.32467,138.20798,NA,NA,NA
1972-10-18,119.514,161.62547,138.46288,NA,NA,NA
1972-10-19,119.4118,161.50669,138.35832,NA,NA,NA
1972-10-20,119.2066,161.24861,138.13443,NA,NA,NA
1972-10-23,119.1573,161.20128,138.09109,NA,NA,NA
1972-10-24,118.5628,160.41669,137.41615,NA,NA,NA
1972-10-25,117.8614,159.48733,136.61723,NA,NA,NA
1972-10-26,118.2223,159.99471,137.04908,NA,NA,NA
1972-10-27,117.7079,159.31802,136.46664,NA,NA,NA
1972-10-30,117.1831,158.6271,135.87203,NA,NA,NA
1972-10-31,117.8103,159.495,136.61266,NA,NA,NA
1972-11-01,118.2734,160.14096,137.16317,NA,NA,NA
1972-11-02,118.5565,160.54338,137.50508,NA,NA,NA
1972-11-03,118.4373,160.40127,137.38057,NA,NA,NA
1972-11-06,119.1269,161.35429,138.19401,NA,NA,NA
1972-11-07,119.3211,161.63661,138.43301,NA,NA,NA
1972-11-08,119.0144,161.24068,138.09111,NA,NA,NA
1972-11-09,118.2987,160.29081,137.27478,NA,NA,NA
1972-11-10,118.9239,161.15701,138.0138,NA,NA,NA
1972-11-13,119.2763,161.65377,138.43643,NA,NA,NA
1972-11-14,119.5198,162.00309,138.73278,NA,NA,NA
1972-11-15,119.6334,162.17645,138.87843,NA,NA,NA
1972-11-16,119.3935,161.8708,138.61387,NA,NA,NA
1972-11-17,119.7362,162.35473,139.02547,NA,NA,NA
1972-11-20,119.5361,162.10297,138.80706,NA,NA,NA
1972-11-21,119.546,162.13583,138.83239,NA,NA,NA
1972-11-22,119.6524,162.29954,138.96976,NA,NA,NA
1972-11-23,119.7855,162.49949,139.13816,NA,NA,NA
1972-11-24,119.9949,162.80297,139.3952,NA,NA,NA
1972-11-27,120.8668,164.00529,140.42179,NA,NA,NA
1972-11-28,120.7877,163.91766,140.34391,NA,NA,NA
1972-11-29,120.5953,163.6763,140.13443,NA,NA,NA
1972-11-30,120.7351,163.88562,140.3108,NA,NA,NA
1972-12-01,120.7265,163.8936,140.3148,NA,NA,NA
1972-12-04,120.2221,163.22878,139.74276,NA,NA,NA
1972-12-05,120.2463,163.2812,139.78481,NA,NA,NA
1972-12-06,120.4674,163.60093,140.0557,NA,NA,NA
1972-12-07,120.6394,163.85407,140.26958,NA,NA,NA
1972-12-08,120.8926,164.21753,140.57789,NA,NA,NA
1972-12-11,120.6186,163.86516,140.27339,NA,NA,NA
1972-12-12,120.6007,163.8605,140.26656,NA,NA,NA
1972-12-13,120.0514,163.13412,139.64191,NA,NA,NA
1972-12-14,120.0175,163.10763,139.61641,NA,NA,NA
1972-12-15,119.8339,162.87776,139.41681,NA,NA,NA
1972-12-18,119.0729,161.8634,138.54569,NA,NA,NA
1972-12-19,118.9649,161.73605,138.43388,NA,NA,NA
1972-12-20,119.3607,162.29343,138.90815,NA,NA,NA
1972-12-21,119.0919,161.94753,138.60928,NA,NA,NA
1972-12-22,119.3498,162.31758,138.92319,NA,NA,NA
1972-12-25,119.3498,162.33704,138.93704,NA,NA,NA
1972-12-26,119.3592,162.36929,138.96183,NA,NA,NA
1972-12-27,119.0738,162.00066,138.64352,NA,NA,NA
1972-12-28,118.867,161.73883,138.41663,NA,NA,NA
1972-12-29,119.5258,162.65448,139.19743,NA,NA,NA
1973-01-01,119.5258,162.67399,139.2113,NA,NA,NA
1973-01-02,120.0879,163.45837,139.87972,NA,NA,NA
1973-01-03,120.5984,164.17271,140.48817,NA,NA,NA
1973-01-04,121.1488,164.94152,141.14322,NA,NA,NA
1973-01-05,121.6752,165.67785,141.77043,NA,NA,NA
1973-01-08,121.6831,165.70847,141.79377,NA,NA,NA
1973-01-09,121.9439,166.08341,142.11173,NA,NA,NA
1973-01-10,121.9504,166.11217,142.13346,NA,NA,NA
1973-01-11,121.9555,166.13904,142.15358,NA,NA,NA
1973-01-12,122.0765,166.32375,142.30875,NA,NA,NA
1973-01-15,122.4541,166.85805,142.76301,NA,NA,NA
1973-01-16,122.0959,166.39015,142.35978,NA,NA,NA
1973-01-17,122.3233,166.71992,142.63904,NA,NA,NA
1973-01-18,121.7848,166.00626,142.02556,NA,NA,NA
1973-01-19,121.6002,165.77463,141.8245,NA,NA,NA
1973-01-22,120.6557,164.50749,140.7375,NA,NA,NA
1973-01-23,120.2955,164.03629,140.33152,NA,NA,NA
1973-01-24,121.4521,165.63296,141.69455,NA,NA,NA
1973-01-25,120.1665,163.90043,140.20945,NA,NA,NA
1973-01-26,119.466,162.96505,139.4064,NA,NA,NA
1973-01-29,119.5758,163.13433,139.54839,NA,NA,NA
1973-01-30,121.0805,165.2066,141.31812,NA,NA,NA
1973-01-31,119.8096,163.49321,139.84953,NA,NA,NA
1973-02-01,120.1947,164.03821,140.31288,NA,NA,NA
1973-02-02,119.6139,163.26555,139.6491,NA,NA,NA
1973-02-05,119.5216,163.15919,139.55529,NA,NA,NA
1973-02-06,120.0348,163.87919,140.1683,NA,NA,NA
1973-02-07,119.3491,162.96308,139.38186,NA,NA,NA
1973-02-08,119.4436,163.11162,139.50609,NA,NA,NA
1973-02-09,119.2984,162.93296,139.35046,NA,NA,NA
1973-02-12,119.0713,162.64245,139.09917,NA,NA,NA
1973-02-13,123.5711,168.80932,144.36992,NA,NA,NA
1973-02-14,123.3497,168.52722,144.12573,NA,NA,NA
1973-02-15,123.1114,168.22196,143.86175,NA,NA,NA
1973-02-16,124.0769,169.56125,145.00414,NA,NA,NA
1973-02-19,123.5856,168.91045,144.44463,NA,NA,NA
1973-02-20,124.2424,169.82823,145.22654,NA,NA,NA
1973-02-21,124.8408,170.6664,145.94034,NA,NA,NA
1973-02-22,125.7601,171.94345,147.02937,NA,NA,NA
1973-02-23,127.8395,174.80706,149.47489,NA,NA,NA
1973-02-26,127.3843,174.20583,148.95775,NA,NA,NA
1973-02-27,127.3143,174.13102,148.89076,NA,NA,NA
1973-02-28,127.8764,174.92055,149.56283,NA,NA,NA
1973-03-01,128.6094,175.94403,150.43488,NA,NA,NA
1973-03-02,128.6022,175.95528,150.44146,NA,NA,NA
1973-03-05,128.5834,175.95066,150.43447,NA,NA,NA
1973-03-06,128.4772,175.82649,150.32525,NA,NA,NA
1973-03-07,128.5325,175.92323,150.40492,NA,NA,NA
1973-03-08,129.3972,177.12767,151.43158,NA,NA,NA
1973-03-09,128.5334,175.96702,150.43618,NA,NA,NA
1973-03-12,128.8161,176.37505,150.78197,NA,NA,NA
1973-03-13,129.7243,177.63954,151.85988,NA,NA,NA
1973-03-14,129.9705,177.99789,152.16316,NA,NA,NA
1973-03-15,130.3744,178.57226,152.65108,NA,NA,NA
1973-03-16,130.4774,178.73471,152.78686,NA,NA,NA
1973-03-19,130.2595,178.45776,152.54702,NA,NA,NA
1973-03-20,130.5881,178.92924,152.94695,NA,NA,NA
1973-03-21,130.6748,179.06946,153.06372,NA,NA,NA
1973-03-22,131.1266,179.70992,153.60806,NA,NA,NA
1973-03-23,130.9987,179.55624,153.47359,NA,NA,NA
1973-03-26,131.8361,180.7254,154.46978,NA,NA,NA
1973-03-27,132.0885,181.09298,154.78083,NA,NA,NA
1973-03-28,131.8009,180.72054,154.45937,NA,NA,NA
1973-03-29,131.4958,180.32402,154.11733,NA,NA,NA
1973-03-30,131.1941,179.93206,153.77921,NA,NA,NA
1973-04-02,130.9387,179.60348,153.49527,NA,NA,NA
1973-04-03,131.0079,179.71991,153.59167,NA,NA,NA
1973-04-04,131.8334,180.87373,154.5746,NA,NA,NA
1973-04-05,131.9089,180.99898,154.67851,NA,NA,NA
1973-04-06,132.3892,181.67959,155.25701,NA,NA,NA
1973-04-09,131.8359,180.94238,154.62385,NA,NA,NA
1973-04-10,132.1432,181.38574,154.99959,NA,NA,NA
1973-04-11,132.6042,182.04015,155.55566,NA,NA,NA
1973-04-12,132.1333,181.41577,155.01896,NA,NA,NA
1973-04-13,131.7295,180.88333,154.56083,NA,NA,NA
1973-04-16,131.4185,180.47813,154.21146,NA,NA,NA
1973-04-17,131.5729,180.71175,154.40796,NA,NA,NA
1973-04-18,131.0836,180.06164,153.84934,NA,NA,NA
1973-04-19,131.5279,180.69341,154.38602,NA,NA,NA
1973-04-20,131.5279,180.71508,154.40141,NA,NA,NA
1973-04-23,131.5758,180.80255,154.47302,NA,NA,NA
1973-04-24,132.0041,181.41264,154.99113,NA,NA,NA
1973-04-25,131.8757,181.25799,154.85587,NA,NA,NA
1973-04-26,131.625,180.93527,154.57702,NA,NA,NA
1973-04-27,131.5458,180.84813,154.49944,NA,NA,NA
1973-04-30,131.608,180.9553,154.58788,NA,NA,NA
1973-05-01,131.7133,181.12175,154.72694,NA,NA,NA
1973-05-02,131.5155,180.87156,154.51007,NA,NA,NA
1973-05-03,130.5684,179.59131,153.41323,NA,NA,NA
1973-05-04,130.8347,179.97904,153.74134,NA,NA,NA
1973-05-07,129.6584,178.38325,152.37499,NA,NA,NA
1973-05-08,128.7498,177.15516,151.32282,NA,NA,NA
1973-05-09,128.4804,176.80585,151.02137,NA,NA,NA
1973-05-10,127.4539,175.41511,149.83033,NA,NA,NA
1973-05-11,127.0715,174.91005,149.39588,NA,NA,NA
1973-05-14,126.9225,174.726,149.23565,NA,NA,NA
1973-05-15,129.5272,178.33277,152.31296,NA,NA,NA
1973-05-16,129.9499,178.936,152.82509,NA,NA,NA
1973-05-17,130.6291,179.89252,153.63892,NA,NA,NA
1973-05-18,131.6036,181.25593,154.80019,NA,NA,NA
1973-05-21,131.4748,181.10033,154.66417,NA,NA,NA
1973-05-22,130.7017,180.0576,153.77048,NA,NA,NA
1973-05-23,131.1627,180.71414,154.32805,NA,NA,NA
1973-05-24,132.3453,182.36501,155.73469,NA,NA,NA
1973-05-25,132.9008,183.15218,156.40374,NA,NA,NA
1973-05-28,132.9338,183.2196,156.45816,NA,NA,NA
1973-05-29,132.9335,183.24116,156.4734,NA,NA,NA
1973-05-30,133.1538,183.56673,156.74824,NA,NA,NA
1973-05-31,133.2259,183.68811,156.84872,NA,NA,NA
1973-06-01,135.2035,186.43671,159.19238,NA,NA,NA
1973-06-04,136.2877,187.95393,160.48461,NA,NA,NA
1973-06-05,137.1815,189.20892,161.5529,NA,NA,NA
1973-06-06,136.9398,188.89836,161.28446,NA,NA,NA
1973-06-07,135.9925,187.61487,160.18527,NA,NA,NA
1973-06-08,136.7536,188.68721,161.09756,NA,NA,NA
1973-06-11,136.3374,188.13579,160.6235,NA,NA,NA
1973-06-12,135.9167,187.57804,160.14404,NA,NA,NA
1973-06-13,135.8049,187.44629,160.02832,NA,NA,NA
1973-06-14,135.7317,187.36776,159.95804,NA,NA,NA
1973-06-15,136.3592,188.25629,160.71333,NA,NA,NA
1973-06-18,136.9734,189.12666,161.4531,NA,NA,NA
1973-06-19,136.1271,187.98132,160.47203,NA,NA,NA
1973-06-20,135.8009,187.55357,160.10362,NA,NA,NA
1973-06-21,136.2581,188.20736,160.65847,NA,NA,NA
1973-06-22,137.0449,189.31652,161.60201,NA,NA,NA
1973-06-25,137.1939,189.545,161.79377,NA,NA,NA
1973-06-26,136.6383,188.80043,161.15491,NA,NA,NA
1973-06-27,137.0614,189.40756,161.66987,NA,NA,NA
1973-06-28,137.4633,189.98554,162.15993,NA,NA,NA
1973-06-29,138.0431,190.8095,162.85992,NA,NA,NA
1973-07-02,137.871,190.59457,162.67318,NA,NA,NA
1973-07-03,136.4474,188.6504,161.01041,NA,NA,NA
1973-07-04,138.4385,191.4258,163.37576,NA,NA,NA
1973-07-05,137.2745,189.83999,162.01894,NA,NA,NA
1973-07-06,137.2393,189.81409,161.99356,NA,NA,NA
1973-07-09,136.4026,188.68013,161.02247,NA,NA,NA
1973-07-10,134.3119,185.81227,158.57156,NA,NA,NA
1973-07-11,131.8979,182.49664,155.7386,NA,NA,NA
1973-07-12,134.2633,185.79135,158.54686,NA,NA,NA
1973-07-13,134.4226,186.03401,158.75072,NA,NA,NA
1973-07-16,134.2093,185.76122,158.51473,NA,NA,NA
1973-07-17,134.5834,186.30118,158.97227,NA,NA,NA
1973-07-18,134.7176,186.50923,159.14659,NA,NA,NA
1973-07-19,133.66,185.06809,157.91359,NA,NA,NA
1973-07-20,133.0202,184.20477,157.17371,NA,NA,NA
1973-07-23,132.3401,183.28546,156.38609,NA,NA,NA
1973-07-24,132.6089,183.67963,156.71924,NA,NA,NA
1973-07-25,131.3372,181.94105,155.23259,NA,NA,NA
1973-07-26,130.0397,180.16632,153.71515,NA,NA,NA
1973-07-27,129.0776,178.85558,152.59366,NA,NA,NA
1973-07-30,129.1878,179.02968,152.73912,NA,NA,NA
1973-07-31,130.3809,180.70439,154.16473,NA,NA,NA
1973-08-01,131.1029,181.72656,155.03364,NA,NA,NA
1973-08-02,130.9958,181.59995,154.92248,NA,NA,NA
1973-08-03,130.7384,181.26501,154.63361,NA,NA,NA
1973-08-06,130.2471,180.60585,154.06814,NA,NA,NA
1973-08-07,129.1508,179.10805,152.78723,NA,NA,NA
1973-08-08,129.6045,179.75859,153.33907,NA,NA,NA
1973-08-09,128.7933,178.65553,152.39498,NA,NA,NA
1973-08-10,128.5904,178.39559,152.17016,NA,NA,NA
1973-08-13,128.2223,177.9065,151.74988,NA,NA,NA
1973-08-14,126.6338,175.72494,149.88586,NA,NA,NA
1973-08-15,126.4642,175.51074,149.70012,NA,NA,NA
1973-08-16,125.0997,173.63904,148.10053,NA,NA,NA
1973-08-17,125.6228,174.38578,148.73444,NA,NA,NA
1973-08-20,126.0534,175.00431,149.25897,NA,NA,NA
1973-08-21,125.9864,174.93231,149.19454,NA,NA,NA
1973-08-22,124.3654,172.70368,147.29065,NA,NA,NA
1973-08-23,124.063,172.3046,146.94731,NA,NA,NA
1973-08-24,123.9777,172.20683,146.86095,NA,NA,NA
1973-08-27,124.0912,172.38509,147.01,NA,NA,NA
1973-08-28,124.1766,172.52437,147.1258,NA,NA,NA
1973-08-29,124.6004,173.13373,147.64248,NA,NA,NA
1973-08-30,125.283,174.10282,148.46587,NA,NA,NA
1973-08-31,124.5789,173.14564,147.6466,NA,NA,NA
1973-09-03,124.3612,172.86394,147.40339,NA,NA,NA
1973-09-04,124.4047,172.94512,147.46963,NA,NA,NA
1973-09-05,124.0021,172.40638,147.00725,NA,NA,NA
1973-09-06,124.0072,172.43415,147.02795,NA,NA,NA
1973-09-07,124.6771,173.38617,147.83671,NA,NA,NA
1973-09-10,124.5296,173.20191,147.6766,NA,NA,NA
1973-09-11,123.7516,172.14107,146.76907,NA,NA,NA
1973-09-12,123.5886,171.93505,146.59044,NA,NA,NA
1973-09-13,123.7736,172.21297,146.82443,NA,NA,NA
1973-09-14,124.2615,172.91233,147.4177,NA,NA,NA
1973-09-17,124.21,172.86142,147.37132,NA,NA,NA
1973-09-18,125.4317,174.58222,148.83531,NA,NA,NA
1973-09-19,125.0193,174.02937,148.36097,NA,NA,NA
1973-09-20,124.8321,173.78975,148.15368,NA,NA,NA
1973-09-21,125.1289,174.22369,148.52061,NA,NA,NA
1973-09-24,125.0708,174.16371,148.46647,NA,NA,NA
1973-09-25,125.3999,174.64277,148.87184,NA,NA,NA
1973-09-26,126.3587,175.99885,150.02475,NA,NA,NA
1973-09-27,126.9895,176.89841,150.7885,NA,NA,NA
1973-09-28,126.9389,176.84915,150.74347,NA,NA,NA
1973-10-01,126.4925,176.24868,150.22857,NA,NA,NA
1973-10-02,127.5969,177.80847,151.55498,NA,NA,NA
1973-10-03,128.1506,178.60123,152.22761,NA,NA,NA
1973-10-04,127.869,178.23033,151.90839,NA,NA,NA
1973-10-05,127.91,178.30883,151.97222,NA,NA,NA
1973-10-08,127.145,177.26426,151.07881,NA,NA,NA
1973-10-09,127.9255,178.37351,152.02112,NA,NA,NA
1973-10-10,127.7832,178.19655,151.86723,NA,NA,NA
1973-10-11,127.4418,177.742,151.47676,NA,NA,NA
1973-10-12,128.4474,179.16565,152.68691,NA,NA,NA
1973-10-15,127.7534,178.21951,151.87748,NA,NA,NA
1973-10-16,127.2861,177.58924,151.33727,NA,NA,NA
1973-10-17,128.2232,178.91781,152.46634,NA,NA,NA
1973-10-18,128.6208,179.49393,152.9542,NA,NA,NA
1973-10-19,129.6977,181.01813,154.24987,NA,NA,NA
1973-10-22,130.0173,181.48579,154.64526,NA,NA,NA
1973-10-23,129.6448,180.98779,154.21777,NA,NA,NA
1973-10-24,130.8534,182.69657,155.6706,NA,NA,NA
1973-10-25,130.7545,182.58043,155.5685,NA,NA,NA
1973-10-26,131.1923,183.21352,156.10477,NA,NA,NA
1973-10-29,131.5054,183.67264,156.4928,NA,NA,NA
1973-10-30,130.294,182.00353,155.06742,NA,NA,NA
1973-10-31,129.9839,181.59234,154.71394,NA,NA,NA
1973-11-01,130.2964,182.05059,155.10123,NA,NA,NA
1973-11-02,130.2568,182.01711,155.06957,NA,NA,NA
1973-11-05,128.3097,179.31951,152.76805,NA,NA,NA
1973-11-06,126.4624,176.76065,150.58482,NA,NA,NA
1973-11-07,124.9812,174.71257,148.83686,NA,NA,NA
1973-11-08,126.3657,176.66878,150.50024,NA,NA,NA
1973-11-09,126.4967,176.87306,150.67122,NA,NA,NA
1973-11-12,123.0128,172.02525,146.53826,NA,NA,NA
1973-11-13,121.2344,169.56018,144.4353,NA,NA,NA
1973-11-14,119.8932,167.70563,142.85252,NA,NA,NA
1973-11-15,117.9376,164.99167,140.5377,NA,NA,NA
1973-11-16,118.4738,165.76145,141.19052,NA,NA,NA
1973-11-19,119.5865,167.33799,142.53045,NA,NA,NA
1973-11-20,118.1905,165.40562,140.88155,NA,NA,NA
1973-11-21,117.4474,164.38595,140.01017,NA,NA,NA
1973-11-22,115.1721,161.22265,137.31291,NA,NA,NA
1973-11-23,113.6441,159.10412,135.50566,NA,NA,NA
1973-11-26,110.1224,154.195,131.32169,NA,NA,NA
1973-11-27,108.9568,152.58221,129.94539,NA,NA,NA
1973-11-28,110.2035,154.34625,131.445,NA,NA,NA
1973-11-29,110.7268,155.09754,132.08214,NA,NA,NA
1973-11-30,110.0379,154.1516,131.27387,NA,NA,NA
1973-12-03,108.3058,151.74485,129.22149,NA,NA,NA
1973-12-04,107.7416,150.97289,128.56147,NA,NA,NA
1973-12-05,106.2879,148.95504,126.84044,NA,NA,NA
1973-12-06,104.3509,146.25972,124.54255,NA,NA,NA
1973-12-07,105.1022,147.33015,125.45149,NA,NA,NA
1973-12-10,103.7151,145.40441,123.80906,NA,NA,NA
1973-12-11,103.7306,145.44357,123.8399,NA,NA,NA
1973-12-12,102.9877,144.41984,122.96568,NA,NA,NA
1973-12-13,102.4418,143.67197,122.32639,NA,NA,NA
1973-12-14,100.2537,140.62199,119.72689,NA,NA,NA
1973-12-17,100.9246,141.57976,120.5399,NA,NA,NA
1973-12-18,99.5633,139.68805,118.92676,NA,NA,NA
1973-12-19,100.6186,141.18527,120.19898,NA,NA,NA
1973-12-20,100.9952,141.73053,120.66075,NA,NA,NA
1973-12-21,102.2837,143.55563,122.21199,NA,NA,NA
1973-12-24,102.2825,143.57116,122.22274,NA,NA,NA
1973-12-25,102.2825,143.58837,122.23492,NA,NA,NA
1973-12-26,103.0997,144.75267,123.22356,NA,NA,NA
1973-12-27,106.0388,148.89693,126.74858,NA,NA,NA
1973-12-28,106.7599,149.92719,127.623,NA,NA,NA
1973-12-31,106.2722,149.26055,127.05293,NA,NA,NA
1974-01-01,106.2722,149.27845,127.06559,NA,NA,NA
1974-01-02,105.7442,148.55499,126.44718,NA,NA,NA
1974-01-03,104.2427,146.4645,124.66511,NA,NA,NA
1974-01-04,104.2606,146.50721,124.69894,NA,NA,NA
1974-01-07,103.809,145.89044,124.17144,NA,NA,NA
1974-01-08,103.2124,145.06985,123.47047,NA,NA,NA
1974-01-09,103.5644,145.5819,123.90377,NA,NA,NA
1974-01-10,103.5675,145.60371,123.91983,NA,NA,NA
1974-01-11,104.7232,147.24583,125.31481,NA,NA,NA
1974-01-14,104.9965,147.64767,125.65426,NA,NA,NA
1974-01-15,103.2451,145.2038,123.57173,NA,NA,NA
1974-01-16,103.4091,145.4518,123.78029,NA,NA,NA
1974-01-17,104.0442,146.36241,124.55269,NA,NA,NA
1974-01-18,104.74,147.35863,125.39791,NA,NA,NA
1974-01-21,102.2055,143.81226,122.37732,NA,NA,NA
1974-01-22,102.4486,144.17149,122.68053,NA,NA,NA
1974-01-23,102.9403,144.8806,123.28144,NA,NA,NA
1974-01-24,102.6717,144.52008,122.97216,NA,NA,NA
1974-01-25,102.7048,144.58399,123.02406,NA,NA,NA
1974-01-28,102.5223,144.3445,122.81778,NA,NA,NA
1974-01-29,102.2581,143.98997,122.51363,NA,NA,NA
1974-01-30,104.891,147.71489,125.68019,NA,NA,NA
1974-01-31,105.8495,149.08229,126.84102,NA,NA,NA
1974-02-01,106.8894,150.56467,128.09961,NA,NA,NA
1974-02-04,106.0718,149.43158,127.13294,NA,NA,NA
1974-02-05,105.2691,148.31919,126.18392,NA,NA,NA
1974-02-06,104.2765,146.93913,125.00719,NA,NA,NA
1974-02-07,104.8132,147.7129,125.66292,NA,NA,NA
1974-02-08,105.042,148.05298,125.94969,NA,NA,NA
1974-02-11,104.2449,146.94777,125.00688,NA,NA,NA
1974-02-12,105.1907,148.29849,126.15334,NA,NA,NA
1974-02-13,105.4501,148.68189,126.47693,NA,NA,NA
1974-02-14,105.9326,149.3799,127.06813,NA,NA,NA
1974-02-15,106.9656,150.85436,128.31972,NA,NA,NA
1974-02-18,106.7241,150.53198,128.04289,NA,NA,NA
1974-02-19,106.4373,150.14565,127.71168,NA,NA,NA
1974-02-20,106.4631,150.20004,127.75536,NA,NA,NA
1974-02-21,106.731,150.59592,128.0895,NA,NA,NA
1974-02-22,108.7678,153.48791,130.54649,NA,NA,NA
1974-02-25,108.2082,152.71697,129.88811,NA,NA,NA
1974-02-26,108.4004,153.00647,130.13171,NA,NA,NA
1974-02-27,108.828,153.62825,130.65789,NA,NA,NA
1974-02-28,108.8412,153.6653,130.68675,NA,NA,NA
1974-03-01,105.2451,148.60891,126.3836,NA,NA,NA
1974-03-04,105.0343,148.32918,126.14314,NA,NA,NA
1974-03-05,105.7335,149.33423,126.99528,NA,NA,NA
1974-03-06,106.479,150.40491,127.9032,NA,NA,NA
1974-03-07,104.9154,148.21545,126.03857,NA,NA,NA
1974-03-08,104.934,148.25949,126.07348,NA,NA,NA
1974-03-11,105.061,148.45665,126.23859,NA,NA,NA
1974-03-12,106.0415,149.85982,127.42914,NA,NA,NA
1974-03-13,106.0753,149.92554,127.48245,NA,NA,NA
1974-03-14,106.0917,149.96669,127.51486,NA,NA,NA
1974-03-15,105.6829,149.40704,127.0364,NA,NA,NA
1974-03-18,105.3148,148.90476,126.60674,NA,NA,NA
1974-03-19,105.1255,148.65506,126.39186,NA,NA,NA
1974-03-20,104.4232,147.68023,125.56043,NA,NA,NA
1974-03-21,105.692,149.49222,127.09838,NA,NA,NA
1974-03-22,105.266,148.90785,126.59896,NA,NA,NA
1974-03-25,105.7012,149.54122,127.13486,NA,NA,NA
1974-03-26,105.7445,149.62039,127.1996,NA,NA,NA
1974-03-27,104.5328,147.92473,125.75536,NA,NA,NA
1974-03-28,103.8937,147.03847,124.99935,NA,NA,NA
1974-03-29,104.1318,147.393,125.2982,NA,NA,NA
1974-04-01,103.4965,146.51184,124.54656,NA,NA,NA
1974-04-02,104.1477,147.45112,125.34247,NA,NA,NA
1974-04-03,104.1128,147.4194,125.31298,NA,NA,NA
1974-04-04,104.9747,148.65735,126.36271,NA,NA,NA
1974-04-05,105.2284,149.03436,126.68062,NA,NA,NA
1974-04-08,105.2178,149.03723,126.68049,NA,NA,NA
1974-04-09,105.5386,149.5094,127.07927,NA,NA,NA
1974-04-10,105.3986,149.32907,126.92341,NA,NA,NA
1974-04-11,104.8415,148.55801,126.26545,NA,NA,NA
1974-04-12,104.8415,148.57582,126.27803,NA,NA,NA
1974-04-15,104.8652,148.62721,126.31916,NA,NA,NA
1974-04-16,105.0386,148.89073,126.54057,NA,NA,NA
1974-04-17,106.1558,150.49207,127.8989,NA,NA,NA
1974-04-18,107.0568,151.78728,128.99702,NA,NA,NA
1974-04-19,107.8202,152.8877,129.92957,NA,NA,NA
1974-04-22,107.5859,152.57392,129.66027,NA,NA,NA
1974-04-23,108.5493,153.95832,130.83408,NA,NA,NA
1974-04-24,108.1426,153.40018,130.35711,NA,NA,NA
1974-04-25,107.3383,152.2782,129.40098,NA,NA,NA
1974-04-26,107.4524,152.45828,129.55139,NA,NA,NA
1974-04-29,107.9355,153.16188,130.14664,NA,NA,NA
1974-04-30,108.322,153.72858,130.62554,NA,NA,NA
1974-05-01,108.4205,153.88677,130.75731,NA,NA,NA
1974-05-02,108.1076,153.46127,130.39311,NA,NA,NA
1974-05-03,108.0603,153.41255,130.34907,NA,NA,NA
1974-05-06,107.6157,152.8,129.82596,NA,NA,NA
1974-05-07,107.7295,152.97986,129.97615,NA,NA,NA
1974-05-08,108.1089,153.53686,130.44675,NA,NA,NA
1974-05-09,108.1914,153.6724,130.55927,NA,NA,NA
1974-05-10,108.1244,153.59569,130.49146,NA,NA,NA
1974-05-13,107.4602,152.671,129.70318,NA,NA,NA
1974-05-14,107.253,152.39504,129.4661,NA,NA,NA
1974-05-15,107.1811,152.31118,129.39224,NA,NA,NA
1974-05-16,105.8668,150.46269,127.81917,NA,NA,NA
1974-05-17,106.4855,151.35992,128.57876,NA,NA,NA
1974-05-20,105.2386,149.6066,127.08664,NA,NA,NA
1974-05-21,104.4893,148.55982,126.19481,NA,NA,NA
1974-05-22,104.5063,148.6018,126.22791,NA,NA,NA
1974-05-23,104.2057,148.19235,125.87754,NA,NA,NA
1974-05-24,104.1072,148.07008,125.77114,NA,NA,NA
1974-05-27,103.2953,146.93362,124.80323,NA,NA,NA
1974-05-28,102.0563,145.1897,123.31934,NA,NA,NA
1974-05-29,101.5117,144.43267,122.67382,NA,NA,NA
1974-05-30,99.8654,142.10881,120.69742,NA,NA,NA
1974-05-31,99.6293,141.79001,120.4242,NA,NA,NA
1974-06-03,99.0201,140.94039,119.70014,NA,NA,NA
1974-06-04,99.7382,141.97926,120.57999,NA,NA,NA
1974-06-05,100.9235,143.68348,122.02482,NA,NA,NA
1974-06-06,101.0455,143.87435,122.18445,NA,NA,NA
1974-06-07,101.2151,144.13303,122.40166,NA,NA,NA
1974-06-10,101.0086,143.85635,122.16422,NA,NA,NA
1974-06-11,100.1401,142.63727,121.12643,NA,NA,NA
1974-06-12,99.8809,142.28531,120.82509,NA,NA,NA
1974-06-13,99.3178,141.50056,120.15621,NA,NA,NA
1974-06-14,98.6618,140.58332,119.37487,NA,NA,NA
1974-06-17,97.9786,139.62713,118.56046,NA,NA,NA
1974-06-18,96.634,137.7287,116.94595,NA,NA,NA
1974-06-19,96.2775,137.23731,116.52633,NA,NA,NA
1974-06-20,95.5652,136.23889,115.67618,NA,NA,NA
1974-06-21,94.2404,134.36755,114.08482,NA,NA,NA
1974-06-24,93.9643,133.99015,113.76207,NA,NA,NA
1974-06-25,94.5849,134.89104,114.52463,NA,NA,NA
1974-06-26,94.4371,134.6965,114.35715,NA,NA,NA
1974-06-27,93.0003,132.66439,112.62945,NA,NA,NA
1974-06-28,94.2016,134.39386,114.09536,NA,NA,NA
1974-07-01,94.1268,134.30329,114.01617,6.84705,2.97247,3.42997
1974-07-02,94.4181,134.73494,114.3803,6.87279,2.98402,3.44322
1974-07-03,93.5901,133.57011,113.38906,6.79114,2.94896,3.40269
1974-07-04,92.3999,131.88836,111.95901,6.73537,2.92512,3.37511
1974-07-05,92.0761,131.44217,111.57797,6.69843,2.90945,3.35696
1974-07-08,91.6055,130.78642,111.01903,6.65978,2.89304,3.33795
1974-07-09,91.1602,130.1666,110.49063,6.64446,2.88675,3.33062
1974-07-10,91.9631,131.32854,111.47465,6.70632,2.91398,3.36196
1974-07-11,91.8709,131.21266,111.37403,6.70962,2.91578,3.36397
1974-07-12,92.9124,132.71579,112.64757,6.76824,2.94161,3.3937
1974-07-15,93.7562,133.93686,113.68167,6.82235,2.96549,3.42117
1974-07-16,93.7312,133.91722,113.6627,6.80306,2.95748,3.41186
1974-07-17,93.5684,133.70076,113.47667,6.78844,2.9515,3.40489
1974-07-18,94.0643,134.42527,114.08928,6.82386,2.96726,3.423
1974-07-19,94.2407,134.69341,114.31455,6.83496,2.97246,3.42893
1974-07-22,94.537,135.13296,114.68527,6.85419,2.9812,3.43893
1974-07-23,95.1804,136.06872,115.47709,6.89003,2.99716,3.45726
1974-07-24,96.1066,137.409,116.61215,6.90643,3.00467,3.46585
1974-07-25,96.2532,137.63502,116.8016,6.91979,3.01086,3.47292
1974-07-26,94.8284,135.61522,115.08504,6.84593,2.97911,3.43622
1974-07-29,94.2153,134.75507,114.35274,6.81624,2.96657,3.42168
1974-07-30,93.6339,133.94002,113.65875,6.78311,2.95253,3.40542
1974-07-31,92.8887,132.8906,112.76587,6.76371,2.94446,3.39603
1974-08-01,91.8014,131.35178,111.45772,6.67126,2.9046,3.34999
1974-08-02,91.2479,130.57591,110.79708,6.62666,2.88555,3.32795
1974-08-05,91.7476,131.30652,111.41476,6.66129,2.90099,3.34568
1974-08-06,92.2075,131.98035,111.98424,6.67538,2.90749,3.3531
1974-08-07,92.2698,132.08532,112.07104,6.71197,2.92379,3.37183
1974-08-08,92.086,131.83814,111.85904,6.74889,2.94023,3.39072
1974-08-09,92.2592,132.10186,112.08053,6.74246,2.9378,3.38785
1974-08-12,91.1515,130.53243,110.74661,6.67985,2.9109,3.35675
1974-08-13,90.5424,129.67622,110.0179,6.67138,2.90758,3.35285
1974-08-14,88.8692,127.29662,107.99666,6.54975,2.85495,3.29209
1974-08-15,88.4314,126.68504,107.4756,6.51748,2.84125,3.27622
1974-08-16,87.1721,124.89711,105.95649,6.45065,2.81249,3.24298
1974-08-19,85.7787,122.9167,104.27414,6.38952,2.7862,3.2126
1974-08-20,85.7537,122.89563,104.25416,6.39145,2.78739,3.21391
1974-08-21,85.4949,122.53961,103.95002,6.33721,2.7641,3.18698
1974-08-22,85.0563,121.92593,103.42731,6.33141,2.76192,3.1844
1974-08-23,85.6607,122.80682,104.17243,6.38235,2.78448,3.21034
1974-08-26,84.7262,121.48248,103.04686,6.29351,2.74608,3.166
1974-08-27,85.0694,121.98903,103.47445,6.34691,2.76972,3.19319
1974-08-28,83.6166,119.92143,101.71843,6.25499,2.72997,3.14729
1974-08-29,83.5146,119.78957,101.60453,6.22985,2.71935,3.13498
1974-08-30,83.0359,119.11761,101.03249,6.20943,2.71078,3.12503
1974-09-02,83.8294,120.27008,102.00789,6.28912,2.7459,3.16545
1974-09-03,83.1374,119.29216,101.17635,6.21967,2.71593,3.13084
1974-09-04,81.809,117.40135,99.57052,6.09744,2.66292,3.06966
1974-09-05,81.8044,117.40883,99.57485,6.13929,2.68153,3.09104
1974-09-06,81.7431,117.33496,99.51018,6.12423,2.67529,3.08378
1974-09-09,81.443,116.91843,99.1549,6.10591,2.66763,3.07488
1974-09-10,80.2949,115.2851,97.76762,6.00446,2.62366,3.02414
1974-09-11,80.0588,114.96007,97.48999,5.99089,2.61806,3.01762
1974-09-12,79.9127,114.76413,97.32185,5.98863,2.6174,3.01679
1974-09-13,79.1448,113.67564,96.39676,5.92703,2.59082,2.98609
1974-09-16,77.109,110.76666,93.92785,5.77556,2.52496,2.91012
1974-09-17,77.0531,110.69967,93.86914,5.75127,2.51466,2.89819
1974-09-18,76.7857,110.32893,93.55286,5.72499,2.50349,2.88525
1974-09-19,77.0652,110.74368,93.90264,5.75168,2.51548,2.899
1974-09-20,76.8855,110.49882,93.69311,5.74755,2.51398,2.89722
1974-09-23,76.0939,109.37495,92.73821,5.68837,2.48843,2.86771
1974-09-24,75.7694,108.92183,92.35212,5.64825,2.4712,2.84779
1974-09-25,74.4628,107.05756,90.76947,5.55887,2.43242,2.80304
1974-09-26,74.3739,106.94263,90.67019,5.54705,2.42755,2.79737
1974-09-27,74.7908,107.55482,91.18738,5.5701,2.43794,2.80928
1974-09-30,74.6794,107.40757,91.06069,5.54629,2.42783,2.79757
1974-10-01,75.3326,108.35981,91.86612,5.5896,2.44709,2.8197
1974-10-02,76.4752,110.0163,93.26851,5.68591,2.48954,2.86856
1974-10-03,74.9498,107.83618,91.41826,5.57533,2.44146,2.81309
1974-10-04,74.3408,106.97331,90.68487,5.50485,2.41092,2.77784
1974-10-07,74.8504,107.71932,91.31543,5.52861,2.42162,2.79011
1974-10-08,76.3274,109.85787,93.12632,5.6434,2.47219,2.84831
1974-10-09,75.4435,108.59949,92.05763,5.55467,2.43364,2.80385
1974-10-10,76.3925,109.97851,93.22466,5.63209,2.46786,2.84321
1974-10-11,75.7027,108.9991,92.39251,5.59297,2.45103,2.82376
1974-10-14,76.4255,110.05278,93.28375,5.63784,2.471,2.8467
1974-10-15,77.6671,111.85386,94.80839,5.72606,2.50996,2.89153
1974-10-16,77.7117,111.93148,94.87227,5.72311,2.50898,2.89034
1974-10-17,76.6779,110.45664,93.62019,5.62904,2.46808,2.84315
1974-10-18,77.5887,111.78183,94.74143,5.70162,2.5002,2.88009
1974-10-21,77.2712,111.338,94.36332,5.69019,2.4955,2.87462
1974-10-22,77.8849,112.23551,95.12206,5.73202,2.51415,2.89604
1974-10-23,77.485,111.67294,94.64332,5.68259,2.4928,2.87138
1974-10-24,77.0035,110.99269,94.06486,5.64539,2.4768,2.8529
1974-10-25,77.6014,111.8677,94.80449,5.67975,2.49218,2.87055
1974-10-28,77.3596,111.53267,94.51864,5.67103,2.48867,2.86644
1974-10-29,78.1355,112.6646,95.47592,5.71979,2.51038,2.89138
1974-10-30,77.957,112.42082,95.2674,5.70815,2.50558,2.8858
1974-10-31,77.6749,112.02765,94.93228,5.69082,2.49829,2.87734
1974-11-01,77.56,111.87542,94.80136,NA,NA,NA
1974-11-04,77.1171,111.25026,94.26966,5.62462,2.46987,2.84448
1974-11-05,77.1471,111.30686,94.31572,5.61422,2.46562,2.83952
1974-11-06,77.1358,111.30391,94.31131,5.6148,2.46618,2.84011
1974-11-07,76.8797,110.94786,94.0077,5.59337,2.45708,2.82957
1974-11-08,76.8426,110.90764,93.97172,5.61065,2.46498,2.83861
1974-11-11,77.1488,111.36279,94.35546,5.63301,2.47511,2.85021
1974-11-12,77.5099,111.89729,94.80641,5.66314,2.48866,2.86575
1974-11-13,75.829,109.48529,92.76075,5.56207,2.44457,2.81492
1974-11-14,76.3734,110.28434,93.43584,5.56807,2.44751,2.81825
1974-11-15,76.913,111.07665,94.10519,5.56905,2.44825,2.81904
1974-11-18,76.6011,110.63971,93.73309,5.52007,2.42704,2.79455
1974-11-19,76.3389,110.27441,93.42171,5.49352,2.41567,2.7814
1974-11-20,76.1618,110.0319,93.21436,5.5015,2.41949,2.78574
1974-11-21,75.4002,108.94534,92.29193,5.49073,2.41506,2.78058
1974-11-22,76.2547,110.19298,93.34692,5.49962,2.41927,2.78537
1974-11-25,75.7498,109.47691,92.7384,5.46994,2.40652,2.77063
1974-11-26,76.5932,110.70886,93.78006,5.501,2.42049,2.78665
1974-11-27,77.5536,112.11023,94.96518,5.5718,2.45193,2.82279
1974-11-28,77.5042,112.05229,94.91417,5.57099,2.45188,2.82267
1974-11-29,77.4784,112.02844,94.89204,5.56959,2.45158,2.82226
1974-12-02,77.3716,111.8875,94.77074,5.58797,2.45997,2.83186
1974-12-03,76.7913,111.06213,94.06968,5.55794,2.44707,2.81695
1974-12-04,77.19,111.65198,94.56737,5.55295,2.44518,2.81471
1974-12-05,77.5971,112.25412,95.07544,5.58178,2.45817,2.82961
1974-12-06,77.0262,111.44208,94.38571,5.5321,2.43662,2.80473
1974-12-09,76.7846,111.10602,94.09917,5.48114,2.41449,2.7792
1974-12-10,75.8073,109.70593,92.9114,5.43301,2.3936,2.7551
1974-12-11,75.5468,109.34225,92.6015,5.38404,2.37233,2.73056
1974-12-12,75.5272,109.327,92.58671,5.36784,2.36549,2.72263
1974-12-13,75.4931,109.29076,92.55415,5.38939,2.37529,2.73384
1974-12-16,75.7249,109.63937,92.8475,5.3941,2.37766,2.73652
1974-12-17,76.167,110.29251,93.39872,5.3889,2.37567,2.73416
1974-12-18,76.7261,111.11523,94.0935,5.41363,2.38687,2.74699
1974-12-19,76.8325,111.2826,94.23333,5.46237,2.40865,2.772
1974-12-20,76.8011,111.25048,94.20422,5.45176,2.40427,2.76691
1974-12-23,76.3579,110.6221,93.67019,5.41636,2.38897,2.74924
1974-12-24,76.6296,111.0289,94.01275,5.42381,2.39256,2.7533
1974-12-25,76.6296,111.04222,94.02212,NA,NA,NA
1974-12-26,76.611,111.02859,94.00868,5.41029,2.3872,2.74702
1974-12-27,76.9842,111.58266,94.47591,5.42096,2.3922,2.75272
1974-12-30,77.647,112.55662,95.29859,5.43366,2.39811,2.75946
1974-12-31,77.7313,112.69228,95.41153,5.42962,2.39662,2.75769
1975-01-01,77.7313,112.70579,95.42104,NA,NA,NA
1975-01-02,76.3401,110.70319,93.7235,5.36614,2.36922,2.72604
1975-01-03,77.4726,112.35869,95.12309,5.41542,2.39127,2.75134
1975-01-06,77.9979,113.13389,95.77743,5.44089,2.40281,2.76456
1975-01-07,78.4435,113.79369,96.33405,5.44087,2.4031,2.76485
1975-01-08,79.5713,115.44331,97.72853,5.51605,2.4366,2.80332
1975-01-09,79.4096,115.22264,97.53973,5.53058,2.44332,2.811
1975-01-10,80.6945,117.10081,99.12757,5.59965,2.47413,2.84639
1975-01-13,82.2155,119.32209,101.00576,5.71377,2.52485,2.90467
1975-01-14,81.5567,118.38071,100.2068,5.68688,2.51329,2.89131
1975-01-15,81.6213,118.48865,100.29614,5.70451,2.52139,2.90057
1975-01-16,83.2861,120.91969,102.35171,5.78452,2.55706,2.94154
1975-01-17,84.4176,122.57689,103.75228,5.8557,2.58883,2.97803
1975-01-20,83.9171,121.86517,103.14773,5.8196,2.57321,2.95999
1975-01-21,85.5339,124.22775,105.14519,5.88205,2.60114,2.99205
1975-01-22,86.5541,125.72427,106.40962,5.91702,2.61692,3.01014
1975-01-23,87.5954,127.25179,107.70025,5.96085,2.63663,3.03275
1975-01-24,90.2827,131.17137,111.01508,6.13327,2.7132,3.12075
1975-01-27,92.4775,134.37611,113.72486,6.26445,2.77155,3.18781
1975-01-28,93.5774,135.99035,115.08864,6.31608,2.79473,3.2144
1975-01-29,94.2576,136.99502,115.93653,6.47538,2.86555,3.29578
1975-01-30,96.9837,140.97397,119.30115,6.60893,2.92498,3.36407
1975-01-31,95.6806,139.09768,117.71079,6.54296,2.89617,3.33085
1975-02-03,96.3865,140.14044,118.5908,6.54742,2.8985,3.33347
1975-02-04,94.0592,136.77514,115.74041,6.50498,2.88009,3.31222
1975-02-05,93.7658,136.36506,115.39104,6.4898,2.87373,3.30484
1975-02-06,95.2812,138.58525,117.26728,6.5978,2.9219,3.36016
1975-02-07,97.5124,141.84729,120.0249,6.72422,2.97823,3.42487
1975-02-10,100.0836,145.6048,123.2016,6.86703,3.04184,3.49794
1975-02-11,98.7928,143.74532,121.62562,6.76263,2.99599,3.44515
1975-02-12,99.5093,144.80494,122.51969,6.81539,3.01973,3.47237
1975-02-13,101.3637,147.52083,124.81495,6.90633,3.0604,3.51905
1975-02-14,101.1313,147.20042,124.54132,6.8676,3.04362,3.4997
1975-02-17,99.5969,144.98584,122.66498,6.75141,2.99253,3.44087
1975-02-18,100.0588,145.6755,123.24598,6.79582,3.01259,3.46386
1975-02-19,101.0745,147.1716,124.50916,6.86004,3.04142,3.49694
1975-02-20,100.9721,147.04019,124.39547,6.85256,3.03849,3.49349
1975-02-21,102.1063,148.70938,125.80499,6.89916,3.05953,3.51761
1975-02-24,102.509,149.31359,126.31359,6.8914,3.05648,3.51402
1975-02-25,103.0144,150.06753,126.94882,6.88221,3.05279,3.5097
1975-02-26,104.7422,152.60249,129.09053,7.0067,3.10837,3.57353
1975-02-27,106.9075,155.77558,131.77189,7.11203,3.15547,3.6276
1975-02-28,107.9476,157.30965,133.06684,7.19211,3.19139,3.66881
1975-03-03,107.7501,157.0408,132.83673,7.14537,3.17106,3.64536
1975-03-04,107.654,156.91962,132.73153,7.1769,3.18544,3.66182
1975-03-05,108.3287,157.92175,133.57647,7.23945,3.2136,3.69411
1975-03-06,109.3385,159.41263,134.83475,7.28699,3.2351,3.71874
1975-03-07,109.4974,159.66335,135.0441,7.3584,3.26719,3.75556
1975-03-10,109.397,159.53615,134.93377,7.40716,3.28925,3.78083
1975-03-11,108.1128,157.68345,133.36394,7.27036,3.22894,3.71142
1975-03-12,107.4884,156.79206,132.60729,7.20631,3.20091,3.67913
1975-03-13,107.8339,157.31472,133.04665,7.2616,3.22586,3.70773
1975-03-14,107.7064,157.14764,132.90265,7.24913,3.22073,3.70175
1975-03-17,106.4425,155.32334,131.35701,7.15037,3.17727,3.65172
1975-03-18,106.0946,154.8345,130.94092,7.10961,3.15957,3.6313
1975-03-19,106.5924,155.57942,131.56823,7.12559,3.16706,3.63983
1975-03-20,105.2342,153.6167,129.90564,7.05196,3.13475,3.60261
1975-03-21,104.1802,152.09729,128.61804,6.99039,3.10778,3.57155
1975-03-24,101.7776,148.6096,125.66595,6.85797,3.04933,3.50429
1975-03-25,101.746,148.5813,125.63947,6.86216,3.05157,3.5068
1975-03-26,103.5661,151.25704,127.89934,6.98491,3.10653,3.56987
1975-03-27,104.1136,152.07466,128.5881,7.03696,3.13006,3.59683
1975-03-28,104.1136,152.09289,128.60091,NA,NA,NA
1975-03-31,104.2369,152.2912,128.76599,NA,NA,NA
1975-04-01,104.4094,152.56143,128.99186,7.06129,3.14206,3.6104
1975-04-02,104.6477,152.92784,129.29906,7.04812,3.1366,3.60404
1975-04-03,105.1069,153.6171,129.8792,7.12052,3.1692,3.64143
1975-04-04,104.7127,153.05961,129.40521,7.12788,3.17288,3.64557
1975-04-07,105.526,154.26663,130.42303,7.18603,3.19915,3.67568
1975-04-08,104.904,153.37623,129.66757,7.14977,3.18341,3.65752
1975-04-09,105.0547,153.6149,129.86672,7.14508,3.18173,3.6555
1975-04-10,105.2561,153.92774,130.12857,7.19945,3.20633,3.68369
1975-04-11,105.5592,154.38935,130.51618,7.22243,3.21697,3.69583
1975-04-14,105.927,154.94569,130.98384,7.27876,3.24245,3.72503
1975-04-15,106.6145,155.96977,131.84687,7.31114,3.25728,3.74199
1975-04-16,108.2622,158.39889,133.89748,7.40852,3.30106,3.7922
1975-04-17,110.6484,161.90928,136.86191,7.5671,3.37211,3.87374
1975-04-18,111.7465,163.53538,138.2336,7.61966,3.39595,3.90104
1975-04-21,111.3614,162.99163,137.77117,7.61408,3.39389,3.89859
1975-04-22,113.8103,166.59559,140.81442,7.77789,3.4673,3.98284
1975-04-23,114.6506,167.84544,141.86796,7.80195,3.47846,3.99557
1975-04-24,113.5493,166.25408,140.51993,7.71148,3.43858,3.94967
1975-04-25,112.5478,164.80836,139.29508,7.67311,3.42191,3.93044
1975-04-28,111.3433,163.0652,137.81885,7.62709,3.40183,3.90729
1975-04-29,112.3693,164.58721,139.10236,7.66808,3.42053,3.92869
1975-04-30,111.3945,163.17983,137.91002,7.58448,3.38368,3.88628
1975-05-01,112.132,164.2796,138.83665,NA,NA,NA
1975-05-02,112.0552,164.18681,138.75543,7.64309,3.41067,3.91711
1975-05-05,110.9073,162.52539,137.34845,7.54254,3.36626,3.86601
1975-05-06,110.3972,161.79768,136.73067,7.4922,3.34422,3.84062
1975-05-07,110.902,162.55678,137.36938,7.51427,3.35449,3.85233
1975-05-08,112.0373,164.24021,138.78912,NA,NA,NA
1975-05-09,112.733,165.27961,139.66461,7.62481,3.40467,3.90979
1975-05-12,113.1752,165.94761,140.22625,7.67717,3.42847,3.93704
1975-05-13,112.3433,164.74826,139.2099,7.56063,3.37688,3.87771
1975-05-14,111.5355,163.58394,138.2232,7.4988,3.3497,3.84642
1975-05-15,111.5355,163.60356,138.23698,7.5444,3.37048,3.8702
1975-05-16,111.4956,163.56467,138.20132,7.53706,3.36762,3.86684
1975-05-19,112.6972,165.3469,139.7043,NA,NA,NA
1975-05-20,113.2557,166.186,140.41043,7.64898,3.41847,3.92505
1975-05-21,112.2133,164.6771,139.13264,7.55304,3.37604,3.87625
1975-05-22,111.9383,164.29342,138.80565,7.50751,3.35612,3.85329
1975-05-23,112.3977,164.98725,139.38903,7.532,3.36748,3.86626
1975-05-26,112.544,165.22173,139.58431,7.50575,3.35618,3.85319
1975-05-27,112.1694,164.69182,139.13378,7.51555,3.36098,3.85863
1975-05-28,110.9181,162.87528,137.59622,7.42549,3.32114,3.81281
1975-05-29,109.8954,161.39377,136.34179,7.36825,3.29597,3.78382
1975-05-30,109.3359,160.59178,135.6615,7.38425,3.30354,3.79243
1975-06-02,111.3489,163.56774,138.17252,7.50405,3.35753,3.85434
1975-06-03,112.2953,164.97743,139.3605,7.5349,3.37175,3.87058
1975-06-04,112.4313,165.19696,139.54312,7.54403,3.37626,3.87567
1975-06-05,112.3516,165.0997,139.45814,7.55252,3.38048,3.88043
1975-06-06,113.2165,166.3903,140.54543,7.60717,3.40536,3.90891
1975-06-09,111.4313,163.78796,138.3443,7.51999,3.36678,3.86453
1975-06-10,110.3092,162.15909,136.96558,7.42431,3.32438,3.81579
1975-06-11,109.4945,160.98144,135.96806,7.3644,3.29799,3.78541
1975-06-12,108.8061,159.98909,135.12711,7.3209,3.27893,3.76345
1975-06-13,108.8087,160.01209,135.14381,7.31939,3.27867,3.76307
1975-06-16,108.7458,159.93881,135.07918,7.31013,3.27493,3.7587
1975-06-17,108.0603,158.95023,134.24148,7.2646,3.25495,3.73569
1975-06-18,107.2368,157.75853,133.23226,7.22139,3.23601,3.71387
1975-06-19,106.725,157.02484,132.60991,7.19575,3.22493,3.70108
1975-06-20,108.0368,158.97361,134.25289,7.28364,3.26471,3.74665
1975-06-23,106.9304,157.36543,132.89198,7.22123,3.23716,3.71495
1975-06-24,106.1255,156.20031,131.90531,7.18454,3.22113,3.69647
1975-06-25,105.8049,155.74734,131.52012,7.14523,3.20391,3.67664
1975-06-26,104.7588,154.22689,130.23344,7.10077,3.18439,3.65416
1975-06-27,103.7536,152.76624,128.99731,7.05113,3.16254,3.629
1975-06-30,102.035,150.25541,126.87437,6.9775,3.12992,3.5915
1975-07-01,103.867,152.97121,129.16482,7.1194,3.19395,3.66489
1975-07-02,105.1224,154.83834,130.73867,7.24216,3.24941,3.72844
1975-07-03,103.5523,152.54545,128.79987,7.16997,3.21744,3.69168
1975-07-04,104.4434,153.87629,129.92089,7.23224,3.24577,3.72411
1975-07-07,103.9835,153.21745,129.36197,7.24034,3.24981,3.72867
1975-07-08,104.4537,153.92852,129.9597,7.24723,3.25332,3.73261
1975-07-09,105.7514,155.85923,131.58704,7.32282,3.28764,3.77191
1975-07-10,105.0241,154.80649,130.69553,7.33022,3.29138,3.77612
1975-07-11,104.6322,154.24762,130.22104,7.32206,3.28813,3.77231
1975-07-14,103.6567,152.82874,129.02046,7.29505,3.27642,3.75879
1975-07-15,104.4709,154.04735,130.04658,7.34647,3.29992,3.78567
1975-07-16,103.3646,152.43534,128.683,7.34034,3.29759,3.78291
1975-07-17,102.7803,151.5923,127.96869,7.29178,3.27619,3.75829
1975-07-18,101.4409,149.63599,126.31453,7.25121,3.25838,3.73778
1975-07-21,100.8578,148.79417,125.60133,7.24549,3.25622,3.73522
1975-07-22,101.1407,149.22928,125.96607,7.23152,3.25036,3.72841
1975-07-23,99.2164,146.40939,123.58305,7.17687,3.22621,3.70063
1975-07-24,98.6508,145.59268,122.89113,7.12071,3.20139,3.67208
1975-07-25,99.2991,146.56678,123.71084,7.15575,3.21753,3.69052
1975-07-28,99.7359,147.22896,124.26724,7.20733,3.24112,3.7175
1975-07-29,99.1695,146.41086,123.57418,7.23364,3.25336,3.73145
1975-07-30,98.8211,145.91425,123.15251,7.21242,3.24423,3.7209
1975-07-31,97.869,144.52661,121.97877,7.17931,3.22975,3.70421
1975-08-01,97.7552,144.37594,121.84914,7.16498,3.22371,3.69721
1975-08-04,97.2875,143.70279,121.27853,7.14501,3.21513,3.68729
1975-08-05,97.9798,144.74247,122.15349,7.15874,3.22172,3.69476
1975-08-06,98.0349,144.8412,122.23434,7.17411,3.22904,3.70307
1975-08-07,97.1082,143.49009,121.09156,7.15037,3.21876,3.69121
1975-08-08,96.663,142.84972,120.54868,7.12416,3.20737,3.67807
1975-08-11,96.6324,142.82164,120.52255,7.14168,3.21566,3.6875
1975-08-12,98.2193,145.18416,122.51361,7.24007,3.26035,3.73867
1975-08-13,98.4953,145.60945,122.87001,7.27201,3.27514,3.75555
1975-08-14,98.509,145.64716,122.89934,7.25169,3.26641,3.74545
1975-08-15,98.0168,144.9372,122.29776,NA,NA,NA
1975-08-18,98.7888,146.096,123.27303,7.26012,3.27102,3.75058
1975-08-19,98.8675,146.22987,123.3835,7.25316,3.2683,3.74738
1975-08-20,98.3228,145.44211,122.71629,7.17188,3.2321,3.70579
1975-08-21,97.7927,144.67575,122.06716,7.17851,3.2355,3.7096
1975-08-22,99.1585,146.7136,123.78397,7.26541,3.27506,3.75488
1975-08-25,98.919,146.37696,123.49743,7.28187,3.28289,3.76378
1975-08-26,99.3105,146.97372,123.99841,7.32297,3.30182,3.7854
1975-08-27,98.4433,145.70855,122.92844,7.24079,3.2652,3.74334
1975-08-28,98.9615,146.4929,123.58765,7.28256,3.28444,3.76531
1975-08-29,99.6714,147.56119,124.48637,7.3502,3.31534,3.80066
1975-09-01,99.2573,146.96606,123.98177,7.32766,3.3056,3.78941
1975-09-02,98.6259,146.04921,123.20576,7.28962,3.28886,3.77014
1975-09-03,98.859,146.41183,123.50916,7.26954,3.28022,3.76015
1975-09-04,99.7438,147.73965,124.62673,7.34813,3.31608,3.80118
1975-09-05,99.5064,147.40586,124.34263,7.3368,3.31139,3.79572
1975-09-08,98.8559,146.46033,123.54248,7.29496,3.29293,3.77448
1975-09-09,98.9466,146.61223,123.66811,7.28879,3.29056,3.77168
1975-09-10,98.2111,145.5405,122.76155,7.24555,3.27146,3.74971
1975-09-11,97.7297,144.84486,122.17227,7.2252,3.26269,3.73958
1975-09-12,97.4288,144.41643,121.80843,7.21632,3.25909,3.73537
1975-09-15,97.0528,143.87664,121.35065,7.20426,3.25406,3.72952
1975-09-16,97.3815,144.38107,121.77364,7.24458,3.27267,3.75077
1975-09-17,96.262,142.73941,120.38648,7.20769,3.25642,3.73207
1975-09-18,96.3797,142.93101,120.54564,7.24181,3.27224,3.75012
1975-09-19,97.0432,143.93198,121.38737,7.30791,3.30251,3.78473
1975-09-22,97.4531,144.55707,121.91209,7.37355,3.33258,3.81911
1975-09-23,95.6013,141.82894,119.60869,7.33132,3.31392,3.79764
1975-09-24,96.1375,142.64129,120.29133,7.32639,3.31211,3.79548
1975-09-25,96.6848,143.47031,120.988,7.36554,3.33022,3.81616
1975-09-26,96.0538,142.55159,120.21076,7.30796,3.30462,3.78673
1975-09-29,94.9849,140.98314,118.8856,7.2606,3.28362,3.7626
1975-09-30,94.5823,140.40272,118.39373,7.19476,3.25427,3.72888
1975-10-01,94.5378,140.35352,118.34984,7.13576,3.22801,3.69871
1975-10-02,94.6292,140.50601,118.47603,7.11819,3.22047,3.68999
1975-10-03,95.409,141.68058,119.46399,7.21267,3.2636,3.73934
1975-10-06,95.3082,141.54793,119.34973,7.19082,3.25413,3.7284
1975-10-07,96.1191,142.76908,120.37691,7.1829,3.25096,3.72469
1975-10-08,96.2479,142.97746,120.55017,7.20725,3.26238,3.73769
1975-10-09,97.3146,144.57908,121.89805,7.29334,3.30175,3.78272
1975-10-10,98.0265,145.65394,122.80179,7.29009,3.30069,3.78143
1975-10-13,98.2222,145.96212,123.05913,7.27447,3.29404,3.77372
1975-10-14,98.5558,146.47526,123.48926,7.34999,3.32864,3.81328
1975-10-15,98.1584,145.90244,123.00381,7.30485,3.30862,3.79027
1975-10-16,99.2846,147.5938,124.42715,7.36682,3.3371,3.8228
1975-10-17,98.9429,147.10373,124.01147,7.31674,3.31484,3.79723
1975-10-20,98.4686,146.4165,123.42958,7.25784,3.28858,3.76707
1975-10-21,99.3855,147.79729,124.59104,7.36435,3.33724,3.82272
1975-10-22,100.2342,149.07698,125.66723,7.3756,3.34276,3.82896
1975-10-23,101.0128,150.25271,126.65576,7.43414,3.3697,3.85974
1975-10-24,101.6558,151.22702,127.47446,7.48962,3.39526,3.88893
1975-10-27,101.2297,150.61153,126.95304,7.45073,3.37806,3.86915
1975-10-28,101.8825,151.6007,127.78423,7.54047,3.41916,3.91614
1975-10-29,101.6121,151.21667,127.45794,7.52871,3.41426,3.91044
1975-10-30,101.7471,151.43565,127.63994,7.48567,3.39518,3.88851
1975-10-31,101.9035,151.68653,127.84881,7.4884,3.39685,3.89033
1975-11-03,101.891,151.68612,127.84588,7.48811,3.39714,3.89058
1975-11-04,102.7817,153.03016,128.97604,7.57702,3.43789,3.93717
1975-11-05,103.3264,153.85936,129.67228,7.63062,3.46264,3.96542
1975-11-06,103.5565,154.22036,129.9739,7.6663,3.47926,3.98437
1975-11-07,104.2068,155.20716,130.8029,7.6853,3.48832,3.99466
1975-11-10,104.1795,155.18512,130.78168,7.69362,3.49253,3.9994
1975-11-11,104.5798,155.7999,131.29712,7.72903,3.50904,4.01822
1975-11-12,104.8282,156.18855,131.62199,7.76045,3.52374,4.03496
1975-11-13,104.9122,156.3324,131.74055,7.74513,3.51723,4.02742
1975-11-14,104.2306,155.33593,130.89812,7.76727,3.52772,4.03935
1975-11-17,104.656,155.98841,131.44529,7.82619,3.55492,4.0704
1975-11-18,104.9739,156.48083,131.85758,7.86469,3.57285,4.09084
1975-11-19,104.5717,155.90029,131.3657,7.82988,3.55749,4.07317
1975-11-20,104.4595,155.75176,131.23789,7.79557,3.54235,4.05575
1975-11-21,104.7189,156.15712,131.57679,7.81625,3.55219,4.06693
1975-11-24,104.4721,155.80795,131.27991,7.81976,3.55423,4.06918
1975-11-25,104.6685,156.11947,131.53973,7.82712,3.55803,4.07344
1975-11-26,104.6287,156.07884,131.50284,7.84954,3.56866,4.08553
1975-11-27,104.4956,155.89908,131.34872,7.85162,3.57006,4.08704
1975-11-28,104.2897,155.61069,131.10308,7.87049,3.57908,4.09728
1975-12-01,104.4066,155.80373,131.26307,7.87795,3.58293,4.10159
1975-12-02,104.951,156.63467,131.96045,7.89394,3.59065,4.11034
1975-12-03,104.8188,156.45622,131.80743,7.87254,3.58137,4.09963
1975-12-04,104.1656,155.50042,130.99951,7.82281,3.5592,4.07417
1975-12-05,104.72,156.34654,131.70965,7.87589,3.5838,4.10223
1975-12-08,103.8677,155.09341,130.65125,7.81514,3.55661,4.07103
1975-12-09,103.9911,155.29621,130.81945,7.83315,3.56525,4.08083
1975-12-10,103.7201,154.91029,130.49169,7.82212,3.56068,4.07552
1975-12-11,103.5908,154.73581,130.34208,7.805,3.55334,4.06702
1975-12-12,103.337,154.3754,130.03584,7.80194,3.5524,4.06585
1975-12-15,102.9627,153.83496,129.57796,7.78841,3.54668,4.05923
1975-12-16,103.3267,154.39714,130.04887,7.81729,3.56028,4.0747
1975-12-17,104.0355,155.47464,130.95378,7.85873,3.57959,4.09672
1975-12-18,104.8083,156.64803,131.93942,7.89064,3.59457,4.11378
1975-12-19,104.8536,156.7345,132.00958,7.90354,3.6009,4.12092
1975-12-22,104.4367,156.13037,131.49806,7.85459,3.57906,4.09584
1975-12-23,104.8551,156.77446,132.03787,7.88471,3.59323,4.11197
1975-12-24,105.0101,157.02495,132.24616,7.88623,3.59438,4.1132
1975-12-25,105.0101,157.04378,132.25934,NA,NA,NA
1975-12-26,105.1103,157.21242,132.39869,NA,NA,NA
1975-12-29,105.9033,158.4172,133.4106,7.97992,3.63843,4.16334
1975-12-30,106.1878,158.86167,133.78221,8.02062,3.65744,4.185
1975-12-31,106.2543,158.98018,133.8793,8.00774,3.65203,4.17872
1976-01-01,106.2543,158.99924,133.89265,NA,NA,NA
1976-01-02,107.2944,160.57457,135.21645,8.09238,3.69154,4.22375
1976-01-05,108.1575,161.88537,136.31746,8.13164,3.70991,4.24467
1976-01-06,109.0092,163.17941,137.40432,8.16911,3.72746,4.26467
1976-01-07,109.1336,163.38515,137.57478,8.17285,3.72964,4.26706
1976-01-08,108.8901,163.04032,137.28164,8.14767,3.71862,4.25437
1976-01-09,109.2704,163.62917,137.77467,8.20127,3.74354,4.28279
1976-01-12,109.3867,163.8229,137.935,8.1946,3.74097,4.27975
1976-01-13,108.99,163.24866,137.4487,8.20266,3.74512,4.28441
1976-01-14,108.473,162.49418,136.81064,8.15466,3.72369,4.2598
1976-01-15,109.4848,164.02921,138.10021,8.21737,3.75278,4.29298
1976-01-16,109.3117,163.78963,137.89571,8.21771,3.75341,4.29361
1976-01-19,109.0675,163.4435,137.6015,8.19585,3.7439,4.28264
1976-01-20,108.9199,163.24198,137.42906,8.19247,3.74282,4.28132
1976-01-21,107.8758,161.69749,136.12593,8.15583,3.72657,4.26263
1976-01-22,107.4781,161.12099,135.63783,8.19916,3.74682,4.28571
1976-01-23,108.7494,163.046,137.25554,8.26742,3.77848,4.32183
1976-01-26,109.4889,164.17412,138.20239,8.30711,3.79708,4.34302
1976-01-27,109.4503,164.13594,138.16746,8.30203,3.79524,4.34082
1976-01-28,109.4624,164.17376,138.19651,8.29793,3.79385,4.33913
1976-01-29,109.3715,164.05716,138.09556,8.31256,3.80101,4.34723
1976-01-30,110.6018,165.92215,139.66253,8.40534,3.8439,4.39618
1976-02-02,110.7171,166.11497,139.82201,8.41483,3.84872,4.4016
1976-02-03,110.5131,165.82892,139.5784,8.38844,3.83714,4.38826
1976-02-04,111.1448,166.79654,140.39,8.42401,3.85389,4.40733
1976-02-05,111.3269,167.08975,140.63395,8.41893,3.85205,4.40513
1976-02-06,110.6459,166.08813,139.78803,8.38186,3.83558,4.3862
1976-02-09,109.7487,164.76191,138.66892,8.29458,3.79614,4.341
1976-02-10,108.3264,162.64751,136.88644,8.20827,3.75713,4.2963
1976-02-11,108.9992,163.67704,137.75011,8.23156,3.76826,4.30893
1976-02-12,108.9181,163.57492,137.66138,8.2318,3.76885,4.30951
1976-02-13,108.8937,163.5579,137.64427,8.23917,3.7727,4.31382
1976-02-16,108.2494,162.6102,136.8439,8.19325,3.75215,4.29023
1976-02-17,108.5164,163.03069,137.19499,8.25042,3.7788,4.32061
1976-02-18,108.4185,162.9032,137.08493,8.22092,3.76576,4.30562
1976-02-19,108.5534,163.12538,137.26912,8.22547,3.76832,4.30845
1976-02-20,108.1526,162.54288,136.77616,8.21281,3.763,4.30227
1976-02-23,108.9382,163.7429,137.78313,8.2911,3.79933,4.34372
1976-02-24,109.2402,164.21636,138.17874,8.32997,3.81761,4.36452
1976-02-25,109.2485,164.24852,138.20301,8.31112,3.80946,4.35511
1976-02-26,109.0912,164.03181,138.01786,8.29197,3.80116,4.34553
1976-02-27,108.1575,162.64821,136.85083,8.22171,3.76945,4.30918
1976-03-01,107.8153,162.15331,136.43164,8.2028,3.76125,4.29972
1976-03-02,108.0173,162.47648,136.70079,8.25319,3.78483,4.32657
1976-03-03,108.037,162.52559,136.73934,8.2547,3.78599,4.32781
1976-03-04,108.2637,162.88603,137.03982,8.28716,3.80135,4.34528
1976-03-05,107.1291,161.19937,135.61793,8.24052,3.78045,4.32129
1976-03-08,106.6499,160.49793,135.02504,8.21733,3.77029,4.30958
1976-03-09,106.537,160.34733,134.8956,8.22595,3.77472,4.31455
1976-03-10,107.0812,161.18548,135.59797,8.27015,3.79547,4.33818
1976-03-11,106.9465,161.00212,135.44097,8.31384,3.81599,4.36154
1976-03-12,107.3549,161.63612,135.97157,8.33084,3.82427,4.37091
1976-03-15,105.8829,159.44037,134.12157,8.29576,3.80865,4.35297
1976-03-16,105.0133,158.15064,133.03387,8.26375,3.79444,4.33663
1976-03-17,104.9058,158.00776,132.91099,8.28051,3.80261,4.34588
1976-03-18,105.1537,158.40001,133.23824,8.24378,3.78623,4.32706
1976-03-19,104.4159,157.30811,132.31704,8.16844,3.75212,4.28798
1976-03-22,104.4114,157.32019,132.32453,8.18558,3.76046,4.29742
1976-03-23,105.2752,158.64042,133.43227,8.2364,3.78427,4.32454
1976-03-24,106.059,159.84041,134.43884,8.27855,3.80411,4.34712
1976-03-25,105.7017,159.3213,133.99949,8.247,3.79009,4.33101
1976-03-26,105.6468,159.25768,133.94327,8.25812,3.79568,4.3373
1976-03-29,105.2642,158.70025,133.47172,8.24876,3.79186,4.33284
1976-03-30,105.068,158.42359,133.23633,8.21214,3.77551,4.31406
1976-03-31,105.0039,158.34596,133.16835,8.18819,3.76497,4.30193
1976-04-01,104.4421,157.51812,132.46941,8.15596,3.75064,4.28546
1976-04-02,103.3146,155.83737,131.05316,8.10104,3.72586,4.25706
1976-04-05,103.6851,156.4148,131.53609,8.13881,3.7437,4.27735
1976-04-06,103.7976,156.60322,131.69189,8.14837,3.74856,4.28281
1976-04-07,103.9649,156.87434,131.91722,8.17173,3.75978,4.29553
1976-04-08,102.7709,155.09242,130.416,8.08005,3.71809,4.24781
1976-04-09,102.2651,154.34803,129.78738,8.06048,3.70955,4.23797
1976-04-12,101.4244,153.09827,128.73381,8.03459,3.69811,4.2248
1976-04-13,101.9815,153.95742,129.4536,8.06708,3.71352,4.24232
1976-04-14,102.8307,155.25773,130.54429,8.09635,3.72746,4.25815
1976-04-15,103.2084,155.8465,131.03669,8.11808,3.73793,4.27002
1976-04-16,103.2084,155.86519,131.04976,NA,NA,NA
1976-04-19,103.2057,155.8798,131.05939,NA,NA,NA
1976-04-20,104.2566,157.48561,132.40679,8.20714,3.78034,4.31819
1976-04-21,104.4548,157.80381,132.67164,8.23455,3.79344,4.33306
1976-04-22,103.0372,155.68221,130.88512,8.155,3.75729,4.29167
1976-04-23,102.4862,154.86871,130.19851,8.10482,3.73465,4.26572
1976-04-26,102.2218,154.48789,129.87571,8.0963,3.73119,4.26168
1976-04-27,103.1468,155.90422,131.06372,8.15853,3.76033,4.29487
1976-04-28,102.8,155.39894,130.63627,8.13037,3.74783,4.2805
1976-04-29,103.3645,156.27077,131.36651,8.14787,3.75637,4.29016
1976-04-30,103.4712,156.45077,131.51517,8.16801,3.76612,4.3012
1976-05-03,103.6094,156.67844,131.70389,8.17818,3.77128,4.30701
1976-05-04,103.4239,156.41681,131.4813,8.19003,3.77722,4.3137
1976-05-05,104.3144,157.7822,132.62631,8.26726,3.8133,4.35481
1976-05-06,103.807,157.03396,131.99465,8.19672,3.78126,4.31812
1976-05-07,103.4002,156.43765,131.49074,8.15141,3.76084,4.29471
1976-05-10,103.6405,156.81988,131.80935,8.13095,3.75188,4.28439
1976-05-11,103.8737,157.19146,132.119,8.17114,3.77089,4.306
1976-05-12,103.1284,156.08296,131.18459,8.12707,3.75103,4.28323
1976-05-13,102.2254,154.73566,130.04948,8.06169,3.72134,4.24924
1976-05-14,101.7541,154.04111,129.46308,8.0433,3.71332,4.23999
1976-05-17,101.158,153.15757,128.71786,8.04177,3.71308,4.23963
1976-05-18,101.1752,153.20197,128.75257,8.06211,3.72294,4.25079
1976-05-19,101.5646,153.80986,129.26083,8.07483,3.72928,4.25794
1976-05-20,101.6537,153.9632,129.38708,8.05494,3.72056,4.2479
1976-05-21,100.3596,152.02263,127.75354,8.00801,3.69937,4.2236
1976-05-24,99.8568,151.27955,127.12648,7.96139,3.6783,4.19946
1976-05-25,99.6522,150.98784,126.87876,7.92493,3.66193,4.18068
1976-05-26,99.2283,150.36394,126.35189,7.91128,3.65608,4.17391
1976-05-27,98.603,149.43485,125.56857,NA,NA,NA
1976-05-28,98.2605,148.9339,125.14508,7.85336,3.63025,4.14424
1976-05-31,98.4329,149.213,125.37707,7.88939,3.64735,4.16368
1976-06-01,98.1564,148.81191,125.0375,7.87801,3.64255,4.15811
1976-06-02,97.7392,148.19751,124.5187,7.86177,3.6355,4.14997
1976-06-03,96.5555,146.4214,123.02375,7.77225,3.59458,4.10317
1976-06-04,97.1775,147.38204,123.82837,7.80444,3.60991,4.12058
1976-06-07,97.1661,147.38243,123.8262,NA,NA,NA
1976-06-08,98.069,148.76949,124.989,7.82666,3.6211,4.13317
1976-06-09,97.4319,147.82129,124.1898,7.77299,3.59673,4.10527
1976-06-10,96.9699,147.13837,123.61351,7.75798,3.59024,4.09777
1976-06-11,97.3617,147.7504,124.12518,7.78223,3.60192,4.11101
1976-06-14,97.9741,148.69732,124.91815,7.82122,3.62041,4.13203
1976-06-15,97.9729,148.71333,124.92907,7.82824,3.62411,4.13617
1976-06-16,98.8615,150.07983,126.07444,7.88132,3.64913,4.16463
1976-06-17,98.2216,149.12684,125.27129,7.84027,3.63059,4.14338
1976-06-18,99.1213,150.51057,126.43107,7.92,3.66796,4.18594
1976-06-21,98.8818,150.16508,126.13829,7.91022,3.66389,4.1812
1976-06-22,98.704,149.91317,125.92413,7.89096,3.65543,4.17147
1976-06-23,97.9694,148.81593,124.99987,7.8301,3.62771,4.13974
1976-06-24,97.5938,148.26347,124.53328,7.78591,3.6077,4.11682
1976-06-25,97.51,148.15398,124.43879,7.78913,3.60965,4.11895
1976-06-28,97.3278,147.89501,124.21875,7.76751,3.60009,4.10795
1976-06-29,97.4627,148.11768,124.40326,7.77121,3.60226,4.11034
1976-06-30,97.9606,148.89199,125.05106,7.81304,3.62209,4.13288
1976-07-01,98.0818,149.094,125.21821,7.80995,3.62111,4.13168
1976-07-02,98.5448,149.81556,125.82166,7.85037,3.64031,4.15349
1976-07-05,98.695,150.06181,126.02593,7.8602,3.64532,4.15912
1976-07-06,98.8574,150.32666,126.24581,7.87028,3.65045,4.16488
1976-07-07,98.4818,149.77376,125.77891,7.84464,3.63902,4.15176
1976-07-08,98.1919,149.351,125.42132,7.82581,3.63075,4.14223
1976-07-09,97.8327,148.82278,124.97518,7.81348,3.62549,4.13614
1976-07-12,97.6831,148.61313,124.79659,7.80863,3.6237,4.134
1976-07-13,97.8935,148.95097,125.07776,7.82261,3.63064,4.14183
1976-07-14,97.925,149.01675,125.13047,7.82299,3.63127,4.14246
1976-07-15,98.2469,149.52436,125.55418,7.85585,3.64698,4.16029
1976-07-16,97.9423,149.07889,125.17756,7.87378,3.65576,4.17022
1976-07-19,97.6768,148.69279,124.85083,7.86395,3.65165,4.16545
1976-07-20,97.728,148.78854,124.9287,7.85655,3.64868,4.16197
1976-07-21,97.6316,148.65967,124.81796,7.85096,3.64654,4.15944
1976-07-22,97.8488,149.00813,125.10802,7.86482,3.65344,4.16722
1976-07-23,97.2765,148.15486,124.38903,7.82813,3.63686,4.14822
1976-07-26,96.6434,147.20883,123.5922,7.78146,3.61565,4.12393
1976-07-27,96.3775,146.82161,123.26459,7.75295,3.60286,4.10925
1976-07-28,96.5174,147.05228,123.45576,7.74152,3.598,4.10363
1976-07-29,96.2519,146.66555,123.12858,7.70685,3.58235,4.08569
1976-07-30,95.9197,146.17714,122.71604,7.65791,3.56006,4.06018
1976-08-02,95.7512,145.93797,122.51277,7.62368,3.5446,4.04246
1976-08-03,95.9256,146.22121,122.74807,7.64727,3.55601,4.05538
1976-08-04,96.3871,146.94209,123.35073,7.68964,3.57615,4.07827
1976-08-05,96.588,147.26591,123.62006,7.70637,3.58438,4.08756
1976-08-06,95.9179,146.26234,122.77508,7.67941,3.5723,4.07369
1976-08-09,95.6019,145.79821,122.38298,7.63879,3.55386,4.05258
1976-08-10,95.8604,146.20983,122.72601,7.66572,3.56683,4.06729
1976-08-11,96.4987,147.20078,123.55529,7.71958,3.59233,4.09628
1976-08-12,96.4619,147.16231,123.5205,7.71452,3.59043,4.09402
1976-08-13,96.5855,147.36847,123.69104,7.72511,3.59581,4.10007
1976-08-16,96.471,147.2115,123.55679,7.7251,3.59626,4.10049
1976-08-17,96.5297,147.3187,123.64426,7.68427,3.57771,4.07925
1976-08-18,96.6119,147.46178,123.76185,7.69011,3.58088,4.08278
1976-08-19,96.1277,146.74072,123.15415,7.65921,3.56694,4.0668
1976-08-20,95.3027,145.49954,122.10991,7.60037,3.54,4.036
1976-08-23,94.5207,144.32366,121.12053,7.5428,3.51364,4.00586
1976-08-24,94.037,143.60272,120.51302,7.49059,3.48977,3.97856
1976-08-25,93.1341,142.2418,119.36841,7.42877,3.46142,3.94615
1976-08-26,93.8703,143.3831,120.32373,7.47324,3.48257,3.97018
1976-08-27,93.5401,142.89612,119.91262,7.43886,3.467,3.95234
1976-08-30,93.5885,142.98718,119.9866,7.44541,3.47048,3.95623
1976-08-31,93.6466,143.09306,120.07303,7.45543,3.47559,3.96196
1976-09-01,93.5734,142.99841,119.99117,7.43747,3.46766,3.95284
1976-09-02,93.9624,143.60991,120.50184,7.47312,3.48471,3.97219
1976-09-03,93.5951,143.06598,120.04298,7.44728,3.47311,3.95888
1976-09-06,93.4254,142.82383,119.83737,7.43109,3.46599,3.95068
1976-09-07,94.0372,143.7761,120.63393,7.47637,3.48754,3.97516
1976-09-08,93.7892,143.41431,120.32792,7.45935,3.48005,3.96653
1976-09-09,92.867,142.02205,119.15727,7.38133,3.4441,3.92547
1976-09-10,92.5371,141.53476,118.746,7.3591,3.43416,3.91406
1976-09-13,91.8034,140.43007,117.81672,7.30273,3.4083,3.8845
1976-09-14,91.7063,140.29842,117.70389,7.29171,3.40359,3.87905
1976-09-15,91.8167,140.4841,117.85728,7.27218,3.39491,3.86907
1976-09-16,92.0202,140.81223,118.13018,7.28042,3.39918,3.87386
1976-09-17,92.5897,141.70045,118.87291,7.31691,3.41664,3.89367
1976-09-20,93.1631,142.59485,119.62079,7.3662,3.44007,3.92029
1976-09-21,93.4996,143.12688,120.06469,7.41082,3.46134,3.94444
1976-09-22,94.5267,144.71619,121.3954,7.46193,3.48564,3.97205
1976-09-23,94.0144,143.94956,120.74983,7.43619,3.47406,3.95876
1976-09-24,93.5035,143.1849,120.10593,7.40779,3.46123,3.94406
1976-09-27,93.0045,142.43826,119.47718,7.37424,3.446,3.92662
1976-09-28,92.1913,141.2105,118.44485,7.33824,3.42961,3.90787
1976-09-29,91.3731,139.97479,117.4059,7.2534,3.39041,3.86311
1976-09-30,90.8797,139.23605,116.78387,7.17275,3.35315,3.82058
1976-10-01,90.9958,139.43058,116.94466,7.22933,3.38001,3.8511
1976-10-04,90.3048,138.38898,116.06863,7.14277,3.33999,3.80541
1976-10-05,89.9602,137.8777,115.63744,7.10209,3.32139,3.78414
1976-10-06,88.4482,135.57806,113.70626,6.97958,3.26454,3.71929
1976-10-07,87.9086,134.76755,113.02418,6.93264,3.243,3.69467
1976-10-08,87.2615,133.79213,112.2038,6.89461,3.22563,3.6748
1976-10-11,85.9587,131.81171,110.54054,6.79901,3.18133,3.62425
1976-10-12,85.1971,130.66022,109.57257,6.74485,3.15639,3.59576
1976-10-13,85.055,130.45803,109.4008,6.73724,3.15323,3.59209
1976-10-14,85.312,130.86778,109.74219,6.75394,3.16144,3.60136
1976-10-15,84.8461,130.16909,109.15404,6.73344,3.15225,3.59081
1976-10-18,85.479,131.15555,109.979,6.81755,3.192,3.63602
1976-10-19,86.1096,132.13872,110.80117,6.8585,3.21157,3.65823
1976-10-20,86.336,132.5019,111.10346,6.84241,3.20445,3.65004
1976-10-21,86.2403,132.37097,110.99142,6.83606,3.20188,3.64703
1976-10-22,85.2315,130.83921,109.70473,6.76281,3.16798,3.60835
1976-10-25,83.5768,128.31605,107.58677,6.62912,3.10578,3.53742
1976-10-26,83.1632,127.6967,107.06527,6.60406,3.09444,3.52443
1976-10-27,83.1647,127.71432,107.07788,6.60418,3.09488,3.52486
1976-10-28,83.1353,127.6845,107.05071,6.59529,3.09111,3.52048
1976-10-29,83.9297,128.91978,108.08415,6.64631,3.1154,3.54807
1976-11-01,84.4586,129.74753,108.77592,6.68819,3.13541,3.57079
1976-11-02,84.9675,130.54475,109.44206,6.74186,3.16096,3.59981
1976-11-03,84.9113,130.47409,109.3806,6.72283,3.15244,3.59002
1976-11-04,86.2889,132.60651,111.16593,6.84547,3.21032,3.65587
1976-11-05,87.4631,134.42682,112.68957,6.93737,3.25381,3.70531
1976-11-08,86.0724,132.30659,110.90979,6.8209,3.19961,3.64351
1976-11-09,85.8013,131.9059,110.57163,6.80556,3.19282,3.6357
1976-11-10,86.6449,133.21849,111.66964,6.86565,3.22141,3.66817
1976-11-11,86.3949,132.85023,111.35868,NA,NA,NA
1976-11-12,87.113,133.97026,112.29522,6.90212,3.23933,3.68842
1976-11-15,87.4599,134.51972,112.7535,6.92648,3.25116,3.70182
1976-11-16,87.5366,134.65378,112.8636,6.93443,3.2553,3.70645
1976-11-17,87.5298,134.65947,112.86608,6.92765,3.25253,3.70321
1976-11-18,88.2222,135.74071,113.77001,6.98182,3.27836,3.73255
1976-11-19,88.4303,136.0771,114.04964,6.98445,3.28001,3.73434
1976-11-22,87.6728,134.92832,113.08446,6.90227,3.24185,3.69081
1976-11-23,87.6871,134.9665,113.11417,6.90093,3.24162,3.69048
1976-11-24,87.6954,134.99546,113.13615,6.90715,3.24495,3.69419
1976-11-25,87.7589,135.10937,113.22933,6.9196,3.2512,3.70123
1976-11-26,88.0668,135.5995,113.63779,6.94699,3.26448,3.71626
1976-11-29,88.4489,136.20398,114.14206,6.97713,3.27905,3.73277
1976-11-30,87.3975,134.60206,112.79721,6.89791,3.24225,3.69079
1976-12-01,87.5127,134.79557,112.95709,6.90576,3.24634,3.69537
1976-12-02,87.945,135.47749,113.52623,6.94112,3.26337,3.71468
1976-12-03,88.6008,136.50385,114.38396,6.98472,3.28427,3.73839
1976-12-06,89.1935,137.43324,115.1604,7.01822,3.30043,3.7567
1976-12-07,90.0382,138.75114,116.26234,7.08278,3.3312,3.79164
1976-12-08,90.6173,139.66005,117.02156,7.1226,3.35033,3.81334
1976-12-09,90.798,139.95523,117.26651,7.13552,3.35683,3.82066
1976-12-10,90.732,139.87031,117.19299,7.12587,3.35272,3.81589
1976-12-13,91.2887,140.74514,117.92359,7.16511,3.37159,3.83729
1976-12-14,90.4062,139.40208,116.79585,7.09648,3.33974,3.80095
1976-12-15,90.2966,139.24986,116.66594,7.08281,3.33373,3.79403
1976-12-16,90.0867,138.94298,116.40647,7.07963,3.33265,3.79272
1976-12-17,91.0166,140.39372,117.61948,7.13419,3.35874,3.82234
1976-12-20,91.6135,141.33115,118.40243,7.15671,3.36977,3.8348
1976-12-21,91.7238,141.51821,118.55675,7.13298,3.35902,3.82249
1976-12-22,92.4459,142.64915,119.50175,7.20316,3.39248,3.86048
1976-12-23,92.6012,142.90583,119.71437,7.21526,3.3986,3.86737
1976-12-24,92.714,143.097,119.87209,7.22533,3.40377,3.87317
1976-12-27,92.8777,143.36675,120.09563,7.23938,3.41081,3.8811
1976-12-28,93.5766,144.46263,121.01117,7.26741,3.42445,3.89653
1976-12-29,93.9268,145.02048,121.476,7.30042,3.44043,3.91462
1976-12-30,94.4839,145.89788,122.20847,7.34307,3.46095,3.93789
1976-12-31,94.7261,146.28928,122.53385,7.36189,3.47026,3.9484
1977-01-03,95.3431,147.25954,123.34404,7.38046,3.47944,3.95876
1977-01-04,96.535,149.11801,124.8981,7.45302,3.51408,3.99808
1977-01-05,96.2031,148.6234,124.48128,7.43982,3.5083,3.99142
1977-01-06,96.6282,149.29783,125.04363,7.48588,3.53045,4.01654
1977-01-07,95.9835,148.32007,124.22214,7.45302,3.5154,3.99933
1977-01-10,96.0485,148.43827,124.31862,7.50717,3.54138,4.0288
1977-01-11,95.3627,147.39668,123.44371,7.45158,3.51561,3.9994
1977-01-12,94.7545,146.47471,122.66903,7.39879,3.49116,3.97149
1977-01-13,95.1266,147.06737,123.16288,7.45103,3.51624,3.99994
1977-01-14,94.8358,146.63559,122.79878,7.44618,3.51439,3.99775
1977-01-17,95.0201,146.93807,123.0496,7.47067,3.52639,4.01131
1977-01-18,95.2621,147.32983,123.37518,7.47564,3.52918,4.0144
1977-01-19,95.4281,147.60416,123.60241,7.50947,3.54558,4.03298
1977-01-20,95.8565,148.28437,124.16949,7.53575,3.55844,4.04751
1977-01-21,95.4497,147.67311,123.65511,7.4984,3.54126,4.02788
1977-01-24,95.0535,147.07809,123.15434,7.46127,3.52417,4.00836
1977-01-25,94.5317,146.28868,122.49082,7.48317,3.53496,4.02054
1977-01-26,94.9509,146.95481,123.0461,7.50756,3.54692,4.03406
1977-01-27,95.4076,147.67914,123.65007,7.52876,3.55738,4.04587
1977-01-28,95.7579,148.23896,124.11629,7.54827,3.56704,4.05677
1977-01-31,95.1108,147.25543,123.29026,7.50399,3.54657,4.0334
1977-02-01,95.8515,148.41974,124.26254,7.53334,3.56088,4.04959
1977-02-02,96.4101,149.30235,124.99897,7.60855,3.59687,4.09043
1977-02-03,96.419,149.33403,125.02296,7.60584,3.59604,4.0894
1977-02-04,96.1435,148.9254,124.67832,7.57798,3.58333,4.07486
1977-02-07,95.9146,148.58883,124.39401,7.56877,3.57943,4.07033
1977-02-08,95.2654,147.60137,123.56478,7.49801,3.54642,4.03271
1977-02-09,94.9249,147.09171,123.1356,7.46586,3.53167,4.01585
1977-02-10,95.0082,147.2384,123.2559,7.46439,3.53142,4.01548
1977-02-11,94.2132,146.02459,122.23725,7.4059,3.50421,3.98445
1977-02-14,93.4751,144.89862,121.29217,7.33541,3.4713,3.94695
1977-02-15,93.8937,145.56476,121.84732,7.37419,3.49009,3.96822
1977-02-16,94.4651,146.46792,122.60084,7.41575,3.51019,3.99099
1977-02-17,94.8076,147.01642,123.05747,7.44863,3.52619,4.0091
1977-02-18,95.3203,147.82895,123.73508,7.49092,3.54664,4.03227
1977-02-21,94.8395,147.10134,123.12352,7.4478,3.52669,4.00949
1977-02-22,95.1079,147.53518,123.48416,7.46488,3.53521,4.0191
1977-02-23,95.3967,148.00077,123.87134,7.49759,3.55114,4.03713
1977-02-24,95.4826,148.15175,123.9952,7.51106,3.55797,4.0448
1977-02-25,95.1037,147.58185,123.51569,7.46521,3.53671,4.02054
1977-02-28,95.7088,148.5384,124.31373,7.51204,3.55933,4.04617
1977-03-01,96.4177,149.65626,125.24674,7.55485,3.58006,4.06964
1977-03-02,96.1543,149.26552,124.91718,7.53489,3.57105,4.05932
1977-03-03,96.5806,149.94506,125.48334,7.56897,3.58764,4.07809
1977-03-04,96.5043,149.84462,125.39674,7.56096,3.5843,4.07421
1977-03-07,96.3112,149.56287,125.15841,7.55122,3.58014,4.06939
1977-03-08,96.114,149.27468,124.91471,7.53778,3.57422,4.06257
1977-03-09,96.0354,149.17054,124.82504,7.53835,3.57494,4.0633
1977-03-10,96.2578,149.5338,125.12648,7.5558,3.58366,4.07313
1977-03-11,96.0339,149.20403,124.848,7.53688,3.57514,4.06336
1977-03-14,96.8819,150.53928,125.96271,7.60072,3.60586,4.09819
1977-03-15,97.142,150.9614,126.31336,7.62249,3.61664,4.11035
1977-03-16,97.3203,151.25651,126.55773,7.63716,3.62405,4.11868
1977-03-17,97.8195,152.05038,127.21939,7.67017,3.64017,4.13691
1977-03-18,97.4212,151.44974,126.71425,7.63485,3.62387,4.1183
1977-03-21,96.5198,150.06728,125.55494,7.56488,3.59113,4.081
1977-03-22,96.5074,150.066,125.55133,7.56323,3.5908,4.08054
1977-03-23,97.1122,151.02429,126.35051,7.60724,3.61214,4.1047
1977-03-24,96.4756,150.05284,125.53517,7.55669,3.5886,4.07787
1977-03-25,96.0412,149.39546,124.98264,7.52871,3.57577,4.0632
1977-03-28,95.52,148.60298,124.3171,7.48318,3.5546,4.03906
1977-03-29,96.2282,149.72242,125.25104,7.53194,3.5782,4.06579
1977-03-30,96.6628,150.41644,125.82908,7.57068,3.59705,4.08712
1977-03-31,96.1525,149.64074,125.1776,7.52602,3.57629,4.06344
1977-04-01,95.848,149.18498,124.7938,7.50352,3.56606,4.05172
1977-04-04,95.5628,148.75913,124.43504,7.48653,3.55843,4.04298
1977-04-05,94.7765,147.55354,123.424,7.42493,3.52961,4.01014
1977-04-06,95.0782,148.04083,123.82911,7.44525,3.53971,4.02153
1977-04-07,95.0503,148.01516,123.80512,7.44306,3.53912,4.02077
1977-04-08,95.0503,148.03291,123.81746,NA,NA,NA
1977-04-11,95.047,148.04552,123.82551,NA,NA,NA
1977-04-12,95.8262,149.27681,124.85282,7.4878,3.56173,4.04619
1977-04-13,96.8501,150.8896,126.19913,7.55102,3.59223,4.08076
1977-04-14,97.3588,151.7001,126.87443,7.5927,3.61251,4.10371
1977-04-15,97.4094,151.79711,126.953,7.59597,3.61452,4.1059
1977-04-18,97.5382,152.01598,127.13347,7.59725,3.61558,4.10702
1977-04-19,97.4558,151.90582,127.03878,7.5942,3.61459,4.1058
1977-04-20,97.8834,152.59042,127.60872,7.637,3.63541,4.12936
1977-04-21,98.8436,154.10543,128.87305,7.70644,3.66891,4.16733
1977-04-22,99.3601,154.92904,129.55918,7.7529,3.69148,4.19288
1977-04-25,98.7611,154.01402,128.79134,7.69454,3.66417,4.16177
1977-04-26,98.3572,153.40288,128.27766,7.66852,3.65224,4.14813
1977-04-27,98.6385,153.8599,128.65723,7.68431,3.66022,4.1571
1977-04-28,99.0183,154.47066,129.16533,7.6982,3.66729,4.16505
1977-04-29,99.4227,155.11993,129.70562,7.73032,3.68305,4.18285
1977-05-02,99.5486,155.33491,129.88275,7.7319,3.68427,4.18414
1977-05-03,99.4018,155.12455,129.70422,7.72459,3.68125,4.18063
1977-05-04,99.6481,155.52743,130.03846,7.73757,3.6879,4.18809
1977-05-05,99.4102,155.17491,129.74107,7.7116,3.67599,4.17447
1977-05-06,99.8855,155.9353,130.37419,7.74779,3.6937,4.19449
1977-05-09,99.8529,155.90312,130.34465,7.76721,3.70341,4.20544
1977-05-10,99.9144,156.01781,130.4379,7.76855,3.70452,4.2066
1977-05-11,99.6209,155.57839,130.06787,7.76498,3.70328,4.20511
1977-05-12,100.0836,156.31951,130.68483,7.80173,3.72127,4.22545
1977-05-13,100.0922,156.35169,130.70908,7.78582,3.71416,4.21727
1977-05-16,99.6418,155.66716,130.13416,7.75353,3.69923,4.20023
1977-05-17,99.6442,155.68958,130.15026,7.75166,3.6988,4.19965
1977-05-18,100.6605,157.29603,131.49049,7.81895,3.73136,4.23653
1977-05-19,100.2254,156.63527,130.93544,NA,NA,NA
1977-05-20,99.5157,155.54541,130.02171,NA,NA,NA
1977-05-23,98.9309,154.6504,129.27089,7.69549,3.67386,4.17098
1977-05-24,99.5481,155.63362,130.09011,7.75105,3.70084,4.20152
1977-05-25,99.6144,155.75591,130.1897,7.74248,3.69722,4.19731
1977-05-26,99.2828,155.2563,129.76945,7.72013,3.68701,4.18564
1977-05-27,99.0568,154.92163,129.48708,7.70187,3.67876,4.17618
1977-05-30,98.7785,154.50511,129.13632,NA,NA,NA
1977-05-31,98.4572,154.02127,128.7293,7.65322,3.65645,4.15068
1977-06-01,98.2869,153.77342,128.51954,7.64539,3.65318,4.14687
1977-06-02,98.3816,153.93998,128.65615,7.64058,3.65134,4.14469
1977-06-03,98.4668,154.09172,128.78036,7.65058,3.65657,4.15055
1977-06-06,98.5634,154.26133,128.9195,7.65876,3.66094,4.15542
1977-06-07,98.0905,153.54,128.31403,7.63079,3.64804,4.14068
1977-06-08,97.7769,153.06772,127.91674,7.60438,3.63587,4.12678
1977-06-09,97.2662,152.28693,127.26162,7.56332,3.61671,4.10494
1977-06-10,97.4122,152.53372,127.46528,7.57735,3.62387,4.11299
1977-06-13,97.2135,152.24098,127.21807,7.55788,3.61502,4.10285
1977-06-14,98.0683,153.59775,128.34921,7.62636,3.64822,4.14044
1977-06-15,98.344,154.04788,128.72275,7.64848,3.65925,4.15288
1977-06-16,98.0653,153.62995,128.37091,7.62546,3.6487,4.14081
1977-06-17,98.1016,153.70523,128.43121,7.63233,3.65245,4.14498
1977-06-20,97.9844,153.54009,128.29063,7.62794,3.65081,4.14303
1977-06-21,97.6414,153.02124,127.85449,7.60461,3.64011,4.13079
1977-06-22,97.8669,153.3929,128.16244,7.61475,3.64542,4.13673
1977-06-23,97.9349,153.51784,128.26424,7.62004,3.64841,4.14003
1977-06-24,98.2841,154.08353,128.73426,7.64653,3.66155,4.15485
1977-06-27,99.3019,155.69751,130.08004,7.71751,3.69599,4.19384
1977-06-28,99.3997,155.86948,130.22109,7.73264,3.70369,4.2025
1977-06-29,99.1572,155.50804,129.91648,7.68858,3.68307,4.179
1977-06-30,99.4038,155.91334,130.25245,7.70023,3.6891,4.18576
1977-07-01,99.2804,155.73855,130.10379,7.69202,3.68564,4.18174
1977-07-04,99.719,156.44512,130.69141,7.69952,3.6897,4.18625
1977-07-05,100.2228,157.25413,131.36458,7.71063,3.69548,4.19273
1977-07-06,99.3757,155.94447,130.26782,7.65753,3.67051,4.1643
1977-07-07,99.0702,155.48395,129.88047,7.61728,3.65169,4.14286
1977-07-08,99.2486,155.78251,130.12724,7.63501,3.66064,4.15293
1977-07-11,99.1431,155.63565,130.00193,7.58571,3.63747,4.12656
1977-07-12,98.086,153.9957,128.62936,7.51137,3.6023,4.08656
1977-07-13,98.5579,154.75491,129.2609,7.53437,3.61378,4.0995
1977-07-14,98.4938,154.67285,129.18974,7.53668,3.61534,4.10118
1977-07-15,98.7612,155.11123,129.55327,7.55978,3.62687,4.11418
1977-07-18,98.4119,154.58144,129.10814,7.51994,3.60822,4.09293
1977-07-19,98.1376,154.16928,128.76128,7.46262,3.58119,4.06217
1977-07-20,98.3039,154.44895,128.99225,7.46493,3.58274,4.06385
1977-07-21,97.7958,153.66951,128.33864,NA,NA,NA
1977-07-22,97.8563,153.78297,128.43081,NA,NA,NA
1977-07-25,98.2084,154.35463,128.90562,7.43646,3.57044,4.04963
1977-07-26,97.8751,153.84949,128.48114,7.4042,3.5554,4.03249
1977-07-27,97.9555,153.99429,128.59946,7.42435,3.56552,4.04388
1977-07-28,97.8478,153.8435,128.47093,7.42388,3.56574,4.04405
1977-07-29,97.6115,153.49055,128.17359,7.45294,3.58015,4.0603
1977-08-01,97.9329,154.01424,128.6083,7.50553,3.60585,4.08936
1977-08-02,98.6652,155.18421,129.58263,7.5406,3.62315,4.10889
1977-08-03,99.1566,155.97557,130.2408,7.55777,3.63185,4.11867
1977-08-04,99.6233,156.72827,130.86666,7.6039,3.65447,4.14423
1977-08-05,100.6184,158.31242,132.1867,7.68654,3.69463,4.18968
1977-08-08,100.6432,158.37041,132.23245,7.71056,3.70663,4.20321
1977-08-09,101.0072,158.96207,132.72377,7.75129,3.72667,4.22584
1977-08-10,100.8305,158.70314,132.50489,7.74653,3.72486,4.22369
1977-08-11,101.2436,159.37225,133.06085,7.77759,3.74025,4.24106
1977-08-12,100.8625,158.79169,132.57343,7.77346,3.73874,4.23925
1977-08-15,100.8502,158.79137,132.57048,NA,NA,NA
1977-08-16,100.9127,158.90879,132.66583,7.80678,3.75571,4.2583
1977-08-17,101.4006,159.69601,133.32034,7.81425,3.75977,4.26282
1977-08-18,101.8982,160.49869,133.98774,7.87401,3.78898,4.29585
1977-08-19,101.4472,159.80786,133.40829,7.81578,3.76145,4.26455
1977-08-22,101.2465,159.51098,133.15774,7.78325,3.74628,4.24725
1977-08-23,101.2568,159.54633,133.18456,7.78745,3.74877,4.24998
1977-08-24,101.531,159.99741,133.5584,7.78808,3.74955,4.25077
1977-08-25,101.6004,160.12593,133.66298,7.79749,3.75455,4.25635
1977-08-26,101.2097,159.52961,133.1625,7.77498,3.74418,4.24451
1977-08-29,100.9098,159.07621,132.78133,7.75601,3.73552,4.2346
1977-08-30,101.0404,159.30111,132.96637,7.79333,3.75396,4.25541
1977-08-31,101.7075,160.37182,133.85735,7.83309,3.77358,4.27756
1977-09-01,102.1313,161.05916,134.42833,7.86159,3.78778,4.29356
1977-09-02,102.789,162.1155,135.30726,7.90529,3.8093,4.31787
1977-09-05,103.9337,163.94019,136.82738,8.00875,3.85962,4.37481
1977-09-06,104.2774,164.50187,137.2934,8.04018,3.87524,4.39242
1977-09-07,104.9315,165.55331,138.16812,8.07502,3.89252,4.41191
1977-09-08,104.7702,165.31876,137.96957,8.05978,3.88566,4.40405
1977-09-09,103.8547,163.89469,136.77822,8.01955,3.86677,4.38253
1977-09-12,103.8804,163.95489,136.8257,8.02859,3.87161,4.38793
1977-09-13,104.425,164.83394,137.55651,8.06855,3.89136,4.41022
1977-09-14,105.3702,166.34554,138.81512,8.15378,3.93294,4.45725
1977-09-15,105.5928,166.71682,139.12214,8.1552,3.93412,4.45849
1977-09-16,104.7727,165.44258,138.05594,8.08759,3.90202,4.42201
1977-09-19,103.6154,163.63589,136.54542,7.99756,3.85908,4.37326
1977-09-20,103.6258,163.67193,136.57273,8.00117,3.86131,4.37569
1977-09-21,103.7545,163.89478,136.75592,8.00407,3.8632,4.37773
1977-09-22,102.8764,162.528,135.61263,7.93564,3.83067,4.34077
1977-09-23,103.0729,162.85785,135.88511,7.96548,3.84555,4.35755
1977-09-26,104.5868,165.26931,137.89429,8.0775,3.9001,4.41926
1977-09-27,104.6699,165.42041,138.01757,8.09032,3.90677,4.42673
1977-09-28,104.8708,165.75766,138.29616,8.10157,3.9127,4.43335
1977-09-29,105.0063,165.99165,138.48859,8.09567,3.91034,4.43058
1977-09-30,105.7938,167.25626,139.54082,8.12998,3.9274,4.44981
1977-10-03,106.6029,168.55531,140.62174,8.13593,3.93076,4.45353
1977-10-04,106.0937,167.77073,139.96432,8.12672,3.92681,4.44896
1977-10-05,106.1425,167.868,140.04263,8.13897,3.93323,4.45613
1977-10-06,106.8894,169.06921,141.04186,8.1585,3.94315,4.46728
1977-10-07,106.9367,169.16428,141.11832,8.16708,3.9478,4.47245
1977-10-10,106.449,168.41339,140.48903,8.12912,3.92995,4.45214
1977-10-11,106.5919,168.6596,140.69158,8.15919,3.94498,4.46906
1977-10-12,106.0052,167.75189,139.93151,8.11216,3.92274,4.44378
1977-10-13,105.8135,167.46875,139.69249,8.05818,3.89714,4.41468
1977-10-14,105.8551,167.55465,139.76132,8.04948,3.89343,4.41038
1977-10-17,106.0738,167.92083,140.06393,8.03343,3.88616,4.40205
1977-10-18,107.1538,169.65052,141.50376,8.12994,3.93332,4.45537
1977-10-19,107.6457,170.44952,142.16732,8.1581,3.94743,4.47126
1977-10-20,106.8478,169.20712,141.12813,8.14612,3.94214,4.46517
1977-10-21,107.9335,170.9466,142.57603,8.2054,3.97131,4.49811
1977-10-24,107.8112,170.77346,142.42874,8.15938,3.94954,4.47337
1977-10-25,107.2613,169.92326,141.71674,8.12336,3.93261,4.45409
1977-10-26,107.2041,169.85305,141.65531,8.12323,3.93304,4.45449
1977-10-27,107.5146,170.36526,142.07962,8.13974,3.94153,4.464
1977-10-28,107.1656,169.83289,141.63274,8.12662,3.93568,4.45728
1977-10-31,108.1701,171.44499,142.97423,8.14234,3.94378,4.46636
1977-11-01,107.3699,170.19785,141.93125,NA,NA,NA
1977-11-02,106.5041,168.84648,140.80137,7.98683,3.86947,4.38201
1977-11-03,106.3596,168.63772,140.62443,8.00469,3.87861,4.39227
1977-11-04,105.576,167.41608,139.60282,7.97441,3.86443,4.37612
1977-11-07,105.7523,167.71565,139.8498,7.98635,3.8707,4.38312
1977-11-08,106.343,168.67241,140.64475,8.05173,3.90286,4.41945
1977-11-09,106.559,169.03515,140.94437,8.03898,3.89718,4.41292
1977-11-10,106.6611,169.21734,141.09343,8.07303,3.91417,4.43206
1977-11-11,107.8114,171.06243,142.62892,NA,NA,NA
1977-11-14,107.3715,170.38525,142.06139,8.0975,3.92702,4.44641
1977-11-15,106.6867,169.31947,141.16986,8.04723,3.90314,4.41929
1977-11-16,106.7205,169.3934,141.22864,8.04564,3.90286,4.41887
1977-11-17,106.4945,169.05512,140.94374,8.03895,3.90011,4.41566
1977-11-18,106.6443,169.31313,141.156,8.02956,3.89604,4.41097
1977-11-21,106.423,168.98221,140.87725,7.99098,3.87782,4.39024
1977-11-22,105.4952,167.52998,139.66363,7.9342,3.85077,4.35952
1977-11-23,105.9864,168.32997,140.32771,7.95275,3.86026,4.37016
1977-11-24,104.9311,166.67492,138.94506,7.86417,3.81776,4.32196
1977-11-25,105.5549,167.68561,139.78476,7.8961,3.83373,4.33995
1977-11-28,105.533,167.67094,139.7697,7.90725,3.83963,4.34653
1977-11-29,106.2288,168.79637,140.70499,7.9621,3.86674,4.37713
1977-11-30,106.0592,168.54721,140.49445,7.96434,3.86831,4.37881
1977-12-01,106.5997,169.42622,141.2243,7.97425,3.87361,4.38472
1977-12-02,107.2382,170.46119,142.08411,7.99139,3.88242,4.3946
1977-12-05,107.4696,170.84937,142.40478,7.97616,3.87551,4.38668
1977-12-06,107.5301,170.96601,142.49912,7.9171,3.84732,4.35467
1977-12-07,107.4019,170.78275,142.34349,7.94696,3.86231,4.37154
1977-12-08,107.7024,171.28095,142.75585,7.96517,3.87164,4.38201
1977-12-09,107.557,171.07033,142.57742,7.99075,3.88455,4.39654
1977-12-12,107.6228,171.19547,142.67883,7.97405,3.87693,4.38781
1977-12-13,107.669,171.28947,142.75428,7.91406,3.84826,4.35527
1977-12-14,108.2328,172.2068,143.51588,7.8569,3.82096,4.32428
1977-12-15,107.8742,171.65711,143.05486,7.90665,3.84563,4.35211
1977-12-16,107.9293,171.76535,143.14217,7.89554,3.84071,4.34645
1977-12-19,108.3254,172.41619,143.68165,7.88316,3.83518,4.34009
1977-12-20,109.8269,174.82663,145.68733,7.91831,3.85275,4.35988
1977-12-21,109.2398,173.91343,144.92335,7.90452,3.84653,4.35275
1977-12-22,108.9515,173.47547,144.55545,7.98362,3.88549,4.39674
1977-12-23,109.4376,174.2701,145.21467,7.98129,3.88485,4.39592
1977-12-26,109.4376,174.291,145.22915,NA,NA,NA
1977-12-27,109.8247,174.92827,145.75721,8.02151,3.9054,4.41899
1977-12-28,111.8681,178.20399,148.48351,8.04369,3.91669,4.43166
1977-12-29,112.0041,178.44195,148.67877,8.01803,3.90469,4.418
1977-12-30,111.4383,177.56231,147.94281,7.98859,3.89085,4.40224
1978-01-02,111.688,177.98137,148.28897,7.96619,3.88044,4.39036
1978-01-03,113.2348,180.46752,150.35723,8.02959,3.91179,4.42574
1978-01-04,113.7532,181.31521,151.06042,7.99025,3.89313,4.40453
1978-01-05,110.5312,176.20371,146.79853,7.99994,3.89834,4.41033
1978-01-06,110.9514,176.89457,147.37112,8.03499,3.9159,4.43011
1978-01-09,110.9698,176.94511,147.41024,8.03699,3.91737,4.43167
1978-01-10,110.4163,176.08412,146.68995,7.98242,3.89127,4.40206
1978-01-11,111.3009,177.51576,147.87959,7.98135,3.89124,4.40193
1978-01-12,111.4593,177.78962,148.10473,7.95182,3.87734,4.38611
1978-01-13,110.8399,176.82335,147.29676,7.97694,3.89007,4.40042
1978-01-16,110.8372,176.84025,147.30786,7.95524,3.87999,4.38891
1978-01-17,110.3554,176.09306,146.68244,7.94207,3.87405,4.3821
1978-01-18,110.4017,176.18803,146.75859,7.96825,3.88731,4.397
1978-01-19,111.5198,177.99336,148.25931,8.02324,3.91461,4.42779
1978-01-20,111.8869,178.60049,148.76202,8.03912,3.92285,4.43702
1978-01-23,112.1743,179.08056,149.15887,8.04792,3.92764,4.44233
1978-01-24,112.2946,179.29404,149.33366,8.01336,3.91127,4.42373
1978-01-25,112.5231,179.68028,149.65234,8.02511,3.9175,4.43067
1978-01-26,112.1139,179.04866,149.12323,7.99852,3.90502,4.41646
1978-01-27,111.6818,178.38033,148.56356,7.98,3.89647,4.4067
1978-01-30,110.986,177.29086,147.65315,7.93997,3.87742,4.38507
1978-01-31,110.9495,177.25384,147.61932,7.9251,3.87065,4.37731
1978-02-01,110.6786,176.84246,147.27373,7.9154,3.8664,4.37242
1978-02-02,110.2985,176.25657,146.78281,7.91981,3.86904,4.37531
1978-02-03,109.9494,175.72006,146.33303,7.89797,3.85887,4.3637
1978-02-06,110.0287,175.86783,146.45312,7.91791,3.86909,4.37517
1978-02-07,110.684,176.93618,147.33979,7.96637,3.89325,4.4024
1978-02-08,110.9996,177.46179,147.7745,7.98386,3.90228,4.41251
1978-02-09,111.6123,178.46246,148.60476,8.0299,3.92527,4.43841
1978-02-10,111.6889,178.60631,148.72153,8.04002,3.93071,4.44446
1978-02-13,112.2973,179.60048,149.54632,8.04952,3.93584,4.45018
1978-02-14,111.7783,178.79231,148.87034,7.96552,3.89528,4.40422
1978-02-15,111.0117,177.5881,147.8646,7.92568,3.8763,4.38266
1978-02-16,111.966,179.13584,149.15024,7.96533,3.89617,4.40504
1978-02-17,112.5993,180.17038,150.00856,7.97358,3.9007,4.41006
1978-02-20,113.2794,181.28005,150.9294,7.97099,3.89992,4.40909
1978-02-21,112.932,180.74605,150.48174,7.96632,3.89813,4.40697
1978-02-22,112.9205,180.74933,150.48142,7.95912,3.8951,4.40344
1978-02-23,112.9425,180.80621,150.52573,7.90172,3.86751,4.37216
1978-02-24,113.2012,181.24193,150.88543,7.89718,3.86577,4.3701
1978-02-27,111.057,177.83243,148.04374,7.81649,3.82677,4.32592
1978-02-28,110.3495,176.72135,147.11574,7.73756,3.78863,4.28271
1978-03-01,112.2521,179.78949,149.6667,7.76012,3.80015,4.29564
1978-03-02,111.4992,178.6057,148.67817,7.7324,3.78706,4.28075
1978-03-03,111.4333,178.52159,148.60514,7.76029,3.80119,4.29663
1978-03-06,110.6172,177.23616,147.53206,7.75385,3.79852,4.29352
1978-03-07,110.3032,176.7545,147.12812,7.74173,3.79306,4.28725
1978-03-08,111.384,178.50745,148.58421,7.75809,3.80155,4.29676
1978-03-09,110.5437,177.18278,147.47853,7.76853,3.80714,4.30299
1978-03-10,109.6172,175.71971,146.25768,7.80455,3.82527,4.32338
1978-03-13,109.843,176.10266,146.57345,7.84926,3.84765,4.34859
1978-03-14,111.2111,178.31702,148.41343,7.85691,3.85189,4.35328
1978-03-15,110.904,177.84617,148.01853,7.83522,3.84174,4.34172
1978-03-16,111.8733,179.4217,149.32676,7.8369,3.84305,4.34311
1978-03-17,112.2976,180.12357,149.90787,7.8566,3.85319,4.35447
1978-03-20,112.8721,181.0665,150.68957,7.9075,3.87863,4.38313
1978-03-21,113.3507,181.85582,151.34341,7.97218,3.91083,4.41942
1978-03-22,112.8719,181.10977,150.71944,7.93088,3.89107,4.397
1978-03-23,112.8912,181.16244,150.76023,7.90695,3.87982,4.38419
1978-03-24,112.8912,181.18417,150.77526,NA,NA,NA
1978-03-27,112.5092,180.59304,150.28028,NA,NA,NA
1978-03-28,113.1081,181.57585,151.09506,7.9001,3.87793,4.38177
1978-03-29,114.1013,183.19186,152.43668,7.96124,3.90842,4.41613
1978-03-30,113.8796,182.85801,152.15578,7.96665,3.91157,4.41959
1978-03-31,113.8148,182.77592,152.0844,7.93747,3.89774,4.40387
1978-04-03,114.52,183.93015,153.0417,7.91006,3.88477,4.38912
1978-04-04,114.5155,183.94498,153.05094,7.9372,3.89859,4.40464
1978-04-05,114.5157,183.96736,153.06647,7.99206,3.92601,4.43553
1978-04-06,115.2781,185.21402,154.1006,8.00584,3.93328,4.44364
1978-04-07,114.914,184.65147,153.62941,7.99826,3.93005,4.43989
1978-04-10,114.7156,184.35492,153.37957,7.95358,3.90859,4.41556
1978-04-11,114.9537,184.75957,153.71312,7.9682,3.91627,4.42414
1978-04-12,114.2732,183.68847,152.81885,7.92228,3.8942,4.39911
1978-04-13,113.1551,181.91408,151.33947,7.86524,3.86667,4.36791
1978-04-14,112.2404,180.46607,150.13169,7.8551,3.86217,4.36274
1978-04-17,111.7209,179.65277,149.45204,7.84499,3.85769,4.35758
1978-04-18,111.6871,179.61998,149.42173,7.87724,3.87403,4.37595
1978-04-19,112.0847,180.28082,149.96844,7.87809,3.87493,4.37687
1978-04-20,111.4521,179.28538,149.1373,7.89616,3.88431,4.38737
1978-04-21,111.0874,178.72044,148.66432,7.91115,3.89217,4.39615
1978-04-24,110.8941,178.43099,148.42054,7.91986,3.89694,4.40145
1978-04-25,110.7947,178.2925,148.30234,7.9012,3.88825,4.39154
1978-04-26,110.5227,177.87634,147.95316,7.87413,3.87542,4.37696
1978-04-27,111.3189,179.1789,149.03357,7.90713,3.89215,4.39575
1978-04-28,111.7872,179.95402,149.67525,NA,NA,NA
1978-05-01,111.7872,179.9756,149.69017,NA,NA,NA
1978-05-02,111.7342,179.91188,149.63415,7.9482,3.91383,4.41996
1978-05-03,112.2489,180.76206,150.3382,7.98934,3.93457,4.44329
1978-05-04,112.6835,181.48346,150.93513,NA,NA,NA
1978-05-05,114.0108,183.64277,152.72782,8.09376,3.98698,4.50227
1978-05-08,113.4282,182.72677,151.96289,8.1015,3.99129,4.50705
1978-05-09,112.2368,180.83035,150.38257,8.05372,3.96826,4.48095
1978-05-10,112.5697,181.38826,150.8435,8.06115,3.97242,4.48555
1978-05-11,112.9259,181.98385,151.33574,8.07941,3.98192,4.49617
1978-05-12,112.6506,181.56218,150.98201,8.1046,3.99483,4.51065
1978-05-15,112.7163,181.68981,151.08509,NA,NA,NA
1978-05-16,111.917,180.42377,150.02919,8.09491,3.99106,4.50621
1978-05-17,111.3162,179.47726,149.23906,8.07272,3.98063,4.49433
1978-05-18,111.7539,180.20435,149.84062,8.07846,3.98396,4.49799
1978-05-19,111.2803,179.46258,149.22078,8.02639,3.95879,4.46948
1978-05-22,110.55,178.30687,148.25675,8.0271,3.95964,4.47034
1978-05-23,111.3377,179.59856,149.32772,8.05765,3.9752,4.48782
1978-05-24,111.5218,179.91699,149.58945,8.0823,3.98786,4.50201
1978-05-25,111.7588,180.32082,149.92219,8.09546,3.99485,4.50981
1978-05-26,111.8376,180.46955,150.04281,8.0925,3.99389,4.50863
1978-05-29,112.6876,181.86264,151.19794,8.11723,4.0066,4.52287
1978-05-30,112.94,182.29169,151.55159,8.12675,4.0118,4.52865
1978-05-31,114.2012,184.34905,153.25885,8.18599,4.04154,4.56212
1978-06-01,114.5644,184.95732,153.76143,8.16406,4.03123,4.55038
1978-06-02,114.1405,184.29541,153.20803,8.12924,4.01455,4.53145
1978-06-05,113.9998,184.09041,153.0345,8.11593,4.00848,4.52451
1978-06-06,114.1327,184.32703,153.22811,8.15513,4.02834,4.54683
1978-06-07,114.2554,184.54725,153.40807,8.15793,4.03023,4.54886
1978-06-08,114.376,184.76412,153.58525,8.14998,4.02681,4.5449
1978-06-09,114.0774,184.30409,153.19973,8.14985,4.02725,4.54531
1978-06-12,114.7709,185.44644,154.14616,8.16818,4.03681,4.556
1978-06-13,115.1356,186.05783,154.65123,8.18419,4.04523,4.5654
1978-06-14,115.1546,186.11083,154.69216,8.19748,4.05231,4.57329
1978-06-15,114.3238,184.79104,153.59198,8.16546,4.037,4.55591
1978-06-16,114.3775,184.89997,153.67941,8.1866,4.04795,4.56818
1978-06-19,114.3249,184.83714,153.62408,8.15163,4.03117,4.54915
1978-06-20,114.4613,185.07977,153.82263,8.14087,4.02636,4.54362
1978-06-21,114.2657,184.7858,153.57519,8.11382,4.0135,4.529
1978-06-22,113.5935,183.72137,152.6874,8.06805,3.99137,4.50394
1978-06-23,113.7937,184.06712,152.97165,8.08292,3.99923,4.51271
1978-06-26,113.3674,183.3999,152.41403,8.03186,3.97448,4.48468
1978-06-27,113.1578,183.08293,152.14752,8.02413,3.97115,4.48083
1978-06-28,113.7256,184.02339,152.92598,8.03585,3.97745,4.48785
1978-06-29,113.6726,183.95972,152.86997,8.04829,3.98411,4.49526
1978-06-30,114.6676,185.59184,154.22311,8.0946,4.00753,4.52158
1978-07-03,114.7512,185.74937,154.35089,8.08232,4.00195,4.5152
1978-07-04,115.2418,186.56563,155.02603,8.05041,3.98666,4.49785
1978-07-05,114.8363,185.93179,154.49619,8.02974,3.97693,4.48678
1978-07-06,114.7088,185.74772,154.34011,8.03425,3.97967,4.48976
1978-07-07,115.4337,186.94364,155.33067,8.11478,4.02004,4.53522
1978-07-10,117.7353,190.69356,158.44305,8.18619,4.05591,4.57559
1978-07-11,117.6725,190.61474,158.37435,8.20455,4.06552,4.58632
1978-07-12,117.5072,190.36992,158.16774,8.2296,4.07843,4.6008
1978-07-13,118.2539,191.60227,159.18839,8.23986,4.08403,4.60701
1978-07-14,118.2118,191.55706,159.14761,8.25854,4.0938,4.61793
1978-07-17,118.4613,191.98423,159.49929,8.29906,4.1144,4.64107
1978-07-18,117.8269,190.97955,158.66134,8.26648,4.09877,4.62334
1978-07-19,118.0444,191.3549,158.96996,8.27315,4.10259,4.62755
1978-07-20,118.5619,192.21657,159.68257,8.29817,4.11551,4.64202
1978-07-21,120.3097,195.07313,162.05224,NA,NA,NA
1978-07-24,121.624,197.22739,163.83846,8.40735,4.17068,4.70405
1978-07-25,121.6027,197.21651,163.82611,8.43374,4.18429,4.7193
1978-07-26,121.5137,197.09587,163.72257,8.44356,4.18969,4.72529
1978-07-27,121.7783,197.54858,164.09531,8.48678,4.21166,4.74996
1978-07-28,122.479,198.70876,165.05568,8.51535,4.22636,4.76644
1978-07-31,123.0494,199.65783,165.84066,8.50454,4.22153,4.76089
1978-08-01,124.0702,201.33791,167.23276,8.54887,4.24406,4.78619
1978-08-02,123.3887,200.2566,166.33119,8.54749,4.2439,4.78592
1978-08-03,124.4187,201.95209,167.73601,8.59512,4.26808,4.81308
1978-08-04,123.8065,200.98302,166.9277,8.53204,4.2373,4.77827
1978-08-07,124.5661,202.24004,167.96831,8.55086,4.24718,4.7893
1978-08-08,125.4017,203.62073,169.1116,8.54812,4.24636,4.78827
1978-08-09,127.218,206.59427,171.57759,8.61048,4.27786,4.82369
1978-08-10,127.2541,206.67765,171.64337,8.63354,4.28985,4.83711
1978-08-11,128.8536,209.30009,173.81767,8.66978,4.30839,4.85791
1978-08-14,129.9181,211.05408,175.27072,NA,NA,NA
1978-08-15,129.1844,209.88799,174.29875,NA,NA,NA
1978-08-16,129.6405,210.65404,174.93137,8.63546,4.29296,4.8402
1978-08-17,127.8162,207.7165,172.48826,8.65764,4.30453,4.85314
1978-08-18,128.5771,208.97776,173.5321,8.64455,4.29856,4.84631
1978-08-21,126.7185,205.98357,171.04208,8.71631,4.33477,4.88703
1978-08-22,128.4434,208.81201,173.3871,8.76498,4.35951,4.91482
1978-08-23,127.1715,206.77032,171.68817,8.7605,4.35784,4.91282
1978-08-24,126.9456,206.42795,171.4004,8.704,4.33029,4.88166
1978-08-25,127.1311,206.75427,171.66788,8.7584,4.35789,4.91267
1978-08-28,126.9998,206.5656,171.50775,8.73634,4.34747,4.90081
1978-08-29,125.6085,204.32854,169.64677,8.67391,4.31696,4.86631
1978-08-30,127.4663,207.37506,172.17257,8.65529,4.30824,4.85638
1978-08-31,126.9705,206.59363,171.52028,8.62895,4.29568,4.84212
1978-09-01,127.4042,207.32392,172.12312,8.66111,4.31222,4.86066
1978-09-04,127.2628,207.11876,171.9493,8.5897,4.27722,4.82111
1978-09-05,128.4517,209.07832,173.57257,8.69666,4.331,4.88162
1978-09-06,128.3773,208.98233,173.48937,8.72051,4.34342,4.89551
1978-09-07,128.6313,209.42077,173.84983,8.76011,4.36369,4.91825
1978-09-08,129.5393,210.92397,175.09414,8.8329,4.40048,4.95961
1978-09-11,129.5278,210.93054,175.09605,8.89076,4.42985,4.9926
1978-09-12,130.6878,212.84465,176.68136,8.91467,4.44232,5.00655
1978-09-13,131.2427,213.77373,177.449,8.94697,4.45896,5.0252
1978-09-14,132.3466,215.59724,178.959,8.95484,4.46345,5.03015
1978-09-15,131.5565,214.33655,177.90888,8.90481,4.43908,5.00258
1978-09-18,130.7158,212.99316,176.79014,8.89105,4.43278,4.99537
1978-09-19,130.9346,213.37513,177.10361,8.85794,4.41684,4.9773
1978-09-20,132.0646,215.242,178.64948,8.88038,4.42858,4.99043
1978-09-21,132.3513,215.73497,179.05502,8.86778,4.42286,4.98386
1978-09-22,131.621,214.57094,178.08524,8.86412,4.42159,4.98233
1978-09-25,131.5532,214.48618,178.01128,8.83788,4.40906,4.96811
1978-09-26,132.5937,216.20814,179.43675,8.8382,4.40978,4.96881
1978-09-27,131.6988,214.77549,178.24406,8.80191,4.39223,4.94893
1978-09-28,131.6864,214.78103,178.24505,8.81516,4.3994,4.9569
1978-09-29,131.8074,215.00408,178.42656,8.79713,4.39095,4.94728
1978-10-02,131.8652,215.12412,178.52256,8.78831,4.38711,4.94284
1978-10-03,132.5343,216.24129,179.44602,8.81552,4.40124,4.95865
1978-10-04,134.5536,219.5618,182.19769,8.84079,4.4144,4.97338
1978-10-05,133.5045,217.87702,180.79586,8.77186,4.38055,4.93513
1978-10-06,132.8702,216.86841,179.95521,8.77017,4.38026,4.9347
1978-10-09,133.212,217.45216,180.43596,8.77428,4.38287,4.93753
1978-10-10,133.5796,218.07816,180.95174,8.79454,4.39353,4.94944
1978-10-11,134.3128,219.30112,181.9628,8.77838,4.38602,4.94086
1978-10-12,134.2189,219.17414,181.85377,8.71523,4.35503,4.90585
1978-10-13,134.0986,219.00405,181.70895,8.70034,4.34814,4.89798
1978-10-16,133.281,217.69562,180.61962,8.69866,4.34785,4.89755
1978-10-17,134.5014,219.71487,182.29123,8.67271,4.33543,4.88346
1978-10-18,134.5679,219.84982,182.3995,8.64151,4.32038,4.8664
1978-10-19,134.3054,219.44748,182.062,8.683,4.34167,4.89027
1978-10-20,135.3103,221.11553,183.44214,8.65253,4.32698,4.87362
1978-10-23,135.0126,220.65573,183.05696,8.56991,4.28623,4.82761
1978-10-24,134.6746,220.12999,182.61709,8.58939,4.2965,4.83908
1978-10-25,135.7722,221.95024,184.12338,8.52641,4.26555,4.80412
1978-10-26,136.4622,223.10461,185.07727,8.47232,4.23904,4.77416
1978-10-27,136.8789,223.81249,185.66073,8.46949,4.23816,4.77306
1978-10-30,137.7127,225.20247,186.80998,8.36566,4.18676,4.71507
1978-10-31,137.5968,225.04,186.67143,8.36787,4.18839,4.71681
1978-11-01,136.9691,224.04081,185.83878,NA,NA,NA
1978-11-02,129.2584,211.45909,175.39853,8.38693,4.19898,4.72853
1978-11-03,128.037,209.48728,173.75932,8.40508,4.20859,4.73926
1978-11-06,126.8515,207.57369,172.16847,8.3975,4.20533,4.73548
1978-11-07,127.0046,207.84903,172.39338,8.37295,4.19357,4.72213
1978-11-08,127.5231,208.72234,173.11421,8.32657,4.17088,4.69648
1978-11-09,127.0366,207.95141,172.47127,8.32015,4.16819,4.69335
1978-11-10,127.5079,208.74768,173.12818,8.386,4.20169,4.73097
1978-11-13,127.9304,209.46425,173.71897,8.40687,4.21267,4.74324
1978-11-14,128.6047,210.59323,174.65175,8.45561,4.23761,4.77122
1978-11-15,127.5157,208.83606,173.19085,8.41674,4.21868,4.7498
1978-11-16,126.697,207.52089,172.0966,8.40246,4.21205,4.74223
1978-11-17,125.8739,206.1982,170.99615,8.40622,4.21447,4.74485
1978-11-20,124.2216,203.51762,168.76958,8.39152,4.20763,4.73705
1978-11-21,125.2588,205.24112,170.19534,8.42403,4.22446,4.75589
1978-11-22,125.2604,205.26835,170.21448,8.41706,4.22149,4.75245
1978-11-23,125.5234,205.72384,170.58874,8.39238,4.20965,4.73902
1978-11-24,125.2523,205.30436,170.23744,8.39917,4.21359,4.74335
1978-11-27,124.9259,204.79416,169.81093,8.41517,4.22214,4.75287
1978-11-28,125.425,205.63675,170.50613,8.44426,4.23726,4.76979
1978-11-29,125.5162,205.81089,170.64707,8.43167,4.23148,4.76318
1978-11-30,125.1757,205.27745,170.20131,8.38956,4.21089,4.7399
1978-12-01,125.3941,205.66013,170.51516,8.46943,4.25149,4.7855
1978-12-04,126.5915,207.64847,172.16018,8.51106,4.27292,4.80952
1978-12-05,126.755,207.94149,172.39964,8.53053,4.28323,4.82102
1978-12-06,128.1125,210.19322,174.26291,8.57788,4.30753,4.84827
1978-12-07,126.854,208.15463,172.56916,8.48328,4.26059,4.79533
1978-12-08,127.8475,209.80962,173.93767,8.55167,4.29546,4.83447
1978-12-11,128.5397,210.97055,174.89656,8.53884,4.28956,4.82773
1978-12-12,128.044,210.18258,174.23977,8.50205,4.27162,4.80744
1978-12-13,127.0301,208.54426,172.87801,8.46286,4.25248,4.78579
1978-12-14,127.0565,208.61259,172.93116,8.44542,4.24425,4.77643
1978-12-15,127.6166,209.55706,173.71056,8.44815,4.24616,4.77847
1978-12-18,128.4346,210.92521,174.84113,8.34271,4.19372,4.71936
1978-12-19,129.6676,212.97523,176.53682,8.34023,4.193,4.71845
1978-12-20,130.1659,213.81905,177.23268,8.36249,4.20472,4.73153
1978-12-21,129.2093,212.27404,175.94838,8.42478,4.23656,4.76725
1978-12-22,130.3984,214.25283,177.58491,8.47717,4.26342,4.79738
1978-12-25,130.3984,214.27852,177.60261,NA,NA,NA
1978-12-26,130.3984,214.30421,177.62031,NA,NA,NA
1978-12-27,131.3919,215.96248,178.99107,8.42955,4.24109,4.77194
1978-12-28,131.4548,216.09173,179.09458,8.38038,4.21689,4.74462
1978-12-29,131.0977,215.53084,178.62608,8.36247,4.20841,4.73497
1979-01-01,131.0977,215.55669,178.64389,NA,NA,NA
1979-01-02,132.1493,217.31141,180.09445,NA,NA,NA
1979-01-03,131.4474,216.18373,179.15621,8.47703,4.26765,4.80132
1979-01-04,130.9096,215.32552,178.44134,8.4753,4.26732,4.80084
1979-01-05,131.3708,216.10978,179.08764,8.4833,4.27188,4.80586
1979-01-08,132.4131,217.85011,180.52614,8.52181,4.2918,4.82817
1979-01-09,132.4772,217.98166,180.6315,8.52406,4.29348,4.82996
1979-01-10,131.5525,216.48696,179.38919,8.53012,4.29707,4.83389
1979-01-11,131.6748,216.71413,179.5738,8.52045,4.29274,4.82892
1979-01-12,131.1688,215.90765,178.90188,8.54684,4.30657,4.84437
1979-01-15,131.4898,216.4618,179.35742,8.57221,4.31989,4.85925
1979-01-16,131.9318,217.21523,179.97807,8.5585,4.31353,4.85199
1979-01-17,132.3108,217.86513,180.51291,8.50464,4.28694,4.82198
1979-01-18,131.8995,217.21426,179.96996,8.50182,4.28606,4.82088
1979-01-19,132.557,218.32289,180.88484,8.53607,4.30385,4.8408
1979-01-22,131.4407,216.51138,179.38022,8.47971,4.27599,4.80935
1979-01-23,131.0263,215.855,178.83275,8.46851,4.27089,4.80351
1979-01-24,130.621,215.21344,178.29759,8.45413,4.26417,4.79585
1979-01-25,130.2935,214.69985,177.86848,8.46722,4.27131,4.80377
1979-01-26,130.8979,215.72135,178.71113,8.48329,4.27995,4.81339
1979-01-29,130.6219,215.29253,178.35225,8.50932,4.29362,4.82866
1979-01-30,131.0756,216.06598,178.98938,8.5193,4.29919,4.83482
1979-01-31,131.3072,216.47356,179.3234,8.54383,4.31211,4.84924
1979-02-01,130.5529,215.25652,178.31154,8.56065,4.32114,4.85929
1979-02-02,130.0456,214.44622,177.63668,8.56957,4.32618,4.86486
1979-02-05,129.9754,214.35621,177.55853,8.50059,4.29192,4.82622
1979-02-06,129.7852,214.06835,177.31648,8.4523,4.26809,4.79933
1979-02-07,130.4024,215.11184,178.17722,8.42757,4.25614,4.78579
1979-02-08,130.6387,215.52734,178.51777,8.42983,4.25782,4.78757
1979-02-09,130.3571,215.08877,178.15088,8.43394,4.26043,4.7904
1979-02-12,129.8376,214.25773,177.45893,8.39662,4.24212,4.76972
1979-02-13,130.0812,214.68531,177.80948,8.49108,4.29036,4.82385
1979-02-14,130.6849,215.70721,178.65224,8.50019,4.2955,4.82953
1979-02-15,129.5973,213.93874,177.18386,8.42197,4.25653,4.78561
1979-02-16,129.9098,214.48015,177.62866,8.43542,4.26386,4.79375
1979-02-19,130.4992,215.47878,178.4521,8.47682,4.28532,4.81777
1979-02-20,130.8878,216.14612,179.00116,8.51465,4.30497,4.83976
1979-02-21,131.0355,216.41589,179.22094,8.51418,4.30527,4.84
1979-02-22,131.0301,216.43292,179.23142,8.49812,4.2977,4.83138
1979-02-23,131.7725,217.68496,180.26459,8.5469,4.3229,4.85961
1979-02-26,132.2097,218.43315,180.88052,8.55003,4.32503,4.86189
1979-02-27,133.6804,220.88901,182.91039,8.64577,4.37399,4.91682
1979-02-28,133.4774,220.58018,182.65096,8.64282,4.37304,4.91565
1979-03-01,132.615,219.18209,181.48952,8.61362,4.35883,4.89957
1979-03-02,134.1134,221.68471,183.55797,8.71739,4.41187,4.95908
1979-03-05,134.6645,222.62206,184.33038,8.75386,4.43087,4.98034
1979-03-06,135.0361,223.26293,184.85728,8.77282,4.44103,4.99164
1979-03-07,136.1166,225.07594,186.35462,8.83519,4.47314,5.02764
1979-03-08,137.4765,227.35139,188.23474,8.90045,4.50674,5.06529
1979-03-09,138.9313,229.78433,190.24516,8.99994,4.55766,5.12242
1979-03-12,138.9933,229.91439,190.349,9.01326,4.56498,5.13053
1979-03-13,138.0462,228.37603,189.07145,8.96971,4.5435,5.10628
1979-03-14,137.9253,228.20347,188.92476,8.96384,4.5411,5.10347
1979-03-15,137.3385,227.26034,188.14011,8.91318,4.51602,5.07518
1979-03-16,137.7655,227.99402,188.74368,8.96074,4.54068,5.10278
1979-03-19,137.4523,227.50322,188.33354,8.95163,4.53663,5.09812
1979-03-20,136.9716,226.73518,187.6939,8.90251,4.51232,5.07069
1979-03-21,137.2955,227.2984,188.15635,8.94274,4.53327,5.09413
1979-03-22,137.1045,227.00956,187.91343,8.91181,4.51817,5.07705
1979-03-23,138.7353,229.73679,190.16704,9.02716,4.5772,5.14326
1979-03-26,138.7442,229.77907,190.19819,9.00441,4.56625,5.13085
1979-03-27,140.1943,232.20799,192.20475,9.10659,4.61862,5.18958
1979-03-28,141.3612,234.16838,193.82346,9.16816,4.65042,5.2252
1979-03-29,142.0653,235.36261,194.80799,9.23358,4.68417,5.26302
1979-03-30,141.4149,234.31374,193.93587,9.18859,4.66195,5.23793
1979-04-02,140.6488,233.07301,192.90498,9.18771,4.66209,5.23798
1979-04-03,139.8553,231.7866,191.83631,9.1556,4.64639,5.22023
1979-04-04,140.0854,232.19564,192.17097,9.15703,4.6477,5.22158
1979-04-05,140.6506,233.16014,192.96531,9.19602,4.66807,5.24436
1979-04-06,140.598,233.10093,192.9124,9.19532,4.6683,5.2445
1979-04-09,140.7041,233.30474,193.07717,9.25528,4.69932,5.27924
1979-04-10,141.1311,234.04057,193.68222,9.25015,4.6973,5.27686
1979-04-11,141.3276,234.39441,193.97112,9.28102,4.71356,5.29501
1979-04-12,141.3448,234.45104,194.01405,9.29256,4.72002,5.30215
1979-04-13,141.3448,234.47915,194.03339,NA,NA,NA
1979-04-16,140.8771,233.73169,193.41092,NA,NA,NA
1979-04-17,140.9486,233.87831,193.52833,9.30479,4.72801,5.31079
1979-04-18,140.5991,233.32664,193.06791,9.24838,4.69995,5.27916
1979-04-19,140.895,233.84555,193.49338,9.22161,4.68695,5.26443
1979-04-20,141.2218,234.41585,193.96135,9.30465,4.72973,5.31237
1979-04-23,141.4013,234.74184,194.22716,9.32627,4.74131,5.32526
1979-04-24,142.7127,236.94683,196.04757,9.39092,4.77476,5.36272
1979-04-25,142.8195,237.15252,196.21379,9.39865,4.77929,5.3677
1979-04-26,141.8657,235.59788,194.92348,9.34288,4.75154,5.33642
1979-04-27,142.1967,236.17569,195.39759,9.36608,4.76394,5.35022
1979-04-30,142.9208,237.40646,196.41188,9.43357,4.79885,5.38932
1979-05-01,141.6298,235.29148,194.65802,NA,NA,NA
1979-05-02,142.6286,236.97878,196.04994,9.40722,4.78666,5.37539
1979-05-03,143.5865,238.59853,197.38593,9.47182,4.82012,5.41285
1979-05-04,144.0939,239.47011,198.10296,9.50743,4.83884,5.43376
1979-05-07,144.2012,239.6771,198.27019,9.50096,4.83616,5.43063
1979-05-08,143.2416,238.1116,196.97106,9.43986,4.80568,5.39629
1979-05-09,141.9206,235.94531,195.17496,9.36263,4.76698,5.35272
1979-05-10,140.9689,234.39209,193.88612,9.32083,4.74631,5.32939
1979-05-11,139.6806,232.27915,192.13428,9.2426,4.70708,5.28523
1979-05-14,138.6018,230.51386,190.67012,9.17536,4.67345,5.24735
1979-05-15,138.395,230.19768,190.40473,9.18172,4.67728,5.25154
1979-05-16,139.3504,231.81422,191.73792,9.24511,4.71014,5.28832
1979-05-17,138.5101,230.44476,190.60128,9.19769,4.68659,5.26176
1979-05-18,136.6768,227.42382,188.09862,9.14156,4.65859,5.23021
1979-05-21,134.8296,224.37901,185.57632,9.03176,4.60324,5.16796
1979-05-22,134.766,224.30011,185.50731,9.00965,4.59255,5.15585
1979-05-23,135.8374,226.10999,187.00035,9.09026,4.63421,5.20251
1979-05-24,135.0303,224.79422,185.90833,NA,NA,NA
1979-05-25,134.636,224.16501,185.38418,8.9866,4.58254,5.14428
1979-05-28,134.4763,223.92608,185.18284,8.99165,4.58569,5.14771
1979-05-29,135.0433,224.8969,185.98192,9.04056,4.61121,5.17624
1979-05-30,134.9125,224.70611,185.82038,9.02081,4.60172,5.16548
1979-05-31,135.322,225.41495,186.40279,9.0064,4.59495,5.15776
1979-06-01,134.9656,224.84852,185.93061,9.00518,4.5949,5.15761
1979-06-04,134.7951,224.59153,185.71433,NA,NA,NA
1979-06-05,134.8719,224.74639,185.83863,8.96762,4.5769,5.13717
1979-06-06,135.3043,225.49372,186.45281,9.02367,4.60607,5.16981
1979-06-07,134.5278,224.22723,185.40177,8.97257,4.58058,5.14108
1979-06-08,134.1071,223.55317,184.84066,8.93637,4.56268,5.12088
1979-06-11,133.5633,222.67384,184.10984,8.90013,4.54476,5.10066
1979-06-12,134.3583,224.02574,185.22384,8.9599,4.57584,5.13544
1979-06-13,133.9875,223.43457,184.7313,8.90342,4.54759,5.10361
1979-06-14,133.0346,221.87305,183.43646,8.83142,4.5114,5.06289
1979-06-15,134.1813,223.81189,185.03564,8.85472,4.52386,5.07677
1979-06-18,134.955,225.12904,186.12081,8.89242,4.54369,5.09891
1979-06-19,135.6941,226.38878,187.15848,8.88451,4.54022,5.09491
1979-06-20,136.5305,227.81114,188.33054,8.87188,4.53434,5.08819
1979-06-21,136.4859,227.76406,188.28781,8.84609,4.52173,5.07394
1979-06-22,137.9503,230.23493,190.3265,8.92193,4.56105,5.11796
1979-06-25,138.6345,231.40425,191.28926,8.9033,4.55211,5.10781
1979-06-26,138.4913,231.19305,191.1108,8.96747,4.58548,5.14514
1979-06-27,138.2909,230.88634,190.85339,8.90792,4.55561,5.11152
1979-06-28,138.8939,231.92059,191.70443,8.92909,4.56701,5.1242
1979-06-29,138.839,231.85676,191.64779,8.93667,4.57146,5.12909
1979-07-02,139.5787,233.11963,192.68775,8.94238,4.57496,5.1329
1979-07-03,140.1849,234.15984,193.54363,8.99761,4.60378,5.16512
1979-07-04,140.6943,235.03863,194.26606,8.97722,4.59393,5.15396
1979-07-05,141.0115,235.59658,194.72329,8.95651,4.58392,5.14261
1979-07-06,140.9001,235.43877,194.58892,8.97407,4.59348,5.15323
1979-07-09,139.7436,233.53545,193.0118,8.95164,4.58258,5.14089
1979-07-10,140.283,234.4647,193.77589,8.96986,4.59248,5.15189
1979-07-11,140.6598,235.12244,194.31556,8.93417,4.57479,5.13194
1979-07-12,140.0462,234.12538,193.48758,8.90743,4.56168,5.11711
1979-07-13,139.3052,232.91519,192.48349,8.87506,4.54569,5.09906
1979-07-16,140.6302,235.15828,194.33321,8.9072,4.56271,5.11805
1979-07-17,142.3294,238.02766,196.70037,8.96638,4.59359,5.15258
1979-07-18,142.8101,238.85994,197.38416,8.93711,4.57918,5.1363
1979-07-19,143.1741,239.49726,197.90681,8.96117,4.59208,5.15066
1979-07-20,142.8493,238.98286,197.47772,8.97855,4.60156,5.16118
1979-07-23,142.8103,238.94629,197.44351,8.96136,4.59333,5.15185
1979-07-24,143.5735,240.25169,198.51815,8.97594,4.60138,5.16076
1979-07-25,142.5825,238.62293,197.16824,8.94834,4.58782,5.14544
1979-07-26,142.9571,239.27833,197.70578,8.99239,4.61097,5.1713
1979-07-27,142.8681,239.1581,197.60244,8.98487,4.60769,5.16751
1979-07-30,141.7452,237.30794,196.06967,8.93598,4.58321,5.13994
1979-07-31,140.4683,235.19966,194.32368,8.92846,4.57994,5.13616
1979-08-01,140.5585,235.37885,194.4678,8.91743,4.57486,5.13035
1979-08-02,141.3504,236.73297,195.58259,8.94573,4.58994,5.14716
1979-08-03,141.8943,237.67209,196.3545,8.99763,4.61715,5.17755
1979-08-06,142.5301,238.76535,197.25371,9.03991,4.63941,5.20241
1979-08-07,142.4118,238.59587,197.10971,9.04676,4.64351,5.2069
1979-08-08,142.6759,239.06684,197.4948,9.07797,4.66011,5.22539
1979-08-09,142.5666,238.91243,197.36323,9.04222,4.64235,5.20537
1979-08-10,143.776,240.96755,199.05688,9.08681,4.66582,5.23157
1979-08-13,144.2758,241.83393,199.76854,9.12824,4.68767,5.25596
1979-08-14,143.1381,239.95681,198.2138,9.1186,4.68331,5.25096
1979-08-15,143.113,239.94352,198.19881,9.08409,4.66618,5.23164
1979-08-16,143.6412,240.85769,198.94992,9.1374,4.69415,5.26289
1979-08-17,142.9797,239.77783,198.05388,9.10191,4.67651,5.243
1979-08-20,142.2106,238.51735,197.00868,9.05951,4.65532,5.21913
1979-08-21,142.3356,238.75554,197.20143,9.06419,4.65831,5.22237
1979-08-22,142.0874,238.36798,196.87733,9.04249,4.64775,5.21042
1979-08-23,142.0603,238.35112,196.85942,9.029,4.64141,5.20319
1979-08-24,142.3677,238.89533,197.30491,9.04592,4.65069,5.21348
1979-08-27,142.5798,239.27979,197.61845,9.06267,4.65988,5.22368
1979-08-28,142.9452,239.92156,198.14448,9.08327,4.67106,5.23609
1979-08-29,143.3544,240.63698,198.73131,9.10467,4.68264,5.24897
1979-08-30,144.3692,242.36907,200.15768,9.13875,4.70076,5.26916
1979-08-31,144.2604,242.21553,200.02684,9.14965,4.70695,5.27599
1979-09-03,144.0821,241.94531,199.79963,9.12978,4.69733,5.26509
1979-09-04,144.7689,243.1274,200.77174,9.17793,4.72268,5.2934
1979-09-05,144.8137,243.23177,200.85387,9.16425,4.71624,5.28606
1979-09-06,145.4116,244.26498,201.70298,9.16646,4.71797,5.28789
1979-09-07,145.9766,245.24318,202.50664,9.19746,4.73452,5.30632
1979-09-10,146.6571,246.41563,203.47065,9.21261,4.74291,5.31561
1979-09-11,146.7463,246.59501,203.61466,9.24927,4.76237,5.33731
1979-09-12,145.8636,245.14192,202.41066,9.20551,4.74045,5.31262
1979-09-13,145.3645,244.33284,201.73849,9.17797,4.72687,5.29729
1979-09-14,144.5337,242.96631,200.60605,9.16236,4.71943,5.28883
1979-09-17,143.4432,241.16312,199.1131,9.10636,4.69119,5.25707
1979-09-18,144.1103,242.31339,200.05875,9.13223,4.7051,5.27255
1979-09-19,143.5493,241.39953,199.30018,9.09209,4.68502,5.24993
1979-09-20,144.7994,243.53048,201.05538,9.04551,4.66161,5.2236
1979-09-21,146.7225,246.79389,203.74536,9.14355,4.71271,5.28074
1979-09-24,146.8209,246.98895,203.90228,9.13867,4.71079,5.27848
1979-09-25,147.4842,248.13419,204.84359,9.2008,4.7434,5.3149
1979-09-26,148.5332,249.92859,206.32073,9.25902,4.774,5.34907
1979-09-27,150.8852,253.91607,209.60805,9.28387,4.78741,5.36398
1979-09-28,151.0845,254.28181,209.90573,9.29483,4.79366,5.37087
1979-10-01,150.9942,254.16038,209.80124,9.26659,4.7797,5.35512
1979-10-02,151.1622,254.47356,210.05552,9.31591,4.80574,5.38417
1979-10-03,151.9241,255.78647,211.13498,9.39777,4.84856,5.43203
1979-10-04,152.0274,255.99101,211.29955,9.47146,4.88717,5.47517
1979-10-05,152.1356,256.20385,211.47096,9.45275,4.87814,5.46493
1979-10-08,151.1463,254.56928,210.11743,9.55262,4.93027,5.52322
1979-10-09,149.3849,251.63465,207.69082,9.50828,4.90801,5.49817
1979-10-10,147.8292,249.04559,205.54955,9.29487,4.79851,5.37538
1979-10-11,146.5959,246.99872,203.8559,9.21008,4.75536,5.32693
1979-10-12,146.4517,246.78545,203.67576,9.25991,4.78168,5.35629
1979-10-15,145.0366,244.43162,201.72886,9.17307,4.73746,5.30664
1979-10-16,144.2788,243.18435,200.69536,9.13829,4.7201,5.28708
1979-10-17,144.6101,243.77179,201.1761,9.15137,4.72744,5.29519
1979-10-18,144.5742,243.74052,201.14622,9.16426,4.7347,5.30321
1979-10-19,145.054,244.57848,201.83367,9.18541,4.74621,5.31599
1979-10-22,144.0283,242.87914,200.42716,9.1244,4.7153,5.28125
1979-10-23,141.5126,238.66814,196.94789,9.01374,4.65873,5.21778
1979-10-24,139.5881,235.45266,194.29031,8.87765,4.589,5.13957
1979-10-25,138.9271,234.3664,193.38998,8.83305,4.56654,5.1143
1979-10-26,137.6824,232.29574,191.67733,8.77168,4.53539,5.07931
1979-10-29,137.8816,232.65959,191.97369,8.81567,4.5587,5.10531
1979-10-30,136.858,230.96108,190.56823,8.76042,4.53072,5.07385
1979-10-31,137.0487,231.31051,190.8527,8.75541,4.5287,5.07149
1979-11-01,136.4217,230.28043,189.99889,8.69892,4.50006,5.03931
1979-11-02,135.8896,229.41022,189.27702,8.66939,4.48536,5.02273
1979-11-05,134.789,227.58055,187.76352,8.56562,4.43225,4.96315
1979-11-06,133.779,225.90332,186.37586,8.51066,4.40438,4.93184
1979-11-07,132.843,224.35057,185.09096,8.41216,4.35398,4.8753
1979-11-08,132.962,224.57839,185.27517,8.43366,4.36566,4.88827
1979-11-09,133.9055,226.19871,186.60812,8.51439,4.40798,4.93555
1979-11-12,133.0252,224.73946,185.40044,8.46638,4.38369,4.90824
1979-11-13,134.4304,227.14023,187.37711,8.54653,4.42573,4.95521
1979-11-14,133.2284,225.13748,185.72107,8.44203,4.37219,4.89516
1979-11-15,133.7814,226.09879,186.5103,8.43937,4.37136,4.89412
1979-11-16,135.539,229.09621,188.97896,8.54105,4.42456,4.95358
1979-11-19,137.4282,232.31679,191.63158,8.57164,4.44095,4.97183
1979-11-20,137.0576,231.7184,191.13409,8.57468,4.44309,4.97411
1979-11-21,137.9799,233.30526,192.43911,8.5726,4.44257,4.97343
1979-11-22,137.9756,233.32597,192.4523,8.58933,4.4518,4.98365
1979-11-23,137.5487,232.63231,191.87623,8.57915,4.44709,4.97827
1979-11-26,137.8177,233.11504,192.27051,8.57889,4.44751,4.97863
1979-11-27,140.304,237.34852,195.75807,8.67897,4.49994,5.03721
1979-11-28,140.0897,237.01458,195.47868,8.67915,4.5006,5.03784
1979-11-29,141.47,239.37808,197.42393,8.74741,4.53654,5.07797
1979-11-30,142.2335,240.69847,198.50888,8.74786,4.53735,5.07877
1979-12-03,143.0493,242.10767,199.66702,8.69886,4.51252,5.05086
1979-12-04,143.4718,242.85161,200.27651,8.81478,4.57319,5.11867
1979-12-05,141.8329,240.108,198.00968,8.77355,4.55239,5.09527
1979-12-06,140.6614,238.1545,196.39458,8.67484,4.50176,5.0385
1979-12-07,139.6593,236.48717,195.01557,8.69168,4.51106,5.0488
1979-12-10,139.8681,236.869,195.32649,8.6801,4.50562,5.0426
1979-12-11,140.9705,238.7641,196.88521,8.70245,4.51779,5.05611
1979-12-12,142.0625,240.64204,198.42972,8.72331,4.52919,5.06876
1979-12-13,141.6226,239.92603,197.83527,8.70299,4.51921,5.05748
1979-12-14,141.6968,240.08046,197.95861,8.73012,4.53386,5.07377
1979-12-17,141.1331,239.15454,197.19111,8.6723,4.50441,5.04071
1979-12-18,141.6051,239.98287,197.87009,8.6704,4.504,5.04013
1979-12-19,141.2942,239.48494,197.45553,8.66766,4.50314,5.03906
1979-12-20,141.0122,239.03586,197.08125,8.64976,4.49441,5.02919
1979-12-21,140.7554,238.62936,196.7421,8.66848,4.5047,5.04059
1979-12-24,140.7819,238.70289,196.79875,NA,NA,NA
1979-12-25,140.7819,238.73151,196.81836,NA,NA,NA
1979-12-26,140.9355,239.02053,197.05266,NA,NA,NA
1979-12-27,141.9344,240.74305,198.4687,8.64601,4.49529,5.02963
1979-12-28,142.3708,241.51196,199.09856,8.66659,4.50655,5.04213
1979-12-31,142.0948,241.07289,198.73256,8.67682,4.51244,5.0486
1980-01-01,142.0948,241.1018,198.75237,NA,NA,NA
1980-01-02,140.4492,238.33992,196.47144,8.52601,4.43516,4.96193
1980-01-03,140.0691,237.72371,195.95949,8.46728,4.40518,4.92828
1980-01-04,140.6094,238.66903,196.73475,8.53514,4.44103,4.96828
1980-01-07,141.524,240.24985,198.03379,8.57291,4.46123,4.99077
1980-01-08,141.8433,240.82057,198.50022,8.61837,4.48545,5.01775
1980-01-09,143.4644,243.60155,200.78833,8.68327,4.51977,5.05605
1980-01-10,143.9747,244.49706,201.52239,8.72797,4.5436,5.08259
1980-01-11,144.4736,245.37343,202.24063,8.77273,4.56747,5.10918
1980-01-14,145.2337,246.69358,203.3246,8.81219,4.58858,5.13269
1980-01-15,145.4317,247.0594,203.62199,8.8163,4.5913,5.13561
1980-01-16,145.9477,247.96542,204.36459,8.90035,4.63563,5.18509
1980-01-17,145.3558,246.98992,203.55645,8.84646,4.60816,5.15425
1980-01-18,145.5968,247.42894,203.91415,8.84766,4.60936,5.15549
1980-01-21,145.8224,247.8419,204.25035,8.87179,4.62251,5.17008
1980-01-22,145.7946,247.82438,204.23179,8.89842,4.63696,5.18613
1980-01-23,145.4582,247.28249,203.78107,8.87542,4.62556,5.17328
1980-01-24,146.7467,249.50238,205.60624,8.94535,4.66258,5.21456
1980-01-25,147.3594,250.57383,206.485,8.9933,4.68815,5.24305
1980-01-28,146.9304,249.87467,205.90466,8.98583,4.68484,5.23924
1980-01-29,148.244,252.13834,207.76575,9.07753,4.73323,5.29323
1980-01-30,148.5424,252.67598,208.20456,9.08126,4.73576,5.29596
1980-01-31,148.6195,252.83739,208.33335,9.10496,4.74872,5.31033
1980-02-01,147.8217,251.51104,207.2362,9.07822,4.73538,5.2953
1980-02-04,148.0915,252.00013,207.635,9.09988,4.74726,5.30847
1980-02-05,148.6071,252.90754,208.37844,9.10738,4.75177,5.3134
1980-02-06,149.8486,255.05047,210.13978,9.14712,4.7731,5.33714
1980-02-07,152.2817,259.22226,213.57247,9.29048,4.84848,5.42131
1980-02-08,152.7964,260.12931,214.31545,9.35694,4.88376,5.46064
1980-02-11,155.2225,264.29076,217.7394,9.47911,4.94811,5.53248
1980-02-12,153.7855,261.87691,215.74619,9.40311,4.90908,5.48872
1980-02-13,155.787,265.31644,218.57529,9.50434,4.96253,5.54836
1980-02-14,155.7993,265.3692,218.61433,9.48863,4.95496,5.53977
1980-02-15,153.5688,261.60382,215.50772,9.38007,4.89891,5.47699
1980-02-18,153.5431,261.59142,215.49314,9.39286,4.9062,5.48503
1980-02-19,152.8706,260.47752,214.57114,9.38961,4.90512,5.4837
1980-02-20,152.5735,260.0027,214.17565,9.36939,4.89519,5.47248
1980-02-21,153.0449,260.83702,214.85857,9.39309,4.90818,5.48688
1980-02-22,151.7122,258.59804,213.0098,9.37411,4.89889,5.47638
1980-02-25,151.3323,257.98173,212.49782,9.36446,4.89446,5.47131
1980-02-26,150.074,255.86861,210.75285,9.28529,4.85371,5.42564
1980-02-27,150.7911,257.12169,211.78069,9.35071,4.88851,5.46442
1980-02-28,150.692,256.98359,211.66266,9.30781,4.8667,5.43993
1980-02-29,149.9131,255.68667,210.59013,9.32586,4.87675,5.45105
1980-03-03,149.0494,254.24487,209.39831,9.31762,4.87306,5.4468
1980-03-04,146.9026,250.61528,206.40449,9.20764,4.81617,5.3831
1980-03-05,147.6033,251.84051,207.40938,9.28332,4.85635,5.42789
1980-03-06,146.4309,249.87129,205.78329,9.23535,4.83188,5.40042
1980-03-07,143.9315,245.63845,202.29289,9.09664,4.75994,5.3199
1980-03-10,141.7648,241.97204,199.26915,8.98942,4.70446,5.25778
1980-03-11,141.2431,241.11094,198.55596,8.96928,4.69451,5.24655
1980-03-12,141.475,241.53562,198.90166,8.9549,4.68758,5.23869
1980-03-13,140.7183,240.27324,197.85804,8.96639,4.69419,5.24596
1980-03-14,137.4389,234.70533,193.26871,8.86213,4.64021,5.18553
1980-03-17,133.2326,227.55364,187.37539,8.7188,4.56578,5.10224
1980-03-18,132.1997,225.81761,185.94202,8.68094,4.54653,5.08062
1980-03-19,134.0966,229.08478,188.62831,8.77012,4.5938,5.13332
1980-03-20,135.0659,230.76794,190.01035,8.80534,4.61282,5.15447
1980-03-21,132.9275,227.14391,187.02233,8.71961,4.5685,5.10484
1980-03-24,131.5057,224.74281,185.04143,8.67294,4.54464,5.07806
1980-03-25,130.9365,223.7974,184.25925,8.63605,4.52589,5.057
1980-03-26,132.1237,225.85319,185.94804,8.71043,4.56542,5.10107
1980-03-27,128.6594,219.96123,181.09304,8.57921,4.49724,5.02478
1980-03-28,127.9371,218.75326,180.09481,8.57856,4.49747,5.02492
1980-03-31,127.9833,218.85847,180.17778,8.62707,4.52346,5.05385
1980-04-01,127.1649,217.48582,179.04403,8.71631,4.57081,5.10664
1980-04-02,127.9488,218.85237,180.16538,8.69679,4.56114,5.09574
1980-04-03,128.8993,220.5042,181.52151,8.74043,4.5846,5.12184
1980-04-04,128.8993,220.53065,181.53961,NA,NA,NA
1980-04-07,128.7102,220.23367,181.29146,NA,NA,NA
1980-04-08,126.6981,216.81899,178.4767,8.63984,4.53358,5.0645
1980-04-09,131.4149,224.91813,185.13919,8.6294,4.52867,5.05892
1980-04-10,133.0697,227.77715,187.48868,8.73611,4.58522,5.12198
1980-04-11,133.893,229.2135,188.66714,8.79344,4.61588,5.15611
1980-04-14,135.1219,231.34454,190.41731,8.82929,4.63527,5.17767
1980-04-15,133.5124,228.61803,188.16913,8.77828,4.60909,5.1483
1980-04-16,134.248,229.90483,189.22443,8.84186,4.64304,5.18611
1980-04-17,136.3704,233.56702,192.23456,8.81391,4.62895,5.17027
1980-04-18,137.2843,235.16007,193.54177,8.8782,4.66329,5.20851
1980-04-21,137.5538,235.64979,193.94091,8.88061,4.66514,5.21046
1980-04-22,136.4042,233.70955,192.34005,8.85516,4.65236,5.19608
1980-04-23,138.0391,236.53857,194.66427,8.84697,4.64864,5.19182
1980-04-24,138.649,237.61183,195.54358,8.79819,4.62361,5.16375
1980-04-25,138,236.52855,194.6481,8.7362,4.59163,5.12792
1980-04-28,140.2678,240.44382,197.86594,8.81062,4.6313,5.17212
1980-04-29,140.3648,240.63888,198.02245,8.84895,4.65203,5.19515
1980-04-30,140.3975,240.72378,198.08831,8.86309,4.66004,5.20399
1980-05-01,140.8589,241.54358,198.7589,NA,NA,NA
1980-05-02,140.4277,240.83341,198.17048,8.91364,4.68779,5.23475
1980-05-05,140.2998,240.64301,198.0098,8.88115,4.6713,5.21623
1980-05-06,142.014,243.6119,200.44855,8.91394,4.68913,5.23602
1980-05-07,142.0722,243.74092,200.55065,8.88903,4.67662,5.22194
1980-05-08,142.1047,243.82589,200.61651,8.93238,4.70001,5.24794
1980-05-09,141.262,242.40984,199.44729,8.9292,4.69893,5.24663
1980-05-12,141.3876,242.65438,199.64445,8.90705,4.68786,5.23416
1980-05-13,143.2785,245.92855,202.33407,8.96706,4.72003,5.26996
1980-05-14,144.1042,247.37508,203.52005,9.04449,4.76136,5.316
1980-05-15,143.567,246.48292,202.78191,NA,NA,NA
1980-05-16,142.5077,244.69466,201.30652,8.97118,4.72398,5.27403
1980-05-19,141.9167,243.70962,200.49204,8.9212,4.69827,5.24521
1980-05-20,141.9279,243.75807,200.52784,8.94429,4.71101,5.25933
1980-05-21,143.1486,245.8836,202.27227,8.95447,4.71697,5.26586
1980-05-22,143.7165,246.88836,203.09471,8.96258,4.72183,5.27117
1980-05-23,144.298,247.91671,203.93653,8.98228,4.7328,5.28331
1980-05-26,144.3085,247.96448,203.9717,NA,NA,NA
1980-05-27,145.667,250.32828,205.91191,8.97662,4.73101,5.28108
1980-05-28,145.2886,249.70826,205.39771,8.98163,4.73424,5.28458
1980-05-29,144.7185,248.75876,204.61252,8.95268,4.71959,5.2681
1980-05-30,143.5348,246.75487,202.96001,8.94363,4.71542,5.26333
1980-06-02,144.5254,248.48719,204.38071,8.93068,4.70918,5.25626
1980-06-03,144.3549,248.22393,204.16005,8.95412,4.72213,5.27061
1980-06-04,144.6141,248.69929,204.54689,8.98478,4.73889,5.28919
1980-06-05,145.7041,250.60339,206.10875,9.01746,4.75671,5.30897
1980-06-06,146.0316,251.19659,206.59245,9.03963,4.76901,5.32258
1980-06-09,148.2158,254.98376,209.70275,9.12473,4.81449,5.37323
1980-06-10,148.3123,255.18031,209.86015,9.15246,4.82972,5.39011
1980-06-11,148.887,256.19951,210.69408,9.1802,4.84496,5.407
1980-06-12,149.654,257.54983,211.80027,9.23331,4.87359,5.43884
1980-06-13,151.2167,260.26985,214.03271,9.27247,4.89487,5.46246
1980-06-16,152.744,262.92957,216.21548,9.41075,4.96845,5.54447
1980-06-17,152.0059,261.69108,215.19262,9.39754,4.96211,5.53726
1980-06-18,152.3538,262.32125,215.70646,9.3933,4.96049,5.53534
1980-06-19,151.3432,260.61345,214.29769,9.35526,4.94103,5.51351
1980-06-20,152.0464,261.85539,215.31456,9.38355,4.95659,5.53076
1980-06-23,152.1141,262.00335,215.43187,9.3772,4.95386,5.52759
1980-06-24,151.749,261.40614,214.93644,9.36849,4.94989,5.52303
1980-06-25,152.3477,262.46861,215.80568,9.40809,4.97143,5.54695
1980-06-26,152.5673,262.87832,216.13818,9.41042,4.97328,5.5489
1980-06-27,152.7077,263.15169,216.35857,9.40984,4.9736,5.54914
1980-06-30,153.192,264.01762,217.06614,9.40869,4.97362,5.54904
1980-07-01,151.5661,261.24853,214.78494,9.32642,4.93077,5.50112
1980-07-02,152.9098,263.59569,216.71022,9.39398,4.9671,5.54153
1980-07-03,154.0249,265.54932,218.31192,9.46315,5.00429,5.58289
1980-07-04,155.5903,268.27978,220.55213,9.52472,5.03746,5.61979
1980-07-07,156.9736,270.69688,222.53467,9.57806,5.0663,5.65183
1980-07-08,158.0765,272.631,224.12011,9.58946,5.07296,5.65915
1980-07-09,157.1528,271.0713,222.83334,9.5354,5.04501,5.62785
1980-07-10,156.6867,270.30014,222.19488,9.51434,5.03451,5.61601
1980-07-11,155.7561,268.72787,220.89787,9.48074,5.01738,5.59677
1980-07-14,155.3672,268.08937,220.36852,9.45773,5.00583,5.58377
1980-07-15,156.55,270.1622,222.06786,9.5542,5.0575,5.64129
1980-07-16,157.7971,272.34649,223.85873,9.6083,5.08677,5.67382
1980-07-17,158.7095,273.95363,225.17517,9.62852,5.09811,5.68634
1980-07-18,158.5411,273.69589,224.95876,9.65027,5.11026,5.69977
1980-07-21,158.4291,273.53543,224.82232,9.62213,5.09601,5.68376
1980-07-22,158.554,273.78381,225.02192,9.61246,5.09153,5.67864
1980-07-23,158.6562,273.99307,225.18935,9.62994,5.10143,5.68956
1980-07-24,158.7541,274.19494,225.35072,9.62061,5.09713,5.68464
1980-07-25,159.2996,275.16979,226.14734,9.65101,5.11387,5.70319
1980-07-28,158.0498,273.04492,224.39635,9.58519,5.07966,5.66491
1980-07-29,157.5281,272.17673,223.67827,9.62325,5.10045,5.68798
1980-07-30,157.1482,271.55321,223.16132,9.651,5.1158,5.70497
1980-07-31,154.8589,267.63189,219.93404,9.59619,5.0874,5.67318
1980-08-01,154.1217,266.39046,218.90937,9.5965,5.08821,5.67395
1980-08-04,154.1831,266.5285,219.01838,9.55028,5.06435,5.64723
1980-08-05,155.1399,268.21417,220.3991,9.59063,5.08637,5.67167
1980-08-06,154.9557,267.92799,220.15947,9.53166,5.05575,5.6374
1980-08-07,155.5801,269.03953,221.06836,9.60906,5.09743,5.68375
1980-08-08,156.1779,270.10533,221.93964,9.67997,5.13568,5.72627
1980-08-11,156.5861,270.84353,222.5417,9.70733,5.15083,5.74305
1980-08-12,156.5944,270.89036,222.57568,9.7099,5.15284,5.74516
1980-08-13,156.2138,270.26469,222.05708,9.63196,5.11214,5.69967
1980-08-14,156.2389,270.34051,222.11489,9.67898,5.13774,5.72808
1980-08-15,157.1755,271.99327,223.46828,9.73769,5.16953,5.76341
1980-08-18,156.324,270.55299,222.28037,9.76266,5.18344,5.77878
1980-08-19,155.843,269.75327,221.61883,9.73401,5.16888,5.76243
1980-08-20,156.7362,271.33144,222.91086,9.76898,5.1881,5.78373
1980-08-21,157.5299,272.73773,224.06165,9.84007,5.22649,5.82641
1980-08-22,157.2135,272.22283,223.63411,9.8511,5.23301,5.83354
1980-08-25,156.8699,271.66073,223.1678,9.81838,5.21629,5.81478
1980-08-26,156.8769,271.70543,223.2,9.82371,5.21978,5.81854
1980-08-27,156.8993,271.77679,223.25411,9.80695,5.21153,5.80923
1980-08-28,155.6616,269.66647,221.51594,9.68278,5.14623,5.73631
1980-08-29,155.5848,269.5658,221.42876,9.68554,5.14835,5.73855
1980-09-01,155.4783,269.41366,221.29931,9.64137,5.12552,5.71298
1980-09-02,157.2064,272.44021,223.78073,9.71223,5.16382,5.75555
1980-09-03,158.331,274.42155,225.40361,9.78239,5.20177,5.79772
1980-09-04,159.6546,276.74828,227.31008,9.8317,5.22863,5.82753
1980-09-05,159.8397,277.10223,227.59621,9.88186,5.25595,5.85786
1980-09-08,159.7326,276.94985,227.46644,9.85238,5.24094,5.841
1980-09-09,160.649,278.57168,228.79386,9.89918,5.26649,5.86935
1980-09-10,160.2518,277.91658,228.25117,9.89968,5.26742,5.87026
1980-09-11,160.5841,278.52606,228.74711,9.90351,5.27012,5.87314
1980-09-12,161.8762,280.80027,230.61016,10.00424,5.32437,5.93347
1980-09-15,160.1649,277.86689,228.19627,9.9208,5.28064,5.88462
1980-09-16,159.3773,276.53439,227.0973,9.88176,5.26053,5.86208
1980-09-17,159.9461,277.55427,227.93024,9.90027,5.27105,5.87367
1980-09-18,160.3332,278.25912,228.50446,9.95647,5.30162,5.90762
1980-09-19,159.5263,276.8927,227.37768,9.96336,5.30596,5.91232
1980-09-22,159.4459,276.7864,227.28579,9.94915,5.29906,5.90451
1980-09-23,158.9338,275.93096,226.57871,9.96387,5.30756,5.91386
1980-09-24,158.9819,276.04753,226.66985,9.93359,5.29211,5.89651
1980-09-25,159.7442,277.40401,227.77908,9.95434,5.30383,5.90944
1980-09-26,158.6822,275.59388,226.28808,9.92686,5.28986,5.89375
1980-09-29,156.8583,272.46083,223.7108,9.85553,5.25253,5.85203
1980-09-30,157.5269,273.65463,224.68645,9.88342,5.26805,5.86919
1980-10-01,158.5874,275.52947,226.22121,9.91035,5.28306,5.88579
1980-10-02,159.0328,276.33617,226.87896,9.96581,5.31328,5.91933
1980-10-03,158.9942,276.30226,226.84652,9.97548,5.3191,5.92569
1980-10-06,161.0921,279.98097,229.862,10.04403,5.35631,5.96702
1980-10-07,160.3995,278.81128,228.897,10.03358,5.35141,5.96143
1980-10-08,159.8787,277.93979,228.17687,9.99389,5.33093,5.93848
1980-10-09,159.4246,277.18399,227.55175,9.9804,5.32441,5.93109
1980-10-10,159.1215,276.69043,227.14196,9.93667,5.30175,5.90573
1980-10-13,160.1573,278.52446,228.64291,10.01344,5.34337,5.95196
1980-10-14,161.3661,280.65977,230.3911,10.12646,5.40433,6.01973
1980-10-15,161.634,281.15926,230.79647,10.21472,5.4521,6.07281
1980-10-16,162.1629,282.11278,231.57451,10.23784,5.46512,6.08719
1980-10-17,161.5892,281.14894,230.77862,10.22512,5.45902,6.08026
1980-10-20,161.2998,280.67931,230.38845,10.26517,5.48108,6.1047
1980-10-21,162.4452,282.70581,232.04713,10.39374,5.55039,6.18177
1980-10-22,163.0697,283.82632,232.96214,10.46034,5.58665,6.22201
1980-10-23,164.0075,285.49235,234.32485,10.47616,5.5958,6.23207
1980-10-24,163.7975,285.16115,234.04826,10.49248,5.60521,6.24242
1980-10-27,163.3211,284.36628,233.39111,10.5079,5.61416,6.25225
1980-10-28,163.188,284.1687,233.22423,10.58689,5.65705,6.29988
1980-10-29,163.6358,284.98238,233.88731,10.59873,5.66409,6.30758
1980-10-30,164.6992,286.86826,235.43028,10.63783,5.68568,6.3315
1980-10-31,162.4689,283.01998,232.26704,10.59183,5.66182,6.30479
1980-11-03,162.0099,282.25464,231.63422,10.60595,5.67008,6.31385
1980-11-04,162.4188,283.00071,232.2418,10.63193,5.68468,6.32997
1980-11-05,162.6251,283.39401,232.55986,10.73416,5.74004,6.39148
1980-11-06,160.5641,279.83828,229.63703,10.60449,5.67145,6.31496
1980-11-07,157.2772,274.14618,224.96108,10.47557,5.60324,6.23888
1980-11-10,156.9588,273.62426,224.52824,10.3945,5.56059,6.19126
1980-11-11,161.0713,280.82687,230.43337,10.43878,5.58498,6.21828
1980-11-12,160.1074,279.18072,229.07789,10.45648,5.59515,6.22947
1980-11-13,162.2868,283.01427,232.21862,10.53387,5.63724,6.2762
1980-11-14,161.9479,282.45741,231.75699,10.57433,5.6596,6.30096
1980-11-17,159.9026,278.92584,228.85444,10.5608,5.65308,6.29356
1980-11-18,161.1537,281.14137,230.66754,10.64903,5.701,6.34678
1980-11-19,162.6813,283.8398,232.87674,10.63565,5.69455,6.33946
1980-11-20,162.6853,283.88081,232.90568,10.66605,5.71154,6.35824
1980-11-21,163.2586,284.91504,233.74946,10.79543,5.78152,6.436
1980-11-24,160.8672,280.77794,230.35034,10.61255,5.68434,6.32768
1980-11-25,158.968,277.49841,227.65497,10.46292,5.60494,6.23916
1980-11-26,159.7779,278.94522,228.83727,10.53673,5.64517,6.28381
1980-11-27,159.4281,278.3682,228.35925,10.55962,5.65814,6.29811
1980-11-28,159.8506,279.13911,228.98705,10.58441,5.67213,6.31355
1980-12-01,158.1499,276.20421,226.57466,10.56652,5.66326,6.30355
1980-12-02,157.1408,274.47575,225.15211,10.46728,5.6108,6.24502
1980-12-03,156.1007,272.69274,223.68488,10.4122,5.582,6.21282
1980-12-04,155.9813,272.51693,223.53614,10.4066,5.5797,6.21013
1980-12-05,153.6932,268.5541,220.28081,10.32606,5.53724,6.16274
1980-12-08,152.5464,266.58338,218.65978,10.25528,5.5,6.12115
1980-12-09,150.8059,263.57525,216.18783,10.21957,5.48154,6.10049
1980-12-10,149.7886,261.82964,214.75161,10.22793,5.48671,6.10611
1980-12-11,146.5126,256.13748,210.07825,10.16056,5.45128,6.06654
1980-12-12,147.1379,257.26115,210.99559,10.09636,5.41753,6.02886
1980-12-15,150.4114,263.01574,215.7106,10.17401,5.45987,6.07584
1980-12-16,148.6045,259.88926,213.14189,10.2458,5.49906,6.11933
1980-12-17,148.8361,260.32535,213.49523,10.22086,5.48638,6.10508
1980-12-18,149.6502,261.78025,214.68405,10.21689,5.48494,6.10334
1980-12-19,149.251,261.11359,214.13297,10.17304,5.4621,6.0778
1980-12-22,150.0919,262.61581,215.36053,10.14459,5.44752,6.06144
1980-12-23,151.7754,265.5927,217.79727,10.11448,5.43204,6.04409
1980-12-24,152.6867,267.21899,219.12644,NA,NA,NA
1980-12-25,152.6867,267.25103,219.14828,NA,NA,NA
1980-12-26,152.7859,267.45666,219.31247,NA,NA,NA
1980-12-29,152.9187,267.72114,219.5249,10.27481,5.52088,6.14242
1980-12-30,152.7904,267.52869,219.36266,10.19372,5.47802,6.0946
1980-12-31,152.7985,267.57495,219.39615,10.24715,5.50741,6.12717
1981-01-01,152.7985,267.60704,219.41802,NA,NA,NA
1981-01-02,152.2339,266.65069,218.62942,10.28858,5.53106,6.15321
1981-01-05,152.8954,267.84112,219.60102,10.21157,5.49038,6.10782
1981-01-06,155.1307,271.7889,222.8331,10.23104,5.50153,6.12009
1981-01-07,152.5959,267.38281,219.21589,10.13918,5.45285,6.0658
1981-01-08,151.2324,265.02685,217.27979,10.14367,5.45595,6.06912
1981-01-09,150.5182,263.80755,216.27571,10.11429,5.44084,6.05219
1981-01-12,149.8988,262.75402,215.4076,10.10667,5.43742,6.04826
1981-01-13,147.5883,258.7376,212.11031,10.04413,5.40447,6.01148
1981-01-14,148.2312,259.89548,213.05521,10.07462,5.42155,6.03035
1981-01-15,148.5213,260.43515,213.49331,10.11154,5.4421,6.05307
1981-01-16,148.9308,261.18429,214.10309,10.22977,5.50639,6.12445
1981-01-19,149.8242,262.78214,215.40854,10.21449,5.49886,6.11594
1981-01-20,149.8489,262.85696,215.46552,10.22569,5.50558,6.12329
1981-01-21,150.3527,263.77203,216.21124,10.18808,5.48603,6.10141
1981-01-22,149.3981,262.12969,214.86059,10.24905,5.51954,6.13855
1981-01-23,148.7481,261.02112,213.94753,10.23963,5.51517,6.13355
1981-01-26,148.8789,261.28188,214.15694,10.3631,5.58234,6.20812
1981-01-27,148.6705,260.94759,213.87861,10.33877,5.56994,6.1942
1981-01-28,147.6116,259.12114,212.3772,10.38181,5.59382,6.22062
1981-01-29,147.1526,258.34678,211.73821,10.40534,5.6072,6.23536
1981-01-30,146.3298,256.93384,210.57584,10.45061,5.63229,6.26314
1981-02-02,145.7792,255.99826,209.80477,10.3868,5.59863,6.22556
1981-02-03,143.4869,252.0056,206.52808,10.41522,5.61464,6.24324
1981-02-04,145.4485,255.48082,209.37179,10.45139,5.63484,6.26557
1981-02-05,145.5518,255.69285,209.54132,10.4648,5.64278,6.27426
1981-02-06,145.0337,254.81371,208.81659,10.50233,5.66372,6.2974
1981-02-09,145.6336,255.89804,209.70095,10.51803,5.67289,6.30747
1981-02-10,145.9965,256.56624,210.24427,10.59476,5.71498,6.35412
1981-02-11,145.1929,255.18541,209.10843,10.54951,5.6913,6.32766
1981-02-12,144.2646,253.58519,207.79286,10.57742,5.70707,6.34506
1981-02-13,142.8814,251.18542,205.82211,10.58824,5.71362,6.35221
1981-02-16,138.5783,243.65419,199.64647,10.52326,5.67929,6.3139
1981-02-17,139.5181,245.33556,201.02008,10.37489,5.59996,6.22557
1981-02-18,142.8009,251.13792,205.76984,10.49726,5.66669,6.29963
1981-02-19,144.196,253.62131,207.80034,10.51535,5.67717,6.31113
1981-02-20,146.1208,257.03703,210.59456,10.39933,5.61527,6.24219
1981-02-23,145.0855,255.24751,209.12404,10.44153,5.63875,6.26816
1981-02-24,144.2121,253.74223,207.88647,10.41622,5.6258,6.25363
1981-02-25,145.6762,256.34852,210.01744,10.55321,5.70047,6.33649
1981-02-26,144.2096,253.79973,207.92492,10.52333,5.68505,6.31922
1981-02-27,144.4282,254.21479,208.26075,10.62489,5.74061,6.38084
1981-03-02,144.0697,253.61449,207.76473,10.69254,5.77787,6.42212
1981-03-03,141.3927,248.93483,203.92661,10.55898,5.70646,6.34261
1981-03-04,144.6365,254.67596,208.62517,10.5738,5.71519,6.35217
1981-03-05,143.5854,252.85657,207.13046,10.60552,5.73304,6.37188
1981-03-06,141.7211,249.6055,204.46293,10.49517,5.67414,6.30627
1981-03-09,141.5953,249.41394,204.30187,10.42871,5.63893,6.26701
1981-03-10,142.7438,251.46664,205.97909,10.41983,5.63484,6.26233
1981-03-11,141.9938,250.17611,204.91778,10.38579,5.61715,6.24253
1981-03-12,143.6013,253.03812,207.25777,10.48329,5.67057,6.30177
1981-03-13,143.5048,252.89848,207.13919,10.47016,5.66418,6.29453
1981-03-16,143.978,253.76255,207.84271,10.43621,5.64654,6.27479
1981-03-17,146.081,257.49941,210.89895,10.50543,5.68469,6.31705
1981-03-18,147.6129,260.23037,213.1313,10.53368,5.70069,6.33469
1981-03-19,149.0449,262.78585,215.21984,10.59285,5.73341,6.37092
1981-03-20,147.5522,260.18682,213.08676,10.53877,5.70487,6.33907
1981-03-23,145.4226,256.46472,210.03391,10.52702,5.69924,6.33267
1981-03-24,146.9315,259.15631,212.23385,10.61875,5.7496,6.38849
1981-03-25,146.6787,258.74166,211.88997,10.58394,5.73148,6.36822
1981-03-26,147.8175,260.78128,213.55591,10.71009,5.80049,6.44476
1981-03-27,145.5341,256.78623,210.27977,10.70535,5.79865,6.44258
1981-03-30,144.9034,255.70464,209.38978,10.61717,5.75164,6.39021
1981-03-31,146.6726,258.85714,211.96689,10.64822,5.76918,6.40956
1981-04-01,147.4048,260.18019,213.04595,10.6943,5.79486,6.43796
1981-04-02,148.5995,262.31987,214.79362,10.80239,5.85414,6.50367
1981-04-03,146.1836,258.08878,211.32451,10.77387,5.83943,6.48719
1981-04-06,143.6628,253.67152,207.7031,10.67496,5.78657,6.42833
1981-04-07,142.2475,251.2041,205.67847,10.58054,5.73614,6.37216
1981-04-08,145.5044,256.98607,210.40798,10.69421,5.79846,6.44126
1981-04-09,145.93,257.7684,211.04426,10.81872,5.86668,6.5169
1981-04-10,145.7063,257.4043,210.74188,10.82956,5.87329,6.5241
1981-04-13,142.6747,252.08226,206.38006,10.72768,5.8188,6.46343
1981-04-14,143.2577,253.14235,207.24376,10.72835,5.8199,6.46451
1981-04-15,142.9622,252.65073,206.83707,10.75666,5.83598,6.48224
1981-04-16,142.8743,252.52573,206.73056,10.81396,5.86779,6.51743
1981-04-17,142.8743,252.55601,206.75116,NA,NA,NA
1981-04-20,143.2825,253.3077,207.36233,NA,NA,NA
1981-04-21,144.8041,256.02788,209.5848,10.93458,5.93545,6.59216
1981-04-22,146.4658,258.99642,212.01048,11.0099,5.97707,6.63824
1981-04-23,147.6582,261.13576,213.75734,11.08815,6.02028,6.68609
1981-04-24,148.3021,262.3056,214.71059,11.17951,6.07063,6.74186
1981-04-27,147.308,260.57955,213.29331,11.09029,6.02296,6.68878
1981-04-28,145.3913,257.222,210.54053,11.01681,5.98383,6.64518
1981-04-29,144.4237,255.54176,209.16089,11.03007,5.99178,6.65387
1981-04-30,144.6423,255.95909,209.49824,11.06408,6.01101,6.67507
1981-05-01,144.9082,256.4602,209.90415,NA,NA,NA
1981-05-04,143.1823,253.43798,207.42615,11.10226,6.03326,6.69949
1981-05-05,140.3462,248.45092,203.34001,11.00769,5.98265,6.64315
1981-05-06,140.8026,249.28849,204.02138,10.93318,5.94292,6.59889
1981-05-07,140.4512,248.69647,203.53271,11.03761,6.00041,6.66259
1981-05-08,141.4135,250.42999,204.94726,10.99422,5.97759,6.6371
1981-05-11,140.9421,249.62554,204.28474,11.08908,6.0299,6.69504
1981-05-12,138.4123,245.17719,200.63997,10.98152,5.97219,6.63082
1981-05-13,136.994,242.69551,198.60491,10.85527,5.9043,6.55531
1981-05-14,136.0117,240.98519,197.2012,10.88842,5.92307,6.57601
1981-05-15,136.8012,242.41269,198.36532,10.89502,5.92741,6.58068
1981-05-18,137.171,243.0969,198.92119,10.8791,5.9195,6.57176
1981-05-19,136.8836,242.6169,198.52437,10.89369,5.92818,6.58125
1981-05-20,134.8179,238.98656,195.54958,10.70408,5.82578,6.46743
1981-05-21,135.3188,239.90297,196.29545,10.84778,5.90469,6.5549
1981-05-22,133.8445,237.31929,194.1773,10.75904,5.85716,6.50198
1981-05-25,133.8317,237.32506,194.17809,10.7266,5.84024,6.48307
1981-05-26,133.1096,236.07356,193.15014,10.73632,5.84626,6.48961
1981-05-27,132.3684,234.78789,192.09428,10.71392,5.83481,6.47675
1981-05-28,132.7655,235.52024,192.68957,NA,NA,NA
1981-05-29,132.5569,235.17856,192.40612,10.64288,5.7976,6.43517
1981-06-01,132.7718,235.58794,192.73714,10.66111,5.80825,6.44686
1981-06-02,130.9613,232.40532,190.12932,10.69861,5.82941,6.4702
1981-06-03,130.7954,232.13888,189.90749,10.66918,5.81411,6.45309
1981-06-04,128.4669,228.03616,186.54707,10.65033,5.80458,6.44236
1981-06-05,125.8082,223.34654,182.70665,10.57057,5.76186,6.39481
1981-06-08,125.8918,223.5217,182.84623,NA,NA,NA
1981-06-09,126.0148,223.76683,183.04306,10.46977,5.70837,6.33518
1981-06-10,128.7541,228.65806,187.04007,10.627,5.79479,6.43095
1981-06-11,127.1819,225.89479,184.7758,10.57574,5.76757,6.40061
1981-06-12,126.7978,225.23991,184.23637,10.54879,5.75361,6.38497
1981-06-15,129.6357,230.3083,188.37799,10.64476,5.80666,6.44371
1981-06-16,131.4622,233.58072,191.05063,10.66711,5.81958,6.4579
1981-06-17,131.305,233.32951,190.8413,10.66026,5.81658,6.45443
1981-06-18,129.756,230.6063,188.60995,10.64767,5.81044,6.44749
1981-06-19,127.5032,226.63227,185.35559,10.57343,5.77068,6.40322
1981-06-22,128.9554,229.24049,187.48491,10.59088,5.78092,6.41445
1981-06-23,128.9863,229.32289,187.54851,10.56083,5.76526,6.39693
1981-06-24,130.22,231.54356,189.36076,10.71477,5.84999,6.49081
1981-06-25,129.2104,229.77699,187.91211,10.66867,5.82557,6.46357
1981-06-26,127.6268,226.98983,185.62881,10.64902,5.81557,6.45235
1981-06-29,129.048,229.54453,187.71413,10.70457,5.84663,6.48666
1981-06-30,128.9427,229.38481,187.57971,10.73842,5.86585,6.50784
1981-07-01,127.5191,226.88105,185.52832,10.68367,5.83669,6.47536
1981-07-02,126.0555,224.30554,183.41834,10.59642,5.78978,6.42317
1981-07-03,126.1491,224.49894,183.57278,10.60835,5.79702,6.43107
1981-07-06,124.2423,221.13421,180.81753,10.56737,5.77536,6.40691
1981-07-07,123.4208,219.69922,179.64044,10.44793,5.71084,6.33519
1981-07-08,121.3404,216.02419,176.63164,10.37176,5.66994,6.28968
1981-07-09,120.7515,215.0021,175.79233,10.30738,5.63547,6.25131
1981-07-10,122.619,218.35296,178.52833,10.44548,5.71166,6.33569
1981-07-13,123.8772,220.61948,180.37776,10.4473,5.71337,6.33745
1981-07-14,121.9758,217.26138,177.62834,10.40987,5.69363,6.31542
1981-07-15,123.8762,220.67232,180.41326,10.48345,5.73458,6.3607
1981-07-16,124.2639,221.38927,180.99575,10.47388,5.73007,6.35556
1981-07-17,123.0952,219.33467,179.31225,10.41534,5.69878,6.32072
1981-07-20,121.7762,217.0119,177.40957,10.35661,5.66737,6.28575
1981-07-21,121.1493,215.92123,176.5143,10.40198,5.6929,6.31393
1981-07-22,121.2854,216.18962,176.73014,10.36807,5.67507,6.29401
1981-07-23,122.6747,218.69178,178.77191,10.44718,5.71907,6.34268
1981-07-24,122.4337,218.28853,178.43864,10.43678,5.7141,6.33703
1981-07-27,125.3516,223.51735,182.7089,10.58587,5.79641,6.42818
1981-07-28,124.1221,221.35287,180.93579,10.57557,5.79151,6.4226
1981-07-29,124.518,222.08529,181.5308,10.60622,5.80901,6.44188
1981-07-30,123.554,220.39337,180.14409,10.63131,5.82348,6.45778
1981-07-31,124.8451,222.72264,182.04423,10.71721,5.87125,6.51062
1981-08-03,123.0495,219.54766,179.44526,10.72021,5.87363,6.51312
1981-08-04,122.549,218.68134,178.73353,10.75446,5.89313,6.5346
1981-08-05,122.7462,219.05937,179.03888,10.74494,5.88866,6.5295
1981-08-06,123.2549,219.99331,179.79856,10.83481,5.93863,6.58477
1981-08-07,122.8637,219.32172,179.24602,10.87661,5.96228,6.61085
1981-08-10,121.1206,216.23804,176.722,10.88019,5.965,6.61372
1981-08-11,122.0552,217.93231,178.10302,10.93396,5.99521,6.64708
1981-08-12,123.959,221.35765,180.89854,10.96694,6.01405,6.66782
1981-08-13,125.8468,224.75522,183.67125,11.00868,6.03768,6.69388
1981-08-14,126.0462,225.13819,183.9805,11.08795,6.0819,6.74276
1981-08-17,125.8027,224.73041,183.64354,11.06986,6.07275,6.73247
1981-08-18,128.5774,229.71421,187.71208,11.07332,6.07541,6.73528
1981-08-19,127.5405,227.89011,186.21763,11.10596,6.09408,6.75583
1981-08-20,128.5836,229.78103,187.75894,11.1098,6.09695,6.75886
1981-08-21,128.8383,230.26363,188.14948,10.99874,6.0368,6.69203
1981-08-24,128.921,230.439,188.28897,10.98872,6.03206,6.68663
1981-08-25,125.0766,223.59817,182.69527,10.93803,6.00501,6.6565
1981-08-26,125.1648,223.78261,182.84228,10.85712,5.96136,6.60798
1981-08-27,126.2073,225.67312,184.38316,10.90019,5.98575,6.63487
1981-08-28,126.7774,226.71939,185.23425,10.89054,5.9812,6.62969
1981-08-31,127.9186,228.7872,186.91987,10.87479,5.97331,6.6208
1981-09-01,125.9601,225.31359,184.07793,10.78973,5.92736,6.56972
1981-09-02,126.5686,226.42888,184.98536,10.79135,5.92899,6.57139
1981-09-03,127.0119,227.24892,185.65155,10.78205,5.92463,6.56642
1981-09-04,125.4648,224.50951,183.40967,10.64763,5.85155,6.48527
1981-09-07,124.0941,222.0849,181.42507,10.56909,5.80913,6.43813
1981-09-08,123.1302,220.38729,180.03451,10.45355,5.74638,6.36845
1981-09-09,122.15,218.6601,178.61985,10.45215,5.74634,6.36826
1981-09-10,122.9915,220.19247,179.86796,10.45997,5.75136,6.37369
1981-09-11,123.7252,221.53222,180.95868,10.45757,5.75077,6.37289
1981-09-14,122.94,220.15349,179.82875,10.29905,5.66435,6.27699
1981-09-15,123.216,220.67401,180.25029,10.23626,5.63055,6.23939
1981-09-16,124.1886,222.44214,181.69082,10.18701,5.60417,6.21003
1981-09-17,126.5407,226.68186,185.14986,10.17472,5.59812,6.2032
1981-09-18,123.8122,221.82373,181.17781,9.94441,5.47216,6.06348
1981-09-21,123.6314,221.52652,180.93138,9.81059,5.39923,5.98255
1981-09-22,123.4968,221.31198,180.7525,9.94454,5.47361,6.06483
1981-09-23,120.5736,216.1026,176.49389,9.75026,5.3674,5.94702
1981-09-24,117.2596,210.19169,171.66251,9.67373,5.32597,5.90098
1981-09-25,116.2458,208.40049,170.19608,9.60092,5.28656,5.8572
1981-09-28,111.0188,199.05824,162.56278,9.2387,5.08785,5.63691
1981-09-29,116.1562,208.29552,170.10221,9.50327,5.23415,5.79887
1981-09-30,115.4311,207.0208,169.05772,9.50236,5.2343,5.79892
1981-10-01,116.1079,208.25924,170.06561,9.53752,5.25432,5.82097
1981-10-02,117.8738,211.45157,172.66886,9.54336,5.2582,5.82515
1981-10-05,121.3222,217.66355,177.73748,9.75869,5.37746,5.95714
1981-10-06,121.5392,218.07887,178.07302,9.79678,5.39912,5.981
1981-10-07,122.1357,219.17514,178.96455,9.74649,5.37209,5.95093
1981-10-08,122.5921,220.02027,179.651,9.8159,5.41101,5.99392
1981-10-09,126.8778,227.73943,185.9495,9.96824,5.49564,6.08754
1981-10-12,126.292,226.71569,185.10981,9.96142,5.49258,6.08401
1981-10-13,123.0839,220.98658,180.42804,9.76449,5.38473,5.96442
1981-10-14,120.5099,216.39402,176.67446,9.69069,5.34472,5.91998
1981-10-15,121.2608,217.76812,177.79273,9.64425,5.31979,5.89223
1981-10-16,119.2744,214.22876,174.89928,9.62306,5.30877,5.8799
1981-10-19,118.601,213.04548,173.92965,9.56082,5.27512,5.84251
1981-10-20,119.7532,215.14055,175.63645,9.62808,5.31288,5.8842
1981-10-21,119.0872,213.97037,174.67754,9.69073,5.34811,5.92309
1981-10-22,117.6243,211.3689,172.55011,9.65215,5.3275,5.90014
1981-10-23,117.3757,210.94767,172.20274,9.61917,5.30997,5.8806
1981-10-26,115.6465,207.86685,169.68411,9.64482,5.32479,5.89689
1981-10-27,115.8209,208.20516,169.95685,9.58836,5.29431,5.863
1981-10-28,116.8788,210.13167,171.52593,9.65865,5.33377,5.90657
1981-10-29,117.1482,210.64109,171.93829,9.62027,5.31326,5.88373
1981-10-30,119.5129,214.91835,175.42588,9.68589,5.35015,5.92446
1981-11-02,124.173,223.32572,182.28397,9.91447,5.47704,6.06484
1981-11-03,124.2067,223.4131,182.3516,9.94518,5.49469,6.08425
1981-11-04,125.1515,225.1391,183.75663,9.96723,5.50756,6.09837
1981-11-05,126.7881,228.11008,186.17765,10.13432,5.60055,6.20121
1981-11-06,125.3837,225.61198,184.13486,10.05776,5.55896,6.15502
1981-11-09,128.0143,230.37261,188.01622,10.16665,5.61982,6.22228
1981-11-10,126.1697,227.08243,185.32697,10.09132,5.5789,6.17684
1981-11-11,125.099,225.18351,183.77338,9.9739,5.51471,6.10564
1981-11-12,126.5648,227.84884,185.94472,10.07248,5.56989,6.1666
1981-11-13,127.6761,229.87656,187.59569,10.14989,5.61338,6.21462
1981-11-16,125.7855,226.50192,184.83774,10.08538,5.57843,6.17579
1981-11-17,124.9279,224.9855,183.59645,10.05609,5.56294,6.1585
1981-11-18,124.3293,223.93489,182.73537,10.03088,5.5497,6.14372
1981-11-19,125.7915,226.5952,184.90241,10.04826,5.56001,6.155
1981-11-20,127.0357,228.86341,186.74944,10.23232,5.66252,6.26834
1981-11-23,125.6565,226.40737,184.74143,10.18755,5.63847,6.24158
1981-11-24,126.9482,228.7617,186.65865,10.18233,5.63628,6.23903
1981-11-25,129.4632,233.32127,190.37496,10.3181,5.71212,6.32285
1981-11-26,130.1739,234.62988,191.43881,10.37192,5.74262,6.35647
1981-11-27,131.6681,237.35102,193.65504,10.49002,5.80871,6.42949
1981-11-30,133.6184,240.89508,196.54252,10.5289,5.83097,6.45398
1981-12-01,132.3854,238.70211,194.74922,10.51665,5.82492,6.44715
1981-12-02,131.719,237.52967,193.78868,10.53516,5.8359,6.45917
1981-12-03,130.5116,235.38189,192.03238,10.4253,5.7758,6.39251
1981-12-04,132.192,238.44061,194.52374,10.52031,5.82915,6.45141
1981-12-07,132.5555,239.12471,195.07791,10.58665,5.86662,6.49275
1981-12-08,130.8284,236.03936,192.55675,10.56396,5.8548,6.47952
1981-12-09,129.2982,233.30829,190.32474,10.40216,5.76589,6.38099
1981-12-10,129.2966,233.33338,190.34135,10.46047,5.79893,6.41741
1981-12-11,127.9441,230.9218,188.37013,10.42498,5.77999,6.39632
1981-12-14,124.7227,225.13813,183.64809,10.30491,5.71417,6.32335
1981-12-15,126.0315,227.52745,185.59328,10.27295,5.69717,6.3044
1981-12-16,127.0331,229.36273,187.08648,10.36709,5.75008,6.36281
1981-12-17,126.6583,228.71377,186.55334,10.31829,5.72375,6.33354
1981-12-18,125.523,226.69211,184.90047,10.31766,5.72412,6.33381
1981-12-21,125.368,226.43946,184.69065,10.26745,5.697,6.30366
1981-12-22,125.9515,227.52033,185.56849,10.2731,5.70085,6.30779
1981-12-23,126.3645,228.2935,186.19533,10.33654,5.73676,6.34738
1981-12-24,126.4576,228.48903,186.35103,NA,NA,NA
1981-12-25,126.4579,228.51697,186.37005,NA,NA,NA
1981-12-28,126.6963,228.97507,186.73989,10.31661,5.72786,6.33713
1981-12-29,127.3514,230.18626,187.72387,10.38342,5.76567,6.37882
1981-12-30,128.1811,231.71332,188.96539,10.42495,5.78944,6.40499
1981-12-31,128.6717,232.62778,189.70731,10.41279,5.78342,6.39819
1982-01-01,128.6716,232.6555,189.72608,NA,NA,NA
1982-01-04,129.2472,233.72396,190.59353,10.35632,5.75352,6.36484
1982-01-05,127.4055,230.42327,187.89788,10.32268,5.73557,6.34484
1982-01-06,127.1259,229.9454,187.50439,10.26028,5.70163,6.30716
1982-01-07,127.2209,230.14476,187.66317,10.33633,5.74459,6.35455
1982-01-08,128.4174,232.33663,189.44656,10.43161,5.79825,6.41377
1982-01-11,126.7562,229.36053,187.01586,10.35797,5.75806,6.36917
1982-01-12,125.1819,226.54085,184.7128,10.30312,5.72831,6.33613
1982-01-13,125.8764,227.82464,185.75578,10.32931,5.74359,6.35289
1982-01-14,124.111,224.65839,183.17025,10.28533,5.71986,6.32651
1982-01-15,125.2739,226.79013,184.90453,10.34559,5.75408,6.36422
1982-01-18,125.573,227.35868,185.36433,10.42222,5.79741,6.41201
1982-01-19,127.7034,231.24315,188.52732,10.49394,5.83802,6.45679
1982-01-20,126.8002,229.63612,187.21326,10.49433,5.83897,6.4577
1982-01-21,128.2713,232.32765,189.40364,10.60908,5.90353,6.52896
1982-01-22,128.8316,233.37014,190.24968,10.66446,5.93508,6.56371
1982-01-25,126.107,228.46518,186.24689,10.57141,5.88406,6.50715
1982-01-26,127.9099,231.75873,188.92788,10.72664,5.97117,6.60334
1982-01-27,128.5819,233.0039,189.93908,10.65283,5.93085,6.55861
1982-01-28,128.3405,232.59455,189.60154,10.72079,5.96942,6.60112
1982-01-29,130.0925,235.7975,192.20844,10.7851,6.00597,6.64139
1982-02-01,127.5492,231.2183,188.47159,10.72814,5.97502,6.60703
1982-02-02,126.9439,230.1492,187.59629,10.71313,5.96741,6.59847
1982-02-03,127.7166,231.57749,188.75666,10.70839,5.96552,6.59624
1982-02-04,127.5969,231.38829,188.59863,10.76307,5.99673,6.6306
1982-02-05,128.1231,232.37007,189.39502,10.75273,5.99172,6.62493
1982-02-08,126.9343,230.24292,187.65733,10.69793,5.96195,6.59187
1982-02-09,125.3228,227.34896,185.29467,10.64999,5.93599,6.56303
1982-02-10,126.5578,229.61643,187.13887,10.74143,5.98769,6.62004
1982-02-11,126.9585,230.37081,187.7499,10.76192,5.99986,6.63336
1982-02-12,125.3885,227.55106,185.44787,10.73344,5.98475,6.6165
1982-02-15,124.4456,225.86799,184.07238,10.69337,5.96317,6.5925
1982-02-16,123.8162,224.7532,183.16011,10.64658,5.93783,6.56435
1982-02-17,125.1111,227.13047,185.09364,10.70031,5.96854,6.59816
1982-02-18,125.6113,228.06561,185.85194,10.72222,5.9815,6.61235
1982-02-19,127.4068,231.35283,188.52677,10.81035,6.03141,6.66737
1982-02-22,128.3285,233.05403,189.90919,10.90752,6.08636,6.72797
1982-02-23,126.4541,229.67968,187.15548,10.79731,6.02565,6.66072
1982-02-24,125.5536,228.07238,185.84191,10.74234,5.99575,6.62752
1982-02-25,125.7328,228.42516,186.12561,10.80609,6.03207,6.66753
1982-02-26,124.5846,226.36756,184.44517,10.75793,6.00595,6.63852
1982-03-01,124.705,226.61341,184.64176,10.77362,6.01547,6.64889
1982-03-02,125.9768,228.9515,186.54296,10.84297,6.05493,6.69237
1982-03-03,125.8678,228.78092,186.4002,10.83359,6.05046,6.68728
1982-03-04,125.9718,228.99733,186.57275,10.82345,6.04556,6.68172
1982-03-05,126.9789,230.85532,188.08269,10.81269,6.04031,6.67578
1982-03-08,127.3149,231.49373,188.599,10.83815,6.05529,6.69219
1982-03-09,124.97,227.26,185.1457,10.72374,5.99216,6.62227
1982-03-10,124.8374,227.04619,184.96777,10.73649,6.00003,6.63083
1982-03-11,124.9841,227.34015,185.20351,10.73859,6.00196,6.63282
1982-03-12,124.2663,226.06234,184.15873,10.74629,6.00702,6.63827
1982-03-15,123.9103,225.44206,183.64969,10.67243,5.9665,6.59335
1982-03-16,123.6436,224.98403,183.27284,10.69349,5.97903,6.60705
1982-03-17,123.5098,224.76763,183.09285,10.68718,5.97625,6.60384
1982-03-18,123.7571,225.24451,183.47761,10.71808,5.99428,6.62361
1982-03-19,124.413,226.46509,184.46812,10.86378,6.07649,6.71431
1982-03-22,124.2816,226.25314,184.29174,10.85446,6.07204,6.70926
1982-03-23,125.281,228.09945,185.79183,10.98763,6.14727,6.79224
1982-03-24,125.4732,228.47665,186.09531,10.91837,6.10931,6.75015
1982-03-25,124.7076,227.11056,184.9788,10.9199,6.11094,6.7518
1982-03-26,124.1879,226.19173,184.22665,10.91246,6.10755,6.74791
1982-03-29,122.8201,223.72883,182.21683,10.85197,6.07447,6.71122
1982-03-30,123.4767,224.95152,183.20894,10.91548,6.11077,6.75118
1982-03-31,123.7684,225.50979,183.6599,10.92148,6.1149,6.7556
1982-04-01,124.1399,226.21356,184.22935,10.94327,6.12787,6.76978
1982-04-02,125.0797,227.95302,185.64218,10.97984,6.14911,6.7931
1982-04-05,123.0377,224.2608,182.63132,10.85919,6.08234,6.71919
1982-04-06,121.3191,221.15681,180.09964,10.75071,6.02237,6.65279
1982-04-07,122.5553,223.43665,181.95249,10.83185,6.06856,6.70368
1982-04-08,122.0788,222.59505,181.26344,10.84099,6.07445,6.71004
1982-04-09,122.0787,222.62156,181.28136,NA,NA,NA
1982-04-12,122.0787,222.64826,181.29943,NA,NA,NA
1982-04-13,122.2431,222.97471,181.56159,10.82931,6.0702,6.70491
1982-04-14,122.2368,222.98996,181.57034,10.82221,6.06698,6.70121
1982-04-15,120.3087,219.50119,178.72571,10.69245,5.99503,6.6216
1982-04-16,120.8905,220.5888,179.60764,10.75831,6.0327,6.66306
1982-04-19,121.9339,222.51893,181.17549,10.80519,6.05974,6.69278
1982-04-20,123.4805,225.36787,183.49129,10.86661,6.09493,6.7315
1982-04-21,123.7838,225.94833,183.96018,10.88675,6.10699,6.74468
1982-04-22,124.505,227.29165,185.05011,10.96006,6.14887,6.79078
1982-04-23,125.0854,228.37827,185.93102,11.01888,6.18263,6.82793
1982-04-26,125.8392,229.78171,187.06982,10.97631,6.15954,6.80227
1982-04-27,125.4465,229.09247,186.50489,10.94967,6.14537,6.78648
1982-04-28,126.6296,231.28032,188.28217,10.96794,6.15639,6.7985
1982-04-29,127.0551,232.08504,188.93345,11.01891,6.18576,6.8308
1982-04-30,127.0784,232.15541,188.98692,10.92067,6.13141,6.77063
1982-05-03,127.5512,233.04682,189.70874,10.90158,6.12147,6.75951
1982-05-04,127.7584,233.45324,190.03574,10.9834,6.16817,6.81093
1982-05-05,127.2679,232.58529,189.32535,10.88478,6.11358,6.7505
1982-05-06,129.3542,236.4259,192.44755,10.98514,6.1707,6.81343
1982-05-07,130.7881,239.07485,194.59975,11.03755,6.20091,6.84664
1982-05-10,131.3565,240.14233,195.46469,11.04731,6.20717,6.8534
1982-05-11,130.7743,239.1072,194.61815,10.97209,6.1657,6.80747
1982-05-12,131.9683,241.31875,196.41419,11.07332,6.22335,6.87097
1982-05-13,130.0541,237.84916,193.58604,10.97666,6.16982,6.81173
1982-05-14,129.559,236.97258,192.86864,11.04203,6.20733,6.85299
1982-05-17,129.4426,236.78816,192.71464,10.91142,6.13472,6.77268
1982-05-18,127.3559,233.00134,189.62854,10.887,6.12177,6.75823
1982-05-19,126.7229,231.87167,188.70528,10.82131,6.08561,6.71817
1982-05-20,126.0129,230.60091,187.66723,NA,NA,NA
1982-05-21,126.0115,230.626,187.68385,10.693,6.015,6.63994
1982-05-24,127.2008,232.8301,189.47366,10.77103,6.05964,6.68907
1982-05-25,127.2697,232.9841,189.59515,10.82591,6.09126,6.72383
1982-05-26,126.9961,232.51135,189.2066,10.82675,6.0925,6.72506
1982-05-27,126.4182,231.48162,188.36479,10.85544,6.10941,6.74357
1982-05-28,126.5016,231.66204,188.5078,10.91381,6.14302,6.78052
1982-05-31,126.5051,231.69623,188.5318,NA,NA,NA
1982-06-01,125.745,230.33249,187.41825,10.93552,6.15678,6.79543
1982-06-02,124.9415,228.88895,186.23981,10.93602,6.15784,6.79645
1982-06-03,125.8819,230.63896,187.65992,10.9366,6.15894,6.79752
1982-06-04,125.9575,230.80509,187.79129,10.9022,6.14035,6.77685
1982-06-07,124.9519,228.99096,186.31137,10.93039,6.157,6.79508
1982-06-08,124.805,228.7493,186.11097,10.91537,6.14931,6.78645
1982-06-09,123.6782,226.71246,184.44992,10.95313,6.17135,6.81063
1982-06-10,122.0068,223.6774,181.97674,10.78228,6.0759,6.70515
1982-06-11,123.6821,226.77546,184.49336,10.8691,6.12558,6.75982
1982-06-14,121.1084,222.08606,180.67431,10.86909,6.12634,6.76052
1982-06-15,120.7337,221.42584,180.13352,10.90453,6.14708,6.78326
1982-06-16,119.4033,219.01366,178.16739,10.79881,6.08828,6.71822
1982-06-17,117.5326,215.61038,175.39503,10.6968,6.03155,6.65549
1982-06-18,116.346,213.46052,173.64249,10.6152,5.98632,6.60543
1982-06-21,114.2306,209.60698,170.50403,10.54818,5.9493,6.56444
1982-06-22,115.8455,212.59526,172.93122,10.60368,5.98133,6.59964
1982-06-23,114.6354,210.40112,171.14283,10.57667,5.96686,6.58353
1982-06-24,115.4551,211.93062,172.38343,10.55255,5.954,6.56921
1982-06-25,113.7758,208.87508,169.8944,10.52832,5.94109,6.55482
1982-06-28,113.2172,207.87505,169.07752,10.48989,5.92016,6.53158
1982-06-29,114.5271,210.30488,171.05032,10.52577,5.94115,6.5546
1982-06-30,115.8354,212.73235,173.02111,10.59833,5.98284,6.60045
1982-07-01,114.8458,210.94131,171.56082,10.51765,5.93806,6.55091
1982-07-02,114.1862,209.75562,170.59297,10.46488,5.90903,6.51874
1982-07-05,114.2455,209.88967,170.69854,10.4966,5.92768,6.53917
1982-07-06,114.0201,209.50089,170.37889,10.50005,5.93037,6.542
1982-07-07,112.7059,207.11251,168.43293,10.5269,5.94628,6.55941
1982-07-08,112.5135,206.78391,168.16229,10.47996,5.92052,6.53086
1982-07-09,113.6322,208.86453,169.85081,10.52834,5.94859,6.56168
1982-07-12,115.3831,212.10779,172.48464,10.56135,5.96798,6.58293
1982-07-13,114.257,210.06413,170.81915,10.52407,5.94767,6.56039
1982-07-14,114.1189,209.83551,170.62978,10.57567,5.97757,6.59322
1982-07-15,114.2849,210.16582,170.89493,10.59776,5.99081,6.60768
1982-07-16,114.4912,210.5703,171.22037,10.61017,5.99857,6.6161
1982-07-19,116.8528,214.93909,174.76898,10.69476,6.04714,6.66952
1982-07-20,117.51,216.17351,175.76914,10.76276,6.08633,6.71261
1982-07-21,118.7433,218.46805,177.63115,10.76905,6.09066,6.71723
1982-07-22,118.57,218.17551,177.3897,10.75333,6.08254,6.70813
1982-07-23,121.3957,223.40141,181.63468,10.8638,6.14576,6.77772
1982-07-26,121.1431,222.96351,181.27496,10.86222,6.14564,6.77744
1982-07-27,119.803,220.52503,179.28862,10.82938,6.12785,6.75767
1982-07-28,119.1018,219.26131,178.25753,10.82391,6.12552,6.75496
1982-07-29,117.7198,216.74468,176.20778,10.76402,6.09241,6.7183
1982-07-30,117.8214,216.95769,176.37738,10.76099,6.09147,6.71711
1982-08-02,118.8872,218.94607,177.99021,10.75545,6.0891,6.71436
1982-08-03,120.0343,221.08466,179.72507,10.84694,6.14164,6.77215
1982-08-04,117.7886,216.97705,176.38202,10.84027,6.13864,6.7687
1982-08-05,116.4828,214.59888,174.44508,10.71448,6.06821,6.69089
1982-08-06,114.342,210.68259,171.25782,10.64802,6.03134,6.6501
1982-08-09,112.0594,206.50415,167.85758,10.53597,5.96866,6.58084
1982-08-10,113.7324,209.61184,170.38011,10.53096,5.96658,6.5784
1982-08-11,112.5268,207.41613,168.59178,10.55845,5.9829,6.59625
1982-08-12,112.4496,207.29875,168.49296,10.52647,5.96553,6.57697
1982-08-13,112.9154,208.18213,169.20755,10.49181,5.94665,6.55601
1982-08-16,112.753,207.90778,168.98114,10.5605,5.98632,6.5996
1982-08-17,113.469,209.25276,170.07084,10.63776,6.03085,6.64856
1982-08-18,117.5674,216.837,176.2308,10.81878,6.1342,6.76234
1982-08-19,116.4515,214.80587,174.57636,10.78842,6.11776,6.74408
1982-08-20,119.5758,220.59515,179.27742,10.94398,6.20671,6.84199
1982-08-23,119.6374,220.73521,179.38762,10.9599,6.21652,6.85265
1982-08-24,120.5908,222.52053,180.83482,10.92983,6.20026,6.83458
1982-08-25,121.0046,223.31061,181.47323,10.94025,6.20694,6.8418
1982-08-26,121.9983,225.17102,182.98135,11.08944,6.29234,6.93578
1982-08-27,120.091,221.67955,180.14016,11.01293,6.24974,6.88868
1982-08-30,118.4747,218.72409,177.73469,10.97354,6.22818,6.86476
1982-08-31,118.0883,218.03723,177.17293,10.99106,6.2389,6.87644
1982-09-01,119.448,220.57374,179.23035,11.08122,6.29084,6.93354
1982-09-02,120.08,221.76705,180.19633,11.03035,6.26277,6.90245
1982-09-03,121.9251,225.20114,182.98285,11.19633,6.35776,7.00699
1982-09-06,121.1025,223.70945,181.76704,11.20985,6.36623,7.01618
1982-09-07,121.7321,224.89912,182.72996,11.21848,6.37193,7.02231
1982-09-08,120.8661,223.32688,181.44875,11.21278,6.3695,7.01948
1982-09-09,121.7478,224.98258,182.79025,11.30532,6.42285,7.07812
1982-09-10,119.5021,220.86177,179.4383,11.16999,6.34681,6.99417
1982-09-13,118.0837,218.26812,177.32732,11.1012,6.30853,6.95184
1982-09-14,119.5228,220.95419,179.50584,11.1874,6.3583,7.00653
1982-09-15,119.5078,220.95296,179.50122,11.13144,6.3273,6.97222
1982-09-16,119.0723,220.17459,178.86522,11.1595,6.34405,6.99052
1982-09-17,119.425,220.85302,179.41273,11.1521,6.34064,6.98662
1982-09-20,119.8948,221.74813,180.13625,11.15566,6.34346,6.98957
1982-09-21,120.2933,222.5116,180.75279,11.23797,6.39104,7.04186
1982-09-22,122.1207,225.91841,183.5164,11.36879,6.46622,7.12453
1982-09-23,121.3291,224.48173,182.34558,11.33956,6.45041,7.10697
1982-09-24,121.3155,224.48349,182.34333,11.38431,6.47668,7.13575
1982-09-27,119.7593,221.63227,180.02348,11.30105,6.43014,7.08433
1982-09-28,120.5421,223.10732,181.21793,11.40924,6.49249,7.15286
1982-09-29,120.7912,223.59501,181.61038,11.38009,6.47672,7.13534
1982-09-30,120.3441,222.79453,180.95651,11.35624,6.46397,7.12114
1982-10-01,120.5441,223.19141,181.2752,11.35803,6.4658,7.123
1982-10-04,118.5468,219.52201,178.29105,11.27018,6.41662,7.06867
1982-10-05,119.144,220.65402,179.20681,11.33554,6.45463,7.11039
1982-10-06,120.0608,222.37817,180.60342,11.39807,6.49104,7.15034
1982-10-07,122.5958,227.10035,184.43452,11.56499,6.58688,7.25576
1982-10-08,122.6083,227.15073,184.47171,11.51547,6.55951,7.22546
1982-10-11,124.9344,231.48748,187.98961,11.6641,6.64497,7.31944
1982-10-12,126.5104,234.4352,190.37949,11.76124,6.70113,7.38114
1982-10-13,126.1671,233.82738,189.88203,11.81183,6.73078,7.41365
1982-10-14,126.314,234.1276,190.12198,11.85971,6.7589,7.44446
1982-10-15,124.6778,231.12447,187.67928,11.72865,6.68509,7.363
1982-10-18,126.5398,234.60381,190.50061,11.86822,6.76546,7.45136
1982-10-19,127.307,236.05411,191.67437,11.94528,6.81022,7.5005
1982-10-20,126.0437,233.74113,189.79225,11.88514,6.77681,7.46354
1982-10-21,126.4753,234.56937,190.46091,11.94251,6.81035,7.50032
1982-10-22,126.256,234.19091,190.14976,11.91283,6.7943,7.48248
1982-10-25,123.4326,228.98452,185.91832,11.74993,6.70228,7.38098
1982-10-26,122.8461,227.92439,185.05378,11.65872,6.65111,7.32447
1982-10-27,123.2189,228.64325,185.63367,11.6777,6.66278,7.33716
1982-10-28,121.8175,226.07155,183.54184,11.61632,6.62861,7.29937
1982-10-29,121.4119,225.34623,182.94923,11.61674,6.62968,7.3004
1982-11-01,122.8744,228.08755,185.17096,11.72219,6.69068,7.36741
1982-11-02,124.3362,230.82822,187.39207,11.81801,6.74619,7.42838
1982-11-03,124.7635,231.649,188.0546,11.88821,6.7871,7.47326
1982-11-04,125.4432,232.93857,189.09765,12.05102,6.88087,7.57635
1982-11-05,123.8987,230.09994,186.78928,11.90264,6.79705,7.48389
1982-11-08,122.0756,226.74349,184.06062,11.80237,6.74066,7.42165
1982-11-09,122.6139,227.77032,184.89042,11.84268,6.76452,7.44776
1982-11-10,124.9706,232.17556,188.4623,11.99381,6.85167,7.54355
1982-11-11,123.6351,229.72349,186.46794,11.95445,6.83006,7.5196
1982-11-12,123.6644,229.80546,186.53071,11.96915,6.83931,7.52962
1982-11-15,122.6292,227.91021,184.98849,11.88729,6.79341,7.47893
1982-11-16,121.6721,226.15957,183.56372,11.74784,6.71461,7.39201
1982-11-17,122.3868,227.51493,184.66006,11.80128,6.74598,7.42639
1982-11-18,122.4555,227.66989,184.78209,11.82348,6.75952,7.44113
1982-11-19,123.4641,229.57217,186.32222,11.83501,6.76696,7.44916
1982-11-22,122.4006,227.62314,184.73651,11.71772,6.70077,7.37614
1982-11-23,121.1855,225.39187,182.92178,11.67775,6.67877,7.35176
1982-11-24,122.2157,227.33474,184.49479,11.69747,6.69088,7.36494
1982-11-25,120.9782,225.06125,182.64587,11.52878,6.59527,7.25954
1982-11-26,120.3151,223.85517,181.66334,11.50427,6.58209,7.24487
1982-11-29,122.5706,228.07858,185.08678,11.56262,6.61629,7.28236
1982-11-30,122.8554,228.63575,185.53518,11.55226,6.6112,7.2766
1982-12-01,126.117,234.73352,190.47921,11.73958,6.71919,7.3953
1982-12-02,126.5102,235.49335,191.09193,11.82127,6.76678,7.44752
1982-12-03,128.3358,238.91975,193.86823,11.86939,6.79516,7.4786
1982-12-06,127.7233,237.80859,192.96264,11.73859,6.72116,7.397
1982-12-07,127.5075,237.43545,192.65595,11.6894,6.69386,7.36679
1982-12-08,125.8396,234.35967,190.15617,11.65325,6.674,7.34478
1982-12-09,124.2431,231.41601,187.76372,11.54191,6.6111,7.2754
1982-12-10,125.0437,232.93474,188.99213,11.6212,6.65733,7.32612
1982-12-13,123.3873,229.87867,186.50857,11.56638,6.62678,7.29233
1982-12-14,126.5376,235.77586,191.28893,11.73768,6.72572,7.40106
1982-12-15,124.6979,232.378,188.52813,11.59765,6.64636,7.31357
1982-12-16,125.5941,234.07574,189.90163,11.56953,6.63109,7.29661
1982-12-17,126.3449,235.50289,191.05558,11.60219,6.65064,7.31796
1982-12-20,125.782,234.48233,190.22373,11.57228,6.63434,7.29986
1982-12-21,125.796,234.53654,190.26386,11.52408,6.60755,7.27024
1982-12-22,126.9033,236.62891,191.95733,11.61462,6.66027,7.32809
1982-12-23,126.22,235.38372,190.94328,11.55931,6.62941,7.29397
1982-12-24,126.384,235.7177,191.21035,NA,NA,NA
1982-12-27,127.3299,237.50993,192.66024,11.57048,6.63749,7.30254
1982-12-28,128.2226,239.20334,194.02994,11.58926,6.64909,7.31516
1982-12-29,129.277,241.19881,195.64457,11.69419,6.71011,7.38212
1982-12-30,129.036,240.77824,195.29947,11.68081,6.70328,7.37445
1982-12-31,128.7011,240.18243,194.81223,11.67938,6.7033,7.37432
1983-01-03,129.4832,241.67056,196.01527,11.7358,6.73652,7.4107
1983-01-04,129.7173,242.13636,196.38911,11.67391,6.70185,7.37241
1983-01-05,131.9652,246.36142,199.81168,11.83137,6.79305,7.47258
1983-01-06,132.1722,246.7773,200.14493,11.86082,6.81081,7.49195
1983-01-07,132.8985,248.16273,201.26449,11.94185,6.85819,7.5439
1983-01-10,132.8609,248.1223,201.22762,11.86807,6.81669,7.49809
1983-01-11,130.1812,243.15016,197.19086,11.70128,6.72178,7.39354
1983-01-12,129.6213,242.13397,196.36272,11.68323,6.71227,7.38291
1983-01-13,130.7402,244.25289,198.07704,11.75152,6.75233,7.42682
1983-01-14,131.1624,245.07077,198.73629,11.8623,6.81681,7.49758
1983-01-17,132.6267,247.83594,200.97451,11.97008,6.87959,7.56646
1983-01-18,130.1857,243.30656,197.29723,11.88655,6.83246,7.51447
1983-01-19,130.1949,243.35292,197.33083,12.00972,6.9041,7.5931
1983-01-20,130.4714,243.8988,197.76948,12.03017,6.91672,7.60682
1983-01-21,130.1324,243.29456,197.27551,12.03682,6.92141,7.61181
1983-01-24,125.54,234.74153,190.33594,11.85164,6.81584,7.49555
1983-01-25,127.5262,238.48351,193.36599,11.87327,6.82913,7.51
1983-01-26,128.3299,240.01486,194.60368,11.83023,6.80525,7.48357
1983-01-27,127.6108,238.69929,193.53303,11.91778,6.85644,7.53971
1983-01-28,129.0649,241.44765,195.7573,12.03055,6.92217,7.61182
1983-01-31,128.532,240.48008,194.96884,12.03451,6.92532,7.61512
1983-02-01,128.5299,240.50499,194.98509,12.13782,6.98561,7.68126
1983-02-02,127.2764,238.18943,193.10372,12.05573,6.93927,7.63014
1983-02-03,129.2487,241.90894,196.11506,12.19652,7.02115,7.72
1983-02-04,128.5615,240.65229,195.09229,12.18666,7.01636,7.71457
1983-02-07,129.1059,241.70001,195.93768,12.19746,7.02346,7.72221
1983-02-08,131.9338,247.02332,200.24876,12.28624,7.07544,7.7792
1983-02-09,132.6805,248.45078,201.40184,12.32963,7.10132,7.80748
1983-02-10,133.3507,249.73533,202.43904,12.32931,7.10202,7.80809
1983-02-11,135.267,253.35395,205.36804,12.47366,7.18604,7.90029
1983-02-14,134.7366,252.39129,204.58353,12.50615,7.20565,7.92168
1983-02-15,135.9092,254.61785,206.38412,12.50008,7.20306,7.91867
1983-02-16,135.8715,254.57778,206.34746,12.56238,7.23986,7.95894
1983-02-17,134.7527,252.51303,204.66961,12.35877,7.12347,7.83083
1983-02-18,135.5028,253.94869,205.82908,12.49803,7.20461,7.91985
1983-02-21,135.6303,254.21803,206.04322,12.46268,7.18515,7.89829
1983-02-22,134.452,252.04102,204.27448,12.37642,7.13634,7.84446
1983-02-23,133.202,249.72915,202.3965,12.45451,7.18224,7.89476
1983-02-24,134.708,252.58237,204.7047,12.5101,7.2152,7.93081
1983-02-25,135.1161,253.37769,205.34512,12.53608,7.23108,7.9481
1983-02-28,133.1213,249.66923,202.3353,12.38239,7.14337,7.85152
1983-03-01,132.6529,248.82103,201.64379,12.41771,7.16464,7.87473
1983-03-02,134.3554,252.04413,204.25153,12.54366,7.23819,7.9554
1983-03-03,135.9738,255.1102,206.73193,12.67859,7.31693,8.04177
1983-03-04,136.6677,256.44244,207.80732,12.68807,7.32332,8.04862
1983-03-07,138.9779,260.808,211.34046,12.84823,7.41665,8.15102
1983-03-08,137.3375,257.76243,208.8681,12.72068,7.34398,8.07098
1983-03-09,136.9459,257.05864,208.29357,12.74083,7.35654,8.0846
1983-03-10,139.0847,261.10408,211.56712,12.90565,7.45259,8.18999
1983-03-11,137.663,258.46775,209.42653,12.78318,7.38283,8.11316
1983-03-14,138.7276,260.49732,211.06671,12.83996,7.41655,8.15003
1983-03-15,139.6408,262.24308,212.47688,12.80174,7.39541,8.12663
1983-03-16,139.3644,261.75563,212.07763,12.90162,7.45402,8.19086
1983-03-17,138.8173,260.75986,211.26652,12.82124,7.40854,8.1407
1983-03-18,138.1034,259.45068,210.2015,12.86896,7.43704,8.17184
1983-03-21,135.2199,254.06738,205.83551,NA,NA,NA
1983-03-22,137.3335,258.06905,209.07311,12.93859,7.47914,8.21775
1983-03-23,136.2832,256.12724,207.49565,12.98588,7.5074,8.24863
1983-03-24,137.8294,259.06364,209.87017,13.03564,7.53711,8.28109
1983-03-25,138.5581,260.46413,211.00044,13.15271,7.60572,8.3563
1983-03-28,137.559,258.61809,209.50063,13.12453,7.59039,8.33927
1983-03-29,136.7407,257.11133,208.27573,13.05071,7.54866,8.29325
1983-03-30,137.3675,258.3205,209.251,13.05945,7.55467,8.29967
1983-03-31,139.4316,262.23293,212.41578,13.25425,7.66827,8.42429
1983-04-01,139.4316,262.26437,212.43695,NA,NA,NA
1983-04-04,140.0515,263.4616,213.40241,NA,NA,NA
1983-04-05,140.7931,264.88804,214.55346,13.3418,7.72181,8.48257
1983-04-06,142.8299,268.75171,217.67839,13.44777,7.78409,8.55081
1983-04-07,142.9371,268.98559,217.86342,13.47664,7.80178,8.57005
1983-04-08,142.6263,268.43317,217.41158,13.50823,7.82104,8.59103
1983-04-11,145.1301,273.17769,221.2496,13.71284,7.94045,8.722
1983-04-12,146.7375,276.23582,223.72179,13.8528,8.02246,8.8119
1983-04-13,146.3582,275.55517,223.166,13.82591,8.0079,8.79572
1983-04-14,146.2119,275.31286,222.96523,13.89577,8.04936,8.84107
1983-04-15,147.8462,278.42299,225.47935,14.02227,8.12362,8.92244
1983-04-18,148.781,280.21652,226.92722,14.16445,8.20699,9.01381
1983-04-19,147.8492,278.49592,225.52918,14.06507,8.15046,8.95154
1983-04-20,146.7783,276.51304,223.91876,14.027,8.12943,8.92825
1983-04-21,148.1465,279.12347,226.02804,14.12394,8.18662,8.99087
1983-04-22,147.9086,278.70886,225.68772,14.07834,8.16123,8.96279
1983-04-25,149.9756,282.63705,228.86383,14.20429,8.23524,9.04387
1983-04-26,149.5243,281.82076,228.1982,14.2198,8.24527,9.05469
1983-04-27,150.4569,283.61204,229.64398,14.3085,8.29772,9.11209
1983-04-28,149.8905,282.5788,228.80267,14.34002,8.31704,9.13311
1983-04-29,150.4134,283.59826,229.62349,14.34007,8.31811,9.1341
1983-05-02,150.9461,284.63644,230.45942,14.41589,8.36312,9.18333
1983-05-03,150.063,283.00605,229.13463,14.27876,8.28466,9.09697
1983-05-04,150.3306,283.54453,229.56597,14.25328,8.27092,9.08169
1983-05-05,149.987,282.93069,229.06433,14.2115,8.24773,9.05602
1983-05-06,149.7381,282.49526,228.70715,14.21244,8.24931,9.05757
1983-05-09,150.0462,283.11025,229.20042,14.17277,8.22734,9.03324
1983-05-10,148.6089,280.43359,227.02867,14.12052,8.19805,9.0009
1983-05-11,148.6479,280.5408,227.11087,14.08158,8.17648,8.97702
1983-05-12,148.3356,279.98525,226.65652,NA,NA,NA
1983-05-13,147.9723,279.33334,226.12418,14.07221,8.1731,8.97292
1983-05-16,146.7647,277.08827,224.30208,14.01502,8.14093,8.93741
1983-05-17,146.8285,277.24191,224.42192,14.06699,8.17213,8.97147
1983-05-18,148.5289,280.48564,227.04295,14.17733,8.23724,9.04275
1983-05-19,148.2783,280.0462,226.68264,14.22295,8.26477,9.07279
1983-05-20,146.8422,277.36881,224.51071,14.09136,8.18937,8.98982
1983-05-23,145.956,275.72886,223.17868,NA,NA,NA
1983-05-24,147.5751,278.82038,225.67634,14.20047,8.25483,9.06129
1983-05-25,148.7195,281.01571,227.44859,14.2918,8.30895,9.12049
1983-05-26,149.537,282.59387,228.72129,14.3798,8.36114,9.17758
1983-05-27,149.6256,282.79515,228.87956,14.46592,8.41224,9.23348
1983-05-30,149.2308,282.08315,228.29867,14.44206,8.39943,9.21922
1983-05-31,148.4568,280.65454,227.13778,14.38935,8.36984,9.18655
1983-06-01,145.2817,274.68876,222.30465,14.23712,8.28238,9.09036
1983-06-02,145.0063,274.20117,221.90554,14.19904,8.26128,9.067
1983-06-03,144.7941,273.83293,221.60303,14.21312,8.27051,9.07694
1983-06-06,145.2429,274.71434,222.31184,14.33889,8.34471,9.15818
1983-06-07,145.236,274.73424,222.32344,14.34627,8.35006,9.16384
1983-06-08,145.5197,275.30371,222.77977,14.41807,8.39288,9.21065
1983-06-09,146.2234,276.66778,223.87907,14.37269,8.36753,9.18263
1983-06-10,146.5972,277.40806,224.47356,14.41912,8.3956,9.21324
1983-06-13,147.4183,278.99484,225.75298,14.46748,8.42481,9.24509
1983-06-14,146.607,277.49354,224.53356,14.51925,8.45601,9.27913
1983-06-15,144.9722,274.43406,222.05327,14.42729,8.40354,9.22135
1983-06-16,146.4469,277.25835,224.33388,14.46101,8.42423,9.24385
1983-06-17,147.3729,279.04447,225.77447,14.50841,8.45289,9.27511
1983-06-20,149.0407,282.23561,228.3517,14.70721,8.56974,9.40312
1983-06-21,149.1896,282.55135,228.60254,14.74012,8.58999,9.42513
1983-06-22,149.8946,283.92019,229.70537,14.6532,8.54043,9.37056
1983-06-23,151.0181,286.08202,231.44967,14.76961,8.60933,9.44595
1983-06-24,151.967,287.9136,232.92676,14.84918,8.65678,9.49781
1983-06-27,152.6553,289.25192,234.00474,14.87672,8.67392,9.51641
1983-06-28,149.7657,283.81418,229.60056,14.78042,8.61888,9.45582
1983-06-29,149.3915,283.13934,229.04997,14.70549,8.57629,9.40889
1983-06-30,150.7101,285.67215,231.09419,14.84027,8.65595,9.49608
1983-07-01,150.2615,284.8564,230.42959,14.7564,8.60814,9.44342
1983-07-04,149.1739,282.82969,228.78537,14.74023,8.59979,9.43406
1983-07-05,148.6304,281.83355,227.97492,14.75124,8.60729,9.44209
1983-07-06,149.1842,282.91725,228.84689,14.79617,8.63459,9.47183
1983-07-07,149.1824,282.94776,228.86695,14.79098,8.63265,9.4695
1983-07-08,148.412,281.52112,227.7083,14.7529,8.61152,9.44611
1983-07-11,147.545,279.91099,226.40128,14.71501,8.59049,9.42285
1983-07-12,146.9869,278.88619,225.56777,14.6994,8.58246,9.41384
1983-07-13,145.801,276.67062,223.77111,14.57914,8.51336,9.33784
1983-07-14,147.3989,279.73572,226.2455,14.68376,8.5755,9.40579
1983-07-15,145.6085,276.37314,223.52113,14.61146,8.53437,9.36048
1983-07-18,146.0205,277.1881,224.17572,14.60941,8.53424,9.36014
1983-07-19,146.7766,278.65638,225.35862,14.70348,8.59025,9.42137
1983-07-20,148.8298,282.58766,228.5332,14.81791,8.65816,9.49564
1983-07-21,149.9748,284.79532,230.31387,14.8813,8.69628,9.53725
1983-07-22,149.3024,283.55313,229.30462,14.92077,8.72043,9.56353
1983-07-25,147.9924,281.10039,227.31636,14.91713,8.7194,9.5622
1983-07-26,149.5595,284.11044,229.74576,15.00279,8.77055,9.61808
1983-07-27,150.4111,285.76199,231.07659,15.19755,8.88547,9.7439
1983-07-28,150.0442,285.09944,230.53615,15.17445,8.87309,9.73011
1983-07-29,148.2475,281.72145,227.79978,15.09878,8.82997,9.68262
1983-08-01,146.5146,278.46378,225.16085,15.03736,8.79518,9.64426
1983-08-02,147.8629,281.05947,227.25502,15.14566,8.85961,9.7147
1983-08-03,148.3229,281.96736,227.9845,15.21229,8.89968,9.75843
1983-08-04,148.4993,282.33642,228.27829,15.22327,8.90723,9.76649
1983-08-05,146.2784,278.14993,224.88851,15.18881,8.88819,9.74541
1983-08-08,145.7419,277.16353,224.08641,15.14563,8.86406,9.71874
1983-08-09,146.2021,278.07175,224.81617,15.13794,8.86067,9.71482
1983-08-10,144.9949,275.81012,222.98302,15.15947,8.87438,9.72965
1983-08-11,145.0699,275.98582,223.12056,15.28557,8.94929,9.81157
1983-08-12,145.3813,276.61119,223.62162,15.26345,8.93748,9.7984
1983-08-15,147.5484,280.76749,226.97695,15.38433,9.00935,9.87699
1983-08-16,149.4088,284.34109,229.86113,15.4064,9.02341,9.89219
1983-08-17,151.0784,287.55238,232.45234,15.41749,9.03104,9.90034
1983-08-18,152.2533,289.82281,234.28293,15.44409,9.04775,9.91844
1983-08-19,150.9514,287.3805,232.30379,15.44041,9.04673,9.91712
1983-08-22,152.0037,289.41804,233.94608,15.45446,9.05611,9.92718
1983-08-23,151.1113,287.75434,232.59645,15.25426,8.93998,9.79966
1983-08-24,149.3276,284.39394,229.87529,15.21584,8.91859,9.77601
1983-08-25,148.5592,282.96525,228.71578,15.12877,8.8687,9.72111
1983-08-26,147.1925,280.39724,226.63534,15.1087,8.85805,9.70923
1983-08-29,145.8759,277.92398,224.63159,15.09349,8.85026,9.70048
1983-08-30,145.5692,277.37319,224.18185,15.09376,8.85153,9.70166
1983-08-31,144.6582,275.67136,222.80177,15.07582,8.84213,9.69115
1983-09-01,146.2989,278.83083,225.35065,15.1569,8.89077,9.74426
1983-09-02,145.1983,276.7676,223.6785,15.11059,8.86474,9.71552
1983-09-05,146.6113,279.49391,225.87721,15.16601,8.89836,9.75215
1983-09-06,147.4706,281.1653,227.22336,15.20119,8.92011,9.77578
1983-09-07,146.4415,279.23783,225.661,15.20574,8.92391,9.77973
1983-09-08,146.6448,279.65887,225.99669,15.16947,8.90375,9.75743
1983-09-09,145.9871,278.43865,225.006,15.04827,8.83376,9.68052
1983-09-12,147.582,281.51373,227.48627,15.13276,8.88446,9.73587
1983-09-13,144.7993,276.24218,223.22152,14.96975,8.78991,9.63205
1983-09-14,144.6261,275.94499,222.97685,14.97829,8.79602,9.63854
1983-09-15,144.5748,275.88023,222.92001,14.98358,8.80023,9.64295
1983-09-16,144.1327,275.07001,222.26079,14.89207,8.74762,9.58509
1983-09-19,145.1958,277.1316,223.92203,14.95442,8.78533,9.62621
1983-09-20,146.109,278.90757,225.35243,15.01678,8.82306,9.66734
1983-09-21,146.0446,278.81812,225.2756,15.03656,8.83578,9.68107
1983-09-22,145.9656,278.70078,225.17623,15.04782,8.84352,9.68933
1983-09-23,147.1405,280.97724,227.01086,15.15649,8.90847,9.76029
1983-09-26,147.9909,282.63458,228.34525,15.1517,8.90678,9.75823
1983-09-27,146.4719,279.7689,226.02524,15.05056,8.84847,9.69413
1983-09-28,146.9736,280.76052,226.82179,15.03878,8.84266,9.68756
1983-09-29,146.8125,280.48654,226.59585,15.07145,8.86298,9.70961
1983-09-30,146.7881,280.47357,226.58079,14.99883,8.8214,9.66386
1983-10-03,145.7742,278.57078,225.03895,14.86929,8.74635,9.58143
1983-10-04,145.3291,277.75393,224.3745,14.88785,8.75837,9.59439
1983-10-05,146.1326,279.32264,225.63715,14.81809,8.71845,9.55045
1983-10-06,147.4682,281.90878,227.72157,14.87112,8.75074,9.58561
1983-10-07,148.6698,284.23936,229.59949,14.95281,8.79989,9.63925
1983-10-10,148.1562,283.29188,228.82948,14.89775,8.7686,9.60477
1983-10-11,147.9218,282.87781,228.49037,14.89464,8.76788,9.60377
1983-10-12,146.0577,279.34874,225.63499,14.85164,8.74368,9.57706
1983-10-13,145.7473,278.78878,225.17812,14.77391,8.69903,9.52795
1983-10-14,144.6615,276.74622,223.5237,14.76093,8.69249,9.52058
1983-10-17,145.3494,278.09516,224.60867,14.70472,8.6605,9.48534
1983-10-18,146.0657,279.49875,225.73773,14.72631,8.6743,9.50024
1983-10-19,145.5022,278.45443,224.88968,14.7151,8.66879,9.49401
1983-10-20,146.3441,280.09874,226.2131,14.79343,8.71601,9.54552
1983-10-21,146.7074,280.82751,226.79709,14.78422,8.71168,9.54057
1983-10-24,145.1454,277.87269,224.40601,14.764,8.70087,9.52853
1983-10-25,146.61,280.70965,226.69245,14.86307,8.76033,9.59344
1983-10-26,146.0707,279.71114,225.88146,14.86846,8.7646,9.59791
1983-10-27,145.7899,279.20717,225.46989,14.88126,8.77325,9.60718
1983-10-28,145.6369,278.94773,225.25582,14.83117,8.74484,9.57586
1983-10-31,146.3081,280.26653,226.3162,14.95675,8.81996,9.6579
1983-11-01,145.7844,279.29734,225.52896,14.99922,8.8461,9.68633
1983-11-02,145.8864,279.52619,225.7092,15.02731,8.86378,9.70547
1983-11-03,146.9541,281.6052,227.38331,15.10364,8.9099,9.75577
1983-11-04,146.4144,280.60516,226.57119,15.14386,8.93474,9.78275
1983-11-07,145.9081,279.66886,225.81057,15.16649,8.94921,9.79839
1983-11-08,145.9358,279.75547,225.87594,15.16399,8.94886,9.7978
1983-11-09,146.4161,280.70954,226.64168,15.19772,8.96989,9.8206
1983-11-10,147.7636,283.32637,228.74979,15.27981,9.01945,9.87465
1983-11-11,147.9933,283.80066,229.12809,15.30897,9.03779,9.89452
1983-11-14,148.6795,285.15035,230.21311,15.36186,9.07014,9.92973
1983-11-15,148.5739,284.98208,230.0726,15.42898,9.1109,9.97414
1983-11-16,148.0612,284.03321,229.30188,15.35396,9.06776,9.9267
1983-11-17,147.1329,282.28726,227.88764,15.34647,9.06448,9.92289
1983-11-18,146.3716,280.8611,226.73166,15.30341,9.0402,9.89609
1983-11-21,146.0664,280.30937,226.28166,15.32256,9.05265,9.90951
1983-11-22,146.9587,282.05508,227.68628,15.38493,9.09062,9.95087
1983-11-23,147.3372,282.81518,228.29525,15.4007,9.10108,9.9621
1983-11-24,147.4221,283.01202,228.44952,15.48142,9.14991,10.01533
1983-11-25,148.2053,284.54924,229.68572,15.60845,9.22611,10.09853
1983-11-28,149.0698,286.2429,231.04814,15.66943,9.26331,10.13903
1983-11-29,148.0962,284.40856,229.56276,15.64009,9.24713,10.1211
1983-11-30,150.2426,288.56454,232.91241,15.73622,9.30512,10.18435
1983-12-01,149.5466,287.26292,231.85706,15.66332,9.2632,10.13825
1983-12-02,149.3316,286.88451,231.54694,15.68007,9.27426,10.15014
1983-12-05,148.6303,285.57219,230.48302,15.74381,9.31312,10.19245
1983-12-06,148.5716,285.49368,230.415,15.77373,9.33199,10.21288
1983-12-07,148.5378,285.46299,230.38556,15.75872,9.32428,10.20422
1983-12-08,149.1341,286.64297,231.3332,15.8392,9.37306,10.25738
1983-12-09,147.4978,283.53387,228.81917,15.7492,9.321,10.20019
1983-12-12,147.1326,282.8661,228.27562,15.71976,9.30475,10.1822
1983-12-13,145.8809,280.49474,226.35717,15.62403,9.24929,10.12128
1983-12-14,145.6836,280.14914,226.07369,15.72948,9.31285,10.19062
1983-12-15,145.5955,280.01337,225.95955,15.61631,9.24705,10.11839
1983-12-16,145.2698,279.42078,225.47677,15.68287,9.28761,10.16256
1983-12-19,145.6975,280.27676,226.16293,15.68855,9.29214,10.1673
1983-12-20,146.233,281.34029,227.01654,15.74236,9.32517,10.20322
1983-12-21,146.7922,282.44967,227.90709,15.84722,9.38844,10.27223
1983-12-22,148.0319,284.86863,229.85424,15.92625,9.43642,10.32451
1983-12-23,148.3334,285.48284,230.34519,15.94502,9.44873,10.33775
1983-12-26,148.3334,285.51708,230.36815,NA,NA,NA
1983-12-27,148.9679,286.77238,231.37631,15.99561,9.48108,10.37269
1983-12-28,149.4394,287.71424,232.13153,16.0032,9.48677,10.3787
1983-12-29,150.6035,289.98969,233.96262,16.01075,9.49244,10.38467
1983-12-30,150.9961,290.78025,234.5957,16.02533,9.50227,10.39521
1984-01-02,151.7521,292.27072,235.79341,16.127,9.56373,10.46222
1984-01-03,150.5836,290.05631,234.00203,16.12573,9.56418,10.46249
1984-01-04,149.0602,287.15814,231.65905,16.19157,9.60442,10.50629
1984-01-05,150.9709,290.87326,234.65127,16.40114,9.7299,10.64332
1984-01-06,152.1127,293.10775,236.44904,16.57644,9.83508,10.75815
1984-01-09,150.8092,290.63236,234.44725,16.61162,9.85719,10.78209
1984-01-10,151.5071,292.01192,235.55534,16.54945,9.82155,10.74288
1984-01-11,149.4876,288.15658,232.4404,16.42691,9.75009,10.66449
1984-01-12,150.2737,289.70619,233.68564,16.6026,9.85556,10.77962
1984-01-13,152.8233,294.65615,237.6734,16.83347,9.9938,10.93059
1984-01-16,153.4203,295.84232,238.62535,16.73762,9.93818,10.86951
1984-01-17,153.7025,296.42183,239.08795,16.66492,9.89628,10.82345
1984-01-18,154.3881,297.77933,240.17803,16.89567,10.0345,10.97439
1984-01-19,155.6128,300.17692,242.10689,16.92008,10.05025,10.99139
1984-01-20,155.0024,299.03592,241.18169,16.91022,10.04567,10.98614
1984-01-23,154.6677,298.42629,240.68511,16.96643,10.08031,11.02378
1984-01-24,154.2601,297.67592,240.07504,16.95984,10.07766,11.02065
1984-01-25,156.8063,302.62496,244.06127,17.23115,10.24009,11.19804
1984-01-26,156.9216,302.88371,244.26501,17.17078,10.20552,11.15999
1984-01-27,157.0378,303.14425,244.47019,17.20064,10.22454,11.18056
1984-01-30,157.3773,303.83581,245.02295,17.2185,10.23644,11.19333
1984-01-31,156.7079,302.58041,244.00555,17.17521,10.21201,11.16637
1984-02-01,157.5023,304.15029,245.26656,17.17869,10.21536,11.16979
1984-02-02,157.9883,305.12506,246.04765,17.03498,10.13122,11.07756
1984-02-03,159.3415,307.77481,248.17929,17.10112,10.17182,11.12171
1984-02-06,156.4563,302.24169,243.71222,16.8079,9.99876,10.93224
1984-02-07,152.9328,295.47465,238.25032,16.53249,9.83624,10.75432
1984-02-08,154.4454,298.43224,240.63017,16.59999,9.87763,10.79933
1984-02-09,152.6961,295.08958,237.92989,16.30425,9.70296,10.60813
1984-02-10,152.0388,293.85523,236.92978,16.33334,9.72148,10.62816
1984-02-13,152.9532,295.65751,238.37808,16.3735,9.7466,10.65539
1984-02-14,153.0129,295.80833,238.49486,16.43597,9.785,10.69714
1984-02-15,155.914,301.45234,243.04014,16.42424,9.77925,10.69063
1984-02-16,157.1807,303.9373,245.03859,16.43743,9.78834,10.70033
1984-02-17,157.4165,304.42959,245.43052,16.55868,9.86175,10.78035
1984-02-20,157.2882,304.21806,245.25501,16.56304,9.86558,10.78431
1984-02-21,157.126,303.94092,245.02663,16.63971,9.91248,10.83534
1984-02-22,157.8038,305.28824,246.10781,16.51439,9.8391,10.75489
1984-02-23,157.8223,305.36062,246.16118,16.38941,9.7659,10.67465
1984-02-24,159.5729,308.78412,248.91583,16.45448,9.80589,10.71814
1984-02-27,159.8782,309.41177,249.41676,16.52476,9.84899,10.76502
1984-02-28,161.1778,311.96369,251.46872,16.43477,9.79661,10.70753
1984-02-29,161.0619,311.77684,251.31302,16.43821,9.7999,10.7109
1984-03-01,161.0851,311.85912,251.37426,16.46162,9.81509,10.72726
1984-03-02,163.8489,317.24718,255.71188,16.62607,9.91434,10.83551
1984-03-05,163.9033,317.39052,255.82225,16.53418,9.86081,10.77677
1984-03-06,164.0238,317.66185,256.03578,16.51031,9.84782,10.76235
1984-03-07,163.3137,316.32527,254.95326,16.30802,9.72845,10.63166
1984-03-08,161.5989,313.04342,252.30281,16.37506,9.76965,10.67645
1984-03-09,161.4322,312.75814,252.06777,16.35251,9.75743,10.66287
1984-03-12,159.6931,309.42799,249.37856,16.36506,9.76615,10.67217
1984-03-13,162.2946,314.5058,253.46558,16.49121,9.84263,10.75552
1984-03-14,164.3083,318.44558,256.63539,16.48417,9.83967,10.75205
1984-03-15,163.5726,317.05849,255.5123,16.64418,9.93639,10.8575
1984-03-16,164.5447,318.98046,257.05597,16.96516,10.12919,11.06795
1984-03-19,162.4918,315.04106,253.87591,16.85638,10.06554,10.99816
1984-03-20,163.5761,317.18079,255.59501,16.92091,10.10533,11.04139
1984-03-21,162.5449,315.22017,254.00982,16.96205,10.13116,11.06938
1984-03-22,162.1473,314.48719,253.41402,16.84651,10.06345,10.99517
1984-03-23,162.987,316.15323,254.75135,16.87985,10.08463,11.01806
1984-03-26,163.7207,317.61406,255.92329,16.7778,10.02495,10.95263
1984-03-27,163.8555,317.91358,256.15946,16.69424,9.9763,10.89924
1984-03-28,162.996,316.2848,254.84182,16.71524,9.9901,10.91408
1984-03-29,164.7674,319.75977,257.63641,16.74248,10.00764,10.93301
1984-03-30,164.4752,319.23124,257.20535,16.79829,10.04225,10.97058
1984-04-02,164.6177,319.54603,257.45377,16.77968,10.03239,10.95957
1984-04-03,162.3037,315.09485,253.86205,16.73018,10.00407,10.9284
1984-04-04,162.1121,314.76079,253.58777,16.7222,10.00056,10.92433
1984-04-05,163.2502,317.00799,255.39303,16.7746,10.03314,10.95969
1984-04-06,161.6939,314.02537,252.9848,16.73803,10.01254,10.93695
1984-04-09,161.8812,314.42668,253.30299,16.66902,9.97254,10.89302
1984-04-10,162.1306,314.94868,253.71839,16.77138,10.03501,10.96102
1984-04-11,163.707,318.04841,256.21023,16.83926,10.07687,11.00651
1984-04-12,163.7716,318.21201,256.33684,16.84394,10.08094,11.01071
1984-04-13,164.5287,319.72096,257.54717,16.96949,10.15732,11.09391
1984-04-16,162.1187,315.07847,253.80198,16.81371,10.06539,10.99326
1984-04-17,162.8419,316.52153,254.95924,16.89669,10.11632,11.04865
1984-04-18,162.7683,316.41647,254.86945,16.93707,10.14176,11.07619
1984-04-19,162.1795,315.31025,253.97322,16.89782,10.11954,11.05169
1984-04-20,162.1795,315.34806,253.99854,NA,NA,NA
1984-04-23,162.1795,315.38588,254.02385,NA,NA,NA
1984-04-24,160.3712,311.90891,251.21804,16.8594,10.10036,11.03003
1984-04-25,161.8159,314.75584,253.50583,17.0337,10.20601,11.14517
1984-04-26,162.0114,315.17376,253.83729,17.0973,10.2454,11.18793
1984-04-27,162.4793,316.12159,254.59552,17.20871,10.31342,11.26197
1984-04-30,161.7913,314.82145,253.54324,17.24605,10.33709,11.28758
1984-05-01,161.2837,313.87187,252.77333,NA,NA,NA
1984-05-02,162.6363,316.54148,254.91806,17.40794,10.4367,11.39587
1984-05-03,163.4465,318.15606,256.21313,17.4585,10.46832,11.43014
1984-05-04,163.5574,318.41002,256.41246,17.36057,10.41094,11.36724
1984-05-07,161.0717,313.61159,252.54286,17.38452,10.42661,11.38411
1984-05-08,159.2192,310.04414,249.66478,17.31221,10.38457,11.33796
1984-05-09,158.7993,309.26396,249.03147,17.28367,10.36876,11.32046
1984-05-10,157.1666,306.1229,246.49696,17.12931,10.2775,11.22058
1984-05-11,156.1853,304.24912,244.98308,16.93412,10.16172,11.09393
1984-05-14,156.0825,304.08541,244.84631,16.87922,10.13007,11.05914
1984-05-15,156.8934,305.70142,246.14252,16.95022,10.17394,11.1068
1984-05-16,159.1115,310.05981,249.64655,17.06393,10.24345,11.18244
1984-05-17,159.3352,310.5328,250.02233,17.17389,10.31072,11.25564
1984-05-18,157.3248,306.65391,246.894,17.09776,10.26634,11.20694
1984-05-21,158.1303,308.26047,248.18245,17.10488,10.2719,11.21278
1984-05-22,156.3721,304.8717,245.44892,16.82767,10.10678,11.03229
1984-05-23,155.2532,302.72778,243.71782,16.70112,10.03208,10.95051
1984-05-24,152.5753,297.54514,239.54018,16.54679,9.94068,10.8505
1984-05-25,152.728,297.87853,239.80373,16.35537,9.82697,10.72616
1984-05-28,152.451,297.37418,239.39285,16.34164,9.81997,10.71828
1984-05-29,152.5456,297.59431,239.56522,16.42595,9.87184,10.77467
1984-05-30,150.064,292.79125,235.6936,16.09167,9.67226,10.55661
1984-05-31,149.5233,291.77181,234.86816,NA,NA,NA
1984-06-01,153.1931,298.96828,240.65583,16.23496,9.76081,10.65279
1984-06-04,156.224,304.91929,245.44084,16.42538,9.87648,10.7788
1984-06-05,156.1891,304.88775,245.4105,16.44533,9.88971,10.79301
1984-06-06,156.452,305.43737,245.84793,16.5444,9.95052,10.85914
1984-06-07,155.4436,303.5062,244.28846,16.418,9.87577,10.77734
1984-06-08,154.8145,302.31476,243.32451,16.42066,9.87862,10.78021
1984-06-11,154.9964,302.70612,243.63458,NA,NA,NA
1984-06-12,153.1615,299.16069,240.7759,16.37185,9.85175,10.75043
1984-06-13,152.3904,297.69106,239.58815,16.27359,9.79388,10.68705
1984-06-14,150.9559,294.92585,237.35767,16.10865,9.69589,10.57989
1984-06-15,149.2591,291.6478,234.7145,16.04845,9.66089,10.54147
1984-06-18,148.3778,289.96149,233.35256,16.01643,9.64284,10.52155
1984-06-19,149.5597,292.30566,235.23428,16.22175,9.76762,10.65747
1984-06-20,148.3293,289.9371,233.32329,16.04274,9.6611,10.54102
1984-06-21,148.1553,289.63187,233.07293,16.20751,9.76151,10.65035
1984-06-22,147.7073,288.79112,232.39163,16.12838,9.7151,10.59948
1984-06-25,147.0374,287.51653,231.36121,16.18804,9.75224,10.63978
1984-06-26,147.0491,287.57388,231.40268,16.09452,9.69715,10.57945
1984-06-27,147.629,288.74221,232.3381,16.17613,9.74753,10.63417
1984-06-28,147.0682,287.68042,231.47899,16.15903,9.73845,10.62405
1984-06-29,148.7887,291.08016,234.20972,16.25252,9.796,10.6866
1984-07-02,148.0357,289.64257,233.04821,16.25516,9.79883,10.68945
1984-07-03,147.1744,287.99283,231.71604,16.24997,9.79693,10.68715
1984-07-04,147.9098,289.46615,232.89674,16.33938,9.85205,10.74705
1984-07-05,146.8896,287.50519,231.3142,16.35005,9.85972,10.75519
1984-07-06,145.2878,284.40604,228.81592,16.14312,9.73622,10.62024
1984-07-09,143.4629,280.86966,225.96592,16.03568,9.67268,10.5507
1984-07-10,142.8072,279.62015,224.95605,15.8695,9.5737,10.4425
1984-07-11,141.0349,276.18523,222.18789,15.78438,9.52357,10.3876
1984-07-12,139.4274,273.07201,219.67867,15.63634,9.43548,10.2913
1984-07-13,140.9845,276.15415,222.15358,15.76267,9.51287,10.37549
1984-07-16,141.9048,277.98964,223.6256,15.72942,9.49401,10.3547
1984-07-17,141.4368,277.10652,222.91064,15.78712,9.53002,10.39374
1984-07-18,140.7991,275.89086,221.92819,15.76602,9.51849,10.38094
1984-07-19,140.0959,274.54663,220.84234,15.7073,9.48425,10.34338
1984-07-20,140.1006,274.58876,220.87176,15.70583,9.48455,10.34349
1984-07-23,137.0046,268.55675,216.01497,15.41186,9.30829,10.15104
1984-07-24,137.5261,269.61099,216.85857,15.5262,9.37849,10.22738
1984-07-25,138.3748,271.30688,218.21821,15.54807,9.39289,10.24285
1984-07-26,139.7589,274.05293,220.42239,15.58597,9.41695,10.26888
1984-07-27,138.2104,271.05086,218.00318,15.53954,9.3901,10.23937
1984-07-30,137.3931,269.48122,216.73626,15.59536,9.425,10.27721
1984-07-31,138.5532,271.78868,218.58762,15.73315,9.50942,10.36905
1984-08-01,138.7449,272.19721,218.91177,15.85535,9.58445,10.45064
1984-08-02,141.9507,278.51947,223.99148,16.16911,9.77526,10.65846
1984-08-03,146.1941,286.87964,230.70968,16.43928,9.93977,10.8376
1984-08-06,146.2382,287.00055,230.80225,16.42322,9.93131,10.82815
1984-08-07,144.0624,282.76704,227.3928,16.48017,9.96698,10.86681
1984-08-08,145.5132,285.64834,229.70513,16.62016,10.05287,10.96022
1984-08-09,145.0871,284.84645,229.05563,16.51994,9.99354,10.8953
1984-08-10,148.1456,290.88549,233.90678,16.70363,10.10588,11.01754
1984-08-13,146.0452,286.79833,230.61525,16.68743,10.09736,11.00801
1984-08-14,148.6825,292.01177,234.80239,16.87245,10.21054,11.13117
1984-08-15,147.6922,290.10272,233.26252,16.63543,10.06844,10.97602
1984-08-16,147.8359,290.41969,233.51266,16.58145,10.03705,10.94156
1984-08-17,148.288,291.34245,234.24988,16.65129,10.08058,10.98877
1984-08-20,147.9325,290.67919,233.71184,16.66249,10.08863,10.99731
1984-08-21,148.0954,291.03405,233.99243,16.76036,10.14913,11.06303
1984-08-22,148.9952,292.83694,235.43718,16.86654,10.21468,11.13424
1984-08-23,148.961,292.80486,235.40662,16.77619,10.16127,11.07578
1984-08-24,149.3037,293.51344,235.97153,16.83853,10.2003,11.11808
1984-08-27,148.5928,292.15167,234.87191,16.76051,10.15433,11.06774
1984-08-28,148.2624,291.53733,234.37325,16.8009,10.18008,11.09557
1984-08-29,149.875,294.74299,236.94547,16.9443,10.26821,11.19139
1984-08-30,149.7214,294.47636,236.72633,16.9422,10.26823,11.19117
1984-08-31,149.8296,294.72443,236.92096,16.9785,10.29152,11.21631
1984-09-03,149.0661,293.25855,235.73773,16.97519,10.29081,11.2153
1984-09-04,146.7917,288.82158,232.16602,16.80114,10.18663,11.10151
1984-09-05,145.6306,286.57274,230.35351,16.81946,10.19902,11.11478
1984-09-06,146.0233,287.37969,230.99748,16.90705,10.2534,11.1738
1984-09-07,145.9794,287.32778,230.95108,16.99381,10.30728,11.23228
1984-09-10,144.2989,284.05621,228.31658,16.90797,10.25654,11.17674
1984-09-11,145.2521,285.9664,229.84726,17.07432,10.3587,11.28783
1984-09-12,145.951,287.3764,230.97588,17.08788,10.36823,11.29797
1984-09-13,145.4664,286.45706,230.23227,17.19848,10.43662,11.37224
1984-09-14,146.553,288.6309,231.97471,17.32928,10.51728,11.45989
1984-09-17,144.1648,283.96446,228.21929,17.263,10.47839,11.41727
1984-09-18,142.3277,280.38178,225.33511,17.3722,10.54597,11.49066
1984-09-19,144.2797,284.26063,228.44767,17.46003,10.6006,11.54993
1984-09-20,143.8554,283.45907,227.79885,17.40389,10.56786,11.51401
1984-09-21,144.426,284.61717,228.72492,17.86664,10.85008,11.82125
1984-09-24,147.0085,289.74059,232.83726,17.31555,10.5169,11.45799
1984-09-25,144.5961,285.02316,229.04132,17.42869,10.58692,11.53403
1984-09-26,144.907,285.67002,229.55649,17.55288,10.66365,11.61739
1984-09-27,147.8174,291.44197,234.18964,17.59723,10.69194,11.64795
1984-09-28,147.1514,290.16435,233.15822,17.48714,10.62641,11.57632
1984-10-01,145.7564,287.44971,230.97205,17.42983,10.59294,11.5396
1984-10-02,145.4623,286.90439,230.52918,17.37337,10.55998,11.50345
1984-10-03,146.4772,288.94026,232.16029,17.311,10.52341,11.46336
1984-10-04,145.8367,287.71198,231.16864,17.3968,10.57687,11.52136
1984-10-05,146.2033,288.46955,231.77265,17.42397,10.59472,11.54054
1984-10-08,146.558,289.20382,232.35791,17.51377,10.65063,11.6012
1984-10-09,145.6341,287.41617,230.91686,17.54658,10.67192,11.62414
1984-10-10,144.7133,285.63419,229.48044,17.58519,10.69674,11.65092
1984-10-11,145.4145,287.05222,230.61502,17.70714,10.77224,11.73291
1984-10-12,145.5612,287.37615,230.8706,17.74961,10.79942,11.76226
1984-10-15,143.8248,283.98423,228.14076,17.70252,10.77214,11.7323
1984-10-16,142.0642,280.54372,225.37199,17.49562,10.64765,11.59645
1984-10-17,140.6889,277.86279,223.21359,17.1865,10.46093,11.39285
1984-10-18,139.6235,275.7929,221.54618,17.19746,10.46891,11.4013
1984-10-19,142.6721,281.84798,226.40536,17.23699,10.49429,11.42869
1984-10-22,143.3622,283.24482,227.52282,17.41619,10.60467,11.54865
1984-10-23,145.0394,286.59225,230.20696,17.44144,10.62137,11.56659
1984-10-24,146.515,289.54209,232.57165,17.43038,10.61598,11.56047
1984-10-25,147.2992,291.12628,233.83939,17.63112,10.73953,11.69477
1984-10-26,146.0231,288.64027,231.83772,17.43324,10.6204,11.56478
1984-10-29,144.7001,286.061,229.76121,17.43644,10.62368,11.56811
1984-10-30,145.6166,287.90688,231.2391,17.52765,10.68057,11.62981
1984-10-31,147.0558,290.78667,233.54727,17.55176,10.6966,11.64702
1984-11-01,148.3472,293.37486,235.62118,17.64835,10.75679,11.7123
1984-11-02,152.5262,301.67527,242.28213,17.69263,10.78513,11.7429
1984-11-05,153.3744,303.38878,243.65335,17.72081,10.80366,11.76282
1984-11-06,152.7976,302.28465,242.76165,17.74755,10.82131,11.78179
1984-11-07,153.1833,303.08376,243.39849,17.59919,10.73225,11.68457
1984-11-08,152.4962,301.76119,242.3314,17.65883,10.76996,11.72537
1984-11-09,152.1341,301.0811,241.78033,17.76444,10.8357,11.79669
1984-11-12,152.7201,302.2767,242.73553,17.75028,10.82843,11.78853
1984-11-13,154.5795,305.993,245.71473,17.81085,10.86673,11.82997
1984-11-14,152.5532,302.02065,242.5197,17.71213,10.80789,11.76566
1984-11-15,151.2293,299.43709,240.44009,17.65879,10.77671,11.73147
1984-11-16,151.9549,300.90944,241.61745,17.71525,10.81252,11.77019
1984-11-19,150.0966,297.26749,238.68802,17.58496,10.73439,11.68489
1984-11-20,148.7764,294.68971,236.61327,17.50735,10.68838,11.63455
1984-11-21,147.6808,292.55593,234.89512,17.53345,10.70565,11.6531
1984-11-22,147.6068,292.44446,234.80087,17.4117,10.63269,11.57343
1984-11-23,147.4616,292.19195,234.59338,17.52637,10.70403,11.65084
1984-11-26,146.3637,290.05252,232.87084,17.60551,10.75369,11.70464
1984-11-27,147.2181,291.78022,234.25318,17.71556,10.82224,11.779
1984-11-28,147.0242,291.43103,233.9681,17.81671,10.88537,11.84746
1984-11-29,146.7243,290.87173,233.51433,17.76566,10.85556,11.81476
1984-11-30,146.2033,289.87416,232.70872,17.78593,10.86931,11.82947
1984-12-03,146.1747,289.85223,232.68641,17.92645,10.95652,11.92413
1984-12-04,147.3842,292.28505,234.63462,17.91223,10.94921,11.91592
1984-12-05,147.5278,292.6048,234.88656,17.765,10.86063,11.81926
1984-12-06,146.4699,290.54262,233.22631,17.69826,10.82122,11.77611
1984-12-07,147.2371,292.09904,234.47094,17.79831,10.88373,11.84388
1984-12-10,147.8444,293.33863,235.46121,17.97313,10.99196,11.96141
1984-12-11,147.6975,293.08244,235.2508,17.91065,10.95515,11.9211
1984-12-12,146.59,290.92093,233.51095,17.8305,10.90752,11.86901
1984-12-13,146.2607,290.30253,233.00984,17.76831,10.87086,11.82887
1984-12-14,146.5835,290.97789,233.54719,17.91405,10.96137,11.92709
1984-12-17,146.9253,291.69111,234.11492,17.90103,10.95479,11.91967
1984-12-18,147.5338,292.93391,235.10765,17.96521,10.99542,11.96363
1984-12-19,147.7275,293.35353,235.43968,17.99877,11.01734,11.98723
1984-12-20,146.3322,290.6193,233.24034,17.92074,10.97098,11.93653
1984-12-21,145.6778,289.35503,232.22092,17.92055,10.97225,11.93765
1984-12-24,146.0112,290.05179,232.7754,NA,NA,NA
1984-12-25,146.0112,290.08657,232.7986,NA,NA,NA
1984-12-26,146.0625,290.22324,232.90358,NA,NA,NA
1984-12-27,145.4658,289.07289,231.97567,17.99021,11.02043,11.98903
1984-12-28,146.6999,291.55971,233.96651,18.11478,11.0981,12.07327
1984-12-31,146.8164,291.82614,234.17559,18.18541,11.14275,12.12158
1985-01-01,146.8165,291.86134,234.19909,NA,NA,NA
1985-01-02,145.1706,288.62603,231.59806,18.16857,11.13524,12.1129
1985-01-03,144.5642,287.4555,230.65408,18.01056,11.03984,12.00886
1985-01-04,145.928,290.20152,232.85271,18.15987,11.13271,12.10963
1985-01-07,146.52,291.41337,233.82035,18.31397,11.22855,12.21361
1985-01-08,149.1505,296.68012,238.04115,18.47191,11.32677,12.32018
1985-01-09,149.6012,297.612,238.78402,18.68846,11.46093,12.46584
1985-01-10,149.8524,298.14729,239.20867,18.67469,11.45393,12.45797
1985-01-11,149.2043,296.8941,238.19833,18.56232,11.38648,12.38433
1985-01-14,146.9054,292.3576,234.55361,18.36214,11.26516,12.25212
1985-01-15,147.0014,292.58365,234.73022,18.53502,11.37261,12.36871
1985-01-16,148.5807,295.76184,237.27509,18.67518,11.46,12.4635
1985-01-17,148.9957,296.62321,237.96131,18.75418,11.5099,12.5175
1985-01-18,150.3671,299.3887,240.17497,18.86462,11.57911,12.5925
1985-01-21,151.222,301.12648,241.56414,18.94752,11.63143,12.64913
1985-01-22,153.2669,305.23439,244.85441,19.19279,11.78341,12.81412
1985-01-23,150.912,300.58357,241.11837,18.93028,11.62378,12.64026
1985-01-24,150.6567,300.11129,240.73464,18.89286,11.60228,12.61661
1985-01-25,151.7086,302.2424,242.43917,18.94903,11.63822,12.65542
1985-01-28,150.4191,299.71084,240.40349,18.84961,11.57865,12.59036
1985-01-29,149.8861,298.68519,239.5759,18.75339,11.52102,12.52743
1985-01-30,152.3591,303.64901,243.55225,19.07367,11.71916,12.74261
1985-01-31,153.162,305.28531,244.85974,19.13328,11.75725,12.78376
1985-02-01,152.4092,303.82205,243.6811,19.09627,11.736,12.76037
1985-02-04,150.072,299.20177,239.97019,18.94667,11.64557,12.66177
1985-02-05,150.9593,301.00639,241.41266,19.17998,11.79039,12.81896
1985-02-06,151.5669,302.25378,242.40818,19.28228,11.85474,12.88864
1985-02-07,152.1981,303.54851,243.44164,19.371,11.91075,12.94927
1985-02-08,152.1991,303.5869,243.4675,19.46703,11.97128,13.01479
1985-02-11,150.6958,300.62619,241.08802,19.35365,11.90309,12.94038
1985-02-12,147.8326,294.9533,236.53343,19.15396,11.78182,12.80826
1985-02-13,148.1,295.52204,236.98474,19.25108,11.84302,12.87451
1985-02-14,149.5295,298.40966,239.29546,19.39384,11.93231,12.9713
1985-02-15,150.6073,300.59608,241.04385,19.43321,11.95802,12.99897
1985-02-18,148.8747,297.17578,238.29609,19.30892,11.88307,12.91722
1985-02-19,149.0024,297.46625,238.52419,19.50112,12.00281,13.04711
1985-02-20,149.0009,297.49893,238.54557,19.51546,12.01315,13.05806
1985-02-21,148.5845,296.70352,237.90293,19.63069,12.08557,13.1365
1985-02-22,145.6747,290.93157,233.26972,19.45992,11.98199,13.02363
1985-02-25,142.6693,284.96731,228.48251,19.34379,11.91202,12.9473
1985-02-26,140.965,281.59904,225.77707,19.36378,11.92583,12.96203
1985-02-27,147.0157,293.72235,235.49136,19.30438,11.89076,12.92364
1985-02-28,146.376,292.48004,234.49053,19.25204,11.86003,12.88996
1985-03-01,144.9444,289.65597,232.22149,19.22786,11.84663,12.87511
1985-03-04,146.2488,292.29713,234.33415,19.49511,12.01272,13.05535
1985-03-05,145.0549,289.94714,232.44531,19.59466,12.07555,13.12335
1985-03-06,145.4709,290.81325,233.13495,19.7054,12.14529,13.19886
1985-03-07,145.9766,291.85887,233.96845,19.63462,12.10321,13.15285
1985-03-08,146.763,293.46589,235.25195,19.77673,12.19231,13.24938
1985-03-11,148.7199,297.4139,238.41184,19.71977,12.15874,13.21262
1985-03-12,149.8025,299.61428,240.17081,19.86032,12.2469,13.30813
1985-03-13,149.3685,298.78251,239.49918,19.75507,12.18356,13.23903
1985-03-14,148.1562,296.3945,237.58004,19.79442,12.20936,13.26677
1985-03-15,149.0716,298.26107,239.07136,20.00802,12.34259,13.41126
1985-03-18,150.3406,300.83555,241.13001,19.97688,12.32495,13.3918
1985-03-19,154.1489,308.49265,247.26197,19.91359,12.28746,13.35078
1985-03-20,155.8872,312.00819,250.07457,20.05263,12.37477,13.44536
1985-03-21,158.9705,318.21695,255.04541,20.33608,12.55119,13.63675
1985-03-22,158.694,317.70182,254.62737,20.02656,12.36181,13.4307
1985-03-25,157.3482,315.04693,252.49429,20.01777,12.35794,13.42621
1985-03-26,157.8905,316.17028,253.38948,20.05482,12.38236,13.45244
1985-03-27,161.2228,322.88122,258.76226,19.88015,12.27611,13.33673
1985-03-28,161.9436,324.36322,259.94469,19.81879,12.23979,13.29698
1985-03-29,162.81,326.13716,261.36103,19.66185,12.14444,13.19311
1985-04-01,161.598,323.74954,259.44223,19.74624,12.19807,13.25109
1985-04-02,160.5628,321.71533,257.80675,19.87409,12.27856,13.33824
1985-04-03,162.0025,324.63829,260.14374,19.89252,12.29149,13.35199
1985-04-04,160.2693,321.20577,257.3877,19.86015,12.27304,13.33167
1985-04-05,160.2693,321.24429,257.41336,NA,NA,NA
1985-04-08,160.4038,321.55233,257.65498,NA,NA,NA
1985-04-09,160.0167,320.81517,257.05908,19.80929,12.24625,13.30171
1985-04-10,161.7213,324.27089,259.82269,19.97527,12.35036,13.41451
1985-04-11,164.8056,330.49425,264.8035,20.06283,12.40604,13.47469
1985-04-12,166.3973,333.72551,267.38701,20.05372,12.40197,13.46998
1985-04-15,170.2029,341.39837,273.52868,20.19102,12.48841,13.56357
1985-04-16,170.6471,342.3301,274.26964,20.16745,12.47541,13.54916
1985-04-17,170.7828,342.64329,274.51502,20.24341,12.52395,13.60159
1985-04-18,173.3755,347.88601,278.70947,20.71847,12.81933,13.92209
1985-04-19,173.0553,347.28545,278.22268,20.23966,12.52479,13.60192
1985-04-22,172.7541,346.72286,277.76633,20.29902,12.56309,13.64322
1985-04-23,168.7034,338.63858,271.2838,20.05104,12.41126,13.47803
1985-04-24,164.3873,330.01968,264.37326,20.2221,12.51866,13.59438
1985-04-25,163.7146,328.7093,263.31815,20.05509,12.41689,13.48357
1985-04-26,163.1978,327.71147,262.51346,20.23732,12.53123,13.60745
1985-04-29,165.4194,332.21169,266.11282,20.21881,12.52136,13.59643
1985-04-30,167.0132,335.45205,268.70294,20.2474,12.54063,13.61707
1985-05-01,164.8615,331.17271,265.26943,NA,NA,NA
1985-05-02,164.2143,329.91285,264.25488,20.41813,12.64951,13.7347
1985-05-03,163.6132,328.74525,263.31427,20.53817,12.72545,13.81686
1985-05-06,161.1222,323.78213,259.33335,20.4979,12.7021,13.79122
1985-05-07,163.8762,329.3552,263.79152,20.49504,12.70193,13.79073
1985-05-08,163.8071,329.25587,263.70662,20.48931,12.69998,13.78832
1985-05-09,167.3148,336.34614,269.37951,20.46757,12.68811,13.77513
1985-05-10,168.0991,337.96283,270.66884,20.58071,12.75982,13.85269
1985-05-13,172.0839,346.01522,277.11179,20.80757,12.90202,14.00677
1985-05-14,173.2276,348.35605,278.98081,20.80837,12.90414,14.00877
1985-05-15,174.0245,350.00007,280.29175,20.98444,13.01492,14.12873
1985-05-16,172.3178,346.61119,277.57197,NA,NA,NA
1985-05-17,173.1949,348.4167,279.0122,20.91887,12.97754,14.08754
1985-05-20,176.6615,355.4324,284.62426,20.95719,13.00294,14.11481
1985-05-21,174.0626,350.24888,280.46732,20.77797,12.89342,13.99562
1985-05-22,174.8164,351.80738,281.70962,21.02797,13.05012,14.16542
1985-05-23,173.2869,348.77301,279.274,21.01087,13.04115,14.15538
1985-05-24,173.2251,348.69049,279.20227,20.94267,13.00048,14.11093
1985-05-27,173.1968,348.67535,279.1845,NA,NA,NA
1985-05-28,172.0764,346.46261,277.40701,20.95086,13.00883,14.11939
1985-05-29,173.3303,349.02845,279.45575,21.08599,13.09435,14.2119
1985-05-30,175.1728,352.78017,282.45381,21.05067,13.07407,14.18958
1985-05-31,175.235,352.9477,282.58223,21.17984,13.15591,14.2781
1985-06-03,178.815,360.20082,288.38313,21.26435,13.21005,14.33655
1985-06-04,178.2079,359.02156,287.43312,21.26413,13.21157,14.33789
1985-06-05,176.6818,355.99156,285.00133,21.232,13.19328,14.31774
1985-06-06,176.572,355.81308,284.85268,21.12345,13.12751,14.24605
1985-06-07,175.9253,354.55309,283.83816,21.05468,13.08645,14.20118
1985-06-10,173.6251,349.96224,280.15695,21.02576,13.07012,14.18316
1985-06-11,175.1398,353.05693,282.62857,21.1975,13.17849,14.30045
1985-06-12,174.6165,352.04476,281.81257,21.04716,13.08672,14.20056
1985-06-13,172.6747,348.17407,278.70816,20.94821,13.02686,14.13531
1985-06-14,173.8962,350.67847,280.70718,20.91442,13.0075,14.11399
1985-06-17,174.4851,351.90784,281.68556,20.93938,13.02465,14.1323
1985-06-18,176.6866,356.38985,285.26728,21.02833,13.0816,14.19379
1985-06-19,178.7118,360.51728,288.56505,21.01031,13.07205,14.18311
1985-06-20,175.107,353.2922,282.77571,20.82059,12.95569,14.05657
1985-06-21,174.501,352.11239,281.82563,21.05057,13.10038,14.21324
1985-06-24,175.8029,354.78127,283.95598,21.11194,13.14021,14.25615
1985-06-25,174.6799,352.55854,282.17114,20.91703,13.0206,14.12607
1985-06-26,174.5819,352.40308,282.04101,20.874,12.99546,14.0985
1985-06-27,174.5722,352.42576,282.05345,20.82182,12.96462,14.06474
1985-06-28,176.8049,356.97515,285.68849,21.12541,13.15522,14.2712
1985-07-01,177.7474,358.92057,287.23959,21.03205,13.09875,14.20964
1985-07-02,177.5648,358.59502,286.97323,21.15865,13.17922,14.29663
1985-07-03,178.9517,361.43853,289.24292,21.22888,13.22461,14.34556
1985-07-04,179.9506,363.49907,290.88598,21.30422,13.27319,14.39795
1985-07-05,182.0025,367.6872,294.23139,21.53263,13.41712,14.55376
1985-07-08,182.2139,368.15825,294.60239,21.37055,13.31785,14.44578
1985-07-09,184.2959,372.40872,297.99749,21.28507,13.26628,14.38952
1985-07-10,183.8334,371.51914,297.2796,21.02981,13.10891,14.21852
1985-07-11,184.5442,372.9999,298.45843,21.16073,13.19214,14.30849
1985-07-12,186.3438,376.68163,301.3982,21.0836,13.14574,14.25785
1985-07-15,186.7122,377.47131,302.02396,20.94186,13.05905,14.16352
1985-07-16,186.1551,376.39072,301.15321,20.97579,13.08185,14.18794
1985-07-17,190.3254,384.86823,307.92943,21.11259,13.16878,14.28192
1985-07-18,190.1751,384.61055,307.71703,21.05337,13.13352,14.24337
1985-07-19,189.5355,383.36364,306.71315,21.23683,13.24957,14.36892
1985-07-22,187.9335,380.17086,304.15238,21.21701,13.23888,14.35702
1985-07-23,190.2901,384.98335,307.99618,21.21045,13.23646,14.35408
1985-07-24,188.9558,382.33126,305.8681,21.22331,13.24615,14.36428
1985-07-25,187.6125,379.66032,303.72502,21.00529,13.11179,14.21827
1985-07-26,188.7806,382.0693,305.64597,21.23622,13.25754,14.37602
1985-07-29,192.2371,389.1107,311.27228,21.30581,13.30264,14.42461
1985-07-30,190.7615,386.17195,308.91498,21.14494,13.20391,14.31724
1985-07-31,192.9224,390.59241,312.44463,21.13905,13.20189,14.31475
1985-08-01,194.3594,393.54823,314.80265,21.38186,13.35514,14.48061
1985-08-02,191.3631,387.5315,309.98309,21.35987,13.34309,14.46723
1985-08-05,191.2032,387.25426,309.75505,21.22873,13.26288,14.37995
1985-08-06,189.9579,384.77964,307.7693,21.27873,13.29578,14.41531
1985-08-07,189.1351,383.15979,306.46737,21.29792,13.30944,14.42981
1985-08-08,190.1745,385.31106,308.18179,21.29756,13.31089,14.43108
1985-08-09,189.2246,383.43348,306.67376,21.16151,13.22756,14.34043
1985-08-12,192.9807,391.09075,312.7914,21.3049,13.31883,14.43906
1985-08-13,194.0345,393.2729,314.53029,21.26887,13.29799,14.41616
1985-08-14,193.5648,392.36841,313.80051,21.30512,13.32232,14.44222
1985-08-15,196.0638,397.48083,317.88261,21.40051,13.38363,14.50837
1985-08-16,196.738,398.89501,319.00715,21.4661,13.42631,14.55434
1985-08-19,196.3561,398.1688,318.41991,21.3952,13.38367,14.5078
1985-08-20,195.9688,397.43146,317.82379,21.39014,13.3822,14.50589
1985-08-21,197.1227,399.81889,319.72652,21.63978,13.54001,14.67664
1985-08-22,199.8917,405.48292,324.24914,21.69165,13.57415,14.71333
1985-08-23,198.88,403.48015,322.64097,21.63264,13.53895,14.67486
1985-08-26,199.5468,404.88102,323.75463,21.70517,13.58603,14.72557
1985-08-27,198.7345,403.28208,322.46946,21.76776,13.6269,14.76956
1985-08-28,200.2298,406.36438,324.92749,21.85795,13.68506,14.83227
1985-08-29,201.3929,408.77323,326.84697,22.02872,13.79366,14.94966
1985-08-30,202.2682,410.59853,328.2998,22.19078,13.89684,15.06116
1985-09-02,199.228,404.47943,323.40019,22.18419,13.89446,15.05826
1985-09-03,197.809,401.64834,321.12993,22.17799,13.89233,15.05563
1985-09-04,196.8782,399.80731,319.65141,22.0455,13.81112,14.96729
1985-09-05,196.4394,398.96449,318.97107,21.99356,13.78033,14.9336
1985-09-06,192.6185,391.25611,312.80136,22.10676,13.85297,15.012
1985-09-09,191.0274,388.07263,310.24975,22.2527,13.94613,15.11263
1985-09-10,190.1824,386.40325,308.9088,22.05191,13.82209,14.97789
1985-09-11,189.0475,384.14475,307.09692,21.91453,13.73776,14.88618
1985-09-12,189.7959,385.71126,308.343,22.22418,13.93353,15.098
1985-09-13,193.236,392.74866,313.96211,22.18053,13.90793,15.06993
1985-09-16,191.8583,389.99688,311.75587,21.98792,13.78895,14.94069
1985-09-17,193.7521,393.89288,314.86379,21.95857,13.77229,14.92232
1985-09-18,192.814,392.03377,313.37125,22.10898,13.86832,15.02605
1985-09-19,193.4822,393.4391,314.48823,22.2146,13.9363,15.09937
1985-09-20,196.6268,399.88061,319.6304,22.33913,14.01615,15.18557
1985-09-23,204.7039,416.35798,332.7929,21.87072,13.72413,14.86885
1985-09-24,203.4379,413.83406,330.7687,21.77784,13.6676,14.80728
1985-09-25,204.0105,415.0482,331.73244,21.86845,13.72616,14.87042
1985-09-26,205.2329,417.58448,333.75282,21.57559,13.54414,14.6729
1985-09-27,202.8745,412.83837,329.95249,21.47673,13.48381,14.60723
1985-09-30,205.0344,417.2828,333.49774,21.79205,13.68341,14.82314
1985-10-01,206.9558,421.24285,336.65576,21.975,13.79996,14.94908
1985-10-02,209.1907,425.84197,340.32435,21.93129,13.77426,14.92092
1985-10-03,209.9728,427.4848,341.63036,21.99753,13.81758,14.96753
1985-10-04,210.6446,428.90349,342.75719,21.83098,13.71474,14.85581
1985-10-07,208.9192,425.4434,339.98497,21.90544,13.76323,14.90801
1985-10-08,209.0466,425.75378,340.22613,21.92665,13.77829,14.924
1985-10-09,209.6053,426.94244,341.16912,21.97476,13.81024,14.95828
1985-10-10,208.6325,425.01297,339.62031,21.99616,13.82542,14.97441
1985-10-11,209.4704,426.77051,341.01783,22.0845,13.88267,15.03609
1985-10-14,211.1561,430.25568,343.7957,22.30506,14.02301,15.18777
1985-10-15,211.5475,431.1046,344.46707,22.36254,14.0609,15.22848
1985-10-16,211.1891,430.42618,343.918,22.47612,14.13406,15.30739
1985-10-17,213.0937,434.35917,347.05342,22.44495,14.11625,15.28776
1985-10-18,216.1902,440.72279,352.13059,22.64079,14.24115,15.4227
1985-10-21,217.2879,443.013,353.95326,22.70162,14.28119,15.46573
1985-10-22,216.6479,441.76177,352.94637,22.69684,14.27999,15.46409
1985-10-23,218.7506,446.1019,356.40661,22.90893,14.41517,15.61016
1985-10-24,218.9729,446.60861,356.80423,23.02279,14.48861,15.68934
1985-10-25,219.2845,447.29752,357.3474,23.03901,14.50063,15.70203
1985-10-28,219.0559,446.88502,357.01061,23.01774,14.48908,15.68918
1985-10-29,222.4879,453.93991,362.63904,23.2532,14.63906,15.85125
1985-10-30,225.7485,460.64671,367.98919,23.41843,14.74489,15.9655
1985-10-31,227.2201,463.70434,370.42427,23.59338,14.85686,16.08639
1985-11-01,226.3942,462.07514,369.11525,23.51041,14.8065,16.03152
1985-11-04,228.0466,465.50268,371.84567,23.52349,14.8166,16.04211
1985-11-05,226.4554,462.31191,369.28921,23.5112,14.81073,16.03541
1985-11-06,229.1396,467.84683,373.7027,23.70024,14.93164,16.16597
1985-11-07,228.4308,466.45628,372.58437,23.59082,14.8646,16.09305
1985-11-08,226.4028,462.37302,369.3151,23.63143,14.89205,16.12242
1985-11-11,225.5562,460.70017,367.97141,23.55986,14.84884,16.07529
1985-11-12,226.4996,462.68194,369.54682,23.63311,14.89686,16.12693
1985-11-13,228.4937,466.81043,372.83663,23.72843,14.9588,16.19364
1985-11-14,227.1513,464.12508,370.68423,23.58903,14.87284,16.10023
1985-11-15,228.3771,466.68492,372.72115,23.74721,14.9744,16.20983
1985-11-18,228.5811,467.15764,373.09115,23.8418,15.03591,16.27607
1985-11-19,232.6631,475.55617,379.79048,24.1158,15.21054,16.46475
1985-11-20,233.0984,476.50271,380.53872,24.05872,15.17647,16.42751
1985-11-21,237.0595,484.65712,387.0427,24.40733,15.39821,16.66717
1985-11-22,239.6983,490.10974,391.38904,24.62994,15.54053,16.82087
1985-11-25,242.4935,495.88346,395.99159,24.72052,15.59962,16.88446
1985-11-26,241.4585,493.82727,394.34152,24.66653,15.56753,16.84937
1985-11-27,241.7865,494.55713,394.91637,24.50624,15.46837,16.74168
1985-11-28,242.6624,496.40765,396.38604,24.43712,15.4267,16.69622
1985-11-29,244.3987,500.01859,399.26129,24.46891,15.4487,16.71967
1985-12-02,242.6127,496.42622,396.38456,24.12511,15.23367,16.48659
1985-12-03,239.5485,490.21908,391.41994,24.16787,15.26258,16.51752
1985-12-04,240.6347,492.50028,393.23342,24.11405,15.23052,16.48247
1985-12-05,240.9191,493.14125,393.73725,24.27548,15.33436,16.59449
1985-12-06,239.9252,491.16677,392.15274,24.1338,15.24684,16.49942
1985-12-09,237.809,486.89553,388.73439,23.99237,15.15944,16.40448
1985-12-10,235.8174,482.87819,385.51892,23.93715,15.12647,16.36845
1985-12-11,234.268,479.76484,383.02535,23.94312,15.13214,16.37424
1985-12-12,238.211,487.89729,389.50974,24.0744,15.21699,16.4657
1985-12-13,239.9719,491.56195,392.4274,24.17172,15.28039,16.53395
1985-12-16,240.5271,492.7579,393.37422,24.30009,15.36344,16.62346
1985-12-17,241.2926,494.3849,394.66509,24.28804,15.35776,16.61695
1985-12-18,240.9667,493.77667,394.17155,24.33051,15.38654,16.64773
1985-12-19,242.0107,495.97478,395.91825,24.48659,15.48714,16.75622
1985-12-20,242.4641,496.96321,396.69926,24.48733,15.48956,16.75848
1985-12-23,246.1288,504.53391,402.73409,24.78904,15.68229,16.96664
1985-12-24,245.936,504.19932,402.45886,24.77246,15.67378,16.95707
1985-12-25,245.936,504.25978,402.49898,NA,NA,NA
1985-12-26,246.1207,504.69884,402.8413,NA,NA,NA
1985-12-27,249.648,511.99225,408.65421,24.91495,15.76984,17.05989
1985-12-30,253.9893,520.957,415.80073,25.13121,15.90866,17.2097
1985-12-31,254.4495,521.96314,416.59537,25.16541,15.93231,17.23491
1986-01-01,254.4464,522.01937,416.63183,NA,NA,NA
1986-01-02,257.1486,527.62532,421.09735,25.34105,16.04749,17.35877
1986-01-03,258.9604,531.40559,424.10574,25.6202,16.22622,17.55172
1986-01-06,261.5202,536.72172,428.33966,25.96117,16.44413,17.78706
1986-01-07,261.0944,535.91251,427.68517,25.56641,16.19625,17.51855
1986-01-08,263.0942,540.08096,431.00302,25.86024,16.38436,17.72165
1986-01-09,257.4191,528.50171,421.75303,25.48206,16.14691,17.46443
1986-01-10,259.7573,533.3651,425.62537,25.63552,16.24615,17.57139
1986-01-13,255.4508,524.59098,418.61451,25.42762,16.11649,17.43078
1986-01-14,256.3593,526.51918,420.14468,25.50649,16.1685,17.48665
1986-01-15,260.436,534.95503,426.86721,25.83602,16.37934,17.71431
1986-01-16,262.049,538.33189,429.55305,25.87622,16.40688,17.74371
1986-01-17,261.2387,536.73246,428.26808,25.90687,16.42837,17.76657
1986-01-20,256.8286,527.74064,421.08417,25.55319,16.20624,17.52596
1986-01-21,256.0087,526.11981,419.78235,25.3739,16.09462,17.40487
1986-01-22,254.161,522.38745,416.7957,25.30497,16.05294,17.35943
1986-01-23,249.6784,513.24155,409.48953,24.74369,15.69903,16.97634
1986-01-24,255.63,525.53794,419.291,25.07886,15.91358,17.20798
1986-01-27,257.9077,530.28308,423.06817,25.17019,15.97352,17.27243
1986-01-28,258.392,531.34218,423.90457,25.12534,15.94708,17.24346
1986-01-29,259.0483,532.75516,425.02326,25.10855,15.93844,17.23375
1986-01-30,258.8891,532.49174,424.80451,25.07652,15.92012,17.21357
1986-01-31,258.7011,532.16903,424.53846,25.0445,15.9018,17.19339
1986-02-03,257.1162,528.97401,421.98091,24.95432,15.84657,17.1333
1986-02-04,256.6789,528.13808,421.30551,25.19583,16.00187,17.30085
1986-02-05,260.0771,535.19316,426.92458,25.39038,16.12739,17.43619
1986-02-06,261.9785,539.16956,430.08781,25.33944,16.09709,17.40304
1986-02-07,262.956,541.24556,431.73507,25.55499,16.23599,17.55284
1986-02-10,266.1437,547.87134,437.0112,25.74515,16.35881,17.68524
1986-02-11,267.4121,550.54764,439.13706,25.77136,16.37751,17.70508
1986-02-12,270.2026,556.35825,443.76269,25.8841,16.45119,17.78436
1986-02-13,269.4475,554.87076,442.56722,25.8795,16.45034,17.78305
1986-02-14,269.4697,554.983,442.64779,25.7437,16.36613,17.69164
1986-02-17,268.7741,553.61746,441.54967,25.59097,16.27113,17.58856
1986-02-18,272.0583,560.4482,446.9884,25.93178,16.48979,17.82455
1986-02-19,277.0915,570.88402,455.30183,26.03022,16.55444,17.89405
1986-02-20,277.7045,572.21512,456.35422,25.92149,16.4874,17.82119
1986-02-21,280.3364,577.70628,460.72409,26.36042,16.76856,18.12472
1986-02-24,285.906,589.2534,469.9229,26.52076,16.87263,18.23681
1986-02-25,288.247,594.1483,473.81685,26.3676,16.77735,18.13344
1986-02-26,287.5488,592.78091,472.71677,26.21093,16.67981,18.02763
1986-02-27,290.2636,598.44799,477.22623,26.0742,16.59493,17.9355
1986-02-28,288.7939,595.49089,474.85836,26.12652,16.63031,17.97335
1986-03-03,285.9758,589.75423,470.27391,25.97859,16.53828,17.8735
1986-03-04,293.6462,605.6445,482.93415,26.46194,16.84795,18.20779
1986-03-05,294.7607,608.01531,484.8148,26.74068,17.02748,18.40141
1986-03-06,294.2165,606.96607,483.96834,26.88567,17.12191,18.50307
1986-03-07,295.3781,609.43474,485.92692,26.99463,17.19343,18.57996
1986-03-10,292.0861,602.71905,480.56203,26.98007,17.18633,18.57189
1986-03-11,298.7358,616.5136,491.55003,27.62335,17.59811,19.01647
1986-03-12,303.2529,625.90941,499.03089,27.90884,17.78214,19.21492
1986-03-13,301.8684,623.12805,496.80315,28.00736,17.84712,19.28473
1986-03-14,306.3652,632.48497,504.25259,28.15103,17.94089,19.38563
1986-03-17,307.6884,635.292,506.48028,28.13137,17.93063,19.37412
1986-03-18,308.6218,637.29497,508.06686,28.20203,17.97791,19.42479
1986-03-19,311.3657,643.03686,512.63393,28.57464,18.21761,19.68337
1986-03-20,317.0612,654.87646,522.06143,28.97926,18.47777,19.96404
1986-03-21,318.4431,657.8087,524.38837,29.04211,18.52015,20.0094
1986-03-24,311.924,644.42788,513.71016,28.9281,18.44981,19.93297
1986-03-25,304.9572,630.1191,502.29265,28.60207,18.24428,19.71048
1986-03-26,306.5942,633.57654,505.03847,29.10049,18.56438,20.05589
1986-03-27,312.6791,646.2272,515.11155,29.31379,18.70274,20.20494
1986-03-28,312.6789,646.30428,515.16257,NA,NA,NA
1986-03-31,311.7824,644.52942,513.73738,NA,NA,NA
1986-04-01,315.8115,652.9354,520.42674,29.80147,19.02092,20.54735
1986-04-02,313.9792,649.22709,517.46033,29.97309,19.13281,20.66777
1986-04-03,313.7429,648.81649,517.12259,30.13062,19.23574,20.77852
1986-04-04,312.479,646.28161,515.09168,NA,NA,NA
1986-04-07,311.1088,643.52635,512.88521,30.35217,19.38199,20.9356
1986-04-08,315.8759,653.464,520.79449,30.09202,19.21837,20.75841
1986-04-09,316.6064,655.0532,522.0505,29.99247,19.15723,20.69193
1986-04-10,317.8449,657.69367,524.14425,30.24679,19.32203,20.86949
1986-04-11,322.2177,666.82048,531.40671,30.26942,19.33891,20.88727
1986-04-14,322.8095,668.12485,532.43544,30.43241,19.44544,21.00188
1986-04-15,320.8139,664.07645,529.19829,30.3714,19.40892,20.96198
1986-04-16,329.238,681.59505,543.14668,30.35754,19.40251,20.95461
1986-04-17,335.2172,694.0551,553.06402,30.54337,19.52368,21.08503
1986-04-18,336.8532,697.52499,555.81778,30.57194,19.5444,21.10694
1986-04-21,338.4985,701.01496,558.58742,30.56966,19.5454,21.10757
1986-04-22,341.5322,707.38101,563.64852,30.57022,19.54822,21.11016
1986-04-23,337.8369,699.81595,557.60878,30.19945,19.31368,20.85643
1986-04-24,335.3242,694.6973,553.51876,30.05129,19.22139,20.75632
1986-04-25,335.6718,695.50053,554.14757,30.21808,19.33046,20.87365
1986-04-28,337.5009,699.37313,557.2218,29.95906,19.16726,20.69697
1986-04-29,340.6279,705.93614,562.43932,30.24581,19.35306,20.89715
1986-04-30,340.0544,704.83265,561.54874,30.36986,19.43485,20.98501
1986-05-01,338.5427,701.78514,559.10928,NA,NA,NA
1986-05-02,333.3164,691.04097,550.53752,30.13575,19.28996,20.82767
1986-05-05,338.821,702.536,559.68353,30.20137,19.33438,20.87518
1986-05-06,334.8837,694.46047,553.2383,30.43407,19.48573,21.03814
1986-05-07,334.5437,693.83891,552.73193,30.09802,19.27311,20.80813
1986-05-08,338.2717,701.65335,558.94561,NA,NA,NA
1986-05-09,336.0046,697.03711,555.25675,29.91997,19.16397,20.68941
1986-05-12,335.8662,696.83368,555.08346,29.823,19.1043,20.62454
1986-05-13,335.9462,697.08317,555.27097,29.89355,19.15188,20.67547
1986-05-14,333.3266,691.73365,550.99826,29.87836,19.14457,20.66713
1986-05-15,331.965,688.99208,548.80323,29.69874,19.03193,20.54508
1986-05-16,326.2551,677.22993,539.42253,29.5034,18.90919,20.41214
1986-05-19,326.5834,677.99242,540.01896,NA,NA,NA
1986-05-20,325.3566,675.52787,538.04495,29.48285,18.90079,20.40219
1986-05-21,323.5432,671.84538,535.1009,29.63956,19.00359,20.51273
1986-05-22,324.0375,672.95211,535.97154,29.90627,19.17693,20.69939
1986-05-23,321.4882,667.74095,531.81003,29.92249,19.18974,20.71277
1986-05-26,318.602,661.82917,527.09065,29.62248,18.99982,20.50733
1986-05-27,316.2412,657.00672,523.23909,29.50604,18.92756,20.42889
1986-05-28,316.7841,658.21311,524.18928,29.33547,18.82057,20.31298
1986-05-29,309.2509,642.6473,511.78152,28.82627,18.49638,19.96264
1986-05-30,309.3273,642.88308,511.95893,29.13326,18.69561,20.17724
1986-06-02,310.4062,645.20201,513.79522,29.49099,18.92745,20.42701
1986-06-03,314.5349,653.86078,520.67963,29.20415,18.74581,20.23054
1986-06-04,312.0996,648.87899,516.70179,28.94438,18.58149,20.05277
1986-06-05,312.4555,649.69654,517.34235,28.80708,18.49571,19.95978
1986-06-06,315.4936,656.09105,522.42347,28.78806,18.48584,19.94869
1986-06-09,312.6813,650.32415,517.82062,28.62958,18.38644,19.84099
1986-06-10,313.2944,651.67696,518.88732,28.5163,18.31603,19.76459
1986-06-11,315.8083,656.98358,523.10195,28.54693,18.33801,19.78788
1986-06-12,315.1403,655.6732,522.04799,28.48362,18.29966,19.74607
1986-06-13,316.8867,659.38474,524.99248,28.75983,18.47935,19.93955
1986-06-16,322.0432,670.19341,533.58692,28.94078,18.59791,20.06704
1986-06-17,320.3276,666.70502,530.79865,29.11724,18.7136,20.19144
1986-06-18,317.2495,660.38156,525.75315,28.8136,18.52088,19.98306
1986-06-19,316.101,658.07099,523.90292,28.82252,18.52895,19.99134
1986-06-20,313.9309,653.63414,520.35987,28.79502,18.51361,19.97435
1986-06-23,311.8742,649.43218,517.00397,28.90517,18.58673,20.05282
1986-06-24,316.9562,660.09243,525.47935,28.85857,18.55912,20.0226
1986-06-25,319.6237,665.72628,529.95346,28.96634,18.63074,20.09943
1986-06-26,318.9909,664.48855,528.95741,28.95379,18.62502,20.09283
1986-06-27,319.8464,666.34991,530.42841,28.95366,18.62728,20.09484
1986-06-30,322.092,671.10752,534.20469,28.91559,18.60514,20.07052
1986-07-01,324.8605,676.95577,538.84891,28.98933,18.65491,20.12378
1986-07-02,325.9018,679.20637,540.62944,29.08817,18.72084,20.19446
1986-07-03,328.6921,685.10238,545.31135,29.14768,18.76148,20.23787
1986-07-04,327.1035,681.87474,542.73114,29.08608,18.72421,20.19723
1986-07-07,323.5588,674.57097,536.9064,28.71276,18.48633,19.94021
1986-07-08,320.5004,668.27865,531.88702,28.49605,18.34919,19.79185
1986-07-09,319.9707,667.25469,531.06126,28.69582,18.48009,19.93261
1986-07-10,321.3916,670.29723,533.47199,28.67978,18.47209,19.92356
1986-07-11,320.5043,668.52773,532.05286,28.73781,18.51178,19.96593
1986-07-14,314.0126,655.07398,521.33407,28.3205,18.2454,19.6782
1986-07-15,313.5668,654.22284,520.64614,27.91913,17.98921,19.40147
1986-07-16,314.8154,656.90584,522.77076,27.9143,17.98837,19.40014
1986-07-17,316.6213,660.75226,525.82111,28.04895,18.07737,19.49571
1986-07-18,313.892,655.13847,521.34278,27.91414,17.99279,19.40408
1986-07-21,311.7631,650.7757,517.86027,27.45247,17.69759,19.0853
1986-07-22,309.9196,647.00728,514.85089,27.2792,17.58816,18.96688
1986-07-23,309.9868,647.22511,515.01382,27.26872,17.58362,18.96158
1986-07-24,312.8815,653.346,519.87371,27.60906,17.80522,19.20013
1986-07-25,312.0637,651.71728,518.56716,27.77123,17.912,19.31487
1986-07-28,314.6123,657.11732,522.85326,27.84851,17.96408,19.37061
1986-07-29,314.052,656.02625,521.97452,27.54908,17.77327,19.16444
1986-07-30,317.0637,662.39548,527.03145,27.84107,17.96381,19.36949
1986-07-31,318.6191,665.7238,529.66889,27.67611,17.85968,19.25679
1986-08-01,319.8015,668.27363,531.68686,27.65304,17.84704,19.24275
1986-08-04,318.8447,666.35514,530.14967,27.57845,17.80117,19.19287
1986-08-05,321.5043,671.99272,534.62398,28.06548,18.11766,19.5337
1986-08-06,320.7109,670.41558,533.35839,27.759,17.92217,19.3225
1986-08-07,320.9951,671.0899,533.88407,27.66366,17.8629,19.25819
1986-08-08,323.9624,677.37334,538.8718,27.95504,18.05322,19.46296
1986-08-11,330.5041,691.13293,549.80616,28.32753,18.29596,19.72424
1986-08-12,331.5673,693.43863,551.62923,28.60566,18.47783,19.91988
1986-08-13,334.9284,700.55056,557.2753,28.85596,18.64178,20.0962
1986-08-14,338.3674,707.8271,563.05207,29.03833,18.7619,20.22526
1986-08-15,338.5161,708.22295,563.35557,29.03974,18.76518,20.22835
1986-08-18,341.3964,714.33319,568.20434,29.31546,18.94564,20.42245
1986-08-19,344.1726,720.22704,572.8808,29.6553,19.16757,20.66125
1986-08-20,346.1181,724.38395,576.1756,29.5706,19.11526,20.60441
1986-08-21,347.1945,726.72309,578.02447,29.75226,19.23505,20.73309
1986-08-22,348.9462,730.47613,580.99781,29.7428,19.23136,20.72866
1986-08-25,347.935,728.44769,579.37265,29.71138,19.21347,20.70894
1986-08-26,347.184,726.96329,578.18027,29.705,19.21177,20.70666
1986-08-27,349.4082,731.70698,581.94128,30.03278,19.4261,20.93723
1986-08-28,349.9306,732.88841,582.86912,29.96042,19.38177,20.88899
1986-08-29,353.4829,740.41551,588.84334,30.3,19.6038,21.12784
1986-09-01,355.9812,745.73659,593.06306,30.21052,19.5484,21.06768
1986-09-02,356.9968,747.95309,594.81376,30.29086,19.60283,21.12588
1986-09-03,355.351,744.59604,592.1319,30.25349,19.58112,21.10203
1986-09-04,358.1313,750.51039,596.82305,30.32561,19.63025,21.15452
1986-09-05,356.0783,746.29992,593.46255,30.23629,19.57492,21.09444
1986-09-08,349.1428,731.8608,581.96764,30.08356,19.47855,20.99013
1986-09-09,349.2526,732.17865,582.20862,30.08712,19.4833,20.9948
1986-09-10,348.0803,729.80977,580.3131,29.9245,19.38049,20.88357
1986-09-11,343.0017,719.25461,571.90775,29.68837,19.23006,20.72102
1986-09-12,337.9465,708.74586,563.53965,29.36365,19.02223,20.49663
1986-09-15,341.7993,716.91042,570.0197,29.25853,18.95656,20.42542
1986-09-16,337.7719,708.55334,563.36294,28.88563,18.71743,20.16733
1986-09-17,338.4418,710.04323,564.53613,28.8111,18.67151,20.11742
1986-09-18,339.4562,712.25608,566.28407,28.6256,18.55369,19.99004
1986-09-19,340.4519,714.43023,568.00116,28.46637,18.45286,19.88097
1986-09-22,336.6735,706.59098,561.75673,28.67724,18.59183,20.03027
1986-09-23,337.3154,708.02256,562.88349,28.96219,18.77884,20.23132
1986-09-24,336.4318,706.25347,561.46563,28.81592,18.6864,20.13129
1986-09-25,332.8544,698.83205,555.5539,28.64637,18.57884,20.01498
1986-09-26,330.6904,694.37452,551.99885,28.38227,18.40996,19.83262
1986-09-29,328.3754,689.59902,548.19115,27.98399,18.15404,19.55649
1986-09-30,330.3107,693.74525,551.47597,28.17351,18.27923,19.69093
1986-10-01,333.968,701.50922,557.63624,28.4275,18.44626,19.87043
1986-10-02,336.0004,705.86179,561.08475,28.56451,18.53745,19.96825
1986-10-03,336.9709,707.98478,562.76093,28.329,18.38701,19.80576
1986-10-06,338.6003,711.49247,565.53766,28.40075,18.43587,19.85797
1986-10-07,338.2458,710.83313,565.00212,28.62245,18.58205,20.01499
1986-10-08,338.281,710.99232,565.11722,28.50735,18.50969,19.93663
1986-10-09,339.9018,714.48352,567.88063,28.64668,18.60246,20.03612
1986-10-10,340.4306,715.68046,568.82049,28.5461,18.53951,19.96788
1986-10-13,341.2368,717.46073,570.22393,28.52928,18.53093,19.95821
1986-10-14,341.2717,717.62012,570.33907,28.46988,18.49469,19.91875
1986-10-15,341.6499,718.50123,571.02781,28.4474,18.48242,19.90511
1986-10-16,341.2705,717.78976,570.4508,28.39159,18.4485,19.86815
1986-10-17,340.321,715.87951,568.92107,28.35287,18.42568,19.84314
1986-10-20,336.4594,707.84639,562.52508,28.23736,18.35296,19.7644
1986-10-21,337.028,709.12719,563.53155,28.30671,18.40033,19.81499
1986-10-22,336.4785,708.05644,562.66922,28.20662,18.33761,19.74702
1986-10-23,334.2182,703.3871,558.94706,28.10834,18.27605,19.6803
1986-10-24,331.1174,696.94874,553.81918,28.26977,18.38327,19.79534
1986-10-27,330.0334,694.75154,552.06195,28.33972,18.43106,19.84637
1986-10-28,329.9855,694.73405,552.03688,28.21976,18.35539,19.76446
1986-10-29,329.9377,694.71675,552.01196,28.19097,18.33898,19.74637
1986-10-30,331.111,697.27004,554.02957,28.15702,18.31922,19.72467
1986-10-31,331.6164,698.41767,554.93023,28.82219,18.75413,20.19252
1986-11-03,333.1962,701.82803,557.62866,29.00254,18.8738,20.32093
1986-11-04,335.7102,707.20687,561.89089,28.97446,18.85791,20.30339
1986-11-05,334.8928,705.57037,560.57925,29.10983,18.94836,20.40033
1986-11-06,337.1889,710.49184,564.4779,29.24864,19.04106,20.4997
1986-11-07,336.6423,709.42569,563.61942,29.19258,19.00698,20.46256
1986-11-10,339.3544,715.22544,568.21556,29.13442,18.97152,20.42395
1986-11-11,339.3417,715.28444,568.25094,29.01423,18.89567,20.34186
1986-11-12,338.927,714.49638,567.61336,28.8916,18.81822,20.25804
1986-11-13,337.7062,712.00948,565.62615,28.79312,18.75647,20.19113
1986-11-14,338.4099,713.57815,566.86087,28.73876,18.72343,20.15513
1986-11-17,335.4255,707.37376,561.92037,28.43309,18.52672,19.94294
1986-11-18,334.5375,705.58659,560.48928,28.48701,18.56418,19.98283
1986-11-19,333.9919,704.52085,559.63133,28.38278,18.49861,19.91182
1986-11-20,334.3874,705.43937,560.34964,28.30958,18.45325,19.86257
1986-11-21,336.7268,710.45858,564.32505,28.65677,18.68181,20.10815
1986-11-24,340.3835,718.25843,570.50879,29.02421,18.92361,20.36798
1986-11-25,342.048,721.85626,573.35492,28.98607,18.90113,20.34336
1986-11-26,345.1196,728.42443,578.56002,28.93376,18.86941,20.30878
1986-11-27,345.6784,729.6909,579.55423,29.03325,18.93665,20.38071
1986-11-28,348.7568,736.27588,584.77236,29.11366,18.99146,20.43926
1986-12-01,347.883,734.52013,583.36601,28.81889,18.80164,20.23453
1986-12-02,346.4313,731.54433,580.99069,28.96357,18.89836,20.33818
1986-12-03,347.3542,733.58045,582.596,29.03796,18.94927,20.39253
1986-12-04,347.0544,733.03547,582.1514,29.01566,18.9371,20.379
1986-12-05,344.3891,727.49643,577.74045,29.02487,18.9455,20.38759
1986-12-08,341.5288,721.54434,573.00163,28.95325,18.90115,20.33943
1986-12-09,341.291,721.12863,572.6599,28.97503,18.91774,20.35685
1986-12-10,341.6474,721.96795,573.31484,29.08963,18.99492,20.43946
1986-12-11,341.9692,722.73436,573.91185,29.03541,18.96192,20.40351
1986-12-12,340.6191,719.96879,571.70406,29.07534,18.99038,20.43369
1986-12-15,341.8876,722.73581,573.88966,29.01446,18.95302,20.39306
1986-12-16,341.1337,721.22934,572.6818,29.06279,18.98696,20.42914
1986-12-17,341.9445,723.02962,574.09969,29.06703,18.99212,20.43425
1986-12-18,341.5256,722.23086,573.45383,28.96975,18.93098,20.36802
1986-12-19,343.1677,725.78942,576.26767,29.03894,18.97856,20.41878
1986-12-22,349.1584,738.54657,586.38424,29.24445,19.11521,20.56536
1986-12-23,351.1628,742.87419,589.80828,29.31172,19.16157,20.6148
1986-12-24,352.0654,744.87225,591.3827,NA,NA,NA
1986-12-25,352.1606,745.16292,591.60152,NA,NA,NA
1986-12-26,352.1603,745.25164,591.65999,NA,NA,NA
1986-12-29,355.915,753.28617,598.02633,29.3459,19.19357,20.64744
1986-12-30,355.1623,751.784,596.82163,29.29758,19.1644,20.61562
1986-12-31,356.9047,755.56168,599.80849,29.28183,19.15651,20.60669
1987-01-01,356.9045,755.65186,599.86794,NA,NA,NA
1987-01-02,359.6845,761.62766,604.59945,29.18822,19.10011,20.54513
1987-01-05,358.3659,758.92796,602.44405,29.18096,19.09777,20.54217
1987-01-06,362.4711,767.71213,609.40441,29.50156,19.30992,20.76992
1987-01-07,362.3037,767.44975,609.1838,29.68044,19.42938,20.89797
1987-01-08,360.4404,763.59651,606.11272,29.51678,19.32474,20.78497
1987-01-09,359.6018,761.91213,604.76343,29.30876,19.19103,20.64071
1987-01-12,363.7338,770.75763,611.77185,29.40274,19.25496,20.70903
1987-01-13,365.5078,774.60851,614.81595,29.17034,19.10525,20.54757
1987-01-14,369.7526,783.69665,622.01645,29.31469,19.20216,20.65135
1987-01-15,375.1936,795.32256,631.23065,29.47472,19.30937,20.7662
1987-01-16,376.1982,797.54695,632.98332,29.70239,19.4609,20.92872
1987-01-19,380.7961,807.38964,640.78181,29.33505,19.22275,20.67216
1987-01-20,376.4165,798.2052,633.47915,29.3529,19.23687,20.6869
1987-01-21,372.5353,790.07475,627.01334,29.34198,19.23214,20.68136
1987-01-22,379.7722,805.5178,639.25543,29.44987,19.30525,20.75954
1987-01-23,380.9392,808.08911,641.28306,29.48571,19.33116,20.78696
1987-01-26,376.5197,798.81562,633.91032,29.25447,19.18206,20.62617
1987-01-27,379.0322,804.2411,638.2028,29.35362,19.24946,20.69821
1987-01-28,379.4433,805.20959,638.95843,28.71954,18.83622,20.25342
1987-01-29,377.8093,801.84007,636.27158,28.73452,18.84841,20.2661
1987-01-30,372.0122,789.63914,626.57639,28.72134,18.84215,20.25892
1987-02-02,376.6174,799.50833,634.39441,29.19492,19.15509,20.59496
1987-02-03,378.9555,804.56692,638.39533,29.02019,19.0429,20.4739
1987-02-04,373.4855,793.05592,629.24819,28.87315,18.94885,20.37234
1987-02-05,371.1386,788.16983,625.3584,28.98507,19.02466,20.4534
1987-02-06,372.3212,790.77523,627.41293,29.44392,19.32812,20.77921
1987-02-09,377.2287,801.29262,635.74435,29.51055,19.37427,20.82838
1987-02-10,377.7409,802.47641,636.6707,29.25878,19.21148,20.65292
1987-02-11,376.0187,798.91548,633.83252,29.18973,19.16858,20.60636
1987-02-12,376.9069,800.89796,635.39252,29.14022,19.13849,20.57357
1987-02-13,375.9848,799.03533,633.9019,29.32705,19.26356,20.70757
1987-02-16,380.4021,808.51808,641.41162,29.38975,19.30716,20.75399
1987-02-17,381.1743,810.25588,642.77727,29.40544,19.31989,20.76724
1987-02-18,378.809,805.32737,638.85427,29.46623,19.36225,20.81232
1987-02-19,376.8813,801.32748,635.66815,29.62584,19.46953,20.92719
1987-02-20,382.039,812.38944,644.42981,29.71221,19.52872,20.99036
1987-02-23,380.4807,809.17453,641.86643,29.57793,19.44295,20.89772
1987-02-24,378.9257,805.96585,639.3081,29.59849,19.45892,20.91443
1987-02-25,382.3403,813.3245,645.13192,29.65949,19.50145,20.9597
1987-02-26,384.7504,818.54808,649.2621,29.84382,19.62506,21.09209
1987-02-27,384.6311,818.39251,649.12556,29.93236,19.68573,21.15685
1987-03-02,386.3854,822.22263,652.1503,29.9627,19.70816,21.1805
1987-03-03,386.2687,822.07296,652.0184,29.99867,19.73429,21.20813
1987-03-04,390.2404,830.62355,658.78665,30.30177,19.93609,21.42454
1987-03-05,391.4204,833.23421,660.84388,30.5446,20.09831,21.5984
1987-03-06,392.5151,835.66394,662.75752,30.50266,20.07325,21.57102
1987-03-09,389.3217,828.96859,657.43377,30.46743,20.05261,21.54837
1987-03-10,389.6625,829.79345,658.07465,30.57309,20.12465,21.62532
1987-03-11,387.6416,825.59122,654.72857,30.4254,20.03,21.52315
1987-03-12,388.7983,828.15319,656.74705,30.58999,20.14084,21.64178
1987-03-13,388.8723,828.41007,656.93748,30.50564,20.08786,21.58439
1987-03-16,390.2783,831.50397,659.37764,30.44195,20.04846,21.54159
1987-03-17,394.2067,839.97255,666.07948,30.53417,20.1117,21.60907
1987-03-18,395.2526,842.30135,667.91268,30.68282,20.21211,21.71649
1987-03-19,391.3405,834.06958,661.37126,30.33624,19.98643,21.47355
1987-03-20,393.986,839.80718,665.90732,30.52246,20.11159,21.60756
1987-03-23,400.8557,854.55106,677.58379,30.86141,20.33738,21.84968
1987-03-24,404.9665,863.41625,684.59902,31.04457,20.4606,21.98159
1987-03-25,403.6145,860.63834,682.3825,31.11199,20.50758,22.0316
1987-03-26,404.3356,862.27877,683.66935,31.30769,20.63911,22.17243
1987-03-27,407.2678,868.63449,688.69454,31.42669,20.72014,22.25899
1987-03-30,405.6333,865.25393,686.00023,31.01179,20.4493,21.96756
1987-03-31,402.9416,859.6186,681.51826,30.82478,20.32861,21.83744
1987-04-01,401.8627,857.42085,679.76201,30.91726,20.39213,21.90521
1987-04-02,402.1511,858.13883,680.31747,31.11386,20.52432,22.04673
1987-04-03,405.1564,864.65382,685.46847,31.1652,20.56076,22.0854
1987-04-06,408.904,872.75453,691.87627,31.55017,20.81724,22.36042
1987-04-07,407.4331,869.72097,689.45732,31.3788,20.70683,22.24134
1987-04-08,404.1169,862.7497,683.91668,31.36817,20.70242,22.23613
1987-04-09,404.5458,863.76857,684.71052,31.25508,20.63042,22.15832
1987-04-10,403.0959,860.77759,682.32563,30.78565,20.32328,21.82795
1987-04-13,399.1682,852.49763,675.748,30.53612,20.16117,21.65337
1987-04-14,400.0353,854.45126,677.28289,30.50681,20.14437,21.63486
1987-04-15,401.8906,858.51579,680.49088,30.78191,20.32849,21.83214
1987-04-16,404.6005,864.40678,685.14636,31.05717,20.51277,22.02958
1987-04-17,404.601,864.5115,685.2155,NA,NA,NA
1987-04-20,404.9453,865.35063,685.86674,NA,NA,NA
1987-04-21,405.8588,867.40603,687.48194,31.01014,20.48946,22.00312
1987-04-22,407.3271,870.64746,690.03706,31.33218,20.70474,22.23384
1987-04-23,408.6699,873.62143,692.38011,31.39698,20.75015,22.28212
1987-04-24,416.5065,890.47887,705.7252,31.57105,20.86777,22.40794
1987-04-27,413.4799,884.11782,700.66936,31.13476,20.58213,22.10074
1987-04-28,413.7551,884.81212,701.20542,31.30846,20.6995,22.2263
1987-04-29,415.6198,888.90512,704.43483,31.60201,20.89612,22.43693
1987-04-30,418.0039,894.10986,708.54509,31.60002,20.89743,22.43786
1987-05-01,422.4008,903.62126,716.06773,NA,NA,NA
1987-05-04,422.2958,903.50507,715.96117,31.75776,21.00698,22.55452
1987-05-05,422.9128,904.93314,717.07832,31.57976,20.89193,22.43051
1987-05-06,425.1916,909.91692,721.0129,31.90724,21.11113,22.66537
1987-05-07,423.6328,906.69148,718.4424,31.80929,21.049,22.59818
1987-05-08,425.1047,909.94981,721.00966,32.06783,21.22267,22.78414
1987-05-11,426.5131,913.073,723.46974,32.44152,21.47257,23.05193
1987-05-12,425.6896,911.42018,722.14546,32.21986,21.32861,22.89689
1987-05-13,426.6647,913.6167,723.8712,32.38855,21.44292,23.01912
1987-05-14,429.5568,919.91822,728.84916,32.56026,21.55926,23.14351
1987-05-15,428.5168,917.80213,727.15779,32.30303,21.39172,22.96316
1987-05-18,426.7695,914.1713,724.26633,32.05851,21.23255,22.79181
1987-05-19,427.9455,916.79942,726.33382,32.25719,21.36676,22.93538
1987-05-20,423.1589,906.66003,718.28565,31.67083,20.9812,22.52102
1987-05-21,419.7446,899.4567,712.56407,31.58212,20.9251,22.46032
1987-05-22,419.541,899.12841,712.28957,31.48321,20.86222,22.39234
1987-05-25,419.0654,898.21729,711.55336,31.62855,20.96112,22.49802
1987-05-26,413.6962,886.82263,702.51165,31.49118,20.87276,22.40269
1987-05-27,410.1948,879.42672,696.63829,31.58319,20.93635,22.47046
1987-05-28,412.7746,885.06223,701.08822,NA,NA,NA
1987-05-29,414.9763,889.8884,704.8969,31.98499,21.20791,22.76094
1987-06-01,416.3886,893.02304,707.36562,32.32072,21.43311,23.00214
1987-06-02,419.4077,899.60428,712.56412,32.21911,21.36845,22.93226
1987-06-03,418.1586,897.03392,710.51369,31.93881,21.18531,22.73521
1987-06-04,415.3383,891.0941,705.7943,31.94002,21.18878,22.73845
1987-06-05,416.5551,893.81097,707.93191,31.93574,21.18861,22.73778
1987-06-08,419.3835,899.98624,712.80846,NA,NA,NA
1987-06-09,423.0566,907.97568,719.12155,32.18976,21.36244,22.92334
1987-06-10,423.2604,908.52183,719.53956,32.00291,21.24117,22.79272
1987-06-11,423.685,909.54192,720.33291,32.12626,21.32569,22.88292
1987-06-12,425.6157,913.79493,723.68653,32.37887,21.496,23.06517
1987-06-15,424.4084,911.31341,721.70656,32.73496,21.73502,23.32114
1987-06-16,427.2138,917.44572,726.54822,32.90511,21.85069,23.44475
1987-06-17,428.1745,919.61834,728.25407,33.12141,21.99703,23.60126
1987-06-18,424.7272,912.32809,722.46578,32.75092,21.75383,23.33982
1987-06-19,422.4951,907.6449,718.74241,32.68496,21.71278,23.29527
1987-06-22,421.1008,904.75952,716.44292,32.72119,21.73957,23.32351
1987-06-23,423.695,910.44094,720.92717,33.02208,21.94214,23.54034
1987-06-24,426.1337,915.78958,725.14774,32.87381,21.84642,23.43714
1987-06-25,425,913.4639,723.29148,32.90483,21.86978,23.46169
1987-06-26,427.7397,919.46107,728.02531,33.09069,21.99602,23.59662
1987-06-29,425.8862,915.58869,724.94433,33.00253,21.9402,23.53624
1987-06-30,426.1015,916.16121,725.38297,33.03378,21.96374,23.56097
1987-07-01,423.5947,910.88354,721.18942,32.69516,21.74144,23.32201
1987-07-02,426.9816,918.27496,727.02672,33.06116,21.98747,23.58542
1987-07-03,431.5957,928.30747,734.95461,33.54261,22.31031,23.93122
1987-07-06,432.4907,930.34334,736.55157,33.6837,22.40693,24.03433
1987-07-07,433.2724,932.13601,737.95592,33.6759,22.40457,24.03129
1987-07-08,434.0881,934.00223,739.41844,33.88321,22.54526,24.18168
1987-07-09,435.311,936.74487,741.57472,33.80145,22.49372,24.12587
1987-07-10,435.4531,937.1629,741.89064,33.96561,22.60575,24.24552
1987-07-13,436.3081,939.11491,743.42091,34.07769,22.68317,24.32802
1987-07-14,438.747,944.47617,747.64982,34.21342,22.77634,24.42743
1987-07-15,445.0358,958.12664,758.43971,34.81819,23.18165,24.8616
1987-07-16,447.4255,963.3855,762.58708,34.69613,23.10334,24.77707
1987-07-17,444.0031,956.1354,756.83236,34.75597,23.14608,24.82238
1987-07-20,440.9799,949.74269,751.75661,34.6459,23.07572,24.74639
1987-07-21,438.194,943.85921,747.08417,34.43934,22.9411,24.60149
1987-07-22,432.9992,932.78858,738.3058,34.08901,22.71071,24.3539
1987-07-23,433.1481,933.22111,738.63322,34.0245,22.67061,24.31037
1987-07-24,435.354,938.08481,742.46773,34.18249,22.7787,24.42575
1987-07-27,432.987,933.09915,738.50652,33.90875,22.59921,24.23277
1987-07-28,436.8139,941.45723,745.10632,34.34009,22.88943,24.54344
1987-07-29,440.717,949.98151,751.83737,34.60667,23.06994,24.73646
1987-07-30,439.1752,946.77331,749.28303,34.51646,23.01273,24.67458
1987-07-31,439.7331,948.08924,750.30931,34.55103,23.03867,24.70187
1987-08-03,436.9899,942.29104,745.70525,34.37546,22.92454,24.57897
1987-08-04,428.8322,924.82241,731.86494,34.05087,22.71105,24.34954
1987-08-05,430.3283,928.15913,734.49063,34.24706,22.84471,24.49232
1987-08-06,427.456,922.07804,729.6633,34.07404,22.73221,24.37119
1987-08-07,422.4953,911.49313,721.27185,33.67555,22.46933,24.08882
1987-08-10,422.3369,911.2608,721.07341,33.85028,22.5887,24.21628
1987-08-11,424.6486,916.35711,725.09138,34.09156,22.75249,24.39135
1987-08-12,427.6264,922.89195,730.24738,34.36202,22.9358,24.58733
1987-08-13,427.7175,923.19917,730.4757,34.25341,22.86622,24.51221
1987-08-14,433.5063,935.80406,740.4338,34.77724,23.21866,24.88949
1987-08-17,429.8996,928.13421,734.34986,34.16342,22.81192,24.45296
1987-08-18,430.4531,929.44017,735.3683,33.76449,22.54852,24.17008
1987-08-19,427.612,923.41982,730.5899,33.41334,22.31694,23.92133
1987-08-20,429.8864,928.44123,734.54784,33.39795,22.30948,23.91281
1987-08-21,435.125,939.86588,743.57118,33.6828,22.50249,24.11918
1987-08-24,436.5637,943.08549,746.10328,33.70802,22.52217,24.13976
1987-08-25,436.1513,942.30798,745.47307,33.63774,22.47807,24.09196
1987-08-26,435.4699,940.94931,744.3831,33.80781,22.5945,24.21624
1987-08-27,439.1113,948.92945,750.68083,33.83632,22.61639,24.23918
1987-08-28,441.5727,954.36151,754.96272,34.03495,22.75195,24.38395
1987-08-31,442.6796,956.8677,756.93,34.05154,22.76591,24.39838
1987-09-01,445.6445,963.39026,762.07416,34.19277,22.86316,24.50208
1987-09-02,445.4016,962.98085,761.73488,34.1324,22.82569,24.46139
1987-09-03,447.6503,967.95727,765.65581,34.13202,22.82831,24.46367
1987-09-04,447.2641,967.23853,765.07178,34.04052,22.77001,24.40067
1987-09-07,446.3852,965.4545,763.64513,33.92073,22.69278,24.31738
1987-09-08,445.4592,963.56821,762.13764,33.86208,22.65641,24.27789
1987-09-09,442.3093,956.87333,756.82659,33.60228,22.48551,24.09423
1987-09-10,442.3117,956.99326,756.90614,33.85131,22.65492,24.27525
1987-09-11,445.0339,962.99691,761.63908,34.08638,22.81503,24.44629
1987-09-14,442.0371,956.6306,756.58826,33.96346,22.73566,24.36071
1987-09-15,443.25,959.36959,758.73917,34.05665,22.80088,24.43008
1987-09-16,444.1721,961.47994,760.39282,34.03521,22.78941,24.41725
1987-09-17,446.5314,966.70143,764.50678,34.32679,22.98744,24.62891
1987-09-18,449.6235,973.51054,769.87604,34.33015,22.99258,24.63389
1987-09-21,449.311,972.95088,769.41786,34.38699,23.03353,24.67723
1987-09-22,446.9084,967.8671,765.38181,34.35877,23.01754,24.65957
1987-09-23,449.9331,974.5328,770.63732,34.78005,23.30256,24.96438
1987-09-24,444.9345,963.82836,762.15634,34.23698,22.94178,24.57733
1987-09-25,446.6689,967.70028,765.20262,34.43681,23.07852,24.72329
1987-09-28,448.8757,972.59646,769.05866,34.65561,23.228,24.8829
1987-09-29,446.374,967.29488,764.8508,34.72495,23.27738,24.93526
1987-09-30,444.8571,964.12502,762.32879,34.58244,23.18482,24.83557
1987-10-01,445.0949,964.75586,762.81217,34.6838,23.25567,24.91093
1987-10-02,449.164,973.69052,769.86085,34.97916,23.45657,25.12559
1987-10-05,451.4489,978.75958,773.85309,35.16334,23.58298,25.26046
1987-10-06,451.8486,979.74327,774.61519,35.00822,23.48195,25.1517
1987-10-07,450.642,977.24546,772.6246,34.75838,23.31739,24.9749
1987-10-08,453.4785,983.51284,777.56389,34.94954,23.44852,25.11481
1987-10-09,452.1682,980.79004,775.39545,34.67514,23.26744,24.92033
1987-10-12,447.5239,970.83875,767.51192,34.31599,23.02947,24.66491
1987-10-13,447.6074,971.13625,767.73159,34.46681,23.13355,24.77585
1987-10-14,447.1174,970.18994,766.96794,34.21612,22.96827,24.5983
1987-10-15,443.7775,963.06244,761.31757,33.79566,22.68902,24.29871
1987-10-16,440.0246,955.03744,754.95788,33.53021,22.51373,24.11046
1987-10-19,405.8508,880.99416,696.41257,30.4767,20.46704,21.91809
1987-10-20,368.3164,799.63159,632.0853,28.31654,19.01946,20.36741
1987-10-21,391.1135,849.23619,671.2775,29.87571,20.06873,21.49061
1987-10-22,373.0524,810.13576,640.35611,28.52586,19.16484,20.52221
1987-10-23,371.3728,806.58692,637.53792,28.36039,19.05613,20.40536
1987-10-26,350.791,761.99573,602.279,26.31957,17.68774,18.93965
1987-10-27,354.0593,769.18587,607.9496,26.58523,17.86843,19.13272
1987-10-28,343.0725,745.42041,589.1525,25.46854,17.12042,18.33137
1987-10-29,343.9841,747.49005,590.77632,25.32222,17.02425,18.22801
1987-10-30,359.5224,781.35202,617.52359,26.61999,17.89858,19.16376
1987-11-02,358.6081,779.45939,616.01526,26.26012,17.65896,18.90679
1987-11-03,352.1015,765.41757,604.90459,25.53252,17.17208,18.3851
1987-11-04,341.061,741.51981,586.00507,24.79537,16.67865,17.85642
1987-11-05,345.487,751.23106,593.66728,24.96632,16.7957,17.98135
1987-11-06,346.6088,753.75987,595.65366,24.76223,16.66056,17.83629
1987-11-09,332.9646,724.19069,572.27379,23.68922,15.94099,17.06555
1987-11-10,326.4951,710.21369,561.21644,23.01831,15.4917,16.58419
1987-11-11,332.9121,724.25779,572.30192,23.62427,15.90132,17.02234
1987-11-12,345.6394,752.03767,594.23914,24.72112,16.64133,17.81416
1987-11-13,344.8125,750.32935,592.87721,24.84808,16.72886,17.90748
1987-11-16,347.2766,755.7806,597.17239,25.3311,17.05604,18.25732
1987-11-17,344.8337,750.55714,593.03282,24.86185,16.74235,17.92114
1987-11-18,343.9255,748.6711,591.53057,24.86166,16.74433,17.92288
1987-11-19,342.4711,745.59616,589.08897,24.45469,16.47245,17.63147
1987-11-20,341.2941,743.12411,587.12383,24.21321,16.31192,17.45928
1987-11-23,343.3662,747.72424,590.7463,24.37596,16.42358,17.57841
1987-11-24,348.6645,759.35137,599.9198,24.97408,16.82849,18.01141
1987-11-25,349.4514,761.15579,601.33322,24.83003,16.73358,17.90944
1987-11-26,348.6777,759.56244,600.06223,24.73904,16.67439,17.84571
1987-11-27,350.4082,763.42259,603.09957,24.7062,16.65436,17.82389
1987-11-30,342.8845,747.13074,590.21601,23.88061,16.10014,17.23037
1987-12-01,339.4694,739.78263,584.39885,23.89276,16.11035,17.24092
1987-12-02,339.5803,740.11294,584.64797,23.86997,16.09702,17.22628
1987-12-03,336.883,734.32569,580.06426,23.65576,15.95465,17.07356
1987-12-04,331.4418,722.55932,570.75727,23.34833,15.74939,16.85353
1987-12-07,330.3903,720.35452,569.00407,23.47186,15.83467,16.94442
1987-12-08,334.3413,729.05477,575.86442,23.71228,15.9988,17.11969
1987-12-09,336.4858,733.81773,579.6148,23.75126,16.0271,17.14961
1987-12-10,341.3989,744.62001,588.13479,24.15822,16.30363,17.44514
1987-12-11,343.6835,749.69149,592.12844,23.87193,16.11255,17.2403
1987-12-14,346.8347,756.65453,597.61581,23.98086,16.18807,17.32074
1987-12-15,349.5683,762.70815,602.38474,24.2156,16.34851,17.49203
1987-12-16,353.196,770.71406,608.69526,24.52296,16.558,17.7158
1987-12-17,355.5822,776.01269,612.86756,24.58568,16.60242,17.76294
1987-12-18,355.226,775.32864,612.31491,24.55139,16.58136,17.74003
1987-12-21,359.9768,785.7904,620.56414,24.97206,16.86745,18.04573
1987-12-22,360.6835,787.42689,621.84397,25.00727,16.89335,18.07305
1987-12-23,362.4003,791.26866,624.86523,25.24582,17.05657,18.24728
1987-12-24,365.934,799.07834,631.01958,25.39936,17.16241,18.36011
1987-12-25,365.9338,799.17372,631.08214,NA,NA,NA
1987-12-28,367.7089,803.14555,634.20572,25.01476,16.90692,18.08601
1987-12-29,358.9416,784.10187,619.15401,24.35423,16.46279,17.61051
1987-12-30,363.2983,793.71245,626.72986,24.69942,16.69811,17.86186
1987-12-31,361.9931,790.95721,624.54152,24.39179,16.49232,17.64135
1988-01-01,361.9929,791.05162,624.60343,NA,NA,NA
1988-01-04,360.9416,788.84997,622.85235,24.30976,16.44102,17.58571
1988-01-05,363.5642,794.67558,627.43929,24.95106,16.87665,18.0513
1988-01-06,359.7719,786.4858,620.95989,25.33388,17.13762,18.33004
1988-01-07,362.5605,792.67541,625.83406,25.30312,17.11897,18.3097
1988-01-08,361.3,790.01567,623.7214,25.43129,17.20781,18.40433
1988-01-11,356.5266,779.67827,615.54676,24.79928,16.7825,17.94904
1988-01-12,354.2653,774.82877,611.70549,24.64199,16.67821,17.83712
1988-01-13,352.0732,770.12936,607.98287,24.35072,16.48325,17.62822
1988-01-14,352.5151,771.18807,608.80638,24.54162,16.6145,17.76821
1988-01-15,348.019,761.44956,601.10555,24.13872,16.34393,17.47847
1988-01-18,352.581,771.52182,609.04415,25.21555,17.07482,18.25973
1988-01-19,348.2478,762.1372,601.62302,24.96255,16.90572,18.07849
1988-01-20,347.8046,761.25898,600.91758,24.59566,16.65947,17.81477
1988-01-21,346.0593,757.53183,597.96318,24.45845,16.56867,17.71729
1988-01-22,347.8061,761.44578,601.0405,24.70713,16.73915,17.89921
1988-01-25,345.4394,756.35804,597.01217,24.56681,16.64623,17.79946
1988-01-26,346.2136,758.14348,598.40937,24.6678,16.71673,17.87446
1988-01-27,346.05,757.87625,598.18634,24.68617,16.73128,17.88964
1988-01-28,346.937,759.90927,599.77887,24.6056,16.6788,17.83314
1988-01-29,346.3474,758.70942,598.8197,24.70538,16.74851,17.90729
1988-02-01,344.3203,754.36176,595.37597,24.78009,16.80125,17.96329
1988-02-02,345.1196,756.20296,596.81708,24.79293,16.81207,17.97447
1988-02-03,345.7866,757.75476,598.02972,24.79624,16.81643,17.97875
1988-02-04,345.9084,758.11246,598.29993,24.92092,16.90307,18.07099
1988-02-05,344.7646,755.69751,596.38189,24.79176,16.81762,17.97925
1988-02-08,340.729,746.94687,589.4635,24.66306,16.73247,17.88783
1988-02-09,338.5727,742.31149,585.79331,24.52314,16.63969,17.78826
1988-02-10,343.5642,753.34389,594.48705,24.70948,16.76817,17.92523
1988-02-11,348.1635,763.51879,602.50382,25.04232,16.99607,18.16846
1988-02-12,345.8679,758.57837,598.59287,24.9959,16.96672,18.13669
1988-02-15,349.7824,767.25424,605.42647,25.4126,17.25159,18.44083
1988-02-16,350.6057,769.15173,606.9115,25.53788,17.33879,18.53363
1988-02-17,353.7146,776.06348,612.35278,25.72594,17.4686,18.672
1988-02-18,354.5029,777.88568,613.77819,25.66217,17.42752,18.62768
1988-02-19,353.2216,775.1685,611.62175,25.6074,17.39253,18.58988
1988-02-22,358.8078,787.52051,621.35462,25.95669,17.63187,18.8453
1988-02-23,361.0756,792.59162,625.34303,25.98381,17.65251,18.86695
1988-02-24,362.2146,795.18631,627.37753,26.07432,17.71619,18.93461
1988-02-25,365.4116,802.29943,632.9766,26.4105,17.94676,19.18062
1988-02-26,363.7438,798.73531,630.15175,26.11806,17.75037,18.97032
1988-02-29,365.9255,803.62107,633.99344,26.25111,17.843,19.06891
1988-03-01,368.9814,810.42782,639.35037,26.4898,18.00743,19.24422
1988-03-02,369.4736,811.60578,640.26673,26.63615,18.10914,19.35251
1988-03-03,370.0854,813.04667,641.39047,26.6715,18.13545,19.3802
1988-03-04,370.8925,814.91687,642.85284,26.72747,18.17578,19.42288
1988-03-07,375.8095,825.8176,651.43839,26.85492,18.2647,19.51749
1988-03-08,378.0861,830.91853,655.4489,26.80179,18.23088,19.48093
1988-03-09,381.0954,837.63089,660.73029,26.93904,18.3265,19.58269
1988-03-10,383.2001,842.3566,664.4445,27.12055,18.45224,19.71662
1988-03-11,380.5637,836.66484,659.9412,26.79796,18.23517,19.48425
1988-03-14,381.9355,839.78043,662.38531,26.84722,18.27097,19.52209
1988-03-15,384.05,844.52961,666.11777,27.11517,18.45556,19.71889
1988-03-16,383.5439,843.51834,665.30664,27.16457,18.49149,19.75687
1988-03-17,382.8437,842.08009,664.15876,27.1961,18.51527,19.78185
1988-03-18,385.5329,848.09525,668.88938,27.65772,18.83177,20.11957
1988-03-21,383.9814,844.78533,666.26522,27.51496,18.73697,20.01786
1988-03-22,380.7465,837.77299,660.72092,27.32551,18.61036,19.88216
1988-03-23,382.5883,841.92531,663.98225,27.46667,18.70881,19.98691
1988-03-24,379.0283,834.19591,657.87266,27.06732,18.43925,19.69851
1988-03-25,373.9646,823.15706,649.15314,26.64722,18.1555,19.39495
1988-03-28,368.9653,812.25713,640.54355,26.03759,17.74258,18.95342
1988-03-29,374.5913,824.73955,650.3735,26.42188,18.00658,19.23503
1988-03-30,373.9609,823.45097,649.34417,26.43258,18.01614,19.24483
1988-03-31,375.1516,826.17103,651.47594,26.32193,17.94302,19.16631
1988-04-01,375.1513,826.26944,651.54036,NA,NA,NA
1988-04-04,375.6865,827.54698,652.53457,NA,NA,NA
1988-04-05,373.7727,823.43235,649.27676,26.31133,17.94257,19.1646
1988-04-06,375.3203,826.93983,652.02922,26.52227,18.08863,19.32018
1988-04-07,376.5305,829.70484,654.19616,26.7671,18.25782,19.50048
1988-04-08,378.8891,835.00084,658.35852,26.84139,18.31077,19.55662
1988-04-11,381.6425,841.16813,663.20763,27.22302,18.57333,19.83662
1988-04-12,382.0246,842.11094,663.93757,27.23922,18.58672,19.85049
1988-04-13,382.2028,842.60462,664.31336,27.35851,18.67042,19.93946
1988-04-14,384.9077,848.66807,669.08019,27.55213,18.80485,20.0826
1988-04-15,382.1931,842.78723,664.43002,26.87608,18.34598,19.59211
1988-04-18,384.2622,847.45017,668.0926,26.98271,18.42105,19.67186
1988-04-19,384.8234,848.78913,669.13467,27.07622,18.48718,19.74206
1988-04-20,383.6174,846.2319,667.10509,26.95467,18.40655,19.65553
1988-04-21,382.9113,844.77632,665.94409,26.96759,18.41769,19.667
1988-04-22,379.5356,837.43373,660.14204,26.8223,18.32082,19.56314
1988-04-25,378.5373,835.33224,658.47205,26.80782,18.31324,19.55462
1988-04-26,381.7016,842.41438,664.04116,26.99492,18.44331,19.69309
1988-04-27,381.746,842.61336,664.18457,27.11593,18.52828,19.78339
1988-04-28,382.3205,843.98214,665.25007,27.03869,18.47786,19.72913
1988-04-29,381.2519,841.72527,663.45762,26.93926,18.41226,19.65866
1988-05-02,378.6052,835.98548,658.91978,26.95166,18.42305,19.66976
1988-05-03,379.7956,838.71363,661.05674,26.97085,18.43848,19.68581
1988-05-04,378.5476,836.05926,658.95118,26.93883,18.41892,19.66451
1988-05-05,377.6127,834.09546,657.39,26.81149,18.33421,19.57364
1988-05-06,376.7641,832.32171,655.97868,26.78588,18.31901,19.55699
1988-05-09,377.6586,834.39711,657.60109,26.82126,18.3455,19.58485
1988-05-10,376.2978,831.4918,655.29798,26.70087,18.2655,19.49903
1988-05-11,371.2995,820.5526,646.66293,26.31858,18.00638,19.22199
1988-05-12,371.8718,821.91542,647.72386,NA,NA,NA
1988-05-13,372.7236,823.89618,649.27172,26.44939,18.10039,19.32152
1988-05-16,374.4665,827.8469,652.37188,26.66569,18.25064,19.48148
1988-05-17,372.873,824.42479,649.66183,26.50924,18.1459,19.36926
1988-05-18,370.9401,820.2518,646.36014,26.70243,18.28038,19.51239
1988-05-19,368.4594,814.8671,642.10368,26.4221,18.09084,19.30965
1988-05-20,369.5625,817.40383,644.08957,26.54237,18.17543,19.39953
1988-05-23,369.1147,816.51173,643.37358,NA,NA,NA
1988-05-24,371.8,822.54894,648.11743,26.64208,18.24827,19.47644
1988-05-25,373.2824,825.9265,650.76557,26.79858,18.35772,19.59284
1988-05-26,372.7187,824.77872,649.84802,26.83266,18.38337,19.61979
1988-05-27,372.3344,824.0275,649.24297,26.86664,18.40896,19.64668
1988-05-30,371.1735,821.55805,647.28412,26.98904,18.49511,19.7382
1988-05-31,373.2653,826.28581,650.99579,27.10748,18.57858,19.82685
1988-06-01,376.4738,833.48666,656.65561,27.3835,18.77002,20.03073
1988-06-02,374.0395,828.19963,652.47676,27.35593,18.75349,20.01266
1988-06-03,376.5913,833.94835,656.99238,27.49449,18.85081,20.11608
1988-06-06,379.8645,841.29594,662.76733,27.67596,18.97756,20.2509
1988-06-07,380.2304,842.20696,663.47162,27.57228,18.90888,20.17718
1988-06-08,382.0385,846.31215,666.6921,27.71483,19.00898,20.28356
1988-06-09,385.2158,853.45134,672.30234,28.03329,19.22972,20.51867
1988-06-10,385.979,855.24414,673.701,28.02847,19.22883,20.51728
1988-06-13,384.603,852.29898,671.36729,28.03282,19.23424,20.52261
1988-06-14,381.4995,845.52689,666.01893,27.86441,19.12116,20.4015
1988-06-15,382.6972,848.28219,668.17577,28.31682,19.4339,20.73475
1988-06-16,380.9194,844.44489,665.13955,28.11187,19.29574,20.5869
1988-06-17,378.9558,840.19496,661.77842,28.08493,19.27969,20.56933
1988-06-20,377.6628,837.43007,659.58719,28.0151,19.2342,20.52035
1988-06-21,379.5256,841.66032,662.90565,28.17946,19.34942,20.64284
1988-06-22,379.9887,842.78797,663.7804,28.44708,19.53555,20.84097
1988-06-23,378.8261,840.31145,661.81639,28.64567,19.67434,20.98858
1988-06-24,376.2749,834.75568,657.42713,28.54861,19.61018,20.91968
1988-06-27,367.8347,816.14078,642.75232,28.38634,19.50123,20.803
1988-06-28,371.5405,824.46023,649.29097,28.30185,19.44566,20.74328
1988-06-29,368.3466,817.47509,643.77646,28.39591,19.51271,20.81436
1988-06-30,368.6704,818.29153,644.4064,28.37604,19.50152,20.80198
1988-07-01,370.0251,821.39589,646.83801,28.54534,19.62029,20.92821
1988-07-04,368.3798,817.84358,644.02741,28.45841,19.56303,20.86668
1988-07-05,371.0791,823.9336,648.8099,28.64175,19.69148,21.00324
1988-07-06,375.4995,833.8467,656.60242,28.9118,19.87955,21.2034
1988-07-07,375.3005,833.50492,656.32,28.79049,19.79867,21.11668
1988-07-08,374.5004,831.82857,654.98669,28.85511,19.84559,21.16626
1988-07-11,371.6455,825.59003,650.06089,28.93206,19.90099,21.22489
1988-07-12,369.049,819.92366,645.58586,28.74266,19.77327,21.08822
1988-07-13,367.3781,816.31123,642.72834,28.6176,19.68976,20.9987
1988-07-14,367.4499,816.56861,642.91799,28.70465,19.75211,21.06474
1988-07-15,363.2077,807.24401,635.56283,28.53057,19.63485,20.93924
1988-07-18,360.7524,801.88625,631.33146,28.83274,19.8452,21.16311
1988-07-19,363.2272,807.48266,635.72462,28.59603,19.68484,20.99164
1988-07-20,368.7888,819.94306,645.52103,28.90435,19.89948,21.22008
1988-07-21,372.3928,828.05355,651.89284,28.89038,19.89237,21.21205
1988-07-22,371.9025,827.06298,651.09979,28.68262,19.75187,21.06177
1988-07-25,369.0063,820.72437,646.09631,28.5923,19.69219,20.99768
1988-07-26,366.7292,815.76041,642.17527,28.68151,19.75609,21.06536
1988-07-27,370.02,823.17759,648.00088,29.21197,20.12383,21.45701
1988-07-28,369.206,821.46605,646.64042,28.82389,19.85912,21.17431
1988-07-29,368.6752,820.38395,645.77552,29.11889,20.06479,21.39314
1988-08-01,370.8012,825.21238,649.5631,29.2868,20.18298,21.5187
1988-08-02,370.9614,825.66776,649.9084,29.22064,20.13994,21.47234
1988-08-03,371.0908,826.05469,650.19983,29.33605,20.222,21.55937
1988-08-04,370.6303,825.12901,649.45804,29.35513,20.23768,21.57563
1988-08-05,369.7695,823.31226,648.0149,29.31074,20.20964,21.54527
1988-08-08,369.3259,822.42361,647.30234,29.57986,20.39768,21.74527
1988-08-09,365.0981,813.1124,639.96019,29.11913,20.08265,21.40896
1988-08-10,359.5952,800.96068,630.38253,29.03346,20.02612,21.34824
1988-08-11,359.4326,800.69466,630.16041,28.78225,19.85543,21.16582
1988-08-12,364.7185,812.56552,639.48957,28.97048,19.98774,21.3064
1988-08-15,361.2348,804.90531,633.44766,28.71713,19.81553,21.12237
1988-08-16,363.6435,810.36813,637.73384,28.60317,19.73941,21.04078
1988-08-17,361.1765,804.97014,633.47267,28.85875,19.91822,21.23092
1988-08-18,361.2946,805.3298,633.74289,28.821,19.89468,21.20537
1988-08-19,362.8332,808.85527,636.50433,28.97795,20.00548,21.32302
1988-08-22,357.4709,797.00437,627.16507,28.86991,19.93344,21.24578
1988-08-23,356.5952,795.14823,625.69173,28.72261,19.83428,21.13963
1988-08-24,357.5405,797.35095,627.41235,28.57083,19.73201,21.03017
1988-08-25,356.9521,796.13483,626.4427,28.19297,19.47363,20.75434
1988-08-26,355.2756,792.49263,623.56402,28.05551,19.38117,20.65536
1988-08-29,353.0756,787.6824,619.76634,27.90687,19.28097,20.54812
1988-08-30,352.8679,787.31364,619.46365,27.93066,19.29983,20.56778
1988-08-31,351.1281,783.52786,616.4723,27.88844,19.2731,20.53885
1988-09-01,347.5937,775.73882,610.33109,27.63021,19.09713,20.35088
1988-09-02,349.9953,781.19084,614.60809,27.80853,19.22274,20.4843
1988-09-05,354.8396,792.09657,623.17525,27.90568,19.29229,20.55797
1988-09-06,358.3403,800.00533,629.38447,28.0379,19.3861,20.65749
1988-09-07,357.9143,799.15052,628.69922,27.96472,19.33796,20.60575
1988-09-08,355.4655,793.78113,624.46213,27.87753,19.28012,20.54368
1988-09-09,355.1787,793.23608,624.0207,27.74851,19.19335,20.45078
1988-09-12,356.9223,797.22456,627.14564,27.91701,19.31228,20.57706
1988-09-13,358.8281,801.57624,630.55616,28.08858,19.43335,20.70562
1988-09-14,356.6916,796.90177,626.86607,28.06892,19.4222,20.69329
1988-09-15,357.9025,799.70208,629.05616,28.43421,19.67732,20.96466
1988-09-16,357.394,798.66217,628.2254,28.39638,19.65363,20.93897
1988-09-19,359.1738,802.73452,631.41591,28.4503,19.69341,20.9809
1988-09-20,360.7141,806.2726,634.18607,28.544,19.76072,21.05216
1988-09-21,362.9526,811.37204,638.18415,28.80677,19.94505,21.24809
1988-09-22,362.4096,810.25588,637.29331,28.81314,19.95197,21.255
1988-09-23,362.1806,809.84122,636.95426,28.83407,19.96898,21.27266
1988-09-26,362.0847,809.72396,636.84915,28.91291,20.02607,21.33302
1988-09-27,364.259,814.68265,640.73615,29.01795,20.10132,21.41272
1988-09-28,365.0981,816.65657,642.27565,29.04265,20.12096,21.43318
1988-09-29,367.8808,822.97809,647.23413,29.29585,20.29884,21.6222
1988-09-30,369.3977,826.46953,649.96684,29.37936,20.35924,21.68607
1988-10-03,370.0134,827.94581,651.1147,29.19046,20.23095,21.54896
1988-10-04,370.9995,830.25109,652.91443,29.20007,20.24015,21.5583
1988-10-05,372.5681,833.8603,655.73947,29.43959,20.40867,21.73732
1988-10-06,373.9235,836.99324,658.18987,29.4804,20.43951,21.76971
1988-10-07,375.9511,841.63144,661.82381,29.60837,20.53078,21.86644
1988-10-10,378.9103,848.35622,667.09829,29.74541,20.62836,21.9699
1988-10-11,379.111,848.90718,667.51804,29.69218,20.59405,21.93289
1988-10-12,378.2294,847.0356,666.03282,29.46027,20.43586,21.76394
1988-10-13,385.0451,862.40082,678.10022,29.51998,20.47984,21.81031
1988-10-14,387.8439,868.77197,683.0959,29.87798,20.73069,22.07699
1988-10-17,390.1616,874.06699,687.24531,29.91747,20.76069,22.10846
1988-10-18,391.0468,876.15441,688.87265,29.97226,20.80131,22.15125
1988-10-19,393.5527,881.87319,693.35493,30.13803,20.91894,22.27603
1988-10-20,394.8654,884.91981,695.73621,30.10994,20.90208,22.25759
1988-10-21,397.4218,890.75413,700.30901,30.14004,20.9256,22.28216
1988-10-24,395.8723,887.38938,697.64938,30.0329,20.85387,22.20531
1988-10-25,395.6403,886.97591,697.31019,30.09587,20.90021,22.25417
1988-10-26,399.5368,895.81692,704.24623,30.17539,20.95804,22.31527
1988-10-27,401.2783,899.82828,707.38544,30.12818,20.92791,22.2827
1988-10-28,401.6035,900.66521,708.02907,30.38373,21.10798,22.47396
1988-10-31,402.7619,903.37053,710.14143,30.20601,20.98723,22.3449
1988-11-01,401.0524,899.64611,707.19916,30.3708,21.10433,22.46909
1988-11-02,401.4091,900.55392,707.89848,30.26735,21.03512,22.39493
1988-11-03,401.4157,900.67671,707.98068,30.15138,20.95721,22.3115
1988-11-04,398.7766,894.86587,703.39848,30.03791,20.88101,22.22989
1988-11-07,397.2226,891.48734,700.7285,30.02642,20.87565,22.22371
1988-11-08,400.3298,898.56687,706.27875,30.20671,21.00358,22.35942
1988-11-09,402.0847,902.61286,709.44457,30.21455,21.01167,22.36756
1988-11-10,403.205,905.23541,711.49149,30.08257,20.92257,22.27222
1988-11-11,404.1154,907.3874,713.16849,29.89657,20.79589,22.13689
1988-11-14,398.5339,894.97013,703.39391,29.54337,20.55292,21.87777
1988-11-15,399.9765,898.31636,706.00957,29.58539,20.58473,21.91117
1988-11-16,404.0478,907.5671,713.2653,29.80122,20.73743,22.07324
1988-11-17,404.1203,907.83873,713.46435,29.43829,20.48759,21.80683
1988-11-18,404.5439,908.89893,714.28312,29.79279,20.73679,22.07161
1988-11-21,403.8203,907.38276,713.07711,29.70712,20.6798,22.01047
1988-11-22,405.5004,911.26601,716.11432,29.68158,20.66463,21.99385
1988-11-23,410.75,923.17191,725.45543,29.9809,20.87555,22.21786
1988-11-24,412.6623,927.57976,728.9045,30.01822,20.90415,22.24783
1988-11-25,408.798,919.00905,722.15434,29.82108,20.76955,22.10409
1988-11-28,403.677,907.61271,713.18389,29.59496,20.61474,21.93886
1988-11-29,405.2812,911.32765,716.08853,29.71505,20.70096,22.03014
1988-11-30,406.8256,914.90901,718.8881,29.89316,20.82759,22.16444
1988-12-01,407.8269,917.27001,720.72869,29.82205,20.7807,22.11405
1988-12-02,404.9089,910.81993,715.64579,29.64816,20.66219,21.98746
1988-12-05,407.5837,916.94508,720.44378,29.64634,20.66352,21.9884
1988-12-06,408.3027,918.67216,721.78617,29.75777,20.74376,22.07331
1988-12-07,405.8315,913.22461,717.49129,29.91018,20.85257,22.18863
1988-12-08,406.2878,914.36063,718.36932,29.90617,20.85241,22.18798
1988-12-09,406.2456,914.37533,718.36633,29.84056,20.8093,22.14163
1988-12-12,404.4519,910.44938,715.26729,29.71874,20.727,22.05359
1988-12-13,401.1838,903.20528,709.56138,29.59992,20.64678,21.96775
1988-12-14,402.9558,907.30222,712.76552,29.79322,20.78416,22.11345
1988-12-15,401.9196,905.07875,711.00432,29.55987,20.62404,21.94262
1988-12-16,401.7253,904.74987,710.73158,29.87322,20.84519,22.17743
1988-12-19,402.0244,905.5318,711.33145,29.87776,20.85098,22.18311
1988-12-20,401.8034,905.14275,711.01144,30.14699,21.04143,22.38525
1988-12-21,402.6154,907.08003,712.51883,30.17698,21.065,22.40985
1988-12-22,401.8579,905.48278,711.24972,30.12535,21.03162,22.37386
1988-12-23,402.529,907.10312,712.5081,30.23759,21.1126,22.45952
1988-12-26,403.2797,908.90317,713.90758,NA,NA,NA
1988-12-27,404.4111,911.56151,715.98113,30.36599,21.20755,22.55956
1988-12-28,402.0598,906.37317,711.8913,30.42873,21.25402,22.60851
1988-12-29,405.4755,914.18108,718.00917,30.60549,21.38012,22.74215
1988-12-30,408.0859,920.17521,722.70235,30.56354,21.35351,22.71337
1989-01-02,408.1584,920.44898,722.90275,30.51953,21.32547,22.68304
1989-01-03,412.9121,931.27883,731.39317,30.7207,21.46867,22.83487
1989-01-04,409.634,924.00055,725.66194,30.80292,21.52881,22.89835
1989-01-05,410.8635,926.88408,727.91181,31.00952,21.67586,23.05426
1989-01-06,407.2436,918.83285,721.5738,31.11595,21.75296,23.13576
1989-01-09,407.7578,920.10287,722.55657,31.46726,22.00121,23.3993
1989-01-10,407.3684,919.33481,721.93878,31.37382,21.93867,23.33228
1989-01-11,409.572,924.41722,725.9152,31.57675,22.08328,23.48558
1989-01-12,411.9575,929.91135,730.21475,31.65232,22.13889,23.54422
1989-01-13,411.6479,929.32422,729.73892,31.93863,22.34186,23.75956
1989-01-16,408.3056,921.89372,723.88912,31.8849,22.3071,23.72209
1989-01-17,408.0263,921.37385,723.46625,31.75018,22.2157,23.62438
1989-01-18,409.3811,924.54299,725.94,32.08011,22.44926,23.87224
1989-01-19,409.9099,925.84777,726.94981,32.32629,22.6243,24.05786
1989-01-20,413.9243,935.02512,734.14053,32.27775,22.59319,24.02426
1989-01-23,412.9318,932.89607,732.454,32.09778,22.47011,23.89286
1989-01-24,418.2705,945.06851,741.99564,32.18805,22.53611,23.96253
1989-01-25,418.5229,945.75197,742.51723,32.48065,22.74373,24.18278
1989-01-26,420.2746,949.82299,745.69833,32.59931,22.82966,24.27362
1989-01-27,423.4697,957.1569,751.44081,33.0309,23.13466,24.5974
1989-01-30,423.5229,957.39189,751.61009,33.28926,23.31847,24.79229
1989-01-31,422.0224,954.11607,749.02308,33.09138,23.18284,24.64756
1989-02-01,418.9387,947.26198,743.62686,33.0235,23.13822,24.59959
1989-02-02,419.145,947.8419,744.06707,33.01606,23.13593,24.59662
1989-02-03,420.6049,951.25624,746.73227,33.2593,23.30923,24.78033
1989-02-06,418.062,945.6217,742.29385,33.18368,23.25919,24.7266
1989-02-07,421.8354,954.26932,749.06672,33.23991,23.30151,24.77106
1989-02-08,426.9252,965.8971,758.17839,33.65305,23.59395,25.08142
1989-02-09,427.6928,967.74914,759.61681,33.46133,23.46256,24.9412
1989-02-10,426.1647,964.40887,756.97946,33.03868,23.16928,24.62889
1989-02-13,419.5295,949.51683,745.2743,33.0345,23.16926,24.62835
1989-02-14,423.3798,958.34414,752.18743,33.1682,23.26592,24.73056
1989-02-15,427.3657,967.48048,759.34281,33.18451,23.28028,24.7453
1989-02-16,424.9758,962.18851,755.17376,33.05738,23.19406,24.65312
1989-02-17,426.1518,964.96586,757.33826,32.93594,23.11181,24.56516
1989-02-20,427.5571,968.26301,759.91062,33.21993,23.31392,24.77946
1989-02-21,424.3852,961.1992,754.35113,33.1612,23.27566,24.73825
1989-02-22,422.2524,956.48586,750.63666,32.81648,23.03672,24.48377
1989-02-23,420.2929,952.16373,747.22938,32.40614,22.75169,24.1803
1989-02-24,419.5715,950.64416,746.02172,32.42452,22.76745,24.19653
1989-02-27,414.8647,940.09907,737.73076,31.81447,22.34212,23.74398
1989-02-28,416.3469,943.56982,740.43941,32.19232,22.61018,24.02835
1989-03-01,414.4829,939.4603,737.19947,32.23832,22.64532,24.06519
1989-03-02,416.3144,943.72341,740.52977,32.40085,22.7623,24.18898
1989-03-03,420.6647,953.69724,748.34072,32.75684,23.01517,24.45717
1989-03-06,422.7309,958.49508,752.09023,32.97327,23.17008,24.62126
1989-03-07,423.5053,960.36544,753.5426,33.18692,23.32306,24.7833
1989-03-08,422.5461,958.30625,751.91158,33.12357,23.2815,24.7386
1989-03-09,421.1835,955.33206,749.56266,33.10539,23.27165,24.72761
1989-03-10,421.0588,955.16386,749.41552,33.02466,23.21786,24.66991
1989-03-13,422.2497,957.97932,751.60933,33.22189,23.35939,24.81977
1989-03-14,426.2062,967.06961,758.72581,33.56625,23.60438,25.07953
1989-03-15,426.7402,968.3969,759.75181,33.55416,23.59885,25.07312
1989-03-16,426.0588,966.96727,758.6148,33.56066,23.60639,25.08059
1989-03-17,420.7553,955.05271,749.25147,33.17563,23.33864,24.79558
1989-03-20,416.0134,944.40922,740.88577,32.89327,23.14301,24.58721
1989-03-21,419.9577,953.47571,747.98306,33.20215,23.36317,24.82057
1989-03-22,418.6853,950.70227,745.79214,33.07773,23.2786,24.73019
1989-03-23,421.0751,956.24187,750.12255,33.11168,23.30541,24.75814
1989-03-24,419.3989,952.55148,747.21234,33.11326,23.30946,24.76191
1989-03-27,417.0273,947.28158,743.06313,NA,NA,NA
1989-03-28,417.6479,948.8045,744.24271,33.19881,23.37553,24.83104
1989-03-29,417.309,948.14862,743.71316,33.3287,23.4699,24.93074
1989-03-30,416.184,945.7072,741.78305,33.14844,23.34596,24.79856
1989-03-31,418.479,951.03473,745.94667,33.40089,23.52663,24.98993
1989-04-03,420.8522,956.54122,750.25048,33.55067,23.63506,25.10457
1989-04-04,426.3886,969.23881,760.19385,33.68632,23.73356,25.20865
1989-04-05,426.7143,970.09519,760.85014,33.75152,23.78246,25.26005
1989-04-06,424.3337,964.80177,756.6829,33.49385,23.60397,25.06993
1989-04-07,422.9716,961.82166,754.33024,33.38334,23.52909,24.98985
1989-04-10,420.9294,957.29504,750.76472,33.36004,23.51563,24.97503
1989-04-11,421.8449,959.49139,752.47202,33.48092,23.60378,25.0681
1989-04-12,421.5036,958.8304,751.93842,33.52957,23.64103,25.10713
1989-04-13,424.1376,964.93625,756.71141,33.52658,23.6419,25.10751
1989-04-14,425.8503,968.94767,759.84183,33.75917,23.80883,25.28425
1989-04-17,430.3623,979.32929,767.9672,33.77547,23.82332,25.29909
1989-04-18,433.9619,987.637,774.46609,34.1495,24.09005,25.5818
1989-04-19,433.9345,987.69309,774.49441,34.09542,24.05494,25.54397
1989-04-20,432.0869,983.60785,771.27518,33.95329,23.95773,25.44019
1989-04-21,432.6276,984.95632,772.31696,33.80526,23.85634,25.33197
1989-04-24,430.4523,980.12404,768.5121,33.77951,23.84118,25.31533
1989-04-25,429.424,977.90102,766.75344,33.84091,23.8875,25.36397
1989-04-26,428.1069,975.02007,764.47896,33.80383,23.86435,25.33884
1989-04-27,430.2233,979.95626,768.33369,34.07509,24.05878,25.54474
1989-04-28,429.1965,977.73579,766.57713,34.04287,24.03907,25.52327
1989-05-01,427.7434,974.54406,764.05912,NA,NA,NA
1989-05-02,426.3037,971.38207,761.56451,33.9791,24.00011,25.4808
1989-05-03,425.6777,970.07262,760.52247,33.92613,23.96572,25.44375
1989-05-04,427.2043,973.66717,763.32512,NA,NA,NA
1989-05-05,428.0424,975.69362,764.89834,34.23262,24.18821,25.67886
1989-05-08,424.5041,967.7491,758.65436,33.98058,24.01324,25.49255
1989-05-09,421.8503,961.8179,753.98908,34.04425,24.06124,25.54296
1989-05-10,423.208,965.02811,756.49035,34.0132,24.04234,25.52234
1989-05-11,420.475,958.91463,751.6824,33.92703,23.98447,25.46036
1989-05-12,424.4367,968.06358,758.8386,34.30972,24.25793,25.7501
1989-05-15,417.373,952.07694,746.29085,NA,NA,NA
1989-05-16,417.2883,951.99795,746.21384,34.06414,24.09046,25.57122
1989-05-17,412.4885,941.1674,737.70873,33.8453,23.93879,25.40968
1989-05-18,413.135,942.75498,738.93819,34.49768,24.40306,25.90193
1989-05-19,416.7395,951.09243,745.45789,34.59805,24.47711,25.97997
1989-05-22,406.601,928.07953,727.40431,34.53643,24.43661,25.93642
1989-05-23,404.9838,924.50098,724.58471,34.23685,24.2278,25.71424
1989-05-24,401.9318,917.64791,719.19861,34.0838,24.12258,25.60201
1989-05-25,406.0769,927.22079,726.68632,34.32596,24.29694,25.78651
1989-05-26,413.4978,944.27668,740.03767,34.15783,24.18104,25.66295
1989-05-29,405.9902,927.25411,726.68101,34.4346,24.37994,25.87349
1989-05-30,405.5769,926.42166,726.01391,34.40952,24.36526,25.85735
1989-05-31,406.3652,928.33294,727.49704,34.15968,24.19149,25.67238
1989-06-01,408.5263,933.3804,731.43771,34.22019,24.23737,25.72052
1989-06-02,412.7663,943.17885,739.10099,34.3754,24.35031,25.83982
1989-06-05,413.1157,944.09011,739.80013,34.15839,24.19971,25.67945
1989-06-06,409.2568,935.38887,732.96634,34.4423,24.40383,25.89549
1989-06-07,414.4965,947.47615,742.42244,34.49333,24.44304,25.93655
1989-06-08,415.6926,950.32325,744.63833,34.73766,24.6192,26.12291
1989-06-09,411.0439,939.81505,736.38886,34.58939,24.51725,26.01418
1989-06-12,406.3649,929.23501,728.08343,34.87721,24.72427,26.23327
1989-06-13,405.0097,926.24869,725.72875,34.64581,24.56341,26.06203
1989-06-14,406.2736,929.24964,728.06532,34.82174,24.69119,26.19705
1989-06-15,403.4467,922.89816,723.07395,34.86176,24.72267,26.22988
1989-06-16,413.0207,944.91087,740.30428,35.13267,24.91782,26.43637
1989-06-19,416.1166,952.10607,745.92627,35.08347,24.88608,26.40212
1989-06-20,420.2314,961.63435,753.37571,35.09025,24.89402,26.40998
1989-06-21,418.3093,957.35304,750.00621,35.29544,25.04267,26.56711
1989-06-22,425.0305,972.84989,762.13063,35.32644,25.06781,26.59321
1989-06-23,427.2043,977.94128,766.1037,35.24369,25.01227,26.53371
1989-06-26,424.8247,972.61358,761.91437,35.1928,24.97931,26.49819
1989-06-27,428.6816,981.55946,768.90653,35.56597,25.24723,26.78182
1989-06-28,427.5573,979.10379,766.96726,35.63761,25.30125,26.83855
1989-06-29,428.0891,980.43869,767.99742,35.37981,25.12148,26.64728
1989-06-30,422.2458,967.1804,757.59565,35.01548,24.86605,26.37576
1989-07-03,428.5493,981.73453,768.97982,35.16312,24.97398,26.48968
1989-07-04,432.727,991.42176,776.55176,35.32115,25.08933,26.61145
1989-07-05,435.7695,998.51036,782.08813,35.30053,25.07784,26.5987
1989-07-06,440.7766,1010.10243,791.15132,35.33145,25.10296,26.62476
1989-07-07,444.403,1018.53299,797.73817,35.55724,25.26648,26.79763
1989-07-10,451.0546,1033.89959,809.75665,35.58063,25.28628,26.81805
1989-07-11,451.8444,1035.83347,811.25489,36.01486,25.59795,27.14802
1989-07-12,454.4216,1041.86484,815.96205,36.27624,25.78688,27.3478
1989-07-13,455.29,1043.98027,817.60229,36.25988,25.7785,27.33834
1989-07-14,453.0053,1038.86884,813.58251,36.30835,25.8162,27.37772
1989-07-17,450.6765,1033.65507,809.48273,36.498,25.95424,27.52353
1989-07-18,452.9711,1039.04091,813.68404,36.9221,26.25898,27.8461
1989-07-19,455.4621,1044.87849,818.23892,36.67593,26.08728,27.66342
1989-07-20,455.445,1044.96456,818.28977,36.90119,26.25073,27.83615
1989-07-21,458.0441,1051.05222,823.0402,36.77933,26.16738,27.74717
1989-07-24,453.9755,1041.8467,815.81459,36.64019,26.07172,27.64513
1989-07-25,456.4431,1047.63368,820.32943,36.57388,26.02784,27.59801
1989-07-26,462.5183,1061.70252,831.32845,36.84892,26.22677,27.80835
1989-07-27,467.8105,1073.97713,840.92227,36.94552,26.2988,27.88413
1989-07-28,466.9821,1072.20478,839.51748,37.07007,26.39074,27.981
1989-07-31,471.0249,1081.61471,846.86797,37.15261,26.4528,28.04621
1989-08-01,471.6958,1083.28459,848.1583,37.23228,26.51284,28.10925
1989-08-02,477.4033,1096.52139,858.50426,37.40716,26.64066,28.24417
1989-08-03,469.9167,1079.46618,845.13281,36.97887,26.33911,27.92386
1989-08-04,467.5561,1074.17526,840.97318,37.11228,26.43741,28.02748
1989-08-07,464.9851,1068.39992,836.43442,37.65679,26.82849,28.44147
1989-08-08,471.5778,1083.67557,848.37577,37.81074,26.94151,28.56067
1989-08-09,471.885,1084.51126,849.01284,37.9219,27.02408,28.64759
1989-08-10,474.2341,1090.03917,853.3231,37.85442,26.97941,28.59962
1989-08-11,466.1823,1071.67214,838.9264,37.9567,27.05568,28.67985
1989-08-14,458.945,1055.17193,825.9918,37.68177,26.86319,28.47519
1989-08-15,456.7897,1050.34521,822.19654,37.65615,26.84831,28.45881
1989-08-16,459.0239,1055.60757,826.29912,37.77298,26.93496,28.55004
1989-08-17,456.4479,1049.81272,821.74614,37.76263,26.93098,28.5452
1989-08-18,457.9775,1053.45588,824.58118,38.03604,27.12928,28.75479
1989-08-21,459.6689,1057.47201,827.70803,38.10807,27.18405,28.81221
1989-08-22,459.1252,1056.34845,826.81183,38.01277,27.11952,28.7432
1989-08-23,460.5854,1059.83399,829.52322,37.91568,27.05369,28.67281
1989-08-24,462.0075,1063.23269,832.16654,38.30556,27.33519,28.97053
1989-08-25,465.3876,1071.13789,838.33667,38.58216,27.53594,29.18268
1989-08-28,463.5607,1067.0632,835.1305,38.4961,27.47801,29.12065
1989-08-29,465.8127,1072.37407,839.27001,38.32803,27.36155,28.9966
1989-08-30,467.3825,1076.11581,842.18139,38.27793,27.32924,28.96174
1989-08-31,464.2482,1069.03158,836.61985,38.47681,27.47463,29.11518
1989-09-01,463.3232,1067.03051,835.03685,38.55292,27.53241,29.17579
1989-09-04,462.8691,1066.11302,834.30193,38.72421,27.65816,29.30842
1989-09-05,461.6452,1063.42293,832.17982,38.81775,27.72842,29.38225
1989-09-06,461.5495,1063.33006,832.09031,38.62484,27.59417,29.23935
1989-09-07,460.509,1061.0613,830.29805,38.74817,27.68572,29.33573
1989-09-08,463.9267,1069.06225,836.54187,38.89789,27.79614,29.4521
1989-09-11,459.9985,1060.14267,829.54495,38.75347,27.69648,29.34587
1989-09-12,460.2724,1060.90086,830.12145,38.57677,27.57373,29.21518
1989-09-13,460.7661,1062.16572,831.09436,38.56296,27.56733,29.20777
1989-09-14,460.2963,1061.21045,830.33008,38.33373,27.407,29.03727
1989-09-15,453.57,1045.83825,818.28463,37.90292,27.10255,28.71409
1989-09-18,460.8078,1062.65223,831.4227,38.43827,27.48863,29.12251
1989-09-19,462.8706,1067.5357,835.22665,38.35178,27.43026,29.06004
1989-09-20,465.8867,1074.61883,840.75131,38.35568,27.43651,29.06603
1989-09-21,466.092,1075.2211,841.20551,38.40858,27.47779,29.10913
1989-09-22,464.7421,1072.23714,838.85389,38.27938,27.38885,29.01429
1989-09-25,474.9533,1095.92557,857.36768,38.30163,27.40821,29.03418
1989-09-26,475.3312,1096.92872,858.13513,38.36733,27.45866,29.08699
1989-09-27,473.5495,1092.95022,855.00524,37.71751,26.99724,28.59758
1989-09-28,469.9465,1084.76941,848.5878,37.70403,26.99099,28.59035
1989-09-29,471.3041,1088.03251,851.12324,37.45038,26.81288,28.40107
1989-10-02,468.2753,1081.17392,845.74055,37.31435,26.7189,28.30091
1989-10-03,469.749,1084.70537,848.48585,37.52368,26.8721,28.46257
1989-10-04,470.6718,1086.96576,850.23682,37.63847,26.95766,28.55258
1989-10-05,471.6042,1089.24884,852.00547,37.51835,26.87505,28.46447
1989-10-06,468.2238,1081.57541,845.98578,37.43589,26.81939,28.40491
1989-10-09,464.2512,1072.53293,838.89539,37.36997,26.77556,28.35787
1989-10-10,459.8037,1062.39174,830.94584,37.02214,26.52981,28.09699
1989-10-11,452.7563,1046.24428,818.29843,37.04208,26.54743,28.11504
1989-10-12,455.4467,1052.58582,823.24163,37.11356,26.60198,28.17221
1989-10-13,456.3613,1054.82525,824.97646,37.10205,26.59708,28.16642
1989-10-16,434.8259,1005.19309,786.14146,34.3529,24.63039,26.08307
1989-10-17,441.1567,1019.94815,797.6644,34.95366,25.06406,26.54176
1989-10-18,445.9489,1031.14909,806.40762,35.20633,25.24833,26.73633
1989-10-19,453.7897,1049.40267,820.66536,35.76427,25.65149,27.16267
1989-10-20,450.9394,1042.94001,815.5945,35.82246,25.69644,27.20969
1989-10-23,452.0769,1045.69529,817.73264,35.87713,25.73888,27.25404
1989-10-24,447.9458,1036.26967,810.34481,35.38306,25.3878,26.8817
1989-10-25,447.0444,1034.30939,808.79547,35.08784,25.17925,26.66031
1989-10-26,443.5334,1026.31393,802.52656,34.934,25.07207,26.54625
1989-10-27,433.4785,1003.18206,784.42113,34.2126,24.55768,26.00104
1989-10-30,435.9362,1008.98918,788.9459,34.28644,24.61375,26.05984
1989-10-31,439.4807,1017.31306,795.43824,34.55284,24.80802,26.26497
1989-11-01,440.8586,1020.62392,798.01089,34.71399,24.9268,26.39016
1989-11-02,438.7207,1015.79895,794.222,34.73245,24.9432,26.40695
1989-11-03,438.653,1015.76406,794.17865,34.59614,24.84848,26.3061
1989-11-06,437.0375,1012.14641,791.334,34.62104,24.86949,26.32778
1989-11-07,436.632,1011.32898,790.67888,34.42129,24.72919,26.17868
1989-11-08,441.3891,1022.46781,799.37098,34.7433,24.96356,26.42623
1989-11-09,443.5605,1027.61952,803.38234,34.97063,25.12998,26.60183
1989-11-10,444.1579,1029.1264,804.54416,35.1439,25.25761,26.73636
1989-11-13,444.2758,1029.5229,804.83786,35.36667,25.42083,26.90857
1989-11-14,443.7995,1028.54299,804.0555,35.19162,25.29826,26.77824
1989-11-15,443.4321,1027.81512,803.47022,34.94796,25.12635,26.5957
1989-11-16,444.8359,1031.19147,806.09331,35.14689,25.27248,26.74981
1989-11-17,445.1298,1031.99623,806.7061,35.17011,25.29236,26.77027
1989-11-20,442.5734,1026.19575,802.15535,34.99016,25.16618,26.63614
1989-11-21,443.8996,1029.39318,804.63845,34.73239,24.98402,26.44277
1989-11-22,446.3442,1035.18464,809.14902,34.73801,24.99121,26.44981
1989-11-23,449.4619,1042.5385,814.88056,35.10507,25.25833,26.73194
1989-11-24,452.6406,1050.03558,820.7238,35.12845,25.27832,26.75253
1989-11-27,455.1018,1055.87002,825.26736,35.14866,25.29605,26.77071
1989-11-28,456.0996,1058.31104,827.15855,35.35628,25.4486,26.93158
1989-11-29,460.8164,1069.38164,835.79395,35.40634,25.48782,26.97251
1989-11-30,462.9208,1074.39249,839.69327,35.68665,25.69274,27.18879
1989-12-01,468.9326,1088.4734,850.68054,36.0836,25.98166,27.49394
1989-12-04,471.7407,1095.12098,855.85848,36.23936,26.09704,27.61545
1989-12-05,473.0156,1098.21123,858.25623,36.42011,26.23044,27.75602
1989-12-06,480.7365,1116.26846,872.34962,36.84021,26.5362,28.07896
1989-12-07,480.4924,1115.83569,871.99376,36.63931,26.39488,27.92882
1989-12-08,481.0727,1117.31675,873.13353,36.75056,26.47832,28.01651
1989-12-11,481.3764,1118.15589,873.77162,36.73542,26.47075,28.0079
1989-12-12,486.2475,1129.60371,882.69925,36.73377,26.4729,28.00956
1989-12-13,491.5061,1141.95448,892.33204,36.63326,26.40382,27.93587
1989-12-14,488.216,1134.4507,886.45016,36.63672,26.40964,27.94143
1989-12-15,489.6252,1137.8605,889.09659,36.75189,26.49595,28.03215
1989-12-18,489.0261,1136.60514,888.09767,36.54765,26.3521,27.87935
1989-12-19,485.6113,1128.80827,881.98721,36.3667,26.22499,27.74428
1989-12-20,486.8657,1131.85882,884.35287,36.73624,26.49469,28.029
1989-12-21,491.8845,1143.66118,893.556,36.81452,26.55446,28.09163
1989-12-22,497.9533,1157.90782,904.66831,36.94139,26.64928,28.19134
1989-12-25,497.9531,1158.0462,904.75812,NA,NA,NA
1989-12-26,498.8388,1160.24434,906.45718,NA,NA,NA
1989-12-27,507.6745,1180.93434,922.60192,37.21938,26.85987,28.41228
1989-12-28,508.8889,1183.90017,924.90029,37.12253,26.79338,28.34134
1989-12-29,511.749,1190.69489,930.18968,37.5463,27.1025,28.6677
1990-01-01,511.7487,1190.83697,930.28185,NA,NA,NA
1990-01-02,512.9162,1193.69588,932.4964,37.58172,27.13488,28.70072
1990-01-03,517.0893,1203.54981,940.17493,38.33836,27.68442,29.28135
1990-01-04,522.3251,1215.87963,949.78707,38.58327,27.86469,29.47139
1990-01-05,521.4023,1213.87806,948.20429,38.34422,27.69562,29.29194
1990-01-08,525.4079,1223.34789,955.58203,38.18488,27.58406,29.17332
1990-01-09,526.5078,1226.05493,957.67721,38.26165,27.64297,29.23499
1990-01-10,525.5021,1223.86085,955.94399,38.02187,27.47328,29.0549
1990-01-11,525.1879,1223.27609,955.46789,38.22264,27.62176,29.21131
1990-01-12,523.9785,1220.60684,953.36362,38.0621,27.50926,29.09171
1990-01-15,518.0954,1207.05541,942.75916,37.60365,27.18151,28.74448
1990-01-16,507.947,1183.56851,924.39457,37.37348,27.01862,28.5716
1990-01-17,514.7292,1199.51293,936.82802,37.61729,27.19822,28.7609
1990-01-18,504.3217,1175.41567,917.98762,37.01064,26.76319,28.30026
1990-01-19,502.554,1171.43827,914.86262,37.17909,26.88832,28.43197
1990-01-22,497.7856,1160.46914,906.27696,36.83873,26.64565,28.17475
1990-01-23,498.4006,1162.04164,907.48668,36.66801,26.52556,28.04717
1990-01-24,498.1919,1161.69454,907.19725,36.18595,26.18032,27.68151
1990-01-25,500.4263,1167.04309,911.35562,36.43561,26.36417,27.87532
1990-01-26,501.5627,1169.83259,913.51552,36.5123,26.42296,27.93688
1990-01-29,509.7101,1188.97538,928.44443,36.78837,26.626,28.15094
1990-01-30,510.127,1190.09017,929.29616,36.87602,26.69277,28.22093
1990-01-31,509.3499,1188.42057,927.97361,36.90183,26.7148,28.24362
1990-02-01,513.9183,1199.22099,936.3879,37.18986,26.92661,28.46694
1990-02-02,518.6377,1210.37632,945.07895,37.57472,27.20855,28.76439
1990-02-05,524.0719,1223.20253,955.07417,37.84047,27.40434,28.97076
1990-02-06,525.7582,1227.28423,958.24179,37.48775,27.15244,28.70385
1990-02-07,520.2975,1214.69072,948.38896,37.0653,26.85,28.3835
1990-02-08,519.4831,1212.93573,946.9995,37.31287,27.03265,28.57597
1990-02-09,515.0528,1202.74182,939.02096,37.07954,26.86707,28.40033
1990-02-12,509.166,1189.14621,928.38668,36.67678,26.57873,28.09492
1990-02-13,505.4297,1180.56675,921.66939,36.65409,26.56564,28.08048
1990-02-14,508.5519,1187.99993,927.45365,36.63855,26.55773,28.07151
1990-02-15,508.6018,1188.25892,927.63708,36.72346,26.6226,28.13947
1990-02-16,512.0575,1196.4739,934.03126,37.2732,27.02434,28.5635
1990-02-19,511.597,1195.54172,933.28464,36.83981,26.71364,28.23448
1990-02-20,504.9273,1180.10675,921.21578,36.33868,26.35375,27.8535
1990-02-21,502.6251,1174.86981,917.1089,35.99607,26.1087,27.5939
1990-02-22,504.8507,1180.21197,921.26038,36.27077,26.31116,27.80728
1990-02-23,497.9497,1164.229,908.76471,35.80132,25.97405,27.45041
1990-02-26,492.8432,1152.43527,899.53985,35.64127,25.86125,27.33061
1990-02-27,496.0757,1160.13103,905.52842,35.98464,26.11357,27.59667
1990-02-28,496.109,1160.348,905.67946,36.00192,26.12939,27.6128
1990-03-01,488.2352,1142.08063,891.40197,35.82412,26.00368,27.47936
1990-03-02,491.2466,1149.26077,896.98791,36.11144,26.21544,27.70254
1990-03-05,491.9348,1151.00818,898.3336,35.95144,26.10263,27.58274
1990-03-06,490.6018,1148.02846,895.98976,35.78258,25.98336,27.45611
1990-03-07,492.8865,1153.51143,900.25077,36.13221,26.24042,27.72715
1990-03-08,497.2846,1163.94161,908.37234,36.3757,26.42049,27.91683
1990-03-09,494.5164,1157.60473,903.40825,36.24564,26.32939,27.81997
1990-03-12,489.9065,1146.95753,895.08024,36.0461,26.18781,27.66978
1990-03-13,488.4308,1143.6415,892.47423,36.12817,26.25071,27.73563
1990-03-14,490.3595,1148.29371,896.0866,36.19768,26.3045,27.79187
1990-03-15,493.3636,1155.46513,901.6646,36.36443,26.42895,27.92276
1990-03-16,499.7062,1170.45738,913.34478,36.57111,26.58243,28.08431
1990-03-19,500.0842,1171.48287,914.12653,36.3234,26.40579,27.89709
1990-03-20,498.768,1168.54119,911.81253,36.2848,26.38107,27.87037
1990-03-21,494.903,1159.63038,904.84058,36.39849,26.46702,27.96057
1990-03-22,494.23,1158.19303,903.7007,36.44052,26.5009,27.99577
1990-03-23,495.7376,1161.86408,906.54679,36.45072,26.51165,28.00652
1990-03-26,498.8275,1169.24412,912.28655,36.73634,26.72265,28.22881
1990-03-27,495.2368,1160.97162,905.81323,36.48719,26.54485,28.04039
1990-03-28,497.098,1165.47311,909.307,36.54463,26.58997,28.08744
1990-03-29,500.8921,1174.5072,916.33675,36.6091,26.6402,28.1399
1990-03-30,502.0644,1177.39623,918.57218,36.53368,26.5887,28.08489
1990-04-02,493.9825,1158.59424,903.88374,36.12513,26.29482,27.77387
1990-04-03,499.648,1172.0202,914.33918,36.50602,26.57527,28.0695
1990-04-04,501.1873,1175.77066,917.24653,36.51523,26.58532,28.07951
1990-04-05,501.915,1177.61837,918.66941,36.58645,26.64051,28.13719
1990-04-06,502.9069,1180.08625,920.57603,36.62229,26.66995,28.16768
1990-04-09,503.8329,1182.40009,922.36241,36.56545,26.63193,28.12692
1990-04-10,500.9184,1175.70506,917.12086,36.39603,26.51193,27.99958
1990-04-11,503.6571,1182.27297,922.22552,36.27401,26.42642,27.90867
1990-04-12,506.7788,1189.74142,928.0324,36.50781,26.60002,28.0914
1990-04-13,506.5447,1189.33467,927.69634,NA,NA,NA
1990-04-16,505.097,1186.07945,925.13838,NA,NA,NA
1990-04-17,506.128,1188.6421,927.11851,36.59296,26.6721,28.16571
1990-04-18,506.0341,1188.56417,927.03897,36.53506,26.63327,28.12409
1990-04-19,503.7081,1183.24568,922.8718,36.1946,26.38853,27.86505
1990-04-20,504.7778,1185.89975,924.92316,36.44735,26.57605,28.06247
1990-04-23,495.5386,1164.34696,908.0935,36.07077,26.30492,27.77557
1990-04-24,493.4722,1159.6332,904.39864,35.92631,26.20292,27.66727
1990-04-25,493.9792,1160.96335,905.41773,35.88293,26.1746,27.63676
1990-04-26,493.5206,1160.02511,904.66767,35.50903,25.90526,27.35178
1990-04-27,489.0659,1149.69842,896.5954,35.32739,25.77605,27.21478
1990-04-30,487.6541,1146.51867,894.09744,35.19358,25.6817,27.11457
1990-05-01,488.2183,1147.98227,895.22073,NA,NA,NA
1990-05-02,492.0747,1157.18664,902.38008,35.59155,25.97851,27.42677
1990-05-03,496.6378,1168.05513,910.83671,35.83015,26.15587,27.61343
1990-05-04,504.4149,1186.48597,925.18941,36.32858,26.52289,28.0003
1990-05-07,510.6656,1201.33031,936.74519,36.37324,26.55882,28.03763
1990-05-08,511.2303,1202.80245,937.87415,36.29576,26.50561,27.98085
1990-05-09,513.9689,1209.38886,942.99072,36.2529,26.47766,27.95075
1990-05-10,513.5697,1208.59485,942.35253,36.2015,26.44346,27.91404
1990-05-11,518.0123,1219.19348,950.59694,36.48538,26.65408,28.13578
1990-05-14,519.0266,1221.72634,952.55255,36.62729,26.76107,28.24811
1990-05-15,518.481,1220.58899,951.64649,36.62115,26.75995,28.24632
1990-05-16,518.8907,1221.69958,952.49313,36.72093,26.83621,28.3262
1990-05-17,526.1897,1239.03052,965.98494,37.06432,27.09045,28.59395
1990-05-18,524.7139,1235.7053,963.37287,37.13303,27.14406,28.64992
1990-05-21,521.8502,1229.11232,958.21316,37.05873,27.09318,28.59561
1990-05-22,523.1993,1232.4365,960.78528,37.46035,27.39011,28.90838
1990-05-23,525.7956,1238.69898,965.64783,37.54527,27.45563,28.97691
1990-05-24,523.6768,1233.85792,961.85423,37.47316,27.40637,28.9243
1990-05-25,519.7367,1224.72671,954.71612,37.39223,27.35066,28.86488
1990-05-28,521.05,1227.96756,957.22313,37.44379,27.3918,28.90767
1990-05-29,527.496,1243.30532,969.1591,37.73109,27.60534,29.13242
1990-05-30,532.1025,1254.31072,977.71783,38.06679,27.85434,29.39455
1990-05-31,526.2548,1240.68339,967.07501,38.06065,27.85336,29.39289
1990-06-01,530.7164,1251.34951,975.36899,38.44981,28.14155,29.69638
1990-06-04,526.5319,1241.63774,967.77893,NA,NA,NA
1990-06-05,529.8725,1249.66306,974.01438,38.43621,28.13869,29.69208
1990-06-06,527.3775,1243.93108,969.52685,38.0229,27.83977,29.37602
1990-06-07,528.3952,1246.4801,971.49395,38.2564,28.01417,29.55941
1990-06-08,524.0113,1236.29286,963.53398,37.93275,27.78079,29.31252
1990-06-11,521.1587,1229.71388,958.38677,37.62703,27.56048,29.07943
1990-06-12,526.638,1242.7891,968.55709,37.99453,27.83303,29.36637
1990-06-13,530.1326,1251.18368,975.07951,38.28438,28.04878,29.59338
1990-06-14,530.3941,1251.95071,975.65755,38.11527,27.92846,29.4658
1990-06-15,525.6086,1240.81049,966.95559,37.95143,27.81197,29.34227
1990-06-18,526.1972,1242.34841,968.13452,37.87874,27.76223,29.28915
1990-06-19,529.4673,1250.21689,974.24647,37.86285,27.75408,29.27992
1990-06-20,531.8586,1256.01226,978.74277,38.02457,27.87607,29.40799
1990-06-21,532.8125,1258.41499,980.59528,38.14553,27.96823,29.50459
1990-06-22,536.3954,1267.02689,987.28586,38.34892,28.12082,29.66492
1990-06-25,540.0235,1275.74758,994.06093,38.53931,28.26392,29.81524
1990-06-26,540.5901,1277.23873,995.20272,38.62053,28.32702,29.88116
1990-06-27,543.2061,1283.57152,1000.11688,38.47888,28.22673,29.77473
1990-06-28,542.184,1281.31111,998.33536,38.51517,28.25689,29.8059
1990-06-29,543.594,1284.79615,1001.03051,38.66222,28.3683,29.92277
1990-07-02,546.6283,1292.12066,1006.71688,38.51017,28.26035,29.80826
1990-07-03,549.4757,1299.00513,1012.06019,38.67975,28.38831,29.94259
1990-07-04,552.1624,1305.51133,1017.1086,38.63057,28.3558,29.90765
1990-07-05,548.3383,1296.63041,1010.16863,38.45488,28.23046,29.77481
1990-07-06,548.2349,1296.54146,1010.07889,38.49679,28.26477,29.81036
1990-07-09,551.8205,1305.17541,1016.78456,38.56366,28.3174,29.86523
1990-07-10,550.3687,1301.89936,1014.21173,38.32503,28.14581,29.68361
1990-07-11,550.1529,1301.54516,1013.91528,38.46241,28.25021,29.79308
1990-07-12,549.1755,1299.38972,1012.21562,38.69893,28.42742,29.97933
1990-07-13,557.5938,1319.46337,1027.83125,38.93925,28.60747,30.16856
1990-07-16,558.4318,1321.60407,1029.47802,39.24104,28.83271,30.40544
1990-07-17,558.9586,1323.00895,1030.55154,39.12474,28.75091,30.31853
1990-07-18,562.4272,1331.37623,1037.04813,39.18647,28.79988,30.36951
1990-07-19,560.3138,1326.53501,1033.25604,39.12298,28.75686,30.3235
1990-07-20,561.7664,1330.13229,1036.03708,39.13422,28.76874,30.33537
1990-07-23,557.1845,1319.44801,1027.69366,38.71374,28.46338,30.01273
1990-07-24,558.1616,1321.91948,1029.59784,38.50759,28.31545,29.8561
1990-07-25,557.758,1321.12243,1028.95622,38.48882,28.30522,29.84467
1990-07-26,557.3461,1320.30553,1028.29914,38.40008,28.24355,29.779
1990-07-27,557.3335,1320.43401,1028.3784,38.38416,28.2354,29.76977
1990-07-30,556.8082,1319.34821,1027.51194,38.06458,28.00396,29.52511
1990-07-31,565.3114,1339.65412,1043.30432,38.29141,28.1743,29.70407
1990-08-01,564.7462,1338.47581,1042.36554,38.16782,28.08695,29.61133
1990-08-02,551.7714,1307.90069,1018.53185,37.89122,27.88702,29.39991
1990-08-03,546.9013,1296.51912,1009.64726,36.97032,27.21302,28.68872
1990-08-06,531.406,1259.95775,981.15343,35.52122,26.1502,27.56764
1990-08-07,536.7573,1272.79557,991.13012,35.95822,26.47509,27.90955
1990-08-08,524.0431,1242.81431,967.76201,35.49336,26.13629,27.55179
1990-08-09,528.2971,1253.05087,975.71315,35.72367,26.30911,27.73338
1990-08-10,526.2791,1248.41659,972.0847,35.69432,26.29082,27.7135
1990-08-13,524.6984,1244.81804,969.26292,35.13431,25.8818,27.28176
1990-08-14,525.1824,1246.11526,970.25337,35.16136,25.90498,27.3056
1990-08-15,532.5017,1263.63071,983.87075,NA,NA,NA
1990-08-16,531.8717,1262.28774,982.80518,35.35873,26.05688,27.46454
1990-08-17,521.2977,1237.35666,963.37282,34.39305,25.34879,26.7176
1990-08-20,511.1338,1213.3922,944.69392,33.79858,24.91401,26.25876
1990-08-21,497.7021,1181.66725,919.97359,33.17748,24.45948,25.77914
1990-08-22,499.5479,1186.19042,923.47639,33.11468,24.41628,25.73305
1990-08-23,492.7505,1170.20033,911.00816,32.36146,23.8642,25.15064
1990-08-24,496.7605,1179.8626,918.51154,32.81606,24.20231,25.50644
1990-08-27,510.7809,1213.30712,944.52655,33.45064,24.6732,26.00215
1990-08-28,515.267,1224.10772,952.91503,33.83265,24.95797,26.3017
1990-08-29,514.3946,1222.18269,951.39715,33.86897,24.9879,26.33268
1990-08-30,515.3063,1224.49486,953.17779,34.29638,25.30626,26.66761
1990-08-31,508.0228,1207.3432,939.80625,33.87318,24.9973,26.34145
1990-09-03,501.9686,1193.10713,928.70499,33.85216,24.98495,26.32786
1990-09-04,497.4149,1182.43191,920.37617,33.3404,24.61053,25.93275
1990-09-05,500.6615,1190.29024,926.47407,33.37476,24.63898,25.96217
1990-09-06,496.7796,1181.20828,919.38589,32.89891,24.29092,25.59486
1990-09-07,493.9177,1174.54804,914.18308,32.81818,24.23439,25.53475
1990-09-10,495.6159,1178.72639,917.41666,33.28328,24.58076,25.89916
1990-09-11,488.9668,1163.06224,905.20563,33.21492,24.5334,25.84869
1990-09-12,494.4113,1176.1511,915.37373,33.37324,24.65338,25.97455
1990-09-13,489.8738,1165.50312,907.06759,33.22517,24.54714,25.86206
1990-09-14,490.5969,1167.36282,908.49657,32.7585,24.20558,25.50165
1990-09-17,489.5972,1165.12489,906.73648,32.43548,23.97004,25.25294
1990-09-18,486.6265,1158.19814,901.32725,32.19742,23.79719,25.0703
1990-09-19,477.2261,1135.97496,884.01337,31.59923,23.35824,24.60732
1990-09-20,464.4037,1105.60372,860.35918,31.123,23.00928,24.23917
1990-09-21,460.2867,1095.93967,852.82093,30.94383,22.87977,24.10222
1990-09-24,456.4741,1086.99759,845.84485,30.42455,22.49884,23.70042
1990-09-25,452.6832,1078.10495,838.90754,30.08064,22.24745,23.43509
1990-09-26,449.6253,1070.95484,833.32654,30.13719,22.29206,23.48158
1990-09-27,454.1953,1081.96752,841.87836,30.36477,22.46314,23.66128
1990-09-28,446.9808,1064.92,828.5957,29.8416,22.07908,23.25623
1990-10-01,463.6524,1104.77356,859.58465,30.69352,22.71195,23.92234
1990-10-02,472.2043,1125.28333,875.5239,31.36833,23.21396,24.45058
1990-10-03,476.2091,1134.96079,883.03537,31.50816,23.32032,24.56209
1990-10-04,474.6778,1131.4487,880.2849,31.05158,22.98545,24.20886
1990-10-05,480.4347,1145.30576,891.04744,31.42583,23.26528,24.50306
1990-10-08,498.3067,1188.0547,924.28417,32.48127,24.04929,25.32825
1990-10-09,489.9987,1168.39957,908.97304,31.8288,23.56941,24.82231
1990-10-10,484.7378,1156.00133,899.30861,31.51035,23.33666,24.57665
1990-10-11,481.4123,1148.21288,893.23108,31.42897,23.27935,24.51576
1990-10-12,487.6376,1163.19772,904.86945,31.56349,23.38187,24.62321
1990-10-15,487.1543,1162.18473,904.0631,31.61134,23.42025,24.66309
1990-10-16,486.8022,1161.48437,903.49999,31.6235,23.43221,24.67516
1990-10-17,486.7726,1161.55305,903.53514,31.30238,23.19731,24.42726
1990-10-18,490.4599,1170.48996,910.46832,31.55335,23.38615,24.62558
1990-10-19,494.9247,1181.28453,918.84607,31.84991,23.60881,24.85952
1990-10-22,494.8061,1181.14319,918.71755,31.84227,23.60613,24.85616
1990-10-23,500.395,1194.62503,929.18481,32.31311,23.95802,25.22615
1990-10-24,501.9471,1198.47289,932.15886,32.43954,24.05475,25.32746
1990-10-25,499.0935,1191.80615,926.95443,32.11113,23.81434,25.07379
1990-10-26,490.0962,1170.47506,910.34374,31.61555,23.44994,24.68958
1990-10-29,488.611,1167.06972,907.67671,31.46203,23.33907,24.57231
1990-10-30,480.1655,1147.04759,892.08521,31.12338,23.09089,24.31048
1990-10-31,483.4141,1154.94447,898.20853,31.29933,23.22429,24.45041
1990-11-01,481.2271,1149.86005,894.236,31.19909,23.15286,24.37468
1990-11-02,481.8695,1151.5325,895.51856,30.84046,22.88974,24.09715
1990-11-05,486.5837,1162.93514,904.36754,31.03148,23.03435,24.24887
1990-11-06,488.3706,1167.3444,907.77809,31.08231,23.07496,24.2911
1990-11-07,485.6132,1160.89625,902.74512,30.82648,22.88802,24.09378
1990-11-08,477.9062,1142.62077,888.5143,30.54011,22.67835,23.87255
1990-11-09,480.644,1149.3025,893.69196,30.63935,22.75487,23.95259
1990-11-12,485.2676,1160.49508,902.37673,30.71584,22.81452,24.01486
1990-11-13,488.491,1168.34173,908.45966,30.95776,22.99702,24.20644
1990-11-14,483.9614,1157.65346,900.12994,30.63757,22.76215,23.9587
1990-11-15,485.5812,1161.66607,903.23168,30.74011,22.84118,24.04137
1990-11-16,489.0927,1170.20487,909.85233,31.02048,23.0523,24.26307
1990-11-19,496.5182,1188.11101,923.75524,31.25919,23.23253,24.45223
1990-11-20,496.3166,1187.77123,923.47236,31.39035,23.33289,24.55735
1990-11-21,495.8164,1186.71699,922.63401,31.38128,23.3291,24.55282
1990-11-22,497.187,1190.13902,925.27583,31.52931,23.44204,24.67116
1990-11-23,498.6541,1193.79281,928.09773,31.67261,23.55149,24.78582
1990-11-26,492.2499,1178.61194,916.27595,31.38146,23.33805,24.56065
1990-11-27,491.7405,1177.534,915.41939,31.29906,23.27973,24.49875
1990-11-28,490.8815,1175.61893,913.91205,31.07118,23.11323,24.32301
1990-11-29,488.9682,1171.17954,910.44229,31.14515,23.17114,24.38343
1990-11-30,486.9926,1166.5899,906.85588,31.34863,23.32539,24.54522
1990-12-03,490.5221,1175.18357,913.51761,31.67324,23.56977,24.80185
1990-12-04,489.5907,1173.09384,911.87466,31.57599,23.50039,24.72832
1990-12-05,492.9397,1181.25781,918.20204,31.63417,23.54664,24.77645
1990-12-06,502.8067,1205.04479,936.67174,32.17813,23.95435,25.20491
1990-12-07,507.592,1216.6568,945.67826,32.38067,24.10808,25.36613
1990-12-10,509.2682,1220.81955,948.89468,32.17246,23.95616,25.20574
1990-12-11,503.349,1206.78356,937.96511,31.89707,23.7542,24.9927
1990-12-12,502.1607,1204.08035,935.84502,31.82865,23.70626,24.94172
1990-12-13,505.5411,1212.32909,942.23701,32.04985,23.87393,25.11759
1990-12-14,500.534,1200.47291,933.00258,31.93737,23.79318,25.0321
1990-12-17,493.278,1183.22315,919.57628,31.56373,23.51792,24.74196
1990-12-18,493.8823,1184.81417,920.79419,31.64154,23.57884,24.80552
1990-12-19,494.0284,1185.30663,921.15829,31.48343,23.46403,24.6842
1990-12-20,482.0292,1156.67361,898.88611,30.99282,23.10148,24.30227
1990-12-21,473.3923,1136.09791,882.87677,30.871,23.01362,24.20932
1990-12-24,468.2609,1123.92539,873.39884,30.945,23.07166,24.26986
1990-12-25,468.2609,1124.06017,873.4859,NA,NA,NA
1990-12-26,471.8157,1132.72716,880.20292,NA,NA,NA
1990-12-27,472.5661,1134.66407,881.69021,31.11255,23.20529,24.40885
1990-12-28,478.5186,1149.0917,892.88266,31.07161,23.17768,24.37929
1990-12-31,478.6871,1149.634,893.28599,30.83883,23.00703,24.19926
1991-01-01,478.6871,1149.77186,893.37503,NA,NA,NA
1991-01-02,477.4516,1146.94324,891.15905,30.60672,22.8397,24.02222
1991-01-03,477.8277,1147.984,891.94968,30.66437,22.88558,24.06996
1991-01-04,477.3305,1146.92752,891.11077,30.54328,22.79813,23.97746
1991-01-07,462.534,1111.52832,863.58762,30.45891,22.73805,23.91376
1991-01-08,459.6726,1104.78832,858.33333,30.25008,22.58508,23.75236
1991-01-09,470.9448,1132.01432,879.46643,30.74104,22.95434,24.1402
1991-01-10,462.8565,1112.71815,864.45627,30.31211,22.63707,23.80602
1991-01-11,460.7766,1107.8535,860.65934,30.33409,22.65633,23.82576
1991-01-14,450.4297,1083.12152,841.42706,29.90151,22.33621,23.48861
1991-01-15,449.1437,1080.16019,839.10945,29.6393,22.14323,23.28516
1991-01-16,447.8803,1077.25246,836.83356,29.59592,22.11362,23.25353
1991-01-17,472.3714,1136.30391,882.68253,30.79757,23.01393,24.19974
1991-01-18,473.6037,1139.40381,885.07266,30.76838,22.99503,24.17934
1991-01-21,474.3549,1141.34722,886.56436,30.51948,22.81197,23.98634
1991-01-22,474.0957,1140.86062,886.16844,30.24824,22.61218,23.77575
1991-01-23,471.1447,1133.89929,880.74299,30.26421,22.62696,23.79078
1991-01-24,479.7957,1154.85566,897.00149,30.52993,22.82841,24.00207
1991-01-25,478.9822,1153.03675,895.57052,30.47155,22.78765,23.9587
1991-01-28,483.6268,1164.35474,904.3427,30.84067,23.06645,24.25132
1991-01-29,483.7418,1164.77115,904.64783,30.75432,23.0048,24.18597
1991-01-30,486.8427,1172.37616,910.53595,31.14741,23.30163,24.49752
1991-01-31,493.5128,1188.57847,923.10036,31.36645,23.46836,24.67229
1991-02-01,497.4167,1198.12202,930.49329,31.56893,23.62275,24.83407
1991-02-04,501.1398,1207.23231,937.54948,31.39504,23.49566,24.69992
1991-02-05,507.8555,1223.55427,950.20549,31.88163,23.86265,25.08519
1991-02-06,508.3394,1224.86651,951.20535,31.75331,23.76964,24.98688
1991-02-07,516.033,1243.55098,965.69503,32.18587,24.09632,25.32975
1991-02-08,517.5136,1247.26728,968.5614,32.40234,24.26135,25.50268
1991-02-11,527.882,1272.40642,988.06189,32.95999,24.68179,25.94409
1991-02-12,524.1487,1263.56434,981.17538,32.75014,24.52782,25.78168
1991-02-13,526.5618,1269.53204,985.78942,32.92666,24.66306,25.92328
1991-02-14,529.7783,1277.438,991.90824,33.2864,24.93552,26.20911
1991-02-15,530.5267,1279.3953,993.40799,33.54919,25.13545,26.41868
1991-02-18,535.8877,1292.47592,1003.54403,34.06708,25.52648,26.82911
1991-02-19,536.453,1293.99395,1004.7024,34.26654,25.6791,26.98893
1991-02-20,529.4217,1277.19739,991.6397,33.83708,25.36061,26.65363
1991-02-21,533.1545,1286.35445,998.72909,34.03853,25.51474,26.81504
1991-02-22,536.2716,1294.0282,1004.66662,34.27488,25.69505,27.00396
1991-02-25,536.1182,1293.81333,1004.47947,34.74756,26.05251,27.37905
1991-02-26,526.8598,1271.63668,987.24059,34.40112,25.79614,27.10904
1991-02-27,529.0754,1277.13573,991.48974,34.53553,25.90014,27.21774
1991-02-28,535.4339,1292.63671,1003.50296,34.83161,26.12537,27.45384
1991-03-01,527.3427,1273.26812,988.4453,34.70851,26.03636,27.35972
1991-03-04,528.2033,1275.49819,990.15651,34.79381,26.1036,27.42979
1991-03-05,538.4627,1300.4258,1009.48593,35.23462,26.43749,27.78004
1991-03-06,541.4626,1307.82551,1015.20954,35.81484,26.87601,28.24024
1991-03-07,541.3001,1307.58996,1015.00615,35.80409,26.87133,28.23471
1991-03-08,541.4603,1308.13363,1015.40764,36.08078,27.08229,28.45577
1991-03-11,532.4234,1286.46916,998.56935,35.84823,26.91122,28.27541
1991-03-12,533.7617,1289.85633,1001.17828,35.82308,26.89573,28.25853
1991-03-13,528.6934,1277.76921,991.77547,35.65172,26.77051,28.12635
1991-03-14,537.3978,1298.95934,1008.20148,36.2359,27.21238,28.59
1991-03-15,532.3569,1286.9365,998.84883,36.17634,27.17109,28.546
1991-03-18,520.8532,1259.29539,977.37364,36.04689,27.07732,28.44688
1991-03-19,503.4041,1217.2774,944.74086,35.17731,26.42777,27.76386
1991-03-20,501.6078,1213.08144,941.46511,35.62123,26.76449,28.117
1991-03-21,513.5046,1241.99951,963.88713,35.87741,26.96027,28.32207
1991-03-22,505.7891,1223.4968,949.50705,35.59878,26.75436,28.10515
1991-03-25,498.5918,1206.2423,936.09634,35.61432,26.76941,28.12035
1991-03-26,492.5639,1191.81105,924.87734,35.55668,26.72947,28.07779
1991-03-27,494.4491,1196.51448,928.50856,36.04822,27.10221,28.46873
1991-03-28,493.4436,1194.22561,926.71354,36.10676,27.14962,28.51792
1991-03-29,498.387,1206.33169,936.08856,NA,NA,NA
1991-04-01,499.78,1209.8473,938.79763,NA,NA,NA
1991-04-02,505.2198,1223.1598,949.10808,36.59355,27.52587,28.91127
1991-04-03,517.6866,1253.49102,972.6221,36.97525,27.81634,29.21574
1991-04-04,516.3615,1250.434,970.23032,37.05533,27.88007,29.28204
1991-04-05,525.2138,1272.02078,986.9589,37.35798,28.1112,29.52417
1991-04-08,514.665,1246.63804,967.24312,37.02432,27.86376,29.26366
1991-04-09,517.111,1252.71122,971.93551,36.95517,27.81525,29.21208
1991-04-10,515.1131,1248.02341,968.27859,36.6336,27.5768,28.96103
1991-04-11,514.918,1247.70052,968.00848,36.8404,27.7359,29.12748
1991-04-12,517.7929,1254.81517,973.50853,36.85401,27.74963,29.14128
1991-04-15,521.3651,1263.62126,980.32051,37.21983,28.02847,29.43348
1991-04-16,516.9563,1253.09233,972.13181,36.60173,27.56671,28.94794
1991-04-17,523.0626,1268.04318,983.71012,37.13582,27.97229,29.37321
1991-04-18,518.3368,1256.74414,974.92421,37.19708,28.02194,29.42472
1991-04-19,502.9559,1219.62006,946.10366,36.83963,27.75629,29.14513
1991-04-22,488.1616,1183.90824,918.37994,36.49546,27.50057,28.87599
1991-04-23,492.4778,1194.51689,926.59031,36.76495,27.70703,29.09216
1991-04-24,492.0988,1193.74115,925.96981,36.35356,27.4006,28.76979
1991-04-25,487.5108,1182.76003,917.43262,36.50583,27.51878,28.89325
1991-04-26,486.9437,1181.52647,916.4572,36.30245,27.36899,28.73535
1991-04-29,484.2992,1175.25424,911.57334,36.52376,27.53923,28.91347
1991-04-30,492.02,1194.13099,926.19537,36.32025,27.3893,28.75544
1991-05-01,501.7776,1217.95631,944.65456,NA,NA,NA
1991-05-02,501.6779,1217.86044,944.56108,36.95245,27.87283,29.26184
1991-05-03,496.817,1206.21203,935.50699,36.30824,27.3906,28.75495
1991-05-06,494.1189,1199.80881,930.52166,36.73138,27.71315,29.09294
1991-05-07,502.4176,1220.10322,946.24114,36.95117,27.8824,29.26999
1991-05-08,498.0125,1209.55701,938.04246,36.73791,27.72505,29.10419
1991-05-09,495.508,1203.62175,933.42033,36.74447,27.73349,29.11242
1991-05-10,502.2335,1220.10205,946.18123,37.08667,27.99517,29.38648
1991-05-13,498.1919,1210.43449,938.66451,36.60361,27.63419,29.00693
1991-05-14,496.6673,1206.87679,935.88651,36.33357,27.43388,28.79604
1991-05-15,500.9917,1217.52843,944.12714,36.24846,27.37309,28.73162
1991-05-16,502.3844,1221.05824,946.84519,36.25665,27.38273,28.74111
1991-05-17,497.7097,1209.84818,938.13286,36.18384,27.3312,28.68641
1991-05-20,492.2741,1196.78683,927.98524,NA,NA,NA
1991-05-21,498.8398,1212.89173,940.45334,36.47427,27.55741,28.9226
1991-05-22,498.7635,1212.85171,940.40329,36.50211,27.58191,28.94769
1991-05-23,497.6939,1210.39711,938.481,36.68976,27.72712,29.09946
1991-05-24,501.5633,1219.9515,945.8697,36.52142,27.60344,28.96904
1991-05-27,504.6634,1227.63699,951.80919,36.69241,27.7361,29.10764
1991-05-28,504.023,1226.2269,950.69664,36.84406,27.85419,29.23094
1991-05-29,510.7651,1242.7759,963.50705,36.97691,27.95809,29.33935
1991-05-30,506.7681,1233.20408,956.06623,37.04164,28.01054,29.39376
1991-05-31,505.3887,1229.99648,953.56005,37.21954,28.14854,29.53794
1991-06-03,500.9263,1219.28874,945.23902,37.50082,28.36474,29.76417
1991-06-04,500.7629,1219.03735,945.025,37.40571,28.29639,29.69181
1991-06-05,502.3084,1222.945,948.03514,37.47972,28.35592,29.75364
1991-06-06,500.1029,1217.72421,943.96861,37.32784,28.24463,29.63622
1991-06-07,494.5847,1204.44043,933.65134,37.07979,28.06057,29.44245
1991-06-10,493.7097,1202.45475,932.09316,37.31676,28.24336,29.63362
1991-06-11,496.4182,1209.19452,937.29855,37.55379,28.42625,29.82487
1991-06-12,489.3329,1192.08975,924.01999,37.22296,28.1795,29.56533
1991-06-13,482.5371,1175.6856,911.28509,37.16626,28.14014,29.5234
1991-06-14,485.6848,1183.49472,917.31936,37.41526,28.33215,29.72421
1991-06-17,483.3797,1178.022,913.05875,37.23769,28.2013,29.58629
1991-06-18,479.0208,1167.54549,904.91966,37.1889,28.16791,29.55064
1991-06-19,477.4965,1163.97165,902.13131,37.01495,28.03975,29.41555
1991-06-20,479.364,1168.66263,905.74871,36.79603,27.87751,29.24471
1991-06-21,478.0228,1165.53422,903.3057,36.77341,27.86389,29.2298
1991-06-24,476.161,1161.13627,899.87882,36.60774,27.74192,29.10121
1991-06-25,474.2467,1156.60928,896.35206,36.42232,27.60495,28.9569
1991-06-26,471.559,1150.19594,891.36346,36.21274,27.44964,28.79336
1991-06-27,471.4779,1150.13611,891.29906,36.2477,27.47959,28.82416
1991-06-28,461.8781,1126.86788,873.24803,35.77897,27.12783,28.45457
1991-07-01,464.9518,1134.50099,879.1453,35.99485,27.29487,28.62917
1991-07-02,459.9679,1122.48216,869.81328,35.94481,27.26038,28.59237
1991-07-03,458.0061,1117.83123,866.19152,35.86489,27.20322,28.53181
1991-07-04,458.6355,1119.501,867.46788,35.93019,27.25616,28.58672
1991-07-05,461.2435,1126.00017,872.4862,36.1603,27.43409,28.77272
1991-07-08,462.3441,1128.82137,874.65455,35.82138,27.18051,28.50614
1991-07-09,465.698,1137.14424,881.08549,36.1099,27.40277,28.73863
1991-07-10,466.4294,1139.06607,882.55674,36.32695,27.57087,28.91431
1991-07-11,465.4044,1136.70041,880.7059,36.05213,27.36584,28.69867
1991-07-12,472.8065,1154.91522,894.79973,36.77471,27.91757,29.27665
1991-07-15,477.669,1166.93022,904.09006,36.65951,27.83367,29.18803
1991-07-16,479.2444,1170.91798,907.16127,36.69706,27.86567,29.22096
1991-07-17,478.9804,1170.41357,906.75213,36.79874,27.94636,29.30495
1991-07-18,482.8592,1180.03083,914.18423,36.57846,27.78266,29.13266
1991-07-19,487.6403,1191.85551,923.32598,36.63733,27.83085,29.18257
1991-07-22,488.7414,1194.68901,925.50238,36.67301,27.86145,29.21402
1991-07-23,490.864,1200.0198,929.61323,37.05384,28.15418,29.52033
1991-07-24,495.9579,1212.61574,939.35154,37.10042,28.1931,29.56051
1991-07-25,491.0092,1200.66753,930.07626,36.67089,27.87037,29.22149
1991-07-26,494.4214,1209.15421,936.63126,36.94772,28.0842,29.44505
1991-07-29,490.7782,1200.3935,929.82573,36.68795,27.89036,29.24118
1991-07-30,492.9084,1205.7467,933.95343,36.83152,28.00297,29.35862
1991-07-31,492.7521,1205.50906,933.75046,36.82611,28.00238,29.35737
1991-08-01,492.6945,1205.51275,933.73442,36.84061,28.01693,29.372
1991-08-02,495.5774,1212.70998,939.29001,37.43216,28.47016,29.84652
1991-08-05,498.227,1219.33804,944.40454,37.01484,28.15646,29.51701
1991-08-06,498.8358,1220.9738,945.65238,36.56528,27.81817,29.16173
1991-08-07,500.2445,1224.56743,948.4165,36.72677,27.94448,29.29351
1991-08-08,501.1194,1226.85543,950.16935,36.73267,27.95249,29.30128
1991-08-09,495.6251,1213.55795,939.85085,36.49132,27.77241,29.11188
1991-08-12,494.399,1210.70242,937.62028,36.57886,27.84251,29.18474
1991-08-13,496.5386,1216.08612,941.7706,36.73097,27.96176,29.3091
1991-08-14,497.2725,1218.02889,943.25608,37.04418,28.20362,29.56199
1991-08-15,500.5997,1226.32348,949.66019,37.19426,28.3214,29.6848
1991-08-16,492.3688,1206.31761,934.14739,36.94204,28.13298,29.48668
1991-08-19,452.3081,1108.32858,858.24983,35.16167,26.78119,28.06921
1991-08-20,463.1594,1135.05283,878.92484,35.63,27.14114,28.44586
1991-08-21,482.1896,1181.83425,915.12763,36.51514,27.81857,29.15525
1991-08-22,497.4232,1219.31744,944.13029,37.08686,28.25747,29.61461
1991-08-23,494.6348,1212.63148,938.93392,36.67353,27.94622,29.28777
1991-08-26,497.1006,1218.82089,943.70724,37.24299,28.38352,29.74543
1991-08-27,495.7264,1215.59896,941.19339,37.1242,28.2966,29.6537
1991-08-28,497.9356,1221.161,945.48074,37.38526,28.49907,29.86525
1991-08-29,502.7874,1233.20511,954.78625,37.31262,28.44731,29.81036
1991-08-30,500.6097,1228.01383,950.74752,37.30544,28.44542,29.80774
1991-09-02,503.0979,1234.26364,955.56687,37.55777,28.64133,30.01239
1991-09-03,503.3362,1234.9961,956.11461,37.44509,28.55904,29.92551
1991-09-04,503.5123,1235.57615,956.54434,37.36642,28.50266,29.86579
1991-09-05,503.2366,1235.04798,956.11609,37.39967,28.5316,29.89547
1991-09-06,503.5335,1235.92453,956.77533,37.38378,28.52308,29.8859
1991-09-09,511.1742,1254.82637,971.38755,37.31713,28.47583,29.83575
1991-09-10,510.1743,1252.52316,969.58489,36.97375,28.21749,29.56443
1991-09-11,508.3339,1248.15678,966.1851,36.93177,28.18902,29.53397
1991-09-12,512.0232,1257.36389,973.29242,37.06799,28.29651,29.64594
1991-09-13,512.3682,1258.36164,974.04506,37.1205,28.34014,29.69102
1991-09-16,512.0921,1257.83465,973.61743,37.02112,28.26786,29.61465
1991-09-17,513.4301,1261.2712,976.25774,36.76688,28.07737,29.41445
1991-09-18,508.4533,1249.20261,966.89597,36.73991,28.06032,29.39595
1991-09-19,508.5927,1249.69479,967.25737,36.74092,28.06462,29.39983
1991-09-20,507.0907,1246.15538,964.49822,36.8811,28.17519,29.51503
1991-09-23,511.3618,1256.79967,972.7168,36.66958,28.01721,29.3489
1991-09-24,510.0508,1253.72945,970.32081,36.63837,27.9969,29.32699
1991-09-25,509.6043,1252.78262,969.56837,36.69632,28.04469,29.37642
1991-09-26,508.0557,1249.1273,966.71969,36.64187,28.00662,29.33591
1991-09-27,506.2001,1244.71662,963.28651,36.60119,27.97907,29.30642
1991-09-30,514.4409,1265.12924,979.06317,36.68676,28.04798,29.37797
1991-10-01,516.1093,1269.38303,982.33527,36.9467,28.25017,29.58911
1991-10-02,517.3072,1272.48081,984.71265,36.85826,28.18613,29.5214
1991-10-03,514.2261,1265.05776,978.94809,36.6417,28.02413,29.3511
1991-10-04,509.6362,1253.92316,970.31139,36.43284,27.86798,29.18692
1991-10-07,504.276,1240.89168,960.20705,36.33049,27.79324,29.10801
1991-10-08,500.7193,1232.29234,953.53305,36.24964,27.73491,29.0463
1991-10-09,495.6135,1219.8807,943.90915,36.19318,27.69522,29.0041
1991-10-10,494.9357,1218.35924,942.71276,35.77198,27.37652,28.66972
1991-10-11,494.1637,1216.60559,941.33676,36.03638,27.58224,28.88454
1991-10-14,494.8833,1218.52263,942.80101,35.93969,27.51174,28.81008
1991-10-15,492.0705,1211.74594,937.53839,36.06637,27.61214,28.9146
1991-10-16,493.849,1216.26997,941.01965,36.06133,27.61176,28.91358
1991-10-17,495.2792,1219.93737,943.83802,36.2079,27.72742,29.03408
1991-10-18,499.7322,1231.05082,952.41675,36.22595,27.74473,29.05157
1991-10-21,498.679,1228.60489,950.5051,36.0841,27.63962,28.94089
1991-10-22,495.1223,1219.9935,943.82333,36.05242,27.61885,28.91851
1991-10-23,493.7776,1216.82765,941.35496,36.15228,27.69879,29.0016
1991-10-24,492.008,1212.6144,938.07637,35.79598,27.4294,28.71891
1991-10-25,489.8124,1207.35069,933.98523,35.70425,27.36259,28.64834
1991-10-28,491.4869,1211.62211,937.27057,36.02359,27.61068,28.90748
1991-10-29,493.0499,1215.61969,940.34397,36.18949,27.74126,29.04357
1991-10-30,502.5745,1239.24882,958.60178,36.2525,27.79304,29.09715
1991-10-31,502.4534,1239.0989,958.46642,36.13399,27.70572,29.00511
1991-11-01,504.3128,1243.832,962.10811,36.11988,27.69839,28.99681
1991-11-04,509.5813,1256.97424,972.25366,35.85419,27.49822,28.78663
1991-11-05,509.5593,1257.07072,972.30861,35.9881,27.60434,28.8971
1991-11-06,510.0585,1258.45263,973.35782,35.86192,27.51107,28.79884
1991-11-07,510.1079,1258.72538,973.54909,35.84245,27.4996,28.78622
1991-11-08,511.0047,1261.08867,975.35725,36.20368,27.78011,29.07923
1991-11-11,512.759,1265.56834,978.80216,36.28408,27.84528,29.14682
1991-11-12,516.1695,1274.13652,985.40883,36.23939,27.8145,29.11397
1991-11-13,514.7938,1270.89472,982.88163,36.18328,27.77495,29.07195
1991-11-14,516.0877,1274.24068,985.44941,36.22785,27.81265,29.11079
1991-11-15,512.9283,1266.59622,979.51724,35.99169,27.63492,28.92414
1991-11-18,511.5863,1263.43546,977.05299,35.25561,27.07344,28.33584
1991-11-19,506.2762,1250.4794,967.01324,34.9692,26.85699,28.10869
1991-11-20,506.9598,1252.31736,968.415,34.97793,26.86707,28.11863
1991-11-21,506.9469,1252.43567,968.48689,35.02103,26.90355,28.15621
1991-11-22,505.7299,1249.5803,966.25922,34.63203,26.60822,27.84651
1991-11-25,505.1428,1248.27999,965.23417,34.45757,26.47758,27.70919
1991-11-26,505.9777,1250.4923,966.92531,34.77093,26.72161,27.96399
1991-11-27,496.3275,1226.80456,948.58824,34.42545,26.45958,27.68916
1991-11-28,494.7034,1222.93882,945.57988,34.43239,26.46824,27.69764
1991-11-29,489.4422,1210.0859,935.62216,34.40139,26.44775,27.6756
1991-12-02,489.7879,1211.08546,936.37609,33.93704,26.09422,27.30506
1991-12-03,490.4337,1212.82712,937.70374,34.08931,26.21455,27.43038
1991-12-04,491.2814,1215.06835,939.41759,34.02442,26.16797,27.38105
1991-12-05,491.7832,1216.4548,940.4705,33.84047,26.02984,27.23593
1991-12-06,495.8855,1226.74677,948.4081,33.93673,26.10714,27.31622
1991-12-09,496.5978,1228.65553,949.86459,33.74633,25.96401,27.16587
1991-12-10,491.3361,1215.79111,939.89932,33.41461,25.71215,26.90177
1991-12-11,488.9303,1209.98633,935.39256,33.48682,25.77093,26.9627
1991-12-12,494.8239,1224.71578,946.7597,33.59202,25.85511,27.05018
1991-12-13,498.9939,1235.18243,954.83137,34.14414,26.28317,27.49745
1991-12-16,501.4351,1241.37228,959.59687,34.14105,26.28409,27.49783
1991-12-17,503.1917,1245.86892,963.05337,34.08635,26.24531,27.45666
1991-12-18,501.1484,1240.96127,959.24013,33.85921,26.07379,27.27663
1991-12-19,498.9614,1235.69676,955.15118,33.56694,25.85209,27.04411
1991-12-20,500.1807,1238.86386,957.5799,33.54114,25.83548,27.02616
1991-12-23,504.6854,1250.16863,966.29814,33.08596,25.48826,26.66235
1991-12-24,509.8519,1263.1155,976.28513,33.39726,25.7312,26.91591
1991-12-25,509.8519,1263.26696,976.38245,NA,NA,NA
1991-12-26,514.0313,1273.77258,984.48216,NA,NA,NA
1991-12-27,519.4717,1287.40556,994.99842,33.98688,26.19514,27.39945
1991-12-30,519.8955,1288.60995,995.90913,34.04247,26.24127,27.44711
1991-12-31,526.3986,1304.8821,1008.46422,34.47857,26.58061,27.80145
1992-01-01,526.3986,1305.03858,1008.56475,NA,NA,NA
1992-01-02,526.6432,1305.8013,1009.1338,34.45095,26.56602,27.785
1992-01-03,526.0254,1304.42657,1008.05096,34.92516,26.93491,28.17022
1992-01-06,532.4531,1320.5213,1020.46769,34.97677,26.97809,28.21477
1992-01-07,531.4309,1318.14542,1018.61097,34.74863,26.80558,28.03374
1992-01-08,530.5048,1316.00721,1016.938,34.56979,26.67105,27.89245
1992-01-09,532.394,1320.85051,1020.66001,35.01476,27.01758,28.25424
1992-01-10,517.2541,1283.46502,991.74876,34.78957,26.84729,28.07555
1992-01-13,517.2189,1283.53161,991.78015,35.12048,27.10594,28.34544
1992-01-14,523.8158,1300.05553,1004.52725,35.45338,27.36619,28.61697
1992-01-15,515.2766,1279.02895,988.25893,35.93264,27.73944,29.00667
1992-01-16,517.5861,1284.91393,992.78594,35.99372,27.79006,29.05898
1992-01-17,520.2019,1291.56062,997.90127,36.38295,28.09397,29.37614
1992-01-20,527.5018,1309.83904,1012.00262,36.05832,27.84694,29.1172
1992-01-21,528.6052,1312.73528,1014.21982,36.15062,27.9217,29.19474
1992-01-22,527.6578,1310.54075,1012.50376,35.9599,27.77796,29.04382
1992-01-23,526.0866,1306.79699,1009.59081,36.02604,27.83253,29.10025
1992-01-24,518.8133,1288.89612,995.73974,35.97655,27.79782,29.06333
1992-01-27,524.9901,1304.39482,1007.69243,36.23901,28.00403,29.27831
1992-01-28,527.0974,1309.78601,1011.83685,36.42453,28.15087,29.4312
1992-01-29,530.7463,1319.00896,1018.94104,36.24346,28.01452,29.28802
1992-01-30,526.4719,1308.54938,1010.83987,36.27006,28.03861,29.31257
1992-01-31,525.0224,1305.10489,1008.1585,36.41861,28.15693,29.43564
1992-02-03,526.0494,1307.81368,1010.23056,36.30357,28.07157,29.34576
1992-02-04,529.4513,1316.42672,1016.86311,36.3329,28.09777,29.37252
1992-02-05,533.3288,1326.22431,1024.41031,36.32384,28.09431,29.36827
1992-02-06,533.9301,1327.87818,1025.66708,36.1909,27.99506,29.26389
1992-02-07,537.0865,1335.88609,1031.83154,36.478,28.22059,29.49901
1992-02-10,536.4906,1334.5646,1030.78993,36.21085,28.01754,29.28613
1992-02-11,530.0772,1318.77885,1018.57563,36.22592,28.03272,29.30137
1992-02-12,523.7575,1303.22217,1006.53878,36.02375,27.87987,29.14097
1992-02-13,520.1969,1294.52288,999.7992,35.85463,27.75254,29.00725
1992-02-14,515.127,1282.0677,990.15883,35.91651,27.80392,29.06033
1992-02-17,519.8845,1294.06088,999.40085,36.22522,28.04631,29.31305
1992-02-18,515.7758,1283.99373,991.60533,36.45059,28.22426,29.4984
1992-02-19,514.8012,1281.72234,989.83107,36.36708,28.16318,29.43393
1992-02-20,515.4304,1283.44216,991.13921,36.62059,28.36297,29.64211
1992-02-21,516.8407,1287.10696,993.94927,36.69112,28.42115,29.70227
1992-02-24,520.4333,1296.20683,1000.95615,37.02694,28.68476,29.97712
1992-02-25,518.4926,1291.5306,997.32468,36.6839,28.42272,29.70263
1992-02-26,520.8633,1297.58963,1001.9832,37.03954,28.70175,29.99358
1992-02-27,526.4216,1311.59111,1012.77411,36.96212,28.64539,29.93405
1992-02-28,525.8696,1310.37352,1011.81341,36.98839,28.66935,29.95844
1992-03-02,526.3982,1311.84746,1012.93107,36.96343,28.65363,29.94136
1992-03-03,522.3294,1301.86953,1005.20576,37.12877,28.78535,30.07836
1992-03-04,520.3244,1297.0303,1001.44879,37.11537,28.7786,30.07065
1992-03-05,512.5124,1277.72263,986.51982,36.9027,28.61738,29.90155
1992-03-06,510.7804,1273.55954,983.28546,36.59503,28.38248,29.65547
1992-03-09,514.4008,1282.73798,990.35176,36.80939,28.55225,29.83221
1992-03-10,517.86982,1291.5411,997.12802,36.97331,28.68294,29.96812
1992-03-11,511.91958,1276.86384,985.77556,36.81476,28.5636,29.84279
1992-03-12,505.24261,1260.37134,973.02201,36.18057,28.07534,29.33202
1992-03-13,504.81244,1259.44971,972.29081,36.21471,28.10535,29.36274
1992-03-16,504.05709,1257.71686,970.93336,36.12807,28.04168,29.29559
1992-03-17,510.53406,1274.02809,983.50487,36.38157,28.2419,29.50413
1992-03-18,508.41757,1268.90133,979.52713,36.09315,28.02165,29.2734
1992-03-19,504.49288,1259.26285,972.06647,36.13572,28.05821,29.31097
1992-03-20,501.39082,1251.67422,966.18859,36.13152,28.05849,29.31062
1992-03-23,500.36245,1249.25799,964.30387,35.88961,27.87423,29.11752
1992-03-24,501.88609,1253.21102,967.33567,35.85837,27.85349,29.09522
1992-03-25,505.2103,1261.66066,973.83802,35.96135,27.93696,29.18178
1992-03-26,506.47057,1264.95849,976.3638,36.04814,28.00787,29.25523
1992-03-27,504.60971,1260.46432,972.87507,35.95939,27.94247,29.18629
1992-03-30,505.89497,1263.82517,975.4494,35.81279,27.83211,29.07039
1992-03-31,506.27312,1264.92113,976.27556,35.74739,27.78481,29.02036
1992-04-01,498.9517,1246.78969,962.26081,35.46701,27.57047,28.79585
1992-04-02,502.49299,1255.78703,969.18514,35.70429,27.75832,28.99144
1992-04-03,503.72877,1259.02523,971.66468,35.45377,27.56712,28.79112
1992-04-06,509.97288,1274.7819,983.80463,35.61933,27.69928,28.92852
1992-04-07,509.52325,1273.81119,983.03557,35.7442,27.79984,29.03292
1992-04-08,503.46631,1258.82922,971.45288,35.19845,27.37904,28.59284
1992-04-09,505.48203,1264.01911,975.43825,35.56862,27.67032,28.89641
1992-04-10,526.04742,1315.60618,1015.22314,36.68666,28.54325,29.80741
1992-04-13,522.12316,1305.95414,1007.75391,36.97947,28.77458,30.04834
1992-04-14,524.7455,1312.6687,1012.91476,37.06064,28.84134,30.1174
1992-04-15,529.93795,1325.814,1023.03725,37.54204,29.21947,30.51161
1992-04-16,524.51125,1312.40299,1012.66754,37.26577,29.0082,30.29035
1992-04-17,525.03522,1313.87107,1013.77984,NA,NA,NA
1992-04-20,524.78768,1313.40936,1013.40308,NA,NA,NA
1992-04-21,525.01578,1314.13755,1013.94444,37.42267,29.14128,30.42735
1992-04-22,525.4917,1315.48606,1014.9644,37.48701,29.19503,30.48282
1992-04-23,526.97631,1319.35944,1017.93234,37.53805,29.23845,30.52749
1992-04-24,533.82013,1336.65125,1031.25213,37.73187,29.39304,30.68824
1992-04-27,534.49711,1338.50619,1032.66239,37.80405,29.45295,30.75013
1992-04-28,532.36356,1333.32592,1028.64475,37.78089,29.43862,30.73451
1992-04-29,534.96807,1340.00774,1033.77875,37.84955,29.49581,30.79355
1992-04-30,533.01082,1335.26775,1030.10092,37.83294,29.48658,30.78326
1992-05-01,536.27834,1343.6122,1036.51726,NA,NA,NA
1992-05-04,538.06603,1348.2513,1040.07503,37.93128,29.57064,30.86968
1992-05-05,539.59654,1352.24715,1043.13645,37.88416,29.53764,30.83457
1992-05-06,547.06425,1371.12288,1057.6753,38.27084,29.84273,31.1524
1992-05-07,549.57303,1377.57396,1062.63011,38.33646,29.89764,31.20905
1992-05-08,548.50424,1375.06104,1060.67015,38.22852,29.81726,31.12447
1992-05-11,552.20253,1384.49595,1067.92616,38.75062,30.22809,31.55264
1992-05-12,553.8163,1388.70713,1071.1528,38.59263,30.1087,31.42733
1992-05-13,557.13896,1397.20398,1077.68481,38.48539,30.02885,31.34331
1992-05-14,555.26207,1392.66646,1074.16302,38.25649,29.8541,31.16024
1992-05-15,551.96575,1384.56949,1067.89579,38.15804,29.78106,31.08333
1992-05-18,560.90295,1407.15354,1085.2916,38.29684,29.8931,31.1996
1992-05-19,561.53595,1408.90988,1086.62425,38.22423,29.84021,31.14373
1992-05-20,562.13851,1410.59024,1087.89825,38.3514,29.9432,31.25055
1992-05-21,556.43756,1396.46088,1076.97845,38.35252,29.94785,31.25473
1992-05-22,557.91944,1400.34646,1079.95328,38.62736,30.16615,31.48188
1992-05-25,560.08798,1405.95621,1084.25761,38.6314,30.1731,31.48846
1992-05-26,561.45854,1409.56442,1087.01827,38.58057,30.13722,31.45034
1992-05-27,551.33966,1384.34261,1067.54449,38.43834,30.02995,31.33771
1992-05-28,551.82632,1385.73022,1068.59296,NA,NA,NA
1992-05-29,562.11806,1411.74094,1088.62765,38.68639,30.23126,31.54644
1992-06-01,561.37351,1410.04095,1087.29469,38.3916,30.00479,31.30944
1992-06-02,559.61841,1405.8033,1084.00489,38.58992,30.16351,31.47438
1992-06-03,555.65568,1396.0217,1076.44003,38.23565,29.89049,31.18882
1992-06-04,556.26937,1397.73052,1077.73588,38.28987,29.93663,31.23629
1992-06-05,557.38518,1400.70111,1080.00457,38.03597,29.74196,31.0325
1992-06-08,555.15342,1395.26295,1075.78949,NA,NA,NA
1992-06-09,553.77303,1391.9622,1073.22268,37.63459,29.43568,30.7116
1992-06-10,550.19631,1383.14267,1066.40062,37.6038,29.41531,30.68969
1992-06-11,549.50158,1381.56263,1065.16081,37.42824,29.28173,30.54966
1992-06-12,552.59348,1389.50071,1071.25921,37.28627,29.1744,30.43702
1992-06-15,550.59159,1384.63553,1067.4865,37.04029,28.98568,30.23948
1992-06-16,553.27084,1391.53816,1072.78637,37.29189,29.18615,30.44797
1992-06-17,548.76534,1380.3785,1064.16077,36.9146,28.89465,30.14321
1992-06-18,545.99379,1373.57533,1058.8943,36.76756,28.78324,30.02634
1992-06-19,547.59377,1377.76425,1062.1021,36.82734,28.83364,30.07827
1992-06-22,543.68377,1368.09626,1054.62726,36.58678,28.649,29.88501
1992-06-23,547.3232,1377.41705,1061.79081,36.64371,28.69717,29.93461
1992-06-24,545.65875,1373.395,1058.6688,36.49335,28.58308,29.81496
1992-06-25,553.49599,1393.28492,1073.97828,36.59702,28.66784,29.90273
1992-06-26,549.83244,1384.23407,1066.97957,36.33292,28.46465,29.69015
1992-06-29,552.45794,1391.00868,1072.17979,35.97901,28.19107,29.40415
1992-06-30,550.35856,1385.89165,1068.21378,36.01036,28.21917,29.43283
1992-07-01,550.18231,1385.61414,1067.97826,35.75664,28.02398,29.2286
1992-07-02,551.63616,1389.44092,1070.90616,35.9388,28.17022,29.38051
1992-07-03,552.50004,1391.78288,1072.68956,35.85425,28.10752,29.31448
1992-07-06,549.88062,1385.35402,1067.71272,35.72118,28.00678,29.20878
1992-07-07,555.35051,1399.29957,1078.43859,35.62116,27.93192,29.13007
1992-07-08,550.38147,1386.95304,1068.90073,35.2356,27.63322,28.81793
1992-07-09,549.05509,1383.7781,1066.43216,35.49184,27.83758,29.03043
1992-07-10,550.45221,1387.46437,1069.25145,35.6398,27.95709,29.15445
1992-07-13,555.12734,1399.41349,1078.43801,35.4028,27.77477,28.96369
1992-07-14,553.20372,1394.73394,1074.80983,35.32111,27.7142,28.89991
1992-07-15,555.1622,1399.83787,1078.72122,35.42301,27.79761,28.98626
1992-07-16,556.27517,1402.81138,1080.99078,35.6207,27.95619,29.15099
1992-07-17,550.45488,1388.30931,1069.79303,34.85452,27.35862,28.52726
1992-07-20,543.89824,1371.94756,1057.16259,34.0519,26.73229,27.87356
1992-07-21,528.48922,1333.26212,1027.33011,34.16745,26.82634,27.97102
1992-07-22,524.86807,1324.29075,1020.39617,33.61446,26.3957,27.52141
1992-07-23,525.61508,1326.33385,1021.94978,33.6893,26.45777,27.58553
1992-07-24,519.82447,1311.8882,1010.79786,33.25995,26.12405,27.23699
1992-07-27,521.81548,1317.06924,1014.76928,33.29768,26.15696,27.27072
1992-07-28,528.53224,1334.17948,1027.93093,33.57035,26.37437,27.4968
1992-07-29,535.18125,1351.12269,1040.96338,33.93873,26.667,27.80129
1992-07-30,529.36394,1336.60562,1029.75698,33.79408,26.55674,27.68574
1992-07-31,529.38607,1336.82174,1029.90265,33.71959,26.50157,27.62763
1992-08-03,532.46428,1344.75398,1035.99272,33.87639,26.6281,27.75894
1992-08-04,533.12575,1346.58536,1037.38265,33.91847,26.66452,27.79631
1992-08-05,531.48186,1342.59621,1034.28839,33.81633,26.58761,27.71554
1992-08-06,527.16145,1331.84839,1025.98724,33.70977,26.50721,27.63112
1992-08-07,526.34478,1329.94552,1024.50058,33.46042,26.31455,27.4297
1992-08-10,520.08501,1314.29607,1012.42372,32.91967,25.89275,26.98944
1992-08-11,513.86757,1298.74966,1000.42674,32.61535,25.65674,26.74285
1992-08-12,513.40507,1297.73686,999.62633,32.5226,25.58704,26.66963
1992-08-13,513.56217,1298.28947,1000.03178,32.40647,25.49893,26.57722
1992-08-14,518.12981,1309.99094,1009.0244,32.72993,25.75656,26.84517
1992-08-17,522.31082,1320.71764,1017.2659,33.06769,26.02551,27.1249
1992-08-18,519.84762,1314.65011,1012.57168,32.76547,25.79101,26.87992
1992-08-19,520.00059,1315.1945,1012.9705,32.7446,25.77784,26.86561
1992-08-20,520.32163,1316.16397,1013.6967,32.64091,25.69949,26.78338
1992-08-21,520.26967,1316.1904,1013.69655,32.60974,25.67819,26.7606
1992-08-24,526.14921,1331.22134,1025.25182,32.38043,25.50092,26.57528
1992-08-25,517.78599,1310.23193,1009.06473,31.53248,24.83659,25.8824
1992-08-26,518.56221,1312.35272,1010.67762,31.57101,24.87005,25.91671
1992-08-27,522.44231,1322.32838,1018.3394,31.99777,25.20924,26.26961
1992-08-28,524.43609,1327.53226,1022.32628,31.97955,25.19807,26.2574
1992-08-31,526.29878,1332.40559,1026.05847,32.13771,25.32581,26.38995
1992-09-01,525.40141,1330.29433,1024.41184,31.80243,25.06489,26.1175
1992-09-02,529.36687,1340.49293,1032.24437,31.88661,25.13437,26.18934
1992-09-03,538.96429,1364.9569,1051.06043,32.60319,25.70216,26.7804
1992-09-04,534.08897,1352.77949,1041.66158,33.00303,26.02049,27.1115
1992-09-07,536.14981,1358.16051,1045.7839,32.58537,25.6946,26.77136
1992-09-08,534.88237,1355.11389,1043.41679,32.32735,25.49446,26.56225
1992-09-09,527.72669,1337.1569,1029.56807,32.14454,25.35355,26.41487
1992-09-10,524.74483,1329.76504,1023.85547,32.18811,25.3911,26.45342
1992-09-11,521.20621,1320.96124,1017.05589,32.39364,25.55636,26.62503
1992-09-14,518.92227,1315.33351,1012.70214,33.46035,26.40084,27.50425
1992-09-15,517.16855,1311.04773,1009.38183,33.09243,26.11397,27.2048
1992-09-16,500.0364,1267.79338,976.05793,32.79341,25.88138,26.96191
1992-09-17,505.31385,1281.32478,986.45527,33.42883,26.38595,27.48696
1992-09-18,512.81034,1300.48673,1001.18651,33.85596,26.72629,27.84091
1992-09-21,504.45884,1279.47419,984.98847,33.27959,26.27483,27.37003
1992-09-22,507.16638,1286.49366,990.37225,33.1892,26.2068,27.29858
1992-09-23,500.96901,1270.93547,978.37432,33.52494,26.47511,27.57747
1992-09-24,506.09964,1284.10291,988.49036,33.39536,26.37615,27.4738
1992-09-25,505.42684,1282.55042,987.27525,33.01147,26.07639,27.16097
1992-09-28,504.0182,1279.13103,984.62302,32.55664,25.72053,26.78972
1992-09-29,512.06554,1299.70714,1000.44059,32.37942,25.58382,26.64675
1992-09-30,516.32423,1310.671,1008.85934,32.43875,25.63389,26.69834
1992-10-01,512.70619,1301.64805,1001.89334,32.42227,25.6241,26.68756
1992-10-02,505.51246,1283.55024,987.94197,32.36778,25.58428,26.64552
1992-10-05,489.14786,1242.1713,956.07112,30.90582,24.43236,25.44524
1992-10-06,487.13449,1237.20944,952.23259,31.15474,24.63215,25.65276
1992-10-07,493.10426,1252.51874,963.99558,31.54113,24.94063,25.97347
1992-10-08,488.02503,1239.77372,954.16627,32.10628,25.39049,26.44141
1992-10-09,487.18399,1237.78655,952.61755,32.10381,25.39174,26.44213
1992-10-12,487.5541,1238.87506,953.43602,32.08971,25.38379,26.43328
1992-10-13,494.65682,1257.07103,967.41934,32.72135,25.88645,26.95616
1992-10-14,494.78677,1257.55193,967.76986,32.32853,25.57906,26.63548
1992-10-15,493.23859,1253.76936,964.83924,32.13423,25.4286,26.47824
1992-10-16,486.82222,1237.61819,952.38969,31.73973,25.11974,26.15606
1992-10-19,481.50699,1224.26075,942.09071,32.01776,25.34286,26.38782
1992-10-20,482.84775,1227.81575,944.80727,32.57517,25.7871,26.84981
1992-10-21,487.29982,1239.28283,953.61167,32.94635,26.08406,27.15844
1992-10-22,489.37843,1244.71666,957.77355,33.06399,26.18045,27.25821
1992-10-23,489.02589,1243.96954,957.17927,33.5509,26.56915,27.66232
1992-10-26,484.42759,1232.42734,948.27814,33.3526,26.41552,27.50177
1992-10-27,483.70038,1230.72568,946.9496,33.26344,26.34826,27.43115
1992-10-28,483.83058,1231.20444,947.29881,33.16856,26.27645,27.35581
1992-10-29,478.60415,1218.05901,937.16475,32.9775,26.12845,27.20114
1992-10-30,479.15345,1219.60267,938.33348,32.90954,26.07792,27.14795
1992-11-02,474.41712,1207.69931,929.15573,32.9682,26.12767,27.19915
1992-11-03,480.77568,1224.03005,941.70033,33.68178,26.69627,27.79049
1992-11-04,478.73434,1218.98177,937.79726,33.34997,26.43674,27.51972
1992-11-05,474.77609,1209.05395,930.14007,33.50188,26.56044,27.6479
1992-11-06,473.69612,1206.4497,928.11772,33.49023,26.55455,27.64117
1992-11-09,473.24129,1205.43637,927.31937,33.59595,26.64169,27.73128
1992-11-10,472.50757,1203.71262,925.97453,33.69086,26.72029,27.8125
1992-11-11,472.75795,1204.49461,926.55737,33.65955,26.69882,27.78955
1992-11-12,477.42367,1216.5253,935.79275,33.83817,26.84382,27.93988
1992-11-13,482.13733,1228.68096,945.12388,33.69925,26.73703,27.82813
1992-11-16,474.69757,1209.87857,930.64057,33.57994,26.64578,27.73255
1992-11-17,471.54869,1202.00157,924.56241,33.732,26.76975,27.86098
1992-11-18,475.39078,1211.93823,932.18651,33.59652,26.66564,27.75203
1992-11-19,478.81967,1220.82381,939.00192,33.77365,26.80953,27.90118
1992-11-20,476.50454,1215.0699,934.55708,33.80576,26.83839,27.93061
1992-11-23,469.8818,1198.3365,921.66694,33.79437,26.83273,27.92413
1992-11-24,469.91261,1198.55877,921.81924,33.70553,26.7656,27.85366
1992-11-25,473.39558,1207.58497,928.74243,33.66947,26.74034,27.82678
1992-11-26,475.31802,1212.63277,932.60579,33.90226,26.92852,28.02201
1992-11-27,473.68518,1208.61409,929.49614,34.05119,27.05016,28.14799
1992-11-30,477.82748,1219.32698,937.7158,34.25087,27.21214,28.31593
1992-12-01,482.98561,1232.63475,947.93052,34.57265,27.47113,28.58481
1992-12-02,486.22738,1241.05475,954.38633,34.34578,27.29438,28.40029
1992-12-03,488.7233,1247.57307,959.37956,34.6195,27.51526,28.62951
1992-12-04,484.93269,1238.05082,952.03714,34.22131,27.20237,28.30333
1992-12-07,490.40592,1252.17162,962.87588,34.58811,27.49725,28.60953
1992-12-08,496.01909,1266.65308,973.99149,34.4258,27.37173,28.47832
1992-12-09,489.38789,1249.87996,961.07318,34.46374,27.40533,28.51267
1992-12-10,485.95338,1241.26219,954.42689,34.38171,27.34358,28.4478
1992-12-11,481.72976,1230.62785,946.23016,34.14337,27.15754,28.25364
1992-12-14,483.43333,1235.12644,949.66993,34.02259,27.06493,28.15668
1992-12-15,484.18928,1237.20545,951.24923,34.10038,27.13019,28.22397
1992-12-16,488.10949,1247.36957,959.04454,34.15744,27.17899,28.27413
1992-12-17,489.64969,1251.45428,962.16564,34.02674,27.07845,28.16893
1992-12-18,491.29919,1255.81926,965.50208,34.4988,27.45739,28.56252
1992-12-21,495.33349,1266.28079,973.52526,34.79599,27.69729,28.81147
1992-12-22,494.5762,1264.49734,972.1344,35.09352,27.93753,29.06074
1992-12-23,491.86889,1257.73006,966.91186,35.13124,27.97106,29.095
1992-12-24,490.79147,1255.12685,964.89096,35.0372,27.89974,29.02019
1992-12-25,490.79147,1255.27736,964.98715,NA,NA,NA
1992-12-28,489.65235,1252.51548,962.84438,35.14436,27.99207,29.11498
1992-12-29,486.35416,1244.23277,956.45741,35.38464,28.1869,29.317
1992-12-30,488.01775,1248.63702,959.82361,35.40305,28.20512,29.33531
1992-12-31,487.70751,1247.99321,959.30929,35.37178,28.18377,29.31247
1993-01-01,487.70751,1248.14286,959.40492,NA,NA,NA
1993-01-04,483.51893,1237.57819,951.26431,35.58805,28.36314,29.49776
1993-01-05,489.83317,1253.88724,963.78021,36.01055,28.70331,29.85091
1993-01-06,491.44381,1258.15967,967.04459,36.00542,28.70284,29.84977
1993-01-07,488.86793,1251.71874,962.07418,35.88853,28.61331,29.75602
1993-01-08,484.63143,1241.0267,953.83628,35.75981,28.51433,29.65245
1993-01-11,485.15446,1242.51448,954.96048,35.44707,28.26864,29.39631
1993-01-12,481.7392,1233.92074,948.33589,35.02277,27.93395,29.04764
1993-01-13,480.97233,1232.10512,946.92127,35.14736,28.0368,29.15397
1993-01-14,485.41986,1243.64493,955.77048,35.32836,28.18466,29.3071
1993-01-15,487.15622,1248.24169,959.28381,35.4078,28.25156,29.37603
1993-01-18,490.82994,1257.80334,966.61231,35.66301,28.45868,29.59075
1993-01-19,491.28104,1259.10984,967.5968,35.53708,28.3618,29.48939
1993-01-20,492.57138,1262.56707,970.234,35.37989,28.23997,29.36208
1993-01-21,489.81856,1255.66544,964.91048,35.40796,28.26593,29.38843
1993-01-22,491.44074,1259.97361,968.20151,35.47852,28.32579,29.45004
1993-01-25,498.62789,1278.55081,982.4562,35.4268,28.28808,29.4102
1993-01-26,501.49194,1286.04674,988.19613,35.43827,28.3008,29.42279
1993-01-27,494.81194,1269.07925,975.13742,35.24117,28.14702,29.26228
1993-01-28,493.06677,1264.75721,971.79659,35.09697,28.03543,29.14564
1993-01-29,487.46004,1250.53438,960.84783,35.06723,28.01521,29.124
1993-02-01,484.45359,1242.97496,955.01981,35.54367,28.39923,29.52259
1993-02-02,483.17801,1239.85242,952.60126,35.52129,28.38493,29.50708
1993-02-03,481.95915,1236.8746,950.29401,35.79414,28.60646,29.73674
1993-02-04,485.06691,1244.99733,956.51529,36.31045,29.02254,30.16862
1993-02-05,490.55085,1259.22098,967.42315,36.68657,29.32671,30.48415
1993-02-08,490.2602,1258.62612,966.94656,36.49395,29.17649,30.32734
1993-02-09,484.77678,1244.70673,956.23261,36.17467,28.925,30.06528
1993-02-10,484.87636,1245.1116,956.5243,35.98342,28.77577,29.90952
1993-02-11,484.01288,1243.04433,954.91679,36.3027,29.03463,30.17794
1993-02-12,487.23324,1251.46275,961.36434,36.26863,29.01105,30.15277
1993-02-15,484.74799,1245.23212,956.55835,36.36094,29.08851,30.23264
1993-02-16,486.94842,1251.0329,960.99492,36.22287,28.98176,30.12104
1993-02-17,490.25433,1259.675,967.61377,36.16256,28.93718,30.07405
1993-02-18,489.7678,1258.57636,966.75026,36.55643,29.25587,30.40462
1993-02-19,495.36876,1273.11929,977.90091,36.75897,29.42159,30.57619
1993-02-22,497.27144,1278.16093,981.75362,36.68017,29.36225,30.51386
1993-02-23,492.25356,1265.42285,971.949,36.39254,29.13579,30.27786
1993-02-24,489.88213,1259.48095,967.36527,36.06848,28.88011,30.01151
1993-02-25,490.24244,1260.55805,968.17299,36.35707,29.11474,30.25469
1993-02-26,492.0262,1265.29483,971.79143,36.74685,29.43042,30.58208
1993-03-01,499.11236,1283.6687,985.88259,37.28876,29.86798,31.0361
1993-03-02,501.98758,1291.21622,991.65911,37.28477,29.86855,31.03602
1993-03-03,505.84597,1301.2944,999.37881,37.46365,30.01556,31.18811
1993-03-04,504.61612,1298.28779,997.04949,37.39148,29.96153,31.13131
1993-03-05,503.52418,1295.63509,994.99206,37.44005,30.00421,31.17498
1993-03-08,505.46635,1300.7869,998.92823,37.98314,30.44306,31.63028
1993-03-09,504.53788,1298.55438,997.19353,37.85508,30.34429,31.52698
1993-03-10,503.84919,1296.93816,995.93219,38.00793,30.47059,31.65752
1993-03-11,503.22566,1295.48922,994.79936,38.01966,30.48383,31.6706
1993-03-12,499.46238,1285.96094,987.46211,37.67377,30.21045,31.38589
1993-03-15,499.96641,1287.41251,988.55676,37.73447,30.26291,31.43971
1993-03-16,501.39495,1291.24454,991.4792,37.7256,30.2596,31.43561
1993-03-17,498.23016,1283.2527,985.32231,37.47464,30.06219,31.22985
1993-03-18,501.17335,1290.98591,991.24,37.63157,30.19182,31.36384
1993-03-19,510.79298,1315.92052,1010.36357,37.80453,30.33434,31.51121
1993-03-22,503.39096,1297.01883,995.82937,37.30384,29.93656,31.09732
1993-03-23,503.00496,1296.18014,995.16527,37.20932,29.8645,31.0218
1993-03-24,502.58255,1295.24742,994.42901,37.11868,29.79554,30.9495
1993-03-25,502.25142,1294.54962,993.87315,37.19743,29.86248,31.01837
1993-03-26,507.0482,1307.06732,1003.46286,37.51789,30.12342,31.28874
1993-03-29,508.10022,1309.93529,1005.64435,37.47578,30.09342,31.2569
1993-03-30,509.88833,1314.70131,1009.28285,37.6203,30.21321,31.38065
1993-03-31,516.30336,1331.39865,1022.08,37.74804,30.31956,31.49044
1993-04-01,518.27427,1336.63967,1026.08265,37.85433,30.40872,31.58236
1993-04-02,520.93308,1343.65588,1031.4478,37.61693,30.22192,31.38767
1993-04-05,515.24205,1329.14529,1020.28723,37.32871,29.99425,31.15054
1993-04-06,513.86861,1325.763,1017.67017,37.34315,30.00963,31.16585
1993-04-07,513.19389,1324.18181,1016.43581,37.3714,30.03611,31.19267
1993-04-08,516.48624,1332.8345,1023.05679,37.62987,30.24755,31.41158
1993-04-09,516.75713,1333.69318,1023.6952,NA,NA,NA
1993-04-12,520.74658,1344.14813,1031.69901,NA,NA,NA
1993-04-13,530.80667,1370.27675,1051.73147,38.03603,30.58541,31.7604
1993-04-14,529.06169,1365.93815,1048.38006,37.83076,30.42427,31.59239
1993-04-15,525.93821,1358.0412,1042.29751,37.93158,30.50915,31.67985
1993-04-16,518.17336,1338.16452,1027.01995,37.50396,30.16918,31.32615
1993-04-19,522.6888,1349.98467,1036.07054,37.96214,30.54141,31.71198
1993-04-20,528.03804,1363.96121,1046.77555,37.82221,30.43272,31.59844
1993-04-21,525.15962,1356.69277,1041.17593,37.92213,30.51692,31.68519
1993-04-22,526.82163,1361.14814,1044.57404,37.94546,30.53953,31.70798
1993-04-23,531.13653,1372.45845,1053.2323,38.15926,30.71539,31.88988
1993-04-26,534.57045,1381.49497,1060.14543,37.72724,30.37164,31.53231
1993-04-27,533.18552,1378.08285,1057.50547,37.71736,30.36752,31.52735
1993-04-28,526.64391,1361.34911,1044.64213,37.60584,30.28159,31.43746
1993-04-29,526.683,1361.61335,1044.82376,37.33854,30.07024,31.21737
1993-04-30,526.60755,1361.58165,1044.7783,37.36033,30.09157,31.23883
1993-05-03,524.06848,1355.18268,1039.84685,37.37031,30.10339,31.25043
1993-05-04,530.77601,1372.68919,1053.2579,37.54087,30.24452,31.39627
1993-05-05,529.67309,1370.00247,1051.17502,37.45683,30.18065,31.32929
1993-05-06,527.93782,1365.68018,1047.83723,37.4547,30.18274,31.33079
1993-05-07,529.57271,1370.07217,1051.18581,37.44672,30.18011,31.32738
1993-05-10,523.85069,1355.44024,1039.93746,37.44596,30.1833,31.33001
1993-05-11,518.53322,1341.85084,1029.4895,37.51147,30.23988,31.38807
1993-05-12,522.90471,1353.3229,1038.26983,37.80591,30.48097,31.63764
1993-05-13,520.27113,1346.67212,1033.14611,37.81468,30.49187,31.64828
1993-05-14,520.88259,1348.41588,1034.463,37.76227,30.45347,31.60774
1993-05-17,522.6163,1353.06468,1038.00844,37.72297,30.42562,31.57815
1993-05-18,519.49611,1345.15223,1031.91707,37.91205,30.5819,31.73967
1993-05-19,519.05685,1344.1765,1031.14766,37.8203,30.51176,31.6662
1993-05-20,520.80325,1348.85929,1034.71902,NA,NA,NA
1993-05-21,519.61648,1345.94847,1032.46511,37.80776,30.50934,31.66232
1993-05-24,517.30342,1340.12085,1027.97372,38.03323,30.69506,31.85437
1993-05-25,522.67379,1354.19278,1038.74657,38.30305,30.9166,32.0836
1993-05-26,523.8514,1357.40551,1041.1899,38.25532,30.88198,32.04698
1993-05-27,526.51143,1364.45973,1046.57959,38.31262,30.93211,32.09831
1993-05-28,531.48291,1377.50573,1056.56458,38.23417,30.8727,32.03597
1993-05-31,531.20688,1376.95572,1056.12133,NA,NA,NA
1993-06-01,530.68364,1375.76498,1055.18665,37.99932,30.69088,31.84593
1993-06-02,527.50444,1367.69166,1048.9729,37.86116,30.5832,31.73351
1993-06-03,527.17408,1366.99939,1048.42072,37.9615,30.66808,31.82089
1993-06-04,521.00749,1351.18097,1036.26673,37.46831,30.27366,31.41096
1993-06-07,520.79256,1350.78578,1035.94267,38.08576,30.77617,31.93167
1993-06-08,520.86184,1351.12739,1036.1837,37.99909,30.71004,31.86237
1993-06-09,523.08509,1357.05545,1040.70889,38.30443,30.96058,32.12163
1993-06-10,521.70675,1353.64364,1038.07129,38.37946,31.0251,32.18788
1993-06-11,527.8864,1369.83893,1050.46925,38.70119,31.28899,32.46096
1993-06-14,529.41237,1373.96209,1053.60984,38.60045,31.21151,32.37989
1993-06-15,523.77264,1359.49757,1042.49579,38.21145,30.90102,32.05708
1993-06-16,518.19477,1345.18994,1031.50252,38.28139,30.96146,32.11908
1993-06-17,519.65882,1349.15094,1034.51895,38.63976,31.25509,32.423
1993-06-18,516.99388,1342.39685,1029.3188,38.57875,31.2097,32.37522
1993-06-21,514.68625,1336.56841,1024.82867,38.98613,31.54307,32.72034
1993-06-22,515.63117,1339.18189,1026.81185,39.01061,31.56684,32.74429
1993-06-23,513.68753,1334.29649,1023.04507,39.19097,31.71671,32.89905
1993-06-24,509.75602,1324.24918,1015.32036,39.04703,31.60426,32.7817
1993-06-25,512.54222,1331.64479,1020.96997,39.22966,31.756,32.93839
1993-06-28,516.36369,1341.7318,1028.6827,39.54628,32.0162,33.20757
1993-06-29,518.03536,1346.23543,1032.11471,39.40632,31.90697,33.09355
1993-06-30,522.41687,1357.78194,1040.94576,39.51377,31.99796,33.18722
1993-07-01,520.55999,1353.12055,1037.35091,39.71185,32.16233,33.35698
1993-07-02,516.68689,1343.21987,1029.73927,39.19513,31.74805,32.92659
1993-07-05,515.39902,1340.03411,1027.2761,39.16507,31.72771,32.90479
1993-07-06,515.87286,1341.42643,1028.32268,39.34745,31.87939,33.06139
1993-07-07,516.25726,1342.58657,1029.19123,39.29488,31.84083,33.02069
1993-07-08,518.15824,1347.69025,1033.08269,39.64914,32.1318,33.32173
1993-07-09,514.27898,1337.76686,1025.4545,39.74702,32.21513,33.40743
1993-07-12,512.5239,1333.36365,1022.05839,39.90631,32.34825,33.54476
1993-07-13,517.33183,1346.03043,1031.74665,40.11001,32.51738,33.71942
1993-07-14,518.3575,1348.85983,1033.89454,40.2998,32.67528,33.88244
1993-07-15,517.04068,1345.59622,1031.372,39.92183,32.37305,33.56831
1993-07-16,513.36978,1336.20843,1024.15519,39.9085,32.36632,33.56061
1993-07-19,521.45787,1357.42008,1040.39124,40.23459,32.63477,33.83824
1993-07-20,520.86974,1356.05236,1039.32189,40.07306,32.5079,33.70596
1993-07-21,519.18456,1351.8294,1036.06414,39.75538,32.25439,33.44238
1993-07-22,518.99886,1351.50813,1035.79695,39.94311,32.4107,33.60374
1993-07-23,517.27036,1347.1708,1032.45174,40.13358,32.56928,33.76743
1993-07-26,520.12661,1354.76986,1038.25449,40.49469,32.86631,34.07466
1993-07-27,522.58876,1361.34429,1043.27181,40.6072,32.96174,34.17286
1993-07-28,522.72727,1361.86826,1043.65225,40.63593,32.9892,34.2006
1993-07-29,525.85687,1370.18386,1050.00351,40.7494,33.08544,34.29963
1993-07-30,523.22088,1363.48265,1044.84674,41.23631,33.48479,34.7129
1993-08-02,526.87055,1373.15566,1052.23783,41.57243,33.76185,34.99937
1993-08-03,535.54859,1395.93717,1069.67251,41.66214,33.83892,35.07852
1993-08-04,539.27321,1405.81163,1077.21715,41.79274,33.94922,35.1921
1993-08-05,537.03964,1400.15993,1072.86451,41.75964,33.92662,35.16792
1993-08-06,541.4685,1411.87332,1081.81773,42.23488,34.31685,35.57166
1993-08-09,544.56561,1420.11698,1088.11219,42.22524,34.31334,35.56726
1993-08-10,538.13193,1403.51803,1075.37095,41.98581,34.12316,35.36937
1993-08-11,540.07609,1408.75588,1079.36236,42.38976,34.45564,35.71323
1993-08-12,541.99154,1413.92011,1083.29719,42.61244,34.64091,35.9045
1993-08-13,541.26593,1412.19736,1081.95534,42.5592,34.60201,35.8634
1993-08-16,545.00114,1422.11074,1089.5283,42.78014,34.78593,36.05326
1993-08-17,553.75614,1445.12593,1107.1377,42.95303,34.93085,36.20268
1993-08-18,562.30261,1467.60227,1124.3336,43.5621,35.43038,36.71962
1993-08-19,566.3364,1478.30496,1132.50989,43.57485,35.4452,36.73419
1993-08-20,563.64703,1471.46509,1127.24682,43.30344,35.22898,36.50931
1993-08-23,559.45734,1460.70888,1118.98353,42.82052,34.84069,36.10612
1993-08-24,559.87543,1461.97535,1119.93108,43.02873,35.01442,36.28539
1993-08-25,560.34272,1463.37054,1120.9772,43.06465,35.04805,36.31945
1993-08-26,564.06716,1473.27119,1128.53839,43.39264,35.3193,36.59977
1993-08-27,568.79562,1485.79657,1138.10968,43.44441,35.36587,36.64723
1993-08-30,568.17924,1484.36518,1136.99019,43.46915,35.39045,36.67192
1993-08-31,568.12416,1484.39931,1136.99334,43.41578,35.35147,36.63074
1993-09-01,568.8235,1486.40408,1138.50591,43.51465,35.4364,36.71795
1993-09-02,567.68522,1483.6089,1136.34186,43.17564,35.1649,36.43584
1993-09-03,568.96386,1487.12765,1139.01398,43.14588,35.14509,36.41453
1993-09-06,576.13315,1506.04366,1153.47809,42.92981,34.97358,36.23604
1993-09-07,571.6273,1494.45118,1144.57557,42.61575,34.72223,35.97483
1993-09-08,569.20187,1488.29195,1139.83496,42.32358,34.48864,35.73204
1993-09-09,574.8209,1503.16115,1151.19916,42.42181,34.573,35.81867
1993-09-10,574.13266,1501.54224,1149.93599,42.3817,34.54467,35.78856
1993-09-13,576.2368,1507.22415,1154.26407,42.30241,34.48442,35.72537
1993-09-14,574.50574,1502.8788,1150.91285,42.38787,34.5584,35.80124
1993-09-15,573.28844,1499.87575,1148.58975,42.04731,34.28521,35.51745
1993-09-16,564.53089,1477.15532,1131.16617,41.25345,33.64246,34.85083
1993-09-17,568.31269,1487.22652,1138.85527,42.15399,34.38082,35.61496
1993-09-20,569.18684,1489.69183,1140.72006,42.23309,34.44964,35.68549
1993-09-21,571.06602,1494.78764,1144.599,42.02818,34.28689,35.51614
1993-09-22,560.52163,1467.38066,1123.58809,41.87665,34.16764,35.39185
1993-09-23,559.08542,1463.79818,1120.82213,41.92983,34.21531,35.44046
1993-09-24,556.1289,1456.23622,1115.00903,42.15438,34.40279,35.63389
1993-09-27,566.4876,1483.53559,1135.88733,42.33678,34.55592,35.79174
1993-09-28,566.54795,1483.87148,1136.12153,42.4243,34.63169,35.86944
1993-09-29,569.53467,1491.87072,1142.22298,42.19831,34.45163,35.68218
1993-09-30,565.3292,1481.03864,1133.90602,42.21788,34.47194,35.70245
1993-10-01,565.99758,1482.96677,1135.35929,42.72178,34.88758,36.13216
1993-10-04,571.7465,1498.20597,1147.00283,42.7844,34.9431,36.18887
1993-10-05,577.54057,1513.5671,1158.73924,43.1298,35.22949,36.48469
1993-10-06,582.58158,1526.95816,1168.9671,43.63981,35.65036,36.91978
1993-10-07,580.66539,1522.12082,1165.24008,43.31529,35.38984,36.64918
1993-10-08,589.38329,1545.1553,1182.84901,43.72795,35.73133,37.00204
1993-10-11,589.36756,1545.29936,1182.93537,43.57223,35.60862,36.87417
1993-10-12,590.49764,1548.44694,1185.32092,43.52391,35.57364,36.83715
1993-10-13,585.62248,1535.85462,1175.65706,43.43426,35.50487,36.76514
1993-10-14,583.15214,1529.56271,1170.81678,43.41231,35.49141,36.75041
1993-10-15,587.64999,1541.54212,1179.96246,43.99322,35.97062,37.24583
1993-10-18,588.64408,1544.33403,1182.07564,44.24865,36.18392,37.46589
1993-10-19,582.50143,1528.4117,1169.86351,44.11914,36.08261,37.36019
1993-10-20,584.69845,1534.35849,1174.39151,44.43113,36.34222,37.62818
1993-10-21,588.01659,1543.24848,1181.17191,44.79565,36.64484,37.94071
1993-10-22,589.28449,1546.76031,1183.83589,45.12313,36.91725,38.22193
1993-10-25,589.97235,1548.75081,1185.3354,45.28633,37.05537,38.36411
1993-10-26,585.72706,1537.79721,1176.92762,45.22922,37.01333,38.31976
1993-10-27,581.85473,1527.81953,1169.26715,44.80417,36.67028,37.96378
1993-10-28,580.10523,1523.41068,1165.86921,44.96111,36.8033,38.10067
1993-10-29,587.86682,1543.97508,1181.58257,45.24332,37.03885,38.3437
1993-11-01,582.40032,1529.80993,1170.71759,45.14696,36.96466,38.26608
1993-11-02,583.47008,1532.80264,1172.98413,45.38208,37.16175,38.46928
1993-11-03,585.09806,1537.26226,1176.37311,45.39615,37.17795,38.48522
1993-11-04,580.12358,1524.38304,1166.49303,44.91894,36.79196,38.08483
1993-11-05,566.32628,1488.32874,1138.87801,44.00578,36.04892,37.31486
1993-11-08,570.77088,1500.18637,1147.92812,44.09758,36.12864,37.39658
1993-11-09,571.71467,1502.84624,1149.9402,44.26784,36.27263,37.54481
1993-11-10,567.32129,1491.48307,1141.22162,44.08699,36.12907,37.39541
1993-11-11,570.39157,1499.7323,1147.51033,44.18486,36.21379,37.4823
1993-11-12,568.27617,1494.35229,1143.37048,44.19639,36.22779,37.49598
1993-11-15,573.87365,1509.2494,1154.74495,44.3373,36.34782,37.6194
1993-11-16,572.66079,1506.24176,1152.42035,44.39588,36.4004,37.67302
1993-11-17,574.10165,1510.21132,1155.4341,44.83602,36.76573,38.0503
1993-11-18,574.78679,1512.19424,1156.92783,44.84966,36.78153,38.06584
1993-11-19,570.50986,1501.12864,1148.43803,44.63488,36.61009,37.88759
1993-11-22,562.9219,1481.35339,1133.28466,43.98246,36.07978,37.33796
1993-11-23,561.42566,1477.59507,1130.3864,43.89679,36.01407,37.26916
1993-11-24,565.40366,1488.24036,1138.50707,43.94186,36.05557,37.3113
1993-11-25,568.38815,1496.27317,1144.62898,44.3622,36.40489,37.67198
1993-11-26,569.04735,1498.18745,1146.07022,44.49272,36.51653,37.7867
1993-11-29,569.39324,1499.27751,1146.88091,44.62701,36.63131,37.90466
1993-11-30,574.1687,1512.03018,1156.6125,44.8612,36.82808,38.10745
1993-12-01,580.37844,1528.56309,1169.23508,45.58154,37.42385,38.7231
1993-12-02,581.88133,1532.70367,1172.37863,45.69957,37.52543,38.82737
1993-12-03,585.03314,1541.18809,1178.84454,45.96354,37.74684,39.05562
1993-12-06,594.69014,1566.81261,1198.41924,46.33683,38.05803,39.37676
1993-12-07,593.54414,1563.98223,1196.23005,45.9743,37.76518,39.07292
1993-12-08,599.37418,1579.53042,1208.09746,46.55314,38.24524,39.56876
1993-12-09,600.82484,1583.54184,1211.14111,46.64106,38.32226,39.6476
1993-12-10,601.88146,1586.51588,1213.39124,46.50118,38.2122,39.53287
1993-12-13,601.50047,1585.70216,1212.74434,46.58647,38.28707,39.60948
1993-12-14,594.90052,1568.50193,1199.56418,46.33678,38.08676,39.4014
1993-12-15,594.50977,1567.6601,1198.89608,46.38037,38.12737,39.44257
1993-12-16,599.40302,1580.74955,1208.88177,46.73306,38.422,39.74651
1993-12-17,605.41579,1596.7946,1221.12717,47.03486,38.67487,40.00725
1993-12-20,608.58092,1605.33273,1227.6317,47.40655,38.98525,40.32746
1993-12-21,611.26302,1612.59879,1233.16326,47.4346,39.01322,40.35552
1993-12-22,617.07174,1628.11491,1245.00298,47.8009,39.31929,40.67125
1993-12-23,625.26556,1649.92814,1261.65706,48.23147,39.67828,41.04171
1993-12-24,625.98952,1652.03582,1263.24323,48.25765,39.70481,41.06826
1993-12-27,627.63076,1656.56429,1266.68038,48.55034,39.95054,41.32155
1993-12-28,625.93089,1652.27795,1263.37713,48.35923,39.79836,41.16326
1993-12-29,625.95863,1652.5493,1263.55905,48.74293,40.11903,41.49404
1993-12-30,616.89918,1628.84255,1245.40571,48.37194,39.81885,41.18268
1993-12-31,616.27447,1627.38894,1244.26907,48.50915,39.93677,41.30376
1994-01-03,620.15643,1637.83358,1252.2294,48.8366,40.21128,41.58677
1994-01-04,619.79206,1637.06799,1251.61871,48.83417,40.21435,41.58905
1994-01-05,618.31223,1633.35701,1248.75608,48.60857,40.0337,41.40133
1994-01-06,620.6665,1639.77073,1253.63423,48.85049,40.23791,41.61163
1994-01-07,626.54243,1655.48978,1265.62577,49.41923,40.71128,42.10026
1994-01-10,628.57611,1661.06062,1269.85903,49.26995,40.59348,41.97753
1994-01-11,626.64122,1656.14867,1266.07809,49.41371,40.71699,42.10435
1994-01-12,622.81722,1646.24524,1258.4812,48.98027,40.36509,41.73955
1994-01-13,615.51488,1627.15067,1243.85777,48.51893,39.99012,41.35092
1994-01-14,618.59837,1635.49575,1250.21176,49.04365,40.42748,41.80227
1994-01-17,620.60254,1640.98949,1254.38595,49.15375,40.52329,41.90044
1994-01-18,625.85685,1655.07806,1265.12951,49.50295,40.81618,42.20238
1994-01-19,632.37636,1672.51591,1278.43256,49.88835,41.13897,42.53522
1994-01-20,632.67208,1673.49837,1279.15767,49.88928,41.14492,42.54046
1994-01-21,628.22575,1661.94326,1270.29903,49.34817,40.70401,42.08367
1994-01-24,628.01467,1661.58431,1269.99896,49.70048,40.99962,42.3884
1994-01-25,628.56473,1663.2385,1271.23762,49.71266,41.01482,42.40321
1994-01-26,629.55348,1666.05358,1273.36351,49.65673,40.97386,42.35995
1994-01-27,631.24705,1670.73419,1276.9151,49.71888,41.03029,42.41737
1994-01-28,640.90294,1696.49035,1296.57288,50.3035,41.51773,42.92038
1994-01-31,646.64799,1711.89951,1308.32281,50.84529,41.96995,43.38695
1994-02-01,649.82454,1720.51271,1314.87883,50.77238,41.91508,43.32929
1994-02-02,651.31044,1724.65221,1318.01577,50.99734,42.106,43.52573
1994-02-03,648.74118,1718.05841,1312.94979,50.90052,42.0314,43.44767
1994-02-04,645.44039,1709.52664,1306.4029,50.71855,41.88649,43.29694
1994-02-07,626.18751,1658.76166,1267.58015,49.70814,41.05761,42.43922
1994-02-08,629.63802,1668.0994,1274.68994,50.04537,41.34122,42.73146
1994-02-09,626.17131,1659.11901,1267.8014,49.80137,41.14494,42.52766
1994-02-10,624.76308,1655.58801,1265.07749,49.71637,41.07993,42.45955
1994-02-11,620.0292,1643.2478,1255.62189,49.18817,40.64881,42.01304
1994-02-14,619.16879,1641.16531,1254.00519,48.88152,40.40062,41.75561
1994-02-15,626.48096,1660.74244,1268.9377,49.09697,40.58371,41.94394
1994-02-16,631.8978,1675.29954,1280.03429,49.44208,40.87398,42.24305
1994-02-17,633.14972,1678.8187,1282.69725,49.60632,41.01485,42.38772
1994-02-18,631.49384,1674.63102,1279.47161,49.22195,40.70234,42.06384
1994-02-21,623.0088,1652.34225,1262.41517,48.74223,40.31093,41.65843
1994-02-22,621.08319,1647.43523,1258.64046,48.71306,40.29189,41.63786
1994-02-23,624.60797,1656.9808,1265.9076,48.88041,40.43533,41.78519
1994-02-24,612.88334,1626.09193,1242.28168,48.14731,39.83421,41.1631
1994-02-25,618.28798,1640.62486,1253.35872,48.09872,39.79904,41.12587
1994-02-28,622.71986,1652.57997,1262.46615,48.43491,40.08213,41.41751
1994-03-01,613.42979,1628.13675,1243.76618,47.32264,39.16707,40.47108
1994-03-02,605.49391,1607.27972,1227.80678,46.77616,38.71987,40.00812
1994-03-03,608.989,1616.74864,1235.01507,47.24561,39.1132,40.41367
1994-03-04,611.68409,1624.09609,1240.60259,47.54708,39.36761,40.67567
1994-03-07,620.75119,1648.36441,1259.1141,48.39749,40.07643,41.40716
1994-03-08,618.01061,1641.28759,1253.68272,48.07714,39.8163,41.13751
1994-03-09,616.4853,1637.43503,1250.71452,47.85253,39.63537,40.94969
1994-03-10,621.66544,1651.38868,1261.3469,47.79009,39.58866,40.90055
1994-03-11,617.48436,1640.48508,1252.99266,47.24952,39.14601,40.44235
1994-03-14,622.23042,1653.28918,1262.74661,47.70827,39.53087,40.83909
1994-03-15,625.92256,1663.29603,1270.36384,48.24825,39.98311,41.30541
1994-03-16,624.84805,1660.64112,1268.31037,48.17388,39.92654,41.24608
1994-03-17,628.53286,1670.6317,1275.91475,48.05726,39.83495,41.15058
1994-03-18,617.38757,1641.22322,1253.42712,47.50281,39.38055,40.68028
1994-03-21,611.64033,1626.14933,1241.88887,47.26762,39.19061,40.48319
1994-03-22,614.95202,1635.14751,1248.73546,47.25746,39.18712,40.47872
1994-03-23,614.65114,1634.54382,1248.24916,47.2757,39.20717,40.49856
1994-03-24,611.56809,1626.54448,1242.11478,46.8703,38.87603,40.15564
1994-03-25,610.17988,1623.04873,1239.42004,46.3434,38.44406,39.70859
1994-03-28,612.56114,1629.57613,1244.37944,46.68167,38.72941,40.00247
1994-03-29,610.07867,1623.17015,1239.46232,46.34774,38.45734,39.72059
1994-03-30,600.68687,1598.38992,1220.51354,45.88025,38.07444,39.32425
1994-03-31,604.03517,1607.48973,1227.43717,45.94424,38.13231,39.38318
1994-04-01,597.68995,1590.80464,1214.67118,NA,NA,NA
1994-04-04,594.93166,1583.65698,1209.18872,NA,NA,NA
1994-04-05,596.54517,1588.14092,1212.58791,45.95551,38.15607,39.40518
1994-04-06,601.27978,1600.93445,1222.33116,46.80875,38.86905,40.14065
1994-04-07,602.36379,1604.01192,1224.65611,46.7812,38.85107,40.12122
1994-04-08,605.90216,1613.62493,1231.9706,47.0269,39.05993,40.33605
1994-04-11,613.40778,1633.80608,1247.35263,47.49195,39.45097,40.739
1994-04-12,613.35326,1633.8568,1247.36612,47.78677,39.70076,40.99606
1994-04-13,611.48368,1629.07442,1243.68965,47.63266,39.57777,40.86818
1994-04-14,609.57999,1624.20001,1239.94308,47.3249,39.32713,40.60848
1994-04-15,611.72959,1630.12108,1244.43817,47.52118,39.49514,40.78109
1994-04-18,607.18053,1618.19992,1235.31184,47.13028,39.17535,40.45002
1994-04-19,606.9707,1617.83491,1235.0082,46.91913,39.00484,40.27308
1994-04-20,605.51372,1614.14685,1232.16778,46.67916,38.81034,40.07139
1994-04-21,607.4437,1619.48413,1236.21703,46.58266,38.73502,39.99276
1994-04-22,612.13708,1632.18961,1245.89023,47.03702,39.11758,40.38688
1994-04-25,612.33364,1632.90927,1246.41436,46.74544,38.88011,40.14083
1994-04-26,619.38445,1651.90617,1260.8888,47.39078,39.42156,40.69898
1994-04-27,625.45961,1668.30528,1273.37998,47.59031,39.59244,40.87452
1994-04-28,624.89223,1666.99243,1272.35213,47.58011,39.58894,40.87003
1994-04-29,627.97355,1675.41074,1278.75161,47.38347,39.43038,40.70545
1994-05-02,631.86053,1685.98036,1286.7927,47.50131,39.53336,40.8109
1994-05-03,628.23487,1676.51244,1279.5401,47.04756,39.16085,40.42546
1994-05-04,616.4721,1645.33932,1255.72071,46.29295,38.53791,39.78153
1994-05-05,616.56727,1645.79056,1256.03969,46.90558,39.05257,40.31195
1994-05-06,616.88503,1646.83586,1256.81204,46.83646,38.99996,40.25678
1994-05-09,613.70538,1638.54852,1250.46169,46.32279,38.57731,39.81964
1994-05-10,616.94165,1647.38412,1257.17912,46.80839,38.98642,40.24107
1994-05-11,615.74746,1644.394,1254.87176,47.04694,39.18994,40.45027
1994-05-12,619.15677,1653.69446,1261.94354,NA,NA,NA
1994-05-13,621.32276,1659.67665,1266.48298,47.23463,39.35612,40.62005
1994-05-16,620.94942,1658.87871,1265.84846,47.23486,39.36127,40.62449
1994-05-17,624.35384,1668.17108,1272.91342,47.42812,39.52721,40.79488
1994-05-18,626.65399,1674.51548,1277.72874,47.41015,39.51722,40.78369
1994-05-19,625.6318,1671.98577,1275.77256,47.05722,39.22813,40.48446
1994-05-20,626.93222,1675.66074,1278.55085,47.05028,39.22729,40.48272
1994-05-23,624.26909,1668.74655,1273.24915,NA,NA,NA
1994-05-24,618.26724,1652.91081,1261.13998,46.38018,38.67862,39.91476
1994-05-25,608.72486,1627.61101,1241.80979,45.78163,38.18453,39.40401
1994-05-26,608.73072,1627.82185,1241.94553,45.55197,37.99786,39.21053
1994-05-27,602.9253,1612.50018,1230.23,45.19455,37.7046,38.90707
1994-05-30,602.12577,1610.55597,1228.72177,45.0846,37.61766,38.81652
1994-05-31,600.20008,1605.60026,1224.91598,44.84104,37.41925,38.61095
1994-06-01,595.81049,1594.05553,1216.08321,44.56995,37.19783,38.38165
1994-06-02,597.60776,1599.05409,1219.87189,44.79977,37.39425,38.58349
1994-06-03,596.80862,1597.10827,1218.36277,45.08616,37.63791,38.83408
1994-06-06,600.39432,1606.89388,1225.80289,45.5726,38.04859,39.25697
1994-06-07,598.70765,1602.57407,1222.48266,45.41318,37.92033,39.12379
1994-06-08,603.00416,1614.26524,1231.3759,45.66022,38.13131,39.34063
1994-06-09,600.09444,1606.67262,1225.55901,45.4791,37.98491,39.18874
1994-06-10,603.01949,1614.69529,1231.65371,45.66532,38.14517,39.35323
1994-06-13,600.6753,1608.61442,1226.99026,45.14145,37.71254,38.90605
1994-06-14,600.95695,1609.56135,1227.68772,44.90904,37.5232,38.70988
1994-06-15,601.30438,1610.68461,1228.51966,44.87392,37.49859,38.68366
1994-06-16,595.63902,1595.70961,1217.07216,44.25188,36.98371,38.15167
1994-06-17,593.87765,1591.18405,1213.59571,44.26704,37.00102,38.16871
1994-06-20,589.34011,1579.22297,1204.44793,43.04492,35.98455,37.11934
1994-06-21,585.38453,1568.81754,1196.48708,42.89152,35.86089,36.99098
1994-06-22,590.93518,1583.87984,1207.94983,43.19734,36.121,37.25849
1994-06-23,594.39206,1593.33372,1215.1352,43.52247,36.39731,37.54271
1994-06-24,587.551,1575.19582,1201.27702,42.75428,35.75972,36.88424
1994-06-27,592.33545,1588.21004,1211.17721,42.79757,35.80041,36.92541
1994-06-28,594.85826,1595.16351,1216.45535,43.17514,36.12065,37.25492
1994-06-29,599.81113,1608.63481,1226.70336,43.31276,36.24029,37.37751
1994-06-30,592.78334,1589.98936,1212.45901,43.23171,36.17706,37.31149
1994-07-01,590.47585,1583.99324,1207.86192,43.18532,36.14281,37.27537
1994-07-04,595.47123,1597.58211,1218.19911,43.44216,36.36224,37.50087
1994-07-05,597.35129,1602.81656,1222.16582,43.33461,36.27682,37.41198
1994-07-06,599.16975,1607.88699,1226.00731,43.24868,36.20948,37.34172
1994-07-07,598.98149,1607.57475,1225.74441,43.28844,36.24732,37.37994
1994-07-08,598.47232,1606.40141,1224.82496,43.16287,36.14678,37.27545
1994-07-11,614.14282,1648.65945,1257.01732,43.64455,36.55457,37.69517
1994-07-12,615.7277,1653.11073,1260.38573,43.20158,36.1883,37.31666
1994-07-13,616.76339,1656.08889,1262.63087,43.31576,36.28846,37.41914
1994-07-14,620.11987,1665.29854,1269.62672,43.88827,36.77248,37.91744
1994-07-15,619.94285,1665.023,1269.39096,44.16391,37.00798,38.15945
1994-07-18,626.17237,1681.95222,1282.27121,44.29879,37.12562,38.27993
1994-07-19,626.88764,1684.07464,1283.86335,44.59356,37.37724,38.53856
1994-07-20,624.59831,1678.12893,1279.30446,45.02125,37.7403,38.91206
1994-07-21,622.29251,1672.13754,1274.71093,44.45385,37.26959,38.42591
1994-07-22,620.24516,1666.83882,1270.64565,45.24953,37.94113,39.11745
1994-07-25,623.75416,1676.46717,1277.95951,45.35486,38.03419,39.21256
1994-07-26,623.90282,1677.06766,1278.39141,45.35816,38.04175,39.21951
1994-07-27,621.28844,1670.24406,1273.16385,44.91534,37.67529,38.84085
1994-07-28,621.12163,1669.99605,1272.94904,44.67169,37.47573,38.63429
1994-07-29,622.73667,1674.5376,1276.38504,45.4049,38.09532,39.2722
1994-08-01,629.34568,1692.50857,1290.0565,45.30397,38.01547,39.18904
1994-08-02,637.6028,1714.91643,1307.10892,46.10615,38.69314,39.88678
1994-08-03,638.2774,1716.936,1308.6218,46.3074,38.86684,40.06498
1994-08-04,636.02411,1711.08299,1304.13409,45.85235,38.48994,39.67561
1994-08-05,636.82998,1713.45561,1305.91605,46.275,38.84945,40.04533
1994-08-08,638.35922,1717.77468,1309.1814,46.28276,38.86085,40.05622
1994-08-09,632.85317,1703.17136,1298.02448,45.93663,38.57523,39.76095
1994-08-10,632.82306,1703.29457,1298.09213,45.64405,38.33449,39.51195
1994-08-11,624.7308,1681.72898,1281.62942,45.34331,38.08683,39.25584
1994-08-12,627.67683,1689.85968,1287.79967,44.83119,37.66163,38.81674
1994-08-15,627.44455,1689.43715,1287.45161,44.85106,37.68306,38.83799
1994-08-16,628.06667,1691.31437,1288.85612,45.03477,37.8421,39.00107
1994-08-17,631.2866,1700.18659,1295.59089,45.33967,38.10296,39.26908
1994-08-18,633.41311,1706.11638,1300.08329,45.10522,37.91081,39.07021
1994-08-19,636.0664,1713.46628,1305.65759,45.0786,37.89321,39.05123
1994-08-22,634.89887,1710.52768,1303.39192,44.86196,37.71595,38.86771
1994-08-23,634.3277,1709.19448,1302.34966,44.74962,37.62629,38.77447
1994-08-24,638.34504,1720.22251,1310.72602,45.29855,38.09241,39.25398
1994-08-25,641.94103,1730.11774,1318.23896,45.68287,38.42027,39.59099
1994-08-26,641.62643,1729.47758,1317.72453,45.5167,38.2854,39.45117
1994-08-29,640.07489,1725.50437,1314.67051,46.32686,38.97142,40.15722
1994-08-30,639.22814,1723.42938,1313.06293,46.38021,39.02119,40.20764
1994-08-31,641.36212,1729.38826,1317.57631,46.4583,39.09178,40.27952
1994-09-01,637.40844,1718.93949,1309.5886,46.17191,38.85581,40.03551
1994-09-02,643.27368,1734.96117,1321.76777,46.4207,39.07,40.25534
1994-09-05,642.90665,1734.17962,1321.1456,45.82583,38.57443,39.74387
1994-09-06,640.006,1726.56656,1315.31878,45.46048,38.27187,39.43128
1994-09-07,638.27466,1722.10463,1311.89292,45.4551,38.27216,39.43073
1994-09-08,636.36813,1717.16913,1308.1064,45.34505,38.18436,39.33942
1994-09-09,635.90061,1716.1139,1307.27607,45.60767,38.41023,39.57127
1994-09-12,635.10537,1714.17428,1305.77206,44.92352,37.8391,38.98203
1994-09-13,633.15923,1709.12913,1301.90237,44.80029,37.74011,38.87921
1994-09-14,633.16503,1709.34971,1302.04405,44.73585,37.6906,38.82737
1994-09-15,633.62807,1710.8044,1303.12578,44.91304,37.84457,38.98515
1994-09-16,633.15395,1709.72983,1302.2809,44.89392,37.83323,38.97263
1994-09-19,626.63238,1692.33308,1289.00278,44.36705,37.39416,38.5195
1994-09-20,622.52478,1681.44766,1280.68514,44.31191,37.35241,38.47566
1994-09-21,620.69778,1676.71641,1277.05552,44.00716,37.10033,38.21516
1994-09-22,618.95331,1672.20681,1273.59489,43.88702,37.00375,38.11486
1994-09-23,623.55931,1684.84959,1283.19779,44.19577,37.26864,38.38689
1994-09-26,616.49152,1665.96413,1268.78749,43.86824,36.99725,38.10652
1994-09-27,619.27133,1673.67447,1274.63384,43.93794,37.06066,38.17102
1994-09-28,624.30575,1687.47981,1285.12145,44.1383,37.23427,38.349
1994-09-29,617.12433,1668.28078,1270.47317,43.69034,36.86121,37.96395
1994-09-30,614.77022,1662.11943,1265.75513,43.50615,36.71051,37.80793
1994-10-03,607.01044,1641.34977,1249.91166,43.24262,36.49285,37.58295
1994-10-04,610.12355,1649.96293,1256.44525,43.27491,36.52469,37.61492
1994-10-05,602.95276,1630.77854,1241.80992,42.59437,35.95511,37.02754
1994-10-06,605.37126,1637.51401,1246.91364,42.79619,36.12994,37.20678
1994-10-07,607.36536,1643.10319,1251.14434,42.82345,36.1575,37.23436
1994-10-10,614.42506,1662.39749,1265.80985,43.56243,36.78576,37.88054
1994-10-11,620.54422,1679.15144,1278.54064,43.90769,37.08184,38.18461
1994-10-12,624.71182,1690.62841,1287.25327,44.14214,37.28444,38.39242
1994-10-13,631.86742,1710.19466,1302.1242,44.65135,37.71908,38.83914
1994-10-14,636.04757,1721.71195,1310.86669,44.37218,37.48809,38.60045
1994-10-17,643.07928,1740.95105,1325.48749,44.40442,37.52004,38.63252
1994-10-18,638.5467,1728.89472,1316.28099,43.98775,37.17282,38.27418
1994-10-19,635.15492,1719.92255,1309.42314,43.75753,36.98303,38.07794
1994-10-20,635.62047,1721.38909,1310.51317,43.7896,37.01478,38.10981
1994-10-21,631.43079,1710.25408,1302.009,43.213,36.53223,37.61216
1994-10-24,632.14337,1712.38867,1303.60772,43.50571,36.7842,37.87077
1994-10-25,626.59497,1697.57136,1292.30052,42.84535,36.2307,37.30011
1994-10-26,627.0402,1698.98079,1293.34733,42.98952,36.35714,37.42947
1994-10-27,630.48199,1708.50858,1300.57398,43.20863,36.54695,37.62408
1994-10-28,634.41561,1719.37131,1308.81647,43.45788,36.7623,37.84496
1994-10-31,640.35369,1735.66906,1321.19552,44.35913,37.52904,38.63348
1994-11-01,641.78759,1739.76283,1324.28496,44.05903,37.27997,38.37624
1994-11-02,639.17528,1732.8928,1319.02858,43.85571,37.11269,38.20322
1994-11-03,633.99246,1719.05584,1308.46897,44.03651,37.27031,38.36464
1994-11-04,631.85196,1713.46031,1304.18328,44.11801,37.34395,38.43963
1994-11-07,628.73027,1705.2039,1297.87232,43.66065,36.96167,38.04529
1994-11-08,632.01533,1714.31638,1304.78161,43.8853,37.15644,38.24495
1994-11-09,632.20864,1715.04614,1305.31065,44.3544,37.55814,38.6576
1994-11-10,631.3665,1712.96802,1303.70256,44.20355,37.43518,38.53021
1994-11-11,630.81291,1711.67197,1302.68977,44.26355,37.49068,38.58651
1994-11-14,627.05647,1701.6888,1295.06522,44.38993,37.60241,38.70067
1994-11-15,631.54477,1714.07141,1304.46241,44.67526,37.84876,38.95338
1994-11-16,629.66613,1709.18007,1300.71343,44.94404,38.08115,39.19172
1994-11-17,627.8509,1704.45958,1297.09463,44.64039,37.82876,38.93112
1994-11-18,625.56049,1698.44852,1292.49379,44.66188,37.85172,38.95392
1994-11-21,624.38997,1695.47522,1290.20495,44.70911,37.8965,38.99916
1994-11-22,617.86945,1677.98142,1276.86571,43.99836,37.29906,38.38349
1994-11-23,608.91439,1653.8754,1258.49499,43.30452,36.71578,37.78243
1994-11-24,611.23263,1660.36903,1263.41069,43.7349,37.08517,38.16174
1994-11-25,611.40048,1661.02396,1263.88348,43.76474,37.11513,38.19174
1994-11-28,612.62731,1664.55529,1266.54491,44.03193,37.34632,38.42882
1994-11-29,613.46919,1667.04175,1268.41121,43.98449,37.31079,38.39144
1994-11-30,614.6709,1670.50635,1271.02167,44.27299,37.56013,38.64717
1994-12-01,611.07308,1660.93303,1263.71164,43.9382,37.28094,38.35906
1994-12-02,608.16376,1653.22777,1257.82331,43.91591,37.26673,38.34362
1994-12-05,611.97401,1663.78219,1265.82771,44.23833,37.54492,38.62902
1994-12-06,608.43781,1654.37196,1258.64231,43.79172,37.17076,38.24323
1994-12-07,608.2955,1654.18351,1258.47348,43.76714,37.15458,38.22576
1994-12-08,605.57754,1646.99373,1252.97793,43.79756,37.18507,38.25631
1994-12-09,599.20583,1629.87064,1239.92503,43.42253,36.87147,37.93284
1994-12-12,595.61098,1620.29217,1232.61275,43.11224,36.61273,37.66584
1994-12-13,595.15202,1619.23833,1231.78611,43.05773,36.57107,37.62217
1994-12-14,599.64491,1631.65479,1241.20625,43.34708,36.82134,37.87883
1994-12-15,601.06667,1635.71817,1244.27215,43.42484,36.89201,37.95071
1994-12-16,605.12601,1646.95966,1252.79795,43.68578,37.11826,38.18263
1994-12-19,606.29679,1650.34285,1255.34609,43.92552,37.32655,38.39608
1994-12-20,608.55306,1656.68106,1260.14183,43.97656,37.37461,38.44468
1994-12-21,612.01691,1666.30792,1267.43871,44.22687,37.59197,38.66744
1994-12-22,611.3525,1664.69936,1266.18953,44.409,37.75145,38.83065
1994-12-23,611.94249,1666.50508,1267.53737,44.3748,37.72714,38.80482
1994-12-26,612.53034,1668.30534,1268.881,NA,NA,NA
1994-12-27,613.66196,1671.58673,1271.35109,44.52521,37.86449,38.94442
1994-12-28,612.72346,1669.23164,1269.53412,44.42776,37.78642,38.86328
1994-12-29,614.38068,1673.94549,1273.09352,44.06423,37.4821,38.54945
1994-12-30,617.00201,1681.28693,1278.65107,44.05443,37.47849,38.54491
1995-01-02,616.79723,1680.93071,1278.35429,44.28454,37.6789,38.75019
1995-01-03,615.64244,1677.98628,1276.08912,44.14391,37.56404,38.63123
1995-01-04,615.15532,1676.86023,1275.20694,44.15583,37.57891,38.64569
1995-01-05,612.52152,1669.88471,1269.87623,43.86285,37.33439,38.3934
1995-01-06,611.89549,1668.37879,1268.70533,43.75026,37.2433,38.2989
1995-01-09,610.63328,1665.13856,1266.21558,43.88502,37.36266,38.42082
1995-01-10,613.84065,1674.08293,1272.99132,43.62308,37.14444,38.19559
1995-01-11,612.76209,1671.34322,1270.88221,43.54291,37.08088,38.12941
1995-01-12,613.70402,1674.11212,1272.96196,43.60632,37.13953,38.18889
1995-01-13,615.11487,1678.16057,1276.01455,43.65361,37.18446,38.23427
1995-01-16,622.59195,1698.7596,1291.65056,44.14858,37.61061,38.67163
1995-01-17,617.83365,1685.98614,1281.91158,43.66667,37.20496,38.2537
1995-01-18,619.34793,1690.3196,1285.18049,43.73148,37.26484,38.31445
1995-01-19,616.36353,1682.38068,1279.11812,43.68929,37.2336,38.2815
1995-01-20,619.28831,1690.56422,1285.31406,43.38904,36.9825,38.02251
1995-01-23,609.94349,1665.27013,1266.05589,42.69346,36.39451,37.41716
1995-01-24,611.31907,1669.22453,1269.03667,42.66738,36.37687,37.39822
1995-01-25,609.59741,1664.7254,1265.5904,42.46626,36.21004,37.22591
1995-01-26,615.34549,1680.6207,1277.64843,43.1472,36.79501,37.82649
1995-01-27,616.26552,1683.33433,1279.68555,43.25313,36.88995,37.92327
1995-01-30,614.46398,1678.61712,1276.07348,43.04074,36.71351,37.74108
1995-01-31,610.99266,1669.33939,1268.99445,42.73286,36.45561,37.47515
1995-02-01,614.64869,1679.52691,1276.71286,43.37178,37.00508,38.03917
1995-02-02,616.18034,1683.91256,1280.02081,43.28173,36.93293,37.96419
1995-02-03,617.17719,1686.838,1282.21868,43.41075,37.04763,38.08128
1995-02-06,619.42906,1693.19369,1287.02382,43.90304,37.47227,38.51694
1995-02-07,619.17923,1692.71403,1286.63318,43.88887,37.4649,38.50854
1995-02-08,617.80206,1689.15346,1283.90068,43.80892,37.4014,38.44244
1995-02-09,623.60105,1705.20964,1296.07817,44.1631,37.70838,38.75714
1995-02-10,627.58915,1716.31778,1304.49462,44.42406,37.93585,38.9901
1995-02-13,625.54398,1710.93264,1300.37509,43.98164,37.56298,38.60602
1995-02-14,626.82848,1714.65019,1303.17425,44.16738,37.72628,38.77303
1995-02-15,629.04299,1720.91218,1307.90707,44.00581,37.59307,38.63529
1995-02-16,629.96125,1723.63004,1309.94621,43.72885,37.3613,38.39626
1995-02-17,627.2315,1716.37092,1304.4026,43.34079,37.03457,38.05966
1995-02-20,628.2222,1719.287,1306.59236,43.14124,36.86879,37.88847
1995-02-21,625.78637,1712.82953,1301.65831,43.08846,36.82834,37.84608
1995-02-22,626.78263,1715.76108,1303.85979,43.21462,36.94077,37.9608
1995-02-23,630.80625,1726.97947,1312.35833,43.37632,37.08359,38.10675
1995-02-24,626.05178,1714.17609,1302.60173,43.00228,36.7686,37.78225
1995-02-27,625.62254,1713.20673,1301.83875,42.83552,36.6307,37.63974
1995-02-28,623.62,1707.93051,1297.80296,42.82185,36.62364,37.63167
1995-03-01,629.68251,1724.73734,1310.54703,43.23815,36.98415,38.00129
1995-03-02,630.64262,1727.57329,1312.67543,43.19269,36.94995,37.96533
1995-03-03,638.00458,1747.94633,1328.12816,43.37241,37.10828,38.1272
1995-03-06,640.87708,1756.02426,1334.23894,42.3587,36.24598,37.2404
1995-03-07,634.91644,1739.91038,1321.96773,41.91745,35.87312,36.8565
1995-03-08,633.93106,1737.41964,1320.04851,41.56519,35.57628,36.55074
1995-03-09,627.94254,1721.22317,1307.71533,41.56318,35.57903,36.55278
1995-03-10,618.79028,1696.35564,1288.79417,41.53606,35.56031,36.53276
1995-03-13,620.71501,1701.83438,1292.93048,41.47835,35.5154,36.48583
1995-03-14,624.72441,1713.02953,1301.40929,41.80985,35.80361,36.78113
1995-03-15,630.99588,1730.43012,1314.60172,42.25531,36.18945,37.17671
1995-03-16,636.32213,1745.24255,1325.82757,41.92524,35.91142,36.8903
1995-03-17,633.55057,1737.85335,1320.18707,42.00395,35.98334,36.96339
1995-03-20,634.71508,1741.25524,1322.74466,42.39133,36.3196,37.30801
1995-03-21,633.49333,1738.11351,1320.33122,42.17513,36.13901,37.1217
1995-03-22,634.47523,1741.01525,1322.50877,42.51422,36.43402,37.42393
1995-03-23,632.62521,1736.14944,1318.78573,42.13648,36.11501,37.09545
1995-03-24,632.67189,1736.4857,1319.01447,42.25487,36.22099,37.2035
1995-03-27,637.58278,1750.17107,1329.38261,42.68991,36.59833,37.59028
1995-03-28,635.69331,1745.1963,1325.57689,42.20013,36.1832,37.1631
1995-03-29,642.91748,1765.23698,1340.77124,42.17014,36.16205,37.14057
1995-03-30,639.88082,1757.11444,1334.57444,42.63913,36.56864,37.55736
1995-03-31,651.24949,1788.54356,1358.4168,42.7039,36.62877,37.61831
1995-04-03,648.94077,1782.42,1353.73824,42.38495,36.3599,37.34137
1995-04-04,651.95633,1790.91493,1360.16256,42.77258,36.69689,37.68665
1995-04-05,652.8407,1793.5584,1362.1427,42.53222,36.49537,37.47889
1995-04-06,658.92481,1810.48676,1374.97099,43.02426,36.92201,37.91621
1995-04-07,660.59159,1815.28249,1378.58525,43.11067,37.00079,37.9963
1995-04-10,650.38425,1787.46523,1357.43048,43.04534,36.9494,37.9427
1995-04-11,651.14057,1789.75759,1359.14388,43.30736,37.17888,38.17754
1995-04-12,650.41345,1787.97429,1357.76212,43.06348,36.97428,37.96662
1995-04-13,657.87381,1808.69563,1373.46922,43.45596,37.31579,38.31647
1995-04-14,657.91613,1809.02884,1373.69446,NA,NA,NA
1995-04-17,665.30149,1829.55133,1389.24963,NA,NA,NA
1995-04-18,660.87188,1817.59492,1380.14207,42.81115,36.77626,37.76003
1995-04-19,660.68905,1817.31019,1379.89794,42.84983,36.8141,37.79807
1995-04-20,657.71926,1809.36268,1373.83516,42.9073,36.86809,37.85269
1995-04-21,661.01852,1818.65417,1380.86214,43.44169,37.33174,38.32791
1995-04-24,664.65239,1828.86841,1388.58943,43.17057,37.10354,38.0928
1995-04-25,671.536,1848.02716,1403.10705,43.57904,37.45915,38.45706
1995-04-26,669.82396,1843.53908,1399.67101,43.94154,37.77534,38.78085
1995-04-27,673.05818,1852.65997,1406.56738,44.00265,37.83262,38.83882
1995-04-28,670.76872,1846.58263,1401.92475,43.99038,37.82684,38.83205
1995-05-01,670.72321,1846.67879,1401.96939,NA,NA,NA
1995-05-02,679.65473,1871.48993,1420.77603,44.4703,38.24893,39.26368
1995-05-03,682.58394,1879.77864,1427.03968,44.58563,38.35291,39.36957
1995-05-04,686.28151,1890.18512,1434.9107,44.7706,38.51679,39.53695
1995-05-05,680.19375,1873.65265,1422.33046,44.34384,38.15463,39.16434
1995-05-08,684.3023,1885.19291,1431.06188,44.38785,38.19729,39.20729
1995-05-09,684.59194,1886.21666,1431.81007,44.51503,38.3115,39.32367
1995-05-10,683.79064,1884.2358,1430.27741,44.67441,38.45345,39.46852
1995-05-11,679.75304,1873.34068,1421.97785,45.19669,38.90768,39.9339
1995-05-12,673.90201,1857.44806,1409.88489,45.63625,39.29083,40.3263
1995-05-15,670.59612,1848.5627,1403.11168,45.41938,39.10913,40.13894
1995-05-16,673.76073,1857.50632,1409.8716,45.87768,39.50854,40.548
1995-05-17,673.20535,1856.19842,1408.85035,45.48743,39.17757,40.20745
1995-05-18,663.56958,1829.8664,1388.83445,45.20476,38.93914,39.96189
1995-05-19,663.39477,1829.60393,1388.60714,44.99058,38.75961,39.77678
1995-05-22,664.91879,1834.02546,1391.93482,45.35997,39.08261,40.1074
1995-05-23,668.57354,1844.3245,1399.7229,45.38032,39.10505,40.12957
1995-05-24,674.03162,1859.6005,1411.28757,45.94953,39.6003,40.63693
1995-05-25,688.17717,1898.85115,1441.04454,NA,NA,NA
1995-05-26,689.61478,1903.04458,1444.19778,45.06832,38.85102,39.8663
1995-05-29,685.90353,1893.03568,1436.57257,44.94942,38.75345,39.76532
1995-05-30,688.93579,1901.62985,1443.06525,45.1616,38.9412,39.95711
1995-05-31,683.20064,1886.03495,1431.20104,44.67238,38.52442,39.52861
1995-06-01,686.28459,1894.77303,1437.80275,46.15472,39.80714,40.84391
1995-06-02,691.81078,1910.25575,1449.52185,45.90465,39.59656,40.62697
1995-06-05,695.31792,1920.16716,1457.01322,NA,NA,NA
1995-06-06,691.59727,1910.12695,1449.36492,45.98421,39.67514,40.70584
1995-06-07,693.72915,1916.24276,1453.97609,46.06672,39.7513,40.7831
1995-06-08,688.80996,1902.89075,1443.81509,45.86133,39.57914,40.6056
1995-06-09,689.99376,1906.38845,1446.43974,45.54342,39.30987,40.32846
1995-06-12,686.91754,1898.12121,1440.13759,45.48725,39.26635,40.28295
1995-06-13,687.43451,1899.77692,1441.36468,45.33025,39.13581,40.14817
1995-06-14,690.64177,1908.8666,1448.23172,45.67537,39.4386,40.45792
1995-06-15,687.92331,1901.58494,1442.6777,45.60539,39.38316,40.40018
1995-06-16,690.37579,1908.59078,1447.96357,45.65778,39.43334,40.45079
1995-06-19,693.2839,1916.85776,1454.20594,45.64064,39.42351,40.43983
1995-06-20,696.04199,1924.71191,1460.13488,45.68876,39.47003,40.48668
1995-06-21,698.46957,1931.6541,1465.37178,45.84469,39.60965,40.62902
1995-06-22,704.83712,1949.4937,1478.87478,45.99134,39.7413,40.76319
1995-06-23,701.33559,1940.04672,1471.67811,46.07064,39.8148,40.8377
1995-06-26,690.6838,1910.82937,1449.48307,45.15497,39.02878,40.0306
1995-06-27,692.11846,1915.02664,1452.63762,45.2454,39.11182,40.11492
1995-06-28,684.5683,1894.3761,1436.94276,44.88869,38.80851,39.80297
1995-06-29,687.39563,1902.42569,1443.01943,45.18532,39.06975,40.07005
1995-06-30,688.31231,1905.19013,1445.08712,45.01332,38.92601,39.92176
1995-07-03,693.92923,1920.9639,1457.02177,45.27287,39.15528,40.15603
1995-07-04,697.78619,1931.86947,1465.26377,45.48062,39.33982,40.34443
1995-07-05,700.92627,1940.79301,1472.0022,45.77693,39.60098,40.61139
1995-07-06,701.90227,1943.72748,1474.19808,45.73873,39.57293,40.58175
1995-07-07,710.58781,1968.0114,1492.58498,46.34938,40.10605,41.12759
1995-07-10,711.13914,1969.7739,1493.89151,46.6484,40.36975,41.39712
1995-07-11,712.18106,1972.89534,1496.22862,46.91279,40.60356,41.63598
1995-07-12,712.59812,1974.28693,1497.25373,46.98604,40.67204,41.70531
1995-07-13,717.56806,1988.29122,1507.84357,47.31729,40.96379,42.00358
1995-07-14,714.27452,1979.40741,1501.07563,46.6383,40.38135,41.40545
1995-07-17,716.03937,1984.53438,1504.93326,46.96283,40.66733,41.69778
1995-07-18,714.22206,1979.73744,1501.26503,46.73902,40.47871,41.50349
1995-07-19,710.65868,1970.10173,1493.92742,46.37809,40.17134,41.18745
1995-07-20,711.36341,1972.29109,1495.5574,46.20455,40.02615,41.03769
1995-07-21,710.75606,1970.84422,1494.42998,46.34316,40.15121,41.16503
1995-07-24,716.74151,1987.67561,1507.1619,46.63312,40.40739,41.4268
1995-07-25,715.81923,1985.35714,1505.37338,46.60761,40.39038,41.40847
1995-07-26,722.76846,2004.86741,1520.1356,47.24554,40.94811,41.97936
1995-07-27,722.54943,2004.50044,1519.8266,46.99708,40.738,41.76306
1995-07-28,726.00904,2014.33673,1527.25362,47.19766,40.91693,41.94559
1995-07-31,722.83939,2005.78756,1520.74054,46.7737,40.55468,41.57332
1995-08-01,722.76483,2005.82123,1520.7353,46.97981,40.73842,41.76079
1995-08-02,727.39356,2018.90551,1530.62419,47.33318,41.04986,42.07915
1995-08-03,726.55089,2016.80952,1529.00413,47.38708,41.10176,42.13144
1995-08-04,728.38667,2022.14605,1533.01895,47.59863,41.29036,42.32386
1995-08-07,723.55337,2008.97634,1523.00325,47.38494,41.11026,42.13834
1995-08-08,720.60442,2001.03265,1516.95009,47.47477,41.19334,42.22259
1995-08-09,717.56387,1992.83277,1510.70295,47.26029,41.01249,42.03632
1995-08-10,713.30283,1981.24304,1501.88614,47.01487,40.80477,41.8225
1995-08-11,709.19673,1970.0806,1493.39362,47.39462,41.13937,42.16455
1995-08-14,704.68534,1957.79019,1484.04635,47.1469,40.92961,41.94865
1995-08-15,692.39147,1923.8871,1458.31521,46.72632,40.56979,41.57897
1995-08-16,696.89169,1936.62032,1467.93721,47.7785,41.4881,42.51923
1995-08-17,694.1078,1929.11937,1462.22165,47.92039,41.61649,42.6499
1995-08-18,701.16172,1948.95379,1477.22524,48.10127,41.77876,42.81528
1995-08-21,703.6753,1956.17279,1482.66696,48.25488,41.91738,42.95642
1995-08-22,697.82979,1940.16489,1470.50316,48.166,41.84549,42.88181
1995-08-23,698.97805,1943.58921,1473.0688,48.1658,41.85059,42.88612
1995-08-24,697.7469,1940.40011,1470.62188,48.39979,42.05909,43.09886
1995-08-25,698.42911,1942.52946,1472.20596,47.96249,41.68452,42.71409
1995-08-28,699.64578,1946.14542,1474.91663,47.65502,41.42264,42.44483
1995-08-29,694.12135,1931.01912,1463.42243,47.51443,41.3057,42.32409
1995-08-30,695.08221,1933.92305,1465.59356,47.8186,41.57523,42.59935
1995-08-31,693.59469,1930.0177,1462.60422,47.35297,41.17578,42.18915
1995-09-01,697.52711,1941.18981,1471.04082,47.74384,41.52072,42.54167
1995-09-04,700.03135,1948.39033,1476.46755,47.68498,41.47478,42.49368
1995-09-05,704.03008,1959.7518,1485.04701,48.12149,41.85952,42.88696
1995-09-06,702.68887,1956.25468,1482.36688,48.36083,42.07292,43.10467
1995-09-07,703.08771,1957.59931,1483.3558,48.36556,42.08232,43.11338
1995-09-08,702.99797,1957.58426,1483.31439,48.54941,42.24754,43.28171
1995-09-11,704.90666,1963.13274,1487.48857,48.23768,41.98169,43.00843
1995-09-12,706.18692,1966.9327,1490.33774,48.46872,42.18797,43.21883
1995-09-13,705.68133,1965.76082,1489.41965,48.6697,42.36816,43.40249
1995-09-14,706.24476,1967.56559,1490.75696,48.79281,42.48063,43.51677
1995-09-15,708.42606,1973.87719,1495.50883,49.04763,42.70775,43.7485
1995-09-18,702.43837,1957.43837,1483.02294,48.53365,42.26575,43.29479
1995-09-19,705.6354,1966.58038,1489.91908,48.78907,42.49343,43.52707
1995-09-20,711.97235,1984.4752,1503.44575,49.03047,42.70894,43.74689
1995-09-21,720.59654,2008.74982,1521.80476,48.7083,42.4338,43.46412
1995-09-22,715.04949,1993.53478,1510.24658,47.72768,41.58517,42.59395
1995-09-25,709.4882,1978.27634,1498.65598,47.38167,41.28904,42.28972
1995-09-26,711.14274,1983.12582,1502.29939,47.79724,41.65624,42.6649
1995-09-27,707.746,1973.89525,1495.27615,47.28329,41.21373,42.21076
1995-09-28,706.40288,1970.38732,1492.58849,46.98285,40.95715,41.94707
1995-09-29,713.2119,1989.61435,1507.12223,47.50762,41.4196,42.41979
1995-10-02,713.18065,1989.76579,1507.20645,47.73344,41.62163,42.62579
1995-10-03,709.58993,1979.99053,1499.77107,47.58008,41.49319,42.49333
1995-10-04,712.49798,1988.34076,1506.0656,47.80425,41.69384,42.6979
1995-10-05,712.63067,1988.94939,1506.49614,47.75846,41.65917,42.66148
1995-10-06,708.51125,1977.69558,1497.94123,47.16591,41.14773,42.13682
1995-10-09,708.96027,1979.18575,1499.03961,47.11729,41.11052,42.0978
1995-10-10,699.43468,1952.84436,1479.05683,46.59344,40.6588,41.63432
1995-10-11,700.10964,1954.96253,1480.63118,46.78378,40.82995,41.80869
1995-10-12,707.35972,1975.44011,1496.10951,47.12494,41.13273,42.11783
1995-10-13,711.48919,1987.2075,1504.99107,47.52252,41.48481,42.47743
1995-10-16,711.52464,1987.54477,1505.21605,47.3701,41.35702,42.34567
1995-10-17,709.74638,1982.8176,1501.60549,47.34136,41.33715,42.32441
1995-10-18,709.70187,1982.93106,1501.66103,47.40314,41.39628,42.38404
1995-10-19,709.35124,1982.18947,1501.06904,47.20395,41.22761,42.21043
1995-10-20,709.33578,1982.38397,1501.18597,46.96116,41.02083,41.99781
1995-10-23,703.08492,1965.16072,1488.11226,46.10975,40.28256,41.24106
1995-10-24,704.62875,1969.71042,1491.52738,46.2041,40.37003,41.32972
1995-10-25,707.21799,1977.18305,1497.15563,46.57888,40.70245,41.66916
1995-10-26,701.58623,1961.68266,1485.3875,46.19758,40.37451,41.33253
1995-10-27,697.90529,1951.6301,1477.74528,45.71208,39.95545,40.90263
1995-10-30,704.00283,1968.9135,1490.80151,46.54499,40.68823,41.65191
1995-10-31,708.50305,1981.73363,1500.47804,46.89543,40.99959,41.96974
1995-11-01,706.65026,1976.79081,1496.70509,46.78689,40.90989,41.87702
1995-11-02,708.6625,1982.65565,1501.11526,47.08326,41.17409,42.14656
1995-11-03,709.22142,1984.45666,1502.44849,47.18103,41.26473,42.23844
1995-11-06,708.10328,1981.56704,1500.23029,46.83018,40.9632,41.92888
1995-11-07,709.63677,1986.09497,1503.62798,47.03777,41.14987,42.11905
1995-11-08,711.83913,1992.49562,1508.44329,47.13044,41.23609,42.2064
1995-11-09,711.93494,1993.00265,1508.79663,47.32572,41.41208,42.38562
1995-11-10,708.53944,1983.74016,1501.75366,46.85198,41.0029,41.96591
1995-11-13,705.23726,1974.73652,1494.90694,46.60557,40.7925,41.74966
1995-11-14,708.02678,1982.78272,1500.96768,47.04458,41.18175,42.14715
1995-11-15,714.00923,1999.77202,1513.79765,47.0156,41.16158,42.12559
1995-11-16,718.22484,2011.81688,1522.88453,47.35349,41.46247,42.43262
1995-11-17,718.17576,2011.92068,1522.93229,47.26871,41.39348,42.36111
1995-11-20,719.48018,2015.81524,1525.84948,47.75145,41.82128,42.798
1995-11-21,719.78871,2016.92115,1526.65572,47.58867,41.68403,42.65662
1995-11-22,723.02087,2026.21813,1533.66179,47.77362,41.85122,42.82679
1995-11-23,719.93926,2017.82859,1527.28038,47.62728,41.72835,42.70013
1995-11-24,722.90385,2026.37801,1533.72035,47.89911,41.97167,42.94821
1995-11-27,721.37143,2022.327,1530.62312,48.11312,42.16441,43.14451
1995-11-28,719.07783,2016.14198,1525.91079,48.18318,42.2311,43.21182
1995-11-29,716.93926,2010.38991,1521.52633,48.14633,42.20413,43.18329
1995-11-30,712.21995,1997.40334,1511.66638,47.89895,41.99268,42.966
1995-12-01,714.8647,2005.05844,1517.42921,48.44382,42.47547,43.45906
1995-12-04,713.73561,2002.13309,1515.18455,48.01925,42.1087,43.08286
1995-12-05,718.08502,2014.572,1524.56717,48.23433,42.30254,43.28026
1995-12-06,718.17727,2015.07231,1524.91496,48.33658,42.39751,43.37649
1995-12-07,716.46983,2010.52492,1521.44275,48.23644,42.31504,43.29119
1995-12-08,712.4783,1999.56998,1513.12153,48.21147,42.29847,43.2733
1995-12-11,716.16722,2010.16091,1521.10512,48.33455,42.41175,43.38826
1995-12-12,716.16046,2010.38297,1521.24238,48.41962,42.4917,43.46912
1995-12-13,714.20679,2005.14181,1517.24553,48.45528,42.52834,43.50566
1995-12-14,721.26389,2025.1933,1532.38656,48.79469,42.83148,43.81483
1995-12-15,718.27978,2017.06061,1526.20161,48.44737,42.53211,43.50764
1995-12-18,714.33671,2006.23437,1517.97871,48.00824,42.1521,43.11798
1995-12-19,708.2616,1989.42091,1505.22564,47.52001,41.7289,42.68415
1995-12-20,712.5209,2001.62146,1514.42602,47.97425,42.13289,43.09647
1995-12-21,716.63321,2013.41196,1523.3158,48.18838,42.32618,43.29325
1995-12-22,723.19216,2032.07915,1537.4076,48.68902,42.77108,43.7474
1995-12-25,723.19216,2032.32282,1537.56086,NA,NA,NA
1995-12-26,727.15975,2043.71441,1546.14785,NA,NA,NA
1995-12-27,732.59632,2059.23722,1557.8597,49.05162,43.10573,44.08684
1995-12-28,733.00794,2060.64083,1558.89006,48.99334,43.05996,44.03908
1995-12-29,733.44803,2062.12476,1559.98113,49.0153,43.08468,44.06341
1996-01-01,733.44803,2062.37203,1560.13663,NA,NA,NA
1996-01-02,738.14512,2075.82503,1570.2816,49.202,43.2596,44.24041
1996-01-03,745.56917,2096.95014,1586.22933,49.93544,43.90967,44.90426
1996-01-04,739.97083,2081.46322,1574.48155,49.84538,43.83603,44.82799
1996-01-05,742.57851,2089.04642,1580.18577,49.86434,43.85822,44.84972
1996-01-08,743.14233,2090.88265,1581.54276,49.82986,43.83343,44.8234
1996-01-09,740.56535,2083.88567,1576.21806,49.80907,43.82067,44.80939
1996-01-10,736.50598,2072.71775,1567.73853,49.36981,43.43988,44.41904
1996-01-11,733.15241,2063.53234,1560.75896,49.0739,43.18508,44.15754
1996-01-12,736.28202,2072.58669,1567.57553,49.54373,43.60382,44.58476
1996-01-15,733.30449,2064.45703,1561.3948,49.32449,43.41643,44.3922
1996-01-16,735.95395,2072.162,1567.19056,49.8499,43.8842,44.86952
1996-01-17,731.96052,2061.17131,1558.84613,49.75966,43.81031,44.79301
1996-01-18,733.79253,2066.57615,1562.90219,50.10513,44.11988,45.10856
1996-01-19,732.66499,2063.64956,1560.65721,50.24286,44.24667,45.23722
1996-01-22,732.91601,2064.60384,1561.34733,50.42929,44.41637,45.40974
1996-01-23,727.90356,2050.73784,1550.82907,49.93972,43.99093,44.97381
1996-01-24,731.2351,2060.36802,1558.08016,50.51934,44.50685,45.50029
1996-01-25,731.8575,2062.36828,1559.56127,50.29739,44.31699,45.30521
1996-01-26,723.51643,2039.12234,1541.94995,50.07663,44.12814,45.11117
1996-01-29,725.79186,2045.77841,1546.95189,50.38493,44.40527,45.39351
1996-01-30,728.299,2053.08907,1552.4486,50.39574,44.42038,45.40798
1996-01-31,736.94014,2077.69322,1571.02057,51.09426,45.04145,46.04188
1996-02-01,737.27901,2078.89748,1571.89938,50.90888,44.88376,45.8797
1996-02-02,740.91402,2089.39456,1579.80445,51.16792,45.11771,46.11785
1996-02-05,739.92651,2086.86124,1577.85698,50.71707,44.72601,45.71647
1996-02-06,742.25145,2093.66721,1582.97093,50.67879,44.69789,45.68674
1996-02-07,740.17611,2088.06655,1578.70425,50.72627,44.74538,45.7343
1996-02-08,737.20162,2079.92913,1572.51968,50.56185,44.60604,45.59089
1996-02-09,736.59149,2078.4577,1571.37538,50.36278,44.43609,45.41622
1996-02-12,739.04732,2085.63511,1576.76985,50.62917,44.67664,45.6611
1996-02-13,742.03147,2094.30498,1583.29237,50.87723,44.90108,45.8895
1996-02-14,741.88298,2094.13714,1583.13345,50.70879,44.75814,45.74242
1996-02-15,743.5755,2099.16463,1586.9021,50.78103,44.82751,45.81233
1996-02-16,747.16446,2109.54639,1594.71809,50.92718,44.96213,45.94893
1996-02-19,746.27259,2107.2821,1592.97409,50.25832,44.37749,45.35046
1996-02-20,738.09013,2084.44115,1575.67435,49.93686,44.09935,45.06524
1996-02-21,741.21815,2093.52325,1582.50769,50.23357,44.36683,45.33761
1996-02-22,746.96781,2110.0118,1594.93896,50.5025,44.60985,45.58498
1996-02-23,752.42752,2125.68518,1606.7536,50.98931,45.04532,46.02898
1996-02-26,748.82058,2115.75434,1599.21429,50.43378,44.5604,45.53248
1996-02-27,749.85506,2118.93013,1601.58239,50.63149,44.74064,45.71567
1996-02-28,753.34423,2129.04203,1609.19284,50.99246,45.06512,46.04624
1996-02-29,748.99761,2117.01859,1600.07216,51.18314,45.23925,46.22317
1996-03-01,752.53263,2127.26225,1607.78191,51.64963,45.65711,46.64913
1996-03-04,753.08366,2129.07453,1609.11911,51.50241,45.53277,46.52108
1996-03-05,751.51097,2124.8852,1605.92025,51.5634,45.5924,46.581
1996-03-06,750.8985,2123.40884,1604.77195,51.4611,45.50773,46.49349
1996-03-07,755.05556,2135.41693,1613.81437,51.92011,45.91922,46.91289
1996-03-08,745.06913,2107.44423,1592.64019,51.1214,45.21887,46.19638
1996-03-11,735.66331,2081.10594,1572.70215,50.57872,44.74472,45.71099
1996-03-12,736.45836,2083.60399,1574.55813,50.68097,44.84078,45.80813
1996-03-13,740.34458,2094.84694,1583.02223,50.5879,44.76411,45.72882
1996-03-14,746.19536,2111.6512,1595.68822,50.97579,45.11286,46.0841
1996-03-15,741.735,2099.2876,1586.3128,50.73419,44.9048,45.87058
1996-03-18,748.64554,2119.09585,1601.24795,51.19491,45.31809,46.29177
1996-03-19,753.49306,2133.06919,1611.77384,51.67519,45.74878,46.73072
1996-03-20,753.34831,2132.91532,1611.62496,51.47644,45.57866,46.55594
1996-03-21,754.79006,2137.25202,1614.86914,51.68346,45.76764,46.74796
1996-03-22,755.40356,2139.24499,1616.34233,51.81834,45.89279,46.8748
1996-03-25,754.37459,2136.58854,1614.30246,51.67112,45.76823,46.74656
1996-03-26,750.84298,2126.84642,1606.90881,51.43323,45.56336,46.53631
1996-03-27,750.88322,2127.21539,1607.15507,51.73442,45.83582,46.81357
1996-03-28,752.20323,2131.20905,1610.13984,51.55052,45.67872,46.65212
1996-03-29,756.56811,2143.82958,1619.64186,51.76891,45.87791,46.85455
1996-04-01,757.49757,2146.7197,1621.79255,51.99852,46.08709,47.06718
1996-04-02,760.1556,2154.50827,1627.64372,52.15653,46.2329,47.21507
1996-04-03,759.00708,2151.51249,1625.34755,52.0371,46.13289,47.11192
1996-04-04,762.27564,2161.0339,1632.50741,52.28158,46.35536,47.3381
1996-04-05,761.78067,2159.89027,1631.61044,NA,NA,NA
1996-04-08,763.13405,2163.98554,1634.67104,NA,NA,NA
1996-04-09,758.54433,2151.23585,1625.00639,52.28685,46.37755,47.3577
1996-04-10,759.71193,2154.80428,1627.66905,52.63157,46.68903,47.67475
1996-04-11,754.32827,2139.79969,1616.30152,52.34113,46.43737,47.41674
1996-04-12,755.08559,2142.20398,1618.08491,52.373,46.47148,47.45055
1996-04-15,757.01637,2147.93727,1622.3827,52.78191,46.84002,47.82584
1996-04-16,760.5238,2158.14487,1630.05971,52.95922,47.00322,47.99144
1996-04-17,757.92945,2151.0445,1624.6636,52.77856,46.84885,47.8328
1996-04-18,759.11728,2154.6727,1627.37106,52.86547,46.93187,47.91652
1996-04-19,768.2091,2180.73559,1647.02161,53.20346,47.23772,48.22776
1996-04-22,770.7313,2188.15537,1652.59207,53.82786,47.79785,48.7986
1996-04-23,768.40605,2181.81873,1647.77277,53.72953,47.71658,48.71458
1996-04-24,766.86683,2177.71143,1644.6374,53.66888,47.66875,48.6647
1996-04-25,764.02694,2169.91116,1638.71303,53.64961,47.65765,48.65231
1996-04-26,767.34242,2179.58583,1645.98602,54.04223,48.01228,49.0133
1996-04-29,764.42578,2171.56595,1639.89601,53.4257,47.4708,48.45948
1996-04-30,760.68402,2161.20126,1632.03541,53.46187,47.50891,48.49733
1996-05-01,758.87053,2156.30993,1628.30858,NA,NA,NA
1996-05-02,757.56269,2152.85359,1625.66557,53.55954,47.60764,48.59603
1996-05-03,752.8816,2139.81481,1615.78631,52.93468,47.05843,48.03437
1996-05-06,753.29288,2141.23998,1616.82979,52.84519,46.98483,47.95821
1996-05-07,753.57512,2142.29878,1617.59657,52.85233,46.99709,47.96969
1996-05-08,750.85978,2134.83939,1611.93124,52.61569,46.79266,47.76
1996-05-09,753.4449,2142.44384,1617.64035,52.56209,46.75091,47.71635
1996-05-10,755.55062,2148.68706,1622.32149,52.71736,46.89485,47.86224
1996-05-13,751.38837,2137.11289,1613.54942,52.90166,47.06463,48.03449
1996-05-14,755.02295,2147.70484,1621.51364,53.23861,47.37022,48.34534
1996-05-15,757.22997,2154.23895,1626.41402,53.38566,47.50698,48.48388
1996-05-16,754.06532,2145.49779,1619.78143,NA,NA,NA
1996-05-17,761.97506,2168.25832,1636.93118,53.62982,47.73617,48.71569
1996-05-20,759.44013,2161.30777,1631.65055,53.57587,47.69417,48.67178
1996-05-21,759.8443,2162.71684,1632.68131,53.75545,47.85999,48.83995
1996-05-22,755.08951,2149.44876,1622.6314,53.44489,47.58962,48.56299
1996-05-23,755.23971,2150.13396,1623.11584,53.54179,47.68186,48.65608
1996-05-24,754.97807,2149.64714,1622.7155,53.48872,47.64061,48.61294
1996-05-27,755.34834,2150.95886,1623.67287,NA,NA,NA
1996-05-28,756.15839,2153.52291,1625.57552,53.65888,47.80413,48.7777
1996-05-29,756.77057,2155.52413,1627.05325,53.70666,47.8527,48.82621
1996-05-30,758.07131,2159.48657,1630.0113,53.17616,47.38624,48.3492
1996-05-31,765.16793,2179.95937,1645.43072,53.82868,47.97345,48.94731
1996-06-03,763.96142,2176.78461,1643.00107,53.45277,47.64461,48.61074
1996-06-04,765.3691,2181.05556,1646.19146,53.68808,47.86027,48.82972
1996-06-05,766.25114,2183.82997,1648.2522,53.86175,48.02106,48.99272
1996-06-06,767.08117,2186.45679,1650.20146,53.74381,47.92199,48.8906
1996-06-07,757.78072,2160.22278,1630.36688,53.12609,47.37743,48.33397
1996-06-10,760.76577,2168.98967,1636.95034,53.63063,47.83318,48.79788
1996-06-11,763.57665,2177.26211,1643.16038,53.75116,47.94666,48.9126
1996-06-12,765.73205,2183.66769,1647.96133,53.97207,48.14968,49.11866
1996-06-13,763.19975,2176.71086,1642.67765,53.76771,47.97349,48.93787
1996-06-14,765.45906,2183.41417,1647.70308,53.54051,47.77689,48.73626
1996-06-17,769.40245,2194.92226,1656.35405,53.64551,47.87657,48.8369
1996-06-18,771.23206,2200.40365,1660.45693,53.66661,47.90143,48.8612
1996-06-19,769.36211,2195.33432,1656.59783,53.67251,47.91272,48.87167
1996-06-20,764.70911,2182.32628,1646.74796,53.48379,47.75036,48.705
1996-06-21,763.96412,2180.46261,1645.30833,53.55104,47.81639,48.7713
1996-06-24,764.5171,2182.30191,1646.66292,53.75276,48.00246,48.96004
1996-06-25,763.41586,2179.42119,1644.4559,53.69252,47.95473,48.9103
1996-06-26,766.25842,2187.7959,1650.74157,53.7333,47.99717,48.95254
1996-06-27,765.49904,2185.89078,1649.27068,53.47094,47.76895,48.71872
1996-06-28,772.18474,2205.24191,1663.83721,53.94223,48.19585,49.15306
1996-07-01,773.47351,2209.18594,1666.77929,53.99792,48.25165,49.20891
1996-07-02,772.82561,2207.6009,1665.54967,54.07298,48.32478,49.28243
1996-07-03,772.96252,2208.2566,1666.01068,54.12566,48.37793,49.33557
1996-07-04,778.67807,2224.84786,1678.49369,54.24489,48.49055,49.44936
1996-07-05,771.45932,2204.4991,1663.10703,53.90013,48.18858,49.14035
1996-07-08,767.24643,2192.73,1654.19417,53.73825,48.04997,48.99796
1996-07-09,770.85554,2203.30558,1662.13873,53.86223,48.16684,49.11607
1996-07-10,771.17827,2204.49196,1663.0001,53.90192,48.20839,49.15738
1996-07-11,770.47662,2202.75121,1661.65327,53.89575,48.20894,49.15689
1996-07-12,763.59063,2183.33812,1646.9744,53.19808,47.59119,48.52593
1996-07-15,758.79542,2169.89502,1636.79992,53.04908,47.46394,48.39513
1996-07-16,753.26218,2154.33929,1625.03211,52.02887,46.55746,47.46982
1996-07-17,756.26686,2163.18932,1631.67475,51.80477,46.36287,47.2704
1996-07-18,758.78972,2170.66346,1637.27933,52.18505,46.70891,47.6222
1996-07-19,763.30432,2183.83657,1647.18206,52.44218,46.94486,47.86173
1996-07-22,755.26198,2161.10048,1629.99865,51.80054,46.37661,47.28135
1996-07-23,757.69823,2168.32916,1635.41779,51.78173,46.36561,47.26912
1996-07-24,746.41055,2136.30352,1611.22827,51.07785,45.74143,46.63176
1996-07-25,755.31297,2162.03769,1630.60356,51.38296,46.02032,46.91508
1996-07-26,752.15925,2153.27326,1623.96018,51.41918,46.05855,46.95304
1996-07-29,754.45544,2160.10351,1629.07853,51.57214,46.20131,47.09756
1996-07-30,753.23796,2156.87795,1626.6129,51.38101,46.03596,46.928
1996-07-31,761.07524,2179.57655,1643.69725,51.655,46.28716,47.18305
1996-08-01,766.15816,2194.39234,1654.83672,52.15304,46.73911,47.64273
1996-08-02,771.53549,2210.05482,1666.6142,52.72328,47.25584,48.16843
1996-08-05,773.09967,2214.79928,1670.1583,52.69903,47.24007,48.15132
1996-08-06,769.93374,2205.99867,1663.48778,52.77387,47.31308,48.2247
1996-08-07,773.67889,2216.99178,1671.74356,53.03058,47.54909,48.46422
1996-08-08,775.01094,2221.07367,1674.78772,53.1675,47.6778,48.59437
1996-08-09,774.34222,2219.42418,1673.51002,52.95626,47.49445,48.40644
1996-08-12,774.23492,2219.38286,1673.44501,52.85842,47.41272,48.3221
1996-08-13,776.13903,2225.10594,1677.7264,53.02137,47.5648,48.47605
1996-08-14,775.395,2223.2404,1676.28582,53.13991,47.67709,48.58945
1996-08-15,776.48752,2226.63866,1678.81414,NA,NA,NA
1996-08-16,777.61691,2230.14343,1681.42266,53.47151,47.98653,48.90271
1996-08-19,777.94359,2231.34747,1682.29644,53.46468,47.98645,48.90158
1996-08-20,782.76021,2245.42826,1692.8781,53.82518,48.31593,49.23629
1996-08-21,782.48025,2244.89468,1692.44156,53.59623,48.11658,49.03208
1996-08-22,783.10047,2246.94274,1693.95138,53.91185,48.40589,49.32584
1996-08-23,788.22714,2261.91993,1705.20789,54.05728,48.54251,49.46399
1996-08-26,789.85006,2266.8472,1708.88793,53.87845,48.38809,49.30559
1996-08-27,790.69098,2269.53177,1710.87716,53.88144,48.39687,49.31347
1996-08-28,791.55137,2272.27284,1712.90889,54.02805,48.53461,49.45275
1996-08-29,785.19334,2254.30211,1699.32655,53.59408,48.15102,49.06084
1996-08-30,782.2074,2246.00316,1693.03606,53.5233,48.09352,49.0012
1996-09-02,779.60992,2238.81703,1687.58471,53.32066,47.91755,48.82086
1996-09-03,775.93815,2228.54559,1679.80779,53.21449,47.82821,48.72878
1996-09-04,780.20251,2241.05829,1689.20522,53.43605,48.03329,48.93668
1996-09-05,780.98593,2243.57671,1691.06932,53.38568,47.99409,48.89568
1996-09-06,780.65457,2242.89414,1690.52062,53.43369,48.04328,48.94474
1996-09-09,785.20575,2256.23696,1700.5429,53.88371,48.4538,49.36191
1996-09-10,782.32043,2248.21998,1694.4658,54.08698,48.64261,49.5532
1996-09-11,779.2039,2239.53693,1687.88692,54.04586,48.61177,49.52072
1996-09-12,783.08522,2250.95891,1696.46104,54.46123,48.99136,49.90634
1996-09-13,788.97944,2268.16943,1709.3971,54.8321,49.33103,50.25127
1996-09-16,793.80935,2282.32436,1720.02999,55.17649,49.64697,50.57203
1996-09-17,789.52932,2270.29754,1710.93098,54.83128,49.34272,50.26102
1996-09-18,789.39791,2270.19202,1710.81684,54.82649,49.34462,50.26188
1996-09-19,788.03019,2266.53226,1708.02417,54.64942,49.19154,50.10486
1996-09-20,790.43415,2273.71677,1713.40368,54.98539,49.50002,50.418
1996-09-23,784.88972,2258.04787,1701.56076,54.59105,49.1514,50.06182
1996-09-24,786.85994,2263.98542,1706.00057,54.61137,49.17587,50.08567
1996-09-25,795.52526,2289.18724,1724.95553,55.03889,49.56689,50.48285
1996-09-26,792.86639,2281.81356,1719.3642,55.28589,49.79549,50.71459
1996-09-27,794.39605,2286.48835,1722.85189,55.45416,49.95327,50.87418
1996-09-30,797.23054,2294.91924,1729.16954,55.74947,50.22547,51.15031
1996-10-01,800.29712,2304.02016,1735.99178,55.85722,50.32884,51.25448
1996-10-02,806.06316,2320.89438,1748.67026,56.24626,50.68558,51.61668
1996-10-03,804.88422,2317.77931,1746.28778,56.34747,50.78313,51.71491
1996-10-04,807.43616,2325.40432,1751.99731,56.53963,50.96265,51.89661
1996-10-07,809.22673,2330.83874,1756.05621,56.63793,51.05764,51.99222
1996-10-08,811.48379,2337.61783,1761.12801,56.6335,51.06007,51.99358
1996-10-09,807.85954,2327.46212,1753.44089,56.50623,50.9518,51.88222
1996-10-10,804.26764,2317.3971,1745.82241,56.30879,50.78025,51.70641
1996-10-11,808.65234,2330.30681,1755.51241,56.49423,50.95381,51.88203
1996-10-14,811.72784,2339.44718,1762.36258,56.75873,51.19871,52.13027
1996-10-15,814.35657,2347.30221,1768.24423,57.19287,51.59662,52.5343
1996-10-16,810.51318,2336.51008,1760.07829,56.95937,51.39254,52.32538
1996-10-17,810.81636,2337.66401,1760.91193,56.95335,51.39358,52.32531
1996-10-18,816.54651,2354.46263,1773.52987,57.42471,51.82524,52.76367
1996-10-21,819.32942,2362.7676,1779.74973,57.45945,51.86311,52.80109
1996-10-22,819.28896,2362.93428,1779.83928,57.32393,51.74736,52.68211
1996-10-23,815.14521,2351.27154,1771.01812,56.65504,51.15029,52.07312
1996-10-24,811.71705,2341.66903,1763.74921,56.47931,50.99814,51.9171
1996-10-25,815.83459,2353.82617,1772.87007,56.76581,51.26316,52.18578
1996-10-28,819.8731,2365.75815,1781.82099,56.92061,51.40935,52.33348
1996-10-29,814.0249,2349.17443,1769.29387,56.1905,50.75666,51.66793
1996-10-30,815.76061,2354.46392,1773.24186,56.15151,50.72785,51.63749
1996-10-31,814.28367,2350.48498,1770.20921,56.15983,50.74175,51.65053
1996-11-01,813.31132,2347.96101,1768.27249,56.24728,50.82712,51.73632
1996-11-04,814.47238,2351.59356,1770.97243,56.17285,50.76628,51.67328
1996-11-05,818.20353,2362.64636,1779.26022,56.40362,50.98116,51.89088
1996-11-06,823.67159,2378.71695,1791.32622,56.96378,51.49371,52.41145
1996-11-07,823.32321,2377.99642,1790.74737,56.57015,51.1445,52.05489
1996-11-08,825.35941,2384.16132,1795.35357,56.75888,51.3215,52.23392
1996-11-11,828.55172,2393.66676,1802.47504,56.83164,51.39373,52.30631
1996-11-12,832.30687,2404.80028,1810.82214,56.94254,51.50045,52.4138
1996-11-13,831.97816,2404.13922,1810.28771,57.09786,51.64736,52.56219
1996-11-14,836.10589,2416.35315,1819.4478,57.31401,51.8493,52.76658
1996-11-15,843.12232,2436.9181,1834.89514,57.81301,52.30709,53.23133
1996-11-18,844.60664,2441.49944,1838.30757,57.89221,52.3853,53.30978
1996-11-19,847.21999,2449.34493,1844.1775,57.93126,52.42722,53.35129
1996-11-20,848.26178,2452.64967,1846.62843,57.8719,52.38013,53.30222
1996-11-21,849.20825,2455.67965,1848.87238,57.97699,52.4818,53.40453
1996-11-22,854.60952,2471.59076,1860.81399,58.33668,52.81388,53.74131
1996-11-25,853.84501,2469.67686,1859.33538,58.67188,53.12389,54.0556
1996-11-26,851.0772,2461.9704,1853.49563,59.0217,53.4472,54.38342
1996-11-27,846.72806,2449.68988,1844.21231,58.56755,53.04284,53.9708
1996-11-28,850.39398,2460.58754,1852.37897,59.08624,53.5191,54.45423
1996-11-29,854.06869,2471.5132,1860.56637,59.40732,53.81656,54.75572
1996-12-02,851.15805,2463.38999,1854.41332,59.43069,53.8445,54.78297
1996-12-03,845.66198,2447.78594,1842.62863,59.80258,54.18809,55.13137
1996-12-04,839.15682,2429.25886,1828.64385,59.30914,53.74797,54.68239
1996-12-05,841.49336,2436.31263,1833.91658,59.503,53.93035,54.86677
1996-12-06,830.43342,2404.60014,1810.00642,57.79075,52.38584,53.29426
1996-12-09,834.67247,2417.1609,1819.42438,58.75587,53.26697,54.18952
1996-12-10,839.83346,2432.39439,1830.85362,59.12391,53.60721,54.53449
1996-12-11,832.93714,2412.72175,1816.00817,58.29743,52.86488,53.77814
1996-12-12,832.74178,2412.44535,1815.76339,58.33952,52.90969,53.82257
1996-12-13,826.33174,2394.17341,1801.97321,57.66058,52.30084,53.20205
1996-12-16,833.74337,2415.93235,1818.31283,58.69047,53.24124,54.15751
1996-12-17,832.30398,2412.05258,1815.35592,58.3647,52.95252,53.86267
1996-12-18,835.82789,2422.55228,1823.22131,58.69613,53.25978,54.17404
1996-12-19,837.47923,2427.62781,1827.00427,58.92985,53.47848,54.39533
1996-12-20,847.47749,2456.89935,1848.9954,59.67161,54.15811,55.08545
1996-12-23,849.2351,2462.28814,1853.01343,59.61859,54.11683,55.04227
1996-12-24,848.29344,2459.85402,1851.14409,59.63349,54.13716,55.06176
1996-12-25,848.29344,2460.14899,1851.32862,NA,NA,NA
1996-12-26,849.1845,2463.02747,1853.45731,NA,NA,NA
1996-12-27,855.76229,2482.39905,1867.99655,60.19224,54.66481,55.59484
1996-12-30,860.64799,2496.86688,1878.84543,60.51651,54.96607,55.90004
1996-12-31,869.12948,2521.77008,1897.54564,60.91788,55.33742,56.27649
1997-01-01,869.12948,2522.07247,1897.73479,NA,NA,NA
1997-01-02,854.01604,2478.5407,1864.93853,59.60656,54.16046,55.07716
1997-01-03,855.71484,2483.76698,1868.83322,59.93461,54.46524,55.38592
1997-01-06,856.15743,2485.3491,1869.98583,60.49609,54.98215,55.91037
1997-01-07,856.99895,2488.08928,1872.00973,60.40496,54.90628,55.83201
1997-01-08,859.3297,2495.15285,1877.28636,60.92604,55.38667,56.3193
1997-01-09,861.36322,2501.3552,1881.91482,61.15905,55.60539,56.54049
1997-01-10,856.50314,2487.54777,1871.48812,60.85824,55.339,56.2684
1997-01-13,863.27342,2507.50663,1886.46553,61.7287,56.13719,57.07879
1997-01-14,870.60427,2529.09845,1902.67074,62.20227,56.57477,57.52249
1997-01-15,873.77173,2538.60127,1909.78122,62.82197,57.14532,58.10136
1997-01-16,879.09588,2554.3717,1921.60625,63.07056,57.37856,58.33725
1997-01-17,875.01344,2542.82065,1912.87735,63.05574,57.37231,58.32963
1997-01-20,868.98821,2525.62392,1899.90143,63.32802,57.62719,58.58751
1997-01-21,866.36053,2518.29258,1894.34781,63.1837,57.50316,58.46016
1997-01-22,868.28577,2524.18941,1898.74526,63.97741,58.23248,59.20036
1997-01-23,870.79732,2531.79175,1904.42542,64.29189,58.52595,59.49743
1997-01-24,865.31633,2516.16672,1892.63306,63.47643,57.79128,58.74928
1997-01-27,859.80784,2500.45795,1880.77819,63.40592,57.73438,58.69017
1997-01-28,858.42207,2496.72914,1877.93536,63.9154,58.20539,59.16772
1997-01-29,856.1269,2490.35549,1873.10323,63.37921,57.72462,58.67772
1997-01-30,862.43106,2508.98964,1887.08032,63.74385,58.06386,59.02131
1997-01-31,870.09579,2531.58639,1904.03699,64.24009,58.52304,59.48678
1997-02-03,868.97694,2528.63568,1901.77916,64.5754,58.83575,59.80337
1997-02-04,871.16662,2535.30915,1906.75974,64.55245,58.82226,59.78837
1997-02-05,878.82236,2557.89083,1923.70364,65.37339,59.57746,60.55469
1997-02-06,878.71819,2557.89445,1923.66745,65.30481,59.52249,60.49751
1997-02-07,879.59998,2560.76731,1925.78907,65.87191,60.04668,61.02898
1997-02-10,888.62205,2587.33796,1945.73113,66.16961,60.32551,61.31106
1997-02-11,884.39833,2575.35539,1936.68024,66.41243,60.5544,61.54237
1997-02-12,881.71726,2567.85994,1931.00425,66.66129,60.78885,61.77932
1997-02-13,882.71895,2571.08432,1933.38988,66.67964,60.81323,61.80277
1997-02-14,885.0059,2578.05225,1938.59043,67.03686,61.14656,62.14019
1997-02-17,880.81744,2566.1653,1929.61232,67.03173,61.14958,62.14193
1997-02-18,879.87481,2563.72769,1927.7403,67.32747,61.42697,62.42248
1997-02-19,880.61168,2566.18157,1929.54645,67.05093,61.18249,62.1727
1997-02-20,880.01654,2564.75553,1928.43514,66.76256,60.92717,61.9119
1997-02-21,881.21152,2568.54486,1931.24531,66.74369,60.91763,61.90087
1997-02-24,886.01858,2582.86206,1941.9708,66.79104,60.9685,61.95123
1997-02-25,892.32622,2601.5569,1955.98703,67.22615,61.37321,62.36113
1997-02-26,885.65407,2582.42529,1941.56249,66.64346,60.84918,61.82732
1997-02-27,886.09141,2584.0098,1942.71451,67.32227,61.47641,62.4633
1997-02-28,880.18465,2567.10216,1929.963,66.94877,61.14321,62.12341
1997-03-03,876.29038,2556.05677,1921.61962,66.73347,60.95435,61.93018
1997-03-04,883.80321,2578.27505,1938.28347,67.84675,61.97852,62.96942
1997-03-05,885.40147,2583.24556,1941.98096,68.16005,62.27242,63.26667
1997-03-06,893.21877,2606.3606,1959.31782,68.93705,62.98988,63.99422
1997-03-07,894.15274,2609.39769,1961.56131,68.91226,62.97517,63.97789
1997-03-10,904.36626,2639.51448,1984.15999,69.40711,63.43515,64.44382
1997-03-11,906.05176,2644.74911,1988.05478,69.53039,63.55577,64.56497
1997-03-12,897.21448,2619.28302,1968.87048,68.85222,62.94411,63.94221
1997-03-13,892.62335,2606.19962,1958.99563,68.11903,62.28201,63.26824
1997-03-14,897.30047,2620.1656,1969.45349,68.92505,63.02654,64.02319
1997-03-17,885.97602,2587.42866,1944.8051,67.43599,61.67336,62.64724
1997-03-18,882.60787,2577.90637,1937.60819,67.1389,61.40953,62.37789
1997-03-19,884.10247,2582.57979,1941.08162,67.12471,61.40429,62.37122
1997-03-20,866.93377,2532.76299,1903.5971,65.57747,59.99717,60.9406
1997-03-21,875.43553,2557.90245,1922.45216,66.76677,61.09242,62.05176
1997-03-24,871.28858,2546.09738,1913.5405,66.3468,60.71598,61.66808
1997-03-25,882.75149,2579.8982,1938.90343,67.05112,61.36793,62.32892
1997-03-26,892.9049,2609.87951,1961.39512,67.95161,62.19952,63.17219
1997-03-27,903.01535,2639.74228,1983.79682,68.26564,62.49469,63.47062
1997-03-28,903.67037,2641.97305,1985.43315,NA,NA,NA
1997-03-31,907.14753,2652.45363,1993.26896,NA,NA,NA
1997-04-01,884.11434,2585.45655,1942.87835,66.34007,60.75573,61.70047
1997-04-02,880.2554,2574.48631,1934.59496,66.15788,60.59659,61.53753
1997-04-03,873.38758,2554.718,1919.70008,65.63048,60.12134,61.05358
1997-04-04,875.12099,2560.09343,1923.7005,65.8678,60.34622,61.28063
1997-04-07,876.59613,2564.71472,1927.1341,66.93665,61.33271,62.28108
1997-04-08,875.7849,2562.64957,1925.54332,67.31945,61.69106,62.64363
1997-04-09,880.43312,2576.55576,1935.95302,67.78352,62.12394,63.08184
1997-04-10,881.115,2578.85967,1937.64496,67.74695,62.09826,63.05441
1997-04-11,873.99899,2558.35142,1922.19582,67.48335,61.86454,62.81574
1997-04-14,868.68998,2543.12459,1910.71581,66.99099,61.42114,62.36416
1997-04-15,878.10884,2571.00147,1931.62061,68.0399,62.39023,63.34679
1997-04-16,879.84936,2576.40455,1935.6409,67.97689,62.34033,63.29476
1997-04-17,885.00382,2591.80453,1947.17132,68.40521,62.74083,63.70003
1997-04-18,885.84119,2594.56695,1949.20729,68.13419,62.50025,63.4544
1997-04-21,891.68204,2611.98301,1962.25147,68.17157,62.54239,63.49582
1997-04-22,890.49364,2608.81626,1959.8327,68.19348,62.57036,63.52285
1997-04-23,894.93153,2622.12814,1969.79315,68.8153,63.14857,64.1085
1997-04-24,895.53243,2624.20271,1971.31176,69.04282,63.36524,64.32707
1997-04-25,887.04162,2599.6486,1952.82555,68.30427,62.69566,63.64595
1997-04-28,886.67437,2598.88437,1952.21195,68.7764,63.13675,64.09236
1997-04-29,899.37569,2636.42286,1980.36843,69.78625,64.0714,65.03977
1997-04-30,901.19556,2642.07246,1984.57208,69.7365,64.03381,65.00021
1997-05-01,906.79428,2658.80076,1997.09685,NA,NA,NA
1997-05-02,906.99419,2659.70557,1997.73608,70.17284,64.4505,65.42039
1997-05-05,913.30291,2678.52184,2011.82827,70.78563,65.02123,65.99829
1997-05-06,924.709,2712.29276,2037.15121,71.63806,65.81214,66.79967
1997-05-07,926.34002,2717.40077,2040.94651,71.33034,65.53784,66.51981
1997-05-08,930.14173,2728.87668,2049.52421,NA,NA,NA
1997-05-09,939.11575,2755.52965,2069.49946,71.74181,65.9323,66.91732
1997-05-12,946.03149,2776.14937,2084.94312,72.08206,66.25319,67.24156
1997-05-13,953.18588,2797.47427,2100.91572,72.79768,66.91903,67.91589
1997-05-14,957.35303,2810.03743,2110.30801,73.2433,67.33694,68.33856
1997-05-15,957.94133,2812.10067,2111.81479,72.64296,66.79371,67.78577
1997-05-16,962.75747,2826.57349,2122.64051,73.34376,67.44625,68.44655
1997-05-19,954.63296,2803.07086,2104.94699,NA,NA,NA
1997-05-20,953.95378,2801.41337,2103.6597,72.57867,66.75984,67.74703
1997-05-21,965.88115,2836.77361,2130.16848,73.08102,67.23016,68.22284
1997-05-22,960.60593,2821.62719,2118.7512,72.95209,67.12005,68.10964
1997-05-23,964.26742,2832.71839,2127.03655,73.30621,67.4542,68.44725
1997-05-26,965.63747,2837.08181,2130.26992,73.2329,67.39526,68.38597
1997-05-27,961.4894,2825.23975,2121.33466,73.32346,67.48706,68.47765
1997-05-28,955.30779,2807.42256,2107.91298,72.96608,67.16674,68.15115
1997-05-29,954.11218,2804.24678,2105.4858,72.9128,67.12617,68.10852
1997-05-30,938.20743,2757.8612,2070.61343,71.7036,66.02182,66.98653
1997-06-02,936.31559,2752.63283,2066.64595,72.33946,66.61538,67.58733
1997-06-03,940.65867,2765.72856,2076.43604,72.70697,66.96208,67.93764
1997-06-04,941.17955,2767.59127,2077.79252,72.88834,67.13748,68.11413
1997-06-05,946.26196,2782.8657,2089.21757,73.24319,67.47268,68.45273
1997-06-06,954.90238,2808.60745,2108.49982,74.36412,68.51341,69.50711
1997-06-09,964.7158,2837.80549,2130.37577,74.18132,68.35368,69.34357
1997-06-10,965.57756,2840.68,2132.49061,74.2151,68.3934,69.38237
1997-06-11,966.9745,2845.12928,2135.78753,74.40059,68.57289,69.56297
1997-06-12,974.34341,2867.14923,2152.27363,75.27085,69.38332,70.3836
1997-06-13,978.50034,2879.72306,2161.66865,75.75855,69.84145,70.84682
1997-06-16,979.58165,2883.24979,2164.27228,75.88909,69.97054,70.97624
1997-06-17,969.28506,2853.30411,2141.74867,75.20416,69.34808,70.3433
1997-06-18,972.01355,2861.67634,2147.98964,75.09086,69.25237,70.24471
1997-06-19,979.44938,2883.90831,2164.63294,75.78527,69.90128,70.9014
1997-06-20,979.45157,2884.26059,2164.85357,75.63886,69.77509,70.77188
1997-06-23,984.05054,2898.14687,2175.23222,75.76755,69.90253,70.89962
1997-06-24,985.52342,2902.83105,2178.70397,75.84771,69.98527,70.98201
1997-06-25,998.42009,2941.16406,2207.42867,76.83353,70.90337,71.91166
1997-06-26,999.4089,2944.42879,2209.8343,77.05814,71.11949,72.12931
1997-06-27,994.08911,2929.11553,2198.29623,76.83005,70.91802,71.92342
1997-06-30,983.66922,2898.77943,2175.48304,76.44849,70.57488,71.57387
1997-07-01,1000.40071,2948.43279,2212.70016,77.77634,71.80915,72.82407
1997-07-02,999.22038,2945.30879,2210.31089,77.91214,71.94352,72.95877
1997-07-03,1020.87517,3009.49407,2258.42987,79.63597,73.54377,74.58003
1997-07-04,1023.22321,3016.77522,2263.84817,79.70588,73.61757,74.65327
1997-07-07,1032.39209,3044.16677,2284.35656,80.14294,74.03036,75.07026
1997-07-08,1026.69276,3027.73366,2271.97827,80.05424,73.95778,74.99505
1997-07-09,1029.73146,3037.05588,2278.92753,80.58445,74.45675,75.4994
1997-07-10,1026.94118,3029.19357,2272.98156,80.08072,74.00087,75.03551
1997-07-11,1027.5894,3031.46833,2274.64248,80.35955,74.26775,75.30451
1997-07-14,1029.27366,3036.79926,2278.59648,81.72078,75.53468,76.5875
1997-07-15,1025.58398,3026.28153,2270.65834,81.56052,75.39612,76.44536
1997-07-16,1041.69931,3074.1964,2306.56093,82.76718,76.52066,77.58391
1997-07-17,1040.66507,3071.51384,2304.50151,82.8724,76.62754,77.6906
1997-07-18,1025.94355,3028.45407,2272.14558,81.87077,75.71139,76.76007
1997-07-21,1011.75813,2986.9652,2240.96968,80.54851,74.49861,75.52883
1997-07-22,1023.11664,3020.85411,2266.34803,82.10764,75.94948,76.99814
1997-07-23,1037.94375,3064.9934,2299.4147,83.9031,77.61923,78.68929
1997-07-24,1027.25126,3033.80218,2275.96639,83.33785,77.10629,78.16758
1997-07-25,1023.80313,3023.98648,2268.55632,83.17333,76.96384,78.02149
1997-07-28,1019.24548,3010.89275,2258.68726,83.23413,77.02977,78.08665
1997-07-29,1019.44928,3011.85564,2259.36391,82.95004,76.77665,77.82838
1997-07-30,1028.30817,3038.38659,2279.21965,84.1228,77.8714,78.93645
1997-07-31,1028.32998,3038.81536,2279.49518,83.57974,77.37869,78.4353
1997-08-01,1017.80312,3008.0872,2256.39753,83.48889,77.30436,78.35826
1997-08-04,1003.85356,2967.24154,2225.71093,83.17567,77.02418,78.07258
1997-08-05,1002.41101,2963.33484,2222.73544,83.37068,77.21441,78.26372
1997-08-06,1011.44577,2990.39599,2242.9875,84.65913,78.417,79.48096
1997-08-07,1022.71498,3024.07016,2268.19846,85.31785,79.0368,80.10746
1997-08-08,1015.98284,3004.53539,2253.49977,84.15684,77.97162,79.02613
1997-08-11,1012.41234,2994.34087,2245.80768,83.58523,77.45204,78.49782
1997-08-12,1013.22746,2997.11006,2247.83919,83.87325,77.72857,78.7764
1997-08-13,1003.64081,2969.12607,2226.80432,82.48121,76.4488,77.47767
1997-08-14,995.27716,2944.75112,2208.47728,81.48893,75.53906,76.55402
1997-08-15,992.60267,2937.19409,2202.76487,NA,NA,NA
1997-08-18,980.71415,2902.38499,2176.6132,79.52571,73.73866,74.72618
1997-08-19,994.59447,2943.80979,2207.63315,81.10044,75.20755,76.21313
1997-08-20,997.38818,2952.42975,2214.05273,82.03643,76.08468,77.10034
1997-08-21,1000.46747,2961.89697,2221.10741,82.21273,76.25771,77.27402
1997-08-22,988.632,2927.23078,2195.0647,79.93901,74.15908,75.14576
1997-08-25,987.50642,2924.25018,2192.78516,80.18752,74.39888,75.38713
1997-08-26,984.15508,2914.68053,2185.56462,78.82964,73.14886,74.11888
1997-08-27,984.47782,2915.98558,2186.499,79.31109,73.60467,74.57914
1997-08-28,975.79715,2890.63573,2167.44546,78.41759,72.78503,73.74705
1997-08-29,968.11395,2868.23275,2150.60251,77.50236,71.94503,72.89435
1997-09-01,975.13898,2889.38697,2166.41984,78.71756,73.08174,74.04449
1997-09-02,986.39272,2923.07656,2191.63448,80.01573,74.29572,75.27287
1997-09-03,993.34064,2944.01373,2207.28761,80.61656,74.86275,75.84574
1997-09-04,992.78973,2942.73448,2206.28382,80.68366,74.93446,75.91676
1997-09-05,1001.11857,2967.7721,2225.01004,81.06804,75.30076,76.28623
1997-09-08,997.77168,2958.21008,2217.79589,80.36733,74.65962,75.63506
1997-09-09,995.15819,2950.81917,2212.20983,80.48152,74.77507,75.75038
1997-09-10,985.54823,2922.69166,2191.07669,79.40461,73.78431,74.74507
1997-09-11,975.54764,2893.3995,2169.07123,78.13307,72.6125,73.55639
1997-09-12,982.25883,2913.64853,2184.20672,78.15042,72.63777,73.58041
1997-09-15,993.75061,2948.08341,2209.975,78.09568,72.59605,73.53656
1997-09-16,1003.73383,2978.05071,2232.39353,79.59229,73.9959,74.95296
1997-09-17,1016.75535,3017.04035,2261.57374,80.54486,74.89049,75.85751
1997-09-18,1025.52361,3043.4175,2281.29939,81.02027,75.34178,76.313
1997-09-19,1023.64429,3038.20718,2277.34757,81.26648,75.58014,76.55278
1997-09-22,1029.57942,3056.18431,2290.7762,82.35543,76.60204,77.58619
1997-09-23,1027.2298,3049.57874,2285.77848,82.18994,76.45781,77.43844
1997-09-24,1041.93421,3093.59648,2318.72299,82.33158,76.59915,77.57992
1997-09-25,1044.14179,3100.52034,2323.86565,82.63983,76.89548,77.87837
1997-09-26,1051.67242,3123.25089,2340.85472,82.66236,76.92612,77.90773
1997-09-29,1055.83169,3135.97512,2350.34391,83.12316,77.36447,78.35
1997-09-30,1060.52809,3150.29752,2361.03045,83.68039,77.89265,78.88322
1997-10-01,1067.42672,3171.16461,2376.62125,84.39149,78.56413,79.56154
1997-10-02,1073.28856,3188.95662,2389.90696,84.74815,78.90593,79.90597
1997-10-03,1083.48911,3219.64394,2412.85553,86.04085,80.119,81.1327
1997-10-06,1079.68091,3208.71816,2404.61845,84.89423,79.0618,80.06037
1997-10-07,1083.42904,3220.2397,2413.20393,84.7716,78.95759,79.95312
1997-10-08,1078.69868,3206.57169,2402.91206,84.72599,78.92507,79.91847
1997-10-09,1064.44971,3164.62097,2371.42454,82.9688,77.29874,78.26995
1997-10-10,1055.87809,3139.52885,2352.57255,82.43967,76.81569,77.77915
1997-10-13,1072.90407,3190.52926,2390.73874,84.0754,78.34894,79.32995
1997-10-14,1071.41266,3186.4783,2387.65482,83.99599,78.28484,79.26334
1997-10-15,1069.11934,3180.04229,2382.78383,83.74893,78.06452,79.03856
1997-10-16,1068.85571,3179.6397,2382.43396,83.50488,77.84695,78.81657
1997-10-17,1048.68799,3120.05657,2337.73825,82.47944,76.90116,77.8573
1997-10-20,1047.48413,3116.85017,2335.28847,82.81482,77.22342,78.18189
1997-10-21,1055.49327,3141.05255,2353.37404,83.68151,78.04102,79.00796
1997-10-22,1048.5747,3120.84935,2338.18876,83.29085,77.68666,78.64751
1997-10-23,1017.82363,3029.74249,2269.87878,80.40471,75.0055,75.93149
1997-10-24,1020.26885,3037.38271,2275.55686,80.89615,75.47321,76.40334
1997-10-27,1000.18975,2978.00106,2231.01993,78.53145,73.27736,74.17878
1997-10-28,975.95079,2906.22366,2177.198,75.06494,70.05321,70.91337
1997-10-29,1009.71301,3007.12442,2252.73523,78.28554,73.0665,73.96214
1997-10-30,998.55484,2974.27041,2228.07596,76.40879,71.32474,72.19743
1997-10-31,1006.86084,2999.36422,2246.82825,77.37463,72.23496,73.11723
1997-11-03,1021.05787,3042.01419,2278.72979,79.17911,73.92805,74.82943
1997-11-04,1021.52962,3043.78403,2280.00945,78.32373,73.13901,74.02916
1997-11-05,1026.52664,3059.03564,2291.38759,79.09348,73.86675,74.76416
1997-11-06,1021.91945,3045.67872,2281.33573,78.47692,73.30045,74.18938
1997-11-07,1005.64295,2997.55927,2245.24355,76.41201,71.3817,72.24576
1997-11-10,1007.90303,3004.6538,2250.51207,77.19808,72.12474,72.99624
1997-11-11,1009.46154,3009.65895,2254.21544,76.72207,71.68926,72.55392
1997-11-12,993.87926,2963.58601,2219.65898,75.73435,70.77571,71.62779
1997-11-13,993.96815,2964.20635,2220.0787,76.23047,71.24809,72.10432
1997-11-14,995.01728,2967.68965,2222.64266,76.57837,71.58211,72.44079
1997-11-17,1015.72157,3029.7989,2269.11024,78.57109,73.45314,74.33271
1997-11-18,1020.7595,3045.18719,2280.58881,78.51827,73.41303,74.29052
1997-11-19,1016.13126,3031.75079,2270.47951,78.28565,73.20486,74.07827
1997-11-20,1034.37147,3086.53633,2311.45925,79.53746,74.38421,75.27009
1997-11-21,1039.61868,3102.56122,2323.41298,80.79675,75.57085,76.46924
1997-11-24,1026.49814,3063.79723,2294.33474,79.14682,74.03773,74.91625
1997-11-25,1018.40839,3040.03035,2276.48938,78.87617,73.79397,74.66798
1997-11-26,1019.32802,3043.13929,2278.77142,79.51528,74.40097,75.28057
1997-11-27,1022.36042,3052.55522,2285.7761,80.14327,74.99772,75.88275
1997-11-28,1020.83259,3048.36104,2282.58915,79.95215,74.82839,75.70979
1997-12-01,1036.66571,3096.0056,2318.21628,81.7168,76.48876,77.38809
1997-12-02,1042.37449,3113.42332,2331.21098,81.93153,76.69931,77.59945
1997-12-03,1043.24612,3116.39936,2333.39217,82.00738,76.77995,77.67936
1997-12-04,1054.11727,3149.24479,2357.93653,82.93616,77.65887,78.56691
1997-12-05,1052.13505,3143.70247,2353.73901,82.8767,77.61299,78.5188
1997-12-08,1055.69485,3154.71359,2361.93548,83.81853,78.50445,79.41898
1997-12-09,1050.56509,3139.76909,2350.69824,83.52448,78.23904,79.14876
1997-12-10,1046.07313,3126.72617,2340.88524,82.90473,77.66858,78.56996
1997-12-11,1029.85761,3078.65768,2304.84784,81.44324,76.30969,77.19361
1997-12-12,1032.98314,3088.36823,2312.07096,81.17883,76.07165,76.95115
1997-12-15,1033.30112,3089.68897,2313.01295,81.67145,76.54268,77.42597
1997-12-16,1044.20825,3122.67038,2337.65546,82.91403,77.71644,78.61161
1997-12-17,1056.41185,3159.53685,2365.20506,83.02745,77.8325,78.72731
1997-12-18,1053.57284,3151.4279,2359.08672,83.14653,77.95389,78.8484
1997-12-19,1032.67652,3089.33289,2312.55281,81.40235,76.32906,77.20324
1997-12-22,1032.13452,3088.0824,2311.56994,81.69686,76.61473,77.49051
1997-12-23,1039.41654,3110.23707,2328.10633,82.09571,76.99828,77.87678
1997-12-24,1039.13065,3109.75481,2327.69824,81.88906,76.81423,77.68895
1997-12-25,1039.13065,3110.12771,2327.93027,NA,NA,NA
1997-12-26,1038.99189,3110.08549,2327.85157,NA,NA,NA
1997-12-29,1056.57566,3163.0927,2367.47655,83.43598,78.29412,79.18062
1997-12-30,1059.05856,3170.90335,2373.27464,84.30658,79.12063,80.01478
1997-12-31,1056.66195,3164.11052,2368.14236,84.03963,78.88016,79.76987
1998-01-01,1056.66195,3164.48994,2368.37842,NA,NA,NA
1998-01-02,1064.73364,3189.03942,2386.70317,85.29166,80.0749,80.97463
1998-01-05,1076.46599,3224.55932,2413.23676,86.69001,81.39732,82.31016
1998-01-06,1069.26803,3203.39414,2397.34723,86.6825,81.40052,82.31163
1998-01-07,1064.39064,3189.17221,2386.6549,86.4147,81.15939,82.06602
1998-01-08,1059.48122,3174.85088,2375.88862,85.99228,80.77302,81.67357
1998-01-09,1041.92654,3122.65419,2336.7765,84.37257,79.26237,80.14432
1998-01-12,1018.68015,3053.39402,2284.89621,82.30804,77.33359,78.19235
1998-01-13,1033.21378,3097.32172,2317.71943,83.51306,78.47511,79.34486
1998-01-14,1038.58686,3113.79754,2330.00104,84.31977,79.24275,80.1193
1998-01-15,1038.82634,3114.88869,2330.7704,84.238,79.17591,80.05
1998-01-16,1055.81029,3166.18737,2369.10552,85.89273,80.7406,81.63024
1998-01-19,1060.32469,3180.1023,2379.46925,86.59681,81.41237,82.30766
1998-01-20,1061.93297,3185.30588,2383.31462,86.67176,81.49305,82.38746
1998-01-21,1064.84504,3194.42069,2390.08624,86.6518,81.48456,82.3771
1998-01-22,1072.37522,3217.39039,2407.22331,86.00576,80.88753,81.77176
1998-01-23,1077.76498,3233.94393,2419.55951,86.08434,80.9716,81.85498
1998-01-26,1079.32005,3238.99663,2423.29088,85.52422,80.45514,81.33113
1998-01-27,1089.0875,3268.69371,2445.45899,86.6107,81.48697,82.37244
1998-01-28,1095.49095,3288.30137,2460.07845,88.02039,82.82305,83.72126
1998-01-29,1094.6868,3286.28267,2458.5184,88.05243,82.86361,83.76046
1998-01-30,1099.16375,3300.11403,2468.81591,89.08962,83.84975,84.75548
1998-02-02,1120.39699,3364.2611,2516.75044,91.19769,85.84367,86.7691
1998-02-03,1124.15315,3375.94088,2525.43687,90.96399,85.63458,86.55589
1998-02-04,1128.06132,3388.07984,2534.46641,90.82011,85.50996,86.42807
1998-02-05,1143.38354,3434.50367,2569.14037,91.26741,85.94172,86.86261
1998-02-06,1143.87815,3436.40081,2570.50754,91.29859,85.9819,86.90134
1998-02-09,1132.12763,3401.52976,2544.36945,91.34003,86.03173,86.94984
1998-02-10,1133.39344,3405.73979,2547.46712,91.40857,86.1071,87.02414
1998-02-11,1136.22415,3414.65221,2554.08195,92.11044,86.77886,87.70119
1998-02-12,1132.0344,3402.47531,2544.92189,91.34089,86.06506,86.97791
1998-02-13,1127.29736,3388.6513,2534.53015,91.4374,86.1668,87.07885
1998-02-16,1138.08084,3421.4696,2559.02398,92.00624,86.71349,87.62946
1998-02-17,1150.44408,3459.0452,2587.0746,93.03141,87.69025,88.61465
1998-02-18,1157.74599,3481.41137,2603.74971,93.88981,88.51012,89.44125
1998-02-19,1149.22565,3456.21941,2584.85489,92.93288,87.6195,88.53934
1998-02-20,1154.30382,3471.9032,2596.53202,93.35212,88.02566,88.94786
1998-02-23,1167.90432,3513.22431,2627.38046,94.3478,88.97527,89.9055
1998-02-24,1159.80106,3489.28083,2609.42009,92.87326,87.59642,88.5103
1998-02-25,1173.77952,3531.75106,2641.12626,94.24175,88.89771,89.82326
1998-02-26,1180.15408,3551.35155,2655.73013,95.35492,89.95857,90.89323
1998-02-27,1183.5518,3561.9996,2663.63901,95.35756,89.97238,90.90523
1998-03-02,1200.09208,3612.20418,2701.12523,96.33676,90.90727,91.84785
1998-03-03,1199.07532,3609.57792,2699.10669,96.71472,91.27524,92.21766
1998-03-04,1181.37806,3556.76412,2659.55704,95.33106,89.98139,90.90846
1998-03-05,1168.18629,3517.49419,2630.13729,93.97305,88.7114,89.62343
1998-03-06,1187.80194,3576.97958,2674.55973,96.65742,91.25572,92.19198
1998-03-09,1198.25552,3608.88531,2698.3609,97.2738,91.84893,92.78929
1998-03-10,1202.38433,3621.75051,2707.92546,97.73542,92.29621,93.23915
1998-03-11,1205.39003,3631.23624,2714.96295,98.24337,92.78733,93.73328
1998-03-12,1209.88771,3645.21816,2725.3617,98.29985,92.85234,93.79694
1998-03-13,1226.70059,3696.30804,2763.50155,99.3351,93.84155,94.79419
1998-03-16,1226.80906,3697.07802,2764.02131,99.10635,93.63735,94.58588
1998-03-17,1241.10265,3740.59323,2796.49645,100.26105,94.73971,95.69737
1998-03-18,1233.54581,3718.27597,2779.75447,99.70559,94.22697,95.17739
1998-03-19,1242.52172,3745.77433,2800.255,100.75558,95.23076,96.18925
1998-03-20,1247.54441,3761.36217,2811.85124,101.3781,95.83093,96.79339
1998-03-23,1256.22713,3787.98806,2831.69812,101.78238,96.22501,97.18935
1998-03-24,1266.24519,3818.64675,2854.55866,102.51842,96.93272,97.90206
1998-03-25,1278.51423,3856.10119,2882.49787,103.71249,98.07352,99.05216
1998-03-26,1269.96376,3830.78624,2863.5152,102.76266,97.18802,98.15569
1998-03-27,1275.38375,3847.5916,2876.01903,102.90738,97.33707,98.30412
1998-03-30,1261.71474,3806.83667,2845.49507,102.34972,96.82206,97.78187
1998-03-31,1266.257,3820.99519,2856.0204,103.32886,97.76017,98.72717
1998-04-01,1279.5462,3861.55088,2886.27451,104.70508,99.07404,100.05192
1998-04-02,1287.12806,3884.89162,2903.66136,105.37458,99.71978,100.70188
1998-04-03,1294.66165,3908.0922,2920.94276,106.24879,100.55933,101.54752
1998-04-06,1311.92217,3960.66139,2960.17177,106.94595,101.23157,102.22419
1998-04-07,1307.86314,3948.88686,2951.31138,106.64475,100.95932,101.94707
1998-04-08,1300.14885,3926.07842,2934.2043,105.60401,99.98715,100.96319
1998-04-09,1310.56216,3957.99062,2957.99391,105.89173,100.27206,101.24871
1998-04-10,1311.77179,3962.11739,2961.01821,NA,NA,NA
1998-04-13,1308.16383,3951.69898,2953.17204,NA,NA,NA
1998-04-14,1327.78754,4011.45045,2997.76244,106.92944,101.29247,102.27247
1998-04-15,1332.36552,4025.75933,3008.39468,106.64308,101.03406,102.00936
1998-04-16,1311.67839,3963.76787,2962.00508,105.31354,99.78764,100.74871
1998-04-17,1305.06146,3944.25584,2947.36373,104.43862,98.97151,99.92256
1998-04-20,1318.9038,3986.56079,2978.91494,105.80662,100.27988,101.24135
1998-04-21,1322.05846,3996.57191,2986.33533,105.25227,99.76732,100.72169
1998-04-22,1314.3773,3973.84115,2969.28909,104.75469,99.3084,100.25622
1998-04-23,1293.49666,3911.22044,2922.43487,103.06247,97.71727,98.64774
1998-04-24,1281.95593,3876.80979,2896.66277,102.33786,97.04282,97.96473
1998-04-27,1250.22502,3781.363,2825.28388,99.65085,94.50801,95.40373
1998-04-28,1266.93355,3832.34983,2863.31956,100.98262,95.78249,96.68824
1998-04-29,1267.33871,3834.03459,2864.5204,101.38288,96.17406,97.08143
1998-04-30,1289.19266,3900.60801,2914.19758,102.87817,97.6041,98.52288
1998-05-01,1305.86966,3951.53144,2952.18179,NA,NA,NA
1998-05-04,1330.39193,4026.20986,3007.90965,105.60944,100.2193,101.15839
1998-05-05,1321.45509,3999.65891,2988.01199,104.18447,98.88019,99.80456
1998-05-06,1327.00035,4016.91914,3000.84582,104.67803,99.3609,100.28762
1998-05-07,1310.52224,3967.54585,2963.89811,102.98974,97.77149,98.68122
1998-05-08,1314.28861,3979.42156,2972.70963,103.96471,98.70902,99.62535
1998-05-11,1329.7707,4026.77254,3008.01953,105.21782,99.91077,100.83612
1998-05-12,1318.46581,3993.03849,2982.75764,104.37973,99.12784,100.04376
1998-05-13,1319.04373,3995.26708,2984.36204,104.75592,99.49745,100.41464
1998-05-14,1314.19143,3981.05473,2973.68501,104.25745,99.03671,99.94749
1998-05-15,1310.49855,3970.34953,2965.62824,104.15261,98.94963,99.85745
1998-05-18,1285.10362,3893.92717,2908.48097,102.47739,97.37115,98.26234
1998-05-19,1303.5866,3950.39649,2950.59771,103.70649,98.55084,99.45071
1998-05-20,1323.61602,4011.56604,2996.223,105.06206,99.85095,100.76055
1998-05-21,1333.55914,4042.17839,3019.02571,NA,NA,NA
1998-05-22,1339.39541,4060.35016,3032.5365,105.44747,100.2423,101.15113
1998-05-25,1344.81141,4077.25231,3045.09854,106.0259,100.8046,101.71634
1998-05-26,1349.60861,4092.28253,3056.26209,106.68179,101.44065,102.35596
1998-05-27,1315.56845,3989.60693,2979.51352,103.51596,98.44426,99.33032
1998-05-28,1311.88078,3978.90625,2971.46152,104.55572,99.4451,100.33804
1998-05-29,1313.68693,3984.85992,2975.84763,104.51949,99.42318,100.31376
1998-06-01,1312.23744,3980.94243,2972.86183,NA,NA,NA
1998-06-02,1316.76687,3995.15784,2983.41722,104.59401,99.5191,100.40621
1998-06-03,1329.40383,4033.97458,3012.34212,105.20774,100.11536,101.00563
1998-06-04,1327.80161,4029.59813,3009.01303,104.87308,99.80963,100.69501
1998-06-05,1341.08593,4070.39282,3039.41309,106.01764,100.91109,101.80407
1998-06-08,1353.81288,4109.50529,3068.55591,107.25541,102.10151,103.00283
1998-06-09,1348.08585,4092.62069,3055.88564,106.90775,101.78354,102.67983
1998-06-10,1333.79362,4049.74355,3023.80607,106.07118,101.00019,101.88737
1998-06-11,1312.12884,3984.48318,2975.01366,105.10953,100.09757,100.97464
1998-06-12,1290.5054,3919.33188,2926.30473,103.88894,98.94823,99.81305
1998-06-15,1266.42179,3846.69612,2872.00935,102.28761,97.43609,98.28554
1998-06-16,1283.73244,3899.73543,2911.54867,102.77857,97.91586,98.76738
1998-06-17,1314.14584,3992.59814,2980.81481,104.33864,99.41391,100.27633
1998-06-18,1308.12906,3974.80443,2967.46942,103.83278,98.94462,99.80081
1998-06-19,1303.88209,3962.38141,2958.13441,103.80521,98.93082,99.78474
1998-06-22,1290.47222,3922.12527,2928.01915,103.10204,98.27338,99.11948
1998-06-23,1299.37771,3949.65819,2948.51356,103.6721,98.82892,99.67767
1998-06-24,1305.86772,3969.85568,2963.53143,104.47459,99.60607,100.45935
1998-06-25,1328.26144,4038.40855,3014.64286,106.15017,101.21552,102.08043
1998-06-26,1321.17947,4017.37016,2998.87612,105.61302,100.71629,101.57473
1998-06-29,1328.46519,4040.00221,3015.70929,106.7101,101.77479,102.64007
1998-06-30,1326.45154,4034.36502,3011.44023,106.29564,101.39246,102.25228
1998-07-01,1335.89672,4063.57213,3033.18004,107.61209,102.6605,103.52887
1998-07-02,1339.43548,4074.82122,3041.51528,108.31432,103.34309,104.21501
1998-07-03,1348.21547,4102.01634,3061.75194,108.82396,103.84218,104.71606
1998-07-06,1355.78106,4125.52315,3079.23501,109.1238,104.14125,105.0154
1998-07-07,1356.6104,4128.54072,3081.425,109.46134,104.47638,105.35108
1998-07-08,1360.14755,4139.79782,3089.76457,109.97909,104.98352,105.8602
1998-07-09,1347.31746,4101.263,3060.93951,109.51627,104.55511,105.42593
1998-07-10,1345.25908,4095.4912,3056.56975,108.80528,103.88975,104.75276
1998-07-13,1361.63835,4145.84415,3094.08531,109.72593,104.78157,105.64973
1998-07-14,1379.42353,4200.48998,3134.80283,110.67181,105.69769,106.57117
1998-07-15,1385.7897,4220.37573,3149.5797,111.10139,106.12112,106.9958
1998-07-16,1389.49063,4232.15026,3158.30299,110.80147,105.84811,106.71824
1998-07-17,1407.30635,4286.91852,3199.1081,112.10002,107.10148,107.97962
1998-07-20,1420.02453,4326.17047,3228.3337,112.73486,107.72127,108.60217
1998-07-21,1405.92696,4283.76139,3196.61923,111.89882,106.93628,107.80842
1998-07-22,1380.79191,4207.72965,3139.81424,110.05786,105.19109,106.04667
1998-07-23,1374.52674,4189.14999,3125.88595,109.75766,104.91753,105.7686
1998-07-24,1376.20912,4194.77834,3130.02252,109.32554,104.51783,105.36338
1998-07-27,1352.1581,4122.0099,3075.65756,107.1533,102.45506,103.28165
1998-07-28,1354.48314,4129.59019,3081.25139,107.70678,102.99698,103.82572
1998-07-29,1350.62168,4118.31686,3072.7773,106.75226,102.09751,102.91678
1998-07-30,1363.7336,4158.78779,3102.90996,107.39243,102.7224,103.54446
1998-07-31,1351.03202,4120.571,3074.33147,107.16074,102.51379,103.33197
1998-08-03,1327.99014,4050.82486,3022.22835,105.79163,101.21746,102.02306
1998-08-04,1325.26695,4043.00691,3016.33425,105.39309,100.84904,101.64951
1998-08-05,1303.91167,3978.37649,2968.05142,103.01398,98.58607,99.36639
1998-08-06,1288.73594,3932.57409,2933.8183,101.79673,97.434,98.20305
1998-08-07,1305.29559,3983.57474,2971.80455,103.18828,98.77769,99.55524
1998-08-10,1277.74917,3900.02711,2909.41235,101.5131,97.18715,97.95003
1998-08-11,1239.46125,3783.68396,2822.55674,98.57823,94.39065,95.12946
1998-08-12,1260.12403,3847.21397,2869.88825,99.73399,95.50878,96.25431
1998-08-13,1245.84623,3804.10644,2837.67125,99.33789,95.14163,95.88221
1998-08-14,1253.34376,3827.45221,2855.02806,100.03559,95.82159,96.5654
1998-08-17,1252.96853,3826.76565,2854.45816,100.51709,96.2947,97.04011
1998-08-18,1287.32359,3932.15916,2933.0076,103.29202,98.96422,99.72821
1998-08-19,1291.63101,3945.78498,2943.11166,103.72291,99.38936,100.15449
1998-08-20,1280.16784,3911.25622,2917.29594,102.39985,98.13457,98.88788
1998-08-21,1229.37865,3756.61351,2801.88851,98.54364,94.45272,95.17563
1998-08-24,1236.8855,3779.9991,2819.27352,98.9197,94.82494,95.54865
1998-08-25,1259.08722,3848.30237,2870.15575,100.76868,96.60866,97.34393
1998-08-26,1226.27034,3748.51001,2795.66545,98.61844,94.56014,95.27772
1998-08-27,1184.29966,3620.71809,2700.29594,95.25182,91.34517,92.0363
1998-08-28,1182.9099,3616.90481,2697.39734,94.3282,90.47127,91.1538
1998-08-31,1179.43868,3606.72882,2689.75352,92.96276,89.17355,89.84433
1998-09-01,1170.23684,3579.03511,2669.04505,91.2711,87.56268,88.2194
1998-09-02,1196.94728,3661.15887,2730.22883,93.66204,89.86666,90.53877
1998-09-03,1182.92332,3618.72379,2698.52637,91.06391,87.38606,88.03766
1998-09-04,1184.57499,3624.20908,2702.56222,92.07056,88.36271,89.0197
1998-09-07,1213.6345,3713.55668,2769.12752,93.16684,89.42557,90.08855
1998-09-08,1231.65694,3769.14657,2810.5209,95.20768,91.395,92.07064
1998-09-09,1217.87578,3727.44625,2779.36743,94.60862,90.83166,91.50115
1998-09-10,1182.58865,3619.94347,2699.14711,90.11415,86.52965,87.16546
1998-09-11,1178.5063,3607.8862,2690.10188,88.99248,85.4639,86.09
1998-09-14,1205.17541,3689.96744,2751.24313,91.82731,88.1961,88.84036
1998-09-15,1203.92762,3686.59074,2748.66975,90.93557,87.35105,87.98723
1998-09-16,1211.62247,3710.59197,2766.50851,92.0232,88.40642,89.04839
1998-09-17,1173.07482,3593.03812,2678.80306,88.09012,84.64045,85.25316
1998-09-18,1149.34045,3520.80929,2624.8946,87.10457,83.70452,84.30862
1998-09-21,1116.40254,3420.37915,2549.96262,83.95642,80.69092,81.27145
1998-09-22,1139.83089,3492.57011,2603.72623,86.3243,82.97602,83.57125
1998-09-23,1167.09261,3576.52653,2666.25762,88.45758,85.03626,85.64447
1998-09-24,1161.5553,3559.99349,2653.87795,87.30718,83.94148,84.54001
1998-09-25,1149.19119,3522.54503,2625.90558,85.63048,82.3406,82.92589
1998-09-28,1159.5404,3554.68691,2649.8117,87.2005,83.86011,84.45442
1998-09-29,1155.8576,3543.82746,2641.66273,86.53829,83.23407,83.82212
1998-09-30,1130.57691,3466.7814,2584.17316,84.74667,81.52199,82.09613
1998-10-01,1092.54207,3350.6192,2497.52797,80.71781,77.65813,78.2033
1998-10-02,1066.21273,3270.31364,2437.61429,78.23305,75.27823,75.80501
1998-10-05,1048.2146,3215.52991,2396.72752,76.97031,74.07312,74.58982
1998-10-06,1091.74306,3349.46923,2496.49963,80.48279,77.46149,78.00023
1998-10-07,1094.79779,3359.24065,2503.7321,79.39544,76.42511,76.95496
1998-10-08,1063.01931,3262.18099,2431.33602,77.0209,74.14989,74.66231
1998-10-09,1075.47046,3300.77957,2460.05303,78.89916,75.9668,76.49017
1998-10-12,1121.07261,3441.1619,2564.61629,83.00718,79.93028,80.4793
1998-10-13,1133.82992,3480.73067,2594.05236,83.64157,80.55099,81.10255
1998-10-14,1151.60026,3535.69987,2634.9633,84.73189,81.61078,82.16785
1998-10-15,1170.76135,3594.95255,2679.06443,85.8111,82.66013,83.2226
1998-10-16,1190.24321,3655.20421,2723.90816,86.26024,83.10302,83.66671
1998-10-19,1180.24006,3624.93764,2701.29662,85.92515,82.79079,83.35055
1998-10-20,1206.80104,3706.9541,2762.355,88.49694,85.27828,85.85307
1998-10-21,1187.46043,3648.02033,2718.37954,87.4363,84.26735,84.83348
1998-10-22,1189.95503,3656.11958,2724.3598,88.19662,85.01045,85.57975
1998-10-23,1192.24367,3663.58806,2729.8698,87.84741,84.68469,85.24996
1998-10-26,1196.80662,3678.04581,2740.58737,88.7269,85.54287,86.11203
1998-10-27,1212.42437,3726.48116,2776.61978,90.40356,87.16953,87.74767
1998-10-28,1194.10014,3670.63612,2734.95016,88.55615,85.39986,85.96436
1998-10-29,1203.03071,3698.52506,2755.67375,89.13568,85.96928,86.5357
1998-10-30,1219.37179,3749.20439,2793.37534,90.4456,87.24303,87.81598
1998-11-02,1246.2867,3832.4126,2855.30827,92.46541,89.20159,89.78551
1998-11-03,1234.90792,3797.89851,2829.53444,92.2837,89.03759,89.61851
1998-11-04,1256.07934,3863.46523,2878.32237,94.19437,90.89158,91.48267
1998-11-05,1241.25938,3818.3681,2844.66396,92.60865,89.37349,89.95273
1998-11-06,1242.78618,3823.52147,2848.44565,92.6832,89.45667,90.03451
1998-11-09,1219.45335,3752.23154,2795.27468,91.79255,88.60861,89.17904
1998-11-10,1209.99697,3723.59792,2773.8859,91.41759,88.25795,88.82419
1998-11-11,1222.469,3762.42206,2802.75019,92.35193,89.17077,89.74097
1998-11-12,1208.68394,3720.46791,2771.43832,91.45998,88.3211,88.88393
1998-11-13,1212.03697,3731.23271,2779.40105,91.7137,88.57715,89.13969
1998-11-16,1244.89199,3832.83192,2855.01872,93.14867,89.97368,90.54318
1998-11-17,1237.42689,3810.31766,2838.18959,92.51129,89.36959,89.93332
1998-11-18,1238.2065,3813.17448,2840.26014,92.59322,89.45996,90.02232
1998-11-19,1255.32606,3866.35089,2879.80871,94.2747,91.09521,91.66591
1998-11-20,1273.78933,3923.67884,2922.44756,96.39475,93.15448,93.73611
1998-11-23,1289.41237,3972.27046,2958.57838,98.65643,95.35107,95.9444
1998-11-24,1280.77205,3946.14061,2939.05577,97.96974,94.69964,95.28685
1998-11-25,1275.1034,3929.15548,2926.34538,97.07963,93.85149,94.43138
1998-11-26,1296.92078,3996.85519,2976.70351,98.9723,95.69237,96.28161
1998-11-27,1302.12539,4013.37087,2988.9433,99.37811,96.09664,96.68629
1998-11-30,1282.57281,3953.61881,2944.37946,97.80089,94.58417,95.16246
1998-12-01,1243.54872,3833.85376,2855.12218,93.87175,90.79758,91.35067
1998-12-02,1237.52651,3815.75479,2841.58527,93.20889,90.16811,90.7154
1998-12-03,1252.68331,3862.94361,2876.66705,94.26965,91.20524,91.75687
1998-12-04,1257.83419,3879.28766,2888.77975,94.56007,91.4976,92.04902
1998-12-07,1256.24591,3874.85606,2885.42117,94.59448,91.5424,92.09212
1998-12-08,1261.37592,3891.14096,2897.48914,94.72904,91.6841,92.23268
1998-12-09,1272.4039,3925.62338,2923.10624,95.35344,92.29975,92.85003
1998-12-10,1269.34316,3916.65455,2916.36852,94.6959,91.67513,92.21969
1998-12-11,1257.03868,3879.1763,2888.40114,93.42884,90.4605,90.99585
1998-12-14,1254.24713,3871.02996,2882.27684,92.96964,90.02745,90.55828
1998-12-15,1258.96821,3886.062,2893.41083,93.57225,90.62211,91.1545
1998-12-16,1271.06604,3923.86682,2921.49888,94.88084,91.90038,92.43832
1998-12-17,1284.85718,3966.90822,2953.48428,95.9266,92.92449,93.46644
1998-12-18,1284.44832,3966.12195,2952.83912,95.63597,92.65477,93.19313
1998-12-21,1311.52958,4050.22172,3015.38754,97.9929,94.94906,95.49874
1998-12-22,1310.03474,4046.09261,3012.25235,98.24052,95.20085,95.74994
1998-12-23,1331.40574,4112.58202,3061.68805,99.92846,96.84795,97.40447
1998-12-24,1325.29469,4094.2065,3047.94551,99.81092,96.74627,97.30011
1998-12-25,1325.29469,4094.69744,3048.24934,NA,NA,NA
1998-12-28,1336.15022,4128.72428,3073.51745,100.6889,97.62145,98.1761
1998-12-29,1345.39472,4157.78103,3095.08499,100.98703,97.92268,98.47692
1998-12-30,1336.20878,4129.90432,3074.26961,100.10079,97.07598,97.62332
1998-12-31,1336.97003,4132.75173,3076.32702,100.63845,97.60943,98.15767
1999-01-01,1336.97083,4132.75425,3076.32889,100.00006,97.00278,97.5455
1999-01-04,1384.47071,4280.18385,3186.00026,103.05699,99.97922,100.53649
1999-01-05,1399.33512,4326.16071,3220.21923,104.30048,101.19772,101.75962
1999-01-06,1423.5942,4401.16127,3276.0466,106.68356,103.52179,104.09441
1999-01-07,1400.34363,4329.2885,3222.54567,105.38628,102.27647,102.83996
1999-01-08,1394.55094,4311.37711,3209.21318,106.02232,102.90639,103.47114
1999-01-11,1372.27215,4242.72211,3158.08742,104.49589,101.43834,101.9928
1999-01-12,1354.07248,4186.48969,3116.22406,103.03409,100.03262,100.5772
1999-01-13,1319.02914,4078.37745,3035.70692,98.98686,96.11735,96.63844
1999-01-14,1321.80813,4087.16777,3042.2131,99.22084,96.35657,96.87688
1999-01-15,1331.27055,4116.42492,3063.99015,100.88388,97.98314,98.51015
1999-01-18,1361.55054,4211.54818,3134.78692,103.11623,100.16284,100.69945
1999-01-19,1357.5246,4197.68747,3124.46994,102.72717,99.79769,100.33017
1999-01-20,1365.95236,4223.74596,3143.86609,103.68653,100.7419,101.27727
1999-01-21,1352.96094,4183.57462,3113.96533,102.58954,99.68916,100.21676
1999-01-22,1317.81297,4074.89073,3033.06848,99.93304,97.12129,97.63313
1999-01-25,1320.8406,4084.37638,3040.12895,100.3359,97.52489,98.03676
1999-01-26,1322.76465,4090.39929,3044.5976,100.38221,97.58217,98.09223
1999-01-27,1320.27289,4082.69568,3038.86357,100.80718,98.00743,98.5176
1999-01-28,1326.51963,4102.01079,3053.24035,102.03814,99.2161,99.73044
1999-01-29,1326.70018,4102.57086,3053.65686,102.60468,99.77926,100.29437
1999-02-01,1341.23153,4147.73763,3087.25389,104.20566,101.34814,101.86919
1999-02-02,1338.24681,4138.50679,3080.38316,103.51591,100.69032,101.2058
1999-02-03,1322.26481,4089.08189,3043.59508,102.3563,99.57546,100.08305
1999-02-04,1316.60989,4071.59213,3030.57708,102.42408,99.65392,100.15976
1999-02-05,1310.50084,4052.70306,3016.5175,101.98045,99.235,99.73655
1999-02-08,1297.08014,4011.27602,2985.68246,101.27256,98.55893,99.05491
1999-02-09,1276.25834,3946.88445,2937.75433,99.19712,96.55227,97.03602
1999-02-10,1269.6549,3926.46439,2922.55524,98.49646,95.88271,96.36102
1999-02-11,1284.49743,3972.36402,2956.71936,99.85959,97.22125,97.70416
1999-02-12,1294.08919,4002.02713,2978.79828,100.77923,98.1285,98.61382
1999-02-15,1296.55671,4009.83985,2984.61285,101.34431,98.69087,99.17685
1999-02-16,1297.4635,4012.64669,2986.70205,101.9277,99.27121,99.75791
1999-02-17,1290.97734,3992.58631,2971.77066,100.93964,98.32176,98.80166
1999-02-18,1292.77893,3998.15681,2975.9169,101.17959,98.56778,99.04675
1999-02-19,1284.78751,3973.80792,2957.72178,101.70056,99.08752,99.56689
1999-02-22,1293.40404,4002.49901,2979.07669,102.97193,100.33825,100.82152
1999-02-23,1304.21443,4035.95326,3003.97685,104.31957,101.66357,102.15106
1999-02-24,1314.26127,4067.04375,3027.11763,105.3823,102.71167,103.20198
1999-02-25,1303.59484,4034.03616,3002.54993,103.60482,100.99281,101.4727
1999-02-26,1291.35039,3996.14428,2974.34684,103.31885,100.72687,101.20331
1999-03-01,1269.41552,3931.31096,2926.04078,101.9726,99.42758,99.89569
1999-03-02,1274.44998,3946.90403,2937.64653,102.43323,99.88907,100.3572
1999-03-03,1264.29863,3915.46227,2914.24473,101.7104,99.19704,99.65977
1999-03-04,1266.76734,3923.14617,2919.95704,102.74185,100.21512,100.68046
1999-03-05,1295.11047,4010.92267,2985.28817,104.8325,102.26623,102.73892
1999-03-08,1290.59229,3999.02208,2976.42782,104.1596,101.62292,102.09042
1999-03-09,1295.20789,4013.63905,2987.29947,104.4841,101.9522,102.41902
1999-03-10,1301.12771,4031.98557,3000.95455,104.31492,101.80002,102.26394
1999-03-11,1306.93337,4049.97511,3014.34389,105.97508,103.43237,103.90153
1999-03-12,1321.56435,4095.3409,3048.1039,106.06472,103.53286,104.00024
1999-03-15,1314.34147,4073.90093,3032.14644,105.48022,102.97556,103.43818
1999-03-16,1314.68814,4074.97689,3032.94724,105.8514,103.35076,103.81284
1999-03-17,1316.19531,4079.65794,3036.42949,105.01487,102.54732,103.00357
1999-03-18,1308.64564,4056.75245,3019.27789,104.61684,102.1717,102.62406
1999-03-19,1316.69331,4081.69923,3037.84478,105.84789,103.38639,103.84193
1999-03-22,1306.88275,4052.22729,3015.91002,105.26155,102.82693,103.27776
1999-03-23,1282.9483,3978.03936,2960.68865,103.4049,101.02685,101.46756
1999-03-24,1275.56724,3956.00034,2944.10845,102.58405,100.23791,100.67299
1999-03-25,1289.30892,3998.81751,2975.93189,104.15172,101.78178,102.22141
1999-03-26,1271.1883,3942.92903,2934.28109,104.0129,101.65898,102.09588
1999-03-29,1288.35293,3997.1554,2974.63574,105.58458,103.20734,103.64869
1999-03-30,1288.70551,3998.58798,2975.62958,105.17187,102.81706,103.25451
1999-03-31,1303.73776,4045.22815,3010.3378,106.06358,103.70143,104.14042
1999-04-01,1305.93802,4052.16886,3015.48025,106.09026,103.74056,104.17748
1999-04-02,1303.63282,4045.01626,3010.15756,106.1386,103.80088,104.23581
1999-04-05,1297.44804,4025.83757,2995.88297,106.28037,103.95255,104.38587
1999-04-06,1316.82568,4086.32791,3040.89708,107.47176,105.1305,105.56649
1999-04-07,1327.70452,4120.36162,3066.22374,108.01336,105.67334,106.1093
1999-04-08,1336.04006,4146.26008,3085.49026,108.31025,105.977,106.41193
1999-04-09,1336.42061,4147.48367,3086.3915,108.91917,106.58593,107.02107
1999-04-12,1339.67246,4158.61962,3094.57644,108.47456,106.16442,106.59554
1999-04-13,1347.67984,4183.54437,3113.11023,109.6943,107.37112,107.80484
1999-04-14,1345.57008,4177.09335,3108.2887,109.3149,107.01341,107.44337
1999-04-15,1326.90092,4119.14456,3065.16613,108.63728,106.36378,106.78881
1999-04-16,1321.07143,4101.08295,3051.71883,108.38227,106.1276,106.54939
1999-04-19,1331.48889,4134.68288,3076.60798,110.18901,107.90947,108.33604
1999-04-20,1304.24089,4050.11236,3013.67027,107.49348,105.28428,105.69814
1999-04-21,1305.49218,4054.14097,3016.63788,108.09364,105.88514,106.2991
1999-04-22,1317.73513,4092.26977,3044.99112,109.22061,107.00201,107.41804
1999-04-23,1320.37905,4101.19367,3051.46771,108.94113,106.74179,107.15449
1999-04-26,1326.10907,4120.91053,3065.7702,109.85248,107.64785,108.06175
1999-04-27,1353.99267,4208.70092,3130.78948,111.67254,109.44428,109.86277
1999-04-28,1348.65351,4192.58823,3118.70192,111.39956,109.19063,109.60578
1999-04-29,1335.30259,4151.35382,3087.97009,110.73416,108.55242,108.96279
1999-04-30,1340.88326,4169.94021,3101.53736,111.31783,109.13805,109.54828
1999-05-03,1346.51969,4188.32989,3115.04875,111.91269,109.73479,110.14491
1999-05-04,1349.99395,4199.59072,3123.34612,111.76781,109.6066,110.01387
1999-05-05,1337.68302,4161.31991,3094.87844,110.02259,107.90957,108.30816
1999-05-06,1344.17181,4181.93441,3110.13001,109.53057,107.44078,107.8353
1999-05-07,1338.72643,4165.50937,3097.81175,108.99079,106.92502,107.31533
1999-05-10,1340.32285,4173.30762,3103.1086,108.96925,106.91736,107.30533
1999-05-11,1334.03847,4154.35032,3088.8992,109.23692,107.19336,107.58003
1999-05-12,1322.70838,4119.4956,3062.90393,108.84191,106.81938,107.20238
1999-05-13,1329.03608,4139.23056,3077.57355,109.83596,107.80805,108.19229
1999-05-14,1313.19128,4090.2289,3041.08754,107.79115,105.81533,106.19013
1999-05-17,1286.37423,4007.61507,2979.65083,105.8372,103.91124,104.27701
1999-05-18,1297.16234,4041.78801,3004.947,106.82988,104.89858,105.26558
1999-05-19,1310.96412,4087.09491,3038.18419,108.03746,106.0971,106.46603
1999-05-20,1321.0276,4118.48737,3061.5169,109.1998,107.25151,107.62216
1999-05-21,1311.50184,4089.25121,3039.69578,109.12619,107.19274,107.56087
1999-05-24,1305.8082,4074.13592,3028.09169,108.4726,106.56447,106.92813
1999-05-25,1296.0087,4044.07974,3005.67483,107.28818,105.41475,105.77218
1999-05-26,1283.34113,4004.79566,2976.4321,107.57284,105.7076,106.06375
1999-05-27,1267.83411,3957.42441,2941.02997,106.47115,104.63873,104.989
1999-05-28,1271.10663,3969.76716,2949.79175,106.76639,104.94196,105.29098
1999-05-31,1274.78281,3981.77392,2958.6106,107.36266,105.54104,105.88978
1999-06-01,1276.9894,3989.78745,2964.43753,107.17339,105.36834,105.71423
1999-06-02,1275.44656,3985.00433,2960.8761,108.14446,106.33598,106.68277
1999-06-03,1284.46918,4014.27702,2982.37371,108.96735,107.15819,107.50537
1999-06-04,1288.18325,4026.33908,2991.22092,109.79678,107.98705,108.3346
1999-06-07,1299.44885,4062.52954,3018.06997,110.83767,109.02399,109.37255
1999-06-08,1312.58025,4103.60971,3048.58372,110.56718,108.77176,109.11715
1999-06-09,1316.68072,4117.23767,3058.50303,110.87005,109.0833,109.42734
1999-06-10,1308.53756,4091.98346,3039.70381,109.56461,107.81312,108.15079
1999-06-11,1322.59088,4136.64706,3072.7491,110.70437,108.94781,109.28672
1999-06-14,1310.03313,4098.50072,3044.37373,110.27858,108.54266,108.87795
1999-06-15,1310.11959,4099.06327,3044.73216,110.47115,108.7458,109.07937
1999-06-16,1311.78131,4104.60649,3048.7619,111.69432,109.96312,110.29808
1999-06-17,1315.84942,4118.35698,3058.78303,112.01899,110.29648,110.63008
1999-06-18,1328.12731,4157.28875,3087.60471,112.31847,110.60514,110.93729
1999-06-21,1334.84179,4180.36847,3104.41345,113.62481,111.905,112.23867
1999-06-22,1327.25112,4156.63114,3086.77859,113.11022,111.41248,111.74227
1999-06-23,1313.12385,4112.42797,3053.94483,111.85201,110.18765,110.51141
1999-06-24,1304.6079,4085.77379,3034.14808,110.75069,109.117,109.43523
1999-06-25,1313.44687,4113.64366,3054.80823,110.22261,108.61065,108.92504
1999-06-28,1304.39399,4085.59406,3033.92419,110.44962,108.84794,109.16067
1999-06-29,1299.60677,4070.64788,3022.81514,110.41685,108.82936,109.13969
1999-06-30,1294.59484,4055.32566,3011.36745,110.25767,108.68623,108.9938
1999-07-01,1315.40751,4121.87338,3060.50854,112.75185,111.15765,111.46987
1999-07-02,1318.82341,4132.57964,3068.45799,113.34331,111.75453,112.06603
1999-07-05,1340.91992,4201.93999,3119.95546,115.11844,113.51819,113.8322
1999-07-06,1339.41693,4197.23526,3116.4609,114.77064,113.18966,113.50031
1999-07-07,1327.54721,4160.34686,3089.01207,114.04284,112.48641,112.79268
1999-07-08,1318.74869,4132.98069,3068.65217,113.78224,112.24363,112.54681
1999-07-09,1320.95865,4139.99256,3073.8427,113.86107,112.33549,112.6365
1999-07-12,1317.97359,4131.16013,3067.25441,114.17523,112.65948,112.95893
1999-07-13,1303.0794,4084.57943,3032.65028,112.43029,110.95254,111.24502
1999-07-14,1312.07608,4112.78108,3053.58896,112.90152,111.43138,111.72272
1999-07-15,1330.61918,4170.91674,3096.75032,114.0613,112.58966,112.88163
1999-07-16,1323.49333,4148.58112,3080.16698,113.76135,112.30787,112.59668
1999-07-19,1314.00129,4120.58437,3059.09193,113.43392,111.99889,112.28448
1999-07-20,1315.61156,4125.6348,3062.84132,110.99818,109.60897,109.88604
1999-07-21,1310.03736,4108.15706,3049.86599,109.57006,108.21306,108.48425
1999-07-22,1301.1267,4080.21136,3029.11927,108.92333,107.5882,107.85548
1999-07-23,1283.73504,4025.79913,2988.69935,107.71894,106.41258,106.67461
1999-07-26,1290.82709,4048.32094,3005.41925,106.38294,105.10668,105.3632
1999-07-27,1297.4831,4069.19613,3020.91671,107.23336,105.95982,106.21616
1999-07-28,1299.66573,4076.04095,3025.99822,107.55038,106.2863,106.54114
1999-07-29,1283.04104,4023.90034,2987.28972,105.16889,103.94707,104.194
1999-07-30,1304.85742,4092.32226,3038.08523,107.08206,105.85041,106.09962
1999-08-02,1301.87839,4083.6272,3031.59332,107.24342,106.02318,106.27052
1999-08-03,1297.12444,4068.71491,3020.52275,106.83677,105.63467,105.87881
1999-08-04,1303.52154,4088.78285,3035.4203,106.37113,105.18774,105.42857
1999-08-05,1278.75107,4011.12497,2977.76135,103.98266,102.83998,103.07316
1999-08-06,1279.03919,4013.13886,2979.0502,104.1942,103.06207,103.29353
1999-08-09,1281.27176,4022.37209,2985.90426,105.17109,104.04096,104.2724
1999-08-10,1264.3491,3969.24689,2946.46815,103.47739,102.37919,102.60469
1999-08-11,1266.08909,3974.70832,2950.52232,104.3197,103.22515,103.4503
1999-08-12,1290.00777,4049.79798,3006.26321,106.43027,105.3258,105.55331
1999-08-13,1302.10813,4087.78355,3034.46079,108.21641,107.10602,107.33511
1999-08-16,1305.51364,4102.14792,3045.06391,108.48918,107.38937,107.61675
1999-08-17,1300.2108,4085.48582,3032.69547,108.68608,107.59773,107.82324
1999-08-18,1304.24873,4098.17167,3042.11232,108.70806,107.63303,107.85628
1999-08-19,1301.01182,4088.00192,3034.5632,107.525,106.47567,106.6942
1999-08-20,1315.99465,4135.42347,3069.70076,108.55388,107.50754,107.7259
1999-08-23,1326.54896,4168.92732,3094.57044,110.12782,109.07927,109.2985
1999-08-24,1320.30753,4149.31204,3080.01012,110.19295,109.15749,109.37452
1999-08-25,1327.54705,4172.06532,3096.89977,111.51775,110.48311,110.70042
1999-08-26,1326.29693,4168.13358,3093.98126,111.71726,110.6946,110.90995
1999-08-27,1330.21406,4180.44521,3103.12013,111.75248,110.74342,110.95648
1999-08-30,1326.8362,4170.30972,3095.50739,111.54339,110.55024,110.76054
1999-08-31,1316.3681,4137.54225,3071.15993,109.45851,108.49863,108.70263
1999-09-01,1327.14599,4171.41796,3096.30472,110.02658,109.07517,109.27792
1999-09-02,1318.57559,4144.53516,3076.34102,108.1371,107.21648,107.41342
1999-09-03,1337.0022,4202.45282,3119.33124,110.74962,109.8193,110.01871
1999-09-06,1345.39888,4229.79068,3139.61042,111.70855,110.78365,110.98244
1999-09-07,1341.01019,4216.03135,3129.38997,111.16025,110.25405,110.4495
1999-09-08,1339.5897,4211.56529,3126.07498,111.0006,110.10964,110.30246
1999-09-09,1345.794,4231.10333,3140.57112,111.90533,111.02064,111.21268
1999-09-10,1336.61341,4202.24201,3119.14857,112.1078,111.23541,111.42543
1999-09-13,1317.50568,4142.33418,3074.67174,111.3934,110.54085,110.72728
1999-09-14,1311.89078,4124.67972,3061.56763,110.47201,109.64078,109.82331
1999-09-15,1303.46124,4098.17593,3041.89501,110.12645,109.31175,109.49137
1999-09-16,1296.63522,4076.71649,3025.96662,109.48654,108.69058,108.86682
1999-09-17,1299.36394,4085.29534,3032.33431,109.69586,108.91199,109.08624
1999-09-20,1307.57648,4111.68292,3051.91965,110.31496,109.54015,109.71306
1999-09-21,1299.73558,4087.02973,3033.62071,108.97306,108.22197,108.39044
1999-09-22,1295.81633,4074.70446,3024.4722,108.36,107.62699,107.7922
1999-09-23,1300.57168,4089.65796,3035.5715,109.5031,108.7755,108.94015
1999-09-24,1287.55238,4048.72871,3005.18951,108.03925,107.33563,107.49575
1999-09-27,1303.65927,4099.73187,3043.04559,109.6317,108.93063,109.09082
1999-09-28,1293.55977,4067.98874,3019.48102,108.20735,107.52965,107.68543
1999-09-29,1298.64627,4083.98348,3031.35318,107.52173,106.86212,107.01462
1999-09-30,1304.44602,4102.22322,3044.89169,107.58105,106.93451,107.0848
1999-10-01,1302.27406,4095.39347,3039.82231,106.91002,106.28122,106.42829
1999-10-04,1319.42273,4149.9165,3080.29222,108.30771,107.68357,107.83029
1999-10-05,1324.8951,4167.14259,3093.0758,108.94019,108.32573,108.47101
1999-10-06,1332.413,4190.78834,3110.62693,109.30254,108.69954,108.84298
1999-10-07,1346.88855,4236.31808,3144.42155,110.21721,109.62252,109.76484
1999-10-08,1338.14941,4208.84172,3124.02528,110.58912,110.00608,110.14654
1999-10-11,1342.50728,4222.93924,3134.47237,110.82413,110.25362,110.39202
1999-10-12,1337.37089,4206.78461,3122.48164,109.47917,108.92998,109.06434
1999-10-13,1327.7843,4176.62849,3100.09826,108.36111,107.83166,107.96231
1999-10-14,1320.55411,4153.88427,3083.21639,107.57613,107.06439,107.19179
1999-10-15,1308.36954,4115.55779,3054.76861,105.57979,105.09178,105.21452
1999-10-18,1294.19509,4071.02239,3021.71225,104.78738,104.31657,104.43613
1999-10-19,1316.38431,4140.81857,3073.51839,107.08746,106.6186,106.73856
1999-10-20,1314.25373,4134.11719,3068.54431,107.11256,106.65701,106.77471
1999-10-21,1310.43317,4122.09787,3059.62299,106.48005,106.04086,106.15559
1999-10-22,1322.86826,4161.21498,3088.65761,108.66672,108.23106,108.34587
1999-10-25,1313.35034,4131.28588,3066.4405,108.04149,107.62221,107.73404
1999-10-26,1318.60804,4147.84471,3078.72785,109.37553,108.96413,109.07504
1999-10-27,1308.42576,4115.81447,3054.95347,109.14943,108.75269,108.86103
1999-10-28,1328.3988,4178.75711,3101.65147,110.96314,110.57283,110.68065
1999-10-29,1350.68609,4248.86507,3153.68855,112.86777,112.48399,112.59129
1999-11-01,1350.26698,4247.91069,3152.95122,113.02631,112.6561,112.76114
1999-11-02,1349.48794,4245.45943,3151.13179,112.9611,112.60531,112.70788
1999-11-03,1355.67597,4264.92626,3165.5808,113.60901,113.26512,113.36586
1999-11-04,1362.74028,4287.15167,3182.0773,114.59465,114.26167,114.36086
1999-11-05,1361.34736,4282.77149,3178.82614,114.84036,114.52096,114.61792
1999-11-08,1359.1204,4276.25509,3173.95699,115.10578,114.79997,114.89469
1999-11-09,1369.54512,4309.05484,3198.30191,115.61519,115.32229,115.41497
1999-11-10,1380.33266,4343.00072,3223.49678,116.18526,115.90522,115.99589
1999-11-11,1395.16114,4389.65643,3258.12598,117.76068,117.49087,117.58028
1999-11-12,1382.3771,4349.43298,3228.27099,117.65972,117.40497,117.49178
1999-11-15,1393.3355,4384.9084,3254.60183,118.73627,118.49357,118.57866
1999-11-16,1400.6774,4408.01337,3271.751,119.35034,119.12109,119.20407
1999-11-17,1408.66711,4433.15608,3290.41261,119.04368,118.83013,118.91034
1999-11-18,1411.12722,4440.89834,3296.15913,120.13004,119.9291,120.0075
1999-11-19,1403.54395,4417.45547,3278.67655,119.76889,119.5838,119.65939
1999-11-22,1392.55563,4383.20727,3253.24603,118.42277,118.25532,118.32749
1999-11-23,1397.13241,4397.61342,3263.93836,119.21598,119.06201,119.13213
1999-11-24,1385.45646,4360.86202,3236.66121,119.33852,119.19934,119.26697
1999-11-25,1414.06742,4450.91753,3303.50103,121.82089,121.69291,121.7594
1999-11-26,1409.63878,4436.97925,3293.15596,122.38169,122.26823,122.33241
1999-11-29,1403.97285,4419.55276,3280.21241,122.51955,122.42131,122.48294
1999-11-30,1385.40752,4361.10999,3236.83595,120.84539,120.76454,120.8227
1999-12-01,1397.86133,4400.38906,3265.97516,121.81677,121.75012,121.80615
1999-12-02,1398.50214,4402.408,3267.47294,122.40701,122.35515,122.40883
1999-12-03,1423.85297,4482.21168,3326.70334,124.88726,124.84884,124.90099
1999-12-06,1447.14967,4556.05837,3381.51072,124.29297,124.27068,124.31989
1999-12-07,1454.76314,4580.02486,3399.29866,124.92855,124.92156,124.96836
1999-12-08,1454.05256,4577.78813,3397.63855,124.63599,124.64485,124.68886
1999-12-09,1451.32368,4569.28682,3391.31091,125.24548,125.26986,125.3114
1999-12-10,1444.97611,4549.39952,3376.53294,124.86947,124.90969,124.94841
1999-12-13,1445.64577,4551.83106,3378.33764,125.51394,125.56986,125.6061
1999-12-14,1441.94499,4540.18059,3369.6903,125.9396,126.01137,126.04503
1999-12-15,1424.75283,4486.05733,3329.51833,124.69224,124.77963,124.81024
1999-12-16,1450.756,4567.93483,3390.2872,125.1596,125.26286,125.29091
1999-12-17,1451.35886,4569.83329,3391.69622,126.27835,126.39789,126.42349
1999-12-20,1459.00763,4594.39345,3409.92401,127.06972,127.20564,127.22869
1999-12-21,1455.6897,4583.96953,3402.1829,126.72421,126.8759,126.89615
1999-12-22,1467.65047,4621.64192,3430.14194,127.87952,128.04814,128.06585
1999-12-23,1501.30975,4727.63547,3508.80944,129.8526,130.03922,130.05445
1999-12-24,1508.74875,4751.06098,3526.19561,130.49602,130.6997,130.71221
1999-12-27,1507.58913,4747.43445,3523.49951,130.83379,131.05433,131.06405
1999-12-28,1504.50647,4737.72567,3516.29377,131.18196,131.41946,131.42639
1999-12-29,1508.04127,4749.50397,3525.03552,131.83701,132.09199,132.09613
1999-12-30,1525.77164,4805.34472,3566.47999,133.69311,133.96764,133.969
1999-12-31,1525.77164,4805.34472,3566.47999,133.69311,133.98451,133.98298
2000-01-03,1536.34465,4839.0009,3591.3935,132.90905,133.2159,133.2115
2000-01-04,1498.15036,4718.84643,3502.21644,127.72407,128.03766,128.03056
2000-01-05,1465.84081,4617.07639,3426.6851,124.5464,124.86951,124.85983
2000-01-06,1460.54848,4600.40759,3414.31393,123.95284,124.29036,124.27803
2000-01-07,1484.97755,4677.36675,3471.42865,126.76099,127.12077,127.10549
2000-01-10,1502.70922,4733.57118,3513.08965,128.58078,128.96106,128.94282
2000-01-11,1497.91025,4718.50205,3501.89721,127.7532,128.14759,128.12669
2000-01-12,1492.80444,4702.44759,3489.97647,127.63379,128.04399,128.02034
2000-01-13,1501.98644,4731.53237,3511.53242,128.43135,128.85994,128.83339
2000-01-14,1516.47326,4777.16824,3545.40133,131.56579,132.01991,131.98994
2000-01-17,1521.59888,4793.36379,3557.42094,132.54072,133.01447,132.98142
2000-01-18,1490.49189,4695.37509,3484.69709,129.50359,129.98438,129.94922
2000-01-19,1484.90537,4677.77576,3471.63569,129.13956,129.63551,129.59765
2000-01-20,1482.38298,4669.83067,3465.73917,128.96489,129.47655,129.43595
2000-01-21,1472.52481,4638.77325,3442.68976,128.43802,128.9641,128.92087
2000-01-24,1469.79599,4630.17837,3436.31102,128.79477,129.33841,129.29229
2000-01-25,1449.40563,4565.94528,3388.64011,126.4843,127.03536,126.98727
2000-01-26,1458.58419,4594.85987,3410.09921,127.95273,128.52564,128.47425
2000-01-27,1460.46817,4600.79318,3414.50263,129.78372,130.38033,130.32544
2000-01-28,1445.52662,4553.72378,3379.56983,129.56367,130.17577,130.11815
2000-01-31,1415.47869,4459.44526,3309.57416,127.07145,127.68911,127.62979
2000-02-01,1430.96676,4508.23913,3345.78653,129.18811,129.83136,129.7683
2000-02-02,1449.56013,4566.81774,3389.2606,130.96096,131.62873,131.562
2000-02-03,1487.50061,4686.34837,3477.97015,132.75007,133.44287,133.37239
2000-02-04,1482.27615,4669.8875,3465.75372,132.8779,133.58812,133.51469
2000-02-07,1466.40375,4619.89195,3428.64958,131.66332,132.38433,132.3087
2000-02-08,1512.45411,4764.97137,3536.32014,134.66913,135.42216,135.34194
2000-02-09,1519.1004,4785.92219,3551.86706,134.78948,135.56019,135.47698
2000-02-10,1507.80426,4750.33416,3525.45544,134.39135,135.17701,135.09111
2000-02-11,1504.5593,4740.1115,3517.8687,134.10212,134.90322,134.81459
2000-02-14,1484.4557,4676.77704,3470.86513,133.03255,133.84465,133.75381
2000-02-15,1462.40567,4607.30656,3419.30767,130.59676,131.41177,131.3197
2000-02-16,1480.92493,4665.65106,3462.60799,132.23041,133.07156,132.9755
2000-02-17,1497.76754,4718.71567,3501.9898,133.41553,134.28054,134.18074
2000-02-18,1489.1645,4691.61292,3481.87555,132.7704,133.64837,133.54616
2000-02-21,1475.67271,4651.53858,3452.13442,131.30758,132.19327,132.08929
2000-02-22,1500.29501,4729.15103,3509.7344,130.85373,131.75317,131.6467
2000-02-23,1517.56462,4783.59008,3550.13629,132.78852,133.71714,133.60624
2000-02-24,1508.08576,4753.70875,3527.95991,132.97922,133.92594,133.812
2000-02-25,1511.06233,4763.51073,3535.15261,135.59682,136.57807,136.45899
2000-02-28,1476.50891,4656.39233,3455.65377,134.11996,135.10828,134.98754
2000-02-29,1487.6406,4691.49819,3481.70693,135.71361,136.73009,136.605
2000-03-01,1514.51169,4776.24035,3544.59672,137.40145,138.44717,138.31756
2000-03-02,1543.85558,4868.78089,3613.27393,140.32453,141.40884,141.27349
2000-03-03,1552.77612,4896.95468,3634.17499,141.80304,142.91604,142.77621
2000-03-06,1565.26633,4938.78201,3665.2163,143.01803,144.1581,144.01398
2000-03-07,1546.33074,4879.03449,3620.87591,141.84864,142.998,142.85193
2000-03-08,1527.73963,4820.37682,3577.34431,140.18716,141.34169,141.19424
2000-03-09,1550.00375,4890.63339,3629.48175,140.49079,141.66551,141.51469
2000-03-10,1555.75342,4908.78675,3642.95178,141.67719,142.87923,142.72406
2000-03-13,1522.63559,4806.76973,3567.23824,138.33137,139.52428,139.36969
2000-03-14,1519.36802,4796.46868,3559.59071,138.60082,139.81352,139.6556
2000-03-15,1492.8757,4712.83431,3497.52332,135.31975,136.52259,136.36538
2000-03-16,1522.00438,4804.80895,3565.77665,137.3576,138.59499,138.43246
2000-03-17,1526.74486,4819.79679,3576.89508,138.46837,139.7328,139.56596
2000-03-20,1544.99138,4877.42416,3619.66184,139.96426,141.25939,141.08772
2000-03-21,1547.40455,4885.12274,3625.35787,139.93029,141.24291,141.06822
2000-03-22,1536.67941,4851.606,3600.41498,140.36954,141.7039,141.5256
2000-03-23,1542.06956,4869.74212,3613.62184,139.57719,140.92216,140.7418
2000-03-24,1576.5381,4978.67906,3694.44264,142.52079,143.91078,143.72356
2000-03-27,1572.13329,4965.29056,3684.50764,142.26902,143.67477,143.48478
2000-03-28,1571.14275,4962.21017,3682.21187,142.67921,144.10695,143.9133
2000-03-29,1545.27304,4880.64738,3621.66136,142.3687,143.8116,143.61524
2000-03-30,1511.15546,4772.95779,3541.73635,138.8903,140.31737,140.12269
2000-03-31,1521.86546,4807.11911,3567.02403,139.68462,141.13723,140.9384
2000-04-03,1494.93222,4722.58748,3504.22789,137.29146,138.73787,138.53938
2000-04-04,1499.88618,4738.34455,3515.90557,137.99172,139.46271,139.2602
2000-04-05,1483.55886,4686.76293,3477.63142,134.93479,136.39192,136.19086
2000-04-06,1506.13911,4758.13774,3530.58297,137.93127,139.43682,139.22835
2000-04-07,1524.02142,4814.64953,3572.51134,139.63444,141.1755,140.96143
2000-04-10,1523.77455,4814.739,3572.52555,139.4518,141.00869,140.79184
2000-04-11,1498.7215,4736.36798,3514.2031,136.71029,138.25538,138.03973
2000-04-12,1490.3697,4710.3385,3494.81698,136.65811,138.22004,138.00147
2000-04-13,1488.69348,4705.52343,3491.14154,136.84013,138.42148,138.19962
2000-04-14,1449.3325,4581.42996,3399.00927,133.13848,134.69589,134.47703
2000-04-17,1427.6983,4514.79429,3349.26955,131.31594,132.86969,132.65089
2000-04-18,1437.09597,4544.79683,3371.47758,132.97406,134.56354,134.3391
2000-04-19,1443.88564,4566.29086,3387.41856,134.83102,136.45894,136.22845
2000-04-20,1451.64076,4592.38067,3406.46656,135.70669,137.36205,137.1271
2000-04-21,1451.64076,4592.38067,3406.46656,135.70669,137.37934,137.14141
2000-04-24,1451.82421,4592.96161,3406.89746,135.70218,137.39207,137.15117
2000-04-25,1447.42827,4581.05776,3397.73394,137.07835,138.80216,138.55584
2000-04-26,1455.77306,4608.68004,3417.92068,138.44337,140.20132,139.94953
2000-04-27,1425.62854,4513.6811,3347.37752,137.35389,139.11608,138.86322
2000-04-28,1453.02378,4601.35193,3412.20969,140.04709,141.86034,141.59951
2000-05-01,1448.24971,4586.71062,3401.26381,140.02488,141.85572,141.59185
2000-05-02,1474.21006,4670.04719,3462.9254,142.61337,144.49496,144.22313
2000-05-03,1427.66574,4522.77575,3353.68272,140.63563,142.51008,142.23887
2000-05-04,1424.89688,4514.93526,3347.69398,140.27635,142.16409,141.89048
2000-05-05,1429.64629,4530.50193,3359.13441,140.64932,142.55984,142.28242
2000-05-08,1421.41014,4505.16221,3340.26606,139.68258,141.59829,141.31967
2000-05-09,1410.94048,4472.88422,3316.16642,137.33226,139.23446,138.95745
2000-05-10,1396.04623,4426.94741,3281.8743,134.55541,136.43774,136.1633
2000-05-11,1409.06725,4469.14111,3312.98443,136.95263,138.88478,138.60249
2000-05-12,1431.94587,4542.67367,3367.28692,138.70812,140.68188,140.39295
2000-05-15,1431.43459,4541.21403,3366.20494,137.19839,139.16896,138.88012
2000-05-16,1444.25752,4581.93994,3396.38316,140.14802,142.17738,141.8793
2000-05-17,1402.61353,4449.92336,3298.50191,138.26861,140.28938,139.9922
2000-05-18,1408.63718,4469.55893,3312.95858,138.44287,140.48378,140.18318
2000-05-19,1364.56764,4329.72719,3209.3115,134.24685,136.2452,135.95064
2000-05-22,1357.1523,4308.44236,3193.1147,131.86304,133.84397,133.55167
2000-05-23,1371.8337,4355.19705,3227.74506,132.58547,134.59384,134.29703
2000-05-24,1357.17925,4308.88486,3193.3808,131.36429,133.37158,133.07457
2000-05-25,1385.31591,4398.45117,3259.71361,134.16902,136.23491,135.92867
2000-05-26,1398.33597,4443.33951,3292.31905,132.64361,134.70376,134.39803
2000-05-29,1413.45906,4491.41664,3327.93765,133.81801,135.91292,135.60155
2000-05-30,1440.6404,4578.67849,3392.51606,135.68931,137.82993,137.51125
2000-05-31,1439.48604,4576.28299,3390.42705,136.32618,138.49395,138.17078
2000-06-01,1462.85637,4650.62929,3445.49857,137.99634,140.20749,139.87735
2000-06-02,1519.84828,4832.83272,3580.23815,141.38331,143.66512,143.32382
2000-06-05,1506.73398,4793.24096,3550.65468,140.11141,142.39128,142.04992
2000-06-06,1518.69055,4831.30294,3578.84362,139.10248,141.38424,141.04224
2000-06-07,1506.03745,4791.05019,3549.02592,138.20296,140.48812,140.14525
2000-06-08,1502.26251,4779.08521,3540.15407,138.38429,140.69007,140.34369
2000-06-09,1496.22255,4760.1201,3526.05926,138.19025,140.51059,140.16163
2000-06-12,1500.85039,4775.91779,3537.66569,138.19624,140.53436,140.18233
2000-06-13,1506.97492,4795.46653,3552.13492,137.77795,140.12686,139.77283
2000-06-14,1520.82653,4841.12199,3585.66147,139.29086,141.68263,141.32166
2000-06-15,1502.24323,4782.12952,3541.93736,138.506,140.90244,140.54041
2000-06-16,1507.8329,4800.11022,3555.21691,137.83488,140.2377,139.87436
2000-06-19,1502.12486,4784.02501,3542.93366,137.39174,139.80467,139.43944
2000-06-20,1509.29236,4806.8647,3559.84573,138.7481,141.20194,140.83006
2000-06-21,1481.93963,4719.79105,3495.35321,137.56546,140.01663,139.64484
2000-06-22,1466.48333,4671.25374,3459.28008,137.10155,139.56226,139.18866
2000-06-23,1459.85456,4650.13782,3443.64277,136.91906,139.39413,139.01799
2000-06-26,1460.72412,4652.96471,3445.73314,136.91289,139.40541,139.02625
2000-06-27,1460.31539,4651.66401,3444.76991,135.96769,138.46093,138.08134
2000-06-28,1468.49274,4677.92967,3464.17873,136.35324,138.87084,138.48715
2000-06-29,1443.6552,4598.88546,3405.62829,133.11819,135.59478,135.21716
2000-06-30,1468.65963,4678.59674,3464.64692,134.56908,137.08919,136.7045
2000-07-03,1481.53565,4720.95539,3495.80169,136.7475,139.32485,138.93094
2000-07-04,1478.53529,4711.39928,3488.72467,136.71481,139.3091,138.91225
2000-07-05,1477.97014,4710.13669,3487.66476,135.71242,138.30561,137.90863
2000-07-06,1481.35387,4720.92028,3495.64956,136.13698,138.75555,138.35431
2000-07-07,1496.59289,4769.48546,3531.6101,138.4793,141.15951,140.74834
2000-07-10,1497.11078,4771.50607,3533.05299,138.0183,140.70754,140.29466
2000-07-11,1493.05897,4758.59237,3523.49107,137.89807,140.60273,140.18713
2000-07-12,1494.35004,4762.79986,3526.58934,138.9819,141.72512,141.30319
2000-07-13,1487.85011,4742.48797,3511.4725,139.73873,142.51445,142.08712
2000-07-14,1494.90871,4765.04929,3528.16604,140.09457,142.89516,142.46364
2000-07-17,1499.61501,4780.37412,3539.50181,140.89642,143.73074,143.29363
2000-07-18,1482.18555,4724.81679,3498.36526,139.63976,142.46737,142.03102
2000-07-19,1470.39875,4687.34946,3470.60288,139.72836,142.57568,142.13593
2000-07-20,1481.02762,4721.27965,3495.71617,140.70795,143.59281,143.14687
2000-07-21,1469.99204,4686.10849,3469.67318,138.46128,141.31902,140.87706
2000-07-24,1473.36252,4697.93288,3478.21493,138.6895,141.56967,141.12389
2000-07-25,1480.42912,4720.4653,3494.89729,138.14066,141.02747,140.58036
2000-07-26,1481.1687,4722.8235,3496.64323,138.06299,140.96596,140.51602
2000-07-27,1453.98229,4636.13792,3432.46363,135.96901,138.84651,138.40031
2000-07-28,1431.25625,4563.67412,3378.81352,135.59064,138.47777,138.02976
2000-07-31,1443.55134,4603.45935,3408.25873,136.82921,139.75968,139.30456
2000-08-01,1441.09862,4595.96463,3402.64935,136.75169,139.69813,139.24021
2000-08-02,1426.95638,4550.86208,3369.25741,137.14333,140.11564,139.65336
2000-08-03,1396.19272,4452.75033,3296.61981,135.59626,138.55329,138.09316
2000-08-04,1415.23931,4514.41312,3342.10207,136.80313,139.80347,139.33621
2000-08-07,1427.10598,4554.1854,3371.54621,137.98819,141.03167,140.55731
2000-08-08,1416.90683,4521.71275,3347.50612,138.31151,141.37977,140.9012
2000-08-09,1426.28016,4551.62546,3369.65104,139.5522,142.66531,142.17937
2000-08-10,1438.69641,4591.24891,3398.985,139.03234,142.15202,141.66476
2000-08-11,1434.13784,4576.70134,3388.21517,139.21217,142.35371,141.86271
2000-08-14,1444.78287,4614.79717,3416.36365,140.36183,143.54681,143.04864
2000-08-15,1456.18826,4651.22725,3443.33307,140.05239,143.24854,142.74833
2000-08-16,1460.64044,4665.44799,3453.86077,140.71172,143.9407,143.435
2000-08-17,1456.85336,4653.35165,3444.90577,139.90188,143.13072,142.62477
2000-08-18,1448.71902,4627.74953,3425.88205,140.00861,143.25789,142.74843
2000-08-21,1442.02778,4606.4134,3410.0871,140.14068,143.41102,142.89794
2000-08-22,1435.96445,4587.04468,3395.74862,140.42153,143.71638,143.19913
2000-08-23,1428.07749,4561.85061,3377.09766,140.31424,143.6247,143.1047
2000-08-24,1434.45339,4582.21777,3392.17529,139.559,142.87002,142.34967
2000-08-25,1442.26416,4607.16849,3410.64609,139.98552,143.32449,142.79942
2000-08-28,1439.51017,4598.87325,3404.41227,140.60389,143.97542,143.4449
2000-08-29,1429.89871,4568.26354,3381.75258,140.10917,143.48716,142.95534
2000-08-30,1423.73559,4548.5735,3367.17661,139.96592,143.35858,142.82416
2000-08-31,1424.92124,4552.36144,3369.98071,140.76788,144.19773,143.65711
2000-09-01,1464.58346,4679.07493,3463.78302,142.9337,146.43366,145.88157
2000-09-04,1477.21609,4719.82288,3493.94754,144.20662,147.75571,147.19549
2000-09-05,1446.43108,4621.51896,3421.16553,143.36046,146.90766,146.34749
2000-09-06,1427.35759,4560.5769,3376.05204,142.76696,146.31819,145.75712
2000-09-07,1418.29804,4531.63058,3354.62398,143.01719,146.59298,146.02772
2000-09-08,1390.58608,4443.11616,3289.09424,140.96728,144.51107,143.95069
2000-09-11,1382.54361,4417.69016,3270.25485,140.90008,144.46041,143.89712
2000-09-12,1374.72875,4392.79442,3251.82544,140.2827,143.84585,143.28186
2000-09-13,1365.0916,4361.99996,3229.02942,138.67896,142.22012,141.65941
2000-09-14,1373.42078,4388.61492,3248.73151,140.03534,143.62852,143.05922
2000-09-15,1363.5697,4357.13689,3225.42947,138.76511,142.34428,141.77699
2000-09-18,1341.14303,4285.76502,3172.58989,137.8646,141.43881,140.87207
2000-09-19,1340.62179,4284.09935,3171.35686,137.94017,141.53413,140.96398
2000-09-20,1317.0494,4208.77128,3115.59434,136.49013,140.0647,139.49743
2000-09-21,1305.16156,4170.78242,3087.47262,134.40179,137.94011,137.37844
2000-09-22,1349.59718,4312.78116,3192.58892,134.43805,137.99469,137.42983
2000-09-25,1351.67182,4319.69392,3197.70496,135.94761,139.56098,138.98676
2000-09-26,1348.47881,4309.503,3190.15854,134.57085,138.16574,137.59427
2000-09-27,1356.23055,4334.2762,3208.49718,135.16781,138.79582,138.21878
2000-09-28,1355.3844,4331.57205,3206.49541,134.83103,138.46761,137.88895
2000-09-29,1356.578,4335.38659,3209.31916,135.01859,138.67758,138.09508
2000-10-02,1364.50469,4360.98797,3228.27087,135.93075,139.63158,139.0421
2000-10-03,1365.14245,4363.02625,3229.77973,136.81675,140.55895,139.96256
2000-10-04,1352.57696,4322.87745,3200.05713,136.10878,139.84959,139.2532
2000-10-05,1356.71017,4336.86541,3210.21027,137.05073,140.83468,140.23109
2000-10-06,1345.45284,4300.8881,3183.57789,135.8823,139.65217,139.05063
2000-10-09,1317.48901,4212.01444,3117.79235,133.15765,136.87057,136.27802
2000-10-10,1318.13977,4214.22118,3119.403,133.34618,137.08152,136.48512
2000-10-11,1298.12552,4150.23365,3072.03888,130.46495,134.13796,133.55142
2000-10-12,1289.2644,4121.90382,3051.06889,131.29463,135.00757,134.41436
2000-10-13,1296.79243,4145.97166,3068.88412,132.52223,136.28643,135.6847
2000-10-16,1288.35681,4119.17854,3049.05162,133.34355,137.14793,136.53948
2000-10-17,1276.53627,4081.38549,3021.07688,131.92581,135.70756,135.10256
2000-10-18,1263.0032,4038.11709,2989.04923,130.87371,134.64279,134.03962
2000-10-19,1281.69556,4097.88097,3033.28697,134.07609,137.95315,137.33227
2000-10-20,1286.23577,4112.39707,3044.03192,134.88037,138.79774,138.17011
2000-10-23,1293.4437,4135.48471,3061.12159,135.89583,139.85979,139.22438
2000-10-24,1321.74325,4225.97431,3128.10277,138.67006,142.73151,142.08006
2000-10-25,1298.12561,4150.47133,3072.21314,137.58924,141.63743,140.98791
2000-10-26,1289.33744,4122.58496,3051.55531,136.60832,140.64586,139.99785
2000-10-27,1320.63148,4222.64593,3125.62087,137.64091,141.72629,141.07029
2000-10-30,1328.32649,4247.25886,3143.83948,138.07426,142.19017,141.52899
2000-10-31,1344.717,4299.8474,3182.73286,139.34098,143.51207,142.8417
2000-11-01,1358.84723,4345.03,3216.17687,139.16331,143.34723,142.67455
2000-11-02,1360.06114,4348.91158,3219.05,138.88277,143.07642,142.40194
2000-11-03,1365.34955,4365.82173,3231.56684,138.85775,143.06866,142.39116
2000-11-06,1360.79221,4351.66539,3221.05767,138.77994,143.00654,142.32626
2000-11-07,1359.09484,4346.23741,3217.03993,138.68735,142.92918,142.2462
2000-11-08,1349.82671,4316.59892,3195.10183,138.44937,142.702,142.01705
2000-11-09,1342.26465,4292.41628,3177.20209,137.25698,141.49143,140.80923
2000-11-10,1333.13248,4263.2155,3155.58744,135.60478,139.80672,139.12961
2000-11-13,1309.28188,4188.13048,3100.0103,133.69744,137.85863,137.18795
2000-11-14,1338.35714,4281.1364,3168.8523,136.99298,141.27285,140.58261
2000-11-15,1345.68593,4304.57975,3186.20483,137.52678,141.8409,141.14487
2000-11-16,1331.87576,4260.40379,3153.50624,136.92798,141.24142,140.54529
2000-11-17,1324.14509,4235.6749,3135.20218,136.39664,140.71133,140.01479
2000-11-20,1298.96444,4155.74945,3076.03218,134.39392,138.66376,137.97433
2000-11-21,1301.19932,4162.89947,3081.32454,135.15053,139.46158,138.76521
2000-11-22,1269.19371,4060.50458,3005.53316,132.19361,136.42905,135.74483
2000-11-23,1276.03322,4082.3861,3021.72958,133.08748,137.3684,136.67655
2000-11-24,1290.83735,4130.07632,3056.96523,135.00024,139.35926,138.65444
2000-11-27,1310.91701,4194.48406,3104.63801,135.63056,140.02723,139.31606
2000-11-28,1301.00262,4162.76141,3081.1578,133.65227,138.00322,137.29932
2000-11-29,1302.9911,4169.12385,3085.8671,133.0628,137.41216,136.70832
2000-11-30,1291.06213,4130.95525,3057.61579,130.26186,134.53806,133.846
2000-12-01,1310.14872,4192.09096,3102.85465,131.81661,136.1602,135.45691
2000-12-04,1314.59788,4206.62862,3113.61497,129.82523,134.12113,133.42545
2000-12-05,1343.29609,4298.46103,3181.58644,133.31896,137.74603,137.02868
2000-12-06,1336.16053,4275.62771,3164.68593,132.67074,137.09388,136.37698
2000-12-07,1337.56346,4280.117,3168.00876,132.03385,136.45328,135.73678
2000-12-08,1341.68767,4293.3142,3177.77692,132.6945,137.15296,136.42987
2000-12-11,1353.00777,4329.78094,3204.76644,135.36118,139.9255,139.18486
2000-12-12,1347.65571,4312.65375,3192.08944,134.94102,139.50896,138.76753
2000-12-13,1338.78642,4284.27098,3171.08142,134.29791,138.86189,138.12091
2000-12-14,1334.416,4270.28513,3160.72953,132.07199,136.57868,135.84691
2000-12-15,1323.94357,4236.79314,3135.93594,129.56811,134.00754,133.28661
2000-12-18,1327.98949,4251.14711,3146.54168,130.21071,134.68879,133.96133
2000-12-19,1336.11371,4277.58052,3166.10222,131.69832,136.24395,135.50521
2000-12-20,1318.67408,4221.75051,3124.7784,127.72175,132.14882,131.42936
2000-12-21,1315.75406,4212.41419,3117.86575,126.42811,130.8275,130.1124
2000-12-22,1330.09988,4258.34266,3151.86023,126.5056,130.92413,130.2057
2000-12-25,1330.09988,4258.34266,3151.86023,126.5056,130.94061,130.21929
2000-12-26,1336.66947,4279.37533,3167.4278,126.39135,130.83888,130.11532
2000-12-27,1358.53789,4350.05084,3219.73907,128.22448,132.75229,132.01535
2000-12-28,1361.94781,4360.97595,3227.82421,129.21981,133.79911,133.05351
2000-12-29,1378.39585,4413.64282,3266.80617,128.9486,133.53524,132.78826
2001-01-01,1378.39585,4413.64282,3266.80617,128.9486,133.53524,132.78826
2001-01-02,1372.14848,4394.04583,3252.23779,127.199,131.73562,130.99614
2001-01-03,1354.22386,4336.64562,3209.75322,125.75639,130.24155,129.51046
2001-01-04,1378.06579,4413.0179,3266.27564,128.13297,132.70359,131.95851
2001-01-05,1380.51356,4420.86449,3272.08177,127.40965,131.95471,131.21377
2001-01-08,1371.9253,4393.45641,3251.79507,126.85697,131.38513,130.64736
2001-01-09,1348.23755,4317.60959,3195.65542,125.89264,130.38671,129.65447
2001-01-10,1340.86356,4294.13529,3178.25509,125.18413,129.65714,128.92794
2001-01-11,1367.62355,4380.10194,3241.83284,126.45258,130.97891,130.24029
2001-01-12,1374.99623,4403.71449,3259.30914,127.28834,131.84459,131.10108
2001-01-15,1370.42287,4389.13033,3248.51001,127.78081,132.35659,131.60999
2001-01-16,1350.96938,4326.82647,3202.39712,126.1075,130.62339,129.88656
2001-01-17,1368.23104,4382.11137,3243.31491,129.16018,133.78538,133.03072
2001-01-18,1381.73222,4425.35236,3275.3187,128.48748,133.08859,132.33786
2001-01-19,1365.89325,4374.624,3237.77332,128.29142,132.8855,132.13592
2001-01-22,1366.78372,4377.64745,3240.01105,128.34074,132.9418,132.1919
2001-01-23,1370.29809,4388.90356,3248.34199,128.13647,132.73021,131.9815
2001-01-24,1360.63262,4357.94619,3225.42964,129.49371,134.1361,133.37946
2001-01-25,1361.81724,4361.7404,3228.23783,129.98675,134.64682,133.88731
2001-01-26,1362.06046,4362.5194,3228.81439,129.75614,134.40794,133.64977
2001-01-29,1359.96504,4355.86699,3223.89049,130.05023,134.7144,133.95449
2001-01-30,1366.84199,4377.89336,3240.19278,129.85249,134.50957,133.75082
2001-01-31,1378.65474,4415.91935,3268.30153,130.20714,134.88277,134.12046
2001-02-01,1379.25906,4417.85505,3269.73417,128.83724,133.46367,132.70938
2001-02-02,1362.30455,4363.54865,3229.54103,128.19426,132.7976,132.04708
2001-02-05,1369.30802,4385.98121,3246.14377,127.94172,132.536,131.78695
2001-02-06,1365.25084,4372.98582,3236.52565,128.73357,133.35627,132.60259
2001-02-07,1350.07327,4324.38362,3200.55428,127.14545,131.71151,130.96713
2001-02-08,1331.76662,4265.74608,3157.15558,127.31903,131.89132,131.14592
2001-02-09,1320.93426,4231.05941,3131.48147,125.51833,130.02627,129.29133
2001-02-12,1339.08378,4289.1938,3174.50775,126.50387,131.04721,130.3065
2001-02-13,1328.35406,4254.82562,3149.07126,126.64127,131.18954,130.44802
2001-02-14,1310.0554,4196.33426,3105.78077,125.27067,129.77345,129.03994
2001-02-15,1305.6782,4182.31334,3095.40365,126.91087,131.47261,130.72949
2001-02-16,1294.12295,4145.29988,3068.00933,124.11878,128.58016,127.85339
2001-02-19,1296.97772,4154.44418,3074.77719,123.73052,128.17794,127.45345
2001-02-20,1272.36263,4075.5978,3016.4216,122.95823,127.37789,126.65792
2001-02-21,1264.9475,4054.01703,3000.44929,121.79272,126.2381,125.52457
2001-02-22,1253.89818,4018.60519,2974.24036,121.31402,125.74192,125.0312
2001-02-23,1233.97347,3955.6304,2927.45933,119.32059,123.70331,122.99687
2001-02-26,1244.16423,3988.31685,2951.64567,120.12746,124.5404,123.82901
2001-02-27,1258.2808,4033.56919,2985.13571,120.30021,124.7195,124.00709
2001-02-28,1256.10965,4028.49734,2981.38159,119.96857,124.434,123.72319
2001-03-01,1257.79857,4033.91391,2985.39024,118.82482,123.24767,122.54364
2001-03-02,1265.04562,4057.1561,3002.59115,118.76851,123.18926,122.48557
2001-03-05,1271.48674,4078.06002,3018.01343,120.20846,124.69035,123.9761
2001-03-06,1289.64029,4136.3322,3061.12952,121.74126,126.28176,125.55804
2001-03-07,1285.65252,4124.76836,3052.56346,121.77054,126.34971,125.62525
2001-03-08,1284.33525,4120.55798,3049.44415,121.04532,125.59769,124.87741
2001-03-09,1270.13404,4075.04946,3015.75539,119.71331,124.21722,123.50445
2001-03-12,1238.0999,3972.28386,2939.7012,117.02681,121.43,120.73314
2001-03-13,1210.53338,3883.84023,2874.24821,115.91188,120.27312,119.58289
2001-03-14,1185.54345,3806.62903,2817.10365,114.21008,118.59968,117.91889
2001-03-15,1198.96413,3849.72111,2848.99403,116.15912,120.62364,119.93123
2001-03-16,1156.48022,3713.31069,2748.04322,113.28024,117.63411,116.95886
2001-03-19,1150.05245,3692.68652,2732.77713,112.48127,116.80489,116.13427
2001-03-20,1173.49721,3767.9973,2788.50341,114.15142,118.54026,117.85935
2001-03-21,1145.23912,3677.89741,2721.79757,112.0729,116.4019,115.73211
2001-03-22,1081.98717,3475.70212,2571.9638,107.54265,111.72676,111.07519
2001-03-23,1117.23773,3589.20361,2655.89622,109.87133,114.15447,113.48632
2001-03-26,1157.39964,3718.61088,2751.55562,113.52223,117.95988,117.26529
2001-03-27,1185.43147,3809.67805,2818.68076,115.92216,120.48538,119.76489
2001-03-28,1158.35352,3724.01828,2755.24357,114.41437,118.96173,118.2478
2001-03-29,1152.62401,3705.90957,2741.77699,114.77782,119.34965,118.63042
2001-03-30,1159.78343,3729.28691,2759.00398,115.22946,119.8308,119.10571
2001-04-02,1153.10941,3707.82655,2743.12717,114.83267,119.41816,118.69556
2001-04-03,1123.64463,3613.09056,2673.03778,111.29898,115.74362,115.04319
2001-04-04,1146.94015,3688.55537,2728.84837,111.58045,116.05389,115.35073
2001-04-05,1165.93637,3749.69088,2774.06818,114.21286,118.79322,118.07308
2001-04-06,1168.02658,3757.26868,2779.47333,113.81465,118.406,117.6797
2001-04-09,1185.56761,3813.83644,2821.28856,115.44063,120.10206,119.36403
2001-04-10,1198.65063,3856.24891,2852.61258,118.26829,123.0543,122.29596
2001-04-11,1194.79453,3845.6637,2844.36521,118.62074,123.47947,122.70052
2001-04-12,1203.60471,3875.50171,2866.14339,118.31846,123.21189,122.4222
2001-04-13,1203.60471,3875.50171,2866.14339,118.31846,123.21189,122.4222
2001-04-16,1193.69369,3843.58909,2842.54228,118.55836,123.4617,122.67041
2001-04-17,1185.41287,3817.90529,2823.29412,118.02954,122.94256,122.14363
2001-04-18,1206.40632,3886.18215,2873.76846,121.4067,126.48186,125.65924
2001-04-19,1222.70521,3939.63975,2913.1206,120.80456,125.88504,125.05862
2001-04-20,1227.71332,3955.86374,2925.10106,119.65718,124.69217,123.8729
2001-04-23,1212.89634,3909.51709,2890.55223,118.7269,123.76692,122.94188
2001-04-24,1213.76089,3912.43337,2892.6815,119.26346,124.33037,123.50043
2001-04-25,1215.31555,3918.70731,2897.15673,118.97697,124.07169,123.23652
2001-04-26,1228.01159,3959.98005,2927.59719,119.59999,124.73195,123.88924
2001-04-27,1234.57324,3982.64378,2944.05242,121.48515,126.74588,125.87674
2001-04-30,1239.07908,3997.64719,2955.06753,122.75373,128.08438,127.2028
2001-05-01,1241.67139,4006.256,2961.38586,122.36185,127.6833,126.80254
2001-05-02,1235.75129,3989.34896,2948.62492,121.73747,127.10167,126.21365
2001-05-03,1213.90111,3919.25475,2896.73613,119.31728,124.58896,123.71507
2001-05-04,1224.28558,3953.80092,2922.07944,120.13632,125.47651,124.58829
2001-05-07,1227.37501,3964.32181,2929.7536,120.93264,126.32555,125.42698
2001-05-08,1219.42342,3938.78072,2910.8502,120.99754,126.3979,125.49762
2001-05-09,1210.88595,3911.64028,2890.72022,120.2727,125.65471,124.75659
2001-05-10,1231.58601,3978.7303,2940.25869,122.48113,127.96905,127.05261
2001-05-11,1216.82868,3932.11295,2905.61104,121.98731,127.48739,126.56578
2001-05-14,1193.46912,3858.03775,2850.60479,119.93985,125.39344,124.47523
2001-05-15,1212.40659,3919.31941,2895.87019,121.19815,126.71102,125.78255
2001-05-16,1220.307,3945.97781,2915.54356,121.20161,126.75058,125.82079
2001-05-17,1228.13402,3971.99986,2934.63847,122.39421,128.02076,127.07594
2001-05-18,1230.10059,3980.16871,2940.33373,123.20532,128.92773,127.96142
2001-05-21,1234.46492,3997.13919,2952.30555,123.89676,129.74377,128.74671
2001-05-22,1231.99366,3989.37494,2946.52639,124.87595,130.77695,129.76999
2001-05-23,1214.6215,3934.22402,2905.53629,123.93033,129.82304,128.81207
2001-05-24,1211.71555,3924.85592,2898.60902,124.10238,130.00474,128.99198
2001-05-25,1204.3586,3901.39336,2881.2131,123.45687,129.3407,128.33007
2001-05-28,1209.1544,3917.20582,2892.83884,123.4801,129.37418,128.36099
2001-05-29,1194.63062,3871.68915,2858.94161,122.8396,128.75416,127.73316
2001-05-30,1182.61916,3834.54926,2831.28036,121.15769,127.05051,126.0325
2001-05-31,1174.03209,3807.21417,2811.00311,121.65443,127.58843,126.56187
2001-06-01,1170.13555,3795.31554,2802.06621,121.4154,127.36248,126.3309
2001-06-04,1175.88263,3814.02037,2815.8633,121.84618,127.81652,126.7807
2001-06-05,1189.40065,3858.22507,2848.43379,123.1888,129.23693,128.18665
2001-06-06,1179.18581,3826.56004,2824.93964,122.31112,128.36548,127.31702
2001-06-07,1180.41569,3830.58212,2827.90144,121.92751,127.96392,126.9184
2001-06-08,1175.84226,3816.99713,2817.63912,121.73428,127.80319,126.7485
2001-06-11,1156.51304,3754.99367,2771.73274,120.67194,126.71295,125.66107
2001-06-12,1142.61625,3709.94116,2738.46489,118.19688,124.11626,123.08537
2001-06-13,1155.30232,3751.61,2769.21207,119.16532,125.14917,124.10923
2001-06-14,1150.1186,3735.62399,2757.25585,117.62225,123.55663,122.52298
2001-06-15,1144.69099,3718.00448,2744.24917,116.60553,122.48892,121.46413
2001-06-18,1133.14037,3683.14414,2717.98942,115.55623,121.4743,120.43453
2001-06-19,1132.33166,3680.604,2716.0986,115.99904,121.94272,120.89822
2001-06-20,1121.37388,3645.20482,2689.95235,115.6182,121.54966,120.50747
2001-06-21,1123.51694,3652.51465,2695.28198,115.60844,121.55083,120.50575
2001-06-22,1128.84912,3669.84938,2708.07372,116.04156,122.00621,120.95721
2001-06-25,1136.12429,3692.56927,2725.08211,115.8538,121.77808,120.7418
2001-06-26,1119.14412,3637.48691,2684.43183,114.07593,119.91278,118.89237
2001-06-27,1117.5133,3632.30566,2680.59358,114.14152,119.98567,118.96399
2001-06-28,1119.11959,3637.59722,2684.48611,115.84816,121.78205,120.74452
2001-06-29,1127.55845,3665.0464,2704.73936,116.9837,122.97641,121.92852
2001-07-02,1143.34327,3717.1444,2743.06917,118.66342,124.76871,123.70025
2001-07-03,1129.64436,3672.62395,2710.21311,117.17935,123.20883,122.15363
2001-07-04,1121.01951,3644.8222,2689.68169,116.4153,122.41349,121.36442
2001-07-05,1102.7142,3585.31104,2645.76455,115.7253,121.68813,120.64522
2001-07-06,1088.53877,3539.22172,2611.75314,113.20957,119.04278,118.02255
2001-07-09,1093.12918,3554.18069,2622.79109,113.05777,118.88428,117.86537
2001-07-10,1093.95744,3557.08712,2624.9064,112.25774,118.05011,117.03703
2001-07-11,1085.74972,3530.5381,2605.31503,110.71697,116.43442,115.43521
2001-07-12,1089.59612,3543.48361,2614.79646,112.26271,118.07459,117.0581
2001-07-13,1095.4143,3562.45136,2628.78404,112.96819,118.81813,117.79484
2001-07-16,1093.54649,3556.38049,2624.30379,112.33369,118.1509,117.13333
2001-07-17,1079.83693,3511.79489,2591.40344,111.38134,117.14923,116.14029
2001-07-18,1089.36771,3542.96933,2614.40751,109.81726,115.50999,114.51516
2001-07-19,1104.63956,3592.77183,2651.13146,111.55525,117.34244,116.33069
2001-07-20,1099.48203,3575.99728,2638.7534,110.63369,116.37307,115.36968
2001-07-23,1098.10277,3571.51455,2635.44497,111.11231,116.87662,115.86886
2001-07-24,1089.84794,3544.66621,2615.63339,109.46988,115.14899,114.15613
2001-07-25,1081.00932,3515.99981,2594.47469,107.99542,113.60064,112.62089
2001-07-26,1087.05797,3535.67314,2608.99174,108.89698,114.54899,113.56106
2001-07-27,1103.60197,3589.49978,2648.70755,110.98468,116.7456,115.73859
2001-07-30,1117.64641,3635.15492,2682.40081,112.1659,117.98733,116.96978
2001-07-31,1129.70417,3674.57908,2711.46473,113.40192,119.29419,118.26418
2001-08-01,1137.73719,3701.55226,2731.36818,113.68854,119.62299,118.59014
2001-08-02,1141.9413,3715.23002,2741.46098,113.72693,119.66339,118.63019
2001-08-03,1135.59037,3695.48278,2726.72071,112.60922,118.51668,117.48611
2001-08-06,1129.41128,3675.37454,2711.88381,112.6707,118.58138,117.55025
2001-08-07,1127.53556,3669.21271,2707.33728,112.95186,118.87542,117.84173
2001-08-08,1113.12571,3623.44754,2673.55711,111.55923,117.44629,116.4245
2001-08-09,1106.19733,3600.89428,2656.91621,109.3242,115.09332,114.092
2001-08-10,1105.50397,3598.67902,2655.27398,108.44421,114.16821,113.17461
2001-08-13,1114.7562,3629.10585,2677.66739,108.96843,114.72987,113.72896
2001-08-14,1127.2701,3669.84506,2707.72605,110.32675,116.16,115.14661
2001-08-15,1135.39109,3699.35945,2729.23564,109.45065,115.33349,114.31613
2001-08-16,1125.2418,3666.29078,2704.83893,108.27025,114.08964,113.08325
2001-08-17,1111.66865,3622.49781,2672.45071,106.52661,112.26565,111.27204
2001-08-20,1107.81905,3609.95456,2663.19709,106.62888,112.37347,111.37891
2001-08-21,1120.04049,3649.7795,2692.57742,107.7993,113.60695,112.60147
2001-08-22,1125.67243,3669.89419,2707.41677,107.35317,113.19114,112.18933
2001-08-23,1119.5989,3650.0934,2692.809,107.69779,113.5545,112.54948
2001-08-24,1136.33938,3704.67037,2733.07245,109.3141,115.2587,114.2386
2001-08-27,1133.553,3696.17293,2726.69538,109.47171,115.44321,114.41693
2001-08-28,1120.36842,3653.182,2694.98063,108.21032,114.11301,113.09856
2001-08-29,1119.32392,3649.81014,2692.49319,108.00255,113.89496,112.88245
2001-08-30,1096.6062,3575.73387,2637.84655,105.93856,111.71837,110.72521
2001-08-31,1097.85915,3579.83634,2640.86985,106.15301,111.94505,110.94974
2001-09-03,1083.99379,3534.73854,2607.57994,105.03784,110.7726,109.78683
2001-09-04,1080.78085,3524.28312,2599.86301,106.5665,112.3854,111.38511
2001-09-05,1063.54718,3468.33076,2558.58539,105.13872,110.88746,109.90044
2001-09-06,1042.52798,3399.7851,2508.01929,102.76011,108.3788,107.4141
2001-09-07,1030.85338,3361.74265,2479.94931,100.2203,105.70105,104.75994
2001-09-10,1017.20487,3317.24939,2447.12429,99.33873,104.77178,103.83883
2001-09-11,963.42274,3141.8622,2317.74089,93.25176,98.35202,97.47621
2001-09-12,978.07844,3189.87216,2353.15768,94.85325,100.04786,99.15695
2001-09-13,990.92218,3231.79982,2384.08028,95.81845,101.06716,100.16686
2001-09-14,953.21555,3108.82317,2293.3611,90.94086,95.92239,95.06792
2001-09-17,976.58964,3185.0556,2349.59733,93.28738,98.39745,97.52093
2001-09-18,968.50251,3158.68017,2330.14033,92.28402,97.33913,96.47204
2001-09-19,953.95137,3111.97736,2295.68794,90.14447,95.10543,94.25824
2001-09-20,914.61672,2983.65996,2201.02892,86.64659,91.41505,90.60073
2001-09-21,880.89291,2873.64625,2119.87243,84.46762,89.11616,88.32232
2001-09-24,926.1328,3021.22769,2228.74242,88.8881,93.77991,92.94453
2001-09-25,944.92263,3082.52381,2273.96021,89.86659,94.81225,93.96767
2001-09-26,956.45385,3121.06534,2302.39208,91.19037,96.2374,95.38012
2001-09-27,967.82064,3158.15702,2329.7544,92.35431,97.46575,96.59753
2001-09-28,987.5778,3222.6435,2377.32544,95.2434,100.51523,99.61983
2001-10-01,972.1921,3172.4372,2340.28854,93.24762,98.40898,97.53235
2001-10-02,980.1576,3198.43004,2359.46331,93.97058,99.17196,98.28853
2001-10-03,987.89094,3223.8299,2378.20064,94.27464,99.49793,98.6116
2001-10-04,1014.12007,3309.42463,2441.34338,97.52474,102.9281,102.01122
2001-10-05,1014.14744,3309.52543,2441.41621,96.93829,102.30952,101.39808
2001-10-08,1013.89264,3308.72213,2440.81841,96.89812,102.26799,101.3567
2001-10-09,1010.64933,3298.13795,2433.01055,96.67231,102.02966,101.1205
2001-10-10,1027.54003,3353.53544,2473.85399,99.02673,104.52318,103.59085
2001-10-11,1031.05917,3365.02069,2482.32649,100.40702,105.98009,105.03476
2001-10-12,1029.76972,3360.81239,2479.22209,99.83866,105.38018,104.4402
2001-10-15,1010.64431,3298.39366,2433.17671,97.82782,103.25773,102.33668
2001-10-16,1021.3496,3333.33202,2458.95023,98.69547,104.17354,103.24431
2001-10-17,1041.03366,3396.66335,2505.93307,100.84168,106.41034,105.47229
2001-10-18,1021.92906,3334.32926,2459.94526,99.4132,104.90298,103.97821
2001-10-19,1000.96801,3265.93797,2409.4887,97.97093,103.38106,102.46972
2001-10-22,1009.46399,3293.65849,2429.93987,99.42294,104.91326,103.98841
2001-10-23,1029.47726,3358.95736,2478.11497,101.78786,107.40877,106.46192
2001-10-24,1035.5057,3378.72593,2492.69949,101.99353,107.62896,106.68016
2001-10-25,1021.20576,3332.13022,2458.31175,100.07998,105.61168,104.6802
2001-10-26,1040.83318,3396.17324,2505.56011,102.45507,108.11805,107.16446
2001-10-29,1031.74541,3366.56234,2483.70881,100.2072,105.74725,104.81433
2001-10-30,1011.6627,3301.03293,2435.36395,97.77016,103.17547,102.26525
2001-10-31,1018.71831,3324.84763,2452.90525,99.33741,104.85437,103.92813
2001-11-01,1030.78612,3364.234,2481.96253,99.87657,105.42346,104.4922
2001-11-02,1032.46989,3369.72943,2486.01678,100.2942,105.86429,104.92913
2001-11-05,1048.56942,3422.49953,2524.91428,102.69864,108.4094,107.45033
2001-11-06,1048.62878,3422.69327,2525.05721,102.70446,108.41554,107.45642
2001-11-07,1060.21977,3460.60843,2553.02874,103.49347,109.25103,108.28452
2001-11-08,1071.6498,3497.91661,2580.55247,105.48262,111.35084,110.36575
2001-11-09,1061.35462,3464.31262,2555.76147,104.33479,110.13916,109.16479
2001-11-12,1039.63125,3393.4065,2503.4512,102.08505,107.76426,106.8109
2001-11-13,1057.51661,3451.78518,2546.51948,105.31901,111.17813,110.19456
2001-11-14,1058.32291,3455.78372,2549.46936,105.18462,111.08019,110.0975
2001-11-15,1058.21684,3455.43739,2549.21385,105.48443,111.39681,110.41131
2001-11-16,1069.29764,3491.61995,2575.90718,106.0833,112.02925,111.03816
2001-11-19,1074.08007,3507.30242,2587.46365,107.29097,113.30675,112.30378
2001-11-20,1064.97385,3477.56695,2565.52672,105.94155,111.88166,110.89132
2001-11-21,1056.91054,3451.86043,2546.56209,105.94339,111.90382,110.91328
2001-11-22,1068.76233,3490.56827,2575.11826,106.77192,112.77896,111.78067
2001-11-23,1060.42494,3463.33844,2555.02984,106.24717,112.22469,111.2313
2001-11-26,1062.18658,3469.09195,2559.27441,106.10895,112.07869,111.0866
2001-11-27,1052.82703,3438.52374,2536.72313,104.87575,110.77611,109.79555
2001-11-28,1045.26776,3414.05158,2518.66914,103.63495,109.47245,108.50342
2001-11-29,1045.98385,3416.39048,2520.39463,103.61823,109.45477,108.48591
2001-11-30,1058.83745,3458.37289,2551.36657,103.86647,109.717,108.74581
2001-12-03,1048.28373,3423.90234,2525.9364,103.37965,109.20276,108.23612
2001-12-04,1062.53087,3470.48901,2560.29535,104.68476,110.58306,109.60379
2001-12-05,1089.68623,3559.39972,2625.88622,107.75912,113.83751,112.82935
2001-12-06,1097.15769,3583.80483,2643.89067,108.12666,114.22577,113.21418
2001-12-07,1086.01694,3547.41422,2617.04412,107.07678,113.11667,112.1149
2001-12-10,1067.16775,3485.84436,2571.62201,105.48476,111.43486,110.44798
2001-12-11,1067.8631,3488.11568,2573.29764,105.53568,111.48864,110.50129
2001-12-12,1065.0051,3478.8027,2566.42715,104.48899,110.38363,109.40606
2001-12-13,1050.16274,3430.32062,2530.66033,102.76302,108.56029,107.59887
2001-12-14,1046.5209,3418.43275,2521.88918,101.82805,107.57283,106.62011
2001-12-17,1073.0961,3505.23996,2585.92968,104.14848,110.02417,109.04974
2001-12-18,1070.7539,3497.58922,2580.28549,104.30151,110.18583,109.20997
2001-12-19,1057.9178,3455.93357,2549.55432,103.42394,109.26739,108.29965
2001-12-20,1050.48334,3431.66312,2531.64628,102.8173,108.62698,107.66478
2001-12-21,1057.77416,3455.48036,2549.21701,104.74486,110.66345,109.68322
2001-12-24,1051.35291,3434.50377,2533.74192,105.15827,111.10023,110.11612
2001-12-25,1051.35291,3434.50377,2533.74192,105.15827,111.10023,110.11612
2001-12-26,1053.83002,3442.59586,2539.71171,105.31608,111.26696,110.28138
2001-12-27,1076.20649,3515.77538,2593.69856,106.59413,112.61983,111.62226
2001-12-28,1078.4219,3523.01276,2599.0378,107.41316,113.48515,112.47992
2001-12-31,1085.75918,3546.98233,2616.72091,107.09945,113.15371,112.15142
2002-01-01,1085.75918,3546.98233,2616.72091,107.09945,113.15371,112.15142
2002-01-02,1086.95252,3551.3346,2619.88402,105.57497,111.5573,110.56714
2002-01-03,1102.74778,3602.94152,2657.95539,107.56714,113.66236,112.65351
2002-01-04,1099.11322,3591.07393,2649.19947,107.89564,114.00971,112.99773
2002-01-07,1086.55271,3550.03566,2618.9248,106.93753,112.99731,111.99432
2002-01-08,1076.24405,3516.3547,2594.07776,106.08344,112.09482,111.09984
2002-01-09,1074.31651,3510.1318,2589.48701,106.15554,112.1734,111.17772
2002-01-10,1067.72303,3488.86677,2573.75915,104.98433,110.94463,109.95814
2002-01-11,1071.19177,3500.35119,2582.21136,105.62693,111.6285,110.63508
2002-01-14,1052.43108,3439.07618,2537.00481,103.33614,109.20849,108.23643
2002-01-15,1057.60282,3455.97608,2549.47186,104.21677,110.13916,109.15882
2002-01-16,1038.3573,3393.0993,2503.0877,103.21196,109.07766,108.10676
2002-01-17,1047.80078,3424.08071,2525.9201,104.50545,110.44861,109.46454
2002-01-18,1046.53027,3420.44023,2523.13431,104.03023,109.9628,108.97873
2002-01-21,1041.06661,3402.58961,2509.96527,103.51641,109.41989,108.44062
2002-01-22,1041.34622,3403.50346,2510.63939,103.63807,109.54849,108.56807
2002-01-23,1048.47331,3426.95997,2527.94239,104.14676,110.09141,109.10614
2002-01-24,1056.7069,3453.87167,2547.79416,105.67574,111.70766,110.70792
2002-01-25,1037.78004,3392.00877,2502.16017,105.42145,111.43886,110.44152
2002-01-28,1042.00573,3405.82053,2512.3486,106.2501,112.31481,111.30963
2002-01-29,1028.24138,3360.83142,2479.16179,104.80401,110.78617,109.79468
2002-01-30,1016.36367,3322.27491,2450.71938,103.55731,109.47709,108.49728
2002-01-31,1028.45039,3361.99276,2479.99003,104.92272,110.92744,109.93342
2002-02-01,1031.17779,3370.9086,2486.56684,105.18264,111.20224,110.20576
2002-02-04,1025.60426,3352.68879,2473.12691,103.98014,109.93092,108.94583
2002-02-05,1011.30133,3305.93267,2438.63703,102.27622,108.12948,107.16053
2002-02-06,1001.39904,3273.69583,2414.85737,101.23979,107.03811,106.07894
2002-02-07,1011.1088,3305.43821,2438.27229,102.13913,107.98896,107.02127
2002-02-08,1013.79647,3314.2332,2444.75836,102.07604,107.92253,106.95537
2002-02-11,1028.1379,3361.11723,2479.34257,102.88899,108.78205,107.80718
2002-02-12,1025.4038,3352.17908,2472.7493,102.76174,108.64751,107.67385
2002-02-13,1029.44107,3365.39637,2482.49909,103.63342,109.56973,108.58781
2002-02-14,1038.20791,3394.05648,2503.64034,104.78621,110.78856,109.79571
2002-02-15,1032.63138,3375.82598,2490.19254,103.85341,109.80232,108.81831
2002-02-18,1023.55884,3346.16649,2468.31409,103.29582,109.21279,108.23406
2002-02-19,1008.67354,3297.50421,2432.41815,101.36848,107.17505,106.21459
2002-02-20,999.3843,3269.62166,2411.85046,100.68841,106.537,105.58225
2002-02-21,1008.07343,3298.04932,2432.82025,101.68048,107.5867,106.62255
2002-02-22,1004.74662,3287.16521,2424.79154,100.59973,106.44318,105.48927
2002-02-25,1013.47963,3315.76834,2445.88421,102.14953,108.08404,107.11514
2002-02-26,1017.88475,3330.18043,2456.51532,102.90647,108.88496,107.90888
2002-02-27,1027.13483,3362.90185,2480.65236,104.40649,110.55293,109.5619
2002-02-28,1026.68745,3361.43709,2479.57187,104.24639,110.38341,109.3939
2002-03-01,1036.16886,3392.47982,2502.47061,105.13011,111.31915,110.32125
2002-03-04,1061.97983,3477.15318,2564.89765,107.29031,113.61197,112.59209
2002-03-05,1057.38144,3462.14227,2553.81662,106.83803,113.13452,112.11856
2002-03-06,1065.95757,3491.586,2575.53551,107.00291,113.35337,112.33545
2002-03-07,1078.39206,3532.31568,2605.57937,107.55045,113.93341,112.91028
2002-03-08,1079.78821,3536.91805,2608.96891,108.23662,114.66125,113.63135
2002-03-11,1073.89176,3517.61278,2594.72694,107.63329,114.02239,112.99816
2002-03-12,1061.66009,3477.54704,2565.1729,106.77899,113.11738,112.10128
2002-03-13,1064.19514,3487.92435,2572.78788,106.72231,113.1246,112.1067
2002-03-14,1073.20617,3517.48375,2594.58593,106.80888,113.21718,112.19819
2002-03-15,1083.41396,3550.94027,2619.26432,107.68446,114.1453,113.11796
2002-03-18,1086.76224,3561.9696,2627.39251,108.30529,114.80515,113.77156
2002-03-19,1091.4195,3577.25438,2638.6622,108.57231,115.08885,114.0525
2002-03-20,1082.52157,3551.20818,2619.32201,107.49236,114.04421,113.01174
2002-03-21,1077.59186,3535.09155,2607.42362,107.29399,113.83551,112.80446
2002-03-22,1079.34066,3541.73535,2612.1301,107.82259,114.42564,113.38083
2002-03-25,1069.51029,3509.54637,2588.37652,107.13301,113.69605,112.65732
2002-03-26,1071.43301,3517.12328,2593.64469,107.34398,113.96101,112.90593
2002-03-27,1068.21451,3507.21869,2586.3227,107.49976,114.1479,113.0903
2002-03-28,1079.6242,3544.67956,2613.94741,108.69157,115.41341,114.34408
2002-03-29,1079.6242,3544.67956,2613.94741,108.69157,115.41341,114.34408
2002-04-01,1089.61846,3577.49325,2638.14516,108.80599,115.53491,114.46446
2002-04-02,1084.43082,3560.81813,2625.78023,108.06681,114.76153,113.69529
2002-04-03,1081.95702,3553.21426,2620.16288,107.89987,114.60098,113.53579
2002-04-04,1073.26993,3524.70047,2599.13403,106.81522,113.44946,112.39487
2002-04-05,1070.7081,3516.29251,2592.93325,106.96631,113.6101,112.55398
2002-04-08,1051.44528,3453.03184,2546.28449,105.54614,112.10172,111.05962
2002-04-09,1055.22331,3465.5328,2555.48404,105.76823,112.34065,111.29551
2002-04-10,1066.78762,3504.1554,2583.8998,106.58677,113.23084,112.17462
2002-04-11,1054.03527,3463.22475,2553.52389,104.77626,111.33827,110.29131
2002-04-12,1055.13214,3467.12578,2556.33853,105.33834,111.94514,110.8898
2002-04-15,1064.02815,3496.52089,2577.98065,106.08779,112.74686,111.68261
2002-04-16,1083.20659,3559.57176,2624.4619,107.75531,114.51995,113.43871
2002-04-17,1089.09767,3581.52504,2640.28105,107.75551,114.60319,113.50538
2002-04-18,1084.54324,3566.60207,2629.26907,106.94948,113.74767,112.65759
2002-04-19,1084.68676,3568.32904,2630.27017,107.16819,114.02038,112.91601
2002-04-22,1076.12041,3541.74205,2610.36101,106.33977,113.18994,112.08024
2002-04-23,1072.96066,3531.37514,2602.71349,105.95005,112.77615,111.67021
2002-04-24,1072.0931,3529.17522,2601.02611,105.56174,112.38369,111.27878
2002-04-25,1068.34461,3518.4988,2592.84736,104.42004,111.22078,110.11413
2002-04-26,1063.65804,3503.63376,2581.78067,103.95619,110.74473,109.63804
2002-04-29,1063.66996,3504.66691,2582.34857,103.63445,110.4333,109.32154
2002-04-30,1068.37855,3520.56161,2593.99608,104.13364,110.97723,109.85728
2002-05-01,1070.93602,3529.30797,2600.44052,103.79546,110.62682,109.5104
2002-05-02,1066.59127,3516.59122,2590.87871,103.75794,110.63721,109.51257
2002-05-03,1070.52191,3529.86284,2600.59919,102.99384,109.83217,108.71331
2002-05-06,1070.25925,3529.79496,2600.38369,102.6257,109.46434,108.34233
2002-05-07,1054.4812,3478.03795,2562.20108,101.49505,108.26707,107.1551
2002-05-08,1072.8231,3539.10979,2607.12419,103.71512,110.65321,109.51391
2002-05-09,1069.11208,3527.23613,2598.30866,103.37912,110.30626,109.16764
2002-05-10,1062.0314,3504.65911,2581.50769,102.19377,109.06587,107.93296
2002-05-13,1069.41763,3529.72953,2599.84486,103.1135,110.06916,108.9204
2002-05-14,1071.39523,3536.86863,2604.99055,104.39292,111.45417,110.28618
2002-05-15,1082.23718,3574.39251,2632.58696,104.80981,111.95352,110.77859
2002-05-16,1081.07859,3570.61358,2629.79971,104.46148,111.58294,110.41172
2002-05-17,1086.67048,3592.6038,2645.34743,103.63363,110.80726,109.61732
2002-05-20,1080.45873,3575.26397,2631.94542,103.00768,110.23654,109.02646
2002-05-21,1074.958,3557.09624,2618.56747,102.82927,110.04667,108.83852
2002-05-22,1069.47928,3540.07361,2605.82043,101.35035,108.49787,107.29784
2002-05-23,1065.3699,3527.01674,2596.10335,101.56915,108.74892,107.54172
2002-05-24,1067.28896,3533.79359,2601.00922,101.5812,108.77486,107.56397
2002-05-27,1065.33023,3527.43642,2596.30937,101.73654,108.94516,107.73151
2002-05-28,1065.0159,3526.42404,2595.55899,100.69378,107.82938,106.62795
2002-05-29,1064.96006,3528.00272,2596.46542,100.34285,107.50732,106.29902
2002-05-30,1056.07145,3498.55652,2574.79423,98.9164,105.97902,104.7879
2002-05-31,1060.50032,3514.06314,2586.05289,99.69803,106.84185,105.63475
2002-06-03,1055.90017,3499.53722,2575.23222,98.86872,105.97483,104.7722
2002-06-04,1041.98018,3454.10116,2541.66831,96.98631,103.97814,102.79298
2002-06-05,1029.2614,3413.31711,2511.65323,96.41039,103.40245,102.22366
2002-06-06,1032.81384,3425.11616,2520.33439,95.99577,102.95831,101.78455
2002-06-07,1019.30745,3380.8696,2487.68972,94.72036,101.60676,100.44492
2002-06-10,1020.6779,3385.4906,2491.07604,94.93309,101.83722,100.67219
2002-06-11,1028.94676,3412.97761,2511.29021,95.87986,102.85466,101.67754
2002-06-12,1010.49001,3352.4333,2466.73174,93.77201,100.61377,99.4619
2002-06-13,997.82381,3310.67738,2435.96285,92.66515,99.43412,98.29396
2002-06-14,975.09092,3235.53404,2380.62126,90.30574,96.91082,95.7975
2002-06-17,1002.82074,3327.55472,2448.32767,93.35129,100.17936,99.02849
2002-06-18,1002.19885,3325.5021,2446.81537,92.82607,99.61605,98.47157
2002-06-19,993.10742,3295.60622,2424.81878,91.28605,97.97145,96.84587
2002-06-20,980.5332,3253.97422,2394.17394,89.3031,95.84608,94.74439
2002-06-21,982.85904,3261.69273,2399.85298,89.08077,95.60746,94.50852
2002-06-24,965.73471,3207.39911,2359.40567,86.75432,93.18421,92.09361
2002-06-25,982.34255,3262.55707,2399.9806,88.92842,95.51944,94.40152
2002-06-26,981.09686,3258.75263,2397.18118,87.01737,93.47629,92.38225
2002-06-27,986.81865,3277.93455,2411.26178,88.10316,94.64779,93.53887
2002-06-28,1021.60401,3393.51585,2496.27507,90.85324,97.60313,96.45925
2002-07-01,1023.99601,3402.84321,2502.91241,91.09363,97.90114,96.74511
2002-07-02,992.339,3297.66903,2425.55055,88.39385,95.00032,93.87845
2002-07-03,960.45446,3191.86812,2347.73028,86.01605,92.44931,91.35757
2002-07-04,978.41007,3251.55139,2391.62787,87.74938,94.31262,93.19881
2002-07-05,1009.81484,3355.91888,2468.39376,91.11956,97.93487,96.77828
2002-07-08,1018.80153,3385.79217,2490.36556,90.66368,97.44512,96.29427
2002-07-09,1013.55154,3368.36116,2477.54145,89.62889,96.3334,95.19557
2002-07-10,977.48529,3248.9536,2389.68137,86.94288,93.45947,92.35436
2002-07-11,943.0149,3134.38136,2305.4108,83.72004,89.99508,88.93093
2002-07-12,944.53928,3139.47029,2309.15038,83.88505,90.17309,89.10671
2002-07-15,910.69334,3026.97276,2226.40595,79.49656,85.45564,84.44504
2002-07-16,913.78113,3037.236,2233.95478,79.41093,85.36359,84.35408
2002-07-17,941.60532,3129.85591,2302.07879,82.08887,88.24615,87.20255
2002-07-18,955.48224,3176.09149,2336.06917,83.25321,89.5009,88.44182
2002-07-19,916.62065,3046.91947,2241.06096,79.35149,85.30656,84.29712
2002-07-22,866.80572,2881.46816,2119.36871,75.62417,81.3034,80.34132
2002-07-23,839.69151,2791.33407,2053.07356,74.34793,79.93132,78.98548
2002-07-24,829.25218,2756.92066,2027.76104,73.33859,78.85445,77.92132
2002-07-25,865.73233,2878.2021,2116.96555,75.93027,81.64106,80.67495
2002-07-26,865.30007,2876.78326,2115.91956,76.86332,82.64481,81.66673
2002-07-29,904.8913,3008.40855,2212.73204,81.28861,87.40296,86.36857
2002-07-30,907.768,3017.97244,2219.76643,80.78684,86.86345,85.83544
2002-07-31,906.93101,3016.27692,2218.51935,81.24747,87.39022,86.35598
2002-08-01,872.1756,2900.94095,2133.65463,77.98277,83.88604,82.89198
2002-08-02,873.83912,2907.63491,2138.3646,77.90944,83.84062,82.83883
2002-08-05,848.05379,2821.83613,2075.26553,75.51466,81.26353,80.29253
2002-08-06,864.20958,2875.63068,2114.82083,78.71288,84.70633,83.69392
2002-08-07,859.4791,2860.50291,2103.69544,77.77391,83.7138,82.71325
2002-08-08,889.67746,2961.00855,2177.61016,80.66445,86.8251,85.78737
2002-08-09,905.17464,3013.09618,2215.82308,81.75726,88.01627,86.96062
2002-08-12,890.32717,2963.93013,2179.61917,79.96801,86.09752,85.06304
2002-08-13,899.65929,2994.99709,2202.46524,80.82274,87.01777,85.97223
2002-08-14,885.68713,2952.90829,2171.51391,78.82575,84.99507,83.97383
2002-08-15,906.46339,3022.19705,2222.46389,81.28019,87.6422,86.58901
2002-08-16,913.78197,3046.62882,2240.42479,81.57001,87.9556,86.89843
2002-08-19,932.465,3108.91967,2286.23213,83.88574,90.45262,89.36543
2002-08-20,917.83359,3060.13861,2250.3596,82.62872,89.09724,88.02634
2002-08-21,930.06147,3102.8307,2281.75443,83.28563,89.86127,88.78119
2002-08-22,940.7459,3138.47563,2307.96694,84.97013,91.67876,90.57684
2002-08-23,928.81139,3098.66024,2278.68757,83.87062,90.49244,89.40477
2002-08-26,921.60399,3075.22556,2261.342,83.21552,89.80344,88.71965
2002-08-27,944.77973,3152.5588,2318.20837,84.68134,91.38531,90.28243
2002-08-28,910.94435,3039.82197,2235.30826,81.53216,87.99161,86.92969
2002-08-29,898.74721,2999.13256,2205.38534,80.21568,86.5712,85.52633
2002-08-30,903.90988,3016.46769,2218.11287,80.95205,87.36901,86.31375
2002-09-02,891.41711,2974.77762,2187.45672,79.53316,85.83765,84.80088
2002-09-03,866.41207,2891.33249,2126.09663,76.35205,82.40438,81.40908
2002-09-04,867.95992,2897.02307,2130.28111,76.71167,82.80751,81.80734
2002-09-05,862.14549,2877.61601,2116.01043,76.34759,82.41451,81.41908
2002-09-06,882.1887,2944.55069,2165.22246,78.66584,84.91801,83.89206
2002-09-09,867.75754,2896.38269,2129.80299,77.64308,83.81395,82.80135
2002-09-10,883.13137,2947.69715,2167.53615,79.64341,85.97327,84.93457
2002-09-11,897.66633,2996.6752,2203.54895,81.13333,87.59515,86.53677
2002-09-12,870.40126,2905.65634,2136.61994,78.30241,84.53876,83.51731
2002-09-13,855.81796,2856.99665,2100.8346,76.81345,82.93191,81.9297
2002-09-16,848.85952,2833.76714,2083.75325,76.70231,82.81191,81.81116
2002-09-17,839.09099,2801.15663,2059.77377,76.0426,82.09965,81.1075
2002-09-18,815.84774,2724.32485,2003.27708,73.30835,79.16975,78.21301
2002-09-19,805.41886,2689.50014,1977.66944,71.98096,77.73623,76.79681
2002-09-20,808.09226,2698.42731,1984.23384,72.16848,77.93874,76.99687
2002-09-23,782.05159,2611.47082,1920.29216,69.82156,75.40417,74.49293
2002-09-24,768.31176,2565.59003,1886.55464,68.80469,74.306,73.40803
2002-09-25,778.34705,2599.52139,1911.50538,69.81372,75.40791,74.49663
2002-09-26,811.34029,2709.71214,1992.53192,72.978,78.82574,77.87316
2002-09-27,810.89447,2708.23667,1991.44696,73.00518,78.8555,77.90256
2002-09-30,784.35065,2619.71254,1926.31978,69.70795,75.29771,74.38649
2002-10-01,792.91313,2648.31103,1947.34874,70.73376,76.40577,75.48114
2002-10-02,815.1436,2722.75678,2002.08999,72.71319,78.54959,77.59903
2002-10-03,806.47281,2693.79447,1980.7935,71.71757,77.47406,76.53651
2002-10-04,786.10052,2625.76212,1930.76578,70.28665,75.92874,75.00979
2002-10-07,776.33462,2593.16317,1906.7913,69.39933,74.97081,74.06331
2002-10-08,761.27284,2542.85284,1869.79736,68.32761,73.81305,72.91956
2002-10-09,761.36406,2543.33495,1870.15187,67.77135,73.21724,72.33096
2002-10-10,777.16766,2596.33444,1909.0957,69.28692,74.86058,73.95335
2002-10-11,815.14285,2723.20435,2002.38292,72.62461,78.46687,77.51591
2002-10-14,808.27152,2700.24882,1985.50363,71.92486,77.71083,76.76903
2002-10-15,851.36078,2844.2001,2091.35157,76.10232,82.22434,81.22784
2002-10-16,837.87794,2799.48773,2058.47439,74.91616,80.95233,79.97124
2002-10-17,856.67856,2862.3037,2104.66322,77.37301,83.60714,82.59387
2002-10-18,851.91258,2846.37976,2092.95428,77.00195,83.20618,82.19777
2002-10-21,854.87228,2856.2686,2100.22559,77.11472,83.32803,82.31815
2002-10-22,849.81019,2839.35533,2087.78919,76.39132,82.54635,81.54594
2002-10-23,824.00483,2753.33862,2024.54076,74.13992,80.11946,79.14846
2002-10-24,843.05083,2817.04365,2071.37147,76.02102,82.15416,81.15804
2002-10-25,841.4181,2811.59737,2067.36556,75.62533,81.72682,80.73583
2002-10-28,854.8073,2856.33734,2100.26283,76.36765,82.52903,81.52831
2002-10-29,823.02481,2750.1602,2022.18768,73.36033,79.27977,78.31834
2002-10-30,841.89899,2813.93756,2069.08218,75.17238,81.2585,80.27303
2002-10-31,859.51459,2873.0558,2112.5075,76.2299,82.40854,81.40742
2002-11-01,854.33613,2855.74601,2099.77992,75.30298,81.40648,80.41754
2002-11-04,881.99617,2948.4516,2167.91192,77.84646,84.16319,83.1395
2002-11-05,889.41674,2973.25805,2186.15139,78.08162,84.41743,83.39065
2002-11-06,877.81756,2934.7145,2157.81142,77.30674,83.58627,82.5696
2002-11-07,870.71232,2910.96029,2140.34564,75.87832,82.04183,81.04394
2002-11-08,864.90584,2891.54811,2126.07242,75.00393,81.09642,80.11003
2002-11-11,858.19395,2869.10898,2109.57356,74.57283,80.63029,79.64957
2002-11-12,869.3508,2906.40847,2136.99881,75.59091,81.73108,80.73697
2002-11-13,860.77522,2879.34211,2117.09769,74.95657,81.09036,80.10404
2002-11-14,873.22176,2920.97648,2147.71025,76.36979,82.61923,81.61432
2002-11-15,880.3495,2944.829,2165.24703,76.82105,83.10769,82.09679
2002-11-18,890.12659,2977.58411,2189.32096,77.50481,83.84882,82.82852
2002-11-19,887.92758,2970.22814,2183.91236,77.05742,83.36481,82.35041
2002-11-20,879.93578,2944.27168,2164.82742,76.99148,83.31547,82.30166
2002-11-21,904.42996,3026.22937,2225.08825,79.39169,85.91282,84.86741
2002-11-22,904.71771,3027.19218,2225.79617,79.53221,86.06488,85.01762
2002-11-25,892.56614,2986.53295,2195.90076,79.00168,85.49077,84.4505
2002-11-26,876.71733,2933.50271,2156.90934,77.55981,83.93047,82.90918
2002-11-27,892.59291,2986.80606,2196.10157,79.2156,85.72753,84.68438
2002-11-28,903.37463,3022.884,2222.62851,79.74538,86.30087,85.25074
2002-11-29,900.7776,3014.19378,2216.23887,79.53211,86.07007,85.02275
2002-12-02,900.58198,3013.53918,2215.75756,79.55883,86.09898,85.05131
2002-12-03,883.62466,2956.83365,2174.05698,77.81815,84.21627,83.19124
2002-12-04,881.85883,2951.50568,2170.13951,77.45295,83.83755,82.81713
2002-12-05,872.46006,2920.04882,2147.01037,76.58534,82.89842,81.88943
2002-12-06,874.70861,2927.57452,2152.54375,76.22279,82.50598,81.50177
2002-12-09,856.0855,2865.24459,2106.71472,74.63328,80.78545,79.80218
2002-12-10,859.83622,2877.79792,2115.94475,74.81916,80.98665,80.00093
2002-12-11,868.33166,2906.24157,2136.85838,75.60709,81.83981,80.84371
2002-12-12,861.57649,2883.63254,2120.23475,74.50189,80.64351,79.66196
2002-12-13,855.41246,2863.00199,2105.06582,73.52369,79.58467,78.61602
2002-12-16,876.74158,2935.42205,2158.10906,75.51214,81.76582,80.76295
2002-12-17,871.86602,2919.10437,2146.1111,74.38466,80.54513,79.55719
2002-12-18,853.61815,2858.50757,2101.56064,72.98734,79.04589,78.07634
2002-12-19,849.98623,2846.36286,2092.62869,72.80437,78.84822,77.88097
2002-12-20,859.52856,2878.31741,2116.12148,73.51417,79.61694,78.64026
2002-12-23,861.54183,2885.05928,2121.07806,73.69354,79.81119,78.83214
2002-12-24,865.10373,2896.98707,2129.8473,73.69319,79.81082,78.83177
2002-12-25,865.10373,2896.98707,2129.8473,73.69319,79.81082,78.83177
2002-12-26,866.26823,2900.88667,2132.71427,73.60677,79.71723,78.73932
2002-12-27,845.5842,2831.96674,2082.04475,71.36938,77.30352,76.35522
2002-12-30,858.39434,2874.86949,2113.58659,72.12483,78.12178,77.16344
2002-12-31,867.44657,2905.18653,2135.8755,72.60066,78.63717,77.67252
2003-01-01,867.44657,2905.18653,2135.8755,72.60066,78.63717,77.67252
2003-01-02,883.39153,2959.08339,2175.46165,74.80483,81.03817,80.04265
2003-01-03,891.36156,2985.83289,2195.12159,75.15727,81.42141,80.42096
2003-01-06,900.10185,3015.11063,2216.64597,75.43077,81.71771,80.71362
2003-01-07,889.22634,2978.69318,2189.87123,74.88377,81.12547,80.12861
2003-01-08,873.40829,2925.79553,2150.98201,73.83488,79.99158,79.00865
2003-01-09,885.76081,2967.2132,2181.42482,74.23958,80.43107,79.4425
2003-01-10,892.32702,2989.46201,2197.75375,74.41709,80.6302,79.63818
2003-01-13,893.18362,2992.33176,2199.86349,74.33677,80.54317,79.55222
2003-01-14,899.40179,3013.19487,2215.19566,74.59276,80.82137,79.82679
2003-01-15,886.39401,2969.65397,2183.18462,73.52436,79.66478,78.68438
2003-01-16,885.15385,2965.49913,2180.13013,73.50827,79.64734,78.66716
2003-01-17,871.85937,2920.9591,2147.38588,71.8539,77.85481,76.89669
2003-01-20,860.95593,2884.42969,2120.53074,70.86221,76.78029,75.8354
2003-01-21,852.64277,2856.5784,2100.05546,70.12541,75.98196,75.04689
2003-01-22,839.05157,2811.56237,2066.94877,68.84322,74.60643,73.68784
2003-01-23,836.99736,2804.67896,2061.88836,68.33633,74.05711,73.14528
2003-01-24,833.50376,2793.64018,2053.66949,67.69868,73.38362,72.47643
2003-01-27,806.31834,2702.63502,1986.75216,65.41199,70.90784,70.03064
2003-01-28,808.02321,2708.34942,1990.95291,65.4898,70.99219,70.11395
2003-01-29,813.77551,2727.7464,2005.21005,65.77696,71.30652,70.42432
2003-01-30,826.01546,2768.77428,2035.3703,67.4648,73.13624,72.23141
2003-01-31,825.79487,2768.04209,2034.83126,67.56302,73.24291,72.33673
2003-02-03,839.87792,2815.51515,2069.7,68.71523,74.49905,73.57629
2003-02-04,822.70328,2757.94078,2027.37678,66.48941,72.08588,71.19301
2003-02-05,835.07444,2799.41248,2057.86285,67.71979,73.41982,72.51042
2003-02-06,817.01455,2738.8705,2013.35812,66.23994,71.81542,70.92589
2003-02-07,808.39293,2709.96833,1992.11198,65.61362,71.13638,70.25526
2003-02-10,800.19151,2682.47477,1971.90132,65.25247,70.74483,69.86857
2003-02-11,814.73237,2731.21995,2007.73416,66.80105,72.42376,71.52669
2003-02-12,800.84539,2684.84323,1973.64239,65.52176,71.04145,70.16151
2003-02-13,803.35219,2693.24731,1979.82027,65.15632,70.64523,69.77019
2003-02-14,812.93448,2725.37204,2003.43533,66.15035,71.723,70.83462
2003-02-17,823.60553,2761.14687,2029.7336,67.37762,73.05365,72.14879
2003-02-18,827.67408,2774.78672,2039.76032,68.01773,73.74769,72.83423
2003-02-19,812.35663,2725.0666,2003.2108,66.42643,72.06549,71.17286
2003-02-20,813.08177,2727.4991,2004.99894,66.00334,71.60649,70.71955
2003-02-21,819.66177,2749.57183,2021.22472,66.59288,72.24607,71.35121
2003-02-24,806.70557,2706.26461,1989.36288,65.79589,71.3855,70.50036
2003-02-25,782.35558,2624.57742,1929.31499,63.90779,69.337,68.47726
2003-02-26,778.89424,2616.73218,1923.54799,63.39216,68.87671,68.02268
2003-02-27,781.33468,2624.93095,1929.57487,63.85409,69.37861,68.51835
2003-02-28,796.99468,2677.7795,1968.4236,64.94656,70.57186,69.69681
2003-03-03,804.77923,2703.93437,1987.64993,65.16975,70.81438,69.93633
2003-03-04,790.83534,2657.13017,1953.23608,63.68827,69.20576,68.34736
2003-03-05,787.78923,2648.52054,1946.90721,63.02687,68.5291,67.67909
2003-03-06,781.61648,2627.77287,1931.65486,62.52732,67.98608,67.14277
2003-03-07,769.46483,2588.44897,1902.35512,61.21233,66.59564,65.756
2003-03-10,752.6239,2531.79674,1860.71912,59.78867,65.04677,64.22665
2003-03-11,753.20292,2533.87434,1862.22219,59.83196,65.0972,64.27563
2003-03-12,726.16433,2445.41358,1797.20966,57.86203,63.01837,62.22303
2003-03-13,758.10807,2553.04195,1876.29725,61.17887,66.63222,65.79086
2003-03-14,780.78948,2629.45477,1932.44955,63.71172,69.39164,68.51524
2003-03-17,800.26961,2695.05776,1980.66277,65.74412,71.60522,70.70086
2003-03-18,798.97148,2690.73718,1977.47668,65.99551,71.88039,70.97217
2003-03-19,805.89767,2717.17451,1996.906,66.83791,72.88137,71.9605
2003-03-20,804.05517,2711.28671,1992.50987,66.51238,72.53508,71.61611
2003-03-21,824.97736,2782.14858,2044.51939,68.72531,74.9568,74.00474
2003-03-24,799.30627,2695.65016,1980.94602,65.85593,71.82924,70.91661
2003-03-25,810.2555,2732.57631,2008.08185,66.56137,72.59866,71.67625
2003-03-26,810.13131,2733.17543,2008.39533,66.64467,72.7166,71.78816
2003-03-27,798.90464,2695.381,1980.60522,65.45748,71.42341,70.51084
2003-03-28,797.83505,2693.41311,1978.82125,65.16619,71.14891,70.22786
2003-03-31,781.79372,2639.2972,1939.05699,62.92551,68.7035,67.8139
2003-04-01,791.37676,2671.76825,1962.88543,63.75818,69.61574,68.71336
2003-04-02,808.90462,2732.59336,2007.57221,65.84073,71.93303,71.00062
2003-04-03,812.91733,2746.21875,2017.56962,66.50014,72.65531,71.71307
2003-04-04,819.91509,2770.66175,2035.32962,67.30138,73.55203,72.59112
2003-04-07,841.65432,2844.17741,2089.32428,69.55384,76.01513,75.02169
2003-04-08,831.85879,2811.12087,2065.03384,68.48337,74.84643,73.868
2003-04-09,832.67741,2815.93241,2068.14863,68.3969,74.80625,73.81336
2003-04-10,826.28998,2796.32806,2053.40774,67.06005,73.39653,72.41027
2003-04-11,828.41181,2803.85192,2058.87265,67.65738,74.05936,73.06207
2003-04-14,838.96294,2839.56805,2085.09803,68.29366,74.75597,73.74926
2003-04-15,853.38024,2888.42078,2120.96202,69.46726,76.0421,75.01776
2003-04-16,849.04333,2874.77683,2110.8955,68.72251,75.25395,74.23855
2003-04-17,858.52209,2909.38002,2135.73947,69.15514,75.79306,74.75063
2003-04-18,858.52209,2909.38002,2135.73947,69.15514,75.79306,74.75063
2003-04-21,852.66471,2889.5304,2121.16811,68.98066,75.60184,74.56204
2003-04-22,866.2191,2936.35979,2155.37651,69.41861,76.10505,75.05246
2003-04-23,876.91075,2973.52126,2182.57261,70.3814,77.18441,76.11405
2003-04-24,868.77373,2948.29468,2163.6222,69.25053,76.00521,74.93617
2003-04-25,858.35884,2913.99135,2138.2494,68.42346,75.1243,74.06075
2003-04-28,875.83268,2974.3361,2182.35129,69.94969,76.82645,75.73261
2003-04-29,873.57012,2967.0731,2176.93565,69.62337,76.47889,75.38701
2003-04-30,882.7858,2999.52296,2200.58219,69.47524,76.34541,75.2499
2003-05-01,886.68313,3012.77347,2210.30167,69.14687,75.98478,74.89438
2003-05-02,888.78428,3022.26667,2216.87193,69.57017,76.50952,75.39819
2003-05-05,899.06436,3057.27635,2242.53844,70.01294,76.99779,75.87891
2003-05-06,916.72529,3117.80762,2286.84367,70.98232,78.07578,76.93803
2003-05-07,906.55812,3084.72912,2262.36796,70.12398,77.16919,76.03748
2003-05-08,893.00932,3038.81266,2228.65835,68.49084,75.37659,74.27004
2003-05-09,902.28688,3072.28288,2252.96334,68.97953,75.96137,74.8382
2003-05-12,907.41424,3090.08353,2265.98275,69.02305,76.01771,74.89257
2003-05-13,907.7694,3091.29299,2266.86966,69.22994,76.24557,75.11705
2003-05-14,908.02064,3093.85267,2268.74557,69.38465,76.45808,75.32638
2003-05-15,916.2281,3122.24837,2289.47603,70.18584,77.35161,76.20362
2003-05-16,925.15838,3155.44954,2313.32479,70.40935,77.66611,76.49702
2003-05-19,905.59173,3090.46493,2265.33712,68.05921,75.11632,73.9743
2003-05-20,907.10229,3096.52002,2269.61061,68.37165,75.4831,74.33011
2003-05-21,902.57251,3081.5821,2258.59646,67.76851,74.82998,73.68483
2003-05-22,913.29723,3118.34095,2285.51627,68.66475,75.82306,74.662
2003-05-23,915.14415,3124.97683,2290.31482,68.19648,75.31393,74.15855
2003-05-26,916.78917,3130.7435,2294.51517,67.84703,74.93158,73.78123
2003-05-27,922.66907,3151.02388,2309.34177,68.25629,75.38839,74.22984
2003-05-28,932.77542,3186.72318,2335.46474,69.77975,77.0997,75.91354
2003-05-29,941.81557,3218.43728,2358.55671,69.93777,77.29422,76.10021
2003-05-30,935.72894,3197.63943,2343.3155,69.87571,77.22567,76.03273
2003-06-02,950.90255,3250.35828,2381.79218,71.27545,78.79365,77.57136
2003-06-03,944.27641,3227.71605,2365.19862,70.79691,78.2648,77.05066
2003-06-04,950.49939,3250.04326,2381.51909,71.48927,79.05588,77.82815
2003-06-05,957.17237,3273.05453,2398.36416,70.96115,78.47653,77.25725
2003-06-06,968.07155,3310.68242,2425.88055,72.69575,80.40353,79.15249
2003-06-09,960.74513,3285.66362,2407.54372,71.756,79.36503,78.13
2003-06-10,958.45183,3278.0337,2401.91117,72.05654,79.70261,78.46097
2003-06-11,977.68612,3344.86532,2450.78517,73.04613,80.82253,79.56034
2003-06-12,982.67646,3363.14175,2463.96112,73.57545,81.43734,80.15855
2003-06-13,974.46382,3335.53023,2443.64112,72.53697,80.29983,79.03596
2003-06-16,993.82831,3401.8137,2492.20102,73.61655,81.49494,80.21226
2003-06-17,1001.58184,3428.35489,2511.64514,74.45461,82.42273,81.12544
2003-06-18,996.89755,3413.06917,2500.4365,74.8892,82.922,81.61653
2003-06-19,981.13349,3359.45313,2461.09742,73.74597,81.66478,80.37715
2003-06-20,982.58058,3364.40802,2464.72731,74.25189,82.22503,80.92856
2003-06-23,958.86166,3286.79708,2407.17243,73.04397,80.97619,79.67631
2003-06-24,952.92679,3266.46193,2392.27944,72.6675,80.55905,79.26586
2003-06-25,960.0586,3291.34684,2410.50456,72.89175,80.81841,79.52107
2003-06-26,949.04004,3253.63472,2382.87498,72.81683,80.7369,79.44052
2003-06-27,948.97112,3253.5039,2382.75985,72.95494,80.89265,79.59313
2003-06-30,942.25202,3230.50597,2365.90937,72.06621,79.90817,78.62422
2003-07-01,932.86128,3199.12801,2342.83453,70.65579,78.36432,77.10205
2003-07-02,944.8516,3240.69326,2373.27229,72.05796,79.93047,78.64291
2003-07-03,950.72027,3261.42446,2388.38674,72.46463,80.39642,79.09911
2003-07-04,945.86254,3244.77678,2376.19358,72.32346,80.24021,78.94536
2003-07-07,956.07496,3279.83796,2401.86591,74.02591,82.1297,80.80425
2003-07-08,951.24915,3263.28291,2389.74244,73.95543,82.0515,80.72731
2003-07-09,945.73064,3244.872,2376.25991,73.34784,81.39045,80.07693
2003-07-10,938.54416,3220.45457,2358.35237,72.66535,80.63914,79.33686
2003-07-11,945.77098,3245.25217,2376.51176,73.48399,81.54761,80.23065
2003-07-14,957.90723,3287.02996,2407.09105,74.58861,82.77682,81.43952
2003-07-15,946.54617,3248.05547,2378.54888,73.96298,82.08278,80.75665
2003-07-16,939.22467,3222.94336,2360.15803,73.56104,81.637,80.31803
2003-07-17,928.27514,3185.37014,2332.6432,72.90174,80.90532,79.59817
2003-07-18,932.31342,3199.22746,2342.7909,73.02951,81.04712,79.73768
2003-07-21,931.70526,3197.14057,2341.26268,72.27603,80.21092,78.91499
2003-07-22,938.7404,3221.2816,2358.94113,72.61653,80.58881,79.28677
2003-07-23,945.30172,3244.00596,2375.58215,72.55218,80.52258,79.22161
2003-07-24,963.71843,3307.234,2421.881,73.6984,81.7954,80.47376
2003-07-25,961.02564,3299.38492,2415.87832,73.13904,81.20884,79.88826
2003-07-28,968.60616,3325.45353,2434.95867,74.05284,82.22453,80.88718
2003-07-29,965.51608,3314.84456,2427.19058,73.71713,81.85178,80.52049
2003-07-30,960.91217,3299.896,2416.24497,74.10971,82.30908,80.97035
2003-07-31,960.00843,3296.79244,2413.97249,74.91161,83.1997,81.84649
2003-08-01,949.87648,3262.31087,2388.68906,74.13417,82.34413,81.00364
2003-08-04,950.48326,3264.39482,2390.21495,73.62866,81.78265,80.45129
2003-08-05,957.21431,3287.51234,2407.14177,74.09127,82.29648,80.95676
2003-08-06,946.22692,3250.88739,2380.31495,73.06053,81.17933,79.85747
2003-08-07,950.11426,3264.24284,2390.09387,73.15488,81.28417,79.9606
2003-08-08,952.82368,3274.19226,2397.26158,73.89795,82.12589,80.78466
2003-08-11,955.95654,3285.19501,2405.27401,74.13111,82.39095,81.04393
2003-08-12,959.34584,3296.84254,2413.80181,74.59151,82.90266,81.54727
2003-08-13,961.54633,3309.19732,2422.84743,74.73945,83.18756,81.82751
2003-08-14,970.48486,3339.99116,2445.38754,75.68204,84.2375,82.86009
2003-08-15,971.9672,3345.09273,2449.12268,75.85152,84.42613,83.04564
2003-08-18,973.05828,3349.55188,2452.25857,76.57625,85.25071,83.85233
2003-08-19,968.89545,3335.22222,2441.76761,76.74721,85.44103,84.03953
2003-08-20,967.68057,3333.85033,2440.76323,76.42009,85.14863,83.75192
2003-08-21,963.57194,3319.6953,2430.40012,77.19579,86.01293,84.60205
2003-08-22,958.53253,3302.33354,2417.6893,77.52753,86.38255,84.96561
2003-08-25,954.60878,3288.81545,2407.7925,76.91269,85.69749,84.29178
2003-08-26,943.90904,3251.95274,2380.80474,76.17989,84.881,83.48868
2003-08-27,951.95882,3279.80695,2401.19724,76.74142,85.50982,84.10719
2003-08-28,956.42025,3295.17803,2412.45064,77.01625,85.81605,84.40839
2003-08-29,955.20783,3291.03908,2409.41262,76.41419,85.14618,83.74925
2003-09-01,966.12542,3328.65414,2436.9511,77.32982,86.16645,84.75278
2003-09-02,959.95602,3307.3983,2421.38942,77.59978,86.46726,85.04865
2003-09-03,972.9489,3352.73675,2454.58229,78.93342,87.96833,86.5251
2003-09-04,977.10501,3367.05852,2465.06744,78.73965,87.75239,86.31269
2003-09-05,983.39968,3388.74965,2480.9478,78.30571,87.26878,85.83702
2003-09-08,994.04546,3425.43452,2507.80527,78.65779,87.66115,86.22296
2003-09-09,989.50828,3409.79958,2496.35873,77.70371,86.59787,85.17712
2003-09-10,981.92871,3384.02875,2477.49011,76.92967,85.74405,84.33725
2003-09-11,983.14049,3388.23214,2480.56248,77.19331,86.03859,84.62679
2003-09-12,986.88728,3401.14484,2490.01602,76.69898,85.48761,84.08485
2003-09-15,990.13184,3412.32668,2498.20237,76.98179,85.80283,84.3949
2003-09-16,991.03223,3415.42973,2500.47415,77.78166,86.69435,85.27179
2003-09-17,998.52601,3442.15084,2520.03696,78.04551,87.01106,85.5833
2003-09-18,1007.8072,3474.14525,2543.46043,78.59607,87.62487,86.18704
2003-09-19,1006.37523,3469.20892,2539.84649,77.88961,86.83725,85.41235
2003-09-22,999.67238,3446.10264,2522.93012,76.49453,85.28191,83.88253
2003-09-23,996.72085,3435.92803,2515.48118,76.22883,84.98569,83.59117
2003-09-24,995.69055,3433.14798,2513.44587,76.2463,85.02428,83.62913
2003-09-25,992.24645,3421.27271,2504.75185,75.6462,84.35509,82.97092
2003-09-26,981.78695,3385.20828,2478.34868,75.15868,83.81145,82.43619
2003-09-29,981.99494,3386.07504,2478.94491,74.76082,83.37147,82.00216
2003-09-30,973.86656,3358.04711,2458.42567,73.44804,81.90748,80.56223
2003-10-01,993.07426,3424.60072,2507.14327,74.45551,83.03881,81.67477
2003-10-02,996.39271,3436.04434,2515.52112,74.86728,83.49805,82.12646
2003-10-03,1015.09083,3500.52451,2562.72692,76.67235,85.51121,84.10655
2003-10-06,1014.96472,3500.08963,2562.40855,76.42949,85.24035,83.84014
2003-10-07,1015.61837,3502.37567,2564.07729,75.78348,84.52063,83.13209
2003-10-08,1017.3669,3508.52453,2568.57885,75.65684,84.38226,82.99599
2003-10-09,1029.27554,3549.59304,2598.64497,77.03161,85.91557,84.50412
2003-10-10,1030.5146,3554.16137,2601.9537,76.67353,85.52331,84.11714
2003-10-13,1037.28005,3577.51499,2619.04668,78.01959,87.02522,85.59423
2003-10-14,1035.11781,3570.05756,2613.5872,77.71386,86.68421,85.25882
2003-10-15,1039.94029,3587.62266,2626.38963,78.48854,87.57107,86.12924
2003-10-16,1040.93169,3591.05352,2628.90009,78.18043,87.22756,85.79135
2003-10-17,1033.72322,3566.18542,2610.69491,78.03943,87.07025,85.63663
2003-10-20,1036.91295,3577.26328,2618.79117,78.0789,87.11608,85.68126
2003-10-21,1039.69052,3586.84567,2625.80611,78.14401,87.18872,85.75271
2003-10-22,1031.16773,3557.52848,2604.344,76.83277,85.72779,84.31584
2003-10-23,1023.14788,3529.86002,2584.08887,76.23198,85.05744,83.65653
2003-10-24,1025.42639,3537.72089,2589.84355,76.17235,84.9909,83.59109
2003-10-27,1029.77896,3552.73724,2600.8365,76.82053,85.71413,84.30241
2003-10-28,1032.97564,3563.76579,2608.91012,77.62935,86.61658,85.18999
2003-10-29,1036.75374,3577.56243,2619.01017,77.87996,86.91472,85.48322
2003-10-30,1043.69818,3601.83145,2636.72075,78.43516,87.54176,86.09811
2003-10-31,1038.22177,3582.9322,2622.88556,78.43973,87.54686,86.10312
2003-11-03,1041.91914,3595.98775,2632.41039,79.76893,89.03771,87.56831
2003-11-04,1039.83667,3588.8005,2627.14902,79.40876,88.63569,87.17292
2003-11-05,1032.51206,3563.78627,2608.83758,78.95582,88.13668,86.68214
2003-11-06,1032.57254,3563.99499,2608.99037,79.32302,88.54658,87.08529
2003-11-07,1046.78468,3613.04919,2644.90006,80.12747,89.44457,87.96845
2003-11-10,1040.77524,3592.30719,2629.71607,79.44935,88.6876,87.22397
2003-11-11,1037.79739,3582.02894,2622.19197,79.09485,88.29188,86.83479
2003-11-12,1050.97869,3629.23736,2656.7455,79.33188,88.59827,87.13596
2003-11-13,1060.1722,3660.98438,2679.98557,79.54388,88.83504,87.36882
2003-11-14,1070.67282,3697.26596,2706.54283,79.89832,89.23138,87.75854
2003-11-17,1052.76911,3635.44059,2661.28425,78.43897,87.60156,86.15563
2003-11-18,1061.60089,3665.93862,2683.61,78.39538,87.55288,86.10775
2003-11-19,1057.71174,3652.66909,2673.89619,77.91166,87.01648,85.5802
2003-11-20,1055.07249,3643.55477,2667.22415,77.75964,86.84669,85.41322
2003-11-21,1059.29326,3658.13065,2677.89427,77.97584,87.08816,85.65069
2003-11-24,1065.68187,3680.26972,2694.08574,79.49548,88.78724,87.32124
2003-11-25,1068.02566,3688.36386,2700.01093,79.53522,88.83162,87.36489
2003-11-26,1074.99863,3714.82882,2719.38421,79.19167,88.50471,87.04338
2003-11-27,1077.88637,3724.80786,2726.68921,79.56456,88.92146,87.45325
2003-11-28,1080.76673,3735.5133,2734.5185,79.18818,88.51864,87.05683
2003-12-01,1095.58821,3786.7416,2772.0193,80.43856,89.91635,88.43146
2003-12-02,1101.14055,3805.92578,2786.06275,80.02341,89.45212,87.9749
2003-12-03,1108.96855,3833.38406,2806.16311,80.44585,89.93377,88.4486
2003-12-04,1103.26813,3813.72949,2791.76615,80.34089,89.81761,88.33407
2003-12-05,1102.85931,3812.3163,2790.73165,79.78193,89.19272,87.7195
2003-12-08,1104.77166,3818.92683,2795.57075,79.41985,88.78793,87.32139
2003-12-09,1111.41035,3841.87517,2812.36964,79.99203,89.4276,87.9505
2003-12-10,1105.87909,3822.792,2798.40018,79.36305,88.72529,87.25979
2003-12-11,1104.05036,3815.80556,2793.28589,79.84508,89.24862,87.77448
2003-12-12,1113.12998,3847.18644,2816.25765,79.73031,89.12034,87.64832
2003-12-15,1117.93905,3864.00549,2828.56971,79.87609,89.28787,87.81307
2003-12-16,1116.104,3857.66291,2823.92675,79.48633,88.85218,87.38458
2003-12-17,1121.38176,3876.29618,2837.56512,79.54935,88.93161,87.46265
2003-12-18,1131.28425,3910.54918,2862.63514,80.30047,89.77184,88.28887
2003-12-19,1132.33581,3914.18415,2865.29605,80.50849,90.0044,88.51759
2003-12-22,1133.92171,3919.70417,2869.32935,80.17988,89.6379,88.15691
2003-12-23,1139.80474,3940.04044,2884.21605,80.60561,90.11384,88.62499
2003-12-24,1144.92063,3958.13129,2897.45905,80.73986,90.2732,88.78171
2003-12-25,1144.92063,3958.13129,2897.45905,80.73986,90.2732,88.78171
2003-12-26,1144.8734,3957.96802,2897.33953,80.76895,90.30573,88.81371
2003-12-29,1151.3121,3980.22737,2913.63397,81.00197,90.56626,89.06994
2003-12-30,1159.75603,4009.41907,2935.00309,81.29,90.8883,89.38665
2003-12-31,1169.24338,4042.3246,2959.09082,81.41571,91.03125,89.52724
2004-01-01,1169.24338,4042.3246,2959.09082,81.41571,91.03125,89.52724
2004-01-02,1179.15365,4077.09227,2984.48616,82.27863,92.0075,90.48568
2004-01-05,1193.0034,4125.03968,3019.57773,82.68992,92.46876,90.93911
2004-01-06,1199.67994,4148.12511,3036.47654,82.65693,92.43187,90.90283
2004-01-07,1188.84917,4110.80824,3009.15808,82.25916,91.99003,90.46824
2004-01-08,1203.61193,4161.85497,3046.52486,83.09406,92.9237,91.38646
2004-01-09,1208.79117,4179.7711,3059.63887,82.65251,92.43008,90.90098
2004-01-12,1203.04693,4160.22926,3045.29882,82.53927,92.31055,90.78238
2004-01-13,1203.80253,4162.88916,3047.23727,82.69446,92.48516,90.95385
2004-01-14,1205.08159,4167.34372,3050.49801,83.44806,93.32868,91.7834
2004-01-15,1197.65677,4141.9191,3031.85534,83.46364,93.35178,91.80515
2004-01-16,1190.26999,4116.37299,3013.15578,84.34763,94.3405,92.77749
2004-01-19,1191.31099,4120.00575,3015.81135,84.55102,94.56873,93.00183
2004-01-20,1203.71741,4162.91187,3047.21829,84.10957,94.07498,92.51626
2004-01-21,1214.75955,4201.48444,3075.4531,84.508,94.52927,92.96302
2004-01-22,1222.9964,4229.97318,3096.30664,84.53531,94.55981,92.99306
2004-01-23,1218.29991,4214.59284,3084.91499,84.36671,94.39056,92.8226
2004-01-26,1203.18454,4162.47841,3046.74215,84.12588,94.12509,92.56072
2004-01-27,1209.34794,4183.80099,3062.3493,84.23495,94.24712,92.68071
2004-01-28,1213.48087,4198.17639,3072.87143,84.66718,94.73247,93.158
2004-01-29,1183.61003,4094.83481,2997.23016,84.02822,94.01756,92.45497
2004-01-30,1182.21057,4089.99319,2993.68631,83.58094,93.5171,91.96283
2004-02-02,1185.98952,4103.38655,3003.45454,83.72679,93.68759,92.12941
2004-02-03,1194.34484,4132.29502,3024.61396,83.54107,93.47977,91.92505
2004-02-04,1187.49063,4108.5907,3007.2637,83.32043,93.23312,91.68249
2004-02-05,1193.5059,4129.40289,3022.49709,83.18427,93.08077,91.53268
2004-02-06,1210.43135,4187.96314,3065.35998,83.62401,93.57282,92.01655
2004-02-09,1222.35017,4229.20096,3095.54381,84.68391,94.75882,93.18282
2004-02-10,1224.58069,4236.91834,3101.19251,84.73818,94.81954,93.24253
2004-02-11,1225.23338,4239.33653,3102.9625,84.90375,95.0084,93.42825
2004-02-12,1237.88179,4283.10031,3134.99519,84.78684,94.87757,93.29959
2004-02-13,1231.89814,4262.39676,3119.84132,84.59801,94.66626,93.0918
2004-02-16,1234.90036,4272.78452,3127.44459,84.84066,94.9378,93.35882
2004-02-17,1249.68701,4323.94668,3164.89249,85.60209,95.78985,94.1967
2004-02-18,1249.47037,4326.52996,3166.78332,85.55723,95.81345,94.21991
2004-02-19,1251.25059,4332.69429,3171.29527,86.68954,97.0815,95.46687
2004-02-20,1233.69823,4271.91589,3126.8088,86.19077,96.52294,94.9176
2004-02-23,1233.95435,4272.80277,3127.45795,86.29103,96.63522,95.02801
2004-02-24,1232.32806,4267.17143,3123.33612,85.42571,95.66617,94.07509
2004-02-25,1225.97926,4246.46965,3108.18355,85.84611,96.166,94.56659
2004-02-26,1215.74735,4211.02902,3082.24294,85.97617,96.3117,94.70988
2004-02-27,1215.13045,4210.34168,3081.36853,85.89451,96.25335,94.6411
2004-03-01,1230.07876,4262.1365,3119.27494,86.81143,97.28086,95.65139
2004-03-02,1222.71364,4236.68329,3100.63274,87.31955,97.85179,96.21232
2004-03-03,1202.56971,4168.77157,3050.93128,87.05244,97.59663,95.96144
2004-03-04,1213.93389,4208.25244,3079.80972,87.49289,98.09244,96.44844
2004-03-05,1232.39803,4272.28739,3126.66792,87.14317,97.70096,96.06335
2004-03-08,1230.75373,4266.58721,3122.49625,87.49179,98.09182,96.44766
2004-03-09,1223.24355,4240.55205,3103.44245,86.57949,97.069,95.44198
2004-03-10,1202.34783,4171.34,3052.76403,86.38845,96.92977,95.30428
2004-03-11,1172.73939,4068.61859,2977.58813,84.08225,94.34216,92.76007
2004-03-12,1170.34094,4060.40131,2971.57438,84.31984,94.61116,93.02455
2004-03-15,1151.71956,3995.79598,2924.29345,82.74743,92.84684,91.28982
2004-03-16,1168.43627,4053.71081,2966.69227,83.14252,93.28825,91.72427
2004-03-17,1171.82244,4070.14177,2978.68806,84.39542,94.80313,93.21284
2004-03-18,1170.31249,4064.99336,2974.90064,83.04727,93.29092,91.72539
2004-03-19,1172.12574,4071.63147,2979.68677,83.43885,93.73864,92.16337
2004-03-22,1153.16732,4005.77533,2931.49216,81.84384,91.94673,90.40158
2004-03-23,1150.01081,3995.15482,2923.64398,82.10748,92.25087,90.69825
2004-03-24,1139.61744,3960.23434,2897.98609,81.95839,92.11095,90.55746
2004-03-25,1150.58735,3998.7482,2926.08742,83.00559,93.29704,91.72098
2004-03-26,1145.21066,3982.10439,2913.49014,83.13669,93.49234,91.89979
2004-03-29,1162.99264,4043.91735,2958.7209,84.05934,94.52949,92.91945
2004-03-30,1165.67664,4053.56776,2965.71588,84.04584,94.52172,92.90975
2004-03-31,1172.65644,4080.44834,2985.34215,83.80948,94.31619,92.70648
2004-04-01,1193.66541,4154.24529,3039.18885,84.7832,95.4279,93.79475
2004-04-02,1192.8253,4151.64296,3037.21797,86.2085,97.03967,95.37682
2004-04-05,1187.34841,4132.60723,3023.28743,86.80556,97.71236,96.03784
2004-04-06,1186.10784,4128.35017,3020.15811,86.38051,97.23534,95.56852
2004-04-07,1195.04537,4160.22358,3043.42766,86.25185,97.10838,95.44224
2004-04-08,1193.79708,4157.47788,3041.14961,86.62087,97.5614,95.87899
2004-04-09,1193.79708,4157.47788,3041.14961,86.62087,97.5614,95.87899
2004-04-12,1191.69735,4150.16541,3035.80062,86.71208,97.66413,95.97994
2004-04-13,1184.96345,4127.89327,3019.27524,87.3877,98.45321,96.74793
2004-04-14,1168.71675,4071.82949,2978.26182,86.08836,97.00202,95.32167
2004-04-15,1169.28463,4073.80799,2979.70896,86.05801,96.96782,95.28807
2004-04-16,1185.65224,4133.36708,3022.68798,86.55547,97.58817,95.87913
2004-04-19,1188.05103,4142.38463,3029.16366,86.73779,97.8092,96.09253
2004-04-20,1184.88329,4131.40911,3021.12688,87.33046,98.47918,96.7504
2004-04-21,1169.29256,4077.94604,2981.97066,86.49347,97.55682,95.84228
2004-04-22,1175.29252,4099.48276,2997.5976,87.00691,98.15058,96.42168
2004-04-23,1176.49535,4104.22647,3000.9736,87.3832,98.58824,96.84864
2004-04-26,1183.22799,4130.14819,3019.48226,87.66457,98.96402,97.20347
2004-04-27,1187.50223,4145.62884,3030.69262,87.61907,98.92605,97.16273
2004-04-28,1164.64678,4069.9327,2974.74423,86.36804,97.61175,95.8522
2004-04-29,1164.53754,4071.8265,2975.73865,85.64404,96.84762,95.08939
2004-04-30,1158.2188,4051.54939,2960.58142,84.85958,96.00358,94.2499
2004-05-03,1161.66239,4066.40506,2970.95417,85.34683,96.62158,94.8412
2004-05-04,1179.13914,4127.5986,3015.65922,85.69181,97.01252,95.22482
2004-05-05,1188.7934,4162.10501,3040.79001,86.10132,97.49279,95.69373
2004-05-06,1168.48854,4091.6381,2989.20632,84.97405,96.23102,94.45204
2004-05-07,1152.95095,4038.35886,2950.07813,85.02687,96.31775,94.53062
2004-05-10,1117.48181,3914.36885,2859.45694,82.783,93.78178,92.04027
2004-05-11,1124.87812,3940.81595,2878.67819,83.68029,94.81126,93.04745
2004-05-12,1121.68762,3931.96145,2872.1797,82.80472,93.87468,92.12731
2004-05-13,1127.93187,3953.90078,2888.19702,83.68773,94.87695,93.11064
2004-05-14,1122.56467,3936.88595,2875.50443,83.16305,94.32523,92.56071
2004-05-17,1119.46761,3926.52666,2867.85294,81.95202,92.96356,91.2218
2004-05-18,1124.19451,3944.51651,2880.72713,82.55265,93.67838,91.91477
2004-05-19,1149.28676,4034.94319,2946.63364,83.88327,95.24461,93.44729
2004-05-20,1132.06692,3974.54183,2902.51542,83.36773,94.66054,92.87398
2004-05-21,1139.31757,4000.0727,2921.16001,83.26289,94.54327,92.75891
2004-05-24,1139.86425,4009.94487,2926.84389,83.68933,95.21632,93.37059
2004-05-25,1146.94931,4035.43642,2945.35133,83.22851,94.70534,92.86641
2004-05-26,1155.92316,4067.50963,2968.7494,83.956,95.54488,93.68929
2004-05-27,1178.23048,4146.5183,3026.31693,84.38295,96.04264,94.17432
2004-05-28,1168.90654,4115.23388,3003.20434,84.07167,95.72391,93.85305
2004-05-31,1171.01909,4122.72628,3008.6621,84.22361,95.89819,94.02361
2004-06-01,1164.0194,4098.62806,2990.97934,83.65167,95.25964,93.39452
2004-06-02,1173.46034,4134.33207,3016.98386,83.97285,95.68236,93.80739
2004-06-03,1174.98263,4140.47376,3021.34496,84.28781,96.05929,94.17318
2004-06-04,1182.94567,4168.72771,3041.92657,84.87984,96.73849,94.83793
2004-06-07,1197.87073,4221.50534,3080.4123,85.46896,97.41411,95.49947
2004-06-08,1196.7795,4217.7533,3077.65738,85.69743,97.67667,95.75634
2004-06-09,1180.3227,4160.41265,3035.80963,85.73526,97.73523,95.81354
2004-06-10,1182.07113,4166.82263,3040.44397,85.85516,97.87772,95.95186
2004-06-11,1172.61794,4135.05109,3016.97798,85.75004,97.79457,95.86136
2004-06-14,1163.19627,4101.84263,2992.74874,84.54019,96.41514,94.5092
2004-06-15,1171.23331,4130.84974,3013.79122,85.17365,97.15324,95.22887
2004-06-16,1176.27563,4149.15141,3027.14378,86.02468,98.13621,96.19237
2004-06-17,1180.53433,4164.17339,3038.10354,86.1532,98.28283,96.33608
2004-06-18,1190.80068,4200.48448,3064.59382,86.25382,98.3999,96.45079
2004-06-21,1186.27417,4187.25611,3054.40317,86.15331,98.34957,96.38443
2004-06-22,1173.70072,4143.00991,3022.11159,85.25426,97.32641,95.38121
2004-06-23,1177.55709,4156.97968,3032.29937,85.54145,97.66267,95.71066
2004-06-24,1190.93453,4204.52157,3066.92084,85.89515,98.07388,96.11185
2004-06-25,1186.91814,4190.35104,3056.58438,85.88759,98.06547,96.1036
2004-06-28,1199.79603,4235.83424,3089.76137,86.442,98.69891,96.72437
2004-06-29,1187.23135,4191.49077,3057.41498,86.05915,98.26215,96.29632
2004-06-30,1183.77108,4179.82684,3048.90503,85.45569,97.58601,95.63365
2004-07-01,1179.38541,4165.37077,3038.24765,85.20211,97.3205,95.36992
2004-07-02,1185.43738,4186.74522,3053.83831,84.64372,96.68268,94.74489
2004-07-05,1182.10236,4175.04783,3045.29612,84.59816,96.63253,94.69543
2004-07-06,1176.38423,4154.86534,3030.57349,84.18894,96.1654,94.23762
2004-07-07,1183.09873,4179.26022,3048.36719,84.05307,96.02582,94.10084
2004-07-08,1190.22914,4204.48794,3066.76113,84.30052,96.30944,94.37854
2004-07-09,1188.37846,4197.95042,3061.99265,84.24758,96.24895,94.31926
2004-07-12,1184.88614,4185.98341,3053.21496,83.88151,95.83919,93.91622
2004-07-13,1178.57599,4163.6962,3036.95752,83.99674,95.97097,94.04531
2004-07-14,1182.89544,4179.05425,3048.15936,83.85548,95.81184,93.88936
2004-07-15,1168.71931,4129.01012,3011.65345,82.97108,94.80222,92.89988
2004-07-16,1178.34414,4163.014,3036.4555,83.15698,95.01462,93.10802
2004-07-19,1170.30442,4134.61019,3015.73808,82.74252,94.54107,92.64396
2004-07-20,1168.5384,4128.37097,3011.18726,82.91803,94.7416,92.84047
2004-07-21,1165.43959,4117.78719,3003.46757,83.73318,95.68145,93.76146
2004-07-22,1151.92255,4070.10116,2968.67793,82.44504,94.21119,92.32046
2004-07-23,1139.7745,4027.17832,2937.37057,82.61232,94.40234,92.50777
2004-07-26,1132.82762,4002.63536,2919.46927,81.87906,93.56449,91.68674
2004-07-27,1134.61347,4008.94531,2924.07166,82.57898,94.36431,92.4705
2004-07-28,1135.6511,4012.73004,2926.82385,82.84673,94.67306,92.7728
2004-07-29,1151.84641,4069.95482,2968.56274,83.81586,95.78053,93.85804
2004-07-30,1150.14773,4065.44373,2965.00123,83.90427,95.91675,93.98292
2004-08-02,1148.61176,4060.34988,2961.2495,83.82007,95.8284,93.8952
2004-08-03,1154.74343,4082.76122,2977.46013,84.07891,96.14165,94.19788
2004-08-04,1144.8741,4050.07207,2953.60997,83.40871,95.42726,93.49759
2004-08-05,1145.81676,4053.40679,2956.0419,83.53975,95.57719,93.64449
2004-08-06,1139.3552,4031.43327,2939.8559,81.63871,93.42272,91.52856
2004-08-09,1129.59207,3996.88792,2914.66427,80.94575,92.62974,90.75166
2004-08-10,1141.77114,4040.13544,2946.17378,81.43314,93.19102,91.3007
2004-08-11,1123.32763,3980.33951,2902.569,80.83982,92.63926,90.76012
2004-08-12,1123.35916,3980.47859,2902.66544,80.67023,92.44555,90.57019
2004-08-13,1130.55888,4005.98988,2921.26892,80.38541,92.11915,90.25041
2004-08-16,1140.5425,4041.64261,2947.21728,81.1544,93.00676,91.11845
2004-08-17,1140.69786,4042.19314,2947.61873,81.25761,93.12505,91.23434
2004-08-18,1137.8306,4034.43616,2941.96224,81.29733,93.22611,91.33335
2004-08-19,1146.2333,4064.22983,2963.68816,81.46033,93.41302,91.51647
2004-08-20,1140.51506,4043.95452,2948.90315,81.27096,93.19587,91.30372
2004-08-23,1144.67402,4058.70108,2959.65652,82.35576,94.43985,92.52244
2004-08-24,1135.39002,4025.78254,2935.65191,82.26737,94.33848,92.42314
2004-08-25,1136.57439,4030.76546,2939.28552,82.52339,94.65046,92.72878
2004-08-26,1145.34181,4061.90914,2961.98663,83.19779,95.42516,93.48746
2004-08-27,1149.07966,4075.20744,2971.67528,83.84725,96.17107,94.21795
2004-08-30,1147.8865,4070.97592,2968.58962,83.72193,96.02733,94.07713
2004-08-31,1147.19075,4068.50843,2966.7903,82.90697,95.09259,93.16137
2004-09-01,1156.57304,4102.09038,2991.27854,83.46484,95.73963,93.79527
2004-09-02,1159.45529,4112.31305,2998.733,83.77609,96.09666,94.14505
2004-09-03,1158.86012,4110.20211,2997.19368,84.44166,96.86011,94.89299
2004-09-06,1165.01009,4132.0146,3013.09954,84.72109,97.18064,95.20701
2004-09-07,1164.37475,4129.76121,3011.45634,84.67489,97.12764,95.15509
2004-09-08,1168.52064,4144.92802,3022.51611,84.62604,97.08243,95.1108
2004-09-09,1165.29128,4133.51043,3014.18348,84.12164,96.50467,94.54456
2004-09-10,1181.66189,4191.5801,3056.52827,84.40159,96.82582,94.85919
2004-09-13,1186.78254,4209.74402,3069.77353,85.12733,97.65839,95.67485
2004-09-14,1186.2875,4207.98803,3068.49305,84.83546,97.32357,95.34683
2004-09-15,1171.24498,4155.70745,3030.36969,84.69065,97.18265,95.20877
2004-09-16,1175.35681,4170.29668,3041.00826,85.04398,97.5881,95.60599
2004-09-17,1184.50084,4202.74074,3064.66668,85.52243,98.13711,96.14385
2004-09-20,1178.92267,4182.94876,3050.23424,85.2388,97.81165,95.82499
2004-09-21,1195.01762,4240.05543,3091.87681,85.64109,98.27328,96.27725
2004-09-22,1186.48615,4210.32939,3070.20038,85.14779,97.71985,95.73507
2004-09-23,1183.13211,4198.42734,3061.52132,84.5066,96.98399,95.01415
2004-09-24,1183.8566,4200.84683,3063.28564,84.75824,97.26928,95.29364
2004-09-27,1179.05596,4184.01958,3050.96255,84.20176,96.63545,94.67106
2004-09-28,1186.03753,4208.7945,3069.02827,84.60404,97.09713,95.12335
2004-09-29,1190.51102,4225.0469,3080.87943,84.90935,97.45625,95.47517
2004-09-30,1192.38326,4231.78059,3085.7731,84.3205,96.78242,94.81453
2004-10-01,1210.79857,4297.1367,3133.43014,85.79891,98.47933,96.47694
2004-10-04,1209.51291,4292.5739,3130.10299,86.64101,99.44589,97.42384
2004-10-05,1215.2094,4312.79077,3144.84494,86.72723,99.54484,97.52079
2004-10-06,1213.80239,4308.03474,3141.37689,86.64793,99.45931,97.437
2004-10-07,1211.67377,4300.47985,3135.86794,86.62271,99.43036,97.40863
2004-10-08,1218.97318,4326.43723,3154.78664,86.23207,98.98312,96.9702
2004-10-11,1214.75808,4311.7901,3144.07185,86.17683,98.92689,96.91406
2004-10-12,1197.83882,4251.73511,3100.28095,85.4771,98.12364,96.12715
2004-10-13,1197.39953,4250.4716,3099.35962,85.73484,98.42635,96.42371
2004-10-14,1201.15364,4263.79774,3109.07678,85.12233,97.72317,95.73483
2004-10-15,1207.35168,4285.91195,3125.18695,84.95832,97.53745,95.55243
2004-10-18,1207.42141,4286.21531,3125.39732,84.71211,97.25605,95.27642
2004-10-19,1219.11988,4327.74363,3155.6787,85.5397,98.20619,96.20723
2004-10-20,1215.47831,4315.409,3146.68461,84.69553,97.25037,95.27086
2004-10-21,1222.68432,4341.07384,3165.38402,85.17738,97.80547,95.81421
2004-10-22,1224.25908,4346.66495,3169.46089,85.12504,97.74536,95.75534
2004-10-25,1217.84683,4323.89859,3152.86033,83.72471,96.13743,94.18014
2004-10-26,1220.94686,4334.90508,3160.88594,83.9444,96.3897,94.42727
2004-10-27,1235.23061,4385.70101,3197.92485,84.95306,97.54973,95.56368
2004-10-28,1239.67324,4401.89434,3209.66034,85.49291,98.17899,96.17797
2004-10-29,1234.84362,4384.74508,3197.15589,85.26027,97.91181,95.91624
2004-11-01,1247.57939,4429.96788,3230.13028,85.97402,98.73149,96.7192
2004-11-02,1254.4734,4454.80264,3248.19981,86.75884,99.6407,97.60872
2004-11-03,1268.74674,4506.87606,3286.15671,87.05363,100.01004,97.97017
2004-11-04,1273.25377,4522.88606,3297.83028,86.80679,99.72647,97.69237
2004-11-05,1283.20843,4558.24724,3323.61364,87.28898,100.28041,98.23502
2004-11-08,1285.86033,4567.66742,3330.48229,87.20596,100.18504,98.14159
2004-11-09,1281.50932,4552.21163,3319.21281,87.15989,100.13212,98.08975
2004-11-10,1284.51065,4564.37266,3328.07994,87.34373,100.3763,98.32895
2004-11-11,1294.30708,4599.18327,3353.46185,88.15661,101.31046,99.24406
2004-11-12,1302.34554,4628.6533,3374.8506,88.4469,101.66398,99.58744
2004-11-15,1301.63819,4626.15531,3373.02751,88.34422,101.5463,99.47211
2004-11-16,1296.83237,4609.07493,3360.57385,87.76709,100.88292,98.82229
2004-11-17,1313.02645,4667.00156,3402.80372,88.5424,101.7822,99.70303
2004-11-18,1309.60288,4654.83286,3393.93128,88.55631,101.79818,99.71869
2004-11-19,1306.36719,4643.34847,3385.55598,87.86398,101.00268,98.93939
2004-11-22,1297.75857,4614.16728,3364.0004,87.39206,100.49106,98.43005
2004-11-23,1304.11478,4636.84591,3380.52002,87.51144,100.63006,98.56578
2004-11-24,1309.50256,4660.57688,3397.55638,87.39888,100.59936,98.52803
2004-11-25,1326.78268,4722.07756,3442.39032,88.01711,101.31097,99.22498
2004-11-26,1326.64596,4721.6341,3442.05792,87.87198,101.14484,99.06202
2004-11-29,1327.79979,4725.79885,3445.09402,87.7796,101.03975,98.95909
2004-11-30,1322.638,4707.42743,3431.7013,87.40546,100.6091,98.5373
2004-12-01,1339.24035,4767.33334,3475.37254,88.40284,101.77456,99.67877
2004-12-02,1341.15633,4774.25708,3480.39991,88.76949,102.19889,100.09378
2004-12-03,1348.16373,4799.24207,3498.60651,88.55924,101.95768,99.85733
2004-12-06,1347.36292,4796.54574,3496.6312,88.13749,101.47538,99.3847
2004-12-07,1352.47569,4814.74692,3509.89966,88.46535,101.85286,99.7544
2004-12-08,1333.73794,4748.23855,3461.41576,88.29511,101.66108,99.56657
2004-12-09,1323.11597,4710.42328,3433.84883,87.65469,100.92372,98.84439
2004-12-10,1324.75828,4716.28112,3438.11688,87.9958,101.3167,99.22922
2004-12-13,1342.3411,4778.89188,3483.75646,88.66083,102.0827,99.97935
2004-12-14,1342.48867,4779.41725,3484.13945,88.76403,102.20152,100.09572
2004-12-15,1355.47617,4825.84991,3517.98832,88.70125,102.13338,100.02898
2004-12-16,1346.65941,4794.66525,3495.21765,89.01969,102.50443,100.39132
2004-12-17,1332.9327,4745.7925,3459.59036,88.32836,101.70837,99.61167
2004-12-20,1354.58142,4822.87092,3515.77903,88.73526,102.17691,100.07055
2004-12-21,1347.46278,4797.64203,3497.36644,88.55294,101.96945,99.86675
2004-12-22,1356.11839,4828.65558,3519.97458,88.97862,102.46377,100.35089
2004-12-23,1368.20886,4871.70544,3551.3569,88.99736,102.48535,100.37202
2004-12-24,1373.3269,4889.92896,3564.64141,89.09931,102.60275,100.487
2004-12-27,1379.53644,4912.03893,3580.75905,88.94698,102.42733,100.3152
2004-12-28,1378.92423,4909.85904,3579.16997,89.03496,102.52865,100.41442
2004-12-29,1376.90113,4903.19563,3574.31249,89.01558,102.51762,100.40363
2004-12-30,1381.25347,4918.69447,3585.61078,89.00541,102.50591,100.39216
2004-12-31,1377.94585,4906.91593,3577.0245,89.03724,102.54257,100.42806
2005-01-03,1372.53656,4888.24615,3563.34985,89.5541,103.15034,101.02146
2005-01-04,1360.42312,4845.11782,3531.90944,89.88893,103.53629,101.3994
2005-01-05,1349.59643,4806.84928,3504.01311,89.28104,102.84231,100.71975
2005-01-06,1345.64516,4792.77607,3493.75427,89.72588,103.35473,101.22159
2005-01-07,1341.66108,4778.58602,3483.41025,90.31386,104.03202,101.8849
2005-01-10,1346.23135,4795.23855,3495.50836,90.28935,104.01191,101.86401
2005-01-11,1341.70541,4779.45701,3483.96333,89.60945,103.23601,101.10295
2005-01-12,1344.98101,4791.22116,3492.53094,88.91543,102.43851,100.3217
2005-01-13,1341.82365,4780.03448,3484.3654,89.26437,102.84183,100.71636
2005-01-14,1337.54903,4764.81496,3473.27037,89.71389,103.35989,101.22369
2005-01-17,1341.67063,4779.51729,3483.98534,90.066,103.76599,101.62133
2005-01-18,1336.78836,4762.16367,3471.32851,90.15168,103.86555,101.71863
2005-01-19,1340.22003,4774.84294,3480.57093,90.31376,104.06219,101.91121
2005-01-20,1326.30523,4725.26827,3444.434,89.93848,103.62978,101.48773
2005-01-21,1329.79457,4737.69983,3453.49586,89.85251,103.53072,101.39072
2005-01-24,1333.63237,4751.59832,3463.59401,89.80094,103.47621,101.33637
2005-01-25,1333.43214,4750.88489,3463.07398,90.39036,104.15539,102.00151
2005-01-26,1346.11724,4796.15495,3496.07279,90.44746,104.22279,102.06752
2005-01-27,1348.34861,4804.10524,3501.86801,90.82668,104.65978,102.49547
2005-01-28,1340.09044,4775.69869,3481.00515,90.47163,104.27285,102.11195
2005-01-31,1351.5201,4816.48374,3510.72614,91.06127,104.9536,102.77838
2005-02-01,1359.45191,4845.25091,3531.63978,91.79992,105.81586,103.62116
2005-02-02,1366.53513,4870.53452,3550.06868,92.08707,106.14768,103.9461
2005-02-03,1357.51073,4838.37019,3526.62452,92.0368,106.08974,103.88936
2005-02-04,1368.78211,4880.73117,3557.10217,92.88702,107.1178,104.88435
2005-02-07,1364.28724,4864.70361,3545.4212,93.38288,107.68963,105.44425
2005-02-08,1359.88033,4848.98967,3533.9688,93.53318,107.86295,105.61396
2005-02-09,1359.74909,4850.89704,3535.3589,93.3779,107.73664,105.49028
2005-02-10,1369.43454,4885.44983,3560.54115,93.29171,107.63719,105.39291
2005-02-11,1380.0805,4923.42924,3588.22074,94.13378,108.60875,106.34421
2005-02-14,1391.60094,4964.52832,3618.17396,94.27528,108.77201,106.50406
2005-02-15,1397.61142,4986.0122,3633.82699,94.66056,109.21744,106.94008
2005-02-16,1390.95841,4965.1061,3618.59053,94.08661,108.61711,106.35226
2005-02-17,1400.8074,5000.26265,3644.21278,94.17259,108.71637,106.44946
2005-02-18,1402.66227,5006.88372,3649.03824,94.29007,108.852,106.58225
2005-02-21,1401.78463,5003.75091,3646.75504,94.18782,108.73396,106.46667
2005-02-22,1408.06642,5026.17412,3663.09717,93.53654,107.98209,105.73048
2005-02-23,1397.23701,4989.56762,3636.41819,93.01414,107.42314,105.18318
2005-02-24,1397.84995,4991.75644,3638.01342,92.97742,107.38073,105.14166
2005-02-25,1412.34863,5043.53158,3675.74736,94.0415,108.60965,106.34496
2005-02-28,1416.4225,5058.07949,3686.34993,93.72302,108.24183,105.98481
2005-03-01,1417.47158,5061.9331,3689.15846,94.4184,109.04725,106.77344
2005-03-02,1409.42734,5034.82655,3669.4031,94.38724,109.04635,106.77256
2005-03-03,1410.81654,5040.83001,3673.52102,94.39031,109.07242,106.7906
2005-03-04,1432.83085,5121.21155,3731.66443,95.01633,109.83281,107.52254
2005-03-07,1425.87398,5096.34638,3713.54598,94.94209,109.74699,107.43853
2005-03-08,1434.53617,5127.35194,3736.12721,94.40947,109.13228,106.83642
2005-03-09,1427.25671,5104.93909,3719.79572,93.82494,108.53324,106.24999
2005-03-10,1420.54747,5081.10428,3702.39496,93.04265,107.63176,105.36653
2005-03-11,1428.93122,5111.14436,3724.27257,93.24062,107.86189,105.59149
2005-03-14,1417.54467,5070.42929,3694.60376,93.11679,107.71893,105.45149
2005-03-15,1423.1117,5090.41945,3709.15351,93.88977,108.61477,106.32801
2005-03-16,1415.68131,5071.15441,3695.00817,92.58584,107.26102,104.9997
2005-03-17,1410.60602,5053.11374,3681.83655,92.59867,107.27885,105.0164
2005-03-18,1403.85632,5029.4327,3664.47932,92.79365,107.5154,105.24501
2005-03-21,1389.70661,4978.74019,3627.54441,92.59003,107.27947,105.01406
2005-03-22,1394.85801,4997.39193,3641.10405,92.78544,107.5101,105.23896
2005-03-23,1370.06442,4909.09699,3576.70326,92.47389,107.16076,104.89497
2005-03-24,1373.27246,4920.72603,3585.14632,93.01925,107.79568,105.51559
2005-03-25,1373.27246,4920.72603,3585.14632,93.01925,107.79568,105.51559
2005-03-28,1366.09601,4895.01129,3566.41105,93.18715,107.99025,105.70604
2005-03-29,1371.61126,4914.77359,3580.80948,93.28804,108.10717,105.82049
2005-03-30,1372.52583,4919.46752,3584.22077,92.99737,107.80137,105.5209
2005-03-31,1376.06993,4932.2579,3593.52162,92.99358,107.79889,105.51795
2005-04-01,1378.58465,4942.4552,3600.71951,93.4223,108.32181,106.02299
2005-04-04,1358.3399,4870.0059,3547.91962,93.0193,107.85744,105.56792
2005-04-05,1371.04082,4915.65242,3581.15309,93.79399,108.75815,106.44888
2005-04-06,1377.35712,4939.36157,3598.34138,94.14176,109.18491,106.86408
2005-04-07,1387.21372,4976.43998,3625.05952,94.42234,109.54843,107.21119
2005-04-08,1383.80059,4966.23908,3617.2287,94.60058,109.8004,107.4459
2005-04-11,1392.72652,4999.52484,3641.25886,94.38794,109.58104,107.22494
2005-04-12,1379.94793,4953.80861,3607.9377,94.06994,109.21529,106.86631
2005-04-13,1387.70746,4982.68435,3628.85521,94.49989,109.73692,107.37338
2005-04-14,1374.81786,4937.24676,3595.60085,94.27635,109.49605,107.13285
2005-04-15,1366.47823,4908.72389,3574.59128,92.81674,107.83214,105.49784
2005-04-18,1351.02532,4854.69121,3534.96024,91.18883,105.97314,103.67076
2005-04-19,1362.4747,4897.65692,3565.89076,91.79936,106.7224,104.39335
2005-04-20,1358.24545,4886.24349,3556.99265,91.2938,106.21703,103.88183
2005-04-21,1360.62549,4895.36569,3563.52162,91.16424,106.07843,103.74303
2005-04-22,1368.37141,4926.6547,3585.53069,91.87948,106.98496,104.60721
2005-04-25,1363.83472,4911.05473,3574.0406,92.29457,107.48434,105.09148
2005-04-26,1356.80709,4885.97346,3555.74674,91.9607,107.10045,104.71493
2005-04-27,1339.01766,4825.83873,3511.45638,90.71648,105.73742,103.36673
2005-04-28,1332.37281,4805.73673,3496.15822,90.60526,105.69238,103.30286
2005-04-29,1334.19501,4815.03652,3502.43912,90.77135,105.94613,103.53655
2005-05-02,1330.80037,4805.73766,3495.17502,91.04111,106.3263,103.89321
2005-05-03,1341.71756,4845.34891,3523.95065,91.43897,106.7951,104.35029
2005-05-04,1355.84408,4898.30074,3562.17335,91.91671,107.39553,104.92848
2005-05-05,1361.71153,4920.21365,3577.99922,92.42506,108.00519,105.5209
2005-05-06,1357.91403,4907.93994,3568.71763,92.84174,108.52412,106.01731
2005-05-09,1351.15356,4883.65626,3551.03277,92.51996,108.15133,105.65232
2005-05-10,1346.82041,4868.05359,3539.67475,91.85088,107.37051,104.88915
2005-05-11,1337.31197,4837.04717,3517.07297,91.65791,107.21945,104.73992
2005-05-12,1334.76503,4829.55057,3511.28662,92.21737,107.91223,105.40661
2005-05-13,1327.93823,4806.68226,3494.41913,92.22452,107.96177,105.44771
2005-05-16,1319.67977,4777.53681,3473.09549,91.83252,107.51969,105.01184
2005-05-17,1322.20239,4787.69434,3480.29304,91.92794,107.65446,105.13783
2005-05-18,1337.8665,4847.26902,3523.44279,92.98021,108.95092,106.39925
2005-05-19,1342.22222,4864.5578,3535.76936,93.41598,109.49547,106.92378
2005-05-20,1335.61086,4840.69589,3518.40664,93.50415,109.60106,107.02631
2005-05-23,1344.97995,4878.92554,3545.3626,93.89064,110.15056,107.5377
2005-05-24,1344.05339,4878.27561,3544.39778,93.8185,110.12713,107.49989
2005-05-25,1344.38036,4880.02792,3545.63539,93.75191,110.06172,107.43497
2005-05-26,1346.03173,4886.54886,3550.28163,94.40677,110.84246,108.19427
2005-05-27,1346.992,4891.80019,3553.77632,94.30844,110.76697,108.11084
2005-05-30,1345.8299,4890.28415,3552.19111,94.75583,111.35401,108.669
2005-05-31,1331.64354,4838.9593,3514.86927,94.72134,111.31863,108.63322
2005-06-01,1340.07747,4873.25385,3539.66523,95.97808,112.88006,110.15342
2005-06-02,1342.18731,4880.93254,3545.2415,95.96486,112.86465,110.13834
2005-06-03,1338.17033,4867.21987,3535.1188,95.7595,112.64385,109.91782
2005-06-06,1334.8055,4855.12368,3526.31136,95.44872,112.28157,109.56363
2005-06-07,1348.99613,4908.10659,3564.56143,96.5578,113.61787,110.86038
2005-06-08,1352.14386,4921.37739,3574.14766,96.32778,113.38911,110.63557
2005-06-09,1337.4332,4868.0871,3535.40271,96.34257,113.41239,110.65694
2005-06-10,1337.75271,4869.32403,3536.28759,96.92204,114.09626,111.32377
2005-06-13,1333.69315,4854.54751,3525.55633,97.31023,114.55324,111.76964
2005-06-14,1336.43533,4864.52884,3532.80515,97.44555,114.71254,111.92507
2005-06-15,1338.17006,4871.26943,3537.69863,97.05636,114.26438,111.48775
2005-06-16,1342.50855,4887.06261,3549.16823,97.57246,114.87199,112.08059
2005-06-17,1360.6158,4953.12239,3597.13021,97.70802,115.03494,112.23917
2005-06-20,1349.70348,4916.98523,3570.18269,97.67106,115.0754,112.25653
2005-06-21,1355.91185,4939.7727,3586.71305,98.14055,115.63253,112.79952
2005-06-22,1357.34988,4945.47284,3590.84991,98.26082,115.78504,112.94824
2005-06-23,1353.82399,4932.99811,3581.72467,98.66429,116.26922,113.41842
2005-06-24,1346.72706,4907.13864,3562.94877,97.85072,115.31049,112.48319
2005-06-27,1341.97748,4889.88808,3550.42114,96.91633,114.21068,111.41027
2005-06-28,1344.19486,4897.9882,3556.29871,97.73546,115.17646,112.35225
2005-06-29,1346.96709,4908.43149,3563.88131,98.02629,115.52723,112.69443
2005-06-30,1346.73114,4907.6103,3563.28199,97.70149,115.14535,112.32181
2005-07-01,1341.80617,4890.68476,3550.88125,98.47483,116.08101,113.23097
2005-07-04,1338.276,4877.84689,3541.55715,98.71894,116.36945,113.51223
2005-07-05,1335.51112,4868.02196,3534.39346,98.50671,116.12531,113.27311
2005-07-06,1345.71529,4906.27653,3562.12715,99.09293,116.84161,113.97051
2005-07-07,1323.81123,4826.41763,3504.14681,97.28425,114.70898,111.89029
2005-07-08,1339.94848,4885.2516,3546.86232,98.61867,116.28241,113.42506
2005-07-11,1362.23092,4966.98635,3606.14287,99.13713,116.90541,114.03079
2005-07-12,1371.41803,5000.60564,3630.534,98.734,116.43284,113.56931
2005-07-13,1367.30702,4985.7137,3619.72217,99.30905,117.11329,114.23302
2005-07-14,1374.90129,5013.40526,3639.82676,99.76988,117.65673,114.76309
2005-07-15,1365.40849,4978.86113,3614.73616,99.58292,117.4379,114.54931
2005-07-18,1363.90155,4973.36619,3610.74674,99.34102,117.15264,114.27106
2005-07-19,1361.3879,4964.21747,3604.10151,99.72028,117.6003,114.70761
2005-07-20,1360.30929,4960.57859,3601.45962,99.45051,117.28912,114.40408
2005-07-21,1373.78401,5009.83067,3637.20431,99.55719,117.41762,114.52901
2005-07-22,1373.85314,5010.08274,3637.38732,99.6033,117.47199,114.58204
2005-07-25,1374.33111,5011.82923,3638.65529,100.0426,117.99018,115.08749
2005-07-26,1370.41743,4997.55705,3628.2935,100.1145,118.07499,115.1702
2005-07-27,1376.37265,5019.3771,3644.13058,100.41592,118.4329,115.51917
2005-07-28,1387.90832,5061.48728,3674.69552,100.88043,118.98175,116.05427
2005-07-29,1394.83619,5086.79476,3693.06297,100.85814,118.95645,116.02941
2005-08-01,1403.40195,5118.7061,3716.14723,100.96217,119.09481,116.16174
2005-08-02,1414.09121,5158.53182,3744.90831,101.73116,120.02141,117.06077
2005-08-03,1424.99327,5202.02548,3776.31576,101.61654,119.97205,117.00745
2005-08-04,1420.29009,5184.85624,3763.85206,100.84719,119.06374,116.12157
2005-08-05,1411.3785,5152.32395,3740.23584,100.47436,118.62355,115.69227
2005-08-08,1423.18088,5195.40926,3771.51283,101.08514,119.34467,116.39556
2005-08-09,1429.77749,5219.49059,3788.99424,101.70996,120.08235,117.11502
2005-08-10,1445.91885,5283.9005,3835.67504,102.55502,121.20588,118.20843
2005-08-11,1448.32491,5292.72146,3842.07318,102.25088,120.84707,117.85834
2005-08-12,1443.94073,5277.69138,3830.98269,102.00696,120.58144,117.59375
2005-08-15,1435.74069,5248.01935,3809.38992,101.97311,120.54831,117.55976
2005-08-16,1427.8856,5219.3069,3788.54835,101.74019,120.27296,117.29124
2005-08-17,1421.67185,5199.83363,3774.41325,101.47856,120.03846,117.06255
2005-08-18,1401.72526,5126.878,3721.45681,101.12317,119.61807,116.65258
2005-08-19,1411.66191,5163.2218,3747.83776,102.09999,120.77355,117.77942
2005-08-22,1422.6399,5203.37432,3776.98334,102.14536,120.82722,117.83176
2005-08-23,1410.85699,5160.27775,3745.70075,101.54008,120.11123,117.13352
2005-08-24,1409.58644,5156.44962,3742.92202,101.03468,119.53238,116.56902
2005-08-25,1403.95986,5135.86685,3727.98157,100.34476,118.71615,115.77303
2005-08-26,1399.55041,5120.37258,3716.61833,99.6808,117.94529,115.01767
2005-08-29,1396.47918,5109.13624,3708.46244,99.96466,118.28115,115.3452
2005-08-30,1387.47182,5076.18204,3684.54267,99.95532,118.2701,115.33443
2005-08-31,1411.39306,5163.78093,3748.12625,100.79401,119.26434,116.30398
2005-09-01,1440.90256,5271.74561,3826.49233,101.51471,120.1171,117.13558
2005-09-02,1449.08481,5301.76416,3848.26628,101.43212,120.02125,117.04165
2005-09-05,1453.44519,5317.71746,3859.84592,101.98931,120.68055,117.68458
2005-09-06,1461.29616,5346.44178,3880.69537,102.82776,121.67266,118.65206
2005-09-07,1462.41339,5351.4135,3884.29501,103.18746,122.11846,119.08651
2005-09-08,1456.80472,5330.92805,3869.41879,103.08156,121.99401,118.96494
2005-09-09,1463.37799,5354.98183,3886.87807,103.41337,122.3867,119.34788
2005-09-12,1449.90354,5305.67437,3851.08858,103.66222,122.68121,119.63508
2005-09-13,1439.06294,5266.00504,3822.29485,102.94583,121.83337,118.80829
2005-09-14,1447.17181,5296.82331,3844.66261,103.29874,122.27747,119.24132
2005-09-15,1437.92905,5262.99372,3820.10764,103.36988,122.36168,119.32344
2005-09-16,1446.26315,5293.49753,3842.24861,103.97751,123.08095,120.02485
2005-09-19,1441.82849,5277.52265,3830.58819,104.24749,123.40653,120.34029
2005-09-20,1446.1426,5293.31357,3842.04973,104.34466,123.52156,120.45247
2005-09-21,1437.88239,5263.57242,3820.45975,103.29044,122.28505,119.2466
2005-09-22,1423.56522,5211.1819,3782.42888,102.94396,121.87532,118.84691
2005-09-23,1421.05194,5202.00977,3775.76842,103.41358,122.43196,119.38962
2005-09-26,1433.57974,5247.86998,3809.05508,104.65042,123.89627,120.81754
2005-09-27,1425.86001,5219.61058,3788.5436,104.32099,123.50626,120.43722
2005-09-28,1438.40826,5266.00969,3822.22141,105.20401,124.56265,121.46736
2005-09-29,1434.18205,5250.55473,3811.00026,104.86871,124.16605,121.08051
2005-09-30,1444.7456,5289.22801,3839.07041,105.24683,124.61375,121.51708
2005-10-03,1438.36325,5265.86872,3822.11486,106.07522,125.59473,122.47367
2005-10-04,1445.16159,5290.794,3840.19971,106.3266,125.89324,122.76454
2005-10-05,1432.06332,5243.27961,3805.70228,105.21307,124.58522,121.48871
2005-10-06,1433.40438,5248.18967,3809.26613,103.75798,122.86222,119.80853
2005-10-07,1424.91581,5217.16363,3786.73695,103.29677,122.31735,119.27689
2005-10-10,1420.24534,5200.44481,3774.55969,103.56512,122.6441,119.59418
2005-10-11,1417.40873,5190.05815,3767.02089,103.78047,122.89913,119.84287
2005-10-12,1410.90334,5166.62947,3750.01601,103.02074,122.00869,118.97457
2005-10-13,1385.48126,5073.60783,3682.49167,101.97411,120.77087,117.76728
2005-10-14,1403.93269,5141.24847,3731.57386,102.15084,120.98187,117.97264
2005-10-17,1398.86064,5122.71541,3718.11493,102.13293,120.96162,117.95266
2005-10-18,1384.20466,5069.05617,3679.16726,101.91858,120.70804,117.70535
2005-10-19,1367.23442,5007.36185,3634.38561,100.19867,118.68176,115.72937
2005-10-20,1372.55802,5026.93607,3648.57876,100.6224,119.18548,116.22011
2005-10-21,1370.06699,5017.81277,3641.95702,100.14721,118.62263,115.67126
2005-10-24,1381.86685,5062.1359,3673.91013,101.31329,120.03006,117.03678
2005-10-25,1391.5672,5097.67079,3699.70003,101.01262,119.67386,116.68945
2005-10-26,1394.60037,5108.88847,3707.84141,101.40881,120.14573,117.14956
2005-10-27,1384.14148,5070.57405,3680.03422,100.09306,118.58689,115.62959
2005-10-28,1381.07743,5059.40098,3671.91961,100.2429,118.76561,115.80368
2005-10-31,1398.47651,5123.14031,3718.17918,102.54817,121.49685,118.4668
2005-11-01,1400.26839,5130.22735,3723.26577,102.56824,121.53301,118.50025
2005-11-02,1414.60334,5185.23814,3763.02539,102.97416,122.07263,119.0212
2005-11-03,1428.62646,5236.63997,3800.32867,104.51904,123.90404,120.80683
2005-11-04,1404.30469,5147.84018,3735.82115,104.40509,123.77741,120.68131
2005-11-07,1407.76704,5160.53233,3745.03192,104.8311,124.28248,121.17374
2005-11-08,1404.22836,5147.5604,3735.61811,104.88774,124.34962,121.2392
2005-11-09,1399.7625,5132.8828,3724.96648,104.77693,124.25924,121.15108
2005-11-10,1401.69227,5139.95919,3730.10186,104.80526,124.29284,121.18384
2005-11-11,1410.91556,5174.89585,3755.33423,105.8644,125.57598,122.43093
2005-11-14,1410.75013,5174.28906,3754.8939,105.88817,125.60418,122.45842
2005-11-15,1402.95041,5145.69851,3734.14438,105.55532,125.20976,122.07382
2005-11-16,1390.76397,5101.67794,3702.19774,104.73713,124.2557,121.1436
2005-11-17,1404.74861,5153.04775,3739.4631,105.21293,124.82187,121.69517
2005-11-18,1411.0318,5176.11333,3756.19949,105.86408,125.59479,122.44868
2005-11-21,1418.94095,5206.23076,3777.84089,106.15822,125.97047,122.80798
2005-11-22,1417.5634,5201.17639,3774.17325,106.25428,126.08446,122.9191
2005-11-23,1432.08302,5257.81433,3815.26651,106.66895,126.65756,123.47764
2005-11-24,1428.04781,5244.60159,3805.38818,106.40449,126.38215,123.19973
2005-11-25,1425.52555,5235.40073,3798.7009,106.71448,126.75185,123.55976
2005-11-28,1423.06502,5226.39515,3792.16101,105.97927,125.87934,122.70904
2005-11-29,1422.61032,5224.72519,3790.94932,106.22463,126.17077,122.99313
2005-11-30,1418.66686,5210.8448,3780.87641,105.68758,125.54739,122.3854
2005-12-01,1432.25954,5260.77148,3817.10213,107.39708,127.57813,124.36499
2005-12-02,1440.64185,5291.617,3839.47267,108.21502,128.55115,125.31317
2005-12-05,1443.34899,5301.56059,3846.6875,107.79149,128.04802,124.82272
2005-12-06,1453.13569,5337.58006,3872.82238,108.37033,128.73738,125.49471
2005-12-07,1445.29393,5309.16701,3852.19459,108.28663,128.64742,125.40663
2005-12-08,1458.92722,5359.24778,3888.5319,108.35601,128.72985,125.48698
2005-12-09,1459.16155,5360.10859,3889.15648,108.30015,128.66348,125.42229
2005-12-12,1473.54575,5412.94775,3927.49521,108.26983,128.62746,125.38717
2005-12-13,1473.01799,5411.00905,3926.08855,108.42152,128.80768,125.56285
2005-12-14,1480.56036,5439.17283,3946.49893,108.09345,128.42872,125.19266
2005-12-15,1467.21158,5390.14498,3910.92339,107.84953,128.13919,124.91035
2005-12-16,1484.11355,5452.23831,3955.97641,108.57398,128.99994,125.74941
2005-12-19,1480.94517,5440.61912,3947.54184,108.44155,128.84308,125.59637
2005-12-20,1473.06336,5411.77288,3926.59205,108.82615,129.30265,126.04373
2005-12-21,1471.26521,5405.34142,3921.92561,109.38799,129.97441,126.69855
2005-12-22,1474.74241,5418.11644,3931.19471,109.16138,129.70515,126.43608
2005-12-23,1475.58243,5421.22659,3933.44698,109.19595,129.7468,126.47654
2005-12-26,1475.58243,5421.22659,3933.44698,109.19595,129.7468,126.47654
2005-12-27,1478.98198,5433.72296,3942.51318,109.50288,130.11165,126.83217
2005-12-28,1483.41017,5450.57836,3954.74286,109.34222,129.93473,126.65971
2005-12-29,1482.95146,5448.8929,3953.51994,109.96828,130.6787,127.38493
2005-12-30,1468.09092,5394.28996,3913.90202,109.31393,129.90111,126.62694
2006-01-02,1473.25968,5413.89716,3928.06133,109.69879,130.37328,127.08504
2006-01-03,1505.53797,5532.51262,4014.12295,110.39882,131.20524,127.89601
2006-01-04,1534.09375,5637.70948,4090.44737,111.45983,132.47234,129.13112
2006-01-05,1529.64888,5621.37483,4078.59574,111.10013,132.04482,128.71438
2006-01-06,1546.87439,5684.7052,4124.54017,111.85175,132.93879,129.58564
2006-01-09,1540.35368,5660.77545,4107.17428,112.03513,133.15753,129.79875
2006-01-10,1530.25873,5624.10388,4080.52073,111.35622,132.36068,129.02053
2006-01-11,1542.3713,5668.67774,4112.85985,111.96861,133.08992,129.73134
2006-01-12,1540.05678,5660.56486,4106.92665,112.35781,133.56182,130.18984
2006-01-13,1535.83083,5645.04268,4095.66365,111.70617,132.78745,129.43498
2006-01-16,1544.41197,5676.6969,4118.61442,111.91325,133.03628,129.67705
2006-01-17,1525.92364,5608.74051,4069.31002,111.07757,132.04287,128.70872
2006-01-18,1517.11204,5576.79734,4046.13429,110.11671,130.9111,127.60553
2006-01-19,1527.22452,5613.9701,4073.10425,110.71346,131.62055,128.29706
2006-01-20,1514.89719,5568.65571,4040.22729,110.01505,130.79024,127.48772
2006-01-23,1534.98715,5642.505,4093.80717,109.76323,130.49087,127.1959
2006-01-24,1530.57683,5626.29295,4082.04484,109.51027,130.19014,126.90277
2006-01-25,1545.93614,5682.82705,4123.06112,110.71743,131.62699,128.30331
2006-01-26,1558.85783,5730.3269,4157.52369,111.77502,132.88431,129.52888
2006-01-27,1562.50698,5744.78736,4167.85501,113.07521,134.45453,131.05441
2006-01-30,1555.59,5719.67121,4149.58495,113.06841,134.45385,131.05223
2006-01-31,1563.08865,5747.29405,4169.61955,113.05675,134.44119,131.03972
2006-02-01,1573.75081,5787.06599,4198.41588,114.23717,135.85823,132.41907
2006-02-02,1557.79591,5728.39596,4155.85179,113.19128,134.61439,131.20672
2006-02-03,1546.99476,5688.67748,4127.03672,113.22137,134.65017,131.2416
2006-02-06,1545.91039,5684.68998,4124.14386,113.34507,134.79729,131.38499
2006-02-07,1536.98763,5651.87883,4100.33994,112.94071,134.31639,130.91627
2006-02-08,1534.21689,5644.61212,4094.90458,112.75598,134.16615,130.76461
2006-02-09,1552.24111,5710.9259,4143.01215,114.07111,135.731,132.28978
2006-02-10,1541.09112,5669.90344,4113.25225,113.63203,135.20855,131.78058
2006-02-13,1547.9682,5695.21243,4131.61166,114.18704,135.86911,132.42436
2006-02-14,1540.94982,5669.39072,4112.87921,113.98524,135.629,132.19034
2006-02-15,1545.97559,5689.1834,4127.23787,114.11673,135.81654,132.37312
2006-02-16,1552.51923,5713.26395,4144.7072,114.73475,136.55208,133.09001
2006-02-17,1561.36931,5745.83221,4168.33395,115.03067,136.90426,133.43327
2006-02-20,1568.58074,5772.37026,4187.58607,115.32012,137.24876,133.76903
2006-02-21,1567.43832,5768.16613,4184.53617,115.69128,137.6905,134.19957
2006-02-22,1572.88083,5791.18483,4201.23039,116.30802,138.49603,134.98452
2006-02-23,1575.40203,5800.46764,4207.96463,116.0645,138.20604,134.70189
2006-02-24,1573.3045,5792.74476,4202.36205,116.42757,138.63839,135.12327
2006-02-27,1575.98774,5802.62417,4209.52909,116.73433,139.00366,135.47928
2006-02-28,1562.33109,5752.41391,4173.08928,115.09187,137.04959,133.57428
2006-03-01,1577.41883,5810.59389,4215.24022,116.11568,138.33128,134.8217
2006-03-02,1569.57667,5782.86633,4194.83686,115.03705,137.07379,133.58691
2006-03-03,1573.1196,5797.56027,4205.0792,115.02795,137.10174,133.60092
2006-03-06,1581.46861,5828.32963,4227.39679,115.6577,137.85233,134.33235
2006-03-07,1557.28611,5739.27551,4162.79187,115.07735,137.16223,133.65948
2006-03-08,1549.60984,5718.37182,4147.59808,114.18347,136.27283,132.79176
2006-03-09,1562.17345,5764.93259,4181.3288,115.08991,137.35936,133.84925
2006-03-10,1568.95013,5789.96804,4199.48118,115.98319,138.42614,134.88857
2006-03-13,1586.61281,5855.16768,4246.7667,116.84142,139.45088,135.887
2006-03-14,1601.39089,5909.76961,4286.3563,117.02698,139.67389,136.10388
2006-03-15,1606.36659,5930.67255,4301.37975,117.23452,139.98156,136.39933
2006-03-16,1623.06719,5992.50584,4346.19208,117.28387,140.04458,136.45967
2006-03-17,1626.15708,6004.44108,4354.74132,117.34303,140.12751,136.53713
2006-03-20,1629.81904,6017.96257,4364.54783,117.58795,140.42,136.82212
2006-03-21,1620.45863,5983.5368,4339.56269,117.70548,140.56355,136.96143
2006-03-22,1624.9353,6003.79255,4354.1587,118.06971,141.08607,137.46758
2006-03-23,1609.2885,5946.45496,4312.47923,117.9476,140.9514,137.3333
2006-03-24,1621.58755,5992.19887,4345.59066,118.55224,141.68099,138.04217
2006-03-27,1611.23116,5953.96626,4317.85735,117.62864,140.57809,136.96737
2006-03-28,1609.05409,5946.13726,4312.13531,116.94478,139.76588,136.17463
2006-03-29,1601.72961,5919.93719,4293.12218,117.23707,140.13573,136.53456
2006-03-30,1633.15973,6036.13385,4377.38767,118.13952,141.2152,137.5863
2006-03-31,1616.90699,5978.67027,4335.19623,117.35044,140.33317,136.71056
2006-04-03,1631.60026,6033.1864,4374.69571,118.28976,141.46082,137.80814
2006-04-04,1642.99903,6075.54388,4405.37177,117.68811,140.74614,137.11074
2006-04-05,1649.94071,6102.64414,4424.9192,118.10829,141.28177,137.62933
2006-04-06,1648.55486,6099.08293,4422.00007,118.39022,141.65536,137.98275
2006-04-07,1626.77053,6018.85614,4363.75427,117.94935,141.13647,137.47482
2006-04-10,1633.62571,6044.85566,4382.53274,118.53445,141.85153,138.16907
2006-04-11,1618.35276,5989.13823,4341.96929,117.20356,140.27749,136.6306
2006-04-12,1612.66989,5970.75912,4328.04931,116.95594,140.04332,136.38375
2006-04-13,1615.63035,5983.70416,4337.11069,117.38389,140.60237,136.91802
2006-04-14,1615.63035,5983.70416,4337.11069,117.38389,140.60237,136.91802
2006-04-17,1639.61175,6072.52251,4401.48804,117.26377,140.4585,136.77792
2006-04-18,1640.06822,6075.47005,4403.44394,117.27732,140.50379,136.81642
2006-04-19,1665.6286,6171.98723,4473.38741,118.61738,142.15143,138.42046
2006-04-20,1666.51922,6178.44282,4477.40839,118.93637,142.60653,138.84322
2006-04-21,1682.19657,6236.87576,4519.69147,119.74387,143.58189,139.79091
2006-04-24,1676.84218,6221.84128,4507.98195,119.09247,142.91146,139.11305
2006-04-25,1680.75323,6236.76944,4518.71993,119.00456,142.8155,139.01724
2006-04-26,1689.4587,6271.85006,4543.71781,119.2652,143.1917,139.37058
2006-04-27,1693.3094,6287.63401,4554.8834,118.60281,142.43016,138.62117
2006-04-28,1693.59229,6290.60421,4556.6364,118.08585,141.85263,138.04701
2006-05-01,1701.12843,6318.60325,4576.91623,118.40452,142.23559,138.41965
2006-05-02,1717.44464,6382.79967,4622.84579,119.30381,143.39659,139.53225
2006-05-03,1699.23554,6317.01472,4575.05849,118.3478,142.29004,138.45124
2006-05-04,1716.93215,6389.4662,4626.27255,118.85459,143.04855,139.15143
2006-05-05,1739.51124,6480.33073,4691.03647,119.93553,144.50198,140.53452
2006-05-08,1737.33213,6474.62691,4686.48371,119.98308,144.6132,140.62997
2006-05-09,1750.99485,6526.38522,4723.78948,120.50971,145.26665,141.26069
2006-05-10,1745.84624,6515.10981,4714.83489,119.82672,144.61904,140.60728
2006-05-11,1742.86943,6505.51353,4707.63413,119.39848,144.1357,140.12972
2006-05-12,1715.07028,6404.67828,4634.22789,116.92858,141.21866,137.28078
2006-05-15,1684.54738,6291.20989,4552.03781,115.30409,139.26811,135.38201
2006-05-16,1689.77331,6312.25499,4566.98962,115.50876,139.5491,135.64697
2006-05-17,1634.38078,6107.8257,4419.013,112.26399,135.68439,131.88825
2006-05-18,1631.01783,6098.28888,4411.57776,111.8231,135.21873,131.41967
2006-05-19,1618.35725,6051.14737,4377.44393,111.87203,135.28228,131.4805
2006-05-22,1586.93724,5938.84781,4295.20358,108.76696,131.6423,127.91297
2006-05-23,1631.45201,6105.52965,4415.73754,111.51338,134.96838,131.14433
2006-05-24,1596.92953,5977.58515,4323.04199,109.90638,133.05126,129.27669
2006-05-25,1619.15919,6061.04992,4383.37095,111.27935,134.71902,130.89615
2006-05-26,1642.32164,6147.95366,4446.18403,113.39475,137.28445,133.38769
2006-05-29,1645.46028,6161.69819,4455.76331,113.29971,137.21382,133.30828
2006-05-30,1626.37598,6090.71305,4404.34761,110.83004,134.23343,130.41025
2006-05-31,1635.37124,6127.93993,4430.80469,111.82478,135.51652,131.64304
2006-06-01,1638.70676,6140.75245,4440.02357,112.28452,136.08061,132.18967
2006-06-02,1657.40877,6213.13757,4491.98251,112.57792,136.48678,132.57305
2006-06-05,1648.64121,6180.52017,4468.40074,111.88721,135.65486,131.76498
2006-06-06,1600.07036,6000.15102,4337.68079,109.66709,133.00117,129.17796
2006-06-07,1603.54108,6019.23992,4351.19396,110.24048,133.8316,129.97596
2006-06-08,1543.53554,5794.58519,4188.71138,107.27397,130.24352,126.48871
2006-06-09,1570.60553,5896.39796,4262.27538,109.08625,132.44809,128.62874
2006-06-12,1551.07515,5823.0842,4209.27973,108.25196,131.43531,127.64515
2006-06-13,1514.0765,5684.19919,4108.88225,105.85482,128.52516,124.81884
2006-06-14,1523.00656,5717.97861,4133.2989,106.01501,128.72537,125.01324
2006-06-15,1560.44334,5858.53133,4234.89886,108.57792,131.8373,128.03543
2006-06-16,1551.94622,5826.70815,4211.88097,107.84144,130.94481,127.16825
2006-06-19,1552.41859,5828.76871,4213.31445,108.61327,131.8885,128.08302
2006-06-20,1562.69229,5871.12394,4243.20586,109.15815,132.63557,128.78653
2006-06-21,1571.45789,5904.38812,4267.2467,109.17999,132.66954,128.81951
2006-06-22,1569.52315,5897.57961,4262.2487,109.62659,133.22263,129.35421
2006-06-23,1564.96799,5880.46333,4249.87857,109.81495,133.45154,129.57647
2006-06-26,1564.21592,5877.65666,4247.85016,109.4561,133.01589,129.15347
2006-06-27,1559.47817,5859.85421,4234.98412,108.74337,132.14975,128.31248
2006-06-28,1553.97119,5840.33916,4220.82464,108.94754,132.42458,128.57763
2006-06-29,1583.0219,5949.57795,4299.76559,110.8869,134.78312,130.86747
2006-06-30,1636.56839,6150.84276,4445.21881,112.41425,136.64001,132.67038
2006-07-03,1646.50567,6192.20412,4474.67383,112.95549,137.38693,133.38258
2006-07-04,1649.08877,6202.52773,4482.0011,113.16806,137.65899,133.64275
2006-07-05,1619.44622,6092.66779,4402.50463,111.84168,136.082,132.10845
2006-07-06,1638.67082,6163.76584,4454.01258,112.85876,137.29216,133.28725
2006-07-07,1644.89105,6187.16288,4470.91957,112.66871,137.06096,133.0628
2006-07-10,1639.56002,6167.78028,4456.82866,113.04411,137.53256,133.5181
2006-07-11,1626.38014,6118.27978,4421.04517,112.02985,136.30037,132.32145
2006-07-12,1622.32542,6103.23002,4410.1578,112.30545,136.64024,132.65102
2006-07-13,1599.41471,6017.03936,4347.87694,110.66712,134.64691,130.71588
2006-07-14,1572.51364,5915.83683,4274.74859,109.31387,133.00043,129.11748
2006-07-17,1551.67508,5837.49475,4218.12947,108.86478,132.45524,128.58791
2006-07-18,1545.26166,5813.40383,4200.71491,108.64045,132.18314,128.32355
2006-07-19,1588.59103,5976.62998,4318.66071,111.0379,135.10503,131.16012
2006-07-20,1602.21414,6027.88311,4355.69577,111.27282,135.39088,131.43762
2006-07-21,1592.44739,5991.33931,4329.266,110.24583,134.14578,130.22818
2006-07-24,1614.35133,6073.75386,4388.81772,112.30223,136.64808,132.6574
2006-07-25,1615.93323,6079.70553,4393.11832,112.39892,136.76573,132.77161
2006-07-26,1620.62668,6097.63912,4406.0769,112.82814,137.2942,133.28464
2006-07-27,1652.61621,6218.00033,4493.04839,113.98904,138.70684,134.65603
2006-07-28,1666.76441,6271.32234,4531.56316,114.67673,139.54563,135.46987
2006-07-31,1659.88455,6245.63451,4512.98813,114.23917,139.0176,134.95686
2006-08-01,1644.63009,6190.03226,4472.53389,113.35808,137.98542,133.94654
2006-08-02,1669.97917,6289.17025,4543.92242,114.4943,139.45118,135.36218
2006-08-03,1653.68954,6227.89467,4499.63996,113.54145,138.29222,134.23687
2006-08-04,1685.77454,6348.7287,4586.94228,114.82432,139.85474,135.75358
2006-08-07,1662.78529,6262.14979,4524.38921,113.56669,138.32297,134.26672
2006-08-08,1661.00958,6255.47452,4519.56634,113.63983,138.41232,134.35345
2006-08-09,1678.11871,6324.94127,4569.72254,114.39157,139.43887,135.34891
2006-08-10,1650.43955,6220.61666,4494.34879,113.47354,138.31983,134.2627
2006-08-11,1651.12173,6225.03639,4497.20812,113.60048,138.5157,134.44284
2006-08-14,1662.74127,6269.20143,4529.05015,114.58843,139.72829,135.61784
2006-08-15,1682.70495,6344.47252,4583.42813,115.58333,140.94146,136.79532
2006-08-16,1697.50132,6405.71344,4627.67032,116.00091,141.57117,137.40651
2006-08-17,1700.71238,6417.83074,4636.42421,116.1345,141.73421,137.56475
2006-08-18,1691.26561,6382.18229,4610.67075,115.86326,141.40318,137.24346
2006-08-21,1703.32623,6427.69441,4643.55,115.79532,141.32027,137.16299
2006-08-22,1694.41358,6394.06149,4619.25262,116.14233,141.74377,137.57403
2006-08-23,1684.13822,6357.34887,4592.73038,115.60041,141.12817,136.97654
2006-08-24,1688.70205,6374.57657,4605.17616,115.92273,141.52167,137.35847
2006-08-25,1683.88715,6356.44699,4592.06955,116.0275,141.6506,137.48332
2006-08-28,1696.72884,6404.92265,4627.08968,116.51017,142.23985,138.05524
2006-08-29,1695.62052,6400.80276,4624.10182,116.75354,142.5384,138.34466
2006-08-30,1715.33213,6475.38928,4677.98501,117.41124,143.34528,139.1278
2006-08-31,1707.05899,6444.1581,4655.42282,117.12794,142.99939,138.79209
2006-09-01,1715.78789,6477.10977,4679.22793,117.69928,143.69693,139.4691
2006-09-04,1731.04836,6534.71813,4720.84567,118.18305,144.28756,140.04235
2006-09-05,1717.79003,6484.73874,4684.7265,117.80901,143.83248,139.60028
2006-09-06,1696.56178,6405.43212,4627.42256,116.51691,142.27342,138.08677
2006-09-07,1673.20895,6317.30333,4563.74907,115.42756,140.94416,136.79641
2006-09-08,1671.67092,6311.49638,4559.55401,115.89494,141.51487,137.35032
2006-09-11,1665.50678,6288.44796,4542.86278,115.24926,140.73147,136.58876
2006-09-12,1686.31276,6367.00506,4599.61353,116.71657,142.52322,138.32776
2006-09-13,1689.42595,6379.8374,4608.88122,117.04273,142.94564,138.73767
2006-09-14,1698.51872,6414.17473,4633.68697,117.00814,142.9034,138.69668
2006-09-15,1690.18644,6382.70927,4610.9559,117.34533,143.31522,139.09637
2006-09-18,1695.17901,6402.15675,4624.85486,117.36723,143.35526,139.13072
2006-09-19,1688.55507,6377.14023,4606.78318,116.73837,142.58716,138.38525
2006-09-20,1705.83483,6443.13034,4654.45379,117.94694,144.07965,139.83376
2006-09-21,1715.37288,6479.16629,4680.4837,118.43394,144.67477,140.41128
2006-09-22,1706.30668,6444.9222,4655.74612,117.05803,142.994,138.78004
2006-09-25,1696.42769,6407.60809,4628.79078,116.95583,142.86916,138.65888
2006-09-26,1710.88652,6462.3647,4668.3464,118.55756,144.82901,140.56097
2006-09-27,1725.69275,6518.71084,4709.04676,119.26364,145.70094,141.4071
2006-09-28,1724.41343,6513.8783,4705.55578,119.36308,145.82242,141.525
2006-09-29,1720.64308,6499.6599,4695.27973,119.29954,145.74533,141.45004
2006-10-02,1730.23163,6535.90331,4721.46087,119.23955,145.67256,141.37939
2006-10-03,1725.0254,6516.28274,4707.27892,118.93209,145.29796,141.01558
2006-10-04,1730.2504,6536.58692,4721.93323,119.77655,146.34231,142.02876
2006-10-05,1740.23418,6574.31896,4749.18866,120.45818,147.17547,142.83731
2006-10-06,1728.88767,6531.52932,4718.26441,120.6426,147.40249,143.05723
2006-10-09,1732.97842,6546.9837,4729.42839,120.77453,147.56368,143.21367
2006-10-10,1735.86211,6558.33577,4737.57932,121.59299,148.57406,144.19275
2006-10-11,1739.0141,6570.72946,4746.53222,121.7167,148.73621,144.35011
2006-10-12,1751.48841,6617.86265,4780.58007,122.71204,149.9525,145.53053
2006-10-13,1750.35219,6613.76753,4777.61105,123.03976,150.35746,145.92323
2006-10-16,1757.07105,6639.20178,4795.97563,123.29496,150.67038,146.22666
2006-10-17,1742.30614,6583.41167,4755.67439,122.03465,149.13024,144.73195
2006-10-18,1754.56413,6630.26387,4789.5126,123.14856,150.50362,146.06462
2006-10-19,1765.59473,6672.03085,4819.66873,123.10623,150.45377,146.01579
2006-10-20,1771.91537,6695.99231,4836.96397,123.47832,150.91024,146.45837
2006-10-23,1770.13544,6690.8653,4832.94846,123.8752,151.43149,146.95476
2006-10-24,1770.5047,6692.28678,4833.96966,123.94054,151.51195,147.03267
2006-10-25,1782.07839,6736.17958,4865.67429,124.3444,152.00893,147.51496
2006-10-26,1791.25483,6770.86612,4890.72906,124.17575,151.80277,147.31489
2006-10-27,1794.3563,6782.58955,4899.19711,123.86283,151.42022,146.94365
2006-10-30,1787.59772,6757.10166,4880.7803,123.46421,150.93425,146.47185
2006-10-31,1793.40981,6779.07132,4896.64939,123.40952,150.86738,146.40696
2006-11-01,1800.34899,6809.12011,4918.1014,123.79973,151.42934,146.94475
2006-11-02,1792.67077,6780.08023,4897.12643,123.32001,150.84256,146.37535
2006-11-03,1789.70045,6769.7178,4889.48444,123.73594,151.3708,146.88322
2006-11-06,1810.68355,6849.08846,4946.81056,125.09803,153.03711,148.50013
2006-11-07,1831.53728,6927.96973,5003.78321,125.66887,153.73543,149.17775
2006-11-08,1823.89923,6901.45911,4984.63569,125.56661,153.66334,149.1078
2006-11-09,1825.67914,6908.2779,4989.54851,125.33546,153.38234,148.83477
2006-11-10,1832.7889,6936.58677,5009.84247,125.17778,153.22043,148.67313
2006-11-13,1829.38849,6923.71719,5000.54761,125.39409,153.48519,148.93004
2006-11-14,1824.41188,6904.88209,4986.94426,125.07249,153.09155,148.54808
2006-11-15,1834.51809,6943.71471,5014.96826,125.8046,154.00061,149.4295
2006-11-16,1838.1926,6957.63902,5025.02191,126.06643,154.32148,149.74075
2006-11-17,1826.79145,6916.52344,4994.96057,125.07942,153.15838,148.60128
2006-11-20,1831.1147,6934.2563,5007.50082,125.48303,153.68284,149.10222
2006-11-21,1835.0204,6949.04683,5018.18165,125.65264,153.89057,149.30375
2006-11-22,1847.87018,7001.81868,5056.2479,125.47601,153.76452,149.18021
2006-11-23,1845.5559,6993.04957,5049.91543,125.16404,153.38221,148.8093
2006-11-24,1852.01958,7017.54129,5067.60172,124.24013,152.25001,147.71085
2006-11-27,1828.58085,6928.83184,5003.52085,122.37801,149.97031,145.49851
2006-11-28,1826.81948,6922.15767,4998.70123,122.00911,149.51823,145.05992
2006-11-29,1851.10364,7014.9597,5065.70355,123.6122,151.49971,146.98194
2006-11-30,1852.94448,7021.93576,5070.74117,122.77366,150.47199,145.98487
2006-12-01,1849.67919,7009.80766,5061.96861,121.82208,149.31097,144.85806
2006-12-04,1860.28478,7050.00979,5090.99964,122.62172,150.29126,145.80911
2006-12-05,1870.41817,7088.52014,5118.7896,123.44717,151.30526,146.79231
2006-12-06,1872.42902,7096.54147,5124.57269,123.49636,151.3741,146.85883
2006-12-07,1880.29218,7126.34297,5146.09302,124.20152,152.23844,147.69738
2006-12-08,1884.75636,7143.32625,5158.34549,124.30008,152.36061,147.81559
2006-12-11,1880.87459,7128.74721,5147.81766,125.00147,153.22321,148.65245
2006-12-12,1891.23761,7168.02433,5176.18049,125.45287,153.77652,149.18925
2006-12-13,1900.32852,7202.78204,5201.27789,126.23705,154.74423,150.12805
2006-12-14,1904.479,7218.52897,5212.64595,127.00266,155.68307,151.03878
2006-12-15,1902.78637,7212.11341,5208.01315,127.675,156.50724,151.83837
2006-12-18,1898.38625,7195.43569,5195.96983,127.60398,156.42017,151.7539
2006-12-19,1900.69456,7204.18487,5202.28779,126.7551,155.3796,150.74437
2006-12-20,1908.06518,7232.27734,5222.58312,127.11152,155.81986,151.17176
2006-12-21,1903.21495,7214.14628,5209.44459,126.97621,155.65946,151.01482
2006-12-22,1893.69653,7178.06666,5183.39095,126.42761,154.98692,150.36235
2006-12-25,1893.69653,7178.06666,5183.39095,126.42761,154.98692,150.36235
2006-12-26,1890.53835,7166.09558,5174.74645,126.41375,154.96994,150.34587
2006-12-27,1908.57651,7235.40424,5224.77505,127.71227,156.58201,151.90926
2006-12-28,1911.5989,7246.86211,5233.04892,127.73933,156.6152,151.94145
2006-12-29,1911.78761,7247.57748,5233.5655,127.33535,156.1199,151.46094
2007-01-01,1911.78761,7247.57748,5233.5655,127.33535,156.1199,151.46094
2007-01-02,1949.50182,7391.37742,5337.29792,128.95739,158.12626,153.40434
2007-01-03,1937.88207,7347.42663,5305.55424,128.98535,158.1628,153.43959
2007-01-04,1916.67735,7267.04902,5247.51128,128.60707,157.69937,152.98993
2007-01-05,1886.17415,7151.39669,5163.99913,127.49541,156.33624,151.6675
2007-01-08,1886.32679,7152.02418,5164.4459,127.3587,156.16967,151.50572
2007-01-09,1889.46052,7163.97641,5173.06736,127.63896,156.51488,151.84035
2007-01-10,1869.42187,7088.55328,5118.54002,126.82178,155.52498,150.87811
2007-01-11,1893.24454,7179.22153,5183.9665,128.99588,158.19856,153.47051
2007-01-12,1908.43948,7236.93429,5225.62757,129.60889,158.95239,154.20146
2007-01-15,1920.80475,7284.00998,5259.59327,130.42849,159.96163,155.17974
2007-01-16,1909.42571,7240.86986,5228.44147,129.69593,159.06343,154.30836
2007-01-17,1910.83497,7246.75511,5232.69105,129.61123,158.97142,154.21909
2007-01-18,1910.15594,7244.25189,5230.87055,129.55516,158.90424,154.15353
2007-01-19,1922.74683,7292.00275,5265.3501,130.4595,160.01345,155.22958
2007-01-22,1917.03171,7270.71106,5249.91764,129.95126,159.39846,154.63126
2007-01-23,1927.74921,7311.35923,5279.26821,129.91572,159.35486,154.58897
2007-01-24,1934.71434,7337.8894,5298.42357,131.069,160.77197,155.96366
2007-01-25,1930.58168,7322.21523,5287.10582,130.66808,160.28019,155.48659
2007-01-26,1907.26248,7235.07076,5223.98399,129.81001,159.25627,154.48744
2007-01-29,1916.56827,7270.44687,5249.51537,130.13076,159.65143,154.87043
2007-01-30,1926.33358,7307.53808,5276.28939,130.58181,160.20583,155.40802
2007-01-31,1922.01868,7291.18996,5264.48549,129.90831,159.37998,154.6069
2007-02-01,1947.73104,7389.40868,5335.31452,131.36314,161.17967,156.3501
2007-02-02,1950.306,7399.17771,5342.36797,132.02343,161.98983,157.13599
2007-02-05,1944.41517,7376.82874,5326.23152,132.12364,162.11279,157.25527
2007-02-06,1954.72569,7415.94538,5354.47459,132.5576,162.64525,157.77177
2007-02-07,1969.91512,7477.18865,5398.58483,132.92057,163.16952,158.27715
2007-02-08,1956.23193,7425.25148,5361.08582,131.77457,161.76273,156.91254
2007-02-09,1959.58512,7437.97914,5370.27528,132.41683,162.55116,157.67732
2007-02-12,1943.26398,7376.12565,5325.59919,131.66851,161.63465,156.78778
2007-02-13,1954.13985,7417.40766,5355.405,131.88652,161.90228,157.04739
2007-02-14,1986.39115,7541.17041,5444.76232,132.91923,163.19913,158.30535
2007-02-15,1987.1297,7543.97422,5446.78669,132.79665,163.04863,158.15936
2007-02-16,1981.49023,7522.56444,5431.32872,132.6216,162.83369,157.95087
2007-02-19,1991.22612,7559.52596,5458.01512,133.09066,163.40961,158.50952
2007-02-20,1987.0945,7543.84058,5446.6902,132.68325,162.90939,158.02429
2007-02-21,1969.82277,7480.14374,5400.70076,131.76036,161.8168,156.96447
2007-02-22,1973.45314,7493.9296,5410.65422,132.23483,162.3995,157.52969
2007-02-23,1986.96013,7545.22062,5447.68659,132.54328,162.77831,157.89715
2007-02-26,1996.24584,7580.48189,5473.1454,133.12225,163.48936,158.58687
2007-02-27,1947.81229,7396.6863,5340.41892,129.16666,158.63411,153.87649
2007-02-28,1912.93157,7265.3258,5245.5429,127.1897,156.22972,151.54324
2007-03-01,1889.21285,7175.24194,5180.50264,126.04204,154.82002,150.17583
2007-03-02,1884.68916,7158.06093,5168.098,125.67341,154.36722,149.73662
2007-03-05,1852.43636,7035.56459,5079.65601,124.20642,152.56529,147.98874
2007-03-06,1870.82188,7105.48124,5130.11968,125.35783,153.98151,149.36201
2007-03-07,1886.41567,7176.05464,5180.95833,126.03733,155.06135,150.40612
2007-03-08,1908.73808,7262.81679,5243.14459,127.72308,157.17525,152.44335
2007-03-09,1911.04097,7273.87258,5250.55529,127.9942,157.55856,152.79851
2007-03-12,1911.85099,7276.9557,5252.78081,127.34923,156.76462,152.02856
2007-03-13,1893.86775,7208.6505,5203.43934,126.01756,155.12844,150.44076
2007-03-14,1847.58423,7036.18184,5078.84142,122.6869,151.10786,146.53866
2007-03-15,1887.64934,7188.92229,5189.06176,125.14868,154.14335,149.48149
2007-03-16,1895.94135,7220.58593,5211.89996,125.1411,154.1358,149.47369
2007-03-19,1922.24386,7320.84727,5284.25158,126.95351,156.37007,151.63985
2007-03-20,1935.78923,7372.82113,5321.69881,127.92507,157.575,152.80638
2007-03-21,1945.7794,7414.70885,5351.86741,128.44995,158.30349,153.51093
2007-03-22,1981.75922,7551.94311,5450.89608,130.2963,160.58166,155.7194
2007-03-23,1982.92234,7556.57299,5454.19491,130.93145,161.36866,156.48134
2007-03-26,1971.1173,7511.58603,5421.72415,129.84935,160.035,155.18807
2007-03-27,1971.20565,7512.04498,5422.03168,129.70924,159.86492,155.02246
2007-03-28,1962.05743,7478.75878,5397.88349,128.9141,158.91843,154.10113
2007-03-29,1978.99599,7544.6178,5445.14938,130.35859,160.72669,155.84689
2007-03-30,1975.17455,7531.84386,5435.64986,130.32189,160.71975,155.83212
2007-04-02,1991.61724,7594.89623,5481.09116,130.7878,161.3018,156.39468
2007-04-03,2012.01033,7672.7966,5537.2816,132.14675,162.98064,158.02162
2007-04-04,2014.91911,7685.40837,5546.22591,132.31801,163.22412,158.2532
2007-04-05,2025.50893,7728.87507,5577.14488,132.39967,163.38985,158.40113
2007-04-06,2025.50893,7728.87507,5577.14488,132.39967,163.38985,158.40113
2007-04-09,2014.14188,7685.50103,5545.84623,132.34613,163.32378,158.33708
2007-04-10,2038.07966,7778.96631,5612.8806,133.16191,164.37538,159.34494
2007-04-11,2035.82341,7771.563,5607.53877,133.05408,164.26783,159.24067
2007-04-12,2037.20122,7777.94791,5611.9115,132.57196,163.69628,158.67999
2007-04-13,2053.87892,7842.47011,5658.29893,133.48913,164.84659,159.79035
2007-04-16,2082.49158,7953.0129,5737.7867,134.99912,166.73831,161.6165
2007-04-17,2087.28262,7971.83435,5751.2691,135.09034,166.86196,161.73364
2007-04-18,2078.70932,7941.15529,5729.09546,134.40672,166.06073,160.95589
2007-04-19,2074.32232,7930.44939,5720.16696,133.8865,165.54436,160.42161
2007-04-20,2098.0219,8022.09477,5786.10714,135.55565,167.62988,162.43802
2007-04-23,2091.82053,8001.94349,5771.00515,135.42895,167.54775,162.34247
2007-04-24,2081.61921,7963.62498,5743.2715,134.20953,166.05384,160.89222
2007-04-25,2100.18432,8043.09158,5799.18012,135.02983,167.24431,162.00653
2007-04-26,2094.93801,8026.8655,5786.9325,135.23701,167.58163,162.3179
2007-04-27,2090.03463,8012.5195,5775.84406,134.41662,166.65741,161.40187
2007-04-30,2093.28052,8028.35454,5786.77301,134.71415,167.09689,161.81391
2007-05-01,2084.50092,7994.78181,5762.55395,134.65233,167.02229,161.7411
2007-05-02,2094.67452,8037.911,5793.22479,135.31946,167.93567,162.61392
2007-05-03,2096.20963,8046.72784,5799.1069,135.71811,168.49167,163.13901
2007-05-04,2116.02036,8131.6156,5858.74818,136.77892,169.99346,164.54996
2007-05-07,2122.44306,8157.85877,5877.37053,136.85164,170.1164,164.66096
2007-05-08,2090.52288,8035.56587,5789.16805,135.74017,168.74308,163.32897
2007-05-09,2098.13722,8070.3839,5813.9193,135.98325,169.16159,163.72468
2007-05-10,2076.85078,7991.65787,5756.48721,134.98715,167.98869,162.5692
2007-05-11,2088.96379,8039.46526,5790.73958,135.67906,168.8749,163.42164
2007-05-14,2087.39053,8034.36297,5786.91281,135.41665,168.56827,163.12063
2007-05-15,2102.66022,8096.02304,5830.82121,135.82536,169.13736,163.6572
2007-05-16,2095.08381,8070.77511,5812.25773,135.56527,168.8956,163.4126
2007-05-17,2088.31041,8047.72816,5795.27521,135.94828,169.4369,163.92543
2007-05-18,2108.30547,8127.29923,5852.11915,137.21944,171.07415,165.49652
2007-05-21,2099.92988,8108.65532,5836.15413,137.05008,171.15098,165.49881
2007-05-22,2100.33856,8110.3875,5837.36369,137.02584,171.12396,165.47163
2007-05-23,2120.37651,8189.38543,5894.21748,138.05624,172.44491,166.74884
2007-05-24,2096.98928,8103.09574,5831.40123,137.08227,171.31369,165.63481
2007-05-25,2099.59955,8117.34152,5840.97354,137.03871,171.34705,165.64779
2007-05-28,2102.64075,8129.14081,5849.45644,137.2372,171.59612,165.88836
2007-05-29,2108.09616,8151.12508,5865.11497,137.31775,171.71564,165.99936
2007-05-30,2095.97586,8105.6861,5832.29492,137.06703,171.43225,165.72186
2007-05-31,2116.10593,8183.93725,5888.52659,138.11606,172.7528,166.99637
2007-06-01,2129.726,8237.52226,5927.00923,139.39868,174.37634,168.56373
2007-06-04,2134.27924,8255.48085,5939.86822,139.02842,173.9205,168.12132
2007-06-05,2127.66469,8230.36363,5921.71379,138.1927,172.88486,167.11789
2007-06-06,2089.02147,8086.77533,5818.25816,135.98449,170.24638,164.56333
2007-06-07,2060.05694,7978.96776,5739.91656,134.43782,168.40112,162.75766
2007-06-08,2043.25121,7913.95009,5693.1308,134.32921,168.26664,162.62731
2007-06-11,2059.83817,7978.57589,5739.59998,135.5719,169.83141,164.13902
2007-06-12,2044.55451,7919.62422,5697.16828,134.84893,168.93102,163.26815
2007-06-13,2050.24991,7942.18797,5713.39496,135.34653,169.56513,163.88085
2007-06-14,2083.29869,8070.2112,5805.49141,137.44559,172.19487,166.42244
2007-06-15,2117.67689,8203.40782,5901.30352,139.17529,174.36237,168.51711
2007-06-18,2114.96508,8196.57003,5895.6767,138.67021,173.80736,167.96053
2007-06-19,2109.5593,8175.56104,5880.57581,138.18167,173.19378,167.3679
2007-06-20,2118.8604,8212.05262,5906.80801,138.69782,173.85014,168.00173
2007-06-21,2094.05876,8116.69511,5838.08102,137.26872,172.07508,166.28246
2007-06-22,2091.76434,8107.84106,5831.71258,136.81199,171.50337,165.73
2007-06-25,2093.17712,8113.31714,5835.65135,136.66014,171.31303,165.54606
2007-06-26,2081.2981,8067.47148,5802.67602,135.80382,170.24375,164.51278
2007-06-27,2067.4975,8015.57499,5765.34338,135.19461,169.51381,163.80727
2007-06-28,2093.60829,8116.8051,5838.15492,136.56647,171.23393,165.46948
2007-06-29,2111.24189,8185.24094,5887.36724,137.29864,172.15345,166.35772
2007-07-02,2122.56311,8231.0846,5920.08837,136.78909,171.55522,165.77256
2007-07-03,2138.96088,8294.84614,5965.9169,138.01801,173.10008,167.26448
2007-07-04,2150.12036,8338.99906,5997.5651,138.61588,173.8682,168.00368
2007-07-05,2132.87343,8272.53239,5949.70171,137.74665,172.78676,166.95705
2007-07-06,2150.84594,8342.24121,5999.83698,138.58127,173.83372,167.96868
2007-07-09,2157.52705,8368.5696,6018.70965,139.05255,174.43353,168.54649
2007-07-10,2147.61033,8330.72736,5991.41277,137.48525,172.48033,166.65696
2007-07-11,2149.04152,8336.83137,5995.80274,137.01262,171.89879,166.09506
2007-07-12,2173.07759,8430.1792,6062.92451,138.60038,173.89297,168.02154
2007-07-13,2182.18531,8465.63455,6088.4016,139.14086,174.57362,168.67859
2007-07-16,2185.35811,8478.11538,6097.34674,139.35328,174.84368,168.93868
2007-07-17,2176.87298,8445.21211,6073.68122,138.69138,174.01351,168.13649
2007-07-18,2155.27297,8361.75266,6013.63331,137.0865,172.00685,166.19691
2007-07-19,2178.18611,8450.64813,6077.56545,138.40357,173.65942,167.79366
2007-07-20,2156.01166,8364.61854,6015.6944,136.87576,171.74243,165.94142
2007-07-23,2166.48111,8405.23656,6044.90621,137.70964,172.78873,166.95238
2007-07-24,2134.42482,8280.86869,5955.46291,135.60332,170.14586,164.39878
2007-07-25,2097.61872,8138.27846,5852.90801,134.42207,168.66796,162.97062
2007-07-26,2040.24394,7915.67748,5692.81726,130.61189,163.88709,158.35124
2007-07-27,2021.16132,7841.85338,5639.6986,129.99668,163.11956,157.60892
2007-07-30,2021.43245,7842.90532,5640.45513,129.74808,162.80761,157.30751
2007-07-31,2064.69307,8012.1136,5761.99924,132.47641,166.25939,160.63858
2007-08-01,2031.39405,7888.13825,5672.53607,130.46375,163.84237,158.29477
2007-08-02,2045.68948,7943.64906,5712.45513,131.40107,165.01951,159.43205
2007-08-03,2033.10306,7894.77454,5677.30837,129.71981,162.9081,157.39213
2007-08-06,2019.24065,7840.94518,5638.59848,128.55517,161.44549,155.97904
2007-08-07,2041.34253,7926.76932,5700.31653,130.25498,163.58019,158.04146
2007-08-08,2088.81701,8117.06335,5837.12047,132.77302,166.86467,161.21361
2007-08-09,2035.38237,7910.84713,5688.67271,130.43376,163.95439,158.39759
2007-08-10,1969.09732,7654.72374,5504.26083,126.43508,158.95931,153.56528
2007-08-13,2004.13401,7790.92635,5602.19966,129.28021,162.53633,157.02091
2007-08-14,1973.48872,7671.795,5516.53622,127.71611,160.56988,155.12119
2007-08-15,1954.24505,7602.06828,5466.39801,127.42846,160.31539,154.87534
2007-08-16,1876.74722,7300.59954,5249.62173,122.99608,154.73909,149.48827
2007-08-17,1933.27693,7520.50169,5407.74616,125.63217,158.05551,152.69214
2007-08-20,1940.42192,7548.3194,5427.74643,126.43325,159.06382,153.66617
2007-08-21,1942.2745,7555.52601,5432.92846,126.46014,159.09766,153.69886
2007-08-22,1978.85542,7700.79021,5537.37941,128.59404,161.84456,156.35244
2007-08-23,1990.76707,7747.14481,5570.71145,128.80582,162.1111,156.60994
2007-08-24,2007.82603,7813.53042,5618.4471,129.29995,162.733,157.21074
2007-08-27,2011.49408,7827.80477,5628.71131,129.50768,162.99444,157.4633
2007-08-28,1976.00622,7689.70243,5529.40656,127.21351,160.10707,154.67391
2007-08-29,1988.75206,7739.51849,5565.22761,127.98717,161.08525,155.6189
2007-08-30,2010.19013,7823.07252,5625.28975,129.47118,162.95563,157.42529
2007-08-31,2036.26015,7924.77888,5698.37829,131.18877,165.12262,159.51748
2007-09-03,2038.50338,7933.50913,5704.65584,131.54075,165.56564,159.94546
2007-09-04,2049.15405,7974.95973,5734.46124,132.45671,166.71853,161.05921
2007-09-05,2022.29227,7870.85512,5659.58583,130.11707,163.7828,158.22263
2007-09-06,2035.48218,7922.19083,5696.49909,130.57354,164.35738,158.7777
2007-09-07,2001.63344,7790.44999,5601.77004,127.73048,160.77873,155.32054
2007-09-10,1988.08348,7737.73442,5563.86181,126.59907,159.35502,153.94509
2007-09-11,2027.84368,7892.4834,5675.13494,128.73893,162.04855,156.54718
2007-09-12,2039.85834,7941.49071,5710.37092,129.02604,162.45588,156.9406
2007-09-13,2056.58925,8006.62679,5757.20737,130.12649,163.84144,158.27912
2007-09-14,2031.2373,7907.92766,5686.23724,128.63823,161.96759,156.46889
2007-09-17,2001.82647,7794.19206,5604.26242,126.78479,159.64961,154.2243
2007-09-18,2031.36662,7909.20785,5686.96228,128.63715,161.98213,156.47756
2007-09-19,2097.85646,8169.28349,5873.96462,132.01006,166.25368,160.60394
2007-09-20,2104.03257,8193.33394,5891.25763,131.18623,165.21615,159.60167
2007-09-21,2114.96502,8235.9061,5921.86831,131.80237,165.99212,160.35127
2007-09-24,2113.08762,8228.59526,5916.6116,131.69472,165.85654,160.2203
2007-09-25,2094.32155,8155.51815,5864.06692,130.23866,164.02278,158.44885
2007-09-26,2108.0504,8209.40015,5902.80318,131.11098,165.12983,159.51811
2007-09-27,2128.61879,8289.49985,5960.39725,132.10958,166.38753,160.73307
2007-09-28,2138.07184,8326.31291,5986.86694,132.04312,166.30383,160.65221
2007-10-01,2158.27442,8405.03091,6043.45955,133.09426,167.62856,161.93171
2007-10-02,2153.94174,8388.23187,6031.36774,133.66232,168.3455,162.62394
2007-10-03,2156.71833,8399.83446,6039.69809,133.91031,168.67369,162.94065
2007-10-04,2157.74526,8404.03441,6042.68289,134.06885,168.87742,163.1365
2007-10-05,2174.84586,8470.6454,6090.57671,135.06449,170.1317,164.34812
2007-10-08,2156.68966,8399.93016,6039.73092,134.67974,169.64705,163.87994
2007-10-09,2171.6878,8458.34532,6081.73268,135.38531,170.53581,164.73849
2007-10-10,2185.22453,8512.83707,6120.79886,135.50783,170.72561,164.91875
2007-10-11,2210.07855,8609.79945,6190.49745,136.33673,171.77273,165.92977
2007-10-12,2201.44537,8576.16716,6166.31563,136.43663,171.8986,166.05136
2007-10-15,2189.5664,8530.04427,6133.12532,135.19481,170.33708,164.54222
2007-10-16,2163.37338,8428.1835,6059.85067,134.22389,169.11743,163.36307
2007-10-17,2183.34402,8506.55389,6116.19053,135.07649,170.20304,164.41151
2007-10-18,2178.41497,8487.34977,6102.38281,133.98819,168.83171,163.08686
2007-10-19,2160.00197,8415.61061,6050.80254,133.12602,167.74534,162.03745
2007-10-22,2116.20081,8247.01545,5929.18859,131.39459,165.605,159.95929
2007-10-23,2151.7025,8385.36859,6028.65753,132.69831,167.24816,161.54644
2007-10-24,2137.6584,8331.18917,5989.69096,131.95264,166.31936,160.64892
2007-10-25,2173.51891,8470.9913,6090.19605,133.43474,168.1883,162.45399
2007-10-26,2198.68162,8569.05952,6160.70193,134.22892,169.18932,163.42089
2007-10-29,2216.80697,8639.70059,6211.48913,135.17573,170.38274,164.57361
2007-10-30,2209.1756,8609.95836,6190.10604,134.5236,169.56075,163.77965
2007-10-31,2235.35625,8715.5069,6265.86576,135.70384,171.11737,165.27992
2007-11-01,2196.91056,8566.56221,6158.66123,133.6748,168.57756,162.8235
2007-11-02,2188.25276,8533.33507,6134.71616,132.71586,167.3787,161.66404
2007-11-05,2172.42271,8471.60403,6090.33699,131.85594,166.29418,160.61655
2007-11-06,2191.71194,8546.82454,6144.41391,132.29077,166.84257,161.14622
2007-11-07,2192.45584,8551.90459,6148.06601,131.30694,165.644,159.98857
2007-11-08,2184.53062,8521.43744,6126.15725,130.62298,164.78981,159.1634
2007-11-09,2148.01597,8379.00077,6023.75792,128.52711,162.14572,156.60959
2007-11-12,2127.28211,8298.11241,5965.6076,128.52989,162.14904,156.61283
2007-11-13,2141.66468,8354.21604,6005.94115,128.81403,162.5075,156.95905
2007-11-14,2165.24742,8448.8108,6073.6659,129.45232,163.36309,157.77814
2007-11-15,2128.90209,8307.02121,5971.73255,127.82755,161.31329,155.79831
2007-11-16,2112.17602,8244.4611,5926.27328,126.77992,160.04373,154.55948
2007-11-19,2069.59574,8079.96026,5807.69649,124.03762,156.61493,151.23956
2007-11-20,2111.26607,8242.64644,5924.63172,125.45638,158.40631,152.96946
2007-11-21,2063.1518,8059.44682,5792.90522,122.24168,154.43631,149.13452
2007-11-22,2082.42806,8134.87481,5847.12076,123.17606,155.61922,150.27682
2007-11-23,2108.28126,8235.86873,5919.71236,125.10972,158.06218,152.63591
2007-11-26,2102.11039,8211.88049,5902.45278,124.41569,157.1876,151.79091
2007-11-27,2094.71633,8183.06319,5881.72764,123.80286,156.41465,151.04418
2007-11-28,2136.59274,8347.78857,6000.12704,127.16784,160.68784,155.17066
2007-11-29,2147.60237,8390.80384,6031.04506,127.69332,161.35183,155.81185
2007-11-30,2159.76969,8438.46849,6065.30491,129.23039,163.2965,157.68975
2007-12-03,2148.10047,8393.14102,6032.70308,128.70753,162.64096,157.05614
2007-12-04,2131.30444,8327.52048,5985.53728,126.87888,160.33029,154.82482
2007-12-05,2154.21444,8417.65173,6050.31058,129.09147,163.13818,157.53603
2007-12-06,2150.33408,8402.59419,6039.46887,129.17181,163.24175,157.63556
2007-12-07,2172.20456,8488.16198,6100.95251,130.19618,164.53838,158.88715
2007-12-10,2193.21244,8570.27599,6159.9698,130.91928,165.45266,159.76995
2007-12-11,2181.80791,8525.71126,6127.93847,130.41578,164.81635,159.1555
2007-12-12,2187.28426,8547.22026,6143.39827,130.87673,165.40101,159.72007
2007-12-13,2123.21742,8297.09768,5963.62021,127.70449,161.39643,155.85304
2007-12-14,2108.69444,8240.34485,5922.82856,128.29825,162.14684,156.57768
2007-12-17,2064.00837,8065.82327,5797.38947,126.08603,159.35301,153.8798
2007-12-18,2065.00317,8069.7108,5800.18367,125.92783,159.15307,153.68673
2007-12-19,2053.883,8026.52901,5769.13843,125.38029,158.46647,153.0235
2007-12-20,2052.44147,8021.13109,5765.21629,125.66787,158.83461,153.37787
2007-12-21,2084.82902,8147.58215,5856.10344,127.41109,161.03548,155.50314
2007-12-24,2091.19185,8173.27508,5874.57032,127.51602,161.1844,155.64694
2007-12-25,2091.19185,8173.27508,5874.57032,127.51602,161.1844,155.64694
2007-12-26,2103.44507,8221.16591,5908.99202,127.38761,161.02209,155.49021
2007-12-27,2116.98912,8274.10188,5947.03994,127.62704,161.32473,155.78245
2007-12-28,2132.26563,8333.80903,5989.95466,127.35909,160.98604,155.45539
2007-12-31,2121.26516,8290.81448,5959.05218,127.42998,161.07565,155.54193
2008-01-01,2121.26516,8290.81448,5959.05218,127.42998,161.07565,155.54193
2008-01-02,2110.02767,8247.69555,5927.97294,125.85109,159.09536,153.6274
2008-01-03,2104.34506,8225.4833,5912.00804,125.53774,158.69922,153.24488
2008-01-04,2071.1214,8095.63793,5818.68007,123.12087,155.6443,150.29488
2008-01-07,2060.80949,8055.34374,5789.71721,122.98232,155.46942,150.12597
2008-01-08,2072.44018,8100.86644,5822.42849,123.70162,156.37989,151.00494
2008-01-09,2039.05521,7970.51008,5728.7281,122.09059,154.34599,149.04075
2008-01-10,2028.41775,7929.64453,5699.26382,120.90143,152.85645,147.60001
2008-01-11,2025.0075,7916.46015,5689.76878,120.2412,152.02456,146.79623
2008-01-14,2043.58323,7989.62763,5742.35617,120.61844,152.51198,147.26689
2008-01-15,1987.37898,7770.78307,5584.94428,117.51432,148.60414,143.4903
2008-01-16,1946.2403,7610.00352,5469.39031,116.41415,147.21437,142.14836
2008-01-17,1937.02686,7574.11669,5443.57314,115.82361,146.47027,141.42921
2008-01-18,1907.77475,7459.73579,5361.36675,114.57371,144.88965,139.90299
2008-01-21,1781.11559,6965.05546,5005.74852,108.04195,136.64097,131.9359
2008-01-22,1836.34752,7181.04,5160.97546,110.35952,139.572,134.766
2008-01-23,1772.91948,6933.04624,4982.74278,106.9722,135.28887,130.63033
2008-01-24,1886.84535,7378.55621,5302.92838,112.63898,142.45571,137.55038
2008-01-25,1886.12167,7377.43744,5301.86483,112.7107,142.57947,137.66315
2008-01-28,1877.70572,7344.76248,5278.34575,111.46455,141.00777,136.14469
2008-01-29,1905.88501,7455.02384,5357.58005,113.35185,143.39598,138.4504
2008-01-30,1895.6029,7415.20158,5328.93672,112.60307,142.45637,137.54255
2008-01-31,1898.57098,7426.81211,5337.28063,112.62323,142.48188,137.56717
2008-02-01,1936.39824,7575.75885,5444.1952,114.73928,145.1776,140.16667
2008-02-04,1939.25417,7586.93208,5452.22466,114.9628,145.46041,140.43972
2008-02-05,1857.10119,7265.52547,5221.25106,111.39334,140.94404,136.07923
2008-02-06,1868.7988,7315.08468,5256.74643,111.98028,141.76022,136.86413
2008-02-07,1813.21034,7097.4934,5100.38158,109.80301,139.00394,134.20304
2008-02-08,1820.82363,7127.29427,5121.797,110.3173,139.65499,134.83161
2008-02-11,1804.27747,7062.52724,5075.25429,109.31482,138.38592,133.60637
2008-02-12,1876.68903,7345.96956,5278.94085,112.96171,143.00266,138.06366
2008-02-13,1874.62448,7339.40575,5274.22398,113.04662,143.13975,138.19601
2008-02-14,1883.50263,7374.16492,5299.20252,113.13149,143.2472,138.29975
2008-02-15,1854.7543,7261.61135,5218.31957,110.90416,140.42696,135.57691
2008-02-18,1886.07409,7384.23249,5306.43725,113.06557,143.16374,138.21917
2008-02-19,1901.57727,7444.92954,5350.0552,113.27207,143.4252,138.4716
2008-02-20,1866.77161,7311.85176,5254.42321,111.93517,141.79431,136.89704
2008-02-21,1897.28842,7431.3813,5340.3192,112.6651,142.71894,137.78974
2008-02-22,1885.65741,7385.8693,5307.60544,111.79302,141.6151,136.72381
2008-02-25,1919.84311,7519.77015,5403.82876,113.69696,144.02693,139.05234
2008-02-26,1953.82254,7652.9896,5499.53695,115.30499,146.06635,141.02066
2008-02-27,1978.36367,7750.57998,5569.5829,115.07539,145.80304,140.76433
2008-02-28,1952.35356,7648.68092,5496.35802,112.9714,143.13723,138.19065
2008-02-29,1925.77932,7547.64959,5422.98425,111.41535,141.22328,136.32342
2008-03-03,1901.58866,7453.19492,5355.05369,109.86745,139.26788,134.43424
2008-03-04,1879.95491,7368.40236,5294.13099,108.38224,137.38523,132.61694
2008-03-05,1916.09188,7522.61694,5404.78629,110.21961,139.94826,135.08734
2008-03-06,1901.46725,7465.34627,5363.62069,108.75156,138.08695,133.29023
2008-03-07,1880.03346,7383.90347,5304.4255,107.53269,136.58939,131.82777
2008-03-10,1859.2418,7302.26778,5245.77716,106.2466,134.95623,130.25146
2008-03-11,1875.37315,7365.6606,5291.30981,107.46209,136.50084,131.74204
2008-03-12,1917.63168,7535.58166,5413.28352,108.69924,138.14467,133.32627
2008-03-13,1903.50535,7480.48608,5373.62243,107.29605,136.36895,131.61046
2008-03-14,1887.38969,7417.29024,5328.19817,106.22403,135.00894,130.29723
2008-03-17,1820.26318,7153.7473,5138.83046,101.41282,128.89864,124.39892
2008-03-18,1887.3466,7417.38932,5328.21535,105.01703,133.47969,128.82005
2008-03-19,1851.18509,7280.04393,5229.48417,103.93997,132.19736,127.58076
2008-03-20,1819.52288,7155.89513,5140.23032,103.65986,131.84787,127.24165
2008-03-21,1819.52288,7155.89513,5140.23032,103.65986,131.84787,127.24165
2008-03-24,1816.64654,7144.58295,5132.10454,103.6439,131.82756,127.22206
2008-03-25,1900.71569,7475.2136,5369.6035,107.04949,136.15923,131.40239
2008-03-26,1908.3164,7506.8086,5392.26312,106.35229,135.30313,130.57534
2008-03-27,1935.84295,7615.9861,5470.50701,107.62004,136.93208,132.14302
2008-03-28,1920.31304,7556.46927,5427.55442,107.02767,136.20686,131.43827
2008-03-31,1926.53539,7581.72908,5445.55125,106.78492,135.91183,131.15004
2008-04-01,1957.5184,7705.15416,5533.87862,110.24158,140.33854,135.41377
2008-04-02,1981.60894,7801.44575,5602.74755,111.49463,141.96037,136.97164
2008-04-03,1975.32881,7777.55499,5585.42102,110.96357,141.29934,136.32972
2008-04-04,1996.57788,7863.54769,5646.68211,111.39135,141.88607,136.88383
2008-04-07,2011.20388,7921.95079,5688.60356,112.42159,143.21278,138.16336
2008-04-08,1990.80287,7843.59853,5631.84346,111.31664,141.84147,136.82833
2008-04-09,1986.21514,7827.44449,5620.07197,110.57088,140.9258,135.94084
2008-04-10,1979.75502,7808.30172,5605.25474,110.12749,140.47431,135.47939
2008-04-11,1955.26557,7711.97833,5536.07226,108.55209,138.46954,133.54505
2008-04-14,1942.83775,7663.07876,5500.94828,107.71573,137.4048,132.51766
2008-04-15,1946.90949,7680.40294,5513.18433,108.20103,138.04658,133.13178
2008-04-16,1999.24046,7893.95522,5665.26699,110.08538,140.57733,135.54347
2008-04-17,1981.44329,7824.96352,5615.59146,109.42784,139.76053,134.75203
2008-04-18,2006.11888,7927.39482,5688.29523,112.00191,143.13811,137.98901
2008-04-21,2006.41595,7932.47054,5691.31008,110.70258,141.54719,136.44028
2008-04-22,2004.74416,7925.95846,5686.61998,110.19499,140.89991,135.81593
2008-04-23,2004.91818,7930.65347,5689.58607,110.90559,141.8802,136.75117
2008-04-24,1983.70349,7853.66943,5633.28465,110.96913,142.08691,136.92436
2008-04-25,2003.54397,7939.96102,5693.87448,112.37246,144.02418,138.75943
2008-04-28,2013.16704,7981.49951,5723.12534,113.0349,144.935,139.62385
2008-04-29,1992.16839,7898.37042,5663.50038,112.10312,143.74249,138.47462
2008-04-30,2001.41457,7938.54918,5691.98589,112.90554,144.83561,139.51972
2008-05-01,1988.98345,7889.24155,5656.63204,113.06483,145.03995,139.71657
2008-05-02,2017.34092,8011.35837,5742.55796,115.01927,147.72483,142.26245
2008-05-05,2021.42609,8028.08392,5754.46341,114.67895,147.29697,141.84836
2008-05-06,2021.14197,8027.4643,5753.90708,114.1247,146.59436,141.16899
2008-05-07,2017.20992,8015.24791,5744.73445,115.06035,147.85894,142.37645
2008-05-08,2019.48211,8024.49064,5751.32036,115.02188,147.81345,142.33169
2008-05-09,1994.27102,7934.96162,5685.169,113.49763,146.05064,140.5852
2008-05-12,2010.24372,7999.55745,5731.26332,113.89742,146.5842,141.0942
2008-05-13,2005.66138,7984.3397,5719.8969,113.75888,146.46125,140.96442
2008-05-14,2012.30271,8016.26522,5742.44761,114.33862,147.30848,141.77195
2008-05-15,2022.50934,8058.36741,5772.34663,114.77006,147.89081,142.32595
2008-05-16,2042.27014,8144.96513,5833.25733,115.33625,148.76402,143.13881
2008-05-19,2056.29205,8217.93227,5882.4099,116.40883,150.45953,144.69383
2008-05-20,2029.63066,8117.93495,5809.65988,113.99573,147.45964,141.7803
2008-05-21,2030.2153,8126.87061,5815.54102,113.08842,146.40484,140.75369
2008-05-22,2031.17342,8136.74951,5821.66338,113.51616,147.06783,141.36809
2008-05-23,2004.30979,8029.90031,5745.07836,111.63834,144.64876,139.03946
2008-05-26,2000.05446,8017.13939,5735.17067,111.34836,144.35023,138.7337
2008-05-27,1985.66333,7960.54385,5694.48921,110.93744,143.83723,138.23593
2008-05-28,1992.18428,7988.49216,5714.31351,111.96413,145.20121,139.54268
2008-05-29,1985.07836,7963.40456,5695.75695,112.24712,145.6305,139.94023
2008-05-30,1991.82647,7994.11554,5717.15773,112.57071,146.11687,140.39373
2008-06-02,1967.56638,7897.03117,5647.6753,111.28555,144.4539,138.79465
2008-06-03,1974.78786,7926.76144,5668.8069,112.18526,145.63548,139.92672
2008-06-04,1947.8323,7825.56896,5596.29016,110.7399,143.88799,138.24404
2008-06-05,1956.50143,7860.77176,5621.39786,110.60274,143.7166,138.07773
2008-06-06,1942.43213,7804.34391,5581.02738,108.42559,140.88942,135.36105
2008-06-09,1932.85586,7765.86814,5553.51267,107.92535,140.23939,134.73653
2008-06-10,1889.33345,7590.99498,5428.46038,107.17819,139.26839,133.80369
2008-06-11,1864.10716,7490.51745,5356.50894,105.383,136.95174,131.57553
2008-06-12,1865.99494,7498.1357,5361.95097,106.28674,138.1268,132.70432
2008-06-13,1866.05302,7498.20876,5361.99847,106.81652,138.81232,133.36282
2008-06-16,1876.02595,7539.09356,5391.0875,106.57127,138.50852,133.06729
2008-06-17,1889.94264,7595.40229,5431.34588,107.06062,139.15152,133.68485
2008-06-18,1863.45546,7489.38419,5355.52197,105.47855,137.1031,131.71661
2008-06-19,1851.03331,7439.45854,5319.82105,104.96482,136.43535,131.07509
2008-06-20,1835.43296,7376.81637,5275.01945,103.12144,134.04032,128.77399
2008-06-23,1817.29897,7306.13139,5224.05151,103.07184,134.01616,128.74036
2008-06-24,1816.2891,7302.07135,5221.14849,102.30765,133.02254,127.78586
2008-06-25,1834.26089,7375.23432,5273.46169,103.49918,134.58842,129.29009
2008-06-26,1808.61887,7272.48579,5199.93096,100.86646,131.17124,126.0059
2008-06-27,1801.50994,7244.00041,5179.54568,100.45723,130.64087,125.49599
2008-06-30,1815.37795,7300.05492,5219.57897,101.19843,131.60999,126.42582
2008-07-01,1775.81408,7142.4496,5106.73408,98.99922,128.77676,123.70041
2008-07-02,1773.96035,7135.51045,5101.73088,98.20397,127.75156,122.71462
2008-07-03,1771.98962,7127.67102,5096.11459,99.03746,128.83742,123.75739
2008-07-04,1747.5763,7029.49977,5025.92075,97.81304,127.2451,122.22776
2008-07-07,1767.36521,7109.51926,5083.06224,99.10062,128.92774,123.84233
2008-07-08,1743.28099,7012.70344,5013.83363,97.65041,127.04226,122.03101
2008-07-09,1779.12614,7158.07087,5117.66399,99.33519,129.25531,124.1543
2008-07-10,1748.60486,7036.26047,5030.44056,97.23854,126.54492,121.5476
2008-07-11,1713.92391,6896.84314,4930.74925,94.61803,123.13705,118.27389
2008-07-14,1725.22279,6942.41798,4963.31269,95.31368,124.04431,119.14486
2008-07-15,1695.45997,6822.6503,4877.6877,93.23538,121.33954,116.54692
2008-07-16,1690.86328,6804.74154,4864.88427,93.86415,122.16841,117.34305
2008-07-17,1745.46017,7024.46226,5021.96825,96.52281,125.62878,120.66675
2008-07-18,1769.39896,7120.80198,5090.84399,98.03488,127.5968,122.55703
2008-07-21,1780.77672,7166.63286,5123.60155,98.61239,128.34921,123.27953
2008-07-22,1769.69701,7122.15166,5091.78147,98.14736,127.74589,122.69958
2008-07-23,1789.50696,7202.078,5148.92254,100.13121,130.33166,125.1832
2008-07-24,1758.69846,7078.08559,5060.27767,98.56432,128.29218,123.22428
2008-07-25,1756.16976,7068.01519,5053.07812,98.42888,128.11782,123.05681
2008-07-28,1745.80196,7026.28815,5023.24655,97.43122,126.81924,121.80953
2008-07-29,1735.2558,6984.01793,4993.00792,97.73695,127.22038,122.19436
2008-07-30,1758.21781,7077.75865,5060.01706,99.25943,129.22629,124.12083
2008-07-31,1761.5363,7091.11731,5069.56741,99.15995,129.09678,123.99644
2008-08-01,1734.55767,6984.46624,4993.08011,97.89853,127.49017,122.44741
2008-08-04,1723.57225,6940.23176,4961.45761,96.97938,126.29318,121.29777
2008-08-05,1754.67219,7065.46049,5050.98157,99.51341,129.59317,124.46723
2008-08-06,1763.33315,7106.05294,5079.807,100.44565,130.91254,125.72962
2008-08-07,1753.60989,7066.86922,5051.79627,100.16463,130.54628,125.37786
2008-08-08,1727.95598,6964.03231,4978.22413,100.96463,131.59924,126.38765
2008-08-11,1747.06771,7041.05666,5033.28483,102.29911,133.33863,128.05815
2008-08-12,1730.21419,6973.13336,4984.73,101.92382,132.84947,127.58836
2008-08-13,1682.27727,6783.12528,4848.90311,99.37655,129.59022,124.45819
2008-08-14,1694.67726,6834.95416,4885.75658,99.91082,130.32182,125.15579
2008-08-15,1677.87579,6767.25921,4837.35957,100.32096,130.85814,125.67065
2008-08-18,1678.17759,6768.52995,4838.25836,100.25029,130.76698,125.58286
2008-08-19,1636.10845,6598.85409,4716.97122,97.73718,127.48887,122.43471
2008-08-20,1645.16309,6641.44455,4747.41559,98.10792,128.08955,123.01158
2008-08-21,1648.70845,6655.8208,4757.67921,97.29866,127.0342,121.99774
2008-08-22,1672.94844,6753.67742,4827.62857,99.17567,129.48484,124.35122
2008-08-25,1659.39606,6698.96657,4788.52044,98.62188,128.76181,123.65685
2008-08-26,1647.91084,6652.60084,4755.37753,98.79163,128.98344,123.86969
2008-08-27,1657.74041,6692.50196,4783.89944,98.99575,129.25418,124.1297
2008-08-28,1681.92319,6790.25836,4853.76349,100.33755,131.00856,125.81417
2008-08-29,1687.50924,6812.90457,4869.93917,100.67079,131.44549,126.23346
2008-09-01,1665.96813,6725.9376,4807.77422,100.29174,130.95056,125.75816
2008-09-02,1673.86718,6758.24819,4830.79512,101.23913,132.19578,126.95203
2008-09-03,1641.15021,6628.07907,4737.73044,99.69284,130.21451,125.04883
2008-09-04,1590.22129,6422.53951,4590.7853,97.09608,126.82561,121.79367
2008-09-05,1543.40929,6233.47659,4455.64448,95.0306,124.1277,119.20281
2008-09-08,1587.4614,6412.75121,4583.54598,98.14892,128.22798,123.13388
2008-09-09,1570.13128,6342.74401,4533.50798,97.57198,127.47423,122.41008
2008-09-10,1549.53804,6260.49639,4474.71789,96.82664,126.51948,121.49317
2008-09-11,1526.00334,6165.41069,4406.75496,96.26694,125.78815,120.79089
2008-09-12,1580.42338,6385.2804,4563.90783,97.92748,127.95792,122.87446
2008-09-15,1526.90574,6169.55978,4409.59467,94.51136,123.50428,118.59437
2008-09-16,1479.28112,5977.12946,4272.05816,92.00444,120.22832,115.44864
2008-09-17,1456.22532,5884.36345,4205.75513,90.11103,117.76193,113.08031
2008-09-18,1467.20695,5928.73836,4237.47139,89.63801,117.14376,112.48671
2008-09-19,1591.45181,6430.79111,4596.3056,97.01946,126.79023,121.74969
2008-09-22,1583.68312,6401.79861,4575.12167,95.03202,124.2395,119.28832
2008-09-23,1564.95841,6326.10681,4521.02762,93.33449,122.02025,117.15751
2008-09-24,1548.97545,6262.34967,4475.46282,92.77184,121.30117,116.46708
2008-09-25,1580.82087,6391.09746,4567.47396,94.65332,123.76124,118.82912
2008-09-26,1544.7837,6245.66519,4463.53906,92.88817,121.45838,116.61803
2008-09-29,1444.00599,5838.23526,4172.36168,87.86302,114.88803,110.30945
2008-09-30,1431.17663,5786.44034,4135.3324,89.48784,117.01412,112.35045
2008-10-01,1436.08361,5806.48509,4149.64701,90.08004,117.79265,113.09765
2008-10-02,1395.82061,5643.69061,4033.30474,88.82,116.14496,111.51564
2008-10-03,1436.95515,5810.00896,4152.16537,91.40439,119.52443,114.76041
2008-10-06,1297.89521,5247.77386,3750.357,84.44558,110.42526,106.02384
2008-10-07,1307.38021,5286.12453,3777.76457,84.19883,110.1026,105.71403
2008-10-08,1229.8094,4973.26192,3554.17519,79.15662,103.52537,99.39897
2008-10-09,1204.56833,4871.18882,3481.22796,77.50926,101.37087,97.33034
2008-10-10,1101.56156,4455.50666,3184.03755,71.63428,93.70554,89.96715
2008-10-13,1219.44509,4932.43424,3524.84851,78.83037,103.12136,99.00688
2008-10-14,1261.58849,5102.91846,3646.68106,81.28548,106.33345,102.09081
2008-10-15,1175.34667,4754.56467,3397.73656,76.00762,99.43928,95.47166
2008-10-16,1102.27159,4458.9581,3186.48836,72.22053,94.4847,90.71478
2008-10-17,1149.91963,4651.7061,3324.23113,75.08197,98.22827,94.30897
2008-10-20,1180.20362,4774.29408,3411.81992,77.89317,101.90785,97.84128
2008-10-21,1162.7443,4703.66564,3361.34722,77.44503,101.32155,97.27838
2008-10-22,1079.3477,4366.7627,3120.58866,73.44715,96.10129,92.26643
2008-10-23,1073.99361,4345.10145,3105.10904,73.21612,95.799,91.97621
2008-10-24,1011.21748,4091.12539,2923.61192,69.73494,91.24407,87.60304
2008-10-27,970.05966,3924.71142,2804.67083,68.43888,89.55054,85.97654
2008-10-28,995.04648,4025.89196,2876.96502,70.05541,91.66773,88.00889
2008-10-29,1099.20754,4448.55982,3179.01005,75.12451,98.32805,94.40337
2008-10-30,1110.97846,4496.31953,3213.12679,75.93194,99.38757,95.42021
2008-10-31,1126.07528,4557.43162,3256.79663,77.99557,102.08894,98.0137
2008-11-03,1138.44387,4608.45411,3293.13386,78.36712,102.59674,98.49751
2008-11-04,1209.51134,4896.13731,3498.70806,81.9205,107.24876,102.96366
2008-11-05,1189.36585,4817.86288,3442.58743,80.0008,104.80677,100.61378
2008-11-06,1099.48645,4453.67831,3182.37892,75.53444,98.95324,94.99498
2008-11-07,1118.86552,4532.17689,3238.47014,76.85977,100.68947,96.66176
2008-11-10,1130.06516,4577.54317,3270.88664,77.42927,101.43555,97.37799
2008-11-11,1061.92247,4301.51826,3073.65285,74.34066,97.38934,93.49363
2008-11-12,1025.07034,4157.02643,2970.10356,71.89547,94.29457,90.51344
2008-11-13,1023.31442,4150.08837,2965.11381,71.50963,93.79265,90.03066
2008-11-14,1040.44289,4222.28194,3016.2066,72.07577,94.59633,90.78743
2008-11-17,1010.62651,4101.31723,2929.79042,70.2124,92.15152,88.44093
2008-11-18,1019.8313,4138.71609,2956.50642,70.83508,92.96977,89.22622
2008-11-19,979.15857,3975.6609,2840.02737,67.96168,89.24347,85.64997
2008-11-20,933.51436,3792.267,2709.0193,65.46877,86.0138,82.55034
2008-11-21,909.41114,3694.35114,2639.07276,63.84975,83.88671,80.50891
2008-11-24,1012.09464,4114.05644,2938.41016,69.28947,91.09035,87.40819
2008-11-25,1030.78375,4190.0257,2992.67019,69.70504,91.63668,87.93243
2008-11-26,1023.7113,4161.79486,2972.50669,69.73957,91.69348,87.98694
2008-11-27,1046.47684,4254.46991,3038.67646,71.38458,93.85908,90.06434
2008-11-28,1044.68154,4247.17106,3033.46339,72.30951,95.07521,91.2313
2008-12-01,974.67374,3962.55312,2830.1803,67.9646,89.36236,85.74942
2008-12-02,1001.05721,4070.1954,2906.99868,69.14013,90.91648,87.23881
2008-12-03,1004.30338,4084.18011,2916.98678,69.50645,91.41576,87.7179
2008-12-04,1003.47418,4080.80804,2914.57839,69.19008,90.99968,87.31865
2008-12-05,959.46047,3901.84136,2786.75342,66.47364,87.4275,83.89084
2008-12-08,1045.25817,4250.75517,3035.95288,71.00366,93.38547,89.6078
2008-12-09,1056.62681,4296.98808,3068.97311,71.96796,94.65373,90.82476
2008-12-10,1063.65566,4325.65445,3089.44104,71.93072,94.60655,90.77931
2008-12-11,1076.02697,4375.96587,3125.37413,71.42815,93.94554,90.14504
2008-12-12,1057.46338,4300.72292,3071.58258,69.46089,91.36345,87.66592
2008-12-15,1077.30662,4381.77562,3129.41248,69.20892,91.0393,87.35327
2008-12-16,1092.24095,4442.83641,3173.00315,69.7145,91.71092,87.99719
2008-12-17,1129.22668,4593.37897,3280.51826,69.23012,91.07565,87.38764
2008-12-18,1139.82172,4636.50162,3311.31077,69.14364,90.96237,87.27882
2008-12-19,1091.6819,4440.68124,3171.45917,68.81862,90.53479,86.86855
2008-12-22,1073.402,4366.34678,3118.36657,67.71974,89.08962,85.4818
2008-12-23,1073.13715,4365.26944,3117.59716,67.60348,88.93668,85.33505
2008-12-24,1072.14376,4361.76858,3115.09691,67.32601,88.58262,84.99532
2008-12-25,1072.14376,4361.76858,3115.09691,67.32601,88.58262,84.99532
2008-12-26,1075.2916,4374.57482,3124.24289,67.19937,88.41599,84.83545
2008-12-29,1097.64106,4465.49842,3189.1789,67.71911,89.09983,85.49159
2008-12-30,1109.77557,4514.86487,3224.43553,68.91067,90.66759,86.99586
2008-12-31,1098.83907,4470.45123,3192.71611,69.42926,91.35154,87.65211
2009-01-01,1098.83907,4470.45123,3192.71611,69.42926,91.35154,87.65211
2009-01-02,1136.01748,4622.50167,3301.20547,71.60578,94.23152,90.41266
2009-01-05,1134.24683,4615.3375,3296.08388,73.07,96.15924,92.26211
2009-01-06,1135.78494,4621.63867,3300.58392,74.54144,98.09654,94.12089
2009-01-07,1143.56169,4653.32193,3323.21079,73.59451,96.85118,92.92601
2009-01-08,1141.48105,4644.92039,3317.20242,73.08307,96.17948,92.2813
2009-01-09,1118.25017,4550.43076,3249.71664,72.70339,95.68068,91.80256
2009-01-12,1087.3885,4425.77525,3160.57087,71.53088,94.15735,90.33748
2009-01-13,1058.47427,4308.09156,3076.52963,70.55627,92.87445,89.10663
2009-01-14,1010.92156,4114.65721,2938.38408,67.44791,88.78523,85.18305
2009-01-15,994.38011,4047.85402,2890.60674,66.85212,88.01235,84.43944
2009-01-16,1018.09757,4144.40142,2959.55206,67.48071,88.83991,85.23341
2009-01-19,993.67039,4044.96494,2888.54363,66.35741,87.36106,83.81459
2009-01-20,955.38006,3889.09533,2777.23582,64.98375,85.55259,82.07954
2009-01-21,946.15213,3852.07874,2750.80196,64.54101,84.98181,81.53193
2009-01-22,943.22628,3840.1667,2742.29547,63.92192,84.16664,80.74986
2009-01-23,929.78063,3785.42527,2703.20416,63.84573,84.06633,80.65361
2009-01-26,984.13281,4007.28643,2861.5306,65.81808,86.67581,83.15407
2009-01-27,988.4661,4025.16886,2874.26731,65.91214,86.80481,83.27688
2009-01-28,1023.65237,4170.39534,2977.64014,67.98742,89.57964,85.92942
2009-01-29,994.5167,4051.69561,2892.88916,66.78206,87.99148,84.40597
2009-01-30,976.21053,3977.11563,2839.63945,66.9058,88.15451,84.56236
2009-02-02,950.54642,3873.95816,2765.78985,65.19521,85.93168,82.42428
2009-02-03,980.68472,3996.78699,2853.48277,66.41689,87.54194,83.96881
2009-02-04,998.85835,4075.05469,2909.23117,68.10194,89.85559,86.18416
2009-02-05,994.1965,4056.03569,2895.65328,68.01377,89.73925,86.07257
2009-02-06,1016.16198,4145.64851,2959.62896,69.44072,91.62201,87.87841
2009-02-09,1037.25595,4231.70587,3021.06636,69.70531,91.97111,88.21325
2009-02-10,1005.92541,4103.88626,2929.81438,67.76057,89.40517,85.75214
2009-02-11,992.09668,4048.7577,2890.42832,67.5387,89.1408,85.49771
2009-02-12,969.98106,3958.50359,2825.99546,66.6844,88.01325,84.41625
2009-02-13,983.61721,4014.15289,2865.72377,66.91995,88.32414,84.71443
2009-02-16,961.69559,3924.69051,2801.85613,66.00371,87.11485,83.55456
2009-02-17,921.68593,3761.41064,2685.28982,64.37706,84.96791,81.49537
2009-02-18,915.33523,3738.68029,2669.06251,64.15798,84.75101,81.28733
2009-02-19,927.3555,3787.77699,2704.11288,64.18099,84.7814,81.31648
2009-02-20,889.41684,3632.96066,2593.56305,61.92126,81.7996,78.45576
2009-02-23,889.01783,3631.38509,2592.42858,61.31992,81.00642,77.69472
2009-02-24,877.89661,3586.07016,2560.05606,60.4721,79.88891,76.62223
2009-02-25,871.20467,3560.0255,2541.46307,60.27112,79.65228,76.39528
2009-02-26,894.17164,3653.87602,2608.46192,61.59317,81.39946,78.07101
2009-02-27,873.94853,3574.84306,2551.14035,60.43714,79.95232,76.65598
2009-03-02,822.49159,3364.36098,2400.93255,57.38018,75.90826,72.77865
2009-03-03,805.37893,3294.36252,2350.97905,56.29813,74.47682,71.40622
2009-03-04,836.44282,3422.16656,2442.18475,58.49751,77.40309,74.21185
2009-03-05,805.62519,3296.1173,2352.22415,56.38939,74.61447,71.53799
2009-03-06,802.99745,3285.3662,2344.55179,55.70603,73.71025,70.67104
2009-03-09,794.23208,3249.51534,2318.9653,55.20478,73.04726,70.03532
2009-03-10,842.53417,3447.16091,2460.00902,58.03168,76.78833,73.62205
2009-03-11,845.3107,3461.06358,2469.88902,58.12264,76.96523,73.79043
2009-03-12,852.44816,3490.42923,2490.81664,58.50348,77.47269,74.27611
2009-03-13,864.75424,3540.85569,2526.79403,58.91759,78.02191,74.80244
2009-03-16,895.57175,3669.65913,2618.05598,60.52194,80.20367,76.87498
2009-03-17,887.97249,3638.53387,2595.84851,60.12405,79.67667,76.3698
2009-03-18,890.19765,3649.07578,2603.36313,59.63794,79.06333,75.78174
2009-03-19,937.97642,3845.46809,2743.36782,60.00343,79.55902,76.25386
2009-03-20,930.59919,3815.30317,2721.82814,60.25121,79.88922,76.56978
2009-03-23,958.84758,3931.21052,2804.49738,62.0687,82.30105,78.88087
2009-03-24,958.07092,3928.127,2802.2775,62.2225,82.5071,79.07779
2009-03-25,962.94983,3949.26369,2817.29841,62.46546,82.85304,79.40772
2009-03-26,966.1744,3962.91882,2826.9445,62.58219,83.01688,79.56208
2009-03-27,938.16896,3848.1772,2745.08007,61.92592,82.14904,78.72996
2009-03-30,892.45506,3661.58446,2611.87417,59.53939,79.00292,75.71186
2009-03-31,932.0999,3824.31725,2727.939,61.6597,81.81801,78.40923
2009-04-01,942.87154,3869.15207,2759.81713,62.60094,83.0807,79.61634
2009-04-02,1005.94102,4129.01842,2944.96857,65.72512,87.24925,83.60517
2009-04-03,993.10793,4077.15126,2907.80549,64.97364,86.26878,82.66083
2009-04-06,985.37518,4045.91286,2885.4309,64.5567,85.72594,82.13797
2009-04-07,967.15277,3972.50429,2832.73311,64.00019,85.01716,81.44894
2009-04-08,966.72479,3972.76883,2832.72839,64.17737,85.29594,81.71045
2009-04-09,985.87033,4052.98227,2889.69964,65.55987,87.16638,83.49579
2009-04-10,985.87033,4053.14883,2889.78871,65.55987,87.16996,83.49837
2009-04-13,994.91001,4090.31314,2916.28588,65.60467,87.22954,83.55543
2009-04-14,1004.7589,4131.20891,2945.37505,66.56898,88.52037,84.78992
2009-04-15,996.38502,4097.3313,2921.17491,66.40994,88.3208,84.59741
2009-04-16,1015.06832,4174.44081,2976.09529,67.59364,89.90108,86.10949
2009-04-17,1019.75946,4193.98287,2989.98293,68.66349,91.32944,87.4763
2009-04-20,974.42265,4008.86724,2857.79657,66.23796,88.13274,84.40817
2009-04-21,978.61409,4027.36285,2870.77358,66.34316,88.30016,84.56239
2009-04-22,994.3178,4094.47092,2918.44388,67.10218,89.36454,85.57686
2009-04-23,992.37031,4093.80668,2916.61504,66.80649,89.13089,85.31347
2009-04-24,1031.58782,4259.32999,3033.78633,68.37228,91.30008,87.36801
2009-04-27,1025.68132,4235.66492,3016.81384,68.62033,91.64694,87.69654
2009-04-28,1006.31795,4156.32801,2960.18308,67.58486,90.2776,86.38262
2009-04-29,1040.62866,4305.27149,3065.02187,68.88832,92.17356,88.1611
2009-04-30,1054.74796,4366.87897,3108.29553,69.90994,93.60896,89.51713
2009-05-01,1056.01915,4372.31099,3112.1283,69.98363,93.71126,89.61399
2009-05-04,1080.21371,4481.97414,3188.57868,71.10417,95.41371,91.19608
2009-05-05,1087.73482,4514.35002,3211.37139,71.56974,96.06334,91.81013
2009-05-06,1098.90913,4565.93231,3247.51241,72.56865,97.5153,93.18193
2009-05-07,1099.26398,4571.7506,3250.84414,71.97515,96.80976,92.4848
2009-05-08,1122.69119,4669.823,3320.45667,73.12474,98.36951,93.97135
2009-05-11,1118.28439,4652.5913,3308.02556,72.09985,97.01369,92.67115
2009-05-12,1118.14023,4656.934,3310.35558,71.96904,96.94057,92.58011
2009-05-13,1086.16798,4528.77195,3218.79019,70.12957,94.56723,90.30057
2009-05-14,1089.66832,4544.28074,3229.64624,70.43065,94.99234,90.70181
2009-05-15,1096.32509,4572.33259,3249.52979,70.82703,95.53303,91.21659
2009-05-18,1114.86102,4655.61876,3307.67466,72.57437,98.01578,93.55758
2009-05-19,1140.21847,4764.49365,3384.49709,73.57343,99.42731,94.89005
2009-05-20,1159.65924,4852.10002,3445.99896,73.89946,99.99923,95.41566
2009-05-21,1135.58304,4752.04755,3374.81437,72.43879,98.03679,93.53966
2009-05-22,1150.65812,4816.07294,3420.11814,72.24088,97.78805,93.29781
2009-05-25,1154.15921,4830.74509,3430.53426,72.36757,97.95992,93.46169
2009-05-26,1161.73426,4862.77463,3453.22237,72.95191,98.75749,94.22106
2009-05-27,1164.8121,4877.90246,3463.62295,73.44449,99.47009,94.89156
2009-05-28,1152.79676,4827.84415,3428.03127,72.62173,98.36104,93.83227
2009-05-29,1172.00005,4908.65109,3485.34029,72.72303,98.50597,93.96869
2009-06-01,1206.90582,5055.13038,3589.29599,74.87573,101.42758,96.75436
2009-06-02,1218.05763,5104.16831,3623.7459,74.81975,101.39801,96.71632
2009-06-03,1183.71492,4966.01132,3525.63446,73.27394,99.41826,94.82728
2009-06-04,1181.25721,4955.81267,3518.374,73.1218,99.21408,94.632
2009-06-05,1173.40358,4922.89479,3494.99818,73.5716,99.82501,95.21455
2009-06-08,1152.92626,4837.0355,3434.03348,73.06749,99.14207,94.56291
2009-06-09,1170.53711,4911.03282,3486.55334,73.41021,99.60936,95.00823
2009-06-10,1184.67748,4970.93179,3528.99239,74.28642,100.80988,96.15096
2009-06-11,1201.04894,5040.04623,3577.98035,74.96511,101.73937,97.03537
2009-06-12,1191.58781,5000.3438,3549.7952,74.77312,101.47881,96.78685
2009-06-15,1148.12104,4817.99335,3420.33077,72.88919,98.92309,94.34897
2009-06-16,1151.55666,4832.41065,3430.56572,72.81257,98.8191,94.24979
2009-06-17,1126.99527,4730.15795,3357.96456,71.39319,96.9095,92.42818
2009-06-18,1140.64073,4787.62892,3398.72819,71.75558,97.40547,92.90025
2009-06-19,1152.78378,4838.59713,3434.91041,72.70173,98.68983,94.12521
2009-06-22,1116.83427,4690.61449,3329.30855,70.6705,95.99204,91.53709
2009-06-23,1121.52399,4710.31094,3343.28871,70.31627,95.51089,91.07827
2009-06-24,1149.72754,4829.03972,3427.55424,71.96639,97.75784,93.22078
2009-06-25,1129.93578,4746.1931,3368.70136,71.36841,96.95132,92.45032
2009-06-26,1141.81849,4796.13729,3404.14795,71.2783,96.82954,92.33413
2009-06-29,1161.04858,4877.14488,3461.62807,72.53545,98.54205,93.96669
2009-06-30,1146.10975,4814.39228,3417.08845,71.76551,97.49607,92.96927
2009-07-01,1175.11562,4938.46475,3504.90888,73.03762,99.26908,94.65343
2009-07-02,1135.69639,4773.14341,3387.53215,71.15912,96.7228,92.2243
2009-07-03,1134.20319,4767.15759,3383.24087,71.14169,96.70498,92.20614
2009-07-06,1114.55984,4684.84369,3324.78552,70.31634,95.58814,91.14023
2009-07-07,1112.51699,4676.3326,3318.73563,69.78643,94.86931,90.45459
2009-07-08,1092.46215,4592.16427,3259.0024,69.03628,93.85219,89.4848
2009-07-09,1106.53234,4651.79196,3301.25765,69.52523,94.52673,90.12626
2009-07-10,1091.86896,4590.86389,3257.91153,68.78598,93.53623,89.17894
2009-07-13,1112.06396,4675.77559,3318.16921,70.02056,95.21503,90.77954
2009-07-14,1126.38377,4735.99153,3360.90028,70.94509,96.47236,91.97826
2009-07-15,1168.81629,4914.61515,3487.65726,72.88593,99.11583,94.49849
2009-07-16,1175.86872,4944.26907,3508.70117,73.16986,99.50194,94.86661
2009-07-17,1180.10769,4962.09302,3521.34994,73.45445,99.88895,95.23559
2009-07-20,1202.66514,5056.94212,3588.65961,74.32127,101.06771,96.35945
2009-07-21,1213.90952,5104.22225,3622.21196,74.94232,101.91226,97.16465
2009-07-22,1215.84796,5112.44204,3628.0388,75.15973,102.20929,97.44768
2009-07-23,1242.93535,5226.34012,3708.86644,76.61579,104.18938,99.33552
2009-07-24,1238.20446,5206.4475,3694.74967,76.58216,104.14365,99.29192
2009-07-27,1245.79989,5238.38503,3717.4141,76.94086,104.63144,99.75699
2009-07-28,1230.78577,5175.33786,3672.66372,76.24144,103.682,98.85153
2009-07-29,1230.93399,5177.06191,3673.88719,76.88507,104.57952,99.70724
2009-07-30,1257.91642,5290.5446,3754.41986,78.56482,106.86433,101.8856
2009-07-31,1265.13768,5320.92258,3775.97664,78.37491,106.60614,101.63941
2009-08-03,1306.2257,5495.67312,3899.75062,79.58154,108.28569,103.23443
2009-08-04,1300.58076,5471.9232,3882.89758,79.33944,107.95626,102.92037
2009-08-05,1293.21433,5445.11215,3863.70724,78.95313,107.51318,102.49358
2009-08-06,1296.93331,5460.77102,3874.81836,79.28765,107.96871,102.92785
2009-08-07,1298.72531,5468.3163,3880.17229,80.28294,109.32402,104.21988
2009-08-10,1287.89984,5422.73537,3847.82927,79.86388,108.75338,103.67588
2009-08-11,1268.16516,5339.70505,3788.90197,78.76245,107.2548,102.24696
2009-08-12,1287.7289,5425.27117,3849.61724,79.57797,108.42911,103.36645
2009-08-13,1304.63542,5496.49926,3900.15866,80.16586,109.23015,104.13008
2009-08-14,1289.00315,5430.63966,3853.42656,79.52802,108.36105,103.30156
2009-08-17,1249.39409,5263.76454,3735.01675,77.98264,106.2554,101.29422
2009-08-18,1269.11666,5346.8568,3793.97664,79.03392,107.68782,102.65976
2009-08-19,1275.5897,5377.71395,3815.872,78.79454,107.43328,102.41711
2009-08-20,1294.78953,5458.65784,3873.30747,79.88502,108.92011,103.83452
2009-08-21,1330.73033,5610.32454,3980.90007,81.72643,111.43369,106.23005
2009-08-24,1343.06496,5662.34549,4017.80914,82.37452,112.31772,107.07271
2009-08-25,1349.61557,5689.96277,4037.40543,82.72719,112.79858,107.53111
2009-08-26,1332.94073,5619.71169,3987.55763,82.26196,112.16524,106.92735
2009-08-27,1325.71587,5589.36542,3966.01282,81.83908,111.59092,106.37952
2009-08-28,1351.88041,5701.10103,4045.04396,82.60658,112.66555,107.39727
2009-08-31,1341.54443,5657.51253,4014.11706,82.10638,111.98334,106.74696
2009-09-01,1312.69851,5535.9455,3927.85251,80.60492,109.93714,104.79616
2009-09-02,1301.23956,5488.82481,3894.39629,80.26887,109.50282,104.38153
2009-09-03,1302.92878,5495.9502,3899.45186,80.25752,109.48733,104.36677
2009-09-04,1318.04193,5559.69971,3944.68301,81.33106,110.95185,105.76279
2009-09-07,1346.30583,5678.92114,4029.27224,82.48114,112.52079,107.25835
2009-09-08,1367.095,5766.61299,4091.49081,82.72476,112.85314,107.57516
2009-09-09,1386.15446,5847.84553,4149.12641,83.49266,113.91702,108.58929
2009-09-10,1386.26869,5848.35358,4149.48353,83.59701,114.0599,108.72539
2009-09-11,1397.81823,5897.07848,4184.05449,84.01659,114.63238,109.2711
2009-09-14,1395.32274,5886.68674,4176.64761,83.76342,114.28959,108.94346
2009-09-15,1394.42363,5882.89348,4173.95626,83.89294,114.46631,109.11191
2009-09-16,1422.82639,6002.94941,4259.13683,85.08303,116.09452,110.66396
2009-09-17,1435.59422,6056.81727,4297.35647,85.51465,116.68347,111.22537
2009-09-18,1427.17385,6021.29149,4272.15067,85.14011,116.17242,110.73821
2009-09-21,1409.51453,5948.59377,4220.22484,84.46527,115.28664,109.88485
2009-09-22,1430.09354,6035.44362,4281.84039,84.91057,115.89443,110.46416
2009-09-23,1431.63353,6042.65999,4286.96004,85.0739,116.13113,110.68978
2009-09-24,1397.21623,5897.39093,4183.89903,83.44079,113.90184,108.56494
2009-09-25,1389.81286,5866.14269,4161.72999,83.08906,113.42171,108.10731
2009-09-28,1408.70603,5945.96718,4218.34723,84.57262,115.44841,110.03868
2009-09-29,1402.3362,5919.08096,4199.27289,84.68805,115.60597,110.18886
2009-09-30,1402.66972,5920.67002,4200.40024,84.28224,115.05554,109.66422
2009-10-01,1375.01238,5803.92836,4117.57825,82.93529,113.2168,107.91163
2009-10-02,1353.34824,5712.48401,4052.70335,81.38547,111.1011,105.89508
2009-10-05,1366.85037,5769.50396,4093.15246,82.0682,112.03364,106.78383
2009-10-06,1407.58224,5941.43406,4215.12761,83.829,114.43735,109.0749
2009-10-07,1395.92094,5892.4809,4180.39797,83.50823,114.00468,108.6625
2009-10-08,1421.73287,6001.43858,4257.69758,84.57998,115.46782,110.05708
2009-10-09,1416.97417,5981.3511,4243.4466,84.33115,115.12813,109.73331
2009-10-12,1431.45738,6042.91401,4287.06774,84.89399,115.90467,110.47206
2009-10-13,1419.0655,5990.68808,4250.00568,84.07108,114.78283,109.40252
2009-10-14,1456.30223,6148.47635,4361.94625,85.83421,117.20131,111.70763
2009-10-15,1461.61543,6170.90856,4377.86045,85.92825,117.32971,111.83001
2009-10-16,1445.6106,6104.64239,4330.68214,85.34723,116.5613,111.09335
2009-10-19,1475.06267,6229.16646,4418.99433,86.6898,118.39776,112.84298
2009-10-20,1468.14948,6199.99062,4398.29557,86.29217,117.85504,112.3257
2009-10-21,1480.19392,6251.53895,4434.86208,86.67238,118.38729,112.83293
2009-10-22,1463.62565,6181.54503,4385.20948,85.65655,116.9994,111.51018
2009-10-23,1456.75055,6152.5084,4364.6108,85.19458,116.3684,110.90878
2009-10-26,1431.74908,6046.91601,4289.70319,84.16114,114.9568,109.56341
2009-10-27,1423.57908,6012.56873,4265.31462,84.36409,115.23705,109.82993
2009-10-28,1390.41303,5872.74537,4166.11417,82.71674,112.99176,107.68975
2009-10-29,1420.19067,5998.51842,4255.33732,84.17465,114.98328,109.58781
2009-10-30,1385.5732,5852.3102,4151.6166,82.47909,112.66727,107.38046
2009-11-02,1395.99182,5896.46083,4182.91845,82.74597,113.0346,107.73008
2009-11-03,1367.22729,5774.96373,4096.72904,81.81398,111.76147,106.51669
2009-11-04,1405.54103,5940.32368,4213.89166,83.2109,113.73728,108.39611
2009-11-05,1418.88681,5996.72778,4253.90308,83.70197,114.40851,109.03581
2009-11-06,1419.79873,6000.58187,4256.63706,83.85433,114.61676,109.23428
2009-11-09,1460.88962,6174.24678,4379.82986,85.50212,116.86905,111.3808
2009-11-10,1454.54226,6147.42057,4360.80013,85.3496,116.66057,111.18211
2009-11-11,1461.4885,6182.25753,4385.14891,85.6399,117.16121,111.64999
2009-11-12,1453.2014,6147.20218,4360.28374,85.7608,117.32661,111.80761
2009-11-13,1460.28186,6180.40647,4383.25906,86.14971,117.92074,112.359
2009-11-16,1490.25887,6307.52516,4473.3704,87.38407,119.61499,113.97223
2009-11-17,1471.26525,6227.1346,4416.35648,87.07257,119.18858,113.56594
2009-11-18,1479.65711,6267.4169,4444.86235,86.82038,118.93378,113.32156
2009-11-19,1444.8879,6120.1442,4340.41631,85.40791,116.99886,111.47794
2009-11-20,1432.3165,6067.03993,4302.72902,84.73324,116.07741,110.59931
2009-11-23,1474.451,6246.96487,4430.06284,86.44849,118.45467,112.85754
2009-11-24,1461.38823,6191.62044,4390.81509,85.86891,117.6605,112.1009
2009-11-25,1478.41444,6264.14772,4442.24813,86.25192,118.19268,112.60793
2009-11-26,1423.29354,6030.59649,4276.62424,83.4101,114.29849,108.89775
2009-11-27,1438.64386,6095.79008,4322.82941,84.36317,115.60739,110.14411
2009-11-30,1421.77306,6024.30547,4272.1361,83.17393,113.97772,108.59145
2009-12-01,1467.82211,6219.61917,4410.61375,85.41268,117.04929,111.51713
2009-12-02,1472.72369,6241.35345,4426.01196,85.80023,117.59855,112.04007
2009-12-03,1470.95188,6233.84458,4420.6871,85.62884,117.36365,111.81627
2009-12-04,1467.6523,6219.86105,4410.77078,86.57581,118.66157,113.05284
2009-12-07,1454.72501,6165.11354,4371.93756,86.16335,118.09698,112.51469
2009-12-08,1422.82842,6029.93605,4276.0776,84.80887,116.24051,110.74597
2009-12-09,1409.27843,5972.68114,4235.47577,83.9414,115.0548,109.61632
2009-12-10,1421.45928,6024.39904,4272.1357,84.8136,116.25211,110.75663
2009-12-11,1418.98866,6013.92812,4264.71037,85.23364,116.82785,111.30515
2009-12-14,1433.63407,6076.29704,4308.88558,85.92236,117.77766,112.20868
2009-12-15,1424.75101,6040.02406,4282.92328,85.96485,117.86277,112.28347
2009-12-16,1445.23755,6127.17481,4344.70763,87.06338,119.37478,113.72356
2009-12-17,1403.76527,5951.3505,4220.03267,85.92945,117.82002,112.2424
2009-12-18,1391.13998,5897.84979,4182.09276,85.5801,117.34151,111.78646
2009-12-21,1414.48933,5996.84122,4252.28636,86.78854,118.99845,113.36496
2009-12-22,1415.5521,6001.89189,4255.79996,87.35722,119.78906,114.11633
2009-12-23,1429.89946,6062.979,4299.11539,87.62387,120.15976,114.46947
2009-12-24,1432.49449,6073.98229,4306.91756,87.6331,120.17241,114.48152
2009-12-25,1432.49449,6073.98229,4306.91756,87.6331,120.17241,114.48152
2009-12-28,1443.0759,6119.34545,4339.02015,88.07491,120.78806,115.06634
2009-12-29,1449.51481,6146.68464,4358.40096,88.36964,121.19296,115.45193
2009-12-30,1433.09547,6077.79553,4309.46818,88.01316,120.71872,114.99787
2009-12-31,1442.12398,6116.08567,4336.61786,88.2806,121.08553,115.3473
2010-01-01,1442.12398,6116.08567,4336.61786,88.2806,121.08553,115.3473
2010-01-04,1472.39115,6244.60579,4427.72525,89.56535,122.85077,117.02835
2010-01-05,1469.77906,6233.5276,4419.87029,89.54289,122.81997,116.99901
2010-01-06,1468.27433,6227.25185,4415.42047,89.63152,122.94363,117.11681
2010-01-07,1462.0926,6201.03387,4396.83067,89.63418,122.94728,117.12029
2010-01-08,1467.87768,6225.67066,4414.28572,89.99512,123.44437,117.59346
2010-01-11,1488.97775,6315.25447,4477.78833,89.90184,123.31823,117.47286
2010-01-12,1474.42987,6253.75329,4434.15421,89.06326,122.17188,116.38015
2010-01-13,1474.04191,6252.18901,4433.04507,89.23622,122.41073,116.60767
2010-01-14,1481.4228,6283.49526,4455.24242,89.89372,123.31266,117.46684
2010-01-15,1456.68689,6178.57721,4380.85144,89.04175,122.14395,116.35354
2010-01-18,1468.45527,6228.49313,4416.24378,89.66126,122.99378,117.16308
2010-01-19,1469.85594,6234.43412,4420.45617,90.39405,123.99899,118.12064
2010-01-20,1430.25643,6067.2414,4301.91003,88.99314,122.09277,116.30478
2010-01-21,1404.11949,5956.36681,4223.29564,87.74293,120.37755,114.67088
2010-01-22,1395.80569,5921.22597,4198.35569,86.76657,119.04061,113.39667
2010-01-25,1388.82768,5891.62413,4177.36696,86.16814,118.21958,112.61457
2010-01-26,1385.83784,5878.9408,4168.37403,86.58511,118.79165,113.15952
2010-01-27,1372.13395,5822.69666,4128.18567,85.82966,117.79343,112.20022
2010-01-28,1348.82638,5723.79019,4058.06278,84.86127,116.46441,110.9343
2010-01-29,1356.24699,5755.27981,4080.38835,85.69954,117.61486,112.03013
2010-02-01,1363.85889,5788.83369,4104.00843,86.20534,118.33462,112.71107
2010-02-02,1382.0525,5866.05556,4158.75507,87.00466,119.43186,113.75617
2010-02-03,1370.43057,5819.1861,4125.50042,86.50865,118.80119,113.15474
2010-02-04,1320.88509,5608.80379,3976.3503,84.18888,115.61547,110.12044
2010-02-05,1282.5256,5445.91995,3860.87412,82.39873,113.15709,107.7789
2010-02-08,1293.91645,5494.28827,3895.16475,82.94551,113.90797,108.49409
2010-02-09,1298.87367,5515.33785,3910.08781,83.05415,114.05717,108.6362
2010-02-10,1304.36826,5542.98491,3929.50659,83.63077,114.93852,109.4706
2010-02-11,1300.14899,5525.05486,3916.7957,83.92697,115.34561,109.85832
2010-02-12,1296.82393,5510.92483,3906.77871,83.68773,115.0168,109.54516
2010-02-15,1300.56565,5526.82551,3918.05094,84.01871,115.47168,109.9784
2010-02-16,1324.18264,5627.18719,3989.19887,84.8795,116.65472,111.10516
2010-02-17,1336.82357,5683.49216,4029.11433,85.98787,118.23183,112.60724
2010-02-18,1342.10448,5705.94388,4045.03069,86.51129,118.95152,113.29269
2010-02-19,1337.23402,5685.38191,4030.4386,86.91818,119.51402,113.828
2010-02-22,1341.3737,5703.0006,4042.92675,86.68367,119.19195,113.5212
2010-02-23,1323.42081,5626.67188,3988.81639,85.65269,117.77434,112.17103
2010-02-24,1330.35518,5657.50899,4010.6772,85.87052,118.10215,112.48324
2010-02-25,1300.99754,5532.66181,3922.17151,84.4972,116.21335,110.68431
2010-02-26,1326.54891,5641.32235,3999.20229,85.37387,117.41908,111.83267
2010-03-01,1325.33906,5636.1773,3995.5549,86.36233,118.77855,113.12746
2010-03-02,1343.88506,5718.97213,4053.28722,87.0445,119.79901,114.0723
2010-03-03,1367.49679,5821.12365,4125.68651,87.73275,120.78091,115.00727
2010-03-04,1361.04179,5797.20933,4107.85566,87.85126,121.01843,115.20871
2010-03-05,1383.01978,5891.0015,4174.28045,89.26331,122.96734,117.06305
2010-03-08,1386.60873,5906.28873,4185.11276,89.20324,122.88459,116.98428
2010-03-09,1378.69982,5872.60055,4161.2418,89.15483,122.8179,116.92079
2010-03-10,1395.10164,5945.86783,4213.098,89.67079,123.59942,117.66311
2010-03-11,1392.65111,5935.42379,4205.69761,89.45109,123.2966,117.37483
2010-03-12,1404.94721,5987.82926,4242.83085,89.69969,123.63926,117.70103
2010-03-15,1384.96384,5902.79905,4182.58051,89.10395,122.82098,116.92206
2010-03-16,1408.6269,6003.66693,4254.05109,89.92482,123.95276,117.99943
2010-03-17,1419.2104,6051.04854,4287.5949,90.72575,125.10378,119.09434
2010-03-18,1404.32672,5987.58937,4242.6296,90.67849,125.03862,119.03231
2010-03-19,1391.40162,5932.48101,4203.58143,90.33537,124.56548,118.58189
2010-03-22,1390.96082,5930.60157,4202.24972,90.29006,124.50301,118.52242
2010-03-23,1400.22787,5970.39802,4230.39181,90.87817,125.31994,119.29852
2010-03-24,1382.72573,5896.83458,4178.19005,90.98268,125.48669,119.45505
2010-03-25,1395.58645,5952.36195,4217.3981,91.86332,126.7158,120.62119
2010-03-26,1394.78592,5950.62097,4215.82838,91.43033,126.154,120.07684
2010-03-29,1403.85811,5990.5085,4243.91798,91.52975,126.31612,120.22635
2010-03-30,1398.7774,5968.90057,4228.5957,91.53143,126.31998,120.22961
2010-03-31,1408.54165,6011.03535,4258.38226,91.42789,126.18691,120.10118
2010-04-01,1430.359,6106.19274,4325.28716,92.79947,128.12296,121.92955
2010-04-02,1430.359,6106.19274,4325.28716,92.79947,128.12296,121.92955
2010-04-05,1426.88881,6091.37852,4314.79359,92.7868,128.10548,121.91291
2010-04-06,1422.83756,6074.28068,4302.65848,93.37369,128.91994,122.68732
2010-04-07,1414.5909,6040.03638,4278.38533,93.10381,128.56779,122.35173
2010-04-08,1403.56104,5993.56923,4245.3374,92.29486,127.46407,121.29756
2010-04-09,1431.40216,6112.8782,4329.74802,93.50258,129.14087,122.89046
2010-04-12,1446.86206,6179.94332,4377.10227,93.38384,128.99864,122.75096
2010-04-13,1438.81451,6145.65982,4352.80739,93.17598,128.71338,122.47916
2010-04-14,1455.16163,6217.9051,4403.62142,93.792,129.61483,123.327
2010-04-15,1457.8146,6230.98469,4412.65804,94.38204,130.46674,124.1312
2010-04-16,1428.93717,6108.13273,4325.57315,92.91312,128.44832,122.20844
2010-04-19,1415.46305,6055.74476,4287.21412,92.32064,127.73911,121.49799
2010-04-20,1434.11304,6136.06799,4343.98133,93.56832,129.47671,123.1479
2010-04-21,1418.39185,6070.01069,4297.19144,93.01591,128.73793,122.44452
2010-04-22,1393.15526,5962.86539,4221.16932,91.9894,127.33545,121.10572
2010-04-23,1410.13088,6038.53921,4274.19373,92.69912,128.38199,122.08548
2010-04-26,1420.10765,6081.5,4304.56751,93.61071,129.64955,123.28987
2010-04-27,1374.87997,5888.65083,4167.90528,90.68724,125.6184,119.45185
2010-04-28,1346.99303,5772.07071,4085.21966,89.59809,124.17125,118.07077
2010-04-29,1368.81236,5868.36899,4152.82279,90.77445,125.86158,119.66213
2010-04-30,1364.8876,5855.89549,4143.16803,90.15679,125.09816,118.91256
2010-05-03,1355.6537,5821.36724,4117.92314,90.37265,125.50739,119.27794
2010-05-04,1301.89892,5597.40486,3958.11216,87.73478,121.99366,115.89807
2010-05-05,1273.03341,5481.73551,3875.81933,86.90983,121.03284,114.97045
2010-05-06,1239.10757,5340.13741,3774.88779,85.62872,119.34903,113.34649
2010-05-07,1185.63454,5115.66409,3615.08239,82.31558,114.86541,109.05436
2010-05-10,1288.36118,5559.63534,3928.6913,88.13094,122.99661,116.77028
2010-05-11,1267.46302,5473.07997,3867.03094,87.71936,122.50336,116.28707
2010-05-12,1284.01564,5547.12641,3919.03975,88.93503,124.25865,117.94399
2010-05-13,1275.7039,5511.46844,3893.80237,89.16445,124.58484,118.25224
2010-05-14,1218.34681,5265.28917,3719.62794,86.12187,120.37069,114.24458
2010-05-17,1208.46546,5222.96737,3689.65439,86.04317,120.26949,114.1462
2010-05-18,1227.93047,5307.20796,3749.10472,87.16058,121.83399,115.6292
2010-05-19,1187.9136,5137.68815,3629.02844,84.57301,118.29618,112.26152
2010-05-20,1162.06836,5030.59214,3552.54666,82.74638,115.84905,109.91343
2010-05-21,1176.76732,5094.67352,3597.73105,82.30829,115.24588,109.33905
2010-05-24,1164.05438,5045.48015,3561.93256,82.59651,115.78358,109.81653
2010-05-25,1123.70701,4870.80857,3438.58531,80.61282,113.00773,107.18264
2010-05-26,1148.12563,4977.19943,3513.67365,82.51622,115.68872,109.72484
2010-05-27,1186.46054,5146.66039,3632.727,84.96198,119.19359,113.03104
2010-05-28,1189.08618,5159.03176,3641.27645,84.69082,118.83578,112.68608
2010-05-31,1188.12894,5155.62315,3638.74506,85.04332,119.34764,113.16754
2010-06-01,1191.44695,5170.69407,3649.26829,85.16283,119.53092,113.3378
2010-06-02,1183.16176,5140.20832,3627.73462,85.1667,119.6637,113.46314
2010-06-03,1200.3815,5215.0926,3680.57096,86.38497,121.37716,115.08738
2010-06-04,1163.09935,5053.1192,3566.25763,84.87378,119.25382,113.07408
2010-06-07,1144.3236,4971.82834,3508.838,84.24562,118.3779,112.242
2010-06-08,1133.62183,4925.39187,3476.05509,83.33201,117.09558,111.02581
2010-06-09,1165.11099,5063.29567,3573.2151,84.87249,119.28586,113.09735
2010-06-10,1187.88304,5162.36665,3643.11205,86.18108,121.1276,114.84296
2010-06-11,1191.48053,5178.00082,3654.14517,86.53142,121.62001,115.30982
2010-06-14,1223.9686,5321.80613,3755.20311,87.56225,123.12939,116.72764
2010-06-15,1235.42505,5371.77148,3790.45995,88.15923,123.97239,117.52681
2010-06-16,1237.67356,5382.27701,3797.84438,88.25874,124.12912,117.6745
2010-06-17,1243.60618,5408.12127,3816.0695,88.40545,124.33649,117.87075
2010-06-18,1249.06845,5429.48103,3831.14133,88.59297,124.54531,118.06871
2010-06-21,1262.2311,5488.25608,3872.32597,89.54826,125.92404,119.36686
2010-06-22,1245.99567,5417.66348,3822.51824,89.10177,125.29619,118.7717
2010-06-23,1229.65163,5346.90338,3772.58802,88.23834,124.08909,117.62732
2010-06-24,1214.64162,5281.92132,3726.68849,86.61984,121.8196,115.47446
2010-06-25,1205.17752,5240.76626,3697.65131,86.11273,121.10642,114.79842
2010-06-28,1224.12502,5323.16029,3755.78487,87.1758,122.60149,116.21562
2010-06-29,1172.63199,5099.24065,3597.79714,84.57162,118.93905,112.74394
2010-06-30,1177.02511,5118.9591,3611.69443,84.39641,118.7069,112.52341
2010-07-01,1166.83814,5075.70197,3581.02303,82.28218,115.75701,109.72255
2010-07-02,1180.09808,5133.91067,3622.0064,82.24978,115.72335,109.68809
2010-07-05,1170.36522,5091.83001,3592.28154,82.02708,115.41593,109.39559
2010-07-06,1211.43172,5270.5022,3718.33338,84.12656,118.37016,112.19568
2010-07-07,1226.41502,5335.86107,3764.44399,85.26482,119.97561,113.71738
2010-07-08,1243.69827,5411.41639,3817.69997,86.14591,121.22345,114.89868
2010-07-09,1246.7628,5424.80395,3827.14098,86.67604,121.97064,115.60678
2010-07-12,1247.43645,5428.16561,3829.45222,87.05708,122.51656,116.12238
2010-07-13,1280.08543,5570.23621,3929.67992,88.73979,124.88465,118.36688
2010-07-14,1286.07429,5596.39022,3948.131,88.73473,124.87962,118.36212
2010-07-15,1287.68661,5603.43108,3953.09485,87.71589,123.44632,117.00352
2010-07-16,1268.64245,5520.65146,3894.67946,86.02829,121.07331,114.75388
2010-07-19,1260.60981,5485.71902,3870.03153,85.38141,120.16341,113.89135
2010-07-20,1253.60661,5455.24364,3848.53195,85.45736,120.27029,113.99266
2010-07-21,1261.41279,5489.72038,3872.8479,86.43226,121.65358,115.30355
2010-07-22,1296.49485,5642.39894,3980.55846,88.2201,124.16997,117.6886
2010-07-23,1295.0916,5636.29194,3976.25014,88.73994,124.90164,118.38207
2010-07-26,1312.72197,5713.02003,4030.37971,89.12748,125.44711,118.89907
2010-07-27,1322.88514,5757.25056,4061.58315,89.48203,125.94613,119.37204
2010-07-28,1321.26617,5752.00928,4057.88557,89.16308,125.53659,118.98388
2010-07-29,1323.22045,5761.04153,4064.20207,88.81726,125.06109,118.53158
2010-07-30,1312.82145,5715.76633,4032.26208,88.5048,124.62112,118.11458
2010-08-02,1363.99374,5939.89825,4190.19956,90.85622,127.96091,121.27481
2010-08-03,1367.86493,5956.88169,4202.16699,90.86599,127.97737,121.29003
2010-08-04,1360.41798,5929.25182,4182.51361,90.90415,128.13485,121.43457
2010-08-05,1357.44587,5916.29814,4173.37604,90.62626,127.74315,121.06335
2010-08-06,1356.96209,5914.18962,4171.88868,89.66362,126.38626,119.77741
2010-08-09,1370.90035,5974.97423,4214.76253,90.90606,128.13831,121.43774
2010-08-10,1342.96761,5853.23131,4128.88476,90.12551,127.03808,120.39504
2010-08-11,1297.25426,5656.56716,3990.11515,88.3231,124.55414,118.03974
2010-08-12,1293.68278,5640.99405,3979.12996,88.46052,124.74794,118.2234
2010-08-13,1288.32894,5617.64905,3962.6625,88.67087,125.04457,118.50451
2010-08-16,1297.01995,5655.54546,3989.39445,88.68526,125.06487,118.52375
2010-08-17,1313.90534,5729.22513,4041.3585,89.6653,126.44809,119.83435
2010-08-18,1307.58074,5704.79247,4024.12385,89.34477,126.06557,119.47184
2010-08-19,1289.48011,5625.82194,3968.41855,88.0258,124.20451,117.70812
2010-08-20,1262.94887,5510.21688,3886.85593,87.44139,123.3832,116.9293
2010-08-23,1268.27217,5533.48304,3903.26336,88.01116,124.18807,117.69195
2010-08-24,1249.49338,5451.55103,3845.46933,86.52684,122.09363,115.70706
2010-08-25,1234.55303,5386.42476,3799.52992,85.87139,121.17007,114.83181
2010-08-26,1256.24519,5481.17632,3866.35534,86.61538,122.22229,115.82865
2010-08-27,1262.31609,5507.66455,3885.03982,87.16739,123.00123,116.56684
2010-08-30,1258.74552,5493.37485,3874.73269,87.14007,122.99154,116.55082
2010-08-31,1261.72128,5506.36154,3883.89281,87.19144,123.06405,116.61953
2010-09-01,1307.47099,5706.46267,4025.00393,89.5742,126.43691,119.81489
2010-09-02,1307.95523,5708.57613,4026.49464,89.55149,126.40486,119.78452
2010-09-03,1322.8232,5773.46744,4072.26516,90.32653,127.49885,120.82121
2010-09-06,1327.19145,5792.53272,4085.71269,90.5087,127.75599,121.06488
2010-09-07,1305.67126,5698.60773,4019.46352,90.10808,127.19051,120.52902
2010-09-08,1320.6336,5766.14635,4067.1013,91.00838,128.51113,121.78047
2010-09-09,1333.72386,5823.30101,4107.41484,91.96098,129.85627,123.05516
2010-09-10,1330.37036,5808.68169,4097.10018,91.81625,129.65241,122.86189
2010-09-13,1354.02591,5912.13228,4170.02728,92.40686,130.49005,123.65444
2010-09-14,1364.89913,5959.6084,4203.5138,92.38083,130.4533,123.61962
2010-09-15,1366.15505,5965.24371,4207.48857,92.08972,130.04551,123.23319
2010-09-16,1363.28548,5952.7139,4198.65087,91.39126,129.05919,122.29853
2010-09-17,1353.83281,5911.43932,4169.53851,91.14717,128.71449,121.97189
2010-09-20,1375.58854,6008.00574,4237.35169,92.33584,130.42719,123.58617
2010-09-21,1373.8901,6000.58765,4232.11982,91.88476,129.79002,122.98243
2010-09-22,1383.02946,6040.94259,4260.58152,90.57179,127.9447,121.23389
2010-09-23,1374.41124,6003.29904,4234.03212,90.53734,127.89602,121.18777
2010-09-24,1404.4608,6134.55269,4326.60325,91.53507,129.30545,122.52327
2010-09-27,1397.9036,6105.91143,4306.40302,91.14491,128.75429,122.00102
2010-09-28,1402.61605,6126.57842,4320.96442,90.94245,128.47004,121.73126
2010-09-29,1400.6935,6118.68053,4315.39417,90.46384,127.80438,121.10052
2010-09-30,1399.17558,6112.04977,4310.71762,90.01499,127.17025,120.49966
2010-10-01,1405.72312,6140.65152,4330.88992,89.81452,126.88703,120.23129
2010-10-04,1391.39436,6078.0773,4286.75499,89.32138,126.19073,119.57144
2010-10-05,1426.27305,6230.43911,4394.21294,90.51513,127.87722,121.16947
2010-10-06,1438.61878,6284.80495,4432.55616,90.96996,128.5287,121.78678
2010-10-07,1442.81585,6303.14039,4445.48781,90.90158,128.43209,121.69524
2010-10-08,1441.663,6298.15108,4441.96064,90.8811,128.40412,121.6685
2010-10-11,1442.68036,6303.08386,4445.37421,91.19725,128.86077,122.0994
2010-10-12,1432.56652,6258.8964,4414.21012,90.94739,128.50772,121.76488
2010-10-13,1466.22423,6406.63109,4518.40072,92.24404,130.35379,123.51403
2010-10-14,1476.19241,6450.18683,4549.11924,92.05353,130.08457,123.25893
2010-10-15,1469.56403,6422.47569,4529.40773,92.11763,130.20054,123.36424
2010-10-18,1469.47686,6422.25849,4529.22337,92.40565,130.61095,123.75225
2010-10-19,1443.00113,6306.54795,4447.61985,91.90879,129.90866,123.08685
2010-10-20,1466.58231,6410.27953,4520.77535,92.21372,130.35333,123.50816
2010-10-21,1477.76072,6459.25249,4555.29778,92.69428,131.03494,124.15357
2010-10-22,1464.92994,6403.16948,4515.74602,92.40089,130.62019,123.7606
2010-10-25,1474.35397,6444.54087,4544.89589,92.63606,130.95628,124.07831
2010-10-26,1459.973,6381.73571,4500.60369,92.46007,130.70863,123.84366
2010-10-27,1439.74447,6294.70847,4439.2293,91.77124,129.76359,122.94826
2010-10-28,1458.3518,6376.0616,4496.60212,92.14479,130.29178,123.44871
2010-10-29,1458.63684,6377.30781,4497.48099,92.17274,130.33131,123.48616
2010-11-01,1459.82182,6382.48867,4501.1347,92.32069,130.5405,123.68437
2010-11-02,1480.79228,6474.34105,4565.8895,92.72881,131.12097,124.23374
2010-11-03,1474.02699,6447.17355,4546.58657,92.38091,130.67791,123.81004
2010-11-04,1520.64138,6651.05792,4690.36709,93.89202,132.81547,125.83526
2010-11-05,1506.46322,6589.0448,4646.63505,94.29265,133.38218,126.37219
2010-11-08,1491.71379,6527.9492,4603.09672,94.25274,133.39553,126.37239
2010-11-09,1501.35759,6570.15184,4632.85535,94.78025,134.14212,127.07967
2010-11-10,1467.92131,6425.99544,4530.93324,94.11713,133.2485,126.22552
2010-11-11,1464.98676,6413.24301,4521.92502,94.12825,133.2662,126.24182
2010-11-12,1462.02645,6403.47684,4514.47611,93.71181,132.7428,125.73033
2010-11-15,1461.96508,6403.20803,4514.2866,94.44885,133.78682,126.7192
2010-11-16,1423.25389,6233.65827,4394.75336,92.22609,130.63828,123.73699
2010-11-17,1429.0591,6262.94499,4415.40061,92.68774,131.37319,124.43308
2010-11-18,1455.89253,6380.60983,4498.346,94.00814,133.24605,126.20675
2010-11-19,1453.00819,6368.11588,4489.52219,93.41327,132.40595,125.4106
2010-11-22,1437.47917,6301.28916,4442.17948,92.77143,131.52192,124.56683
2010-11-23,1397.25597,6124.968,4317.87948,91.35361,129.51187,122.66308
2010-11-24,1407.22649,6168.98571,4348.91036,92.28371,130.83708,123.9182
2010-11-25,1412.41287,6191.733,4364.94478,92.76581,131.52083,124.56575
2010-11-26,1389.8945,6093.01699,4295.35362,92.37132,130.96152,124.03602
2010-11-29,1353.54905,5933.99832,4183.19909,90.83215,128.78612,121.97414
2010-11-30,1344.74946,5895.42068,4156.00361,90.73037,128.64181,121.83746
2010-12-01,1376.47257,6035.65151,4254.84169,92.54725,131.243,124.30053
2010-12-02,1410.37717,6184.35522,4359.66339,94.05998,133.38902,126.33282
2010-12-03,1429.28917,6267.99728,4418.53113,93.80408,133.0413,126.00076
2010-12-06,1421.31181,6233.01343,4393.86978,93.95452,133.25466,126.20283
2010-12-07,1440.45338,6317.04878,4453.09304,94.80599,134.46426,127.34795
2010-12-08,1432.21078,6281.07731,4427.73558,95.19083,135.01385,127.86847
2010-12-09,1433.00191,6284.54689,4430.1814,95.51446,135.47288,128.3032
2010-12-10,1439.36212,6312.52645,4449.89087,95.6191,135.62315,128.44511
2010-12-13,1461.58413,6410.26185,4518.73858,95.88777,136.01012,128.8102
2010-12-14,1464.74659,6424.31094,4528.61055,96.12397,136.34894,129.13019
2010-12-15,1452.45591,6370.66405,4490.78429,95.70713,135.7632,128.57518
2010-12-16,1443.20959,6330.27182,4462.31114,96.06725,136.27756,129.06231
2010-12-17,1431.81828,6280.30672,4427.08994,95.63152,135.65944,128.47692
2010-12-20,1436.45531,6300.75653,4441.49052,96.30374,136.61543,129.38186
2010-12-21,1454.43728,6379.69776,4497.12838,97.26429,137.9795,130.67344
2010-12-22,1452.10734,6369.52175,4489.94898,97.37911,138.14333,130.82842
2010-12-23,1450.62163,6363.00483,4485.35513,97.49535,138.30824,130.98459
2010-12-24,1454.94172,6381.95445,4498.71294,97.40185,138.1756,130.85897
2010-12-27,1446.23478,6343.76237,4471.7909,96.59073,137.02492,129.76923
2010-12-28,1447.1834,6347.9234,4474.72406,96.79025,137.30797,130.03729
2010-12-29,1452.0459,6369.62635,4490.02272,97.08219,137.73021,130.43717
2010-12-30,1448.93218,6355.96753,4480.39445,95.81279,135.92931,128.73164
2010-12-31,1456.82996,6390.61237,4504.816,95.37639,135.3102,128.14531
2011-01-03,1462.0512,6413.60994,4521.01469,96.10147,136.34085,129.12102
2011-01-04,1470.54759,6450.92518,4547.31267,96.98292,137.59233,130.30606
2011-01-05,1452.15027,6370.32214,4490.4933,97.03008,137.66142,130.37145
2011-01-06,1445.31026,6340.31625,4469.3419,97.38056,138.15867,130.84237
2011-01-07,1437.3601,6305.57404,4444.83391,97.24027,137.96256,130.65611
2011-01-10,1419.97488,6229.8409,4391.37412,96.38336,136.75852,129.51362
2011-01-11,1436.67891,6303.20515,4443.07754,97.56619,138.43857,131.10436
2011-01-12,1470.5568,6451.99373,4547.95052,98.88437,140.31232,132.87864
2011-01-13,1491.72679,6545.34073,4613.68771,98.25427,139.42815,132.03953
2011-01-14,1493.19029,6551.7622,4618.21409,98.14826,139.2777,131.89706
2011-01-17,1486.59791,6523.99591,4598.48687,98.2591,139.45979,132.06503
2011-01-18,1512.23791,6636.51808,4677.79895,99.185,140.77392,133.30949
2011-01-19,1502.83238,6596.12644,4649.3286,97.82299,138.85943,131.49651
2011-01-20,1476.24925,6479.44966,4567.08811,96.67297,137.22698,129.95062
2011-01-21,1505.41028,6607.47471,4657.32303,97.33076,138.16142,130.83538
2011-01-24,1519.78578,6670.75745,4701.89362,97.60992,138.56155,131.21334
2011-01-25,1509.13061,6623.98899,4668.92879,96.93975,137.61023,130.31246
2011-01-26,1523.97309,6692.53075,4716.728,97.75732,138.84122,131.46388
2011-01-27,1530.36753,6720.65084,4736.53674,97.88512,139.02352,131.63623
2011-01-28,1505.4777,6611.3465,4659.50194,97.04579,137.83145,130.50751
2011-01-31,1512.86665,6643.79525,4682.37095,96.91747,137.64921,130.33495
2011-02-01,1545.11265,6785.40446,4782.17338,98.39472,139.7473,132.32155
2011-02-02,1549.68637,6808.1183,4798.1534,98.56449,140.04248,132.60027
2011-02-03,1531.54374,6728.41367,4741.98002,98.6826,140.21029,132.75917
2011-02-04,1526.82005,6707.66147,4727.3545,98.93712,140.57192,133.10158
2011-02-07,1540.58202,6768.13385,4769.9713,99.90997,141.95444,134.41056
2011-02-08,1554.25132,6828.34429,4812.38459,99.84541,141.86599,134.32622
2011-02-09,1551.17198,6820.68498,4806.79919,99.39315,141.34502,133.82772
2011-02-10,1536.57968,6756.52093,4761.58031,99.22546,141.10656,133.60195
2011-02-11,1537.43458,6760.28002,4764.22949,99.64699,141.70601,134.16951
2011-02-14,1532.60612,6739.04873,4749.26698,99.99819,142.20544,134.64238
2011-02-15,1540.91362,6775.5778,4775.01042,100.14963,142.4208,134.84629
2011-02-16,1548.42535,6808.64851,4798.31662,100.60806,143.07359,135.46436
2011-02-17,1558.14327,6851.37964,4828.4309,100.78096,143.31946,135.69716
2011-02-18,1564.50452,6879.63179,4848.30079,100.76202,143.29838,135.67606
2011-02-21,1547.63629,6805.49723,4796.05147,99.435,141.412,133.8899
2011-02-22,1541.04355,6776.64244,4775.70222,98.83429,140.56051,133.0833
2011-02-23,1532.3646,6739.49047,4749.52012,97.79563,139.10426,131.70452
2011-02-24,1525.90993,6715.65003,4731.5973,97.18244,138.32573,130.93636
2011-02-25,1539.80935,6776.82249,4774.69713,98.37441,140.02233,132.54233
2011-02-28,1559.6119,6863.97506,4836.1016,99.17424,141.16078,133.61997
2011-03-01,1551.42914,6828.30609,4810.90525,98.53263,140.25461,132.7604
2011-03-02,1546.56667,6808.8382,4797.18909,97.8629,139.34086,131.89547
2011-03-03,1557.97191,6863.6441,4834.67306,98.16379,139.86289,132.35868
2011-03-04,1554.10967,6846.90523,4822.82792,97.56698,139.01816,131.55779
2011-03-07,1549.87844,6828.26377,4809.69723,97.1347,138.40224,130.97492
2011-03-08,1543.15566,6798.64538,4788.83461,97.51357,138.94207,131.48578
2011-03-09,1541.43074,6795.92952,4786.86594,97.25064,138.66708,131.22402
2011-03-10,1509.94505,6657.13859,4689.10213,96.10643,137.03608,129.68047
2011-03-11,1501.42101,6619.55724,4662.63088,95.28422,135.86371,128.57104
2011-03-14,1499.79162,6612.37351,4657.57086,94.25795,134.40038,127.18625
2011-03-15,1465.04985,6459.20185,4549.68102,92.12067,131.35287,124.30232
2011-03-16,1437.46573,6339.97422,4465.70042,90.69137,129.36357,122.4198
2011-03-17,1474.79611,6505.19373,4581.93515,92.38296,131.78809,124.71034
2011-03-18,1489.91891,6571.89906,4628.91906,92.55791,132.03767,124.94651
2011-03-21,1520.89719,6708.54144,4725.16317,94.17263,134.34113,127.12627
2011-03-22,1521.11415,6709.51341,4725.84408,94.00713,134.10533,126.90303
2011-03-23,1519.30833,6702.35341,4720.80094,94.48057,134.79691,127.55746
2011-03-24,1542.18516,6804.70117,4792.59902,95.38653,136.11803,128.79982
2011-03-25,1537.52346,6785.56934,4778.82277,95.47472,136.27274,128.93808
2011-03-28,1534.61676,6773.11009,4769.97241,95.55094,136.38895,129.04599
2011-03-29,1532.4877,6763.71336,4763.35476,95.67272,136.56277,129.21045
2011-03-30,1546.82967,6828.54386,4808.99773,96.38652,137.61252,130.2033
2011-03-31,1542.5286,6809.86622,4795.78221,95.46829,136.30774,128.96711
2011-04-01,1560.72993,6891.98821,4853.31744,96.90206,138.39035,130.92951
2011-04-04,1571.44348,6942.88067,4889.03651,96.96063,138.5455,131.0731
2011-04-05,1571.85565,6945.15193,4890.54794,97.18064,138.86886,131.37666
2011-04-06,1591.08056,7031.16168,4950.97397,97.40247,139.20695,131.69281
2011-04-07,1580.51912,6985.87989,4918.7952,97.13846,138.85727,131.35416
2011-04-08,1601.76351,7081.68341,4985.97145,97.45868,139.35246,131.81521
2011-04-11,1599.95316,7074.13125,4980.59451,97.23065,139.0353,131.51362
2011-04-12,1576.89605,6972.47512,4908.9689,95.54847,136.63554,129.24227
2011-04-13,1589.24904,7028.51021,4948.32563,96.24385,137.65765,130.20658
2011-04-14,1577.23564,6979.048,4912.78659,95.80368,137.10012,129.66033
2011-04-15,1576.98694,6979.09411,4912.60117,96.06429,137.49565,130.02863
2011-04-18,1526.69978,6764.7438,4759.85308,94.3955,135.27111,127.87476
2011-04-19,1545.79093,6850.49444,4820.16296,94.85141,135.94743,128.51339
2011-04-20,1594.24812,7067.8279,4973.04136,96.49669,138.35617,130.7893
2011-04-21,1608.25112,7135.76239,5019.95078,96.94341,139.1108,131.47934
2011-04-22,1608.25112,7135.76239,5019.95078,96.94341,139.1108,131.47934
2011-04-25,1604.56773,7119.41928,5008.45353,96.79113,138.89229,131.27281
2011-04-26,1618.89909,7184.91397,5054.25817,97.21496,139.5375,131.87557
2011-04-27,1625.95894,7219.70246,5078.5449,97.53221,140.05991,132.36446
2011-04-28,1651.00808,7331.32284,5157.00844,97.82548,140.48863,132.76825
2011-04-29,1657.04257,7365.09099,5179.52101,98.097,141.01205,133.231
2011-05-02,1663.84214,7400.79472,5203.77205,98.13243,141.16754,133.35593
2011-05-03,1649.4091,7340.24603,5161.0556,97.6122,140.48902,132.71129
2011-05-04,1630.26275,7262.23646,5105.26794,96.21009,138.60836,130.9107
2011-05-05,1596.25748,7117.04686,5002.11935,95.94389,138.34716,130.63575
2011-05-06,1604.82365,7163.76585,5033.59955,97.16359,140.27287,132.41846
2011-05-09,1572.59358,7023.43082,4934.41463,96.81735,139.84342,131.99757
2011-05-10,1596.67512,7132.56708,5010.82215,97.68368,141.1261,133.20117
2011-05-11,1594.44621,7129.23831,5008.0375,97.95672,141.65227,133.68588
2011-05-12,1572.44523,7031.48769,4939.2586,97.289,140.69915,132.78334
2011-05-13,1565.59448,7005.70796,4920.25096,96.80035,140.08954,132.18389
2011-05-16,1567.14729,7016.95727,4927.41128,96.68536,140.00895,132.08799
2011-05-17,1543.69043,6912.62317,4853.80563,95.69867,138.59405,130.74397
2011-05-18,1558.22479,6980.13287,4901.16377,96.03707,139.13248,131.2507
2011-05-19,1568.32386,7025.74514,4933.12934,96.65272,140.03182,132.09745
2011-05-20,1555.36423,6973.19225,4895.27371,96.52456,139.95661,132.00073
2011-05-23,1514.16131,6798.61768,4770.87644,94.84208,137.72272,129.84365
2011-05-24,1526.26413,6853.24739,4809.16606,95.04772,138.02712,130.12939
2011-05-25,1533.92617,6888.39322,4833.7678,95.75231,139.0653,131.10649
2011-05-26,1535.90677,6899.4036,4841.10942,95.67535,138.99615,131.03089
2011-05-27,1563.91392,7026.18365,4929.88777,96.32349,139.95709,131.93196
2011-05-30,1563.52612,7024.44138,4929.15061,96.22875,139.81943,131.81517
2011-05-31,1588.33972,7138.31709,5008.58898,97.03853,141.04338,132.95658
2011-06-01,1577.62416,7097.40673,4979.78533,96.05314,139.75384,131.73836
2011-06-02,1557.36445,7006.86775,4916.1533,94.72442,137.83251,129.9244
2011-06-03,1565.0977,7041.87886,4940.66428,94.36808,137.31825,129.43825
2011-06-06,1560.37981,7021.87584,4926.45279,93.84846,136.58594,128.74333
2011-06-07,1567.0551,7051.99688,4947.57444,93.73961,136.42911,128.59522
2011-06-08,1543.15355,6944.58707,4872.21734,92.78697,135.04557,127.29113
2011-06-09,1548.77856,6969.98492,4890.02138,93.76713,136.47376,128.63693
2011-06-10,1512.38231,6808.299,4776.23779,92.50736,134.68194,126.93876
2011-06-13,1517.70263,6832.93096,4793.39838,92.72301,135.00937,127.24419
2011-06-14,1540.09836,6933.75999,4864.13138,93.42837,136.03641,128.21217
2011-06-15,1503.98363,6771.20081,4750.09379,92.43137,134.58542,126.84463
2011-06-16,1482.04786,6672.69887,4680.94825,92.0429,134.02494,126.31517
2011-06-17,1501.73809,6761.3512,4743.13852,92.18693,134.23466,126.51283
2011-06-20,1494.74022,6731.89301,4722.09349,91.7285,133.6078,125.9119
2011-06-21,1522.79156,6858.25641,4810.7275,93.05333,135.53805,127.73086
2011-06-22,1520.46467,6848.40492,4803.81717,92.51849,134.77138,127.00835
2011-06-23,1469.67791,6619.82184,4643.45977,91.23273,132.90179,125.24598
2011-06-24,1469.56701,6619.32231,4643.10937,91.11958,132.73696,125.09065
2011-06-27,1481.90622,6674.96482,4682.13124,91.13513,132.76087,125.11295
2011-06-28,1497.45486,6745.46587,4731.50695,91.56879,133.40181,125.71492
2011-06-29,1526.286,6875.73413,4822.88168,93.11786,135.66636,127.84898
2011-06-30,1554.6286,7003.75882,4912.62467,94.17648,137.21546,129.30729
2011-07-01,1564.2653,7047.80438,4943.41655,94.86495,138.23093,130.26153
2011-07-04,1570.80821,7077.51503,4964.21863,95.06809,138.53148,130.54377
2011-07-05,1566.39578,7058.95138,4950.54436,95.11565,138.62664,130.6162
2011-07-06,1545.00565,6962.89292,4883.17078,94.85293,138.25041,130.26154
2011-07-07,1558.07073,7022.32607,4924.77841,95.25222,138.84331,130.81822
2011-07-08,1534.49561,6916.63317,4850.58082,94.52152,137.78941,129.82323
2011-07-11,1485.26012,6694.91495,4695.05521,93.2446,135.93218,128.07239
2011-07-12,1474.81154,6647.81721,4662.02619,92.61843,135.01935,127.21233
2011-07-13,1503.38131,6777.55787,4752.88363,93.23925,135.94365,128.07974
2011-07-14,1490.60492,6719.95925,4712.49156,92.48605,134.84547,127.04509
2011-07-15,1483.54537,6688.13329,4690.17304,92.25659,134.51091,126.72989
2011-07-18,1447.56087,6525.92385,4576.4177,90.64782,132.16565,124.5202
2011-07-19,1476.35076,6655.71501,4667.43602,91.37571,133.22691,125.52007
2011-07-20,1495.98932,6744.79965,4729.90817,92.55206,134.95305,127.14636
2011-07-21,1530.87953,6902.10523,4840.22144,93.50528,136.34296,128.45587
2011-07-22,1537.94102,6933.99096,4862.57291,94.02814,137.10631,129.17483
2011-07-25,1531.06968,6903.23633,4840.99663,93.79738,136.77431,128.86179
2011-07-26,1540.44862,6945.52378,4870.65132,93.40124,136.19666,128.31755
2011-07-27,1512.35334,6820.12231,4782.65476,92.34802,134.68602,126.8928
2011-07-28,1504.09646,6783.46911,4756.89024,92.38013,134.74441,126.94617
2011-07-29,1500.68349,6768.07663,4746.09629,91.72152,133.78377,126.04113
2011-08-01,1465.32718,6610.11839,4635.12882,90.62637,132.21637,124.55908
2011-08-02,1440.32817,6497.36592,4556.0629,88.97374,129.8057,122.28796
2011-08-03,1418.78401,6407.86863,4493.14025,87.1891,127.35486,119.97465
2011-08-04,1356.56741,6126.87039,4296.10679,84.16362,122.93562,115.8115
2011-08-05,1335.35199,6031.19467,4228.99181,82.63432,120.70467,113.70908
2011-08-08,1280.96345,5785.60111,4056.77911,79.29379,115.82623,109.11322
2011-08-09,1301.17967,5877.00509,4120.86022,80.36113,117.38723,110.58348
2011-08-10,1248.72324,5643.13631,3956.82466,77.33076,113.02192,106.46982
2011-08-11,1287.9762,5820.52534,4081.20536,79.27809,115.86802,109.15093
2011-08-12,1330.21009,6011.3856,4215.03176,82.18584,120.1178,113.15434
2011-08-15,1353.53311,6116.78522,4288.93531,82.29533,120.27783,113.30509
2011-08-16,1347.95445,6091.63058,4271.2877,82.22367,120.1742,113.20721
2011-08-17,1355.73683,6130.54461,4298.57317,82.38369,120.48167,113.49685
2011-08-18,1279.50008,5785.80751,4056.85277,78.49507,114.79476,108.13964
2011-08-19,1268.17167,5734.73033,4021.02315,77.24971,112.97643,106.42631
2011-08-22,1274.77053,5764.62974,4041.98152,77.85145,113.85764,107.25626
2011-08-23,1285.78036,5814.41718,4076.89094,78.472,114.76518,108.11119
2011-08-24,1305.15723,5902.57356,4138.62163,79.55508,116.35967,109.61106
2011-08-25,1283.79424,5805.95941,4070.88009,78.56369,114.90965,108.24514
2011-08-26,1275.81807,5770.03662,4045.67691,78.0348,114.13903,107.5188
2011-08-29,1306.50591,5908.82599,4142.98946,78.94693,115.47317,108.77555
2011-08-30,1311.2914,5930.46894,4158.16447,79.79331,116.71114,109.94172
2011-08-31,1346.72313,6090.82325,4270.59734,82.15141,120.16245,113.19284
2011-09-01,1341.34973,6066.52098,4253.55773,82.67055,120.92178,113.90813
2011-09-02,1304.80962,5901.2611,4137.68531,80.65621,117.97542,111.13267
2011-09-05,1241.80088,5617.74404,3938.64194,77.28626,113.07545,106.51001
2011-09-06,1228.00156,5555.61791,3895.07524,76.85221,112.44647,105.9173
2011-09-07,1266.31972,5731.49227,4018.38175,79.23899,115.98966,109.25475
2011-09-08,1272.59934,5759.91443,4038.30869,79.81389,116.83121,110.04743
2011-09-09,1214.35855,5496.38264,3853.53303,77.78022,113.85582,107.24448
2011-09-12,1175.27379,5319.7496,3729.63132,75.84654,111.03092,104.58183
2011-09-13,1191.7777,5394.45277,3782.00508,76.52645,112.02623,105.51933
2011-09-14,1209.10261,5473.23221,3837.17538,77.67583,113.71628,107.1095
2011-09-15,1249.50561,5656.12405,3965.39725,79.23973,116.00582,109.26602
2011-09-16,1251.35387,5664.49052,3971.26282,79.73115,116.72524,109.94364
2011-09-19,1207.96933,5471.20272,3835.18703,77.93651,114.16261,107.51405
2011-09-20,1239.79372,5615.34352,3936.22641,79.41805,116.33279,109.55784
2011-09-21,1217.06545,5513.02182,3864.50125,78.07602,114.37984,107.71862
2011-09-22,1141.32488,5169.93477,3624.00514,74.44608,109.06205,102.71053
2011-09-23,1153.15419,5223.51875,3661.56627,74.92,109.75633,103.36438
2011-09-26,1170.93552,5304.06401,3718.02665,76.34066,111.83757,105.32441
2011-09-27,1236.81424,5602.53589,3927.24101,79.66879,116.7144,109.91701
2011-09-28,1219.85049,5526.28372,3873.7901,78.77251,115.41367,108.69204
2011-09-29,1231.90947,5580.9145,3912.08494,79.27436,116.14897,109.38452
2011-09-30,1197.08185,5423.75935,3801.83622,78.36233,114.82592,108.13605
2011-10-03,1170.58389,5303.70192,3717.68082,77.45325,113.49382,106.88156
2011-10-04,1139.20152,5161.51415,3618.01294,75.35408,110.41788,103.98482
2011-10-05,1177.20121,5333.94558,3738.8804,77.68333,113.83656,107.20433
2011-10-06,1217.78039,5517.81144,3867.76294,79.79757,116.93474,110.12201
2011-10-07,1234.79328,5594.89755,3921.79719,80.38163,117.79063,110.92803
2011-10-10,1271.03053,5759.08994,4036.88942,81.7529,119.80007,112.82041
2011-10-11,1265.90041,5735.90667,4020.6307,81.5304,119.47531,112.51433
2011-10-12,1301.37841,5897.821,4134.11756,82.84939,121.43205,114.35684
2011-10-13,1278.97649,5796.29596,4062.95289,81.96087,120.12976,113.13042
2011-10-14,1304.83649,5913.49292,4145.10289,82.65614,121.14881,114.0901
2011-10-17,1283.89046,5819.9251,4079.33488,81.92609,120.10682,113.1038
2011-10-18,1271.43319,5763.45578,4039.75409,81.60549,119.63681,112.6612
2011-10-19,1290.22897,5849.03466,4099.73852,82.10388,120.37522,113.35656
2011-10-20,1261.42147,5718.44074,4008.20189,80.88015,118.58108,111.66702
2011-10-21,1312.09908,5948.17911,4169.23141,82.92182,121.57444,114.48585
2011-10-24,1326.79076,6015.16011,4216.13053,83.93184,123.06301,115.88626
2011-10-25,1319.63006,5982.69623,4193.37603,83.35278,122.21398,115.08675
2011-10-26,1314.65462,5960.52117,4177.83314,83.54924,122.50988,115.3654
2011-10-27,1392.71344,6314.43256,4425.8958,86.49171,126.82448,119.42837
2011-10-28,1393.79651,6319.34309,4429.33768,86.35442,126.62316,119.2388
2011-10-31,1341.10565,6080.59846,4261.97733,84.44811,123.83098,116.6089
2011-11-01,1270.82359,5761.93827,4038.6239,81.61408,119.67528,112.69557
2011-11-02,1293.81368,5871.4299,4115.19086,82.33796,120.84488,113.79205
2011-11-03,1314.25522,5964.19526,4180.20861,83.99183,123.27223,116.07773
2011-11-04,1302.58495,5911.23464,4142.97778,83.1492,122.03552,114.91011
2011-11-07,1294.93724,5880.57406,4120.95015,82.70911,121.47317,114.36565
2011-11-08,1311.42742,5955.45933,4173.42776,83.42262,122.5211,115.35225
2011-11-09,1268.1698,5760.07895,4036.46166,81.98618,120.43362,113.38555
2011-11-10,1263.40795,5739.75019,4021.98827,81.66932,119.99533,112.96652
2011-11-11,1307.27993,5939.06367,4161.65227,83.59472,122.82429,115.62976
2011-11-14,1284.50776,5835.60811,4089.15834,82.75309,121.58769,114.4656
2011-11-15,1266.62459,5754.36364,4032.22828,82.26475,120.87019,113.79013
2011-11-16,1266.82737,5761.09051,4036.94197,82.23535,120.94888,113.86421
2011-11-17,1249.2559,5681.57847,3981.16022,81.19072,119.42081,112.4238
2011-11-18,1240.47743,5641.80426,3953.27412,80.56654,118.50588,111.56203
2011-11-21,1195.88857,5440.31509,3811.84637,77.99067,114.74453,108.01422
2011-11-22,1190.52967,5416.17187,3794.87229,77.48297,114.00253,107.3141
2011-11-23,1162.37832,5289.86999,3706.37815,76.46388,112.54077,105.9381
2011-11-24,1157.48767,5267.61313,3690.78375,76.30791,112.3112,105.722
2011-11-25,1161.15164,5284.28748,3702.46673,76.8581,113.12098,106.48428
2011-11-28,1211.6666,5514.23556,3863.57494,79.70618,117.31409,110.4312
2011-11-29,1219.43003,5549.88518,3888.4972,80.31613,118.21863,111.28107
2011-11-30,1275.98158,5808.44816,4069.65796,83.25107,122.56362,115.37108
2011-12-01,1268.49716,5774.37803,4045.78691,82.71053,121.76782,114.62198
2011-12-02,1277.02895,5813.21595,4072.99849,83.51173,122.94736,115.7323
2011-12-05,1291.13008,5877.61999,4118.10038,84.19878,123.96336,116.68804
2011-12-06,1278.71465,5821.19607,4078.55085,83.9219,123.55773,116.30574
2011-12-07,1277.07285,5813.92549,4073.4568,83.76407,123.32968,116.09107
2011-12-08,1250.44457,5692.98535,3988.7111,82.50116,121.47634,114.34621
2011-12-09,1270.22627,5783.0469,4051.81147,83.47396,122.90872,115.69452
2011-12-12,1233.46058,5616.06286,3934.74701,81.97174,120.70545,113.61856
2011-12-13,1228.4821,5593.56369,3918.95408,82.44563,121.40691,114.27799
2011-12-14,1190.94177,5422.90298,3799.37737,80.76554,118.93878,111.95452
2011-12-15,1206.60779,5494.23752,3849.35555,81.53521,120.07222,113.02141
2011-12-16,1205.91454,5491.08085,3847.14394,81.1792,119.54794,112.52792
2011-12-19,1203.65934,5482.33177,3840.74797,81.20789,119.62335,112.5911
2011-12-20,1236.21573,5630.64797,3944.64819,82.81909,121.99741,114.82543
2011-12-21,1224.21306,5576.0619,3906.39591,82.40785,121.39344,114.25664
2011-12-22,1238.94206,5643.14977,3953.39535,83.28763,122.68941,115.47643
2011-12-23,1247.08802,5680.25309,3979.38865,84.0024,123.74234,116.46745
2011-12-26,1247.08802,5680.25309,3979.38865,84.0024,123.74234,116.46745
2011-12-27,1249.83203,5692.80674,3988.17595,84.01327,123.75955,116.48343
2011-12-28,1229.58898,5601.03447,3923.8836,83.41545,122.88838,115.66348
2011-12-29,1238.5724,5641.95584,3952.55164,84.23308,124.09292,116.79721
2011-12-30,1255.53541,5719.40102,4006.78058,84.94601,125.14705,117.78858
2012-01-02,1268.63821,5779.17748,4048.64574,85.83251,126.45502,119.01931
2012-01-03,1295.30294,5901.32642,4134.11806,87.15653,128.42046,120.86625
2012-01-04,1274.25968,5805.50314,4066.98997,86.69703,127.7445,120.23005
2012-01-05,1251.73371,5702.88713,3995.10155,85.93665,126.62437,119.17576
2012-01-06,1244.69899,5670.83705,3972.64918,85.98467,126.69512,119.24235
2012-01-09,1241.2643,5655.35064,3961.7765,85.5892,126.11602,118.6966
2012-01-10,1267.48857,5775.96291,4046.10329,87.12044,128.39746,120.83885
2012-01-11,1253.07964,5710.40247,4000.17773,86.75125,127.85562,120.32891
2012-01-12,1260.49012,5744.17273,4023.83405,86.51077,127.50119,119.99535
2012-01-13,1245.85634,5677.48522,3977.11896,86.38737,127.31932,119.82418
2012-01-16,1256.0302,5725.12262,4010.29951,87.05158,128.32682,120.76665
2012-01-17,1273.06862,5802.78564,4064.70044,87.78566,129.40895,121.78503
2012-01-18,1281.824,5843.66918,4093.33829,87.84112,129.51233,121.88232
2012-01-19,1304.58037,5947.41251,4166.0078,88.87356,131.03456,123.31487
2012-01-20,1303.36635,5941.90934,4162.14835,88.6053,130.63972,122.94316
2012-01-23,1322.57213,6029.67775,4223.58873,89.0323,131.2739,123.53883
2012-01-24,1311.71058,5980.15937,4188.90276,88.7535,130.86282,123.15197
2012-01-25,1304.67951,5951.77083,4168.46575,88.32539,130.31187,122.61726
2012-01-26,1337.85806,6103.12687,4274.47159,89.30835,131.76208,123.98184
2012-01-27,1322.19592,6031.72861,4224.45377,88.43086,130.46855,122.76433
2012-01-30,1306.05156,5958.1467,4172.9092,87.47099,129.05384,121.43287
2012-01-31,1312.8302,5989.07055,4194.56734,88.08282,129.95654,122.28226
2012-02-01,1349.48624,6156.46325,4311.7686,89.80473,132.50068,124.67513
2012-02-02,1349.24484,6155.36195,4310.99729,89.9659,132.73847,124.89888
2012-02-03,1366.92321,6236.0121,4367.48179,91.49197,134.99008,127.01751
2012-02-06,1360.75633,6207.8783,4347.77788,91.38563,134.83319,126.86988
2012-02-07,1374.37153,6270.14958,4391.36729,91.15688,134.49906,126.55482
2012-02-08,1372.93518,6263.73494,4386.87473,90.97917,134.23981,126.31088
2012-02-09,1381.4765,6302.70298,4414.16642,91.20112,134.5673,126.61903
2012-02-10,1357.31929,6192.49265,4336.97912,90.38764,133.36706,125.48967
2012-02-13,1370.30228,6251.72491,4378.46307,91.06234,134.36258,126.42639
2012-02-14,1358.53205,6198.02562,4340.8542,90.868,134.07583,126.15658
2012-02-15,1359.62232,6212.07206,4350.4956,91.39334,135.04819,127.06578
2012-02-16,1358.31389,6206.0939,4346.30892,91.4734,135.1665,127.1771
2012-02-17,1378.65016,6299.16029,4411.47021,91.98946,135.93231,127.89718
2012-02-20,1400.51181,6399.10748,4481.45963,92.71563,137.00664,128.90782
2012-02-21,1393.42887,6366.74471,4458.79515,92.26411,136.33943,128.28006
2012-02-22,1379.24907,6303.3986,4414.36958,91.4873,135.22249,127.22733
2012-02-23,1384.61903,6327.9402,4431.55644,91.33992,135.00466,127.02238
2012-02-24,1403.2881,6413.26096,4491.30793,91.54695,135.31066,127.31029
2012-02-27,1391.88668,6366.64674,4457.31707,91.26412,135.00908,126.98819
2012-02-28,1397.10803,6390.52978,4474.03769,91.41198,135.22781,127.19393
2012-02-29,1392.1597,6370.80542,4460.22858,91.40485,135.27905,127.24212
2012-03-01,1401.73858,6414.71389,4490.95518,92.34441,136.67117,128.55114
2012-03-02,1389.04052,6356.60434,4450.27256,92.38797,136.73563,128.61177
2012-03-05,1383.57501,6331.71354,4432.82109,91.8332,135.91716,127.84119
2012-03-06,1335.39097,6111.47457,4278.57595,89.42573,132.3598,124.49357
2012-03-07,1343.72685,6153.88465,4308.21236,89.94966,133.22751,125.30812
2012-03-08,1380.12804,6325.76729,4427.33615,91.32489,135.37518,127.29341
2012-03-09,1370.85569,6283.79166,4397.85568,91.77267,136.05028,127.92523
2012-03-12,1369.62456,6278.17002,4393.91805,91.5472,135.7165,127.61129
2012-03-13,1390.44052,6373.63828,4460.7262,93.15834,138.10607,129.85794
2012-03-14,1385.52097,6354.05532,4446.93284,93.42023,138.55904,130.28128
2012-03-15,1394.02088,6393.03625,4474.21393,93.67333,138.93443,130.63425
2012-03-16,1412.06248,6475.77577,4532.1198,94.16165,139.6587,131.31524
2012-03-19,1418.00948,6504.55228,4551.94361,94.05122,139.52716,131.18247
2012-03-20,1399.6976,6420.55382,4493.16075,92.98764,137.94931,129.69899
2012-03-21,1394.99273,6400.58281,4479.14958,92.88938,137.83822,129.59352
2012-03-22,1379.02614,6328.34746,4428.40566,91.79488,136.23613,128.08167
2012-03-23,1386.86022,6365.24832,4454.03045,91.83956,136.3228,128.15747
2012-03-26,1405.96458,6453.12113,4515.47224,92.66452,137.55138,129.31112
2012-03-27,1399.14366,6421.91596,4493.6192,92.24265,136.92732,128.72395
2012-03-28,1380.82696,6340.58514,4436.52019,91.26457,135.53402,127.40868
2012-03-29,1362.24722,6256.1982,4377.27948,90.11454,133.84602,125.81628
2012-03-30,1379.73915,6337.55598,4433.98799,90.99751,135.17935,127.06344
2012-04-02,1398.7355,6427.99377,4497.15935,92.36133,137.2733,129.02875
2012-04-03,1387.01676,6374.13943,4459.48172,91.32661,135.73543,127.58324
2012-04-04,1335.89387,6140.56238,4295.8706,89.44576,132.96949,124.97773
2012-04-05,1331.97722,6125.92701,4285.01033,89.5556,133.20601,125.18188
2012-04-06,1331.97722,6125.92701,4285.01033,89.5556,133.20601,125.18188
2012-04-09,1332.86836,6130.02545,4287.87714,89.5641,133.21864,125.19375
2012-04-10,1300.6781,5982.79651,4184.75793,87.31752,129.89482,122.06622
2012-04-11,1314.162,6045.34792,4228.48692,87.97057,130.87776,122.98924
2012-04-12,1333.91483,6136.93795,4292.40959,88.92684,132.31605,124.33675
2012-04-13,1304.49548,6005.22026,4199.71659,87.57379,130.38167,122.50256
2012-04-16,1306.92754,6018.56504,4208.75325,87.87811,130.88148,122.96352
2012-04-17,1341.28422,6178.25019,4320.0826,89.64608,133.54635,125.45736
2012-04-18,1330.45502,6130.81465,4286.83367,89.04766,132.70783,124.6673
2012-04-19,1325.97302,6111.39855,4273.12044,88.60925,132.08121,124.07467
2012-04-20,1339.57284,6177.85033,4318.91582,89.07753,132.86031,124.78724
2012-04-23,1300.35718,6004.60351,4196.04297,87.01994,129.95605,122.00838
2012-04-24,1321.53066,6103.05019,4264.73747,87.91106,131.30137,123.26852
2012-04-25,1332.49526,6158.54361,4303.1837,88.76819,132.6862,124.55903
2012-04-26,1339.21644,6191.92781,4326.04846,88.9091,132.94665,124.79019
2012-04-27,1351.39953,6252.35235,4367.55416,89.51494,133.94029,125.70243
2012-04-30,1339.2154,6203.65769,4332.39122,88.86873,133.13812,124.91651
2012-05-01,1344.36317,6227.5037,4349.04434,89.28116,133.75599,125.49623
2012-05-02,1331.26177,6169.90802,4308.5633,88.9018,133.25448,125.01818
2012-05-03,1332.1942,6175.27415,4312.14358,88.96069,133.36531,125.11731
2012-05-04,1305.36848,6059.97922,4229.79973,87.42524,131.25954,123.0884
2012-05-07,1308.06358,6074.6794,4239.69139,88.04213,132.23337,123.99082
2012-05-08,1281.18527,5951.90491,4153.51154,86.59136,130.0992,121.97523
2012-05-09,1270.81797,5911.80875,4125.22916,86.31243,129.85731,121.73955
2012-05-10,1279.74762,5961.28241,4158.17752,86.72778,130.65608,122.44203
2012-05-11,1282.48199,5977.10252,4168.59942,87.02052,131.16475,122.90065
2012-05-14,1249.24427,5822.54318,4060.75047,85.46512,128.828,120.7095
2012-05-15,1235.1118,5757.15528,4015.0743,84.91497,128.00943,119.94032
2012-05-16,1224.60118,5711.96128,3983.30769,84.41703,127.34347,119.3089
2012-05-17,1207.43253,5633.83448,3928.46475,83.44966,125.92786,117.97179
2012-05-18,1195.29045,5582.48992,3891.84856,82.51957,124.64288,116.74359
2012-05-21,1205.73434,5636.46423,3928.65929,82.94069,125.39459,117.42322
2012-05-22,1227.79632,5740.72956,4001.17621,84.5245,127.81429,119.68441
2012-05-23,1184.88899,5540.41808,3861.54693,82.70183,125.06507,117.10957
2012-05-24,1196.99085,5598.87506,3901.95522,83.55314,126.39467,118.34444
2012-05-25,1193.33345,5584.36892,3891.80761,83.7672,126.77753,118.70175
2012-05-28,1195.3091,5594.02977,3898.45349,83.73188,126.7335,118.65788
2012-05-29,1203.66142,5633.42004,3925.84885,84.33042,127.64626,119.51079
2012-05-30,1171.77529,5487.75483,3823.99608,83.04707,125.78554,117.75816
2012-05-31,1164.80861,5455.37446,3801.38114,82.74027,125.32651,117.32684
2012-06-01,1142.63888,5352.6698,3729.60106,81.17532,122.98199,115.12537
2012-06-04,1148.80018,5382.04102,3749.99241,80.74439,122.34069,114.52278
2012-06-05,1149.34318,5384.85482,3751.89654,80.98996,122.71891,114.87511
2012-06-06,1178.89686,5528.56685,3852.0211,82.8465,125.6513,117.61986
2012-06-07,1198.07828,5618.57137,3914.72094,83.75885,127.03619,118.91591
2012-06-08,1185.63801,5562.18409,3875.03167,83.52742,126.72968,118.61669
2012-06-11,1190.27766,5584.85049,3890.6359,83.55937,126.7986,118.6755
2012-06-12,1193.69625,5600.89072,3901.81018,84.16262,127.71402,119.53227
2012-06-13,1201.19328,5636.06721,3926.31556,83.90316,127.3203,119.16378
2012-06-14,1199.46655,5627.96529,3920.67143,83.6329,126.91018,118.77993
2012-06-15,1213.25168,5692.64588,3965.73059,84.4031,128.07894,119.87382
2012-06-18,1209.6966,5679.62242,3956.03857,84.46017,128.24812,120.01337
2012-06-19,1238.72995,5815.93634,4050.98558,85.82547,130.32124,121.95338
2012-06-20,1247.73271,5859.20751,4081.12533,86.27228,131.02212,122.60925
2012-06-21,1231.49627,5783.70657,4028.429,85.80146,130.32384,121.95256
2012-06-22,1215.67529,5709.40353,3976.67594,85.17553,129.37311,121.06289
2012-06-25,1192.23322,5599.30816,3899.99304,83.90455,127.44263,119.25642
2012-06-26,1190.50038,5591.57391,3894.54198,83.84307,127.35844,119.17568
2012-06-27,1205.5896,5663.24166,3944.42262,85.00117,129.13577,120.83771
2012-06-28,1197.09052,5623.51364,3916.71121,84.6091,128.54461,120.28327
2012-06-29,1253.97767,5890.82448,4102.87911,86.78606,131.85369,123.37936
2012-07-02,1261.49996,5926.54584,4127.69091,88.04555,133.7759,125.17597
2012-07-03,1276.63523,5997.90217,4177.33644,88.94641,135.1503,126.46043
2012-07-04,1266.79125,5953.18964,4145.99126,88.93785,135.17219,126.47468
2012-07-05,1252.15354,5884.54853,4098.1658,88.82613,135.00578,126.31831
2012-07-06,1232.80322,5793.61086,4034.83424,87.97929,133.71867,125.11403
2012-07-09,1227.25095,5767.62129,4016.71634,87.63646,133.2,124.62817
2012-07-10,1233.17441,5796.01545,4036.40942,88.3756,134.33632,125.68883
2012-07-11,1233.18173,5796.04985,4036.43338,88.41941,134.40291,125.75114
2012-07-12,1213.65877,5704.46695,3972.62822,87.48742,132.99034,124.42869
2012-07-13,1235.62408,5809.37799,4045.44484,88.63432,134.77249,126.0885
2012-07-16,1237.4022,5817.81681,4051.3098,88.79088,135.01237,126.31256
2012-07-17,1231.52911,5790.2037,4032.08106,88.56482,134.66862,125.99097
2012-07-18,1250.53823,5880.05217,4094.64817,89.55421,136.18406,127.40875
2012-07-19,1263.64297,5941.67087,4137.55713,90.51851,137.65045,128.78065
2012-07-20,1236.50924,5814.14168,4048.74065,89.25548,135.73104,126.98462
2012-07-23,1201.37236,5648.92595,3933.69088,87.0806,132.4237,123.89039
2012-07-24,1192.41182,5606.79291,3904.35108,86.65997,131.78403,123.29195
2012-07-25,1195.38853,5621.691,3914.72553,86.60041,131.71459,123.22698
2012-07-26,1241.80959,5840.14227,4066.83164,88.67247,134.86934,126.17799
2012-07-27,1264.60854,5947.43647,4141.53627,89.78945,136.56992,127.76864
2012-07-30,1271.69159,5980.748,4164.73297,91.23271,138.76512,129.82238
2012-07-31,1266.90402,5958.2321,4149.05388,90.3505,137.42328,128.56701
2012-08-01,1271.19175,5978.99351,4163.51122,90.79267,138.10959,129.20909
2012-08-02,1241.74015,5840.46922,4067.04893,89.69204,136.43536,127.64276
2012-08-03,1290.76387,6071.11074,4227.64499,91.86933,139.74875,130.74222
2012-08-06,1303.75138,6132.56969,4270.43686,92.24799,140.33328,131.28892
2012-08-07,1314.12493,6181.36467,4304.41542,92.92958,141.37014,132.25896
2012-08-08,1309.58499,6170.36711,4296.53027,93.08068,141.83809,132.68974
2012-08-09,1309.77634,6171.44937,4297.2499,93.45731,142.41618,133.22949
2012-08-10,1308.32825,6164.62618,4292.49884,93.31608,142.20096,133.02815
2012-08-13,1306.76875,6157.27808,4287.38227,92.92187,141.60024,132.46618
2012-08-14,1312.28588,6183.27388,4305.48344,93.54138,142.54429,133.34933
2012-08-15,1307.12617,6163.67802,4291.83862,93.47324,142.54953,133.35423
2012-08-16,1319.67693,6223.06439,4333.16871,93.75246,142.98002,133.7563
2012-08-17,1320.10321,6225.07457,4334.56842,94.28609,143.79385,134.51763
2012-08-20,1318.40217,6217.28299,4329.11908,93.82886,143.10184,133.86952
2012-08-21,1338.07942,6310.10516,4393.74652,94.16862,143.62067,134.35472
2012-08-22,1320.38073,6227.42011,4336.15048,93.01622,141.88083,132.72645
2012-08-23,1324.85306,6248.51331,4350.83766,92.47459,141.05466,131.95358
2012-08-24,1319.62846,6224.0035,4333.75777,92.59559,141.24221,132.12862
2012-08-27,1325.61128,6252.22133,4353.40577,93.01911,141.88823,132.73295
2012-08-28,1321.66257,6233.81978,4340.5541,92.37302,140.90774,131.81455
2012-08-29,1315.54736,6205.55731,4320.87518,92.23186,140.70558,131.62544
2012-08-30,1302.48721,6143.95139,4277.97952,91.53177,139.63754,130.62632
2012-08-31,1318.95687,6221.64029,4332.07362,91.90236,140.20289,131.15519
2012-09-03,1327.97013,6264.2252,4361.71319,92.69216,141.40934,132.28342
2012-09-04,1310.24147,6180.87905,4303.68016,91.60759,139.76113,130.74157
2012-09-05,1314.61978,6204.25871,4319.94553,91.61469,139.83339,130.80877
2012-09-06,1348.70594,6365.12601,4431.95536,93.75208,143.09574,133.86056
2012-09-07,1369.23461,6463.32572,4500.05566,93.94483,143.41913,134.15489
2012-09-10,1364.42338,6440.92777,4484.38715,93.72455,143.08979,133.84462
2012-09-11,1375.4228,6492.91214,4520.57158,94.03883,143.57094,134.29441
2012-09-12,1381.27119,6520.86208,4540.03121,94.12727,143.7135,134.42776
2012-09-13,1381.09192,6520.05001,4539.45985,93.98016,143.48964,134.21819
2012-09-14,1424.47734,6724.86995,4682.06181,95.15931,145.28997,135.9022
2012-09-17,1418.69727,6697.58258,4663.06351,94.84893,144.81609,135.45893
2012-09-18,1403.93056,6627.86984,4614.52735,94.44762,144.20336,134.8858
2012-09-19,1409.94862,6656.90886,4634.74521,94.83795,144.81299,135.45603
2012-09-20,1396.13911,6591.70886,4589.35096,94.67401,144.56265,135.22187
2012-09-21,1406.59953,6641.09653,4623.73618,95.11164,145.23089,135.84693
2012-09-24,1393.48844,6582.38855,4582.31276,94.76131,144.76622,135.39606
2012-09-25,1404.02733,6633.48533,4617.60914,95.13179,145.36101,135.94427
2012-09-26,1365.51461,6452.21097,4491.42297,93.40502,142.73763,133.49083
2012-09-27,1372.18598,6483.73396,4513.36631,93.70446,143.19521,133.91878
2012-09-28,1355.93973,6407.05727,4459.97577,92.56984,141.46329,132.29859
2012-10-01,1379.64832,6519.74269,4538.32029,93.89647,143.50511,134.20529
2012-10-02,1379.06837,6517.00201,4536.41254,93.63932,143.1121,133.83775
2012-10-03,1374.3635,6494.95299,4521.06446,93.56217,142.99825,133.73128
2012-10-04,1384.4794,6542.7586,4554.34142,93.50074,142.90436,133.64347
2012-10-05,1404.47299,6637.25659,4620.12041,94.45155,144.35784,135.00275
2012-10-08,1381.21699,6527.52664,4543.70847,93.53934,142.96742,133.70156
2012-10-09,1367.34513,6461.9693,4498.07504,93.12409,142.33274,133.10801
2012-10-10,1360.65139,6431.54726,4476.89874,92.6287,141.60226,132.42488
2012-10-11,1375.6432,6502.41074,4526.22568,93.34902,142.70342,133.45467
2012-10-12,1370.9557,6480.41865,4510.88707,92.85874,141.95755,132.75624
2012-10-15,1374.61788,6497.72954,4522.93683,93.32992,142.67785,133.42986
2012-10-16,1402.1327,6627.79031,4613.46948,94.56207,144.5615,135.19142
2012-10-17,1419.28967,6711.2015,4671.25627,95.00424,145.28751,135.8624
2012-10-18,1418.45281,6707.24435,4668.50194,95.15855,145.52348,136.08306
2012-10-19,1400.93457,6624.40821,4610.84478,94.42326,144.39903,135.03155
2012-10-22,1399.4736,6617.80852,4606.21155,94.03974,143.81922,134.4882
2012-10-23,1364.94674,6454.53846,4492.57024,92.47313,141.42334,132.24777
2012-10-24,1371.43251,6487.55335,4515.54969,92.87672,142.09192,132.87297
2012-10-25,1373.56548,6497.93333,4522.71394,93.08935,142.42359,133.18134
2012-10-26,1372.38325,6492.34054,4518.82123,93.21062,142.60913,133.35484
2012-10-29,1364.4102,6454.6224,4492.56852,92.85939,142.07176,132.85234
2012-10-30,1384.1012,6547.77471,4557.40471,93.66967,143.31145,134.01158
2012-10-31,1374.18231,6500.9293,4524.7992,93.14194,142.50575,133.25817
2012-11-01,1389.4398,6573.10887,4575.03788,94.32896,144.32188,134.95644
2012-11-02,1385.4215,6554.34088,4561.9396,94.72982,144.94053,135.5339
2012-11-05,1370.66713,6484.53893,4513.35617,94.17554,144.09246,134.74086
2012-11-06,1380.51104,6531.10983,4545.77036,94.71482,144.91758,135.51243
2012-11-07,1356.76761,6421.57035,4469.4784,93.42517,143.00648,133.72386
2012-11-08,1351.52997,6396.92824,4452.30566,93.26926,142.77112,133.50313
2012-11-09,1348.30903,6381.68318,4441.695,93.17877,142.6326,133.3736
2012-11-12,1344.99717,6366.3162,4430.93509,92.93527,142.26675,133.02957
2012-11-13,1350.96476,6394.56277,4450.59461,93.34761,142.89797,133.6198
2012-11-14,1339.96163,6346.84031,4417.16365,92.46003,141.63653,132.43378
2012-11-15,1333.61146,6316.76218,4396.2304,91.56506,140.26555,131.15188
2012-11-16,1310.88204,6209.26329,4321.38158,90.61722,138.81719,129.79662
2012-11-19,1351.25135,6400.99672,4454.75596,92.60969,141.8809,132.65934
2012-11-20,1354.32342,6415.54936,4464.88383,92.91086,142.34231,133.09076
2012-11-21,1359.33121,6441.99264,4483.28696,93.13438,142.74503,133.46731
2012-11-22,1374.00927,6511.55332,4531.69752,93.65784,143.54733,134.21746
2012-11-23,1390.07945,6587.71131,4584.69947,94.21581,144.40252,135.01706
2012-11-26,1384.11217,6559.49301,4565.05463,93.76433,143.71188,134.37113
2012-11-27,1384.66625,6562.11887,4566.88209,94.0485,144.14743,134.77837
2012-11-28,1383.84346,6559.17285,4564.83182,94.14916,144.32268,134.94223
2012-11-29,1407.03778,6669.53281,4641.5481,95.21824,145.97075,136.48058
2012-11-30,1407.26627,6670.61593,4642.30187,95.03234,145.68576,136.21412
2012-12-03,1416.00644,6712.04539,4671.13401,95.14341,145.85603,136.37332
2012-12-04,1418.08713,6722.48252,4678.39755,95.174,145.91539,136.42882
2012-12-05,1419.46412,6729.75018,4683.45535,95.40128,146.27993,136.76966
2012-12-06,1420.46029,6734.53428,4686.77582,96.06736,147.30259,137.72557
2012-12-07,1415.76795,6712.46953,4671.40126,96.18329,147.48434,137.89494
2012-12-10,1417.75163,6722.43484,4678.33333,96.33296,147.72615,138.12094
2012-12-11,1430.39595,6782.57158,4720.1515,96.6463,148.21064,138.57296
2012-12-12,1435.80263,6808.63845,4738.23623,96.70659,148.31245,138.66652
2012-12-13,1435.60743,6808.21995,4737.87087,96.3425,147.76508,138.15259
2012-12-14,1436.41616,6812.05523,4740.53987,96.23867,147.60584,138.00371
2012-12-17,1441.28991,6836.84558,4757.44145,96.18002,147.55207,137.94329
2012-12-18,1453.38229,6894.20649,4797.35623,96.60894,148.21009,138.55846
2012-12-19,1464.40179,6946.65526,4833.85288,97.00006,148.81391,139.12295
2012-12-20,1462.46542,6937.5737,4827.51826,97.03646,148.87198,139.17681
2012-12-21,1451.50271,6885.56929,4791.33094,96.76596,148.45699,138.78884
2012-12-24,1451.40019,6885.51543,4791.28115,96.6088,148.22518,138.57177
2012-12-25,1451.40019,6885.51543,4791.28115,96.6088,148.22518,138.57177
2012-12-26,1453.43916,6895.18841,4798.01209,96.54696,148.1303,138.48307
2012-12-27,1454.78247,6902.0517,4802.71623,96.63254,148.27214,138.61361
2012-12-28,1445.28415,6856.98796,4771.35912,96.01251,147.32078,137.72422
2012-12-31,1445.75994,6859.24529,4772.92986,96.31366,147.78286,138.1562
2013-01-01,1445.75994,6859.24529,4772.92986,96.31366,147.78286,138.1562
2013-01-02,1480.59325,7024.76205,4888.08926,98.22071,150.71448,140.89645
2013-01-03,1472.53815,6987.26204,4861.89047,98.76052,151.55835,141.6823
2013-01-04,1472.22078,6985.75608,4860.84259,99.12148,152.11228,142.20013
2013-01-07,1471.70354,6983.30178,4859.13484,98.67817,151.43198,141.56416
2013-01-08,1465.88854,6955.88121,4840.02988,98.53651,151.21833,141.3637
2013-01-09,1473.3928,6991.57595,4864.86693,99.2156,152.26235,142.33968
2013-01-10,1488.52776,7064.08641,4915.21997,98.94138,151.85639,141.95726
2013-01-11,1501.49936,7125.70683,4958.08291,98.81644,151.66593,141.77885
2013-01-14,1498.51009,7111.61198,4948.25979,98.46845,151.13377,141.28093
2013-01-15,1496.45253,7103.85943,4942.57154,98.46585,151.1726,141.30882
2013-01-16,1491.05003,7079.33974,4925.51176,98.49037,151.23432,141.36651
2013-01-17,1504.50801,7143.23674,4969.96864,98.92179,151.89677,141.98574
2013-01-18,1495.14456,7098.78012,4939.03757,98.79798,151.70666,141.80804
2013-01-21,1501.83332,7130.71239,4961.2201,99.06482,152.12013,142.19353
2013-01-22,1498.1533,7113.23965,4949.06337,99.03405,152.07288,142.14937
2013-01-23,1500.51646,7125.22208,4957.40019,99.23135,152.39214,142.44779
2013-01-24,1514.36488,7194.1551,5004.77823,99.45076,152.7965,142.80915
2013-01-25,1530.37381,7270.20726,5057.68565,99.74879,153.2544,143.23712
2013-01-28,1527.00835,7254.21927,5046.56324,99.63295,153.07642,143.07077
2013-01-29,1534.69389,7290.78603,5072.00174,100.00811,153.65399,143.61059
2013-01-30,1536.333,7298.87075,5077.57029,99.43984,152.78713,142.79882
2013-01-31,1528.57563,7262.01672,5051.93223,98.90494,151.96527,142.03069
2013-02-01,1546.62323,7347.75798,5111.57943,99.18127,152.38985,142.42751
2013-02-04,1508.28344,7165.61181,4984.86668,97.70352,150.11931,140.30541
2013-02-05,1513.72075,7191.4436,5002.83696,98.27318,150.99458,141.12346
2013-02-06,1508.6196,7168.11831,4986.55658,97.87328,150.39922,140.5655
2013-02-07,1488.20499,7071.11948,4919.0786,97.61966,150.00949,140.20126
2013-02-08,1505.06509,7151.2293,4974.80761,98.79201,151.81102,141.88499
2013-02-11,1496.05881,7108.43645,4945.03844,98.21185,150.9195,141.05177
2013-02-12,1512.89997,7188.45627,5000.70484,98.68676,151.64927,141.73382
2013-02-13,1515.38954,7206.96208,5013.41815,99.05514,152.35651,142.39026
2013-02-14,1502.51266,7145.72161,4970.81711,98.91277,152.13753,142.18561
2013-02-15,1500.53591,7136.32046,4964.27734,98.71605,151.83495,141.90282
2013-02-18,1497.88661,7123.7822,4955.54888,98.53807,151.5625,141.64801
2013-02-19,1515.25536,7206.38603,5013.01095,99.63962,153.25681,143.23149
2013-02-20,1511.72042,7192.57795,5003.40558,99.3068,152.80871,142.81269
2013-02-21,1473.33589,7009.94913,4876.36266,97.86493,150.59003,140.73915
2013-02-22,1485.40788,7067.38615,4916.31783,99.12033,152.52178,142.54454
2013-02-25,1490.6399,7092.27945,4933.63448,99.07427,152.45092,142.47831
2013-02-26,1455.36856,6930.27737,4819.53649,97.77698,150.58104,140.68977
2013-02-27,1472.78356,7013.89635,4877.6878,98.67526,151.9794,141.99627
2013-02-28,1483.21012,7063.55119,4912.21936,99.64367,153.47094,143.38984
2013-03-01,1467.98535,6991.29761,4861.95501,99.30065,152.94815,142.90089
2013-03-04,1470.49835,7003.26581,4870.27805,99.27567,152.90967,142.86494
2013-03-05,1498.86495,7138.36208,4964.22799,101.05869,155.65596,145.43083
2013-03-06,1492.20805,7109.51846,4944.1137,100.81495,155.34303,145.13682
2013-03-07,1500.79671,7155.70105,4974.94918,100.75579,155.36614,145.12105
2013-03-08,1501.38891,7158.98883,4977.14347,101.57977,156.64688,146.31464
2013-03-11,1503.80534,7170.51095,4985.15399,101.48527,156.50116,146.17853
2013-03-12,1504.82281,7175.44698,4988.57334,101.50324,156.53071,146.20578
2013-03-13,1496.53018,7140.04955,4963.96405,101.50125,156.61854,146.28781
2013-03-14,1516.49448,7235.30059,5030.18526,102.60967,158.32886,147.88532
2013-03-15,1520.55792,7255.8148,5044.21221,102.21137,157.73878,147.32729
2013-03-18,1504.34738,7180.03058,4991.20002,101.96451,157.39222,146.99397
2013-03-19,1489.78448,7110.52399,4942.8825,101.53771,156.7334,146.37868
2013-03-20,1501.7332,7172.2186,4985.7367,101.85021,157.3181,146.92378
2013-03-21,1488.53159,7112.70596,4943.6433,101.14621,156.30844,145.95947
2013-03-22,1494.70442,7143.05051,4964.56021,101.00691,156.11173,145.77068
2013-03-25,1477.4066,7060.77005,4907.35715,100.72535,155.68503,145.37175
2013-03-26,1477.24511,7060.33599,4906.98882,100.8984,155.95996,145.62649
2013-03-27,1462.32085,6990.39631,4858.33189,100.48859,155.35738,145.0624
2013-03-28,1475.45881,7053.35762,4902.05178,100.91765,156.02421,145.6839
2013-03-29,1475.45881,7053.35762,4902.05178,100.91765,156.02421,145.6839
2013-04-01,1477.1521,7061.45233,4907.67756,100.98628,156.13032,145.78297
2013-04-02,1494.0809,7142.7509,4964.09957,102.21126,158.03241,147.55662
2013-04-03,1481.01461,7082.15608,4921.94574,101.24247,156.57589,146.19543
2013-04-04,1466.47281,7013.52655,4874.06021,100.20159,154.98622,144.70552
2013-04-05,1462.93874,6997.79356,4862.88505,98.6705,152.64352,142.51114
2013-04-08,1464.70878,7010.46099,4871.40268,98.82783,152.97857,142.8156
2013-04-09,1471.27841,7042.00128,4893.29919,98.9632,153.19021,143.01258
2013-04-10,1500.01256,7181.64398,4989.94214,100.68391,155.89963,145.53059
2013-04-11,1513.26554,7248.14701,5035.60216,101.25235,156.84583,146.39794
2013-04-12,1496.58881,7172.71808,4982.70026,100.35823,155.55726,145.18069
2013-04-15,1485.23808,7125.50324,4948.16849,99.69983,154.69274,144.3233
2013-04-16,1478.88276,7095.97566,4927.47243,98.92542,153.512,143.21615
2013-04-17,1446.16027,6941.00524,4819.86039,97.38927,151.17261,141.03366
2013-04-18,1450.42743,6961.68592,4834.1755,97.37798,151.15942,141.02002
2013-04-19,1458.01776,7002.23106,4861.74522,97.89132,152.04559,141.82969
2013-04-22,1454.63471,6988.05921,4851.61413,98.04642,152.33175,142.08809
2013-04-23,1488.42415,7151.41697,4964.82482,100.44341,156.07842,145.57683
2013-04-24,1496.94071,7198.01078,4996.76456,101.16971,157.33105,146.73321
2013-04-25,1509.25505,7259.6023,5039.02524,101.91962,158.54918,147.85475
2013-04-26,1506.26296,7251.68389,5032.42952,101.55359,158.12094,147.42319
2013-04-29,1522.54877,7338.14361,5091.24467,102.07957,159.11453,148.31504
2013-04-30,1529.21796,7372.48374,5114.70676,101.87347,158.84062,148.0492
2013-05-01,1531.04596,7382.51761,5121.66782,101.92567,158.94829,148.14956
2013-05-02,1522.41628,7345.07528,5094.87015,102.28149,159.59377,148.72719
2013-05-03,1543.63432,7448.73384,5166.41884,103.36306,161.30931,150.31564
2013-05-06,1536.43292,7417.8522,5144.36533,103.35363,161.37875,150.36181
2013-05-07,1543.60127,7454.28999,5169.37089,103.60967,161.81825,150.76359
2013-05-08,1563.86981,7560.09128,5242.04864,104.26494,163.01246,151.85615
2013-05-09,1554.65732,7522.05647,5214.33908,104.27209,163.16463,151.95895
2013-05-10,1546.27588,7482.53006,5186.78069,104.69331,163.84623,152.58908
2013-05-13,1544.80671,7475.88192,5182.08702,104.50925,163.56826,152.3277
2013-05-14,1550.60144,7507.07159,5203.06609,104.9336,164.3013,152.99152
2013-05-15,1547.68877,7499.43601,5197.10846,105.68516,165.62086,154.2005
2013-05-16,1553.27775,7529.18626,5216.9486,105.61518,165.56987,154.13008
2013-05-17,1546.10255,7497.48242,5194.88814,105.88969,166.06835,154.59135
2013-05-20,1555.12909,7546.53176,5228.09884,106.23866,166.73224,155.18636
2013-05-21,1558.38649,7564.23595,5239.96969,106.32886,166.91567,155.3454
2013-05-22,1562.08322,7585.43984,5254.60067,106.54798,167.33156,155.73076
2013-05-23,1532.01197,7439.5421,5153.51555,104.29032,163.78876,152.43302
2013-05-24,1532.05146,7441.62148,5154.59192,104.06314,163.47344,152.12881
2013-05-27,1537.96752,7470.70107,5174.66666,104.39636,164.00443,152.62096
2013-05-28,1547.24892,7516.21285,5206.10836,105.70855,166.07529,154.54563
2013-05-29,1531.66593,7441.94766,5154.50535,103.74411,163.02043,151.69805
2013-05-30,1547.43764,7520.33269,5208.46896,104.10985,163.63332,152.25878
2013-05-31,1522.27306,7398.79877,5124.16459,103.16359,162.16277,150.88657
2013-06-03,1518.72151,7382.14893,5112.50825,102.37391,160.93481,149.74033
2013-06-04,1528.50081,7429.72626,5145.44912,102.70206,161.45159,150.2209
2013-06-05,1507.39472,7330.646,5076.58113,101.17168,159.12201,148.04608
2013-06-06,1502.18063,7306.25178,5059.49019,99.99266,157.28838,146.33437
2013-06-07,1524.45253,7414.62235,5134.52721,101.27562,159.30745,148.21259
2013-06-10,1520.5764,7396.0763,5121.68432,101.21717,159.22211,148.13319
2013-06-11,1512.31604,7355.89791,5093.86132,100.06064,157.4028,146.44059
2013-06-12,1513.58078,7367.9843,5102.09792,99.67876,156.92848,145.99549
2013-06-13,1508.34516,7342.49774,5084.44928,99.61032,156.82072,145.89524
2013-06-14,1515.43222,7376.99698,5108.33892,99.77451,157.07921,146.13572
2013-06-17,1527.48307,7435.65951,5148.96088,100.51141,158.23935,147.21504
2013-06-18,1531.26447,7454.06704,5161.70752,100.42167,158.09807,147.0836
2013-06-19,1528.99236,7443.85154,5154.63361,100.18664,157.74595,146.75601
2013-06-20,1458.38516,7100.60593,4916.81581,97.2211,153.0875,142.41831
2013-06-21,1437.54873,6999.1572,4846.56762,96.11293,151.34254,140.79496
2013-06-24,1409.47364,6865.66375,4753.5783,94.53811,148.93218,138.53651
2013-06-25,1427.6837,6954.37732,4814.99865,95.90601,151.08735,140.54118
2013-06-26,1444.20916,7035.61534,4871.24537,97.55334,153.69869,142.97024
2013-06-27,1453.47968,7080.77765,4902.51437,98.17577,154.67935,143.88245
2013-06-28,1445.83382,7043.75941,4876.84626,97.69313,153.92395,143.17867
2013-07-01,1466.35788,7144.26066,4946.35514,98.79869,155.67703,144.80719
2013-07-02,1460.03919,7113.92525,4925.25886,98.3805,155.0279,144.20064
2013-07-03,1444.45505,7038.90004,4873.23735,97.79935,154.13199,143.365
2013-07-04,1471.66952,7171.74534,4965.16273,100.09335,157.75235,146.73105
2013-07-05,1443.03483,7032.20269,4868.55417,98.74992,155.63503,144.76166
2013-07-08,1466.88875,7148.57409,4949.09886,100.1482,157.84159,146.81341
2013-07-09,1469.01185,7158.9206,4956.26196,100.90891,159.04052,147.92857
2013-07-10,1479.05814,7208.62108,4990.56983,101.03401,159.25409,148.12423
2013-07-11,1508.70965,7353.13635,5090.61858,101.60935,160.16096,148.96772
2013-07-12,1508.29231,7351.10231,5089.21041,101.48397,159.96333,148.7839
2013-07-15,1514.11735,7379.49236,5108.86501,101.92275,160.65495,149.42719
2013-07-16,1513.98052,7378.92724,5108.45897,101.21537,159.54215,148.39173
2013-07-17,1517.82761,7398.18771,5121.79308,101.81355,160.49612,149.27902
2013-07-18,1530.87928,7461.8041,5165.83494,102.70473,161.90094,150.58566
2013-07-19,1536.85885,7490.94968,5186.01253,102.72923,161.93957,150.62159
2013-07-22,1545.49352,7533.03676,5215.14958,102.88358,162.18288,150.8479
2013-07-23,1544.00978,7525.80469,5210.14279,102.59041,161.72073,150.41805
2013-07-24,1554.97244,7579.29104,5247.08189,103.17831,162.64861,151.27849
2013-07-25,1547.26858,7541.74068,5221.08609,102.67489,161.85502,150.54038
2013-07-26,1546.90611,7539.97392,5219.86297,102.42641,161.46333,150.17607
2013-07-29,1546.36501,7537.33644,5218.03707,102.47557,161.54081,150.24813
2013-07-30,1547.22902,7541.67065,5221.01975,102.55217,161.66419,150.36238
2013-07-31,1551.47778,7563.30059,5235.99394,102.62081,161.79209,150.48133
2013-08-01,1564.18783,7625.26084,5278.88837,103.81332,163.6722,152.23001
2013-08-02,1573.94589,7672.92554,5311.86877,104.07167,164.08155,152.61024
2013-08-05,1571.37015,7660.36893,5303.17598,104.2388,164.34505,152.85532
2013-08-06,1573.40554,7670.29138,5310.04517,103.8288,163.69863,152.2541
2013-08-07,1570.62857,7663.10946,5304.9915,103.57162,163.42871,152.0007
2013-08-08,1585.07644,7733.79568,5353.88948,104.00507,164.1168,152.63963
2013-08-09,1590.48115,7760.16596,5372.14488,104.62546,165.09575,153.55012
2013-08-12,1584.67803,7731.85179,5352.54377,104.69853,165.21106,153.65737
2013-08-13,1586.88609,7742.71061,5360.04034,105.29591,166.15553,154.5352
2013-08-14,1594.12789,7786.39492,5389.94815,105.53723,166.71512,155.04606
2013-08-15,1576.21901,7699.17287,5329.54452,104.46972,165.0342,153.48204
2013-08-16,1590.78521,7770.32273,5378.79609,104.79066,165.5412,153.95355
2013-08-19,1584.17922,7738.0552,5356.45977,104.21871,164.63768,153.11327
2013-08-20,1580.2215,7718.7234,5343.07785,103.36989,163.29677,151.86622
2013-08-21,1565.39348,7650.64881,5295.95505,102.77883,162.45552,151.08386
2013-08-22,1576.90398,7706.90481,5334.89675,103.78284,164.04249,152.55974
2013-08-23,1589.92704,7770.70933,5379.0475,104.18324,164.67868,153.15094
2013-08-26,1585.66145,7749.86145,5364.61616,104.12903,164.59298,153.07124
2013-08-27,1560.19222,7625.38153,5278.44856,102.31114,161.71951,150.39892
2013-08-28,1548.95878,7571.45111,5241.09255,101.97804,161.2137,149.92782
2013-08-29,1546.40081,7558.94756,5232.43737,102.70266,162.35924,150.99316
2013-08-30,1527.7084,7467.57733,5169.18927,101.75747,160.86501,149.60354
2013-09-02,1556.14999,7606.67573,5265.46296,103.63225,163.83038,152.36095
2013-09-03,1545.99256,7557.20771,5231.20141,103.20231,163.15464,151.73196
2013-09-04,1553.95806,7597.94714,5259.37919,103.41571,163.53079,152.08113
2013-09-05,1555.95657,7608.05194,5266.37384,104.16831,164.72809,153.1946
2013-09-06,1568.31813,7668.49541,5308.21344,104.68469,165.54467,153.95401
2013-09-09,1577.64137,7714.08259,5339.76937,104.55215,165.33508,153.75909
2013-09-10,1599.3107,7820.03763,5413.11256,105.88035,167.43545,155.7124
2013-09-11,1609.50071,7870.44798,5448.00715,106.27459,168.07138,156.30381
2013-09-12,1609.85,7872.15603,5449.18948,106.24175,168.01943,156.2555
2013-09-13,1607.62263,7861.32883,5441.68291,106.48682,168.4084,156.61689
2013-09-16,1629.05055,7966.7247,5514.49908,107.15461,169.47754,157.60718
2013-09-17,1620.88891,7926.81089,5486.87109,106.64572,168.67266,156.85867
2013-09-18,1628.10008,7962.22199,5511.38235,107.1282,169.43886,157.5712
2013-09-19,1661.4084,8125.11634,5624.13643,107.7498,170.42201,158.48549
2013-09-20,1652.70934,8082.57356,5594.68868,107.44745,169.9438,158.04078
2013-09-23,1642.44538,8034.22149,5560.96454,106.9147,169.13999,157.28605
2013-09-24,1644.98099,8048.28812,5570.35549,107.07975,169.43613,157.55166
2013-09-25,1645.83499,8053.15844,5573.72632,107.01637,169.35039,157.47194
2013-09-26,1643.02086,8039.43568,5564.21882,107.04339,169.39414,157.51235
2013-09-27,1645.86128,8053.43444,5573.89022,106.74938,168.93097,157.08118
2013-09-30,1636.09632,8005.65311,5540.82012,106.15523,167.99073,156.20689
2013-10-01,1646.66113,8057.34825,5576.59902,106.9276,169.21301,157.34343
2013-10-02,1643.3622,8041.58738,5565.69071,106.20299,168.07429,156.28459
2013-10-03,1640.76394,8028.87313,5556.89101,105.77823,167.40207,155.65952
2013-10-04,1639.07628,8020.80598,5551.27454,105.88706,167.57829,155.82245
2013-10-07,1632.39647,7988.1184,5528.65116,105.64202,167.19049,155.46186
2013-10-08,1622.87075,7941.50436,5496.38915,104.83244,165.90924,154.27049
2013-10-09,1604.27601,7852.04429,5434.473,104.24464,165.0112,153.43545
2013-10-10,1631.84839,7987.01501,5527.88471,105.98922,167.77314,156.00356
2013-10-11,1643.92334,8046.1887,5568.82597,106.45859,168.51765,156.69546
2013-10-14,1649.83638,8075.1301,5588.85652,106.65671,168.83126,156.98706
2013-10-15,1653.45015,8092.81771,5601.09825,107.54337,170.2348,158.29214
2013-10-16,1656.21979,8106.44944,5610.52959,107.81933,170.67322,158.69971
2013-10-17,1679.581,8220.79203,5689.66689,107.95978,170.89554,158.90644
2013-10-18,1696.59658,8304.07565,5747.30806,108.80268,172.22982,160.14711
2013-10-21,1699.6636,8319.35847,5757.84787,109.15878,172.79913,160.67543
2013-10-22,1720.29582,8420.34717,5827.74239,109.69775,173.65233,161.46877
2013-10-23,1710.67409,8376.24867,5797.21064,109.01297,172.63009,160.51794
2013-10-24,1720.97039,8426.66412,5832.10323,109.50226,173.40491,161.23841
2013-10-25,1718.6904,8415.50024,5824.3767,109.4325,173.29445,161.13569
2013-10-28,1715.08811,8397.86178,5812.1691,109.27047,173.03786,160.8971
2013-10-29,1719.34954,8418.72768,5826.61041,109.66926,173.66937,161.48431
2013-10-30,1719.77192,8420.90077,5828.11441,109.68425,173.69527,161.5084
2013-10-31,1705.04155,8348.77318,5778.19483,110.15257,174.43691,162.19799
2013-11-01,1687.14844,8261.15916,5717.55707,109.86535,173.98206,161.77506
2013-11-04,1695.79175,8303.79833,5747.02161,110.2402,174.58234,162.33192
2013-11-05,1688.26625,8266.94813,5721.51776,110.0442,174.27195,162.04331
2013-11-06,1701.42631,8336.61044,5769.37056,110.46749,175.05193,162.7584
2013-11-07,1683.42171,8248.39191,5708.31872,110.48277,175.07614,162.78091
2013-11-08,1676.98892,8216.87267,5686.50576,110.33266,174.83827,162.55974
2013-11-11,1688.57409,8273.97199,5725.95202,110.61428,175.29163,162.97929
2013-11-12,1682.58162,8244.84619,5705.74644,109.97566,174.2846,162.04159
2013-11-13,1668.92541,8183.48684,5662.95264,109.35162,173.41342,161.22219
2013-11-14,1689.4599,8284.17661,5732.62972,110.25293,174.84275,162.55104
2013-11-15,1694.92918,8312.44803,5751.89181,110.47851,175.23111,162.90355
2013-11-18,1710.38191,8388.63745,5804.54387,111.06947,176.17695,163.78093
2013-11-19,1699.07257,8333.17032,5766.16321,110.33506,175.01204,162.69798
2013-11-20,1693.73976,8310.0256,5750.14815,110.49118,175.32317,162.98723
2013-11-21,1690.69559,8295.08991,5739.81336,110.30898,175.03406,162.71846
2013-11-22,1700.0836,8341.15048,5771.68511,110.4048,175.18611,162.85981
2013-11-25,1704.78927,8364.23799,5787.66059,110.85793,175.90512,163.52823
2013-11-26,1700.38033,8342.60634,5772.69249,110.13092,174.75153,162.4558
2013-11-27,1711.23464,8395.97995,5809.62453,110.71963,175.68816,163.32653
2013-11-28,1720.2592,8440.79172,5840.52137,111.09892,176.30116,163.8933
2013-11-29,1722.01985,8449.4307,5846.49903,111.08194,176.27421,163.86824
2013-12-02,1708.85947,8385.33797,5802.1507,110.71276,175.69845,163.333
2013-12-03,1686.82713,8277.94271,5727.76641,109.036,173.05247,160.87118
2013-12-04,1672.79331,8210.7669,5681.28538,108.37612,172.04065,159.93059
2013-12-05,1669.90231,8196.57669,5671.46674,107.39661,170.48573,158.48512
2013-12-06,1684.54899,8269.34969,5721.64065,108.12086,171.65372,159.56588
2013-12-09,1692.13566,8306.6543,5747.44561,108.32677,171.98192,159.87078
2013-12-10,1685.99773,8276.77301,5726.73216,107.52628,170.7162,158.69313
2013-12-11,1679.71717,8246.15853,5705.54989,106.97814,169.85041,157.88832
2013-12-12,1659.46519,8146.92117,5636.8488,105.97265,168.2578,156.40681
2013-12-13,1653.92576,8119.72611,5618.03256,105.79583,167.97705,156.14584
2013-12-16,1677.90761,8239.32806,5700.39768,107.14648,170.16009,158.16437
2013-12-17,1662.49131,8163.62664,5648.02348,106.34374,168.88525,156.9794
2013-12-18,1680.58973,8252.62956,5709.60035,107.25147,170.32953,158.32186
2013-12-19,1697.91123,8337.81587,5768.51807,109.10208,173.2712,161.05563
2013-12-20,1707.27828,8383.88593,5800.38119,109.68792,174.20311,161.92155
2013-12-23,1724.02262,8466.77982,5857.70681,110.47278,175.46344,163.09234
2013-12-24,1723.53259,8464.37326,5856.04185,110.76058,175.92054,163.51722
2013-12-25,1723.53259,8464.37326,5856.04185,110.76058,175.92054,163.51722
2013-12-26,1727.3954,8483.34372,5869.16648,110.80208,175.98646,163.57849
2013-12-27,1756.06749,8624.15413,5966.58558,111.94628,177.80379,165.26769
2013-12-30,1757.41949,8630.79387,5971.17926,111.73241,177.4641,164.95195
2013-12-31,1759.19898,8639.70448,5977.34403,112.12963,178.09854,165.54166
2014-01-01,1759.19898,8639.70448,5977.34403,112.12963,178.09854,165.54166
2014-01-02,1729.84579,8495.65075,5877.66588,111.23547,176.68048,164.22316
2014-01-03,1733.48125,8513.50526,5890.01842,111.83771,177.63705,165.11228
2014-01-06,1733.28776,8512.555,5889.36098,111.58751,177.23966,164.74291
2014-01-07,1741.51873,8552.97909,5917.32815,112.41406,178.55249,165.96318
2014-01-08,1742.49456,8558.05719,5920.81486,112.52667,178.73732,166.13423
2014-01-09,1733.2381,8512.59518,5889.36239,112.05249,177.98413,165.43415
2014-01-10,1752.25226,8606.07392,5954.01677,112.56503,178.80018,166.19215
2014-01-13,1753.97211,8614.52087,5959.8607,112.82818,179.21818,166.58068
2014-01-14,1761.22927,8650.16391,5984.51995,113.01359,179.51268,166.85441
2014-01-15,1767.13167,8680.53457,6005.53154,114.16805,181.37531,168.5857
2014-01-16,1766.13621,8675.64464,6002.1485,114.04501,181.17984,168.40402
2014-01-17,1769.90601,8694.16273,6014.96004,114.65935,182.15583,169.31118
2014-01-20,1769.06451,8690.13381,6012.15457,114.55414,181.99088,169.15735
2014-01-21,1768.35788,8686.81273,6009.82577,114.66901,182.17652,169.32903
2014-01-22,1772.53897,8708.22621,6024.64033,114.77067,182.35633,169.49615
2014-01-23,1769.88399,8695.18267,6015.61637,113.62705,180.53927,167.80723
2014-01-24,1728.62444,8492.48053,5875.38029,110.93763,176.26611,163.83543
2014-01-27,1712.84397,8414.95335,5821.74441,110.02136,174.81027,162.48226
2014-01-28,1722.17151,8460.77821,5853.44757,110.69741,175.88443,163.48066
2014-01-29,1709.98783,8404.15308,5813.69431,110.07135,174.95697,162.60245
2014-01-30,1704.36296,8376.71057,5794.66857,110.36445,175.42709,163.03819
2014-01-31,1690.12509,8306.88369,5746.34333,110.07551,174.97097,162.61366
2014-02-03,1671.47977,8215.24285,5682.95016,108.59542,172.6183,160.42714
2014-02-04,1666.68031,8191.65372,5666.63222,108.34772,172.22456,160.06122
2014-02-05,1671.71432,8217.42885,5684.40225,108.4983,172.4856,160.30212
2014-02-06,1704.53032,8378.73818,5795.9879,110.08311,175.00506,162.64362
2014-02-07,1719.2102,8450.89819,5845.90455,110.87627,176.26599,163.81549
2014-02-10,1724.00498,8474.46728,5862.20845,110.94923,176.38199,163.92329
2014-02-11,1750.37692,8604.10036,5951.88207,112.40756,178.70036,166.07791
2014-02-12,1751.65164,8615.03319,5959.27054,113.21791,180.08617,167.36094
2014-02-13,1759.21761,8652.24441,5985.01063,113.0621,179.83834,167.13062
2014-02-14,1771.22662,8711.48101,6025.98633,113.66755,180.80498,168.02895
2014-02-17,1779.78773,8753.58743,6055.11256,114.07942,181.46012,168.6378
2014-02-18,1786.52887,8786.74255,6078.04693,114.10762,181.50498,168.67949
2014-02-19,1788.73947,8803.71153,6089.78487,114.22805,181.82245,168.97452
2014-02-20,1782.66397,8773.80949,6069.10076,114.18045,181.74668,168.90411
2014-02-21,1793.71549,8828.2022,6106.72578,114.61665,182.44101,169.54937
2014-02-24,1802.32668,8870.58424,6136.04269,115.32211,183.56393,170.59295
2014-02-25,1803.51173,8876.84014,6140.28221,115.33912,183.59976,170.6238
2014-02-26,1791.15699,8817.08029,6098.94516,115.10637,183.25108,170.29976
2014-02-27,1789.95212,8817.50773,6097.70708,114.90703,183.06574,170.08474
2014-02-28,1809.99541,8916.24326,6165.98719,115.10005,183.37325,170.37045
2014-03-03,1764.54505,8692.34963,6011.15457,112.51938,179.26182,166.55056
2014-03-04,1796.43454,8849.44089,6119.79032,114.81128,182.91319,169.94301
2014-03-05,1795.24512,8847.16143,6118.15352,114.76031,182.906,169.93465
2014-03-06,1809.06143,8921.37985,6167.99469,114.80376,183.10107,170.07497
2014-03-07,1789.02109,8823.13355,6099.95588,113.35181,180.79728,167.93194
2014-03-10,1782.74838,8792.19764,6078.56805,112.81195,179.9362,167.13214
2014-03-11,1781.19462,8784.5348,6073.27027,112.8193,179.94793,167.14303
2014-03-12,1766.80083,8722.14576,6030.13703,111.59777,178.17521,165.49646
2014-03-13,1750.8292,8643.29879,5975.62544,110.41028,176.27929,163.73545
2014-03-14,1738.38797,8581.88027,5933.16317,109.6454,175.05809,162.60114
2014-03-17,1757.12529,8674.83339,5997.32037,110.8113,176.92879,164.3358
2014-03-18,1766.77625,8722.47967,6030.26048,111.53204,178.07958,165.40468
2014-03-19,1764.68838,8713.53644,6023.99199,111.42827,177.94175,165.27432
2014-03-20,1749.37922,8639.35416,5972.41457,111.47137,178.03964,165.35714
2014-03-21,1751.32567,8652.79169,5980.94788,111.6035,178.32949,165.60541
2014-03-24,1733.22424,8565.71221,5920.37314,110.44197,176.52202,163.91628
2014-03-25,1754.85337,8672.65442,5994.27994,111.86889,178.80372,166.0348
2014-03-26,1767.81252,8739.27469,6040.09785,112.62961,180.07267,167.20681
2014-03-27,1764.77619,8725.93398,6030.53133,112.8126,180.39975,167.50091
2014-03-28,1779.69005,8799.67557,6081.49446,113.65842,181.75231,168.75676
2014-03-31,1785.94325,8830.92672,6103.02339,113.80951,182.00076,168.98554
2014-04-01,1797.81645,8890.11387,6143.83825,114.46647,183.06119,169.96767
2014-04-02,1797.17915,8888.54486,6142.75393,114.64613,183.38117,170.26476
2014-04-03,1792.53533,8867.64517,6127.88458,114.77923,183.63689,170.49034
2014-04-04,1799.72623,8906.61287,6154.69256,115.43324,184.75366,171.52381
2014-04-07,1784.03559,8829.94619,6101.52835,114.023,182.51688,169.44205
2014-04-08,1787.13836,8845.47663,6112.23477,113.7866,182.14204,169.09337
2014-04-09,1797.18064,8897.80609,6147.97176,114.17768,182.82199,169.71293
2014-04-10,1795.00135,8890.01522,6142.04291,113.57505,181.91842,168.85915
2014-04-11,1771.70199,8775.72039,6062.89617,112.04836,179.49553,166.60521
2014-04-14,1770.68205,8780.82366,6064.04709,112.56746,180.5359,167.50527
2014-04-15,1755.08021,8705.12914,6011.77237,111.507,178.86955,165.95919
2014-04-16,1774.54029,8802.9323,6079.31535,112.88628,181.10844,168.03648
2014-04-17,1786.33718,8862.95807,6120.5219,113.39854,181.96119,168.82086
2014-04-18,1786.33718,8862.95807,6120.5219,113.39854,181.96119,168.82086
2014-04-21,1783.00863,8846.44336,6109.11729,113.44553,182.03659,168.89081
2014-04-22,1805.12841,8958.18646,6186.09651,114.91536,184.43617,171.11193
2014-04-23,1799.47361,8933.89381,6169.30032,114.28202,183.49711,170.24013
2014-04-24,1804.55061,8960.14819,6187.27486,114.68738,184.16954,170.85968
2014-04-25,1793.10283,8907.00258,6149.95146,113.81158,182.83902,169.60809
2014-04-28,1798.14362,8933.05452,6167.77903,114.07382,183.28108,170.01375
2014-04-29,1816.25137,9024.48003,6230.61515,115.44772,185.51868,172.08141
2014-04-30,1821.85681,9062.04954,6255.26008,115.40313,185.6461,172.164
2014-05-01,1824.77941,9076.5868,6265.29472,115.58826,185.94391,172.44019
2014-05-02,1820.18483,9061.91166,6253.67543,115.29722,185.64328,172.12039
2014-05-05,1817.37557,9055.66519,6248.28346,115.01144,185.34154,171.8109
2014-05-06,1819.53272,9066.86271,6255.92721,114.69755,184.84484,171.34821
2014-05-07,1818.84687,9071.18542,6258.12495,114.74078,185.07244,171.53767
2014-05-08,1830.04328,9132.50857,6299.19194,115.9426,187.12327,173.40441
2014-05-09,1811.0008,9038.83443,6234.33721,115.62443,186.63772,172.94772
2014-05-12,1823.3413,9108.56813,6281.15361,116.42077,188.09128,174.25913
2014-05-13,1822.27041,9104.86211,6278.50435,116.76835,188.68689,174.80834
2014-05-14,1821.87831,9113.0703,6283.30479,116.70917,188.8019,174.89095
2014-05-15,1808.23684,9047.1645,6237.46185,115.78463,187.35449,173.53901
2014-05-16,1810.72191,9065.5034,6249.34335,116.04527,187.89865,174.02182
2014-05-19,1809.93537,9066.72062,6249.415,115.86805,187.71842,173.83355
2014-05-20,1804.58918,9043.1171,6232.49742,115.72824,187.55783,173.66677
2014-05-21,1810.45919,9075.755,6254.81994,116.36809,188.66179,174.68418
2014-05-22,1811.86645,9084.3357,6260.44957,116.52676,188.95078,174.94383
2014-05-23,1812.05234,9087.24243,6262.10607,116.75245,189.35789,175.31105
2014-05-26,1824.78048,9151.902,6306.51211,117.40028,190.42586,176.29556
2014-05-27,1823.19221,9145.2855,6301.67676,117.61688,190.80533,176.63914
2014-05-28,1819.25103,9128.169,6289.50491,117.50936,190.68632,176.51837
2014-05-29,1823.19303,9149.16753,6303.78351,117.6083,190.8723,176.68521
2014-05-30,1825.26474,9160.11552,6311.21263,117.48308,190.68056,176.50454
2014-06-02,1824.38609,9159.29661,6309.90833,117.75444,191.19596,176.96086
2014-06-03,1818.31514,9129.31069,6289.14888,117.25058,190.38813,176.21032
2014-06-04,1818.38684,9132.09167,6291.03996,117.2466,190.43215,176.25036
2014-06-05,1824.43326,9162.85447,6312.22639,117.69262,191.16487,176.92835
2014-06-06,1838.93085,9236.83484,6363.02182,118.4191,192.36922,178.03828
2014-06-09,1839.55654,9239.97764,6365.18682,118.86027,193.08589,178.70156
2014-06-10,1839.25754,9238.9355,6364.45099,119.25769,193.74113,179.30748
2014-06-11,1827.84618,9186.03312,6327.81568,118.62725,192.80969,178.44001
2014-06-12,1830.94681,9201.74672,6338.61621,118.66626,192.87584,178.50057
2014-06-13,1825.0987,9172.356,6318.37043,118.48834,192.58665,178.23293
2014-06-16,1823.02781,9162.05102,6311.25771,117.98759,191.77491,177.48129
2014-06-17,1824.85249,9171.22136,6317.57468,118.33677,192.34246,178.00654
2014-06-18,1826.88223,9184.26387,6326.13998,118.22399,192.21861,177.88014
2014-06-19,1845.39615,9277.45252,6390.30107,118.89646,193.31435,178.89337
2014-06-20,1837.59364,9238.3263,6363.33654,118.8865,193.30024,178.87991
2014-06-23,1830.89789,9206.20601,6341.00103,118.30516,192.38725,178.0291
2014-06-24,1828.18698,9192.5749,6331.61227,118.09524,192.04587,177.7132
2014-06-25,1813.53142,9121.09825,6282.38097,116.8306,190.03549,175.85285
2014-06-26,1806.42733,9085.36841,6257.77116,116.74974,189.90395,175.73113
2014-06-27,1813.86261,9123.20024,6283.74951,116.79197,189.98173,175.8009
2014-06-30,1819.88861,9153.67342,6304.72143,116.74349,189.90627,175.7306
2014-07-01,1834.26344,9226.73783,6354.91963,117.76884,191.59002,177.28515
2014-07-02,1834.82081,9230.26001,6357.34552,118.02031,192.01408,177.67754
2014-07-03,1845.72729,9285.77828,6395.47484,119.11002,193.8006,179.32762
2014-07-04,1837.86413,9246.21904,6368.22887,118.78587,193.27319,178.83959
2014-07-07,1822.54357,9169.2858,6315.21719,117.73502,191.56638,177.25955
2014-07-08,1800.2384,9057.06767,6237.92852,116.14036,188.97171,174.85867
2014-07-09,1804.01423,9076.53791,6251.33838,116.15785,189.01004,174.89413
2014-07-10,1780.13733,8957.06235,6168.95634,114.95333,187.06377,173.09055
2014-07-11,1782.70293,8969.97163,6177.84729,115.13594,187.36093,173.36551
2014-07-14,1801.52977,9064.70203,6243.09052,116.1128,188.95057,174.83641
2014-07-15,1787.63182,8994.77217,6194.92804,115.70527,188.2874,174.22278
2014-07-16,1807.07683,9093.40335,6262.83486,117.25766,190.83019,176.57498
2014-07-17,1787.47395,8994.7596,6194.89665,116.13582,189.00446,174.88563
2014-07-18,1786.25428,8988.62207,6190.66959,116.12959,188.99433,174.87626
2014-07-21,1778.63041,8950.25794,6164.24734,115.53987,188.03458,173.98821
2014-07-22,1794.93163,9032.28741,6220.74291,117.05766,190.5047,176.27381
2014-07-23,1796.42823,9040.87441,6226.65698,117.19006,190.74247,176.49381
2014-07-24,1804.49991,9081.49671,6254.63448,117.66855,191.52127,177.21443
2014-07-25,1787.25947,8994.73087,6194.87686,116.85667,190.19982,175.9917
2014-07-28,1784.95391,8983.12767,6186.88547,116.64948,189.86259,175.67966
2014-07-29,1786.03942,8988.75563,6190.73773,116.96846,190.38527,176.16262
2014-07-30,1772.13606,8918.88432,6142.61594,116.33986,189.36427,175.21789
2014-07-31,1750.14721,8808.2179,6066.39774,114.88342,186.99365,173.02437
2014-08-01,1735.15918,8732.82657,6014.46571,113.48398,184.71667,170.91725
2014-08-04,1730.06209,8707.17358,5996.79801,113.23072,184.30444,170.53581
2014-08-05,1729.14669,8702.56649,5993.62501,113.59405,184.89583,171.08302
2014-08-06,1712.93153,8627.93264,5942.13206,112.63834,183.48857,169.77828
2014-08-07,1700.5171,8565.4019,5899.0666,111.86387,182.22695,168.61094
2014-08-08,1697.88772,8552.37591,5890.05494,111.16636,181.09532,167.56271
2014-08-11,1716.88337,8648.0583,5955.95178,112.63678,183.4907,169.77909
2014-08-12,1709.43885,8610.65835,5930.17052,112.40025,183.10749,169.42384
2014-08-13,1718.81221,8667.51001,5969.13604,112.82231,183.99963,170.24393
2014-08-14,1723.69765,8692.47146,5986.27044,113.14299,184.52952,170.73262
2014-08-15,1716.99991,8658.69524,5963.00967,112.6823,183.77816,170.03744
2014-08-18,1734.92229,8749.07641,6025.25274,114.02464,185.96744,172.06303
2014-08-19,1738.76283,8768.44394,6038.59064,114.65886,187.00182,173.02007
2014-08-20,1733.90396,8748.32281,6024.66877,114.60951,187.01501,173.0304
2014-08-21,1744.50375,8802.06732,6061.65351,115.33185,188.19932,174.12537
2014-08-22,1733.17316,8745.05493,6022.37497,115.04607,187.73636,173.69656
2014-08-25,1747.97956,8819.76345,6073.82379,116.319,189.81359,175.61844
2014-08-26,1761.35606,8887.25708,6120.30399,117.16475,191.19371,176.89536
2014-08-27,1763.032,8896.63188,6126.73544,117.28068,191.40264,177.08795
2014-08-28,1748.23315,8821.95373,6075.30774,116.53896,190.19216,175.968
2014-08-29,1752.98078,8846.01667,6091.8571,116.88649,190.7616,176.49422
2014-09-01,1752.29106,8842.70784,6089.55587,117.15179,191.19829,176.8976
2014-09-02,1749.95931,8830.941,6081.45259,117.12518,191.15486,176.85741
2014-09-03,1763.26364,8900.16835,6129.12621,117.88089,192.43339,178.04031
2014-09-04,1760.00797,8884.10865,6118.06665,119.21496,194.61936,180.06278
2014-09-05,1752.12269,8844.30562,6090.65618,118.75412,193.86702,179.36672
2014-09-08,1743.71757,8801.87852,6061.43863,118.27571,193.08602,178.64414
2014-09-09,1732.75304,8746.54611,6023.33093,117.84142,192.37734,177.98838
2014-09-10,1732.70159,8746.93586,6023.59934,117.81968,192.35613,177.96875
2014-09-11,1733.74892,8752.22297,6027.24031,117.6677,192.10801,177.73918
2014-09-12,1732.85466,8747.70857,6024.13146,117.63428,192.05344,177.6887
2014-09-15,1731.55084,8741.21245,6019.64313,117.54123,191.9034,177.54945
2014-09-16,1727.29445,8719.72538,6004.84604,117.21606,191.37252,177.05827
2014-09-17,1736.95834,8768.66203,6038.5463,117.71724,192.19408,177.81839
2014-09-18,1749.0661,8829.78543,6080.63898,118.8818,194.09545,179.57753
2014-09-19,1741.36306,8791.67168,6054.20552,119.10947,194.48426,179.93172
2014-09-22,1729.79645,8735.15577,6014.95505,118.47978,193.49776,179.00916
2014-09-23,1711.39972,8643.92653,5951.79019,116.85067,190.87403,176.57165
2014-09-24,1715.17531,8663.60977,5965.34312,117.69862,192.27277,177.86558
2014-09-25,1693.32962,8553.26386,5889.36426,116.66897,190.59073,176.30958
2014-09-26,1690.92636,8541.12462,5881.00576,116.97598,191.09225,176.77352
2014-09-29,1683.28116,8502.59634,5854.46178,116.53429,190.3727,176.10742
2014-09-30,1685.77484,8515.19243,5863.13481,117.20581,191.46972,177.12224
2014-10-01,1666.81472,8419.78559,5797.44245,116.22801,189.88058,175.65218
2014-10-02,1634.06551,8254.35547,5683.53555,113.4221,185.29659,171.41168
2014-10-03,1630.72361,8237.47414,5671.91192,114.4748,187.01637,173.00259
2014-10-06,1642.07485,8294.81406,5711.39331,114.7443,187.45665,173.40989
2014-10-07,1625.38198,8210.4913,5653.33288,113.03824,184.66947,170.83156
2014-10-08,1619.37076,8180.20699,5632.47227,112.10975,183.15442,169.42978
2014-10-09,1616.21185,8165.04927,5622.03544,111.66221,182.44114,168.76995
2014-10-10,1579.85934,7981.41729,5495.593,109.89844,179.55982,166.10446
2014-10-13,1586.96629,8018.23568,5520.7554,109.91836,179.61284,166.14782
2014-10-14,1584.87115,8007.64987,5513.46681,109.88589,179.55979,166.09875
2014-10-15,1545.77057,7810.09198,5377.44327,106.40212,173.86711,160.83283
2014-10-16,1541.35733,7788.05449,5362.26616,105.924,173.09163,160.11537
2014-10-17,1582.4576,7995.72288,5505.25093,108.85919,177.88806,164.55223
2014-10-20,1575.4083,7960.10471,5480.72695,108.26403,176.91549,163.65257
2014-10-21,1601.90589,8093.98975,5572.91008,110.52602,180.61185,167.07182
2014-10-22,1605.25967,8110.93548,5584.57763,111.3083,181.89018,168.25432
2014-10-23,1613.91908,8157.76485,5616.8105,112.068,183.20068,169.46626
2014-10-24,1611.09601,8143.49527,5606.98556,111.69536,182.59151,168.90276
2014-10-27,1606.61587,8120.84984,5591.39366,111.00797,181.46782,167.86331
2014-10-28,1626.22307,8220.07761,5659.69352,112.04979,183.17359,169.44058
2014-10-29,1631.32229,8245.85264,5677.44016,112.27782,183.54637,169.78541
2014-10-30,1622.80014,8203.01168,5647.94327,112.92574,184.61088,170.77011
2014-10-31,1640.21638,8291.04816,5708.55821,114.98035,187.96975,173.87716
2014-11-03,1621.15558,8195.02705,5642.39822,114.04925,186.45506,172.47458
2014-11-04,1615.2346,8165.26325,5621.88124,112.84632,184.49221,170.65817
2014-11-05,1631.43263,8247.1468,5678.25905,114.73549,187.5808,173.51516
2014-11-06,1628.5957,8237.4554,5671.52699,115.01487,188.14377,174.0341
2014-11-07,1617.71479,8182.41965,5633.63462,114.45351,187.22547,173.18467
2014-11-10,1633.08115,8260.14289,5687.14744,115.26677,188.55582,174.41525
2014-11-11,1636.77769,8279.43967,5700.3095,115.68572,189.25487,175.05807
2014-11-12,1624.80518,8220.15064,5659.25194,114.37471,187.1391,173.09374
2014-11-13,1627.8588,8239.29406,5672.19616,114.61263,187.61251,173.52442
2014-11-14,1627.33415,8236.93484,5670.52101,114.52979,187.48364,173.40367
2014-11-17,1632.16383,8261.38081,5687.35026,115.08179,188.38727,174.23944
2014-11-18,1651.89406,8361.2476,5756.10116,115.77586,189.52345,175.29029
2014-11-19,1652.78109,8365.93613,5759.28782,115.7549,189.49363,175.26147
2014-11-20,1648.53898,8347.02071,5746.26605,115.4578,189.06519,174.8652
2014-11-21,1665.72744,8434.0508,5806.17941,117.8599,192.9987,178.50328
2014-11-24,1670.81565,8460.31013,5824.17341,117.99654,193.23378,178.71814
2014-11-25,1680.0517,8507.07764,5856.36869,118.18316,193.5394,179.0008
2014-11-26,1686.00141,8537.20445,5877.10833,118.19463,193.55818,179.01818
2014-11-27,1684.42273,8529.67737,5871.92661,118.52861,194.11574,179.53385
2014-11-28,1681.08689,8512.78513,5860.2978,118.43621,193.96442,179.39389
2014-12-01,1674.60399,8479.95666,5837.6983,117.88492,193.06155,178.55885
2014-12-02,1673.53355,8474.96627,5834.17403,118.51248,194.09917,179.51579
2014-12-03,1671.46946,8464.51348,5826.97832,119.14443,195.13418,180.47304
2014-12-04,1664.78744,8431.17069,5804.01842,117.56608,192.56049,178.09251
2014-12-05,1674.9615,8483.28634,5839.77581,119.63123,195.9566,181.22976
2014-12-08,1662.22978,8418.80319,5795.38652,118.77501,194.55411,179.93267
2014-12-09,1641.59522,8314.29397,5723.44383,116.05424,190.09747,175.81097
2014-12-10,1634.31781,8277.5685,5698.13831,115.60489,189.36448,175.13232
2014-12-11,1630.2495,8257.73557,5684.45934,115.63376,189.42948,175.19162
2014-12-12,1597.49588,8091.82799,5570.25189,112.58769,184.43945,170.57666
2014-12-15,1556.83727,7887.79307,5429.41387,110.07105,180.3605,166.79248
2014-12-16,1595.77931,8085.09483,5565.22282,112.03966,183.58623,169.77554
2014-12-17,1583.71536,8023.97223,5522.21515,112.22433,183.88882,170.02658
2014-12-18,1615.09071,8183.07001,5631.70857,115.51946,189.29124,175.02174
2014-12-19,1619.33032,8204.86391,5646.65071,115.97381,190.043,175.71507
2014-12-22,1626.67831,8242.09494,5672.27339,116.55708,190.9988,176.59881
2014-12-23,1626.00277,8238.67208,5669.91775,117.28371,192.18951,177.69974
2014-12-24,1627.11538,8244.30948,5673.79745,117.2388,192.11591,177.63169
2014-12-25,1627.11538,8244.30948,5673.79745,117.2388,192.11591,177.63169
2014-12-26,1625.53694,8236.31177,5668.29337,117.30792,192.22917,177.73641
2014-12-29,1628.00203,8249.35809,5677.27194,117.38936,192.37559,177.8718
2014-12-30,1609.72623,8156.75158,5613.53943,116.22422,190.46619,176.10635
2014-12-31,1608.14555,8148.74201,5608.02718,116.72421,191.28556,176.86394
2015-01-01,1608.14555,8148.74201,5608.02718,116.72421,191.28556,176.86394
2015-01-02,1592.8343,8071.42294,5554.80078,116.28557,190.573,176.20463
2015-01-05,1545.21737,7830.13205,5388.74298,113.69288,186.32401,172.276
2015-01-06,1532.48427,7765.60919,5344.33796,112.92156,185.05994,171.10724
2015-01-07,1525.05743,7727.97489,5318.43782,113.47868,185.97297,171.95143
2015-01-08,1566.15814,7936.75485,5462.06825,116.64567,191.1754,176.7599
2015-01-09,1550.51012,7857.45604,5407.49487,115.07039,188.59361,174.37279
2015-01-12,1557.18176,7891.283,5430.77217,115.72687,189.66997,175.3679
2015-01-13,1574.37745,7978.42507,5490.74325,117.36731,192.35856,177.85376
2015-01-14,1551.28997,7861.42538,5410.22419,115.58732,189.44124,175.15642
2015-01-15,1565.86906,7936.73172,5462.04993,118.68739,194.55701,179.88644
2015-01-16,1571.98454,7967.72851,5483.38189,120.08361,196.84575,182.0026
2015-01-19,1593.31411,8075.83914,5557.7835,120.31079,197.21814,182.34691
2015-01-20,1597.85527,8099.01548,5573.70371,121.26882,198.79249,183.80156
2015-01-21,1610.22358,8161.70646,5616.84734,122.05984,200.0892,185.00048
2015-01-22,1613.05605,8177.02486,5627.36281,124.09531,203.4498,188.10678
2015-01-23,1617.64874,8200.30646,5643.38502,126.29609,207.0579,191.44277
2015-01-26,1627.57327,8250.61668,5678.00811,126.99756,208.20793,192.50607
2015-01-27,1632.2086,8274.1144,5694.17905,125.74498,206.15437,190.60739
2015-01-28,1625.18152,8241.43748,5671.15647,125.86049,206.41752,190.8327
2015-01-29,1622.62298,8228.72601,5662.36992,125.6956,206.15368,190.58745
2015-01-30,1606.96912,8149.49382,5607.8275,125.07316,205.13664,189.6465
2015-02-02,1617.25637,8201.72013,5643.75527,125.21913,205.37747,189.8688
2015-02-03,1645.72501,8346.09536,5743.10254,126.25471,207.07596,191.43903
2015-02-04,1650.05321,8368.04534,5758.20673,126.85268,208.05672,192.34574
2015-02-05,1652.71264,8382.48335,5768.0874,126.99044,208.3063,192.57465
2015-02-06,1643.8531,8337.54816,5737.16696,127.26722,208.76031,192.99437
2015-02-09,1631.06569,8272.69102,5692.53798,126.37747,207.30084,191.64512
2015-02-10,1638.90777,8312.4657,5719.90741,127.11405,208.50906,192.7621
2015-02-11,1631.95594,8277.37386,5695.72989,126.7932,207.98698,192.27842
2015-02-12,1652.9518,8388.88019,5772.25803,127.65656,209.52844,193.69674
2015-02-13,1667.62651,8463.58552,5823.6616,128.45103,210.83817,194.9075
2015-02-16,1665.6621,8453.87993,5816.93788,128.27722,210.55946,194.64833
2015-02-17,1667.42322,8462.81826,5823.08816,128.47481,210.88379,194.94815
2015-02-18,1676.14941,8507.37682,5853.683,129.57343,212.69385,196.61925
2015-02-19,1684.36314,8553.20426,5885.21556,129.87688,213.29515,197.17511
2015-02-20,1684.95745,8556.22215,5887.29208,130.17413,213.78332,197.62639
2015-02-23,1694.87738,8606.76016,5922.03598,131.10195,215.3112,199.03779
2015-02-24,1701.72055,8641.93336,5946.15024,131.83447,216.52483,200.15675
2015-02-25,1702.68528,8646.83258,5949.52119,131.67112,216.25653,199.90874
2015-02-26,1698.11883,8624.72248,5934.27971,133.00433,218.47355,201.9572
2015-02-27,1705.44059,8661.99885,5959.91169,133.54208,219.35912,202.77526
2015-03-02,1698.16293,8625.03536,5934.47886,133.22163,218.83275,202.28869
2015-03-03,1680.7672,8542.90424,5876.47134,131.98661,216.96211,200.50839
2015-03-04,1676.18023,8519.58988,5860.43392,133.01189,218.64748,202.06595
2015-03-05,1683.14496,8566.45984,5891.23924,134.0308,220.61777,203.83715
2015-03-06,1658.86358,8443.17962,5806.39849,134.14045,220.80614,204.0091
2015-03-09,1652.57305,8411.1625,5784.38022,133.82275,220.28319,203.52593
2015-03-10,1615.85534,8225.14194,5656.45336,132.54193,218.19774,201.59912
2015-03-11,1619.99765,8246.22743,5670.95391,134.54029,221.48756,204.63868
2015-03-12,1625.56566,8277.97377,5692.77005,134.48135,221.48158,204.63258
2015-03-13,1615.68037,8227.67394,5658.17144,134.87041,222.12342,205.22533
2015-03-16,1639.56505,8349.67134,5741.98065,136.12674,224.20238,207.14294
2015-03-17,1632.56547,8314.02518,5717.46715,135.21327,222.69787,205.75291
2015-03-18,1644.35931,8374.08665,5758.77079,135.69103,223.48476,206.47993
2015-03-19,1650.24065,8408.28881,5782.16907,136.43273,224.81999,207.70917
2015-03-20,1690.69812,8618.32394,5925.91981,137.56325,226.78546,209.50083
2015-03-23,1699.86935,8667.08799,5959.14273,136.63859,225.31342,208.13026
2015-03-24,1701.34077,8675.31705,5964.64336,137.00765,225.94092,208.70439
2015-03-25,1694.84806,8642.35308,5941.94975,135.47862,223.42309,206.37762
2015-03-26,1670.30951,8520.78347,5857.92457,134.36089,221.67233,204.745
2015-03-27,1670.22094,8522.30336,5858.5657,134.6992,222.2819,205.29388
2015-03-30,1679.20021,8568.24773,5890.12333,136.17987,224.72867,207.55273
2015-03-31,1654.00043,8440.33819,5801.58219,135.26027,223.22894,206.14589
2015-04-01,1662.1323,8482.52878,5830.44128,135.69784,223.96942,206.8247
2015-04-02,1677.93046,8567.60749,5888.3285,135.42043,223.62781,206.4885
2015-04-03,1677.93046,8567.60749,5888.3285,135.42043,223.62781,206.4885
2015-04-06,1697.78607,8668.99135,5958.0074,135.14767,223.17739,206.0726
2015-04-07,1702.56819,8696.4511,5976.78089,137.68721,227.45064,210.01486
2015-04-08,1691.25796,8639.3918,5937.54791,137.64706,227.40305,209.97028
2015-04-09,1691.77875,8643.86219,5940.39374,139.15299,229.93911,212.30383
2015-04-10,1699.23985,8683.35605,5967.23246,140.44405,232.10917,214.29657
2015-04-13,1693.34632,8653.37982,5946.61337,140.67178,232.48932,214.64685
2015-04-14,1705.488,8715.83604,5989.45914,140.06418,231.496,213.72712
2015-04-15,1702.21325,8700.65454,5978.7709,140.92188,232.9552,215.06512
2015-04-16,1704.13468,8713.08703,5987.16908,139.88764,231.31484,213.54556
2015-04-17,1685.82459,8622.02116,5924.23912,137.42133,227.3039,209.83019
2015-04-20,1695.9864,8682.22664,5963.74226,138.50678,229.31678,211.62216
2015-04-21,1702.67187,8718.55529,5988.27751,139.22106,230.55499,212.74996
2015-04-22,1699.43773,8702.18347,5976.99936,139.18337,230.49758,212.6958
2015-04-23,1704.06446,8733.38915,5998.05824,138.56095,229.6644,211.91374
2015-04-24,1718.87976,8813.2588,6052.26072,138.94236,230.39961,212.56924
2015-04-27,1738.82162,8916.60404,6123.03171,140.32186,232.71578,214.69921
2015-04-28,1728.12449,8862.54771,6085.74165,138.21407,229.24077,211.48733
2015-04-29,1715.84457,8800.78576,6043.20494,135.15807,224.20305,206.83545
2015-04-30,1717.69974,8817.07182,6053.45269,134.63405,223.50543,206.16001
2015-05-01,1715.33656,8804.94144,6045.12445,134.24516,222.85983,205.56451
2015-05-04,1715.20463,8811.24727,6048.42899,134.96845,224.23828,206.80095
2015-05-05,1694.76596,8709.8375,5978.37186,133.05022,221.14236,203.9306
2015-05-06,1709.96681,8790.30453,6033.16046,132.26915,219.90284,202.77265
2015-05-07,1695.65202,8724.99319,5987.29772,132.24504,220.07149,202.89303
2015-05-08,1737.05635,8941.54462,6135.22783,135.99346,226.39805,208.70287
2015-05-11,1731.78918,8923.84754,6121.6563,136.39568,227.30751,209.49235
2015-05-12,1723.80534,8885.86898,6095.14875,134.62005,224.42821,206.82329
2015-05-13,1736.33474,8953.29117,6140.90152,134.33242,224.01966,206.43015
2015-05-14,1751.35976,9038.47084,6198.68823,135.16741,225.60443,207.86915
2015-05-15,1752.78982,9046.21458,6203.76892,134.55652,224.59384,206.93032
2015-05-18,1748.50136,9030.59537,6191.88352,135.13681,225.72522,207.93331
2015-05-19,1740.27677,8988.71506,6163.03963,137.35979,229.45364,211.36344
2015-05-20,1743.77546,9009.20765,6176.52687,137.94586,230.4946,212.30297
2015-05-21,1753.3918,9062.78834,6212.95626,138.46962,231.4693,213.1903
2015-05-22,1737.15202,8982.83022,6157.75067,138.40673,231.46675,213.17443
2015-05-25,1732.35078,8958.15171,6140.8182,138.0242,230.83084,212.58824
2015-05-26,1699.14454,8788.0337,6023.87803,136.94379,229.06554,210.9511
2015-05-27,1718.22686,8887.06449,6091.6959,138.76188,232.11544,213.75756
2015-05-28,1716.25297,8881.40684,6087.14782,138.05661,231.05412,212.75677
2015-05-29,1693.59913,8764.1759,6006.79997,135.67515,227.06845,209.08672
2015-06-01,1685.53416,8723.5983,5978.82061,135.84685,227.386,209.37323
2015-06-02,1703.59363,8818.09198,6043.391,134.45231,225.07794,207.24143
2015-06-03,1722.34036,8915.62382,6110.13158,134.27879,224.79994,206.98201
2015-06-04,1710.32546,8856.01773,6069.20523,133.14705,222.97045,205.29494
2015-06-05,1669.02871,8642.18431,5922.66093,131.94963,220.96523,203.44868
2015-06-08,1667.69398,8637.62528,5919.05634,130.72624,218.97615,201.60092
2015-06-09,1666.72746,8632.6584,5915.64467,130.18572,218.07172,200.76798
2015-06-10,1705.88696,8836.39206,6055.07367,132.56065,222.07281,204.44544
2015-06-11,1704.84299,8834.28451,6053.62949,133.2814,223.36368,205.63385
2015-06-12,1694.13667,8779.0463,6015.73553,132.04478,221.29732,203.73007
2015-06-15,1664.56055,8626.01361,5910.83492,129.91248,217.72959,200.44431
2015-06-16,1672.32539,8666.25222,5938.40777,130.73923,219.1152,201.71992
2015-06-17,1664.63282,8626.81079,5911.29429,130.14943,218.13739,200.81678
2015-06-18,1692.22428,8770.53408,6009.7204,130.33999,218.47505,201.12574
2015-06-19,1686.98774,8743.39388,5991.12347,130.78539,219.22163,201.81303
2015-06-22,1735.70977,8997.65458,6165.0369,133.76562,224.26048,206.44135
2015-06-23,1722.65506,8929.99248,6118.67364,135.28806,226.81318,208.79114
2015-06-24,1716.75977,8899.4322,6097.73427,134.81302,226.01677,208.05801
2015-06-25,1712.97192,8881.88539,6085.44586,134.41943,225.4099,207.49031
2015-06-26,1706.98694,8850.85283,6064.18383,134.57501,225.6708,207.73046
2015-06-29,1662.31812,8619.27834,5905.51497,130.93589,219.56924,202.11379
2015-06-30,1638.87859,8497.74212,5822.2442,129.1881,216.63834,199.4159
2015-07-01,1657.3068,8593.88969,5888.03828,131.11144,219.87886,202.39599
2015-07-02,1651.17772,8563.71093,5867.32153,130.59715,219.0574,201.63847
2015-07-03,1641.7998,8515.25468,5834.09744,129.90221,217.89639,200.56893
2015-07-06,1617.57241,8389.91673,5748.16288,128.28577,215.19316,198.07855
2015-07-07,1571.98282,8153.54467,5586.20569,126.25484,211.78868,194.94441
2015-07-08,1592.57418,8260.34771,5659.37924,126.41166,212.05174,195.18655
2015-07-09,1624.63932,8427.02199,5773.57212,129.18452,216.71236,199.47649
2015-07-10,1676.86107,8697.89678,5959.15549,131.81541,221.12578,203.5389
2015-07-13,1684.53553,8737.70426,5986.42863,134.37301,225.41626,207.48814
2015-07-14,1691.38657,8773.28484,6010.79764,135.04829,226.55021,208.53163
2015-07-15,1691.34857,8773.08774,6010.66261,135.58142,227.44456,209.35485
2015-07-16,1706.00029,8849.79877,6063.14042,137.42067,230.54855,212.2092
2015-07-17,1698.68347,8811.84306,6037.13635,137.46165,230.6173,212.27248
2015-07-20,1704.90287,8844.10595,6059.24018,137.83794,231.24859,212.85356
2015-07-21,1698.64549,8811.64607,6037.00139,136.4528,228.92476,210.71458
2015-07-22,1681.39878,8722.17954,5975.70642,135.58821,227.47426,209.37946
2015-07-23,1685.74053,8745.65349,5991.7888,134.86108,226.27897,208.27925
2015-07-24,1668.65038,8657.03917,5931.06749,133.65211,224.25177,206.41295
2015-07-27,1652.29288,8572.56727,5873.19452,130.72067,219.3432,201.89485
2015-07-28,1659.97539,8612.42632,5900.50256,132.08997,221.64081,204.00969
2015-07-29,1676.06915,8695.92536,5957.709,133.43709,223.90123,206.0903
2015-07-30,1670.0353,8664.90608,5936.43231,134.26505,225.29794,207.37503
2015-07-31,1689.05124,8763.69027,6004.09814,134.26982,225.30905,207.38482
2015-08-03,1690.51807,8772.09231,6009.74875,135.31724,227.08714,209.01778
2015-08-04,1685.50785,8746.0943,5991.93755,135.06391,226.662,208.62648
2015-08-05,1693.36341,8787.16521,6020.03929,136.8672,229.69632,211.41809
2015-08-06,1687.2536,8760.10616,6001.43272,135.79229,228.01328,209.86659
2015-08-07,1676.56259,8705.61623,5963.99787,134.605,226.04608,208.0523
2015-08-10,1694.29093,8797.8891,6027.17944,135.52043,227.58902,209.47129
2015-08-11,1677.21964,8709.34385,5966.49561,133.34134,223.9321,206.10467
2015-08-12,1652.99172,8583.53489,5880.30787,129.74747,217.89659,200.54964
2015-08-13,1658.6976,8627.6281,5910.31528,130.92076,220.23622,202.69618
2015-08-14,1653.48625,8600.76723,5891.8723,130.70324,219.87658,202.36374
2015-08-17,1652.28357,8594.51133,5887.58675,131.03863,220.44081,202.88302
2015-08-18,1649.22224,8578.58755,5876.67832,131.26998,220.82999,203.24121
2015-08-19,1622.70035,8440.63141,5782.1728,128.91363,216.86601,199.59295
2015-08-20,1610.57212,8379.81081,5740.49215,126.31625,212.554,195.62384
2015-08-21,1574.01207,8189.89092,5610.35119,122.18863,205.61599,189.23714
2015-08-24,1523.96588,7929.49086,5431.96838,115.63103,194.58102,179.0812
2015-08-25,1564.79581,8141.93693,5577.5011,120.44059,202.67443,186.52991
2015-08-26,1535.62305,7990.1454,5473.51879,118.26256,199.0093,183.15673
2015-08-27,1563.30426,8134.82899,5572.63192,122.42321,206.02728,189.61567
2015-08-28,1568.96467,8164.28358,5592.80931,122.80079,206.6627,190.20048
2015-08-31,1564.40362,8140.54963,5576.55075,122.6241,206.36536,189.92683
2015-09-01,1528.10141,7951.70083,5447.17374,119.20941,200.6201,184.6389
2015-09-02,1528.04183,7951.39077,5446.96134,119.50197,201.11244,185.09203
2015-09-03,1545.59362,8043.07944,5509.77106,122.33429,205.88811,189.48727
2015-09-04,1508.50899,7850.09555,5377.57082,119.19493,200.60459,184.62463
2015-09-07,1521.6766,7918.61821,5424.51107,119.76667,201.56683,185.51022
2015-09-08,1543.34925,8031.4629,5501.80489,121.18468,203.95492,187.70779
2015-09-09,1561.64526,8126.67387,5567.0274,122.81893,206.70539,190.23916
2015-09-10,1549.50999,8066.18329,5525.55231,121.26729,204.16129,187.89646
2015-09-11,1542.6232,8030.3332,5500.99403,120.03841,202.0924,185.99238
2015-09-14,1534.19795,7986.47439,5470.94957,119.31937,200.88185,184.87828
2015-09-15,1544.40246,8039.70417,5507.40222,120.30477,202.54357,186.40723
2015-09-16,1571.51818,8180.86063,5604.09799,122.19483,205.72566,189.33581
2015-09-17,1571.18793,8179.31563,5603.03963,121.94245,205.30512,188.94877
2015-09-18,1550.14308,8070.63348,5528.38016,119.66935,201.49988,185.43967
2015-09-21,1538.19423,8009.63187,5486.38365,120.67741,203.22793,187.02281
2015-09-22,1481.31931,7713.56414,5283.56987,116.85731,196.79693,181.10409
2015-09-23,1484.09496,7728.01757,5293.47005,116.95546,196.96223,181.25621
2015-09-24,1470.867,7659.39858,5246.46168,114.43953,192.73179,177.3629
2015-09-25,1497.57493,7798.47754,5341.72665,117.71674,198.25106,182.44205
2015-09-28,1468.1499,7646.73066,5237.48017,115.04342,193.78637,178.32302
2015-09-29,1460.39295,7606.32926,5209.80801,114.3234,192.57351,177.20694
2015-09-30,1490.22482,7761.70594,5316.23027,117.25442,197.51071,181.75017
2015-10-01,1489.06813,7756.23749,5312.47041,116.72943,196.64048,180.94889
2015-10-02,1505.95382,7844.27129,5372.75362,117.30452,197.61128,181.84176
2015-10-05,1543.66927,8040.76457,5507.33191,120.92871,203.7176,187.46062
2015-10-06,1560.64929,8129.21119,5567.91134,121.69988,205.01671,188.65605
2015-10-07,1561.04846,8131.29039,5569.33543,122.01266,205.54363,189.14092
2015-10-08,1569.7373,8177.79945,5601.19072,122.25117,205.97692,189.53963
2015-10-09,1586.80189,8266.70018,5662.08117,122.74211,206.80408,190.30079
2015-10-12,1584.91054,8256.84691,5655.33241,122.40177,206.23065,189.77312
2015-10-13,1570.25784,8181.36237,5603.45736,121.25949,204.32732,188.01584
2015-10-14,1566.97455,8164.25577,5591.74096,120.34462,202.78573,186.59732
2015-10-15,1582.66561,8246.03656,5647.74933,122.07811,205.70741,189.28564
2015-10-16,1590.90414,8288.9611,5677.14855,122.81606,206.95088,190.42984
2015-10-19,1585.64838,8261.57744,5658.39335,123.13547,207.48911,190.92511
2015-10-20,1582.77246,8246.59328,5648.13063,122.55996,206.51934,190.03275
2015-10-21,1584.17946,8253.92403,5653.15149,122.53926,206.48447,190.00066
2015-10-22,1589.47788,8285.19332,5674.54766,125.0863,210.86958,194.03501
2015-10-23,1602.09121,8350.94061,5719.57813,127.5417,215.00888,197.84386
2015-10-26,1598.17998,8330.64867,5705.67033,127.04608,214.17582,197.07697
2015-10-27,1581.27025,8242.50528,5645.30082,125.68479,211.88094,194.9653
2015-10-28,1600.56078,8343.05878,5714.17003,127.03987,214.16534,197.06733
2015-10-29,1584.34401,8260.38888,5657.40274,126.9574,214.07456,196.97869
2015-10-30,1595.40278,8318.04662,5696.89157,126.84827,213.89054,196.80937
2015-11-02,1599.01274,8337.17978,5709.94219,127.27355,214.61568,197.47475
2015-11-03,1594.41486,8313.69044,5693.79026,127.86356,215.62313,198.39949
2015-11-04,1589.57979,8288.47917,5676.52384,128.53797,216.76042,199.44593
2015-11-05,1582.80814,8255.26355,5653.77549,127.96683,215.85201,198.61009
2015-11-06,1569.16088,8184.08519,5605.02762,128.30437,216.42137,199.13396
2015-11-09,1552.47389,8097.0528,5545.42182,126.89859,214.05012,196.95213
2015-11-10,1546.28942,8065.09008,5523.47137,127.00178,214.23197,197.1173
2015-11-11,1561.12037,8142.4449,5576.44873,127.8016,215.58114,198.35868
2015-11-12,1539.09713,8033.54876,5501.44243,125.69404,212.18376,195.21755
2015-11-13,1522.94702,7949.48303,5443.83376,124.64167,210.4134,193.58733
2015-11-16,1525.20534,7961.69574,5452.1098,124.99539,211.02178,194.14396
2015-11-17,1553.9898,8111.95297,5555.00484,128.14954,216.34674,199.04302
2015-11-18,1551.78539,8100.44575,5547.12478,128.00982,216.11086,198.82601
2015-11-19,1571.67083,8206.81327,5619.96446,128.56944,217.12346,199.75762
2015-11-20,1565.31073,8173.75078,5597.29308,128.84722,217.5965,200.19173
2015-11-23,1551.9035,8104.25198,5549.61544,128.36317,216.79272,199.44917
2015-11-24,1536.4912,8023.76688,5494.501,126.8256,214.19592,197.06011
2015-11-25,1551.98566,8104.68103,5549.90925,128.56975,217.14161,199.77015
2015-11-26,1569.13189,8195.43837,5612.0579,129.78208,219.22168,201.68381
2015-11-27,1562.11183,8158.77324,5586.95042,129.50023,218.7456,201.24582
2015-11-30,1563.65518,8166.834,5592.47025,130.03321,219.64588,202.07407
2015-12-01,1565.09219,8174.73965,5597.80164,129.5883,218.90507,201.38957
2015-12-02,1559.64752,8146.30122,5578.32791,129.55886,218.85535,201.34383
2015-12-03,1549.45763,8093.38434,5542.09211,125.40903,211.85334,194.90208
2015-12-04,1547.88973,8085.19466,5536.48409,124.85642,210.9198,194.04324
2015-12-07,1549.97997,8096.63223,5544.21578,125.43975,211.91883,194.9588
2015-12-08,1524.63897,7964.28105,5453.58291,123.17893,208.09997,191.4454
2015-12-09,1531.09165,7998.11154,5476.72598,122.66777,207.23962,190.65312
2015-12-10,1523.14319,7957.2213,5448.69458,122.31548,206.66082,190.11954
2015-12-11,1499.1117,7831.79267,5362.7835,119.72881,202.29348,186.10093
2015-12-14,1476.07516,7711.50684,5280.4118,117.5629,198.63561,182.73563
2015-12-15,1504.23326,7858.68478,5381.18165,120.9739,204.40071,188.03892
2015-12-16,1511.12438,7894.68659,5405.83365,121.27823,204.91492,188.51198
2015-12-17,1514.68149,7913.52323,5418.71549,122.79237,207.47988,190.87104
2015-12-18,1500.6254,7840.18897,5368.34382,121.53508,205.35814,188.91363
2015-12-21,1493.6146,7805.21281,5344.05543,120.15843,203.07501,186.80146
2015-12-22,1499.6553,7836.77981,5365.66865,120.10534,202.98527,186.71892
2015-12-23,1528.41726,7987.0818,5468.57708,123.38771,208.53268,191.82178
2015-12-24,1539.1304,8043.79911,5507.3948,123.35683,208.49951,191.79073
2015-12-25,1539.1304,8043.79911,5507.3948,123.35683,208.49951,191.79073
2015-12-28,1533.56924,8014.77396,5487.51683,122.76548,207.501,190.87206
2015-12-29,1545.8628,8079.02282,5531.50643,124.49283,210.42061,193.55769
2015-12-30,1537.98712,8037.86278,5503.32517,123.77346,209.20471,192.43924
2015-12-31,1522.64675,7957.8592,5448.54871,123.10857,208.0853,191.40954
2016-01-01,1522.64675,7957.8592,5448.54871,123.10857,208.0853,191.40954
2016-01-04,1476.19969,7715.35294,5282.47753,119.99947,202.83648,186.58017
2016-01-05,1473.94252,7703.55589,5274.40044,120.74917,204.1037,187.74584
2016-01-06,1459.14571,7626.22037,5221.45106,119.2145,201.50964,185.35967
2016-01-07,1437.76003,7514.8271,5145.16956,116.56725,197.04489,181.25227
2016-01-08,1424.90771,7447.80693,5099.26265,114.75723,193.98929,178.44086
2016-01-11,1413.52638,7388.33395,5058.54145,114.38077,193.35332,177.85579
2016-01-12,1422.78202,7437.26413,5091.97047,115.42749,195.13722,179.49418
2016-01-13,1431.9507,7485.1913,5124.78411,115.9197,195.96933,180.25958
2016-01-14,1410.21078,7371.70528,5047.08519,114.26512,193.17621,177.69037
2016-01-15,1384.41459,7236.85886,4954.76172,111.02266,187.69452,172.64812
2016-01-18,1370.42859,7163.74873,4904.7064,110.67412,187.10528,172.10611
2016-01-19,1391.04563,7271.63169,4978.54885,112.10205,189.52219,174.32857
2016-01-20,1346.09192,7036.70845,4817.69336,108.49424,183.42458,168.71928
2016-01-21,1363.49846,7128.65876,4880.62201,110.64348,187.08331,172.08379
2016-01-22,1404.79217,7344.55101,5028.43221,113.9838,192.73134,177.27899
2016-01-25,1396.75858,7302.54972,4999.67611,113.24826,191.48764,176.13501
2016-01-26,1411.10062,7377.53295,5051.01322,114.24237,193.16854,177.68114
2016-01-27,1419.03865,7422.05184,5080.94816,114.64725,193.93197,178.36424
2016-01-28,1405.82694,7353.16984,5033.77205,112.86864,190.92907,175.60165
2016-01-29,1421.36378,7434.4352,5089.40402,115.37104,195.16215,179.4949
2016-02-01,1427.51712,7468.73689,5112.51214,115.09403,194.74874,179.10158
2016-02-02,1398.15776,7315.40985,5007.51807,112.65453,190.62821,175.31078
2016-02-03,1395.62386,7302.15201,4998.44286,110.934,187.71681,172.63332
2016-02-04,1409.07842,7374.21366,5047.71382,110.79519,187.52427,172.45431
2016-02-05,1394.3122,7296.93671,4994.81707,109.89484,186.00041,171.05292
2016-02-08,1346.87868,7048.93132,4825.00772,106.1182,179.61423,165.17832
2016-02-09,1344.3023,7035.44778,4815.77821,104.39806,176.70273,162.50083
2016-02-10,1354.68412,7090.09393,4853.12718,106.28506,179.90458,165.44341
2016-02-11,1321.56498,6918.72005,4735.82277,102.32467,173.25015,159.32388
2016-02-12,1349.0896,7062.81826,4834.45714,105.38016,178.42353,164.08141
2016-02-15,1376.78943,7207.8337,4933.71935,108.50402,183.71267,168.9454
2016-02-16,1370.89066,7176.95219,4912.58114,108.03914,182.92556,168.22156
2016-02-17,1405.80955,7360.09682,5037.88428,110.90054,187.77888,172.68276
2016-02-18,1400.30388,7340.46088,5024.25421,110.8046,187.85158,172.7431
2016-02-19,1389.94971,7286.43559,4987.27605,109.91596,186.35148,171.36365
2016-02-22,1404.28962,7361.80604,5038.82851,111.8455,189.6279,174.37532
2016-02-23,1385.83118,7265.04005,4972.59649,110.41041,187.19478,172.13791
2016-02-24,1353.25903,7094.32857,4855.7431,107.83492,182.82931,168.12326
2016-02-25,1381.24281,7249.60744,4960.50842,109.95508,186.64476,171.57938
2016-02-26,1389.51394,7293.01942,4990.21286,111.69166,189.59253,174.28921
2016-02-29,1391.73984,7304.73441,4998.22878,112.49863,190.96318,175.54923
2016-03-01,1410.68422,7404.16656,5066.26475,114.09297,193.66952,178.03712
2016-03-02,1416.88114,7436.69193,5088.52007,114.92753,195.08617,179.33942
2016-03-03,1424.13202,7485.22507,5120.35274,114.41673,194.4913,178.74453
2016-03-04,1444.07973,7590.26617,5192.16704,115.22882,195.87679,180.01645
2016-03-07,1437.44216,7555.47401,5168.34761,114.94459,195.3961,179.57401
2016-03-08,1432.2008,7528.44771,5149.75278,113.80019,193.46417,177.79481
2016-03-09,1434.03224,7538.07477,5156.33807,114.39071,194.46808,178.71741
2016-03-10,1426.72051,7501.80706,5131.46146,112.41889,191.17113,175.68515
2016-03-11,1465.80755,7707.37895,5272.06973,115.36938,196.18977,180.29695
2016-03-14,1469.15631,7724.98709,5284.11421,116.17432,197.55859,181.55488
2016-03-15,1453.15198,7640.83455,5226.55144,114.85706,195.31855,179.4963
2016-03-16,1449.00965,7619.43197,5211.8209,114.91747,195.43098,179.5965
2016-03-17,1479.51274,7784.25436,5324.27448,114.82739,195.38887,179.5481
2016-03-18,1480.19603,7791.06049,5328.29148,115.13477,195.99269,180.0814
2016-03-21,1472.20147,7753.02415,5301.57994,114.83838,195.59014,179.68785
2016-03-22,1465.46294,7717.67078,5277.37761,114.64876,195.27057,179.39333
2016-03-23,1457.51811,7677.48692,5249.67016,114.5527,195.14907,179.27387
2016-03-24,1434.19825,7556.74544,5167.05176,112.83601,192.27789,176.63426
2016-03-25,1434.19825,7556.74544,5167.05176,112.83601,192.27789,176.63426
2016-03-28,1441.9822,7597.75885,5195.09537,112.92745,192.43371,176.77741
2016-03-29,1443.90111,7607.86953,5202.00872,113.37595,193.19798,177.4795
2016-03-30,1485.36452,7826.33895,5351.39086,114.89068,195.77915,179.85066
2016-03-31,1474.19149,7768.86531,5311.97272,113.62121,193.65073,177.8914
2016-04-01,1448.14042,7634.9522,5220.2701,112.11019,191.15988,175.59857
2016-04-04,1458.77301,7691.25661,5258.74199,112.57115,191.95204,176.3254
2016-04-05,1430.19991,7540.60741,5155.73863,110.42443,188.29152,172.96288
2016-04-06,1441.0449,7599.16541,5195.38469,111.27154,189.77042,174.30824
2016-04-07,1431.26775,7556.25449,5165.05272,110.44376,188.57448,173.17639
2016-04-08,1451.34031,7663.78302,5238.19905,111.74232,190.83044,175.23628
2016-04-11,1460.4937,7719.79456,5274.59744,112.09821,191.6288,175.90652
2016-04-12,1460.17354,7718.57631,5273.67963,112.73866,192.73547,176.91952
2016-04-13,1485.56872,7853.9896,5365.96984,115.6346,197.71582,181.4834
2016-04-14,1487.72835,7868.41308,5375.4537,116.01348,198.43944,182.13506
2016-04-15,1487.20901,7867.04524,5374.36911,115.61883,197.79906,181.54222
2016-04-18,1497.3814,7921.66711,5411.53981,116.0911,198.62738,182.2976
2016-04-19,1526.19275,8075.09552,5516.16148,117.83595,201.63787,185.05422
2016-04-20,1528.01406,8084.73204,5522.74426,118.41377,202.62663,185.96165
2016-04-21,1517.45414,8031.27458,5486.08193,118.05374,202.07133,185.44712
2016-04-22,1505.7471,7971.24872,5444.72517,117.65362,201.43534,184.85144
2016-04-25,1500.47287,7944.63886,5426.42663,116.95019,200.26404,183.77242
2016-04-26,1508.3891,7991.0613,5457.1951,117.16171,200.73948,184.177
2016-04-27,1513.28481,8020.19205,5476.64252,117.51599,201.42673,184.79248
2016-04-28,1516.37618,8045.72977,5493.15519,117.70402,201.97881,185.26775
2016-04-29,1501.56628,7971.68424,5441.74073,115.14503,197.70006,181.31433
2016-05-02,1508.38688,8015.33816,5470.26029,115.06527,197.74678,181.31475
2016-05-03,1483.13509,7882.59236,5379.43732,113.09968,194.40426,178.24245
2016-05-04,1462.45031,7775.30143,5305.69413,111.76492,192.17534,176.18146
2016-05-05,1455.49471,7747.97736,5285.64244,112.14082,193.0623,176.94752
2016-05-06,1453.53161,7740.80412,5280.06596,111.75918,192.48675,176.3972
2016-05-09,1456.62608,7758.10756,5291.78347,112.24276,193.34016,177.17642
2016-05-10,1469.60574,7831.70767,5341.07398,113.26777,195.21717,178.86597
2016-05-11,1467.92834,7824.13572,5335.65,112.7674,194.38874,178.09825
2016-05-12,1456.49876,7771.22818,5299.24149,112.1739,193.56525,177.33278
2016-05-13,1449.95739,7741.15743,5277.83459,112.71283,194.61667,178.26558
2016-05-16,1454.47071,7768.71224,5296.17687,112.73938,194.74922,178.37203
2016-05-17,1454.84774,7772.70702,5298.6616,112.71886,194.76342,178.377
2016-05-18,1459.6379,7798.98143,5316.55467,113.65647,196.40067,179.87589
2016-05-19,1433.20729,7666.85578,5226.05741,112.34042,194.35708,177.98968
2016-05-20,1451.73002,7766.52257,5293.89019,113.71112,196.74319,180.1713
2016-05-23,1443.14371,7728.30174,5266.4384,113.17483,196.01097,179.45307
2016-05-24,1470.08348,7873.13968,5365.0628,115.69038,200.38224,183.45251
2016-05-25,1487.65209,7969.20506,5430.12536,117.24105,203.11844,185.94383
2016-05-26,1494.78795,8009.92487,5457.82532,117.38211,203.42616,186.22396
2016-05-27,1490.7113,7989.60726,5443.68097,117.61934,203.87627,186.62572
2016-05-30,1493.72737,8006.61196,5455.09539,117.78854,204.19095,186.9079
2016-05-31,1481.20012,7940.23851,5409.75498,116.8584,202.59829,185.44597
2016-06-01,1472.46695,7893.42284,5377.85905,115.75349,200.6827,183.69256
2016-06-02,1471.73195,7894.97789,5378.29816,115.8253,200.94706,183.91332
2016-06-03,1481.23271,7946.29148,5413.18349,114.79857,199.17448,182.28861
2016-06-06,1490.81571,8000.15786,5449.37629,115.19566,199.92483,182.95848
2016-06-07,1506.41656,8084.25965,5506.62382,116.52416,202.24005,185.07592
2016-06-08,1504.8968,8076.14392,5501.08756,116.00814,201.34545,184.25696
2016-06-09,1481.22529,7954.12544,5417.73806,114.86894,199.49407,182.55475
2016-06-10,1442.01559,7743.57077,5274.32442,112.10539,194.69458,178.16279
2016-06-13,1416.62572,7607.22811,5181.4583,110.10229,191.21577,174.97937
2016-06-14,1378.53852,7402.70123,5042.15033,108.00707,187.57698,171.64956
2016-06-15,1394.83172,7490.37124,5101.83275,109.04045,189.37611,173.29485
2016-06-16,1374.983,7384.43373,5029.62676,108.34221,188.18006,172.19865
2016-06-17,1406.04149,7552.94739,5144.0536,109.78485,190.72902,174.51927
2016-06-20,1468.1337,7888.60094,5372.31918,113.7382,197.64998,180.8407
2016-06-21,1470.11701,7900.26565,5380.06365,114.55877,199.10134,182.16187
2016-06-22,1477.0851,7937.75121,5405.58609,114.98954,199.851,182.84757
2016-06-23,1508.09916,8105.5873,5519.84088,116.69542,202.84506,185.58552
2016-06-24,1375.83634,7394.71371,5035.74158,108.7118,188.96758,172.88883
2016-06-27,1305.75842,7018.2968,4779.37473,104.48589,181.6279,166.17263
2016-06-28,1347.51275,7243.22625,4932.48363,107.10009,186.18516,170.33984
2016-06-29,1396.34587,7505.80804,5111.29036,110.45657,192.02247,175.68016
2016-06-30,1411.9348,7590.85625,5169.11564,111.62437,194.08465,177.56372
2016-07-01,1424.6327,7659.70522,5215.89147,112.40059,195.44915,178.80838
2016-07-04,1415.54911,7611.52428,5182.96661,111.62877,194.12383,177.59192
2016-07-05,1389.55228,7471.92144,5087.88207,109.8598,191.0523,174.78115
2016-07-06,1361.48474,7321.81344,4985.54665,108.00534,187.84824,171.84576
2016-07-07,1375.84346,7399.38645,5038.36743,109.13454,189.8213,173.65075
2016-07-08,1392.64583,7489.75082,5099.89805,110.84776,192.80116,176.37675
2016-07-11,1415.79498,7615.89457,5185.77338,112.573,195.84425,179.15998
2016-07-12,1433.76694,7712.56993,5251.60104,113.75997,197.90923,181.04904
2016-07-13,1436.30101,7726.24703,5260.90557,113.61207,197.6531,180.81444
2016-07-14,1447.57331,7787.01858,5302.26049,114.4934,199.18982,182.21938
2016-07-15,1440.94896,7751.38384,5277.99642,114.31948,198.88725,181.94259
2016-07-18,1443.18388,7763.40629,5286.18263,114.54853,199.28573,182.30712
2016-07-19,1430.11495,7693.10381,5238.31296,114.06788,198.44952,181.54215
2016-07-20,1444.37186,7769.79686,5290.53404,115.22596,200.46428,183.38526
2016-07-21,1441.90586,7756.53134,5281.50141,115.14951,200.33128,183.26359
2016-07-22,1438.63567,7738.93981,5269.52316,115.1029,200.2502,183.18942
2016-07-25,1439.69229,7744.83686,5273.51095,115.22418,200.4667,183.38652
2016-07-26,1442.87597,7761.9635,5285.17259,115.3686,200.71796,183.61637
2016-07-27,1449.27519,7797.27566,5309.10205,115.82754,201.53937,184.3638
2016-07-28,1446.83128,7785.06166,5300.78564,114.65153,199.51707,182.51385
2016-07-29,1469.94263,7909.54669,5385.53339,115.45171,200.91281,183.79019
2016-08-01,1459.64895,7854.15793,5347.81972,114.75611,199.7023,182.68285
2016-08-02,1446.75974,7784.843,5300.61567,113.21075,197.01402,180.2234
2016-08-03,1441.00589,7754.07803,5279.64814,113.2752,197.13117,180.32988
2016-08-04,1446.47317,7787.76064,5302.49622,114.05716,198.60072,181.67124
2016-08-05,1452.51906,7821.35833,5325.26515,115.23741,200.68267,183.57203
2016-08-08,1453.74588,7827.96434,5329.76294,115.29309,200.77963,183.66072
2016-08-09,1472.02352,7926.38371,5396.77294,116.34867,202.61789,185.34225
2016-08-10,1475.79686,7946.95206,5410.73457,116.11399,202.21557,184.97278
2016-08-11,1489.42086,8033.01355,5469.12434,117.02342,204.12204,186.70966
2016-08-12,1486.63448,8018.83896,5459.31696,116.79927,203.75274,186.36651
2016-08-15,1489.36534,8033.5691,5469.34541,116.8205,203.78978,186.40038
2016-08-16,1485.87912,8014.89454,5456.60059,115.90015,202.18752,184.9338
2016-08-17,1475.83935,7960.7396,5419.7315,114.95879,200.54532,183.43173
2016-08-18,1492.83016,8055.1754,5484.0241,115.74335,201.98387,184.74752
2016-08-19,1480.45075,7988.65139,5438.70606,114.81902,200.37769,183.27746
2016-08-22,1481.61653,7995.16182,5443.11593,114.85872,200.45249,183.34512
2016-08-23,1494.1497,8062.85987,5489.19272,115.91217,202.29264,185.02781
2016-08-24,1490.05051,8040.84738,5474.1956,116.33917,203.04057,185.71155
2016-08-25,1482.00983,7998.23861,5445.1731,115.37292,201.37391,184.18663
2016-08-26,1489.47729,8038.69224,5472.71379,115.96967,202.41933,185.14283
2016-08-29,1472.34194,7946.27834,5409.79206,115.80067,202.126,184.87431
2016-08-30,1477.10634,7971.99197,5427.29778,116.33687,203.06192,185.73035
2016-08-31,1470.06458,7933.98732,5401.42438,115.9278,202.34791,185.07727
2016-09-01,1476.99885,7971.99695,5427.30117,115.89709,202.30916,185.04184
2016-09-02,1502.60848,8110.22311,5521.40495,118.22879,206.37936,188.76464
2016-09-05,1501.04122,8101.76397,5515.646,118.28562,206.47856,188.85537
2016-09-06,1507.83821,8138.49479,5540.64764,117.83274,205.68913,188.13317
2016-09-07,1513.23058,8167.59987,5560.46223,118.21732,206.36046,188.7472
2016-09-08,1512.37199,8163.84144,5557.85994,117.8149,205.68007,188.1234
2016-09-09,1487.54663,8029.83318,5466.62848,116.53215,203.44065,186.07514
2016-09-12,1474.68365,7960.41835,5419.3675,115.43697,201.52919,184.3267
2016-09-13,1462.35656,7893.87608,5374.06623,114.248,199.4535,182.42819
2016-09-14,1461.52926,7889.41025,5371.02594,114.12245,199.23433,182.22772
2016-09-15,1469.13828,7930.68736,5399.12696,114.75741,200.34796,183.2463
2016-09-16,1447.39878,7813.33343,5319.23366,113.87966,198.81556,181.8447
2016-09-19,1465.1043,7910.11563,5384.91168,115.06656,200.91827,183.76076
2016-09-20,1462.33239,7895.15006,5374.72368,114.97737,200.76255,183.61833
2016-09-21,1464.75013,7909.13384,5384.02163,115.48279,201.66878,184.43958
2016-09-22,1501.77151,8109.57998,5520.4325,117.33776,204.92189,187.41341
2016-09-23,1488.39284,8037.37485,5471.27516,116.5153,203.48652,186.10051
2016-09-26,1471.34564,7945.31936,5408.61031,114.69013,200.29897,183.18531
2016-09-27,1462.84971,7901.09344,5378.17384,114.74583,200.43818,183.30135
2016-09-28,1472.03104,7950.68337,5411.92907,115.52792,201.80434,184.55071
2016-09-29,1479.87861,7993.15762,5440.84075,115.74562,202.18684,184.90051
2016-09-30,1481.93652,8004.40209,5448.47877,115.81891,202.31813,185.02003
2016-10-03,1480.48723,7996.57407,5443.15035,115.91193,202.48062,185.16863
2016-10-04,1485.69189,8024.68603,5462.28575,116.9449,204.28507,186.8188
2016-10-05,1483.59176,8013.48681,5454.63315,116.34167,203.23497,185.85748
2016-10-06,1473.605,7960.96391,5418.86685,115.88444,202.47236,185.15956
2016-10-07,1461.75807,7897.01707,5375.32836,114.87052,200.70222,183.54041
2016-10-10,1469.8104,7940.51904,5404.93921,115.70517,202.16054,184.87402
2016-10-11,1449.20619,7829.20664,5329.17128,115.09935,201.10204,183.90603
2016-10-12,1436.26795,7760.13923,5281.98904,114.54825,200.16057,183.03919
2016-10-13,1425.71449,7703.39508,5243.36164,113.52101,198.3727,181.40411
2016-10-14,1440.61358,7783.89756,5298.15614,114.9888,200.93759,183.74961
2016-10-17,1428.18698,7716.7544,5252.45475,114.11619,199.41274,182.35518
2016-10-18,1447.04971,7818.67315,5321.82634,115.81302,202.37788,185.06669
2016-10-19,1451.1472,7840.81262,5336.89571,116.20979,203.07121,185.70072
2016-10-20,1449.18103,7833.0223,5331.58573,116.49314,203.64,186.2206
2016-10-21,1441.71642,7792.7778,5304.18263,116.47943,203.61873,186.20077
2016-10-24,1443.41368,7802.40298,5310.64192,116.47192,203.61737,186.1963
2016-10-25,1435.88129,7761.68648,5282.92856,116.13085,203.02111,185.65105
2016-10-26,1437.75629,7771.82187,5289.82714,115.66474,202.20625,184.90591
2016-10-27,1438.71319,7778.75959,5294.48926,115.73112,202.36822,185.05192
2016-10-28,1435.8387,7763.92754,5284.26033,115.38892,201.7883,184.51696
2016-10-31,1432.14798,7744.60337,5271.02619,114.74585,200.6801,183.50077
2016-11-01,1427.8726,7721.48346,5255.27351,113.55902,198.60443,181.6022
2016-11-02,1420.63851,7682.61731,5228.77791,112.2266,196.28064,179.47586
2016-11-03,1416.92604,7663.73073,5215.92373,112.17042,196.21284,179.41387
2016-11-04,1409.35726,7622.79348,5188.0619,111.28537,194.66467,177.99825
2016-11-07,1419.78468,7679.19229,5226.44685,113.00788,197.67776,180.75336
2016-11-08,1426.45444,7715.62998,5251.17217,113.41542,198.39998,181.41119
2016-11-09,1433.94241,7756.23363,5278.7879,115.04705,201.25686,184.02279
2016-11-10,1420.68667,7690.42179,5233.78541,114.69599,200.79649,183.59441
2016-11-11,1411.40934,7640.30999,5199.68138,114.19894,199.92913,182.80136
2016-11-14,1397.38958,7564.41754,5148.03209,114.4564,200.37988,183.21349
2016-11-15,1402.29377,7592.39159,5166.80797,114.79921,201.0178,183.78744
2016-11-16,1392.25312,7538.51751,5130.05122,114.55381,200.60111,183.4031
2016-11-17,1400.84656,7585.98821,5162.3556,115.26628,201.87377,184.56665
2016-11-18,1382.41391,7486.1701,5094.42818,114.8199,201.09199,183.8519
2016-11-21,1392.89301,7543.46769,5133.32728,115.16749,201.71548,184.4186
2016-11-22,1391.87729,7537.96685,5129.58396,115.4367,202.18698,184.84968
2016-11-23,1383.45704,7492.36544,5098.55222,115.37022,202.07055,184.74323
2016-11-24,1392.03115,7541.13441,5131.7337,115.73908,202.77937,185.39106
2016-11-25,1400.05391,7584.5966,5161.30967,115.95606,203.15954,185.73863
2016-11-28,1386.31078,7510.46949,5110.80002,115.03478,201.55412,184.26848
2016-11-29,1394.80122,7556.89612,5142.30534,115.35785,202.13165,184.79333
2016-11-30,1398.60773,7577.59568,5156.37694,115.79807,202.90505,185.49989
2016-12-01,1395.19224,7559.38565,5143.9722,115.47718,202.35067,184.9926
2016-12-02,1395.45031,7560.78388,5144.92366,114.96766,201.45784,184.17635
2016-12-05,1411.91763,7650.50859,5205.88106,115.62479,202.62263,185.23773
2016-12-06,1426.95527,7732.14994,5261.40559,116.76371,204.62271,187.06517
2016-12-07,1444.57189,7827.76288,5326.43631,117.85387,206.53725,188.81437
2016-12-08,1441.48868,7811.63734,5315.46361,119.30904,209.10298,191.15994
2016-12-09,1444.72151,7829.28722,5327.44687,120.42206,211.0572,192.9455
2016-12-12,1448.41229,7849.28841,5341.0567,119.916,210.17025,192.13466
2016-12-13,1468.32004,7957.17319,5414.46702,121.1929,212.40821,194.18057
2016-12-14,1462.8027,7927.27342,5394.12168,120.6015,211.3717,193.23301
2016-12-15,1442.51076,7817.5408,5319.45401,121.64624,213.20914,194.91277
2016-12-16,1446.79066,7840.73528,5335.23672,122.07162,213.95471,195.59436
2016-12-19,1448.86242,7852.43366,5343.10484,121.92433,213.70935,195.36669
2016-12-20,1447.8259,7846.95134,5339.35696,122.52976,214.77426,196.33955
2016-12-21,1452.18475,7872.12884,5356.17686,122.25076,214.32751,195.91975
2016-12-22,1452.21023,7872.32622,5356.31116,121.97815,213.85119,195.48434
2016-12-23,1453.34107,7878.49392,5360.5028,122.01479,213.91645,195.54381
2016-12-26,1453.34107,7878.49392,5360.5028,122.01479,213.91645,195.54381
2016-12-27,1454.67589,7885.72994,5365.42616,122.16773,214.18458,195.78891
2016-12-28,1450.15138,7861.31648,5348.80062,122.53764,214.83622,196.38405
2016-12-29,1458.15486,7905.67474,5378.95057,122.09215,214.08147,195.69299
2016-12-30,1471.07599,7975.72924,5426.61502,122.49672,214.79086,196.34145
2017-01-02,1477.92144,8012.84318,5451.86702,123.06674,215.79036,197.2551
2017-01-03,1465.15023,7943.71234,5404.81669,123.92427,217.29702,198.63181
2017-01-04,1476.3785,8004.58952,5446.23687,123.78324,217.04972,198.40576
2017-01-05,1495.10098,8106.21197,5515.3672,123.87483,217.21336,198.55489
2017-01-06,1491.17767,8084.95689,5500.90337,123.81842,217.11489,198.4648
2017-01-09,1480.83971,8028.90592,5462.767,123.21629,216.05906,197.49967
2017-01-10,1487.64921,8066.40303,5488.20498,123.35634,216.3201,197.7356
2017-01-11,1473.98947,7992.33657,5437.81177,123.66558,216.86239,198.2313
2017-01-12,1490.30494,8080.80309,5498.00246,122.86317,215.45528,196.94508
2017-01-13,1500.40513,8135.56883,5535.26388,124.02765,217.49732,198.81168
2017-01-16,1485.55934,8055.30359,5480.60573,123.03204,215.75763,197.21975
2017-01-17,1495.32016,8108.23072,5516.61589,122.81551,215.37791,196.87265
2017-01-18,1497.93911,8122.43171,5526.27785,123.03061,215.75513,197.21746
2017-01-19,1485.36578,8055.07821,5480.45239,122.94066,215.61944,197.09343
2017-01-20,1493.94783,8101.61834,5512.11701,122.87515,215.50456,196.98842
2017-01-23,1496.69837,8117.29852,5522.65019,122.32244,214.55538,196.11599
2017-01-24,1502.12117,8146.70895,5542.65975,122.66861,215.16257,196.671
2017-01-25,1519.80015,8242.66266,5607.92764,124.26254,217.96026,199.22772
2017-01-26,1512.88584,8205.16279,5582.41446,124.54942,218.46344,199.68766
2017-01-27,1513.05846,8206.09895,5583.05138,124.13311,217.73324,199.02021
2017-01-30,1495.16942,8110.27463,5517.70582,122.83184,215.48258,196.95759
2017-01-31,1501.03025,8142.06567,5539.33439,121.98971,214.00523,195.60725
2017-02-01,1506.45288,8171.47972,5559.3458,122.97662,215.73655,197.18973
2017-02-02,1508.1099,8183.5524,5567.00579,122.57075,215.10561,196.59349
2017-02-03,1514.33297,8217.32105,5589.97751,123.27616,216.34357,197.72491
2017-02-06,1497.39291,8125.64468,5527.56274,122.45327,214.90597,196.40924
2017-02-07,1494.10265,8107.98719,5515.51564,122.7844,215.49235,196.94389
2017-02-08,1501.22904,8146.65971,5541.8229,123.14536,216.12585,197.52285
2017-02-09,1507.5658,8182.21394,5565.95019,124.15799,217.93414,199.1734
2017-02-10,1504.45571,8165.33409,5554.46768,124.38004,218.32389,199.5296
2017-02-13,1513.13669,8212.44959,5586.51799,125.31005,219.95635,201.02153
2017-02-14,1507.33108,8180.93997,5565.08358,125.31965,219.97319,201.03691
2017-02-15,1513.93229,8217.20886,5589.67632,125.75538,220.74989,201.7439
2017-02-16,1521.89181,8269.43888,5624.99058,125.26149,220.12322,201.1635
2017-02-17,1516.41763,8239.96843,5604.94436,125.29822,220.1951,201.22919
2017-02-20,1517.95982,8248.34844,5610.64456,125.52602,220.59544,201.59505
2017-02-21,1515.42926,8234.59779,5601.29117,126.32177,221.99385,202.87302
2017-02-22,1516.42071,8240.28439,5605.10692,126.32049,221.99967,202.87644
2017-02-23,1521.22795,8274.9032,5628.6299,126.13474,221.90106,202.78542
2017-02-24,1506.42352,8194.5059,5573.94326,125.18494,220.23372,201.26171
2017-02-27,1510.34451,8215.83493,5588.45137,124.99632,219.90188,200.95846
2017-02-28,1514.94628,8240.90251,5605.50246,125.21787,220.29259,201.31552
2017-03-01,1527.7233,8310.97851,5653.05169,127.11132,223.63909,204.3695
2017-03-02,1523.40547,8294.50544,5640.34742,127.10728,223.82131,204.48166
2017-03-03,1527.39806,8316.47952,5655.24461,127.00605,223.6494,204.32297
2017-03-06,1524.45641,8300.58046,5644.40914,126.33684,222.47411,203.24838
2017-03-07,1518.1403,8266.18955,5621.02326,126.02149,221.9188,202.74105
2017-03-08,1515.55255,8252.09939,5611.44193,126.09867,222.05472,202.86522
2017-03-09,1519.96764,8278.0069,5628.96765,126.16722,222.22556,203.018
2017-03-10,1532.19884,8344.79176,5674.34922,126.28141,222.43127,203.20481
2017-03-13,1539.74771,8385.90505,5702.30572,126.7549,223.26526,203.96671
2017-03-14,1531.24313,8339.58671,5670.80985,126.33899,222.53268,203.29745
2017-03-15,1535.89911,8364.94453,5688.05284,126.89599,223.51378,204.19375
2017-03-16,1562.28954,8518.06557,5790.70959,127.80201,225.35811,205.82663
2017-03-17,1565.50612,8538.73635,5804.14191,128.00553,225.79983,206.20804
2017-03-20,1564.30778,8534.10828,5800.60019,127.76481,225.4256,205.85224
2017-03-21,1564.51522,8535.23996,5801.36939,127.11389,224.27712,204.80348
2017-03-22,1556.8479,8493.41075,5772.93824,126.59047,223.35362,203.96016
2017-03-23,1567.32031,8551.37157,5812.18248,127.61331,225.18011,205.62271
2017-03-24,1567.00309,8551.20653,5811.7781,127.36904,224.79024,205.25638
2017-03-27,1572.2613,8581.01946,5831.79364,126.86889,223.93673,204.46839
2017-03-28,1579.703,8621.6864,5859.42482,127.66878,225.34997,205.75853
2017-03-29,1568.05323,8559.45427,5816.87106,128.11242,226.16872,206.49687
2017-03-30,1573.65731,8597.38569,5841.5566,128.74993,227.48842,207.66297
2017-03-31,1570.10825,8582.39796,5830.60461,128.93398,227.93052,208.03912
2017-04-03,1556.22071,8506.73611,5779.177,128.30942,226.83306,207.03652
2017-04-04,1560.91599,8532.40182,5796.61338,128.56981,227.2934,207.45669
2017-04-05,1560.74391,8533.71141,5797.03767,128.55564,227.32828,207.47187
2017-04-06,1562.34142,8547.47977,5806.14866,128.75364,227.81256,207.90519
2017-04-07,1558.65419,8528.96289,5793.25479,128.93976,228.18618,208.23481
2017-04-10,1555.62835,8519.92133,5785.33133,128.908,228.33139,208.30316
2017-04-11,1559.6407,8542.33051,5800.47732,128.88177,228.29654,208.26883
2017-04-12,1560.77417,8548.53863,5804.69281,129.07866,228.64531,208.587
2017-04-13,1555.72948,8522.44206,5786.92163,128.59486,227.82932,207.84077
2017-04-14,1555.72948,8522.44206,5786.92163,128.59486,227.82932,207.84077
2017-04-17,1562.41637,8559.0735,5811.79517,128.68133,227.98252,207.98053
2017-04-18,1548.39368,8484.75404,5761.13286,127.11517,225.27412,205.50269
2017-04-19,1553.6852,8516.13959,5781.90612,127.35911,225.76977,205.9357
2017-04-20,1564.47485,8576.62559,5822.92456,127.62417,226.27514,206.39498
2017-04-21,1553.43213,8517.11311,5782.36319,127.65409,226.35542,206.46262
2017-04-24,1612.07756,8841.80321,6002.34339,130.3512,231.22031,210.88396
2017-04-25,1624.94623,8915.44063,6051.6741,130.62211,231.78031,211.3717
2017-04-26,1624.92047,8916.31915,6052.08572,131.2145,232.85811,212.34812
2017-04-27,1618.83668,8890.61633,6033.86764,130.84353,232.40053,211.90373
2017-04-28,1619.06302,8895.48378,6036.47633,130.58543,232.03664,211.54759
2017-05-01,1621.24431,8907.46824,6044.60899,130.426,231.75335,211.28931
2017-05-02,1630.41466,8965.51756,6082.57723,131.35624,233.60602,212.92854
2017-05-03,1631.40194,8972.01077,6086.75658,131.35746,233.63591,212.94788
2017-05-04,1648.21231,9071.25539,6153.09717,132.25028,235.40023,214.52151
2017-05-05,1665.72455,9172.17266,6220.67126,133.15062,237.12004,216.05826
2017-05-08,1655.35712,9120.60933,6185.32463,132.99367,236.98407,215.92125
2017-05-09,1656.60039,9129.59783,6191.27992,133.5946,238.11065,216.94278
2017-05-10,1656.11244,9129.29898,6190.78486,133.82558,238.5848,217.36451
2017-05-11,1647.68803,9093.10167,6165.2347,133.15708,237.66069,216.48734
2017-05-12,1661.29063,9171.99038,6218.0101,133.58035,238.51549,217.2411
2017-05-15,1671.17119,9234.01304,6258.73398,133.69551,238.91445,217.55847
2017-05-16,1687.37068,9328.83255,6321.92254,133.71264,239.08113,217.6731
2017-05-17,1677.26929,9274.29803,6284.84248,132.16096,236.34012,215.1733
2017-05-18,1664.88156,9213.58525,6243.32882,131.42067,235.215,214.13623
2017-05-19,1684.59998,9323.34119,6317.5984,132.16352,236.5606,215.35771
2017-05-22,1690.94722,9364.34968,6344.35293,132.03052,236.47103,215.24111
2017-05-23,1691.7554,9369.53091,6347.8197,132.31712,237.00219,215.72311
2017-05-24,1686.28347,9341.73667,6328.49107,132.42571,237.26047,215.94121
2017-05-25,1689.48958,9360.59493,6341.19797,132.33435,237.12457,215.81519
2017-05-26,1681.39973,9316.77356,6311.30342,132.04219,236.62646,215.35473
2017-05-29,1680.26258,9311.85636,6307.69308,132.03553,236.6497,215.36633
2017-05-30,1676.82075,9296.82924,6296.69506,131.75917,236.25723,214.98121
2017-05-31,1685.15211,9345.56516,6329.19474,131.61899,236.07013,214.79369
2017-06-01,1689.06293,9371.75209,6346.91469,132.15361,237.14285,215.76921
2017-06-02,1700.41187,9435.24344,6389.86254,132.45748,237.70126,216.27558
2017-06-05,1695.2364,9408.57821,6371.42144,132.31837,237.50344,216.08261
2017-06-06,1686.13792,9359.14122,6337.76551,131.45634,235.98286,214.69316
2017-06-07,1684.47326,9349.96965,6331.54087,131.36153,235.8144,214.53943
2017-06-08,1678.18972,9319.1518,6310.66047,131.34383,235.8854,214.60363
2017-06-09,1678.60609,9321.69294,6312.33943,131.8228,236.75141,215.39008
2017-06-12,1665.6473,9251.41556,6264.40746,130.59495,234.58895,213.41107
2017-06-13,1674.76822,9302.07542,6298.71075,131.25734,235.77882,214.49352
2017-06-14,1679.86955,9331.48826,6318.48826,130.81668,235.01442,213.79343
2017-06-15,1655.3995,9196.54447,6227.08496,130.39677,234.28514,213.12894
2017-06-16,1673.42009,9296.7671,6294.93275,131.24538,235.81261,214.51801
2017-06-19,1683.41133,9353.28517,6333.01869,132.38956,237.89412,216.40529
2017-06-20,1665.06953,9251.37539,6264.01657,131.43551,236.17975,214.84578
2017-06-21,1664.09962,9247.12777,6260.90871,131.16443,235.72175,214.42121
2017-06-22,1666.27723,9259.89713,6269.5376,131.16539,235.7405,214.43769
2017-06-23,1668.60477,9273.11011,6278.44783,130.85019,235.18105,213.92758
2017-06-26,1675.5338,9311.70532,6304.56889,131.3701,236.11772,214.77926
2017-06-27,1675.46067,9312.65583,6305.21244,130.38086,234.37387,213.193
2017-06-28,1686.06834,9371.90124,6345.28836,130.323,234.27699,213.10364
2017-06-29,1672.84787,9299.69749,6296.301,128.58258,231.18014,210.28329
2017-06-30,1663.22113,9246.18051,6260.06767,128.07801,230.27297,209.45812
2017-07-03,1676.06004,9317.81399,6308.53329,129.49244,232.82248,211.77605
2017-07-04,1668.49039,9276.34096,6280.39566,129.09498,232.12311,211.13793
2017-07-05,1667.84755,9273.48953,6278.33396,129.30153,232.51263,211.48781
2017-07-06,1667.91442,9274.33475,6278.90619,128.43942,230.97415,210.08845
2017-07-07,1664.55776,9255.71659,6266.29192,128.3441,230.80389,209.93328
2017-07-10,1670.28723,9287.57512,6287.86074,128.81414,231.64917,210.70212
2017-07-11,1664.03104,9252.87854,6264.35392,127.98888,230.16735,209.35374
2017-07-12,1690.09033,9397.81113,6362.47034,129.98754,233.76235,212.62347
2017-07-13,1692.88799,9413.51875,6373.07652,130.37968,234.47131,213.26738
2017-07-14,1702.13709,9465.10812,6407.98281,130.59387,234.86043,213.62063
2017-07-17,1705.18059,9482.03216,6419.44057,130.55936,234.79837,213.56418
2017-07-18,1701.98688,9464.2728,6407.41729,129.07148,232.12257,211.13037
2017-07-19,1705.82249,9485.60157,6421.8571,130.0699,233.91813,212.76355
2017-07-20,1716.69904,9546.246,6462.91406,129.5997,233.0765,211.99803
2017-07-21,1702.34129,9466.40518,6408.86094,128.26221,230.67112,209.81018
2017-07-24,1696.08088,9432.49526,6385.74459,127.93869,230.11132,209.2958
2017-07-25,1706.43051,9490.05316,6424.71096,128.51519,231.14821,210.2389
2017-07-26,1710.29997,9511.57257,6439.27947,129.15547,232.29982,211.28633
2017-07-27,1713.15252,9528.44794,6450.704,128.9772,232.00381,211.0171
2017-07-28,1707.80638,9498.86986,6430.66389,127.68814,229.68884,208.91102
2017-07-31,1712.13213,9522.92981,6446.95229,127.54469,229.4308,208.67632
2017-08-01,1725.83621,9599.19829,6498.57614,128.34784,230.87664,209.99107
2017-08-02,1725.34093,9597.87268,6497.50095,127.8024,229.92971,209.12408
2017-08-03,1730.32002,9629.43617,6518.76451,127.93384,230.25863,209.41989
2017-08-04,1728.33959,9619.57078,6511.96864,129.17387,232.5184,211.47133
2017-08-07,1732.49296,9642.68752,6527.61752,129.00128,232.20773,211.18879
2017-08-08,1727.27928,9613.6693,6507.97363,129.25411,232.66283,211.60269
2017-08-09,1715.22198,9546.82514,6462.67877,128.29719,230.94673,210.04048
2017-08-10,1698.53667,9468.69815,6409.56768,126.96805,228.91056,208.18137
2017-08-11,1687.01762,9404.48383,6366.09962,125.6578,226.54832,206.03305
2017-08-14,1703.68705,9497.40955,6429.00306,126.98558,228.94217,208.21012
2017-08-15,1695.87266,9454.16566,6399.66394,127.10426,229.16385,208.40957
2017-08-16,1704.96809,9505.17373,6434.16131,127.94427,230.6857,209.79259
2017-08-17,1700.46141,9483.47705,6419.47458,127.1877,229.40451,208.62744
2017-08-18,1689.46922,9423.36804,6378.59096,126.27949,227.79529,207.15762
2017-08-21,1692.17377,9438.68712,6388.93656,125.76455,226.87201,206.31722
2017-08-22,1698.45685,9473.73318,6412.65883,126.8002,228.74026,208.01621
2017-08-23,1697.61913,9469.06048,6409.49593,126.19595,227.65023,207.02494
2017-08-24,1699.18504,9478.81374,6416.08827,126.41936,228.07776,207.41342
2017-08-25,1706.90813,9522.03182,6445.32624,126.27726,227.82463,207.18272
2017-08-28,1710.88333,9544.28404,6460.38069,125.68734,226.76214,206.21625
2017-08-29,1703.34879,9502.25204,6431.92987,124.40026,224.44001,204.10451
2017-08-30,1699.31085,9479.7261,6416.6824,125.25626,225.98439,205.50897
2017-08-31,1708.23922,9530.00869,6450.70223,126.19503,227.68945,207.05903
2017-09-01,1717.12248,9579.74811,6484.37001,126.95806,229.07049,208.31494
2017-09-04,1712.95238,9556.48332,6468.62247,126.29888,227.88112,207.23334
2017-09-05,1712.07015,9551.61011,6465.31892,126.12266,227.56433,206.94509
2017-09-06,1715.591,9571.2529,6478.61479,126.21794,227.73624,207.10143
2017-09-07,1730.12024,9654.70792,6535.06187,126.55013,228.39231,207.69671
2017-09-08,1734.34836,9678.32458,6551.04298,126.7222,228.70338,207.97945
2017-09-11,1747.10657,9749.5202,6599.23371,128.04853,231.0971,210.15626
2017-09-12,1751.9389,9776.48649,6617.48659,128.72496,232.31789,211.26643
2017-09-13,1746.34657,9745.40017,6596.42038,128.71247,232.29823,211.24776
2017-09-14,1741.60708,9719.0558,6578.58852,128.83887,232.52884,211.45748
2017-09-15,1749.58583,9763.58131,6608.72674,128.44461,231.81729,210.81041
2017-09-18,1754.06131,9789.88214,6626.29889,128.87013,232.61675,211.53007
2017-09-19,1758.26635,9813.51013,6642.2647,128.91486,232.70126,211.60607
2017-09-20,1760.15583,9825.08789,6649.85665,128.87051,232.64564,211.54771
2017-09-21,1754.07116,9791.52708,6627.14189,129.21674,233.28028,212.1248
2017-09-22,1762.39821,9838.01008,6658.6027,129.32577,233.47712,212.30379
2017-09-25,1751.0399,9776.63503,6616.66521,129.58034,233.98526,212.75307
2017-09-26,1737.25454,9699.78377,6564.6298,129.67464,234.15837,212.9097
2017-09-27,1738.92765,9709.12539,6570.95203,130.18677,235.08315,213.75056
2017-09-28,1749.90762,9770.69065,6612.61823,130.40853,235.48984,214.12035
2017-09-29,1763.37646,9845.98294,6663.55668,131.00654,236.57184,215.10359
2017-10-02,1759.60946,9824.94951,6649.32169,131.68463,237.79634,216.21696
2017-10-03,1764.94,9854.71308,6669.46506,131.87567,238.14132,216.53064
2017-10-04,1764.51545,9852.34256,6667.86074,131.76548,237.94234,216.34971
2017-10-05,1760.89055,9833.45847,6655.05227,132.02236,238.43909,216.80047
2017-10-06,1756.39125,9809.07635,6638.45541,131.483,237.48298,215.92801
2017-10-09,1760.5102,9832.07982,6654.02339,131.7352,237.9385,216.34219
2017-10-10,1772.04445,9896.4962,6697.61824,131.71179,237.89622,216.30375
2017-10-11,1776.08095,9919.86868,6713.26816,131.71086,237.91443,216.3149
2017-10-12,1776.89668,9926.96695,6718.06687,131.74354,238.03443,216.42384
2017-10-13,1780.3606,9946.31878,6731.16321,132.11747,238.71005,217.03812
2017-10-16,1774.70664,9914.73192,6709.78683,132.12211,238.71841,217.04573
2017-10-17,1763.92428,9854.4942,6669.021,131.82781,238.18669,216.56228
2017-10-18,1772.70201,9903.53266,6702.20774,132.2082,238.87397,217.18717
2017-10-19,1773.98014,9911.38694,6707.51547,131.44408,237.51047,215.94721
2017-10-20,1768.65258,9881.79711,6687.47277,131.78869,238.13739,216.51663
2017-10-23,1764.98313,9861.6296,6673.75658,131.99118,238.51137,216.85445
2017-10-24,1761.37152,9841.45019,6660.10037,131.5363,237.68938,216.1071
2017-10-25,1758.25797,9824.05361,6648.32741,130.75347,236.27478,214.82095
2017-10-26,1760.60309,9838.12888,6657.76332,132.12488,238.77655,217.09264
2017-10-27,1752.30595,9792.55859,6626.77486,132.87599,240.15343,218.33955
2017-10-30,1761.16013,9842.03915,6660.25912,133.03055,240.43278,218.59352
2017-10-31,1770.15716,9893.42419,6694.88994,133.45764,241.23164,219.31517
2017-11-01,1771.71194,9902.37952,6700.90507,133.95432,242.13591,220.1358
2017-11-02,1773.01486,9910.94702,6706.6296,133.39827,241.16207,219.24805
2017-11-03,1768.787,9887.31379,6690.63725,133.72166,241.74671,219.77957
2017-11-06,1766.89094,9876.71505,6683.4652,133.94149,242.14412,220.14087
2017-11-07,1756.65366,9819.91466,6644.94276,133.27472,240.94913,219.05162
2017-11-08,1757.86698,9826.69727,6649.53242,133.26317,240.92825,219.03264
2017-11-09,1744.74598,9756.80121,6602.23513,131.81904,238.40174,216.73574
2017-11-10,1743.85204,9751.98655,6598.97715,131.32786,237.51791,215.93223
2017-11-13,1733.3429,9693.7969,6559.48368,130.51405,236.06017,214.60312
2017-11-14,1735.50038,9707.53701,6568.44454,129.67595,234.58478,213.25091
2017-11-15,1733.76642,9698.15089,6562.03009,129.03594,233.43451,212.20319
2017-11-16,1741.61678,9747.33465,6595.06275,129.934,235.18635,213.78771
2017-11-17,1737.91311,9726.66311,6581.07635,129.55314,234.49835,213.16231
2017-11-20,1744.60604,9765.23944,6606.97766,130.4229,236.09968,214.61147
2017-11-21,1748.61588,9787.94594,6622.2873,130.97908,237.11287,215.53071
2017-11-22,1752.94321,9812.16833,6638.67559,130.62367,236.46946,214.94587
2017-11-23,1761.28286,9861.35213,6671.94522,130.62449,236.53097,215.00155
2017-11-24,1773.07351,9927.36754,6716.60961,130.45792,236.22934,214.72738
2017-11-27,1762.09514,9865.90005,6675.02223,129.8514,235.13108,213.72909
2017-11-28,1765.19828,9883.27442,6686.7773,130.63909,236.5574,215.02558
2017-11-29,1766.53326,9890.85431,6691.88641,130.92544,237.07844,215.49857
2017-11-30,1771.13905,9917.07922,6709.61672,130.46313,236.25171,214.74668
2017-12-01,1750.3331,9800.64812,6630.8341,129.54986,234.5995,213.24459
2017-12-04,1763.88401,9876.52381,6682.04186,130.73461,236.74494,215.19063
2017-12-05,1758.07531,9845.17453,6660.59369,130.50783,236.36248,214.8353
2017-12-06,1751.40401,9807.99456,6635.40383,130.4813,236.31875,214.79437
2017-12-07,1751.88096,9811.12044,6637.4968,130.50576,236.37402,214.8439
2017-12-08,1758.67107,9849.35445,6663.32534,131.44081,238.07259,216.38653
2017-12-11,1764.77556,9883.54233,6686.45426,131.40504,238.00781,216.32765
2017-12-12,1766.99498,9897.17107,6695.52031,132.31062,239.67708,217.83986
2017-12-13,1766.85265,9896.37385,6694.98099,131.9849,239.08704,217.30358
2017-12-14,1761.17386,9864.82524,6673.63808,131.35959,237.96055,216.27972
2017-12-15,1756.79888,9840.31979,6657.05994,131.14464,237.57118,215.92583
2017-12-18,1784.02864,9992.88146,6760.26513,132.64745,240.29451,218.4009
2017-12-19,1775.88547,9949.26337,6730.36463,132.06434,239.28616,217.47174
2017-12-20,1774.29805,9940.37,6724.34855,131.14679,237.62365,215.96079
2017-12-21,1781.90034,9983.15466,6753.29103,131.95858,239.09916,217.30178
2017-12-22,1776.00585,9950.13057,6730.95126,131.81102,238.8318,217.0588
2017-12-25,1776.00585,9950.13057,6730.95126,131.81102,238.8318,217.0588
2017-12-26,1778.57422,9964.51995,6740.68523,131.65676,238.55228,216.80476
2017-12-27,1785.65704,10004.38724,6767.63035,131.86431,238.93279,217.14981
2017-12-28,1787.59408,10017.51089,6776.47217,131.51529,238.3544,216.62301
2017-12-29,1796.64464,10068.22935,6810.78131,131.4106,238.16468,216.45059
2018-01-01,1796.64464,10068.22935,6810.78131,131.4106,238.16468,216.45059
2018-01-02,1797.96611,10075.63475,6815.79079,131.10329,237.60772,215.94441
2018-01-03,1803.21579,10105.19309,6835.76796,131.7212,238.7309,216.96462
2018-01-04,1827.30518,10240.54682,6927.31535,132.90608,240.88678,218.92348
2018-01-05,1838.20662,10301.64048,6968.64274,134.13219,243.10904,220.94312
2018-01-08,1834.13487,10278.82166,6953.20674,134.50556,243.78577,221.55815
2018-01-09,1834.98895,10283.60806,6956.44454,135.09271,244.84994,222.5253
2018-01-10,1836.75608,10293.51137,6963.14373,134.64158,244.03229,221.7822
2018-01-11,1840.5762,10315.06691,6977.72518,134.19917,243.23391,221.05661
2018-01-12,1861.26145,10430.99241,7056.14409,134.58452,243.93235,221.69138
2018-01-15,1877.76182,10523.66076,7118.79071,134.37815,243.56284,221.35432
2018-01-16,1873.23782,10498.43834,7101.70212,134.52023,243.82342,221.5903
2018-01-17,1873.11147,10497.73022,7101.22311,134.37931,243.568,221.35817
2018-01-18,1876.2199,10516.2843,7113.77408,134.6353,244.0583,221.80376
2018-01-19,1883.86056,10559.11052,7142.74401,135.34947,245.35288,222.9803
2018-01-22,1894.07105,10617.78021,7182.17791,135.78316,246.17242,223.71722
2018-01-23,1903.36145,10669.8603,7217.40641,135.98853,246.54476,224.05559
2018-01-24,1907.26338,10691.73377,7232.20227,135.28784,245.27443,222.90113
2018-01-25,1915.23311,10736.41045,7262.42289,134.53841,243.91573,221.66637
2018-01-26,1913.8777,10728.81228,7257.28326,135.1947,245.10557,222.74768
2018-01-29,1898.71394,10644.0815,7199.93364,134.95935,244.68517,222.36454
2018-01-30,1889.78268,10595.28061,7166.76058,133.72927,242.48402,220.35917
2018-01-31,1892.97829,10613.19721,7178.87956,133.46077,241.99716,219.91674
2018-02-01,1884.41209,10569.21581,7148.40023,132.71833,240.74309,218.75476
2018-02-02,1853.72543,10397.10167,7031.99228,130.90875,237.46062,215.77209
2018-02-05,1822.52875,10222.12698,6913.64962,128.88183,233.7839,212.43119
2018-02-06,1767.16524,9911.60634,6703.6316,125.73105,228.06859,207.23788
2018-02-07,1794.12044,10062.79156,6805.88446,128.17843,232.50798,211.2718
2018-02-08,1760.51744,9874.74995,6678.65896,126.14712,228.83325,207.9313
2018-02-09,1733.30739,9722.12865,6575.43553,124.28868,225.46202,204.868
2018-02-12,1758.07986,9861.07751,6669.41179,125.78261,228.17204,207.33049
2018-02-13,1758.38511,9862.78966,6670.56978,124.98992,226.73408,206.02387
2018-02-14,1783.97198,10006.68098,6767.82201,126.29252,229.1056,208.17672
2018-02-15,1803.22787,10124.80106,6847.40543,126.90897,230.454,209.39262
2018-02-16,1818.27182,10209.27015,6904.53189,128.28642,232.9553,211.66533
2018-02-19,1799.32773,10103.06743,6832.67754,127.48236,231.49899,210.3412
2018-02-20,1802.22556,10119.40037,6843.71091,128.26191,232.91602,211.62833
2018-02-21,1802.10123,10118.84585,6843.31028,128.47689,233.30972,211.98526
2018-02-22,1798.81328,10108.356,6836.21606,128.23727,233.0584,211.75691
2018-02-23,1799.24757,10111.31116,6838.18997,128.50292,233.55307,212.2056
2018-02-26,1807.09135,10155.46492,6868.05077,129.16816,234.76384,213.30571
2018-02-27,1796.52759,10096.82034,6828.24358,128.92195,234.33309,212.90977
2018-02-28,1777.75411,9991.35897,6756.91513,128.01928,232.69351,211.41985
2018-03-01,1753.10343,9855.97961,6665.36134,126.43073,229.87986,208.86343
2018-03-02,1734.60232,9751.96608,6595.01949,123.75511,225.01497,204.44331
2018-03-05,1755.13409,9867.39602,6673.08197,125.05233,227.37363,206.58633
2018-03-06,1767.60396,9944.67943,6723.65373,125.19938,227.80541,206.92653
2018-03-07,1773.6442,9978.66227,6746.62972,125.60189,228.53779,207.59178
2018-03-08,1781.11498,10023.79498,6777.07203,126.88802,230.94942,209.78014
2018-03-09,1787.07068,10057.80989,6799.97598,127.40531,231.90242,210.64289
2018-03-12,1791.49136,10082.68987,6816.79707,127.73085,232.49494,211.1811
2018-03-13,1784.95106,10045.88044,6791.91061,126.45867,230.17934,209.07778
2018-03-14,1777.03721,10001.51906,6761.88577,126.27998,229.8582,208.78507
2018-03-15,1780.47224,10028.74605,6778.66055,126.92459,231.21352,209.96556
2018-03-16,1779.14275,10025.61124,6775.71215,127.24811,231.90357,210.56641
2018-03-19,1766.61008,9957.07806,6728.97725,125.83937,229.38434,208.26606
2018-03-20,1767.5581,9962.42134,6732.58823,126.50711,230.60153,209.37119
2018-03-21,1764.36676,9945.17258,6720.76877,126.31988,230.27733,209.07177
2018-03-22,1743.06896,9829.63728,6642.2894,124.37936,226.844,205.94212
2018-03-23,1734.28905,9783.38358,6610.40554,123.23722,224.83584,204.0996
2018-03-26,1733.8323,9781.40785,6608.92848,122.39278,223.30894,202.70916
2018-03-27,1748.24385,9864.77415,6664.92176,123.87805,226.06616,205.20174
2018-03-28,1750.57182,9878.17528,6673.92219,124.48491,227.17971,206.21086
2018-03-29,1750.54219,9881.14084,6675.61131,125.0142,228.21799,207.14355
2018-03-30,1750.54219,9881.14084,6675.61131,125.0142,228.21799,207.14355
2018-04-02,1752.6502,9893.03974,6683.6501,125.05289,228.28863,207.20766
2018-04-03,1738.71234,9814.66593,6630.70145,124.41723,227.13514,206.16069
2018-04-04,1734.92148,9795.09314,6617.03956,123.89361,226.22141,205.31772
2018-04-05,1766.6436,9977.63032,6740.33726,126.88628,231.76569,210.34924
2018-04-06,1765.11816,9981.03576,6740.33472,126.43551,231.22082,209.78304
2018-04-09,1774.58775,10034.58246,6776.49557,126.60272,231.52661,210.06047
2018-04-10,1795.21229,10151.91986,6855.60486,127.66967,233.49423,211.84164
2018-04-11,1789.58329,10121.43048,6834.77692,126.91482,232.14447,210.6097
2018-04-12,1791.50772,10134.60566,6843.49932,127.74238,233.71103,212.02554
2018-04-13,1794.58938,10154.61672,6856.67666,127.8635,233.99203,212.27008
2018-04-16,1793.15775,10156.5771,6855.81642,127.35341,233.28967,211.56552
2018-04-17,1804.63815,10223.42383,6900.61284,128.39719,235.24359,213.32741
2018-04-18,1814.82318,10281.41841,6939.7115,128.78279,235.95684,213.97278
2018-04-19,1813.27418,10277.09208,6936.67565,128.80295,236.096,214.0954
2018-04-20,1800.48172,10207.33647,6889.11995,128.79005,236.13592,214.1169
2018-04-23,1798.01984,10196.10633,6881.18284,129.22436,236.99562,214.88526
2018-04-24,1797.46373,10196.1269,6880.51177,129.24785,237.11251,214.96985
2018-04-25,1777.75664,10092.37074,6809.17307,128.27187,235.50945,213.47504
2018-04-26,1785.43903,10142.86783,6842.68474,129.45899,237.85045,215.57943
2018-04-27,1788.3642,10164.19033,6856.36435,129.79431,238.57697,216.21568
2018-04-30,1788.79393,10171.36885,6860.33268,130.03503,239.13079,216.68999
2018-05-01,1773.10416,10082.15429,6800.1597,129.88891,238.86207,216.44649
2018-05-02,1779.15408,10119.48784,6824.73698,130.69182,240.40827,217.82833
2018-05-03,1764.98854,10045.83433,6774.13956,129.69464,238.73835,216.28575
2018-05-04,1773.75999,10101.03406,6810.50131,130.57953,240.49282,217.84768
2018-05-07,1782.08523,10156.63654,6847.02842,131.36859,242.14138,219.31019
2018-05-08,1775.10623,10118.17214,6820.91829,131.51088,242.43507,219.5704
2018-05-09,1786.98532,10188.41766,6867.77301,132.38537,244.10788,221.06937
2018-05-10,1788.53117,10213.05869,6883.00575,132.23221,244.2039,221.11209
2018-05-11,1800.05745,10285.52951,6930.74069,132.3657,244.60864,221.44321
2018-05-14,1804.10193,10310.14319,6946.36328,132.39154,244.69208,221.48804
2018-05-15,1789.26987,10225.71366,6889.44072,132.48198,244.86721,221.64532
2018-05-16,1781.41253,10181.80541,6859.62409,132.74511,245.37757,222.0997
2018-05-17,1793.67813,10256.06497,6909.29353,133.59676,247.05192,223.60354
2018-05-18,1785.56394,10217.18667,6882.24724,133.24099,246.57543,223.14457
2018-05-21,1788.37755,10240.69488,6896.78817,133.6724,247.5529,223.98712
2018-05-22,1796.15471,10289.61538,6928.88993,133.99144,248.24956,224.59009
2018-05-23,1765.10599,10111.86638,6809.17198,132.45714,245.40982,222.02021
2018-05-24,1757.95616,10072.58849,6782.61851,131.69556,244.03955,220.77713
2018-05-25,1749.62247,10025.73211,6750.90192,131.85287,244.35283,221.05516
2018-05-28,1739.21599,9972.68091,6713.91583,131.44647,243.76051,220.47782
2018-05-29,1707.66461,9793.24996,6592.91304,129.69803,240.55461,217.57138
2018-05-30,1719.7866,9869.38201,6642.83203,130.07317,241.41217,218.30318
2018-05-31,1717.22048,9858.43632,6635.09891,129.20594,239.89461,216.91892
2018-06-01,1732.33232,9945.84266,6693.82327,130.45473,242.22906,219.02641
2018-06-04,1742.36206,10004.59608,6733.17033,130.83423,242.96212,219.68287
2018-06-05,1732.60031,9949.56539,6695.92812,130.40782,242.19513,218.98262
2018-06-06,1748.57125,10041.95489,6757.96868,130.35872,242.12021,218.91047
2018-06-07,1751.15616,10061.17349,6770.80675,130.06565,241.68095,218.51023
2018-06-08,1739.05975,9991.67424,6724.03627,129.8149,241.21502,218.08898
2018-06-11,1757.56483,10100.71646,6796.86815,130.7462,243.011,219.69501
2018-06-12,1752.20558,10070.18623,6776.27836,130.57424,242.69789,219.41045
2018-06-13,1753.04091,10076.17222,6780.15483,130.78074,243.11031,219.77839
2018-06-14,1756.25705,10096.51109,6793.80374,132.40398,246.17295,222.54589
2018-06-15,1734.01977,9968.67161,6707.78231,131.09887,243.74641,220.35225
2018-06-18,1719.28953,9885.54039,6651.64187,130.02438,241.7866,218.57387
2018-06-19,1700.17104,9775.61327,6577.67567,129.12889,240.1214,217.06854
2018-06-20,1706.54541,9812.28697,6602.34762,129.45071,240.72039,217.60987
2018-06-21,1695.67268,9752.16879,6561.59823,128.31013,238.65809,215.73577
2018-06-22,1719.13373,9887.12472,6652.39657,129.7389,241.31626,218.13848
2018-06-25,1689.65423,9717.63666,6538.35214,126.99039,236.20534,213.51822
2018-06-26,1688.192,9709.22696,6532.69381,127.10346,236.41565,213.70833
2018-06-27,1691.07834,9726.18632,6544.05871,128.08939,238.2583,215.37248
2018-06-28,1675.74089,9640.93728,6486.56808,127.11951,236.52696,213.80307
2018-06-29,1702.61222,9795.63371,6590.63214,128.07936,238.31533,215.41904
2018-07-02,1678.76176,9658.41494,6498.30953,127.03596,236.3739,213.66414
2018-07-03,1698.70228,9773.68302,6575.79384,128.07043,238.31199,215.41375
2018-07-04,1699.09796,9776.38891,6577.52773,128.15527,238.48033,215.56307
2018-07-05,1714.88466,9867.43836,6638.78555,128.69943,239.49814,216.48307
2018-07-06,1726.31238,9933.19344,6683.02539,128.95652,239.97657,216.91552
2018-07-09,1737.00187,9994.70069,6724.4073,129.73296,241.42146,218.22156
2018-07-10,1738.7446,10004.72832,6731.15386,130.29524,242.46781,219.16737
2018-07-11,1716.61186,9877.41047,6645.48862,128.63121,239.37201,216.36886
2018-07-12,1724.36073,9922.19983,6675.58534,129.61548,241.20859,218.02773
2018-07-13,1725.13984,9926.68291,6678.60152,129.86299,241.66918,218.44406
2018-07-16,1725.3316,9927.78634,6679.3439,129.43368,240.87026,217.72192
2018-07-17,1725.87466,9930.91116,6681.44626,129.74594,241.45136,218.24717
2018-07-18,1729.80637,9953.53477,6696.66726,130.49388,242.84324,219.50529
2018-07-19,1721.88761,9907.96913,6666.01102,130.23208,242.35604,219.06491
2018-07-20,1733.10687,9972.59495,6709.47694,130.01698,241.95742,218.70414
2018-07-23,1729.59771,9953.75788,6696.56647,129.78698,241.56229,218.33926
2018-07-24,1744.49288,10039.47889,6754.23679,130.89351,243.62179,220.20077
2018-07-25,1735.00938,9984.90178,6717.51907,130.53881,242.9616,219.60404
2018-07-26,1746.52098,10052.44088,6762.9572,131.5627,244.89873,221.35494
2018-07-27,1752.54391,10087.2303,6786.34664,132.0957,245.8939,222.25392
2018-07-30,1756.22386,10109.90625,6801.41572,131.70621,245.20512,221.62529
2018-07-31,1758.43828,10122.70091,6810.01379,131.99625,245.74626,222.11408
2018-08-01,1745.7292,10049.85385,6760.97197,131.3566,244.56302,221.04351
2018-08-02,1722.50711,9918.1349,6672.26628,130.28454,242.61515,219.27991
2018-08-03,1730.84181,9966.30049,6704.65128,131.16345,244.25613,220.76248
2018-08-06,1723.82317,9927.05001,6678.12883,130.99325,243.96777,220.49798
2018-08-07,1737.3009,10004.66475,6730.34185,131.63021,245.15407,221.57016
2018-08-08,1735.57732,9994.73913,6723.66468,131.36929,244.66812,221.13096
2018-08-09,1731.79252,9987.20366,6718.27535,131.43395,245.13857,221.5456
2018-08-10,1692.05923,9758.40252,6564.32921,129.99099,242.45573,219.11982
2018-08-13,1685.4119,9720.06623,6538.54097,129.66746,241.85229,218.57445
2018-08-14,1679.16618,9684.21091,6514.38283,129.68108,241.88182,218.59984
2018-08-15,1647.43164,9501.18914,6391.26759,127.90505,238.56916,215.60604
2018-08-16,1666.54678,9617.4251,6469.4573,128.49182,239.81306,216.73021
2018-08-17,1667.77438,9625.38601,6474.65323,128.38924,239.64342,216.57157
2018-08-20,1680.77711,9700.68024,6525.27572,129.12425,241.02157,217.8162
2018-08-21,1697.25548,9796.31509,6589.52623,129.41104,241.56994,218.30914
2018-08-22,1708.18263,9859.385,6631.95044,129.35147,241.45874,218.20865
2018-08-23,1701.59604,9822.91924,6607.41102,129.11431,241.05409,217.84261
2018-08-24,1710.26278,9873.35624,6641.28734,129.18598,241.19783,217.97086
2018-08-27,1725.55153,9961.74291,6700.72783,129.86059,242.46039,219.11143
2018-08-28,1731.4353,9995.71037,6723.5759,129.82505,242.39403,219.05145
2018-08-29,1733.30222,10006.48823,6730.82559,130.19288,243.08081,219.6721
2018-08-30,1722.65121,9945.55844,6689.81705,129.78689,242.33642,218.99859
2018-08-31,1704.6052,9841.51171,6619.80711,128.67563,240.26492,217.12581
2018-09-03,1705.12471,9844.51108,6621.8246,128.80895,240.51385,217.35077
2018-09-04,1683.05131,9717.11907,6536.1306,127.92267,238.86016,215.85618
2018-09-05,1674.55945,9668.0912,6503.15246,126.51087,236.22401,213.47391
2018-09-06,1665.44734,9619.01496,6470.09809,125.75755,234.90367,212.2793
2018-09-07,1660.15911,9588.49405,6449.56419,125.8777,235.12864,212.48246
2018-09-10,1670.35113,9647.35958,6489.15925,126.42674,236.1542,213.40924
2018-09-11,1666.62621,9625.84571,6474.68825,126.34624,236.00383,213.27335
2018-09-12,1679.96691,9702.89689,6526.51563,126.92485,237.08462,214.25005
2018-09-13,1685.57243,9735.37887,6548.36417,126.8084,236.86969,214.05582
2018-09-14,1690.0265,9761.10428,6565.66801,127.23067,237.65847,214.76863
2018-09-17,1695.38027,9792.07047,6586.4925,127.38259,237.94333,215.0259
2018-09-18,1698.87871,9812.45117,6600.17191,127.53635,238.23477,215.28831
2018-09-19,1700.76844,9824.60464,6608.05945,128.00645,239.14305,216.09972
2018-09-20,1725.04916,9965.42818,6702.70411,128.92795,240.87825,217.66533
2018-09-21,1734.81444,10021.84113,6740.64721,129.55857,242.05645,218.72998
2018-09-24,1729.19489,9990.99465,6719.63446,128.82123,240.71784,217.51178
2018-09-25,1736.51264,10035.23007,6748.99143,129.41579,241.87594,218.54547
2018-09-26,1736.30526,10034.03164,6748.18545,129.80788,242.60875,219.20759
2018-09-27,1732.7445,10013.7699,6734.54909,130.32932,243.59101,220.09479
2018-09-28,1709.27747,9878.24291,6643.38467,129.25051,241.57691,218.27435
2018-10-01,1708.01027,9870.91952,6638.45949,129.49473,242.03337,218.68678
2018-10-02,1695.27852,9797.34034,6588.90465,128.85202,240.83211,217.59905
2018-10-03,1701.29999,9832.13952,6612.30779,129.50581,242.05409,218.70315
2018-10-04,1680.82681,9716.38189,6534.44476,128.13615,239.55726,216.44673
2018-10-05,1665.00193,9624.90275,6472.92336,127.04555,237.51831,214.60448
2018-10-08,1641.92971,9492.47662,6383.73447,125.70003,235.02627,212.34853
2018-10-09,1645.10285,9510.95693,6396.13523,125.9759,235.54542,212.81668
2018-10-10,1628.28391,9414.56495,6331.14105,124.00682,231.8845,209.50338
2018-10-11,1599.47908,9251.35471,6221.36964,121.52332,227.3225,205.3812
2018-10-12,1595.79816,9230.09796,6207.06875,121.22793,226.77076,204.88251
2018-10-15,1602.03394,9266.16569,6231.32363,121.43904,227.16568,205.23931
2018-10-16,1625.1978,9400.1455,6321.42255,123.25877,230.56968,208.31475
2018-10-17,1611.65699,9321.8254,6268.75375,122.77248,229.66003,207.4929
2018-10-18,1597.70821,9242.15578,6215.10675,122.12831,228.48,206.42442
2018-10-19,1597.71982,9242.7307,6215.40272,122.06545,228.37496,206.32651
2018-10-22,1587.27838,9182.32746,6174.78372,121.54791,227.40668,205.45172
2018-10-23,1562.19531,9037.22311,6077.20629,119.74199,224.02793,202.39917
2018-10-24,1549.47396,8963.63073,6027.71807,119.41826,223.42226,201.85197
2018-10-25,1555.16737,8997.13873,6050.25099,120.03084,224.58263,202.90032
2018-10-26,1542.4418,8923.51725,6000.7432,119.14289,222.92123,201.39932
2018-10-29,1558.19303,9014.64314,6062.02207,120.15878,224.822,203.11658
2018-10-30,1555.01369,8996.24963,6049.6531,120.18797,224.87662,203.16592
2018-10-31,1577.23606,9125.32014,6136.38358,122.2606,228.76731,206.6788
2018-11-01,1592.46602,9215.11835,6196.64762,122.7209,229.67055,207.49076
2018-11-02,1593.92567,9223.56487,6202.32743,123.03309,230.25482,208.01861
2018-11-05,1595.34423,9231.77366,6207.84738,122.90496,230.01501,207.80196
2018-11-06,1592.46095,9215.56375,6196.85135,122.50553,229.2793,207.13409
2018-11-07,1616.48118,9354.66423,6290.3775,123.76797,231.64443,209.27047
2018-11-08,1613.18065,9337.96346,6279.14737,123.99629,232.13139,209.7104
2018-11-09,1597.50435,9247.58182,6218.3037,123.58085,231.3627,209.01366
2018-11-12,1568.26136,9078.81124,6104.71523,122.4239,229.2096,207.06505
2018-11-13,1583.03694,9164.34842,6162.23158,123.25416,230.76406,208.46933
2018-11-14,1577.78955,9134.28175,6141.95163,122.54686,229.44761,207.27795
2018-11-15,1563.85466,9059.52324,6091.4449,121.34649,227.34856,205.37367
2018-11-16,1571.48217,9103.70994,6121.15517,121.13038,226.94367,205.00791
2018-11-19,1567.73479,9082.63227,6106.8776,120.21904,225.25189,203.47615
2018-11-20,1544.24185,8946.80371,6015.49481,118.85336,222.69994,201.16904
2018-11-21,1559.8191,9037.34741,6076.32349,120.23666,225.29922,203.51536
2018-11-22,1550.2951,8985.584,6041.51162,119.36633,223.75348,202.11879
2018-11-23,1546.86204,8965.88178,6028.23968,119.76344,224.50278,202.7948
2018-11-26,1565.84139,9075.88944,6102.20368,121.281,227.34752,205.36447
2018-11-27,1555.13422,9014.58318,6060.83206,120.98515,226.81192,204.87551
2018-11-28,1553.28154,9004.19815,6053.77836,120.99106,226.83192,204.89116
2018-11-29,1571.09206,9107.85877,6123.4424,121.18539,227.20661,205.22861
2018-11-30,1559.72131,9042.12124,6079.21663,120.98836,226.84172,204.89804
2018-12-03,1579.40147,9156.31894,6155.97276,122.24504,229.20055,207.02796
2018-12-04,1568.04734,9091.99844,6112.42564,121.32347,227.51028,205.49102
2018-12-05,1547.77934,8974.57328,6033.46323,119.86616,224.77986,203.02421
2018-12-06,1505.42981,8729.7119,5868.77914,116.16138,217.84981,196.76263
2018-12-07,1516.47818,8793.77936,5911.85018,116.92657,219.28486,198.05877
2018-12-10,1486.1904,8618.14607,5793.77607,114.73731,215.17911,194.35045
2018-12-11,1501.9895,8709.76215,5855.36739,116.48949,218.46516,197.31842
2018-12-12,1532.79535,8888.39965,5975.46117,118.44464,222.13186,200.63019
2018-12-13,1528.1205,8861.7518,5957.53692,118.27591,221.82696,200.35448
2018-12-14,1511.82838,8767.27187,5894.0204,117.53279,220.43323,199.09566
2018-12-17,1499.76406,8697.52705,5847.10609,116.19377,217.92735,196.83145
2018-12-18,1490.40202,8646.39367,5812.18545,115.19409,216.13138,195.19103
2018-12-19,1502.39238,8715.95434,5858.94477,115.5261,216.7543,195.7536
2018-12-20,1480.2393,8587.64151,5772.69171,113.88247,213.67557,192.97316
2018-12-21,1480.01031,8586.31297,5771.79865,113.88979,213.68931,192.98557
2018-12-24,1473.79818,8550.47023,5747.67967,113.41175,212.79729,192.17913
2018-12-25,1473.79818,8550.47023,5747.67967,113.41175,212.79729,192.17913
2018-12-26,1471.78641,8538.79864,5739.83395,113.31651,212.61859,192.01774
2018-12-27,1447.41331,8399.5012,5646.19734,111.48884,209.24175,188.96809
2018-12-28,1480.56763,8592.18041,5775.68162,113.72343,213.44262,192.76074
2018-12-31,1486.40095,8626.03362,5798.43773,114.20146,214.33982,193.571
2019-01-01,1486.40095,8626.03362,5798.43773,114.20146,214.33982,193.571
2019-01-02,1474.3675,8556.19988,5751.49535,114.0451,214.04636,193.30597
2019-01-03,1465.7553,8506.4906,5718.06716,113.00571,212.1023,191.54984
2019-01-04,1509.53128,8760.69293,5888.92306,116.20221,218.10558,196.97077
2019-01-07,1512.69834,8779.13263,5901.30422,115.9177,217.57304,196.48937
2019-01-08,1522.62598,8836.74891,5940.0337,116.88241,219.38376,198.12462
2019-01-09,1539.89529,8936.97349,6007.40433,117.49436,220.53237,199.16193
2019-01-10,1546.48315,8977.59069,6034.70709,117.88948,221.33276,199.88476
2019-01-11,1541.53382,8948.85899,6015.39373,117.96269,221.4702,200.00888
2019-01-14,1532.99403,8899.80955,5982.42285,117.41149,220.44837,199.08607
2019-01-15,1533.60397,8904.10439,5985.17876,117.8178,221.22997,199.78755
2019-01-16,1535.49135,8915.06248,5992.54459,118.3562,222.24093,200.70053
2019-01-17,1533.85714,8906.61929,5986.86923,118.38608,222.32313,200.77475
2019-01-18,1560.3407,9060.40088,6090.23845,120.56787,226.42042,204.47492
2019-01-21,1556.93614,9042.32115,6077.79031,120.31538,225.98849,204.07494
2019-01-22,1549.05571,8996.55347,6047.02759,119.80127,225.02284,203.20293
2019-01-23,1550.89984,9007.29742,6054.24303,119.70673,224.84609,203.04311
2019-01-24,1551.19441,9009.00822,6055.39294,119.99837,225.3939,203.5378
2019-01-25,1566.65903,9098.8234,6115.76209,120.72153,226.7522,204.76439
2019-01-28,1556.67567,9040.8422,6076.79011,119.55889,224.56841,202.79236
2019-01-29,1566.39815,9097.30828,6114.74371,120.52167,226.37681,204.4254
2019-01-30,1574.1732,9144.11713,6145.97182,121.00859,227.33248,205.28058
2019-01-31,1582.53408,9196.37931,6180.44338,121.13181,227.65544,205.55042
2019-02-01,1586.49735,9219.41058,6195.92159,121.504,228.35494,206.182
2019-02-04,1582.0001,9193.35907,6178.39895,121.57833,228.49669,206.3095
2019-02-05,1602.3633,9311.69421,6257.92611,123.34292,231.81311,209.30389
2019-02-06,1600.34773,9300.11367,6250.13005,123.52881,232.16576,209.62185
2019-02-07,1573.71644,9145.52024,6146.23572,121.71385,228.75888,206.54579
2019-02-08,1561.19151,9072.73268,6097.31893,121.0436,227.49917,205.40839
2019-02-11,1567.20725,9107.75498,6120.84515,122.07037,229.43053,207.15186
2019-02-12,1577.71416,9168.81545,6161.8807,122.63318,230.48833,208.10694
2019-02-13,1585.3659,9213.68,6191.96147,123.35895,231.86238,209.34519
2019-02-14,1578.26984,9180.38088,6169.26655,122.94294,231.28053,208.80914
2019-02-15,1598.90211,9300.39338,6249.91561,124.67731,234.54322,211.75482
2019-02-18,1608.12626,9354.20597,6286.04995,124.91415,234.99275,212.15973
2019-02-19,1609.00359,9359.60736,6289.62961,124.67907,234.55797,211.7655
2019-02-20,1621.90962,9434.88081,6340.04824,125.51856,236.14228,213.19032
2019-02-21,1616.98427,9413.52183,6325.69544,125.15393,235.63884,212.73581
2019-02-22,1619.29828,9427.51929,6335.07799,125.42146,236.15571,213.20165
2019-02-25,1624.49116,9457.7521,6355.39375,125.73496,236.74601,213.73458
2019-02-26,1631.7356,9499.92911,6383.73573,126.17337,237.57149,214.47982
2019-02-27,1630.68317,9494.50856,6379.95079,125.82613,236.9353,213.90069
2019-02-28,1631.85458,9506.57539,6388.02559,125.86675,237.14267,214.08677
2019-03-01,1638.02476,9542.52054,6412.17924,126.33712,238.02888,214.88682
2019-03-04,1632.46652,9517.17277,6393.49797,126.64242,238.78053,215.50982
2019-03-05,1632.60286,9517.96761,6394.03193,126.83224,239.13843,215.83285
2019-03-06,1633.69605,9524.6523,6398.46612,126.7826,239.05265,215.75352
2019-03-07,1614.59404,9428.2396,6332.05706,126.25962,238.44476,215.14912
2019-03-08,1600.24967,9344.61068,6275.86453,125.10449,236.26663,213.18288
2019-03-11,1611.31803,9409.24405,6319.27248,126.08764,238.12336,214.8582
2019-03-12,1617.3592,9444.52126,6342.96474,125.99349,237.94555,214.69776
2019-03-13,1632.4645,9532.72821,6402.20475,126.77664,239.42458,216.03229
2019-03-14,1644.3707,9604.14171,6449.98763,127.75775,241.3249,217.74091
2019-03-15,1658.63603,9687.90397,6506.16125,128.62146,242.96751,219.2203
2019-03-18,1665.39516,9727.75299,6532.87308,129.01461,243.71944,219.89706
2019-03-19,1676.09402,9793.33198,6576.31312,129.74044,245.16783,221.18368
2019-03-20,1661.53127,9708.24258,6519.1748,128.55087,242.91994,219.15569
2019-03-21,1662.69708,9718.20438,6525.80138,128.54482,242.98727,219.21432
2019-03-22,1631.12407,9535.24359,6402.6565,126.97005,240.05024,216.55496
2019-03-25,1629.38216,9525.0607,6395.81897,126.39198,238.95733,215.56902
2019-03-26,1635.62117,9562.08499,6420.55905,127.34833,240.77932,217.20859
2019-03-27,1631.85258,9543.21369,6407.25391,127.37673,240.91279,217.3075
2019-03-28,1626.87676,9517.83438,6389.81702,127.18048,240.63567,217.04404
2019-03-29,1635.23379,9574.72157,6426.9965,127.90779,242.21406,218.43329
2019-04-01,1653.82315,9684.26538,6500.36593,129.44832,245.14896,221.07455
2019-04-02,1655.09854,9692.06432,6505.59984,129.90123,246.01508,221.85558
2019-04-03,1676.7317,9819.25959,6590.884,131.14208,248.37807,223.98336
2019-04-04,1670.45765,9789.72632,6570.41763,130.80279,247.91804,223.54663
2019-04-05,1672.97753,9809.44941,6582.53418,130.92423,248.27363,223.82916
2019-04-08,1676.34147,9830.51875,6596.50107,130.739,247.95629,223.53725
2019-04-09,1670.04157,9794.66527,6572.25021,130.11479,246.79993,222.48826
2019-04-10,1671.19205,9803.49874,6577.75759,130.45903,247.50553,223.11011
2019-04-11,1675.54412,9833.5572,6597.58608,130.5435,247.7799,223.34594
2019-04-12,1684.33452,9887.21426,6633.39015,130.75282,248.22911,223.74425
2019-04-15,1685.56811,9904.6422,6642.88793,130.90065,248.7656,224.15376
2019-04-16,1688.87293,9924.72372,6656.22311,131.26756,249.47953,224.79256
2019-04-17,1691.72626,9942.08468,6667.791,131.46026,249.86066,225.13342
2019-04-18,1686.65097,9914.19003,6649.02128,131.75363,250.46708,225.67773
2019-04-19,1686.65097,9914.19003,6649.02128,131.75363,250.46708,225.67773
2019-04-22,1685.75821,9908.94231,6645.50185,131.54934,250.07872,225.32781
2019-04-23,1685.25628,9912.08513,6646.5262,132.07344,251.22947,226.32778
2019-04-24,1682.11465,9894.24971,6634.50555,131.88018,250.87815,226.0092
2019-04-25,1669.90731,9829.37739,6590.47585,131.61039,250.5416,225.68785
2019-04-26,1675.96843,9869.32562,6616.562,131.86917,251.14292,226.20564
2019-04-29,1677.66213,9886.74058,6627.15075,131.96105,251.50721,226.49663
2019-04-30,1684.76854,9931.96144,6656.79064,132.03521,251.73325,226.6773
2019-05-01,1688.03549,9951.22061,6669.69889,131.89698,251.4697,226.43998
2019-05-02,1671.16672,9862.1975,6608.44527,131.24445,250.49028,225.5039
2019-05-03,1678.22862,9905.69142,6637.18744,131.75193,251.50503,226.40371
2019-05-06,1664.75898,9835.37906,6588.87762,130.60691,249.55251,224.60522
2019-05-07,1640.0573,9693.58796,6493.0796,128.74947,246.10874,221.4781
2019-05-08,1644.8009,9723.65037,6512.84937,128.96049,246.56345,221.8748
2019-05-09,1622.48599,9606.37473,6432.1475,126.89936,242.99315,218.58889
2019-05-10,1628.76937,9645.68626,6458.10864,127.22652,243.6729,219.18812
2019-05-13,1609.41458,9533.09086,6382.43672,125.72586,240.84989,216.63909
2019-05-14,1621.43056,9605.03723,6430.47916,127.01475,243.33854,218.87329
2019-05-15,1628.5454,9649.83522,6459.99646,127.6347,244.59346,219.98587
2019-05-16,1643.98998,9754.0521,6528.84236,129.1621,247.84322,222.87725
2019-05-17,1635.37142,9705.64763,6496.03541,128.70949,247.04423,222.1448
2019-05-20,1619.41313,9623.49577,6439.2521,127.39073,244.8325,220.09451
2019-05-21,1630.26372,9692.75003,6484.6726,128.05504,246.23052,221.31992
2019-05-22,1624.19377,9657.46476,6460.95574,127.8928,245.93901,221.05413
2019-05-23,1600.41789,9522.08735,6369.52856,126.06584,242.57846,218.00424
2019-05-24,1617.00674,9622.39971,6436.31526,126.75866,243.95247,219.22835
2019-05-27,1618.65678,9636.31016,6444.78607,127.02405,244.56708,219.75224
2019-05-28,1612.9296,9602.21465,6421.98292,126.77851,244.09432,219.32745
2019-05-29,1585.54576,9443.97455,6315.20096,124.97842,240.75044,216.2903
2019-05-30,1589.77135,9471.50941,6333.5374,125.4917,241.79959,217.23024
2019-05-31,1579.2629,9409.91156,6292.07796,124.47201,239.86057,215.47902
2019-06-03,1594.24368,9499.73972,6352.06677,125.00213,240.89648,216.40704
2019-06-04,1607.73811,9581.23243,6406.3403,125.70671,242.28166,217.64403
2019-06-05,1617.49699,9639.73593,6445.38834,126.14407,243.13336,218.40676
2019-06-06,1620.13369,9657.54161,6457.2937,126.12013,243.13987,218.41261
2019-06-07,1643.0294,9794.31715,6548.69042,127.28198,245.38714,220.42948
2019-06-10,1643.41797,9797.47543,6550.63322,127.56525,245.95438,220.93333
2019-06-11,1654.31291,9864.38556,6594.9768,128.41661,247.64502,222.43873
2019-06-12,1649.86721,9837.87665,6577.25389,128.00363,246.84862,221.72339
2019-06-13,1645.27134,9812.23659,6560.10343,128.1906,247.25364,222.08691
2019-06-14,1631.66799,9731.34434,6505.98007,127.66867,246.25294,221.18664
2019-06-17,1630.3903,9724.03845,6501.03116,127.55734,246.04614,220.9987
2019-06-18,1652.13478,9855.78588,6588.78593,129.72658,250.28268,224.79286
2019-06-19,1657.18823,9886.64238,6609.35104,129.77532,250.39469,224.89132
2019-06-20,1674.39191,9990.31831,6678.57372,130.24576,251.32856,225.72717
2019-06-21,1672.6296,9979.92149,6671.6084,129.76963,250.41276,224.90414
2019-06-24,1678.6742,10017.43348,6696.44026,129.44958,249.83124,224.37365
2019-06-25,1675.75236,10000.58003,6685.05733,129.30374,249.5643,224.13
2019-06-26,1669.92603,9965.80957,6661.81443,128.92213,248.82777,223.46853
2019-06-27,1668.72623,9961.61146,6658.92483,128.92016,248.89798,223.52878
2019-06-28,1682.61921,10045.28519,6714.74184,129.77089,250.55885,225.0165
2019-07-01,1685.78532,10064.61769,6727.59795,130.74411,252.44872,226.71148
2019-07-02,1687.83023,10076.99303,6735.83672,131.24459,253.41928,227.58196
2019-07-03,1699.54689,10147.94789,6783.06893,132.31382,255.50907,229.45202
2019-07-04,1701.37009,10159.31116,6790.64389,132.44989,255.78384,229.69808
2019-07-05,1680.27324,10033.33656,6706.44048,131.50104,253.95145,228.05257
2019-07-08,1678.14224,10021.21578,6698.21961,131.41624,253.80297,227.91518
2019-07-09,1668.80072,9965.43189,6660.93343,130.78965,252.59286,226.82849
2019-07-10,1672.06319,9985.28811,6674.15791,130.52703,252.0951,226.3799
2019-07-11,1670.03102,9973.40328,6666.17766,130.34522,251.7503,226.06903
2019-07-12,1670.30197,9975.02143,6667.25921,130.37216,251.80233,226.11576
2019-07-15,1675.17058,10004.09668,6686.47168,130.64188,252.32326,226.57605
2019-07-16,1675.38027,10005.34895,6687.30867,131.10643,253.2205,227.38173
2019-07-17,1669.41124,9969.70195,6663.48316,130.61605,252.27337,226.53125
2019-07-18,1664.73146,9941.75437,6644.80375,130.33117,251.72316,226.03718
2019-07-19,1666.92993,9954.88363,6653.57899,130.46258,251.97697,226.2651
2019-07-22,1669.1846,9969.80427,6663.29857,130.63323,252.3434,226.58553
2019-07-23,1675.02247,10004.67305,6686.60304,131.94249,254.87249,228.85646
2019-07-24,1674.62938,10002.3252,6685.03386,131.99439,254.97275,228.94649
2019-07-25,1667.30517,9959.70604,6656.54943,131.23455,253.53367,227.6543
2019-07-26,1667.69874,9962.24726,6658.22878,131.64305,254.32771,228.36664
2019-07-29,1669.83945,9975.50442,6667.00329,131.75282,254.55176,228.56487
2019-07-30,1647.17241,9840.09307,6576.50281,129.87102,250.91605,225.30033
2019-07-31,1649.1736,9852.35205,6584.66546,130.09304,251.35275,225.6914
2019-08-01,1644.84242,9826.91068,6567.65142,130.63723,252.41532,226.64513
2019-08-02,1610.45462,9621.46501,6430.34524,127.40491,246.16988,221.03731
2019-08-05,1584.08853,9465.31244,6325.84609,124.38911,240.37755,215.83166
2019-08-06,1577.236,9424.36694,6298.48144,123.83441,239.30562,214.86919
2019-08-07,1585.00037,9470.76092,6329.48741,124.12225,239.86184,215.36861
2019-08-08,1608.96368,9627.99958,6434.49625,126.16757,244.17072,219.23488
2019-08-09,1595.71712,9549.51045,6381.96313,125.11766,242.15858,217.42557
2019-08-12,1593.21038,9534.50901,6371.93762,124.72625,241.40103,216.74539
2019-08-13,1597.66064,9561.33073,6389.81836,125.42121,242.75088,217.95587
2019-08-14,1566.04362,9372.11613,6263.36662,123.35816,238.75789,214.37073
2019-08-15,1555.44133,9318.1306,6227.05025,122.98074,238.26942,213.92398
2019-08-16,1574.38013,9432.46474,6303.29817,124.52297,241.27988,216.6214
2019-08-19,1590.82689,9531.59406,6369.46258,125.92587,244.01335,219.07278
2019-08-20,1578.64812,9458.62377,6320.70038,125.03507,242.28722,217.52307
2019-08-21,1598.58274,9578.06396,6400.51597,126.56261,245.24721,220.18053
2019-08-22,1590.46035,9531.62811,6369.48533,126.06728,244.34455,219.37013
2019-08-23,1581.43344,9478.31825,6333.7371,125.03581,242.3655,217.58909
2019-08-26,1582.06443,9482.10007,6336.26425,125.02942,242.35312,217.57798
2019-08-27,1589.98158,9529.68986,6368.0515,125.7966,243.84373,218.91573
2019-08-28,1584.16213,9494.8105,6344.74397,125.62474,243.51061,218.61667
2019-08-29,1599.53467,9587.31131,6406.55605,126.94695,246.08292,220.92601
2019-08-30,1602.61685,9606.08035,6419.04682,127.81525,247.77371,222.44217
2019-09-02,1601.58908,9599.9199,6414.93024,128.25738,248.63078,223.21162
2019-09-03,1597.40958,9574.86799,6398.18986,127.98102,248.09506,222.73067
2019-09-04,1621.71043,9720.52722,6495.52336,129.13869,250.33924,224.74541
2019-09-05,1635.51308,9807.5034,6553.5875,130.07271,252.259,226.46697
2019-09-06,1640.95558,9840.34004,6575.49622,130.4583,253.01195,227.14178
2019-09-09,1638.03976,9822.8547,6563.81219,130.1146,252.34537,226.54337
2019-09-10,1638.66382,9826.59702,6566.31288,130.3528,252.80733,226.95809
2019-09-11,1645.297,9866.3743,6592.89279,131.40412,254.84628,228.78856
2019-09-12,1653.21881,9914.07095,6624.74945,131.63581,255.30055,229.19586
2019-09-13,1665.81772,9989.74674,6675.30503,131.99876,256.00762,229.83021
2019-09-16,1643.52243,9856.09085,6585.98939,131.25642,254.56908,228.5386
2019-09-17,1650.30219,9896.74863,6613.15753,131.17762,254.41625,228.4014
2019-09-18,1651.67714,9906.18769,6619.1857,131.1682,254.42864,228.40288
2019-09-19,1661.77646,9966.91604,6659.7323,132.00605,256.05783,229.86435
2019-09-20,1659.86126,9955.42919,6652.05697,132.39275,256.80793,230.53772
2019-09-23,1645.14396,9868.58227,6593.78242,131.40982,254.93808,228.85064
2019-09-24,1644.67643,9865.77776,6591.90857,131.35456,254.83087,228.7544
2019-09-25,1629.8158,9776.63458,6532.34675,130.63096,253.42708,227.49426
2019-09-26,1637.32552,9822.09739,6562.71265,131.43077,254.9895,228.89644
2019-09-27,1645.95086,9876.06293,6598.34104,132.05073,256.24997,230.01296
2019-09-30,1644.80377,9869.18012,6593.74254,132.50944,257.14011,230.81197
2019-10-01,1625.45197,9753.26946,6516.25998,130.76449,253.75929,227.77587
2019-10-02,1585.57349,9513.98488,6356.39148,127.23004,246.90039,221.61928
2019-10-03,1591.02861,9549.49146,6380.0599,127.21449,246.94196,221.65472
2019-10-04,1601.50559,9612.3752,6422.07282,128.11052,248.68127,223.21592
2019-10-07,1615.3405,9695.41352,6477.55112,129.03506,250.47595,224.82682
2019-10-08,1591.89564,9554.69549,6383.53674,127.6091,247.70795,222.34227
2019-10-09,1602.11849,9616.05388,6424.53057,128.15371,248.76512,223.29118
2019-10-10,1616.84164,9708.38006,6486.11595,128.93803,250.38963,224.74594
2019-10-11,1656.39558,9946.75674,6645.26136,131.82302,256.0146,229.79093
2019-10-14,1646.95067,9890.03945,6607.36949,131.19618,254.79721,228.69823
2019-10-15,1666.19574,10005.60733,6684.57845,132.58494,257.49433,231.11909
2019-10-16,1665.65186,10002.34129,6682.39646,132.38574,257.10746,230.77184
2019-10-17,1674.09816,10053.73419,6716.72488,132.27302,256.90573,230.59056
2019-10-18,1672.38919,10043.47107,6709.86827,131.85923,256.10206,229.86921
2019-10-21,1683.90598,10112.63473,6756.07531,132.6839,257.70375,231.30684
2019-10-22,1683.73778,10111.62456,6755.40043,132.85539,258.03682,231.6058
2019-10-23,1683.14198,10108.4278,6753.18831,132.98759,258.30333,231.84238
2019-10-24,1691.66919,10160.27713,6787.82755,133.79976,259.89713,233.27291
2019-10-25,1692.15702,10163.71903,6790.03622,134.00125,260.30162,233.63284
2019-10-28,1696.1194,10187.59845,6805.97325,134.29687,260.87791,234.14954
2019-10-29,1697.02662,10193.17687,6809.67408,134.09067,260.48066,233.7921
2019-10-30,1699.87133,10212.39559,6822.24275,134.22488,260.79582,234.06568
2019-10-31,1695.37761,10187.42041,6805.39393,133.46807,259.37684,232.78651
2019-11-01,1709.19092,10270.42375,6860.84177,134.39891,261.1858,234.41003
2019-11-04,1724.11321,10360.65994,6921.06427,135.74244,263.81125,236.76437
2019-11-05,1715.33468,10308.51658,6886.11968,136.03906,264.40337,237.29192
2019-11-06,1718.89293,10329.90034,6900.4041,136.32742,264.9638,237.79489
2019-11-07,1719.94202,10338.76405,6906.30206,136.77498,265.89949,238.63384
2019-11-08,1711.51,10288.61351,6872.71207,136.39465,265.1739,237.97956
2019-11-11,1713.15542,10298.96289,6879.53358,136.35875,265.1159,237.92433
2019-11-12,1716.34025,10318.10909,6892.32292,136.88516,266.13937,238.84283
2019-11-13,1711.31436,10288.20886,6871.95384,136.52151,265.44045,238.20186
2019-11-14,1703.23292,10245.6356,6843.2832,135.97562,264.53427,237.38054
2019-11-15,1717.82575,10333.41737,6901.91455,136.51398,265.58163,238.3204
2019-11-18,1721.62644,10357.51784,6917.83616,136.45796,265.50437,238.24502
2019-11-19,1719.08396,10342.99356,6907.98072,136.27488,265.16795,237.93781
2019-11-20,1709.71713,10286.64949,6870.34909,135.6977,264.04516,236.93032
2019-11-21,1704.97803,10259.59939,6852.21679,135.19939,263.11305,236.09167
2019-11-22,1706.20936,10267.00886,6857.16546,135.81818,264.31729,237.17223
2019-11-25,1720.21324,10351.79472,6913.68867,137.20027,267.02036,239.5941
2019-11-26,1721.39353,10359.01102,6918.48547,137.26325,267.14586,239.70592
2019-11-27,1724.41929,10377.21945,6930.64635,137.69204,267.98037,240.45472
2019-11-28,1723.10311,10372.12719,6927.20659,137.49944,267.67852,240.18253
2019-11-29,1718.0952,10341.98233,6907.07381,136.85735,266.42853,239.06094
2019-12-02,1698.50871,10224.91687,6828.72798,134.72897,262.30649,235.35674
2019-12-03,1688.5474,10165.03155,6788.71721,133.80589,260.5114,233.74552
2019-12-04,1708.72056,10286.57023,6869.86748,135.35562,263.53111,236.45431
2019-12-05,1707.08736,10276.88725,6863.394,135.1653,263.16437,236.12502
2019-12-06,1720.48514,10358.58501,6917.75183,136.76244,266.30075,238.93211
2019-12-09,1719.80897,10354.51401,6915.03311,136.45552,265.70312,238.39589
2019-12-10,1718.60102,10347.24123,6910.17614,136.11989,265.04958,237.80952
2019-12-11,1722.05062,10368.01035,6924.04634,136.43617,265.66544,238.36209
2019-12-12,1732.68769,10432.4928,6967.10951,136.8838,266.54828,239.1542
2019-12-13,1753.38781,10557.24771,7050.41233,138.2828,269.27555,241.60077
2019-12-16,1777.89606,10704.86018,7148.98718,140.20308,273.01607,244.95669
2019-12-17,1769.4899,10655.44025,7115.83172,139.34,271.36583,243.47087
2019-12-18,1763.15519,10617.29418,7090.34856,139.18434,271.06268,243.19858
2019-12-19,1764.80318,10627.70004,7097.2637,139.43349,271.56022,243.64381
2019-12-20,1773.66303,10681.05431,7132.89411,140.5317,273.69909,245.56281
2019-12-23,1773.45079,10679.8317,7132.0706,140.4832,273.60606,245.47909
2019-12-24,1776.34155,10699.58243,7145.26028,140.68047,274.05026,245.87763
2019-12-25,1776.34155,10699.58243,7145.26028,140.68047,274.05026,245.87763
2019-12-26,1778.15706,10710.51794,7152.56309,140.7164,274.12025,245.94043
2019-12-27,1791.25522,10789.41312,7205.24988,140.93389,274.54392,246.32054
2019-12-30,1781.97848,10733.82124,7168.08899,139.69718,272.142,244.16431
2019-12-31,1784.16368,10746.9839,7176.87906,139.60059,271.95383,243.99548
2020-01-01,1784.16368,10746.9839,7176.87906,139.60059,271.95383,243.99548
2020-01-02,1796.81424,10823.55575,7227.98397,140.89166,274.47835,246.25944
2020-01-03,1786.36596,10760.76905,7186.03577,140.52403,273.766,245.61968
2020-01-06,1783.64021,10746.47409,7176.08801,140.0024,272.80369,244.74261
2020-01-07,1779.85127,10723.64564,7160.84404,140.30687,273.39699,245.27487
2020-01-08,1779.57774,10721.99763,7159.74356,140.56287,273.8958,245.72238
2020-01-09,1781.5782,10734.06543,7167.80197,140.93635,274.62394,246.37562
2020-01-10,1781.0547,10730.91132,7165.69578,140.75548,274.2715,246.05944
2020-01-13,1781.11298,10731.26244,7165.93024,140.50091,273.77547,245.61443
2020-01-14,1784.19718,10750.18297,7178.50144,140.9024,274.56642,246.32185
2020-01-15,1789.61405,10783.12954,7200.46254,140.94997,274.66699,246.41073
2020-01-16,1791.76227,10797.27122,7209.87724,141.24582,275.27405,246.95437
2020-01-17,1801.30759,10854.79194,7248.2867,142.59341,277.90037,249.3105
2020-01-20,1796.68586,10828.84049,7230.62786,142.38797,277.54867,248.98362
2020-01-21,1796.32587,10826.67078,7229.1791,142.16062,277.1055,248.58606
2020-01-22,1790.97643,10794.42905,7207.65067,142.02521,276.84155,248.34928
2020-01-23,1774.07196,10692.61245,7139.65337,141.06678,274.97511,246.6745
2020-01-24,1785.65568,10762.42936,7186.2714,142.25188,277.28517,248.74681
2020-01-27,1743.51722,10508.45415,7016.68749,139.05263,271.04902,243.15249
2020-01-28,1756.10434,10584.31875,7067.34368,140.20929,273.30364,245.17506
2020-01-29,1762.85078,10624.98059,7094.49434,140.77353,274.40348,246.16171
2020-01-30,1750.90258,10553.29161,7046.56558,139.35692,271.65052,243.68998
2020-01-31,1738.4416,10478.18503,6996.41597,137.77831,268.57331,240.9295
2020-02-03,1737.97932,10475.39872,6994.55552,138.04687,269.09681,241.39912
2020-02-04,1762.96762,10626.01178,7095.12175,140.2727,273.43567,245.29139
2020-02-05,1778.82289,10721.57694,7158.93181,142.0038,276.81012,248.31851
2020-02-06,1782.8145,10749.56679,7176.96027,142.64009,278.15217,249.49946
2020-02-07,1775.84449,10707.54078,7148.90156,142.25738,277.40587,248.83004
2020-02-10,1770.32081,10674.23547,7126.66523,142.33417,277.55562,248.96436
2020-02-11,1784.46425,10759.51402,7183.60155,143.58303,279.99092,251.1488
2020-02-12,1792.47051,10808.08517,7215.97783,144.49198,281.77115,252.74381
2020-02-13,1782.98618,10757.93712,7182.22765,144.35013,281.67885,252.65156
2020-02-14,1779.09962,10734.48696,7166.57182,144.07532,281.14259,252.17056
2020-02-17,1782.50402,10755.18434,7180.36229,144.55094,282.0748,253.00573
2020-02-18,1774.43572,10706.80064,7148.01062,143.99636,281.00043,252.04033
2020-02-19,1784.1871,10765.63965,7187.29237,145.19686,283.34315,254.1416
2020-02-20,1770.53875,10687.39881,7134.98303,143.93946,280.99751,252.03507
2020-02-21,1768.97449,10678.51747,7129.03026,143.16956,279.5092,250.69934
2020-02-24,1703.17187,10281.2961,6863.84334,137.78677,269.00042,241.27373
2020-02-25,1674.62748,10108.98626,6748.80845,135.37777,264.29734,237.05541
2020-02-26,1674.9926,10111.90999,6750.61621,135.39483,264.34945,237.09708
2020-02-27,1630.43817,9853.4295,6578.023,130.34778,254.76675,228.5011
2020-02-28,1573.27306,9507.95647,6347.38965,125.79481,245.8679,220.51969
2020-03-02,1596.8615,9650.51147,6442.55753,125.99475,246.25869,220.8702
2020-03-03,1623.20732,9817.7507,6552.35138,127.5407,249.48407,223.69979
2020-03-04,1641.63115,9929.44089,6626.84538,129.4167,253.16027,226.99442
2020-03-05,1624.76153,9833.64032,6562.90869,127.53731,249.64219,223.83995
2020-03-06,1581.92983,9574.54607,6389.9631,122.84127,240.45362,215.60015
2020-03-09,1476.22073,8935.03341,5963.10484,113.54843,222.27062,199.29477
2020-03-10,1451.38026,8784.68297,5862.76325,112.36596,219.95593,197.21934
2020-03-11,1431.80527,8666.20262,5783.69127,111.50902,218.27849,195.7153
2020-03-12,1243.98088,7530.97982,5025.91161,98.59481,193.04025,173.08077
2020-03-13,1260.70546,7632.34993,5093.55039,100.0332,195.85958,175.60818
2020-03-16,1208.16086,7314.29045,4881.28444,95.26578,186.52645,167.23991
2020-03-17,1219.42283,7382.94004,4927.01414,97.61295,191.13423,171.36831
2020-03-18,1156.10085,6999.55996,4671.16497,93.72724,183.5257,164.54661
2020-03-19,1177.26549,7135.58773,4760.18853,96.62036,189.40002,169.75087
2020-03-20,1195.63679,7246.93906,4834.4716,98.24288,192.58057,172.60145
2020-03-23,1152.69764,6987.18055,4661.09119,94.09406,184.46111,165.321
2020-03-24,1255.25909,7610.13479,5076.42853,102.11494,200.21854,179.43526
2020-03-25,1299.20267,7876.59495,5254.16526,105.33849,206.54027,185.10048
2020-03-26,1355.02208,8218.67808,5482.19343,107.95582,211.76671,189.77878
2020-03-27,1313.08321,7966.74396,5313.66423,104.29286,204.64409,183.37918
2020-03-30,1327.29058,8057.13697,5373.11294,105.6937,207.50084,185.90996
2020-03-31,1341.52153,8143.47057,5430.67738,107.38187,210.81372,188.8778
2020-04-01,1297.5789,7877.97741,5253.38363,104.32562,204.84623,183.52276
2020-04-02,1297.45107,7870.70221,5248.53221,104.89629,205.79681,184.3744
2020-04-03,1276.94907,7751.32453,5167.79286,103.86017,203.8954,182.63086
2020-04-06,1321.86884,8023.88057,5349.52084,107.66326,211.35846,189.31614
2020-04-07,1357.32645,8240.30597,5493.64197,109.55053,215.09462,192.65671
2020-04-08,1354.36838,8223.27636,5482.08539,109.49794,215.01564,192.57883
2020-04-09,1384.00224,8403.35977,5602.08212,111.12657,218.21777,195.44484
2020-04-10,1384.00224,8403.35977,5602.08212,111.12657,218.21777,195.44484
2020-04-13,1381.33547,8387.16772,5591.28772,111.2991,218.55656,195.74827
2020-04-14,1396.43669,8479.15755,5652.54846,111.81321,219.57384,196.65716
2020-04-15,1343.33758,8156.73999,5437.6119,108.19281,212.46426,190.2896
2020-04-16,1344.08306,8163.33343,5441.98909,108.80661,213.72373,191.41698
2020-04-17,1384.16062,8407.1597,5604.45942,111.64451,219.30889,196.41662
2020-04-20,1392.24671,8456.48462,5637.31679,112.37413,220.74762,197.70433
2020-04-21,1341.76766,8152.75398,5434.22378,108.49917,213.21093,190.93266
2020-04-22,1362.85255,8281.58211,5519.93618,110.55021,217.26014,194.5532
2020-04-23,1375.14088,8357.97139,5570.76059,111.54185,219.25402,196.33547
2020-04-24,1357.90532,8255.85688,5502.42008,110.30171,216.88572,194.20488
2020-04-27,1386.11526,8438.30906,5621.63488,112.30237,221.10626,197.90002
2020-04-28,1408.74287,8576.55178,5713.62372,114.22521,224.90494,201.29616
2020-04-29,1436.19716,8747.99013,5827.06865,116.22061,228.94618,204.88626
2020-04-30,1417.46251,8637.27734,5752.77462,113.66255,223.9952,200.43649
2020-05-01,1411.7056,8602.19772,5729.41018,112.63021,221.96076,198.61602
2020-05-04,1364.30466,8317.16138,5538.81317,109.76575,216.41464,193.62695
2020-05-05,1384.36449,8443.76955,5622.40448,112.16053,221.24934,197.92711
2020-05-06,1373.64053,8378.44427,5578.89191,111.73488,220.41193,197.17745
2020-05-07,1385.28492,8458.26576,5631.0035,112.89117,222.92472,199.38858
2020-05-08,1409.88234,8608.77948,5731.15204,113.89177,224.90914,201.16157
2020-05-11,1398.20488,8539.17909,5684.50005,113.44407,224.06971,200.39961
2020-05-12,1408.5226,8604.04406,5727.38476,113.761,224.74408,200.99237
2020-05-13,1375.88473,8405.03678,5594.84353,111.48893,220.26492,196.98413
2020-05-14,1343.34899,8210.41349,5465.13897,109.10922,215.67196,192.87122
2020-05-15,1349.28589,8250.09684,5491.12675,109.54078,216.6142,193.6988
2020-05-18,1409.9899,8624.25472,5739.61261,114.05782,225.62471,201.73686
2020-05-19,1411.42609,8633.53108,5745.69615,113.23536,224.01053,200.29044
2020-05-20,1431.22628,8755.55199,5826.75522,114.35383,226.24656,202.2846
2020-05-21,1413.37338,8650.18497,5756.2249,113.45377,224.56572,200.76749
2020-05-22,1405.64325,8602.98213,5724.79862,113.36166,224.38619,200.60646
2020-05-25,1426.10773,8728.42324,5808.23682,114.98039,227.5953,203.47422
2020-05-26,1453.40554,8895.49817,5919.41506,116.21051,230.03023,205.65109
2020-05-27,1457.02456,8917.64818,5934.15455,116.62197,230.84469,206.37923
2020-05-28,1490.61903,9123.95055,6071.36488,118.42058,234.42259,209.57547
2020-05-29,1476.53449,9039.29191,6014.75802,116.58456,230.82768,206.35225
2020-06-01,1494.43158,9149.31889,6087.91578,117.84936,233.34365,208.59958
2020-06-02,1524.01016,9330.98182,6208.68556,119.69291,237.00852,211.87214
2020-06-03,1568.008,9601.60466,6388.51062,122.74779,243.08897,217.29945
2020-06-04,1573.76005,9636.87302,6411.96815,121.84598,241.30418,215.70373
2020-06-05,1607.88462,9846.06337,6551.11156,124.82363,247.20689,220.97876
2020-06-08,1602.27544,9812.29517,6528.60364,124.52576,246.63157,220.46311
2020-06-09,1590.56584,9741.11586,6481.13874,123.03326,243.68883,217.82906
2020-06-10,1584.84955,9706.10759,6457.84639,122.61809,242.86652,217.09401
2020-06-11,1523.94749,9335.40808,6211.16143,117.60573,232.99565,208.26913
2020-06-12,1510.32572,9251.96371,6155.64308,117.94842,233.67458,208.87601
2020-06-15,1509.52188,9247.07058,6152.38216,117.59288,232.97097,208.24689
2020-06-16,1547.9031,9481.72521,6308.56002,120.97983,239.6694,214.23629
2020-06-17,1557.56861,9541.59258,6348.26631,121.89797,241.50503,215.87285
2020-06-18,1545.72801,9470.54175,6300.73527,121.00365,239.77078,214.31385
2020-06-19,1549.9665,9500.53365,6319.9829,121.72603,241.30437,215.66053
2020-06-22,1546.77848,9484.97355,6309.39754,120.77371,239.51706,214.0552
2020-06-23,1578.89696,9683.39313,6441.1204,122.35695,242.69367,216.88518
2020-06-24,1526.88764,9364.41938,6228.94804,118.93513,235.90654,210.81981
2020-06-25,1529.97746,9383.9953,6241.96939,119.83474,237.70676,212.42859
2020-06-26,1522.01552,9335.21125,6209.51033,119.33351,236.71377,211.54088
2020-06-29,1534.3641,9414.57367,6261.67704,119.83102,237.79215,212.48344
2020-06-30,1533.79295,9411.06919,6259.34619,119.94106,238.01051,212.67857
2020-07-01,1540.8745,9456.27026,6289.28023,120.17917,238.52717,213.13585
2020-07-02,1566.60229,9616.22478,6395.61283,122.53945,243.26397,217.36666
2020-07-03,1555.65315,9550.26854,6351.51303,121.53148,241.29461,215.59903
2020-07-06,1591.02953,9767.50892,6495.94463,123.47147,245.14794,219.04045
2020-07-07,1576.3323,9680.74641,6437.61595,122.67777,243.65929,217.68914
2020-07-08,1572.34944,9656.61359,6421.50691,121.91409,242.15069,216.33929
2020-07-09,1555.24372,9554.421,6353.36024,120.95081,240.30939,214.68783
2020-07-10,1572.43552,9660.03641,6423.59084,122.01771,242.42914,216.58157
2020-07-13,1595.18077,9799.83695,6516.54202,123.23828,244.85592,218.74924
2020-07-14,1586.98855,9751.2236,6483.89661,122.28805,243.0107,217.09006
2020-07-15,1616.94631,9935.73314,6606.50661,124.37825,247.17515,220.80777
2020-07-16,1611.3191,9901.1553,6583.51498,123.79903,246.02406,219.77947
2020-07-17,1612.44297,9908.06465,6588.10857,123.98841,246.40051,220.11574
2020-07-20,1626.05778,9993.52729,6644.62302,124.83859,248.13482,221.65464
2020-07-21,1637.81124,10065.76244,6692.65164,125.21557,248.88412,222.32398
2020-07-22,1637.5156,10064.1436,6691.57529,124.05907,246.59026,220.27492
2020-07-23,1638.49731,10071.02504,6696.15071,124.11203,246.71631,220.38751
2020-07-24,1614.88266,9925.87759,6599.64323,122.01285,242.54346,216.65997
2020-07-27,1630.55841,10022.4052,6663.7983,121.5968,241.72066,215.92416
2020-07-28,1630.13529,10019.85164,6662.09267,122.07313,242.66869,216.77076
2020-07-29,1635.55058,10053.34608,6684.34196,122.00016,242.52867,216.64501
2020-07-30,1602.3784,9849.83992,6549.0333,119.32308,237.21632,211.89962
2020-07-31,1590.31597,9775.97657,6499.8726,118.11938,234.83019,209.76654
2020-08-03,1611.04647,9903.41087,6584.6014,120.54602,239.65452,214.07596
2020-08-04,1612.73399,9913.78439,6591.49857,120.49264,239.54841,213.98117
2020-08-05,1636.90481,10062.36708,6690.28855,120.9914,240.53998,214.86691
2020-08-06,1619.40023,9959.13476,6621.55027,120.09678,238.86626,213.36858
2020-08-07,1615.90046,9938.39541,6607.68039,120.39126,239.47085,213.90601
2020-08-10,1618.55187,9955.59835,6619.02866,120.81427,240.33388,214.67401
2020-08-11,1646.03072,10124.82497,6731.49185,122.87582,244.43988,218.34007
2020-08-12,1671.06479,10278.81091,6833.86943,124.33248,247.33764,220.92842
2020-08-13,1664.20501,10245.51392,6811.59831,123.4769,245.84914,219.59455
2020-08-14,1642.76679,10114.69032,6724.41531,121.97386,242.88433,216.93969
2020-08-17,1653.44674,10180.44791,6768.13206,122.36856,243.67029,217.64169
2020-08-18,1651.86665,10170.71912,6761.66419,121.70808,242.35508,216.46697
2020-08-19,1660.24264,10222.29098,6795.95003,122.53079,243.99333,217.93023
2020-08-20,1633.82932,10063.07141,6690.09819,121.18221,241.38972,215.60473
2020-08-21,1622.51423,9993.59271,6643.87966,120.97637,240.98484,215.24219
2020-08-24,1653.47814,10184.3095,6770.67083,122.93025,244.87697,218.71855
2020-08-25,1649.55917,10160.39425,6754.72717,122.53516,244.09531,218.01896
2020-08-26,1663.01062,10243.24794,6809.8091,123.59711,246.21075,219.90841
2020-08-27,1648.29602,10152.86586,6749.72223,122.78924,244.6075,218.47644
2020-08-28,1654.24194,10191.51347,6775.09179,122.11358,243.30983,217.30701
2020-08-31,1652.28199,10179.92365,6767.30208,121.34169,241.78337,215.94097
2020-09-01,1646.87634,10146.96366,6745.3442,120.90427,240.91996,215.16834
2020-09-02,1656.92767,10208.91742,6786.52439,122.90581,244.90891,218.73077
2020-09-03,1634.42557,10072.10832,6695.54547,121.2674,241.68813,215.8532
2020-09-04,1611.05137,9928.33759,6599.90894,119.93841,239.046,213.49144
2020-09-07,1641.21951,10114.5931,6723.65989,121.88474,242.93334,216.96117
2020-09-08,1617.98466,9971.40016,6628.47261,120.50565,240.18462,214.50632
2020-09-09,1647.34272,10153.00228,6749.06519,122.52077,244.21723,218.10369
2020-09-10,1646.14415,10145.6152,6744.15473,121.79732,242.77519,216.81585
2020-09-11,1642.94206,10125.87986,6731.03594,121.96626,243.11192,217.11657
2020-09-14,1650.7665,10174.10393,6763.09221,122.1239,243.42614,217.39719
2020-09-15,1658.74966,10223.30624,6795.79876,122.93713,245.04713,218.84486
2020-09-16,1665.25522,10264.06439,6822.73797,123.64883,246.48167,220.12103
2020-09-17,1653.20575,10189.87803,6773.42475,122.97246,245.13536,218.9187
2020-09-18,1649.35126,10166.28558,6757.70385,122.14266,243.48519,217.44377
2020-09-21,1580.91411,9744.89623,6477.52463,118.241,235.71819,210.50505
2020-09-22,1579.08735,9733.93801,6470.19041,118.48274,236.20742,210.94032
2020-09-23,1583.91194,9763.75558,6489.99482,119.17052,237.58047,212.16599
2020-09-24,1563.35242,9637.30455,6405.94249,117.95712,235.16835,210.0119
2020-09-25,1558.59484,9610.1621,6387.49403,117.81576,234.93996,209.79458
2020-09-28,1596.38548,9843.17593,6542.36909,120.40296,240.09919,214.40162
2020-09-29,1599.50969,9862.43951,6555.17284,119.7542,238.80546,213.24636
2020-09-30,1596.24904,9842.33463,6541.80991,119.55593,238.4101,212.89331
2020-10-01,1600.03192,9869.76764,6559.64497,119.74736,238.89126,213.31002
2020-10-02,1601.38338,9878.20517,6565.23258,120.06335,239.5241,213.87443
2020-10-05,1625.21365,10025.66369,6663.15544,121.04406,241.49168,215.6287
2020-10-06,1626.0566,10031.21443,6666.78042,121.11711,241.64588,215.76431
2020-10-07,1620.02362,9993.99669,6642.04538,120.97553,241.3634,215.51209
2020-10-08,1630.93782,10061.93196,6687.13136,121.92531,243.27299,217.21507
2020-10-09,1649.25052,10174.91056,6762.21662,122.60556,244.63027,218.42696
2020-10-12,1660.12596,10242.0057,6806.80786,123.43494,246.28509,219.90453
2020-10-13,1642.12244,10130.93453,6732.99028,122.80849,245.03516,218.78848
2020-10-14,1642.52186,10133.39871,6734.62796,122.67645,244.7717,218.55325
2020-10-15,1599.77938,9870.40448,6559.83351,120.09687,239.6418,213.97253
2020-10-16,1623.68384,10017.89149,6657.85283,121.67819,242.79718,216.78992
2020-10-19,1629.36111,10052.91942,6681.13225,121.4508,242.34343,216.38478
2020-10-20,1630.51165,10060.01809,6685.85001,121.04858,241.54085,215.66816
2020-10-21,1614.84899,9963.38173,6621.62584,119.44156,238.3342,212.80499
2020-10-22,1606.75277,9914.4592,6589.05415,119.31499,238.10637,212.59969
2020-10-23,1618.35205,9986.61468,6636.90322,120.0951,239.67714,213.99882
2020-10-26,1587.94634,9799.17518,6512.30168,118.01823,235.53684,210.30104
2020-10-27,1574.44356,9715.84989,6456.92564,116.86141,233.22809,208.23965
2020-10-28,1517.88981,9366.85816,6224.99394,113.44512,226.40998,202.15204
2020-10-29,1503.6105,9281.20045,6167.82513,113.28406,226.14847,201.91061
2020-10-30,1504.84163,9288.79975,6172.87525,113.46442,226.50851,202.23206
2020-11-02,1527.86538,9431.60222,6267.70632,115.3192,230.22794,205.55061
2020-11-03,1575.79942,9728.06593,6464.60678,117.98405,235.56183,210.30912
2020-11-04,1604.58567,9906.19512,6582.91322,120.36509,240.32588,214.56031
2020-11-05,1636.17296,10102.43237,6713.31776,121.50996,242.64126,216.62745
2020-11-06,1639.72479,10124.36288,6727.89113,121.28149,242.18503,216.22014
2020-11-09,1700.38962,10499.13493,6976.91105,126.30569,252.22262,225.18076
2020-11-10,1716.40099,10598.11415,7042.66411,127.53277,254.6758,227.37025
2020-11-11,1725.19191,10652.39471,7078.73465,128.86734,257.34085,229.74956
2020-11-12,1717.27214,10607.49025,7048.79887,127.70554,255.11694,227.76099
2020-11-13,1719.05023,10618.47345,7056.09733,127.73502,255.17583,227.81357
2020-11-16,1741.94731,10760.14332,7150.23858,129.25597,258.21989,230.53122
2020-11-17,1743.96852,10772.84262,7158.64184,128.98097,257.67563,230.04418
2020-11-18,1751.54179,10820.03289,7189.93227,129.53562,258.79348,231.03997
2020-11-19,1733.04133,10705.91205,7114.07142,128.55711,256.84251,229.29735
2020-11-20,1743.72293,10771.89798,7157.91903,129.19671,258.12035,230.43814
2020-11-23,1735.46546,10721.30215,7124.23191,128.97113,257.67964,230.04256
2020-11-24,1760.90565,10880.01069,7229.51299,130.26652,260.30474,232.38034
2020-11-25,1763.75723,10897.88051,7241.33705,130.17048,260.11881,232.21275
2020-11-26,1761.4331,10885.67018,7233.20635,129.98257,259.79462,231.92279
2020-11-27,1775.1059,10970.76413,7289.64812,130.48175,260.80651,232.8229
2020-11-30,1758.87413,10870.65158,7223.08627,129.1427,258.13489,230.43663
2020-12-01,1780.28581,11003.81429,7311.41306,129.94894,259.766,231.88783
2020-12-02,1787.39438,11047.99461,7340.71999,129.97633,259.82645,231.94026
2020-12-03,1799.15423,11121.83874,7389.6904,129.94923,259.79928,231.91305
2020-12-04,1807.62193,11174.47378,7424.61066,130.75977,261.42654,233.364
2020-12-07,1800.91687,11134.13962,7397.60406,130.36064,260.65466,232.66845
2020-12-08,1801.93272,11140.42006,7401.77683,130.64952,261.23229,233.18406
2020-12-09,1802.90782,11147.10754,7406.09444,131.06646,262.08144,233.93807
2020-12-10,1802.77718,11146.93412,7405.93676,130.53833,261.04024,233.00735
2020-12-11,1785.29484,11038.83733,7334.11809,129.50734,258.97855,231.16705
2020-12-14,1794.86071,11098.06437,7373.45694,130.01334,259.99226,232.07155
2020-12-15,1803.14508,11149.28865,7407.48991,130.31786,260.60123,232.61512
2020-12-16,1823.43438,11274.93882,7490.95121,131.41654,262.80289,234.57973
2020-12-17,1836.48108,11359.56992,7547.16709,131.7245,263.51056,235.21103
2020-12-18,1829.01652,11313.39782,7516.49088,131.30169,262.66473,234.45604
2020-12-21,1782.5328,11026.1078,7325.58899,128.19523,256.45584,228.91301
2020-12-22,1796.2705,11111.08424,7382.04613,129.65032,259.36677,231.51131
2020-12-23,1817.8152,11244.81148,7470.80714,131.01156,262.10066,233.94892
2020-12-24,1819.16303,11253.18972,7476.37346,131.14099,262.36053,234.18088
2020-12-25,1819.16303,11253.18972,7476.37346,131.14099,262.36053,234.18088
2020-12-28,1835.6092,11354.92433,7543.9637,131.99073,264.06053,235.69828
2020-12-29,1852.94778,11462.17933,7615.22158,132.9436,265.96684,237.39984
2020-12-30,1855.73817,11479.81017,7626.88449,132.50517,265.09826,236.62298
2020-12-31,1840.21785,11383.79969,7563.09764,132.09501,264.27766,235.89053
2021-01-01,1840.21785,11383.79969,7563.09764,132.09501,264.27766,235.89053
2021-01-04,1858.37477,11498.47379,7638.86978,133.0016,266.1459,237.54521
2021-01-05,1855.93248,11483.61653,7628.95821,132.77812,265.70458,237.15003
2021-01-06,1882.84354,11650.12925,7739.57829,134.65404,269.45854,240.50055
2021-01-07,1889.16533,11689.53634,7765.74242,135.3431,270.84415,241.73678
2021-01-08,1901.15666,11763.73476,7815.03487,136.24107,272.64115,243.34066
2021-01-11,1872.79893,11588.26644,7698.4655,135.3742,270.90639,241.79234
2021-01-12,1875.21087,11603.19072,7708.38019,135.45936,271.07681,241.94444
2021-01-13,1877.02779,11614.43323,7715.84896,135.56831,271.29483,242.13903
2021-01-14,1886.77609,11675.55365,7756.42226,136.55873,273.2956,243.9238
2021-01-15,1861.52347,11519.28795,7652.61024,135.20455,270.58547,241.50494
2021-01-18,1861.64575,11522.30754,7654.22539,135.4094,271.04865,241.90599
2021-01-19,1866.45413,11552.33314,7674.12198,135.17144,270.57854,241.48487
2021-01-20,1876.03057,11611.60606,7713.49651,136.11752,272.47235,243.17504
2021-01-21,1883.16989,11655.79456,7742.85058,136.12386,272.48504,243.18638
2021-01-22,1876.27085,11613.09329,7714.48447,135.38004,270.99611,241.85754
2021-01-25,1854.96157,11481.20044,7626.8691,134.31144,268.85705,239.94848
2021-01-26,1871.28476,11582.23207,7693.9836,135.08686,270.40924,241.33378
2021-01-27,1839.17094,11383.57886,7562.00032,133.59764,267.43087,238.67503
2021-01-28,1844.01379,11413.55375,7581.91235,133.60136,267.43832,238.68168
2021-01-29,1812.79938,11220.35167,7453.57009,131.05334,262.3378,234.1296
2021-02-01,1824.98139,11295.7524,7503.65806,132.66016,265.55427,237.00022
2021-02-02,1839.54139,11385.87176,7563.52347,134.31886,268.87458,239.96351
2021-02-03,1843.57685,11410.84929,7580.1158,134.79281,269.82333,240.81024
2021-02-04,1848.44449,11444.67966,7601.94036,135.53232,271.39143,242.18907
2021-02-05,1855.23307,11486.71128,7629.85917,135.49842,271.32355,242.12849
2021-02-08,1864.0912,11541.55661,7666.28929,135.89677,272.1212,242.84031
2021-02-09,1871.0627,11584.72078,7694.96038,135.84123,272.01,242.74107
2021-02-10,1872.24033,11592.01208,7699.8035,135.55695,271.44076,242.23308
2021-02-11,1880.0063,11640.28239,7731.84565,136.10241,272.53736,243.21104
2021-02-12,1890.74025,11706.74291,7775.99084,137.03197,274.39876,244.87214
2021-02-15,1918.56028,11879.29512,7890.55275,138.89351,278.13344,248.20329
2021-02-16,1914.9075,11857.88273,7876.15527,138.77777,277.92992,248.01617
2021-02-17,1888.45282,11694.06458,7767.34519,137.84441,276.06068,246.34812
2021-02-18,1879.58686,11644.48637,7734.33611,136.73702,273.96814,244.47832
2021-02-19,1897.38325,11755.0572,7807.70399,137.41704,275.33809,245.69848
2021-02-22,1891.16138,11716.51015,7782.10106,136.84793,274.1978,244.68094
2021-02-23,1886.8129,11689.56959,7764.20714,136.28624,273.07236,243.67665
2021-02-24,1889.59144,11707.8739,7776.18385,136.90352,274.33472,244.79742
2021-02-25,1899.69275,11776.37965,7821.67511,136.49254,273.6487,244.18498
2021-02-26,1854.47915,11496.51847,7635.79283,134.18801,269.03832,240.0709
2021-03-01,1874.72398,11622.02274,7719.15064,136.62656,273.92745,244.43361
2021-03-02,1880.59115,11658.86859,7743.53836,136.92916,274.5453,244.98226
2021-03-03,1883.7094,11679.43537,7756.9208,137.0199,274.75628,245.16175
2021-03-04,1872.81159,11628.26302,7721.00287,136.60621,274.31353,244.70547
2021-03-05,1838.90286,11417.78525,7581.2344,135.61958,272.33378,242.93894
2021-03-08,1868.50887,11601.2159,7703.02954,138.39571,277.89901,247.90348
2021-03-09,1885.80299,11708.98632,7774.51837,139.37691,279.87871,249.66728
2021-03-10,1895.84372,11771.32939,7815.91284,139.96589,281.06142,250.72233
2021-03-11,1914.6975,11892.74323,7896.52906,140.60143,282.44093,251.95293
2021-03-12,1906.75035,11843.58397,7863.852,140.28174,281.80358,251.38321
2021-03-15,1902.85904,11819.66591,7847.93915,140.24804,281.74189,251.32716
2021-03-16,1915.30784,11897.56415,7899.55891,141.42666,284.12327,253.44817
2021-03-17,1909.78783,11863.53012,7876.91575,140.90061,283.07252,252.5094
2021-03-18,1920.87816,11943.5193,7927.90579,141.4752,284.49122,253.70709
2021-03-19,1903.09991,11832.97881,7854.53088,140.34824,282.22501,251.6861
2021-03-22,1910.80808,11881.17815,7886.46573,140.65097,282.84024,252.23287
2021-03-23,1896.77649,11793.93138,7828.55323,140.32375,282.18222,251.64606
2021-03-24,1890.46437,11755.28111,7802.7909,140.34737,282.24409,251.69778
2021-03-25,1880.49594,11701.62205,7766.2946,140.25939,282.268,251.69061
2021-03-26,1900.97317,11832.46683,7852.48364,141.5283,284.90407,254.02004
2021-03-29,1898.93617,11822.39589,7845.19777,141.77926,285.47223,254.50707
2021-03-30,1906.26328,11868.01305,7875.46876,142.76322,287.45344,256.27337
2021-03-31,1905.02166,11863.25968,7871.68289,142.36069,286.71488,255.59442
2021-04-01,1916.73907,11941.38592,7922.68211,143.14497,288.41901,257.08631
2021-04-02,1916.73907,11941.38592,7922.68211,143.14497,288.41901,257.08631
2021-04-05,1924.57653,11990.21371,7955.0776,143.26737,288.66562,257.30613
2021-04-06,1942.81833,12107.40815,8032.65071,144.13056,290.48994,258.92642
2021-04-07,1948.63707,12143.66987,8056.70852,143.81515,289.85425,258.35981
2021-04-08,1959.90282,12215.92171,8104.5864,144.68307,291.65234,259.96067
2021-04-09,1960.10456,12221.6393,8107.3604,144.79533,291.98518,260.22463
2021-04-12,1954.55602,12187.04306,8084.4106,144.16719,290.71851,259.09575
2021-04-13,1958.38035,12213.01281,8101.33835,144.23124,290.89828,259.24637
2021-04-14,1969.17988,12281.18186,8146.37802,144.51764,291.49537,259.77278
2021-04-15,1978.62681,12342.84188,8187.24714,145.18062,292.89769,261.02149
2021-04-16,1998.28707,12468.22421,8270.02251,146.5069,295.6384,263.4514
2021-04-19,2003.3859,12514.24525,8297.90541,146.39192,295.74213,263.45994
2021-04-20,1969.61797,12308.71254,8160.56814,143.578,290.18475,258.47582
2021-04-21,1980.38871,12376.39873,8205.37731,144.60319,292.26563,260.32723
2021-04-22,1992.00243,12452.32653,8255.42223,145.52378,294.2054,262.04569
2021-04-23,1993.67397,12463.09943,8262.51141,145.31954,293.80012,261.68303
2021-04-26,2003.49234,12526.10865,8304.08244,145.63635,294.47898,262.28132
2021-04-27,2002.1709,12520.89817,8300.1429,145.55234,294.38085,262.17859
2021-04-28,2003.74952,12535.89464,8309.13306,145.57071,294.5384,262.28888
2021-04-29,2002.0334,12530.86756,8305.00758,145.17584,293.87335,261.67166
2021-04-30,1983.15692,12418.19757,8229.39721,144.69104,293.02128,260.88325
2021-05-03,2000.42463,12527.71319,8301.82004,145.5097,294.71184,262.38359
2021-05-04,1965.88849,12314.3433,8159.88641,143.50266,290.71562,258.80866
2021-05-05,1997.97742,12520.51523,8295.5955,146.17305,296.24769,263.70473
2021-05-06,2004.95387,12574.93393,8330.23311,146.0266,296.20293,263.62001
2021-05-07,2035.54229,12775.33016,8461.76928,147.24101,298.86622,265.95212
2021-05-10,2040.84781,12814.86464,8486.9842,147.40626,299.34732,266.34977
2021-05-11,2000.63329,12562.41258,8319.77872,144.48383,293.41401,261.0701
2021-05-12,1994.21833,12522.6558,8293.35631,145.04024,294.55627,262.08353
2021-05-13,1990.93218,12508.47983,8283.0333,144.82522,294.27156,261.80067
2021-05-14,2024.96093,12723.3467,8425.10653,146.57822,297.85864,264.98532
2021-05-17,2026.7191,12737.65548,8432.84436,146.56657,297.91126,264.97755
2021-05-18,2041.63103,12833.32706,8495.84239,146.75681,298.34331,265.35121
2021-05-19,2009.80267,12633.39477,8363.471,144.5044,293.7675,261.28099
2021-05-20,2035.28983,12802.12139,8474.38922,146.33692,297.69095,264.74616
2021-05-21,2042.59612,12848.91025,8505.26262,147.18757,299.44079,266.29927
2021-05-24,2050.41843,12905.8864,8541.68101,147.38244,300.01786,266.77197
2021-05-25,2054.39037,12932.96676,8559.27639,147.36041,300.02127,266.76479
2021-05-26,2050.02027,12906.12365,8541.39398,147.37191,300.06021,266.79576
2021-05-27,2051.84192,12918.76298,8549.72958,147.69629,300.74792,267.40632
2021-05-28,2060.10902,12973.09295,8585.35754,148.53484,302.50858,268.96151
2021-05-31,2056.96881,12953.61357,8572.41463,147.76258,300.94263,267.5676
2021-06-01,2075.61898,13069.14612,8649.16806,148.87705,303.168,269.55541
2021-06-02,2075.58738,13072.54794,8650.85418,149.34434,304.20337,270.45832
2021-06-03,2061.9373,12989.48648,8595.77137,149.21174,304.00139,270.27509
2021-06-04,2074.03528,13065.73609,8646.22302,149.76022,305.1197,271.26914
2021-06-07,2083.68389,13127.63134,8686.99867,150.1668,305.97398,272.02289
2021-06-08,2085.22939,13137.36835,8693.44198,150.28434,306.21349,272.23583
2021-06-09,2087.39121,13151.37653,8702.64101,150.45249,306.56515,272.54626
2021-06-10,2086.32826,13145.6294,8698.80418,150.54266,306.77105,272.72825
2021-06-11,2089.65634,13166.89441,8712.82425,151.54852,308.82767,274.55502
2021-06-14,2095.97477,13206.70675,8739.16896,151.83123,309.40379,275.0672
2021-06-15,2100.00681,13234.17158,8756.98418,152.09822,309.99609,275.58248
2021-06-16,2103.21549,13254.44482,8770.38977,152.42489,310.66311,276.17516
2021-06-17,2071.06851,13052.51689,8636.70936,152.31978,310.46463,275.99661
2021-06-18,2022.64049,12747.30846,8434.75624,149.83712,305.40436,271.49814
2021-06-21,2046.48126,12899.45631,8535.16193,150.9032,307.62251,273.46141
2021-06-22,2049.3843,12917.8168,8547.29963,151.26966,308.37104,274.12647
2021-06-23,2043.19691,12879.4126,8521.78421,150.19446,306.19336,272.18728
2021-06-24,2057.64211,12975.22852,8584.63579,151.52899,309.02736,274.68907
2021-06-25,2064.76351,13020.1352,8614.34683,151.74171,309.46118,275.07468
2021-06-28,2047.52292,12911.41819,8542.41778,150.78379,307.50761,273.33818
2021-06-29,2050.22199,12929.22559,8554.08547,151.25522,308.48784,274.20584
2021-06-30,2026.34224,12781.38017,8455.79431,150.07337,306.1432,272.10646
2021-07-01,2039.79502,12867.32638,8512.54156,150.95513,307.96808,273.72485
2021-07-02,2040.02192,12869.15328,8513.68081,151.29062,308.66201,274.33938
2021-07-05,2049.75152,12931.29817,8554.68948,151.77509,309.6688,275.23087
2021-07-06,2033.30995,12828.23146,8486.40759,150.95856,308.01862,273.76105
2021-07-07,2043.89544,12895.40073,8530.77535,152.13669,310.43178,275.90363
2021-07-08,2018.70003,12738.61783,8427.05778,149.56413,305.23477,271.28466
2021-07-09,2047.42862,12920.07081,8547.06636,151.56476,309.3217,274.91608
2021-07-12,2062.09232,13012.71293,8608.33579,152.60525,311.44778,276.80515
2021-07-13,2055.31417,12969.93981,8580.03997,152.66319,311.56603,276.91025
2021-07-14,2053.13694,12956.20054,8570.95099,152.57244,311.38082,276.74564
2021-07-15,2033.20315,12830.48988,8487.77466,151.09751,308.37262,274.07157
2021-07-16,2024.93107,12778.28907,8453.24217,150.60383,307.36507,273.1761
2021-07-19,1977.78698,12482.84527,8257.44277,147.14111,300.34758,266.92773
2021-07-20,1980.52591,12500.1321,8268.87806,147.88352,301.86301,268.27454
2021-07-21,2017.28197,12732.11876,8422.33799,150.29584,306.78708,272.65071
2021-07-22,2027.33957,12796.16177,8464.70265,150.99394,308.22564,273.9292
2021-07-23,2044.43087,12905.49233,8536.77153,152.66821,311.67847,276.9896
2021-07-26,2050.90187,12946.8076,8564.01944,152.54832,311.44494,276.77943
2021-07-27,2042.70541,12895.06549,8529.7932,151.71381,309.7412,275.26532
2021-07-28,2051.50903,12950.64045,8566.55478,152.70341,311.76157,277.06081
2021-07-29,2077.05606,13113.08576,8673.98781,153.49923,313.41438,278.52899
2021-07-30,2062.23937,13019.54352,8612.11189,152.74483,311.87405,277.16011
2021-08-02,2078.02929,13119.44794,8678.16406,153.60993,313.64562,278.73345
2021-08-03,2078.96458,13125.35281,8682.06998,153.96415,314.36887,279.37621
2021-08-04,2088.52641,13185.86567,8722.08322,154.84855,316.17815,280.98362
2021-08-05,2094.75178,13229.07524,8750.64621,155.40851,317.41521,282.08238
2021-08-06,2081.54116,13145.64565,8695.45998,155.45925,317.51886,282.17449
2021-08-09,2082.83933,13153.84403,8700.88297,155.76151,318.1362,282.72311
2021-08-10,2085.52352,13170.94678,8712.16093,156.29494,319.22937,283.69346
2021-08-11,2097.70455,13248.04641,8763.13154,156.94667,320.56468,284.8792
2021-08-12,2098.08597,13265.25304,8774.38008,157.10235,321.241,285.4759
2021-08-13,2113.1895,13361.36656,8837.89335,157.38127,321.82629,285.99403
2021-08-16,2100.66089,13283.6288,8786.23812,156.50791,320.076,284.431
2021-08-17,2089.80621,13214.98869,8740.83725,156.65599,320.37884,284.70012
2021-08-18,2090.65678,13220.36738,8744.39489,156.78666,320.64608,284.93759
2021-08-19,2052.88733,12990.23814,8592.17969,154.33635,315.84664,280.67264
2021-08-20,2058.87667,13028.39982,8617.3884,154.82639,316.85587,281.56841
2021-08-23,2083.17652,13182.16724,8719.09495,155.84643,318.94342,283.42348
2021-08-24,2086.54409,13203.47694,8733.18985,155.82627,318.90216,283.38681
2021-08-25,2084.54986,13190.85761,8724.84303,155.79657,318.84136,283.33278
2021-08-26,2078.28469,13153.73468,8700.27832,155.28867,317.86291,282.46295
2021-08-27,2092.38982,13243.10044,8759.37101,155.92475,319.16714,283.6214
2021-08-30,2095.78464,13264.58685,8773.58275,156.00566,319.33275,283.76857
2021-08-31,2088.27618,13217.26365,8742.26205,155.37432,318.04523,282.6238
2021-09-01,2107.37605,13338.17637,8822.23276,156.14066,319.61449,284.01815
2021-09-02,2115.94929,13399.14905,8862.56175,156.59753,320.7103,284.99192
2021-09-03,2106.02249,13336.4042,8821.0414,155.68577,318.84579,283.33445
2021-09-06,2117.17792,13407.04602,8867.76572,156.76772,321.06164,285.30351
2021-09-07,2104.83192,13329.33376,8816.2873,156.06407,319.6318,284.03042
2021-09-08,2077.48489,13156.15236,8701.74167,154.47327,316.37371,281.13522
2021-09-09,2075.71776,13145.36585,8694.56542,154.27004,315.9672,280.77264
2021-09-10,2073.52219,13131.52692,8685.39697,153.88549,315.18116,280.07366
2021-09-13,2075.58855,13144.61307,8694.05235,154.3584,316.14975,280.93436
2021-09-14,2077.57375,13157.35833,8702.45365,154.35573,316.14844,280.93228
2021-09-15,2061.27798,13054.15654,8634.1946,153.17741,313.73503,278.7877
2021-09-16,2059.75097,13044.57473,8627.85706,153.78609,314.98386,279.89742
2021-09-17,2036.33124,12896.25561,8529.7568,152.38079,312.10553,277.33971
2021-09-20,2000.6868,12672.24102,8381.28611,149.8667,306.99797,272.79118
2021-09-21,2022.42386,12813.50236,8469.69989,151.50144,310.43341,275.6806
2021-09-22,2043.88591,12949.47987,8559.58074,152.99173,313.4871,278.39243
2021-09-23,2065.44615,13086.39892,8650.0676,154.39506,316.3703,280.95232
2021-09-24,2041.23002,12933.23379,8548.79965,153.05382,313.6284,278.51653
2021-09-27,2036.3749,12902.47173,8528.4661,152.85942,313.23006,278.16278
2021-09-28,1989.86696,12610.29699,8334.8995,149.71381,306.84508,272.47822
2021-09-29,1992.64555,12627.96272,8346.56584,150.67148,308.80926,274.22208
2021-09-30,1986.9601,12594.81115,8324.54499,150.57863,308.68952,274.11217
2021-10-01,1979.51225,12548.20519,8293.65968,149.92365,307.3616,272.93032
2021-10-04,1976.00363,12532.62769,8282.18266,149.30386,306.25379,271.90783
2021-10-05,1993.59815,12644.21941,8355.92802,151.03607,309.80692,275.06249
2021-10-06,1964.92286,12462.3489,8235.73895,149.51492,306.68671,272.2922
2021-10-07,1999.77586,12684.1518,8382.25415,151.93002,311.65905,276.70482
2021-10-08,1997.42722,12669.97729,8372.79629,151.57458,310.94766,276.07022
2021-10-11,1999.1018,12680.59944,8379.81581,151.72132,311.24869,276.33748
2021-10-12,1993.28102,12643.67737,8355.41632,151.58738,310.97391,276.09353
2021-10-13,2010.32328,12751.84906,8426.88772,152.54661,312.94344,277.84173
2021-10-14,2036.21041,12916.79996,8535.88313,154.31099,316.58123,281.07115
2021-10-15,2054.61159,13033.61972,8613.06378,155.49083,319.00399,283.22156
2021-10-18,2043.21133,12964.22578,8566.70338,154.68138,317.41495,281.79423
2021-10-19,2057.43245,13054.45909,8626.32915,155.18282,318.44393,282.70773
2021-10-20,2064.59946,13099.93397,8656.37875,155.68329,319.47091,283.61947
2021-10-21,2062.54332,13087.57153,8648.2097,155.54827,319.21053,283.38831
2021-10-22,2072.08021,13148.73068,8688.33504,156.26079,320.68846,284.69094
2021-10-25,2067.77231,13121.59141,8670.38258,156.38575,320.94973,284.92224
2021-10-26,2079.79841,13197.90621,8720.80927,157.55306,323.34539,287.04898
2021-10-27,2072.20836,13150.28289,8689.2338,156.95101,322.12306,285.96033
2021-10-28,2091.30378,13273.25657,8770.29559,157.30529,322.89382,286.63819
2021-10-29,2074.04344,13166.92128,8699.51827,157.409,323.18559,286.88017
2021-11-01,2092.63166,13284.92732,8777.48606,158.5731,325.57567,289.00176
2021-11-02,2093.61229,13292.20043,8782.18971,158.79126,326.04929,289.41882
2021-11-03,2102.17504,13346.56473,8818.10833,159.37877,327.25564,290.48964
2021-11-04,2102.02037,13347.07646,8818.44643,159.90538,328.37368,291.48207
2021-11-05,2104.74314,13364.61493,8829.98463,159.98779,328.54906,291.63611
2021-11-08,2111.30687,13406.40347,8857.57602,160.00896,328.59523,291.6765
2021-11-09,2107.07272,13379.51745,8839.8125,159.7501,328.06363,291.20463
2021-11-10,2100.05206,13334.93759,8810.3587,160.13012,328.84405,291.89737
2021-11-11,2098.00889,13326.04536,8804.28894,160.63676,329.98556,292.90415
2021-11-12,2099.2969,13334.22646,8809.69406,161.10757,330.95271,293.76261
2021-11-15,2102.25302,13355.14216,8823.09296,161.67347,332.16841,294.82768
2021-11-16,2093.14908,13297.76833,8785.10808,161.96608,332.78114,295.36881
2021-11-17,2089.17918,13272.54755,8768.44609,162.26647,333.39833,295.91661
2021-11-18,2086.7115,13258.94727,8759.44673,161.4964,331.8681,294.55793
2021-11-19,2072.83301,13170.84492,8701.22897,160.86172,330.56591,293.40169
2021-11-22,2057.95933,13080.08668,8640.62294,160.7157,330.36054,293.19744
2021-11-23,2036.11914,12941.27364,8548.92392,158.7701,326.36125,289.64804
2021-11-24,2026.65201,12881.10197,8509.17489,158.97755,326.78767,290.0265
2021-11-25,2036.92705,12949.14078,8554.06797,159.59113,328.11816,291.20551
2021-11-26,1979.95284,12586.94464,8314.80496,153.68093,315.96684,280.42119
2021-11-29,1985.13638,12619.8974,8336.57574,154.72594,318.11537,282.3281
2021-11-30,1964.46899,12490.11255,8250.83208,153.28512,315.19346,279.73459
2021-12-01,2012.22506,12793.74612,8451.4091,155.93092,320.63391,284.563
2021-12-02,1987.08054,12635.36541,8346.78454,154.20692,317.12628,281.44997
2021-12-03,1970.14674,12527.9831,8275.79622,153.40106,315.47648,279.98399
2021-12-06,1995.2764,12687.78029,8381.35583,155.48868,319.76977,283.79426
2021-12-07,2039.10074,12966.53963,8565.48527,159.23586,327.47815,290.63492
2021-12-08,2042.98375,12991.33252,8581.84304,158.33542,325.62887,288.99302
2021-12-09,2032.35401,12923.73803,8537.19132,158.16757,325.28368,288.68666
2021-12-10,2030.28765,12910.598,8528.51125,157.74119,324.40679,287.90843
2021-12-13,2016.58422,12824.29675,8471.35898,157.07948,323.06706,286.71459
2021-12-14,1999.46734,12715.4434,8399.45361,155.77381,320.38168,284.33137
2021-12-15,2000.7983,12723.9162,8405.04896,156.18229,321.22202,285.0771
2021-12-16,2035.84218,12947.19371,8552.53959,158.13777,325.2544,288.65575
2021-12-17,2017.98021,12834.05573,8477.73493,157.20216,323.34158,286.95583
2021-12-20,1993.20691,12676.50117,8373.65981,155.066,318.94781,283.05649
2021-12-21,2016.97065,12827.63504,8473.49365,157.29093,323.52416,287.11786
2021-12-22,2045.92174,13011.75971,8595.12006,158.68915,326.4001,289.67017
2021-12-23,2063.05187,13122.71569,8668.41375,160.23008,329.62007,292.5278
2021-12-24,2064.56121,13132.31634,8674.75561,160.05715,329.26433,292.21209
2021-12-27,2075.12478,13199.5094,8719.14103,161.01823,331.24144,293.96671
2021-12-28,2083.70303,13254.07416,8755.18463,162.00589,333.27322,295.76986
2021-12-29,2090.51527,13297.40562,8783.8079,161.76228,332.77206,295.32509
2021-12-30,2089.4711,13291.30123,8779.74907,161.95972,333.19171,295.69663
2021-12-31,2093.27393,13315.49138,8795.72819,161.66951,332.59467,295.16677
2022-01-03,2088.56825,13287.75066,8777.04162,162.44887,334.25317,296.6264
2022-01-04,2110.29157,13426.1912,8868.43604,163.88453,337.21304,299.25137
2022-01-05,2116.54851,13466.15638,8894.81464,163.97896,337.41128,299.42663
2022-01-06,2083.34638,13255.15288,8755.44027,161.98533,333.3151,295.79159
2022-01-07,2086.5586,13276.16997,8769.24996,161.49168,332.31382,294.90058
2022-01-10,2052.00342,13056.30539,8624.02378,159.21711,327.63326,290.74698
2022-01-11,2073.58796,13193.64154,8714.73783,160.59394,330.46648,293.26122
2022-01-12,2101.54156,13372.80742,8832.91767,161.61876,332.60778,295.15597
2022-01-13,2109.16087,13422.82891,8865.86961,161.63858,332.68669,295.22307
2022-01-14,2085.13819,13268.64017,8764.19092,160.17493,329.64171,292.52645
2022-01-17,2094.15589,13326.02369,8802.09383,161.29792,331.95284,294.57737
2022-01-18,2064.65159,13138.275,8678.08222,159.8666,329.00716,291.96335
2022-01-19,2069.02524,13166.10645,8696.46543,160.17701,329.64599,292.53025
2022-01-20,2079.76013,13234.81772,8741.85054,160.96551,331.27874,293.97917
2022-01-21,2042.46716,12997.49916,8585.09708,158.0931,325.36713,288.73316
2022-01-24,1959.56575,12472.32504,8237.80427,152.18594,313.26953,277.98398
2022-01-25,1967.99306,12525.96354,8273.23178,153.31492,315.5935,280.04619
2022-01-26,2002.53705,12745.89921,8418.48412,155.88851,320.89287,284.74825
2022-01-27,1992.60386,12682.67565,8376.72586,156.97264,323.12451,286.72852
2022-01-28,1975.49523,12573.78137,8304.80275,155.39488,319.87674,283.84657
2022-01-31,1996.53567,12707.70112,8393.25483,156.42651,322.00033,285.73096
2022-02-01,2028.96397,12914.10323,8529.58047,158.4161,326.09585,289.36518
2022-02-02,2045.85216,13021.59446,8600.57689,159.06302,327.42753,290.54686
2022-02-03,2032.66015,12937.62895,8545.11887,156.36252,321.86859,285.61407
2022-02-04,2011.09133,12800.3461,8454.44551,154.35859,317.74355,281.95366
2022-02-07,2025.90918,12894.65986,8516.7384,155.46195,320.01479,283.96908
2022-02-08,2021.35644,12865.68225,8497.5991,155.45894,320.0086,283.96358
2022-02-09,2056.92509,13092.07231,8647.1265,158.0768,325.39741,288.74541
2022-02-10,2058.89679,13104.62194,8655.41535,157.69021,324.60162,288.03925
2022-02-11,2035.95659,12962.94372,8561.08593,156.80837,322.89432,286.49906
2022-02-14,1982.4943,12622.54906,8336.2799,153.97345,317.05675,281.31947
2022-02-15,2018.7318,12853.34419,8488.69168,156.1252,321.48933,285.25204
2022-02-16,2021.33126,12870.21733,8499.77902,156.2162,321.68476,285.42356
2022-02-17,2008.8063,12794.69329,8449.90126,155.1936,319.68455,283.64882
2022-02-18,1988.73918,12667.35297,8365.72043,154.00905,317.25634,281.49155
2022-02-21,1962.76257,12502.00014,8256.50127,152.07115,313.26696,277.95131
2022-02-22,1963.53879,12506.94435,8259.7665,152.15142,313.43232,278.09803
2022-02-23,1957.22258,12466.71266,8233.19691,151.79591,312.69997,277.44824
2022-02-24,1858.22421,11844.3888,7822.20525,146.84752,302.71727,268.59092
2022-02-25,1942.0926,12379.1045,8175.31635,151.68061,312.68381,277.43312
2022-02-28,1937.55721,12350.19545,8156.22445,151.50827,312.32854,277.1179
2022-03-01,1877.34064,11966.52921,7902.81993,147.99203,305.08403,270.6892
2022-03-02,1881.02587,11990.9548,7918.73468,149.27399,307.75078,273.04786
2022-03-03,1842.96289,11749.44269,7759.24193,146.3195,301.68861,267.66927
2022-03-04,1754.7024,11186.82894,7387.67915,141.13659,291.00415,258.18903
2022-03-07,1728.96684,11022.75596,7279.32685,139.62923,287.89617,255.43153
2022-03-08,1720.88327,10979.87708,7249.00916,138.95085,286.72352,254.32091
2022-03-09,1827.8656,11662.46426,7699.65908,145.34422,299.91617,266.02266
2022-03-10,1791.98198,11445.65445,7556.35298,142.84007,295.06187,261.71118
2022-03-11,1799.48842,11493.879,7588.14067,144.11856,297.71006,264.05831
2022-03-14,1822.1184,11638.42355,7683.5675,145.75154,301.08336,267.05031
2022-03-15,1816.8508,11605.19934,7661.55806,145.41627,300.40169,266.44308
2022-03-16,1874.15982,11975.59295,7905.29182,149.73025,309.42541,274.41916
2022-03-17,1902.47244,12169.47571,8031.19649,150.40517,311.15178,275.87875
2022-03-18,1909.17874,12212.9422,8059.78744,151.76868,313.98718,278.38945
2022-03-21,1910.28088,12220.04122,8064.46753,151.84255,314.14126,278.5259
2022-03-22,1921.92231,12296.67908,8114.6861,153.14905,316.90009,280.95957
2022-03-23,1899.36261,12153.56665,8020.00203,151.6334,313.79555,278.19869
2022-03-24,1896.42883,12139.08896,8010.13729,151.31666,313.2509,277.70505
2022-03-25,1893.75185,12127.96799,8001.56042,151.41945,313.61923,277.98855
2022-03-28,1893.55071,12129.37256,8001.86777,151.6104,314.08445,278.37937
2022-03-29,1948.99732,12485.21139,8236.46377,154.18047,319.42584,283.10825
2022-03-30,1952.32146,12508.33395,8251.32545,153.58576,318.24026,282.04406
2022-03-31,1927.37,12352.1506,8147.76647,152.1407,315.33991,279.4554
2022-04-01,1922.37838,12321.27689,8127.15633,152.98414,317.11682,281.02164
2022-04-04,1931.26001,12378.2027,8164.70479,154.25,319.74079,283.34693
2022-04-05,1924.5848,12336.09545,8136.81297,154.53191,320.34274,283.87626
2022-04-06,1893.32897,12137.81234,8005.76519,152.28679,315.74218,279.79027
2022-04-07,1888.05187,12111.29808,7987.48535,151.97367,315.28345,279.35608
2022-04-08,1906.59822,12237.32273,8069.66597,154.00284,319.67744,283.2166
2022-04-11,1899.52161,12202.72564,8044.38577,153.10035,318.0862,281.7205
2022-04-12,1888.15853,12131.82619,7997.40477,152.5134,316.92154,280.68049
2022-04-13,1884.42116,12107.81279,7981.57493,152.57635,317.05235,280.79634
2022-04-14,1884.10538,12107.86659,7981.28888,153.55585,319.14263,282.63621
2022-04-15,1884.10538,12107.86659,7981.28888,153.55585,319.14263,282.63621
2022-04-18,1884.06218,12107.589,7981.10589,153.31048,318.63267,282.18459
2022-04-19,1871.39932,12036.84139,7932.94935,152.37889,316.9764,280.66396
2022-04-20,1900.29976,12222.72903,8055.45966,153.6071,319.5313,282.92617
2022-04-21,1901.35009,12233.98485,8062.82771,153.98962,320.44488,283.73333
2022-04-22,1856.80312,11948.7787,7874.63335,151.34474,314.97858,278.88517
2022-04-25,1811.98852,11663.96178,7686.39173,148.62992,309.42325,273.94725
2022-04-26,1786.64266,11507.53101,7582.15158,147.33523,306.90721,271.67832
2022-04-27,1778.00533,11457.89147,7548.5587,148.47709,309.4476,273.89495
2022-04-28,1788.80268,11533.09318,7597.66665,149.39295,311.50822,275.70302
2022-04-29,1807.59841,11658.04172,7679.17428,150.49046,313.89808,277.78907
2022-05-02,1778.01688,11482.20298,7560.98617,148.3934,309.92738,274.18946
2022-05-03,1789.46471,11560.90944,7612.09025,149.13626,311.60766,275.64977
2022-05-04,1772.63129,11453.38223,7541.0664,147.59329,308.41677,272.81897
2022-05-05,1757.85723,11365.45125,7481.89971,146.61335,306.5721,271.14113
2022-05-06,1733.79121,11218.94327,7383.82096,143.88877,301.11895,266.25935
2022-05-09,1675.31241,10844.87871,7137.15012,139.73536,292.54404,258.65982
2022-05-10,1689.303,10939.15026,7198.33818,140.72856,294.72319,260.55568
2022-05-11,1718.92302,11133.0435,7325.56446,143.14855,299.84753,265.07285
2022-05-12,1683.96813,10913.87049,7180.52859,142.04232,297.72734,263.1685
2022-05-13,1715.68231,11125.82412,7318.86203,144.96801,304.03496,268.70297
2022-05-16,1718.04959,11144.65601,7330.68089,145.03548,304.27149,268.89113
2022-05-17,1760.58486,11424.02159,7513.8665,146.77115,308.00573,272.17036
2022-05-18,1736.6138,11268.90777,7411.78066,145.08955,304.4884,269.05995
2022-05-19,1724.40418,11201.39443,7366.03124,143.02189,300.46339,265.45482
2022-05-20,1731.79416,11250.70999,7398.34157,144.06335,302.68661,267.41467
2022-05-23,1771.81957,11524.29766,7576.03074,145.86632,306.83581,271.00099
2022-05-24,1762.6083,11464.38555,7536.64475,144.32337,303.59015,268.13439
2022-05-25,1765.87788,11487.55204,7551.56042,145.22743,305.54241,269.84743
2022-05-26,1785.82349,11618.59976,7637.60309,146.34704,307.93229,271.95441
2022-05-27,1809.74203,11774.59297,7740.06652,148.411,312.28517,275.79585
2022-05-30,1832.50229,11927.04383,7839.49277,149.30859,314.28896,277.53762
2022-05-31,1808.41262,11770.62154,7736.61794,148.26737,312.10699,275.60864
2022-06-01,1782.78093,11608.53434,7629.88376,146.78248,309.10759,272.95294
2022-06-02,1801.08488,11727.9807,7708.36092,147.61147,310.86026,274.49952
2022-06-03,1796.96473,11701.21035,7690.75563,147.19825,309.99159,273.73209
2022-06-06,1812.59053,11804.25814,7758.3043,148.49901,312.76532,276.17495
2022-06-07,1805.62072,11760.68078,7729.36318,148.13527,312.04731,275.53024
2022-06-08,1799.95889,11723.80313,7705.12643,147.31299,310.31518,274.00081
2022-06-09,1762.254,11479.68268,7544.64868,145.32402,306.16449,270.33454
2022-06-10,1696.81595,11054.12408,7264.83642,141.52222,298.17435,263.27484
2022-06-13,1640.19703,10685.2729,7022.42523,138.21749,291.21158,257.12703
2022-06-14,1618.27663,10542.46963,6928.57406,136.52748,287.65088,253.98308
2022-06-15,1640.4724,10687.07886,7023.61211,138.40005,291.59653,257.46692
2022-06-16,1614.12699,10516.50133,6911.48964,135.06809,284.60491,251.29298
2022-06-17,1608.19818,10478.16807,6886.22909,135.06742,284.61148,251.29631
2022-06-20,1636.45029,10663.4777,7007.81192,136.40973,287.47324,253.81576
2022-06-21,1646.34095,10730.1141,7051.23872,136.87046,288.50299,254.71175
2022-06-22,1639.90497,10688.16725,7023.67357,135.92368,286.50733,252.94983
2022-06-23,1615.96463,10532.98098,6921.67374,134.80446,284.17098,250.88641
2022-06-24,1661.64548,10830.73221,7117.33885,138.40484,291.76068,257.58713
2022-06-27,1678.69674,10941.87366,7190.37466,139.12581,293.28051,258.92895
2022-06-28,1670.03556,10885.41943,7153.27616,139.50057,294.07051,259.62642
2022-06-29,1655.06828,10788.61487,7089.56768,138.72531,292.45665,258.19816
2022-06-30,1626.38926,10602.16955,6967.01936,136.63442,288.06229,254.31751
2022-07-01,1616.612,10538.51909,6925.17775,136.63641,288.06884,254.32274
2022-07-04,1631.64081,10637.33633,6989.97453,137.47669,289.86343,255.90201
2022-07-05,1569.35467,10233.49034,6724.28713,134.57836,283.81408,250.54976
2022-07-06,1587.51523,10352.31644,6802.29974,136.77001,288.44734,254.63749
2022-07-07,1612.93524,10520.28516,6912.66863,139.29479,293.83362,259.39243
2022-07-08,1621.94281,10579.03657,6951.273,140.0245,295.37291,260.75129
2022-07-11,1599.91521,10435.40577,6856.89184,139.35564,293.9632,259.50666
2022-07-12,1602.32176,10451.10241,6867.20578,140.03744,295.40142,260.7763
2022-07-13,1595.66866,10407.80032,6838.73643,138.62831,292.43154,258.15391
2022-07-14,1554.07402,10136.72951,6660.59124,136.54086,288.03471,254.27129
2022-07-15,1594.44584,10400.06197,6833.62041,138.93436,293.08384,258.72856
2022-07-18,1627.4067,10616.96719,6975.81675,140.19304,295.79231,261.10732
2022-07-19,1658.19748,10817.84182,7107.80026,142.12066,299.85938,264.69748
2022-07-20,1648.25879,10753.10156,7065.2469,141.75299,299.08636,264.0145
2022-07-21,1651.64057,10775.16403,7079.74288,142.32953,300.30282,265.08831
2022-07-22,1662.34641,10845.00803,7125.63338,142.71301,301.11192,265.80254
2022-07-25,1663.0913,10850.00182,7128.88364,142.95862,301.63386,266.26212
2022-07-26,1650.23986,10766.15908,7073.79562,143.02979,301.78403,266.39468
2022-07-27,1655.4315,10800.10989,7096.08943,143.66406,303.12457,267.57752
2022-07-28,1678.06941,10948.74534,7193.74866,145.12676,306.23722,270.32515
2022-07-29,1705.59384,11128.52772,7311.85328,146.91407,310.01415,273.65845
2022-08-01,1715.37454,11192.3441,7353.783,146.65625,309.4701,273.1782
2022-08-02,1698.8276,11084.39448,7282.8543,146.28821,308.69388,272.49294
2022-08-03,1694.9485,11059.30577,7266.34828,146.94829,310.09297,273.72713
2022-08-04,1710.90772,11168.42941,7337.95841,147.15531,310.6687,274.23205
2022-08-05,1690.76802,11036.96185,7251.58069,146.08115,308.40097,272.23029
2022-08-08,1711.51924,11173.24555,7341.0415,147.12146,310.62015,274.18617
2022-08-09,1701.8441,11110.08371,7299.54293,146.21109,308.69806,272.48953
2022-08-10,1737.43549,11342.43367,7452.20142,147.35895,311.12156,274.62876
2022-08-11,1737.0288,11350.77036,7457.60073,147.46686,311.65119,275.09339
2022-08-12,1722.3105,11256.39136,7395.32066,147.65888,312.10689,275.48551
2022-08-15,1720.13583,11242.53344,7386.18118,148.19574,313.25152,276.49453
2022-08-16,1720.38992,11244.63875,7387.48105,148.43603,313.77186,276.95069
2022-08-17,1702.90979,11130.55429,7312.51356,147.17362,311.10799,274.5988
2022-08-18,1703.74484,11143.256,7320.85829,147.72549,312.4777,275.80777
2022-08-19,1677.56787,10972.11094,7208.40737,146.7305,310.37486,273.95122
2022-08-22,1650.1424,10792.735,7090.56178,145.41783,307.59819,271.50041
2022-08-23,1646.49584,10769.12425,7075.02649,144.80589,306.31059,270.36301
2022-08-24,1650.00162,10792.05427,7090.09091,145.03434,306.79383,270.78954
2022-08-25,1653.59309,10818.06859,7107.17015,145.50293,307.85687,271.72739
2022-08-26,1631.87359,10675.97618,7013.81939,143.09004,302.75166,267.22131
2022-08-29,1612.6793,10550.40405,6931.32199,141.87442,300.17962,264.95112
2022-08-30,1603.40268,10489.93768,6891.57391,140.9877,298.30983,263.29988
2022-08-31,1595.20521,10436.30745,6856.34045,139.33229,294.80723,260.20834
2022-09-01,1548.67162,10135.30982,6658.59405,136.89471,289.74795,255.74283
2022-09-02,1594.34108,10434.31122,6855.00982,139.64567,295.57388,260.88429
2022-09-05,1568.58262,10265.73257,6744.25902,138.87137,293.93501,259.43776
2022-09-06,1569.12311,10269.26986,6746.5829,139.14364,294.51129,259.94641
2022-09-07,1566.59566,10252.72874,6735.71592,138.30511,292.73645,258.37987
2022-09-08,1575.60901,10312.18954,6774.73513,138.98907,294.1976,259.66782
2022-09-09,1612.90621,10556.29568,6935.10402,141.06074,298.5827,263.53825
2022-09-12,1655.42753,10834.68436,7117.97432,143.51482,303.77979,268.12457
2022-09-13,1612.23019,10551.96007,6932.23525,141.38174,299.26466,264.13939
2022-09-14,1595.96383,10445.49764,6862.29349,140.20727,296.77865,261.94517
2022-09-15,1584.70399,10371.93069,6813.96281,139.24593,294.74742,260.15235
2022-09-16,1565.59682,10247.0334,6731.88383,137.08699,290.18202,256.1218
2022-09-19,1561.28194,10219.52123,6713.68851,136.95494,289.92319,255.88874
2022-09-20,1542.145,10094.25854,6631.39751,135.51989,286.88529,253.20746
2022-09-21,1537.21751,10066.44819,6612.25679,136.67315,289.45442,255.44136
2022-09-22,1500.76945,9827.90293,6455.56572,134.289,284.40902,250.98883
2022-09-23,1449.64424,9493.10558,6235.65041,131.18447,277.83396,245.18639
2022-09-26,1435.61935,9401.46793,6175.41,130.68279,276.77751,244.25221
2022-09-27,1430.5088,9368.00032,6153.4266,130.58979,276.58054,244.07839
2022-09-28,1436.77177,9409.08164,6180.39574,131.03214,277.51939,244.9063
2022-09-29,1433.30683,9389.28812,6167.1918,128.8959,273.07921,240.98001
2022-09-30,1454.89664,9530.71838,6260.08783,130.43679,276.34374,243.8608
2022-10-03,1468.80395,9621.82221,6319.92781,131.40195,278.38854,245.66524
2022-10-04,1536.11495,10062.76225,6609.55166,135.50519,287.08166,253.33653
2022-10-05,1505.98399,9865.59054,6480.02215,134.20868,284.34091,250.91715
2022-10-06,1493.64606,9785.21557,6427.17276,133.29851,282.42558,249.22476
2022-10-07,1468.49318,9621.39039,6319.44887,131.80376,279.28637,246.44993
2022-10-10,1450.01349,9500.60953,6240.06021,131.25846,278.13955,245.43565
2022-10-11,1442.85177,9453.68528,6209.24007,130.52272,276.58051,244.05992
2022-10-12,1434.51426,9399.05723,6173.36002,129.8822,275.22324,242.86224
2022-10-13,1447.88991,9487.64719,6231.53673,130.87738,277.35986,244.74725
2022-10-14,1461.01069,9573.71535,6288.05059,131.5624,278.81424,246.02999
2022-10-17,1496.94484,9809.18477,6442.70775,133.93313,283.83842,250.4634
2022-10-18,1507.32318,9877.19201,6487.37515,134.3962,284.81978,251.32937
2022-10-19,1490.83721,9769.16267,6416.42109,133.7409,283.43103,250.10392
2022-10-20,1502.24672,9844.96352,6466.12043,134.03883,284.09232,250.68408
2022-10-21,1486.36577,9741.0581,6397.84233,133.25811,282.44255,249.22701
2022-10-24,1520.27444,9963.50938,6543.90686,135.08471,286.32058,252.64745
2022-10-25,1553.90459,10183.9132,6688.6653,137.04693,290.47964,256.31738
2022-10-26,1577.26482,10338.0793,6789.79949,137.86127,292.23589,257.86252
2022-10-27,1568.43987,10280.73694,6752.13841,137.78926,292.09745,257.74036
2022-10-28,1563.16067,10246.13308,6729.41144,137.98798,292.51872,258.11208
2022-10-31,1558.11551,10215.08042,6708.75712,138.4611,293.57966,259.0382
2022-11-01,1565.2978,10262.16789,6739.68182,139.25434,295.26156,260.52222
2022-11-02,1560.32112,10229.54051,6718.25378,138.81862,294.33771,259.70707
2022-11-03,1528.3001,10020.27301,6580.75189,137.55123,291.66977,257.35047
2022-11-04,1578.39342,10348.96764,6796.56909,140.09299,297.06687,262.11055
2022-11-07,1599.09787,10484.71937,6885.72252,140.4545,297.83344,262.78692
2022-11-08,1621.72224,10633.05941,6983.14319,141.49362,300.0369,264.7311
2022-11-09,1610.89579,10562.07416,6936.52442,141.0816,299.1632,263.9602
2022-11-10,1678.84319,11011.71202,7231.76526,144.82291,307.21188,271.05977
2022-11-11,1703.80441,11176.43842,7339.77651,144.91238,307.42927,271.24529
2022-11-14,1707.36282,11200.09643,7355.25093,145.14475,307.93093,271.6856
2022-11-15,1719.48043,11280.26263,7407.78612,145.68136,309.08789,272.7023
2022-11-16,1709.97766,11217.99586,7366.88609,144.33325,306.22966,270.1802
2022-11-17,1690.5749,11093.35128,7285.01769,143.74542,305.05518,269.14345
2022-11-18,1715.02432,11253.87003,7390.41666,145.37394,308.51352,272.19416
2022-11-21,1693.25664,11114.55633,7298.3284,145.22471,308.29459,271.97861
2022-11-22,1713.28565,11246.051,7384.67384,146.31387,310.6074,274.01898
2022-11-23,1738.08352,11408.82485,7491.55863,147.14393,312.36953,275.57354
2022-11-24,1751.18978,11498.38517,7550.31323,147.75502,313.76313,276.80097
2022-11-25,1750.8852,11497.06808,7549.33629,147.77191,313.81764,276.84494
2022-11-28,1738.5075,11415.79075,7495.96704,146.85426,311.86885,275.12576
2022-11-29,1730.5901,11363.80167,7461.82938,146.76419,311.67758,274.95702
2022-11-30,1732.53216,11376.6021,7470.22508,147.78508,313.84692,276.87043
2022-12-01,1779.11144,11684.88751,7672.36082,149.00865,316.51107,279.21
2022-12-02,1773.89658,11650.94688,7650.02033,148.7563,315.98344,278.74255
2022-12-05,1775.94732,11665.19358,7659.2471,148.16435,314.74702,277.64723
2022-12-06,1761.42651,11573.13605,7598.25786,147.30271,313.00646,276.09202
2022-12-07,1750.27469,11500.06915,7550.25282,146.35618,311.00068,274.32157
2022-12-08,1754.25514,11526.28822,7567.46668,146.1048,310.46828,273.85196
2022-12-09,1767.97667,11616.44522,7626.65833,147.31746,313.04514,276.12491
2022-12-12,1755.90199,11537.2517,7574.63846,146.57554,311.47245,274.73675
2022-12-13,1797.54968,11811.92396,7754.84339,148.40188,315.38075,278.17951
2022-12-14,1798.48339,11818.05953,7758.87155,148.35346,315.27785,278.08875
2022-12-15,1747.96044,11486.32513,7541.07906,144.1453,306.34165,270.20663
2022-12-16,1721.64019,11313.36756,7427.5278,142.44291,302.72367,267.01542
2022-12-19,1720.3964,11305.41791,7421.35358,142.82436,303.54034,267.70131
2022-12-20,1723.5762,11326.31367,7435.07044,142.28141,302.38643,266.68364
2022-12-21,1749.06786,11493.82963,7545.03499,144.72582,307.58145,271.26529
2022-12-22,1730.02199,11370.59864,7464.14096,143.33893,304.68559,268.71134
2022-12-23,1732.27263,11385.66956,7473.98844,143.34961,304.71574,268.73628
2022-12-26,1732.27263,11385.66956,7473.98844,143.34961,304.71574,268.73628
2022-12-27,1740.36427,11438.85325,7508.90025,143.53236,305.10421,269.07889
2022-12-28,1733.50525,11393.77111,7479.30661,143.38406,304.78897,268.80087
2022-12-29,1752.87789,11521.34046,7563.04801,144.33399,306.81459,270.58731
2022-12-30,1731.58068,11381.35783,7471.15806,142.5002,302.91644,267.14944
2023-01-02,1748.09551,11492.17142,7543.52867,143.85928,305.86576,269.73723
2023-01-03,1751.43915,11514.15293,7557.95747,145.73207,309.84759,273.24873
2023-01-04,1784.25201,11729.86822,7699.55425,147.79027,314.22362,277.10787
2023-01-05,1767.38961,11619.38909,7627.01715,147.56253,313.74956,276.68915
2023-01-06,1801.6453,11844.59707,7774.84464,149.24504,317.32694,279.84397
2023-01-09,1840.56759,12102.73065,7943.95943,150.49627,320.04671,282.23092
2023-01-10,1827.33765,12015.73664,7886.85853,149.60253,318.14607,280.55486
2023-01-11,1838.37531,12088.31522,7934.49747,150.14927,319.30879,281.58019
2023-01-12,1859.16544,12225.75406,8024.70922,151.10258,321.35535,283.38493
2023-01-13,1872.41475,12312.88062,8081.89714,151.85621,322.95811,284.79832
2023-01-16,1880.52793,12366.83624,8117.20828,152.57055,324.49318,286.14834
2023-01-17,1884.20861,12391.04135,8133.09577,153.20884,325.85071,287.34545
2023-01-18,1894.37328,12457.88683,8176.97107,153.60871,326.70118,288.09543
2023-01-19,1858.10398,12219.96736,8020.8081,151.25425,321.70933,283.69346
2023-01-20,1871.70053,12309.38617,8079.49984,151.77726,322.82174,284.67441
2023-01-23,1887.08618,12413.10338,8147.14787,152.54603,324.52307,286.15964
2023-01-24,1884.01429,12392.89668,8133.88552,152.15067,323.68198,285.41798
2023-01-25,1884.00189,12392.81518,8133.83202,151.77287,322.87826,284.70927
2023-01-26,1882.7924,12384.85922,8128.61026,152.35318,324.1128,285.79787
2023-01-27,1884.47671,12396.04237,8135.93173,152.67937,324.80946,286.41153
2023-01-30,1887.11752,12413.55917,8147.39514,152.47138,324.37078,286.02354
2023-01-31,1880.60015,12370.68753,8119.25718,152.08471,323.54817,285.29817
2023-02-01,1890.24641,12434.14114,8160.90371,152.011,323.39138,285.15991
2023-02-02,1916.87888,12609.33098,8275.88611,153.88504,327.37824,288.67545
2023-02-03,1910.09894,12564.73217,8246.61456,154.51296,328.7141,289.85338
2023-02-06,1873.74363,12326.32457,8090.06762,153.35171,326.26321,287.68965
2023-02-07,1871.04765,12308.58922,8078.42747,153.6896,326.98208,288.32353
2023-02-08,1880.96264,12373.81448,8121.2364,154.04302,327.73399,288.98654
2023-02-09,1899.98591,12498.95802,8203.37116,155.05875,329.89502,290.89207
2023-02-10,1867.65179,12290.5458,8065.84146,153.64057,326.99205,288.30574
2023-02-13,1892.00728,12450.82317,8171.02571,155.0198,329.92746,290.89386
2023-02-14,1893.76112,12462.36472,8178.60001,155.17797,330.26411,291.19068
2023-02-15,1894.21406,12465.56079,8180.66215,155.83298,331.66389,292.42359
2023-02-16,1897.5043,12492.359,8198.18744,156.14754,332.47032,293.13241
2023-02-17,1892.3992,12459.30158,8176.3977,155.86618,331.88594,292.61376
2023-02-20,1898.12447,12497.14282,8201.20687,155.98666,332.14639,292.84253
2023-02-21,1893.91047,12469.39805,8182.99946,155.69863,331.53308,292.30179
2023-02-22,1878.13697,12365.54629,8114.8471,155.20818,330.48876,291.38105
2023-02-23,1872.44642,12335.87026,8095.35985,155.1979,330.6757,291.54542
2023-02-24,1842.25824,12137.07121,7964.88512,153.49244,327.04418,288.34313
2023-02-27,1872.20233,12334.3473,8094.34646,155.10449,330.47894,291.37144
2023-02-28,1866.31771,12295.57856,8068.90468,154.56594,329.33147,290.35976
2023-03-01,1864.14481,12282.05173,8059.84666,153.42392,326.91917,288.22644
2023-03-02,1863.88444,12287.26223,8063.26595,154.28441,328.93812,290.00644
2023-03-03,1878.59619,12384.46352,8127.01383,155.69294,331.94697,292.65779
2023-03-06,1892.20096,12474.31337,8185.94916,155.62364,331.80353,292.53037
2023-03-07,1861.72738,12273.41667,8054.11583,154.46981,329.34345,290.36148
2023-03-08,1857.2843,12244.57592,8035.11006,154.58307,329.59705,290.58218
2023-03-09,1856.50876,12251.82567,8037.7576,154.27729,329.27734,290.22413
2023-03-10,1852.68257,12226.65702,8021.22702,152.25227,324.95748,286.41594
2023-03-13,1816.56164,11988.27933,7864.84073,148.65795,317.28598,279.65433
2023-03-14,1842.44192,12159.54532,7977.11539,150.9024,322.08887,283.8846
2023-03-15,1757.95211,11601.9388,7611.30471,146.56559,312.83229,275.72598
2023-03-16,1793.42201,11849.26334,7771.27417,148.31205,316.91392,279.24138
2023-03-17,1776.33155,11737.25886,7697.63191,146.55372,313.1811,275.94567
2023-03-20,1806.47899,11937.24595,7828.65897,147.98451,316.25946,278.65339
2023-03-21,1838.3777,12148.03319,7966.897,149.91248,320.37973,282.28373
2023-03-22,1845.75604,12199.09656,8000.00701,150.22125,321.10036,282.90529
2023-03-23,1858.22493,12285.97349,8056.63747,149.86813,320.46206,282.33093
2023-03-24,1812.7018,11991.48155,7862.18239,147.92858,316.48608,278.78054
2023-03-27,1835.0803,12142.15776,7960.36776,149.49091,319.89807,281.76462
2023-03-28,1843.11782,12195.94545,7995.59033,149.42498,319.77287,281.65292
2023-03-29,1866.05678,12351.29195,8096.17878,151.3196,323.92075,285.26208
2023-03-30,1898.44875,12572.73308,8240.40355,152.78954,327.25062,288.16208
2023-03-31,1902.85004,12603.32494,8260.17399,153.82741,329.51131,290.14291
2023-04-03,1906.9774,12633.20284,8279.43946,153.82127,329.56444,290.17861
2023-04-04,1919.37807,12715.35392,8333.27893,153.67832,329.25816,289.90893
2023-04-05,1907.52154,12641.53986,8283.97289,153.54083,329.08679,289.7255
2023-04-06,1919.25217,12726.04172,8339.03897,154.31535,330.92263,291.331
2023-04-07,1919.25217,12726.04172,8339.03897,154.31535,330.92263,291.331
2023-04-10,1904.8006,12630.21727,8276.24773,154.34024,330.976,291.37799
2023-04-11,1928.5945,12788.11162,8379.68342,155.22282,332.87187,293.04605
2023-04-12,1942.666,12888.74738,8444.20984,155.42955,333.50488,293.55405
2023-04-13,1962.77657,13025.28858,8533.44461,156.04352,334.90241,294.77651
2023-04-14,1966.62336,13055.16523,8552.21215,156.91751,336.89038,296.49835
2023-04-17,1949.90317,12944.94451,8479.83101,156.88753,336.84616,296.45323
2023-04-18,1965.68511,13050.52465,8548.84954,157.48647,338.15304,297.59839
2023-04-19,1963.20248,13034.04209,8538.05251,157.34498,337.84923,297.33102
2023-04-20,1964.35089,13043.83287,8544.41101,157.15021,337.48708,297.01039
2023-04-21,1970.29824,13084.80096,8570.98849,157.69782,338.70132,298.06999
2023-04-24,1980.28896,13171.94251,8624.27464,157.69272,339.22585,298.40031
2023-04-25,1963.76351,13070.34662,8556.5405,157.11753,338.20388,297.45911
2023-04-26,1958.27451,13039.91637,8535.72871,155.74199,335.39996,294.96221
2023-04-27,1955.57831,13027.4902,8527.18517,155.9937,336.08463,295.55014
2023-04-28,1971.68641,13146.62787,8603.24839,156.85836,338.25189,297.38968
2023-05-01,1962.23337,13083.59772,8562.00101,156.95221,338.45427,297.56762
2023-05-02,1937.86752,12926.80458,8458.44069,155.02445,334.44394,294.0086
2023-05-03,1957.33943,13060.49821,8545.1412,155.53383,335.64061,295.03367
2023-05-04,1939.12519,12949.63775,8471.3091,154.82187,334.37987,293.88039
2023-05-05,1960.46184,13102.54311,8569.52504,156.44009,338.14369,297.12557
2023-05-08,1968.65344,13164.29557,8608.73579,156.98679,339.50602,298.28184
2023-05-09,1952.23265,13063.41238,8541.59712,156.50862,338.70325,297.53591
2023-05-10,1947.28929,13030.80561,8520.18569,155.87755,337.34976,296.34375
2023-05-11,1937.68604,12978.69987,8484.84428,155.87599,337.66266,296.57415
2023-05-12,1935.64568,12974.3801,8480.42649,156.50743,339.27492,297.93424
2023-05-15,1940.79143,13012.53306,8504.77381,156.88017,340.17866,298.70711
2023-05-16,1932.5629,12958.49514,8469.24817,156.20065,338.7348,297.432
2023-05-17,1921.51651,12887.30231,8422.23628,155.96807,338.30594,297.0384
2023-05-18,1920.10289,12887.10602,8421.59208,156.59138,339.90284,298.42223
2023-05-19,1935.92473,12995.61422,8491.99572,157.62558,342.20871,300.42882
2023-05-22,1938.02372,13023.16095,8507.78443,157.62113,342.55302,300.65293
2023-05-23,1922.37201,12918.81582,8439.49891,156.64553,340.45468,298.80705
2023-05-24,1885.46184,12671.01662,8277.57124,153.86629,334.42076,293.50958
2023-05-25,1873.41533,12591.48992,8225.56666,153.36772,333.37502,292.5899
2023-05-26,1891.34894,12713.26977,8304.84034,155.16851,337.32244,296.04439
2023-05-29,1889.70972,12702.84009,8297.95015,154.98336,336.93556,295.7021
2023-05-30,1874.95688,12614.53303,8238.48795,153.50823,334.01624,293.07684
2023-05-31,1843.05098,12400.3451,8098.51313,151.83724,330.39294,289.89442
2023-06-01,1868.94878,12578.01151,8214.43711,152.95929,332.92506,292.11233
2023-06-02,1895.4775,12757.49558,8331.52497,155.21725,337.86469,296.44182
2023-06-05,1883.63782,12678.95077,8280.04333,154.44932,336.22342,294.99512
2023-06-06,1886.97462,12703.172,8295.52047,155.02686,337.52745,296.12709
2023-06-07,1886.20111,12698.30496,8292.28661,154.71728,336.86245,295.54168
2023-06-08,1896.96742,12773.62231,8341.47058,154.69024,336.87838,295.55565
2023-06-09,1891.07042,12734.08564,8315.62414,154.40289,336.25715,295.00963
2023-06-12,1892.45999,12744.7839,8322.39138,154.65293,336.83713,295.51069
2023-06-13,1913.0343,12885.56815,8414.00506,155.53831,338.82405,297.24257
2023-06-14,1928.80241,12992.12926,8483.5097,156.06906,339.98945,298.26222
2023-06-15,1937.05347,13047.84437,8519.87225,155.91793,339.66378,297.9759
2023-06-16,1949.81316,13134.22261,8576.25221,156.74387,341.47427,299.56339
2023-06-19,1930.19389,13003.37365,8490.59027,155.1809,338.1033,296.59841
2023-06-20,1915.08732,12901.70569,8424.18249,154.28415,336.15214,294.88596
2023-06-21,1914.99068,12903.49715,8424.95352,153.52998,334.5723,293.48617
2023-06-22,1906.46411,12848.34555,8388.769,152.78362,333.00549,292.10568
2023-06-23,1887.3756,12719.80523,8304.82628,152.32408,332.0066,291.22884
2023-06-26,1890.11656,12738.32995,8316.91605,152.17473,331.68244,290.94432
2023-06-27,1898.42606,12794.33137,8353.47964,152.27144,331.89324,291.12923
2023-06-28,1902.41338,12821.20362,8371.02466,153.28419,334.10064,293.06551
2023-06-29,1902.48723,12823.23934,8372.18888,153.45908,334.52195,293.4293
2023-06-30,1928.43298,12998.12019,8486.36717,155.24538,338.41588,296.84489
2023-07-03,1923.67415,12968.0695,8466.47533,154.91198,337.74183,296.24413
2023-07-04,1924.046,12972.28432,8469.00583,155.00588,337.99106,296.45499
2023-07-05,1905.67078,12849.18681,8388.52515,153.92085,335.64582,294.39389
2023-07-06,1859.98847,12541.47372,8187.63625,150.32095,327.8037,287.51559
2023-07-07,1874.87405,12642.10801,8253.33306,150.38922,327.95944,287.65213
2023-07-10,1882.65568,12694.64034,8287.62248,150.64194,328.51216,288.13671
2023-07-11,1898.37156,12801.07865,8357.05219,151.70597,330.8446,290.18047
2023-07-12,1949.10325,13143.29875,8580.44472,153.93235,335.70319,294.44112
2023-07-13,1974.44097,13316.53327,8693.4942,154.90961,337.89472,296.36177
2023-07-14,1981.04575,13361.07894,8722.57515,154.7642,337.57756,296.08359
2023-07-17,1966.83369,13265.34209,8660.05593,153.79071,335.45708,294.22311
2023-07-18,1979.37337,13350.13776,8715.37719,154.71612,337.48123,295.99723
2023-07-19,1975.17335,13321.81018,8696.88408,155.01553,338.13434,296.57005
2023-07-20,1976.62238,13331.58337,8703.26432,155.7346,339.70285,297.94576
2023-07-21,1977.29743,13336.13632,8706.23662,156.2644,340.85848,298.95934
2023-07-24,1972.46451,13306.98,8686.59931,156.35376,341.1416,299.18688
2023-07-25,1975.24333,13325.72693,8698.83703,157.0773,342.72026,300.57139
2023-07-26,1967.67525,13274.90679,8665.63919,156.19968,340.8115,298.89658
2023-07-27,1981.35382,13368.3986,8726.6691,158.32298,345.47558,302.98704
2023-07-28,1985.4441,13396.14509,8744.75238,158.01727,344.81231,302.40433
2023-07-31,1985.86316,13398.97254,8746.59809,158.19397,345.19789,302.7425
2023-08-01,1960.02531,13225.4585,8633.25122,156.78987,342.15517,300.07121
2023-08-02,1924.59823,12986.77099,8477.40669,154.69563,337.59435,296.07012
2023-08-03,1912.86731,12912.33274,8428.80455,153.67537,335.49044,294.22462
2023-08-04,1933.73757,13053.21217,8520.76664,154.07658,336.36633,294.99277
2023-08-07,1932.18187,13044.48946,8514.89855,154.22545,336.73726,295.31203
2023-08-08,1918.61839,12952.92014,8455.12591,153.94026,336.11457,294.76595
2023-08-09,1933.5253,13053.55918,8520.81888,154.61371,337.58498,296.05547
2023-08-10,1955.02544,13212.43499,8624.50406,155.83637,340.60837,298.70615
2023-08-11,1925.53959,13013.8341,8494.80041,154.13652,336.91039,295.46081
2023-08-14,1916.45252,12953.51414,8455.24772,154.35873,337.42463,295.90554
2023-08-15,1904.25956,12871.30528,8401.54013,152.88595,334.21047,293.08524
2023-08-16,1897.70839,12827.37344,8372.83015,152.81397,334.06222,292.95403
2023-08-17,1878.82338,12702.61225,8291.39459,151.53638,331.3447,290.57092
2023-08-18,1865.11373,12611.84726,8231.80872,150.65198,329.4612,288.90724
2023-08-21,1869.03983,12638.39545,8249.13685,150.77498,329.73018,289.14311
2023-08-22,1875.38163,12681.27852,8277.12681,151.80246,331.97717,291.11352
2023-08-23,1882.20243,12727.5848,8307.32108,152.41075,333.31228,292.28322
2023-08-24,1873.39209,12671.48307,8270.68998,151.7953,332.05737,291.18232
2023-08-25,1860.77283,12586.12734,8214.9782,151.73871,331.93358,291.07376
2023-08-28,1882.9431,12736.08534,8312.85594,153.04926,334.80044,293.58773
2023-08-29,1905.4199,12888.70055,8412.41089,154.54012,338.07707,296.459
2023-08-30,1919.50438,12983.97123,8474.59374,154.26502,337.47524,295.93126
2023-08-31,1901.81372,12869.15863,8399.61779,153.89945,336.80248,295.33997
2023-09-01,1893.62041,12813.8225,8363.48292,153.88865,336.78163,295.32108
2023-09-04,1889.41642,12785.37481,8344.91533,153.8602,336.71938,295.26649
2023-09-05,1871.69155,12665.4538,8266.6405,153.51278,335.95959,294.60012
2023-09-06,1861.28139,12595.2475,8220.79414,152.66609,334.11292,292.97996
2023-09-07,1859.17385,12581.43703,8211.77104,152.53596,333.84011,292.74041
2023-09-08,1864.72493,12619.0024,8236.28957,152.84861,334.52438,293.34044
2023-09-11,1876.4259,12698.28734,8288.01473,153.36402,335.6551,294.33112
2023-09-12,1867.54265,12638.25673,8248.81414,153.10101,335.08172,293.82765
2023-09-13,1865.65126,12625.45706,8240.45997,152.58988,333.96305,292.84671
2023-09-14,1881.42585,12732.33825,8310.21984,154.9333,339.09539,297.34717
2023-09-15,1886.14469,12764.27248,8331.06286,155.30733,339.91401,298.065
2023-09-18,1867.64972,12639.94072,8249.77604,153.65479,336.31926,294.90793
2023-09-19,1869.23412,12650.66369,8256.77465,153.57654,336.148,294.75775
2023-09-20,1890.67031,12800.65805,8353.69848,154.91026,339.19754,297.39713
2023-09-21,1855.83991,12564.84115,8199.80457,152.90518,334.80715,293.54779
2023-09-22,1849.80613,12523.98984,8173.14504,152.43665,333.78124,292.6483
2023-09-25,1824.53209,12353.119,8061.57882,151.49816,331.73288,290.85034
2023-09-26,1814.63873,12286.13535,8017.86565,150.58414,329.73147,289.09558
2023-09-27,1799.00379,12180.27791,7948.78366,150.31637,329.14513,288.5815
2023-09-28,1814.45084,12288.79315,8019.37497,150.86789,330.45847,289.72485
2023-09-29,1824.94018,12360.10958,8065.85159,151.38893,331.60711,290.72964
2023-10-02,1791.22866,12131.7854,7916.8538,149.87346,328.28758,287.81932
2023-10-03,1768.71098,11979.27573,7817.33039,148.29312,324.82596,284.78441
2023-10-04,1769.1667,11982.6277,7819.4918,148.091,324.39042,284.40162
2023-10-05,1780.28841,12058.31467,7868.86678,148.48421,325.26142,285.16467
2023-10-06,1795.97026,12164.53158,7938.18051,149.67844,327.87743,287.45819
2023-10-09,1792.96581,12145.68933,7925.68248,149.32885,327.15226,286.8151
2023-10-10,1836.67911,12441.80662,8118.91413,152.21896,333.48396,292.36611
2023-10-11,1844.24036,12493.02708,8152.3381,152.47154,334.03732,292.85124
2023-10-12,1834.6796,12429.55725,8110.90858,152.65826,334.48125,293.24
2023-10-13,1808.70553,12253.89185,7996.22467,151.24211,331.38659,290.52497
2023-10-16,1819.86746,12329.63091,8045.62716,151.51191,331.98093,291.04526
2023-10-17,1822.73124,12349.03309,8058.28793,151.36294,331.65451,290.7591
2023-10-18,1797.37641,12177.2537,7946.19432,149.79563,328.22034,287.74838
2023-10-19,1781.15309,12069.21006,7875.48237,148.02218,324.38475,284.37821
2023-10-20,1760.36044,11928.31768,7783.54632,146.01789,319.99242,280.52759
2023-10-23,1764.9144,11959.6245,7803.87982,145.83095,319.59475,280.17556
2023-10-24,1767.85205,11979.53094,7816.86915,146.49403,321.04791,281.44949
2023-10-25,1767.42004,11977.90899,7815.56648,146.63116,321.38347,281.73485
2023-10-26,1751.15686,11867.81418,7743.7298,145.88134,319.74331,280.29703
2023-10-27,1741.58151,11803.05632,7701.44445,144.58994,316.91646,277.81781
2023-10-30,1754.21525,11888.78033,7757.36897,145.08339,318.00077,278.76798
2023-10-31,1755.54298,11900.45317,7764.65388,145.87316,319.80367,280.33649
2023-11-01,1762.18723,11946.51004,7794.59034,146.87685,322.03153,282.28527
2023-11-02,1803.02256,12223.59978,7975.37962,149.13408,326.9873,286.62938
2023-11-03,1824.41467,12368.93957,8070.15286,149.28669,327.33017,286.92799
2023-11-06,1823.96095,12365.86348,8068.14586,149.09677,326.91374,286.56295
2023-11-07,1811.15171,12279.02098,8011.4852,148.87412,326.42555,286.13502
2023-11-08,1819.58191,12336.17503,8048.77554,149.26672,327.28638,286.8896
2023-11-09,1835.36987,12447.7341,8121.5138,150.4354,329.96874,289.23914
2023-11-10,1809.54701,12272.88356,8007.37718,148.94434,326.70575,286.37693
2023-11-13,1826.48645,12388.26161,8082.5733,150.05737,329.16017,288.52546
2023-11-14,1873.83427,12711.22493,8292.9894,151.85915,333.16029,292.02129
2023-11-15,1886.71608,12798.60918,8350.00016,152.50909,334.58618,293.27111
2023-11-16,1876.22259,12733.29214,8307.38637,151.49356,332.5114,291.45253
2023-11-17,1896.48601,12870.99376,8397.19214,152.98906,335.79857,294.33265
2023-11-20,1906.98602,12947.44556,8446.19846,153.10484,336.18749,294.64313
2023-11-21,1905.12869,12934.86743,8437.99318,153.02567,336.01447,294.49149
2023-11-22,1899.03531,12893.49646,8411.00504,153.49077,337.03574,295.38655
2023-11-23,1911.95281,12984.73894,8470.49651,153.91867,338.06749,296.28975
2023-11-24,1923.32383,13062.72528,8521.24608,154.40949,339.16529,297.24756
2023-11-27,1915.2664,13008.0013,8485.54783,153.86107,337.96066,296.19181
2023-11-28,1917.56225,13023.59413,8495.71954,153.37214,336.88672,295.2506
2023-11-29,1924.99833,13074.16454,8528.69528,154.05107,338.37974,296.55864
2023-11-30,1925.41092,13077.65902,8530.97484,154.98789,340.45552,298.37787
2023-12-01,1930.39666,13111.52289,8553.06533,156.47195,343.7155,301.23494
2023-12-04,1925.7513,13082.8805,8533.90648,156.38406,343.59885,301.11597
2023-12-05,1930.91413,13118.07266,8556.84298,156.94844,344.84195,302.20469
2023-12-06,1937.90148,13165.5427,8587.80742,157.72804,346.55487,303.70582
2023-12-07,1931.64622,13123.1884,8560.17995,157.31367,345.64819,302.91124
2023-12-08,1943.23784,13202.34839,8611.74352,158.49284,348.24983,305.18866
2023-12-11,1944.61618,13211.86854,8617.92478,158.95953,349.27939,306.0899
2023-12-12,1947.63688,13233.41552,8631.85267,158.66009,348.64841,305.53245
2023-12-13,1949.32138,13244.86108,8639.31834,158.60607,348.52971,305.42843
2023-12-14,2000.1453,13591.55033,8865.29432,159.78094,351.14658,307.71608
2023-12-15,1986.25354,13497.15192,8803.72153,159.81957,351.23148,307.79047
2023-12-18,1980.83788,13460.35099,8779.71757,159.39111,350.28987,306.96532
2023-12-19,2000.74127,13595.6001,8867.93585,159.94493,351.50698,308.0319
2023-12-20,2001.69749,13602.7342,8872.49505,160.21094,352.10807,308.55537
2023-12-21,2000.53458,13597.08033,8868.80726,159.87747,351.43329,307.96406
2023-12-22,2007.56159,13644.84098,8899.95954,160.11125,351.94718,308.41438
2023-12-25,2007.56159,13644.84098,8899.95954,160.11125,351.94718,308.41438
2023-12-26,2008.5694,13651.6908,8904.42739,159.98824,351.67678,308.17743
2023-12-27,2028.26869,13785.58141,8991.75864,160.41531,352.61555,309.00008
2023-12-28,2026.45527,13773.73181,8984.00131,160.26467,352.29659,308.7196
2023-12-29,2020.39677,13732.55241,8957.1418,160.63895,353.11934,309.44058
2024-01-01,2020.39677,13732.55241,8957.1418,160.63895,353.11934,309.44058
2024-01-02,1999.70534,13594.31901,8866.58599,160.49025,352.8549,309.19517
2024-01-03,1976.33432,13435.59546,8763.04276,159.16726,349.95022,306.64922
2024-01-04,1999.34127,13592.26508,8865.22674,160.28527,352.41515,308.80915
2024-01-05,1998.30585,13585.22588,8860.63559,159.86664,351.49471,308.0026
2024-01-08,2003.89331,13623.36999,8885.47799,160.41593,352.70651,309.0632
2024-01-09,1990.54229,13533.32696,8826.66021,160.12798,352.09221,308.52178
2024-01-10,1996.08738,13571.027,8851.24881,159.84932,351.4795,307.98489
2024-01-11,1977.24988,13443.61955,8768.15155,158.64456,348.8477,305.67877
2024-01-12,1997.08066,13578.45201,8856.09152,159.95804,351.73595,308.2096
2024-01-15,1983.76913,13488.42046,8797.29391,159.10949,349.88238,306.58271
2024-01-16,1966.52021,13371.41785,8720.9489,158.79914,349.20723,305.9899
2024-01-17,1939.93861,13190.67536,8603.06716,157.04248,345.34426,302.605
2024-01-18,1951.41642,13269.5104,8654.48402,157.94252,347.3442,304.35744
2024-01-19,1952.29491,13275.48411,8658.38013,157.55627,346.49476,303.61312
2024-01-22,1967.48013,13381.57987,8727.09898,158.7453,349.18368,305.95252
2024-01-23,1952.53359,13279.92277,8660.80102,158.31013,348.22647,305.11382
2024-01-24,1987.86088,13520.19713,8817.50136,160.15431,352.28301,308.66813
2024-01-25,1980.96419,13473.29012,8786.9099,160.64493,353.3622,309.61371
2024-01-26,2009.3218,13666.28307,8912.7531,162.46455,357.36791,313.12273
2024-01-29,2002.10493,13617.42511,8880.83751,162.84045,358.20075,313.85063
2024-01-30,2012.43629,13687.69442,8926.66484,163.10678,358.78659,314.36393
2024-01-31,2016.94477,13718.35911,8946.66334,163.08091,358.72968,314.31407
2024-02-01,2003.49945,13626.90998,8887.02323,162.49491,357.44067,313.18465
2024-02-02,1999.05853,13596.8508,8867.39106,162.53999,357.54367,313.27389
2024-02-05,1984.69377,13499.96047,8804.123,162.52301,357.52785,313.2572
2024-02-06,2000.40343,13606.81813,8873.81121,163.52738,359.73733,315.1931
2024-02-07,1997.97669,13590.31137,8863.04617,163.12404,358.85003,314.41566
2024-02-08,1996.52073,13580.40783,8856.58749,162.93701,358.43859,314.05517
2024-02-09,1999.03817,13602.53042,8870.1551,162.7719,358.20702,313.82185
2024-02-12,2005.62433,13647.34621,8899.37929,163.59635,360.02135,315.41137
2024-02-13,1978.02536,13459.94822,8777.11257,162.09785,356.73427,312.52926
2024-02-14,1988.14562,13529.86636,8822.534,162.87401,358.47027,314.04404
2024-02-15,2009.19818,13678.42068,8919.40307,163.97162,361.02552,316.28261
2024-02-16,2023.56714,13776.24312,8983.19097,164.99863,363.28674,318.26359
2024-02-19,2026.512,13796.29144,8996.26405,165.30013,363.95058,318.84516
2024-02-20,2035.33106,13856.33071,9035.41436,165.16052,363.64318,318.57586
2024-02-21,2028.33125,13808.67671,9004.34022,164.86669,362.99624,318.00909
2024-02-22,2045.37798,13931.46847,9084.39601,166.17538,366.05475,320.68806
2024-02-23,2056.47189,14007.14035,9133.72216,166.90687,367.66894,322.10157
2024-02-26,2054.50353,13994.37768,9125.28911,166.28613,366.31841,320.91452
2024-02-27,2057.52577,14014.96385,9138.71269,166.58447,366.97564,321.49029
2024-02-28,2047.92685,13949.5802,9096.07809,166.0139,365.71872,320.38916
2024-02-29,2045.26577,13934.02984,9085.9382,165.99736,365.74989,320.41647
2024-03-01,2059.77444,14033.7166,9150.74865,166.95891,367.89059,322.28507
2024-03-04,2064.9076,14068.86298,9173.63781,166.94359,367.86135,322.25846
2024-03-05,2061.96206,14048.7941,9160.55185,166.58278,367.0663,321.56197
2024-03-06,2076.09913,14145.11433,9223.3577,167.17132,368.36315,322.69805
2024-03-07,2101.77638,14342.38084,9349.69227,168.89823,372.74849,326.45967
2024-03-08,2107.72667,14383.09383,9376.20799,168.90505,372.76634,326.47444
2024-03-11,2094.10139,14290.1151,9315.59601,168.31227,371.45811,325.32867
2024-03-12,2113.33041,14421.84293,9401.37854,170.00559,375.20844,328.61014
2024-03-13,2121.69087,14478.89657,9438.57094,170.28044,375.81504,329.1414
2024-03-14,2107.12877,14393.20096,9380.27309,169.97375,375.49504,328.77583
2024-03-15,2099.98362,14345.62251,9349.04939,169.39738,374.2538,327.68145
2024-03-18,2095.76689,14317.62114,9330.66843,169.09606,373.60907,327.11231
2024-03-19,2095.44284,14315.40734,9329.22571,169.48251,374.46291,327.85988
2024-03-20,2094.36704,14312.62269,9326.59292,169.47353,374.56254,327.91835
2024-03-21,2113.95733,14451.60273,9416.40736,170.9485,377.9559,330.8628
2024-03-22,2105.19659,14401.72936,9381.92491,170.94834,378.21861,331.02271
2024-03-25,2110.61806,14441.97233,9407.42845,171.04857,378.52305,331.26406
2024-03-26,2113.16984,14460.18137,9419.1623,171.3977,379.31531,331.95292
2024-03-27,2114.17506,14469.06635,9424.5545,171.60602,379.82899,332.38852
2024-03-28,2113.34415,14472.53557,9425.57445,171.86418,380.64121,333.05548
2024-03-29,2113.34415,14472.53557,9425.57445,171.86418,380.64121,333.05548
2024-04-01,2101.83274,14393.70349,9374.23323,171.81095,380.52332,332.95233
2024-04-02,2089.91998,14313.69867,9321.77243,170.49599,377.65255,330.42784
2024-04-03,2106.71213,14428.7068,9396.67129,170.96866,378.69951,331.34388
2024-04-04,2118.73114,14512.3614,9451.0553,171.22419,379.30048,331.86632
2024-04-05,2091.43648,14325.97366,9329.54226,169.79957,376.15956,329.11363
2024-04-08,2107.28634,14437.7862,9401.95687,170.53465,377.87289,330.59856
2024-04-09,2095.75719,14358.79581,9350.51794,169.53135,375.64976,328.65356
2024-04-10,2079.02308,14244.23987,9275.8999,169.80418,376.25681,329.18401
2024-04-11,2061.79623,14135.33485,9204.82238,169.15221,375.05424,328.12624
2024-04-12,2051.29206,14069.91031,9160.83149,169.47776,375.95215,328.86202
2024-04-15,2053.16413,14083.74564,9169.61291,169.68829,376.44577,329.28567
2024-04-16,2023.23061,13884.14442,9038.6683,167.1436,370.95353,324.44599
2024-04-17,2024.98501,13896.28861,9046.55377,167.20989,371.10347,324.5764
2024-04-18,2032.59375,13950.35026,9081.7257,167.5389,371.8829,325.2573
2024-04-19,2034.32291,13964.58989,9090.59379,167.45355,371.75661,325.13247
2024-04-22,2042.01263,14040.0456,9135.53274,168.48128,374.64314,327.5071
2024-04-23,2074.29676,14268.20403,9282.97356,170.29708,378.84508,331.14411
2024-04-24,2064.45736,14204.44506,9241.06819,169.63992,377.48738,329.94224
2024-04-25,2056.55309,14153.09363,9207.39042,168.60394,375.26253,327.98801
2024-04-26,2073.29793,14281.38267,9288.70098,170.50195,379.83409,331.90687
2024-04-29,2080.08071,14334.87344,9322.55375,170.53282,380.08234,332.09039
2024-04-30,2061.89076,14221.74976,9247.07597,169.36563,377.80587,330.03324
2024-05-01,2057.14689,14189.17058,9225.86796,169.11832,377.25794,329.5537
2024-05-02,2053.78762,14174.76688,9215.70547,168.76317,376.69868,329.0367
2024-05-03,2078.60217,14350.32666,9329.12867,169.54906,378.5662,330.64253
2024-05-06,2091.23503,14443.85359,9388.86477,170.37381,380.57399,332.35842
2024-05-07,2115.59225,14613.10818,9498.70615,172.39818,385.12291,336.32472
2024-05-08,2117.21582,14627.638,9507.58315,172.98791,386.52792,337.53155
2024-05-09,2125.93628,14713.13097,9560.46867,173.26523,387.81294,338.55869
2024-05-10,2140.39182,14814.75527,9626.24435,174.64594,390.94506,341.28382
2024-05-13,2148.36388,14880.53587,9667.57033,174.6555,391.2452,341.49581
2024-05-14,2155.35163,14929.6822,9699.36709,174.87556,391.75774,341.9385
2024-05-15,2173.70836,15059.97038,9783.49139,175.85322,394.02993,343.90346
2024-05-16,2171.57302,15063.14248,9783.97885,175.46229,393.62346,343.49346
2024-05-17,2169.94467,15057.8689,9779.4592,175.23399,393.26858,343.14538
2024-05-20,2171.90445,15082.86459,9793.84283,175.56983,394.32021,343.99799
2024-05-21,2167.58808,15060.4874,9778.10339,175.30158,393.91647,343.60329
2024-05-22,2154.5585,14971.79369,9720.22046,174.66599,392.5364,342.38899
2024-05-23,2154.96621,14975.81527,9722.72126,174.82007,392.91384,342.71433
2024-05-24,2154.35568,14973.56682,9720.94064,174.45632,392.14854,342.03551
2024-05-27,2163.3024,15038.5076,9762.62304,174.97915,393.39591,343.1067
2024-05-28,2153.32539,14975.27271,9720.60698,173.91589,391.16535,341.1274
2024-05-29,2118.79328,14737.95445,9566.09557,172.08425,387.12015,337.58323
2024-05-30,2136.49168,14866.0761,9648.64985,173.08951,389.51298,339.64851
2024-05-31,2146.61267,14937.71308,9694.97503,173.66918,390.84919,340.80768
2024-06-03,2155.84837,15002.44391,9736.9121,174.19174,392.03731,341.84105
2024-06-04,2147.69894,14946.87353,9700.66057,173.37377,390.22617,340.25532
2024-06-05,2163.10184,15056.33158,9771.29816,174.83411,393.5722,343.15876
2024-06-06,2180.42371,15182.7616,9853.32658,176.03976,396.43929,345.65781
2024-06-07,2163.37757,15064.40686,9776.46121,175.7378,395.76823,345.07076
2024-06-10,2142.30775,14920.03367,9682.3826,175.28265,394.80525,344.21749
2024-06-11,2120.44627,14767.89603,9583.63003,173.68002,391.19856,341.07214
2024-06-12,2167.12865,15093.6707,9794.92962,175.46639,395.23932,344.59119
2024-06-13,2124.71444,14799.24881,9603.7733,173.24603,390.26393,340.25007
2024-06-14,2088.81361,14549.50156,9441.70319,171.65737,386.69354,337.13724
2024-06-17,2095.66815,14597.24641,9472.68656,171.75463,386.91263,337.32825
2024-06-18,2114.26094,14727.74809,9557.25123,172.91539,389.55379,339.62658
2024-06-19,2112.47386,14717.74826,9550.36478,172.6085,388.92713,339.06613
2024-06-20,2126.72277,14818.69599,9615.86989,174.21036,392.58086,342.25144
2024-06-21,2103.61747,14657.70161,9511.40044,172.96295,389.76984,339.80081
2024-06-24,2127.7084,14827.12739,9621.08307,174.16115,392.51136,342.18168
2024-06-25,2118.14166,14760.51191,9577.84905,173.84793,391.80682,341.56718
2024-06-26,2102.96632,14654.76077,9509.22891,172.91751,389.70988,339.73913
2024-06-27,2099.07227,14630.60563,9493.47453,172.10589,387.95975,338.21054
2024-06-28,2095.46472,14605.46089,9477.15867,171.72193,387.09424,337.45601
2024-07-01,2104.22299,14667.62789,9517.32676,172.2468,388.3071,338.50728
2024-07-02,2098.10738,14626.24937,9490.30176,171.53037,386.72507,337.12189
2024-07-03,2124.67763,14811.57309,9610.54027,172.71389,389.39596,339.44986
2024-07-04,2137.4807,14902.00305,9669.10698,173.69838,391.6465,341.40788
2024-07-05,2136.04269,14891.97758,9662.60199,173.32493,390.80447,340.67387
2024-07-08,2136.9196,14898.15335,9666.60307,173.22805,390.58764,340.48464
2024-07-09,2114.30015,14740.73699,9564.42361,171.68757,387.12164,337.46181
2024-07-10,2135.09755,14885.73485,9658.50445,173.24824,390.64064,340.5294
2024-07-11,2157.77754,15044.05485,9761.20969,174.20338,392.79944,342.41058
2024-07-12,2183.27718,15221.97257,9876.62666,175.76926,396.33372,345.49065
2024-07-15,2162.05341,15074.09915,9780.65769,173.94102,392.21391,341.89855
2024-07-16,2148.44426,14979.21449,9719.09286,173.44988,391.10647,340.93318
2024-07-17,2147.84637,14976.00755,9716.85608,172.56883,389.14479,339.21771
2024-07-18,2140.03751,14921.55973,9681.5288,172.20135,388.31611,338.49535
2024-07-19,2118.88036,14774.04006,9585.81387,170.89032,385.35973,335.91827
2024-07-22,2137.87032,14910.25855,9673.53333,172.50108,389.09144,339.14796
2024-07-23,2133.25121,14878.04328,9652.63258,172.75528,389.6648,339.64772
2024-07-24,2121.59918,14796.84532,9599.94174,171.67712,387.23468,337.52915
2024-07-25,2106.82329,14694.55033,9533.57449,170.45792,384.50448,335.1494
2024-07-26,2123.94328,14814.34997,9611.26031,171.83514,387.62136,337.86485
2024-07-29,2111.83706,14730.79393,9556.96476,171.48756,386.86052,337.19864
2024-07-30,2118.35889,14776.28592,9586.4788,172.19228,388.45029,338.58433
2024-07-31,2139.10117,14921.53825,9680.64517,173.62123,391.68878,341.40464
2024-08-01,2107.68036,14705.08064,9540.21398,171.52269,387.02613,337.34057
2024-08-02,2075.2831,14479.04815,9393.57089,166.87612,376.54154,328.20196
2024-08-05,2041.46208,14244.79076,9241.42548,163.30431,368.52626,321.20989
2024-08-06,2039.17291,14228.81758,9231.06274,163.79999,369.64486,322.18487
2024-08-07,2069.82773,14442.71893,9369.83301,166.28521,375.2532,327.07314
2024-08-08,2067.22806,14432.73526,9363.35602,166.457,375.85329,327.59618
2024-08-09,2081.61171,14533.85187,9428.88867,167.37735,377.94946,329.42085
2024-08-12,2082.00871,14536.62371,9430.68691,167.2791,377.7276,329.22748
2024-08-13,2097.78435,14646.94424,9502.21808,168.16969,379.74314,330.98284
2024-08-14,2123.23771,14825.11717,9617.76365,168.99162,381.61086,332.60921
2024-08-15,2138.06482,14942.58507,9693.54273,170.96186,386.42049,336.78638
2024-08-16,2145.3807,14994.56481,9727.1251,171.43759,387.51774,337.7379
2024-08-19,2173.18629,15189.49974,9853.51583,172.49815,389.9303,339.83829
2024-08-20,2172.80995,15186.86932,9851.80946,171.74652,388.23126,338.35751
2024-08-21,2182.58179,15255.16966,9896.11628,172.28634,389.45152,339.42102
2024-08-22,2188.1021,15295.07493,9921.98814,172.89303,390.85668,340.64515
2024-08-23,2210.0458,15448.46383,10021.49225,173.64274,392.55155,342.12229
2024-08-26,2209.00879,15441.21497,10016.78989,173.60009,392.45513,342.03825
2024-08-27,2211.40321,15458.26282,10027.6839,173.93611,393.22267,342.70156
2024-08-28,2211.62644,15460.09911,10028.84825,174.52414,394.55908,343.86534
2024-08-29,2217.18097,15501.94489,10055.99329,175.90282,397.75339,346.64924
2024-08-30,2218.53683,15511.67481,10062.26252,176.03424,398.05697,346.91236
2024-09-02,2217.67696,15505.66275,10058.36255,175.95807,397.88472,346.76223
2024-09-03,2191.03358,15319.3976,9937.53083,174.26915,394.06622,343.43424
2024-09-04,2178.48762,15232.0028,9880.83874,172.51358,390.10475,339.98176
2024-09-05,2163.51978,15128.71428,9813.82667,171.51385,387.87911,338.04174
2024-09-06,2148.66524,15024.84183,9746.44579,169.70059,383.7784,334.46792
2024-09-09,2151.09761,15042.17662,9757.69067,171.085,386.91765,337.20382
2024-09-10,2133.82818,14921.53534,9679.40473,170.09658,384.68538,335.25742
2024-09-11,2133.73308,14920.87034,9678.97336,170.21259,384.94774,335.48607
2024-09-12,2156.3161,15079.3109,9781.75168,171.54665,387.97823,338.12717
2024-09-13,2181.77796,15257.36796,9897.25497,172.8053,390.82485,340.60803
2024-09-16,2184.978,15279.74613,9911.77139,172.51425,390.1666,340.03436
2024-09-17,2192.96937,15335.63047,9948.02283,173.13743,391.576,341.26267
2024-09-18,2180.14225,15245.92926,9889.83483,172.22534,389.51318,339.4649
2024-09-19,2212.22187,15472.62708,10036.35443,174.58681,394.91429,344.15363
2024-09-20,2183.49695,15271.72051,9906.03593,172.10336,389.29674,339.25814
2024-09-23,2190.60338,15322.66291,9938.85991,172.83411,390.9813,340.71863
2024-09-24,2209.53162,15455.06068,10024.73812,174.03047,393.68769,343.0771
2024-09-25,2211.33958,15470.28886,10034.197,173.84548,393.33485,342.75532
2024-09-26,2237.38306,15655.12662,10154.06448,175.97954,398.23043,347.02068
2024-09-27,2250.55774,15747.97055,10214.20262,176.81785,400.14424,348.68561
2024-09-30,2225.6389,15573.60439,10101.10797,175.14992,396.36967,345.39645
2024-10-01,2200.69602,15400.33049,9988.45166,174.50039,394.93209,344.13443
2024-10-02,2194.15795,15354.87324,9958.93992,174.62045,395.21141,344.37684
2024-10-03,2170.69398,15191.50324,9852.98059,173.03531,391.6453,341.26942
2024-10-04,2169.71479,15184.65048,9848.53599,173.72196,393.19945,342.62366
2024-10-07,2175.79947,15227.26733,9876.17012,174.1139,394.08744,343.39721
2024-10-08,2162.80116,15138.78559,9818.47581,173.15262,391.97606,341.54676
2024-10-09,2172.41264,15206.13976,9862.14676,174.27955,394.52917,343.77096
2024-10-10,2163.86567,15148.15927,9824.44314,173.99119,393.92438,343.2405
2024-10-11,2179.91252,15260.49537,9897.29949,174.94514,396.08416,345.12239
2024-10-14,2186.16054,15304.71153,9925.88254,175.91271,398.28719,347.0387
2024-10-15,2164.56579,15154.43814,9828.26742,174.36675,394.81056,344.00398
2024-10-16,2155.67583,15092.1983,9787.90236,174.02571,394.03836,343.33115
2024-10-17,2163.75995,15149.49807,9825.00787,175.50914,397.41562,346.27184
2024-10-18,2174.34369,15224.36495,9873.41293,175.88842,398.29447,347.03236
2024-10-21,2155.86976,15095.59511,9789.78148,174.75616,395.74575,344.80741
2024-10-22,2146.23446,15028.36137,9746.12612,174.37747,394.8943,344.06369
2024-10-23,2132.90363,14935.01624,9685.59035,173.85727,393.71626,343.03729
2024-10-24,2138.17074,14972.75172,9710.01936,173.92342,393.88854,343.18587
2024-10-25,2144.29859,15015.66258,9737.8476,173.87436,393.77744,343.08907
2024-10-28,2150.08275,15056.27688,9764.17577,174.55288,395.31699,344.43006
2024-10-29,2133.69432,14942.40401,9690.24131,173.54323,393.05378,342.45513
2024-10-30,2118.89389,14841.77873,9624.5408,171.30827,388.07093,338.09812
2024-10-31,2092.59886,14659.15576,9505.9617,169.29146,383.54299,334.1479
2024-11-01,2114.05274,14809.44532,9603.41935,171.14531,387.74304,337.80704
2024-11-04,2116.35352,14825.82011,9613.99613,170.54558,386.391,336.62766
2024-11-05,2118.27614,14840.08865,9623.15019,170.65354,386.65644,336.85547
2024-11-06,2074.54744,14534.08634,9424.68705,169.67531,384.44928,334.93137
2024-11-07,2100.37303,14721.18645,9545.96736,170.61975,386.75123,336.93523
2024-11-08,2074.58972,14541.07561,9429.05753,169.51302,384.25843,334.75936
2024-11-11,2078.37681,14567.77901,9446.35767,171.43328,388.6156,338.55471
2024-11-12,2029.88177,14228.19771,9226.09463,168.04079,380.93415,331.86045
2024-11-13,2024.17773,14188.28185,9200.2053,167.88507,380.58291,331.55423
2024-11-14,2043.09174,14325.10231,9288.92473,169.6701,384.74344,335.17878
2024-11-15,2019.39643,14159.53963,9181.53149,168.35497,381.77679,332.593
2024-11-18,2026.13885,14215.83032,9216.53005,168.30202,381.89889,332.64514
2024-11-19,2020.19752,14174.17968,9189.52675,167.60244,380.31238,331.26325
2024-11-20,2007.54443,14085.40266,9131.97007,167.59756,380.30131,331.2536
2024-11-21,2013.97944,14132.69782,9162.61469,168.28674,381.92314,332.6656
2024-11-22,2018.31001,14163.08675,9182.31666,170.28486,386.45784,336.61545
2024-11-25,2034.01507,14273.9728,9254.09707,170.3255,386.56846,336.7078
2024-11-26,2021.6392,14187.12349,9197.79096,169.39414,384.45466,334.86664
2024-11-27,2034.50561,14277.41526,9256.32889,169.02898,383.62589,334.14477
2024-11-28,2040.19533,14319.17376,9283.40174,169.79079,385.40414,335.69366
2024-11-29,2053.90758,14415.49657,9345.83359,170.7944,387.68444,337.67926
2024-12-02,2050.17117,14391.4117,9329.87217,171.98995,390.45626,340.08092
2024-12-03,2067.70873,14515.42414,9410.12197,172.66954,392.02354,341.44066
2024-12-04,2077.1608,14582.1191,9453.29297,173.26118,393.37597,342.61619
2024-12-05,2093.42692,14696.46478,9527.42096,173.89133,394.81082,343.86589
2024-12-06,2095.20115,14709.33064,9535.68983,174.20346,395.53053,344.49014
2024-12-09,2103.41049,14767.82452,9573.45936,174.41545,396.03492,344.92402
2024-12-10,2074.82986,14567.16291,9442.93871,173.47864,393.90775,343.05543
2024-12-11,2078.01999,14589.56046,9457.45757,173.99382,395.07755,344.07421
2024-12-12,2072.62186,14552.13985,9433.18155,173.79865,394.64738,343.69889
2024-12-13,2064.50897,14495.2016,9396.27001,172.87078,392.54107,341.86443
2024-12-16,2066.15009,14506.80722,9403.07672,172.71181,392.18235,341.52599
2024-12-17,2056.54696,14440.22717,9359.81652,172.04006,390.67986,340.21379
2024-12-18,2052.66456,14412.96659,9342.14685,172.15802,390.94771,340.44704
2024-12-19,2004.245,14075.36176,9123.266,169.60326,385.21127,335.44964
2024-12-20,1989.4323,13971.33553,9055.83903,168.03408,381.64727,332.34604
2024-12-23,1991.34489,13984.76721,9064.54508,168.31702,382.2899,332.90566
2024-12-24,1995.22215,14012.25974,9082.36499,168.6204,382.98616,333.51197
2024-12-25,1995.22215,14012.25974,9082.36499,168.6204,382.98616,333.51197
2024-12-26,1996.49091,14021.17008,9088.14043,168.44398,382.58546,333.16304
2024-12-27,2014.1965,14145.51481,9168.73729,169.73399,385.51545,335.71453
2024-12-30,1996.93758,14024.30704,9090.17372,168.96047,383.75856,334.18459
2024-12-31,2002.91601,14066.29298,9117.38786,169.88363,385.85532,336.01049
2025-01-01,2002.91601,14066.29298,9117.38786,169.88363,385.85532,336.01049
2025-01-02,1999.52733,14045.30799,9103.40206,170.91667,388.27942,338.10719
2025-01-03,1992.57651,13996.59623,9071.81584,170.09077,386.4063,336.47559
2025-01-06,2032.17894,14275.00166,9252.23527,171.71891,390.11117,339.70072
2025-01-07,2034.953,14294.64216,9264.93015,172.30974,391.45764,340.87191
2025-01-08,2018.64325,14180.81449,9191.08183,172.1235,391.05496,340.5186
2025-01-09,2027.33514,14242.55264,9231.09648,172.88141,392.79561,342.0343
2025-01-10,2000.42924,14054.30726,9108.99256,171.41918,389.49483,339.15653
2025-01-13,1979.87732,13910.01098,9015.44871,170.53156,387.48062,337.40183
2025-01-14,1997.16965,14031.70895,9094.2908,170.39176,387.1687,337.12898
2025-01-15,2024.85759,14226.55288,9220.5352,172.56961,392.12592,341.44407
2025-01-16,2044.15961,14363.06572,9309.01211,174.2992,396.08078,344.88777
2025-01-17,2057.6582,14457.91211,9370.48409,175.44167,398.67695,347.14839
2025-01-20,2078.24251,14605.3953,9465.59518,175.50153,398.89081,347.31714
2025-01-21,2086.13105,14660.83409,9501.52445,176.16769,400.40491,348.63548
2025-01-22,2098.09081,14744.88446,9555.99657,176.85458,401.9661,349.99482
2025-01-23,2102.67925,14777.13092,9576.89514,177.61637,403.69756,351.50242
2025-01-24,2126.53314,14944.89646,9685.60007,177.57339,403.60327,351.41952
2025-01-27,2121.80506,14911.66839,9664.06538,177.49922,403.43469,351.27273
2025-01-28,2114.25098,14858.57963,9629.65921,178.13129,404.8713,352.5236
2025-01-29,2124.60168,14931.32253,9676.80298,179.08067,407.02913,354.40243
2025-01-30,2144.46703,15070.93269,9767.28257,180.55583,410.382,357.32179
2025-01-31,2139.60739,15036.77997,9745.14862,180.77052,410.86996,357.74667
2025-02-03,2104.95317,14793.45952,9587.40505,179.23927,407.39576,354.71978
2025-02-04,2124.98722,14934.25739,9678.6539,179.79473,408.65827,355.81905
2025-02-05,2143.5825,15064.94371,9763.34962,180.65453,410.61254,357.52064
2025-02-06,2157.62993,15163.81426,9827.3976,182.75027,415.37999,361.67061
2025-02-07,2143.94757,15067.65473,9765.07833,182.03025,413.74341,360.24564
2025-02-10,2150.43214,15114.07584,9795.08063,183.0941,416.18483,362.36834
2025-02-11,2160.50242,15184.85373,9840.95013,183.49791,417.10271,363.16752
2025-02-12,2170.52876,15255.32271,9886.61943,183.77191,417.72553,363.70981
2025-02-13,2206.90278,15514.7719,10054.63385,185.77706,422.38677,367.76361
2025-02-14,2216.72768,15589.46209,10102.07759,185.27231,421.39108,366.86179
2025-02-17,2222.75204,15632.25602,10129.73921,186.28992,423.71714,368.88434
2025-02-18,2226.99468,15662.09388,10149.07422,186.86839,425.03288,370.02981
2025-02-19,2199.19211,15466.9409,10022.55001,185.29669,421.46834,366.92419
2025-02-20,2205.23939,15517.67492,10055.41065,184.9104,420.81216,366.35238
2025-02-21,2211.60157,15563.20447,10084.78468,185.78975,422.83402,368.10787
2025-02-24,2213.29848,15575.1458,10092.52253,185.68366,422.59257,367.89767
2025-02-25,2222.96947,15643.20125,10136.62171,185.97982,423.2666,368.48446
2025-02-26,2246.56953,15809.27667,10244.23675,187.80221,427.41412,372.09519
2025-02-27,2216.30146,15600.46906,10108.93172,186.93553,425.556,370.47756
2025-02-28,2215.03523,15591.55611,10103.15623,187.06227,425.84451,370.72873
2025-03-03,2256.9044,15886.44983,10294.21526,189.04401,430.36074,374.65938
2025-03-04,2218.73662,15618.07135,10120.26309,185.10553,421.40248,366.8589
2025-03-05,2286.5825,16095.65022,10429.72664,186.57441,424.74646,369.77006
2025-03-06,2294.39523,16163.80418,10473.68429,186.27739,424.41579,369.47496
2025-03-07,2294.49508,16164.50764,10474.14011,185.39435,422.40385,367.72347
2025-03-10,2257.60789,15904.64071,10305.75375,182.96091,416.85948,362.89682
2025-03-11,2236.97812,15770.02053,10216.09375,179.80414,409.94562,356.79309
2025-03-12,2254.27235,15892.01135,10295.11455,181.27717,413.30592,359.71746
2025-03-13,2238.60804,15784.49136,10225.40416,181.0786,412.92929,359.38766
2025-03-14,2266.82602,15983.62172,10354.36614,183.11658,417.58098,363.43489
2025-03-17,2295.7955,16187.88849,10486.6924,184.6247,421.02012,366.42808
2025-03-18,2309.45112,16284.69264,10549.31278,185.62939,423.32465,368.43064
2025-03-19,2303.44921,16244.0428,10522.68722,185.99806,424.20905,369.1901
2025-03-20,2287.89829,16134.66291,10451.8323,185.25331,422.51797,367.71835
2025-03-21,2266.79843,15993.32438,10358.7658,184.1901,420.28913,365.7253
2025-03-24,2260.10932,15948.00271,10329.04345,183.90178,419.68053,365.18271
2025-03-25,2276.6501,16064.81227,10404.67643,185.13619,422.50001,367.63532
2025-03-26,2255.87575,15922.40508,10311.77953,183.76159,419.47325,364.9781
2025-03-27,2249.55556,15900.55265,10293.5701,182.97523,418.27685,363.79373
2025-03-28,2237.48211,15822.73937,10241.8108,181.57281,415.26846,361.12836
2025-03-31,2200.34041,15562.29367,10072.72813,178.90587,409.22708,355.85695
2025-04-01,2225.30838,15739.00986,10187.08363,180.79371,413.5486,359.61401
2025-04-02,2223.21783,15728.84069,10179.55143,179.85855,411.53029,357.82552
2025-04-03,2215.68033,15681.46094,10148.00032,175.02488,400.62242,348.31067
2025-04-04,2080.99197,14728.75059,9531.365,166.33012,380.73467,331.01616
2025-04-07,1976.05673,13986.29378,9050.85315,158.8972,363.72699,316.22775
2025-04-08,2025.78129,14342.15373,9280.63034,163.06731,373.37458,324.59769
2025-04-09,1980.05782,14018.55288,9071.21252,157.54576,360.73481,313.60848
2025-04-10,2077.21315,14716.76123,9522.928,163.17692,373.89181,325.04372
2025-04-11,2104.23797,14916.71513,9650.58547,162.99645,373.6909,324.81088
2025-04-14,2165.22781,15350.29121,9930.83997,167.29291,383.57173,333.39074
2025-04-15,2192.29937,15549.33761,10058.46074,169.97518,389.90031,338.85258
2025-04-16,2198.75202,15595.10436,10088.06606,169.65923,389.17556,338.22271
2025-04-17,2189.9033,15535.72645,10049.5607,169.45284,388.78679,337.88164
2025-04-18,2189.9033,15535.72645,10049.5607,169.45284,388.78679,337.88164
2025-04-21,2217.2707,15729.87765,10175.15085,169.36218,388.57879,337.70087
2025-04-22,2220.08836,15780.50424,10202.48208,169.88027,390.52567,339.21272
2025-04-23,2234.43666,15883.25784,10268.84059,172.90641,397.50139,345.26938
2025-04-24,2247.24591,15985.36,10333.61337,173.53831,399.23005,346.72934
2025-04-25,2254.48421,16044.16881,10370.45496,174.17384,400.87501,348.11854
2025-04-28,2267.48957,16137.97905,10430.88422,175.01694,402.84686,349.82395
2025-04-29,2275.71916,16203.07493,10472.03131,175.58271,404.31193,351.06508
2025-04-30,2284.16474,16268.09822,10513.21062,176.48238,406.50581,352.94165
2025-05-01,2266.72959,16144.91995,10433.60703,176.47036,406.50321,352.9394
2025-05-02,2323.39703,16556.05164,10697.98586,179.48992,413.64658,359.0974
2025-05-05,2321.95304,16564.66939,10700.4473,179.84502,414.93856,360.11444
2025-05-06,2317.42398,16535.66318,10681.07444,179.44675,414.10241,359.36739
2025-05-07,2310.63351,16489.34363,10650.80776,178.52745,412.03427,357.56096
2025-05-08,2300.37679,16429.36242,10610.64214,179.15339,413.81174,359.0553
2025-05-09,2308.08332,16496.11668,10651.69143,179.89714,415.82495,360.73226
2025-05-12,2303.55948,16473.77402,10635.61574,182.07323,421.11024,365.26067
2025-05-13,2315.82303,16565.74731,10694.5007,182.21444,421.54553,365.62135
2025-05-14,2320.61056,16605.32423,10719.16241,181.76069,420.63083,364.79777
2025-05-15,2328.94507,16679.10913,10766.01954,182.8456,423.50071,367.26034
2025-05-16,2332.72647,16712.42492,10786.43743,183.65962,425.54487,368.99586
2025-05-19,2356.61844,16912.66438,10911.4405,183.92491,426.89331,370.02152
2025-05-20,2376.53732,17057.08358,11004.37504,185.2326,429.96549,372.67631
2025-05-21,2390.94353,17163.1186,11072.37894,185.16413,429.87262,372.5822
2025-05-22,2362.5062,16962.1136,10942.45198,183.97572,427.19244,370.25064
2025-05-23,2354.39652,16909.19236,10907.34415,182.27753,423.38205,366.91559
2025-05-26,2385.09418,17137.15802,11053.17941,184.00536,427.58235,370.51498
2025-05-27,2383.84367,17130.15531,11048.34314,184.60615,429.0281,371.75701
2025-05-28,2360.53732,16964.21643,10941.05392,183.44018,426.35704,369.43358
2025-05-29,2365.23506,17005.70217,10967.58203,183.01986,425.57343,368.74693
2025-05-30,2370.53187,17044.88687,10992.67606,183.3974,426.4789,369.52551
2025-06-02,2384.50797,17146.05221,11057.81167,183.13971,425.89635,369.01714
2025-06-03,2378.56584,17104.81885,11030.9786,183.37285,426.47578,369.51112
2025-06-04,2399.05463,17253.83167,11126.77463,184.28918,428.64848,371.3835
2025-06-05,2408.1508,17320.78798,11169.9539,184.60043,429.41055,372.04376
2025-06-06,2402.25195,17278.51728,11142.66734,185.25582,430.93901,373.36713
2025-06-09,2403.27197,17287.48408,11148.18707,185.0177,430.42568,372.91359
2025-06-10,2405.52107,17304.66738,11159.10432,184.90721,430.19362,372.70707
2025-06-11,2411.1829,17345.39703,11185.36928,184.43044,429.0844,371.74607
2025-06-12,2424.31393,17440.05594,11246.38985,183.83383,427.70123,370.54703
2025-06-13,2395.6978,17234.57969,11113.80009,182.27765,424.09009,367.41559
2025-06-16,2413.71958,17364.64712,11197.67469,182.88047,425.5029,368.6396
2025-06-17,2379.85296,17121.89395,11041.02533,181.33128,421.92032,365.53219
2025-06-18,2367.16189,17030.58783,10982.14674,180.65423,420.34496,364.16737
2025-06-19,2340.03287,16840.69118,10859.2118,179.2067,417.10772,361.34679
2025-06-20,2351.97537,16926.63868,10914.63246,179.39392,417.54349,361.7243
2025-06-23,2349.34412,16910.03131,10903.54658,178.95234,416.57308,360.87114
2025-06-24,2392.55354,17221.04268,11104.08595,180.88667,421.0759,364.77187
2025-06-25,2374.4868,17091.00249,11020.23636,179.45896,417.75241,361.89278
2025-06-26,2394.18124,17235.15885,11113.17311,179.60284,418.14558,362.23289
2025-06-27,2423.58632,17447.26375,11249.88564,181.65355,422.93027,366.37609
2025-06-30,2416.90535,17399.16776,11218.87365,180.83643,421.02783,364.72805
2025-07-01,2419.61405,17420.49099,11232.3288,180.42429,420.11224,363.92537
2025-07-02,2422.73751,17443.92005,11247.31393,180.82607,421.0705,364.75153
2025-07-03,2430.28149,17498.58832,11282.56238,181.62065,422.92921,366.36164
2025-07-04,2424.59917,17459.02488,11256.88762,180.79602,421.04152,364.72107
2025-07-07,2427.20257,17477.87491,11269.03135,181.60689,422.9324,366.35869
2025-07-08,2427.03906,17477.23481,11268.57929,182.30128,424.56257,367.76951
2025-07-09,2450.27511,17644.55881,11376.4627,183.69313,427.80407,370.5774
2025-07-10,2456.56381,17689.94543,11405.72608,184.71642,430.18968,372.6439
2025-07-11,2433.87262,17526.54409,11300.37182,182.80675,425.7422,368.79135
2025-07-14,2430.03536,17499.1613,11282.66804,182.67475,425.44087,368.52874
2025-07-15,2407.5441,17337.1973,11178.24098,182.00435,423.87954,367.17627
2025-07-16,2389.43538,17206.79283,11094.16208,180.97028,421.47123,365.09012
2025-07-17,2410.51053,17358.55913,11192.01412,182.70826,425.5189,368.59634
2025-07-18,2420.64302,17431.80287,11239.19361,182.53112,425.11313,368.24338
2025-07-21,2429.36353,17497.98607,11281.29809,182.40568,424.90314,368.04297
2025-07-22,2424.26767,17461.28209,11257.63431,181.61938,423.0715,366.45644
2025-07-23,2452.77648,17667.399,11390.39682,183.59075,427.68249,370.44632
2025-07-24,2465.05718,17756.75595,11448.00639,184.00033,428.65832,371.29156
2025-07-25,2450.92475,17655.41927,11382.6284,183.50688,427.52001,370.30412
2025-07-28,2427.22776,17486.08534,11273.28009,183.18493,426.80336,369.67758
2025-07-29,2407.78748,17346.03485,11182.98954,183.53138,427.61057,370.37675
2025-07-30,2399.05454,17283.78549,11142.7768,183.54271,427.65338,370.41115
2025-07-31,2372.25165,17092.04073,11019.15984,182.03919,424.1838,367.40598
2025-08-01,2349.91695,16931.11949,10915.41466,178.62418,416.22623,360.51355
2025-08-04,2373.89479,17105.65545,11027.76545,180.29077,420.15331,363.90931
2025-08-05,2377.42621,17131.10189,11044.1704,180.53556,420.72376,364.4034
2025-08-06,2387.33749,17202.51992,11090.21255,180.34484,420.27931,364.01844
2025-08-07,2409.03928,17367.95808,11196.81771,182.04687,424.4672,367.64407
2025-08-08,2420.60592,17452.10474,11250.99238,182.39522,425.29787,368.36114
2025-08-11,2407.07995,17354.65744,11188.16135,182.29878,425.07476,368.16761
2025-08-12,2424.53597,17481.3249,11269.71559,182.65218,425.91859,368.89502
2025-08-13,2451.74391,17677.97276,11396.44308,183.74051,428.46792,371.10154
2025-08-14,2453.80088,17706.93241,11415.07855,184.81721,431.32285,373.57312
2025-08-15,2464.32332,17785.50981,11465.27424,184.80151,431.35038,373.58196
2025-08-18,2456.03987,17726.15936,11426.94473,184.93035,431.66164,373.84925
2025-08-19,2474.60397,17860.14343,11513.31586,186.20045,434.62629,376.41684
2025-08-20,2478.53881,17888.54267,11531.62308,186.64843,435.67197,377.32247
2025-08-21,2467.80504,17813.35168,11483.08461,186.58402,435.57734,377.2383
2025-08-22,2499.40107,18041.42119,11630.10588,187.33605,437.33293,378.75876
2025-08-25,2481.9661,17915.7438,11549.05983,186.47483,435.32666,377.02021
2025-08-26,2455.43377,17724.58476,11425.79771,185.05129,432.01218,374.14852
2025-08-27,2445.74924,17655.55403,11381.19887,185.29128,432.59396,374.64909
2025-08-28,2457.55294,17742.47352,11437.20551,184.94914,431.83679,373.99257
2025-08-29,2449.21702,17682.38599,11398.45653,183.77852,429.1058,371.6269
2025-09-01,2456.47183,17734.76281,11432.21978,184.22059,430.13798,372.52082
2025-09-02,2411.25291,17408.3,11221.77465,181.58141,423.97575,367.18403
2025-09-03,2427.92001,17529.04089,11299.56715,182.8287,426.89807,369.7136
2025-09-04,2436.7418,17593.73357,11341.25863,183.94247,429.52313,371.98667
2025-09-05,2453.97045,17718.12765,11421.44544,183.64099,428.81913,371.37698
2025-09-08,2467.64975,17816.89474,11485.1126,184.53102,430.89745,373.1769
2025-09-09,2466.82932,17810.97109,11481.2941,184.68195,431.24988,373.48211
2025-09-10,2465.08793,17798.39794,11473.18921,184.61453,431.09244,373.34576
2025-09-11,2477.98431,17892.05717,11533.56375,185.57245,433.34247,375.29439
2025-09-12,2475.67629,17875.39227,11522.82124,185.41541,432.97576,374.97681
2025-09-15,2492.09409,17993.9355,11599.23648,186.15293,434.69799,376.46834
2025-09-16,2483.50457,17932.09963,11559.33439,184.04,429.76835,372.19771
2025-09-17,2482.65938,17928.87195,11556.60512,184.00842,429.76352,372.17263
2025-09-18,2487.87578,17966.71185,11580.99599,185.55377,433.37688,375.30178
2025-09-19,2480.66328,17914.62528,11547.42199,185.29908,432.78202,374.78663
2025-09-22,2480.52936,17914.96131,11547.40666,185.06872,432.27543,374.34042
2025-09-23,2491.44008,17993.76109,11598.19846,185.50456,433.29344,375.22199
2025-09-24,2475.98496,17882.25575,11526.29974,185.17798,432.53343,374.56299
2025-09-25,2447.02206,17673.43734,11391.70242,184.06198,429.93547,372.31322
2025-09-26,2469.17661,17838.38482,11497.20727,185.4822,433.3728,375.26328
2025-09-29,2481.24423,17925.56644,11553.39762,185.78489,434.08003,375.87567
2025-09-30,2496.52698,18035.97555,11624.55857,186.61102,436.01025,377.54708
2025-10-01,2525.4267,18247.63411,11760.51369,188.85159,441.31478,382.12529
2025-10-02,2532.74838,18303.4652,11796.4328,189.90844,443.85546,384.32313
2025-10-03,2550.21772,18429.71126,11877.79734,190.77856,445.88911,386.08402
2025-10-06,2544.72565,18390.50369,11852.47715,190.75765,445.85194,386.05016
2025-10-07,2528.99689,18277.55233,11779.56539,190.43189,445.10806,385.40227
2025-10-08,2539.4645,18353.20379,11828.32145,191.92765,448.60418,388.42943
2025-10-09,2518.92926,18206.48005,11733.66967,191.02493,446.53562,386.63535
2025-10-10,2487.96614,17982.68277,11589.43732,188.70126,441.10386,381.93222
2025-10-13,2494.69292,18031.84858,11621.01773,189.52242,443.03678,383.60236
2025-10-14,2493.15083,18021.54704,11614.24256,188.85802,441.50434,382.27102
2025-10-15,2513.53144,18169.01225,11709.24578,189.91865,443.9874,384.41987
2025-10-16,2542.40372,18380.61603,11845.4912,191.22829,447.11961,387.12775
2025-10-17,2517.70666,18202.06563,11730.4234,189.52487,443.13678,383.67932
2025-10-20,2540.85396,18370.36193,11838.69921,191.48889,447.7521,387.66937
2025-10-21,2535.35766,18330.62372,11813.09009,191.88971,448.68933,388.48083
2025-10-22,2530.44218,18295.0848,11790.18719,191.40223,447.54945,387.49391
2025-10-23,2539.46078,18361.25509,11832.78401,192.04305,449.07148,388.81018
2025-10-24,2546.87525,18415.30448,11867.56935,192.40495,449.92851,389.55068
2025-10-27,2554.90368,18474.01058,11905.28778,192.85388,450.99432,390.46972
2025-10-28,2554.26869,18470.45032,11902.89374,192.42558,450.01785,389.62103
2025-10-29,2554.42112,18471.72958,11903.68391,192.34632,449.8368,389.46316
2025-10-30,2530.12308,18301.4905,11793.3099,192.16419,449.54514,389.18863
2025-10-31,2512.36652,18173.04953,11710.54374,191.17928,447.24106,387.1939
2025-11-03,2509.83803,18154.75984,11698.75804,191.27689,447.46941,387.39158
2025-11-04,2496.08773,18055.29786,11634.66566,190.76694,446.27645,386.35879
2025-11-05,2499.57095,18084.88978,11653.16994,191.2495,447.51412,387.41152
2025-11-06,2495.88232,18062.7037,11638.81983,189.96606,444.62174,384.90581
2025-11-07,2489.53477,18017.13581,11609.38648,188.94261,442.23539,382.83761
2025-11-10,2519.28006,18232.84267,11748.29349,191.63066,448.53771,388.29066
2025-11-11,2563.04566,18549.58842,11952.38795,194.14423,454.42107,393.38377
2025-11-12,2581.82176,18685.72523,12040.08343,195.56647,457.7561,396.27005
2025-11-13,2574.46431,18639.50804,12010.23933,194.26361,454.87813,393.77655
2025-11-14,2542.44559,18408.24783,11861.21274,192.28532,450.25958,389.77787
2025-11-17,2525.68525,18286.89677,11783.02112,191.26479,447.86986,387.70916
2025-11-18,2479.327,17951.48714,11566.85586,188.01355,440.26261,381.12222
2025-11-19,2470.04887,17884.47213,11523.64392,187.87772,439.94855,380.84931
2025-11-20,2474.40223,17918.30258,11545.42195,188.55176,441.58385,382.26427
2025-11-21,2461.78471,17826.93321,11486.5493,187.98989,440.26796,381.12515
2025-11-24,2470.07291,17898.35565,11530.67476,188.16472,440.95837,381.6601
2025-11-25,2499.08437,18108.57509,11666.10463,189.83141,444.86421,385.0407
2025-11-26,2532.52308,18350.98069,11822.25687,191.91498,449.74959,389.26868
2025-11-27,2536.08642,18378.69215,11840.07499,192.11042,450.25393,389.70407
2025-11-28,2545.04984,18444.13877,11882.16637,192.60667,451.429,390.71878
2025-12-01,2545.43042,18446.89686,11883.9432,192.22967,450.54538,389.95399
2025-12-02,2542.72388,18430.58391,11872.90226,192.41407,451.05838,390.38051
2025-12-03,2556.96353,18534.16533,11939.558,192.57904,451.45404,390.72063
2025-12-04,2571.26199,18638.54878,12006.79469,193.45686,453.52992,392.51703
2025-12-05,2564.76054,18591.91926,11976.6697,193.39015,453.38568,392.38936
2025-12-08,2558.77352,18548.51938,11948.71207,193.32044,453.22225,392.24792
2025-12-09,2557.249,18537.46812,11941.593,193.13881,452.79641,391.87937
2025-12-10,2562.38602,18574.70633,11965.58136,193.31068,453.19937,392.22811
2025-12-11,2600.45172,18850.90175,12143.50282,194.26348,455.43934,394.16674
2025-12-12,2581.89204,18716.36103,12056.83346,193.18098,452.90148,391.97031
2025-12-15,2605.07379,18884.4933,12165.13376,194.51777,456.03758,394.68422
2025-12-16,2594.07569,18805.68231,12114.25274,193.57313,453.84501,392.783
2025-12-17,2590.13958,18777.14757,12095.87122,193.53428,453.75392,392.70416
2025-12-18,2608.56661,18911.0325,12182.11727,195.36821,458.06093,396.43169
2025-12-19,2615.77225,18963.66405,12215.9581,196.19229,460.0026,398.11006
2025-12-22,2623.16906,19017.28895,12250.50203,195.85228,459.20539,397.42011
2025-12-23,2635.10077,19104.37344,12306.52855,196.55098,460.85767,398.84776
2025-12-24,2635.82838,19109.64853,12309.92663,196.54683,460.84793,398.83934
2025-12-25,2635.82838,19109.64853,12309.92663,196.54683,460.84793,398.83934
2025-12-26,2635.60407,19108.02234,12308.87908,196.54679,460.84784,398.83926
2025-12-29,2634.8659,19105.443,12307.21753,196.66708,461.19681,399.14127
2025-12-30,2648.26178,19202.57674,12369.7885,197.80984,463.87666,401.46054
2025-12-31,2642.80455,19165.79657,12345.64634,197.63753,463.54006,401.15463
2026-01-01,2642.80455,19165.79657,12345.64634,197.63753,463.54006,401.15463
2026-01-02,2662.02878,19305.2745,12435.49103,198.95659,466.63532,403.83332
2026-01-05,2677.01721,19414.10561,12505.57822,200.88023,471.15028,407.7401
2026-01-06,2690.95422,19515.17879,12570.68441,202.07279,473.94736,410.16073
2026-01-07,2686.32991,19482.4978,12549.55036,201.83771,473.41676,409.69885
2026-01-08,2676.41464,19411.60808,12503.85519,201.48917,472.6241,409.01182
2026-01-09,2696.05865,19554.08296,12595.62941,203.41264,477.1359,412.91637
2026-01-12,2712.03871,19671.19354,12670.8883,203.90017,478.30888,413.92568
2026-01-13,2703.68399,19611.04796,12632.12189,203.81288,478.11518,413.75725
2026-01-14,2710.56252,19661.333,12664.46417,204.17369,478.97113,414.49642
2026-01-15,2708.82472,19650.02861,12657.13983,205.06283,481.08881,416.32762
2026-01-16,2706.88945,19635.98997,12648.09715,205.04003,481.03534,416.28135
2026-01-19,2684.75436,19478.98665,12546.37674,202.57716,475.34432,411.33707
2026-01-20,2685.98244,19487.89686,12552.11579,201.14911,471.99342,408.43739
2026-01-21,2678.66965,19434.83959,12517.94171,201.04717,471.75423,408.2304
2026-01-22,2711.24838,19671.21152,12670.1884,202.94606,476.20995,412.08614
2026-01-23,2715.29505,19700.7246,12689.17114,202.83408,475.95089,411.8611
2026-01-26,2752.76406,19972.57969,12864.27209,203.23894,476.9009,412.68318
2026-01-27,2782.1883,20186.06619,13001.77804,204.44893,479.74012,415.14009
2026-01-28,2757.95533,20010.24471,12888.53201,202.80391,475.88009,411.79984
2026-01-29,2748.92858,19944.75146,12846.34803,202.38583,474.89907,410.95092
2026-01-30,2759.31482,20020.10844,12894.88521,203.71403,478.01569,413.64786
2026-02-02,2763.87495,20056.50336,12918.26755,205.85898,483.12853,418.0703
2026-02-03,2770.77729,20106.59127,12950.52886,206.00621,483.47406,418.3693
2026-02-04,2765.77652,20070.30239,12927.15542,205.93076,483.29698,418.21607
2026-02-05,2735.58532,19851.39902,12786.12559,203.74327,478.16762,413.77628
2026-02-06,2766.59333,20076.97888,12931.32409,205.58201,482.49652,417.51915
2026-02-09,2807.13949,20372.26126,13121.41104,206.96646,485.77063,420.34912
2026-02-10,2807.26315,20373.15868,13121.98906,206.94084,485.71048,420.29707
2026-02-11,2799.03368,20313.4349,13083.52203,207.29109,486.53257,421.00844
2026-02-12,2790.60432,20252.35955,13044.17491,206.22341,484.02899,418.84172
2026-02-13,2779.96591,20181.93715,12997.66467,206.05272,483.79097,418.59864
2026-02-16,2785.31448,20221.72519,13023.13481,206.36208,484.54029,419.24202
2026-02-17,2788.83878,20247.31203,13039.61316,207.37541,486.9196,421.30068
2026-02-18,2824.29443,20504.72445,13205.39114,209.82533,492.67204,426.27791
2026-02-19,2795.99334,20312.2716,13081.44824,208.77351,490.51669,424.41302
2026-02-20,2824.95715,20523.55001,13217.36949,210.49776,494.58864,427.9315
2026-02-23,2814.65693,20448.71808,13169.17698,209.588,492.45106,426.08201
2026-02-24,2816.23603,20460.19038,13176.56526,210.08854,493.62712,427.09958
2026-02-25,2842.2631,20649.37872,13298.39481,211.52707,497.00952,430.02581
2026-02-26,2840.04789,20634.96702,13289.11354,211.41596,496.78894,429.83495
2026-02-27,2845.87676,20678.22084,13316.81604,211.69735,497.47188,430.4209
2026-03-02,2769.68883,20124.63715,12960.30702,208.27015,489.41824,423.45275
2026-03-03,2661.68201,19339.85661,12454.90677,201.99022,474.66091,410.68447
2026-03-04,2713.40922,19715.70792,12696.95577,204.74809,481.14168,416.29174
2026-03-05,2664.69576,19365.80792,12471.61918,202.07052,474.94902,410.93373
2026-03-06,2637.0365,19166.12826,12342.79493,200.0335,470.19393,406.81197
2026-03-09,2624.97332,19078.4524,12286.33255,198.8694,467.45762,404.44451
2026-03-10,2685.46827,19531.16253,12574.94998,202.50924,476.33111,412.02608
2026-03-11,2651.39328,19283.33824,12415.39071,201.3312,473.56019,409.62923
2026-03-12,2625.28159,19118.51336,12306.27962,200.10967,471.30531,407.57973
2026-03-13,2595.30609,18900.86176,12166.03573,199.18179,469.13592,405.69882
2026-03-16,2617.29439,19060.99623,12269.11048,200.15225,471.42166,407.67548
2026-03-17,2642.27239,19243.63312,12386.54938,201.37856,474.32799,410.18483
2026-03-18,2617.70804,19064.7313,12271.39564,199.7057,470.38772,406.77741
2026-03-19,2554.96088,18613.45362,11980.92174,194.90177,459.21337,397.11416
2026-03-20,2516.11727,18330.78243,11798.92037,191.41494,451.00567,390.01458
2026-03-23,2540.6474,18514.29448,11916.02095,192.60542,453.92836,392.50843
2026-03-24,2550.78004,18588.46204,11963.69897,193.49884,456.042,394.3342
2026-03-25,2583.6664,18839.79879,12123.03466,196.12907,462.52779,399.86234
2026-03-26,2547.15832,18585.12641,11957.64329,193.84357,457.42196,395.39818
2026-03-27,2519.12423,18392.78975,11831.73942,192.05126,453.49365,391.93115
2026-03-30,2531.11498,18480.60878,11888.1794,193.89105,457.84472,395.68981
2026-03-31,2554.11619,18651.8925,11997.84624,194.6936,459.82223,397.38176
2026-04-01,2639.51036,19277.40462,12399.82207,199.44601,471.09292,407.10932
2026-04-02,2619.20099,19136.59339,12308.96871,199.15359,470.58706,406.66294
2026-04-03,2619.20099,19136.59339,12308.96871,199.15359,470.58706,406.66294
2026-04-06,2618.49584,19131.44136,12305.65484,199.24659,470.80681,406.85285
2026-04-07,2597.24839,18978.31155,12206.90141,197.10899,465.80758,402.5242
2026-04-08,2725.24433,19919.28108,12811.43989,204.66525,483.80279,418.05193
2026-04-09,2719.13141,19884.63568,12788.46691,204.38968,483.39532,417.67729
2026-04-10,2738.66605,20037.33255,12884.60128,205.08576,485.27997,419.23837
2026-04-13,2731.34176,19985.31637,12850.79961,204.85167,484.76418,418.78125
2026-04-14,2780.75532,20351.36881,13085.21776,206.8181,489.52563,422.86364
2026-04-15,2765.69978,20241.18262,13014.3719,205.89886,487.34984,420.98414
2026-04-16,2757.25736,20185.06025,12977.89612,205.73247,487.0927,420.74934
2026-04-17,2809.71144,20574.81375,13227.51785,208.88327,494.69085,427.28131
2026-04-20,2777.8178,20363.13927,13086.94685,207.25778,491.36912,424.26679
2026-04-21,2747.69291,20154.69204,12951.42179,205.35028,487.1462,420.56989
2026-04-22,2730.20914,20029.4939,12870.46676,204.62693,485.50408,419.13583
2026-04-23,2731.39283,20046.69106,12880.78286,204.84675,486.23212,419.74042
2026-04-24,2715.02403,19933.44236,12807.15292,203.70611,483.69179,417.51933
2026-04-27,2712.48093,19917.93195,12796.73289,202.99507,482.07996,416.11322
2026-04-28,2692.25376,19774.60945,12703.81107,202.06672,480.00168,414.2919
2026-04-29,2676.10965,19664.10803,12631.47049,200.88936,477.401,412.00317
2026-04-30,2720.74366,20005.90422,12848.99233,203.7089,484.43621,418.00845
2026-05-01,2729.88428,20074.03986,12892.59294,203.75061,484.55771,418.10809
2026-05-04,2688.62098,19778.71966,12701.56405,201.69065,479.85541,414.00635
2026-05-05,2706.67706,19922.71509,12792.21073,203.08852,483.45214,417.05002
2026-05-06,2779.92731,20469.79702,13142.13313,207.67982,494.57302,426.59948
2026-05-07,2753.51729,20283.43282,13021.64254,205.34873,489.2172,421.95254
2026-05-08,2733.77707,20154.04202,12935.85297,203.9112,486.17898,419.24382
2026-05-11,2737.97303,20200.24135,12962.89743,204.13749,487.08662,419.94199
2026-05-12,2701.879,19936.20218,12793.2003,202.21026,482.54272,416.01608
2026-05-13,2718.13821,20058.93521,12871.52153,203.89622,486.63299,419.52818
2026-05-14,2732.33679,20178.32356,12947.18121,205.46142,490.72386,423.02389
2026-05-15,2680.42959,19796.64652,12702.19237,202.42474,483.51154,416.80362
2026-05-18,2696.49064,19942.41873,12791.52859,203.42776,486.56982,419.30241
2026-05-19,2691.72857,19907.86839,12769.24594,203.86526,487.63263,420.2143
2026-05-20,2735.91311,20236.62766,12979.83178,206.79264,494.68295,426.28048
2026-05-21,2734.59555,20233.01228,12977.21309,207.1655,495.7251,427.16866
2026-05-22,2755.85142,20395.12874,13080.57885,208.69478,499.5032,430.40407
2026-05-25,2794.93809,20687.41026,13267.69737,210.8548,504.74667,434.91108
2026-05-26,2774.11363,20540.42849,13172.29113,209.59883,501.91497,432.43372
2026-05-27,2775.56516,20552.7013,13179.32944,209.67243,502.12847,432.59035
2026-05-28,2767.32731,20496.81634,13143.46795,208.67321,499.86027,430.63543
2026-05-29,2775.94109,20564.86777,13186.39224,208.92812,500.57437,431.22731
2026-06-01,2744.93959,20337.20853,13040.09311,207.52848,497.27003,428.37016
2026-06-02,2769.32587,20519.66469,13156.79775,208.89566,500.58939,431.22027
2026-06-03,2742.86552,20324.4346,13031.46849,207.46989,497.19308,428.28961
2026-06-04,2762.58795,20472.35792,13126.23854,208.62033,499.99356,430.69955
2026-06-05,2737.58426,20287.0663,13007.43532,208.01092,498.53301,429.44141
2026-06-08,2729.80142,20232.23657,12971.80641,207.72505,497.91792,428.8959
2026-06-09,2720.85086,20166.48456,12929.55351,206.68581,495.44125,426.75938
2026-06-10,2716.71033,20135.79565,12909.8776,206.54099,495.0941,426.46035
2026-06-11,2724.41128,20194.29689,12947.15703,207.74687,498.01978,428.9729
2026-06-12,2788.50787,20669.84034,13251.99989,211.59653,507.25906,436.92983
2026-06-15,2802.04092,20770.15419,13316.31384,212.01895,508.27174,437.8021
2026-06-16,2808.89577,20821.91218,13349.38203,212.53763,509.53832,438.88929
2026-06-17,2820.12568,20905.15778,13402.7526,213.71877,512.36999,441.32834
2026-06-18,2787.4857,20665.30398,13248.94709,213.14872,511.05533,440.19496
2026-06-19,2776.74323,20587.92058,13198.93004,212.63274,509.87408,439.16402
2026-06-22,2787.16328,20667.79555,13249.7154,213.87821,512.92553,441.77821
2026-06-23,2751.7913,20405.66453,13081.35118,212.33263,509.22301,438.57862
2026-06-24,2744.4315,20351.2733,13046.45164,212.53964,509.7241,439.00915
2026-06-25,2775.3733,20581.97419,13194.3337,214.2652,513.8937,442.59989
2026-06-26,2761.63784,20480.50155,13129.21768,212.85864,510.52991,439.70057
2026-06-29,2771.32358,20552.74196,13175.47811,213.09093,511.09724,440.18752
2026-06-30,2799.28506,20762.93361,13309.77046,215.04325,515.85001,444.26579
2026-07-01,2776.43937,20595.67035,13202.2268,214.02768,513.46838,442.20387
2026-07-02,2827.86073,20977.52494,13447.00305,217.04861,520.72602,448.45422
2026-07-03,2846.10177,21113.18497,13533.90848,218.45823,524.11642,451.37222
2026-07-06,2830.05588,20995.17812,13458.13912,217.70223,522.3282,449.82802
2026-07-07,2815.93255,20890.9908,13391.27707,216.31267,519.00886,446.96685
2026-07-08,2765.37956,20516.61865,13151.22246,212.92282,510.89221,439.97418
2026-07-09,2793.34497,20726.63804,13285.8456,214.59631,514.97078,443.4866
2026-07-10,2791.48776,20713.31196,13277.21616,214.63199,515.06768,443.56713
2026-07-13,2785.76132,20671.27175,13250.24281,214.52974,514.83355,443.36464
2026-07-14,2798.56311,20766.26532,13311.13349,214.77176,515.41435,443.86482
2026-07-15,2798.55179,20766.48411,13311.25031,214.92113,515.78033,444.17921
2026-07-16,2803.49625,20803.17413,13334.76849,215.17855,516.3981,444.71123
2026-07-17,2793.56637,20729.63412,13287.59726,214.47262,514.70756,443.25429
2026-07-20,2777.38152,20613.18063,13212.34545,213.84692,513.29673,442.01905
2026-07-21,2793.33157,20731.55879,13288.22181,215.10329,516.31241,444.61596
2026-07-22,2810.06472,20856.706,13368.27767,216.3065,519.2243,447.11818
2026-07-23,2767.95884,20545.31717,13168.69043,213.79614,513.22656,441.95336
2026-07-24,2791.66959,20721.82578,13281.77564,215.47596,517.27186,445.43522
2026-07-27,2790.37833,20714.21857,13276.65573,215.51834,517.423,445.55718
2026-07-28,2803.98924,20815.46635,13341.51658,216.29379,519.28993,447.16369
2026-07-29,2793.73997,20739.38077,13292.7501,215.58839,517.59636,445.70535
2026-07-30,2845.74991,21125.47749,13540.21589,217.27293,521.6407,449.18796
2026-07-31,2842.32977,21100.08799,13523.94268,216.97408,520.9232,448.57011
2026-08-03,2857.06265,21211.44364,13595.12432,217.93774,523.28578,450.59822
2026-08-04,2880.39189,21384.64492,13706.13482,219.53616,527.12373,453.90305
2026-08-05,2889.07127,21450.86343,13748.17697,219.63542,527.40584,454.13278
2026-08-06,2887.42342,21451.05502,13748.26846,219.85268,528.23356,454.84447
2026-08-07,2901.7788,21559.00251,13817.32853,220.59194,530.04169,456.39726
2026-08-10,2902.92876,21568.24202,13823.18331,220.72712,530.38361,456.68947
2026-08-11,2900.8683,21553.16843,13813.4698,220.73288,530.40324,456.70463
2026-08-12,2897.34822,21527.10982,13796.75962,220.47458,529.78492,456.17191
2026-08-13,2897.25323,21543.26602,13806.93606,220.41961,530.06771,456.40952
2026-08-14,2900.96282,21573.61645,13825.90867,220.00624,529.1415,455.59624
2026-08-17,2896.27527,21538.75657,13803.56798,219.537,528.01292,454.62453
2026-08-18,2875.99933,21387.97026,13706.93338,218.0942,524.54282,451.63673
2026-08-19,2891.70895,21505.76833,13782.31774,217.76255,523.76879,450.96672
2026-08-20,2893.84425,21523.70861,13793.81506,217.54098,523.28595,450.55099
2026-08-21,2907.81015,21627.78533,13860.48197,218.78748,526.28925,453.13578
2026-08-24,2906.06048,21614.7716,13852.14193,218.78703,526.28817,453.13486
2026-08-25,2917.43106,21699.53523,13906.43086,219.5772,528.19358,454.77433
2026-08-26,2909.9002,21643.89702,13870.73828,219.46176,527.92503,454.54193
2026-08-27,2888.91407,21490.30836,13772.28128,217.86965,524.15628,451.29613
2026-08-28,2897.68687,21555.72637,13814.17973,219.00138,526.88289,453.64289
2026-08-31,2877.1748783333,21403.1388408751,13716.3926494021,217.544724511342,523.378405902235,450.625550996889
2026-09-01,2856.63996227965,21250.77706526,13618.7121503756,216.364597151009,520.548912257336,448.188120891536
2026-09-02,2851.24553015296,21211.0904702511,13593.2361254147,216.002586128305,519.688808863697,447.446177453842
2026-09-03,2871.17146722097,21360.7685437417,13689.1465521432,217.025411790647,522.184971483236,449.594966366479
2026-09-04,2873.18738637407,21375.7664576329,13698.7580340902,217.243228121152,522.709059484706,450.046199818727
2026-09-07,2877.39528951502,21407.072161968,13718.8204383845,217.271470170592,522.777012696541,450.104706715052
2026-09-08,2875.44716302918,21392.7635440248,13709.6210656147,217.143036110995,522.472504099784,449.841556284012
2026-09-09,2837.92093618398,21113.6197765054,13530.7308877449,214.005589312741,514.92449952843,443.342829371928
2026-09-10,2813.77873799683,20934.9436600276,13416.2257259715,212.531750991034,511.401159153147,440.309282332995
2026-09-11,2824.33372711616,21013.4743915175,13466.5523968814,213.576956601364,513.916168596132,442.474670469259
2026-09-14,2793.92003221454,20787.1918552751,13321.5385084576,212.68710372243,511.77497420216,440.631131888888
2026-09-15,2786.42759392742,20731.6739264791,13285.9087598302,212.006489453089,510.142841604315,439.22420550779
2026-09-16,2796.99118463917,20814.4799757494,13338.0306817092,212.911668194997,512.424593343428,441.157518402563
2026-09-17,2808.49788446164,20900.1098391388,13392.9027585753,214.755447449172,516.862104178534,444.977868349327
2026-09-18,2771.37478550038,20623.8494046367,13215.8735867765,212.360508690544,511.09809166632,440.01550415182
2026-09-21,2802.10539865079,20853.8208283763,13363.012237331,214.509422174249,516.301728476923,444.487835691356
2026-09-22,2798.26631227734,20825.2495906865,13344.7039473526,214.786520600156,516.968675386779,445.062015036751
2026-09-23,2776.94997852165,20666.6092322357,13243.0480892362,213.916835305291,514.875433903871,443.259928533841
2026-09-24,2757.30088933228,20526.3137219196,13152.2516841809,212.916754085824,512.616608669105,441.285233070901
2026-09-25,2773.10238955622,20643.9456249624,13227.6244187043,213.620443918552,514.310806465595,442.74368068428
2026-09-28,2762.69771618342,20567.0834711298,13178.2607744548,213.521220567049,514.086761530097,442.546978311061
2026-09-29,2754.72870391743,20507.7576391732,13140.2480301937,213.355911044208,513.688752203334,442.204355551482
2026-09-30,2744.00333605351,20430.8719833326,13090.5097536875,212.179075321525,510.929354434902,439.813022013707
