"date","letf_acwi_base_eur_sim","letf_acwi_select_eur_sim"
1988-01-01,100,100
1988-01-02,99.9512065899172,99.9525581893816
1988-01-03,99.8728163997569,99.8755272688545
1988-01-04,99.7484525717797,99.7525108088555
1988-01-05,103.041779998857,103.047310041997
1988-01-06,111.649474758787,111.519609111079
1988-01-07,111.441386337841,111.321235675269
1988-01-08,106.987135339284,106.873306230453
1988-01-09,106.307892664061,106.196243918946
1988-01-10,105.014981073026,104.906127196194
1988-01-11,104.327846470548,104.221138368205
1988-01-12,104.176039635119,104.070906550831
1988-01-13,102.332959675091,102.231090545638
1988-01-14,104.813757169257,104.710806924283
1988-01-15,102.700925893289,102.626461877885
1988-01-16,104.848096221685,104.773458688276
1988-01-17,109.173094906957,109.052707157893
1988-01-18,111.487241503023,111.321066821446
1988-01-19,110.95926060428,110.800682742096
1988-01-20,106.417053955636,106.266470755554
1988-01-21,106.034510693408,105.885921371856
1988-01-22,108.936574002065,108.785356545069
1988-01-23,110.708260349,110.532610229676
1988-01-24,112.388867324859,112.199052194593
1988-01-25,113.558480267456,113.359688626544
1988-01-26,113.875339234314,113.675962823192
1988-01-27,113.165531813108,112.969919084207
1988-01-28,114.714410258837,114.517652130666
1988-01-29,116.933393755373,116.719515416351
1988-01-30,117.45062841709,117.232625245177
1988-01-31,117.220793269927,117.005306536873
1988-02-01,117.095869009398,116.882194012117
1988-02-02,117.000217794099,116.788293480309
1988-02-03,115.443124478168,115.235598644168
1988-02-04,116.393762119445,116.18609167106
1988-02-05,115.211816796171,115.012640695341
1988-02-06,115.225745168739,115.028092063365
1988-02-07,115.670693186758,115.473813015831
1988-02-08,115.89852502146,115.702401748705
1988-02-09,115.921994990265,115.727366420301
1988-02-10,117.320452595262,117.124932023289
1988-02-11,117.892779121796,117.694540333842
1988-02-12,118.208626808174,118.010704084127
1988-02-13,118.952754913793,118.754219466268
1988-02-14,120.167044006879,119.964358354221
1988-02-15,121.675826923753,121.464719422199
1988-02-16,124.100631127434,123.872191614365
1988-02-17,124.719818367513,124.486022562661
1988-02-18,124.710463760166,124.478403325102
1988-02-19,126.657842378835,126.423827910974
1988-02-20,127.815626451463,127.572378911267
1988-02-21,128.665536867037,128.418660362721
1988-02-22,129.276826468964,129.02854152536
1988-02-23,128.618333218184,128.374589352786
1988-02-24,129.102076192093,128.859146374714
1988-02-25,130.905350441641,130.657454720484
1988-02-26,129.471542874065,129.23795876632
1988-02-27,129.924190871516,129.691530512198
1988-02-28,130.643094783398,130.409680677406
1988-02-29,131.513655117719,131.278118225425
1988-03-01,132.8489248003,132.608433109296
1988-03-02,134.991509052749,134.738343134274
1988-03-03,134.662492614735,134.414387249174
1988-03-04,134.76672187927,134.520243423106
1988-03-05,134.799331784167,134.554593640151
1988-03-06,134.52870941096,134.286305758932
1988-03-07,133.900569158678,133.661100482894
1988-03-08,132.061089682311,131.826713694995
1988-03-09,132.441156343139,132.207882473599
1988-03-10,131.531072610367,131.302478404077
1988-03-11,129.912425371661,129.68841765086
1988-03-12,129.684214721811,129.462357800111
1988-03-13,129.556631719019,129.336736669273
1988-03-14,129.517211666823,129.299125729305
1988-03-15,131.19110048487,130.971945664292
1988-03-16,133.852799605626,133.614120497099
1988-03-17,135.856024476019,135.596069510386
1988-03-18,139.577622383712,139.285667125604
1988-03-19,139.682960504787,139.391385214004
1988-03-20,139.717475343039,139.427697048013
1988-03-21,139.697519126245,139.409670614354
1988-03-22,139.028361501535,138.743770608439
1988-03-23,140.232869165863,139.947686753962
1988-03-24,136.493387017299,136.233664406551
1988-03-25,132.768779235338,132.517984774831
1988-03-26,131.891162193568,131.643826068219
1988-03-27,130.799988647443,130.556472654923
1988-03-28,129.991095788751,129.750856538122
1988-03-29,132.562391168385,132.319156802527
1988-03-30,133.831579030706,133.57562988461
1988-03-31,133.049967171357,132.800982174704
1988-04-01,133.155616792352,132.908253571834
1988-04-02,133.078958645162,132.833582013182
1988-04-03,132.812055723733,132.568975821404
1988-04-04,132.488013592031,132.247317835304
1988-04-05,131.978946738248,131.740964933883
1988-04-06,136.185371655999,135.941585730507
1988-04-07,138.962400359886,138.67284312601
1988-04-08,139.884914373928,139.586488880082
1988-04-09,140.515059352439,140.21517436082
1988-04-10,141.652087936149,141.349193009646
1988-04-11,142.305095580227,142.00015273291
1988-04-12,142.928855535639,142.623109927715
1988-04-13,144.789420861315,144.477655079006
1988-04-14,143.915301352695,143.612975984506
1988-04-15,136.831516650042,136.546013014587
1988-04-16,135.928986627461,135.64722046688
1988-04-17,135.227304200982,134.948829498758
1988-04-18,134.71419755313,134.438600463432
1988-04-19,134.955415461043,134.681146627996
1988-04-20,134.585649150797,134.314285427717
1988-04-21,134.323865435282,134.05483987703
1988-04-22,135.312014923792,135.042826747523
1988-04-23,136.055789574601,135.78428380837
1988-04-24,137.090497377591,136.816004121984
1988-04-25,138.098699642629,137.820312629068
1988-04-26,138.804616732371,138.52415709546
1988-04-27,138.987732028387,138.708333209352
1988-04-28,138.80710586796,138.530070975473
1988-04-29,137.777553877941,137.504442262204
1988-04-30,138.33124320294,138.058888303299
1988-05-01,139.640583682432,139.364940914048
1988-05-02,140.38049456488,140.101877334953
1988-05-03,140.67623547184,140.398179142737
1988-05-04,139.991054544926,139.716948025778
1988-05-05,139.232264686418,138.961535261483
1988-05-06,137.837466082639,137.571323130068
1988-05-07,136.946062802824,136.683500801335
1988-05-08,136.160389153871,135.90117993796
1988-05-09,135.802153760688,135.54545311316
1988-05-10,136.281008897188,136.025236189096
1988-05-11,132.944215934348,132.702317342501
1988-05-12,132.838138675741,132.598223409616
1988-05-13,134.85579723633,134.614035730862
1988-05-14,135.85556775132,135.606440028791
1988-05-15,136.841105779674,136.588487852508
1988-05-16,137.360637255467,137.107091585226
1988-05-17,135.172450514704,134.92885215216
1988-05-18,136.87064776145,136.625813646812
1988-05-19,134.610603290008,134.385649437372
1988-05-20,134.90819489747,134.684567646336
1988-05-21,134.472980755919,134.252369562764
1988-05-22,133.675080002589,133.457590457652
1988-05-23,133.110733980499,132.895967195539
1988-05-24,134.473448562807,134.258280164979
1988-05-25,135.824346698597,135.602070770862
1988-05-26,136.156689906175,135.934109253401
1988-05-27,134.658170437711,134.441674216353
1988-05-28,134.527414993544,134.312957013765
1988-05-29,134.66920419098,134.45634021224
1988-05-30,134.899804086736,134.68829467044
1988-05-31,139.216417754965,138.996321780767
1988-06-01,143.15078181383,142.865818187069
1988-06-02,143.394193595075,143.10753648842
1988-06-03,144.352517717659,144.065121157656
1988-06-04,144.844178224315,144.556149255505
1988-06-05,145.222068603376,144.934623340922
1988-06-06,145.272140071426,144.986503682224
1988-06-07,143.965968238032,143.685033506972
1988-06-08,147.121754917226,146.836589770097
1988-06-09,149.844059599761,149.526614169427
1988-06-10,149.389829351427,149.079450703667
1988-06-11,149.650281016001,149.341351998136
1988-06-12,150.076196808013,149.768041616311
1988-06-13,150.491893452087,150.184332047718
1988-06-14,150.661699937708,150.355590845407
1988-06-15,155.583297907768,155.266592175252
1988-06-16,153.374658857916,153.09942816521
1988-06-17,154.46199986827,154.186851466605
1988-06-18,153.969877327262,153.699398262509
1988-06-19,153.07879161639,152.811916985506
1988-06-20,152.606592929435,152.342560146442
1988-06-21,152.882773221342,152.62027707328
1988-06-22,154.403231102605,154.138836054543
1988-06-23,156.356834882605,156.081671605323
1988-06-24,154.941308833364,154.679469336354
1988-06-25,154.35084699692,154.092047284648
1988-06-26,154.517214996783,154.260169959771
1988-06-27,154.82742657987,154.571758762788
1988-06-28,153.372259378626,153.122411999769
1988-06-29,153.951878484143,153.703064968309
1988-06-30,155.263334296236,155.012007438518
1988-07-01,153.872955722246,153.631718465743
1988-07-02,152.884191120002,152.646506766526
1988-07-03,152.139603388437,151.905082223504
1988-07-04,151.685314137629,151.453489869392
1988-07-05,155.337617535856,155.102202712817
1988-07-06,156.157604649495,155.913524811495
1988-07-07,157.084393188862,156.838588865848
1988-07-08,158.438657269502,158.188890814965
1988-07-09,159.543011553238,159.288970635187
1988-07-10,160.414133486925,160.157862719796
1988-07-11,160.810154658917,160.554317316323
1988-07-12,160.143188179632,159.891289732858
1988-07-13,159.323945638034,159.075402905432
1988-07-14,160.921063131811,160.67208500374
1988-07-15,159.808132340493,159.568492617283
1988-07-16,160.768618493603,160.529600102053
1988-07-17,162.073959372958,161.831284309003
1988-07-18,162.998580439648,162.753004240462
1988-07-19,156.357883954507,156.142828511184
1988-07-20,159.702873413268,159.485242445064
1988-07-21,157.500675381956,157.311191241154
1988-07-22,154.298871130763,154.11528410026
1988-07-23,154.207055821948,154.025577957429
1988-07-24,154.432979658158,154.253233171915
1988-07-25,154.910568045542,154.731939000273
1988-07-26,157.784500822899,157.600282855185
1988-07-27,163.334586593616,163.095957371362
1988-07-28,160.766121537733,160.57628311667
1988-07-29,168.279995445113,168.08338798
1988-07-30,169.153514013784,168.938930765477
1988-07-31,169.868133639365,169.653118371896
1988-08-01,170.224687795827,170.010690226299
1988-08-02,169.296395773146,169.086668289498
1988-08-03,169.837057767491,169.628813393924
1988-08-04,169.133674161977,168.929569671325
1988-08-05,167.986474709818,167.785912951885
1988-08-06,168.607268706942,168.408103029697
1988-08-07,170.055368823182,169.8540728987
1988-08-08,170.624797534719,170.422678109083
1988-08-09,165.739086114694,165.552797428196
1988-08-10,163.213349564555,163.032004145504
1988-08-11,162.974688670122,162.795686673221
1988-08-12,161.810078584746,161.634424475489
1988-08-13,161.376674266899,161.203549964554
1988-08-14,160.367780400082,160.197790668045
1988-08-15,159.928778676742,159.761301478411
1988-08-16,158.271649940646,158.107947953594
1988-08-17,163.128341347883,162.961638589618
1988-08-18,162.510102920696,162.355520781437
1988-08-19,163.397362735656,163.244012449551
1988-08-20,163.366848566685,163.215740614314
1988-08-21,163.768413714762,163.61902173016
1988-08-22,163.614156841027,163.467199744899
1988-08-23,161.844403582618,161.701111405326
1988-08-24,159.344042963548,159.205028478853
1988-08-25,155.779319970843,155.645462673735
1988-08-26,153.944658214545,153.814393456698
1988-08-27,153.407961028016,153.280164571717
1988-08-28,153.056804516981,152.931331087786
1988-08-29,153.00336766596,152.879988863031
1988-08-30,153.580720572957,153.458908214283
1988-08-31,151.086772244649,150.973581425023
1988-09-01,147.03161026211,146.923394688466
1988-09-02,149.959918666647,149.851431103627
1988-09-03,150.273164227269,150.163472808491
1988-09-04,149.884322469187,149.777229878027
1988-09-05,149.585177562472,149.480232201184
1988-09-06,149.510110109306,149.407130941604
1988-09-07,151.49683130435,151.394402330121
1988-09-08,152.901872749595,152.791382498205
1988-09-09,152.067655197867,151.963534128225
1988-09-10,152.229803665925,152.127505898445
1988-09-11,152.375988120981,152.275473722575
1988-09-12,152.592442985402,152.49363518983
1988-09-13,154.718842777984,154.619207930265
1988-09-14,155.778817323156,155.673368115315
1988-09-15,159.039501067051,158.923096675618
1988-09-16,160.143633865839,160.017433697386
1988-09-17,159.874502628915,159.751503099077
1988-09-18,159.547623810409,159.426921393353
1988-09-19,159.199108038253,159.080708931509
1988-09-20,157.50720838284,157.392111561147
1988-09-21,158.86754286988,158.753475096901
1988-09-22,157.965155761641,157.857655811849
1988-09-23,158.526586490676,158.42073360983
1988-09-24,158.511367673673,158.407610091695
1988-09-25,158.117009440197,158.015538194893
1988-09-26,157.923945426216,157.824626413718
1988-09-27,159.123664465246,159.025614885877
1988-09-28,160.542112721904,160.440013224076
1988-09-29,162.929431887758,162.817642994924
1988-09-30,163.682869316251,163.567354557613
1988-10-01,162.597767490057,162.487616218824
1988-10-02,161.181937583054,161.074843735776
1988-10-03,160.095129646598,159.990825092775
1988-10-04,160.040861875102,159.938635216601
1988-10-05,160.704995856758,160.604393860061
1988-10-06,159.021727020716,158.927664639882
1988-10-07,162.027053976412,161.93325516617
1988-10-08,162.34120094792,162.24653742401
1988-10-09,162.459843527038,162.367098448694
1988-10-10,162.771193111405,162.680251194114
1988-10-11,164.230725129763,164.139745258615
1988-10-12,162.612050896167,162.531235880356
1988-10-13,160.230817230871,160.153275101713
1988-10-14,163.794113763498,163.716907585936
1988-10-15,163.838630109627,163.763187246308
1988-10-16,163.552558787651,163.479372529494
1988-10-17,163.534526852803,163.463447917013
1988-10-18,163.787223175346,163.71812986142
1988-10-19,163.68401753063,163.617155103301
1988-10-20,165.506092367269,165.440585448037
1988-10-21,165.227844897531,165.166163676329
1988-10-22,164.752789843052,164.693398657419
1988-10-23,163.682922471288,163.626036491766
1988-10-24,163.229446876103,163.174814671505
1988-10-25,164.637350706734,164.584341588273
1988-10-26,164.286154413849,164.236910990974
1988-10-27,161.767526468141,161.721150672318
1988-10-28,164.566600580044,164.521548715221
1988-10-29,164.515077583712,164.472738894096
1988-10-30,164.240650277774,164.200516962288
1988-10-31,164.116954507402,164.078984466916
1988-11-01,166.595668475414,166.559228187954
1988-11-02,165.702216948675,165.674819768946
1988-11-03,165.031516882126,165.006361640932
1988-11-04,162.755524000861,162.732828790879
1988-11-05,162.523327940975,162.502754385607
1988-11-06,162.321342112158,162.302879856682
1988-11-07,162.173065485725,162.156700402865
1988-11-08,163.091186900022,163.076810616109
1988-11-09,164.430100246926,164.414045232025
1988-11-10,163.028460277657,163.020334101824
1988-11-11,162.099796918328,162.093832801436
1988-11-12,161.785449789064,161.781598646406
1988-11-13,161.057563772811,161.055839803064
1988-11-14,160.73432302563,160.734694274543
1988-11-15,161.902880633567,161.905334216916
1988-11-16,160.751904159081,160.760592181513
1988-11-17,157.22164059826,157.232215163249
1988-11-18,162.185822867923,162.198776524049
1988-11-19,162.736008740055,162.742919238709
1988-11-20,163.066861103395,163.075398371528
1988-11-21,163.590736052712,163.600923452845
1988-11-22,163.75618133399,163.768273508849
1988-11-23,164.764350888715,164.778192781918
1988-11-24,164.42698615045,164.443999512708
1988-11-25,163.795726193159,163.814789917605
1988-11-26,163.02177529145,163.042857219601
1988-11-27,162.178606487433,162.201678751427
1988-11-28,161.4154454982,161.440483989549
1988-11-29,164.707957643232,164.735554610761
1988-11-30,167.44109579334,167.444228653591
1988-12-01,165.877700881907,165.895504189196
1988-12-02,164.689223657471,164.709021457875
1988-12-03,164.766152306721,164.788062366163
1988-12-04,164.47698348789,164.501022233076
1988-12-05,164.950450629522,164.9766624496
1988-12-06,166.671881175588,166.698107024686
1988-12-07,169.860060909091,169.872728970326
1988-12-08,168.524335292878,168.551567142841
1988-12-09,168.353962780651,168.383321482284
1988-12-10,168.103500835781,168.13496251848
1988-12-11,167.437803093458,167.471278042853
1988-12-12,166.651151311269,166.686598089535
1988-12-13,166.850044160916,166.887651569538
1988-12-14,168.706234117956,168.745377607849
1988-12-15,165.47947465162,165.537680605021
1988-12-16,167.361509182357,167.42248577952
1988-12-17,167.534180183719,167.596487500213
1988-12-18,167.850188255757,167.914613695974
1988-12-19,168.017218756486,168.083717101844
1988-12-20,169.971450698255,170.040035039051
1988-12-21,171.579744852994,171.642101153225
1988-12-22,172.195060662087,172.257151815973
1988-12-23,173.312878340186,173.375692735368
1988-12-24,173.959943074695,174.023204930837
1988-12-25,174.781425816532,174.845750319186
1988-12-26,175.429122546744,175.494439311823
1988-12-27,175.873769819644,175.940691562415
1988-12-28,177.784775109964,177.852346241745
1988-12-29,178.271265141393,178.338790311831
1988-12-30,176.06028597467,176.132093561978
1988-12-31,176.030089574923,176.104092840678
1989-01-01,175.950083252311,176.026319562633
1989-01-02,175.908209269264,175.986701950946
1989-01-03,175.608232492514,175.68886452367
1989-01-04,179.26644635997,179.351032872451
1989-01-05,180.125977469552,180.204767218111
1989-01-06,183.157553522218,183.233123523028
1989-01-07,185.22867770713,185.290687318984
1989-01-08,187.70990991445,187.761738807488
1989-01-09,189.54267212737,189.585691401043
1989-01-10,191.493286419483,191.530109532436
1989-01-11,193.785300904197,193.813703922928
1989-01-12,193.581824895019,193.61403700208
1989-01-13,197.888994555719,197.924459799028
1989-01-14,198.263083141044,198.297364988087
1989-01-15,198.024846901825,198.061905584581
1989-01-16,197.542814196146,197.582373322292
1989-01-17,195.558789391169,195.600529048597
1989-01-18,200.490490418834,200.535826127885
1989-01-19,199.514335807208,199.574278565708
1989-01-20,196.279266686489,196.340829883794
1989-01-21,195.785707190231,195.849664326436
1989-01-22,195.348776763108,195.415139374427
1989-01-23,194.85469249922,194.923449066145
1989-01-24,196.631867577949,196.703815366417
1989-01-25,199.699674122026,199.761668550376
1989-01-26,200.638932148466,200.696878410143
1989-01-27,203.803256270088,203.85767273029
1989-01-28,205.074860545458,205.12267740916
1989-01-29,205.935040107051,205.983214720011
1989-01-30,206.199499576437,206.249902205719
1989-01-31,205.41091885647,205.46422372235
1989-02-01,205.491476008285,205.547425624285
1989-02-02,205.8332797807,205.891899969079
1989-02-03,208.884664885961,208.944461109509
1989-02-04,209.426492585713,209.485387388943
1989-02-05,209.719621095584,209.780950762933
1989-02-06,209.879954824955,209.943926919081
1989-02-07,209.853863201435,209.920515855593
1989-02-08,211.721731784483,211.791654321959
1989-02-09,208.544215731878,208.629720683248
1989-02-10,202.754035514757,202.839821756869
1989-02-11,203.096897900777,203.185422142695
1989-02-12,205.656791186935,205.74703987613
1989-02-13,206.708914811198,206.795925575666
1989-02-14,206.781790252287,206.871346640848
1989-02-15,207.20237448504,207.294697913104
1989-02-16,206.814316154177,206.909496657992
1989-02-17,205.345358025651,205.442509807179
1989-02-18,205.61108515099,205.710984817729
1989-02-19,206.180596180518,206.283091885244
1989-02-20,206.951667656976,207.056198135911
1989-02-21,205.865627408496,205.974258386128
1989-02-22,203.398848913764,203.508794954776
1989-02-23,202.067350311541,202.179165484652
1989-02-24,200.40789622737,200.521365228094
1989-02-25,198.452869787541,198.567784306778
1989-02-26,195.895910594556,196.011866756739
1989-02-27,194.170076225794,194.28750294844
1989-02-28,196.457842279877,196.579114616864
1989-03-01,195.759479849857,195.886985105937
1989-03-02,197.324376049777,197.455386744455
1989-03-03,198.941107515373,199.069491266642
1989-03-04,199.176251622809,199.306490611229
1989-03-05,199.377826093498,199.510642909177
1989-03-06,199.523383440621,199.658786926126
1989-03-07,201.054621777593,201.193151526577
1989-03-08,200.87743684561,201.01916767666
1989-03-09,199.494210886372,199.637528962959
1989-03-10,197.691283469495,197.835849600396
1989-03-11,197.958406047266,198.105683044143
1989-03-12,198.311681915389,198.461540273193
1989-03-13,198.682105130087,198.834486383942
1989-03-14,200.899590625146,201.054309056068
1989-03-15,202.730929863999,202.879784518706
1989-03-16,203.933002815751,204.080133941495
1989-03-17,198.397135227578,198.558798816813
1989-03-18,196.298715889436,196.461211407196
1989-03-19,194.657116019728,194.820760073328
1989-03-20,194.276146279126,194.441954670421
1989-03-21,196.69003462806,196.860390233048
1989-03-22,194.119009093609,194.305431199277
1989-03-23,193.967881963058,194.15673997039
1989-03-24,194.130739142732,194.322323559534
1989-03-25,193.955173585598,194.149220545357
1989-03-26,193.69129650047,193.887627105097
1989-03-27,193.679260939834,193.878119672408
1989-03-28,199.476485889314,199.683831211837
1989-03-29,203.388354656165,203.545958046105
1989-03-30,202.938089085963,203.1024043761
1989-03-31,205.909162055011,206.078586379308
1989-04-01,206.520978138763,206.689376141382
1989-04-02,206.879975000885,207.050846590068
1989-04-03,207.429897691391,207.603438937711
1989-04-04,207.46200853472,207.638219215112
1989-04-05,208.368557062469,208.5481687671
1989-04-06,203.383471171857,203.572039167251
1989-04-07,203.755486553078,203.946990859874
1989-04-08,203.763844710312,203.957978907303
1989-04-09,203.17061466215,203.366777994445
1989-04-10,203.226484990261,203.425299621336
1989-04-11,205.52703852768,205.730531403913
1989-04-12,206.144626787747,206.348080840375
1989-04-13,203.070807153639,203.278269301458
1989-04-14,206.688011681288,206.90177031962
1989-04-15,206.686401849847,206.903045020042
1989-04-16,205.02174000005,205.239278082516
1989-04-17,205.008673795229,205.228819744067
1989-04-18,208.790648709673,209.017478170225
1989-04-19,207.434818186941,207.675289691331
1989-04-20,206.033538348177,206.275045856179
1989-04-21,205.1021651118,205.345187701404
1989-04-22,205.024229781113,205.269762827334
1989-04-23,204.716920134812,204.964691246677
1989-04-24,205.129123482818,205.380000800684
1989-04-25,207.673872992814,207.928092670701
1989-04-26,207.939148849213,208.194893438669
1989-04-27,211.443325091785,211.704095364754
1989-04-28,212.481343726732,212.737793357678
1989-04-29,212.881687848566,213.140504485299
1989-04-30,212.965766830473,213.227366957062
1989-05-01,213.288425650832,213.553084739826
1989-05-02,214.30450361935,214.572432200108
1989-05-03,213.990069515417,214.261092448172
1989-05-04,215.209517551066,215.484794844449
1989-05-05,215.76301097278,216.040264593322
1989-05-06,215.732735876486,216.01275320444
1989-05-07,215.709413539954,215.99213718602
1989-05-08,215.671123584825,215.956526835949
1989-05-09,217.409046737749,217.699486253553
1989-05-10,216.356322612187,216.652358543981
1989-05-11,217.961651580822,218.262622556898
1989-05-12,220.624657371187,220.922534570789
1989-05-13,220.521095492445,220.822409617548
1989-05-14,219.084940071048,219.387082301132
1989-05-15,219.200591761039,219.505667318463
1989-05-16,221.862854978093,222.173886072001
1989-05-17,221.42784519472,221.743827786757
1989-05-18,228.437606588286,228.766372722029
1989-05-19,229.382305940398,229.701337143854
1989-05-20,229.573956444823,229.895842651598
1989-05-21,233.077324647006,233.405817869006
1989-05-22,233.150298080301,233.481525960436
1989-05-23,228.632481083037,228.960626566193
1989-05-24,227.649801154972,227.979415948436
1989-05-25,228.468774242345,228.80243262434
1989-05-26,223.766620655077,224.104451326744
1989-05-27,225.847574307847,226.191371117246
1989-05-28,229.913815052685,230.248299376881
1989-05-29,230.91600983998,231.246397143865
1989-05-30,228.276503462502,228.611537124073
1989-05-31,225.692266615929,226.026366525276
1989-06-01,224.575704680405,224.910980575699
1989-06-02,223.887367606309,224.224438983572
1989-06-03,221.988000227552,222.325025104385
1989-06-04,219.767208579942,220.103648361731
1989-06-05,217.626323987385,217.962243503857
1989-06-06,223.120733992498,223.467868254631
1989-06-07,221.813136805977,222.177459161735
1989-06-08,224.32183895314,224.69307082764
1989-06-09,222.652179739769,223.032880985885
1989-06-10,223.581688635987,223.966772167998
1989-06-11,225.012780658312,225.400324402149
1989-06-12,225.629868505079,226.019481554338
1989-06-13,220.792141209256,221.182515901403
1989-06-14,223.049569166229,223.446719956367
1989-06-15,218.831033781736,219.24472023057
1989-06-16,220.747836034583,221.167907093946
1989-06-17,219.860708046875,220.285794598482
1989-06-18,219.258646433069,219.685335631153
1989-06-19,218.367992958546,218.795702989662
1989-06-20,217.291599801901,217.719955673355
1989-06-21,220.726424342399,221.164287565239
1989-06-22,221.374744787377,221.811905975619
1989-06-23,224.425199634865,224.867019314648
1989-06-24,224.175326197016,224.621366181223
1989-06-25,223.645220307482,224.093028919938
1989-06-26,223.553278625259,224.003723623635
1989-06-27,225.137440334569,225.593876647933
1989-06-28,221.498080186155,221.962649996546
1989-06-29,214.376619646238,214.829028279853
1989-06-30,212.250116276824,212.700684722559
1989-07-01,213.036296566701,213.491144901285
1989-07-02,213.030511674026,213.488054253413
1989-07-03,212.83613473425,213.295886184422
1989-07-04,212.271612868731,212.732778078585
1989-07-05,213.228191918876,213.694075200419
1989-07-06,212.051137123088,212.51972541885
1989-07-07,214.230012727021,214.706047603293
1989-07-08,213.978303666728,214.457864580841
1989-07-09,212.322480191518,212.800985043344
1989-07-10,211.268091668594,211.746857722921
1989-07-11,215.882957936188,216.374795275241
1989-07-12,217.840828769549,218.319326114682
1989-07-13,218.356972369676,218.837219935299
1989-07-14,219.681386225698,220.165840438964
1989-07-15,220.046888447857,220.533891687308
1989-07-16,220.123368922865,220.613232050496
1989-07-17,220.980394484036,221.474814945269
1989-07-18,223.547884958698,224.046060593398
1989-07-19,221.181683808762,221.690936517166
1989-07-20,224.123245792854,224.642012735037
1989-07-21,223.661325558745,224.185028079576
1989-07-22,223.692841322773,224.219391541214
1989-07-23,223.749060257769,224.27851233134
1989-07-24,223.771417326008,224.30369879819
1989-07-25,223.575933388236,224.11052829797
1989-07-26,226.565071645941,227.10958152856
1989-07-27,229.075763411863,229.612936858684
1989-07-28,230.877856851999,231.412654270103
1989-07-29,232.048071684692,232.58414289157
1989-07-30,234.60840970205,235.147122336114
1989-07-31,235.740378224181,236.278715909144
1989-08-01,234.943423199205,235.484789108206
1989-08-02,230.374728889871,230.908478159319
1989-08-03,231.235917625704,231.774520666944
1989-08-04,232.327218406657,232.869338627829
1989-08-05,236.284939952793,236.830274378673
1989-08-06,240.321934511964,240.846380899502
1989-08-07,243.250521537225,243.76061479723
1989-08-08,241.674068212471,242.193332617463
1989-08-09,243.020576890156,243.545729710247
1989-08-10,240.699791343881,241.229319855435
1989-08-11,243.891185714194,244.430727940132
1989-08-12,243.662430996341,244.206216978203
1989-08-13,243.438405667465,243.98472144243
1989-08-14,244.206904214457,244.757975779273
1989-08-15,246.241580014682,246.797268675425
1989-08-16,246.991205043766,247.548763850869
1989-08-17,246.776304181144,247.336812653501
1989-08-18,250.429415121497,251.001290845529
1989-08-19,249.995505683929,250.572917978273
1989-08-20,249.240302086263,249.819068853494
1989-08-21,248.247578236905,248.827144010908
1989-08-22,246.274808474387,246.852839812354
1989-08-23,244.991445611707,245.569521813083
1989-08-24,250.328312613608,250.922029040501
1989-08-25,249.884153625699,250.485044783744
1989-08-26,249.469151050801,250.072165898849
1989-08-27,248.794298220563,249.3987895073
1989-08-28,248.436575413788,249.043302838733
1989-08-29,244.584357733958,245.184849040579
1989-08-30,242.732541198816,243.331555854085
1989-08-31,246.259183458519,246.869997502102
1989-09-01,247.933988077161,248.54035560289
1989-09-02,248.768042198209,249.376935492878
1989-09-03,249.378571488833,249.991133906118
1989-09-04,250.220823109138,250.837619871748
1989-09-05,250.878156173403,251.498690033925
1989-09-06,246.32945657682,246.947508292456
1989-09-07,246.217808003772,246.838634475463
1989-09-08,245.588906372785,246.211210514356
1989-09-09,245.615436943743,246.240850015976
1989-09-10,245.557522369826,246.185840539294
1989-09-11,245.578314363513,246.209739992124
1989-09-12,245.277291264845,245.910991361655
1989-09-13,243.089125593324,243.720215456432
1989-09-14,241.139833298355,241.768877599519
1989-09-15,239.219130869853,239.84615159795
1989-09-16,240.538776952754,241.172224096321
1989-09-17,242.632142545943,243.268584042782
1989-09-18,243.923922938357,244.56145781131
1989-09-19,241.655387845918,242.295916986037
1989-09-20,239.466964656938,240.104678691016
1989-09-21,240.537591918387,241.181132528321
1989-09-22,239.220403228919,239.86631923165
1989-09-23,237.668297888258,238.312991515532
1989-09-24,235.311861280154,235.953113331281
1989-09-25,235.641165294667,236.286236025418
1989-09-26,240.115874634435,240.773347081088
1989-09-27,235.761250455848,236.450413300428
1989-09-28,240.595947306385,241.302173831553
1989-09-29,238.241902698054,238.968114028886
1989-09-30,238.533668261933,239.263714199094
1989-10-01,238.86229579228,239.596114473138
1989-10-02,239.25534373303,239.993062689346
1989-10-03,239.617613860434,240.359130561614
1989-10-04,239.58527290448,240.329647875539
1989-10-05,236.125122068797,236.86163406772
1989-10-06,235.954008697481,236.69282927905
1989-10-07,237.449064665954,238.195405623962
1989-10-08,238.687041127744,239.436460434975
1989-10-09,239.325962731177,240.078768840369
1989-10-10,236.533019028245,237.283427489768
1989-10-11,239.878506361571,240.642369807949
1989-10-12,235.800244340491,236.582467271117
1989-10-13,227.01692855979,227.772847730438
1989-10-14,222.693258078661,223.437501101967
1989-10-15,215.953991214173,216.678384218266
1989-10-16,212.246619635353,212.961165976792
1989-10-17,216.965444320713,217.698422066661
1989-10-18,216.860911961789,217.597704280506
1989-10-19,221.67882504889,222.434597172017
1989-10-20,225.181974162312,225.914902589054
1989-10-21,224.99504569525,225.731798793253
1989-10-22,224.766334390684,225.505051248941
1989-10-23,224.476496225315,225.216963937563
1989-10-24,221.013861309494,221.745609041379
1989-10-25,217.356165106252,218.078462705143
1989-10-26,217.870137078695,218.596764465718
1989-10-27,214.237720161215,214.958871002507
1989-10-28,213.90991523581,214.632552992763
1989-10-29,213.288592052124,214.011718232185
1989-10-30,212.987996177748,213.712687123613
1989-10-31,216.141726792467,216.879701339268
1989-11-01,216.165534927926,216.906306303692
1989-11-02,216.399423209776,217.143596884039
1989-11-03,214.623654859411,215.365151041109
1989-11-04,214.137414210911,214.879825766091
1989-11-05,213.492443438487,214.235196059902
1989-11-06,212.997215897168,213.740832348558
1989-11-07,210.549094219979,211.286731282063
1989-11-08,213.242434509921,213.992055810301
1989-11-09,215.419081651793,216.165577195671
1989-11-10,217.892941783867,218.638626982967
1989-11-11,219.023949472334,219.770080406074
1989-11-12,219.924188010693,220.673905469161
1989-11-13,220.191691140013,220.944544345348
1989-11-14,218.08921355012,218.838654278073
1989-11-15,217.505250626922,218.255328816412
1989-11-16,218.382267568794,219.138031800164
1989-11-17,218.078209051292,218.836274409497
1989-11-18,217.638374609743,218.397610534976
1989-11-19,216.947646775584,217.70714176193
1989-11-20,216.536392473104,217.297113916513
1989-11-21,212.977255216333,213.72812645177
1989-11-22,213.462852991662,214.218047723301
1989-11-23,215.082621655872,215.8444923495
1989-11-24,216.065505932743,216.830001100252
1989-11-25,216.812795202982,217.581038753592
1989-11-26,217.326039976927,218.097980818696
1989-11-27,217.645970638493,218.421398588368
1989-11-28,219.442006671887,220.225364020409
1989-11-29,217.753446060754,218.540405664457
1989-11-30,222.196026509387,223.001665630482
1989-12-01,222.975204279666,223.779001018599
1989-12-02,223.544599886625,224.352285951502
1989-12-03,223.969093949672,224.780556620122
1989-12-04,224.202395270912,225.017248616227
1989-12-05,225.367090421752,226.188403469722
1989-12-06,225.254158303628,226.07817227688
1989-12-07,222.204805145998,223.020407817088
1989-12-08,222.921547229451,223.742478997729
1989-12-09,222.702200114933,223.52542903544
1989-12-10,222.463216976265,223.28826639358
1989-12-11,222.244364096821,223.07130809249
1989-12-12,220.059868975242,220.881379604053
1989-12-13,216.63475424922,217.446154285695
1989-12-14,217.496446755863,218.313732654219
1989-12-15,217.981674469515,218.80257894648
1989-12-16,217.19184105831,218.013284059081
1989-12-17,215.320380317411,216.137385586268
1989-12-18,213.812636065263,214.626533448215
1989-12-19,211.687075914192,212.495478804786
1989-12-20,214.720527025514,215.54310159627
1989-12-21,211.997470428989,212.831562577174
1989-12-22,210.621331337369,211.452598183108
1989-12-23,210.546863192781,211.380395523022
1989-12-24,210.522495230433,211.35848179993
1989-12-25,210.612609194075,211.45149780507
1989-12-26,211.005254308367,211.848196754314
1989-12-27,212.770429242344,213.621506354627
1989-12-28,209.737113052367,210.591098266423
1989-12-29,213.258351422874,214.129166442046
1989-12-30,213.598619559002,214.47090982448
1989-12-31,213.803092260087,214.678654054796
1990-01-01,213.895380591051,214.773867852181
1990-01-02,213.888897622879,214.769919377457
1990-01-03,219.036610448149,219.941408323489
1990-01-04,218.85493218088,219.764203416646
1990-01-05,213.400889757276,214.290153320508
1990-01-06,211.920161825567,212.805839324789
1990-01-07,210.589922262884,211.472608568722
1990-01-08,209.534704259404,210.415527588079
1990-01-09,205.956408591007,206.824731067315
1990-01-10,201.895068292238,202.748760753909
1990-01-11,205.346134776862,206.216865437787
1990-01-12,199.233539530923,200.13219236718
1990-01-13,198.240134624779,199.136724229346
1990-01-14,197.469355378053,198.364868090588
1990-01-15,196.498217135886,197.391717328995
1990-01-16,197.484658087538,198.385023007908
1990-01-17,192.453370452423,193.34545461171
1990-01-18,192.682922239031,193.578399145899
1990-01-19,195.711780351288,196.622139691592
1990-01-20,195.10049155848,196.015340109682
1990-01-21,193.929501515265,194.84121539767
1990-01-22,193.334934187846,194.246186077505
1990-01-23,191.265645148824,192.169469611019
1990-01-24,184.833950976203,185.709697501477
1990-01-25,185.708093070773,186.590221394067
1990-01-26,186.536255190365,187.422766425885
1990-01-27,186.789078068885,187.678594065192
1990-01-28,186.47047976296,187.360964166876
1990-01-29,186.699648830991,187.593511935226
1990-01-30,186.165510314595,187.0594174651
1990-01-31,187.692318470772,188.596044543049
1990-02-01,188.425238574861,189.33192997244
1990-02-02,190.459226932372,191.37428205335
1990-02-03,190.552516521622,191.470016369457
1990-02-04,190.345255879081,191.264094119607
1990-02-05,190.180673664223,191.101019267278
1990-02-06,185.8930862832,186.794981715597
1990-02-07,184.325016629852,185.221554364282
1990-02-08,187.083510574331,187.9956911998
1990-02-09,186.282215911651,187.198861429328
1990-02-10,185.779745600386,186.69617015649
1990-02-11,185.444897219252,186.361912855562
1990-02-12,184.944670176291,185.861457456711
1990-02-13,186.264198104402,187.189751755235
1990-02-14,184.70242056903,185.627999917755
1990-02-15,187.791140502361,188.734439276472
1990-02-16,191.034171477986,191.969793288972
1990-02-17,189.651045509493,190.593975824625
1990-02-18,187.06685397917,187.999234396963
1990-02-19,185.320466356842,186.246412602203
1990-02-20,179.965850117237,180.867298557341
1990-02-21,172.959824792746,173.828353963641
1990-02-22,173.194323266871,174.066140037332
1990-02-23,167.363020226775,168.211101428545
1990-02-24,164.970990478677,165.809002107923
1990-02-25,163.357523526892,164.189341874865
1990-02-26,163.301681420817,164.135190938934
1990-02-27,167.804004486049,168.66245908315
1990-02-28,171.427903980704,172.258793972975
1990-03-01,171.7116634099,172.543406907805
1990-03-02,173.7873099843,174.62969921847
1990-03-03,172.901968243803,173.747573075175
1990-03-04,171.855643874958,172.698219271855
1990-03-05,170.960062177207,171.800319178218
1990-03-06,170.704296725104,171.545366723345
1990-03-07,170.596090106807,171.43869305091
1990-03-08,172.365190451476,173.218587541847
1990-03-09,171.404828273063,172.260580256315
1990-03-10,170.792226867696,171.646982516573
1990-03-11,170.32192734707,171.176392147932
1990-03-12,169.707475523828,170.56091097108
1990-03-13,167.036601687572,167.878642967872
1990-03-14,165.256602518679,166.091690216367
1990-03-15,165.310549878442,166.14790594875
1990-03-16,165.431722051124,166.27168200018
1990-03-17,163.549389151547,164.382325517277
1990-03-18,160.827390170871,161.648440396208
1990-03-19,158.384686646094,159.195207532464
1990-03-20,155.468001066154,156.265508075946
1990-03-21,157.120473100188,157.928335493892
1990-03-22,151.432624271715,152.242848630051
1990-03-23,154.545745851152,155.374484082124
1990-03-24,156.591759234295,157.413071993538
1990-03-25,158.197842156102,159.019460023318
1990-03-26,159.431659684112,160.255631554165
1990-03-27,160.439025363474,161.266463399835
1990-03-28,156.92032923733,157.742392128894
1990-03-29,155.371293608554,156.18717985596
1990-03-30,150.380013620339,151.171596476214
1990-03-31,147.279085628605,148.056191959533
1990-04-01,144.650381788292,145.415400932461
1990-04-02,142.244741115911,142.998785551577
1990-04-03,148.171915894289,148.959096332126
1990-04-04,146.336059858888,147.152566494136
1990-04-05,147.513622830239,148.338468338544
1990-04-06,150.976488503824,151.808989185954
1990-04-07,152.538613652366,153.364127340539
1990-04-08,153.66592629255,154.493945564369
1990-04-09,153.968617844485,154.799136830548
1990-04-10,150.745804013858,151.563684858292
1990-04-11,148.393005006304,149.199940161033
1990-04-12,149.616076436518,150.431460168578
1990-04-13,148.762414375588,149.578497152536
1990-04-14,148.139365322653,148.953821696924
1990-04-15,147.66206136071,148.475687470494
1990-04-16,147.43624248941,148.250408136871
1990-04-17,147.381838808584,148.19749006608
1990-04-18,147.996525679479,148.817351110536
1990-04-19,148.595054009055,149.419846519981
1990-04-20,148.864450611365,149.69207288636
1990-04-21,148.794711279636,149.623836349228
1990-04-22,148.597469249029,149.427294311374
1990-04-23,147.915098132689,148.742908107494
1990-04-24,145.928129744225,146.746617701652
1990-04-25,146.059134866756,146.880133789804
1990-04-26,143.572765958761,144.382483224766
1990-04-27,142.655007776256,143.461308365457
1990-04-28,142.632117469619,143.440025376111
1990-04-29,142.618199312146,143.427768051592
1990-04-30,142.659936122299,143.471473500301
1990-05-01,144.151463472936,144.973123449295
1990-05-02,147.717249433468,148.542877424036
1990-05-03,147.972607962671,148.798717757322
1990-05-04,149.08600239747,149.919288641491
1990-05-05,149.639786103369,150.476033644866
1990-05-06,150.028364419691,150.867961347144
1990-05-07,150.379803491826,151.222779883749
1990-05-08,150.043674217541,150.88697882827
1990-05-09,149.325916174912,150.166994283983
1990-05-10,149.220929626702,150.063223430478
1990-05-11,156.01720203652,156.899652733545
1990-05-12,157.227085478486,158.092488421113
1990-05-13,158.465296348123,159.33503413688
1990-05-14,159.792786695808,160.666772279223
1990-05-15,161.223739002866,162.101792580187
1990-05-16,160.568726333215,161.448123212788
1990-05-17,159.910530426269,160.788260601164
1990-05-18,160.196880716086,161.078108080392
1990-05-19,160.327383866582,161.211180518121
1990-05-20,160.422015323951,161.308239329128
1990-05-21,160.648188362801,161.537555717902
1990-05-22,166.170688567574,167.0891843693
1990-05-23,166.653327921436,167.568983276753
1990-05-24,166.370001680867,167.286526317679
1990-05-25,169.100473302007,170.034048168007
1990-05-26,169.412774991903,170.347856922414
1990-05-27,169.571890005826,170.509790866101
1990-05-28,169.839966939249,170.781310331493
1990-05-29,169.004845600861,169.944217675027
1990-05-30,170.387290847827,171.336398203009
1990-05-31,173.252012619985,174.207991356575
1990-06-01,175.756485615593,176.708074789231
1990-06-02,175.650463665715,176.604560868087
1990-06-03,175.371355104046,176.326057098844
1990-06-04,175.233563394904,176.189633883201
1990-06-05,175.632327244825,176.592684562625
1990-06-06,172.681562314239,173.631046393253
1990-06-07,173.781111194443,174.738727462652
1990-06-08,169.816953890274,170.767179010796
1990-06-09,168.901659983247,169.84881764583
1990-06-10,168.030643647331,168.974961094603
1990-06-11,167.431798942213,168.374787165436
1990-06-12,169.045256438085,169.999359623369
1990-06-13,169.291247760281,170.247766529696
1990-06-14,168.38495799194,169.339012318597
1990-06-15,168.42242646293,169.378730751243
1990-06-16,167.241730666068,168.19340293391
1990-06-17,166.143853816536,167.091311152938
1990-06-18,165.214564016926,166.158730695224
1990-06-19,162.698050398121,163.629832600078
1990-06-20,163.546534405939,164.485140487276
1990-06-21,163.979412045329,164.921465966915
1990-06-22,161.612226902312,162.545635042633
1990-06-23,160.028690455477,160.954911945648
1990-06-24,158.697205556944,159.617658377866
1990-06-25,158.166574394803,159.085864819801
1990-06-26,159.72846722434,160.658746874024
1990-06-27,160.979007897391,161.91260392475
1990-06-28,162.371108537724,163.309561775967
1990-06-29,163.938085409491,164.881109513295
1990-06-30,163.690269289416,164.6351400212
1990-07-01,162.703396693771,163.644537256785
1990-07-02,162.408685605168,163.350075552805
1990-07-03,162.757102436026,163.702463621205
1990-07-04,162.977727669668,163.926144511177
1990-07-05,161.094728835713,162.035270021237
1990-07-06,162.171793129028,163.120557537473
1990-07-07,162.397855477408,163.349255291765
1990-07-08,162.149524335923,163.101583951514
1990-07-09,161.5650616812,162.515637420623
1990-07-10,159.48633330146,160.426617834414
1990-07-11,163.070691196466,164.034023389778
1990-07-12,166.898808069841,167.845073808566
1990-07-13,167.45434844389,168.399895111106
1990-07-14,169.106613749673,170.061008525036
1990-07-15,171.009464422718,171.967628976212
1990-07-16,171.913689877813,172.874225621248
1990-07-17,170.300014292076,171.257752143469
1990-07-18,168.281752752092,169.230180315493
1990-07-19,168.613587639829,169.565914236642
1990-07-20,164.585126852402,165.520367769005
1990-07-21,162.632938755555,163.559065288534
1990-07-22,161.071627693586,161.990820632682
1990-07-23,159.539194418038,160.451584438234
1990-07-24,156.131312670978,157.026136200507
1990-07-25,156.189592415855,157.086627740135
1990-07-26,153.081407666028,153.962768147641
1990-07-27,150.838569486466,151.708866793396
1990-07-28,150.596052387477,151.466764459374
1990-07-29,150.031105651277,150.900372526661
1990-07-30,149.268191558256,150.134838422969
1990-07-31,150.415860554962,151.290958683224
1990-08-01,148.911173564259,149.785061744466
1990-08-02,146.965213330141,147.829465779906
1990-08-03,137.875717927257,138.688281607105
1990-08-04,133.057882937787,133.843712244454
1990-08-05,129.117010484517,129.881155824819
1990-08-06,126.909331037335,127.661962467591
1990-08-07,126.510017022228,127.261800214751
1990-08-08,130.166761945395,130.941796362312
1990-08-09,129.714392393147,130.494985146946
1990-08-10,128.238629171926,129.011902248185
1990-08-11,126.638525294962,127.403686261634
1990-08-12,124.360109781048,125.113020413852
1990-08-13,123.249209591846,123.996894051588
1990-08-14,124.880350382896,125.639407478505
1990-08-15,130.222245105479,130.980819942336
1990-08-16,124.865338750565,125.703408249184
1990-08-17,118.939345044822,119.739143302573
1990-08-18,118.691630221479,119.491189122759
1990-08-19,118.537407072253,119.337361953098
1990-08-20,118.355450305157,119.155598286431
1990-08-21,116.163688739751,116.950445740516
1990-08-22,111.602439860901,112.359708171488
1990-08-23,102.357942070111,103.053818973058
1990-08-24,106.297773367113,107.021666409433
1990-08-25,108.228174851368,108.931019787638
1990-08-26,109.429391851181,110.131227001256
1990-08-27,111.36375836374,112.069092986576
1990-08-28,114.547430637955,115.247206403546
1990-08-29,113.662491061217,114.370613163103
1990-08-30,116.589612492636,117.317336132196
1990-08-31,117.730701303759,118.452907172905
1990-09-01,118.198262460401,118.922675323869
1990-09-02,118.546864948813,119.274220086073
1990-09-03,118.240454241908,118.96780524037
1990-09-04,114.926940389127,115.635326232411
1990-09-05,113.400089944532,114.100442271983
1990-09-06,110.297634761179,110.980190582645
1990-09-07,111.775378410401,112.468407270168
1990-09-08,113.391577862186,114.085504081556
1990-09-09,115.176143224508,115.87002556215
1990-09-10,116.916823846534,117.609520604508
1990-09-11,116.928437893966,117.622681140583
1990-09-12,119.437757391929,120.148308902521
1990-09-13,118.277963830315,118.995436317199
1990-09-14,114.035913978719,114.729069134699
1990-09-15,112.742181832881,113.428851976714
1990-09-16,111.635416966431,112.316701801488
1990-09-17,110.689647598837,111.366503064395
1990-09-18,108.624262821661,109.289820792277
1990-09-19,105.936467301357,106.586858377691
1990-09-20,104.948610371853,105.594211723687
1990-09-21,105.018150694287,105.665448176857
1990-09-22,103.936738616901,104.578895656723
1990-09-23,102.854417954135,103.491137749548
1990-09-24,101.719985774389,102.350920049255
1990-09-25,98.8869334905761,99.5015158679829
1990-09-26,96.8047566480275,97.4075860637307
1990-09-27,94.5353945636818,95.1252516834012
1990-09-28,93.3271030500424,93.9105530420709
1990-09-29,93.3903421238212,93.9753103967884
1990-09-30,93.829403536552,94.4181395999648
1990-10-01,94.6670195523359,95.260282000008
1990-10-02,102.769765776737,103.37986426621
1990-10-03,101.276463370154,101.938272619815
1990-10-04,98.9950983691636,99.6432188581749
1990-10-05,101.046118674268,101.708854433245
1990-10-06,102.893337664988,103.550897129267
1990-10-07,104.568150636198,105.223133754291
1990-10-08,105.619428565218,106.274183723231
1990-10-09,101.897478187423,102.54853289906
1990-10-10,99.1131960417748,99.7476777878681
1990-10-11,97.0609964221726,97.6835359872628
1990-10-12,97.7244526639766,98.3524120919028
1990-10-13,99.0743809622654,99.7077602495739
1990-10-14,100.199049810527,100.833377473419
1990-10-15,100.814334787228,101.450495362024
1990-10-16,101.002363629416,101.640418762744
1990-10-17,101.007402593477,101.646719823284
1990-10-18,104.417903777587,105.08002613446
1990-10-19,107.500214108331,108.133070647896
1990-10-20,108.490600401836,109.117119556014
1990-10-21,109.311131113251,109.940193000832
1990-10-22,109.587920283924,110.218943419032
1990-10-23,109.758197837245,110.39134880881
1990-10-24,108.571450815272,109.199893325879
1990-10-25,108.664262670943,109.294551479719
1990-10-26,105.181696280519,105.794263664505
1990-10-27,104.796776531801,105.408368096758
1990-10-28,104.411633267413,105.022239918244
1990-10-29,104.023900487945,104.633485412789
1990-10-30,103.402590965204,104.009788592552
1990-10-31,103.138885034339,103.745780530959
1990-11-01,100.98015063526,101.575583188952
1990-11-02,99.9003108342693,100.490569917489
1990-11-03,100.825830326072,101.422745994866
1990-11-04,101.656500872964,102.25587319408
1990-11-05,101.859741695419,102.460793422124
1990-11-06,100.206335842126,100.800355998673
1990-11-07,97.077609439953,97.6542808205045
1990-11-08,95.4968372091595,96.0652794191567
1990-11-09,96.3606708928161,96.9354013496426
1990-11-10,96.6302594503903,97.206645390805
1990-11-11,96.6891350778787,97.2669761364588
1990-11-12,97.0041743237792,97.584985085462
1990-11-13,99.7241376814991,100.318238651617
1990-11-14,98.9282361558091,99.5298586210487
1990-11-15,97.6710603128716,98.2662248487739
1990-11-16,97.5495839121252,98.1451745377398
1990-11-17,97.797302719236,98.3955785188959
1990-11-18,98.3773149017472,98.9796453466697
1990-11-19,98.6193064946537,99.2236643651554
1990-11-20,97.8530521893417,98.4547925842229
1990-11-21,97.6320298165729,98.2335848151494
1990-11-22,99.780067140265,100.39603617935
1990-11-23,100.031756719731,100.647982960693
1990-11-24,100.127284056495,100.745232583692
1990-11-25,100.208016962037,100.827658224388
1990-11-26,100.185961829404,100.806695646798
1990-11-27,99.6684684931958,100.287195205272
1990-11-28,96.7472471196375,97.3490214831013
1990-11-29,96.0428034344524,96.6413490516982
1990-11-30,97.5041500748456,98.1129381614462
1990-12-01,98.0168382302124,98.6263034624879
1990-12-02,98.8729702122737,99.4868384829546
1990-12-03,99.2718290754908,99.8877405482908
1990-12-04,98.0666720197499,98.6786117645811
1990-12-05,98.9318991593355,99.5504050657808
1990-12-06,101.777636798549,102.402945506355
1990-12-07,104.251789413886,104.859513040674
1990-12-08,103.788679531116,104.400511141691
1990-12-09,103.30258105603,103.912771681865
1990-12-10,102.743143726934,103.351259318493
1990-12-11,102.842321595486,103.452241071514
1990-12-12,103.65503252441,104.270684121466
1990-12-13,105.126846925443,105.746896147833
1990-12-14,104.309247441482,104.931501983241
1990-12-15,103.486808536781,104.105389839698
1990-12-16,102.84094293445,103.456893199568
1990-12-17,102.69221922549,103.308496848186
1990-12-18,104.782368005039,105.412401852644
1990-12-19,104.049762488248,104.684118201838
1990-12-20,103.594239512054,104.22707191124
1990-12-21,103.846968528498,104.482574390928
1990-12-22,104.692073111359,105.333154887831
1990-12-23,105.360081178376,106.00393108298
1990-12-24,105.487848380719,106.133396110333
1990-12-25,105.049623225961,105.693969926607
1990-12-26,104.557356258793,105.199931646052
1990-12-27,103.959837109076,104.599974025276
1990-12-28,102.564013217072,103.196793580558
1990-12-29,101.93524500601,102.56535156876
1990-12-30,101.341612171781,101.969258233667
1990-12-31,100.770018034612,101.39533062738
1991-01-01,100.245180256694,100.868424120818
1991-01-02,99.7436984088372,100.365014005875
1991-01-03,99.4740755334523,100.094886984149
1991-01-04,98.1939960752416,98.8079990025798
1991-01-05,98.4902700892572,99.1072848902732
1991-01-06,99.8172599280619,100.441908823574
1991-01-07,99.4520565523625,100.078134074367
1991-01-08,97.2320985961241,97.8453702491635
1991-01-09,97.0398934204128,97.653108530824
1991-01-10,97.6203405955886,98.23836551595
1991-01-11,99.1587712049783,99.7832966773823
1991-01-12,99.3055260068216,99.931171409461
1991-01-13,98.8293791814707,99.4535106113048
1991-01-14,98.4725658006606,99.095616189552
1991-01-15,97.0684500578102,97.6837718506517
1991-01-16,95.7882477996008,96.3966071768056
1991-01-17,102.430776844925,103.082456502395
1991-01-18,103.869116194403,104.485019705576
1991-01-19,102.954050931299,103.571767382944
1991-01-20,102.038110218053,102.651556109566
1991-01-21,101.125384363961,101.734548477809
1991-01-22,99.2925044151667,99.8918225875745
1991-01-23,99.556327731331,100.158410406581
1991-01-24,100.626725194134,101.23517174675
1991-01-25,101.562278507979,102.172768096626
1991-01-26,101.915996025318,102.528327484219
1991-01-27,102.33368140921,102.949076146666
1991-01-28,102.530687217137,103.148139048787
1991-01-29,101.849173034462,102.464339700841
1991-01-30,103.956847596773,104.585945108559
1991-01-31,104.414347554232,105.043030357355
1991-02-01,104.146095726348,104.774982683623
1991-02-02,103.77896494229,104.406859000217
1991-02-03,103.294461056323,103.92064508593
1991-02-04,103.539577377162,104.168465710667
1991-02-05,107.364104081926,108.013299333012
1991-02-06,109.472528190174,110.098626083301
1991-02-07,110.414491759641,111.038762268878
1991-02-08,112.94264309651,113.57220512397
1991-02-09,114.22789972747,114.851984654958
1991-02-10,115.200508341024,115.826098403743
1991-02-11,116.061651024492,116.6898398139
1991-02-12,117.034035763512,117.665433418374
1991-02-13,118.16577562046,118.800169090039
1991-02-14,119.009822072687,119.646311825456
1991-02-15,121.282709808436,121.925032899467
1991-02-16,122.70888264373,123.347211469942
1991-02-17,124.266205810329,124.905442022575
1991-02-18,125.67429654518,126.31376704922
1991-02-19,126.67364448042,127.314356414363
1991-02-20,123.964646699575,124.603594378153
1991-02-21,123.39261795115,124.030081886292
1991-02-22,124.081791208082,124.724269207545
1991-02-23,125.248614014875,125.895514656446
1991-02-24,126.924859468457,127.574368630756
1991-02-25,128.782001417371,129.43064542094
1991-02-26,127.456063431013,128.109080775895
1991-02-27,128.611312353486,129.271748565684
1991-02-28,129.665325997352,130.328144145179
1991-03-01,129.789491225583,130.454072087946
1991-03-02,129.490013477261,130.154700706
1991-03-03,129.248520770786,129.91348653329
1991-03-04,129.058661507726,129.724156593429
1991-03-05,131.043941952719,131.721185547382
1991-03-06,134.53679532596,135.20759592584
1991-03-07,134.833550789057,135.503976406926
1991-03-08,136.721450253389,137.401030665115
1991-03-09,137.323385442426,138.003644059291
1991-03-10,137.057881361228,137.739045025304
1991-03-11,136.790275642372,137.471717297785
1991-03-12,136.692913565766,137.375469889254
1991-03-13,137.081199620729,137.767302618516
1991-03-14,139.285311899579,139.981179843474
1991-03-15,141.664388344835,142.355374765516
1991-03-16,143.107155027456,143.7952406127
1991-03-17,143.889039688351,144.578889676983
1991-03-18,144.818424705423,145.512072971309
1991-03-19,142.823446855604,143.515520512277
1991-03-20,144.726939308136,145.429916673908
1991-03-21,142.534704737028,143.243203040774
1991-03-22,143.78219531292,144.498586388356
1991-03-23,144.807039000315,145.52598985699
1991-03-24,145.627304707876,146.349319595084
1991-03-25,146.942468543306,147.669219457791
1991-03-26,149.925125960949,150.655447548894
1991-03-27,152.299912363681,153.020572900554
1991-03-28,151.951942455273,152.675608552712
1991-03-29,153.504475794464,154.237319211131
1991-03-30,152.494635681627,153.229644580724
1991-03-31,151.064049430419,151.793935948816
1991-04-01,149.679564361721,150.404529645045
1991-04-02,154.25531312453,155.004180216369
1991-04-03,154.764180506935,155.51027159094
1991-04-04,156.858884790645,157.613780792432
1991-04-05,155.011154624564,155.771378123498
1991-04-06,155.532326020816,156.296921634685
1991-04-07,156.450126023926,157.219651831336
1991-04-08,156.160673093822,156.93152662496
1991-04-09,151.804985376548,152.556157724956
1991-04-10,149.941075832187,150.684801304681
1991-04-11,153.071710905527,153.832714949973
1991-04-12,153.765368249362,154.524886196613
1991-04-13,154.876951338426,155.641464519282
1991-04-14,155.92502471363,156.692983643655
1991-04-15,157.039121677043,157.810877841985
1991-04-16,155.492608813441,156.26402839981
1991-04-17,158.460561061064,159.248526419038
1991-04-18,159.192503720867,159.979463339558
1991-04-19,160.05524181065,160.846531848856
1991-04-20,160.314849342194,161.108708589307
1991-04-21,160.420052993828,161.216251619827
1991-04-22,160.57486834552,161.373685893933
1991-04-23,161.984235639347,162.79141896788
1991-04-24,158.81937286305,159.626323978629
1991-04-25,160.476963074748,161.294191271917
1991-04-26,159.405122976864,160.224394953839
1991-04-27,159.743568976707,160.566439643556
1991-04-28,160.272653431984,161.099628821332
1991-04-29,160.642332134074,161.472563359785
1991-04-30,156.944045114823,157.760946527853
1991-05-01,161.846705180183,162.690960408554
1991-05-02,160.413393767962,161.274250854859
1991-05-03,156.64657188168,157.489082663645
1991-05-04,157.568766346277,158.418068269933
1991-05-05,160.220400730076,161.078411466874
1991-05-06,161.370259080194,162.227176920511
1991-05-07,158.607010378808,159.460707818443
1991-05-08,158.741130988852,159.597403665913
1991-05-09,160.948165418203,161.817506595249
1991-05-10,158.950252064725,159.824471115404
1991-05-11,157.769285742946,158.638874817313
1991-05-12,156.81699197803,157.68317900032
1991-05-13,155.639329484145,156.500840394754
1991-05-14,152.57268861865,153.419047873682
1991-05-15,149.388608221322,150.219098131826
1991-05-16,149.851657643475,150.686473358262
1991-05-17,151.092603470597,151.93433691978
1991-05-18,150.901086691157,151.744428442207
1991-05-19,150.685558531816,151.529469149591
1991-05-20,150.664734088884,151.510301360044
1991-05-21,153.191537478695,154.053063159036
1991-05-22,153.45346714413,154.316378694266
1991-05-23,155.803424186441,156.679668874041
1991-05-24,152.817703702358,153.701584544052
1991-05-25,152.647733823024,153.532466302815
1991-05-26,152.450957054711,153.336368032067
1991-05-27,152.311035265269,153.197431156597
1991-05-28,155.150412336115,156.055117900213
1991-05-29,154.315880816226,155.225420836192
1991-05-30,158.194204278943,159.128472591588
1991-05-31,162.062142684964,162.974171712903
1991-06-01,163.723857640947,164.628199577555
1991-06-02,164.964115048775,165.871331328774
1991-06-03,165.321937697663,166.231873603482
1991-06-04,163.667371348681,164.571780856052
1991-06-05,161.49954656416,162.393889279555
1991-06-06,160.25661861064,161.145975199858
1991-06-07,158.685203658466,159.567723291029
1991-06-08,158.373034922119,159.255682111412
1991-06-09,158.148909006096,159.032162191006
1991-06-10,158.281742333471,159.167593748417
1991-06-11,160.374656909431,161.273420105361
1991-06-12,159.246300277086,160.148119334338
1991-06-13,162.628564503911,163.551406322175
1991-06-14,166.337734098394,167.245465206843
1991-06-15,165.887929256924,166.800421383303
1991-06-16,165.159383600554,166.069816242646
1991-06-17,164.202951507491,165.110053206602
1991-06-18,164.815971105723,165.728384826665
1991-06-19,160.986347575263,161.886320886706
1991-06-20,159.958036122448,160.854158120213
1991-06-21,161.668888748954,162.576476964042
1991-06-22,160.558373508129,161.467593286076
1991-06-23,158.08225868048,158.97933679127
1991-06-24,156.931154342246,157.823552113268
1991-06-25,157.021040144311,157.915782211807
1991-06-26,156.706968106365,157.601826890787
1991-06-27,157.164656836776,158.063950456603
1991-06-28,156.492103226811,157.390350165364
1991-06-29,157.510915639477,158.416845253207
1991-06-30,160.011441186073,160.925818279582
1991-07-01,161.02069605278,161.935189681249
1991-07-02,162.781294185956,163.702483558545
1991-07-03,159.038732869257,159.960672248689
1991-07-04,158.038106157715,158.956100874118
1991-07-05,158.827344618853,159.751770713238
1991-07-06,157.520817143886,158.442713530725
1991-07-07,154.918266379213,155.826766376934
1991-07-08,153.611802082279,154.514453378989
1991-07-09,155.94769880848,156.865874843612
1991-07-10,159.31936006609,160.234405838599
1991-07-11,157.641344189083,158.566382078715
1991-07-12,162.157549996764,163.110945060201
1991-07-13,162.558420946433,163.510965385717
1991-07-14,161.896372392063,162.847718664239
1991-07-15,161.090520638994,162.039032059886
1991-07-16,159.944411203904,160.888066691881
1991-07-17,159.689271426248,160.633299807661
1991-07-18,156.924661374575,157.854215323111
1991-07-19,154.758521037406,155.67708895963
1991-07-20,154.320503058423,155.238282796346
1991-07-21,153.85650458529,154.773332229099
1991-07-22,153.41011968528,154.326081120858
1991-07-23,154.917429272,155.844192401323
1991-07-24,154.32910216692,155.257126696838
1991-07-25,152.818462549402,153.739216636396
1991-07-26,155.008673104105,155.944412563012
1991-07-27,154.914477856527,155.852346927381
1991-07-28,154.781787705766,155.720668186858
1991-07-29,154.657902369942,155.597840905174
1991-07-30,157.040694408161,157.996916695933
1991-07-31,158.123495894461,159.080242445672
1991-08-01,157.946594387241,158.904803504823
1991-08-02,161.818810261615,162.802353809149
1991-08-03,160.749989002476,161.742087526498
1991-08-04,158.135375384734,159.113206842188
1991-08-05,155.394297008404,156.357025687922
1991-08-06,152.187442494891,153.132111338297
1991-08-07,153.730462802282,154.686483554989
1991-08-08,152.192693046187,153.148701909887
1991-08-09,151.418938598577,152.371858221228
1991-08-10,151.403746524699,152.358335126384
1991-08-11,151.363696971462,152.319796549522
1991-08-12,151.372272326084,152.33019422293
1991-08-13,151.777716360893,152.739961142528
1991-08-14,155.415358260456,156.397973050095
1991-08-15,154.141164396044,155.132762330613
1991-08-16,153.143031101257,154.129999512371
1991-08-17,151.69350372868,152.672923183838
1991-08-18,149.628160267457,150.596008221686
1991-08-19,148.044736491829,149.004097840849
1991-08-20,150.152172766875,151.126920949736
1991-08-21,154.122993070917,155.097855986326
1991-08-22,154.1297448629,155.106781328141
1991-08-23,150.869357729967,151.827561209624
1991-08-24,151.191810723228,152.153845191705
1991-08-25,152.521845165394,153.492855443199
1991-08-26,152.865522077263,153.839173737896
1991-08-27,151.910657726716,152.881014978667
1991-08-28,154.016939455956,155.002513976573
1991-08-29,152.566814555244,153.554954572876
1991-08-30,154.727743308602,155.731657995572
1991-08-31,155.533603092737,156.539200883027
1991-09-01,156.160475809526,157.170470182007
1991-09-02,156.442078777982,157.455233090509
1991-09-03,154.200422063203,155.202675330493
1991-09-04,153.33048659514,154.328885581672
1991-09-05,153.539990334845,154.541537615391
1991-09-06,153.420237513437,154.42287264468
1991-09-07,152.512896678989,153.511385385157
1991-09-08,151.223024097326,152.214848376534
1991-09-09,149.595422628912,150.578321129929
1991-09-10,145.854933257602,146.814996337742
1991-09-11,146.241419579595,147.205721985838
1991-09-12,146.722243364971,147.690870848067
1991-09-13,148.291269322375,149.269597321636
1991-09-14,148.312708315131,149.292956221562
1991-09-15,148.174867873041,149.155931213859
1991-09-16,148.087592776183,149.069802215444
1991-09-17,146.621852370237,147.596059534735
1991-09-18,147.731920239694,148.715210838543
1991-09-19,147.437424960917,148.421665734511
1991-09-20,148.868719563623,149.864238931085
1991-09-21,147.97412494035,148.96977451158
1991-09-22,146.046324153289,147.030726267965
1991-09-23,145.474838378331,146.45709101549
1991-09-24,147.129744352769,148.12485842415
1991-09-25,147.976313235519,148.974343909835
1991-09-26,148.678114511754,149.680765499204
1991-09-27,148.519609887869,149.523341229566
1991-09-28,148.01122468292,149.013233753976
1991-09-29,146.824786408308,147.820474494922
1991-09-30,147.107514361119,148.106817480212
1991-10-01,149.874873952905,150.892344481913
1991-10-02,149.705847403373,150.725752307134
1991-10-03,150.165808412415,151.19058353421
1991-10-04,150.139845625677,151.166277794618
1991-10-05,150.301000643576,151.330268542099
1991-10-06,150.500615717617,151.532921417207
1991-10-07,150.661366823331,151.696453970537
1991-10-08,150.645072839732,151.681812452385
1991-10-09,151.254350842474,152.297035040578
1991-10-10,149.468481125308,150.504105986465
1991-10-11,152.123377839657,153.179135508892
1991-10-12,151.906947518607,152.965127667374
1991-10-13,151.774852293316,152.833875015456
1991-10-14,151.905378090923,152.967077399552
1991-10-15,155.890380880602,156.98041368615
1991-10-16,155.475870131169,156.570532662719
1991-10-17,156.834693705669,157.940735455287
1991-10-18,156.56557376709,157.672824000927
1991-10-19,156.026053299926,157.13130607812
1991-10-20,155.267574091994,156.369267966336
1991-10-21,154.380469968348,155.477671773582
1991-10-22,154.404205629584,155.503374414272
1991-10-23,155.12292400484,156.229006495192
1991-10-24,152.7855927717,153.882091617605
1991-10-25,151.986926457386,153.079483138858
1991-10-26,152.727797994477,153.827457512589
1991-10-27,153.659991363159,154.766043338229
1991-10-28,154.665759897953,155.777988228407
1991-10-29,156.946981572232,158.07035098878
1991-10-30,153.421180915062,154.546701377497
1991-10-31,153.131358113933,154.256837465247
1991-11-01,152.324445905528,153.445779022384
1991-11-02,151.115973445084,152.230194860888
1991-11-03,149.392511596572,150.495782087012
1991-11-04,148.270324865343,149.367051419681
1991-11-05,148.356090438008,149.455181860338
1991-11-06,146.555033577672,147.64284000112
1991-11-07,146.620993826758,147.710999845492
1991-11-08,148.641727948954,149.748226728413
1991-11-09,148.445578938296,149.553883585051
1991-11-10,148.272311185989,149.381058283641
1991-11-11,148.101559211057,149.21075359671
1991-11-12,148.177584476767,149.289081542011
1991-11-13,147.815799181164,148.926365790615
1991-11-14,146.690260344194,147.794090309331
1991-11-15,141.372028707899,142.437548099724
1991-11-16,139.743040828699,140.797938346941
1991-11-17,136.977882766103,138.013536338923
1991-11-18,135.427439644226,136.452959502798
1991-11-19,133.609753618897,134.623096326204
1991-11-20,132.514922489514,133.521518174773
1991-11-21,133.507729081242,134.523407714947
1991-11-22,130.224807097916,131.229124123269
1991-11-23,129.729128132281,130.731141383054
1991-11-24,129.332656246661,130.333125642719
1991-11-25,129.102042696466,130.102235221149
1991-11-26,131.512816856565,132.533189851867
1991-11-27,131.085998774132,132.108745318068
1991-11-28,131.044862057448,132.068805023384
1991-11-29,132.605382483397,133.643039487914
1991-11-30,131.552849261453,132.590093063515
1991-12-01,129.427602910129,130.449620689891
1991-12-02,128.485459658564,129.501534106532
1991-12-03,130.525996611137,131.559694980333
1991-12-04,130.132265418146,131.16763824646
1991-12-05,127.263425074787,128.277485007034
1991-12-06,126.720947776304,127.732168287222
1991-12-07,125.818617402002,126.824108157068
1991-12-08,125.033708901582,126.034393325942
1991-12-09,124.63818619615,125.637155118115
1991-12-10,122.983419908233,123.970579575577
1991-12-11,122.931994764686,123.920167206771
1991-12-12,123.273027584247,124.265373639891
1991-12-13,128.656919730307,129.687146479056
1991-12-14,128.671948584688,129.704057798927
1991-12-15,128.477681776334,129.509735631505
1991-12-16,128.034957648867,129.06494568417
1991-12-17,126.115690196662,127.131730430001
1991-12-18,124.59724970723,125.602530557601
1991-12-19,121.260556324358,122.240358619284
1991-12-20,121.190346655905,122.170973181727
1991-12-21,120.671651921479,121.649466785152
1991-12-22,119.650637450163,120.621565289873
1991-12-23,119.130179523527,120.098256292875
1991-12-24,119.382953650615,120.354448930141
1991-12-25,121.51593880807,122.504151210721
1991-12-26,123.684534318784,124.673105470516
1991-12-27,125.050336251187,126.039780433056
1991-12-28,126.462571616558,127.45728246202
1991-12-29,127.81323771673,128.812821105381
1991-12-30,129.265956403097,130.271021836104
1991-12-31,131.37732734949,132.388853446726
1992-01-01,131.314425232252,132.32760650537
1992-01-02,131.248194680791,132.262274622916
1992-01-03,135.382608271718,136.430044832861
1992-01-04,135.639549479413,136.686983420236
1992-01-05,136.399452181641,137.453616161874
1992-01-06,136.18461509438,137.239244775228
1992-01-07,134.237291765055,135.278306921957
1992-01-08,129.981215359832,130.990668469123
1992-01-09,132.941796948656,133.975644802546
1992-01-10,132.948711441665,133.984305558105
1992-01-11,133.134604316165,134.173072379581
1992-01-12,133.317060502265,134.358292433312
1992-01-13,133.272839956115,134.315206601807
1992-01-14,135.743872583813,136.806996339122
1992-01-15,141.766900563394,142.824367175142
1992-01-16,140.501113205236,141.577817087339
1992-01-17,142.335594392512,143.42786514875
1992-01-18,141.327160787881,142.419870994575
1992-01-19,138.851380857933,139.92646898118
1992-01-20,137.744266171577,138.812282467928
1992-01-21,136.988847486355,138.052486216915
1992-01-22,139.285793470572,140.368746655603
1992-01-23,139.53364280033,140.618245570313
1992-01-24,140.292252799005,141.383701518917
1992-01-25,139.768668272748,140.858991388558
1992-01-26,139.084590485551,140.171089357961
1992-01-27,138.659956530741,139.74462550145
1992-01-28,139.449148069561,140.541477594139
1992-01-29,135.842033824663,136.917558650076
1992-01-30,138.679565517265,139.779013025674
1992-01-31,141.448243485248,142.543215435255
1992-02-01,141.135259622441,142.232617073972
1992-02-02,140.55918082463,141.653565610214
1992-02-03,139.853585624272,140.943976909968
1992-02-04,139.704584564266,140.795308694943
1992-02-05,137.956748538176,139.035323713802
1992-02-06,136.935501773257,138.007570136545
1992-02-07,137.319984949839,138.396527555709
1992-02-08,136.628089826914,137.701620507252
1992-02-09,135.497958467908,136.56407596601
1992-02-10,134.545706261997,135.6057848198
1992-02-11,136.718528363078,137.797164917342
1992-02-12,137.415786680091,138.496129752676
1992-02-13,136.093814807109,137.168493655981
1992-02-14,136.640479872807,137.720936216936
1992-02-15,136.992853024915,138.076947111521
1992-02-16,137.510228675573,138.599312528636
1992-02-17,137.869148994534,138.961967974846
1992-02-18,138.107931614507,139.203872560716
1992-02-19,136.742773487869,137.830412794212
1992-02-20,139.827362567541,140.94100203174
1992-02-21,140.907748599117,142.019964786245
1992-02-22,140.939496109111,142.053478710647
1992-02-23,140.965693462207,142.081398014372
1992-02-24,140.824508258259,141.940613339959
1992-02-25,138.318045471935,139.415807187438
1992-02-26,142.021154487413,143.149787599901
1992-02-27,139.350671283503,140.494820478592
1992-02-28,139.50427226644,140.651178421909
1992-02-29,139.467161798336,140.615293095157
1992-03-01,139.464818255374,140.614417138011
1992-03-02,139.436315062604,140.587171642832
1992-03-03,140.514393827531,141.675643835928
1992-03-04,139.675331458104,140.834415373166
1992-03-05,139.198991534911,140.355620387773
1992-03-06,136.924824043967,138.064046906942
1992-03-07,136.554896835984,137.692509394889
1992-03-08,136.263176739821,137.39982505391
1992-03-09,136.076360511101,137.212911923062
1992-03-10,135.936941016069,137.073783159367
1992-03-11,134.913478079283,136.043224195079
1992-03-12,132.137756679039,133.245704600362
1992-03-13,133.145802020181,134.263623497169
1992-03-14,132.719122601207,133.836484806343
1992-03-15,131.901076852036,133.012971952419
1992-03-16,131.433606919288,132.542976511183
1992-03-17,131.676397338183,132.78922537596
1992-03-18,129.768244232702,130.86793023227
1992-03-19,133.211478366051,134.341736639842
1992-03-20,134.120373730018,135.248419582208
1992-03-21,133.883451725524,135.011803645969
1992-03-22,133.480469231496,134.606859087743
1992-03-23,132.902685563446,134.025627210532
1992-03-24,131.481111554146,132.593463269966
1992-03-25,131.023973988789,132.133862061386
1992-03-26,131.209501978985,132.322370715438
1992-03-27,129.29262852602,130.391806978519
1992-03-28,128.825946518205,129.922542540023
1992-03-29,128.20104722684,129.293703337283
1992-03-30,127.56496882111,128.653567805481
1992-03-31,126.902005101587,127.986315893434
1992-04-01,124.399983808762,125.464269005895
1992-04-02,122.358934549378,123.407085522334
1992-04-03,120.722174303038,121.75760953119
1992-04-04,120.537026302589,121.572165783329
1992-04-05,120.521338715503,121.557626618034
1992-04-06,120.930118281068,121.971209006776
1992-04-07,117.995580094126,119.017402499664
1992-04-08,113.300122890669,114.282544178795
1992-04-09,115.472991644898,116.475472999655
1992-04-10,121.056530986185,122.056626038442
1992-04-11,121.558479454561,122.553240650598
1992-04-12,123.164856024045,124.171108261263
1992-04-13,123.663362916663,124.671971691004
1992-04-14,125.905762963098,126.929802679384
1992-04-15,129.756548656645,130.779507786275
1992-04-16,129.792731261097,130.817271096447
1992-04-17,129.330395162991,130.352692835603
1992-04-18,128.535257309146,129.552646702277
1992-04-19,127.50070444462,128.511281812814
1992-04-20,126.736640096473,127.742518909953
1992-04-21,126.412731513311,127.417391804078
1992-04-22,126.894351120104,127.904190745445
1992-04-23,128.479540000948,129.50055532771
1992-04-24,126.71620847335,127.735494201633
1992-04-25,126.867043169616,127.888892863829
1992-04-26,126.97027161163,127.994269998611
1992-04-27,127.131498267259,128.158117759939
1992-04-28,128.268279368269,129.304858808819
1992-04-29,128.491352511538,129.530264899026
1992-04-30,130.020575695912,131.072168837229
1992-05-01,129.583347688791,130.635553552209
1992-05-02,129.543082895589,130.59637261192
1992-05-03,129.754514274475,130.810926441002
1992-05-04,129.496393429587,130.552288410246
1992-05-05,128.498887223506,129.548034387849
1992-05-06,129.707093598252,130.767476855806
1992-05-07,130.526247163403,131.591100361657
1992-05-08,129.690429769128,130.7524720177
1992-05-09,130.449549789095,131.519190545126
1992-05-10,132.113757919753,133.193839935175
1992-05-11,132.911988050039,133.995249475791
1992-05-12,130.959820956938,132.034295684925
1992-05-13,130.841265198903,131.916160930608
1992-05-14,128.954178691526,130.014976407794
1992-05-15,126.590403554092,127.63313410286
1992-05-16,126.285829329979,127.327410811407
1992-05-17,126.231089080006,127.273570687219
1992-05-18,126.631867684098,127.679016742053
1992-05-19,127.617801139759,128.673045019591
1992-05-20,128.002510154789,129.060963066615
1992-05-21,128.73631017161,129.801223918612
1992-05-22,129.849126345816,130.921653424054
1992-05-23,129.909070584184,130.983369522658
1992-05-24,130.038189522415,131.114940149276
1992-05-25,129.812374891577,130.888755956808
1992-05-26,127.786879118302,128.847858346464
1992-05-27,128.890558363593,129.962070328205
1992-05-28,128.928149725381,130.001316844251
1992-05-29,130.461096402919,131.54835573305
1992-05-30,129.651642230392,130.73842804872
1992-05-31,128.918972695036,130.000994016659
1992-06-01,128.378543066332,129.457409065321
1992-06-02,129.212696922595,130.299938969367
1992-06-03,128.511860384622,129.596880309167
1992-06-04,127.640634143942,128.719683824477
1992-06-05,125.538466991928,126.601111801198
1992-06-06,125.032805300688,126.092509096691
1992-06-07,124.358080515274,125.413408613653
1992-06-08,123.670655540031,124.721472281682
1992-06-09,122.804970273514,123.849755566835
1992-06-10,122.744147709036,123.789729434548
1992-06-11,122.100332152367,123.141745503
1992-06-12,119.863010531128,120.886651126615
1992-06-13,119.194468927128,120.213682501885
1992-06-14,118.250800918864,119.263227656971
1992-06-15,117.73397793995,118.743243935594
1992-06-16,118.139725435219,119.153736613096
1992-06-17,114.147504304734,115.135012079107
1992-06-18,112.641874078789,113.617583572851
1992-06-19,113.922545274888,114.910554361486
1992-06-20,113.467408991001,114.455366614133
1992-06-21,112.527348368602,113.5083398802
1992-06-22,112.088980316817,113.067351045537
1992-06-23,111.999514212225,112.978303188494
1992-06-24,110.901774808021,111.872168346428
1992-06-25,110.44864443965,111.416263636462
1992-06-26,109.25111503654,110.209423535523
1992-06-27,108.745084499922,109.700119761264
1992-06-28,107.873664627124,108.822203080068
1992-06-29,107.41421860714,108.359865529426
1992-06-30,108.292842247003,109.247371958709
1992-07-01,109.120529966114,110.080318861377
1992-07-02,111.254928740381,112.226894695728
1992-07-03,110.054153862271,111.028458575759
1992-07-04,110.095345449007,111.071199986792
1992-07-05,110.168905998715,111.146584075771
1992-07-06,110.209584464412,111.188805997414
1992-07-07,106.370042089592,107.31659528794
1992-07-08,105.733719939136,106.675748099423
1992-07-09,108.535171170552,109.503287817442
1992-07-10,108.862619591646,109.830919821051
1992-07-11,108.526411103074,109.493380949835
1992-07-12,107.568591597761,108.528185140435
1992-07-13,107.234522515365,108.192287191003
1992-07-14,107.674236990909,108.637069307697
1992-07-15,107.806118225045,108.771070644396
1992-07-16,108.38399923733,109.35499394414
1992-07-17,104.213052928634,105.158620719262
1992-07-18,102.157305128913,103.085328254183
1992-07-19,100.644283113389,101.55965869961
1992-07-20,99.0698317315414,99.9719594486512
1992-07-21,103.267144275789,104.208550154588
1992-07-22,99.1835421464244,100.172592291622
1992-07-23,100.348440359731,101.350171082288
1992-07-24,97.8909906722129,98.8835147768449
1992-07-25,97.5994660264841,98.5900820684808
1992-07-26,97.3685449910536,98.3578605872183
1992-07-27,97.0998814819948,98.0875120880039
1992-07-28,98.190659799959,99.1904150479266
1992-07-29,98.9473086054321,99.9517860823996
1992-07-30,100.860757847231,101.878716823486
1992-07-31,101.866191701886,102.886154822417
1992-08-01,101.74680661531,102.767342185528
1992-08-02,101.639052882027,102.659598596775
1992-08-03,101.548560135172,102.569284440566
1992-08-04,101.139887949776,102.157586735071
1992-08-05,101.071789995446,102.089886160924
1992-08-06,100.94336343809,101.961238299696
1992-08-07,98.4195327042555,99.4130379826679
1992-08-08,97.3072199270943,98.2905512365076
1992-08-09,96.4586874696006,97.4344777686234
1992-08-10,95.6263886079036,96.5947920477416
1992-08-11,94.7730802030744,95.7338630329801
1992-08-12,93.6205580850748,94.5706670467198
1992-08-13,93.2068440965838,94.1537556873136
1992-08-14,94.6606902108561,95.6233628874907
1992-08-15,95.2240902554259,96.1893712467436
1992-08-16,95.6639375620122,96.6335091767575
1992-08-17,95.9126997720502,96.8853205318899
1992-08-18,93.53463905575,94.4870085217876
1992-08-19,93.0894808071504,94.0383165562743
1992-08-20,94.0491374955825,95.0087529698049
1992-08-21,96.1423659053611,97.1139132046979
1992-08-22,96.269301584004,97.2420277908294
1992-08-23,95.644866965852,96.6126555915622
1992-08-24,94.3899006166067,95.3460215619579
1992-08-25,90.7273943340447,91.6474236905343
1992-08-26,91.3415705404594,92.2687982304395
1992-08-27,94.8654730923143,95.8179607331403
1992-08-28,96.3462819049598,97.2876289460832
1992-08-29,96.4121942181255,97.3548942762628
1992-08-30,96.4831172446889,97.4275296370202
1992-08-31,96.5362672774013,97.4822257300081
1992-09-01,94.8249919902517,95.7554838963666
1992-09-02,93.9207583321797,94.8433908037646
1992-09-03,97.4667884538427,98.4252610376316
1992-09-04,101.835547366882,102.758679615552
1992-09-05,100.645866934867,101.584511096747
1992-09-06,99.377576114531,100.305468624992
1992-09-07,98.0946561400933,99.0116322640028
1992-09-08,95.9972256095559,96.8956382012275
1992-09-09,97.8608115447536,98.7776900457135
1992-09-10,99.2595695482565,100.17754106136
1992-09-11,99.3210598065569,100.240388831353
1992-09-12,102.256374842412,103.203382597162
1992-09-13,105.492368985412,106.424286195366
1992-09-14,108.271318399993,109.187789430393
1992-09-15,105.668252208813,106.596592471047
1992-09-16,107.122902435089,108.065168312943
1992-09-17,109.890873255418,110.840158547128
1992-09-18,110.966150943605,111.912857949886
1992-09-19,110.664280510344,111.611155125183
1992-09-20,110.241308483971,111.185781040012
1992-09-21,109.949829702635,110.893014111599
1992-09-22,109.074950896111,110.011842895859
1992-09-23,113.373971687519,114.34899170066
1992-09-24,111.658851509186,112.653453596557
1992-09-25,107.886204001879,108.848433568182
1992-09-26,106.764089690561,107.717504992218
1992-09-27,105.912145317069,106.859137653963
1992-09-28,104.953362091543,105.892953322466
1992-09-29,100.709090633617,101.611841260394
1992-09-30,99.0764999516623,99.9657204787763
1992-10-01,99.578606438542,100.473427877106
1992-10-02,100.062827218296,100.961964529777
1992-10-03,98.2297207876725,99.1177974891922
1992-10-04,96.0738454751689,96.9435130367699
1992-10-05,94.9058758444657,95.7660286114094
1992-10-06,96.9512696890432,97.8310102323771
1992-10-07,96.8996475076189,97.780749977634
1992-10-08,102.592718817479,103.526648455213
1992-10-09,101.082547573964,102.046596254528
1992-10-10,101.314005689736,102.281376205851
1992-10-11,101.898157620241,102.871635102172
1992-10-12,102.686552746051,103.666558593395
1992-10-13,105.339156109612,106.335743275521
1992-10-14,102.879792778234,103.885331809095
1992-10-15,102.825532957224,103.831676746977
1992-10-16,102.23015208625,103.2316013356
1992-10-17,102.720070195439,103.727442845794
1992-10-18,104.023757019031,105.042105821698
1992-10-19,105.635705089102,106.66113147445
1992-10-20,108.107031612508,109.139231338984
1992-10-21,109.551883262878,110.583052333942
1992-10-22,109.848270110274,110.881690224279
1992-10-23,112.65713215861,113.714736298796
1992-10-24,112.742562348576,113.801449161674
1992-10-25,112.868435433077,113.929721923591
1992-10-26,112.986256627872,114.049860952164
1992-10-27,113.182984416868,114.249617916665
1992-10-28,112.522423340667,113.584612242318
1992-10-29,112.657480000489,113.722194034638
1992-10-30,111.426964306928,112.48191950182
1992-10-31,111.845435528915,112.905577193368
1992-11-01,112.92410036027,113.993825751566
1992-11-02,114.231185844726,115.30850772748
1992-11-03,116.912350711099,118.001293714633
1992-11-04,115.325410479566,116.419141681417
1992-11-05,117.418144359365,118.533002676646
1992-11-06,116.826612857239,117.942632497161
1992-11-07,116.490906321741,117.605012101942
1992-11-08,116.225642534193,117.33850110882
1992-11-09,116.242191987175,117.356499743049
1992-11-10,117.084527724839,118.2081943738
1992-11-11,117.586181262632,118.714277441717
1992-11-12,117.172018931214,118.298339482796
1992-11-13,114.035344034251,115.132815935517
1992-11-14,114.065566291205,115.164585847069
1992-11-15,114.149401016355,115.250489448887
1992-11-16,114.36994664043,115.474379472337
1992-11-17,115.563458809501,116.679672464085
1992-11-18,116.198197043821,117.318707880724
1992-11-19,116.969339893436,118.096614443549
1992-11-20,118.683696954298,119.823375273913
1992-11-21,119.638183754913,120.781702571617
1992-11-22,120.149329330513,121.297180789932
1992-11-23,120.620928839685,121.773709896528
1992-11-24,120.685058325249,121.839718464684
1992-11-25,120.446944982118,121.600708049616
1992-11-26,121.541504265633,122.707098412157
1992-11-27,123.566202918703,124.743678683621
1992-11-28,123.737250897345,124.916547151337
1992-11-29,124.115700237456,125.299742850089
1992-11-30,124.157199578197,125.342956443741
1992-12-01,122.992884751995,124.168942747035
1992-12-02,120.173467118863,121.32392236468
1992-12-03,120.637946424893,121.79417694201
1992-12-04,119.807119629429,120.958300430972
1992-12-05,119.991376747004,121.145659558974
1992-12-06,120.392799494159,121.552009681552
1992-12-07,120.928886141379,122.093789310713
1992-12-08,118.784071970823,119.93425004329
1992-12-09,121.483566576333,122.661194814333
1992-12-10,122.698576136824,123.876111790166
1992-12-11,122.034019934752,123.209833981941
1992-12-12,121.519740292246,122.691939148248
1992-12-13,120.50488049587,121.668637301769
1992-12-14,120.065063641337,121.225896602074
1992-12-15,120.654104619625,121.821958032491
1992-12-16,119.29083676264,120.450099550208
1992-12-17,119.383148278013,120.544631250429
1992-12-18,124.142219878638,125.349975847666
1992-12-19,124.472132884891,125.678628472099
1992-12-20,124.756888127951,125.967216677212
1992-12-21,124.922392013359,126.13555454903
1992-12-22,127.426941947292,128.664419220471
1992-12-23,128.077571512812,129.316660640669
1992-12-24,127.448407045772,128.684412428563
1992-12-25,127.27322810735,128.508956668519
1992-12-26,127.358204093645,128.596170271068
1992-12-27,127.448689577153,128.688933776931
1992-12-28,127.404911433104,128.646161566044
1992-12-29,130.097831719531,131.366733210075
1992-12-30,128.912330075191,130.183658109609
1992-12-31,127.951537204773,129.2148129485
1993-01-01,128.027439972366,129.292968170588
1993-01-02,128.955182041354,130.231205516159
1993-01-03,130.040663582648,131.325211111285
1993-01-04,130.499028076812,131.787866659501
1993-01-05,130.641037590435,131.932621061648
1993-01-06,129.563269096162,130.846223745202
1993-01-07,128.802863175441,130.079814864546
1993-01-08,128.318186016539,129.591846748181
1993-01-09,127.919877721503,129.191104075629
1993-01-10,127.106084416577,128.370734824113
1993-01-11,126.142264674889,127.398819468754
1993-01-12,124.298923221919,125.538600499945
1993-01-13,125.151203270815,126.400850186841
1993-01-14,125.492185363602,126.745666557222
1993-01-15,125.593104901254,126.848982499997
1993-01-16,125.829804229954,127.089469602509
1993-01-17,126.00033094911,127.263066265134
1993-01-18,126.097034143602,127.362186887628
1993-01-19,125.05073179938,126.307190590608
1993-01-20,122.812166203684,124.04761443564
1993-01-21,124.363565289873,125.616069866016
1993-01-22,124.011576808825,125.264346945101
1993-01-23,123.412480757538,124.660663464125
1993-01-24,122.854387800773,124.098387985784
1993-01-25,122.243989915946,123.483270161212
1993-01-26,121.584474985416,122.818516360246
1993-01-27,122.249790807644,123.492024640935
1993-01-28,123.470882759972,124.723798300091
1993-01-29,125.4766376525,126.741730722297
1993-01-30,127.684887612666,128.956491540589
1993-01-31,129.738019780406,131.014353299555
1993-02-01,130.990225541798,132.270898416755
1993-02-02,131.435199955334,132.719820848368
1993-02-03,135.43393941746,136.752875011039
1993-02-04,138.205232499569,139.512255639091
1993-02-05,139.018420691635,140.327134413111
1993-02-06,138.649090902244,139.957081556122
1993-02-07,138.094881372029,139.39928387169
1993-02-08,137.686782310453,138.988965957564
1993-02-09,137.517603315351,138.819817031093
1993-02-10,136.574630374071,137.869542956958
1993-02-11,140.724741855718,142.060624571608
1993-02-12,137.363295848806,138.719050921962
1993-02-13,137.981643161056,139.345128955934
1993-02-14,139.091957434533,140.465715532996
1993-02-15,139.720612833643,141.099876202924
1993-02-16,134.910496496953,136.254349193676
1993-02-17,132.87976890006,134.204987708846
1993-02-18,135.853791124735,137.210242792076
1993-02-19,135.918157156516,137.276459193334
1993-02-20,135.80947672496,137.168311433632
1993-02-21,135.700411271805,137.059762129494
1993-02-22,135.656907143735,137.017427568476
1993-02-23,135.227596361117,136.585415594379
1993-02-24,135.049829945749,136.407461910963
1993-02-25,137.519654514479,138.903712873203
1993-02-26,140.195323846348,141.584181911103
1993-02-27,140.298375570054,141.689211247312
1993-02-28,140.372077763701,141.765278013685
1993-03-01,140.462452510283,141.858185107006
1993-03-02,141.155940587457,142.560076132387
1993-03-03,141.462511123973,142.870711833298
1993-03-04,140.529046208709,141.930567081589
1993-03-05,140.810323843254,142.216314595091
1993-03-06,143.279796658917,144.709895056273
1993-03-07,147.001492926697,148.438728050703
1993-03-08,149.625997386609,151.058270690469
1993-03-09,149.757381467841,151.191820295315
1993-03-10,151.567283351113,153.02024329688
1993-03-11,151.476768334788,152.931375063408
1993-03-12,149.333795574847,150.769632920307
1993-03-13,149.16701291128,150.603021189652
1993-03-14,149.036627191464,150.473156564657
1993-03-15,148.991095067963,150.428954435988
1993-03-16,148.374157968146,149.807814214065
1993-03-17,148.461935149612,149.898201755271
1993-03-18,152.13315520031,153.605977826095
1993-03-19,149.613959832566,151.09499870881
1993-03-20,149.479127159614,150.96059892377
1993-03-21,149.182287174793,150.662579921687
1993-03-22,148.747963401743,150.225703283852
1993-03-23,147.28886600391,148.753872435411
1993-03-24,145.447037291765,146.895467497155
1993-03-25,147.889533402537,149.364022847339
1993-03-26,148.811338173374,150.289420744946
1993-03-27,149.130242986067,150.612413819953
1993-03-28,149.334514090756,150.820327529797
1993-03-29,149.64886804769,151.139435716675
1993-03-30,150.441102738961,151.940641447951
1993-03-31,148.526332584052,150.013754562845
1993-04-01,150.687175139588,152.198023380661
1993-04-02,148.661045073299,150.168069937626
1993-04-03,149.36533441107,150.881277978537
1993-04-04,150.003539493335,151.526356653596
1993-04-05,150.62344200774,152.153136639971
1993-04-06,149.025360346151,150.543853913234
1993-04-07,151.930743269767,153.480632847773
1993-04-08,153.661493000665,155.21457806179
1993-04-09,152.428788520099,153.978184838443
1993-04-10,151.519713844726,153.061696467999
1993-04-11,151.069207481556,152.608409923139
1993-04-12,150.92005901916,152.459551370555
1993-04-13,154.819698768239,156.400771898164
1993-04-14,152.529823271662,154.118651080419
1993-04-15,155.06304542245,156.680089772079
1993-04-16,153.730834603914,155.346954461184
1993-04-17,154.437770891191,156.063168926239
1993-04-18,155.208982206464,156.842706725213
1993-04-19,155.736039936489,157.37598442323
1993-04-20,151.289117260342,152.891289436014
1993-04-21,151.961640068315,153.57275492339
1993-04-22,150.655729759206,152.257702476522
1993-04-23,150.180066599007,151.778822839326
1993-04-24,148.754378804856,150.339789212277
1993-04-25,146.43380608827,147.996299842691
1993-04-26,145.104742077116,146.654845257449
1993-04-27,148.867263725978,150.459342430714
1993-04-28,150.347145781616,151.938417840181
1993-04-29,148.578052317346,150.160983975467
1993-04-30,151.280099825098,152.893622920509
1993-05-01,151.761736228252,153.37817451561
1993-05-02,152.431058867188,154.055515819634
1993-05-03,152.911195109349,154.541661338999
1993-05-04,152.135072275826,153.760315523075
1993-05-05,152.382474206925,154.012212885322
1993-05-06,151.832403551953,153.458539776165
1993-05-07,151.178939099174,152.799923640494
1993-05-08,151.511473886377,153.137867577059
1993-05-09,152.501085002542,154.138965186952
1993-05-10,153.69765398136,155.346523129599
1993-05-11,156.375528407048,158.044865210871
1993-05-12,155.057581420879,156.726198156216
1993-05-13,155.004846441803,156.674787509381
1993-05-14,154.238479418201,155.902035854775
1993-05-15,153.969156797461,155.631683086913
1993-05-16,154.003930678237,155.668691866418
1993-05-17,153.976368800893,155.642693321673
1993-05-18,155.293428117998,156.97588383029
1993-05-19,158.318828213773,160.023362804687
1993-05-20,158.835770499962,160.543162757669
1993-05-21,158.551800140898,160.258542822862
1993-05-22,159.299223740884,161.015943495291
1993-05-23,161.031698114984,162.765130343924
1993-05-24,161.794870338856,163.534568072877
1993-05-25,163.082599997811,164.835255887418
1993-05-26,165.836308791175,167.609966273463
1993-05-27,165.669062822043,167.444566568039
1993-05-28,162.662817425972,164.408076410806
1993-05-29,161.852400641258,163.59090501328
1993-05-30,160.731553825193,162.459949844056
1993-05-31,160.030088615319,161.752865685412
1993-06-01,160.714380656282,162.446440751761
1993-06-02,161.070032817324,162.807197347283
1993-06-03,163.470711842162,165.233310850462
1993-06-04,160.8320766734,162.587729330278
1993-06-05,161.882904430471,163.651980074907
1993-06-06,164.530786878624,166.322406358412
1993-06-07,165.565970515587,167.362818850819
1993-06-08,163.429180182447,165.211390865384
1993-06-09,165.569617652257,167.377160938914
1993-06-10,166.907535200678,168.723268547004
1993-06-11,168.095795308024,169.921948920455
1993-06-12,167.748008295405,169.573734130343
1993-06-13,167.41080141072,169.234901122792
1993-06-14,167.383013750929,169.208849157458
1993-06-15,163.44958973025,165.234550837956
1993-06-16,165.304423660461,167.111633419514
1993-06-17,167.333078254777,169.153323653854
1993-06-18,164.426888171856,166.235099527911
1993-06-19,163.759830326272,165.562712923408
1993-06-20,163.907373206913,165.713882229892
1993-06-21,164.71055002336,166.527622312428
1993-06-22,165.918592234826,167.748201348735
1993-06-23,169.066398847742,170.921596313513
1993-06-24,172.383883521101,174.247102055928
1993-06-25,175.457392969805,177.327143705276
1993-06-26,177.080685405122,178.956173233614
1993-06-27,178.41164883082,180.297587920903
1993-06-28,178.963559494859,180.855602934003
1993-06-29,174.101137778299,175.951082650183
1993-06-30,174.390122268503,176.245265185869
1993-07-01,176.988926126253,178.871906887602
1993-07-02,171.134232805439,173.00017171788
1993-07-03,171.042250819971,172.90928405383
1993-07-04,171.006577793336,172.875319095938
1993-07-05,171.092625454703,172.96440438251
1993-07-06,172.341499671978,174.22884040985
1993-07-07,172.333456518359,174.222960442559
1993-07-08,175.378289376036,177.303294686625
1993-07-09,177.989627471225,179.923015296638
1993-07-10,179.238782926457,181.179145762849
1993-07-11,180.305380443031,182.255981648519
1993-07-12,180.749599219914,182.706028888384
1993-07-13,182.602538048782,184.579160054377
1993-07-14,184.221281657403,186.209680868716
1993-07-15,182.117449471685,184.094632410704
1993-07-16,182.9654910574,184.95414022101
1993-07-17,182.432061047305,184.418456123683
1993-07-18,181.854711342358,183.837092224987
1993-07-19,181.049291157799,183.025150247927
1993-07-20,179.466501506276,181.427326597115
1993-07-21,177.623793983456,179.566715162869
1993-07-22,179.400867971205,181.365431559695
1993-07-23,181.779112031967,183.760375023683
1993-07-24,182.707123989638,184.694940476365
1993-07-25,184.067174867302,186.068801093072
1993-07-26,185.287788650121,187.300646617234
1993-07-27,185.844018349173,187.863522287243
1993-07-28,186.174505766744,188.1994898046
1993-07-29,188.680120838616,190.73265452077
1993-07-30,195.482412364253,197.566444071316
1993-07-31,195.904208289128,197.988410112849
1993-08-01,196.277345619381,198.367632838321
1993-08-02,196.70656446431,198.803517325567
1993-08-03,193.31387043191,195.380650285624
1993-08-04,193.101051422407,195.167986166919
1993-08-05,193.534387844407,195.608397378649
1993-08-06,195.063235537726,197.154480325369
1993-08-07,194.894966330554,196.987629900372
1993-08-08,194.209393843038,196.297154055242
1993-08-09,193.996673369035,196.084585696294
1993-08-10,195.276429011527,197.38054224043
1993-08-11,200.578939149246,202.72557286904
1993-08-12,201.942721275558,204.088866725584
1993-08-13,202.864628208948,205.020211512531
1993-08-14,203.814500688228,205.980696739091
1993-08-15,204.865051753466,207.042667148709
1993-08-16,205.734514198015,207.921845974665
1993-08-17,201.750479791278,203.906271864105
1993-08-18,203.754465985542,205.934208289396
1993-08-19,201.906311904522,204.078034316803
1993-08-20,196.354023858956,198.468547087249
1993-08-21,195.541202297094,197.649428674593
1993-08-22,194.762213845413,196.864484742969
1993-08-23,194.208334365048,196.307062769634
1993-08-24,196.586690114529,198.713552467736
1993-08-25,195.524059766318,197.648478204133
1993-08-26,197.879562693373,200.032015054596
1993-08-27,197.50184467841,199.655088636743
1993-08-28,198.103754213802,200.266013058422
1993-08-29,198.649911995829,200.819843565023
1993-08-30,199.252518773222,201.430752594163
1993-08-31,200.116885472235,202.30582127563
1993-09-01,199.479164658013,201.665034511958
1993-09-02,195.987324827427,198.137428248997
1993-09-03,195.226877331909,197.371102618385
1993-09-04,194.05527474863,196.189075394835
1993-09-05,192.412554897206,194.530723584794
1993-09-06,191.273044311552,193.3810804407
1993-09-07,189.45978672747,191.550245565566
1993-09-08,185.340435342603,187.387782795864
1993-09-09,184.424460690389,186.463956621866
1993-09-10,183.414981151513,185.445602007125
1993-09-11,183.270871541735,185.302175381717
1993-09-12,183.066662752025,185.097970472545
1993-09-13,182.919423428185,184.951365843473
1993-09-14,183.665006289949,185.707495688603
1993-09-15,181.916508129204,183.945353061184
1993-09-16,177.581325035819,179.564100333484
1993-09-17,183.709633795894,185.763046755713
1993-09-18,183.656507148703,185.712996241382
1993-09-19,182.988565901951,185.039871250202
1993-09-20,182.038161187801,184.081100822238
1993-09-21,177.949249074049,179.948574964759
1993-09-22,180.604337072962,182.635721411217
1993-09-23,182.366833755924,184.407534213788
1993-09-24,186.71302580724,188.78417288002
1993-09-25,186.122491925356,188.196597828233
1993-09-26,184.193499571136,186.248435688045
1993-09-27,183.616531204005,185.667327937237
1993-09-28,184.838517590307,186.90525938939
1993-09-29,180.881373672421,182.919198720155
1993-09-30,183.374732884129,185.442901411802
1993-10-01,188.01553221562,190.106987891066
1993-10-02,187.61426614998,189.708865823922
1993-10-03,186.803745629393,188.891646453982
1993-10-04,186.377642700379,188.463109721808
1993-10-05,187.193358478118,189.290289255105
1993-10-06,190.750490531257,192.882108060326
1993-10-07,188.288873279316,190.418570379727
1993-10-08,188.583398124284,190.718792727729
1993-10-09,188.0466533617,190.178730631451
1993-10-10,187.619570434997,189.74916383775
1993-10-11,187.088133521381,189.214044718771
1993-10-12,186.648324100438,188.771586723394
1993-10-13,187.749696065114,189.887828635699
1993-10-14,189.284834195029,191.438449289934
1993-10-15,194.280476338024,196.473421566822
1993-10-16,194.702778166558,196.897889655598
1993-10-17,194.910970176026,197.110695511249
1993-10-18,195.197625078646,197.402919261865
1993-10-19,196.555945767571,198.778143743494
1993-10-20,198.31785772111,200.556538051198
1993-10-21,199.191059189143,201.438386304188
1993-10-22,201.85210536086,204.126390400236
1993-10-23,202.695522643393,204.976514378357
1993-10-24,203.392271557757,205.682333452242
1993-10-25,204.014045810561,206.312702573308
1993-10-26,204.446624311552,206.752146571902
1993-10-27,201.358625692799,203.635019993381
1993-10-28,202.920842995694,205.217447646037
1993-10-29,205.286092623453,207.603103471036
1993-10-30,205.403091225069,207.723526859184
1993-10-31,205.694515483815,208.020791757499
1993-11-01,206.41217417856,208.748731810568
1993-11-02,208.729998126612,211.091555755987
1993-11-03,206.978202330998,209.332425787837
1993-11-04,201.131610150949,203.421953673223
1993-11-05,198.479839417159,200.742540376516
1993-11-06,198.50014266561,200.765589776244
1993-11-07,198.03662670532,200.299294285636
1993-11-08,198.051026317274,200.316370180339
1993-11-09,196.361755973698,198.610294285883
1993-11-10,199.029245243099,201.310817120347
1993-11-11,199.14720040866,201.432051083246
1993-11-12,203.545132458403,205.881988001798
1993-11-13,202.757219611876,205.096476674212
1993-11-14,201.07155435411,203.393951907411
1993-11-15,200.299005949709,202.615043546999
1993-11-16,202.660852534594,205.006749969388
1993-11-17,203.849656664449,206.205132518278
1993-11-18,203.797787269911,206.155490620467
1993-11-19,201.646182208485,203.981587205427
1993-11-20,199.004885323883,201.312265186436
1993-11-21,196.699970752665,198.98315871713
1993-11-22,195.271510095742,197.540615753269
1993-11-23,194.912168416547,197.179581139867
1993-11-24,193.204614046,195.454633104809
1993-11-25,195.553880233703,197.833714315789
1993-11-26,192.936532312413,195.20422279397
1993-11-27,190.597699775036,192.840355661594
1993-11-28,188.412526120478,190.631887953102
1993-11-29,187.329547133574,189.538535490217
1993-11-30,188.705907564349,190.933480994058
1993-12-01,197.686886871795,199.990494707074
1993-12-02,199.983810355922,202.265073754018
1993-12-03,201.06382334536,203.354190442319
1993-12-04,200.816312255938,203.107140786171
1993-12-05,199.78701716951,202.068669422497
1993-12-06,198.56799027558,200.838278693637
1993-12-07,197.345972641463,199.604830325953
1993-12-08,197.470758886596,199.73356964992
1993-12-09,200.074361477887,202.368899908614
1993-12-10,199.570250038319,201.865021685247
1993-12-11,200.346821434066,202.653082491547
1993-12-12,201.104076346317,203.420238549936
1993-12-13,201.846894277348,204.172887253376
1993-12-14,200.454654608601,202.769721462762
1993-12-15,200.125412512208,202.43925580079
1993-12-16,203.334935552911,205.688458005332
1993-12-17,205.37348442052,207.737278501254
1993-12-18,204.856360769737,207.21948217191
1993-12-19,203.847823865507,206.201936357369
1993-12-20,203.323809830522,205.67448592101
1993-12-21,201.689757320846,204.024144282235
1993-12-22,203.274742509605,205.630057597269
1993-12-23,204.197306086849,206.562439836616
1993-12-24,202.977747252611,205.334121702222
1993-12-25,203.03058178734,205.390165599504
1993-12-26,203.626400741697,205.995476238072
1993-12-27,203.83463149017,206.208483468127
1993-12-28,205.571352815192,207.967272256533
1993-12-29,208.655902716438,211.077542745233
1993-12-30,210.010089166491,212.440357077004
1993-12-31,211.534771406371,213.980638665288
1994-01-01,211.555446083836,214.004275147185
1994-01-02,211.66195082139,214.114708601598
1994-01-03,211.822419026284,214.279722025026
1994-01-04,213.123939103184,215.598650806237
1994-01-05,213.60556073405,216.087232237466
1994-01-06,213.61596548363,216.100521538566
1994-01-07,217.262664220563,219.792381535888
1994-01-08,218.330752914462,220.866930403108
1994-01-09,218.327591068173,220.866613230082
1994-01-10,218.151347337401,220.691124253828
1994-01-11,218.498633515897,221.045251489298
1994-01-12,215.836093082161,218.356473228868
1994-01-13,213.44277761168,215.937983799108
1994-01-14,221.504119620965,224.096307878191
1994-01-15,221.135024543352,223.733034042368
1994-01-16,220.716814496092,223.31275984774
1994-01-17,220.299938837263,222.893814802912
1994-01-18,221.164486948597,223.771373178331
1994-01-19,223.722119516629,226.35716030666
1994-01-20,223.895396061637,226.534537317297
1994-01-21,222.831133098005,225.460958258075
1994-01-22,221.991204621892,224.613984982863
1994-01-23,220.142376705989,222.746170323787
1994-01-24,219.323430937098,221.92037296358
1994-01-25,220.290029172206,222.901242033536
1994-01-26,223.016603539559,225.657133648578
1994-01-27,224.78064663619,227.434330442702
1994-01-28,225.251139224587,227.911529871567
1994-01-29,228.894516435036,231.59725020046
1994-01-30,233.266678447297,235.989371215793
1994-01-31,237.036962641061,239.772008648751
1994-02-01,236.97348516116,239.711568111976
1994-02-02,237.210198874201,239.954060594719
1994-02-03,236.451639545694,239.190132037057
1994-02-04,232.248253936763,234.941101983814
1994-02-05,230.552589304818,233.228768022825
1994-02-06,229.924440156263,232.596284993588
1994-02-07,230.299579511904,232.978737143616
1994-02-08,232.412017969575,235.117125520892
1994-02-09,232.296944586776,235.004354194572
1994-02-10,230.736486125871,233.42869076662
1994-02-11,229.130613339871,231.807022252545
1994-02-12,228.505542670705,231.177571727984
1994-02-13,228.452459752459,231.12678455477
1994-02-14,228.34077814189,231.016698807264
1994-02-15,226.420144515813,229.07644815022
1994-02-16,226.092644725304,228.748001076488
1994-02-17,225.292235555767,227.9410917511
1994-02-18,222.07937642238,224.693356535197
1994-02-19,221.31124536496,223.919033826453
1994-02-20,220.534198646408,223.13566897618
1994-02-21,220.21653720859,222.817094348256
1994-02-22,223.579181517975,226.222246681868
1994-02-23,224.061245397622,226.709465257356
1994-02-24,222.873528970477,225.511807455844
1994-02-25,220.426990217314,223.0391080133
1994-02-26,222.042668267941,224.676705284946
1994-02-27,223.535995440366,226.185277910536
1994-02-28,224.36679784039,227.026119350215
1994-03-01,218.027271933593,220.625701929403
1994-03-02,214.882102207672,217.445841341816
1994-03-03,215.1135920024,217.682854005496
1994-03-04,216.798558431202,219.389916175025
1994-03-05,217.86674397092,220.469635010404
1994-03-06,218.698609731385,221.31231221721
1994-03-07,219.399474316083,222.023106731155
1994-03-08,219.357078602137,221.983135585897
1994-03-09,216.428749018869,219.022567564514
1994-03-10,212.892003839659,215.446218084635
1994-03-11,211.207292396096,213.744038200577
1994-03-12,212.039501643761,214.588967118099
1994-03-13,213.212682570392,215.776784672315
1994-03-14,214.202072365991,216.77821077979
1994-03-15,216.846384564828,219.451170521116
1994-03-16,218.467160997347,221.084528024929
1994-03-17,215.276244815113,217.869954456761
1994-03-18,214.698278097478,217.287806556291
1994-03-19,214.003304991309,216.587235414909
1994-03-20,213.433972675025,216.013801137581
1994-03-21,213.227160516585,215.807250147616
1994-03-22,210.914417816876,213.469282505067
1994-03-23,210.611919897443,213.165849899616
1994-03-24,206.678146638355,209.187109962693
1994-03-25,202.301860701511,204.760382808983
1994-03-26,202.740627765694,205.207100561845
1994-03-27,203.400422562088,205.876901535447
1994-03-28,203.827287446861,206.310960640903
1994-03-29,199.527355910146,201.965508197306
1994-03-30,196.824442042238,199.232081077402
1994-03-31,193.961606512191,196.33677577556
1994-04-01,192.674663699369,195.036586193477
1994-04-02,192.188294028554,194.546751694138
1994-04-03,192.110082105807,194.470064239275
1994-04-04,192.31477037201,194.679751832397
1994-04-05,199.218407425378,201.667492472951
1994-04-06,204.638947742803,207.063033819458
1994-04-07,205.569719553364,207.995803807627
1994-04-08,204.506129623735,206.924695018427
1994-04-09,205.11912415869,207.547589529294
1994-04-10,207.045704802922,209.496872520583
1994-04-11,207.648376225872,210.106686169827
1994-04-12,209.107626314989,211.583907519088
1994-04-13,208.972649242931,211.450597401373
1994-04-14,206.890548042308,209.346522827816
1994-04-15,208.583009264593,211.06177395551
1994-04-16,207.942303551768,210.418863750707
1994-04-17,207.202605159201,209.673066912472
1994-04-18,206.499213010989,208.963992679531
1994-04-19,204.254022337409,206.694693536475
1994-04-20,200.613292507267,203.01312573656
1994-04-21,200.176324668488,202.573564779843
1994-04-22,202.517373665571,204.945280531307
1994-04-23,202.413861447988,204.843913859877
1994-04-24,201.256476253632,203.675287974727
1994-04-25,201.148913096804,203.569071441189
1994-04-26,203.324058541004,205.773021242641
1994-04-27,202.396505264698,204.842035175031
1994-04-28,202.614569445577,205.06536661052
1994-04-29,200.401853223507,202.829562442271
1994-04-30,199.885460422855,202.309494553862
1994-05-01,199.531194861195,201.953523304739
1994-05-02,198.985142749587,201.40344697963
1994-05-03,197.003026867401,199.399834818653
1994-05-04,194.189146678936,196.554292134032
1994-05-05,198.429655332274,200.84899461708
1994-05-06,198.289484840387,200.711457164101
1994-05-07,196.784484793117,199.19067231034
1994-05-08,194.271555628767,196.649599497993
1994-05-09,192.83364996817,195.196628354689
1994-05-10,196.17587120094,198.58232132486
1994-05-11,198.418561367591,200.836067833113
1994-05-12,199.254740510886,201.68049480349
1994-05-13,198.833148750339,201.25728460697
1994-05-14,198.957284497569,201.385534789518
1994-05-15,199.074351601851,201.506602359753
1994-05-16,199.196280510635,201.632607356833
1994-05-17,201.390401918778,203.855621408947
1994-05-18,202.506283424625,204.981839973465
1994-05-19,200.408646018572,202.866954698458
1994-05-20,200.483518674569,202.945382429202
1994-05-21,200.346209453767,202.809056617903
1994-05-22,200.092761744798,202.555128787139
1994-05-23,199.765030511805,202.225993727535
1994-05-24,199.018208733893,201.472589127171
1994-05-25,199.00797922392,201.464853850623
1994-05-26,196.943467940443,199.377480283245
1994-05-27,198.127467014007,200.578755740607
1994-05-28,198.174218646235,200.628650419465
1994-05-29,198.091119641276,200.547168617234
1994-05-30,197.881879184082,200.337953929135
1994-05-31,196.682127945256,199.125898197606
1994-06-01,197.528928098359,199.985810589891
1994-06-02,197.311812240128,199.769103928708
1994-06-03,199.941442369934,202.434082736276
1994-06-04,200.426644512754,202.924912675967
1994-06-05,200.799087191553,203.304233128075
1994-06-06,200.87016900984,203.37881241805
1994-06-07,201.405504656136,203.923419425228
1994-06-08,203.291946672004,205.833692542438
1994-06-09,203.797145563938,206.345656529017
1994-06-10,203.767880711983,206.318786979853
1994-06-11,203.492407498616,206.042565574585
1994-06-12,202.852762049466,205.397594887783
1994-06-13,201.975844241791,204.512357215125
1994-06-14,200.315181501469,202.833519296539
1994-06-15,198.706474355075,201.207241280193
1994-06-16,195.556130734624,198.019876122477
1994-06-17,195.740279713573,198.208938481161
1994-06-18,193.176443812088,195.616471310518
1994-06-19,188.418671241415,190.801160125226
1994-06-20,185.910794992078,188.264074869201
1994-06-21,184.220363840659,186.554705997877
1994-06-22,184.468672815723,186.808610242379
1994-06-23,186.318213337248,188.682908281775
1994-06-24,180.36911671417,182.690439082849
1994-06-25,179.43880063102,181.75055074074
1994-06-26,178.872642313426,181.179484633622
1994-06-27,179.065159377369,181.376861737965
1994-06-28,181.89657370591,184.245807147849
1994-06-29,182.665178443413,185.020851098997
1994-06-30,184.602825353523,186.98194411567
1994-07-01,184.631298014788,187.013166727834
1994-07-02,184.666248700117,187.051002218387
1994-07-03,184.908803331296,187.299127199834
1994-07-04,185.223905777406,187.62056078371
1994-07-05,184.350219033556,186.738747435573
1994-07-06,182.328637129875,184.693423554807
1994-07-07,182.25087013203,184.617074759705
1994-07-08,181.743214819472,184.105253417061
1994-07-09,181.511930441186,183.873376731965
1994-07-10,180.854671231356,183.209976254138
1994-07-11,179.403854157624,181.742670380332
1994-07-12,175.591071297136,177.882557444145
1994-07-13,175.764966816587,178.061054687365
1994-07-14,181.06150721476,183.426742063722
1994-07-15,184.667541875613,187.029342159511
1994-07-16,184.297520718094,186.660748724341
1994-07-17,183.237862034724,185.589958254958
1994-07-18,182.70957388468,185.057327910741
1994-07-19,183.626412544847,185.98837715122
1994-07-20,187.925098748296,190.334186469945
1994-07-21,183.324009232462,185.729641308237
1994-07-22,189.936189305368,192.431032022252
1994-07-23,189.420747178477,191.920732664526
1994-07-24,188.866993000487,191.362190891776
1994-07-25,188.453168429446,190.945408363898
1994-07-26,189.181664587371,191.686045909216
1994-07-27,186.229173651676,188.702622652926
1994-07-28,184.186822438245,186.63554173917
1994-07-29,190.891552430131,193.431808881326
1994-07-30,190.810308487497,193.353807234985
1994-07-31,189.291831197221,191.817603635072
1994-08-01,189.293759297362,191.8220624775
1994-08-02,192.566615698028,195.141151118734
1994-08-03,194.191712629964,196.776783259727
1994-08-04,190.87503732431,193.432285675912
1994-08-05,192.863751099435,195.450179309587
1994-08-06,192.650063218262,195.237392679157
1994-08-07,192.347804276974,194.933634699538
1994-08-08,192.147848457436,194.733536515672
1994-08-09,192.636820557286,195.231629464325
1994-08-10,189.46331551076,192.021875634184
1994-08-11,193.472949502015,196.088174526021
1994-08-12,185.729034659438,188.323300481884
1994-08-13,186.253725280081,188.857794897707
1994-08-14,187.192012268236,189.810408727972
1994-08-15,187.711179939574,190.338087516547
1994-08-16,188.389915068596,191.027933844879
1994-08-17,190.556299252059,193.223350251785
1994-08-18,188.972436034343,191.628989469562
1994-08-19,188.406326565472,191.057442150661
1994-08-20,187.979395661317,190.627014580271
1994-08-21,187.592760604037,190.237433189235
1994-08-22,187.074695405245,189.714566110026
1994-08-23,186.287724770668,188.918976316292
1994-08-24,188.063806431386,190.722636622141
1994-08-25,191.738039277145,194.433994824793
1994-08-26,189.15023576003,191.837329192274
1994-08-27,191.496462726957,194.219433129377
1994-08-28,195.508277829156,198.266224745745
1994-08-29,198.19225161323,200.963392724326
1994-08-30,199.715891254752,202.500884755801
1994-08-31,200.231090940933,203.024068999555
1994-09-01,200.671954881963,203.473220699442
1994-09-02,198.414137945456,201.188977424041
1994-09-03,197.061338136017,199.819900474317
1994-09-04,195.82389388281,198.567752587643
1994-09-05,194.490938079361,197.218716689199
1994-09-06,191.6439479103,194.334374868051
1994-09-07,192.643076849789,195.350082050391
1994-09-08,190.533294046258,193.21870811413
1994-09-09,192.546288455752,195.262609809548
1994-09-10,190.94526187179,193.650064155377
1994-09-11,187.964685022969,190.629807677091
1994-09-12,186.331992403227,188.976462315092
1994-09-13,185.228386414659,187.859674778965
1994-09-14,185.577341849097,188.216054872448
1994-09-15,186.600109636136,189.254919329205
1994-09-16,188.083183681681,190.757594774884
1994-09-17,187.803095974441,190.47719739348
1994-09-18,187.375080489166,190.04559105463
1994-09-19,186.961483918827,189.628591367578
1994-09-20,186.845542022693,189.513482326131
1994-09-21,184.962921870279,187.606473209768
1994-09-22,184.469192187191,187.108166627472
1994-09-23,183.396033197592,186.022133814746
1994-09-24,183.945638764158,186.582086219492
1994-09-25,185.014988325255,187.667682968987
1994-09-26,185.574920231202,188.236567971391
1994-09-27,182.688208150229,185.315252198088
1994-09-28,181.109135332,183.715913728638
1994-09-29,183.18557888806,185.824702391542
1994-09-30,181.940103183671,184.570954728814
1994-10-01,182.18959243891,184.826486110936
1994-10-02,183.174739154723,185.827697735593
1994-10-03,183.415758485764,186.07405122518
1994-10-04,179.563573930724,182.170845549572
1994-10-05,175.962173909747,178.519536623936
1994-10-06,175.492270334769,178.045143738668
1994-10-07,173.842496242588,176.373714523112
1994-10-08,174.339879208533,176.880652566266
1994-10-09,175.604543612556,178.164324336762
1994-10-10,176.281726774963,178.851340540207
1994-10-11,177.188013971261,179.771510573866
1994-10-12,180.616211457093,183.243400794655
1994-10-13,182.858123928789,185.499133035916
1994-10-14,180.149998129993,182.770833687141
1994-10-15,179.150321413518,181.759018896571
1994-10-16,178.348594148243,180.948003004407
1994-10-17,177.923383350176,180.518968862264
1994-10-18,178.105417268961,180.706036021204
1994-10-19,177.256524097608,179.847524244948
1994-10-20,177.436511905618,180.032508882194
1994-10-21,174.765993820309,177.326544909742
1994-10-22,174.902432874879,177.467319084296
1994-10-23,175.293728454698,177.866555101691
1994-10-24,175.12902507496,177.701977503221
1994-10-25,171.292635575863,173.811558389645
1994-10-26,171.295989841525,173.817248744646
1994-10-27,171.341741671559,173.865973583542
1994-10-28,172.883903333158,175.433010686612
1994-10-29,174.667055612594,177.236840765508
1994-10-30,177.197514866331,179.794050564563
1994-10-31,179.006385643398,181.619010771677
1994-11-01,178.330791587319,180.939388903808
1994-11-02,176.616617315829,179.202519751594
1994-11-03,179.779204895123,182.413760896545
1994-11-04,179.608656480244,182.244778383391
1994-11-05,178.382484457351,181.003006139522
1994-11-06,176.876718025389,179.477495518443
1994-11-07,175.671311053518,178.256718508599
1994-11-08,174.730004016724,177.303897422925
1994-11-09,179.740360930859,182.390385602534
1994-11-10,177.213578625268,179.864606680876
1994-11-11,176.351171908732,178.991653077837
1994-11-12,177.234575176187,179.890630949315
1994-11-13,178.388421198072,181.0613124964
1994-11-14,179.232909006288,181.918166949195
1994-11-15,178.43307332461,181.110639578105
1994-11-16,183.359306378183,186.113169477509
1994-11-17,181.271309750375,184.024859581312
1994-11-18,182.106386480343,184.875037246711
1994-11-19,181.974485448142,184.743902657035
1994-11-20,181.788984819813,184.558000034022
1994-11-21,181.404271903994,184.169848960235
1994-11-22,177.412748149374,180.119889538695
1994-11-23,172.704049605964,175.341705158661
1994-11-24,172.584279452172,175.222408921759
1994-11-25,172.074779857403,174.707419927204
1994-11-26,172.508670848186,175.150242455618
1994-11-27,173.317668037795,175.972958735218
1994-11-28,173.864690080339,176.52943984223
1994-11-29,174.470795152687,177.146194606029
1994-11-30,177.079495852469,179.792762510268
1994-12-01,177.491786830782,180.210804565382
1994-12-02,176.154136762529,178.856526775877
1994-12-03,175.831032275464,178.530803421316
1994-12-04,175.552979462384,178.250815487902
1994-12-05,175.369045623778,178.066386922164
1994-12-06,175.558860775275,178.261437670941
1994-12-07,175.077276502401,177.775022258188
1994-12-08,175.493224365016,178.199709481407
1994-12-09,173.055134557826,175.729173199322
1994-12-10,172.006868753903,174.667014263458
1994-12-11,171.072750915668,173.720733721045
1994-12-12,170.541768022371,173.183799771143
1994-12-13,170.465664931194,173.108779204004
1994-12-14,169.710179630125,172.34384845877
1994-12-15,172.172732005315,174.84686785774
1994-12-16,173.385964880342,176.072608617502
1994-12-17,174.281673847855,176.981475334331
1994-12-18,175.369414938443,178.085667334513
1994-12-19,175.998872130191,178.725321927793
1994-12-20,175.365937471027,178.08606560968
1994-12-21,176.094923407481,178.828704150151
1994-12-22,179.309727205863,182.089239688749
1994-12-23,179.608844382917,182.392868395735
1994-12-24,179.906345080818,182.697217246843
1994-12-25,180.112564022704,182.908947132949
1994-12-26,180.345077580521,183.147402709282
1994-12-27,180.618430886063,183.427297014409
1994-12-28,180.71190074206,183.524577968214
1994-12-29,175.95569771774,178.697799500605
1994-12-30,175.611741525053,178.350771866525
1994-12-31,176.010052697453,178.757593732705
1995-01-01,176.938506418075,179.701870341761
1995-01-02,177.276439446996,180.0466038665
1995-01-03,176.664861066011,179.428395923318
1995-01-04,175.765444942556,178.517271415696
1995-01-05,173.832138628707,176.556043079654
1995-01-06,172.710208946295,175.418862725699
1995-01-07,172.710582579709,175.421540306171
1995-01-08,173.102867933074,175.822290773272
1995-01-09,173.128273026859,175.850388714265
1995-01-10,168.458014779436,171.109112213546
1995-01-11,169.408467581505,172.076775762842
1995-01-12,170.02310601473,172.701681628587
1995-01-13,169.314008765795,171.984968851456
1995-01-14,169.303241412853,171.976297458192
1995-01-15,169.46494274789,172.142811764988
1995-01-16,169.640473491507,172.323312373412
1995-01-17,171.481243040164,174.194594751705
1995-01-18,169.206595318811,171.898607886348
1995-01-19,169.835337761354,172.539615902676
1995-01-20,163.282100208084,165.896343949112
1995-01-21,162.507951410817,165.111984461495
1995-01-22,161.867560029667,164.463507598399
1995-01-23,161.102019281265,163.687855457381
1995-01-24,153.933265935037,156.40619023191
1995-01-25,154.779579843038,157.268155496152
1995-01-26,157.935276430579,160.468086724258
1995-01-27,158.74695657004,161.286886954692
1995-01-28,158.924831931641,161.469305894776
1995-01-29,158.869104680274,161.414812175579
1995-01-30,158.838230712595,161.385509316112
1995-01-31,161.179476941272,163.76634845818
1995-02-01,163.220195444775,165.827156448549
1995-02-02,161.964503654491,164.561476376981
1995-02-03,162.850690946433,165.464037543997
1995-02-04,164.049794232351,166.681342046586
1995-02-05,165.606189785842,168.259281963672
1995-02-06,166.927865748943,169.598212768406
1995-02-07,169.433785664314,172.136647328735
1995-02-08,168.714378225128,171.413466313409
1995-02-09,167.044368046443,169.718992076141
1995-02-10,166.79149403469,169.46429986624
1995-02-11,166.585999854822,169.257731017183
1995-02-12,166.360133859454,169.030466969019
1995-02-13,166.170302940157,168.839803614335
1995-02-14,166.367128084167,169.042004344957
1995-02-15,163.090965912461,165.717203764802
1995-02-16,161.215181232696,163.813382522302
1995-02-17,160.02047529579,162.601576951388
1995-02-18,159.16608868654,161.735554893515
1995-02-19,158.415939143842,160.975412237689
1995-02-20,158.200445262964,160.758554076468
1995-02-21,159.268731143436,161.846229593056
1995-02-22,159.501493224362,162.084151768328
1995-02-23,159.548555042685,162.134079575854
1995-02-24,159.631431208986,162.220425649937
1995-02-25,158.999432379865,161.580440238317
1995-02-26,158.103620110825,160.672190475867
1995-02-27,157.177797348963,159.733419176595
1995-02-28,154.329765757472,156.841131252115
1995-03-01,157.54286807792,160.108569791003
1995-03-02,155.371426774973,157.926426540512
1995-03-03,154.888905404149,157.438043563406
1995-03-04,153.226351382527,155.750191192788
1995-03-05,150.945850734832,153.434175345131
1995-03-06,149.336160020488,151.799969672979
1995-03-07,150.112272307502,152.590877819937
1995-03-08,146.921507867579,149.357701581482
1995-03-09,149.531467745672,152.012898877709
1995-03-10,153.524263698589,156.038848941124
1995-03-11,152.657222765098,155.171075122629
1995-03-12,151.383773076881,153.878685149978
1995-03-13,150.568534901566,153.052032325069
1995-03-14,152.257844702623,154.771217162691
1995-03-15,151.869329749544,154.380579377714
1995-03-16,150.020223348708,152.502922760525
1995-03-17,152.5356039931,155.061934294014
1995-03-18,153.316016916968,155.850936866596
1995-03-19,153.91043392141,156.4557839069
1995-03-20,153.937776503417,156.485607554076
1995-03-21,152.674182243879,155.203212301038
1995-03-22,154.270009310437,156.827519151923
1995-03-23,151.796713808293,154.328248653078
1995-03-24,152.008619563655,154.545734602258
1995-03-25,152.358948126612,154.903735798987
1995-03-26,152.67389905181,155.22566202942
1995-03-27,152.951429780828,155.509629348712
1995-03-28,152.836697323928,155.395151663302
1995-03-29,153.042020407928,155.605975817478
1995-03-30,159.104452104585,161.768196924999
1995-03-31,152.323094048783,155.006654399851
1995-04-01,152.698077427506,155.390300561339
1995-04-02,154.049833559008,156.766327578066
1995-04-03,154.663636064094,157.390384727527
1995-04-04,152.092093961976,154.780638348692
1995-04-05,152.528771586534,155.227080107533
1995-04-06,154.294873240617,157.024016539525
1995-04-07,155.510919814534,158.256718457674
1995-04-08,157.170913543529,159.941718183533
1995-04-09,158.919496243132,161.714076293429
1995-04-10,160.775547614867,163.59478025828
1995-04-11,164.042055858784,166.901985508724
1995-04-12,162.488406538965,165.339094462567
1995-04-13,161.915703693344,164.758535819575
1995-04-14,163.488515734782,166.361147249015
1995-04-15,162.634842032639,165.498888521681
1995-04-16,161.482332756619,164.328277278198
1995-04-17,160.248619678203,163.074998178518
1995-04-18,159.572227001355,162.388839119302
1995-04-19,159.256599008895,162.0697895051
1995-04-20,161.890889443279,164.752756769151
1995-04-21,163.04298164265,165.918037561031
1995-04-22,162.666819258113,165.538805974707
1995-04-23,161.98582169667,164.847982457179
1995-04-24,161.589239821361,164.446572038477
1995-04-25,161.478581956787,164.336146178351
1995-04-26,167.99849720157,170.973617449465
1995-04-27,163.493875441788,166.48054925627
1995-04-28,166.034139591882,169.069341507019
1995-04-29,165.886266909964,168.922232690749
1995-04-30,165.630478608939,168.663968705231
1995-05-01,165.370700533029,168.401644167667
1995-05-02,165.244540494137,168.275398516072
1995-05-03,167.575635969594,170.651489702042
1995-05-04,169.213701674642,172.310453832118
1995-05-05,169.396391390965,172.497971444194
1995-05-06,168.533332385296,171.621839759683
1995-05-07,167.092418771938,170.156795571651
1995-05-08,166.242151871758,169.293191002158
1995-05-09,170.097014044875,173.221046195656
1995-05-10,171.173015848253,174.306915339948
1995-05-11,176.022755775351,179.232844707849
1995-05-12,179.065630141529,182.291500053498
1995-05-13,178.357729494777,181.579331847469
1995-05-14,177.749177553849,180.962190245306
1995-05-15,177.502040294609,180.712989763417
1995-05-16,179.730695924387,182.984364810982
1995-05-17,177.031232351762,180.255484265987
1995-05-18,180.004225802786,183.285025016254
1995-05-19,173.319140564709,176.536586201161
1995-05-20,173.672293727633,176.898648816028
1995-05-21,174.573993573349,177.818572673379
1995-05-22,174.923570627545,178.176140118074
1995-05-23,172.279654310395,175.488009775762
1995-05-24,177.075239745246,180.375229913647
1995-05-25,171.072746005259,174.346019457653
1995-05-26,167.043900468027,170.242402140682
1995-05-27,167.822630123284,171.038306576239
1995-05-28,168.57048392953,171.801051020384
1995-05-29,169.102661259684,172.344562467093
1995-05-30,168.004157604774,171.228941320534
1995-05-31,168.008672205043,171.235717502291
1995-06-01,176.828378256775,180.227099309777
1995-06-02,172.660337926868,176.087490111792
1995-06-03,173.566998110211,177.014493316386
1995-06-04,174.675651253619,178.144652910381
1995-06-05,175.876314898466,179.367756992845
1995-06-06,177.108248163453,180.622372162602
1995-06-07,174.36078279478,177.832400430936
1995-06-08,175.685898255841,179.186257790402
1995-06-09,169.556903662655,172.960890498141
1995-06-10,169.22003449412,172.619551694068
1995-06-11,169.137662663256,172.537818865452
1995-06-12,168.797540719632,172.193148220432
1995-06-13,166.511019875734,169.862916209893
1995-06-14,167.878360252128,171.26003526077
1995-06-15,169.642716201248,173.055011343081
1995-06-16,169.21970769401,172.628082380619
1995-06-17,168.976698804408,172.382469821441
1995-06-18,168.792805006142,172.197158994242
1995-06-19,168.548365790272,171.950085763363
1995-06-20,169.216254503671,172.633732507784
1995-06-21,169.232315796395,172.652418613547
1995-06-22,168.789404629579,172.202855202451
1995-06-23,173.425057275733,176.934547390916
1995-06-24,173.184461097736,176.694908412204
1995-06-25,172.602090765009,176.10309152859
1995-06-26,172.299456236342,175.796664715968
1995-06-27,169.090470489504,172.524896499461
1995-06-28,169.114357465163,172.551572345539
1995-06-29,168.187252911677,171.607943854365
1995-06-30,165.344132705537,168.70919063019
1995-07-01,165.173221818657,168.536977416977
1995-07-02,165.186456829723,168.552688055103
1995-07-03,165.238807297669,168.608343745182
1995-07-04,166.274047622858,169.666800759953
1995-07-05,168.346101559491,171.776946259229
1995-07-06,168.462554726927,171.897428493144
1995-07-07,171.857898679262,175.363247998822
1995-07-08,174.345667388828,177.879283026705
1995-07-09,176.613158132345,180.1791149233
1995-07-10,178.465223514662,182.059188316997
1995-07-11,180.49925752853,184.126139752072
1995-07-12,181.491243152149,185.134987812212
1995-07-13,183.109146949925,186.783486548978
1995-07-14,180.100594234048,183.730471123758
1995-07-15,180.304999694863,183.941433186625
1995-07-16,180.503592765885,184.146376191218
1995-07-17,180.67138911761,184.319921673347
1995-07-18,180.75897228205,184.411694048298
1995-07-19,177.776263704234,181.371773534366
1995-07-20,172.867118508537,176.365748674522
1995-07-21,175.478551302574,179.032385877206
1995-07-22,175.081098201149,178.632376387821
1995-07-23,174.498939319522,178.040791551326
1995-07-24,174.11439919906,177.650815096504
1995-07-25,177.120956884115,180.720801084962
1995-07-26,177.872626342506,181.483801645739
1995-07-27,177.812029199768,181.424549205681
1995-07-28,179.120867644893,182.762388719718
1995-07-29,178.67432159314,182.310871032383
1995-07-30,177.919517868849,181.543053586625
1995-07-31,177.489502617558,181.10659196754
1995-08-01,179.175585247998,182.82944516226
1995-08-02,177.01796800482,180.640592890151
1995-08-03,177.205884227891,180.834763486058
1995-08-04,179.210443171745,182.881789554305
1995-08-05,179.314691187655,182.990101729672
1995-08-06,179.20923728932,182.884949457476
1995-08-07,179.068030517019,182.743287590417
1995-08-08,180.477861635765,184.184492690806
1995-08-09,180.356712926274,184.0638441008
1995-08-10,180.092706801303,183.796855462102
1995-08-11,182.31705002752,186.069392363247
1995-08-12,181.501477839388,185.244644715746
1995-08-13,180.833462549756,184.565314890802
1995-08-14,180.680560025301,184.411708335475
1995-08-15,184.653944143658,188.46958995682
1995-08-16,187.855979767227,191.705447286081
1995-08-17,194.036397546172,197.962855121797
1995-08-18,189.894081702675,193.805640697932
1995-08-19,190.228397644863,194.149440436864
1995-08-20,190.98745481363,194.926105577218
1995-08-21,191.308987965741,195.256269485289
1995-08-22,193.011138238659,196.994774311535
1995-08-23,192.020904303457,195.991208300212
1995-08-24,194.049766009452,198.064648432162
1995-08-25,189.755781803591,193.707290990942
1995-08-26,188.456917960293,192.383966402965
1995-08-27,187.630133557761,191.54252720351
1995-08-28,187.337027684324,191.245857130965
1995-08-29,189.136658895111,193.085591750133
1995-08-30,190.576864853824,194.551588663131
1995-08-31,186.224445001372,190.127497137686
1995-09-01,188.733950863715,192.69213650205
1995-09-02,188.355461811097,192.310937841631
1995-09-03,187.401549101454,191.339565443717
1995-09-04,186.981103853431,190.912848063169
1995-09-05,188.306692242867,192.268866292313
1995-09-06,192.529041090125,196.56767934821
1995-09-07,191.523634735851,195.555130605995
1995-09-08,193.43474998852,197.50908285642
1995-09-09,193.068760659326,197.139937612602
1995-09-10,191.54973126159,195.591518131711
1995-09-11,191.285556692066,195.324382330369
1995-09-12,194.497278524822,198.606538281453
1995-09-13,196.237343412769,200.371550294632
1995-09-14,197.212916217569,201.36612336744
1995-09-15,199.891305017974,204.097058054378
1995-09-16,199.502573983534,203.705616455747
1995-09-17,198.845867321807,203.037810792143
1995-09-18,198.372059114872,202.556738694977
1995-09-19,196.116338633178,200.256150620421
1995-09-20,195.181262850108,199.304025914073
1995-09-21,189.925833355662,193.940267274297
1995-09-22,186.898420057501,190.851474202204
1995-09-23,186.670616957944,190.621416817558
1995-09-24,186.181748419378,190.124773279188
1995-09-25,185.540367755527,189.472368281023
1995-09-26,186.234974844116,190.184240807682
1995-09-27,183.955193548937,187.862955732993
1995-09-28,184.069381339418,187.98210337124
1995-09-29,185.270499597424,189.210879848152
1995-09-30,186.514578490576,190.479914195457
1995-10-01,187.824422043053,191.815833968579
1995-10-02,189.134588181768,193.151882009585
1995-10-03,186.149617258982,190.116523724513
1995-10-04,187.144076829594,191.134728726988
1995-10-05,187.542544399411,191.543236125481
1995-10-06,185.914253049364,189.884500199369
1995-10-07,185.590564785485,189.556442571136
1995-10-08,185.260128415947,189.221496247383
1995-10-09,184.986148779268,188.944200280734
1995-10-10,184.034282987909,187.974510960363
1995-10-11,182.883135195124,186.801239636597
1995-10-12,181.739777462025,185.635897647901
1995-10-13,183.858650825267,187.802681727308
1995-10-14,183.884779944132,187.831826871817
1995-10-15,183.483160316903,187.424117692857
1995-10-16,183.513924145939,187.458058947398
1995-10-17,184.700996031836,188.673105189838
1995-10-18,185.597410630471,189.588477611114
1995-10-19,183.713295554075,187.670971554818
1995-10-20,183.217026656726,187.166538736478
1995-10-21,181.837220090003,185.759506743276
1995-10-22,180.640113938909,184.539073326079
1995-10-23,179.988071759335,183.875437719789
1995-10-24,178.422985519303,182.279026047667
1995-10-25,179.666766405722,183.552147713786
1995-10-26,177.660082353936,181.511616776196
1995-10-27,172.201737563932,175.937388495679
1995-10-28,172.374434403182,176.116206897339
1995-10-29,173.30460385027,177.068511972776
1995-10-30,173.843178055817,177.619749658912
1995-10-31,176.8065305328,180.645294309879
1995-11-01,177.730059048005,181.583575641315
1995-11-02,178.196564170932,182.061467280348
1995-11-03,181.612285888933,185.549326171587
1995-11-04,181.311672007889,185.247692931023
1995-11-05,180.299700877433,184.216246847957
1995-11-06,179.8877780848,183.797859225654
1995-11-07,180.443869151952,184.368515018358
1995-11-08,179.61718411765,183.527625361574
1995-11-09,182.567599882882,186.544755714365
1995-11-10,181.577888159896,185.544246330845
1995-11-11,181.433598356405,185.399306827546
1995-11-12,181.263302608995,185.227787083646
1995-11-13,181.094222433748,185.057508155117
1995-11-14,181.14616893847,185.113090260304
1995-11-15,177.527004148788,181.417561977891
1995-11-16,179.537687679286,183.4747571352
1995-11-17,180.487142430256,184.442186776514
1995-11-18,181.577705289443,185.556301729211
1995-11-19,183.553441056499,187.571911975533
1995-11-20,184.663870738095,188.703228268457
1995-11-21,184.656989384542,188.698794897458
1995-11-22,185.420940527804,189.482013282715
1995-11-23,185.683175712093,189.752032041454
1995-11-24,186.083070854503,190.162986724642
1995-11-25,186.661422573057,190.755981036562
1995-11-26,187.393169038905,191.505243807085
1995-11-27,188.379434364684,192.513826723911
1995-11-28,191.087152629902,195.276462989232
1995-11-29,194.147056051677,198.384265958833
1995-11-30,193.839477179854,198.075156180389
1995-12-01,196.955142824448,201.261559700407
1995-12-02,196.507949949586,200.811007281307
1995-12-03,196.052336426405,200.348119849425
1995-12-04,196.082117272451,200.381242991062
1995-12-05,198.022330761877,202.366611432339
1995-12-06,200.072008985812,204.453870209212
1995-12-07,201.522167630752,205.931147143813
1995-12-08,204.014377092158,208.47173057712
1995-12-09,203.45088204588,207.902290275166
1995-12-10,202.370494465829,206.801065144968
1995-12-11,201.819103164014,206.240384930091
1995-12-12,203.421248878469,207.880396995338
1995-12-13,204.273536820298,208.750831007042
1995-12-14,203.667000982924,208.13510425871
1995-12-15,203.1122839837,207.571036156308
1995-12-16,202.324757335135,206.769022392187
1995-12-17,201.235392777033,205.658529513956
1995-12-18,199.933636125488,204.330949511301
1995-12-19,196.247038866158,200.566040983357
1995-12-20,197.194895228374,201.537477085239
1995-12-21,197.390764863926,201.739950854084
1995-12-22,200.957151387356,205.385984405959
1995-12-23,201.328637044056,205.765202799697
1995-12-24,201.226789043961,205.664005574967
1995-12-25,200.995246705049,205.430125787847
1995-12-26,200.880791415451,205.315896847274
1995-12-27,201.925694644976,206.386604077569
1995-12-28,202.260590175686,206.730790934728
1995-12-29,201.364359373421,205.818205019981
1995-12-30,201.229775626855,205.683370851506
1995-12-31,201.0931866785,205.546503798699
1996-01-01,201.066295509806,205.521725612074
1996-01-02,201.203800354723,205.664992864924
1996-01-03,204.938150550372,209.483702310423
1996-01-04,208.847774768566,213.44669312022
1996-01-05,208.077994367039,212.670125402109
1996-01-06,208.298266508143,212.898084291677
1996-01-07,208.534203402165,213.141938606352
1996-01-08,208.653509201447,213.266649165912
1996-01-09,209.457282037964,214.090822734549
1996-01-10,204.559279635544,209.096784721218
1996-01-11,200.190846567514,204.634227355055
1996-01-12,202.398734565469,206.893853179805
1996-01-13,202.304903710428,206.801289654347
1996-01-14,202.100316263759,206.594909728874
1996-01-15,201.848395816935,206.340142093316
1996-01-16,203.496868587688,208.02806003416
1996-01-17,208.290226378651,212.911284254635
1996-01-18,209.147508669631,213.780596805349
1996-01-19,210.752970667316,215.421278496685
1996-01-20,211.734855104393,216.424076136894
1996-01-21,212.964795874741,217.681323659967
1996-01-22,213.512569927491,218.242591171264
1996-01-23,211.622007918364,216.315488809499
1996-01-24,213.1134447631,217.84290624939
1996-01-25,213.07946442107,217.811261967795
1996-01-26,216.376444750458,221.184388156357
1996-01-27,217.198062704541,222.020959699563
1996-01-28,217.927957073103,222.768696139396
1996-01-29,218.453507711708,223.308056530876
1996-01-30,218.037558074007,222.88638281537
1996-01-31,221.085766500096,226.005365866951
1996-02-01,224.203051539256,229.173269766523
1996-02-02,225.426183982108,230.418142414421
1996-02-03,224.690739559465,229.671536497649
1996-02-04,223.366095199898,228.320622294873
1996-02-05,221.908458625036,226.833726813803
1996-02-06,221.908904403832,226.837227891058
1996-02-07,225.072592289927,230.074224014447
1996-02-08,226.806835321457,231.837787484894
1996-02-09,226.423509261804,231.450593463837
1996-02-10,226.318960825869,231.346833133411
1996-02-11,226.135291922591,231.162199505082
1996-02-12,226.140980878567,231.171124880577
1996-02-13,228.581490971163,233.669022547329
1996-02-14,226.509270215141,231.565145128889
1996-02-15,225.593219497288,230.63175717651
1996-02-16,224.553889235004,229.572320340603
1996-02-17,223.059425606128,228.047552397034
1996-02-18,220.797567219899,225.738183239628
1996-02-19,219.455366623358,224.368985174489
1996-02-20,221.557693179783,226.521402675916
1996-02-21,216.366877201075,221.242441370955
1996-02-22,217.603557851306,222.509967637719
1996-02-23,222.404048726038,227.407933730655
1996-02-24,222.125979213955,227.129855684769
1996-02-25,220.89279652441,225.871984452226
1996-02-26,220.469302011619,225.442018728505
1996-02-27,219.115517116816,224.060758587059
1996-02-28,217.89213605599,222.812792812231
1996-02-29,221.55031230631,226.556589871114
1996-03-01,222.111296034355,227.128689788314
1996-03-02,221.918700113214,226.935057555547
1996-03-03,221.76505830202,226.781006653632
1996-03-04,222.115956116334,227.142897891003
1996-03-05,225.280455591714,230.379614301324
1996-03-06,226.229525962089,231.346578516661
1996-03-07,226.118726916484,231.236645676835
1996-03-08,224.633618025508,229.721041910239
1996-03-09,222.736119728271,227.783655822398
1996-03-10,220.245396159597,225.239549232911
1996-03-11,218.450462194247,223.406945996221
1996-03-12,217.31870479039,222.252506637701
1996-03-13,214.396096428281,219.266547089769
1996-03-14,214.567779193399,219.445086022
1996-03-15,217.647753822591,222.596865876456
1996-03-16,217.800419246881,222.754984009238
1996-03-17,217.917635074382,222.877839993117
1996-03-18,218.068490187292,223.035098501902
1996-03-19,223.899781193849,229.000312238226
1996-03-20,223.551674358268,228.652145290243
1996-03-21,223.647660546001,228.753414965641
1996-03-22,226.099860638347,231.264214447059
1996-03-23,225.989496913556,231.155126289945
1996-03-24,225.711446092687,230.873850367852
1996-03-25,225.607796087852,230.770950027997
1996-03-26,226.876782260038,232.072089437881
1996-03-27,229.85280683077,235.1110018078
1996-03-28,226.735609067024,231.946189725653
1996-03-29,226.415177627978,231.62137131522
1996-03-30,226.895066818915,232.115311218986
1996-03-31,227.788976137359,233.031959255105
1996-04-01,228.296037105877,233.552848240623
1996-04-02,230.666400491469,235.978343638827
1996-04-03,231.450109514221,236.779254639143
1996-04-04,231.685021193352,237.022395888101
1996-04-05,232.040806929978,237.389405174566
1996-04-06,232.537878956979,237.900776887723
1996-04-07,233.143911494285,238.52335669683
1996-04-08,233.845966810357,239.243926893967
1996-04-09,230.243127688809,235.566586028981
1996-04-10,231.471965877347,236.827006892896
1996-04-11,230.014280086902,235.342728989626
1996-04-12,228.127734945863,233.41565399435
1996-04-13,229.000309949368,234.31159170075
1996-04-14,230.899764645993,236.254631767831
1996-04-15,232.227653415559,237.611012478454
1996-04-16,234.907065024991,240.348082237876
1996-04-17,236.451699737633,241.922886763814
1996-04-18,234.81879575527,240.260852294825
1996-04-19,233.390548955209,238.802756621101
1996-04-20,235.479000481772,240.942863542109
1996-04-21,238.176962857388,243.694563063072
1996-04-22,240.381662521091,245.941092819577
1996-04-23,243.976231093747,249.605587973364
1996-04-24,245.606244381418,251.264543409968
1996-04-25,246.741192347874,252.425311196545
1996-04-26,248.713536460567,254.441987067002
1996-04-27,248.483565744351,254.21113293741
1996-04-28,247.222373801796,252.924300946242
1996-04-29,247.141956412003,252.845436498536
1996-04-30,250.797483289889,256.58861411291
1996-05-01,251.663696219154,257.471926216379
1996-05-02,251.028542089716,256.826690165547
1996-05-03,244.265288435448,249.910681998242
1996-05-04,243.778613051933,249.416125847332
1996-05-05,243.384511991272,249.01627181538
1996-05-06,243.116904545061,248.745830286651
1996-05-07,240.83672143664,246.416209443974
1996-05-08,238.518416143232,244.047512958892
1996-05-09,238.252858449735,243.779101031581
1996-05-10,232.479930715425,237.875560202847
1996-05-11,235.672272846142,241.145197879004
1996-05-12,240.228644678298,245.779271013985
1996-05-13,243.641942446563,249.242282241069
1996-05-14,246.024295667084,251.666156086248
1996-05-15,247.785467532508,253.462617629126
1996-05-16,249.088349699001,254.794156124683
1996-05-17,248.646686882296,254.347009151838
1996-05-18,249.252940574475,254.97059154321
1996-05-19,250.300336351262,256.044192411392
1996-05-20,251.491769568597,257.263941323781
1996-05-21,253.601277797273,259.420330228587
1996-05-22,254.087912355003,259.919641073681
1996-05-23,255.279940556793,261.141423026961
1996-05-24,252.913468070635,258.729747075219
1996-05-25,252.91751090404,258.737384248246
1996-05-26,253.151970046206,258.980727212737
1996-05-27,253.363204957588,259.200235083348
1996-05-28,253.396413494707,259.237686926437
1996-05-29,251.724539417431,257.530825681353
1996-05-30,244.847231141956,250.49834956651
1996-05-31,248.542406354332,254.282179090033
1996-06-01,248.234204558232,253.9727231374
1996-06-02,247.005959606405,252.719510190921
1996-06-03,246.565908577827,252.272687364601
1996-06-04,245.464555118777,251.149240929364
1996-06-05,248.127178117528,253.876915120886
1996-06-06,248.539610823885,254.300147591134
1996-06-07,246.744439125925,252.468270154385
1996-06-08,246.558013256321,252.280919650467
1996-06-09,247.109170982531,252.84826064763
1996-06-10,247.449907745794,253.199953622803
1996-06-11,246.654097852954,252.389599850146
1996-06-12,247.527531374571,253.286749204013
1996-06-13,248.232293846845,254.010102494298
1996-06-14,244.086031301703,249.776665636184
1996-06-15,243.754484072111,249.440760701895
1996-06-16,243.895713775602,249.58865154717
1996-06-17,243.557338328328,249.245844924114
1996-06-18,242.327790353896,247.990941764099
1996-06-19,244.106152824166,249.81421729024
1996-06-20,245.148822346269,250.880821772517
1996-06-21,245.723132837887,251.470751348409
1996-06-22,246.535247649416,252.304321117251
1996-06-23,247.541369075362,253.33574391882
1996-06-24,248.44897211587,254.26617891616
1996-06-25,250.256390299989,256.116059800909
1996-06-26,248.190351004937,254.012700232614
1996-06-27,245.22804568283,250.984333679523
1996-06-28,245.81466229113,251.588053740973
1996-06-29,246.169253077125,251.953931452531
1996-06-30,246.416136461489,252.209835231493
1996-07-01,246.750206044499,252.555000421187
1996-07-02,249.722505463395,255.598661688911
1996-07-03,247.979285325917,253.828505769524
1996-07-04,245.445324590842,251.238199364187
1996-07-05,246.909459548097,252.740280282195
1996-07-06,246.230482259222,252.050752849116
1996-07-07,244.182396688627,249.957661128657
1996-07-08,241.395559536208,247.108282676481
1996-07-09,236.093386168159,241.683963139559
1996-07-10,238.191312515077,243.834825549684
1996-07-11,238.348597715346,243.998480454923
1996-07-12,233.106716679252,238.637251045061
1996-07-13,232.493175502029,238.012372897913
1996-07-14,232.341529706459,237.860338175524
1996-07-15,231.743242610462,237.251043334397
1996-07-16,220.632739122595,225.879677205886
1996-07-17,215.199200223178,220.31997293061
1996-07-18,219.394853195586,224.618432016515
1996-07-19,223.147249665313,228.426687272311
1996-07-20,222.660627473993,227.935828725663
1996-07-21,222.21579478322,227.483533425912
1996-07-22,221.678539158239,226.936607697414
1996-07-23,215.917931783491,221.042434524895
1996-07-24,214.610341045619,219.706791179835
1996-07-25,208.22127116524,213.16896914343
1996-07-26,213.423825477714,218.49803336891
1996-07-27,214.216582402523,219.302858045252
1996-07-28,214.867566507029,219.971098803311
1996-07-29,215.129896451412,220.242256680032
1996-07-30,212.704297933535,217.763473401299
1996-07-31,211.332007424869,216.36148805918
1996-08-01,216.334982657062,221.486452765228
1996-08-02,222.59329936856,227.822991233328
1996-08-03,224.282665232995,229.531580118539
1996-08-04,225.333772216528,230.606515433106
1996-08-05,225.919102560192,231.2073067884
1996-08-06,228.94358242347,234.3018094397
1996-08-07,227.445647965173,232.782120573026
1996-08-08,227.230004907295,232.564555655444
1996-08-09,226.035011291961,231.344653840214
1996-08-10,225.312600441228,230.608400437315
1996-08-11,224.329736731573,229.605546338392
1996-08-12,223.815474809644,229.082287466
1996-08-13,226.327559354693,231.656579384634
1996-08-14,226.995392702645,232.339550568099
1996-08-15,228.646152762414,234.029920317818
1996-08-16,228.9735569025,234.367036032623
1996-08-17,229.013174440773,234.41073111259
1996-08-18,229.294679177095,234.702019604904
1996-08-19,229.701396570203,235.121261985492
1996-08-20,230.961565163581,236.413240785074
1996-08-21,229.808233311001,235.239098627149
1996-08-22,232.916618841586,238.424124964358
1996-08-23,233.357298484319,238.875535980676
1996-08-24,232.17391390928,237.668523388602
1996-08-25,231.204606081846,236.679507693239
1996-08-26,230.411687262024,235.871039792409
1996-08-27,228.635120252665,234.055592449992
1996-08-28,229.960653046405,235.415737279451
1996-08-29,228.587426466692,234.017204972792
1996-08-30,225.629448522373,230.992069249977
1996-08-31,223.869488268325,229.193367820644
1996-09-01,222.362532542045,227.653674705441
1996-09-02,221.279248362207,226.547705991088
1996-09-03,222.108185541605,227.399453372603
1996-09-04,221.604527907358,226.887863920074
1996-09-05,221.936271464542,227.230602123627
1996-09-06,221.32146863826,226.604698367344
1996-09-07,221.9153528331,227.215841678092
1996-09-08,222.626271499787,227.945887206862
1996-09-09,223.475586731686,228.817255538159
1996-09-10,230.005998424237,235.494376361487
1996-09-11,231.574218605831,237.080705044221
1996-09-12,232.665679805876,238.19773203475
1996-09-13,234.071005568778,239.63642311792
1996-09-14,235.780869077705,241.385044033639
1996-09-15,237.456925561301,243.098124271825
1996-09-16,239.194123987458,244.873746700912
1996-09-17,240.967897081328,246.686512168586
1996-09-18,241.964235370916,247.706186219376
1996-09-19,241.322070481327,247.053511370108
1996-09-20,243.209300553535,248.988935110172
1996-09-21,243.334077996225,249.119618492609
1996-09-22,243.390244574477,249.180499754347
1996-09-23,243.386977157378,249.180542641207
1996-09-24,241.010465785948,246.750858296374
1996-09-25,239.576663679566,245.286271141481
1996-09-26,245.671936856327,251.530146218555
1996-09-27,246.428481615992,252.298709238275
1996-09-28,247.023271909362,252.910188656936
1996-09-29,247.546824688815,253.448945307537
1996-09-30,247.913136226314,253.826942223715
1996-10-01,247.99177194891,253.910859131769
1996-10-02,248.771560717001,254.712604604599
1996-10-03,252.51141997515,258.539352915183
1996-10-04,251.439152683391,257.453173704149
1996-10-05,251.662473301626,257.685339740241
1996-10-06,252.313230466655,258.354894287912
1996-10-07,253.092622295264,259.155473921891
1996-10-08,252.870552808445,258.931965497015
1996-10-09,252.678768530547,258.739116304308
1996-10-10,250.321992143679,256.329334830694
1996-10-11,248.064484631911,254.021142533513
1996-10-12,248.522457515264,254.493575056185
1996-10-13,249.709592230393,255.711617968818
1996-10-14,251.143703223765,257.180259808716
1996-10-15,255.478024803672,261.609777631463
1996-10-16,257.431832653232,263.597315249836
1996-10-17,256.944378241689,263.103671091848
1996-10-18,258.611123876291,264.813952497299
1996-10-19,259.392971789923,265.615643492855
1996-10-20,259.781228852554,266.016266411042
1996-10-21,259.730018003579,265.967496664216
1996-10-22,257.326564148513,263.509948770388
1996-10-23,251.758634116558,257.811811278424
1996-10-24,250.949028026368,256.986253307508
1996-10-25,248.705309704251,254.692062484013
1996-10-26,247.900866140032,253.87173028833
1996-10-27,247.06987515392,253.024182466612
1996-10-28,246.025678627396,251.958266277238
1996-10-29,242.110508388328,247.952121484445
1996-10-30,241.677365196233,247.511902662292
1996-10-31,242.695349707364,248.557701634185
1996-11-01,244.717668361539,250.628013043037
1996-11-02,244.304755908774,250.210308699375
1996-11-03,243.651007465233,249.544164506927
1996-11-04,243.219240906866,249.105350244656
1996-11-05,244.168968657523,250.081456659544
1996-11-06,248.232264995357,254.23857577186
1996-11-07,251.036455530505,257.090820660325
1996-11-08,253.223131660609,259.321539439682
1996-11-09,254.04527799783,260.163487505794
1996-11-10,254.330250210936,260.45842847901
1996-11-11,254.445279222444,260.579725636066
1996-11-12,253.829400235274,259.952680746729
1996-11-13,255.60838186884,261.778119147711
1996-11-14,254.583997902501,260.736238369024
1996-11-15,257.696065543824,263.927068067407
1996-11-16,258.374624803792,264.621519540762
1996-11-17,258.9073293908,265.170024113017
1996-11-18,259.029307639613,265.298455931072
1996-11-19,256.906034470763,263.127871538475
1996-11-20,258.326520930086,264.586349785613
1996-11-21,260.765928365856,267.081693823813
1996-11-22,260.253541539203,266.563017731658
1996-11-23,261.28038750776,267.618397047378
1996-11-24,263.700995349365,270.09657121061
1996-11-25,266.674913885946,273.132493585577
1996-11-26,273.618963514271,280.20933943166
1996-11-27,271.879379472234,278.454146378091
1996-11-28,273.230507409619,279.841740508081
1996-11-29,272.725657053462,279.32964618761
1996-11-30,273.542494557021,280.169945561236
1996-12-01,274.575541079118,281.230271437452
1996-12-02,275.607017501367,282.288644947195
1996-12-03,280.47364808708,287.267936688949
1996-12-04,275.327376349317,282.046471098761
1996-12-05,274.068109379923,280.760312385465
1996-12-06,266.900087379026,273.421078589616
1996-12-07,266.931369941834,273.456850051798
1996-12-08,265.978796518891,272.484749434995
1996-12-09,265.906877607957,272.414772451174
1996-12-10,271.336147682378,277.980631011106
1996-12-11,269.437404952951,276.058721690881
1996-12-12,265.131000036671,271.650239626279
1996-12-13,257.679453152981,264.01917398187
1996-12-14,257.499456566407,263.838341342879
1996-12-15,258.997174372792,265.376521956014
1996-12-16,259.483351347789,265.876889933354
1996-12-17,257.372420636105,263.719545208197
1996-12-18,259.793204175806,266.203627986972
1996-12-19,262.069404391359,268.528866492954
1996-12-20,265.801548882809,272.340345781343
1996-12-21,267.188407787554,273.755255943963
1996-12-22,267.672808855172,274.2540686567
1996-12-23,267.976223418291,274.568414264059
1996-12-24,268.843529288835,275.460321391315
1996-12-25,268.45233886068,275.063912043139
1996-12-26,268.047012737419,274.652341191351
1996-12-27,268.112141694041,274.722800926089
1996-12-28,269.040961552338,275.6781186451
1996-12-29,270.957591655045,277.642346992277
1996-12-30,271.821277573759,278.527939617155
1996-12-31,268.219876519816,274.847037513068
1997-01-01,266.910618241614,273.509197616418
1997-01-02,262.176698239786,268.662030705166
1997-01-03,267.480689612826,274.100932460906
1997-01-04,269.778193977271,276.435926494903
1997-01-05,271.902953612887,278.607964509746
1997-01-06,273.687732565485,280.433609242621
1997-01-07,273.490999865051,280.236598989381
1997-01-08,274.780360526822,281.561634879993
1997-01-09,274.915988281114,281.704212600579
1997-01-10,272.778752474195,279.518599261429
1997-01-11,274.278855812502,281.059629417817
1997-01-12,277.362498663488,284.214861206619
1997-01-13,280.11834813094,287.02725241268
1997-01-14,284.236802166714,291.230878721322
1997-01-15,288.811742133649,295.888993328327
1997-01-16,290.069866022666,297.172110052182
1997-01-17,293.361853222029,300.541716172923
1997-01-18,295.120790263252,302.337905239074
1997-01-19,295.958117668133,303.197428379605
1997-01-20,297.051362637679,304.320079411889
1997-01-21,297.658896487492,304.945586212502
1997-01-22,306.916944301991,314.425073500774
1997-01-23,304.237176998497,311.725574739844
1997-01-24,295.978792103963,303.268225893918
1997-01-25,294.323573870308,301.576436324768
1997-01-26,293.680781563007,300.921977453321
1997-01-27,294.2094086284,301.467797481782
1997-01-28,299.832818616405,307.229073256826
1997-01-29,299.189308544738,306.580232064758
1997-01-30,302.230122762696,309.700386189782
1997-01-31,306.237303923474,313.790332448864
1997-02-01,307.064588650696,314.636950428316
1997-02-02,309.12596307867,316.750763275142
1997-02-03,309.966390435857,317.613504322913
1997-02-04,309.827777785937,317.476072003705
1997-02-05,308.147607620151,315.758813035178
1997-02-06,307.811422721378,315.418694734872
1997-02-07,315.068308640429,322.859289345932
1997-02-08,315.19969015352,322.99700512133
1997-02-09,314.458913957453,322.242502636094
1997-02-10,314.197854198207,321.979434542479
1997-02-11,320.19227170388,328.126761272732
1997-02-12,329.746818425935,337.831320773398
1997-02-13,333.322872034087,341.447928236897
1997-02-14,335.130736759976,343.295045924202
1997-02-15,336.064995973039,344.254319518547
1997-02-16,336.599450593761,344.805826114542
1997-02-17,337.549548261106,345.783115407516
1997-02-18,343.167637112331,351.535093382479
1997-02-19,338.763394024543,347.065178801366
1997-02-20,335.384791282781,343.608575806777
1997-02-21,335.044340226754,343.264531375141
1997-02-22,335.096657001528,343.322866570067
1997-02-23,335.675871413838,343.921019124683
1997-02-24,336.735349492849,345.010367996816
1997-02-25,339.163261983961,347.498894052836
1997-02-26,333.244605182491,341.461137760637
1997-02-27,336.186258206709,344.480031405898
1997-02-28,332.361586711695,340.582829510648
1997-03-01,332.571954290806,340.803054614361
1997-03-02,332.785327825332,341.026341779692
1997-03-03,332.986512060471,341.237160881563
1997-03-04,337.975121233388,346.35267981004
1997-03-05,343.125823677272,351.597144769516
1997-03-06,343.910398894456,352.400143241662
1997-03-07,346.000057858765,354.543921365452
1997-03-08,347.429127382115,356.008848682738
1997-03-09,348.491087167826,357.099776211281
1997-03-10,348.706835668377,357.325482652259
1997-03-11,348.952223077249,357.581788528274
1997-03-12,342.94426566934,351.432214039054
1997-03-13,330.749976753426,338.94097943423
1997-03-14,336.721653809913,345.065228290196
1997-03-15,334.860044213356,343.179279744067
1997-03-16,331.314074044259,339.549957226651
1997-03-17,328.934305455488,337.115718273931
1997-03-18,327.453742185673,335.602995868612
1997-03-19,325.26467486566,333.364092798938
1997-03-20,317.204532062901,325.107849980652
1997-03-21,325.744307915643,333.864893525734
1997-03-22,325.547175656909,333.670311596402
1997-03-23,325.272559564739,333.393450467489
1997-03-24,324.956484927607,333.074092428616
1997-03-25,325.861172827064,334.00596944768
1997-03-26,329.805984497225,338.048491702159
1997-03-27,320.749460686068,328.825472231077
1997-03-28,318.666868740463,326.694915749357
1997-03-29,315.925647966208,323.889098197092
1997-03-30,312.421896097496,320.301469461002
1997-03-31,308.786683212988,316.578995949682
1997-04-01,304.56563019699,312.255789090363
1997-04-02,303.080142978452,310.737110729665
1997-04-03,301.568444586448,309.191513768768
1997-04-04,304.084803402257,311.775749695203
1997-04-05,306.368840119775,314.112286984911
1997-04-06,309.612846694805,317.43046016253
1997-04-07,313.322796085758,321.21885874788
1997-04-08,319.401020568511,327.418413551221
1997-04-09,318.022072213446,326.02278755295
1997-04-10,314.946501540774,322.874343345089
1997-04-11,309.419242189522,317.212411630719
1997-04-12,309.007277174982,316.794460611811
1997-04-13,308.563793891478,316.344172850315
1997-04-14,308.197425714796,315.972937508634
1997-04-15,318.245103147363,326.278471559219
1997-04-16,322.045598822815,330.118238587056
1997-04-17,323.08957376412,331.186941790045
1997-04-18,323.291436913895,331.398140858025
1997-04-19,321.874704930145,329.950890318887
1997-04-20,320.675091426494,328.725740123891
1997-04-21,320.553786095396,328.605941404517
1997-04-22,326.208685096733,334.407431826386
1997-04-23,331.237667899147,339.523008724449
1997-04-24,332.232192689974,340.539634492896
1997-04-25,326.318425268956,334.491538596484
1997-04-26,328.039736117803,336.260599679334
1997-04-27,331.128365944819,339.423087027495
1997-04-28,333.217497528734,341.559442708607
1997-04-29,343.866037450231,352.44567355743
1997-04-30,347.995885737396,356.618637230938
1997-05-01,349.4121348743,358.066678136667
1997-05-02,356.130055596995,364.942348524929
1997-05-03,359.347393662678,368.213605817532
1997-05-04,362.055034486836,370.981091078492
1997-05-05,365.289082071893,374.287855570706
1997-05-06,372.119690063293,381.261387960635
1997-05-07,363.119902232047,372.12962022372
1997-05-08,362.550685515729,371.55142919184
1997-05-09,365.110379403748,374.179811958577
1997-05-10,368.522286547717,377.669533956599
1997-05-11,371.599600036321,380.814105438808
1997-05-12,373.357947996899,382.614044101916
1997-05-13,374.942052711953,384.23900359189
1997-05-14,378.893305834874,388.285160249313
1997-05-15,374.632470014028,383.946745932399
1997-05-16,376.866101578962,386.241223155397
1997-05-17,376.468852529167,385.840689853666
1997-05-18,376.103766314642,385.471849115754
1997-05-19,375.737811031655,385.102116943986
1997-05-20,380.40646270274,389.892452558126
1997-05-21,375.779081298158,385.184182573603
1997-05-22,374.425340372727,383.801890129771
1997-05-23,382.19496502224,391.771412347907
1997-05-24,381.920433115341,391.498454866551
1997-05-25,381.301553082827,390.869478233064
1997-05-26,380.89318003648,390.456275393289
1997-05-27,383.597834088848,393.234250655277
1997-05-28,385.132680338289,394.807655833774
1997-05-29,383.737263571995,393.385525046334
1997-05-30,379.411903247833,388.956940140271
1997-05-31,381.96786979564,391.582650496088
1997-06-01,386.451838925507,396.169683005146
1997-06-02,389.471089676371,399.252674689845
1997-06-03,391.198090815633,401.021900380766
1997-06-04,391.565776334058,401.403598849641
1997-06-05,393.916623192753,403.818000036219
1997-06-06,406.401937260918,416.584914873322
1997-06-07,406.692781977965,416.884551504134
1997-06-08,403.693196464645,413.81657719554
1997-06-09,402.876303314415,412.984927695211
1997-06-10,404.175883536603,414.322837750728
1997-06-11,408.664705402801,418.922819846888
1997-06-12,417.879830803923,428.323652947219
1997-06-13,424.67777625678,435.221788234749
1997-06-14,426.742135502967,437.327058685685
1997-06-15,428.41271607104,439.041145197866
1997-06-16,429.176741280853,439.828748881435
1997-06-17,427.622175453596,438.243091686761
1997-06-18,421.797408506013,432.279731786446
1997-06-19,428.342928767683,438.993908779774
1997-06-20,427.023625413105,437.658329534028
1997-06-21,423.904096441161,434.467168372304
1997-06-22,419.216646842514,429.668929790064
1997-06-23,416.619395068199,427.01287905879
1997-06-24,424.63547939761,435.234846821127
1997-06-25,428.566009429391,439.231767646097
1997-06-26,428.981454928016,439.661815815426
1997-06-27,428.916198888039,439.60105900267
1997-06-28,429.771614640602,440.483814981425
1997-06-29,430.747755221567,441.489292064561
1997-06-30,431.478701358701,442.243580534317
1997-07-01,436.244981638226,447.130972141208
1997-07-02,445.47493282486,456.546166298061
1997-07-03,457.468337742896,468.71846852909
1997-07-04,455.345861747024,466.578435609607
1997-07-05,453.784397293445,464.98490951155
1997-07-06,452.430816546619,463.604342058333
1997-07-07,451.520166658085,462.677616276182
1997-07-08,457.44264886768,468.752844023597
1997-07-09,456.187678775775,467.481763472794
1997-07-10,454.845526104155,466.112848855495
1997-07-11,458.952113047672,470.327620800607
1997-07-12,464.158537717552,475.64594179291
1997-07-13,470.762481542629,482.382557691315
1997-07-14,475.225527413824,486.930972510621
1997-07-15,475.695583620778,487.417229744645
1997-07-16,486.613489355044,498.605692247219
1997-07-17,486.751926312222,498.753104776272
1997-07-18,475.798116423643,487.53744816196
1997-07-19,472.508779129656,484.173706615271
1997-07-20,469.468476580955,481.065048588302
1997-07-21,467.384143621308,478.935885681077
1997-07-22,487.710121658673,499.770873395
1997-07-23,500.345133627475,512.4562027179
1997-07-24,504.037022785222,516.199123100534
1997-07-25,503.513218331596,515.671819784023
1997-07-26,504.252901188591,516.436509904634
1997-07-27,505.563580144495,517.785076849708
1997-07-28,506.800486194748,519.057474612334
1997-07-29,506.258977241794,518.510759495759
1997-07-30,517.617082033023,530.150906217997
1997-07-31,512.857226706786,525.336726909482
1997-08-01,512.284471382861,524.757301875942
1997-08-02,514.29013762308,526.819056515393
1997-08-03,516.166453332305,528.744706413992
1997-08-04,518.129552284761,530.759402754982
1997-08-05,519.991934132624,532.671011657438
1997-08-06,536.539026318078,549.599128530712
1997-08-07,530.176287006761,543.189507423005
1997-08-08,515.288910623167,527.944213997494
1997-08-09,511.65412709034,524.227457885818
1997-08-10,508.845600650858,521.357150231242
1997-08-11,506.100752012668,518.552005172521
1997-08-12,504.497221828642,516.916181317841
1997-08-13,493.419662943955,505.573074383078
1997-08-14,487.402355102134,499.414542722886
1997-08-15,472.889322854062,484.550747615081
1997-08-16,469.463291509006,481.046932798774
1997-08-17,466.544565801818,478.062836629735
1997-08-18,465.194448388154,476.686001148653
1997-08-19,477.696876446459,489.503864792409
1997-08-20,495.277914251606,507.291166329625
1997-08-21,489.011217351617,500.990734890804
1997-08-22,464.602309349054,475.990797809702
1997-08-23,464.552506088876,475.946343240575
1997-08-24,465.079504867049,476.492840799967
1997-08-25,464.999045825893,476.417042372237
1997-08-26,448.929495256279,459.959485936558
1997-08-27,451.587168122919,462.688805924406
1997-08-28,439.832777159286,450.687054933446
1997-08-29,427.477834419678,438.03324386219
1997-08-30,427.108703343638,437.66091404464
1997-08-31,428.60075997222,439.195828365656
1997-09-01,430.724409088714,441.374344451843
1997-09-02,450.996290187103,462.103066317378
1997-09-03,459.350260832163,470.478369809323
1997-09-04,461.075038909435,472.236311981811
1997-09-05,461.747431634298,472.93029971043
1997-09-06,460.010992518108,471.159604986925
1997-09-07,458.511483064071,469.630271771151
1997-09-08,458.197223343048,469.314879127208
1997-09-09,465.478643902829,476.77946013623
1997-09-10,451.273848104113,462.350021446259
1997-09-11,435.550890139857,446.247551410367
1997-09-12,434.149686451032,444.818097087634
1997-09-13,430.043614125727,440.617278555326
1997-09-14,426.422552539751,436.913267370766
1997-09-15,424.896387664144,435.355598348107
1997-09-16,444.494798480295,455.442460311936
1997-09-17,445.394615205454,456.350892726183
1997-09-18,446.55288846605,457.54286769578
1997-09-19,452.673070903373,463.812054150385
1997-09-20,457.303949262634,468.531547519663
1997-09-21,461.325284594791,472.637714835363
1997-09-22,463.535240650161,474.898768317437
1997-09-23,462.539486248474,473.887617242059
1997-09-24,455.521561270329,466.704071595198
1997-09-25,453.792417404116,464.938945303886
1997-09-26,450.523189111804,461.595846916074
1997-09-27,452.972808075684,464.112056502816
1997-09-28,455.157761825433,466.351226421508
1997-09-29,456.496692475743,467.7263414687
1997-09-30,458.073328455968,469.345885685284
1997-10-01,464.637636669145,476.066909228204
1997-10-02,465.601338390012,477.054120510193
1997-10-03,475.324783318558,487.013419111499
1997-10-04,474.676614454578,486.36303697151
1997-10-05,471.962398355948,483.58872554328
1997-10-06,469.298412934438,480.865798252897
1997-10-07,468.256670632186,479.805027392791
1997-10-08,468.513423854765,480.074750033095
1997-10-09,454.721727481677,465.952910252735
1997-10-10,453.685540567126,464.897518034072
1997-10-11,455.408308563406,466.669237975859
1997-10-12,457.393560547433,468.706231543115
1997-10-13,458.597136548056,469.943415332512
1997-10-14,458.386533896036,469.734353740862
1997-10-15,455.347099246671,466.626123169495
1997-10-16,451.673742149771,462.868170837159
1997-10-17,446.39986910504,457.469936169937
1997-10-18,448.049919691763,459.167174180464
1997-10-19,449.307276659349,460.459731123048
1997-10-20,450.972033595077,462.169825204574
1997-10-21,463.668173767126,475.163993311471
1997-10-22,462.882847350757,474.377021929871
1997-10-23,434.055412828278,444.840253157405
1997-10-24,432.7851960431,443.544569862607
1997-10-25,420.348625906079,430.804896450548
1997-10-26,398.909578983606,408.838443377673
1997-10-27,385.512377989978,395.113392829295
1997-10-28,375.11453112885,384.462005153805
1997-10-29,394.160376269747,403.987712744709
1997-10-30,370.766321088375,380.595198706795
1997-10-31,381.029163106079,391.13519114676
1997-11-01,390.074791605431,400.301706478585
1997-11-02,398.364744082359,408.719012196262
1997-11-03,403.678858287117,414.121782276947
1997-11-04,395.435839752139,405.725644962603
1997-11-05,400.145780875057,410.563706441194
1997-11-06,393.650897687101,403.944525597325
1997-11-07,371.033957170481,380.741701295078
1997-11-08,370.932060039604,380.642353729595
1997-11-09,372.10575994996,381.851994853677
1997-11-10,372.814943032934,382.583888733047
1997-11-11,368.483251660293,378.148033836992
1997-11-12,355.508272994731,364.837918919206
1997-11-13,364.096667604677,373.656697282343
1997-11-14,369.400018914032,379.040622923929
1997-11-15,376.590758776284,386.372841647445
1997-11-16,386.487690891202,396.437013549665
1997-11-17,392.610332744978,402.644228169082
1997-11-18,387.919551186543,397.875695115833
1997-11-19,384.446547623403,394.319009016459
1997-11-20,393.398162872924,403.505908253909
1997-11-21,410.713348078493,421.070177511521
1997-11-22,406.97062025487,417.318300024479
1997-11-23,399.688246281148,409.856491062197
1997-11-24,393.255823805645,403.266043623912
1997-11-25,390.302893193691,400.2434757461
1997-11-26,396.867817981719,406.981092247421
1997-11-27,404.844950068292,415.09982255367
1997-11-28,405.268661169694,415.535937705633
1997-11-29,409.963396170665,420.352934966179
1997-11-30,418.040076279798,428.59309850494
1997-12-01,422.869094688096,433.502976890327
1997-12-02,422.154011468224,432.780066817158
1997-12-03,423.485712354872,434.151215713871
1997-12-04,424.409689591388,435.102984554995
1997-12-05,429.568415917252,440.392086897439
1997-12-06,431.596329586788,442.464877118215
1997-12-07,434.334357936389,445.271529959165
1997-12-08,436.293499220103,447.279928469159
1997-12-09,434.924519104575,445.885745547887
1997-12-10,427.002849365848,437.770533922968
1997-12-11,408.977110878892,419.296238848795
1997-12-12,401.939292466426,412.086588675115
1997-12-13,403.304174189282,413.491576526371
1997-12-14,406.658710933281,416.930819581776
1997-12-15,410.88689645187,421.25391621908
1997-12-16,419.43479304825,429.978887212272
1997-12-17,419.096079023811,429.641285124523
1997-12-18,415.865035140916,426.334835816614
1997-12-19,401.064553738862,411.167593281653
1997-12-20,401.316058366729,411.431086889253
1997-12-21,402.704278885837,412.859545788384
1997-12-22,402.965128478966,413.132240390309
1997-12-23,397.495754124735,407.532231272775
1997-12-24,393.422442279195,403.361688308689
1997-12-25,393.575476487025,403.524144944593
1997-12-26,396.429297162746,406.455159903859
1997-12-27,399.922226813827,410.029294183618
1997-12-28,404.429378032764,414.636165102685
1997-12-29,410.35270353139,420.68139887403
1997-12-30,427.993232292842,438.643174279329
1997-12-31,426.363012106059,437.012836013182
1998-01-01,429.412540921977,440.144476155216
1998-01-02,434.428990310657,445.274319247282
1998-01-03,436.470775474241,447.361377774777
1998-01-04,438.056445943401,448.98908666077
1998-01-05,439.990982340093,450.974577295765
1998-01-06,437.455617699149,448.387775844391
1998-01-07,436.143682214699,447.049195844738
1998-01-08,428.279472229882,438.994470208123
1998-01-09,406.916521808287,417.103073305891
1998-01-10,403.185331955094,413.284197804684
1998-01-11,400.046127417691,410.07203301283
1998-01-12,398.225536222827,408.211433727668
1998-01-13,410.094980615368,420.384118500434
1998-01-14,421.554814686975,431.967885277495
1998-01-15,416.857960974897,427.224670330089
1998-01-16,435.080569879414,445.906310276935
1998-01-17,438.926816446455,449.772437930997
1998-01-18,441.954839604463,452.868607015013
1998-01-19,444.726989606702,455.705935572599
1998-01-20,451.621647092453,462.755447473888
1998-01-21,447.087928598042,458.151611058793
1998-01-22,431.033980332349,441.706680313451
1998-01-23,427.93067580851,438.532603107989
1998-01-24,425.893292678718,436.450770997481
1998-01-25,424.670008245107,435.203155837624
1998-01-26,425.10053535568,435.650339267972
1998-01-27,436.497683975193,447.330723045835
1998-01-28,451.25359234632,462.262455866968
1998-01-29,455.133654952499,466.180695483345
1998-01-30,459.594645680496,470.737626870797
1998-01-31,467.378890884731,478.679034924378
1998-02-01,475.23877325569,486.669601146531
1998-02-02,482.286315568647,493.835042268628
1998-02-03,482.64284460227,494.20445704567
1998-02-04,478.987353767234,490.469452948134
1998-02-05,475.692765965897,487.10261877425
1998-02-06,479.936379477797,491.454693087757
1998-02-07,481.895250556512,493.458620968378
1998-02-08,485.996271690672,497.656523018085
1998-02-09,487.938796486706,499.644285306741
1998-02-10,493.254174953062,505.083480531262
1998-02-11,500.065505057048,512.027990230866
1998-02-12,494.310325931429,506.181888914941
1998-02-13,491.838611740302,503.657750149597
1998-02-14,491.060080782015,502.867411739256
1998-02-15,489.696138903474,501.47756732701
1998-02-16,489.040929879628,500.813476206151
1998-02-17,493.914635608134,505.81136728292
1998-02-18,502.964849568007,515.041169902568
1998-02-19,496.730561177905,508.721213899949
1998-02-20,500.034647498466,512.112034036045
1998-02-21,502.014355928242,514.140024594657
1998-02-22,503.456482131736,515.621230282012
1998-02-23,504.069874650218,516.255673844337
1998-02-24,487.902782311735,499.714418765749
1998-02-25,500.343873426223,512.463541129195
1998-02-26,513.81123282234,526.093372232476
1998-02-27,516.000319709943,528.313781226208
1998-02-28,517.594363312766,529.949737712874
1998-03-01,518.89700346633,531.288746025346
1998-03-02,519.553450859678,531.967357698129
1998-03-03,524.83471700253,537.378860958224
1998-03-04,516.0322081124,528.418516000332
1998-03-05,499.580841785722,511.579504960374
1998-03-06,527.659507785819,540.339566255694
1998-03-07,527.470717474647,540.159569017604
1998-03-08,526.992875767521,539.677627466406
1998-03-09,526.854047866834,539.542854359299
1998-03-10,535.150942234429,548.046963683513
1998-03-11,539.30866948647,552.279739006661
1998-03-12,536.652332952685,549.577444244224
1998-03-13,541.314490949226,554.359424974017
1998-03-14,541.093148596033,554.14145695051
1998-03-15,540.882796497827,553.933624108488
1998-03-16,541.406004691005,554.47704966501
1998-03-17,546.928416611331,560.137831139432
1998-03-18,545.036369250617,558.217637714063
1998-03-19,553.405029971837,566.796345048647
1998-03-20,562.879069136028,576.434533028295
1998-03-21,562.292833989718,575.847310806947
1998-03-22,561.33796305071,574.877315150114
1998-03-23,560.703014359496,574.234925879557
1998-03-24,566.175408962532,579.847256285985
1998-03-25,571.688693582631,585.474641688661
1998-03-26,568.549554060541,582.28323381012
1998-03-27,563.211659702849,576.824309676105
1998-03-28,561.16452113889,574.735542285959
1998-03-29,559.592834379641,573.133687162366
1998-03-30,559.67921824513,573.229981731643
1998-03-31,572.201734769396,586.062816199897
1998-04-01,580.346512592886,594.322293629809
1998-04-02,584.700739147546,598.759247911544
1998-04-03,588.829764711593,602.980464514491
1998-04-04,588.915242117067,603.076070483593
1998-04-05,587.449617747275,601.583537496486
1998-04-06,587.360530153435,601.500551183057
1998-04-07,582.192561177322,596.216404510278
1998-04-08,575.39972843194,589.26811895071
1998-04-09,580.677792430516,594.681479617374
1998-04-10,579.769362509843,593.76364036295
1998-04-11,578.695671866419,592.672182002187
1998-04-12,577.594150227059,591.552176876115
1998-04-13,576.482549242612,590.421822816296
1998-04-14,584.502722566065,598.644018583073
1998-04-15,580.614364552343,594.697213351417
1998-04-16,567.761165124356,581.540402810595
1998-04-17,569.384057710417,583.210658916538
1998-04-18,571.852415463322,585.743461068213
1998-04-19,574.134232101765,588.083839621333
1998-04-20,576.641959304289,590.655609926983
1998-04-21,571.614104352032,585.524751720003
1998-04-22,572.397891447963,586.33563845742
1998-04-23,561.303563275326,574.986696379573
1998-04-24,555.296328679626,568.840884870118
1998-04-25,546.555704893036,559.89485044441
1998-04-26,537.337860224062,550.459705728554
1998-04-27,528.824266709063,541.74574172523
1998-04-28,532.03606431281,545.043443872173
1998-04-29,540.356455601651,553.549327135067
1998-04-30,554.967243633729,568.410516664035
1998-05-01,560.431375232702,573.94278262678
1998-05-02,562.700686483609,576.263842755414
1998-05-03,564.283333179627,577.889409955142
1998-05-04,563.548819919892,577.146173513507
1998-05-05,550.660499568671,563.954788116775
1998-05-06,543.385887977029,556.512272770649
1998-05-07,528.178672562017,540.945330749543
1998-05-08,542.546448969491,555.66779795511
1998-05-09,544.727138079493,557.879740008957
1998-05-10,546.579197913089,559.780571078866
1998-05-11,547.315742547525,560.541373793164
1998-05-12,546.41243677122,559.62454171687
1998-05-13,550.084934085432,563.393510927773
1998-05-14,546.682107545517,559.927711269485
1998-05-15,543.691645298455,556.872470429364
1998-05-16,540.727177875519,553.843766795971
1998-05-17,537.785992408567,550.8388233042
1998-05-18,535.690421891535,548.699940210964
1998-05-19,541.017330215567,554.163736268678
1998-05-20,549.087062374675,562.396827487862
1998-05-21,547.557877007249,560.849864949981
1998-05-22,541.739951549914,554.898397182641
1998-05-23,541.835486055595,555.003855563933
1998-05-24,542.058809794598,555.24020570529
1998-05-25,542.355462423549,555.551625500613
1998-05-26,536.437996618589,549.499290961505
1998-05-27,519.043330565047,531.68863336911
1998-05-28,533.524725975898,546.53013445069
1998-05-29,528.213368356943,541.17089751593
1998-05-30,524.919726193259,537.803837377186
1998-05-31,522.12738865505,534.950318092264
1998-06-01,520.513274578546,533.303879313498
1998-06-02,525.006271246737,537.914589347019
1998-06-03,520.047995515239,532.863500229654
1998-06-04,523.662713087352,536.574592786322
1998-06-05,535.056805929888,548.217108228628
1998-06-06,537.371940384582,550.571994947768
1998-06-07,539.364231622948,552.616584605033
1998-06-08,540.967938399287,554.26434421709
1998-06-09,542.342591095622,555.678384765575
1998-06-10,533.715712667874,546.857954544929
1998-06-11,523.793134733476,536.698527530989
1998-06-12,522.72484295325,535.611266543409
1998-06-13,516.97894261261,529.731057527237
1998-06-14,509.604155918895,522.181614271425
1998-06-15,503.509822750177,515.944022571087
1998-06-16,504.976663279359,517.454153133969
1998-06-17,520.519893866575,533.365880687155
1998-06-18,523.631658833194,536.51480425392
1998-06-19,524.699502850728,537.613236635561
1998-06-20,524.141882220541,537.049850999138
1998-06-21,522.969341542228,535.855790643505
1998-06-22,521.213649502678,534.064183636871
1998-06-23,528.495970703594,541.533367339993
1998-06-24,539.385877972686,552.622970044338
1998-06-25,542.305193329399,555.592097432976
1998-06-26,540.852760282389,554.115663304161
1998-06-27,543.652581344334,556.991721136034
1998-06-28,548.667489739513,562.124268826214
1998-06-29,552.572155997446,566.114416760756
1998-06-30,552.849736240091,566.405541586885
1998-07-01,572.563904241911,586.606624337378
1998-07-02,575.671239427391,589.744073609112
1998-07-03,577.43042458089,591.549768714946
1998-07-04,577.993726306303,592.134135707445
1998-07-05,578.419889389306,592.578659010716
1998-07-06,579.8675577111,594.06938409526
1998-07-07,585.295807792645,599.631976898835
1998-07-08,594.180593103206,608.700892320086
1998-07-09,590.296237995037,604.759580775469
1998-07-10,583.90829671437,598.223408854378
1998-07-11,583.533312870496,597.847428262966
1998-07-12,585.002865562248,599.361215997302
1998-07-13,586.435849129191,600.835820663203
1998-07-14,595.924563323784,610.554219354211
1998-07-15,596.071709728922,610.712424897241
1998-07-16,597.553874241843,612.239218894196
1998-07-17,603.497414826032,618.329879980928
1998-07-18,603.499441451992,618.340583647181
1998-07-19,603.201297982784,618.043584075483
1998-07-20,602.754627390213,617.594400599402
1998-07-21,589.722382451647,604.249770519823
1998-07-22,579.987955453536,594.283830735415
1998-07-23,566.101717959497,580.063463739114
1998-07-24,561.660815926256,575.521003702798
1998-07-25,559.279116815219,573.088440489043
1998-07-26,555.09058198814,568.804356225272
1998-07-27,550.639831849716,564.251480164621
1998-07-28,547.630822803642,561.175960440728
1998-07-29,536.114158746902,549.382152759298
1998-07-30,545.034281970056,558.530574970192
1998-07-31,539.405768790852,552.817586964539
1998-08-01,536.19640369561,549.535906608367
1998-08-02,534.211901833288,547.509528865117
1998-08-03,529.581069548811,542.770930865233
1998-08-04,507.189947422764,519.829563972697
1998-08-05,499.225002719922,511.673246087131
1998-08-06,496.38433071675,508.768748629231
1998-08-07,499.5113537629,511.980771536551
1998-08-08,499.069293339924,511.536183588528
1998-08-09,496.243247400226,508.646555739806
1998-08-10,492.185914524449,504.494777780078
1998-08-11,471.99118847803,483.801931692092
1998-08-12,479.62784616482,491.63631507469
1998-08-13,477.765006311125,489.748942359729
1998-08-14,475.481974445366,487.415367379805
1998-08-15,478.219243481632,490.228021001564
1998-08-16,482.995193958953,495.116818684635
1998-08-17,487.519761027938,499.73918726501
1998-08-18,506.462532079925,519.075015308576
1998-08-19,509.491102400695,522.129200222948
1998-08-20,500.025311383054,512.463368201623
1998-08-21,479.902662470102,491.847199390751
1998-08-22,480.356255842667,492.318828133891
1998-08-23,480.336107332887,492.304949500405
1998-08-24,481.210052903383,493.207420613543
1998-08-25,489.538266932125,501.742541599114
1998-08-26,479.460565969066,491.508142594966
1998-08-27,445.519204391305,456.720641770696
1998-08-28,427.815798397188,438.578235628865
1998-08-29,414.437681517341,424.869422149419
1998-08-30,402.383328599795,412.517324409429
1998-08-31,390.47077325547,400.310250164733
1998-09-01,397.173891748093,407.187758946274
1998-09-02,405.647953796425,415.808172865261
1998-09-03,387.329083871364,397.228760509117
1998-09-04,390.917636233323,400.914465539718
1998-09-05,390.615735156048,400.611845324931
1998-09-06,390.822432285551,400.829314481406
1998-09-07,394.710347718571,404.821322529126
1998-09-08,422.448471654376,433.136405629992
1998-09-09,412.037576200714,422.81565878764
1998-09-10,378.53672509095,388.444285895626
1998-09-11,379.421096055586,389.357135533415
1998-09-12,385.912768459038,396.01658935197
1998-09-13,393.89723887089,404.147176306881
1998-09-14,400.529390680507,410.89002105263
1998-09-15,398.483963989556,408.814473669147
1998-09-16,406.61336233215,417.160226446076
1998-09-17,377.882491978544,387.983924408153
1998-09-18,380.117734790259,390.2842376796
1998-09-19,374.84342607335,384.890050797889
1998-09-20,368.890146006113,378.782490116121
1998-09-21,365.762302240246,375.575960606598
1998-09-22,378.391693502511,388.549358091932
1998-09-23,398.889653724381,409.252564949809
1998-09-24,385.540887033184,395.903270412877
1998-09-25,374.433085200658,384.502342860883
1998-09-26,377.373565594327,387.527153386679
1998-09-27,383.101474848583,393.391809988792
1998-09-28,386.058890391417,396.411759860545
1998-09-29,383.026812984688,393.315503911029
1998-09-30,363.156922017989,372.917138010764
1998-10-01,330.516054649006,339.404128599538
1998-10-02,325.827139654191,334.593764521038
1998-10-03,323.276790263868,331.979386763819
1998-10-04,318.384893371359,326.960341102441
1998-10-05,315.93584293489,324.449811236323
1998-10-06,327.038890700611,335.856516709266
1998-10-07,322.075590791781,330.850697896309
1998-10-08,311.394769666205,319.883404701815
1998-10-09,329.895775160527,338.893131060144
1998-10-10,340.466446437725,349.453071311858
1998-10-11,349.466490933799,358.560488273021
1998-10-12,353.392817374329,362.543881098158
1998-10-13,349.830897491551,358.914502528008
1998-10-14,354.687015354938,363.901625040209
1998-10-15,372.202509653121,381.75476435557
1998-10-16,376.106885520247,385.672196507843
1998-10-17,377.553477571151,387.153666873577
1998-10-18,379.247864037205,388.893233347395
1998-10-19,381.378444661351,391.078575734411
1998-10-20,393.726933300274,403.711689242183
1998-10-21,397.57878220444,407.605601672086
1998-10-22,405.909513288639,416.112256915155
1998-10-23,398.136633364688,408.230739575499
1998-10-24,398.810196420951,408.926970975983
1998-10-25,400.510244235398,410.674344767297
1998-10-26,402.807346304932,413.030493735457
1998-10-27,408.025991537378,418.372263760867
1998-10-28,399.714240182665,409.909594049174
1998-10-29,409.34047532197,419.786962596516
1998-10-30,419.627410758357,430.218705670957
1998-10-31,426.975648510413,437.668595892327
1998-11-01,433.426429699698,444.231754860531
1998-11-02,436.438588610732,447.302769487851
1998-11-03,440.513449946473,451.471185681247
1998-11-04,455.467348948177,466.733371460898
1998-11-05,453.751122440194,465.010071657771
1998-11-06,453.955797275251,465.226197227951
1998-11-07,453.007898809468,464.26133857972
1998-11-08,451.040306154249,462.251222480444
1998-11-09,448.793263556936,459.95465847257
1998-11-10,446.083173382327,457.183468842485
1998-11-11,448.515246877945,459.682322616237
1998-11-12,441.356295622304,452.371182985021
1998-11-13,448.102353458334,459.291798588086
1998-11-14,451.616503493873,462.873164013845
1998-11-15,452.793231552108,464.081068399332
1998-11-16,453.82714755889,465.145812480521
1998-11-17,452.202005275511,463.48838309757
1998-11-18,455.71116411373,467.091470683574
1998-11-19,469.16869010821,480.838840997531
1998-11-20,487.62629412776,499.493778638651
1998-11-21,499.616593446917,511.557591012159
1998-11-22,509.599266658377,521.668266663869
1998-11-23,513.965227598987,526.102391853586
1998-11-24,512.408317271919,524.522643072217
1998-11-25,506.205212380417,518.1800720156
1998-11-26,515.33892175364,527.536952047907
1998-11-27,517.361201551837,529.59630114484
1998-11-28,510.624821183149,522.72097350049
1998-11-29,503.381852508397,515.313571108829
1998-11-30,496.593924368422,508.37177929431
1998-12-01,480.540985774515,491.945074216661
1998-12-02,477.241364794121,488.573889585606
1998-12-03,469.465113444286,480.61967745147
1998-12-04,479.577035304689,490.978488854159
1998-12-05,482.14518667421,493.587060498483
1998-12-06,484.714161015368,496.217081682834
1998-12-07,486.100336638231,497.639351418868
1998-12-08,483.543198924806,495.032076539067
1998-12-09,486.6856400001,498.256016307781
1998-12-10,474.721747247153,486.053919462233
1998-12-11,465.643576298344,476.765776208081
1998-12-12,459.642625621728,470.628088112629
1998-12-13,454.246352105093,465.109356240096
1998-12-14,451.17419496603,461.970174433027
1998-12-15,461.754581831694,472.810138230769
1998-12-16,468.344500064757,479.487463765592
1998-12-17,479.479779697203,490.816321734624
1998-12-18,481.74007053842,493.110644383119
1998-12-19,486.949925748268,498.438244685771
1998-12-20,492.890003253862,504.493233644201
1998-12-21,498.221603487827,509.925048166507
1998-12-22,500.155741193636,511.901380074969
1998-12-23,517.866290956262,530.000702203106
1998-12-24,518.253385121051,530.397859600472
1998-12-25,519.251172860342,531.426039025284
1998-12-26,520.238596444922,532.443053121858
1998-12-27,521.226284059087,533.460371229205
1998-12-28,522.275077900153,534.540194807613
1998-12-29,529.026649806626,541.450973018424
1998-12-30,520.757549464087,533.048946383989
1998-12-31,527.270786351178,539.723148418003
1999-01-01,525.870167319379,538.305820954094
1999-01-02,523.550138632256,535.938304506474
1999-01-03,523.668128121674,536.066458709365
1999-01-04,527.035479279494,539.520631022488
1999-01-05,537.656810284461,550.366634038125
1999-01-06,562.44314136043,575.498321727435
1999-01-07,570.132703572922,583.205059056237
1999-01-08,566.306467130167,579.324475237773
1999-01-09,565.66357651925,578.674790961696
1999-01-10,565.517304566019,578.533126721978
1999-01-11,564.935233189722,577.945635510391
1999-01-12,550.23796251001,562.917854966173
1999-01-13,513.00537956609,524.835037171036
1999-01-14,513.495461542459,525.343655423678
1999-01-15,532.29709243778,544.577667188563
1999-01-16,536.407981373032,548.717249951186
1999-01-17,539.846586462164,552.229522073921
1999-01-18,542.84282728428,555.29259506194
1999-01-19,545.123455088263,557.626949308952
1999-01-20,555.781460893386,568.514742341021
1999-01-21,542.729534115569,555.29910163779
1999-01-22,526.390764871255,538.589606186181
1999-01-23,527.170914017136,539.395275142137
1999-01-24,527.756526469734,540.001515691868
1999-01-25,529.135591203587,541.419296404708
1999-01-26,540.278842523848,552.814155086174
1999-01-27,541.258570245383,553.814228494008
1999-01-28,562.09891109832,575.127265499726
1999-01-29,573.043249723899,586.126742364065
1999-01-30,575.892883315731,589.023038229953
1999-01-31,578.33911885511,591.527219973152
1999-02-01,579.758544666766,592.984208985093
1999-02-02,575.218290117056,588.354144631822
1999-02-03,573.654998112738,586.763269397082
1999-02-04,568.002322396095,580.98952116224
1999-02-05,557.088637233086,569.834312048948
1999-02-06,557.604120391261,570.369455476
1999-02-07,559.056219809161,571.862031781603
1999-02-08,559.650858694939,572.477442616014
1999-02-09,530.626877482267,542.811206679426
1999-02-10,530.68422247423,542.877365953515
1999-02-11,551.79981870202,564.484964056536
1999-02-12,552.987677816493,565.68521022481
1999-02-13,553.111940395378,565.820047703213
1999-02-14,553.267263700342,565.986754534757
1999-02-15,553.47336022322,566.20539652077
1999-02-16,562.90517931552,575.860449036782
1999-02-17,545.145762490447,557.852243443211
1999-02-18,551.910796845211,564.782684021907
1999-02-19,557.380545562084,570.353795065575
1999-02-20,568.915044588919,582.107828690523
1999-02-21,583.309573918212,596.696930744482
1999-02-22,593.810319299182,607.317568736216
1999-02-23,599.51505395685,613.110458068535
1999-02-24,586.367039608729,599.73541828635
1999-02-25,582.195677183848,595.477238139434
1999-02-26,578.284829183852,591.485394360609
1999-02-27,576.335785600138,589.500030027165
1999-02-28,575.041643867138,588.184474485635
1999-03-01,573.091416933769,586.197797276077
1999-03-02,577.652354623388,590.87113681356
1999-03-03,573.722629881775,586.875538688274
1999-03-04,585.237107458568,598.662117138526
1999-03-05,617.510804564025,631.36067020739
1999-03-06,617.172442587712,631.033042540524
1999-03-07,613.969018400605,627.766417390836
1999-03-08,613.63359009639,627.432144479738
1999-03-09,622.231118467254,636.23169060371
1999-03-10,622.080253007328,636.087492219814
1999-03-11,637.047545345503,651.400617006119
1999-03-12,636.492416623063,650.849002846671
1999-03-13,638.663725784779,653.078329725201
1999-03-14,640.740860270161,655.207901015771
1999-03-15,643.220104681191,657.748219834798
1999-03-16,652.113372642073,666.834260137376
1999-03-17,641.863903432688,656.433846596723
1999-03-18,640.690953707648,655.243377529802
1999-03-19,652.138022006271,666.959626937864
1999-03-20,653.641663024455,668.493515996281
1999-03-21,654.111172077864,668.982621421012
1999-03-22,653.140167175387,667.999374282011
1999-03-23,623.268563826769,637.457588516251
1999-03-24,616.046631115525,630.080079540192
1999-03-25,637.49059500954,652.021270619693
1999-03-26,637.154355310865,651.692660431751
1999-03-27,648.145020663531,662.943134844748
1999-03-28,664.188912293003,679.223985431582
1999-03-29,671.014983886299,686.131587351426
1999-03-30,665.136724164942,680.160286415796
1999-03-31,660.582207322467,675.512331983829
1999-04-01,664.934800099845,679.972658730761
1999-04-02,663.917488741265,678.945251904162
1999-04-03,666.152797302218,681.240580532816
1999-04-04,671.415965810489,686.623535634207
1999-04-05,677.899003410561,693.237293719224
1999-04-06,689.510772629024,705.065455469368
1999-04-07,688.156936865831,703.702610211147
1999-04-08,703.122731385235,719.016216270673
1999-04-09,709.939049291619,725.922897259604
1999-04-10,708.818375839918,724.792596873593
1999-04-11,704.882039422743,720.777658460461
1999-04-12,703.581715449892,719.458060263146
1999-04-13,717.540287688468,733.741655544971
1999-04-14,706.337577058129,722.407723837075
1999-04-15,696.971811046569,712.83900102664
1999-04-16,712.037624653328,728.257800867342
1999-04-17,710.427183199738,726.638532739769
1999-04-18,706.822124388701,722.96140857271
1999-04-19,704.237760140806,720.328187212152
1999-04-20,701.157668737663,717.187855564879
1999-04-21,722.791342316209,739.326205088871
1999-04-22,740.212271196589,756.889960564747
1999-04-23,736.25799315804,752.903571538148
1999-04-24,738.963058239526,755.680278494006
1999-04-25,741.558935050924,758.340703938905
1999-04-26,744.235011925903,761.083291992886
1999-04-27,751.948540480273,768.968155095718
1999-04-28,739.279162852588,756.088960472656
1999-04-29,738.62741100571,755.432998031998
1999-04-30,735.813355716606,752.565522640887
1999-05-01,739.005212682008,755.840610143219
1999-05-02,745.621123688727,762.603395702432
1999-05-03,748.950067096622,766.003975322945
1999-05-04,742.043875325825,758.966785240261
1999-05-05,732.629251883803,749.348120612554
1999-05-06,716.147722288681,732.501001294503
1999-05-07,718.86768787842,735.293360021968
1999-05-08,721.008581247882,737.489430613506
1999-05-09,723.513074637219,740.057807518492
1999-05-10,725.57428387773,742.172978128177
1999-05-11,728.756420046851,745.433809535918
1999-05-12,739.76496558288,756.680448440749
1999-05-13,745.302693677002,762.313714798278
1999-05-14,713.894138346188,730.316188807832
1999-05-15,707.960960487589,724.256787923329
1999-05-16,702.87642247849,719.065384120299
1999-05-17,700.432438209972,716.575205535829
1999-05-18,701.791275513938,717.975414872984
1999-05-19,714.550136283386,731.026143398134
1999-05-20,714.19133154176,730.672742109842
1999-05-21,715.525468625968,732.047906812307
1999-05-22,709.83497972683,726.241633034018
1999-05-23,705.286187470401,721.597887490188
1999-05-24,699.396376807625,715.581978341443
1999-05-25,676.633004318398,692.301859102751
1999-05-26,696.007643771184,712.134873338934
1999-05-27,685.550538681839,701.594522162497
1999-05-28,696.389970748485,712.697487493585
1999-05-29,697.004811437604,713.332010356395
1999-05-30,698.363461960233,714.731930040553
1999-05-31,700.038178326263,716.454313460857
1999-06-01,703.456950047664,719.959220958356
1999-06-02,712.912254884883,729.623179334429
1999-06-03,717.315408296404,734.110252726997
1999-06-04,745.682683173023,763.064585176236
1999-06-05,750.528867486755,767.94118427481
1999-06-06,754.632447804026,772.137841658699
1999-06-07,756.33774430644,773.888906180583
1999-06-08,744.85039123837,762.158867302658
1999-06-09,736.891425434659,754.025655244917
1999-06-10,727.958194457263,744.895286407251
1999-06-11,730.078022777469,747.074884797513
1999-06-12,728.922544706817,745.904720219886
1999-06-13,725.931738348802,742.854704625852
1999-06-14,726.281519668777,743.223060446629
1999-06-15,736.97660112458,754.175581059449
1999-06-16,762.75581089679,780.376226011342
1999-06-17,774.98319891778,792.689234309732
1999-06-18,772.204955713089,789.880457549154
1999-06-19,777.075092883595,794.873131658817
1999-06-20,782.724777130467,800.645406406149
1999-06-21,787.415441965134,805.437628032444
1999-06-22,783.345210821483,801.297825021213
1999-06-23,777.299810108898,795.125214878378
1999-06-24,757.204630283915,774.580359700195
1999-06-25,742.305883906677,759.350588775384
1999-06-26,747.157700069968,764.324448622503
1999-06-27,752.769005208583,770.056929704901
1999-06-28,758.966243845746,776.383994177906
1999-06-29,773.907308443641,791.61722122125
1999-06-30,787.321945028608,805.218994003608
1999-07-01,816.516824364352,834.840004038607
1999-07-02,832.388843540752,850.795267574014
1999-07-03,838.669927524944,857.168436672443
1999-07-04,843.781306802132,862.385553577785
1999-07-05,845.921704575342,864.578774959607
1999-07-06,843.004458941166,861.613052152584
1999-07-07,839.829434536217,858.380031093655
1999-07-08,840.564307693175,859.143178417629
1999-07-09,842.681846541045,861.318680367455
1999-07-10,845.197561081453,863.898965919521
1999-07-11,851.511080504966,870.354856813796
1999-07-12,853.769373315252,872.666942298779
1999-07-13,835.472105507744,854.001229308301
1999-07-14,845.989597296065,864.763953220299
1999-07-15,857.934940888235,876.91097275092
1999-07-16,858.544652262221,877.542365073381
1999-07-17,860.243046158732,879.290064331319
1999-07-18,862.001841133921,881.098397619664
1999-07-19,862.835874401229,881.962410129865
1999-07-20,799.57141857595,817.338051416632
1999-07-21,788.504279066002,806.036453780702
1999-07-22,765.416560287164,782.446850679493
1999-07-23,753.073372693783,769.840206123549
1999-07-24,743.852135916478,760.424611984711
1999-07-25,727.477289859488,743.695660298297
1999-07-26,719.700691521048,735.756118505216
1999-07-27,739.268473334586,755.770740563718
1999-07-28,748.992957555484,765.591800108133
1999-07-29,723.06127761096,739.263460612864
1999-07-30,724.112531841727,740.348635285304
1999-07-31,723.970881885017,740.214301958374
1999-08-01,723.719741432634,739.967903166956
1999-08-02,723.438568844878,739.690793791012
1999-08-03,723.128576458303,739.384215314021
1999-08-04,698.956809074735,714.679456299265
1999-08-05,687.531671592145,703.007348326794
1999-08-06,683.84428898731,699.24682969039
1999-08-07,684.831854035597,700.266455236433
1999-08-08,685.590617579694,701.051621493693
1999-08-09,685.271470975452,700.735299591606
1999-08-10,668.172393378001,683.260198080395
1999-08-11,685.540866650237,701.030448803717
1999-08-12,698.314338198987,713.937383125351
1999-08-13,714.068475846752,729.910819379315
1999-08-14,721.95830638996,737.898899690815
1999-08-15,730.906653672174,747.006537101745
1999-08-16,739.172686998645,755.414233199065
1999-08-17,748.194960864902,764.594683417994
1999-08-18,747.211420510496,763.606493238589
1999-08-19,741.451683456808,757.731296429269
1999-08-20,738.020760509702,754.235845951957
1999-08-21,749.900906501892,766.387776229651
1999-08-22,760.800069219056,777.449423141713
1999-08-23,767.920848662596,784.685955169547
1999-08-24,780.347051280327,797.336592292849
1999-08-25,804.402580637427,821.733681904215
1999-08-26,785.979936248017,803.202759620021
1999-08-27,778.804137200575,795.880988905377
1999-08-28,774.349384805265,791.339722145397
1999-08-29,771.051895662396,787.980981059056
1999-08-30,766.584238429463,783.426289798201
1999-08-31,735.706507257054,751.88116027966
1999-09-01,745.393017962055,761.79117700395
1999-09-02,729.706412709865,745.874230235818
1999-09-03,752.273518417349,768.951809736617
1999-09-04,759.158270331636,775.894898580181
1999-09-05,765.813938740643,782.678470541958
1999-09-06,771.583604521167,788.560974688608
1999-09-07,767.241542786259,784.150916489687
1999-09-08,755.503557435175,772.165244204907
1999-09-09,769.582009433644,786.565021468757
1999-09-10,780.512563339596,797.646031952185
1999-09-11,789.863509435758,807.148050702893
1999-09-12,797.994164830242,815.419714738829
1999-09-13,803.010469887664,820.531400228356
1999-09-14,793.705255965064,811.064017438789
1999-09-15,779.007266232672,796.055964424018
1999-09-16,769.74623428809,786.60343672659
1999-09-17,773.550462629367,790.50203515988
1999-09-18,775.294101144233,792.290731157016
1999-09-19,776.568783640323,793.603165351252
1999-09-20,777.460260453752,794.524759984923
1999-09-21,766.821487006097,783.669811673317
1999-09-22,742.223711239965,758.542765246842
1999-09-23,737.191521339651,753.410812753854
1999-09-24,718.812066868372,734.637563409765
1999-09-25,721.836549433952,737.738952343033
1999-09-26,727.193933037437,743.213374366972
1999-09-27,730.961866942242,747.060757012712
1999-09-28,723.741768033048,739.710961314382
1999-09-29,704.037479256627,719.58228423466
1999-09-30,704.684502944496,720.253670691415
1999-10-01,698.094695917229,713.531355528207
1999-10-02,702.556296756303,718.101617767326
1999-10-03,709.672841950414,725.362785558817
1999-10-04,714.104176536581,729.879875359779
1999-10-05,717.966417119534,733.825673236296
1999-10-06,727.008570143339,743.05333495353
1999-10-07,731.967959944188,748.10145968329
1999-10-08,749.068391477054,765.531198386775
1999-10-09,751.572208703748,768.072073322996
1999-10-10,753.687166699662,770.240795498835
1999-10-11,755.160033592462,771.754773672582
1999-10-12,737.176038007988,753.404020116696
1999-10-13,698.207006296794,713.587695673872
1999-10-14,701.208362828361,716.665174738073
1999-10-15,661.181396227346,675.85286601024
1999-10-16,658.169524018823,672.783631035813
1999-10-17,655.507999263718,670.072439167375
1999-10-18,653.800532078029,668.336436499113
1999-10-19,671.498453469834,686.437321331035
1999-10-20,694.264987337012,709.413786768115
1999-10-21,688.440430593048,703.567419245852
1999-10-22,708.242016232076,723.814181520171
1999-10-23,710.755220441751,726.357210628465
1999-10-24,712.219044013925,727.860891055263
1999-10-25,714.07708399887,729.768036228896
1999-10-26,717.830697312311,733.609414877901
1999-10-27,730.756881074076,746.795835404938
1999-10-28,764.337098536074,780.82243335942
1999-10-29,804.55490451973,821.032854526837
1999-10-30,798.933115940653,815.44535894907
1999-10-31,787.877155215393,804.172259723972
1999-11-01,781.880496166541,798.062792612577
1999-11-02,788.918043415312,805.257096056225
1999-11-03,796.006731087639,812.471781948566
1999-11-04,805.937173741498,822.574553654061
1999-11-05,822.335102813894,839.220747212879
1999-11-06,823.544381585929,840.454725101057
1999-11-07,824.574389063412,841.5168441127
1999-11-08,825.035744360503,841.999098934989
1999-11-09,820.179936357212,837.056441745732
1999-11-10,835.580431195458,852.78545981432
1999-11-11,844.629809451943,861.948416448371
1999-11-12,866.106898576984,883.76320632069
1999-11-13,867.569361273859,885.24992529146
1999-11-14,868.828462973187,886.545949143025
1999-11-15,870.22261033193,887.979842397766
1999-11-16,880.503551068701,898.47474285849
1999-11-17,867.894501980385,885.695755680423
1999-11-18,886.361592763126,904.554007043433
1999-11-19,903.334164765539,921.70776724723
1999-11-20,901.736406496063,920.105649364524
1999-11-21,899.757804596636,918.099587187942
1999-11-22,898.21516712077,916.538327140953
1999-11-23,892.284167866952,910.499001632264
1999-11-24,910.6537241979,929.256150883234
1999-11-25,923.509094879418,942.25538972683
1999-11-26,946.605520162272,965.673765207561
1999-11-27,946.775520315799,965.858996248139
1999-11-28,945.686826011236,964.761803119173
1999-11-29,943.688017523205,962.736033116303
1999-11-30,912.54696327166,930.979692565218
1999-12-01,925.788339586751,944.501409530151
1999-12-02,940.559783122322,959.477379932184
1999-12-03,977.038177896855,996.415827377496
1999-12-04,969.085326438206,988.468794252354
1999-12-05,960.917991524278,980.151784684152
1999-12-06,951.711781909626,970.774867014948
1999-12-07,938.667347342672,957.482580667846
1999-12-08,932.6407577314,951.348440304016
1999-12-09,949.636098882539,968.69786354182
1999-12-10,962.846805718275,982.067258534451
1999-12-11,963.131656308947,982.369741867658
1999-12-12,963.127671475597,982.379309724308
1999-12-13,963.158076091417,982.423947532108
1999-12-14,967.45468828172,986.820133994418
1999-12-15,971.791557438939,991.247846708481
1999-12-16,963.254428756698,982.57277036672
1999-12-17,972.657063082618,992.177580385451
1999-12-18,976.995638332999,996.595881924265
1999-12-19,980.420600856751,1000.09585248497
1999-12-20,984.74551433326,1004.51392556992
1999-12-21,994.059761540473,1014.00862131829
1999-12-22,1010.94063575593,1031.1625808835
1999-12-23,1036.19627038985,1056.72547993822
1999-12-24,1031.23224997781,1051.73888459293
1999-12-25,1030.68167646375,1051.19191462445
1999-12-26,1029.6934807495,1050.19859516819
1999-12-27,1029.257928973,1049.76888941652
1999-12-28,1045.52354527049,1066.37317310339
1999-12-29,1058.50504256704,1079.52598426544
1999-12-30,1074.50990945487,1095.76557967693
1999-12-31,1076.01184928152,1097.30142051188
2000-01-01,1074.68026774287,1095.95917906645
2000-01-02,1072.97062468301,1094.23054032031
2000-01-03,1071.1785335829,1092.4178287098
2000-01-04,965.989328325966,985.157821133049
2000-01-05,927.631524503993,946.052307631306
2000-01-06,903.111130199084,921.057920432364
2000-01-07,963.501060965004,982.660538110029
2000-01-08,978.682391587359,997.673555786746
2000-01-09,991.903865557247,1011.06774877783
2000-01-10,997.329894275122,1016.57647380212
2000-01-11,983.813439803404,1002.84984508319
2000-01-12,963.217857819406,981.869392767778
2000-01-13,987.149836817391,1006.27815149803
2000-01-14,1014.60609504552,1033.94204600345
2000-01-15,1028.67064638117,1048.10034549833
2000-01-16,1041.64919970969,1061.25088548688
2000-01-17,1051.46530683578,1071.20519648571
2000-01-18,1027.73722212605,1047.15740862729
2000-01-19,1015.32181922164,1034.52174979932
2000-01-20,1010.86013178288,1029.98981273069
2000-01-21,1002.62372931375,1021.61152332681
2000-01-22,998.342269318146,1017.26283748099
2000-01-23,994.065643516094,1012.9189762868
2000-01-24,989.797697244968,1008.58384146494
2000-01-25,985.811494436919,1004.53569110831
2000-01-26,987.545982671474,1006.3167934764
2000-01-27,998.606396231999,1017.5915102901
2000-01-28,991.905503654545,1010.81484401551
2000-01-29,997.137149681254,1016.15986527362
2000-01-30,1001.42687563584,1020.53393690764
2000-01-31,1006.99049598671,1026.20566429683
2000-02-01,1039.91892465489,1059.68499763075
2000-02-02,1050.23363493917,1070.04568143724
2000-02-03,1078.6074576776,1098.83267217851
2000-02-04,1063.94440644384,1084.10454030456
2000-02-05,1065.98047192949,1086.19384004904
2000-02-06,1069.31525636087,1089.60343382041
2000-02-07,1071.32174039762,1091.65967167599
2000-02-08,1067.50033556759,1087.78406688693
2000-02-09,1046.11560783728,1066.00771840051
2000-02-10,1058.28058997074,1078.41843389005
2000-02-11,1051.00152787437,1071.05820250203
2000-02-12,1043.84100205995,1063.77551040616
2000-02-13,1034.79643344976,1054.57259515078
2000-02-14,1027.60382627611,1047.25679084328
2000-02-15,1037.00842372087,1056.85540642767
2000-02-16,1026.62962863903,1046.34020335005
2000-02-17,1013.03380649778,1032.49751037164
2000-02-18,991.504818675312,1010.56885536524
2000-02-19,984.984607064495,1003.93696562053
2000-02-20,979.258472540358,998.114254061706
2000-02-21,976.610430039188,995.428740690151
2000-02-22,952.149352257904,970.509787270605
2000-02-23,959.695535239913,978.214508027603
2000-02-24,987.228850058728,1006.18295528358
2000-02-25,994.916950210206,1013.92475974212
2000-02-26,1007.86445338036,1027.08424850509
2000-02-27,1020.17782421906,1039.56695115191
2000-02-28,1026.5371118816,1046.02299684204
2000-02-29,1025.61944960119,1045.10496977242
2000-03-01,1065.11686041335,1085.366852492
2000-03-02,1071.26459224483,1091.53118247193
2000-03-03,1105.49261130109,1126.32615260095
2000-03-04,1104.27254164422,1125.11831222562
2000-03-05,1101.07890194893,1121.87957295228
2000-03-06,1097.30485473391,1118.0493819245
2000-03-07,1078.49243106589,1098.89639202373
2000-03-08,1087.34209723967,1107.92829857416
2000-03-09,1103.2478407236,1124.08477854712
2000-03-10,1100.64704621828,1121.46927175533
2000-03-11,1086.94979047132,1107.52790133763
2000-03-12,1063.49719969793,1083.6461438935
2000-03-13,1043.93474596985,1063.7275616526
2000-03-14,1047.91702256426,1067.79959004829
2000-03-15,1049.64107050123,1069.56749014916
2000-03-16,1111.59700358568,1132.66416446813
2000-03-17,1120.38174853757,1141.38358824194
2000-03-18,1118.53473142019,1139.52440982187
2000-03-19,1115.36823194318,1136.31377935509
2000-03-20,1113.67894718276,1134.60801790428
2000-03-21,1147.28116325291,1168.85692653918
2000-03-22,1170.54177304481,1192.22526280061
2000-03-23,1182.58313966186,1204.38829039867
2000-03-24,1187.36493449198,1209.2505493726
2000-03-25,1188.48916154747,1210.40955686246
2000-03-26,1189.54763844302,1211.503285803
2000-03-27,1190.38199005984,1212.36890755468
2000-03-28,1200.6795626319,1222.86954432593
2000-03-29,1216.70234396204,1239.13565619876
2000-03-30,1178.75305989273,1200.75484459627
2000-03-31,1197.9209699357,1220.29648311216
2000-04-01,1195.11032276077,1217.47301831456
2000-04-02,1190.80803114728,1213.10647046999
2000-04-03,1185.91704392626,1208.14009897512
2000-04-04,1181.13849455687,1203.28814904432
2000-04-05,1132.04837506912,1153.29353545031
2000-04-06,1159.81452825635,1181.59619957201
2000-04-07,1195.24387880331,1217.27659488129
2000-04-08,1192.16215881437,1214.20073172825
2000-04-09,1188.24741918549,1210.2298506013
2000-04-10,1184.84065633325,1206.77624064386
2000-04-11,1163.75567430497,1185.31699823005
2000-04-12,1141.82451037279,1162.99528151708
2000-04-13,1120.48919357087,1141.279879352
2000-04-14,1033.13548358211,1052.32056020245
2000-04-15,1030.92296488137,1050.08101026952
2000-04-16,1027.7923633192,1046.9062385981
2000-04-17,1025.54137495997,1044.62734447939
2000-04-18,1084.58312541494,1104.78174974425
2000-04-19,1086.00113379414,1106.20356304604
2000-04-20,1115.47367136412,1136.22172680544
2000-04-21,1119.59528254457,1140.38082215518
2000-04-22,1122.31890721776,1143.1655178127
2000-04-23,1124.61059677988,1145.51236571027
2000-04-24,1127.45755173342,1148.42469446783
2000-04-25,1166.13589692869,1187.78927162041
2000-04-26,1186.10366043465,1207.80905822585
2000-04-27,1177.51671739524,1199.15255225847
2000-04-28,1199.4914617013,1221.54689795541
2000-04-29,1201.9191273395,1224.0135637286
2000-04-30,1206.77107026699,1228.96622687618
2000-05-01,1208.59215571434,1230.83356933742
2000-05-02,1204.39236216534,1226.57588502982
2000-05-03,1206.00244436323,1228.23183700673
2000-05-04,1192.41906839728,1214.4231132635
2000-05-05,1202.79337164395,1225.00483952236
2000-05-06,1201.98951186987,1224.20614425808
2000-05-07,1200.33185765952,1222.53397747571
2000-05-08,1195.15182548365,1217.27423606262
2000-05-09,1166.81007726886,1188.42392928927
2000-05-10,1101.59922422314,1122.02079260372
2000-05-11,1124.73522153199,1145.60050644699
2000-05-12,1164.6875911555,1185.89288235558
2000-05-13,1162.41685594147,1183.63664518774
2000-05-14,1149.8545752174,1170.86067735651
2000-05-15,1147.35110500949,1168.3269398413
2000-05-16,1198.60016905007,1220.52834487573
2000-05-17,1194.72411804521,1216.68359811304
2000-05-18,1179.14705274675,1200.83624640841
2000-05-19,1151.6904283486,1172.89052675123
2000-05-20,1138.81005786382,1159.78868032633
2000-05-21,1120.20631374766,1140.85772916971
2000-05-22,1097.23255336263,1117.47573229483
2000-05-23,1057.63367682333,1077.1615783551
2000-05-24,1068.47446137459,1088.21668841593
2000-05-25,1098.00094900981,1118.15200877521
2000-05-26,1060.7809353508,1080.76792828152
2000-05-27,1053.22238820489,1073.08120010824
2000-05-28,1049.25526797226,1069.05340959424
2000-05-29,1042.73615595005,1062.42535703607
2000-05-30,1068.97624966158,1089.17488218292
2000-05-31,1077.54353656545,1097.81252606246
2000-06-01,1105.76716559296,1126.47132724363
2000-06-02,1155.8979525737,1176.91171237956
2000-06-03,1149.00712592899,1170.06107141668
2000-06-04,1142.10232106358,1163.04507686815
2000-06-05,1134.90364037669,1155.72963551692
2000-06-06,1124.01777550848,1144.65917390981
2000-06-07,1110.44357072243,1130.85074299133
2000-06-08,1074.19312233771,1093.94892797415
2000-06-09,1107.25977659679,1127.6379750904
2000-06-10,1102.86492981227,1123.24495535396
2000-06-11,1098.57596783341,1118.89135447602
2000-06-12,1093.88784590691,1114.13110488567
2000-06-13,1095.38183105311,1115.66723872675
2000-06-14,1088.20704813785,1108.37887741983
2000-06-15,1104.87829312815,1125.37362207863
2000-06-16,1088.01084050338,1108.33759816545
2000-06-17,1085.54650419769,1105.84171495984
2000-06-18,1087.15443148993,1107.49416550763
2000-06-19,1088.62558982862,1109.00634513365
2000-06-20,1114.95758338861,1135.82882139691
2000-06-21,1125.17738090564,1146.13342589946
2000-06-22,1115.63308626552,1136.46950482886
2000-06-23,1098.82473780864,1119.36194242272
2000-06-24,1104.56041338078,1125.2193172164
2000-06-25,1115.84723222265,1136.70271690692
2000-06-26,1122.2861740579,1143.24450926552
2000-06-27,1107.804670522,1128.54896067289
2000-06-28,1115.35474422733,1136.25508520146
2000-06-29,1078.4920779064,1098.84232907209
2000-06-30,1084.81592061158,1105.2996079988
2000-07-01,1096.8889038244,1117.5798034066
2000-07-02,1110.23631178824,1131.12019508369
2000-07-03,1116.95743404979,1137.9425848443
2000-07-04,1117.24211224575,1138.24686655764
2000-07-05,1088.24986766948,1108.72694703719
2000-07-06,1090.20716827801,1110.73552770167
2000-07-07,1127.51827464988,1148.73116128319
2000-07-08,1125.96911815806,1147.19537791934
2000-07-09,1122.92351584082,1144.10731728774
2000-07-10,1120.94818982741,1142.10964649674
2000-07-11,1119.02609090486,1140.16614629218
2000-07-12,1132.6295566922,1154.04147006469
2000-07-13,1162.20462960874,1184.01150151849
2000-07-14,1177.41049961821,1199.32514032336
2000-07-15,1177.64809979324,1199.58189591098
2000-07-16,1177.42279747133,1199.36805581371
2000-07-17,1177.46610480393,1199.42780801737
2000-07-18,1149.4256737398,1170.88000820463
2000-07-19,1169.13359678518,1190.97103580058
2000-07-20,1183.77410412891,1205.77625919874
2000-07-21,1125.90930437759,1147.20852500227
2000-07-22,1121.14574504873,1142.36993654025
2000-07-23,1118.00994506352,1139.18968384236
2000-07-24,1118.0449515535,1139.24018270425
2000-07-25,1105.97000982106,1126.95115790627
2000-07-26,1095.2395108621,1116.03178328384
2000-07-27,1078.82019929122,1099.31530343146
2000-07-28,1065.84087997616,1086.10371354969
2000-07-29,1072.06708831023,1092.46241829104
2000-07-30,1079.04502651046,1099.56719693789
2000-07-31,1086.08633134472,1106.73421470886
2000-08-01,1090.57917544337,1111.31262048379
2000-08-02,1116.07344978444,1137.2541191098
2000-08-03,1136.2523474773,1157.59874138068
2000-08-04,1150.25628461272,1171.75838837465
2000-08-05,1154.92633160215,1176.50329206725
2000-08-06,1155.0331975759,1176.6274518649
2000-08-07,1154.17357685339,1175.7671003154
2000-08-08,1162.00316781247,1183.75849004196
2000-08-09,1182.23956238762,1204.32088082099
2000-08-10,1163.25505635689,1185.16195914966
2000-08-11,1143.76821549529,1165.32356932062
2000-08-12,1157.76751617917,1179.60185759856
2000-08-13,1179.72658612828,1201.85663088348
2000-08-14,1194.04192000394,1216.32351956293
2000-08-15,1168.89302647796,1190.87147151249
2000-08-16,1182.58685773323,1204.83827337366
2000-08-17,1170.33805041793,1192.44698124217
2000-08-18,1166.32066469412,1188.36927653279
2000-08-19,1172.46130909005,1194.64152367286
2000-08-20,1181.8501774889,1204.19918178168
2000-08-21,1192.98632397911,1215.51761818745
2000-08-22,1207.39939719261,1230.15175729029
2000-08-23,1226.81106612851,1249.82975380731
2000-08-24,1207.9283130165,1230.75942887701
2000-08-25,1213.059397682,1236.00331030565
2000-08-26,1217.20766973337,1240.23741252686
2000-08-27,1221.2706514174,1244.38653761052
2000-08-28,1223.95475975473,1247.13319660453
2000-08-29,1227.60531800312,1250.86513493006
2000-08-30,1227.6992111533,1250.97692260234
2000-08-31,1236.88571990388,1260.35369404777
2000-09-01,1263.95594817658,1287.85304808485
2000-09-02,1259.43803183391,1283.31628486454
2000-09-03,1248.393186966,1272.07860048321
2000-09-04,1242.94592698539,1266.54441325043
2000-09-05,1243.86092798824,1267.49312654087
2000-09-06,1234.82913495821,1258.30910124417
2000-09-07,1275.83391273663,1300.10979087872
2000-09-08,1237.46490676387,1261.65594026313
2000-09-09,1239.80352279275,1264.05653708988
2000-09-10,1254.19014671644,1278.72781213788
2000-09-11,1256.7358043624,1281.32566993826
2000-09-12,1238.71111573062,1262.98252127672
2000-09-13,1226.2099652422,1250.25273606755
2000-09-14,1215.70967291858,1239.56272487594
2000-09-15,1218.55834848081,1242.48333216218
2000-09-16,1214.78869487056,1238.66018825652
2000-09-17,1210.25815635684,1234.05663948074
2000-09-18,1206.8464723335,1230.59383345813
2000-09-19,1216.37555657339,1240.32633739304
2000-09-20,1222.32959816413,1246.39055442586
2000-09-21,1197.54406715628,1221.19356489753
2000-09-22,1106.53393879877,1128.40216180897
2000-09-23,1115.77885893201,1137.84452755527
2000-09-24,1127.92921133613,1150.19945432208
2000-09-25,1136.92298996136,1159.33757853122
2000-09-26,1126.29502865409,1148.55732243981
2000-09-27,1096.22287939276,1117.90554332484
2000-09-28,1127.36176609587,1149.67471193357
2000-09-29,1132.80447835605,1155.16496795292
2000-09-30,1130.53904167076,1152.87512581903
2000-10-01,1126.86183977997,1149.14007972012
2000-10-02,1124.6768906211,1146.9267165115
2000-10-03,1127.5189581444,1149.8397572616
2000-10-04,1137.88242535647,1160.41047931369
2000-10-05,1126.43691332674,1148.80625389632
2000-10-06,1121.29555681358,1143.57752589896
2000-10-07,1113.41752663529,1135.55759982317
2000-10-08,1107.5936985382,1129.63252126592
2000-10-09,1099.72010861924,1121.61673881865
2000-10-10,1080.95082640013,1102.48812815431
2000-10-11,1042.64693683263,1063.43518630934
2000-10-12,1024.64356192196,1045.08650809367
2000-10-13,1062.82260693763,1084.04069552779
2000-10-14,1070.63298043348,1091.88000269468
2000-10-15,1081.53630430575,1102.97546110262
2000-10-16,1089.17399211369,1110.74059492031
2000-10-17,1061.59314873898,1082.72460783918
2000-10-18,1034.29401866475,1054.89601968558
2000-10-19,1108.32758347735,1130.41785126009
2000-10-20,1113.87952398717,1135.909556881
2000-10-21,1119.61600788478,1141.76098433225
2000-10-22,1131.21914731074,1153.57893377262
2000-10-23,1137.04826381654,1159.50856999033
2000-10-24,1151.77302106805,1174.50188523093
2000-10-25,1131.49993192721,1153.97497880572
2000-10-26,1141.25585743094,1163.93944400542
2000-10-27,1149.22838652625,1172.05143072076
2000-10-28,1136.11018906704,1158.73346949621
2000-10-29,1123.28684287013,1145.66959961963
2000-10-30,1118.6158259975,1140.9201596407
2000-10-31,1172.0203686713,1195.4040797712
2000-11-01,1146.51902135703,1170.00318403207
2000-11-02,1131.81345728834,1155.01136753181
2000-11-03,1114.70059342082,1137.56252287404
2000-11-04,1120.9322292195,1143.93651550465
2000-11-05,1129.37640476247,1152.54537807538
2000-11-06,1137.8699646981,1161.19652313784
2000-11-07,1157.9911004159,1181.67030692143
2000-11-08,1140.56257374075,1164.05404545587
2000-11-09,1130.19552477152,1153.48838040008
2000-11-10,1055.60454353678,1077.37488049354
2000-11-11,1044.55941033095,1066.11576402226
2000-11-12,1037.77266203361,1059.20261415585
2000-11-13,1037.50540602901,1058.94341006292
2000-11-14,1085.53190924896,1107.97585020719
2000-11-15,1091.47438910675,1113.92381467833
2000-11-16,1071.13675397273,1093.23551270434
2000-11-17,1071.4170443164,1093.53561797658
2000-11-18,1064.14050957284,1086.12352048423
2000-11-19,1052.24670725618,1073.99794955763
2000-11-20,1044.70269207968,1066.31175299489
2000-11-21,1048.4194615759,1070.11902944779
2000-11-22,1018.87348588,1040.02742486758
2000-11-23,1021.65783062884,1042.88290768045
2000-11-24,1043.08585756813,1064.74081038283
2000-11-25,1055.72652678477,1077.52699778411
2000-11-26,1067.04248690747,1089.02381323114
2000-11-27,1072.80221281469,1094.88612763301
2000-11-28,1015.91880107086,1036.9975256772
2000-11-29,995.064149126754,1015.72342765512
2000-11-30,961.255332988784,981.225634391807
2000-12-01,962.146685562435,982.148060525787
2000-12-02,952.771507937934,972.594573390521
2000-12-03,941.829147519976,961.437005399116
2000-12-04,932.704440569251,952.134641791578
2000-12-05,1003.52639444728,1024.4441695785
2000-12-06,982.993860745344,1004.23885877742
2000-12-07,948.777178864244,969.295528674444
2000-12-08,982.274107007536,1003.52927327101
2000-12-09,1000.4998022995,1021.84721348948
2000-12-10,1015.6912436435,1037.2408697042
2000-12-11,1024.39331281784,1046.07668081239
2000-12-12,1019.8420226202,1041.46209503713
2000-12-13,1014.90795711,1036.4367684206
2000-12-14,974.947884750651,995.642332140556
2000-12-15,909.842205067878,929.16746808774
2000-12-16,913.310372850067,932.721215203696
2000-12-17,917.538699964666,937.043531024378
2000-12-18,921.229447475557,940.816471328233
2000-12-19,920.170986462428,939.749849196557
2000-12-20,844.692641639713,862.677587242483
2000-12-21,829.027011890899,846.689495101823
2000-12-22,837.356312299366,855.207080377749
2000-12-23,835.315785411986,853.144657403965
2000-12-24,833.215388977166,851.010347982303
2000-12-25,831.987345003877,849.766954634596
2000-12-26,835.92908786354,853.803803899754
2000-12-27,852.124803455776,870.318734462554
2000-12-28,861.344526986952,879.658589411569
2000-12-29,856.626923967937,874.877363087726
2000-12-30,852.400165752347,870.57164222902
2000-12-31,847.638188683634,865.71923076883
2001-01-01,841.943154645645,859.914094830978
2001-01-02,809.457564610046,826.746428554819
2001-01-03,824.05622570218,841.667783649677
2001-01-04,838.983778887645,856.791815123713
2001-01-05,803.655475906465,821.039327122555
2001-01-06,803.247085336811,820.632921827731
2001-01-07,804.362408794419,821.783211118535
2001-01-08,805.57746887168,823.034670236024
2001-01-09,814.464378149385,832.118647204617
2001-01-10,814.574325452684,832.241750890487
2001-01-11,809.343185604499,826.908221018289
2001-01-12,804.680035293599,822.154759020721
2001-01-13,809.169599011756,826.752645107132
2001-01-14,817.546198377328,835.299024512595
2001-01-15,822.958225651436,840.812060011101
2001-01-16,828.26913776469,846.232111810697
2001-01-17,841.072731509692,859.28372544939
2001-01-18,859.396288933627,877.875215264891
2001-01-19,855.978539630028,874.43292779781
2001-01-20,861.027068066261,879.601857453429
2001-01-21,870.605368828747,889.370413011824
2001-01-22,876.188805754155,895.055458488439
2001-01-23,865.893997093657,884.583868961656
2001-01-24,884.254405062434,903.352240749291
2001-01-25,909.344187336982,928.731768778138
2001-01-26,889.917309256927,909.171354155816
2001-01-27,892.516332861068,911.838591217174
2001-01-28,897.652864798339,917.091069352117
2001-01-29,902.252062315615,921.788995769047
2001-01-30,912.155543969354,931.894123087396
2001-01-31,895.724318126545,915.209975599891
2001-02-01,880.417252143367,899.581984434531
2001-02-02,854.23521560901,872.841882445627
2001-02-03,853.639443898411,872.244644143523
2001-02-04,852.992655804163,871.595261214573
2001-02-05,852.330446557872,870.930101316049
2001-02-06,868.116848648945,887.072482073777
2001-02-07,851.468642524358,870.2270942045
2001-02-08,856.273977380116,875.149768098728
2001-02-09,837.152619166963,855.672600694919
2001-02-10,838.414269242865,856.973442825111
2001-02-11,842.066324728974,860.715068289033
2001-02-12,843.367067616829,862.053326326719
2001-02-13,834.002005585616,852.499099189524
2001-02-14,841.53484199243,860.210207115634
2001-02-15,865.19827240923,884.303348629016
2001-02-16,838.078705493211,856.972135851977
2001-02-17,831.636812584461,850.396195577183
2001-02-18,823.858161394455,842.453115777441
2001-02-19,817.642922962607,836.108489699193
2001-02-20,820.628888679256,839.172656151836
2001-02-21,784.163424677167,801.959804864297
2001-02-22,792.857283376244,810.861262879447
2001-02-23,780.173952849987,797.971314751465
2001-02-24,783.161351046442,801.03732147173
2001-02-25,791.596302518933,809.659441988211
2001-02-26,793.370549049529,811.475696000754
2001-02-27,781.607647312571,799.467859233918
2001-02-28,752.891415388166,770.105913995489
2001-03-01,748.124453826448,765.240097361489
2001-03-02,723.599582443073,740.164228907024
2001-03-03,727.06051053076,743.714133430034
2001-03-04,732.735857304718,749.515884823462
2001-03-05,739.315742407163,756.230969723557
2001-03-06,760.768181848508,778.088621086084
2001-03-07,760.1725361769,777.499170677965
2001-03-08,760.620340101189,777.967407444151
2001-03-09,728.440216217652,745.071735503846
2001-03-10,709.257933872508,725.461290683095
2001-03-11,695.476064357827,711.374110519738
2001-03-12,689.462044582571,705.231984738488
2001-03-13,696.546898204013,712.488176117149
2001-03-14,669.266780670356,684.734051549807
2001-03-15,697.393159037958,713.519473565945
2001-03-16,684.337340872241,700.441258963301
2001-03-17,685.402303670706,701.540516412341
2001-03-18,687.023600179447,703.208069195407
2001-03-19,686.795966355517,702.984673745746
2001-03-20,673.984407639459,689.880384770208
2001-03-21,663.118222343067,678.767000618585
2001-03-22,646.086256158488,661.342082108563
2001-03-23,671.670407345191,687.539145199839
2001-03-24,682.236469928488,698.15955976001
2001-03-25,689.587296091686,705.635908466263
2001-03-26,700.235993952179,716.485341558843
2001-03-27,725.558326506693,742.211449525994
2001-03-28,713.789183316125,730.389609906639
2001-03-29,702.593377840785,718.943061277514
2001-03-30,711.314474790274,727.87656166888
2001-03-31,711.383886897799,727.957154412428
2001-04-01,709.73281424145,726.277211691435
2001-04-02,705.754616575298,722.215852538591
2001-04-03,659.546231914894,674.939213850772
2001-04-04,639.590155849691,654.526281606269
2001-04-05,679.029480697037,694.895255300102
2001-04-06,680.33060433378,696.199203956944
2001-04-07,678.451776820645,694.287442896899
2001-04-08,674.659454688569,690.415769472881
2001-04-09,673.826280224746,689.572250028015
2001-04-10,706.530451083626,723.049725345125
2001-04-11,724.597888971318,741.123745548396
2001-04-12,740.414076255046,757.119597318311
2001-04-13,741.012620543403,757.735945107998
2001-04-14,740.734617200298,757.461508243681
2001-04-15,738.790034271733,755.482717191126
2001-04-16,738.713063793731,755.413688922106
2001-04-17,745.402678235522,762.26421774441
2001-04-18,792.774866294445,810.503744326318
2001-04-19,806.938893056114,824.569556322391
2001-04-20,770.4772749438,787.628584556794
2001-04-21,763.406943458283,780.41104187357
2001-04-22,757.130437785779,774.004845115497
2001-04-23,750.179365260188,766.908923941264
2001-04-24,744.607389534976,761.22279301596
2001-04-25,763.626998236316,780.676840520942
2001-04-26,763.726087196205,780.788083586454
2001-04-27,774.551474268367,791.865404010748
2001-04-28,781.184568664183,798.610647412046
2001-04-29,794.620831692922,812.300579616826
2001-04-30,801.309228500989,819.09211297286
2001-05-01,818.392650867957,836.494903960889
2001-05-02,817.518994912701,835.62295670009
2001-05-03,798.732114329407,816.431042926474
2001-05-04,807.049315459138,824.943294493888
2001-05-05,808.165753379796,826.089923028313
2001-05-06,809.590900122386,827.556684161128
2001-05-07,811.011591427236,829.018657606865
2001-05-08,810.892463455673,828.907960652804
2001-05-09,808.487075967157,826.460059685935
2001-05-10,810.783726233142,828.818669705729
2001-05-11,812.433380840555,830.513794883305
2001-05-12,809.116215564452,827.137169388962
2001-05-13,806.649213341678,824.626192748751
2001-05-14,805.935290652814,823.907292621409
2001-05-15,810.007871628557,828.08161414943
2001-05-16,821.574812017752,839.888607416813
2001-05-17,836.619523168627,855.173254825309
2001-05-18,844.795384487213,863.468693296893
2001-05-19,851.055824834637,869.849184902575
2001-05-20,860.970760237438,879.958389771311
2001-05-21,867.056678497277,886.155346437656
2001-05-22,878.162300065439,897.478730385161
2001-05-23,880.483368452963,899.848404598041
2001-05-24,877.154038565337,896.462144340202
2001-05-25,864.117164205455,883.150179519813
2001-05-26,864.512015714536,883.565427822889
2001-05-27,864.986634907824,884.062145385056
2001-05-28,865.374843326029,884.470563472198
2001-05-29,860.853565592547,879.862094727297
2001-05-30,836.207508130587,854.683495693753
2001-05-31,852.167478968798,871.007430394801
2001-06-01,854.453875188874,873.334855744206
2001-06-02,854.675738420474,873.573027478438
2001-06-03,853.616647750515,872.502212517047
2001-06-04,854.566687584097,873.48485105364
2001-06-05,878.49724642867,897.944280301474
2001-06-06,849.199400783165,868.41704061938
2001-06-07,871.009550682029,890.732289438806
2001-06-08,860.931236161324,880.567155187833
2001-06-09,852.827622213443,872.290406592859
2001-06-10,845.060061656672,864.35716153472
2001-06-11,837.095342523344,856.222044484508
2001-06-12,830.809083944081,849.803517912786
2001-06-13,813.597080726366,832.209287320385
2001-06-14,806.534818090139,824.996518247948
2001-06-15,765.149757888771,782.675099143329
2001-06-16,764.005269780743,781.514794426692
2001-06-17,765.066932634077,782.61116606008
2001-06-18,767.75849884632,785.373093644266
2001-06-19,772.635052479552,790.363556377905
2001-06-20,784.808500825614,802.788406837062
2001-06-21,790.20230802666,808.274704250368
2001-06-22,790.544527381027,808.634528466867
2001-06-23,785.608273404959,803.596907817499
2001-06-24,777.576021260234,795.391394604568
2001-06-25,772.498898153311,790.208500157379
2001-06-26,762.7890629209,780.286550395153
2001-06-27,755.310484845212,772.646773484847
2001-06-28,782.825893627459,800.803984176441
2001-06-29,794.732597118696,812.782456828274
2001-06-30,802.56873293242,820.750253053329
2001-07-01,809.713346565499,828.033114772581
2001-07-02,814.201328542228,832.614083437311
2001-07-03,798.743869258419,816.860819674509
2001-07-04,801.130612943364,819.312538533572
2001-07-05,785.183921935189,803.038500419959
2001-07-06,761.743767743749,779.075994140596
2001-07-07,761.825310370074,779.169738285595
2001-07-08,759.185743467533,776.480452649213
2001-07-09,754.638776480848,771.840212486571
2001-07-10,730.434784572907,747.094759092334
2001-07-11,712.292798146944,728.548907031762
2001-07-12,747.058237411555,764.11744624066
2001-07-13,752.135943484023,769.202153126872
2001-07-14,747.660354868271,764.649988048542
2001-07-15,739.184157750935,755.991328358415
2001-07-16,734.642756740486,751.356712645327
2001-07-17,746.521828226277,763.51602529308
2001-07-18,723.910227696432,740.583355103932
2001-07-19,719.051221590861,735.622305260945
2001-07-20,705.702473393334,721.975743753135
2001-07-21,704.329643498694,720.580896433358
2001-07-22,707.460665577239,723.793773060465
2001-07-23,703.71955259129,719.984377284091
2001-07-24,684.861327599518,700.699849122487
2001-07-25,680.769614289244,696.522813915564
2001-07-26,694.027773795666,710.097021820617
2001-07-27,700.374498466038,716.538961413715
2001-07-28,701.72416949006,717.923487609065
2001-07-29,703.681110865404,719.933376443688
2001-07-30,705.022823529924,721.313874465232
2001-07-31,716.487812319881,733.04277814371
2001-08-01,714.457018246704,730.991804923189
2001-08-02,729.217250856125,746.103347136333
2001-08-03,718.324247143059,735.080982565888
2001-08-04,712.911331775071,729.551562653513
2001-08-05,708.354779752854,724.89834466834
2001-08-06,706.55522144224,723.066384366045
2001-08-07,715.001202581361,731.719334694583
2001-08-08,697.052638492894,713.468887063574
2001-08-09,675.67545053289,691.597721666855
2001-08-10,667.711569086075,683.455352236614
2001-08-11,664.375691526664,680.049895160691
2001-08-12,661.323076527014,676.934301670987
2001-08-13,660.560144519448,676.162351389336
2001-08-14,669.986660516482,685.820501196587
2001-08-15,648.499162981153,663.988501745754
2001-08-16,640.228179569983,655.528785242222
2001-08-17,623.530179168935,638.440436847264
2001-08-18,623.266578569254,638.179013969138
2001-08-19,622.891358479118,637.803292314551
2001-08-20,622.578952496795,637.491879626353
2001-08-21,622.835149400085,637.762685201428
2001-08-22,618.820178552879,633.660652072463
2001-08-23,626.935200808379,641.978703509886
2001-08-24,645.736197015108,661.115945296488
2001-08-25,645.730043672322,661.119326661836
2001-08-26,645.739606336769,661.137902569078
2001-08-27,645.765481476496,661.173181403467
2001-08-28,636.540804485012,651.737197656672
2001-08-29,615.526122069629,630.229509138036
2001-08-30,597.678476856619,611.963926489605
2001-08-31,591.350391256334,605.492754426886
2001-09-01,591.163153892389,605.309116991411
2001-09-02,590.854069162966,605.000719815137
2001-09-03,594.174751320538,608.408991743767
2001-09-04,610.839573452577,625.434301727304
2001-09-05,612.350522974036,626.969466387022
2001-09-06,594.163000739044,608.377814274099
2001-09-07,564.938278233506,578.462049507606
2001-09-08,557.812611449385,571.173545129619
2001-09-09,552.157350569529,565.390456268166
2001-09-10,548.769958842256,561.92944711667
2001-09-11,541.203697208571,554.189259635087
2001-09-12,524.559763301066,537.153355696843
2001-09-13,528.472859923138,541.167577660835
2001-09-14,500.517046856513,512.652471432924
2001-09-15,489.03355424694,500.897417041536
2001-09-16,478.006724207619,489.609793072875
2001-09-17,469.164374377889,480.559357003462
2001-09-18,466.810395835866,478.154725486798
2001-09-19,457.839073328705,468.971909727939
2001-09-20,429.377852256443,439.825103512794
2001-09-21,412.34731619184,422.386263773441
2001-09-22,423.663309235513,433.983563681531
2001-09-23,435.133037470924,445.582344160602
2001-09-24,445.791052391163,456.362988210129
2001-09-25,454.754658604715,465.43907005512
2001-09-26,450.136541983284,460.764423728607
2001-09-27,459.020416985241,469.86429785041
2001-09-28,486.047429041806,497.269642339925
2001-09-29,484.891943478843,496.127325590848
2001-09-30,483.385853723558,494.593064884889
2001-10-01,482.234342785683,493.421567227395
2001-10-02,485.33972566005,496.605682854223
2001-10-03,493.225164434639,504.655456456272
2001-10-04,512.88577484374,524.619653672591
2001-10-05,507.875772138327,519.599321738371
2001-10-06,505.169178656861,516.837312754793
2001-10-07,501.487319858407,513.077431911272
2001-10-08,498.368164808398,509.893155224594
2001-10-09,494.958308765248,506.411353767679
2001-10-10,517.21650879862,529.191432037898
2001-10-11,539.159950016519,551.168536662831
2001-10-12,540.428310827594,552.448112276814
2001-10-13,536.503324585499,548.447719101488
2001-10-14,529.512701439014,541.308869221938
2001-10-15,525.685203443676,537.403432902481
2001-10-16,538.924487280428,550.945093842864
2001-10-17,539.747569531221,551.784139133332
2001-10-18,525.715897650434,537.457043448393
2001-10-19,523.642503553912,535.344457803672
2001-10-20,527.230702558035,539.019932224562
2001-10-21,532.828338500086,544.73080819785
2001-10-22,539.210845854573,551.229595101594
2001-10-23,555.014960453581,567.299630736696
2001-10-24,553.964775797316,566.249474055735
2001-10-25,560.861936597354,573.307278342499
2001-10-26,565.492120777021,578.019259699257
2001-10-27,559.675029025652,572.105152387706
2001-10-28,548.39746150554,560.584876500848
2001-10-29,534.684881188461,546.5751634791
2001-10-30,509.915416417071,521.262286599088
2001-10-31,512.687991476479,524.103621905382
2001-11-01,523.27249887578,534.90211057323
2001-11-02,529.816874817486,541.532452451049
2001-11-03,537.121279755618,548.960978397275
2001-11-04,545.997776473188,557.980175154058
2001-11-05,555.092585990735,567.208185409965
2001-11-06,565.929080180397,578.200258475758
2001-11-07,557.992645762193,570.176059511124
2001-11-08,571.322755372702,583.804960600516
2001-11-09,574.180167285843,586.699190574586
2001-11-10,571.602156359174,584.079320993498
2001-11-11,568.370888131374,580.785434627669
2001-11-12,565.872802162017,578.240641790547
2001-11-13,591.553017951257,604.489994469373
2001-11-14,600.760019976368,613.703430752283
2001-11-15,601.968733586254,614.937826343383
2001-11-16,601.47902632805,614.446533236165
2001-11-17,606.453443158381,619.536644761072
2001-11-18,615.087148972755,628.329314421075
2001-11-19,619.982558778625,633.30430201659
2001-11-20,606.796450626084,619.895809332409
2001-11-21,604.895880673111,617.962715374708
2001-11-22,610.671863353477,623.871945292345
2001-11-23,613.203439928874,626.454813126487
2001-11-24,615.331857318321,628.633511354602
2001-11-25,617.158517129478,630.505185349987
2001-11-26,617.925236291612,631.296066007429
2001-11-27,613.896676973164,627.191467850291
2001-11-28,589.729629256888,602.509670552233
2001-11-29,588.067606661936,600.819910095479
2001-11-30,592.67039214638,605.53076177899
2001-12-01,588.415937935723,601.209190541556
2001-12-02,581.345726208066,593.993515820422
2001-12-03,577.469251661781,590.040877028692
2001-12-04,593.694848034743,606.627820717378
2001-12-05,618.826309884496,631.96526039396
2001-12-06,625.460010380715,638.615424628015
2001-12-07,611.908775472422,624.858272322773
2001-12-08,605.473667377714,618.295572980249
2001-12-09,602.576111386793,615.345155368977
2001-12-10,599.666863070348,612.38272842964
2001-12-11,588.926839600546,601.423381972789
2001-12-12,587.706553392727,600.185467728758
2001-12-13,564.017592282852,576.001760305535
2001-12-14,558.210914795989,570.079625025056
2001-12-15,560.298970469589,572.219910210733
2001-12-16,563.163406215329,575.147834981739
2001-12-17,566.801094555595,578.861597542611
2001-12-18,575.914091055843,588.147075412755
2001-12-19,579.704134210174,591.995611676181
2001-12-20,573.821862847996,586.016032526856
2001-12-21,580.278887145671,592.618390900136
2001-12-22,585.331451866307,597.75813818167
2001-12-23,592.019663129576,604.567695011943
2001-12-24,596.777726699821,609.407981284158
2001-12-25,595.547618472172,608.165219410913
2001-12-26,596.758522943479,609.410066664138
2001-12-27,610.022978629631,622.950725740381
2001-12-28,616.741134466874,629.745913783743
2001-12-29,612.736608063557,625.687342198243
2001-12-30,602.437812545693,615.179366462337
2001-12-31,591.820789909675,604.346197136082
2002-01-01,584.263998077409,596.63775792497
2002-01-02,585.94439923834,598.361936293589
2002-01-03,598.797409152512,611.477097041813
2002-01-04,617.29089579492,630.169336404727
2002-01-05,619.121566736827,632.019986972914
2002-01-06,618.830566811934,631.732055902972
2002-01-07,616.275914813246,629.132809094346
2002-01-08,606.312522336838,618.970189959346
2002-01-09,599.927725555829,612.460604026502
2002-01-10,597.70254347135,610.197340700227
2002-01-11,590.282176040631,602.630228733236
2002-01-12,585.21658061564,597.46694498998
2002-01-13,580.847512498146,593.014620575274
2002-01-14,579.006056010262,591.142735628025
2002-01-15,583.579771367655,595.820444092324
2002-01-16,580.006697809418,592.194924932871
2002-01-17,589.004730241296,601.390177969079
2002-01-18,584.138215742284,596.467655355083
2002-01-19,582.661130970179,594.967594853126
2002-01-20,580.101330914399,592.361901968137
2002-01-21,578.627754043587,590.865322391248
2002-01-22,571.887063070063,583.990253957634
2002-01-23,575.352586430457,587.537306948561
2002-01-24,592.601507585479,605.106922091717
2002-01-25,602.462750924739,615.039613284891
2002-01-26,608.96400612978,621.63270065875
2002-01-27,614.776302564822,627.54360145868
2002-01-28,617.406707277907,630.224921030843
2002-01-29,584.805326072302,597.024776083566
2002-01-30,582.528973571136,594.709061273293
2002-01-31,598.410042610264,610.930353836965
2002-02-01,593.062288253986,605.55182470102
2002-02-02,586.588582457327,598.950106861266
2002-02-03,579.711570006475,591.936397088137
2002-02-04,572.167171533581,584.241037562
2002-02-05,557.951590338525,569.733513745765
2002-02-06,553.550308984401,565.247124950324
2002-02-07,555.669373018051,567.418733084744
2002-02-08,556.934611313494,568.716150969096
2002-02-09,560.424402226289,572.283669206273
2002-02-10,563.176789148632,575.093604109096
2002-02-11,564.286817695837,576.232373632459
2002-02-12,568.554191302775,580.593878337662
2002-02-13,579.735660055673,591.977742621869
2002-02-14,588.791375910159,601.144834181216
2002-02-15,577.147226663571,589.354270800069
2002-02-16,575.518114838175,587.698803929713
2002-02-17,574.249324136407,586.411240403863
2002-02-18,572.929465255059,585.071495750239
2002-02-19,555.575034795817,567.357318699013
2002-02-20,553.127619977273,564.865819990143
2002-02-21,554.236978320869,566.006533405264
2002-02-22,552.485012632635,564.226940201915
2002-02-23,557.402279244604,569.256471064637
2002-02-24,562.933639054892,574.888650405154
2002-02-25,568.464398393884,580.517545527918
2002-02-26,574.816802870472,586.981679138197
2002-02-27,586.1452743492,598.495116508924
2002-02-28,584.643540414374,596.984874921092
2002-03-01,602.215388043384,614.935853761406
2002-03-02,617.112294590013,629.934812647201
2002-03-03,630.830047787373,643.782838142768
2002-03-04,636.40083865752,649.416983381191
2002-03-05,625.43990616045,638.288574360831
2002-03-06,635.099468923672,648.155357336986
2002-03-07,634.037974267521,647.089414944626
2002-03-08,633.438412318259,646.486416122996
2002-03-09,636.76587992508,649.891316677067
2002-03-10,641.167048307579,654.380605185068
2002-03-11,643.886941351821,657.156259551308
2002-03-12,635.364211285771,648.485018769718
2002-03-13,626.412689274323,639.357562643985
2002-03-14,620.270351374828,633.097088850878
2002-03-15,625.125462404723,638.061310088559
2002-03-16,626.80119343924,639.774021464532
2002-03-17,630.644277513711,643.700396875665
2002-03-18,632.303095835694,645.397411821917
2002-03-19,633.650936807649,646.780343854352
2002-03-20,620.745631075421,633.630258080503
2002-03-21,618.773945321372,631.626430963423
2002-03-22,617.414137252204,630.247066105793
2002-03-23,614.411004312166,627.190178107866
2002-03-24,610.471908357403,623.177771970126
2002-03-25,607.568531883643,620.222524152209
2002-03-26,614.369671673956,627.173827846772
2002-03-27,617.182331331352,630.038084288779
2002-03-28,626.904475734958,639.94934900074
2002-03-29,623.906734672904,636.921811242323
2002-03-30,622.385665733366,635.377756873933
2002-03-31,621.077812122493,634.051321967947
2002-04-01,619.206681009501,632.14981515581
2002-04-02,611.314338645643,624.10118674464
2002-04-03,603.384039644343,616.013589895417
2002-04-04,599.592763112207,612.151416371497
2002-04-05,601.153459794549,613.753222624692
2002-04-06,599.401571688154,611.975368595983
2002-04-07,598.019464354367,610.572678420408
2002-04-08,596.232924025052,608.757029497132
2002-04-09,592.863952768386,605.32566385103
2002-04-10,599.88569768165,612.503322011653
2002-04-11,579.28798528103,591.603521955753
2002-04-12,581.344875806408,593.712277022475
2002-04-13,581.252952073946,593.626776464742
2002-04-14,581.045350796495,593.422916751034
2002-04-15,580.935475372879,593.31886969807
2002-04-16,603.80359637243,616.682612296776
2002-04-17,597.398749316578,610.273940463336
2002-04-18,594.309858672025,607.126888132848
2002-04-19,595.163922545489,608.007724340445
2002-04-20,592.767949179489,605.570121272001
2002-04-21,588.758497823236,601.482395115063
2002-04-22,584.370483342316,597.007812140879
2002-04-23,580.406575593293,592.96624977791
2002-04-24,573.064814645805,585.473766086362
2002-04-25,561.78148524717,573.954156911244
2002-04-26,550.649111724071,562.588457805377
2002-04-27,545.013165920495,556.838036657488
2002-04-28,538.17652780845,549.860728629169
2002-04-29,534.980086874683,546.602446616942
2002-04-30,545.785545161167,557.650149484118
2002-05-01,552.095886938696,564.041970100072
2002-05-02,547.524477328539,559.405602237241
2002-05-03,537.194560854528,548.859218607593
2002-05-04,529.638176571453,541.146298590201
2002-05-05,522.739230621418,534.104883407554
2002-05-06,517.48166204383,528.740349379809
2002-05-07,511.84281891237,522.986090124787
2002-05-08,543.820980155493,555.667629502395
2002-05-09,537.564901745262,549.471536718603
2002-05-10,519.255917810233,530.764573642496
2002-05-11,521.049294751282,532.604988838736
2002-05-12,525.25121031735,536.900180510663
2002-05-13,530.656307457351,542.410759901024
2002-05-14,549.645384271055,561.730491755069
2002-05-15,557.587196055804,569.71652447307
2002-05-16,551.009715066712,563.050068632018
2002-05-17,557.142932109172,569.325046956112
2002-05-18,553.089600593911,565.213774916243
2002-05-19,547.63742265742,559.649856859631
2002-05-20,541.682100922957,553.571607472348
2002-05-21,532.27063857538,543.961184219917
2002-05-22,529.908012824256,541.55414093381
2002-05-23,539.207866715887,551.065819322323
2002-05-24,536.746186492968,548.579453621143
2002-05-25,536.062677893845,547.888401946766
2002-05-26,535.644895579117,547.468921810474
2002-05-27,534.959661085731,546.776076320202
2002-05-28,522.763469071604,534.31799906456
2002-05-29,510.976588589311,522.277929642497
2002-05-30,501.348532539062,512.444098221208
2002-05-31,500.035520351155,511.109062466295
2002-06-01,497.98151158062,509.01658093533
2002-06-02,496.806972952501,507.822997325823
2002-06-03,494.056787514809,505.018804363927
2002-06-04,476.320536969681,486.895959398236
2002-06-05,482.984790958661,493.714866958081
2002-06-06,471.298465007243,481.857974170503
2002-06-07,458.751310824699,469.036312068737
2002-06-08,458.85998635114,469.153870107506
2002-06-09,459.206880706563,469.514962567924
2002-06-10,459.355521922246,469.673336683263
2002-06-11,455.952325337374,466.2006298028
2002-06-12,450.620389047141,460.755252173485
2002-06-13,444.550768407464,454.555449018004
2002-06-14,430.05036609175,439.734958796225
2002-06-15,435.908744408374,445.731313052731
2002-06-16,446.891778408853,456.892940627635
2002-06-17,453.200214893422,463.27108004254
2002-06-18,449.299945850564,459.317652663832
2002-06-19,428.738871657588,438.304456570042
2002-06-20,416.939757457142,426.248109195998
2002-06-21,404.621135381881,413.660283230471
2002-06-22,400.039654107621,408.982104273891
2002-06-23,395.400858835841,404.245213364941
2002-06-24,390.944097618039,399.694310924211
2002-06-25,392.463037375265,401.25273421892
2002-06-26,372.133441009312,380.513041363503
2002-06-27,388.692865341832,397.450572759048
2002-06-28,387.260662698884,396.023175054714
2002-06-29,386.66519441131,395.419652607682
2002-06-30,384.889898149696,393.609588156085
2002-07-01,382.8681915081,391.547485994166
2002-07-02,372.621343562619,381.07372372862
2002-07-03,373.421129717801,381.896882655156
2002-07-04,376.244022380871,384.786104271255
2002-07-05,404.829879413292,413.917640049376
2002-07-06,402.838298114784,411.959131241965
2002-07-07,398.749537206899,407.783450111844
2002-07-08,393.764142280925,402.690712028854
2002-07-09,375.844844152265,384.370724966457
2002-07-10,355.693386783279,363.767421731116
2002-07-11,354.08296247068,362.125437694196
2002-07-12,350.358401347698,358.321259770034
2002-07-13,345.428782713863,353.284521775439
2002-07-14,338.765268820136,346.474326421227
2002-07-15,330.387835360136,337.911011537414
2002-07-16,316.917350439436,324.138440741442
2002-07-17,328.39341132924,335.88044658191
2002-07-18,323.168394945853,330.634462925378
2002-07-19,295.807665845331,302.646180234985
2002-07-20,288.69485928867,295.373104214969
2002-07-21,284.294791342842,290.875316108455
2002-07-22,277.933801010743,284.371087827266
2002-07-23,273.633807246472,279.97540537141
2002-07-24,286.160912917853,292.796676817392
2002-07-25,284.600327967764,291.239171815138
2002-07-26,286.753669277579,293.446745206346
2002-07-27,296.760347514122,303.652893079542
2002-07-28,312.888943757317,319.884750384414
2002-07-29,323.647164165126,330.614358185953
2002-07-30,327.351764896199,334.343799574005
2002-07-31,333.487495912096,340.581087495645
2002-08-01,316.082726468835,322.972228299737
2002-08-02,301.097513280504,307.664826063052
2002-08-03,294.825993649315,301.260752005721
2002-08-04,289.09383803619,295.407628821538
2002-08-05,285.875209369388,292.122759327182
2002-08-06,304.614373384673,311.275469158669
2002-08-07,312.850045797858,319.437360312543
2002-08-08,331.414879346872,338.163790584258
2002-08-09,334.86582084046,341.593967457704
2002-08-10,332.672237930883,339.371944073413
2002-08-11,329.446522488089,336.085932898462
2002-08-12,325.532880801093,332.098040000795
2002-08-13,317.980801601105,324.398220540462
2002-08-14,326.556188321175,333.151126422964
2002-08-15,340.817397678333,347.514501847566
2002-08-16,338.831068126913,345.535517256051
2002-08-17,342.478559991017,349.259929523124
2002-08-18,348.226960619251,355.095991629614
2002-08-19,351.787625373668,358.702359157095
2002-08-20,343.968805785904,350.77436716476
2002-08-21,354.401048405509,361.417836995824
2002-08-22,362.255246513487,369.315103288493
2002-08-23,355.600456568953,362.607140333397
2002-08-24,356.274136867458,363.299084481442
2002-08-25,357.279950528143,364.328794668735
2002-08-26,357.897235733182,364.962422489382
2002-08-27,351.358708686671,358.305418459287
2002-08-28,332.177070896031,338.74946644856
2002-08-29,327.253641521608,333.733279056146
2002-08-30,328.277119531333,334.781605665057
2002-08-31,327.813652414574,334.314302295848
2002-09-01,326.910683981383,333.398025160125
2002-09-02,325.94491853896,332.4176736132
2002-09-03,298.055718289265,303.979207850669
2002-09-04,300.056943126411,306.024389097634
2002-09-05,292.496690568708,298.343547848678
2002-09-06,304.401112814201,310.490039291053
2002-09-07,307.773698946311,313.867491956516
2002-09-08,310.673321645809,316.813427767543
2002-09-09,313.513278582895,319.700640994132
2002-09-10,321.589930046099,327.904412273604
2002-09-11,325.765063897777,332.11335848396
2002-09-12,310.842219713818,316.999084339345
2002-09-13,303.706159787997,309.726043650298
2002-09-14,305.412614818731,311.470576651452
2002-09-15,307.902690122291,314.007345154521
2002-09-16,309.721014376106,315.858688908787
2002-09-17,304.765447951753,310.823901295024
2002-09-18,292.977002397556,298.80538188854
2002-09-19,276.596858379487,282.103487697723
2002-09-20,276.735743018596,282.24900954585
2002-09-21,274.070135562936,279.534770565647
2002-09-22,269.40655470449,274.782014647132
2002-09-23,264.335554028638,269.613578922613
2002-09-24,255.968291996789,261.082954359132
2002-09-25,267.220427407687,272.563509218895
2002-09-26,278.411058202655,283.741915053904
2002-09-27,270.094476183269,275.433387164571
2002-09-28,264.393989728226,269.62400123542
2002-09-29,258.666173035428,263.786576562351
2002-09-30,255.8248174791,260.892591533252
2002-10-01,267.587908110293,272.892282444876
2002-10-02,265.35658732524,270.670749728088
2002-10-03,256.896497587373,262.044959030656
2002-10-04,248.479282228141,253.462657674846
2002-10-05,244.951964658288,249.868083211232
2002-10-06,242.204560141825,247.068975157636
2002-10-07,241.578303962613,246.433531756683
2002-10-08,243.681707308771,248.5826046134
2002-10-09,234.613493739278,239.375168343481
2002-10-10,242.695359712955,247.624351655113
2002-10-11,261.7053455988,266.701588055427
2002-10-12,261.810808524312,266.809435016347
2002-10-13,261.796782566269,266.798816653984
2002-10-14,261.890106682537,266.897588870604
2002-10-15,289.665329227635,295.203253399688
2002-10-16,279.103987795586,284.960392085903
2002-10-17,293.871221900705,300.041406310015
2002-10-18,297.389952952433,303.548360572639
2002-10-19,299.118639669945,305.30722741402
2002-10-20,300.850488616676,307.074139096459
2002-10-21,302.394869577675,308.650261361147
2002-10-22,294.852338735775,300.975328122052
2002-10-23,292.78227337223,298.866402064489
2002-10-24,293.291025543444,299.389835032503
2002-10-25,297.766676909152,303.958845144929
2002-10-26,298.391769858101,304.596461340668
2002-10-27,299.019307729595,305.240602506533
2002-10-28,299.492996219097,305.727871511543
2002-10-29,284.736653234496,290.680046246078
2002-10-30,291.559845104065,297.649651156026
2002-10-31,291.004514803449,297.093611097615
2002-11-01,289.34167457437,295.400063427295
2002-11-02,293.082854018289,299.223641218994
2002-11-03,296.292636567961,302.484054402469
2002-11-04,300.101903715528,306.356463600767
2002-11-05,300.625897506185,306.892344812314
2002-11-06,305.970987402261,312.34852974167
2002-11-07,293.37393916965,299.605156390544
2002-11-08,283.250244742658,289.270558499642
2002-11-09,278.816828819109,284.746889214427
2002-11-10,274.71927602011,280.566102268356
2002-11-11,272.350911389115,278.151188803066
2002-11-12,278.991196732707,284.936718393214
2002-11-13,277.435555401972,283.370876018794
2002-11-14,285.25541377751,291.361931061165
2002-11-15,293.942655091936,300.117958099421
2002-11-16,293.002273172871,299.175945371951
2002-11-17,291.415740821701,297.560099810976
2002-11-18,289.310586494396,295.414651600699
2002-11-19,283.599770806194,289.587406402916
2002-11-20,294.725908833802,300.952430612099
2002-11-21,307.275088091495,313.529612265153
2002-11-22,307.494832906201,313.754070860862
2002-11-23,309.345620249947,315.646233238277
2002-11-24,312.71995761294,319.083482043365
2002-11-25,314.530304900563,320.925283786932
2002-11-26,302.837057087949,309.032417712439
2002-11-27,314.67981177581,321.121693532325
2002-11-28,317.981084184693,324.431968575529
2002-11-29,317.103474400126,323.545547357912
2002-11-30,317.688227837593,324.146617050186
2002-12-01,318.908486099759,325.395032237083
2002-12-02,319.499519418721,326.001450922423
2002-12-03,304.745424736466,310.965068252769
2002-12-04,298.285022813468,304.377117348236
2002-12-05,293.358833270535,299.354542881182
2002-12-06,295.163637911507,301.20039709308
2002-12-07,291.086057136937,297.056278239407
2002-12-08,283.042393731088,288.851769659417
2002-12-09,279.081688449404,284.813782819446
2002-12-10,282.913000034149,288.727749760722
2002-12-11,286.887848487558,292.760997996529
2002-12-12,279.965392557156,285.749119567199
2002-12-13,271.101590951432,276.706171702931
2002-12-14,273.549621155754,279.208660984053
2002-12-15,279.361356038208,285.118127483797
2002-12-16,281.83629858109,287.622164142591
2002-12-17,273.802959137002,279.463046621173
2002-12-18,268.831194452468,274.392378835082
2002-12-19,264.747810132219,270.228290547512
2002-12-20,271.173252568991,276.790436770163
2002-12-21,271.420045350375,277.043340903814
2002-12-22,271.31642026746,276.941389382252
2002-12-23,270.824689780061,276.443222313058
2002-12-24,269.255880459985,274.845693696623
2002-12-25,267.78845194136,273.351605138076
2002-12-26,266.123939095062,271.656303094539
2002-12-27,256.579586620437,261.91729431962
2002-12-28,256.472976360604,261.812094287464
2002-12-29,256.821594116696,262.171589903935
2002-12-30,257.290251368366,262.653339510532
2002-12-31,255.827553125335,261.165084178238
2003-01-01,256.569898293405,261.926523225596
2003-01-02,269.902689170497,275.521962168209
2003-01-03,274.749848874931,280.352369273924
2003-01-04,276.612603632267,282.241188267929
2003-01-05,278.19247466844,283.851861884892
2003-01-06,279.841019632202,285.533216411928
2003-01-07,278.238867643867,283.907231589218
2003-01-08,272.715686522206,278.275487054129
2003-01-09,274.05516223414,279.646136536874
2003-01-10,275.775574834465,281.401318229588
2003-01-11,275.52443351358,281.149796265301
2003-01-12,274.631748383221,280.242801824491
2003-01-13,273.723268256072,279.319663472333
2003-01-14,276.093153590077,281.74188583823
2003-01-15,272.75808612829,278.357102872782
2003-01-16,269.122919485113,274.651184949132
2003-01-17,258.025956974818,263.330102102662
2003-01-18,257.065407646997,262.353477904803
2003-01-19,256.343754093366,261.620628891225
2003-01-20,255.384130600572,260.644897627043
2003-01-21,249.752338282887,254.900724844187
2003-01-22,241.250862251976,246.227574584345
2003-01-23,243.071147105524,248.088901310489
2003-01-24,232.837972388319,237.686985332628
2003-01-25,226.873743635742,231.601852496034
2003-01-26,221.7936015767,226.419071200986
2003-01-27,219.329837237906,223.907081418071
2003-01-28,224.794294096999,229.488691448696
2003-01-29,224.268100657981,228.961334172045
2003-01-30,225.075985650363,229.78931102947
2003-01-31,225.088512079879,229.805290652891
2003-02-01,227.839965826932,232.617580606071
2003-02-02,231.096689089732,235.925880534917
2003-02-03,232.813213944709,237.669451385377
2003-02-04,223.028704071414,227.720323830791
2003-02-05,219.857800448314,224.485885851752
2003-02-06,218.988715280566,223.601633539739
2003-02-07,215.8997239144,220.450699855724
2003-02-08,215.6726706091,220.221926108814
2003-02-09,215.429677600959,219.976885515473
2003-02-10,215.243938285317,219.790292516468
2003-02-11,219.407563107143,224.044919358127
2003-02-12,214.057071942065,218.636285433041
2003-02-13,212.533040091542,217.082693289389
2003-02-14,217.60980796778,222.271166663555
2003-02-15,219.283142836807,223.963636295247
2003-02-16,221.545183396853,226.268542722177
2003-02-17,223.286915321109,228.041631572189
2003-02-18,229.036480867341,233.894279164828
2003-02-19,224.93968705008,229.76599069113
2003-02-20,220.736636373053,225.475966836822
2003-02-21,221.278866984877,226.033018537672
2003-02-22,221.401387151187,226.161203695016
2003-02-23,221.768006451616,226.538772204675
2003-02-24,220.282751778269,225.025955801019
2003-02-25,214.72228430848,219.34889674645
2003-02-26,212.262633952342,216.83931081859
2003-02-27,212.484119031571,217.068593776732
2003-02-28,217.354864716454,222.044956503612
2003-03-01,217.258514644157,221.950809194594
2003-03-02,217.015678952265,221.705810474354
2003-03-03,216.698932224221,221.385294239504
2003-03-04,206.199255542305,210.661589299814
2003-03-05,206.057745018514,210.519928112005
2003-03-06,202.489156201286,206.87697826674
2003-03-07,199.043842603547,203.359866466615
2003-03-08,196.142310997268,200.398218374287
2003-03-09,193.034563284952,197.225804410917
2003-03-10,190.134786385552,194.265782592206
2003-03-11,186.150034709346,190.19716554394
2003-03-12,185.352482002455,189.384928465812
2003-03-13,202.012353864538,206.409903361293
2003-03-14,209.796898009339,214.039217333063
2003-03-15,213.498757943018,217.754719005388
2003-03-16,216.786372300914,221.082944742615
2003-03-17,219.261153438111,223.591149071462
2003-03-18,230.105315941081,234.591330214352
2003-03-19,234.371669724758,238.843005664692
2003-03-20,234.835653598331,239.315157395538
2003-03-21,244.617986355273,249.277888423291
2003-03-22,241.19922815845,245.867134149907
2003-03-23,233.29155746817,237.809868059275
2003-03-24,229.123017802707,233.563928180372
2003-03-25,230.586476302741,235.059024709927
2003-03-26,230.907800108944,235.388866176745
2003-03-27,226.414185162581,230.814454871216
2003-03-28,224.091357918419,228.449719464132
2003-03-29,219.688653496787,223.964594019091
2003-03-30,213.210470138441,217.363455007634
2003-03-31,209.124314448213,213.200746664047
2003-04-01,213.655381936091,217.823127262121
2003-04-02,225.361590833673,229.634446444343
2003-04-03,229.904642286056,234.149362146989
2003-04-04,231.217118502621,235.476898492764
2003-04-05,234.553269066889,238.868425902553
2003-04-06,239.671677706555,244.047622327449
2003-04-07,242.319408915338,246.718847747985
2003-04-08,236.332151405434,240.658911122402
2003-04-09,228.603019344879,232.791649897589
2003-04-10,226.632381725528,230.788167360369
2003-04-11,228.162623127515,232.349712467419
2003-04-12,229.006264564443,233.209249483663
2003-04-13,231.405576974659,235.651452891948
2003-04-14,234.336355182497,238.623978628977
2003-04-15,237.113518450962,241.437888333815
2003-04-16,231.405782712734,235.663011612344
2003-04-17,233.534073011283,237.833756083803
2003-04-18,233.115904631096,237.413189957025
2003-04-19,232.166461917647,236.449570960933
2003-04-20,231.12864680639,235.395918280096
2003-04-21,230.373527561033,234.630147213259
2003-04-22,237.515962311538,241.907834697285
2003-04-23,242.648228820662,247.060005716565
2003-04-24,236.48171904183,240.849250588956
2003-04-25,231.565223359034,235.845334098743
2003-04-26,232.954264506571,237.263353446724
2003-04-27,234.876331568525,239.218520594599
2003-04-28,236.338192402564,240.704758866158
2003-04-29,240.556896975082,244.991694786309
2003-04-30,236.00916235334,240.403912117821
2003-05-01,234.058155343589,238.419944913323
2003-05-02,236.705168377639,241.119632432377
2003-05-03,237.365850523222,241.792306265536
2003-05-04,237.958246881901,242.398328467628
2003-05-05,238.618429604084,243.073418270741
2003-05-06,239.170609628217,243.638564130542
2003-05-07,233.659561338165,238.034366874476
2003-05-08,228.313029328594,232.591064666021
2003-05-09,232.520732656479,236.88087592497
2003-05-10,233.171784260202,237.541537421668
2003-05-11,232.886223377326,237.254364370187
2003-05-12,231.967367825112,236.321597565243
2003-05-13,234.43084366088,238.834631605478
2003-05-14,234.980153664794,239.394715715754
2003-05-15,239.392714344394,243.888409648909
2003-05-16,238.619151788049,243.111047710809
2003-05-17,234.128673392424,238.539446987114
2003-05-18,226.699243677369,230.973399937616
2003-05-19,222.418137524608,226.614817005118
2003-05-20,222.626997384385,226.830791657657
2003-05-21,221.008467083422,225.185617596908
2003-05-22,224.024736054084,228.262055358559
2003-05-23,223.030968407072,227.25955804159
2003-05-24,222.953749921948,227.184085883112
2003-05-25,222.829926564858,227.061106363918
2003-05-26,222.747572959445,226.980371912611
2003-05-27,224.383527407381,228.650595257454
2003-05-28,232.390249127303,236.78320132121
2003-05-29,232.797526792795,237.19453629547
2003-05-30,232.889101750743,237.291089744102
2003-05-31,236.15069972776,240.617056922293
2003-06-01,241.097893406943,245.626527376426
2003-06-02,243.292889715086,247.843679080596
2003-06-03,241.265751762006,245.791220789502
2003-06-04,248.189615941457,252.848420512309
2003-06-05,247.944953684428,252.60630036502
2003-06-06,247.320064202161,251.973246309524
2003-06-07,247.568912868954,252.230351521805
2003-06-08,246.592521124424,251.239638925796
2003-06-09,246.851218994585,251.506779008085
2003-06-10,250.06051308522,254.778491029035
2003-06-11,254.990774591461,259.773264222925
2003-06-12,256.965976842343,261.770055808813
2003-06-13,252.508153268517,257.249702760753
2003-06-14,253.944347477392,258.716512762731
2003-06-15,255.155291988119,259.950427565243
2003-06-16,256.723909784575,261.548467454416
2003-06-17,261.723732874876,266.630540231337
2003-06-18,264.940801934548,269.88066979023
2003-06-19,260.181834351015,265.065650270928
2003-06-20,260.649820532303,265.546182519656
2003-06-21,259.681605635341,264.564423191311
2003-06-22,259.299478559632,264.178868498415
2003-06-23,258.146392050781,263.007834209589
2003-06-24,255.123606927309,259.93185856861
2003-06-25,255.159673376791,259.972297404958
2003-06-26,261.297159276192,266.228845188807
2003-06-27,260.126750677398,265.054175972873
2003-06-28,259.017378862752,263.927544243902
2003-06-29,258.100844060244,262.997362552211
2003-06-30,257.595948254837,262.486597967013
2003-07-01,254.606961180774,259.44458284732
2003-07-02,261.915735165323,266.895910644818
2003-07-03,265.292064675563,270.292322927468
2003-07-04,263.705221856611,268.689427504027
2003-07-05,267.46373788418,272.522799682076
2003-07-06,273.28704126716,278.418522229092
2003-07-07,277.259438908372,282.427035891445
2003-07-08,279.457784497051,284.654707699464
2003-07-09,275.653760118726,280.798997864087
2003-07-10,270.289110442051,275.338206502092
2003-07-11,274.203532433164,279.329662085625
2003-07-12,276.723863689675,281.882807225014
2003-07-13,278.962356561247,284.156844247996
2003-07-14,280.070994076149,285.285698777701
2003-07-15,276.007237144411,281.158430615998
2003-07-16,281.200184846381,286.452292435756
2003-07-17,269.247485645141,274.392775843618
2003-07-18,274.417845006086,279.665841392482
2003-07-19,272.778239786248,278.014630529099
2003-07-20,269.109157316044,274.279065680504
2003-07-21,266.275295697134,271.394655670202
2003-07-22,266.924743029502,272.060447758692
2003-07-23,266.262812313249,271.390485201815
2003-07-24,264.53054934264,269.62872039598
2003-07-25,269.209358238379,274.401537862277
2003-07-26,269.524325424583,274.723739385749
2003-07-27,269.784776215015,274.992970708542
2003-07-28,269.879499585539,275.093389805287
2003-07-29,268.34055683398,273.528887755006
2003-07-30,267.376280480683,272.549856645272
2003-07-31,272.892502429818,278.176684236409
2003-08-01,276.034333701709,281.351020474904
2003-08-02,274.056514678677,279.350354134035
2003-08-03,271.27830204665,276.522445230036
2003-08-04,269.246229222771,274.455018127674
2003-08-05,263.242918223358,268.339467621862
2003-08-06,258.648059990385,263.659463163345
2003-08-07,263.751521249554,268.86555850555
2003-08-08,266.659577637715,271.805213748982
2003-08-09,268.353237690265,273.526222080271
2003-08-10,269.637165019384,274.83472810827
2003-08-11,270.859264837634,276.081367136385
2003-08-12,273.820365326456,279.096748283081
2003-08-13,275.260387131387,280.560616236355
2003-08-14,279.968366037876,285.350873060646
2003-08-15,281.503133022945,286.906172732419
2003-08-16,283.659345291925,289.101994303409
2003-08-17,286.040781089667,291.524096921744
2003-08-18,288.266295761215,293.78708809475
2003-08-19,295.589077101484,301.225798236003
2003-08-20,293.784010679398,299.41325277047
2003-08-21,300.275465572776,306.033332745947
2003-08-22,302.316265004714,308.095207428778
2003-08-23,302.051537659888,307.830680132021
2003-08-24,301.934559068879,307.715817095841
2003-08-25,301.664076085546,307.444527060531
2003-08-26,304.660156199972,310.50238823692
2003-08-27,300.929534868492,306.723325985126
2003-08-28,308.063990247266,313.999492882116
2003-08-29,305.404871926982,311.325026003657
2003-08-30,305.891643200825,311.825647880972
2003-08-31,306.083032446428,312.025035993251
2003-09-01,306.876009735563,312.837589201444
2003-09-02,317.277417632152,323.431918438226
2003-09-03,325.676079601269,331.858285886159
2003-09-04,324.678309161524,330.859039747003
2003-09-05,317.500995018334,323.549793783061
2003-09-06,315.79574725179,321.816658500483
2003-09-07,316.396926599446,322.433870554843
2003-09-08,314.691157476724,320.701774805628
2003-09-09,308.520264495467,314.417578258711
2003-09-10,300.212199883689,305.955168840773
2003-09-11,298.712077366459,304.430702299038
2003-09-12,303.36464777541,309.176663301872
2003-09-13,301.722560200783,307.520374542458
2003-09-14,297.997260171508,303.727857967313
2003-09-15,296.358500424373,302.061895852596
2003-09-16,305.301958131828,311.181763192251
2003-09-17,307.572894184853,313.46705589045
2003-09-18,310.013151895251,315.949658150024
2003-09-19,307.679321912265,313.584942377328
2003-09-20,303.416708936086,309.244993450261
2003-09-21,297.008263073702,302.717874798161
2003-09-22,293.075995507222,298.714354700338
2003-09-23,295.129330927617,300.811518368511
2003-09-24,289.191073766571,294.784290201991
2003-09-25,283.737298061449,289.229219957245
2003-09-26,279.900514436945,285.322291793891
2003-09-27,281.702655623444,287.163389998545
2003-09-28,284.436594728372,289.945532511641
2003-09-29,286.294443141428,291.83448826348
2003-09-30,270.316029580386,275.603247213792
2003-10-01,280.333312159551,285.820379562341
2003-10-02,282.518854869608,288.013052826131
2003-10-03,289.30896565724,294.913564261879
2003-10-04,291.415532608993,297.040198020833
2003-10-05,294.209114658185,299.881908336086
2003-10-06,296.371009062629,302.079409562427
2003-10-07,289.78207261588,295.392076776789
2003-10-08,286.916498891646,292.475231588521
2003-10-09,290.609888949639,296.244336206011
2003-10-10,292.313857493192,297.974560342891
2003-10-11,294.436555620711,300.136407737035
2003-10-12,297.238959175956,302.987131195762
2003-10-13,300.554107158301,306.354931639933
2003-10-14,304.845460816918,310.709636500315
2003-10-15,302.371075780061,308.209639390122
2003-10-16,307.711856581359,313.657933808645
2003-10-17,304.813999451291,310.734195336112
2003-10-18,304.696941052516,310.619294498588
2003-10-19,304.130245495649,310.046016173656
2003-10-20,304.429364499503,310.355374058332
2003-10-21,305.826447316337,311.783383798307
2003-10-22,295.10791146475,300.8853765369
2003-10-23,286.155212013261,291.761751850147
2003-10-24,285.813354003425,291.417345037149
2003-10-25,286.540761397442,292.163162730122
2003-10-26,287.951358953246,293.603783948678
2003-10-27,289.617253110589,295.302430726083
2003-10-28,299.877163141757,305.738100550216
2003-10-29,301.445595813312,307.314436683918
2003-10-30,299.347533767305,305.185271025932
2003-10-31,304.021814099771,309.955038380845
2003-11-01,305.368233509743,311.32164520178
2003-11-02,307.208351588784,313.198017159313
2003-11-03,308.621325186172,314.638728542245
2003-11-04,315.478717441683,321.618458318636
2003-11-05,313.278941096551,319.40474624071
2003-11-06,314.594393528415,320.750465702067
2003-11-07,317.973464230926,324.193055851161
2003-11-08,316.618424381751,322.823445868416
2003-11-09,314.152697530377,320.313988826141
2003-11-10,311.683423114245,317.800837932197
2003-11-11,307.816303218884,313.86233727538
2003-11-12,308.718573420761,314.786801173917
2003-11-13,307.517347859373,313.56822734472
2003-11-14,301.476656422011,307.413154554953
2003-11-15,298.312504745303,304.191078683435
2003-11-16,294.525399046432,300.333677435079
2003-11-17,291.928538490844,297.689882676589
2003-11-18,292.30898484153,298.082077560116
2003-11-19,285.95007592361,291.606020379822
2003-11-20,283.907977498756,289.527732343541
2003-11-21,285.59886372037,291.256269912406
2003-11-22,288.060358400459,293.763290352142
2003-11-23,291.105190804301,296.859430174355
2003-11-24,294.560591444907,300.369133805781
2003-11-25,299.248500526257,305.126074510623
2003-11-26,300.314257052069,306.2087364934
2003-11-27,297.107011951397,302.948582495667
2003-11-28,293.050699541757,298.816820367614
2003-11-29,294.635775037375,300.437326704503
2003-11-30,297.508142620031,303.362683844492
2003-12-01,299.305960199241,305.191434046496
2003-12-02,302.191178406695,308.129017906526
2003-12-03,296.648757708487,302.508868579949
2003-12-04,298.84555738176,304.753364188551
2003-12-05,295.533264743586,301.392338101316
2003-12-06,293.881333719714,299.71193845501
2003-12-07,292.401982753282,298.207506612334
2003-12-08,290.701481239583,296.477481149851
2003-12-09,287.264403597721,292.976333272804
2003-12-10,285.655675396209,291.339785664006
2003-12-11,291.731473580932,297.540623056433
2003-12-12,291.905668643296,297.720717790691
2003-12-13,292.465874679559,298.29615974461
2003-12-14,292.995718034708,298.84029729564
2003-12-15,293.556442682965,299.415954810231
2003-12-16,288.766774717171,294.539564530135
2003-12-17,289.152420680168,294.937123681861
2003-12-18,291.377447738926,297.209401293515
2003-12-19,291.518099131231,297.356599600413
2003-12-20,291.969812890108,297.821521632528
2003-12-21,292.426498975091,298.291277367389
2003-12-22,293.041366559431,298.922252901299
2003-12-23,296.908893374275,302.867494916351
2003-12-24,296.746237683431,302.706974210661
2003-12-25,295.96307844442,301.912367832111
2003-12-26,295.956469072866,301.909888967477
2003-12-27,296.401158369885,302.367784708453
2003-12-28,297.357025534577,303.346448766168
2003-12-29,298.924547398509,304.947290672685
2003-12-30,301.670644632985,307.745762168544
2003-12-31,297.554590260369,303.570164188414
2004-01-01,298.441105182757,304.47885097452
2004-01-02,300.786485046594,306.872436069395
2004-01-03,302.772563555505,308.89517869249
2004-01-04,304.926009565611,311.089405886376
2004-01-05,305.946770034811,312.13154722714
2004-01-06,302.432749521706,308.55680207103
2004-01-07,304.850540242862,311.027889770417
2004-01-08,311.193594074585,317.478261064301
2004-01-09,305.044287831705,311.272671395986
2004-01-10,303.126962377959,309.320577103915
2004-01-11,301.856101639363,308.028102237502
2004-01-12,301.277478058308,307.441981913018
2004-01-13,303.170466192651,309.378028689146
2004-01-14,308.459069313899,314.762493644949
2004-01-15,309.221924516402,315.538793943883
2004-01-16,317.902090379798,324.390053394653
2004-01-17,321.048044862242,327.56115950716
2004-01-18,323.398918566719,329.952950274955
2004-01-19,324.895433612386,331.478974666272
2004-01-20,319.154006757711,325.639234352854
2004-01-21,319.728904920868,326.230396279781
2004-01-22,315.208225566566,321.626506450639
2004-01-23,315.120018366046,321.541046982057
2004-01-24,316.824701100844,323.285006520668
2004-01-25,319.546630217329,326.05955099861
2004-01-26,322.259905579691,328.821028421417
2004-01-27,322.892886161471,329.468855121519
2004-01-28,315.643340503102,322.083435282331
2004-01-29,315.592948339613,322.036548313616
2004-01-30,318.806055255732,325.319785598042
2004-01-31,318.316279747897,324.827115020963
2004-02-01,317.599466102814,324.100208808482
2004-02-02,316.688142342015,323.174798092556
2004-02-03,311.66650782387,318.054850223326
2004-02-04,309.304268492803,315.648668825929
2004-02-05,307.919525458738,314.239965822894
2004-02-06,318.165525024584,324.700706416337
2004-02-07,315.891911672823,322.422386853613
2004-02-08,312.819703411298,319.291205765137
2004-02-09,310.465089254205,316.892375446573
2004-02-10,310.104517833412,316.5288071841
2004-02-11,318.085388322059,324.679464934387
2004-02-12,313.338474861588,319.899530372758
2004-02-13,310.753172747288,317.264601167319
2004-02-14,311.738958177919,318.275504339379
2004-02-15,313.663510397881,320.241809977018
2004-02-16,314.906204870411,321.511218508126
2004-02-17,315.18162024451,321.796406411379
2004-02-18,315.008211303342,321.623964062513
2004-02-19,317.940837949895,324.622709455887
2004-02-20,315.992677769755,322.64735557212
2004-02-21,317.848595808555,324.546901580529
2004-02-22,319.481976397955,326.21442282011
2004-02-23,319.978592553676,326.724823257387
2004-02-24,317.252275988754,323.947759686996
2004-02-25,315.551050344132,322.215183703734
2004-02-26,324.232056904856,331.084054442646
2004-02-27,327.452261598102,334.333055223708
2004-02-28,328.981160258983,335.891356627243
2004-02-29,330.279904829029,337.219073565948
2004-03-01,331.632801450984,338.602461498299
2004-03-02,332.528969119576,339.520391062151
2004-03-03,343.168774214478,350.374192592519
2004-03-04,346.06899433289,353.294569706453
2004-03-05,348.571906928172,355.844400772315
2004-03-06,344.815858698521,352.028679267677
2004-03-07,339.892209768091,347.007018701176
2004-03-08,335.196939448753,342.218364867308
2004-03-09,332.28654848624,339.251832285504
2004-03-10,325.571151220087,332.40044575793
2004-03-11,316.867973346477,323.519390055891
2004-03-12,320.595068497305,327.329277304671
2004-03-13,318.587587135413,325.29615756882
2004-03-14,313.974126465114,320.590137337772
2004-03-15,311.265543696424,317.828994569205
2004-03-16,313.116815568008,319.723773383934
2004-03-17,324.410204778492,331.22598325446
2004-03-18,324.914728507571,331.736952156384
2004-03-19,316.654509638888,323.314227567813
2004-03-20,313.127809691552,319.717918114016
2004-03-21,309.966458985041,316.494530826746
2004-03-22,307.735899785257,314.221458057177
2004-03-23,310.543135222741,317.092272406085
2004-03-24,313.029024524111,319.623622629272
2004-03-25,324.309932681293,331.101480236001
2004-03-26,322.658384303781,329.449179088057
2004-03-27,325.862375885665,332.725241022145
2004-03-28,330.254599802791,337.192669254281
2004-03-29,333.613034859419,340.603884394544
2004-03-30,332.036014370841,339.006620901481
2004-03-31,332.405896741437,339.38903464063
2004-04-01,332.958544294071,339.957762851688
2004-04-02,336.077978623162,343.144954759535
2004-04-03,340.950042729061,348.101309790399
2004-04-04,349.195439325619,356.465054532118
2004-04-05,353.105786448191,360.415461498901
2004-04-06,350.577830565423,357.854123555742
2004-04-07,349.542969353753,356.802816955792
2004-04-08,349.040004622029,356.294430769459
2004-04-09,348.452495997753,355.699719499999
2004-04-10,350.187729318937,357.476054025095
2004-04-11,352.835291690065,360.177087663
2004-04-12,355.404010303011,362.794579628963
2004-04-13,350.409761373813,357.719847625512
2004-04-14,347.7201373302,354.979148044152
2004-04-15,347.076272898881,354.326842170239
2004-04-16,350.859753427835,358.194344332434
2004-04-17,349.037484815543,356.349071228501
2004-04-18,346.320587364077,353.580275093807
2004-04-19,344.423891994167,351.64879836323
2004-04-20,346.171207704692,353.437723727667
2004-04-21,349.438594860998,356.770294613076
2004-04-22,353.02986148205,360.424938089887
2004-04-23,353.963768459923,361.378713138764
2004-04-24,354.398539428189,361.827107228874
2004-04-25,355.238245409089,362.688994395011
2004-04-26,355.68765069543,363.152402402839
2004-04-27,353.620095872029,361.047879417912
2004-04-28,342.008426927117,349.197394749795
2004-04-29,342.480479994469,349.684284522818
2004-04-30,330.519426809591,337.484873903822
2004-05-01,331.031325597798,338.012305651033
2004-05-02,332.230715157909,339.24080882801
2004-05-03,333.837649512293,340.883494807941
2004-05-04,332.844511063782,339.876625761884
2004-05-05,332.061493246607,339.081847008868
2004-05-06,324.768424543394,331.639363811577
2004-05-07,316.885634792053,323.594498240718
2004-05-08,313.58555689489,320.229142222278
2004-05-09,312.378182186691,319.000724259436
2004-05-10,313.61478828575,320.268062277658
2004-05-11,320.132256259688,326.915228955545
2004-05-12,319.935972138325,326.721472701138
2004-05-13,319.777914836864,326.564656155992
2004-05-14,319.005541236075,325.780490986348
2004-05-15,314.022628273502,320.69634035169
2004-05-16,305.325644336419,311.819035276015
2004-05-17,300.620560159505,307.018276708423
2004-05-18,307.100746386028,313.640691741615
2004-05-19,313.986822405481,320.603740276047
2004-05-20,313.860500651115,320.480716358914
2004-05-21,313.04398266979,319.651485702075
2004-05-22,314.416281926892,321.057247012309
2004-05-23,316.150984250969,322.829266948668
2004-05-24,317.522815388744,324.230819945896
2004-05-25,318.55941440711,325.291631840348
2004-05-26,319.611075221509,326.368372210555
2004-05-27,323.393948263701,330.229521523119
2004-05-28,317.998559191466,324.756840365322
2004-05-29,318.674581053787,325.451800986709
2004-05-30,320.040772868305,326.850164319784
2004-05-31,320.688012436895,327.514386143439
2004-06-01,318.384602885643,325.168899317057
2004-06-02,318.003807866414,324.784565240183
2004-06-03,315.821100272694,322.559879624482
2004-06-04,320.406857640607,327.248008164348
2004-06-05,322.749847317147,329.628562544097
2004-06-06,323.49745407594,330.3940396881
2004-06-07,325.733157526704,332.679468719891
2004-06-08,327.654825774219,334.640145328112
2004-06-09,328.238836688029,335.23960009895
2004-06-10,336.124571372488,343.291187316122
2004-06-11,335.986675963844,343.15689872202
2004-06-12,333.577561647379,340.701202428173
2004-06-13,331.27777244719,338.357098307179
2004-06-14,329.779463720455,336.831536732872
2004-06-15,330.873933494307,337.954151608661
2004-06-16,332.927381650444,340.052855978269
2004-06-17,334.354347793746,341.510691617276
2004-06-18,336.518660785097,343.721477547712
2004-06-19,335.487791312839,342.676764918738
2004-06-20,333.132539673755,340.275866782325
2004-06-21,331.708250157852,338.825827470903
2004-06-22,331.705243504598,338.827521702724
2004-06-23,335.885148484788,343.101947825969
2004-06-24,337.644207818889,344.892503599814
2004-06-25,333.94227021771,341.125660039608
2004-06-26,333.293866675505,340.46811009694
2004-06-27,332.873573217248,340.043556377093
2004-06-28,332.257976967606,339.419487018249
2004-06-29,332.784534051543,339.962164514458
2004-06-30,334.757271853894,341.98064972521
2004-07-01,330.508565335417,337.657827416869
2004-07-02,330.345628319267,337.496114379884
2004-07-03,327.630662122646,334.727128692285
2004-07-04,323.787380295002,330.805306696135
2004-07-05,320.980979134625,327.942721784587
2004-07-06,316.001972455077,322.860263858665
2004-07-07,315.693238692064,322.549375950539
2004-07-08,313.616545015946,320.432114968862
2004-07-09,314.284188183396,321.118775305556
2004-07-10,314.077802996019,320.912650143809
2004-07-11,313.84106214758,320.675271774306
2004-07-12,313.586806968789,320.419997626734
2004-07-13,313.845853883913,320.689198766397
2004-07-14,311.775336456652,318.578897945222
2004-07-15,308.26487441508,314.996316702098
2004-07-16,310.166880030993,316.94428819518
2004-07-17,309.340546123407,316.106958127523
2004-07-18,307.237877388812,313.962737173491
2004-07-19,306.409386781148,313.120535550542
2004-07-20,308.560802528892,315.323473934408
2004-07-21,307.802785419588,314.555996042603
2004-07-22,307.454120134292,314.204106829312
2004-07-23,304.864396512362,311.56194496594
2004-07-24,304.357298629698,311.048091217873
2004-07-25,303.953921540581,310.640226710552
2004-07-26,303.772972543217,310.459665843877
2004-07-27,305.663161800692,312.395833939786
2004-07-28,313.27285985827,320.153577529553
2004-07-29,317.451333307852,324.376883035336
2004-07-30,318.652838008408,325.601317855009
2004-07-31,318.98647158541,325.946180000595
2004-08-01,319.210076614132,326.179133477776
2004-08-02,319.102371282545,326.073710410074
2004-08-03,319.818694681441,326.810271244945
2004-08-04,318.841652273297,325.817575737579
2004-08-05,310.509791180835,317.30801438553
2004-08-06,303.638773090353,310.291039007858
2004-08-07,300.245453281723,306.827757479718
2004-08-08,295.974629287631,302.467634378183
2004-08-09,292.907401048752,299.337374310562
2004-08-10,297.099779675864,303.62598490794
2004-08-11,296.092176565767,302.607812989234
2004-08-12,290.919886025008,297.325958703367
2004-08-13,293.651618584017,300.122030999037
2004-08-14,293.945349641918,300.425080989881
2004-08-15,292.85572678399,299.31621158662
2004-08-16,293.078574832704,299.548191997604
2004-08-17,294.552938438351,301.058756483372
2004-08-18,299.034968872489,305.632609717252
2004-08-19,299.451274034964,306.059268731853
2004-08-20,304.240644428076,310.955331176874
2004-08-21,305.092465743432,311.823529634435
2004-08-22,305.579381940288,312.324906747968
2004-08-23,306.058753783265,312.818870699034
2004-08-24,310.491162450178,317.350083819052
2004-08-25,316.851333219814,323.808979342843
2004-08-26,317.746436610646,324.719305779906
2004-08-27,320.536962392301,327.571733238391
2004-08-28,320.520616789828,327.55973537882
2004-08-29,319.448440102523,326.468624392065
2004-08-30,319.234049734635,326.254114012922
2004-08-31,317.466441852764,324.452220416777
2004-09-01,317.573177776405,324.565874940777
2004-09-02,321.663814142711,328.750479630089
2004-09-03,318.18878459261,325.226108267148
2004-09-04,319.911854649851,326.991857711895
2004-09-05,323.496842824898,330.650956724453
2004-09-06,325.99407143464,333.194040139308
2004-09-07,328.609686722532,335.86201826435
2004-09-08,329.948272237958,337.229502343575
2004-09-09,320.993822113366,328.100545734397
2004-09-10,324.015695923502,331.19393966021
2004-09-11,324.405304921195,331.595010661637
2004-09-12,324.626639839567,331.825786610835
2004-09-13,325.246673713401,332.464036131561
2004-09-14,326.756789272855,334.010885009178
2004-09-15,320.463332591233,327.597203457834
2004-09-16,326.823406712374,334.103476995883
2004-09-17,326.252587589253,333.530363192455
2004-09-18,326.766662297172,334.060598961245
2004-09-19,327.671520876917,334.989647428509
2004-09-20,328.21648285556,335.550731394071
2004-09-21,325.647609258321,332.931334477384
2004-09-22,320.747053203037,327.925851858887
2004-09-23,315.292318067408,322.353646611906
2004-09-24,315.123654857801,322.18574243475
2004-09-25,314.941238416685,322.003772905115
2004-09-26,314.616095270387,321.675866113813
2004-09-27,314.465423020708,321.526338664201
2004-09-28,313.300728394939,320.340019387298
2004-09-29,316.470020725786,323.585027169419
2004-09-30,313.938385820163,321.013992897386
2004-10-01,322.699504635301,329.977083674941
2004-10-02,324.976297291949,332.278361890126
2004-10-03,328.583514922394,335.958782648477
2004-10-04,330.913621816957,338.332981706837
2004-10-05,331.813848170976,339.254964851159
2004-10-06,335.656773019028,343.183583171588
2004-10-07,330.499248410598,337.945308172462
2004-10-08,329.284938479069,336.708351042744
2004-10-09,328.073080696804,335.473846076935
2004-10-10,326.465754212582,333.834882195672
2004-10-11,325.308398871036,332.65599152516
2004-10-12,324.425799207754,331.758133775371
2004-10-13,323.457137523872,330.772248740563
2004-10-14,314.786505859595,321.910173808558
2004-10-15,315.404584662255,322.546772567105
2004-10-16,314.961385034696,322.098516477008
2004-10-17,314.603001186314,321.736537697392
2004-10-18,313.601767536069,320.717125455121
2004-10-19,311.364144985847,318.433245404268
2004-10-20,306.254272348013,313.211838598108
2004-10-21,307.608752520507,314.601498540193
2004-10-22,305.036280315853,311.980749487298
2004-10-23,301.923186105328,308.801176689469
2004-10-24,297.015574165889,303.786109627644
2004-10-25,294.412244436131,301.127709944007
2004-10-26,299.893341612079,306.73806577747
2004-10-27,306.113895982532,313.046868114443
2004-10-28,312.647908377903,319.666716658669
2004-10-29,311.485329771634,318.494755002281
2004-10-30,311.562618870159,318.578259338404
2004-10-31,311.931591116791,318.959968887062
2004-11-01,312.579285585505,319.626367358851
2004-11-02,316.714928912948,323.855406441645
2004-11-03,321.174850667092,328.390785906876
2004-11-04,321.679638182192,328.908021431886
2004-11-05,326.397345916432,333.732682385233
2004-11-06,325.575181816325,332.9028327284
2004-11-07,323.707722879093,330.998027289663
2004-11-08,322.594972604871,329.864882727778
2004-11-09,321.877555466617,329.135937823217
2004-11-10,318.396377701399,325.580881481575
2004-11-11,326.886816970362,334.26748639561
2004-11-12,331.60558387446,339.034943573096
2004-11-13,331.498265896462,338.930792639591
2004-11-14,331.434598085229,338.870458251903
2004-11-15,331.051879798788,338.483914870181
2004-11-16,327.215670530034,334.566340469016
2004-11-17,329.85191948116,337.266511282561
2004-11-18,329.326073905291,336.735753517611
2004-11-19,326.097659924576,333.439434532514
2004-11-20,325.567138799155,332.90165770105
2004-11-21,325.022835194208,332.349767175701
2004-11-22,324.69128298149,332.015414796875
2004-11-23,322.906719066326,330.195259584905
2004-11-24,323.336016598677,330.638887090754
2004-11-25,323.344565842837,330.652278203821
2004-11-26,322.125770357557,329.410590679639
2004-11-27,321.973867049929,329.25987983002
2004-11-28,321.84713115246,329.134902071855
2004-11-29,321.68215153807,328.970808896621
2004-11-30,316.732953718532,323.914091078832
2004-12-01,323.367473912274,330.703589018282
2004-12-02,323.417896784495,330.759347742412
2004-12-03,325.781072689688,333.180685861977
2004-12-04,323.871768165719,331.239822231189
2004-12-05,320.664349731362,327.964127353277
2004-12-06,318.403802583967,325.656761039315
2004-12-07,313.272383270685,320.413049152089
2004-12-08,317.738136196557,324.985093131588
2004-12-09,316.600905802096,323.834699410453
2004-12-10,321.074880155139,328.41544240584
2004-12-11,322.437051489665,329.803719171392
2004-12-12,323.229198157063,330.616928655582
2004-12-13,323.70031711188,331.102882884838
2004-12-14,323.433824158436,330.835148325126
2004-12-15,324.663540867105,332.097650529337
2004-12-16,321.568558525836,328.942444460163
2004-12-17,324.508838032927,331.954771572616
2004-12-18,323.6596218483,331.094689184357
2004-12-19,322.72608376733,330.144353800818
2004-12-20,322.850799412177,330.276580752187
2004-12-21,324.322307125057,331.786290678711
2004-12-22,327.792786615978,335.333305492949
2004-12-23,326.647092679267,334.172158715863
2004-12-24,324.328472159664,331.804819232324
2004-12-25,324.579819876177,332.066629463481
2004-12-26,324.731908151063,332.226834307621
2004-12-27,324.97103629501,332.476096761717
2004-12-28,322.528572176609,329.982798297127
2004-12-29,322.871820111288,330.338609408422
2004-12-30,325.397875374847,332.926377645691
2004-12-31,324.424231650479,331.938745261813
2005-01-01,324.428447417428,331.94776186106
2005-01-02,325.022897786877,332.560703905168
2005-01-03,325.703370131328,333.261058881033
2005-01-04,325.20075840758,332.752055865544
2005-01-05,328.074107581515,335.69685083853
2005-01-06,329.594203507077,337.250266541296
2005-01-07,327.574527723319,335.193188494003
2005-01-08,329.176793440875,336.837476707961
2005-01-09,333.135836708495,340.883629220312
2005-01-10,334.75308923202,342.533608087425
2005-01-11,331.160403719749,338.87103729226
2005-01-12,334.031664171564,341.813968548141
2005-01-13,325.586559517446,333.214067529509
2005-01-14,334.019375073125,341.849184189164
2005-01-15,334.631250480457,342.472432855548
2005-01-16,335.013835555965,342.868509290418
2005-01-17,335.626121259065,343.499670868221
2005-01-18,338.490358996087,346.433335933787
2005-01-19,334.569867443092,342.442703526112
2005-01-20,335.98143751933,343.892351491046
2005-01-21,333.073376882,340.926945586485
2005-01-22,331.360782461967,339.178817591631
2005-01-23,329.460608863218,337.238630338137
2005-01-24,328.001806971591,335.750175740845
2005-01-25,330.17309246518,337.977529463878
2005-01-26,336.671210032664,344.61225493736
2005-01-27,335.636706072792,343.568447932296
2005-01-28,332.778646066124,340.647722629299
2005-01-29,333.654772329039,341.549405452931
2005-01-30,335.731672662354,343.677539425881
2005-01-31,338.121438749263,346.121241370298
2005-02-01,341.648466632188,349.724011556445
2005-02-02,342.630355191946,350.728969132863
2005-02-03,342.830109283261,350.938151381045
2005-02-04,351.573740693143,359.891041776776
2005-02-05,353.490036910533,361.83350161521
2005-02-06,355.142737776817,363.52591800741
2005-02-07,356.851084560478,365.275746028375
2005-02-08,359.934144428194,368.429302964658
2005-02-09,357.444420598897,365.896920725518
2005-02-10,360.658877831169,369.192588448988
2005-02-11,360.717714292018,369.257825186961
2005-02-12,359.813828141849,368.337856826034
2005-02-13,358.92409161834,367.432273588722
2005-02-14,358.035651358805,366.527993433978
2005-02-15,357.588849549367,366.075809986453
2005-02-16,354.829778650569,363.256454449097
2005-02-17,353.637301348484,362.040821347894
2005-02-18,354.834315884738,363.271427101839
2005-02-19,354.780729437204,363.221832638786
2005-02-20,354.47177316739,362.910695421435
2005-02-21,354.063800634984,362.49817054325
2005-02-22,343.259523531004,351.44166740931
2005-02-23,341.565287586236,349.712041715412
2005-02-24,341.692862390426,349.847633771446
2005-02-25,353.433407460137,361.871208211286
2005-02-26,352.268265340869,360.70329527525
2005-02-27,349.788290242176,358.169060446361
2005-02-28,348.692871913801,357.052490544297
2005-03-01,352.554129067775,361.011387380476
2005-03-02,357.279238739639,365.828564598618
2005-03-03,355.533337159454,364.057806408392
2005-03-04,365.139621971905,373.899597079945
2005-03-05,364.402492670038,373.160106189947
2005-03-06,362.598263575179,371.317825703745
2005-03-07,360.612228300549,369.289326112372
2005-03-08,358.290593301707,366.917080616072
2005-03-09,348.911397025358,357.317282156263
2005-03-10,344.014074632376,352.307051787255
2005-03-11,342.947073323948,351.21934060117
2005-03-12,343.076400323145,351.356778550401
2005-03-13,344.060685452377,352.369631288482
2005-03-14,344.185454655889,352.50225619437
2005-03-15,341.423089341284,349.678635419772
2005-03-16,338.905507883242,347.105156830302
2005-03-17,337.800702937477,345.978554694742
2005-03-18,341.901831097255,350.183884019936
2005-03-19,342.316157961232,350.610723011753
2005-03-20,342.227491266628,350.524945505352
2005-03-21,341.710746672324,350.000656288755
2005-03-22,340.171030858592,348.428564360604
2005-03-23,340.517114124508,348.787997865265
2005-03-24,343.390107461924,351.734266316898
2005-03-25,344.753373807098,353.129856590584
2005-03-26,345.530039853679,353.928868465531
2005-03-27,345.94719300782,354.360725228338
2005-03-28,346.035431718404,354.456101109218
2005-03-29,342.420331647478,350.758502325278
2005-03-30,346.399105228538,354.839146937833
2005-03-31,347.45675569895,355.921433213302
2005-04-01,346.512136139004,354.960309901962
2005-04-02,346.051941421043,354.493939741039
2005-04-03,346.245103773815,354.696854559629
2005-04-04,346.900783197772,355.373398930778
2005-04-05,354.750760545285,363.412638843774
2005-04-06,354.26240079763,362.923104075002
2005-04-07,354.977714904931,363.661066254014
2005-04-08,357.319064768067,366.062468721584
2005-04-09,355.400573429532,364.108665823765
2005-04-10,351.972895941138,360.602175891259
2005-04-11,349.942885756208,358.527517483531
2005-04-12,348.231834131412,356.779576839854
2005-04-13,349.073440305653,357.646911033242
2005-04-14,346.944211996532,355.473087562349
2005-04-15,336.068687003659,344.335267264421
2005-04-16,332.141974344313,340.316858497647
2005-04-17,328.880867034394,336.980322958006
2005-04-18,326.485390687562,334.530642861644
2005-04-19,330.716110842724,338.870369888562
2005-04-20,323.778954019477,331.812419944534
2005-04-21,329.636166151629,337.819681692117
2005-04-22,328.925070694033,337.102256237447
2005-04-23,330.92598480535,339.157697773324
2005-04-24,335.039576893465,343.365747053094
2005-04-25,337.065097761873,345.433874543488
2005-04-26,332.089999255945,340.355270390812
2005-04-27,333.49902826561,341.804197976271
2005-04-28,329.111301980793,337.321534241287
2005-04-29,331.398682429657,339.670774112738
2005-04-30,333.114531721085,341.428246293184
2005-05-01,335.785471805905,344.163734430728
2005-05-02,337.584173458277,346.00495069922
2005-05-03,339.058075426337,347.516568980861
2005-05-04,341.762998589417,350.287954429393
2005-05-05,342.196345401848,350.735365836967
2005-05-06,342.906903258436,351.468191713964
2005-05-07,344.91088769037,353.52510365873
2005-05-08,348.383050054562,357.078743676234
2005-05-09,350.157479212362,358.893570922882
2005-05-10,343.853028718146,352.45311487809
2005-05-11,341.680506492923,350.23126561601
2005-05-12,342.592150140057,351.170701535138
2005-05-13,346.192286676767,354.861104860886
2005-05-14,346.78712039747,355.472753196838
2005-05-15,347.563616476841,356.273088931847
2005-05-16,348.440645410363,357.176173420044
2005-05-17,349.709228118935,358.480021624045
2005-05-18,357.095070621221,366.042571279367
2005-05-19,360.103176188405,369.099573876692
2005-05-20,359.912067429081,368.909759291105
2005-05-21,362.407020419569,371.472333508378
2005-05-22,365.502297646306,374.639437774276
2005-05-23,367.27865923192,376.457918423461
2005-05-24,363.685419641365,372.789044641485
2005-05-25,364.408955917564,373.535986886897
2005-05-26,369.316070654603,378.566370982191
2005-05-27,369.644684198324,378.906407563314
2005-05-28,370.825369440818,380.121544583034
2005-05-29,372.92326853557,382.274042009303
2005-05-30,375.218672026744,384.625874867318
2005-05-31,378.327070634441,387.808022247523
2005-06-01,389.948432885143,399.677628328783
2005-06-02,389.342636762709,399.071666198338
2005-06-03,385.437396517012,395.07452300301
2005-06-04,385.681308821059,395.330154219636
2005-06-05,386.34243330312,396.013241382972
2005-06-06,386.958191441067,396.64952184174
2005-06-07,388.025248285569,397.748124240036
2005-06-08,386.036989175178,395.718500003251
2005-06-09,389.449621994462,399.222335989798
2005-06-10,389.718085588717,399.502036026833
2005-06-11,392.272296881134,402.125185616165
2005-06-12,397.392652077718,407.362850886423
2005-06-13,400.063772502866,410.089325758937
2005-06-14,398.75693072682,408.759983909227
2005-06-15,403.990359667192,414.130503323915
2005-06-16,404.171324383772,414.320744890859
2005-06-17,406.698192688523,416.916412529344
2005-06-18,405.069416319246,415.257824151339
2005-06-19,403.264934611247,413.413861913816
2005-06-20,402.022288662201,412.145813122761
2005-06-21,410.351180311841,420.690299263941
2005-06-22,410.080353555341,420.421516016341
2005-06-23,407.778063640216,418.067142184087
2005-06-24,401.565355455444,411.703616497036
2005-06-25,399.072749740851,409.153930743734
2005-06-26,396.142735522123,406.15570980613
2005-06-27,394.2096750096,404.179563433184
2005-06-28,403.229380062104,413.433124939754
2005-06-29,405.78860018516,416.033739642569
2005-06-30,399.928353480332,410.049926291121
2005-07-01,399.92887616808,410.056287883562
2005-07-02,403.132422287027,413.346786720169
2005-07-03,408.947180199323,419.291139963046
2005-07-04,412.437216434062,422.850258951071
2005-07-05,415.994718334181,426.488434919672
2005-07-06,412.834967422358,423.268774373166
2005-07-07,406.275248252918,416.549274071051
2005-07-08,417.721781189852,428.291200701961
2005-07-09,419.790948395431,430.389862619391
2005-07-10,419.411958287218,430.008372964104
2005-07-11,419.184654776339,429.7814582703
2005-07-12,412.393118380901,422.824345154165
2005-07-13,409.837339821703,420.209926393598
2005-07-14,420.824316454946,431.48094390931
2005-07-15,418.792634454353,429.431214906028
2005-07-16,418.104696458438,428.731906123989
2005-07-17,417.844901861094,428.471601581721
2005-07-18,418.077714436474,428.716417491643
2005-07-19,426.267992401466,437.118941691028
2005-07-20,421.585179974406,432.369273749772
2005-07-21,415.167339705818,425.793413560671
2005-07-22,420.411691235132,431.178041168276
2005-07-23,421.821348474345,432.620971420652
2005-07-24,422.407390391894,433.227190502873
2005-07-25,423.432974762459,434.284486959853
2005-07-26,427.889628242109,438.856044070245
2005-07-27,431.689186606986,442.739051929851
2005-07-28,429.003501741388,440.002918594975
2005-07-29,428.37519483467,439.364742838138
2005-07-30,426.585308138907,437.535178300419
2005-07-31,423.348556826366,434.221563043644
2005-08-01,422.457044957471,433.313321960788
2005-08-02,429.235100823121,440.271721536136
2005-08-03,425.830940190948,436.813885359076
2005-08-04,420.766351428277,431.624871255401
2005-08-05,409.162650320359,419.727855541699
2005-08-06,409.777727718958,420.364772131027
2005-08-07,410.589322312503,421.202696330949
2005-08-08,411.482626931949,422.124195412428
2005-08-09,415.912700698418,426.670018858396
2005-08-10,420.799683294838,431.662880799815
2005-08-11,424.484709514726,435.427523680318
2005-08-12,418.269397366908,429.08551126164
2005-08-13,418.905198289253,429.743846082763
2005-08-14,420.937558297901,431.833341967604
2005-08-15,423.347532679616,434.305910178047
2005-08-16,421.264701847106,432.181396564443
2005-08-17,420.834718561745,431.746414160199
2005-08-18,420.573510377848,431.484567084664
2005-08-19,424.304325280563,435.318300199772
2005-08-20,425.319352094462,436.361323034964
2005-08-21,425.780256133556,436.839850268389
2005-08-22,426.703760367468,437.793048026409
2005-08-23,422.753543891243,433.750746209344
2005-08-24,420.966097696846,431.922965675393
2005-08-25,416.829036712313,427.684360901094
2005-08-26,411.571821507492,422.296312993902
2005-08-27,411.70370526962,422.43763176222
2005-08-28,412.097798560259,422.847940416192
2005-08-29,412.378165656187,423.141496296053
2005-08-30,417.49650465293,428.397705432108
2005-08-31,425.770286926684,436.841731019945
2005-09-01,421.161824078378,432.165055542724
2005-09-02,412.145563370436,422.919377041804
2005-09-03,412.818461506814,423.61586792527
2005-09-04,413.292963108853,424.10839906422
2005-09-05,413.959391016023,424.797898613561
2005-09-06,423.47140156048,434.557236316964
2005-09-07,427.036939991007,438.181379269895
2005-09-08,426.105418854475,437.2357025403
2005-09-09,433.1807327453,444.50204157867
2005-09-10,434.846419112811,446.203701906671
2005-09-11,436.776213658473,448.18653864196
2005-09-12,438.586964854732,450.046905776873
2005-09-13,435.585923033108,446.980161491783
2005-09-14,433.738760912175,445.091034681947
2005-09-15,439.476479800615,450.985249532452
2005-09-16,442.760016637883,454.339261630212
2005-09-17,443.726758866789,455.334149849476
2005-09-18,446.795105128708,458.48586131821
2005-09-19,447.746256228006,459.465108398622
2005-09-20,446.039473486351,457.722021003984
2005-09-21,436.407356404611,447.844125600972
2005-09-22,434.107172010898,445.49002504219
2005-09-23,440.406200920024,451.9605513107
2005-09-24,443.908534220476,455.535582379739
2005-09-25,448.796713318634,460.538831608029
2005-09-26,451.953432285308,463.767258075383
2005-09-27,451.607924420708,463.420552202708
2005-09-28,453.770127442031,465.645900271013
2005-09-29,458.032125163752,470.015692092362
2005-09-30,461.84848715258,473.920507113603
2005-10-01,463.997379423026,476.123327360361
2005-10-02,466.565544450757,478.759364539195
2005-10-03,467.657407702935,479.883521871922
2005-10-04,464.385256965721,476.536522773431
2005-10-05,451.598273729273,463.421718125894
2005-10-06,436.666883770497,448.105985683996
2005-10-07,430.921372606544,442.216339582679
2005-10-08,430.825204721489,442.123951703613
2005-10-09,430.366256193663,441.6592652614
2005-10-10,431.31793389215,442.642207166485
2005-10-11,436.73669476755,448.20346929821
2005-10-12,432.666090601221,444.058237928495
2005-10-13,427.403061341697,438.662933792581
2005-10-14,432.478507542573,443.878327195911
2005-10-15,431.864601380439,443.258282846924
2005-10-16,431.346287821333,442.732595274908
2005-10-17,430.877453635737,442.257676986401
2005-10-18,428.2902661252,439.608441491758
2005-10-19,428.71365039157,440.049257679648
2005-10-20,423.206908560006,434.405910977322
2005-10-21,419.714868363854,430.827632388854
2005-10-22,423.77549013603,435.001890587747
2005-10-23,429.318097079411,440.670342122976
2005-10-24,433.522511394957,444.964684917561
2005-10-25,430.955639345939,442.349014347229
2005-10-26,426.917822081153,438.21073647992
2005-10-27,416.17779044662,427.192828635069
2005-10-28,420.246150738133,431.37493804247
2005-10-29,425.90794917286,437.164761567218
2005-10-30,432.47067035493,443.862911677204
2005-10-31,436.839416553014,448.319567612497
2005-11-01,439.335940753479,450.875512907368
2005-11-02,448.944836864974,460.715563036739
2005-11-03,450.632720037106,462.43592130605
2005-11-04,454.609180183984,466.515670501203
2005-11-05,458.109853256423,470.099068828958
2005-11-06,461.061745903424,473.123481765284
2005-11-07,464.557036453157,476.705595165293
2005-11-08,469.328065805003,481.589965252556
2005-11-09,469.359359327893,481.628801838778
2005-11-10,470.841218057984,483.156204977152
2005-11-11,480.873058491917,493.441198313831
2005-11-12,480.058349648413,492.620986358302
2005-11-13,478.861385188193,491.399697710281
2005-11-14,477.527388346471,490.037748418234
2005-11-15,477.066526095232,489.571781068258
2005-11-16,476.456683805328,488.95290600299
2005-11-17,485.636408342874,498.380341236002
2005-11-18,491.315468395305,504.16056596035
2005-11-19,490.845934725323,503.688691768912
2005-11-20,486.874495439142,499.6205015045
2005-11-21,485.52195242589,498.239641717958
2005-11-22,495.843436408507,508.838546155698
2005-11-23,496.19846108262,509.206404691849
2005-11-24,495.282667488854,508.274143419964
2005-11-25,497.277402215992,510.328421186838
2005-11-26,497.550832662886,510.615727859073
2005-11-27,497.349975310586,510.416909370792
2005-11-28,496.984483737135,510.049058213675
2005-11-29,490.417811764444,503.317009223815
2005-11-30,487.954170628576,500.795724515115
2005-12-01,500.013772124257,513.179819538054
2005-12-02,508.685576177868,521.980116625615
2005-12-03,507.050868719727,520.324151287112
2005-12-04,504.597001161566,517.813493236933
2005-12-05,502.879421214234,516.058328564767
2005-12-06,504.170479237313,517.390502632895
2005-12-07,507.277419796665,520.582186657943
2005-12-08,502.547634383595,515.750508877953
2005-12-09,503.548467232139,516.784915776047
2005-12-10,502.337288215451,515.550422709362
2005-12-11,499.039392744097,512.173061820344
2005-12-12,497.953006585243,511.065317979856
2005-12-13,501.410776528054,514.62135408863
2005-12-14,498.006444690364,511.146636276318
2005-12-15,494.915651903765,507.981511853485
2005-12-16,498.480691563586,511.64783893561
2005-12-17,497.850064899677,511.010128042825
2005-12-18,496.972965387247,510.117049428281
2005-12-19,496.089818589391,509.217744617883
2005-12-20,496.826882552941,509.981500031639
2005-12-21,506.513734022401,519.924784155638
2005-12-22,514.610153487791,528.163785705847
2005-12-23,512.456345605682,525.977837195427
2005-12-24,512.936451813111,526.478022938472
2005-12-25,513.215285824722,526.771524535016
2005-12-26,513.386578680989,526.954730755189
2005-12-27,507.946885999059,521.379571938101
2005-12-28,505.150361283542,518.516448743374
2005-12-29,512.300359563594,525.862946788295
2005-12-30,507.946080177935,521.432023794719
2005-12-31,507.739703234718,521.227515522314
2006-01-01,507.156416073463,520.636085176966
2006-01-02,506.405373908867,519.872424540439
2006-01-03,520.125680759335,533.964933408774
2006-01-04,513.851479126295,527.616378987907
2006-01-05,513.874799177473,527.64776736299
2006-01-06,523.52808245781,537.567122041447
2006-01-07,524.344810139414,538.405739604264
2006-01-08,525.405344918192,539.501503656781
2006-01-09,526.347027427488,540.475110454812
2006-01-10,523.349071709218,537.407032941279
2006-01-11,527.231544334654,541.401376445264
2006-01-12,522.436681441781,536.503405347502
2006-01-13,528.087683764573,542.314155917063
2006-01-14,526.707812269837,540.912417416848
2006-01-15,523.867936137288,538.003600191968
2006-01-16,522.575281827794,536.683661273166
2006-01-17,515.821280477507,529.754897560528
2006-01-18,502.774916598122,516.363593532035
2006-01-19,516.756008403288,530.729842537474
2006-01-20,506.233830345067,520.076853839165
2006-01-21,502.592044874914,516.342824321026
2006-01-22,495.18035981839,508.735642271945
2006-01-23,492.238337288674,505.720267724267
2006-01-24,495.248737250672,508.82025567316
2006-01-25,495.632758946163,509.220829924785
2006-01-26,506.44249064767,520.329967115077
2006-01-27,521.453462535881,535.595760234459
2006-01-28,525.071704949659,539.267559792468
2006-01-29,527.951536675799,542.223031793952
2006-01-30,528.961390004069,543.265082632223
2006-01-31,527.487643238194,541.760575467902
2006-02-01,531.018201649647,545.394309865507
2006-02-02,525.085950701589,539.329379128608
2006-02-03,518.12806477964,532.190347327503
2006-02-04,520.711701285163,534.851608687133
2006-02-05,524.744211733739,538.990973984612
2006-02-06,527.373245914355,541.688744673042
2006-02-07,521.207913434432,535.379312730704
2006-02-08,521.69096404695,535.883052288654
2006-02-09,524.230571452143,538.4981419065
2006-02-10,522.634868868239,536.870582958446
2006-02-11,522.745014049583,536.991308125372
2006-02-12,524.56810405571,538.871482925927
2006-02-13,524.813767924073,539.131038389194
2006-02-14,529.769417231364,544.22836649956
2006-02-15,531.036362090744,545.531564655222
2006-02-16,541.366147887034,556.138609712656
2006-02-17,540.874660205826,555.646493437357
2006-02-18,539.456358646519,554.197293486712
2006-02-19,536.886551539923,551.565089261156
2006-02-20,535.570514750137,550.220855002634
2006-02-21,537.81543415418,552.534940516596
2006-02-22,544.98426230735,559.892518616364
2006-02-23,540.490554226064,555.314059677986
2006-02-24,547.27312152309,562.290475941092
2006-02-25,550.729772983423,565.82803618171
2006-02-26,554.220418577078,569.411330838473
2006-02-27,556.332887875245,571.583013194416
2006-02-28,545.801156731261,560.79094671937
2006-03-01,544.569923047685,559.533800682244
2006-03-02,546.390186873487,561.411973744897
2006-03-03,534.815536517458,549.546696165535
2006-03-04,533.914055084448,548.6281440987
2006-03-05,533.270290078355,547.974384830719
2006-03-06,532.400466826072,547.088315551495
2006-03-07,531.617705129906,546.291738382315
2006-03-08,528.912907664173,543.51993677415
2006-03-09,530.928875478833,545.59919962207
2006-03-10,534.847162414782,549.625854981595
2006-03-11,537.554328443784,552.405483961443
2006-03-12,539.637723114672,554.548908691817
2006-03-13,542.370878098775,557.360042600432
2006-03-14,549.706806685639,564.887760785399
2006-03-15,547.542550702733,562.686507563526
2006-03-16,547.207675674048,562.35025982503
2006-03-17,540.226005833759,555.183270534182
2006-03-18,541.125625747404,556.115577091838
2006-03-19,541.827806885166,556.844432797981
2006-03-20,542.420553912292,557.461043684965
2006-03-21,538.299437606435,553.235725260061
2006-03-22,548.378193209112,563.601892652215
2006-03-23,544.369545112154,559.527816131949
2006-03-24,556.397246030043,571.898279263183
2006-03-25,555.209969271386,570.699306640932
2006-03-26,553.051830652667,568.488961883245
2006-03-27,550.193349284,565.558661562383
2006-03-28,540.831514193424,555.94330372716
2006-03-29,550.131712900462,565.511161404613
2006-03-30,551.71002567817,567.127988179424
2006-03-31,545.435412987518,560.694965735748
2006-04-01,547.582412196989,562.909877584169
2006-04-02,551.984997799625,567.434821602483
2006-04-03,556.713434734997,572.284398712232
2006-04-04,548.872294334126,564.265880414592
2006-04-05,549.521425266296,564.941114477642
2006-04-06,547.378569191448,562.747313037575
2006-04-07,549.732692350431,565.175391151588
2006-04-08,553.104030665962,568.642019815097
2006-04-09,556.006631987751,571.625162385052
2006-04-10,557.267869166141,572.92652024556
2006-04-11,548.780914735948,564.21880162405
2006-04-12,543.799093158217,559.104738564856
2006-04-13,547.683249377577,563.106055298845
2006-04-14,548.35202692309,563.7991899934
2006-04-15,547.13144952306,562.552874445813
2006-04-16,545.080281085439,560.451768991663
2006-04-17,542.546149742212,557.854023815844
2006-04-18,549.886642819552,565.409445436775
2006-04-19,549.72005042156,565.247328540982
2006-04-20,550.219005799165,565.768296507668
2006-04-21,558.025743325666,573.800075606371
2006-04-22,556.12914783583,571.871633268631
2006-04-23,553.165645740594,568.832243663128
2006-04-24,549.821607729566,565.401465143333
2006-04-25,543.302750050805,558.705806752883
2006-04-26,547.990814050637,563.53459881437
2006-04-27,552.279868998928,567.934494317376
2006-04-28,540.832681267948,556.215979347382
2006-04-29,537.659330822675,552.960150218883
2006-04-30,535.250709910965,550.49071920406
2006-05-01,533.687050475041,548.890248971056
2006-05-02,541.827477413923,557.270254191872
2006-05-03,538.387414370287,553.766608344495
2006-05-04,546.203298265571,561.813540539908
2006-05-05,550.06818661926,565.768517489832
2006-05-06,548.403982920539,564.070745503041
2006-05-07,547.003143745889,562.637829990247
2006-05-08,547.08436796471,562.729298315131
2006-05-09,555.124959588207,571.007227203626
2006-05-10,545.563975306881,561.251893958704
2006-05-11,542.234237352148,557.834274511871
2006-05-12,511.397901556981,526.118591031681
2006-05-13,509.402578184804,524.073206221028
2006-05-14,509.15380901093,523.824612137305
2006-05-15,508.480841705981,523.139585567552
2006-05-16,506.790498838667,521.407846184558
2006-05-17,484.95833481261,498.953283045323
2006-05-18,483.851740564354,497.821745574662
2006-05-19,481.477277413853,495.385698639265
2006-05-20,478.05736767007,491.873935634903
2006-05-21,473.239205661652,486.923412844821
2006-05-22,470.062439287613,483.661609610554
2006-05-23,468.763861289631,482.332240875832
2006-05-24,461.70195052539,475.072684412204
2006-05-25,477.53986830637,491.37591739597
2006-05-26,484.556549225919,498.483431915549
2006-05-27,486.081994874827,500.048859173335
2006-05-28,487.945638675036,501.970142351843
2006-05-29,489.274838111346,503.342028016021
2006-05-30,471.62816280431,485.219340309835
2006-05-31,470.792824911681,484.366721231141
2006-06-01,487.166063668598,501.218821732665
2006-06-02,489.871596455973,503.962960371632
2006-06-03,483.295083823455,497.222335344852
2006-06-04,474.758319811643,488.446527859599
2006-06-05,467.296568462564,480.776493448045
2006-06-06,460.720427876221,474.01740023136
2006-06-07,458.400875151982,471.6375650032
2006-06-08,445.146162057456,458.006741637076
2006-06-09,456.312484586231,469.502108947877
2006-06-10,457.49639379902,470.712117304868
2006-06-11,455.701124616384,468.873924440293
2006-06-12,452.002581708035,465.075050911449
2006-06-13,432.41571914318,444.928243331419
2006-06-14,438.162981061604,450.848058950214
2006-06-15,453.25899112513,466.285857681546
2006-06-16,452.579856517934,465.605463579053
2006-06-17,451.694872275201,464.701496962705
2006-06-18,449.987147521067,462.951059453202
2006-06-19,450.358112150896,463.339160824936
2006-06-20,453.723687078958,466.806837295105
2006-06-21,454.49300938009,467.601990785036
2006-06-22,458.161265925115,471.379478192208
2006-06-23,462.248453261012,475.574498068978
2006-06-24,461.629937489284,474.947634094923
2006-06-25,460.931603946853,474.235768096616
2006-06-26,460.320442387185,473.613561975084
2006-06-27,455.876574250111,469.047960517065
2006-06-28,455.264751989526,468.424987308754
2006-06-29,476.807998204454,490.597502206427
2006-06-30,479.13781056554,492.947848238377
2006-07-01,478.83085985752,492.639685101934
2006-07-02,478.828673420932,492.644285361464
2006-07-03,479.807184921341,493.657896500987
2006-07-04,481.905210235739,495.821217060095
2006-07-05,468.964066415606,482.541988530942
2006-07-06,477.657547847015,491.493894568216
2006-07-07,473.965100082466,487.736009635218
2006-07-08,474.517037299323,488.31078493022
2006-07-09,475.677551664549,489.511179749847
2006-07-10,476.656628067809,490.524365699794
2006-07-11,476.3174263518,490.182511895852
2006-07-12,469.185915437332,482.850234238145
2006-07-13,459.057705474854,472.433776146266
2006-07-14,449.748137113916,462.859525765512
2006-07-15,449.976003091593,463.100481079492
2006-07-16,451.600769046858,464.778694373271
2006-07-17,451.74887976815,464.937362681015
2006-07-18,449.153010112012,462.272562778663
2006-07-19,469.647776259577,483.372409014264
2006-07-20,460.925466787456,474.598047391871
2006-07-21,452.178622970593,465.598355520283
2006-07-22,454.806326093228,468.310524160687
2006-07-23,460.579111745453,474.244233315733
2006-07-24,466.101046097687,479.901397312612
2006-07-25,472.028882891124,485.975948851971
2006-07-26,475.837925011699,489.880152675804
2006-07-27,472.477421806172,486.440986299146
2006-07-28,487.608852835944,502.026391790769
2006-07-29,485.519626332395,499.916018027897
2006-07-30,481.239422942706,495.515868963429
2006-07-31,479.025827840718,493.243509989204
2006-08-01,473.253505837025,487.306735427139
2006-08-02,479.192621292121,493.42901081284
2006-08-03,478.184333155045,492.404182973913
2006-08-04,483.675500806721,498.065515739675
2006-08-05,480.397066579622,494.715709088625
2006-08-06,474.604257839263,488.757161022536
2006-08-07,471.431724211534,485.496847058652
2006-08-08,472.481905763484,486.585144545139
2006-08-09,472.277760657329,486.381886144543
2006-08-10,470.445356392164,484.501486083028
2006-08-11,474.072534187424,488.243746227589
2006-08-12,476.577836556207,490.820956196743
2006-08-13,479.292733153355,493.61660735761
2006-08-14,481.169445031169,495.550894733865
2006-08-15,491.41991124283,506.094399358595
2006-08-16,496.306044764122,511.081508692443
2006-08-17,491.918576217475,506.592287612365
2006-08-18,497.307415759156,512.148874372631
2006-08-19,494.656101288655,509.44038079341
2006-08-20,489.730608609796,504.374724001871
2006-08-21,487.327225275362,501.906447941146
2006-08-22,495.726345079827,510.563789149098
2006-08-23,491.317646268611,506.068751236583
2006-08-24,489.356180818448,504.055406706358
2006-08-25,492.402703880303,507.200423710644
2006-08-26,491.985866098448,506.779476903467
2006-08-27,492.197423881922,507.004410866836
2006-08-28,492.979516743407,507.816912020175
2006-08-29,494.951354839221,509.853580761681
2006-08-30,498.284075678696,513.286995011926
2006-08-31,495.452589856749,510.38709496981
2006-09-01,502.817179194751,517.980742625334
2006-09-02,505.098861423079,520.321416330943
2006-09-03,506.259751904047,521.521923001657
2006-09-04,506.395993429694,521.669365875229
2006-09-05,508.118400649605,523.450749563833
2006-09-06,498.437638284021,513.501830659749
2006-09-07,493.491833415902,508.413652056091
2006-09-08,495.777941943109,510.775923978526
2006-09-09,494.187832141222,509.148568856512
2006-09-10,491.192287631121,506.069385100761
2006-09-11,489.54504056463,504.379244910479
2006-09-12,498.13942801707,513.241041953951
2006-09-13,504.378876299244,519.621637558742
2006-09-14,502.98623106997,518.202930364178
2006-09-15,505.938498366783,521.251681128906
2006-09-16,506.798609571994,522.142541527403
2006-09-17,508.50944016569,523.910962882261
2006-09-18,509.390093408143,524.824080118491
2006-09-19,508.234610826238,523.641867333863
2006-09-20,509.267451544841,524.713270920762
2006-09-21,505.021974193139,520.350660964401
2006-09-22,493.389629275394,508.372454185526
2006-09-23,494.504639498431,509.528366722048
2006-09-24,496.348618479723,511.433350705879
2006-09-25,498.73211612102,513.891912698442
2006-09-26,510.482777563961,525.978366288631
2006-09-27,518.48824838649,534.140079337395
2006-09-28,517.913623878939,533.560131065517
2006-09-29,520.244039936045,535.968325133083
2006-09-30,520.143291357403,535.872228257531
2006-10-01,520.347777165067,536.090311311979
2006-10-02,519.840311168612,535.575000807302
2006-10-03,513.406862548084,528.954227290998
2006-10-04,523.138570079138,538.987932405528
2006-10-05,527.711270230725,543.663132973896
2006-10-06,527.514130780008,543.468488707379
2006-10-07,529.515299475211,545.537670766053
2006-10-08,531.124941286462,547.20048583191
2006-10-09,533.513322458603,549.665084676091
2006-10-10,540.99469887715,557.363597148441
2006-10-11,538.675645218089,554.99862515968
2006-10-12,547.153346562636,563.7408437624
2006-10-13,549.109282755168,565.748495618424
2006-10-14,552.294978943861,569.032875504219
2006-10-15,556.013056047212,572.860629294356
2006-10-16,557.638908217787,574.538182828063
2006-10-17,550.927120543928,567.640766123622
2006-10-18,552.396540501912,569.162558883544
2006-10-19,554.179368975094,571.004967208357
2006-10-20,551.394245986168,568.147693980063
2006-10-21,554.3360894847,571.18673104726
2006-10-22,557.477665720373,574.423222150941
2006-10-23,559.930578729297,576.951646131199
2006-10-24,561.870070442009,578.953786663196
2006-10-25,563.412425936527,580.548345838053
2006-10-26,563.794094358971,580.949105568739
2006-10-27,557.153881448933,574.116960939344
2006-10-28,553.80626213469,570.675300211745
2006-10-29,551.126954600117,567.922209326733
2006-10-30,550.147348369703,566.920545729043
2006-10-31,554.274323967572,571.181116766194
2006-11-01,547.346629147744,564.076450425266
2006-11-02,544.641520512345,561.296398189569
2006-11-03,543.759478790358,560.395093414611
2006-11-04,546.601002695706,563.331238681343
2006-11-05,552.59816598417,569.503872260236
2006-11-06,558.518149629253,575.580174792174
2006-11-07,560.838666430996,577.967168215681
2006-11-08,556.989190449095,574.016144552443
2006-11-09,552.489538137459,569.386818563079
2006-11-10,549.090992397186,565.892149388369
2006-11-11,549.538959156704,566.361602517882
2006-11-12,550.085732116786,566.932685139398
2006-11-13,550.516798693098,567.384543984681
2006-11-14,556.38348291894,573.436580622115
2006-11-15,562.193350429956,579.401161030572
2006-11-16,562.218550635152,579.435114589623
2006-11-17,562.464472863997,579.696529654464
2006-11-18,559.697260157413,576.8530527988
2006-11-19,555.355265371133,572.385893271029
2006-11-20,553.542611318315,570.525513313694
2006-11-21,559.196075178228,576.360270169971
2006-11-22,560.944297602863,578.161155741987
2006-11-23,555.617755080289,572.687440991023
2006-11-24,543.910492589633,560.628382497373
2006-11-25,539.884347831437,556.48618968325
2006-11-26,534.28422534528,550.72150341386
2006-11-27,530.335301149824,546.658648607348
2006-11-28,527.335880340359,543.574419939997
2006-11-29,539.221175225857,555.833169607347
2006-11-30,539.703408090073,556.332748763931
2006-12-01,534.740479530781,551.226659335115
2006-12-02,533.865175206541,550.331940610042
2006-12-03,534.570188842428,551.066263864284
2006-12-04,535.760545004429,552.300161796231
2006-12-05,538.54283742539,555.172863831732
2006-12-06,544.643749084204,561.453820233824
2006-12-07,542.355519234379,559.115933030915
2006-12-08,543.949690846365,560.767053620873
2006-12-09,546.158475142847,563.048598523852
2006-12-10,549.16618913435,566.150946067251
2006-12-11,551.284529403201,568.33675633346
2006-12-12,546.645335825287,563.570932782706
2006-12-13,547.228877589757,564.180232702559
2006-12-14,560.51939632955,577.883258546137
2006-12-15,568.316293391566,585.83501387557
2006-12-16,568.232070040596,585.75699665844
2006-12-17,567.592181606419,585.105359306514
2006-12-18,566.734103217708,584.228776160463
2006-12-19,559.810284377193,577.099186591982
2006-12-20,559.708434489259,577.002050406908
2006-12-21,558.900927328923,576.177438863588
2006-12-22,553.26692446849,570.377119482602
2006-12-23,552.984751211687,570.093978727253
2006-12-24,553.471183688272,570.603219563669
2006-12-25,554.401244481488,571.569450433083
2006-12-26,556.978351477433,574.232020260199
2006-12-27,566.363535873298,583.893770987503
2006-12-28,565.833241257096,583.359800702305
2006-12-29,564.130350341645,581.61209684325
2006-12-30,562.79022801541,580.238356104104
2006-12-31,559.662247031215,577.021294325147
2007-01-01,556.402335440489,573.668132853713
2007-01-02,564.139954223065,581.653681152223
2007-01-03,562.962502856344,580.456128786983
2007-01-04,569.19629523755,586.891544407215
2007-01-05,559.453340766132,576.908599293921
2007-01-06,561.742334692616,579.276877172142
2007-01-07,564.457913114874,582.079569451519
2007-01-08,566.672277981683,584.365679035601
2007-01-09,565.332349444602,582.99459905048
2007-01-10,561.611765442005,579.165741261796
2007-01-11,569.757211375839,587.573700006958
2007-01-12,587.488984962817,605.738034692497
2007-01-13,588.609990058849,606.885494945472
2007-01-14,589.016657305976,607.312736144851
2007-01-15,588.388493864961,606.673574226809
2007-01-16,584.781241075296,602.962512544938
2007-01-17,588.922161781918,607.2404003458
2007-01-18,585.953146129367,604.198121649161
2007-01-19,586.760540203812,605.038895665958
2007-01-20,586.800663673101,605.088521945768
2007-01-21,586.73494293129,605.029000890063
2007-01-22,586.784501431407,605.088360381019
2007-01-23,582.178773330265,600.34728180878
2007-01-24,593.085695061684,611.60277249955
2007-01-25,587.493249302781,605.897251301972
2007-01-26,587.455258085159,605.866338422361
2007-01-27,586.969817764738,605.373948028697
2007-01-28,586.461105050367,604.857542618902
2007-01-29,585.888974856594,604.275714241332
2007-01-30,587.333927622499,605.774260282139
2007-01-31,591.658210677955,610.237262000195
2007-02-01,596.881405762819,615.613452061635
2007-02-02,598.724190826588,617.514424624121
2007-02-03,600.301776175017,619.147567036255
2007-02-04,603.712342779134,622.66919338194
2007-02-05,605.150906002297,624.157392805526
2007-02-06,606.731774577629,625.79460219404
2007-02-07,607.453184459161,626.546321717478
2007-02-08,602.610904969154,621.563227979274
2007-02-09,598.788959404376,617.629568461839
2007-02-10,597.60065907314,616.412316578166
2007-02-11,597.572098217508,616.391263394253
2007-02-12,596.482376440877,615.275643118681
2007-02-13,598.767497468073,617.641121774659
2007-02-14,606.72396539847,625.841472429242
2007-02-15,606.007380152839,625.115899912467
2007-02-16,606.192940293021,625.315835157291
2007-02-17,606.49475740399,625.635674791489
2007-02-18,606.923913893051,626.086815097773
2007-02-19,606.930966433943,626.102647142941
2007-02-20,606.064118205799,625.216952934845
2007-02-21,601.909405106477,620.939475436829
2007-02-22,607.293964691733,626.502746177306
2007-02-23,606.462704589182,625.657679680345
2007-02-24,606.326993353463,625.52620242673
2007-02-25,606.257625045564,625.463169056802
2007-02-26,605.952901481725,625.157329308123
2007-02-27,568.987737510467,587.029159297414
2007-02-28,560.030439674917,577.795849360413
2007-03-01,551.242035567599,568.736539734717
2007-03-02,548.079883845088,565.48178837552
2007-03-03,543.693396347166,560.963739791784
2007-03-04,539.225428720833,556.361504611389
2007-03-05,535.72348008505,552.755858609408
2007-03-06,550.130533539001,567.628500396746
2007-03-07,549.631528492847,567.128537097117
2007-03-08,559.010988321236,576.814329168388
2007-03-09,560.634809703928,578.484010650075
2007-03-10,562.200582581178,580.105335534363
2007-03-11,563.554467341267,581.508407016982
2007-03-12,564.59828262519,582.592196890575
2007-03-13,544.196421327856,561.567003731865
2007-03-14,536.478504229222,553.610340254104
2007-03-15,544.231726972152,561.618653436886
2007-03-16,534.92990547376,552.09558484319
2007-03-17,537.570635680741,554.828540621166
2007-03-18,542.790649811285,560.210688997976
2007-03-19,548.839131677363,566.43138046079
2007-03-20,556.918679810106,574.732544557399
2007-03-21,568.810528818465,586.925175440792
2007-03-22,573.772715021821,592.001142472944
2007-03-23,577.345441090193,595.680067282356
2007-03-24,579.125963843613,597.519749182507
2007-03-25,580.566807161667,599.012290987245
2007-03-26,581.460149880436,599.941069736587
2007-03-27,569.847092227237,587.975854052248
2007-03-28,563.478147713594,581.412254666896
2007-03-29,568.047000262484,586.134397444948
2007-03-30,570.221584482205,588.377358001407
2007-03-31,569.695948763515,587.844026444175
2007-04-01,568.481794056878,586.599148886607
2007-04-02,568.565845563388,586.69382085297
2007-04-03,579.951852225013,598.450324010878
2007-04-04,585.519868643992,604.148233276597
2007-04-05,587.080783651956,605.759716025585
2007-04-06,585.32537317045,603.959026945226
2007-04-07,583.79592395425,602.389063929308
2007-04-08,582.539195015704,601.100471707505
2007-04-09,581.683489081056,600.2256389435
2007-04-10,588.240660933185,606.999956165178
2007-04-11,585.453597851371,604.148391097945
2007-04-12,584.42890485408,603.099162678762
2007-04-13,582.563061245013,601.181900530295
2007-04-14,586.209596320926,604.953152699961
2007-04-15,590.51847188173,609.394454849023
2007-04-16,594.389480424856,613.383255946649
2007-04-17,596.125472911608,615.177437236862
2007-04-18,594.524477925458,613.535998928037
2007-04-19,586.962934920614,605.740968747968
2007-04-20,597.332570464047,616.450549359674
2007-04-21,597.749976531793,616.886291730923
2007-04-22,599.317830442081,618.512203927466
2007-04-23,599.342373166582,618.54593276534
2007-04-24,594.852072082486,613.920130176175
2007-04-25,597.159809714512,616.310156347041
2007-04-26,600.634707295363,619.898111409448
2007-04-27,594.672422315443,613.770645806583
2007-04-28,593.956589315521,613.040134451485
2007-04-29,593.635104222715,612.716613124061
2007-04-30,593.096712790721,612.169200250898
2007-05-01,592.41397912281,611.472800229999
2007-05-02,600.57233388197,619.901898053178
2007-05-03,602.491102810024,621.877710639211
2007-05-04,613.542228710922,633.275379546131
2007-05-05,615.055176000397,634.831975517534
2007-05-06,614.83915372659,634.617910907691
2007-05-07,614.500924569969,634.277396497721
2007-05-08,612.480501699116,632.20055092722
2007-05-09,619.906516972784,639.87424947712
2007-05-10,607.542733869941,627.197198464844
2007-05-11,617.510659571098,637.496123103282
2007-05-12,616.248485668043,636.212578644131
2007-05-13,613.178970629016,633.05232131148
2007-05-14,611.946485845942,631.788570479791
2007-05-15,613.300388226693,633.194929078168
2007-05-16,614.101512760952,634.029781219139
2007-05-17,617.404743919403,637.446710763677
2007-05-18,627.796449545514,648.156187564012
2007-05-19,629.898931820086,650.318188802967
2007-05-20,631.531598644948,652.009940782224
2007-05-21,632.599047275914,653.119505140298
2007-05-22,633.156037576854,653.702981679481
2007-05-23,633.585977784012,654.155565759897
2007-05-24,625.014633571943,645.317527675362
2007-05-25,627.64705962467,648.044198252769
2007-05-26,627.943287171283,648.358289368074
2007-05-27,627.811192607705,648.230719584936
2007-05-28,627.917879629887,648.349652433693
2007-05-29,625.759260413802,646.129693506135
2007-05-30,635.50035174891,656.19664219832
2007-05-31,639.959419982554,660.775010769164
2007-06-01,649.496550819712,670.597999708334
2007-06-02,650.572553339901,671.710300249079
2007-06-03,650.205641313845,671.340912707935
2007-06-04,648.663772199583,669.758036077397
2007-06-05,639.970975524984,660.791647663018
2007-06-06,628.696533458246,649.159393284839
2007-06-07,615.90761135778,635.963042646006
2007-06-08,626.495052716504,646.903845424136
2007-06-09,627.481468875485,647.922949005023
2007-06-10,629.330385067898,649.839501748259
2007-06-11,630.385742862885,650.936550245672
2007-06-12,621.656439354589,641.93876102915
2007-06-13,635.481022605435,656.223013509729
2007-06-14,646.04686371917,667.024799539373
2007-06-15,658.262732363967,679.546228722437
2007-06-16,656.339245404669,677.588208750365
2007-06-17,652.830600804295,673.975083452282
2007-06-18,650.805685617916,671.893653238154
2007-06-19,651.131710468506,672.239276574358
2007-06-20,642.750527841067,663.597304989845
2007-06-21,645.324548276645,666.263743006391
2007-06-22,631.836133211468,652.37398879917
2007-06-23,629.457313057458,649.926618890262
2007-06-24,627.589613877786,648.006925575986
2007-06-25,625.681550987229,646.045507565954
2007-06-26,620.98929221886,641.209219355124
2007-06-27,622.715947676454,643.000720703471
2007-06-28,627.014629757011,647.442153333077
2007-06-29,628.030422618049,648.496344062446
2007-06-30,628.962923741814,649.467245613811
2007-07-01,629.78418613755,650.323445727925
2007-07-02,631.854238019392,652.468479774286
2007-07-03,637.732632924165,658.537806201931
2007-07-04,638.940364038262,659.788343496217
2007-07-05,634.776675111947,655.501590927105
2007-07-06,644.943094837956,666.008759691196
2007-07-07,646.421886229716,667.53321250022
2007-07-08,647.059720449811,668.200197789374
2007-07-09,646.896875483355,668.041124694559
2007-07-10,633.063329177972,653.764408054133
2007-07-11,626.327698299084,646.817315203482
2007-07-12,639.51628408937,660.446048499734
2007-07-13,647.732758718899,668.853627899566
2007-07-14,647.415137899525,668.53697390118
2007-07-15,647.01011976503,668.127736458116
2007-07-16,646.401126986635,667.507853012042
2007-07-17,645.672333634148,666.764244890377
2007-07-18,638.432812873013,659.297199498805
2007-07-19,643.550172604588,664.590669089886
2007-07-20,636.867922365128,657.726263949508
2007-07-21,637.639301986961,658.531749732183
2007-07-22,638.432453199402,659.359306947138
2007-07-23,638.787340104201,659.734513139796
2007-07-24,620.729056055989,641.097435973354
2007-07-25,622.336459805494,642.766210324012
2007-07-26,596.598417744909,616.225304653324
2007-07-27,582.838770201931,602.021288821683
2007-07-28,584.366266973033,603.607153305519
2007-07-29,586.421396882671,605.735433893158
2007-07-30,588.73632198142,608.130737880549
2007-07-31,587.540834494088,606.906508347248
2007-08-01,581.089592764144,600.25080372484
2007-08-02,587.448931227628,606.827916842606
2007-08-03,569.400030649425,588.292254346945
2007-08-04,567.503566161522,586.340787271419
2007-08-05,565.348377138984,584.121945342301
2007-08-06,564.855544084482,583.620609478253
2007-08-07,573.426057739022,592.483661068195
2007-08-08,593.890203475641,613.47902056986
2007-08-09,574.590649452371,593.889657128492
2007-08-10,561.742722213616,580.618177475376
2007-08-11,563.59874206996,582.544361476712
2007-08-12,566.047411845952,585.079169565957
2007-08-13,567.914073533197,587.01245909515
2007-08-14,556.495945963179,575.237192469347
2007-08-15,548.384400348288,566.860223013426
2007-08-16,534.153567948523,552.157576919377
2007-08-17,546.640980616296,565.073325528522
2007-08-18,549.35408020494,567.854050461818
2007-08-19,551.877544767836,570.464040162845
2007-08-20,554.545605919376,573.223563925
2007-08-21,555.54994590152,574.267101778672
2007-08-22,571.767823953959,591.024669936963
2007-08-23,572.31901216424,591.594940639786
2007-08-24,577.721313656285,597.18478232984
2007-08-25,575.818887718689,595.23564713839
2007-08-26,574.258640088548,593.630839482827
2007-08-27,573.116316292872,592.458024704784
2007-08-28,553.168594006474,571.845144039762
2007-08-29,566.243426939955,585.369116020468
2007-08-30,571.653487515676,590.905913491221
2007-08-31,580.375707848401,599.888644599203
2007-09-01,581.921425162948,601.48287230209
2007-09-02,584.427294962535,604.077791677094
2007-09-03,587.615774547398,607.374745126874
2007-09-04,598.958344932455,619.075718687956
2007-09-05,586.115026485481,605.934227040686
2007-09-06,584.9958096649,604.785317175035
2007-09-07,568.125266937269,587.352263346864
2007-09-08,562.325402725962,581.364099193029
2007-09-09,556.978667888688,575.844266684092
2007-09-10,552.674912036059,571.402599307622
2007-09-11,565.602431588692,584.775906991765
2007-09-12,563.597974370461,582.7354727071
2007-09-13,569.870947416972,589.229313532388
2007-09-14,571.937694902329,591.362792902333
2007-09-15,568.877521052939,588.212362375836
2007-09-16,564.352608296621,583.541677642814
2007-09-17,561.32462930132,580.418703009957
2007-09-18,579.580997551776,599.303984897803
2007-09-19,594.315424425851,614.309078749454
2007-09-20,590.553882560504,610.47636210368
2007-09-21,592.35821479251,612.34978872022
2007-09-22,590.646105128815,610.590826146725
2007-09-23,588.632103131242,608.517032346871
2007-09-24,586.659283798815,606.485742533702
2007-09-25,585.852934329308,605.66026420382
2007-09-26,589.728523497286,609.674983847501
2007-09-27,597.051519821334,617.229426112483
2007-09-28,598.763381076464,618.996990037534
2007-09-29,601.206588919603,621.527668883196
2007-09-30,603.094506939506,623.48399666527
2007-10-01,605.573842271212,626.051746238374
2007-10-02,614.740665055274,635.518097637704
2007-10-03,609.720427391104,630.375465122623
2007-10-04,616.518168629911,637.412031798387
2007-10-05,626.359561253462,647.54008074696
2007-10-06,625.315785234275,646.478486250334
2007-10-07,624.627849771493,645.77607050785
2007-10-08,624.957956211342,646.126148471283
2007-10-09,638.845901950726,660.489883205246
2007-10-10,632.169036018874,653.670980685798
2007-10-11,632.581414637051,654.106238376811
2007-10-12,633.539215384247,655.105214258607
2007-10-13,630.742643649079,652.224428247016
2007-10-14,626.578858090835,647.927636874318
2007-10-15,622.991635576219,644.226925348875
2007-10-16,616.549264037728,637.573639778443
2007-10-17,616.225527484821,637.247446203149
2007-10-18,609.21097997052,630.002187061555
2007-10-19,589.892515082558,610.032905322768
2007-10-20,587.653810319113,607.725980320856
2007-10-21,588.318222901869,608.421270518461
2007-10-22,588.611677511904,608.732806713544
2007-10-23,596.884920383008,617.295248908659
2007-10-24,594.836322578635,615.199821871229
2007-10-25,595.018305320081,615.396317614918
2007-10-26,606.639980962412,627.422897478131
2007-10-27,611.744252339822,632.660556742757
2007-10-28,616.013249950686,637.066302715105
2007-10-29,617.478744340151,638.585467440278
2007-10-30,609.663989083308,630.521464955359
2007-10-31,619.003132165377,640.18858142478
2007-11-01,601.010386412289,621.728677633516
2007-11-02,590.555299061844,610.921546337704
2007-11-03,585.818539724321,606.029654773615
2007-11-04,581.776644078053,601.856465062088
2007-11-05,579.366331677614,599.371060681564
2007-11-06,587.001484792385,607.277910766747
2007-11-07,559.817397779841,579.345169503481
2007-11-08,556.372776912485,575.788185475128
2007-11-09,540.611129269223,559.484291404779
2007-11-10,534.18345609036,552.839782637779
2007-11-11,531.803241342239,550.38391493142
2007-11-12,530.561302805841,549.106033708864
2007-11-13,544.630450969056,563.674400051336
2007-11-14,545.236504254844,564.301675500779
2007-11-15,534.538226013256,553.242535894139
2007-11-16,529.493887591855,548.029129997387
2007-11-17,524.138408135484,542.493550656408
2007-11-18,517.367389914576,535.492720040023
2007-11-19,512.339826704163,530.296226484833
2007-11-20,512.032875601118,529.985652266712
2007-11-21,490.187541278772,507.381508842403
2007-11-22,491.470629552857,508.716419381432
2007-11-23,504.001314182836,521.677239671817
2007-11-24,501.813663851301,519.448357104525
2007-11-25,497.897597339245,515.401657721351
2007-11-26,495.049463147268,512.460323773335
2007-11-27,496.661144026328,514.135587337612
2007-11-28,524.056255153666,542.456575943763
2007-11-29,532.332407639219,550.80870430583
2007-11-30,537.568888432975,556.194879845875
2007-12-01,538.302425994459,556.957902614311
2007-12-02,540.529752650397,559.268483688634
2007-12-03,540.323296471661,559.062921816959
2007-12-04,528.560129637125,546.899335359682
2007-12-05,542.231528703084,561.052498937414
2007-12-06,564.135196095745,583.439546798873
2007-12-07,560.729251398051,579.992275833808
2007-12-08,560.892594077604,580.16908843217
2007-12-09,560.919210990474,580.204473220353
2007-12-10,561.409510386572,580.719479994778
2007-12-11,552.057370542727,571.057404346655
2007-12-12,552.992948997139,572.032874079293
2007-12-13,536.398622801404,554.888825998159
2007-12-14,535.897299695909,554.377731875392
2007-12-15,530.103052731094,548.391169767768
2007-12-16,525.003845440985,543.123457483952
2007-12-17,522.555359092565,540.597798882873
2007-12-18,523.794707063874,541.887253215082
2007-12-19,524.091513267759,542.201326951406
2007-12-20,529.339180812254,547.636310797181
2007-12-21,543.272308764242,561.98772359588
2007-12-22,545.773716235426,564.550621454845
2007-12-23,547.755845588949,566.604158432394
2007-12-24,549.318997373166,568.225977315809
2007-12-25,549.442420998853,568.361209278188
2007-12-26,550.273717199782,569.228762637948
2007-12-27,541.817988280215,560.495806510112
2007-12-28,531.41091441854,549.737615840198
2007-12-29,529.638160088183,547.911197240437
2007-12-30,526.983708363936,545.172584842079
2007-12-31,525.439697270895,543.582648536818
2008-01-01,526.572983446631,544.762261147309
2008-01-02,520.500999339412,538.494354740918
2008-01-03,514.139288373312,531.919841390296
2008-01-04,496.410231692702,513.584645046704
2008-01-05,494.609814225919,511.728690402868
2008-01-06,493.157203115053,510.232516174384
2008-01-07,491.333077477068,508.351937721189
2008-01-08,487.934447987609,504.842249763255
2008-01-09,491.742404449503,508.788774483453
2008-01-10,492.485557749465,509.561582074473
2008-01-11,475.210458053352,491.706996747824
2008-01-12,474.438036282535,490.914263451737
2008-01-13,475.38313553412,491.898686743922
2008-01-14,476.765788549169,493.334538456765
2008-01-15,455.359533264646,471.222203594601
2008-01-16,443.488625863247,458.943961125863
2008-01-17,437.751028759675,453.012457792804
2008-01-18,432.424562264138,447.506270076513
2008-01-19,426.690727632108,441.578359414321
2008-01-20,420.82849140025,435.517409902484
2008-01-21,415.035822181571,429.528293786025
2008-01-22,409.816168495484,424.132033496806
2008-01-23,409.4307554777,423.738747216746
2008-01-24,429.018529071148,444.016625052215
2008-01-25,428.39668158047,443.394292924407
2008-01-26,427.488141043987,442.459784151643
2008-01-27,426.598118165339,441.544418762945
2008-01-28,425.696511169834,440.61703496438
2008-01-29,433.699978322083,448.906814598161
2008-01-30,425.831061132931,440.843045692746
2008-01-31,430.970350565809,446.169289133752
2008-02-01,443.634561419892,459.208510174553
2008-02-02,444.301458153012,459.895624795055
2008-02-03,445.703808224157,461.352250061201
2008-02-04,447.270784892083,462.977870858771
2008-02-05,428.525904245843,443.614033957122
2008-02-06,424.720178064792,439.680152668053
2008-02-07,422.379451326978,437.262769573766
2008-02-08,424.562270587804,439.528264595998
2008-02-09,423.602505526848,438.543058286914
2008-02-10,422.466895555473,437.373174223216
2008-02-11,421.662063353026,436.545708101238
2008-02-12,435.875204612279,451.266273175727
2008-02-13,437.950147040811,453.386011457909
2008-02-14,437.88237929752,453.32206052704
2008-02-15,431.355430566052,446.570939881496
2008-02-16,432.564798859909,447.828851614218
2008-02-17,434.968766141618,450.32020404573
2008-02-18,437.53466123282,452.975452955411
2008-02-19,436.25611635627,451.661660740895
2008-02-20,434.758975203022,450.117599635607
2008-02-21,433.558098964303,448.880226512321
2008-02-22,427.445903526815,442.55794242676
2008-02-23,430.337307922899,445.557403806078
2008-02-24,435.716809400286,451.114630331406
2008-02-25,442.135543411431,457.725825230921
2008-02-26,447.916420406159,463.674106050746
2008-02-27,445.150719663364,460.835536963581
2008-02-28,433.999311852497,449.297281852778
2008-02-29,413.964725542221,428.562417196059
2008-03-01,409.834050428036,424.291716685892
2008-03-02,406.679201304174,421.031169293849
2008-03-03,403.096599957903,417.327677101281
2008-03-04,397.853050674755,411.90450492607
2008-03-05,405.229946666421,419.547366463671
2008-03-06,391.40424013377,405.36875004174
2008-03-07,375.400440345608,388.799307880981
2008-03-08,371.089747071876,384.339865746983
2008-03-09,368.840526044656,382.015382781793
2008-03-10,367.545222111139,380.678821680177
2008-03-11,381.542451545126,395.18119261295
2008-03-12,382.594655892211,396.256787834629
2008-03-13,374.124441098039,387.500681166045
2008-03-14,364.721513038337,377.766666244494
2008-03-15,354.851383680286,367.548483546353
2008-03-16,344.102090897085,356.4193972972
2008-03-17,338.337918562637,350.453583762865
2008-03-18,359.806392350815,372.695438769578
2008-03-19,352.64577178139,365.505059931824
2008-03-20,365.248268994671,378.571902245106
2008-03-21,366.126197997204,379.471654473373
2008-03-22,366.859489623469,380.235827788137
2008-03-23,367.489578040166,380.893272216414
2008-03-24,368.151862660579,381.584161295486
2008-03-25,382.897861443206,396.860068715757
2008-03-26,376.010066410566,389.863862640131
2008-03-27,370.917386745726,384.588663847304
2008-03-28,367.253050454056,380.794325049135
2008-03-29,366.962144896411,380.497694990314
2008-03-30,366.746347064848,380.278925742522
2008-03-31,366.562370380877,380.093145245482
2008-04-01,388.24332282278,402.579399133394
2008-04-02,397.8560841151,412.275273610176
2008-04-03,405.710566725991,420.327565147238
2008-04-04,399.171064295,413.622155791798
2008-04-05,401.47272913442,416.012606752081
2008-04-06,403.432276448681,418.042950162855
2008-04-07,404.608654825978,419.264626718977
2008-04-08,398.423057549193,412.869607314253
2008-04-09,391.884837467071,406.09975703024
2008-04-10,386.55191955526,400.578742896705
2008-04-11,380.271458143726,394.075668529293
2008-04-12,377.030029231313,390.721771822947
2008-04-13,373.932196577386,387.51659346698
2008-04-14,372.596061242601,386.137029098274
2008-04-15,377.520826488891,391.245892358583
2008-04-16,389.696261402756,403.787429133381
2008-04-17,391.632430818461,405.768506293557
2008-04-18,404.079332153607,418.639664157066
2008-04-19,404.373336517508,418.945578760419
2008-04-20,403.88095501308,418.441167901669
2008-04-21,402.703066964374,417.226353846497
2008-04-22,396.830833203281,411.147859228893
2008-04-23,397.176460308035,411.511380907389
2008-04-24,403.747230387323,418.322014526722
2008-04-25,419.611254668868,434.631416798428
2008-04-26,419.971343673951,435.003779381813
2008-04-27,420.054769277609,435.095891718126
2008-04-28,419.994338523682,435.039022464454
2008-04-29,417.935460803319,432.912106224571
2008-04-30,420.094326589293,435.154003882106
2008-05-01,425.854005984168,441.110843545486
2008-05-02,436.625066048003,452.19916269563
2008-05-03,436.551457355716,452.130206293824
2008-05-04,436.428148779987,452.008439613612
2008-05-05,436.343913266215,451.927139154291
2008-05-06,436.779857400505,452.384593260981
2008-05-07,434.59302223801,450.126648536817
2008-05-08,440.630791817539,456.386159472014
2008-05-09,426.89747955732,442.26501100179
2008-05-10,429.227905408616,444.685200305441
2008-05-11,432.873948949064,448.458402930564
2008-05-12,435.263255199505,450.929522565738
2008-05-13,433.660659215031,449.279741995206
2008-05-14,438.240395689481,454.030343458875
2008-05-15,444.906301729088,460.906736195532
2008-05-16,450.366634398736,466.528027007095
2008-05-17,450.565962043632,466.739629040329
2008-05-18,450.350944899883,466.523094017583
2008-05-19,449.437028008093,465.582505303037
2008-05-20,438.217257100396,453.965815737178
2008-05-21,424.37343596638,439.630463574127
2008-05-22,424.225084997289,439.482570874392
2008-05-23,415.600102908491,430.553180451201
2008-05-24,413.633259071071,428.521231320992
2008-05-25,411.61130711175,426.432146228979
2008-05-26,410.629593369522,425.420698270117
2008-05-27,411.146868099411,425.962197634454
2008-05-28,417.987597741653,433.050846206164
2008-05-29,426.772666887645,442.084408060694
2008-05-30,432.550817447553,448.015608196976
2008-05-31,431.564597354108,447.006882635655
2008-06-01,429.340650133412,444.709236253601
2008-06-02,426.636802419721,441.914451364288
2008-06-03,417.893389559671,432.863759970279
2008-06-04,421.314399177564,436.413024548951
2008-06-05,432.718434871402,448.184094287164
2008-06-06,410.703060717762,425.685484238018
2008-06-07,404.446081386771,419.205864978193
2008-06-08,399.649708459111,414.239987082596
2008-06-09,396.078013890481,410.543362219236
2008-06-10,397.340631284781,411.857467065685
2008-06-11,389.755788381274,404.013165842385
2008-06-12,391.228267759829,405.544828778043
2008-06-13,401.120461861787,415.785489681933
2008-06-14,401.114714874817,415.785451649491
2008-06-15,399.720606732887,414.345831582769
2008-06-16,399.326199891539,413.942446378111
2008-06-17,399.792975980886,414.431755015059
2008-06-18,392.801451291198,407.193675049507
2008-06-19,389.264981496447,403.532998305236
2008-06-20,372.209460219162,385.857641810588
2008-06-21,372.039918511047,385.686974793822
2008-06-22,373.031197142871,386.719699111429
2008-06-23,372.774881287286,386.459451645452
2008-06-24,368.293758879012,381.818922246878
2008-06-25,371.357180265636,384.99988109016
2008-06-26,353.246164717659,366.305496329977
2008-06-27,348.775218424948,361.674144372823
2008-06-28,349.087814377458,362.003090492783
2008-06-29,349.771730250661,362.716779045767
2008-06-30,350.10329880039,363.065056309273
2008-07-01,344.049482048891,356.794637859745
2008-07-02,334.354942308275,346.745687627183
2008-07-03,328.179640397816,340.346114914015
2008-07-04,334.380879733734,346.781739347757
2008-07-05,334.524950530479,346.934582637913
2008-07-06,334.735094241256,347.157070621159
2008-07-07,334.809411808361,347.23872324435
2008-07-08,332.584417834299,344.935914398251
2008-07-09,330.625479891673,342.908726672562
2008-07-10,330.08950998662,342.357322174734
2008-07-11,319.061846168875,330.924280689541
2008-07-12,318.289084486148,330.127104683719
2008-07-13,317.619105658352,329.436523988274
2008-07-14,316.843192440141,328.636037474405
2008-07-15,301.956979896424,313.200054191105
2008-07-16,311.385645097845,322.983873561277
2008-07-17,323.240094072827,335.098795033715
2008-07-18,324.973761855935,336.869003655869
2008-07-19,325.498378664388,337.415910860297
2008-07-20,326.254462825129,338.203506947957
2008-07-21,327.298853739267,339.289383381775
2008-07-22,327.906952707786,339.923247434782
2008-07-23,339.659144208642,352.099787131757
2008-07-24,332.662181968701,344.976608168959
2008-07-25,327.340566204764,339.462496346499
2008-07-26,324.55335260242,336.576494806892
2008-07-27,321.939372832915,333.870074257421
2008-07-28,320.348848575617,332.224959217811
2008-07-29,324.535566643231,336.571222485451
2008-07-30,340.360805690909,352.882708841169
2008-07-31,336.011891295565,348.482393222269
2008-08-01,330.265848017721,342.527637462546
2008-08-02,326.953838941187,339.097133413215
2008-08-03,324.411305382907,336.464592529222
2008-08-04,323.193014128567,335.205419407398
2008-08-05,335.296961906931,347.763617108533
2008-08-06,340.564093637016,353.13324316835
2008-08-07,333.012529371102,345.365866668834
2008-08-08,351.662509286156,364.712189262164
2008-08-09,354.323102546845,367.403988222325
2008-08-10,357.413237924458,370.601824855904
2008-08-11,360.039458076304,373.318336542884
2008-08-12,358.479657653158,371.711762360087
2008-08-13,350.874278763625,363.830508562706
2008-08-14,354.077834734111,367.157098617145
2008-08-15,359.63828521572,372.902013554624
2008-08-16,358.366084366255,371.598039597236
2008-08-17,357.429943440792,370.632186295915
2008-08-18,356.17846049345,369.339309209621
2008-08-19,346.135864472093,358.930456459321
2008-08-20,348.870105426769,361.770451081141
2008-08-21,347.123932744213,359.971564504903
2008-08-22,351.9172993981,364.947040152213
2008-08-23,350.238863836851,363.223210770154
2008-08-24,348.454230270489,361.377157221767
2008-08-25,346.9931170499,359.866566312667
2008-08-26,352.97045371358,366.070362413863
2008-08-27,350.176864898994,363.202529090676
2008-08-28,358.141349501749,371.468014041605
2008-08-29,358.653688189905,371.99870333696
2008-08-30,358.852829951393,372.209980485227
2008-08-31,358.559120691172,371.910272565788
2008-09-01,357.921443852658,371.253702167031
2008-09-02,359.182489706636,372.566564169778
2008-09-03,356.618297534516,369.916289761723
2008-09-04,335.289688378023,347.797181193498
2008-09-05,338.864360344167,351.509731805198
2008-09-06,343.278197498916,356.069050433844
2008-09-07,351.753070768918,364.808954150664
2008-09-08,356.471511946794,369.649607983772
2008-09-09,340.997352272248,353.711513577541
2008-09-10,342.315666117613,355.083594091631
2008-09-11,348.030539761547,361.00513919787
2008-09-12,352.612209253397,365.723874991684
2008-09-13,342.923023025515,355.743190570045
2008-09-14,332.990291061882,345.443741407322
2008-09-15,323.487054611908,335.589578222045
2008-09-16,310.870532252503,322.505420896874
2008-09-17,294.694822431755,305.72850179013
2008-09-18,294.4312937514,305.459077758546
2008-09-19,342.293267074698,355.117673069608
2008-09-20,336.239355456497,349.282485101837
2008-09-21,327.436691055186,340.142897517412
2008-09-22,317.402481328376,329.72374065297
2008-09-23,301.864328265649,313.5866813902
2008-09-24,301.155750302416,312.854686838594
2008-09-25,309.103970328573,321.115749273817
2008-09-26,305.768288303287,317.699383899548
2008-09-27,297.646311950114,309.264676589696
2008-09-28,283.307580669602,294.370333351726
2008-09-29,275.863702136687,286.639668435919
2008-09-30,286.543637462779,297.740550247081
2008-10-01,296.339854200611,307.734575574207
2008-10-02,282.323226281909,293.414641369031
2008-10-03,282.541693766151,293.6455372172
2008-10-04,276.967017627899,287.857651532477
2008-10-05,267.079662352927,277.58527097308
2008-10-06,255.930070376536,266.000715619783
2008-10-07,240.733148762629,250.209243837927
2008-10-08,218.618560280566,227.227385312934
2008-10-09,202.937367630644,210.9316927336
2008-10-10,185.897086549025,193.222936559001
2008-10-11,196.694441780369,204.448354359174
2008-10-12,208.07731030763,215.958679328279
2008-10-13,219.583729814857,227.595326778303
2008-10-14,228.577179533893,236.688660783744
2008-10-15,200.040782452467,207.695111080802
2008-10-16,195.414139785244,202.894211291799
2008-10-17,203.073486423008,210.849450604369
2008-10-18,208.172843704225,216.047439989557
2008-10-19,214.050705301288,222.078930291837
2008-10-20,219.108275679299,227.259115842953
2008-10-21,219.185787806452,227.341807592183
2008-10-22,201.403935773679,208.903968718901
2008-10-23,201.37537990126,208.877148474948
2008-10-24,189.316091352331,196.371406738407
2008-10-25,183.779752669102,190.631374321062
2008-10-26,179.69624127068,186.398177461674
2008-10-27,177.092668768144,183.69999776721
2008-10-28,199.699132632233,207.152364166726
2008-10-29,206.552037679371,213.862342874135
2008-10-30,212.961160474101,220.40370654667
2008-10-31,224.976306476876,232.660563375762
2008-11-01,225.243863636291,232.933560500306
2008-11-02,225.147539844001,232.837126386351
2008-11-03,225.419332184515,233.12132617538
2008-11-04,246.44012244086,254.850996349427
2008-11-05,233.54923250986,242.091739375673
2008-11-06,208.99550575096,216.643169281253
2008-11-07,215.800600486663,223.700189934733
2008-11-08,215.383190729557,223.277517204149
2008-11-09,213.731849116077,221.568645106989
2008-11-10,213.104945699222,220.921726827875
2008-11-11,201.672707896172,209.073099772024
2008-11-12,192.373833276384,199.435836116244
2008-11-13,201.498304758149,208.897979459984
2008-11-14,191.316979810444,198.58456544571
2008-11-15,187.569511565107,194.697447703837
2008-11-16,184.488450077095,191.501953657557
2008-11-17,182.951912636836,189.909611682189
2008-11-18,182.920967996378,189.880087216102
2008-11-19,167.359089075723,173.728764078992
2008-11-20,149.573733636053,155.268871934335
2008-11-21,156.515789348966,162.477373712972
2008-11-22,162.52458972616,168.579217161078
2008-11-23,167.875138940461,174.033501017031
2008-11-24,172.902581914498,179.167799468049
2008-11-25,177.978453274673,184.356100071833
2008-11-26,180.502331524404,186.936859259192
2008-11-27,185.217681662241,191.789800421322
2008-11-28,193.459874998283,200.220168534007
2008-11-29,189.158846518353,195.864158516961
2008-11-30,176.775549830116,183.044574217651
2008-12-01,171.632249515505,177.721378758691
2008-12-02,174.559030390163,180.75442201051
2008-12-03,181.865563021685,188.259536325717
2008-12-04,175.823047860833,182.130768188717
2008-12-05,175.727709376821,182.034502024422
2008-12-06,179.37902327082,185.819352700204
2008-12-07,186.983474267921,193.619433294364
2008-12-08,190.457887873455,197.148330137959
2008-12-09,188.152689699726,194.785778963186
2008-12-10,191.592675289376,198.349756639775
2008-12-11,181.052802198754,187.538785579718
2008-12-12,174.081206627196,180.3200559786
2008-12-13,173.060257805173,179.26503468791
2008-12-14,172.898427584213,179.099910015663
2008-12-15,172.373826312752,178.558986898265
2008-12-16,177.277848602426,183.641472487239
2008-12-17,172.551234929458,178.815472921438
2008-12-18,156.807095789214,162.502269375875
2008-12-19,167.519811662784,173.606338283527
2008-12-20,165.335818972497,171.417886760158
2008-12-21,163.371873024459,169.384091880487
2008-12-22,161.255434647455,167.192134338952
2008-12-23,159.013366354507,164.869858961015
2008-12-24,158.210061856662,164.039274183687
2008-12-25,157.658150683154,163.469320453557
2008-12-26,157.67220903064,163.48618310255
2008-12-27,157.086095703675,162.880762599442
2008-12-28,156.354822084739,162.124792589842
2008-12-29,156.71097813903,162.496362844328
2008-12-30,165.736827791222,171.847168472029
2008-12-31,171.519144272161,177.682347451189
2009-01-01,172.198362398166,178.377337375393
2009-01-02,182.330072412588,188.855209277039
2009-01-03,184.091328736844,190.631805482049
2009-01-04,186.997390869745,193.630263895829
2009-01-05,190.803522159116,197.543864002227
2009-01-06,200.116791556043,207.09436926036
2009-01-07,187.885064084787,194.727959353265
2009-01-08,185.864035582672,192.636076990155
2009-01-09,177.919905927977,184.405238989703
2009-01-10,176.572261003336,183.011086201588
2009-01-11,177.244859769394,183.710801417675
2009-01-12,177.348287213078,183.82041502082
2009-01-13,175.995048475418,182.420795993025
2009-01-14,168.081229734382,174.220622839475
2009-01-15,166.206118680686,172.279494433239
2009-01-16,166.566242393795,172.655224464594
2009-01-17,166.460864608588,172.548565043953
2009-01-18,166.362745303442,172.449309083772
2009-01-19,166.325760575165,172.413418907258
2009-01-20,158.601406717394,164.408787126037
2009-01-21,164.489169509549,170.5145152015
2009-01-22,159.742862127746,165.684853953774
2009-01-23,162.255084043874,168.292934673295
2009-01-24,162.355883223149,168.39911110533
2009-01-25,163.030364926672,169.100933758013
2009-01-26,163.665652883678,169.760970103716
2009-01-27,163.623926906485,169.720237089435
2009-01-28,170.7792676876,177.144642767021
2009-01-29,167.159354474079,173.471025166456
2009-01-30,167.789340735383,174.127312458795
2009-01-31,166.41115649726,172.702289404321
2009-02-01,165.384074546189,171.638889917229
2009-02-02,164.905939459201,171.145163272059
2009-02-03,168.425112489952,174.799977503763
2009-02-04,171.563511880703,178.025650040128
2009-02-05,173.124178925598,179.633169461079
2009-02-06,181.899109728062,188.700286826811
2009-02-07,181.640660828844,188.441298973064
2009-02-08,179.331544885322,186.048468981732
2009-02-09,178.70098610797,185.396997371499
2009-02-10,168.361730666229,174.673013938669
2009-02-11,168.210627649984,174.518782739746
2009-02-12,167.652645312204,173.942410429149
2009-02-13,168.384658683444,174.704414792876
2009-02-14,168.13851451331,174.452129702354
2009-02-15,167.689745588391,173.989038259126
2009-02-16,167.312780566083,173.600446244277
2009-02-17,156.557797721291,162.443801893207
2009-02-18,155.437036290589,161.283266736914
2009-02-19,152.696273177133,158.441759265201
2009-02-20,148.271535700121,153.852828113349
2009-02-21,144.886546385671,150.342652529459
2009-02-22,140.519629030065,145.813464519065
2009-02-23,138.733480302728,143.962141441716
2009-02-24,142.554213890792,147.9289619509
2009-02-25,140.711135335611,146.044166189374
2009-02-26,141.01485837808,146.361518409247
2009-02-27,139.441762414461,144.732657890773
2009-02-28,135.27148264516,140.406239772909
2009-03-01,131.111851984946,136.090751202867
2009-03-02,126.901258466836,131.722237588415
2009-03-03,123.867141673846,128.574766776417
2009-03-04,131.421907988402,136.418520351764
2009-03-05,123.98451522793,128.922223457436
2009-03-06,121.069500916803,125.892991857326
2009-03-07,120.620752946795,125.428191162325
2009-03-08,120.352879290826,125.151468312203
2009-03-09,119.924234345117,124.707552565688
2009-03-10,127.938590700271,133.043371617286
2009-03-11,130.271232972774,135.394994706376
2009-03-12,135.198113530105,140.474588292393
2009-03-13,136.772943942271,142.083564200697
2009-03-14,136.711622425582,142.022285798903
2009-03-15,136.517032415847,141.82221898275
2009-03-16,137.361166320999,142.701243257059
2009-03-17,143.931047418327,149.507591662205
2009-03-18,143.274751305784,148.843473710341
2009-03-19,137.123369175777,142.455183474802
2009-03-20,135.292821300231,140.555545642219
2009-03-21,138.340134447206,143.723456634137
2009-03-22,145.763657923706,151.352943410053
2009-03-23,148.984636342069,154.616236434289
2009-03-24,148.272853885742,153.88738191445
2009-03-25,150.624732277753,156.330572399608
2009-03-26,152.951536436256,158.728921119178
2009-03-27,154.083236682635,159.896873938866
2009-03-28,149.903375149606,155.577353728643
2009-03-29,146.053564669205,151.584101910402
2009-03-30,144.118962182018,149.578460135003
2009-03-31,146.128601972221,151.666382163481
2009-04-01,152.136077728548,157.860863856938
2009-04-02,162.200253556367,168.102555342179
2009-04-03,162.377747656847,168.283393225066
2009-04-04,161.360445084484,167.23211165794
2009-04-05,160.092557467165,165.920545294829
2009-04-06,158.868698193844,164.65457173677
2009-04-07,158.96658124715,164.758424914094
2009-04-08,160.172191220346,166.009990922788
2009-04-09,169.278368951485,175.414903449642
2009-04-10,169.662515390559,175.804849955621
2009-04-11,170.199521804975,176.363267608332
2009-04-12,170.915242768552,177.106312320484
2009-04-13,171.425349898206,177.636380586269
2009-04-14,170.113475320347,176.281602814826
2009-04-15,173.253094808492,179.537643086784
2009-04-16,177.256367956723,183.651119434396
2009-04-17,182.747099566801,189.279468862836
2009-04-18,180.741505015882,187.235451822825
2009-04-19,174.842555269696,181.127299547707
2009-04-20,172.851138173408,179.066949259356
2009-04-21,176.02418653818,182.356721737649
2009-04-22,176.209997845128,182.550122770068
2009-04-23,176.55661946063,182.911701982055
2009-04-24,178.784517954832,185.220207846422
2009-04-25,178.704447029294,185.140477816826
2009-04-26,178.70598155408,185.144797681465
2009-04-27,178.680972806863,185.121619882116
2009-04-28,178.036040737647,184.45617059124
2009-04-29,179.226973917651,185.692780392254
2009-04-30,182.621002863779,189.200258840675
2009-05-01,184.03490909932,190.654312380483
2009-05-02,187.794244524912,194.536937880452
2009-05-03,193.503425904913,200.395115104569
2009-05-04,197.165866003485,204.13597707692
2009-05-05,192.499026118952,199.35078031937
2009-05-06,200.018580487987,207.14092974579
2009-05-07,198.757425022229,205.862398212156
2009-05-08,204.947529627649,212.276826983492
2009-05-09,202.219053356751,209.496548026265
2009-05-10,199.390621433111,206.569432417174
2009-05-11,196.677018637643,203.761190749286
2009-05-12,192.808574499442,199.756390746611
2009-05-13,185.978777308983,192.683430355428
2009-05-14,187.45177630675,194.212366138516
2009-05-15,189.198602185198,196.017907962243
2009-05-16,190.813235046401,197.685924851628
2009-05-17,193.524034787616,200.485458806906
2009-05-18,196.924375501148,203.986533574914
2009-05-19,198.876660903831,205.994563258153
2009-05-20,199.505730431532,206.646000960842
2009-05-21,190.42515613707,197.258213212428
2009-05-22,186.574788661186,193.272560166032
2009-05-23,186.386991030455,193.08083515828
2009-05-24,186.176272801902,192.865364604771
2009-05-25,186.09752296248,192.786597298508
2009-05-26,193.858638860342,200.829487794332
2009-05-27,192.803621484778,199.761301104576
2009-05-28,195.541139307867,202.60053268605
2009-05-29,194.843632858275,201.885857040275
2009-05-30,197.798314710109,204.950302612915
2009-05-31,200.199988554158,207.423190847385
2009-06-01,201.851383969942,209.127070503992
2009-06-02,202.962353874404,210.276490642265
2009-06-03,197.171388741821,204.296287771591
2009-06-04,201.273707804337,208.549865533278
2009-06-05,197.933852914971,205.127612542998
2009-06-06,198.80413384052,206.032551102664
2009-06-07,202.457934640645,209.813907329088
2009-06-08,203.335353733976,210.71808630512
2009-06-09,203.269016056755,210.652573701
2009-06-10,202.039599840001,209.381600621773
2009-06-11,209.425668272092,217.039147567294
2009-06-12,207.413226966849,214.993462317196
2009-06-13,204.910018666653,212.401922793622
2009-06-14,203.685675065363,211.135936543915
2009-06-15,201.117999989924,208.47744178964
2009-06-16,196.532565733591,203.727272822964
2009-06-17,194.259175762813,201.373650122766
2009-06-18,193.885456436215,200.989196493863
2009-06-19,196.211872892885,203.403808822772
2009-06-20,194.174323898816,201.307083609315
2009-06-21,190.446808767958,197.445603702153
2009-06-22,188.275850039008,195.197769518077
2009-06-23,183.967253916646,190.733637280044
2009-06-24,188.116623595087,195.038379636692
2009-06-25,193.316251771594,200.372707049233
2009-06-26,191.955043867385,198.983287647334
2009-06-27,193.51809055229,200.606516529929
2009-06-28,194.891667893507,202.027597629531
2009-06-29,195.618152013007,202.781011848204
2009-06-30,190.931759667747,197.935055638433
2009-07-01,195.800840081698,202.985667511656
2009-07-02,187.759961328754,194.756448889867
2009-07-03,188.534333258461,195.562567848423
2009-07-04,188.99123880327,196.038420760217
2009-07-05,189.001602312664,196.052064054264
2009-07-06,188.573708061397,195.611150364137
2009-07-07,181.418577650793,188.191892894149
2009-07-08,180.854737922594,187.609793396229
2009-07-09,180.576956282918,187.324430587318
2009-07-10,180.756108648642,187.513056848515
2009-07-11,180.726476639415,187.48512011037
2009-07-12,181.429477190917,188.217196222285
2009-07-13,182.657635460489,189.491602731376
2009-07-14,186.996627225131,193.980587589451
2009-07-15,195.181946972888,202.376453064112
2009-07-16,197.43376153129,204.666269738479
2009-07-17,199.801655798938,207.110449267388
2009-07-18,200.506852000846,207.840188050805
2009-07-19,200.778404140803,208.124252752639
2009-07-20,202.367925548395,209.7738819277
2009-07-21,205.662789717779,213.178978029327
2009-07-22,206.537244525393,214.081284638313
2009-07-23,213.399922394782,221.182874026154
2009-07-24,214.576412134048,222.385906789302
2009-07-25,215.229479684865,223.06422895629
2009-07-26,215.501106411282,223.348621535376
2009-07-27,215.659374706873,223.515860619479
2009-07-28,215.560753293036,223.417007370763
2009-07-29,216.747749961048,224.650581874566
2009-07-30,224.78506093664,232.961328015136
2009-07-31,225.011179132706,233.194837411505
2009-08-01,226.205097021362,234.435019375329
2009-08-02,227.854168134995,236.143023292061
2009-08-03,228.973268425478,237.302126817108
2009-08-04,226.5818738114,234.833300450855
2009-08-05,223.591375230181,231.737395090909
2009-08-06,224.019250555451,232.184302901873
2009-08-07,225.725765314098,233.954744988469
2009-08-08,226.99425018969,235.267944149904
2009-08-09,228.520441412948,236.848835953585
2009-08-10,229.608275863367,237.976050285028
2009-08-11,226.05090170248,234.301276270432
2009-08-12,229.226715108609,237.596481383227
2009-08-13,230.997376251509,239.42253529243
2009-08-14,228.088900687216,236.422955907885
2009-08-15,225.872698466819,234.129290470121
2009-08-16,223.920336032016,232.109043967426
2009-08-17,221.818055759601,229.933328433953
2009-08-18,225.362575130153,233.610950283926
2009-08-19,227.054316656076,235.35420665835
2009-08-20,228.508468753139,236.859435654797
2009-08-21,232.858723477561,241.35786076365
2009-08-22,234.47153397038,243.017510523704
2009-08-23,235.768735339189,244.3610280256
2009-08-24,236.872798790393,245.505791871465
2009-08-25,237.747833310721,246.414231415888
2009-08-26,237.59463177828,246.259394881097
2009-08-27,236.832673870859,245.473308227555
2009-08-28,237.374285945407,246.038331015274
2009-08-29,237.441913179785,246.111995552744
2009-08-30,237.475403630343,246.150363084388
2009-08-31,236.374926212485,245.013443690321
2009-09-01,227.909312650857,236.242092642091
2009-09-02,227.340130270593,235.655611806548
2009-09-03,226.338520314524,234.620868855789
2009-09-04,233.652182758083,242.205650088756
2009-09-05,234.901086431603,243.483476983219
2009-09-06,235.251268814988,243.84911531214
2009-09-07,235.947548667891,244.573918670054
2009-09-08,237.374481297447,246.054421848571
2009-09-09,238.676744492122,247.403878220054
2009-09-10,241.604652658964,250.434228919107
2009-09-11,242.168156215387,251.018471735233
2009-09-12,242.211187799958,251.066752184623
2009-09-13,242.238537244608,251.098827139366
2009-09-14,242.290369318868,251.156280973673
2009-09-15,241.851232008378,250.704866915849
2009-09-16,248.111776781681,257.198319191573
2009-09-17,248.669192158351,257.7725721072
2009-09-18,247.734058815052,256.808102880778
2009-09-19,246.96265321275,256.012258447208
2009-09-20,246.260184450554,255.287855871247
2009-09-21,245.505974709412,254.509790956393
2009-09-22,246.940293137878,256.000498500587
2009-09-23,244.519122595882,253.501602184314
2009-09-24,238.701190846219,247.473714227209
2009-09-25,239.321537926982,248.120545547882
2009-09-26,240.592379632841,249.440056900292
2009-09-27,243.053610527963,251.988730461078
2009-09-28,244.358226426529,253.338175299921
2009-09-29,247.548816789587,256.640978574588
2009-09-30,244.976965608706,253.99554574604
2009-10-01,238.731725270883,247.524176217352
2009-10-02,233.172547158612,241.763932082044
2009-10-03,233.621048691301,242.232550875446
2009-10-04,234.229299882159,242.866201487912
2009-10-05,234.911778687972,243.576517010372
2009-10-06,240.978171171143,249.861066185468
2009-10-07,242.656881042289,251.583409489666
2009-10-08,246.594473893356,255.655735770825
2009-10-09,248.299325071202,257.412930554538
2009-10-10,249.24714284227,258.396001145682
2009-10-11,250.050216904156,259.23079262728
2009-10-12,250.364538336249,259.559971831055
2009-10-13,245.639937905706,254.668822399879
2009-10-14,254.134302501083,263.479192048334
2009-10-15,256.512324309851,265.907199030369
2009-10-16,251.691952543491,260.936664805979
2009-10-17,252.822235833503,262.112339462419
2009-10-18,255.567135691467,264.955577793225
2009-10-19,256.223667981817,265.636468690567
2009-10-20,252.330545420988,261.609444495765
2009-10-21,252.833404910496,262.134682285212
2009-10-22,249.724103069616,258.918142633458
2009-10-23,245.691433837852,254.740855755135
2009-10-24,243.805593887029,252.789341471335
2009-10-25,242.447973663231,251.385458050217
2009-10-26,240.565269215068,249.437083644291
2009-10-27,240.858281055442,249.74460990568
2009-10-28,233.40577807398,242.025683147127
2009-10-29,240.541093071193,249.428108894145
2009-10-30,231.610780458908,240.308934891334
2009-10-31,232.084927745324,240.804458050606
2009-11-01,232.75623414511,241.503838807411
2009-11-02,233.389890478674,242.163927577855
2009-11-03,234.598245002608,243.419587139906
2009-11-04,237.052564988315,245.963215959138
2009-11-05,238.748729425594,247.717667300773
2009-11-06,240.744476518875,249.784730539501
2009-11-07,242.9898176942,252.108442298466
2009-11-08,245.673642757732,254.883893889652
2009-11-09,247.801962742606,257.083771538002
2009-11-10,248.317354931639,257.619956374962
2009-11-11,248.649681496477,257.968196271299
2009-11-12,247.98158998035,257.279367777775
2009-11-13,252.277582474904,261.740261425679
2009-11-14,254.073586988035,263.591557511385
2009-11-15,255.071524901631,264.627156488787
2009-11-16,256.809018209033,266.430133721864
2009-11-17,257.546296028786,267.196377780603
2009-11-18,255.696540103795,265.284029577768
2009-11-19,250.531558538158,259.929322762114
2009-11-20,249.565773854504,258.93117727506
2009-11-21,250.215089034215,259.608712890755
2009-11-22,252.266455184011,261.738144921867
2009-11-23,252.821061697877,262.315089359037
2009-11-24,250.308522629655,259.714968175837
2009-11-25,250.914474994906,260.347547604174
2009-11-26,244.034840512993,253.221870319819
2009-11-27,244.119268587531,253.31324156274
2009-11-28,243.922507637347,253.112870551062
2009-11-29,243.542087994012,252.721874178689
2009-11-30,243.123766676344,252.291533310051
2009-12-01,251.223151864547,260.700085630279
2009-12-02,251.99115684513,261.4879476619
2009-12-03,250.052842990724,259.483455360088
2009-12-04,250.965460377476,260.434353289519
2009-12-05,253.234086602286,262.788109201072
2009-12-06,256.779632761917,266.45480085003
2009-12-07,258.970374990382,268.716400324413
2009-12-08,253.26814169505,262.828279185824
2009-12-09,252.111082741969,261.631453043042
2009-12-10,255.565854655286,265.220578457676
2009-12-11,255.725430858552,265.388940555485
2009-12-12,257.523696508368,267.258500678438
2009-12-13,260.539094269369,270.380863452018
2009-12-14,263.646054119638,273.590587985849
2009-12-15,264.419864291572,274.392912959291
2009-12-16,266.734145484047,276.795034430259
2009-12-17,265.25768190906,275.273613806025
2009-12-18,264.637364610691,274.63396197653
2009-12-19,265.307638324336,275.333644251164
2009-12-20,266.481632296847,276.554529678786
2009-12-21,267.902135242658,278.029553455539
2009-12-22,273.231240537403,283.549540798131
2009-12-23,277.044893658967,287.472897665936
2009-12-24,275.427081025347,285.809758216568
2009-12-25,275.11725910829,285.492516466566
2009-12-26,275.808755701521,286.214337904171
2009-12-27,276.696912085123,287.139074574698
2009-12-28,277.412042746721,287.884251126574
2009-12-29,276.99502030666,287.456323385399
2009-12-30,277.931576494086,288.432526004009
2009-12-31,274.786910824554,285.178865508163
2010-01-01,274.915213468329,285.316254162209
2010-01-02,277.930972081229,288.449571324066
2010-01-03,281.987751377237,292.641226473321
2010-01-04,285.128114004172,295.881277857934
2010-01-05,285.255070962526,296.016656105264
2010-01-06,289.718272765602,300.651549423975
2010-01-07,290.774332092527,301.743405408744
2010-01-08,294.439886381139,305.544848796174
2010-01-09,294.005185461306,305.101039320797
2010-01-10,290.197987100422,301.154691017268
2010-01-11,288.713216036854,299.618346561395
2010-01-12,286.781035989686,297.617639103329
2010-01-13,283.830377826545,294.559907422327
2010-01-14,289.556294164887,300.50666737276
2010-01-15,288.700138086342,299.631309951425
2010-01-16,289.047071081408,299.995835244779
2010-01-17,289.484559433781,300.454067709298
2010-01-18,290.069093496422,301.064749848606
2010-01-19,295.9439825949,307.160544350681
2010-01-20,292.757646920486,303.890715066742
2010-01-21,286.753475313583,297.662741426855
2010-01-22,275.314994690732,285.793518890356
2010-01-23,274.812270394352,285.275913682677
2010-01-24,274.374957102182,284.826192187275
2010-01-25,273.924500327147,284.36281471738
2010-01-26,272.623422455033,283.016380092243
2010-01-27,271.153113821038,281.494231520616
2010-01-28,269.840747104248,280.136004783407
2010-01-29,266.959230912616,277.148712180911
2010-01-30,268.587580849975,278.84333970198
2010-01-31,270.907715166775,281.24884535172
2010-02-01,273.121998950361,283.541986516874
2010-02-02,279.249100593105,289.881355100934
2010-02-03,275.796406083737,286.340476127047
2010-02-04,265.440872906806,275.593298548103
2010-02-05,264.747322077111,274.877325461217
2010-02-06,264.38203418295,274.502150690228
2010-02-07,264.094792942486,274.207994222771
2010-02-08,263.900416874763,274.010252982878
2010-02-09,265.300768561599,275.468299631133
2010-02-10,266.599414858576,276.817218410643
2010-02-11,271.136141157597,281.52042914927
2010-02-12,276.501038254127,287.048448883218
2010-02-13,276.159468542637,286.701421838867
2010-02-14,275.820869455395,286.354165696442
2010-02-15,275.349458351644,285.869007393387
2010-02-16,281.793814205794,292.563824935462
2010-02-17,283.563901571413,294.384766043095
2010-02-18,292.328404111815,303.460184386113
2010-02-19,291.629220563078,302.749574316164
2010-02-20,291.431212047185,302.548518698275
2010-02-21,290.391909235028,301.47406684399
2010-02-22,290.220093325297,301.300173828367
2010-02-23,287.049562211872,298.013079987846
2010-02-24,289.938145321237,301.016419512094
2010-02-25,287.526550004448,298.529620826405
2010-02-26,289.261184461544,300.335076947374
2010-02-27,291.349358059752,302.501101979868
2010-02-28,293.327192699783,304.551760491275
2010-03-01,295.404886170287,306.706197715061
2010-03-02,299.389737963535,310.833516304963
2010-03-03,299.520019905415,310.97243693844
2010-03-04,297.211369459926,308.580691830345
2010-03-05,308.760429692879,320.57613435023
2010-03-06,309.032977488466,320.858391558424
2010-03-07,308.440168592973,320.247942261696
2010-03-08,307.988523650086,319.783768019588
2010-03-09,312.495448808762,324.468021077442
2010-03-10,313.618365531878,325.630290786806
2010-03-11,312.324085455058,324.293648027593
2010-03-12,309.786946652223,321.664098251441
2010-03-13,309.675553956549,321.553223508591
2010-03-14,309.443979650913,321.317547791146
2010-03-15,309.238683335045,321.109155117688
2010-03-16,314.441069708899,326.51601332214
2010-03-17,318.170306295984,330.361138665984
2010-03-18,319.58558232004,331.826998466849
2010-03-19,321.787919774032,334.113566835061
2010-03-20,323.595252621974,335.98864200863
2010-03-21,325.211207828414,337.666770913481
2010-03-22,326.047397431878,338.537825367833
2010-03-23,327.613933880868,340.167294187283
2010-03-24,331.265287979963,343.954490822793
2010-03-25,330.89380763685,343.575961151822
2010-03-26,332.145818321361,344.88106519859
2010-03-27,332.100671629364,344.839388404669
2010-03-28,331.3026852679,344.015920509598
2010-03-29,331.170380285269,343.883647474538
2010-03-30,331.361566039855,344.087291241866
2010-03-31,331.321021932886,344.050310870696
2010-04-01,338.976997842785,352.005537962758
2010-04-02,339.953900897552,353.013634567494
2010-04-03,341.436834824263,354.556583140207
2010-04-04,343.258772479538,356.449649260602
2010-04-05,344.923492797487,358.179027442448
2010-04-06,346.54889573109,359.868116256484
2010-04-07,347.516223003314,360.875588130783
2010-04-08,348.201418367253,361.591478900156
2010-04-09,350.268253757543,363.741022897135
2010-04-10,347.361383867671,360.736653662401
2010-04-11,344.577754704182,357.851201834435
2010-04-12,342.647240061741,355.851642340101
2010-04-13,340.489873925554,353.616387282418
2010-04-14,346.429239309282,359.789988250273
2010-04-15,351.382176980422,364.895027978831
2010-04-16,340.930664632421,354.122284963567
2010-04-17,340.644361205798,353.830172382389
2010-04-18,341.68579687626,354.917184967293
2010-04-19,342.119511645793,355.372259549581
2010-04-20,345.535063593883,358.923099428358
2010-04-21,350.426193694077,363.983862174054
2010-04-22,348.371463387944,361.869755196525
2010-04-23,353.543008225388,367.247058821683
2010-04-24,354.446354321653,368.183924085126
2010-04-25,355.046834717258,368.812343811938
2010-04-26,355.576393342881,369.367437527269
2010-04-27,342.747331674996,356.05639617801
2010-04-28,339.763899448988,352.96240689418
2010-04-29,346.996163427066,360.480862418207
2010-04-30,339.728486890885,353.014792929107
2010-05-01,340.720055071022,354.050385897571
2010-05-02,342.568439466548,355.973514755678
2010-05-03,344.636113265191,358.121545000314
2010-05-04,335.43032234315,348.589521161555
2010-05-05,335.632675756147,348.804994126396
2010-05-06,327.586876768607,340.451268130393
2010-05-07,311.772123961718,324.020530143464
2010-05-08,315.633600254066,328.038528267105
2010-05-09,326.949623277356,339.731987076829
2010-05-10,330.797453209938,343.666704433184
2010-05-11,339.957720270707,353.13476102468
2010-05-12,348.721931040435,362.122399312947
2010-05-13,351.713720421796,365.196337770783
2010-05-14,340.175772743991,353.271376618415
2010-05-15,341.739605711559,354.900668597834
2010-05-16,342.883075840572,356.090690113531
2010-05-17,342.106963936593,355.291307721859
2010-05-18,335.63133717949,348.571406417001
2010-05-19,333.05449982527,345.900404475634
2010-05-20,310.174620522084,322.143196180003
2010-05-21,307.477731446606,319.347035831671
2010-05-22,307.800987454139,319.687523082859
2010-05-23,308.690125948388,320.615248631768
2010-05-24,309.999751657409,321.978249028605
2010-05-25,305.734901140998,317.562766559597
2010-05-26,306.380494285771,318.238062007347
2010-05-27,327.135578534307,339.778086232941
2010-05-28,319.221271862116,331.822972324987
2010-05-29,320.247880917443,332.895044572131
2010-05-30,321.903561582522,334.618260677203
2010-05-31,323.8060766083,336.595769542529
2010-06-01,324.722739309232,337.5508128944
2010-06-02,326.796354063566,339.708294421779
2010-06-03,331.812189930074,344.910757724302
2010-06-04,325.674571348046,338.583917860351
2010-06-05,322.235570346466,335.013633079247
2010-06-06,319.295899340749,331.962372500037
2010-06-07,318.767773447176,331.418232879239
2010-06-08,322.006886569083,334.790830492982
2010-06-09,321.375787085046,334.142907128972
2010-06-10,333.871848094093,347.140360038218
2010-06-11,333.254660002301,346.515622646727
2010-06-12,332.780365468077,346.027613253755
2010-06-13,332.274875679961,345.507150133313
2010-06-14,333.452663807311,346.736978819789
2010-06-15,342.768892205252,356.412192388017
2010-06-16,343.740241542374,357.413663945142
2010-06-17,340.225968524264,353.769975180559
2010-06-18,341.597264368832,355.201117632953
2010-06-19,343.012432389608,356.674922283141
2010-06-20,344.445349714302,358.167110001066
2010-06-21,345.632287866144,359.404064430631
2010-06-22,343.800499389667,357.507897819111
2010-06-23,337.348888525968,350.804378881568
2010-06-24,329.915746145222,343.079975447465
2010-06-25,326.250716285704,339.273808795541
2010-06-26,325.872930264145,338.885991156785
2010-06-27,325.845294662834,338.862291815379
2010-06-28,325.894781542204,338.91879273244
2010-06-29,312.729811204954,325.233995965005
2010-06-30,304.975462634227,317.174413972764
2010-07-01,298.766119409087,310.721395618732
2010-07-02,288.937571002818,300.504163959054
2010-07-03,288.757239044531,300.321067163383
2010-07-04,288.463018940205,300.019523736778
2010-07-05,288.261093370258,299.813966435945
2010-07-06,296.151319090391,308.024860579239
2010-07-07,306.617115319923,318.769556364372
2010-07-08,309.526965355883,321.748998517805
2010-07-09,314.911275027132,327.325133546053
2010-07-10,316.045375007956,328.498714278804
2010-07-11,317.147273581262,329.646853887093
2010-07-12,318.170954899981,330.713900164361
2010-07-13,327.629290641272,340.534059178818
2010-07-14,323.166222647896,335.966894131133
2010-07-15,316.51239987224,329.05448703042
2010-07-16,296.090840174347,307.828574162989
2010-07-17,296.381595330552,308.135409614513
2010-07-18,296.809697845211,308.584820605375
2010-07-19,297.424411459221,309.228004242519
2010-07-20,305.383310097831,317.498681753148
2010-07-21,305.12514519387,317.238358916826
2010-07-22,314.837261969937,327.340741536724
2010-07-23,316.813236523214,329.368190238022
2010-07-24,318.96700075479,331.605357435121
2010-07-25,320.634295064731,333.337752801168
2010-07-26,321.503664233775,334.244139114051
2010-07-27,317.496615035112,330.08889533873
2010-07-28,318.825543886286,331.475422588023
2010-07-29,314.817237219265,327.321718154203
2010-07-30,314.929405662103,327.443201309186
2010-07-31,318.176059834938,330.823064409622
2010-08-01,324.921141553976,337.805245522412
2010-08-02,327.88351106564,340.858312709118
2010-08-03,320.664515330482,333.391983498461
2010-08-04,321.493115970842,334.258422127989
2010-08-05,322.836348391144,335.658125998499
2010-08-06,322.824318545882,335.650615984253
2010-08-07,322.723884163198,335.551178862577
2010-08-08,322.422679145868,335.242989822089
2010-08-09,322.323592487612,335.144946175998
2010-08-10,320.763326014341,333.527546979912
2010-08-11,309.096982696999,321.401901627302
2010-08-12,316.216320767809,328.809421107202
2010-08-13,314.904646355206,327.465652857026
2010-08-14,314.871407864837,327.435949386517
2010-08-15,315.250348142314,327.834863059605
2010-08-16,315.623487193537,328.22751850899
2010-08-17,320.683169643835,333.490929091064
2010-08-18,320.208838104742,333.006422712064
2010-08-19,316.073471420547,328.710715308475
2010-08-20,315.200739727921,327.807973025858
2010-08-21,315.163356394809,327.773953646972
2010-08-22,315.150461161349,327.765411681416
2010-08-23,315.10549192197,327.723499415522
2010-08-24,311.551848728686,324.032421240785
2010-08-25,307.936125836486,320.276669926662
2010-08-26,306.077049114463,318.347837414827
2010-08-27,311.352902985367,323.839933976872
2010-08-28,310.89201902334,323.369365248715
2010-08-29,310.255813917026,322.712425105767
2010-08-30,309.437287060522,321.86582787331
2010-08-31,308.773410745359,321.180071277998
2010-09-01,319.799387024905,332.653849129968
2010-09-02,323.193514183721,336.128254724248
2010-09-03,329.286677338317,342.437994423831
2010-09-04,329.866760923838,343.040712643468
2010-09-05,330.234595018351,343.4279891269
2010-09-06,330.344115300549,343.5469138506
2010-09-07,330.223845009799,343.426915702213
2010-09-08,335.159834348439,348.565359264165
2010-09-09,338.805447551818,352.333911789053
2010-09-10,339.805768576634,353.373820184813
2010-09-11,341.905830778659,355.559751821481
2010-09-12,344.407900127535,358.158984021995
2010-09-13,345.65845162303,359.460027841992
2010-09-14,345.081698888336,358.866640719684
2010-09-15,338.463039175378,351.988914656662
2010-09-16,332.190935988346,345.471377615008
2010-09-17,333.042142135845,346.361736263964
2010-09-18,334.993736215601,348.393879051614
2010-09-19,338.978709434939,352.531300087585
2010-09-20,340.759394027688,354.377498775033
2010-09-21,337.303357590036,350.797907235462
2010-09-22,325.873103628376,338.915561223299
2010-09-23,324.310802128256,337.295764903394
2010-09-24,329.941654877302,343.157072738821
2010-09-25,328.294100312415,341.463177867224
2010-09-26,326.85843644887,339.974990404518
2010-09-27,326.24718779333,339.344251256314
2010-09-28,329.204954133186,342.425794332845
2010-09-29,322.594369297863,335.585753141565
2010-09-30,319.029901489932,331.882658032353
2010-10-01,318.577346527257,331.416761848491
2010-10-02,317.811950906571,330.625401870384
2010-10-03,316.608230547836,329.378019822361
2010-10-04,315.789087812352,328.530701052703
2010-10-05,323.702737234553,336.768518531692
2010-10-06,323.970798974838,337.048861531891
2010-10-07,318.828791478616,331.706512975987
2010-10-08,324.667373615661,337.785845825258
2010-10-09,324.278125828183,337.389442192838
2010-10-10,323.315612848446,336.393020972949
2010-10-11,322.59764814725,335.651015645658
2010-10-12,325.46495310886,338.639277523771
2010-10-13,327.735367241097,340.996125424955
2010-10-14,323.666381982547,336.782074173849
2010-10-15,322.584738687179,335.661554046967
2010-10-16,325.565530655204,338.768117083695
2010-10-17,329.747068077232,343.104225087165
2010-10-18,332.857697064496,346.325497828986
2010-10-19,324.482161142684,337.656422526639
2010-10-20,330.742330934726,344.175713846966
2010-10-21,325.246195572019,338.515519533524
2010-10-22,328.078543026989,341.468389259389
2010-10-23,327.787794226544,341.172064814885
2010-10-24,327.71092051967,341.09706360128
2010-10-25,327.396854252798,340.775170708487
2010-10-26,330.353036655013,343.857151073744
2010-10-27,329.513911480657,342.992663100981
2010-10-28,330.758165552694,344.292856749611
2010-10-29,331.399138089089,344.963853433151
2010-10-30,331.418654654378,344.989216685649
2010-10-31,330.727424743763,344.274794726531
2010-11-01,329.795708638072,343.309992114271
2010-11-02,330.653745018196,344.208248472102
2010-11-03,331.576048276358,345.172183101277
2010-11-04,335.845041821974,349.615108089595
2010-11-05,344.481961819924,358.55417441492
2010-11-06,348.177445897441,362.35814343179
2010-11-07,350.74413604112,365.020836705578
2010-11-08,351.137483259957,365.434083938857
2010-11-09,348.564460508919,362.763209690361
2010-11-10,352.89700100573,367.27756448638
2010-11-11,354.601491699361,369.045967703007
2010-11-12,346.857360522974,361.01099169119
2010-11-13,347.673083800123,361.865312847697
2010-11-14,349.245259638521,363.505042846617
2010-11-15,350.13980706555,364.439343524916
2010-11-16,338.499341393735,352.344362705267
2010-11-17,345.606982121127,359.74790931206
2010-11-18,348.147091649951,362.369955200136
2010-11-19,347.441224639782,361.643219747618
2010-11-20,347.365049377983,361.569274147794
2010-11-21,347.208270112339,361.411437305186
2010-11-22,347.042800288785,361.244547392208
2010-11-23,342.55153497576,356.574841842362
2010-11-24,356.765236758485,371.375701479805
2010-11-25,358.835641830615,373.493239058637
2010-11-26,355.65318017273,370.195508726305
2010-11-27,355.445571309906,369.984902885845
2010-11-28,355.302983807351,369.84196941743
2010-11-29,355.064649229284,369.599369491191
2010-11-30,358.930485975631,373.628921502338
2010-12-01,366.450435070608,381.420048784778
2010-12-02,376.462903234458,391.741149759957
2010-12-03,377.086645734996,392.387407089297
2010-12-04,376.136792815199,391.405641687964
2010-12-05,375.240748273481,390.479037658476
2010-12-06,374.301345857256,389.507283946254
2010-12-07,372.389663881268,387.523670209109
2010-12-08,378.775304084991,394.174536084796
2010-12-09,380.537169477395,395.998293250083
2010-12-10,381.411131132397,396.91151155398
2010-12-11,382.741282959438,398.299973724662
2010-12-12,384.109764083759,399.727462309398
2010-12-13,385.446305178677,401.12175320124
2010-12-14,377.591661296911,392.967808487228
2010-12-15,376.8845897069,392.237763820949
2010-12-16,383.247773914328,398.865976693529
2010-12-17,381.154767924445,396.711610847343
2010-12-18,382.785230483841,398.414514787511
2010-12-19,386.471728688564,402.24918936509
2010-12-20,388.306009661251,404.155176284172
2010-12-21,395.234816246243,411.355786996754
2010-12-22,399.390406706244,415.64908849765
2010-12-23,402.35019478845,418.719685827305
2010-12-24,400.602370145084,416.913573469198
2010-12-25,399.520796770001,415.794151937668
2010-12-26,398.384060326428,414.617276273591
2010-12-27,397.308699578225,413.504252299281
2010-12-28,395.277944403352,411.396849373415
2010-12-29,401.854681475278,418.247875496363
2010-12-30,392.707646057583,408.811844475031
2010-12-31,390.172183919884,406.178414937275
2011-01-01,392.460520831787,408.566610207839
2011-01-02,394.607193122015,410.800854856281
2011-01-03,396.24802117254,412.51043748028
2011-01-04,392.771723908766,408.905074710901
2011-01-05,402.566074553287,419.107804511651
2011-01-06,408.744959602032,425.468312010955
2011-01-07,414.909923328813,431.844312974922
2011-01-08,414.749429451553,431.684809885571
2011-01-09,414.540365005924,431.4736245368
2011-01-10,414.242731260028,431.170243324369
2011-01-11,415.741631595568,432.736797484816
2011-01-12,425.198015845942,442.568259723694
2011-01-13,414.436912112455,431.498238159491
2011-01-14,406.802880713358,423.556341786416
2011-01-15,407.136489885677,423.909986803945
2011-01-16,407.463944939743,424.257083927496
2011-01-17,407.755119234879,424.566430389839
2011-01-18,409.199290176823,426.075819387781
2011-01-19,397.338568337651,413.754072256876
2011-01-20,390.422178881549,406.558038088423
2011-01-21,390.841834109576,407.001005019711
2011-01-22,392.061275648946,408.27613926535
2011-01-23,393.159850618988,409.424343485416
2011-01-24,392.905026143268,409.165338366293
2011-01-25,390.717599685534,406.893360985788
2011-01-26,390.323515752799,406.488886933735
2011-01-27,389.713430973083,405.859468281961
2011-01-28,378.89448474904,394.598207775446
2011-01-29,379.860238489459,395.609744920392
2011-01-30,380.965327220028,396.764923166996
2011-01-31,382.181095237029,398.035033113469
2011-02-01,390.932393884354,407.140658154602
2011-02-02,389.994631022928,406.18080652434
2011-02-03,391.654639334947,407.915723441267
2011-02-04,398.755415811397,415.301588029824
2011-02-05,401.692552138875,418.339491976615
2011-02-06,404.681255059074,421.446995693254
2011-02-07,407.257063025492,424.125867902089
2011-02-08,406.470566924628,423.315599808828
2011-02-09,401.730695301722,418.38546795056
2011-02-10,399.961680965028,416.549231882307
2011-02-11,406.53960341568,423.406056237292
2011-02-12,410.421211720153,427.422125624906
2011-02-13,413.648716990115,430.773902785705
2011-02-14,415.103958427779,432.289813587403
2011-02-15,410.375645736922,427.380696443956
2011-02-16,414.952271972735,432.153266565077
2011-02-17,416.299257201381,433.554660435949
2011-02-18,414.728270975866,431.927595052051
2011-02-19,412.999586855665,430.133614399812
2011-02-20,411.119814211862,428.182231974663
2011-02-21,409.66910553906,426.677656246698
2011-02-22,397.469644150102,413.978011851854
2011-02-23,389.031681382695,405.195693085586
2011-02-24,384.558553636504,400.542688813727
2011-02-25,393.539503676182,409.90284494461
2011-02-26,395.40201884648,411.826589048743
2011-02-27,395.480631298952,411.914322134984
2011-02-28,395.454495713532,411.893174690435
2011-03-01,390.881897051494,407.136582513586
2011-03-02,390.496921185059,406.741634678051
2011-03-03,396.702511037462,413.211418550733
2011-03-04,389.827589476488,406.112552766584
2011-03-05,386.562560354626,402.717155420417
2011-03-06,382.810796539419,398.814577122504
2011-03-07,380.566096020059,396.481948840207
2011-03-08,389.13832411496,405.418504743502
2011-03-09,386.882394194387,403.099978878623
2011-03-10,378.114367727887,393.970333159785
2011-03-11,380.718809941821,396.689791310005
2011-03-12,377.328832070972,393.17552916504
2011-03-13,369.791672474911,385.327618469874
2011-03-14,365.154273862255,380.501064848444
2011-03-15,352.004213156162,366.803935877132
2011-03-16,343.414787877182,357.858772423734
2011-03-17,349.57244248448,364.280691150128
2011-03-18,347.417526392067,362.060209218447
2011-03-19,349.984131184645,364.740318497358
2011-03-20,352.529027892786,367.388112169516
2011-03-21,354.694029728979,369.641645955506
2011-03-22,356.404976909276,371.424694767428
2011-03-23,360.783242451381,375.98199684224
2011-03-24,368.088101005462,383.554033242193
2011-03-25,370.463434006884,386.010450992663
2011-03-26,371.094086195438,386.671167390454
2011-03-27,371.725387878025,387.334102333279
2011-03-28,372.271055283499,387.907908078565
2011-03-29,372.526702335022,388.179812136433
2011-03-30,378.711971554875,394.628426789797
2011-03-31,372.94669960315,388.675680596798
2011-04-01,380.889409648205,396.959121735518
2011-04-02,380.968231433783,397.046174215562
2011-04-03,379.333521043543,395.348529922519
2011-04-04,378.428080802325,394.410711068623
2011-04-05,381.5623029624,397.683130346745
2011-04-06,377.790936087948,393.774460262193
2011-04-07,376.839264475518,392.788348262001
2011-04-08,374.005421717667,389.840373238785
2011-04-09,372.939816263312,388.735424380292
2011-04-10,371.787056173897,387.539586129105
2011-04-11,370.437182011786,386.138259575465
2011-04-12,359.662899359704,374.912975576527
2011-04-13,361.506788501631,376.840511141522
2011-04-14,364.910787715481,380.385306363803
2011-04-15,363.082494997115,378.49386466253
2011-04-16,362.334606926797,377.719739328791
2011-04-17,361.085555579021,376.423156989023
2011-04-18,360.414662984183,375.729256667782
2011-04-19,362.992922780703,378.422539529952
2011-04-20,366.82051857396,382.404144185924
2011-04-21,369.406694988523,385.091737606606
2011-04-22,369.01897619015,384.694519709598
2011-04-23,368.186166029042,383.831903325436
2011-04-24,367.095498850889,382.700449721748
2011-04-25,366.258954755792,381.833892111566
2011-04-26,370.120741496368,385.865437291537
2011-04-27,369.770979512569,385.5082908657
2011-04-28,369.622982661269,385.359591381454
2011-04-29,368.435762323024,384.127393930725
2011-04-30,369.523261545205,385.266776810174
2011-05-01,370.479467652473,386.267829249019
2011-05-02,371.351215138248,387.181159103239
2011-05-03,368.473868313531,384.190301152535
2011-05-04,357.034825953396,372.268958015526
2011-05-05,352.486389330565,367.531911966431
2011-05-06,369.81366358559,385.604211944492
2011-05-07,370.922332491809,386.738601181501
2011-05-08,371.411648474502,387.253751687242
2011-05-09,372.46462136919,388.356617538337
2011-05-10,380.953879439752,397.201165273637
2011-05-11,376.879661607962,393.006169637572
2011-05-12,383.198648031756,399.601274678095
2011-05-13,372.398565219952,388.437612774749
2011-05-14,372.797978580807,388.859889094479
2011-05-15,375.536379777587,391.720392754213
2011-05-16,375.847183317089,392.049104236108
2011-05-17,370.575604289306,386.558273906827
2011-05-18,374.644614267479,390.808405146173
2011-05-19,374.29560225585,390.45198168704
2011-05-20,371.503378036696,387.544920044118
2011-05-21,370.305340089699,386.300787874698
2011-05-22,370.992962499395,387.023735701304
2011-05-23,369.550728291035,385.526221482466
2011-05-24,367.885754877098,383.794885693233
2011-05-25,370.549432167321,386.579341312827
2011-05-26,370.03967420109,386.05507199028
2011-05-27,371.837163998767,387.936014985991
2011-05-28,371.688074966532,387.786523145639
2011-05-29,371.525520191902,387.622617347583
2011-05-30,371.37606976539,387.472377133136
2011-05-31,375.062600360669,391.324365740159
2011-06-01,364.878547469433,380.756760165615
2011-06-02,356.880749291658,372.416512027161
2011-06-03,352.788618433671,368.151697010055
2011-06-04,349.033991104153,364.238967806732
2011-06-05,345.320564367125,360.369114439427
2011-06-06,342.312679780206,357.235437706016
2011-06-07,340.968578613607,355.837973259445
2011-06-08,337.955177801858,352.698355387093
2011-06-09,340.126085458092,354.969085033216
2011-06-10,336.25497278529,350.947057631216
2011-06-11,339.047420165106,353.866575229109
2011-06-12,341.292834921217,356.205602311251
2011-06-13,342.125536599764,357.076997296096
2011-06-14,346.377156267147,361.514250411432
2011-06-15,343.243578457192,358.268998473588
2011-06-16,346.63435638969,361.813401720548
2011-06-17,340.723977637387,355.679634879531
2011-06-18,341.25929501911,356.243605697077
2011-06-19,341.843617496366,356.858267688392
2011-06-20,342.366637810637,357.408965126124
2011-06-21,346.281746819546,361.498148079709
2011-06-22,344.37871448147,359.527962079651
2011-06-23,344.061912815493,359.202482932999
2011-06-24,341.706078130626,356.748246656545
2011-06-25,342.398527623304,357.476419209035
2011-06-26,343.687472287857,358.825988163217
2011-06-27,345.043056752886,360.24387958952
2011-06-28,349.937946270079,365.34964720182
2011-06-29,351.129395663947,366.590202676171
2011-06-30,358.824339144134,374.615735261951
2011-07-01,363.873805488484,379.836541072621
2011-07-02,365.025594907033,381.036206577752
2011-07-03,366.021550047145,382.079801668137
2011-07-04,366.362173418602,382.440492645908
2011-07-05,367.003165516564,383.114925934484
2011-07-06,372.089841569238,388.425878600271
2011-07-07,381.408955736781,398.093315920482
2011-07-08,376.850241380388,393.398348099531
2011-07-09,374.19873565783,390.636218063337
2011-07-10,372.571844075555,388.943636999831
2011-07-11,371.014769662272,387.323887518487
2011-07-12,369.675303355739,385.9311985048
2011-07-13,372.380991585618,388.761435596022
2011-07-14,360.793709264821,376.714005377022
2011-07-15,364.746341750893,380.846490510526
2011-07-16,364.760579947259,380.866776955714
2011-07-17,362.24740404106,378.24817791965
2011-07-18,360.986257344726,376.936778748332
2011-07-19,364.982042399331,381.114569202631
2011-07-20,366.913424026383,383.125810297604
2011-07-21,376.105560182061,392.704667464275
2011-07-22,370.523843858011,386.953162996374
2011-07-23,369.701929176124,386.100467435055
2011-07-24,367.695532381036,384.010728261087
2011-07-25,366.905361752558,383.191107019895
2011-07-26,363.692710213515,379.841458902039
2011-07-27,353.358820867773,369.054285598356
2011-07-28,359.333992755759,375.300270283629
2011-07-29,355.559383660373,371.396202126472
2011-07-30,352.307181892352,368.004576482427
2011-07-31,347.91245091966,363.419431630941
2011-08-01,344.671923510013,360.039788319618
2011-08-02,341.896843838597,357.146249732746
2011-08-03,330.810893977978,345.571079566668
2011-08-04,306.999549138219,320.702389169756
2011-08-05,301.354250107096,314.809820046689
2011-08-06,290.948439105488,303.944006382304
2011-08-07,278.833348978552,291.292238805753
2011-08-08,268.492459106359,280.493569870384
2011-08-09,278.338964725868,290.784277620125
2011-08-10,261.285985725817,273.28815946956
2011-08-11,284.945605169517,298.038591588812
2011-08-12,286.680394139716,299.781924587068
2011-08-13,290.859786962076,304.144538221833
2011-08-14,294.82828757424,308.269041490682
2011-08-15,296.275314790368,309.776474423522
2011-08-16,291.145526123194,304.430420272445
2011-08-17,288.584197217746,301.756682688168
2011-08-18,268.67455859079,280.942692668308
2011-08-19,259.68582646027,271.547637869986
2011-08-20,259.149579000025,270.990875974422
2011-08-21,258.723316826189,270.549108298572
2011-08-22,258.22214193479,270.028992814402
2011-08-23,268.306176524374,280.578064987551
2011-08-24,273.214640736137,285.618566828743
2011-08-25,267.52076148426,279.721857817384
2011-08-26,271.930722784735,284.337049104731
2011-08-27,275.462586958579,288.004209569028
2011-08-28,278.729671391439,291.402659552513
2011-08-29,282.182675000466,294.995993884918
2011-08-30,288.414574287186,301.475715170917
2011-08-31,294.249931389401,307.514545683354
2011-09-01,298.02726773801,311.428280427831
2011-09-02,286.052916574665,298.997889115373
2011-09-03,283.545459511895,296.381350323768
2011-09-04,282.11973284344,294.895425321665
2011-09-05,279.646236513759,292.314247793949
2011-09-06,275.709417983125,288.203374294028
2011-09-07,293.149780319096,306.438291009137
2011-09-08,291.504968563694,304.774415004049
2011-09-09,284.098998198301,297.035798830682
2011-09-10,284.127528911496,297.069990383975
2011-09-11,283.834964317074,296.768472482382
2011-09-12,283.79163528034,296.727526068427
2011-09-13,289.085846654631,302.267367937357
2011-09-14,289.164989197663,302.353749964112
2011-09-15,297.949470174944,311.542018444859
2011-09-16,303.42596148665,317.188415386345
2011-09-17,302.674674904892,316.414530911469
2011-09-18,298.521066295088,312.076988586479
2011-09-19,297.672297174317,311.194234001551
2011-09-20,297.213899743176,310.71956316787
2011-09-21,288.458133671692,301.570457021215
2011-09-22,270.269407729219,282.559341796276
2011-09-23,271.900167142404,284.268376298432
2011-09-24,272.868767858667,285.28213792232
2011-09-25,273.641357105542,286.092607564044
2011-09-26,274.50926752194,287.002897064429
2011-09-27,287.876150659244,300.960220751638
2011-09-28,278.202827422116,291.085658942084
2011-09-29,282.259216822741,295.334136237268
2011-09-30,274.540639830767,287.320360328279
2011-10-01,270.441215401458,283.034267697697
2011-10-02,267.215062066542,279.662011269652
2011-10-03,266.663285265457,279.088611619178
2011-10-04,270.74271296642,283.362198063459
2011-10-05,274.351586042609,287.114927927441
2011-10-06,291.617845543492,305.071443307399
2011-10-07,287.110895689148,300.498750148296
2011-10-08,288.423589757727,301.877054437758
2011-10-09,291.934349653908,305.547599237098
2011-10-10,294.946944386865,308.686234610551
2011-10-11,296.468057195714,310.274632192716
2011-10-12,298.031988095686,311.911762895869
2011-10-13,297.429764417111,311.287691006169
2011-10-14,301.958392986866,316.03188076981
2011-10-15,300.715649368122,314.745574163713
2011-10-16,298.274800098941,312.195458588193
2011-10-17,297.310518890287,311.190742418863
2011-10-18,302.876678315373,317.021321300474
2011-10-19,295.731515864436,309.615849846137
2011-10-20,291.041924182682,304.710619844228
2011-10-21,304.366412954025,318.665351043324
2011-10-22,308.807090755339,323.217418066847
2011-10-23,311.737823917467,326.268495422941
2011-10-24,312.014867334578,326.561864202907
2011-10-25,302.495611194288,316.608021051486
2011-10-26,304.550191992766,318.763092661691
2011-10-27,324.542880069375,339.622734481337
2011-10-28,321.81151106882,336.856750797233
2011-10-29,320.658718285255,335.654998224536
2011-10-30,316.542675809627,331.351369826522
2011-10-31,311.224120601376,325.788852657874
2011-11-01,306.632949216398,320.987601841458
2011-11-02,305.866987017577,320.190492021425
2011-11-03,315.053107800446,329.811475633851
2011-11-04,314.666989977894,329.417930638391
2011-11-05,315.225682650406,330.007641352026
2011-11-06,316.277465523973,331.112598647035
2011-11-07,317.119211241239,331.99720132209
2011-11-08,320.002956441412,335.017046576161
2011-11-09,310.15440785099,324.757685495867
2011-11-10,308.130079306839,322.642820185426
2011-11-11,320.059096753683,335.138435478682
2011-11-12,318.702642806755,333.749362465556
2011-11-13,317.020708575206,331.992935130433
2011-11-14,315.091387322568,329.977385070287
2011-11-15,318.828564218883,333.895977030952
2011-11-16,314.778414329457,329.684191124058
2011-11-17,306.70841849149,321.236916928081
2011-11-18,298.517850733486,312.663096133974
2011-11-19,295.355857908271,309.355878378186
2011-11-20,292.866705282882,306.753297551736
2011-11-21,289.765341184352,303.509395238584
2011-11-22,284.779454081778,298.291490620376
2011-11-23,278.304737237835,291.513959960263
2011-11-24,277.778153481992,290.966676354147
2011-11-25,282.05614319742,295.452059835602
2011-11-26,285.803348908724,299.351735124378
2011-11-27,290.409781574717,304.149700712085
2011-11-28,294.469287016335,308.372369383189
2011-11-29,298.994805363776,313.08384875247
2011-11-30,317.386153312045,332.202420272231
2011-12-01,316.483254630297,331.289057660266
2011-12-02,317.209483295276,332.054146093613
2011-12-03,319.555348928582,334.511834876598
2011-12-04,323.032630328453,338.14339844912
2011-12-05,326.390712270736,341.644693378468
2011-12-06,324.904206753916,340.101641518743
2011-12-07,328.031032730313,343.379728651054
2011-12-08,314.585497072901,329.37730942398
2011-12-09,320.553632034744,335.630914930016
2011-12-10,320.449154728245,335.527417379175
2011-12-11,318.942373578956,333.954680175523
2011-12-12,317.415830744969,332.361204950264
2011-12-13,315.596507506648,330.461077140958
2011-12-14,313.800841008224,328.585721190132
2011-12-15,313.728142307009,328.514458519718
2011-12-16,313.933301889393,328.73413961555
2011-12-17,312.479290717523,327.216947173072
2011-12-18,310.010234739123,324.636282491634
2011-12-19,308.426062687165,322.982164675996
2011-12-20,321.388069119738,336.560686825866
2011-12-21,323.872253082081,339.114469257357
2011-12-22,329.099173659861,344.572155086235
2011-12-23,333.61684466652,349.269917322586
2011-12-24,333.531785705319,349.186578135011
2011-12-25,333.484013573468,349.141748184233
2011-12-26,333.42305919465,349.083115007363
2011-12-27,333.313699416657,348.97379539397
2011-12-28,324.478014537216,339.72816733234
2011-12-29,338.62154775341,354.541476526068
2011-12-30,338.72354125346,354.651098971679
2011-12-31,339.421975028201,355.387495442749
2012-01-01,340.003284607192,356.000767260728
2012-01-02,340.692172726692,356.726710280979
2012-01-03,348.696734874812,365.104693119526
2012-01-04,350.806424301892,367.293612864095
2012-01-05,353.259000415197,369.859288471857
2012-01-06,353.132881045203,369.73314698255
2012-01-07,354.514970369344,371.18568694011
2012-01-08,355.708920953339,372.438811722403
2012-01-09,356.553124107134,373.326736874196
2012-01-10,361.660470985004,378.673486641236
2012-01-11,365.064698491465,382.218222593625
2012-01-12,366.116035938478,383.319496070814
2012-01-13,360.700567596396,377.663376141234
2012-01-14,362.252887854471,379.294299209279
2012-01-15,365.375561902164,382.562415571713
2012-01-16,367.153696260886,384.421866365082
2012-01-17,367.029274618752,384.297583378129
2012-01-18,371.10346026513,388.569145039014
2012-01-19,373.210494683382,390.768906830028
2012-01-20,375.468793147438,393.132571492747
2012-01-21,375.468477136712,393.13803173229
2012-01-22,373.529864559256,391.114047670495
2012-01-23,372.934453102917,390.496409650038
2012-01-24,370.627227126789,388.086319292118
2012-01-25,377.664803033564,395.461167072889
2012-01-26,371.271026592671,388.834334418787
2012-01-27,369.058555101148,386.522964632384
2012-01-28,367.666557958604,385.070828095438
2012-01-29,366.748627848722,384.11515419126
2012-01-30,366.313337110176,383.664944839415
2012-01-31,364.92954589071,382.221293164652
2012-02-01,374.522731208015,392.274712560985
2012-02-02,381.740000757401,399.74281112488
2012-02-03,385.578456359459,403.731019219317
2012-02-04,387.1043492438,405.326848599673
2012-02-05,390.711752654794,409.102625167956
2012-02-06,392.262150208229,410.724521575304
2012-02-07,390.69349229691,409.091338550434
2012-02-08,384.021190393978,402.110908465936
2012-02-09,384.873845587642,403.009693839477
2012-02-10,381.109147164406,399.077982998057
2012-02-11,381.696041748754,399.698473150188
2012-02-12,382.900879629492,400.965065164795
2012-02-13,383.39167688031,401.484133225731
2012-02-14,385.008685451324,403.182288788658
2012-02-15,391.348910707666,409.813720930959
2012-02-16,400.067910273898,418.876294962506
2012-02-17,394.85641190295,413.4844552845
2012-02-18,394.270266866943,412.876787444005
2012-02-19,393.675849601484,412.260448329948
2012-02-20,393.329211180457,411.903560211072
2012-02-21,394.802771538794,413.452814799367
2012-02-22,391.397492197558,409.899498776907
2012-02-23,389.601518372934,408.024700792476
2012-02-24,387.135540409495,405.448166190934
2012-02-25,386.960689407728,405.271062634035
2012-02-26,386.549565797742,404.846499183323
2012-02-27,386.375621833899,404.670324757425
2012-02-28,386.325960889411,404.624313194547
2012-02-29,385.898873420101,404.182997015254
2012-03-01,396.239065870857,415.019114652954
2012-03-02,399.113910270842,417.99687394382
2012-03-03,397.304918361892,416.115125066371
2012-03-04,395.852729422321,414.600353027916
2012-03-05,394.064443903345,412.733529120559
2012-03-06,381.568095543333,399.65128144682
2012-03-07,386.113742925272,404.418290499268
2012-03-08,390.807254918643,409.311219640235
2012-03-09,395.339780873397,414.036105905136
2012-03-10,396.29581740876,415.037745758438
2012-03-11,396.591228602914,415.352890755945
2012-03-12,397.512839195193,416.323886510747
2012-03-13,413.191492387551,432.73137863292
2012-03-14,411.413138095361,430.910369831071
2012-03-15,416.365731036743,436.10406830351
2012-03-16,415.971416852436,435.699912291958
2012-03-17,416.256027412554,436.004488722745
2012-03-18,416.458089717821,436.222521820526
2012-03-19,416.178102462871,435.935794104467
2012-03-20,407.109871265026,426.443520094145
2012-03-21,402.953780414979,422.096390936371
2012-03-22,401.482589792209,420.561569043957
2012-03-23,399.164911184669,418.139992240044
2012-03-24,401.048520131686,420.119345056386
2012-03-25,403.588949071955,422.78049209939
2012-03-26,405.397409084419,424.675222399191
2012-03-27,402.484264729095,421.636629685541
2012-03-28,396.631093378915,415.511190521939
2012-03-29,395.701550409975,414.543568721298
2012-03-30,395.069745748671,413.887819529841
2012-03-31,398.916605730808,417.924051493011
2012-04-01,402.618552848645,421.789772857399
2012-04-02,404.427702810028,423.682613624175
2012-04-03,401.571631902511,420.703496923172
2012-04-04,396.855671080067,415.769101834611
2012-04-05,400.578356274724,419.675369299032
2012-04-06,399.653416865108,418.717019900599
2012-04-07,397.926635089645,416.914090059732
2012-04-08,395.278522356381,414.145805031623
2012-04-09,392.074964709454,410.795485075607
2012-04-10,379.215993919598,397.32862557256
2012-04-11,382.081720773738,400.337127551761
2012-04-12,390.910209830243,409.558496075903
2012-04-13,383.112818160383,401.486750571765
2012-04-14,384.499210522769,402.945589161123
2012-04-15,387.52112954666,406.112685633555
2012-04-16,389.004639089481,407.667285443148
2012-04-17,393.307777390031,412.17429692663
2012-04-18,394.352902808928,413.269611767532
2012-04-19,391.51262357701,410.303152878815
2012-04-20,387.228939152475,405.819967224614
2012-04-21,385.851253587426,404.382164617545
2012-04-22,381.807398138828,400.150101882466
2012-04-23,380.38693936336,398.667337131115
2012-04-24,382.92484160534,401.333123324978
2012-04-25,387.705356471127,406.332686458915
2012-04-26,391.829577495844,410.634474845637
2012-04-27,394.261568777958,413.175924816205
2012-04-28,394.018276985611,412.927837839654
2012-04-29,393.565312844551,412.459263174384
2012-04-30,393.45666214429,412.3515154014
2012-05-01,397.481904163652,416.576185667931
2012-05-02,397.603848262111,416.709457416148
2012-05-03,393.802385686654,412.732177949785
2012-05-04,381.945447033227,400.311408047525
2012-05-05,382.30581934944,400.695054619536
2012-05-06,384.129647320024,402.611614388533
2012-05-07,384.539951383014,403.046579340788
2012-05-08,378.647966087523,396.880384464608
2012-05-09,376.726290786655,394.872069559145
2012-05-10,378.867306028978,397.122071065336
2012-05-11,377.580674552805,395.78313725863
2012-05-12,376.133384152866,394.271947746574
2012-05-13,374.060869251277,392.105345452262
2012-05-14,370.92103427575,388.819866633165
2012-05-15,366.145404058286,383.819556876103
2012-05-16,365.224103835073,382.859488564331
2012-05-17,361.176958590505,378.622604910116
2012-05-18,350.786699083583,367.736095736771
2012-05-19,351.572761834645,368.565598586265
2012-05-20,353.928409022888,371.037758888724
2012-05-21,356.75076656603,373.992152696654
2012-05-22,360.772764686681,378.197409144071
2012-05-23,358.152100446821,375.470952813563
2012-05-24,366.757104216739,384.497633064671
2012-05-25,365.922294903754,383.638294814686
2012-05-26,365.918312327963,383.639819221918
2012-05-27,365.98485939732,383.715285331019
2012-05-28,366.303502375965,384.055028080184
2012-05-29,376.266928059424,394.502278753691
2012-05-30,369.102626560357,387.095936126466
2012-05-31,369.099482045678,387.098391860105
2012-06-01,359.094639640361,376.611530688046
2012-06-02,356.665672931057,374.069670720735
2012-06-03,352.506862189146,369.713481718087
2012-06-04,350.354822274376,367.461880282512
2012-06-05,354.989220182318,372.328026937343
2012-06-06,367.240977521346,385.099577374987
2012-06-07,365.759487188333,383.577160970526
2012-06-08,371.407054309276,389.505545621446
2012-06-09,369.41384539711,387.436818539805
2012-06-10,366.818759248093,384.720879667464
2012-06-11,365.315026462695,383.149469673831
2012-06-12,372.404745467187,390.590994297888
2012-06-13,369.735005456621,387.823252944902
2012-06-14,371.34780319788,389.520717669198
2012-06-15,376.644039089505,395.069745814855
2012-06-16,377.032723347181,395.480362322468
2012-06-17,377.314685890316,395.781826809619
2012-06-18,378.012985254384,396.519895293319
2012-06-19,387.228739774335,406.183637777424
2012-06-20,383.969854485356,402.811761016956
2012-06-21,372.062906272591,390.326505246353
2012-06-22,377.623518616375,396.165871711006
2012-06-23,375.57400034787,394.037373467414
2012-06-24,372.02608794064,390.320892546847
2012-06-25,369.824632265731,388.016974506037
2012-06-26,372.048962146464,390.356490867346
2012-06-27,378.841054265167,397.467144369117
2012-06-28,380.884142186175,399.597339820295
2012-06-29,393.240150970658,412.531960122195
2012-06-30,394.240245840536,413.570631390024
2012-07-01,395.093375456101,414.4706040918
2012-07-02,396.109988929566,415.542053386729
2012-07-03,405.037189749447,424.90121143174
2012-07-04,405.355121977393,425.237226209873
2012-07-05,409.533758290096,429.625377187294
2012-07-06,404.322310060959,424.192517621367
2012-07-07,405.178337521781,425.096919242332
2012-07-08,406.028395880492,425.994103831834
2012-07-09,405.67400010004,425.628995278237
2012-07-10,402.951581642802,422.778983095622
2012-07-11,404.435677736954,424.342420665519
2012-07-12,401.267923306542,421.031210911005
2012-07-13,412.670541975933,433.001725211226
2012-07-14,412.823279348721,433.166025165359
2012-07-15,412.969736061395,433.326135469883
2012-07-16,413.127690817613,433.498317984618
2012-07-17,409.062198412648,429.239737335402
2012-07-18,417.813878317828,438.429519605558
2012-07-19,420.515670828954,441.241257098245
2012-07-20,416.236824739004,436.772273724889
2012-07-21,414.089012238067,434.525025197356
2012-07-22,411.969385166808,432.307280270259
2012-07-23,408.502638256917,428.675852294573
2012-07-24,403.843583352895,423.79312898477
2012-07-25,399.796493338626,419.552448464533
2012-07-26,407.797663299917,427.955269684353
2012-07-27,419.672996301801,440.30135577902
2012-07-28,422.067305184695,442.78481209152
2012-07-29,425.769217829016,446.664232893478
2012-07-30,427.623417450986,448.60758738365
2012-07-31,423.397121289458,444.19017866076
2012-08-01,421.23427373519,441.927750946483
2012-08-02,409.225219341859,429.335348113544
2012-08-03,431.278898280144,452.479211231611
2012-08-04,431.355042765434,452.563381202678
2012-08-05,429.675985793197,450.808715984656
2012-08-06,428.428628977336,449.506746792638
2012-08-07,429.575897267848,450.717179717754
2012-08-08,437.082459270809,458.589222607686
2012-08-09,441.701161646961,463.400308575593
2012-08-10,444.861935101034,466.706088182028
2012-08-11,442.885466108532,464.646816861852
2012-08-12,439.385926983132,460.982268424508
2012-08-13,437.333299345085,458.835646891412
2012-08-14,437.73493676441,459.263890312358
2012-08-15,442.667110925754,464.4430246017
2012-08-16,449.195843675234,471.261520456962
2012-08-17,446.011026470453,467.951244002496
2012-08-18,446.725683846238,468.708055871948
2012-08-19,447.566868804762,469.596905295452
2012-08-20,448.304336558544,470.376927762135
2012-08-21,442.032887018786,463.809249955684
2012-08-22,436.642569983985,458.160313442346
2012-08-23,428.421095801403,449.540537457254
2012-08-24,430.915620693512,452.164757422393
2012-08-25,430.489721660838,451.725861927592
2012-08-26,430.037228998708,451.25780713379
2012-08-27,429.250349288686,450.43884425049
2012-08-28,426.263690235915,447.31148756662
2012-08-29,425.556629722216,446.576205200663
2012-08-30,418.22496118436,438.889079752315
2012-08-31,418.217792094166,438.888119582278
2012-09-01,419.676235623021,440.425188110252
2012-09-02,421.560079056571,442.405257452583
2012-09-03,422.615467016797,443.516919164475
2012-09-04,417.764707697862,438.439291054172
2012-09-05,416.314524037531,436.92388960309
2012-09-06,427.551919528451,448.724123620719
2012-09-07,433.344231670769,454.729749247462
2012-09-08,430.271373556841,451.532978941327
2012-09-09,427.393799026989,448.519960968823
2012-09-10,425.437034478139,446.473185541697
2012-09-11,428.117730893483,449.293108872526
2012-09-12,424.391247052742,445.401285118777
2012-09-13,431.086006209467,452.434135590545
2012-09-14,432.465694592757,453.877516518223
2012-09-15,431.830777762285,453.218980838788
2012-09-16,431.029796035653,452.385107135231
2012-09-17,429.920158127465,451.227258413214
2012-09-18,428.509472053754,449.75340914845
2012-09-19,434.671988714685,456.228169460562
2012-09-20,432.730982255695,454.212084334188
2012-09-21,433.370737015854,454.89038958479
2012-09-22,433.881400635214,455.43279829108
2012-09-23,435.106919061634,456.725205349502
2012-09-24,434.440670968912,456.033659114015
2012-09-25,430.553192426079,451.959786142021
2012-09-26,425.639440402682,446.808486646544
2012-09-27,430.708970449632,452.13682918651
2012-09-28,422.51190524754,443.5894225871
2012-09-29,424.605903257376,445.794510100877
2012-09-30,428.257251419191,449.625170425914
2012-10-01,430.41793643012,451.890644266511
2012-10-02,427.407979526408,448.745172752134
2012-10-03,428.430910937164,449.825883752402
2012-10-04,431.345944539447,452.889479454264
2012-10-05,431.607746155318,453.170144951375
2012-10-06,431.555457039794,453.12203602052
2012-10-07,430.590351491535,452.115472724876
2012-10-08,428.623105585362,450.056651627268
2012-10-09,421.492300673249,442.575991899804
2012-10-10,420.556455992601,441.599956278107
2012-10-11,421.177793553413,442.258994498091
2012-10-12,416.297626826525,437.145038012471
2012-10-13,416.915362772118,437.80024709764
2012-10-14,418.273982978718,439.232373085332
2012-10-15,419.796385581142,440.834982877253
2012-10-16,425.071190571296,446.370588917736
2012-10-17,426.879805570624,448.264622034071
2012-10-18,427.206543557324,448.613669580997
2012-10-19,422.176141661178,443.340018892591
2012-10-20,421.382178141369,442.512879033782
2012-10-21,420.442960626976,441.533183482518
2012-10-22,419.662955820448,440.720659759891
2012-10-23,410.658628522346,431.271107133827
2012-10-24,413.79190391323,434.568105501956
2012-10-25,413.240051276259,433.997184138444
2012-10-26,416.354409662754,437.27447332986
2012-10-27,415.679445799976,436.574734904322
2012-10-28,415.227144471901,436.106230972341
2012-10-29,415.074671884188,435.95261823358
2012-10-30,414.193719618922,435.03387087039
2012-10-31,412.101347698329,432.842734810241
2012-11-01,420.165134943505,441.318856258711
2012-11-02,424.69152941933,446.033868602616
2012-11-03,426.12050894968,447.533365120999
2012-11-04,427.405255464717,448.887074867631
2012-11-05,427.735720867447,449.240310694532
2012-11-06,431.390455455168,453.083956265736
2012-11-07,422.611217678384,443.909130978282
2012-11-08,414.946083893434,435.864351148162
2012-11-09,416.960775753341,437.987126203001
2012-11-10,415.830874013114,436.809650730302
2012-11-11,414.234029533616,435.13878307768
2012-11-12,413.103584298521,433.957801233367
2012-11-13,413.580679206833,434.46547421567
2012-11-14,403.328763198534,423.7087697488
2012-11-15,398.957094688521,419.122547472555
2012-11-16,398.891314498657,419.059713785271
2012-11-17,402.818853809566,423.192105882362
2012-11-18,410.266837648266,430.984738445495
2012-11-19,414.075474862344,434.955972876327
2012-11-20,411.449957870751,432.217001475366
2012-11-21,413.623287145479,434.506491335058
2012-11-22,411.93702752738,432.746243259194
2012-11-23,420.015538021703,441.239319024612
2012-11-24,418.502160644709,439.67123011589
2012-11-25,416.795175739824,437.884477137384
2012-11-26,415.105632658065,436.115996658682
2012-11-27,413.626273116819,434.56828699586
2012-11-28,420.192143037688,441.473099661129
2012-11-29,420.95182534949,442.271475956549
2012-11-30,422.251851463855,443.642703824513
2012-12-01,421.108987279297,442.450427699575
2012-12-02,419.13547314369,440.383516575249
2012-12-03,417.03113349298,438.179092817423
2012-12-04,414.628031365658,435.660686900026
2012-12-05,418.254394857989,439.477517954549
2012-12-06,420.316145119187,441.640960700319
2012-12-07,432.419015270919,454.333279819666
2012-12-08,432.396539237567,454.316542330422
2012-12-09,432.173338572706,454.088828342242
2012-12-10,431.973113220561,453.885248532018
2012-12-11,432.885871964251,454.851104404666
2012-12-12,431.906511449407,453.829946803512
2012-12-13,427.05136960841,448.735147442573
2012-12-14,425.639176637357,447.257969870216
2012-12-15,424.851895129464,446.437392410071
2012-12-16,424.802952105249,446.392647397318
2012-12-17,425.608835312953,447.246166922649
2012-12-18,432.135122997469,454.104288666345
2012-12-19,425.357184244901,447.04224650919
2012-12-20,430.564078979715,452.521290143877
2012-12-21,425.990675966362,447.750484707415
2012-12-22,425.232476593413,446.96025413431
2012-12-23,424.500944557943,446.198036276887
2012-12-24,423.996409561554,445.674397551352
2012-12-25,423.692179574989,445.361281729938
2012-12-26,420.919445251124,442.453410531284
2012-12-27,420.606521601928,442.131096747787
2012-12-28,421.317151135719,442.88471509804
2012-12-29,422.689679194532,444.33286913617
2012-12-30,425.619734852811,447.41451254225
2012-12-31,427.000425963991,448.867526790629
2013-01-01,424.884716592279,446.653773858116
2013-01-02,440.97097374803,463.570900132933
2013-01-03,450.534702414633,473.447823256664
2013-01-04,459.527627401889,482.80815778237
2013-01-05,458.685616023008,481.939037273377
2013-01-06,457.287818177405,480.477591122635
2013-01-07,455.479311272323,478.58457128509
2013-01-08,448.952466920934,471.733802841119
2013-01-09,454.162967557324,477.215765864916
2013-01-10,457.164563704661,480.358604774152
2013-01-11,447.62597910445,470.375930933838
2013-01-12,445.661535801108,468.318689037779
2013-01-13,443.75337400236,466.320530292267
2013-01-14,442.939076034055,465.471802839609
2013-01-15,444.551601509815,467.173332701889
2013-01-16,445.548496887024,468.226003102978
2013-01-17,443.730406605747,466.32452779786
2013-01-18,448.552076872669,471.398690863919
2013-01-19,448.768392783665,471.631763990273
2013-01-20,448.875254003899,471.751097554975
2013-01-21,449.101500296009,471.995900061426
2013-01-22,451.913999796503,474.95803854783
2013-01-23,450.447148432686,473.428262582978
2013-01-24,450.507179651726,473.498446621067
2013-01-25,447.333524235333,470.170202521385
2013-01-26,447.177210165243,470.012953830913
2013-01-27,446.847028966485,469.672944476621
2013-01-28,446.855982118031,469.689391545677
2013-01-29,452.705284577992,475.844429814974
2013-01-30,444.703542667947,467.495187606906
2013-01-31,441.999891625047,464.659974294132
2013-02-01,442.467573019215,465.158585425411
2013-02-02,441.938543208953,464.609683610006
2013-02-03,439.468321362288,462.01969229852
2013-02-04,439.028098281864,461.563801567549
2013-02-05,442.483551624347,465.203532249606
2013-02-06,445.187196454178,468.041746604255
2013-02-07,439.403775153388,461.986804840907
2013-02-08,455.568462059064,478.989193449749
2013-02-09,454.384594386081,477.773403476266
2013-02-10,452.733085562938,476.044041913307
2013-02-11,451.472480438795,474.725654381924
2013-02-12,452.93358301896,476.269120646625
2013-02-13,451.032117242002,474.280056308285
2013-02-14,460.267983558209,483.999076094393
2013-02-15,457.830964321965,481.469223818382
2013-02-16,457.512721318567,481.14176243945
2013-02-17,456.815620286568,480.415863254968
2013-02-18,456.664011935011,480.263623193172
2013-02-19,463.320580767834,487.271378285325
2013-02-20,456.861000622476,480.533969680978
2013-02-21,457.723654911489,481.448519338511
2013-02-22,463.490696535812,487.515836326906
2013-02-23,460.147507511068,484.028437592312
2013-02-24,454.277026994699,477.860532467926
2013-02-25,449.225551309155,472.5539748731
2013-02-26,460.762483200354,484.697095291618
2013-02-27,467.624860810307,491.832457762362
2013-02-28,469.625450938416,493.928742416173
2013-03-01,476.768300418349,501.432684967816
2013-03-02,476.727634614361,501.397593761374
2013-03-03,476.78971293403,501.470397773874
2013-03-04,476.849383574732,501.540658652015
2013-03-05,484.941258236691,510.058336748825
2013-03-06,487.416911335643,512.647922590431
2013-03-07,490.773104376652,516.176589371703
2013-03-08,488.013731166821,513.29197542306
2013-03-09,491.411679237906,516.873621772085
2013-03-10,496.469574832031,522.182762530369
2013-03-11,498.645224526173,524.467187688388
2013-03-12,492.516339906496,518.042777015936
2013-03-13,495.16115789257,520.832430736716
2013-03-14,504.683877711837,530.829645445505
2013-03-15,495.160605700769,520.914951061184
2013-03-16,495.015071645348,520.76964029688
2013-03-17,497.816349803414,523.724463126065
2013-03-18,497.564142997903,523.46766845228
2013-03-19,493.22258873152,518.907930098632
2013-03-20,498.060359127838,524.005402236229
2013-03-21,495.660442783313,521.50053386643
2013-03-22,495.442943841597,521.279501768215
2013-03-23,495.002594859977,520.82399636751
2013-03-24,494.120134746015,519.903304696374
2013-03-25,493.771394268032,519.54414986293
2013-03-26,503.959818902263,530.272152638701
2013-03-27,510.10173853952,536.677028583683
2013-03-28,510.766537339662,537.380227502041
2013-03-29,510.078461548585,536.664806156774
2013-03-30,508.125296824977,534.617867951998
2013-03-31,505.253183538504,531.60400867985
2013-04-01,503.67083719258,529.947100025009
2013-04-02,508.023985428506,534.53528498038
2013-04-03,502.45937022542,528.713391615771
2013-04-04,500.239552049332,526.385500233396
2013-04-05,487.567068965588,513.05854812208
2013-04-06,485.686912009298,511.087770972297
2013-04-07,485.490776060899,510.889024522552
2013-04-08,486.120540146433,511.559382573338
2013-04-09,489.815532945871,515.452789053488
2013-04-10,499.064313562407,525.156450543261
2013-04-11,503.456045892122,529.742877359607
2013-04-12,503.826263112625,530.138597279023
2013-04-13,497.7779982095,523.784829595823
2013-04-14,490.616945023048,516.257475597201
2013-04-15,484.430751164439,509.755710687437
2013-04-16,486.1120476016,511.532527962913
2013-04-17,474.537018213653,499.381120513901
2013-04-18,476.105445999786,501.039140017167
2013-04-19,477.736083902416,502.759786478103
2013-04-20,479.846345349077,504.984257015728
2013-04-21,482.819850681897,508.114130600219
2013-04-22,486.456077258436,511.936594993612
2013-04-23,499.851383160035,525.988508788698
2013-04-24,503.984416859645,530.287332652259
2013-04-25,504.625408467088,530.966934413483
2013-04-26,509.616175651545,536.222744278591
2013-04-27,508.541125969962,535.105043742461
2013-04-28,506.629774539946,533.101863660467
2013-04-29,508.040077412033,534.593833355073
2013-04-30,517.483405928025,544.524725917528
2013-05-01,506.793058304872,533.386267771143
2013-05-02,504.204479865245,530.66984117711
2013-05-03,518.492683078638,545.71596740856
2013-05-04,518.754481468721,545.995585091752
2013-05-05,518.977483561138,546.238407443418
2013-05-06,519.185639559768,546.465615116405
2013-05-07,526.337274790624,553.999544373149
2013-05-08,532.672380298892,560.63034369293
2013-05-09,527.470719599234,555.196150309639
2013-05-10,538.90179737512,567.236394617409
2013-05-11,539.275601191206,567.633929087942
2013-05-12,539.770283006742,568.162922810949
2013-05-13,540.18724843031,568.610103122532
2013-05-14,546.082451656873,574.821487238145
2013-05-15,559.117270117664,588.476520287338
2013-05-16,555.107969436524,584.313976774038
2013-05-17,560.170875837959,589.65201036602
2013-05-18,562.205620548268,591.792851085997
2013-05-19,563.959786592928,593.644804171481
2013-05-20,565.545095862699,595.319790019102
2013-05-21,565.916630619075,595.719213861217
2013-05-22,556.018020464477,585.311841907125
2013-05-23,543.666514982804,572.31835897341
2013-05-24,539.099806231091,567.51954724448
2013-05-25,538.553653186115,566.953092876661
2013-05-26,537.793703641947,566.161560570505
2013-05-27,537.263547187755,565.611912478284
2013-05-28,542.451070924486,571.081613064864
2013-05-29,535.206773562393,563.500021569664
2013-05-30,537.050806271578,565.449971123806
2013-05-31,518.508365130864,545.969324641905
2013-06-01,518.158317591935,545.608909247283
2013-06-02,517.821035546787,545.261923458315
2013-06-03,517.590066868706,545.026873346147
2013-06-04,512.136157862771,539.292021839522
2013-06-05,498.910250408753,525.372889093221
2013-06-06,496.735523528711,523.09067184644
2013-06-07,494.790109832511,521.049870784913
2013-06-08,496.261345157473,522.606995679532
2013-06-09,498.118969583581,524.56808965195
2013-06-10,499.447063235708,525.971890947499
2013-06-11,486.660743095208,512.532451151994
2013-06-12,483.203089624224,508.89865826012
2013-06-13,483.227287105519,508.931757147208
2013-06-14,485.021176978702,510.828602424694
2013-06-15,486.950135410629,512.864019651975
2013-06-16,488.877869622548,514.897927575484
2013-06-17,490.678548210193,516.798354874277
2013-06-18,491.12659957548,517.277089844946
2013-06-19,483.240795043782,508.98306140513
2013-06-20,463.807161968082,488.521820805216
2013-06-21,462.755289301144,487.421206772946
2013-06-22,460.762290936882,485.329274410608
2013-06-23,457.609227088031,482.015357478883
2013-06-24,455.721980237635,480.034670952868
2013-06-25,459.358816062578,483.872718450811
2013-06-26,476.720294501108,502.095127187655
2013-06-27,484.481733449562,510.12902321482
2013-06-28,481.888317966499,507.426927058922
2013-06-29,484.490047227506,510.174114386353
2013-06-30,488.638021639321,514.537763329497
2013-07-01,491.735968406768,517.79369388972
2013-07-02,492.470743589495,518.572667883403
2013-07-03,491.987887079492,518.072353663694
2013-07-04,495.901679443778,522.201402937752
2013-07-05,503.650701825345,530.336767262826
2013-07-06,505.426896669525,532.200542761286
2013-07-07,507.874463304779,534.781190774527
2013-07-08,510.158223193241,537.188075347305
2013-07-09,517.249787925108,544.646593958114
2013-07-10,524.250411479157,551.975576741414
2013-07-11,523.562670418475,551.264366478193
2013-07-12,525.656679203636,553.477420994952
2013-07-13,527.395090934679,555.312402985254
2013-07-14,528.899537025162,556.902124813452
2013-07-15,529.873001439096,557.933965846254
2013-07-16,521.161056608139,548.777560945066
2013-07-17,522.328466919152,550.01504722349
2013-07-18,530.358126611095,558.468927933579
2013-07-19,528.568705939926,556.607122948546
2013-07-20,528.868031941636,556.930653255053
2013-07-21,529.49611571921,557.600187147285
2013-07-22,529.891776956794,558.024926891566
2013-07-23,530.076230882845,558.227438209423
2013-07-24,523.607421135804,551.424747635644
2013-07-25,526.205891028134,554.169513407292
2013-07-26,520.56265873838,548.249408978983
2013-07-27,518.676900871239,546.271560060929
2013-07-28,516.138045423519,543.605813152592
2013-07-29,514.355029571303,541.736041025728
2013-07-30,514.160576550725,541.539344674145
2013-07-31,512.734926491298,540.045873257297
2013-08-01,526.90853876033,554.982523934592
2013-08-02,535.186030003415,563.591646328095
2013-08-03,533.698223088245,562.044963583475
2013-08-04,531.444789273898,559.680251133448
2013-08-05,528.863807536738,556.97052469969
2013-08-06,524.338087189848,552.212617679716
2013-08-07,516.341980357797,543.799688323903
2013-08-08,518.311276911747,545.881847011553
2013-08-09,517.405299670733,544.937643744122
2013-08-10,518.84273498876,546.459721066006
2013-08-11,522.202743300336,550.001756209832
2013-08-12,523.650694289912,551.530031825023
2013-08-13,525.836080203201,553.836794195976
2013-08-14,530.036237312451,558.25959999548
2013-08-15,513.268025465291,540.676807853471
2013-08-16,510.120314923768,537.369100249304
2013-08-17,508.057329865441,535.203957370035
2013-08-18,505.951646274357,532.993778190405
2013-08-19,503.886348709664,530.826070446747
2013-08-20,498.35959587545,525.01178614794
2013-08-21,491.708791005501,518.013153345977
2013-08-22,500.804834444453,527.603558958161
2013-08-23,506.039457705215,533.075819002795
2013-08-24,505.204613548593,532.20872848061
2013-08-25,504.208250526969,531.167075046337
2013-08-26,503.14843474211,530.058548939208
2013-08-27,490.915554221101,517.179344378174
2013-08-28,487.12972438218,513.198717626091
2013-08-29,495.042692575589,521.54282985583
2013-08-30,493.384708597138,519.817734573532
2013-08-31,495.743610298716,522.310788249261
2013-09-01,498.53407654071,525.251514018974
2013-09-02,501.623353869912,528.505036134266
2013-09-03,506.766006219345,533.914429608885
2013-09-04,513.640577036179,541.12851386955
2013-09-05,513.293758935402,540.773529197271
2013-09-06,523.906406093318,551.962427561904
2013-09-07,526.338525922363,554.506836328719
2013-09-08,527.354570464425,555.58307157384
2013-09-09,528.329969588701,556.617977670136
2013-09-10,534.937415495468,563.580964658398
2013-09-11,536.900086338684,565.644244483117
2013-09-12,533.309249287036,561.876490762098
2013-09-13,532.945621812579,561.501802582576
2013-09-14,534.160342332704,562.790014258879
2013-09-15,536.37237658524,565.126315810803
2013-09-16,537.638399782845,566.465854716677
2013-09-17,538.248926103883,567.116803708524
2013-09-18,547.228112660232,576.580515799195
2013-09-19,541.37321845738,570.47069203613
2013-09-20,536.674930728699,565.528418186825
2013-09-21,535.786008451901,564.60017185077
2013-09-22,535.133367315753,563.92088424307
2013-09-23,534.224143471125,562.971192841877
2013-09-24,534.991212236566,563.787965509424
2013-09-25,531.092070315437,559.690389487065
2013-09-26,533.389152159207,562.119547451828
2013-09-27,529.007008464028,557.519766079852
2013-09-28,527.25210519744,555.678610330579
2013-09-29,524.766779192109,553.067597753112
2013-09-30,523.152963401986,551.374999833412
2013-10-01,526.337944965527,554.740054561792
2013-10-02,528.104117784795,556.604103928711
2013-10-03,517.864684484014,545.838522881025
2013-10-04,521.041683389941,549.195307526312
2013-10-05,520.513961093845,548.648931846518
2013-10-06,518.564916122464,546.602752797264
2013-10-07,515.604498645442,543.490453178814
2013-10-08,507.968509585164,535.449612348654
2013-10-09,510.264782658374,537.878129197049
2013-10-10,525.521672067452,553.932162389598
2013-10-11,530.822614003575,559.446817525168
2013-10-12,532.262791499836,560.965538241491
2013-10-13,533.539115400206,562.317229334197
2013-10-14,534.129021560097,562.946590258572
2013-10-15,537.78923257051,566.810493592449
2013-10-16,539.970297501072,569.109809107846
2013-10-17,542.169437222804,571.431410565602
2013-10-18,548.364906693348,577.956452420351
2013-10-19,549.073502822629,578.707591012961
2013-10-20,550.031728830303,579.725519887128
2013-10-21,550.712773354349,580.451347692847
2013-10-22,557.141928319293,587.232040737881
2013-10-23,544.001646645335,573.47080522313
2013-10-24,543.273284766503,572.711563496448
2013-10-25,545.072064280031,574.616382358229
2013-10-26,545.149199562289,574.706130162504
2013-10-27,545.755163549225,575.353485551007
2013-10-28,546.647186116151,576.301948264474
2013-10-29,550.683316798248,580.562082888143
2013-10-30,550.96173071247,580.863132033262
2013-10-31,553.678528179365,583.735259048396
2013-11-01,560.944717735223,591.385656195164
2013-11-02,561.830410177238,592.322084000844
2013-11-03,563.531795660186,594.123224806438
2013-11-04,564.420789566065,595.067903078263
2013-11-05,561.40279670637,591.897481181668
2013-11-06,564.986033932859,595.684217766373
2013-11-07,565.126056362389,595.840219908681
2013-11-08,562.782579824419,593.378643966745
2013-11-09,564.911012264958,595.631675248513
2013-11-10,567.278966731123,598.132527405099
2013-11-11,568.43284798668,599.355521600636
2013-11-12,563.61427211307,594.288992161907
2013-11-13,565.771771628418,596.572814768731
2013-11-14,572.645512201193,603.815697430101
2013-11-15,577.739431004178,609.163571128911
2013-11-16,577.333480870785,608.746428042826
2013-11-17,576.749090787603,608.139352109122
2013-11-18,576.188415643769,607.557262979192
2013-11-19,573.386964576214,604.612392852797
2013-11-20,567.561248532542,598.478468101087
2013-11-21,573.481779040396,604.730467061132
2013-11-22,574.500806534134,605.808379388578
2013-11-23,574.871552667361,606.208011256239
2013-11-24,575.169489391671,606.531139381929
2013-11-25,575.310459841099,606.688817658085
2013-11-26,570.770609357597,601.911094847524
2013-11-27,568.982741245718,600.03468638997
2013-11-28,572.245371815333,603.484345123029
2013-11-29,571.13189906085,602.322389332924
2013-11-30,571.800038335135,603.035997089977
2013-12-01,573.32795237686,604.655403768631
2013-12-02,572.378675311347,603.664626080602
2013-12-03,562.511713296426,593.267366863958
2013-12-04,555.306093490445,585.676648374678
2013-12-05,551.84745167385,582.037601200398
2013-12-06,555.325868357578,585.715017221618
2013-12-07,555.493098441929,585.899527189492
2013-12-08,555.746136122545,586.175132147316
2013-12-09,554.6678944534,585.046894021055
2013-12-10,550.27772275108,580.425019643867
2013-12-11,539.237860684396,568.789005952389
2013-12-12,530.562457739066,559.646672968689
2013-12-13,533.545001712197,562.801074743884
2013-12-14,534.057571916088,563.348584004466
2013-12-15,535.48150224646,564.858269859975
2013-12-16,535.991522657165,565.403954632413
2013-12-17,534.842480548265,564.200878376277
2013-12-18,547.65241956769,577.722401386153
2013-12-19,556.838169308811,587.307408583604
2013-12-20,562.586246737423,593.329664356304
2013-12-21,564.622130410381,595.474723972574
2013-12-22,564.759040679681,595.627713894485
2013-12-23,565.88583113161,596.824818882163
2013-12-24,569.18307683921,600.307710484458
2013-12-25,566.591969285766,597.591759375669
2013-12-26,564.917842569743,595.83495675409
2013-12-27,567.762447680028,598.844141879271
2013-12-28,569.175113017391,600.339268282136
2013-12-29,570.661468964432,601.913972328206
2013-12-30,572.039180892205,603.374173027608
2013-12-31,574.49496784768,605.970250094662
2014-01-01,580.072551695121,611.849769456435
2014-01-02,574.326808297319,605.827408104448
2014-01-03,575.488405849541,607.061780059105
2014-01-04,575.512387924429,607.096107260836
2014-01-05,574.859724348162,606.416742426962
2014-01-06,574.196396690221,605.72606971993
2014-01-07,574.820479620959,606.393491711037
2014-01-08,580.685288580938,612.586005244602
2014-01-09,575.491151135447,607.143302700244
2014-01-10,583.939707254962,616.065597646028
2014-01-11,580.975712077391,612.970256787531
2014-01-12,576.004479562941,607.734418619347
2014-01-13,573.008788276308,604.582785731433
2014-01-14,575.572413473798,607.296702210125
2014-01-15,586.2814646357,618.579657257553
2014-01-16,586.219768939044,618.524184047821
2014-01-17,585.746353984607,618.033876816676
2014-01-18,586.024137501802,618.336158452587
2014-01-19,586.299733055842,618.636067496312
2014-01-20,586.916807358328,619.296203069338
2014-01-21,591.8791206033,624.538647140165
2014-01-22,590.596217590051,623.199864304208
2014-01-23,575.555067432186,607.337669792722
2014-01-24,549.765114633012,580.132640379915
2014-01-25,545.882865123287,576.044605769976
2014-01-26,542.660272629432,572.652551667856
2014-01-27,541.692817672368,571.640176652965
2014-01-28,546.620306246861,576.848613472334
2014-01-29,545.647233524964,575.834904066335
2014-01-30,550.677256332843,581.151810108118
2014-01-31,549.842816537352,580.283810946126
2014-02-01,544.656782497651,574.819314149245
2014-02-02,539.118606414599,568.983029979066
2014-02-03,533.760435935581,563.336545264477
2014-02-04,529.813484288825,559.179310368557
2014-02-05,529.385006276485,558.735439527566
2014-02-06,547.21723755521,577.564689646
2014-02-07,553.435607374933,584.029150288772
2014-02-08,552.529752314089,583.087049755763
2014-02-09,551.947016634312,582.480798503441
2014-02-10,551.052074835752,581.545063224304
2014-02-11,559.923617880367,590.916212364836
2014-02-12,571.783656355079,603.341997505273
2014-02-13,565.775343185885,597.075682572792
2014-02-14,568.812823687784,600.290130456733
2014-02-15,570.139378178723,601.695236618994
2014-02-16,571.16602597862,602.786399235835
2014-02-17,572.48671665148,604.18791700236
2014-02-18,573.541401089827,605.308710441023
2014-02-19,569.215149266562,600.756123130397
2014-02-20,572.07318573385,603.781504990335
2014-02-21,575.458666679994,607.354606844358
2014-02-22,577.356130765686,609.360350458479
2014-02-23,578.348218262347,610.414766836559
2014-02-24,578.293319763524,610.36596879444
2014-02-25,577.027622033632,609.039196368455
2014-02-26,576.744831561176,608.749808303526
2014-02-27,585.948735386102,618.473554375584
2014-02-28,577.389193104724,609.519057842273
2014-03-01,575.122789591868,607.135622263749
2014-03-02,569.370068710704,601.07176031809
2014-03-03,566.882846086171,598.455034134366
2014-03-04,581.338302708586,613.724514024917
2014-03-05,585.714623351089,618.296007487911
2014-03-06,590.590586713056,623.433518700395
2014-03-07,574.452719039927,606.477553027595
2014-03-08,573.193941987346,605.157658150812
2014-03-09,572.386248585023,604.313965599852
2014-03-10,571.21851865321,603.090125035318
2014-03-11,571.218195251592,603.098787121698
2014-03-12,563.145108624314,594.584287602074
2014-03-13,550.163595707791,580.886924063725
2014-03-14,547.749394921461,578.346583324575
2014-03-15,548.514585708747,579.163164525687
2014-03-16,550.882645476777,581.670383667892
2014-03-17,554.325772257454,585.306715843742
2014-03-18,562.708472019817,594.139068730979
2014-03-19,557.10125904795,588.271309388294
2014-03-20,565.884577843745,597.554844465586
2014-03-21,564.414836969236,596.023672474707
2014-03-22,563.615809739008,595.18879822693
2014-03-23,562.299084453379,593.807207227013
2014-03-24,561.486105109228,592.957537291657
2014-03-25,566.780710918705,598.557760971371
2014-03-26,567.041363615863,598.840575817645
2014-03-27,570.615208607208,602.622851574716
2014-03-28,577.120276601452,609.480109621028
2014-03-29,579.637601697705,612.132613668707
2014-03-30,580.795039225647,613.361309426501
2014-03-31,583.308299357279,616.021850231913
2014-04-01,590.050487452645,623.13592844727
2014-04-02,592.609037706534,625.831698147572
2014-04-03,592.721166907749,625.959145008955
2014-04-04,593.58150456466,626.87695947072
2014-04-05,588.652201134024,621.684361909671
2014-04-06,583.978196651684,616.757350485825
2014-04-07,581.149346027973,613.77891397246
2014-04-08,580.669089224658,613.280842903531
2014-04-09,586.655524076682,619.612644144391
2014-04-10,569.425979337106,601.517466517995
2014-04-11,557.487392183489,588.915023892113
2014-04-12,559.154077276167,590.684459204872
2014-04-13,561.890621290959,593.579734777516
2014-04-14,564.416540551926,596.250392321619
2014-04-15,566.427479869832,598.378830511159
2014-04-16,574.871054669756,607.291671925496
2014-04-17,577.544209113228,610.103772186627
2014-04-18,578.459902490467,611.07791986205
2014-04-19,579.701000084093,612.397043651193
2014-04-20,581.071984331896,613.852891898807
2014-04-21,582.2931019185,615.150486957371
2014-04-22,588.237421759348,621.432705228991
2014-04-23,584.643165708552,617.663992178616
2014-04-24,587.112973524062,620.282486983451
2014-04-25,578.381821889755,611.086793216142
2014-04-26,577.798021144758,610.479070532769
2014-04-27,577.282625474773,609.943590027893
2014-04-28,577.025654516735,609.681139360374
2014-04-29,586.88845807816,620.111144400394
2014-04-30,587.899692374949,621.17968792591
2014-05-01,589.071374182688,622.425860310594
2014-05-02,588.88319084261,622.236502608333
2014-05-03,588.713174136662,622.066149774303
2014-05-04,588.533054475496,621.885124631051
2014-05-05,588.211793625639,621.554959925384
2014-05-06,578.710774373807,611.524661261709
2014-05-07,580.949194875206,613.899122149668
2014-05-08,581.199765425735,614.17249955024
2014-05-09,593.509624684372,627.186865364052
2014-05-10,596.702649932123,630.535165746796
2014-05-11,600.064558138711,634.087678043095
2014-05-12,603.491273800776,637.707935714873
2014-05-13,611.953225805346,646.633718212927
2014-05-14,610.262257281912,644.868731839806
2014-05-15,607.291150771398,641.738767447145
2014-05-16,605.401654598298,639.751681606428
2014-05-17,605.535510501318,639.902681316957
2014-05-18,605.540444841115,639.917455852124
2014-05-19,605.678349526358,640.072741574018
2014-05-20,601.17379050677,635.322562224264
2014-05-21,609.29761769942,643.917311907102
2014-05-22,615.093836319559,650.01137333272
2014-05-23,622.426864339878,657.734100448266
2014-05-24,623.484625677824,658.854971236681
2014-05-25,624.197243517858,659.617135711045
2014-05-26,625.207523099224,660.693897886983
2014-05-27,626.763166844505,662.346263060202
2014-05-28,629.365967226635,665.10323101337
2014-05-29,633.821160788855,669.811484199936
2014-05-30,634.12180898361,670.137954785011
2014-05-31,634.437718412681,670.481674659255
2014-06-01,635.123246616259,671.215933561411
2014-06-02,635.41337431596,671.532372891837
2014-06-03,632.184776810587,668.131110742941
2014-06-04,634.652558565518,670.749197181822
2014-06-05,646.021463310802,682.751122681924
2014-06-06,646.229847464916,682.979411499495
2014-06-07,647.50617920531,684.338306218626
2014-06-08,649.032780381547,685.960353838647
2014-06-09,650.966488616348,688.011885779171
2014-06-10,657.567319541753,694.988146430795
2014-06-11,654.790798221285,692.078630197945
2014-06-12,652.819914345103,690.005880618318
2014-06-13,652.627354508658,689.812700544993
2014-06-14,652.587388859136,689.780797807614
2014-06-15,652.316805504456,689.505127764454
2014-06-16,652.297485462799,689.495042653742
2014-06-17,649.633851330694,686.68986176136
2014-06-18,656.378570897943,693.829605594181
2014-06-19,658.855625687943,696.444752096416
2014-06-20,660.461460183934,698.149401098572
2014-06-21,659.880825139486,697.546813306794
2014-06-22,659.386084866429,697.034291671498
2014-06-23,658.690524742537,696.309464606369
2014-06-24,651.700754664361,688.930930401511
2014-06-25,651.471266185994,688.698654929901
2014-06-26,652.634025047866,689.938182108325
2014-06-27,653.654902298365,691.026749183685
2014-06-28,653.273426458973,690.634097329566
2014-06-29,652.743064457174,690.083694511968
2014-06-30,652.305489430949,689.631356000438
2014-07-01,657.168535450992,694.783007411271
2014-07-02,663.123927296564,701.066163174558
2014-07-03,669.199443791456,707.470933204288
2014-07-04,674.508942198487,713.069187730902
2014-07-05,673.28250732213,711.788304048772
2014-07-06,671.150402895954,709.544930075535
2014-07-07,668.489960917497,706.742923905833
2014-07-08,660.008017972203,697.786213903374
2014-07-09,661.161084298534,699.015739077578
2014-07-10,653.474416988305,690.90667394475
2014-07-11,654.865433298435,692.387721692632
2014-07-12,656.331621979478,693.946584255902
2014-07-13,658.571640837311,696.322660086996
2014-07-14,659.903524339911,697.738857945935
2014-07-15,657.872711467963,695.604235256828
2014-07-16,672.762075270148,711.357990243726
2014-07-17,661.698197960362,699.799404417998
2014-07-18,668.015586236156,706.491043473838
2014-07-19,667.310486658014,705.759325828204
2014-07-20,666.391009334213,704.797442873557
2014-07-21,665.783497460965,704.165478333624
2014-07-22,678.265397175022,717.377503898081
2014-07-23,682.671919753238,722.005642271546
2014-07-24,683.870957835581,723.280453128703
2014-07-25,681.247249392701,720.518826683209
2014-07-26,681.464224016371,720.75910531629
2014-07-27,681.745496357656,721.067342519952
2014-07-28,681.974036409258,721.319801174925
2014-07-29,679.789440845838,719.020406465838
2014-07-30,679.657402263891,718.891527826606
2014-07-31,662.109608638785,700.341496290389
2014-08-01,653.857513947206,691.62340678097
2014-08-02,653.908717446297,691.687932396094
2014-08-03,654.769063806517,692.6082979331
2014-08-04,655.43258840577,693.32005471029
2014-08-05,650.373794876186,687.98202376767
2014-08-06,649.990509083146,687.586891279629
2014-08-07,641.370885136044,678.479006027746
2014-08-08,642.632031515878,679.823287203739
2014-08-09,645.892748550189,683.279429387588
2014-08-10,649.211618292235,686.791670506897
2014-08-11,652.498815442189,690.270456797068
2014-08-12,655.306447516873,693.243396808236
2014-08-13,661.723080393564,700.027230745772
2014-08-14,665.483812224697,703.996729933396
2014-08-15,663.311865596566,701.716038056896
2014-08-16,664.966349929895,703.476835304806
2014-08-17,668.684526266966,707.415885377252
2014-08-18,673.180624624818,712.16965408327
2014-08-19,682.558068825225,722.067654254462
2014-08-20,690.683303515176,730.615023070991
2014-08-21,696.833930902022,737.094148456467
2014-08-22,692.301211566517,732.33148616558
2014-08-23,695.692015529743,735.92933227542
2014-08-24,701.511890258782,742.081648855305
2014-08-25,706.297339062462,747.133853184257
2014-08-26,710.319377932288,751.385164626528
2014-08-27,714.13205764487,755.418028281179
2014-08-28,708.517633298776,749.506147441075
2014-08-29,710.766359531928,751.896183126517
2014-08-30,712.89738319411,754.158118810951
2014-08-31,714.970130416185,756.358783926135
2014-09-01,716.808659718144,758.312202437603
2014-09-02,717.44097085895,758.991585839898
2014-09-03,719.341293769699,761.012416488692
2014-09-04,731.811874205278,774.199102432783
2014-09-05,740.391203679141,783.209393419016
2014-09-06,739.634465299039,782.425030000744
2014-09-07,737.758145331699,780.451898736507
2014-09-08,735.553894493608,778.13179701313
2014-09-09,731.19650176021,773.533840396347
2014-09-10,728.317834256382,770.500100971629
2014-09-11,728.617832091716,770.829035792532
2014-09-12,721.503208072591,763.315505869364
2014-09-13,720.830194664435,762.614945962057
2014-09-14,720.824713736245,762.620587788299
2014-09-15,720.881687541756,762.692304055113
2014-09-16,720.59450044374,762.399914236856
2014-09-17,723.138512786371,765.102956410551
2014-09-18,737.233685669612,780.000972273159
2014-09-19,737.33021726273,780.113522178923
2014-09-20,734.666317788803,777.306980657979
2014-09-21,730.757565899422,773.183024762274
2014-09-22,725.580383199643,767.716865979738
2014-09-23,711.587783207119,752.923187933215
2014-09-24,724.846371387108,766.963238791236
2014-09-25,720.795505647779,762.727504627282
2014-09-26,722.625544458093,764.675449008346
2014-09-27,722.165799766029,764.201013768576
2014-09-28,720.990639742758,762.968919249397
2014-09-29,719.609550122272,761.518868071919
2014-09-30,729.588668563271,772.09052915901
2014-10-01,711.295244182093,752.875527623634
2014-10-02,699.047871235667,739.923504370763
2014-10-03,706.900138246954,748.24603065827
2014-10-04,711.150236784437,752.730699431383
2014-10-05,715.023786243934,756.829737987256
2014-10-06,718.073138139546,760.059888129604
2014-10-07,699.340272011073,740.28530633403
2014-10-08,702.489742405239,743.630282890587
2014-10-09,675.738816004035,715.387867886272
2014-10-10,667.088769512303,706.241009038895
2014-10-11,662.004937917502,700.869394525781
2014-10-12,657.144836102023,695.734484684519
2014-10-13,653.514909345709,691.901838806426
2014-10-14,654.9023396357,693.381152750798
2014-10-15,640.282387938963,677.929292959986
2014-10-16,628.372535129043,665.329347222243
2014-10-17,636.624474282064,674.076596104792
2014-10-18,641.544652918927,679.262290833238
2014-10-19,646.087500723909,684.064003047014
2014-10-20,651.086258882649,689.348178476515
2014-10-21,670.146335659771,709.461238828829
2014-10-22,675.39256901547,714.946994574575
2014-10-23,686.61637364138,726.793652700631
2014-10-24,693.914871488237,734.467065647206
2014-10-25,692.881035421922,733.389349986583
2014-10-26,691.366404977334,731.797165993892
2014-10-27,689.887434680482,730.242681121111
2014-10-28,697.655040939217,738.475609034619
2014-10-29,702.092752677147,743.157641710059
2014-10-30,720.199850357095,762.274580713664
2014-10-31,744.449717591052,787.631048235667
2014-11-01,743.7053032052,786.86727979015
2014-11-02,741.822809597237,784.887336920263
2014-11-03,740.157576024687,783.137217711887
2014-11-04,736.476733015023,779.254392764601
2014-11-05,745.69966297482,789.024732233253
2014-11-06,741.270763640385,784.379233365833
2014-11-07,755.379689354464,799.320438923974
2014-11-08,754.455297082681,798.363113018528
2014-11-09,752.437005105529,796.239344742142
2014-11-10,751.739052537253,795.51271781362
2014-11-11,760.362452885927,804.650202027397
2014-11-12,754.263957810944,798.245115352766
2014-11-13,756.167598905168,800.271735782829
2014-11-14,759.093512870735,803.376318376294
2014-11-15,756.023178867224,800.1451728921
2014-11-16,752.356161743448,796.276159135375
2014-11-17,749.225553047524,792.974748783476
2014-11-18,757.992187785478,802.265192518335
2014-11-19,752.914723017132,796.93419108628
2014-11-20,753.14092810927,797.185586567694
2014-11-21,778.969469640281,824.531895668472
2014-11-22,780.734328034524,826.380793203521
2014-11-23,782.231053888652,827.975628429889
2014-11-24,783.850966413232,829.700984920099
2014-11-25,783.979908434,829.849730616033
2014-11-26,782.300501923629,828.084676679488
2014-11-27,779.133606719297,824.744853852956
2014-11-28,773.304813160937,818.587161939883
2014-11-29,769.080749163781,814.128004287767
2014-11-30,765.572960552613,810.426958517615
2014-12-01,764.172458676789,808.956560533126
2014-12-02,774.46902320277,819.868695544423
2014-12-03,789.508511235658,835.695725060556
2014-12-04,789.735749603972,835.946206817314
2014-12-05,784.544634517721,830.464774531586
2014-12-06,785.492732953132,831.480834586235
2014-12-07,787.924545357547,834.065882903325
2014-12-08,786.566807834853,832.643349796405
2014-12-09,766.894248903941,811.830885368182
2014-12-10,744.198823999206,787.817791952671
2014-12-11,738.51292151791,781.8104564007
2014-12-12,715.982663791054,757.971023593809
2014-12-13,708.582713609483,750.148481697472
2014-12-14,703.386317343624,744.658525447201
2014-12-15,700.788928760767,741.919904656414
2014-12-16,686.920102283827,727.248215590286
2014-12-17,710.683956917235,752.418130226638
2014-12-18,758.499287306368,802.204779294688
2014-12-19,769.354422140486,813.346086435933
2014-12-20,773.472316730292,817.682489181297
2014-12-21,776.964341508905,821.376532914034
2014-12-22,779.076289218939,823.616417804906
2014-12-23,784.716807394821,829.583564146989
2014-12-24,785.563954217849,830.488259635548
2014-12-25,785.134100553812,830.046543589914
2014-12-26,789.010927702051,834.157616729099
2014-12-27,791.183019293943,836.46074377359
2014-12-28,793.018985807251,838.411603189917
2014-12-29,794.577512698856,840.069957967701
2014-12-30,789.932540019479,835.176540279872
2014-12-31,783.310792113499,828.188014529206
2015-01-01,789.652097288379,834.905038529732
2015-01-02,791.601125576453,836.969844476684
2015-01-03,790.317184539658,835.626540781552
2015-01-04,785.647249231674,830.701432451979
2015-01-05,778.172253898228,822.810253937093
2015-01-06,763.163853562807,806.9533021698
2015-01-07,781.649515998195,826.511774786057
2015-01-08,820.14948290814,866.751203417493
2015-01-09,805.37782567152,851.510614233751
2015-01-10,802.281308926262,848.249514261438
2015-01-11,799.887102574136,845.730869209946
2015-01-12,799.41428467232,845.243654490916
2015-01-13,804.468513497935,850.600337060495
2015-01-14,793.689458319337,839.251874130395
2015-01-15,801.047280204796,847.044686896891
2015-01-16,828.224902335698,875.662864223356
2015-01-17,829.274526383235,876.767093149905
2015-01-18,829.693408882791,877.222839117617
2015-01-19,830.770979392536,878.375002561287
2015-01-20,838.348272659741,886.394294889769
2015-01-21,847.88046694952,896.440229263699
2015-01-22,860.043431379979,909.24113224131
2015-01-23,923.403603525043,975.769379281507
2015-01-24,922.163433186247,974.51652455928
2015-01-25,921.788522063767,974.134963159561
2015-01-26,919.945159689685,972.201539297222
2015-01-27,903.421056802142,954.753395949261
2015-01-28,881.027457266817,931.101728331417
2015-01-29,887.686688026656,938.153421716183
2015-01-30,871.737388869327,921.37484517225
2015-01-31,874.298319875925,924.095403200262
2015-02-01,879.877118985116,929.997002357068
2015-02-02,887.008075673953,937.524018125052
2015-02-03,898.584004362925,949.723998745542
2015-02-04,888.505457973843,939.154157018045
2015-02-05,906.067788637962,957.731708006111
2015-02-06,893.159055826631,944.233421806485
2015-02-07,896.153754262224,947.413547693549
2015-02-08,908.299028682892,960.245963362127
2015-02-09,913.333925586008,965.547386787242
2015-02-10,919.668316702379,972.239940328897
2015-02-11,912.036483884334,964.214106555006
2015-02-12,930.740541236118,984.002697780464
2015-02-13,935.621581424836,989.12546951184
2015-02-14,933.908414142487,987.333739793611
2015-02-15,932.475686324638,985.833884725764
2015-02-16,931.288895128095,984.593986894522
2015-02-17,931.942804487971,985.300107660111
2015-02-18,943.456135850569,997.48287424441
2015-02-19,942.980614326261,996.997915378156
2015-02-20,964.817330035608,1020.1004899328
2015-02-21,965.538558030861,1020.86923165088
2015-02-22,966.041505153297,1021.41610994779
2015-02-23,966.767908292853,1022.19926321005
2015-02-24,967.084980651725,1022.54971094782
2015-02-25,967.112326480595,1022.5939696257
2015-02-26,969.614282536725,1025.25472932657
2015-02-27,981.042516528635,1037.33821727442
2015-02-28,982.698560930998,1039.09439362743
2015-03-01,984.931093282864,1041.46859361196
2015-03-02,986.658996734572,1043.30916550983
2015-03-03,988.822150083494,1045.61010797711
2015-03-04,987.011092085607,1043.71283079925
2015-03-05,999.833123738418,1057.28714442965
2015-03-06,996.206163830103,1053.49202996201
2015-03-07,1002.26072015374,1059.91057643521
2015-03-08,1006.32905860018,1064.21562915666
2015-03-09,1012.40569964546,1070.6446641696
2015-03-10,1001.18071790353,1058.82564032423
2015-03-11,1029.67654227786,1088.97806496515
2015-03-12,1043.67415189379,1103.59241107833
2015-03-13,1040.14591349782,1099.90228081155
2015-03-14,1046.49407418551,1106.63166711817
2015-03-15,1059.26092420472,1120.10741709558
2015-03-16,1065.45648844162,1126.63603672791
2015-03-17,1047.93726223416,1108.18121952729
2015-03-18,1077.26402539118,1139.21056999507
2015-03-19,1059.13733282796,1120.31928814189
2015-03-20,1065.8426032056,1127.42872172031
2015-03-21,1057.42417056482,1118.56884006162
2015-03-22,1050.92362032276,1111.70919996092
2015-03-23,1044.34607279511,1104.76790262461
2015-03-24,1031.90855906308,1091.62739894555
2015-03-25,1008.30568557092,1066.67497470938
2015-03-26,995.825518100588,1053.48837724401
2015-03-27,1017.53258790973,1076.46820422239
2015-03-28,1022.27616455559,1081.44857774059
2015-03-29,1030.28784191364,1089.92072085919
2015-03-30,1035.04789430163,1094.95288045414
2015-03-31,1035.2970715921,1095.23217103092
2015-04-01,1035.16923019375,1095.11340453888
2015-04-02,1035.11377788743,1095.07120108791
2015-04-03,1035.64621221296,1095.65093091443
2015-04-04,1039.77325124144,1100.0323247888
2015-04-05,1047.34470639973,1108.04295764175
2015-04-06,1051.45859258485,1112.39598061173
2015-04-07,1050.6213861679,1111.52861718001
2015-04-08,1053.61308839467,1114.71046033981
2015-04-09,1078.4038763443,1140.91770634467
2015-04-10,1129.84916311662,1194.7368831338
2015-04-11,1129.39760361959,1194.28683990051
2015-04-12,1127.66329358153,1192.47083005691
2015-04-13,1126.92889879785,1191.71214657946
2015-04-14,1132.04542185478,1197.14071394569
2015-04-15,1133.41291396093,1198.60141924942
2015-04-16,1112.30478697496,1176.31112314025
2015-04-17,1069.71935561339,1131.29283501222
2015-04-18,1077.36104022099,1139.3913854332
2015-04-19,1087.53030869667,1150.12474104462
2015-04-20,1097.18131851622,1160.30068985527
2015-04-21,1107.07802812146,1170.73813846077
2015-04-22,1104.79783089955,1168.35493054625
2015-04-23,1106.85083884008,1170.54360649618
2015-04-24,1106.13991833834,1169.81003085556
2015-04-25,1107.38756387953,1171.14707829436
2015-04-26,1108.3258080592,1172.15633537959
2015-04-27,1109.56443272685,1173.48331370648
2015-04-28,1090.61945076981,1153.47617785846
2015-04-29,1066.21836343649,1127.68609119
2015-04-30,1005.41194469279,1063.39109314421
2015-05-01,1016.20846535444,1074.82618510895
2015-05-02,1020.44884014317,1079.30313944065
2015-05-03,1024.81714121523,1083.92991164729
2015-05-04,1029.76004780257,1089.16291492984
2015-05-05,1018.46109631386,1077.25724321226
2015-05-06,996.108799367412,1053.63073493364
2015-05-07,976.631267665145,1033.04428136124
2015-05-08,1018.83183861276,1077.69801260761
2015-05-09,1024.11354746721,1083.18430488265
2015-05-10,1027.70116201088,1086.98555864491
2015-05-11,1028.20525590819,1087.5340529412
2015-05-12,1004.94088830296,1062.95018290554
2015-05-13,1014.65615695768,1073.24225600763
2015-05-14,993.649944677414,1051.14593496529
2015-05-15,1014.99722225421,1073.74425208109
2015-05-16,1012.44557072801,1071.08900865141
2015-05-17,1008.58096143901,1067.01665916984
2015-05-18,1005.50057779712,1063.77384954086
2015-05-19,1038.20557854,1098.39024892063
2015-05-20,1049.15696146737,1109.80951635323
2015-05-21,1053.00633665022,1113.87719878433
2015-05-22,1040.8455400003,1101.05365306165
2015-05-23,1051.70656308327,1112.55950903538
2015-05-24,1064.68814327917,1126.23750226212
2015-05-25,1076.03000452657,1138.17902801205
2015-05-26,1060.1036473784,1121.43774019383
2015-05-27,1084.24073631412,1146.98819773351
2015-05-28,1073.40807251483,1135.67310559046
2015-05-29,1044.91283522831,1105.54201747348
2015-05-30,1045.88017593432,1106.58210468553
2015-05-31,1047.31596839629,1108.11711405491
2015-06-01,1048.5447051623,1109.43289459542
2015-06-02,1036.08366786732,1096.27291727186
2015-06-03,1023.57746523042,1083.0566983137
2015-06-04,974.491963776803,1031.1351855058
2015-06-05,975.592627818914,1032.31533729913
2015-06-06,976.047882927595,1032.8122843715
2015-06-07,976.490158807969,1033.29569336466
2015-06-08,976.241215712935,1033.0478641389
2015-06-09,959.344152531418,1015.18312564187
2015-06-10,980.213893944033,1037.28287199728
2015-06-11,991.291764242186,1048.89577569577
2015-06-12,984.765986933177,1042.0442238606
2015-06-13,978.25765937553,1035.17301978072
2015-06-14,972.573400583444,1029.1736247795
2015-06-15,970.15439763295,1026.62933209326
2015-06-16,976.13323339524,1032.97165371329
2015-06-17,964.356167848863,1020.56267724981
2015-06-18,962.999231342025,1019.14200370363
2015-06-19,974.622591428957,1031.45833913528
2015-06-20,977.963574541921,1034.98824067974
2015-06-21,986.596203757245,1044.12411056006
2015-06-22,990.225219908374,1047.96341372896
2015-06-23,1015.96788828934,1075.17269279616
2015-06-24,1004.50786023226,1063.21375208255
2015-06-25,1000.64805087468,1059.14436143195
2015-06-26,994.813386217665,1052.98455071838
2015-06-27,985.704194329257,1043.35855255084
2015-06-28,972.755633550069,1029.66831755767
2015-06-29,964.068899371378,1020.48884361197
2015-06-30,955.20234184938,1011.11872363794
2015-07-01,982.105299404733,1039.61175646458
2015-07-02,988.259808196106,1046.05227965338
2015-07-03,978.619528535602,1035.89496239923
2015-07-04,974.879819753027,1031.95197224649
2015-07-05,974.143074260064,1031.18761486412
2015-07-06,974.398964983586,1031.47401228231
2015-07-07,980.655598496167,1038.1116162281
2015-07-08,940.485929947486,995.740443130168
2015-07-09,949.059906927428,1004.83312897553
2015-07-10,954.86469261973,1010.96606489191
2015-07-11,967.594501770075,1024.41797862631
2015-07-12,982.88105296732,1040.51120588989
2015-07-13,996.12300826955,1054.43700021825
2015-07-14,1009.85633873068,1068.89438801702
2015-07-15,1012.11799805173,1071.28791787029
2015-07-16,1053.82651223822,1115.40121662916
2015-07-17,1048.37753788049,1109.76366327126
2015-07-18,1049.91186387756,1111.40452702253
2015-07-19,1053.94969777161,1115.69231844581
2015-07-20,1055.47753268619,1117.32322465025
2015-07-21,1048.94813761796,1110.43314580747
2015-07-22,1028.42186859122,1088.72042025097
2015-07-23,1004.752585899,1063.67973480451
2015-07-24,995.044871313305,1053.41868202497
2015-07-25,982.672201898782,1040.33602174185
2015-07-26,965.066278819815,1021.71262249376
2015-07-27,957.835045438058,1014.07230976588
2015-07-28,976.741450748199,1034.10401931617
2015-07-29,991.622928968922,1049.7217555459
2015-07-30,1003.03211221435,1061.72571484733
2015-07-31,1008.51161967495,1067.50894266532
2015-08-01,1007.11503589336,1066.05059227604
2015-08-02,1005.8787896882,1064.75803681005
2015-08-03,1004.45373062087,1063.26556977019
2015-08-04,998.549623337356,1057.0317707205
2015-08-05,1019.0537975097,1078.75270918758
2015-08-06,1007.06536459609,1066.20565503654
2015-08-07,991.303973052136,1049.53470954346
2015-08-08,994.901373399807,1053.35921916795
2015-08-09,1004.33965173544,1063.34954623058
2015-08-10,1008.15846253974,1067.38949695291
2015-08-11,971.567790394972,1028.73855963201
2015-08-12,943.658915467856,999.202898540147
2015-08-13,952.017943586757,1008.06897584344
2015-08-14,943.669908924052,999.283416079425
2015-08-15,947.411880233343,1003.2609500924
2015-08-16,953.112546370482,1009.30062001868
2015-08-17,959.033740952826,1015.56711975237
2015-08-18,959.974097443007,1016.57497382736
2015-08-19,943.504393107318,999.158345499003
2015-08-20,889.374547957335,941.850611680477
2015-08-21,826.888062891413,875.691385819792
2015-08-22,785.6912147182,832.076250107649
2015-08-23,752.56495457022,797.00683044771
2015-08-24,735.131216578905,778.555559688969
2015-08-25,732.32160803438,775.591698736781
2015-08-26,773.05753503904,818.746228462211
2015-08-27,823.955170910314,871.24198769065
2015-08-28,834.556695128224,882.135195262996
2015-08-29,834.535645784669,882.12611949484
2015-08-30,832.900197456274,880.410689892842
2015-08-31,830.575028035669,877.966128352261
2015-09-01,783.354377459798,828.064369412148
2015-09-02,793.170864767307,838.45358796338
2015-09-03,804.31720964226,850.175503094775
2015-09-04,790.400102561005,835.578436728435
2015-09-05,790.242019962307,835.423892760934
2015-09-06,790.111056269908,835.298012848577
2015-09-07,789.917372024569,835.105831083829
2015-09-08,815.507919405667,862.17289128003
2015-09-09,823.744896858389,870.756759046405
2015-09-10,813.574547038279,860.071191119388
2015-09-11,802.879573773126,848.777937507735
2015-09-12,799.683110530362,845.411514095182
2015-09-13,795.889957595775,841.414179864798
2015-09-14,792.641545724728,837.992630908486
2015-09-15,802.496325669076,848.423866161827
2015-09-16,836.442629276119,884.104337741184
2015-09-17,824.200572379552,871.436887298433
2015-09-18,789.43056188164,834.687261622967
2015-09-19,792.15189622232,837.577177454778
2015-09-20,799.942008090295,845.812215595237
2015-09-21,808.930205202622,855.282040086232
2015-09-22,795.826762551123,841.51695158414
2015-09-23,789.722581999532,835.074989160778
2015-09-24,767.554446967383,811.64635046529
2015-09-25,787.03276722264,832.255812487798
2015-09-26,776.26993284269,821.027689071096
2015-09-27,764.381616525821,808.466283626044
2015-09-28,753.275381885752,796.731681824127
2015-09-29,739.395482901641,782.063045086748
2015-09-30,769.563792437795,813.98401851259
2015-10-01,782.899306328227,827.824049487433
2015-10-02,800.269419731804,846.052338633009
2015-10-03,810.394145761067,856.654116773576
2015-10-04,815.713144328694,862.254905247362
2015-10-05,819.923809665801,866.70424105478
2015-10-06,826.263707119841,873.401552558752
2015-10-07,835.884153440995,883.544807120924
2015-10-08,846.450627836155,894.66280432979
2015-10-09,841.766136148539,889.755373742471
2015-10-10,841.811110551406,889.816309815312
2015-10-11,841.771822528397,889.788169018565
2015-10-12,841.75546910966,889.784278716595
2015-10-13,827.482651314383,874.710663977106
2015-10-14,814.11217604214,860.590240747563
2015-10-15,833.036219036501,880.607624542841
2015-10-16,851.743310973771,900.170770382656
2015-10-17,852.794281734571,901.282667138909
2015-10-18,853.267598239887,901.796124429666
2015-10-19,852.796364722255,901.311805969127
2015-10-20,844.06680611452,892.099183771614
2015-10-21,841.672114435726,889.581650448806
2015-10-22,862.747026892425,911.869578515427
2015-10-23,916.709641228038,968.220072990551
2015-10-24,921.256312939741,972.897476647678
2015-10-25,925.27306475302,977.143972621598
2015-10-26,927.008252904975,978.987050985981
2015-10-27,909.04715841352,960.051646347839
2015-10-28,921.913994506619,973.654864445041
2015-10-29,937.8291540713,990.359926454594
2015-10-30,922.572832089282,974.398730285383
2015-10-31,923.76898228335,975.676736708574
2015-11-01,926.481020082192,978.553903591136
2015-11-02,929.626711886381,981.88613015594
2015-11-03,943.531732396884,996.562434969339
2015-11-04,948.873744504405,1002.17780363803
2015-11-05,954.290108768397,1007.89740556965
2015-11-06,948.828349343921,1002.16027831607
2015-11-07,946.717915574598,999.946311180259
2015-11-08,946.8553404767,1000.10651701127
2015-11-09,949.552051634679,1002.96966937133
2015-11-10,957.906495442618,1011.79641028834
2015-11-11,958.48242238485,1012.41710980422
2015-11-12,936.290098610049,988.998725423935
2015-11-13,909.599495453267,960.820455022033
2015-11-14,913.067979037499,964.498710414957
2015-11-15,919.624503399272,971.425678065107
2015-11-16,928.15127036322,980.415027028567
2015-11-17,948.596126590276,1001.92671439788
2015-11-18,964.886993230109,1018.96395472545
2015-11-19,973.698839294837,1028.20753248558
2015-11-20,977.372468747925,1032.08473170027
2015-11-21,978.115608288603,1032.88344291833
2015-11-22,981.290752428941,1036.25055422731
2015-11-23,981.518337385244,1036.50602079596
2015-11-24,975.510209024607,1030.17776306902
2015-11-25,989.316421606355,1044.77318357246
2015-11-26,991.282584325777,1046.85042849517
2015-11-27,991.009141909116,1046.57765399538
2015-11-28,987.129407370403,1042.49612536291
2015-11-29,984.15127674511,1039.36664622254
2015-11-30,982.197295962715,1037.31867669318
2015-12-01,997.40255127458,1053.3928682203
2015-12-02,979.805286629129,1034.96532707007
2015-12-03,949.736338495157,1003.2191646602
2015-12-04,924.435167834141,976.508297945848
2015-12-05,927.142621560427,979.382961102512
2015-12-06,930.766309325506,983.219832401114
2015-12-07,931.168857251724,983.658944331285
2015-12-08,901.425660627887,952.261392692378
2015-12-09,884.415475743441,934.306288745485
2015-12-10,882.384616673928,932.174962227887
2015-12-11,853.063871368451,901.213798655137
2015-12-12,849.248469158675,897.19664283569
2015-12-13,845.320295434268,893.06021797937
2015-12-14,842.234898945928,889.814048194676
2015-12-15,856.309009261577,904.696652394846
2015-12-16,888.405924739847,938.341120313686
2015-12-17,892.260078517647,942.352833565108
2015-12-18,870.242500135968,919.162254354266
2015-12-19,870.655825443784,919.612683452972
2015-12-20,870.326184170236,919.27846543307
2015-12-21,870.168384579312,919.125660178733
2015-12-22,868.584103580249,917.466105780419
2015-12-23,896.52476120214,946.993051369612
2015-12-24,894.053106985792,944.436583203257
2015-12-25,892.556069649126,942.869436342916
2015-12-26,890.692154066428,940.914685815325
2015-12-27,888.711092746573,938.836115207809
2015-12-28,887.370222680824,937.433785442669
2015-12-29,903.99526802987,955.010923676827
2015-12-30,897.604074733289,948.335276118982
2015-12-31,891.359667725496,941.752211519751
2016-01-01,890.915767894847,941.297402305039
2016-01-02,880.945499288549,930.777509799769
2016-01-03,863.032010155975,911.864775196205
2016-01-04,853.283038239761,901.577955112291
2016-01-05,877.311811436557,926.980357379519
2016-01-06,856.366986918533,905.166728051565
2016-01-07,799.862710425262,845.456254395988
2016-01-08,787.485407786412,832.386193788317
2016-01-09,783.2835338665,827.957310641969
2016-01-10,778.794277354372,823.22452836652
2016-01-11,776.59170511601,820.90873167126
2016-01-12,787.741056878488,832.706731244023
2016-01-13,776.065293973164,820.464424427392
2016-01-14,768.09432386559,812.049830609868
2016-01-15,737.188858800625,779.38801585931
2016-01-16,734.722660988941,776.792419932312
2016-01-17,733.116969092393,775.106520323549
2016-01-18,732.863166626652,774.849895659629
2016-01-19,743.88485902674,786.514740129166
2016-01-20,708.97990090297,749.895341252334
2016-01-21,715.321934386583,756.614706911015
2016-01-22,764.874530670667,808.80548576574
2016-01-23,760.659201808867,804.502258304131
2016-01-24,754.916968508473,798.441209413732
2016-01-25,750.847308649735,794.148983684894
2016-01-26,759.25391197787,803.052395435917
2016-01-27,749.922217906917,793.249184311907
2016-01-28,750.314716924445,793.676342907549
2016-01-29,778.026121112704,822.992837914761
2016-01-30,780.760909459884,825.845870426259
2016-01-31,784.749161670362,830.069610561246
2016-02-01,787.252674887702,832.723375189071
2016-02-02,754.330522121334,797.968100490629
2016-02-03,752.884004410068,796.449968106153
2016-02-04,726.729880002106,768.794448770099
2016-02-05,706.085222302129,746.966453291392
2016-02-06,701.678627764576,742.316011827363
2016-02-07,700.836586257693,741.436417820783
2016-02-08,696.531802395372,736.893461728524
2016-02-09,670.818747945616,709.701550855112
2016-02-10,667.151662632254,705.832638358413
2016-02-11,639.282727050784,676.358543914073
2016-02-12,661.041181117224,699.389121449335
2016-02-13,672.224484645449,711.036205436443
2016-02-14,680.513215712009,719.743232788116
2016-02-15,689.414188488262,729.111366174968
2016-02-16,705.486212888622,746.010817811808
2016-02-17,730.656519023836,772.337894640945
2016-02-18,739.238801786067,781.267823902718
2016-02-19,732.124426787508,773.802906680036
2016-02-20,739.400471545933,781.50485660098
2016-02-21,752.50052419793,795.294054117179
2016-02-22,760.356730047464,803.536969469981
2016-02-23,747.500470617299,790.031848586159
2016-02-24,743.510709572822,785.827015949849
2016-02-25,754.27006468173,797.210605912706
2016-02-26,758.645577237565,801.813903141464
2016-02-27,761.705763830578,805.050950876677
2016-02-28,765.814672653952,809.396990361704
2016-02-29,768.709415363021,812.460347670496
2016-03-01,798.790568340734,844.205481795865
2016-03-02,816.346531787835,862.423113550591
2016-03-03,821.754742877132,868.089906112633
2016-03-04,822.616004854688,869.009756769063
2016-03-05,823.63070891483,870.094214316758
2016-03-06,824.748583634186,871.287518365417
2016-03-07,825.655261818901,872.257819872566
2016-03-08,800.264675314798,845.462603705404
2016-03-09,812.683827665531,858.595946746853
2016-03-10,829.581857623159,876.32445974449
2016-03-11,823.60498648839,870.087120362963
2016-03-12,822.6442314264,869.085283529915
2016-03-13,821.684613221404,868.084628706516
2016-03-14,821.022287735358,867.398017618268
2016-03-15,812.322514610339,858.219946227043
2016-03-16,821.197143140852,867.609011106658
2016-03-17,809.920615080393,855.772744447586
2016-03-18,818.849883905534,865.220493789158
2016-03-19,818.94620250489,865.334588899597
2016-03-20,818.764273412105,865.155480076521
2016-03-21,818.857218393153,865.266803038508
2016-03-22,827.764985819957,874.691771641354
2016-03-23,820.959749335364,867.55261967137
2016-03-24,813.755235078792,859.952371751817
2016-03-25,814.439598750585,860.688624005694
2016-03-26,814.401122181207,860.661005369492
2016-03-27,814.188863316095,860.449734442103
2016-03-28,814.087636040657,860.355803730201
2016-03-29,821.554623916633,868.260213732213
2016-03-30,821.771693672641,868.501534612555
2016-03-31,809.336754487594,855.374679004149
2016-04-01,793.766842700638,838.932053364916
2016-04-02,796.171672042958,841.486429844034
2016-04-03,799.266608322299,844.765174645523
2016-04-04,801.758484785062,847.406472317808
2016-04-05,781.346207247277,825.878732221826
2016-04-06,798.070264365111,843.56848489104
2016-04-07,784.194448167826,829.06797062516
2016-04-08,795.015067947672,840.520336422564
2016-04-09,794.449225756164,839.938638961789
2016-04-10,793.373877246304,838.814437038979
2016-04-11,792.751930118171,838.169583257043
2016-04-12,803.813795831586,849.877899180218
2016-04-13,839.959287416571,887.843455236892
2016-04-14,852.529250773053,900.86019143938
2016-04-15,846.613296978597,894.666470717735
2016-04-16,846.218069191396,894.262373030658
2016-04-17,846.781135253668,894.870957920616
2016-04-18,847.118254681216,895.240647664599
2016-04-19,859.364294748654,908.19300607335
2016-04-20,855.209938162055,903.847414514777
2016-04-21,855.658636970466,904.335329486245
2016-04-22,864.023868611798,913.187588860846
2016-04-23,861.857203667517,910.922395113817
2016-04-24,860.118999776368,909.099033911136
2016-04-25,859.407933397281,908.361258326435
2016-04-26,859.503379844443,908.475908621398
2016-04-27,857.609521793808,906.488067095514
2016-04-28,842.076886865518,890.083900520241
2016-04-29,828.902231186825,876.171643438011
2016-04-30,825.319192747764,872.397554972648
2016-05-01,823.10358759041,870.068778607358
2016-05-02,819.477782156692,866.249279018858
2016-05-03,791.106616054311,836.271954817758
2016-05-04,786.025550471884,830.913481767305
2016-05-05,792.307644323346,837.566920557002
2016-05-06,795.09856799125,840.518024413673
2016-05-07,796.302801707585,841.801461750536
2016-05-08,797.288232866754,842.855107730699
2016-05-09,798.495788805825,844.143597351711
2016-05-10,819.708528557957,866.564269400528
2016-05-11,807.450952738339,853.786326501223
2016-05-12,807.475760737201,853.825496181753
2016-05-13,798.998390383853,844.874818675648
2016-05-14,803.345390601421,849.484218958119
2016-05-15,810.135481363455,856.657438734908
2016-05-16,813.914986213874,860.650032645845
2016-05-17,809.908383260131,856.43616529979
2016-05-18,813.737472414345,860.498207292313
2016-05-19,811.350054450027,857.992535784868
2016-05-20,819.975946339261,867.127311650625
2016-05-21,819.247600656472,866.374062353087
2016-05-22,818.383792195277,865.473697261937
2016-05-23,817.686032118574,864.748903194207
2016-05-24,841.411813297758,889.853352336158
2016-05-25,860.593332684819,909.865544567266
2016-05-26,861.106499667373,910.415493587142
2016-05-27,866.07529603795,915.680943210496
2016-05-28,867.550209748631,917.249564273295
2016-05-29,870.074525674196,919.930037248455
2016-05-30,871.162038519714,921.092040046123
2016-05-31,866.748205421074,916.442174345818
2016-06-01,862.079020026432,911.519177676853
2016-06-02,861.52995405259,910.952432185255
2016-06-03,872.748766455768,922.828622891842
2016-06-04,868.761208888151,918.653142963597
2016-06-05,855.82653387819,904.989563017896
2016-06-06,851.556427167164,900.48787190622
2016-06-07,861.588858903049,911.110425038859
2016-06-08,863.152854715181,912.768180167938
2016-06-09,857.860219103798,907.190252263312
2016-06-10,839.577074104287,887.869504969371
2016-06-11,833.963305869048,881.946281148471
2016-06-12,829.929795669251,877.694060496976
2016-06-13,824.335473433979,871.791072519779
2016-06-14,815.626901235707,862.594368649579
2016-06-15,819.014808907162,866.190438386075
2016-06-16,820.535606355957,867.808501117432
2016-06-17,817.119787481476,864.212422662092
2016-06-18,820.958675071253,868.285651568883
2016-06-19,826.81833755427,874.481529059374
2016-06-20,834.326118885192,882.407001995304
2016-06-21,842.122380545937,890.628679028069
2016-06-22,846.968079728759,895.743145424963
2016-06-23,854.055800652088,903.231052144697
2016-06-24,820.171516909467,867.557992020933
2016-06-25,808.417828078381,855.138359193962
2016-06-26,798.439056329049,844.595844343138
2016-06-27,794.160628186382,840.082887775744
2016-06-28,810.556356686757,857.43942094957
2016-06-29,843.852451456627,892.316853615233
2016-06-30,862.15032131965,911.303688704075
2016-07-01,864.816322440514,914.106203929145
2016-07-02,865.240968382159,914.568137375414
2016-07-03,865.544506491664,914.90273460791
2016-07-04,865.784199169996,915.169890025285
2016-07-05,847.764669956223,896.13946403724
2016-07-06,852.670036593215,901.338314583115
2016-07-07,855.747465226869,904.595477336928
2016-07-08,874.820934525097,924.734782037168
2016-07-09,882.467799061063,932.743456598555
2016-07-10,888.08657652848,938.670956541336
2016-07-11,895.274282346194,946.258120023337
2016-07-12,903.823510137128,955.272086506554
2016-07-13,911.208366331051,963.054753655038
2016-07-14,907.915294018558,959.602760354923
2016-07-15,910.570569453816,962.423742435552
2016-07-16,915.943912910442,968.109155685778
2016-07-17,922.028821487024,974.536176735515
2016-07-18,926.682689862571,979.453415316986
2016-07-19,924.259730628183,976.913651509728
2016-07-20,936.988921275383,990.382809115292
2016-07-21,934.879000341057,988.182524127981
2016-07-22,936.178570563818,989.571164223401
2016-07-23,936.855796568074,990.301460615159
2016-07-24,937.932903023672,991.454555938304
2016-07-25,938.532901503861,992.103407432695
2016-07-26,938.382970009903,991.959990518541
2016-07-27,940.600296291364,994.318945385244
2016-07-28,925.421829074453,978.307937367492
2016-07-29,934.873331723276,988.31438903854
2016-07-30,931.303838604641,984.574738555522
2016-07-31,928.144455847389,981.249551436038
2016-08-01,924.338291683919,977.240478920175
2016-08-02,907.626179538861,959.586697144966
2016-08-03,901.877386196346,953.523334092952
2016-08-04,918.396391018339,971.002743810678
2016-08-05,925.863472381865,978.840625021843
2016-08-06,930.845573342419,984.101452097954
2016-08-07,937.596645840062,991.234429440014
2016-08-08,942.838324799699,996.770829284154
2016-08-09,953.77521541772,1008.31610521714
2016-08-10,935.651939874202,989.281163443849
2016-08-11,950.668881132167,1005.17383479968
2016-08-12,950.793360907501,1005.31923818741
2016-08-13,951.147838132914,1005.70924993398
2016-08-14,951.733386041598,1006.34348602005
2016-08-15,951.684002843662,1006.30652633832
2016-08-16,924.171432952927,977.230102697844
2016-08-17,926.936788509027,980.169031462726
2016-08-18,926.132247913296,979.334353498218
2016-08-19,919.334952176247,972.161427253021
2016-08-20,919.827136265944,972.696625984926
2016-08-21,921.141318313306,974.100667010729
2016-08-22,921.927517521916,974.946182279666
2016-08-23,922.699945180801,975.777416217621
2016-08-24,925.229075317366,978.465606977212
2016-08-25,918.269523768811,971.13060608966
2016-08-26,917.854059368397,970.705943459599
2016-08-27,922.547677699642,975.684544665618
2016-08-28,931.495160133314,985.137733823023
2016-08-29,936.086999607649,989.985374194655
2016-08-30,935.317081452883,989.188004767388
2016-08-31,936.316669535994,990.260152885981
2016-09-01,937.391048823584,991.410774122452
2016-09-02,942.252860582029,996.564688117286
2016-09-03,945.669683032208,1000.18402014375
2016-09-04,950.035609423167,1004.80828005267
2016-09-05,953.434698325197,1008.41012848073
2016-09-06,964.441253199238,1020.04557100531
2016-09-07,953.398304472197,1008.44781402424
2016-09-08,940.882326443676,995.22443664508
2016-09-09,906.429359778689,958.796673075332
2016-09-10,910.487100310212,963.103373391807
2016-09-11,914.15746572731,966.991580789404
2016-09-12,916.177307772151,969.138398899474
2016-09-13,892.330867738157,943.956433775734
2016-09-14,894.627332465206,946.400072601832
2016-09-15,901.425844152413,953.596888148848
2016-09-16,897.075093202187,949.026023715307
2016-09-17,903.395408553656,955.72674325125
2016-09-18,911.480839098248,964.264727014663
2016-09-19,916.086841747875,969.130278672487
2016-09-20,913.355843104345,966.26298891345
2016-09-21,938.181627644496,992.541484487126
2016-09-22,945.171206236821,999.852413799086
2016-09-23,937.911638643538,992.215658643049
2016-09-24,928.228103019904,981.98649866852
2016-09-25,917.534303666728,970.688249945904
2016-09-26,913.048997894815,965.957812561155
2016-09-27,926.008665524067,979.683103410519
2016-09-28,932.2421568808,986.24609557812
2016-09-29,927.562815540238,981.326911282343
2016-09-30,940.977162427907,995.533655426474
2016-10-01,937.720686696225,992.127743089167
2016-10-02,931.252679967699,985.299487162613
2016-10-03,927.580051638196,981.428636656007
2016-10-04,936.164205620333,990.525995730712
2016-10-05,931.216972963585,985.330394315903
2016-10-06,933.366175785901,987.619424846455
2016-10-07,934.597965337602,988.936188563601
2016-10-08,935.650585446666,990.064210321151
2016-10-09,937.556141170373,992.094376668806
2016-10-10,938.716850275943,993.336310487002
2016-10-11,930.876672464712,985.060302130382
2016-10-12,935.56723290782,990.038820224357
2016-10-13,923.943689068922,977.784545205839
2016-10-14,935.437350598997,989.962792530765
2016-10-15,934.199933194549,988.676027183066
2016-10-16,931.93686751026,986.295980821427
2016-10-17,930.425607441455,984.711527537733
2016-10-18,946.751735366895,1002.00512796061
2016-10-19,955.946231896444,1011.66683937966
2016-10-20,953.238104216791,1008.8295631598
2016-10-21,966.29249615127,1022.66055877799
2016-10-22,967.557069993844,1024.00498537405
2016-10-23,970.906363151652,1027.56278751756
2016-10-24,972.206027550276,1028.95138058804
2016-10-25,970.442117522129,1027.10136719176
2016-10-26,957.905343950663,1013.84820225784
2016-10-27,951.165341563172,1006.72994424325
2016-10-28,947.980067966834,1003.37385830835
2016-10-29,947.197275567776,1002.56053314042
2016-10-30,945.780007777087,1001.07562442131
2016-10-31,944.116000069918,999.329495097128
2016-11-01,923.139696149806,977.141606386044
2016-11-02,897.968162580593,950.512399206408
2016-11-03,896.523037451936,948.997114001725
2016-11-04,884.276731652268,936.048408207692
2016-11-05,893.62557549863,945.958788762283
2016-11-06,905.592464546408,958.574004560975
2016-11-07,916.854254975772,970.430640427454
2016-11-08,928.848739194298,983.063171832596
2016-11-09,931.062766138317,985.406003516378
2016-11-10,956.817170046584,1012.64581431347
2016-11-11,944.6272483858,999.932822842505
2016-11-12,947.415608315417,1002.89959489344
2016-11-13,955.32460281844,1011.27436156712
2016-11-14,960.073853380534,1016.29600252402
2016-11-15,972.70897415853,1029.65317538547
2016-11-16,982.217981300833,1039.66882851918
2016-11-17,988.40646192778,1046.20332479853
2016-11-18,994.137591617988,1052.2663169727
2016-11-19,998.279609933036,1056.65365394122
2016-11-20,1003.22209516543,1061.89013184711
2016-11-21,1008.23680514356,1067.20091303392
2016-11-22,1016.16045542553,1075.58303878486
2016-11-23,1015.10143760951,1074.48255461263
2016-11-24,1028.42282791771,1088.59950567961
2016-11-25,1028.91745576046,1089.13582087882
2016-11-26,1027.43792727011,1087.58660332279
2016-11-27,1024.52000689581,1084.51434984668
2016-11-28,1023.20426600654,1083.13800259708
2016-11-29,1027.12558065172,1087.30543057427
2016-11-30,1013.43877804217,1072.86110617149
2016-12-01,1010.23976097376,1069.49077641825
2016-12-02,1006.34722484826,1065.38615098788
2016-12-03,1004.62165127162,1063.57549614939
2016-12-04,1004.70171118452,1063.6763780369
2016-12-05,1004.8914133526,1063.89331673136
2016-12-06,1010.91504835699,1070.28598937619
2016-12-07,1035.84273394018,1096.61446280322
2016-12-08,1036.54756254646,1097.36765774896
2016-12-09,1083.72402125566,1147.31103383513
2016-12-10,1081.01739515986,1144.52411458925
2016-12-11,1077.93105502352,1141.27381615014
2016-12-12,1074.79141783763,1137.9669798427
2016-12-13,1088.39195129856,1152.38419871735
2016-12-14,1069.0578559979,1132.05886237358
2016-12-15,1101.33571355395,1166.25606327762
2016-12-16,1096.77092599143,1161.50996012244
2016-12-17,1097.97764873237,1162.80552214956
2016-12-18,1100.44979891476,1165.43972540463
2016-12-19,1103.48890907265,1168.67222807671
2016-12-20,1118.9391099428,1185.02981090961
2016-12-21,1105.20693572736,1170.60457429473
2016-12-22,1095.66554273134,1160.51634771381
2016-12-23,1096.54706996072,1161.46764409837
2016-12-24,1096.5027280609,1161.43828391252
2016-12-25,1096.14456439732,1161.07652448951
2016-12-26,1096.08820514132,1161.03442836872
2016-12-27,1099.08143301739,1164.22261751355
2016-12-28,1099.57761649725,1164.76504728007
2016-12-29,1093.50826524557,1158.35513808735
2016-12-30,1074.34959860484,1138.07787506738
2016-12-31,1077.31954480807,1141.24124049671
2017-01-01,1083.70956807899,1148.01809631049
2017-01-02,1091.86972641616,1156.65406289657
2017-01-03,1115.93813715372,1182.0724633028
2017-01-04,1123.83596436168,1190.36583831131
2017-01-05,1122.45713970753,1188.92825024371
2017-01-06,1104.61044356204,1170.04268359031
2017-01-07,1106.77998973451,1172.3584545183
2017-01-08,1110.23138172895,1176.02834672649
2017-01-09,1112.25983624152,1178.19133556109
2017-01-10,1106.43968240998,1172.04971167954
2017-01-11,1118.62429762418,1184.97459464437
2017-01-12,1090.1805137587,1155.02614607716
2017-01-13,1098.89736271138,1164.27896214883
2017-01-14,1101.64162579461,1167.19228747787
2017-01-15,1103.37790471692,1169.04714505867
2017-01-16,1105.95845564913,1171.79671060301
2017-01-17,1087.81621026018,1152.61498812746
2017-01-18,1095.86137141792,1161.1568240256
2017-01-19,1083.59332688457,1148.22320709817
2017-01-20,1097.93432470975,1163.4369336929
2017-01-21,1093.77885859401,1159.0796421067
2017-01-22,1087.81767857633,1152.78010330311
2017-01-23,1081.81333238035,1146.43463914631
2017-01-24,1086.74589485268,1151.67919453303
2017-01-25,1105.14912555497,1171.15456626308
2017-01-26,1112.95093084961,1179.37083419323
2017-01-27,1116.32998780651,1182.95676327224
2017-01-28,1116.58482925336,1183.24421608052
2017-01-29,1114.19858287081,1180.733758515
2017-01-30,1113.73134744754,1180.25649188747
2017-01-31,1087.19717848735,1152.15524831322
2017-02-01,1082.31609730566,1146.99996770706
2017-02-02,1081.28338547676,1145.922888336
2017-02-03,1106.99854641225,1173.19265229906
2017-02-04,1107.01693166624,1173.22897218432
2017-02-05,1106.00436234388,1172.17362634604
2017-02-06,1105.98226603817,1172.16794692351
2017-02-07,1111.86440205236,1178.41973256501
2017-02-08,1120.1556666319,1187.20151771019
2017-02-09,1121.5344738294,1188.67517670041
2017-02-10,1144.027481262,1212.51753306213
2017-02-11,1149.26963641978,1218.03658653148
2017-02-12,1153.38402855225,1222.40559551761
2017-02-13,1155.33022383049,1224.48293256662
2017-02-14,1156.79486984967,1226.05238483154
2017-02-15,1185.20251750566,1256.15952429743
2017-02-16,1168.66843750364,1238.86397640226
2017-02-17,1167.28632333914,1237.41759628838
2017-02-18,1169.00182646448,1239.25489240776
2017-02-19,1172.34087027198,1242.81062344032
2017-02-20,1176.26024755958,1246.97830048378
2017-02-21,1201.74566528225,1273.96913681149
2017-02-22,1208.139088361,1280.69360026405
2017-02-23,1198.83770346135,1270.87861290277
2017-02-24,1183.35895883774,1254.48895375723
2017-02-25,1184.66184229966,1255.88914052704
2017-02-26,1187.09888416684,1258.49019729056
2017-02-27,1188.32029433313,1259.80268309209
2017-02-28,1181.74164229979,1252.85107780527
2017-03-01,1217.30669327929,1290.57516174151
2017-03-02,1212.73841576815,1285.82135845166
2017-03-03,1199.72800935151,1272.04636949682
2017-03-04,1195.95690765451,1268.06720298189
2017-03-05,1192.77238454717,1264.70985193855
2017-03-06,1190.71328197862,1262.54570544834
2017-03-07,1189.02790638186,1260.77776522007
2017-03-08,1186.63843339718,1258.26318135488
2017-03-09,1186.04793252885,1257.65608512375
2017-03-10,1186.06177746696,1257.68980014391
2017-03-11,1183.9310649551,1255.44950763478
2017-03-12,1182.15219508899,1253.58218095472
2017-03-13,1181.68240054471,1253.10297764846
2017-03-14,1181.19661113183,1252.60678605422
2017-03-15,1197.00643009431,1269.39136382274
2017-03-16,1190.95246466027,1263.03264127203
2017-03-17,1188.09294618405,1260.01917551181
2017-03-18,1186.52733657829,1258.37785250531
2017-03-19,1185.26696767812,1257.06020314575
2017-03-20,1183.72620622671,1255.44514306649
2017-03-21,1157.10087901424,1227.22565229221
2017-03-22,1150.3049797621,1220.03647194627
2017-03-23,1157.67522756117,1227.87196640842
2017-03-24,1154.91412752683,1224.97122715784
2017-03-25,1148.98071401406,1218.69643451246
2017-03-26,1141.09519087889,1210.35089005733
2017-03-27,1135.47326688977,1204.40608093114
2017-03-28,1158.01935797415,1228.33913981902
2017-03-29,1181.68562259573,1253.21550120228
2017-03-30,1187.41482283786,1259.2500305266
2017-03-31,1187.67752385159,1259.54686719341
2017-04-01,1188.32127267837,1260.2485264209
2017-04-02,1189.14151285242,1261.13721189309
2017-04-03,1190.78059995317,1262.89396182245
2017-04-04,1194.35224877558,1266.69827468961
2017-04-05,1184.92387450149,1256.73304306473
2017-04-06,1187.25470500697,1259.22414542888
2017-04-07,1193.57650421353,1265.94140706723
2017-04-08,1199.01903452754,1271.71749674121
2017-04-09,1203.81666240214,1276.81349287735
2017-04-10,1206.10174086908,1279.25146008137
2017-04-11,1197.89116706849,1270.57065816804
2017-04-12,1195.75573837765,1268.32489811946
2017-04-13,1180.11574714809,1251.7549282947
2017-04-14,1175.44553524916,1246.82015592447
2017-04-15,1177.3959475938,1248.90787738041
2017-04-16,1184.3852462193,1256.33420780589
2017-04-17,1186.3664539399,1258.44835061276
2017-04-18,1171.98705761561,1243.22731840878
2017-04-19,1158.8876426084,1229.35046731463
2017-04-20,1169.16313325554,1240.26933919789
2017-04-21,1175.20141504707,1246.66503540464
2017-04-22,1174.16643105675,1245.58865008398
2017-04-23,1175.30630813977,1246.816711607
2017-04-24,1178.50264426146,1250.22464018328
2017-04-25,1183.88340163957,1255.94381727949
2017-04-26,1183.93601819325,1256.01837284727
2017-04-27,1184.79368016258,1256.94722655018
2017-04-28,1170.67321161889,1241.99162091421
2017-04-29,1172.02213305602,1243.44152247601
2017-04-30,1174.89534564598,1246.5067688129
2017-05-01,1178.40759136267,1250.24722780851
2017-05-02,1185.66169386546,1257.95076015222
2017-05-03,1180.96990085913,1253.00705779338
2017-05-04,1181.82921391116,1253.93775084495
2017-05-05,1185.62032421908,1257.97756445734
2017-05-06,1187.95346231031,1260.46801477992
2017-05-07,1190.88726576978,1263.59678372663
2017-05-08,1193.55148407146,1266.43916643961
2017-05-09,1201.72504344651,1275.12108884264
2017-05-10,1207.51819144701,1281.26612200636
2017-05-11,1209.27056061903,1283.14027482503
2017-05-12,1208.43046730031,1282.26890520569
2017-05-13,1206.7948076531,1280.5527086844
2017-05-14,1203.81160386831,1277.40656299124
2017-05-15,1199.49217321978,1272.84239676817
2017-05-16,1187.64615865161,1260.2912563248
2017-05-17,1147.88740385156,1218.11964017679
2017-05-18,1138.92515492018,1208.6274870828
2017-05-19,1145.47187740463,1215.59316834829
2017-05-20,1145.12193703538,1215.24109531756
2017-05-21,1144.36600954872,1214.45727494315
2017-05-22,1145.49237208144,1215.67100692485
2017-05-23,1153.3705059987,1224.04584196009
2017-05-24,1159.38351354199,1230.42368768758
2017-05-25,1164.91546965914,1236.29781131891
2017-05-26,1166.8923772959,1238.40940739913
2017-05-27,1167.05146479149,1238.5967896477
2017-05-28,1167.33777538753,1238.9193676284
2017-05-29,1167.49892415376,1239.10911740649
2017-05-30,1168.07228209356,1239.73633969608
2017-05-31,1158.67270354945,1229.7815153585
2017-06-01,1172.52114394349,1244.49846328363
2017-06-02,1187.82725401719,1260.66627945074
2017-06-03,1184.94167045528,1257.64198078055
2017-06-04,1181.45147005941,1253.95668880733
2017-06-05,1178.00433648421,1250.3169915405
2017-06-06,1169.57350390453,1241.38755231912
2017-06-07,1179.35144390431,1251.78466610866
2017-06-08,1174.87790198735,1247.07485474089
2017-06-09,1184.24415348283,1257.03554867344
2017-06-10,1179.62083552883,1252.16635062298
2017-06-11,1172.42211863681,1244.54386906392
2017-06-12,1167.96876403092,1239.83540723745
2017-06-13,1180.17971475043,1252.81647984335
2017-06-14,1186.2023406621,1259.19517789732
2017-06-15,1176.28532995613,1248.71353567443
2017-06-16,1183.25012949368,1256.12607781007
2017-06-17,1188.02112443909,1261.19470641075
2017-06-18,1191.14859306764,1264.52705189808
2017-06-19,1193.51682378363,1267.05688462377
2017-06-20,1186.26006854049,1259.3799274533
2017-06-21,1184.89733420268,1257.95225999666
2017-06-22,1182.80791776626,1255.75305992828
2017-06-23,1186.4649118442,1259.65459614308
2017-06-24,1187.81007815641,1261.09947069482
2017-06-25,1188.47035900528,1261.81912870394
2017-06-26,1188.41772399724,1261.78234400052
2017-06-27,1157.90283664909,1229.40288792111
2017-06-28,1152.4637337362,1223.64653860587
2017-06-29,1132.69680005485,1202.67720328751
2017-06-30,1128.81431245835,1198.57304873736
2017-07-01,1132.52886062374,1202.53529055288
2017-07-02,1138.43796928581,1208.81731836402
2017-07-03,1142.78922358317,1213.44363359756
2017-07-04,1142.33058513508,1212.97582644275
2017-07-05,1149.58454968589,1220.69675960749
2017-07-06,1125.91027779388,1195.65624351155
2017-07-07,1124.03641018248,1193.68439246376
2017-07-08,1127.80069694896,1197.69999299606
2017-07-09,1132.20337336578,1202.3856473209
2017-07-10,1134.73968831572,1205.09197493063
2017-07-11,1131.95263929314,1202.15367156765
2017-07-12,1144.22834804214,1215.20888467062
2017-07-13,1157.82479626973,1229.58901241935
2017-07-14,1171.63193046149,1244.18465014473
2017-07-15,1170.48464414906,1242.9919097022
2017-07-16,1167.31629599062,1239.64611219791
2017-07-17,1163.67421039976,1235.79711922616
2017-07-18,1146.52743041119,1217.6063071349
2017-07-19,1162.04781500618,1234.10731308434
2017-07-20,1176.60912910048,1249.48618709171
2017-07-21,1140.32386567335,1211.20820844552
2017-07-22,1138.49418845707,1209.28313034952
2017-07-23,1137.06784535187,1207.78640246561
2017-07-24,1136.11908808181,1206.79692376326
2017-07-25,1132.42062947285,1202.88665513495
2017-07-26,1143.62777964749,1214.80938962121
2017-07-27,1137.33214201223,1208.1729188453
2017-07-28,1125.81813428394,1195.96002119498
2017-07-29,1126.25952499134,1196.44701599246
2017-07-30,1126.94068112113,1197.18855198287
2017-07-31,1127.69681935558,1198.00965806938
2017-08-01,1121.5660194547,1191.51705895938
2017-08-02,1118.67306494792,1188.46170290068
2017-08-03,1110.17304154397,1179.44939525509
2017-08-04,1108.54155471425,1177.73395169462
2017-08-05,1113.14187337632,1182.63923638899
2017-08-06,1123.31353765661,1193.44111651028
2017-08-07,1127.83312071706,1198.23887404305
2017-08-08,1120.44804855959,1190.42657302357
2017-08-09,1129.04458844152,1199.57803558482
2017-08-10,1104.81965407141,1173.95627714087
2017-08-11,1092.93720481448,1161.34802129535
2017-08-12,1094.13037282002,1162.63345257451
2017-08-13,1101.67254055654,1170.66082613555
2017-08-14,1104.38919609624,1173.55517038132
2017-08-15,1110.91146404168,1180.49496042866
2017-08-16,1124.51777113288,1194.92850611535
2017-08-17,1109.92671762894,1179.53520001153
2017-08-18,1094.97385715609,1163.66243769224
2017-08-19,1094.24698520068,1162.90758209648
2017-08-20,1094.09915725516,1162.76807324348
2017-08-21,1093.81858065193,1162.48749292326
2017-08-22,1107.11683616846,1176.63819335127
2017-08-23,1099.67740181525,1168.79673016633
2017-08-24,1097.6169100326,1166.62442217646
2017-08-25,1102.90022023923,1172.25755199809
2017-08-26,1099.98603988428,1169.18520165248
2017-08-27,1092.75089288151,1161.51260020536
2017-08-28,1082.8974089715,1151.05666140273
2017-08-29,1058.84839230885,1125.51138451198
2017-08-30,1086.52786409725,1154.95053740329
2017-08-31,1115.50210391974,1185.37307374423
2017-09-01,1104.71097614227,1174.06864389038
2017-09-02,1104.62232453012,1173.99219818379
2017-09-03,1103.93359954088,1173.27798780664
2017-09-04,1103.06913706592,1172.37697908239
2017-09-05,1097.61197169237,1166.59468051651
2017-09-06,1094.15000893834,1162.93279098792
2017-09-07,1094.23667986682,1163.04251774534
2017-09-08,1078.31373229079,1146.13702577511
2017-09-09,1085.94230594956,1154.26276192419
2017-09-10,1096.57658707306,1165.54336370106
2017-09-11,1108.58875215903,1178.26657009895
2017-09-12,1127.51620412049,1198.2927319489
2017-09-13,1116.68873773896,1186.89906993253
2017-09-14,1131.47593619781,1202.63396199088
2017-09-15,1121.64379023625,1192.26982184641
2017-09-16,1124.56166546807,1195.38947160503
2017-09-17,1127.02930336679,1198.02707617471
2017-09-18,1129.92930759312,1201.12439100049
2017-09-19,1130.08762644063,1201.31057064641
2017-09-20,1126.70739458779,1197.73582188351
2017-09-21,1136.71309609891,1208.39042306444
2017-09-22,1128.9028857057,1200.1424891866
2017-09-23,1130.27018295998,1201.61424063702
2017-09-24,1133.67411812905,1205.24890118361
2017-09-25,1137.82660805501,1209.67498386596
2017-09-26,1145.37860335218,1217.70723480973
2017-09-27,1160.05240196607,1233.27425361355
2017-09-28,1155.97991068935,1228.99029209752
2017-09-29,1161.22507532768,1234.58533155601
2017-09-30,1165.65691103284,1239.30493220684
2017-10-01,1173.52262143798,1247.67021226275
2017-10-02,1178.02247134955,1252.45695815413
2017-10-03,1184.90801342528,1259.7823261048
2017-10-04,1180.6736131504,1255.31238189065
2017-10-05,1195.58306210606,1271.18335983343
2017-10-06,1200.8604701699,1276.77818865197
2017-10-07,1198.76199794875,1274.5711327318
2017-10-08,1195.28690856987,1270.89556759584
2017-10-09,1191.15656312313,1266.52319155418
2017-10-10,1192.68500262047,1268.16751382532
2017-10-11,1190.36374771622,1265.72015036507
2017-10-12,1185.44263454206,1260.50666592371
2017-10-13,1200.27587014443,1276.2982411386
2017-10-14,1202.369667755,1278.52976004215
2017-10-15,1204.06223720093,1280.3472350346
2017-10-16,1205.05797528468,1281.42462662007
2017-10-17,1209.8328140465,1286.51919980426
2017-10-18,1215.47502162321,1292.52640948756
2017-10-19,1198.51580265222,1274.55366351925
2017-10-20,1204.90756882505,1281.37023777879
2017-10-21,1208.11161562395,1284.78771155074
2017-10-22,1211.19920395506,1288.08620523096
2017-10-23,1214.07551768536,1291.16055922375
2017-10-24,1210.47104910084,1287.35132242642
2017-10-25,1197.45207283361,1273.52495945967
2017-10-26,1204.79282608729,1281.35134757263
2017-10-27,1245.54448231011,1324.57862376081
2017-10-28,1245.55466331647,1324.6082234624
2017-10-29,1245.40418788255,1324.46825097836
2017-10-30,1245.39905048141,1324.48282935271
2017-10-31,1243.23904502453,1322.20575701514
2017-11-01,1256.1016686653,1335.90538058957
2017-11-02,1250.93833780483,1330.46213297094
2017-11-03,1250.51279396919,1330.02967027561
2017-11-04,1254.91443361719,1334.73132895403
2017-11-05,1261.16213851827,1341.38466841283
2017-11-06,1267.6920068865,1348.33271175479
2017-11-07,1274.76543354391,1355.85686023698
2017-11-08,1272.93279695115,1353.93340366153
2017-11-09,1255.35754756235,1335.26027472516
2017-11-10,1246.79260810628,1326.17039637067
2017-11-11,1244.45728680867,1323.70646676889
2017-11-12,1242.70534826952,1321.8629937639
2017-11-13,1240.35152987398,1319.37925669867
2017-11-14,1216.38890950415,1293.90984476425
2017-11-15,1183.82005162366,1259.28494508188
2017-11-16,1217.16917883331,1294.77903766058
2017-11-17,1212.27214043179,1289.65993704355
2017-11-18,1213.58061131804,1291.07146214271
2017-11-19,1215.55078009886,1293.18575167274
2017-11-20,1217.71001209329,1295.50048961194
2017-11-21,1246.77216015263,1326.41059917587
2017-11-22,1244.83764735976,1324.39579982578
2017-11-23,1226.44711224505,1304.84996832332
2017-11-24,1227.50671755061,1305.99706279636
2017-11-25,1220.04903986278,1298.08588330106
2017-11-26,1211.64332954075,1289.1621763813
2017-11-27,1205.73143259686,1282.89156383351
2017-11-28,1230.47000980134,1309.23269555566
2017-11-29,1241.6374086316,1321.01431563046
2017-11-30,1243.90160928126,1323.43225240115
2017-12-01,1226.70748888262,1305.17566714151
2017-12-02,1228.18337659313,1306.76569531719
2017-12-03,1230.46890876372,1309.21565244077
2017-12-04,1232.9660579347,1311.88981772407
2017-12-05,1228.989383757,1307.68274570113
2017-12-06,1225.26715710395,1303.74195887478
2017-12-07,1237.34540222548,1316.61349588382
2017-12-08,1259.87186186906,1340.48508417176
2017-12-09,1262.02670712664,1342.7771332775
2017-12-10,1259.82299265186,1340.45469070401
2017-12-11,1258.95288619539,1339.54916968802
2017-12-12,1265.8124889213,1346.86818127593
2017-12-13,1274.96952948192,1356.60514538888
2017-12-14,1244.99916859104,1324.85077664405
2017-12-15,1261.0433354754,1341.94403559307
2017-12-16,1269.76659683379,1351.18751975777
2017-12-17,1278.42650110999,1360.39146310572
2017-12-18,1286.33812025393,1368.80215198353
2017-12-19,1272.51989756984,1354.16385903726
2017-12-20,1267.10666328526,1348.42380954634
2017-12-21,1270.22972810071,1351.76770198365
2017-12-22,1272.01293198516,1353.68336164373
2017-12-23,1272.30913426339,1354.01879186138
2017-12-24,1271.09354120468,1352.74580378547
2017-12-25,1268.80684395379,1350.33268398896
2017-12-26,1264.96142169073,1346.26061635203
2017-12-27,1268.30982118526,1349.844592751
2017-12-28,1266.73175295858,1348.1876759596
2017-12-29,1251.94621294211,1332.47176728474
2017-12-30,1245.97728256262,1326.13907953386
2017-12-31,1240.99319085335,1320.85439637235
2018-01-01,1237.4461173628,1317.09906131364
2018-01-02,1254.93814052344,1335.73696748663
2018-01-03,1275.35842763266,1357.33972714532
2018-01-04,1286.77739724828,1369.41647315503
2018-01-05,1307.87962115582,1391.79571190336
2018-01-06,1313.53738702443,1397.78869507664
2018-01-07,1319.37293324378,1404.00622706064
2018-01-08,1326.54306288886,1411.64039148647
2018-01-09,1339.62844131579,1425.54855683681
2018-01-10,1324.74396612003,1409.80799278886
2018-01-11,1329.34572708471,1414.72657340719
2018-01-12,1320.4145295335,1405.25973235821
2018-01-13,1310.56574016777,1394.79936384295
2018-01-14,1302.57106521545,1386.31196670939
2018-01-15,1299.94259243615,1383.53549762127
2018-01-16,1305.94042121309,1389.93996531272
2018-01-17,1325.06734788451,1410.27076882293
2018-01-18,1316.12388455394,1400.84168153255
2018-01-19,1324.33735563357,1409.6050503569
2018-01-20,1331.10079727644,1416.80256140263
2018-01-21,1336.94656529814,1423.03010122789
2018-01-22,1343.72137238512,1430.24664366158
2018-01-23,1354.7409372241,1441.96751558036
2018-01-24,1336.20921743919,1422.3444523401
2018-01-25,1327.70277630577,1413.31119082028
2018-01-26,1339.1014894809,1425.46627581756
2018-01-27,1338.94535131437,1425.3220440188
2018-01-28,1339.30799495024,1425.72966564872
2018-01-29,1334.60748995342,1420.74822334017
2018-01-30,1299.45515226673,1383.3485269661
2018-01-31,1292.81031179321,1376.29562633586
2018-02-01,1290.53493019943,1373.89414691406
2018-02-02,1237.38427285015,1317.33113772196
2018-02-03,1208.0580553734,1286.13011058375
2018-02-04,1187.53720396204,1264.3025463539
2018-02-05,1174.61033275471,1250.55918561704
2018-02-06,1183.1088452101,1259.62614211291
2018-02-07,1182.8899970874,1259.41281898538
2018-02-08,1141.16836797373,1215.01122025145
2018-02-09,1138.43777138193,1212.1223237805
2018-02-10,1147.31386619054,1221.59127040818
2018-02-11,1158.10053711328,1233.04980732798
2018-02-12,1167.34377115002,1242.86388742992
2018-02-13,1161.49484618479,1236.67971948693
2018-02-14,1188.77084152339,1265.74004411448
2018-02-15,1190.56902418008,1267.65105347309
2018-02-16,1202.42206641167,1280.28102426785
2018-02-17,1205.77839832249,1283.85606672714
2018-02-18,1208.05208466123,1286.29292703318
2018-02-19,1211.15991290872,1289.6182584371
2018-02-20,1213.60917298949,1292.2422187554
2018-02-21,1214.99092973919,1293.73148067378
2018-02-22,1219.23699285662,1298.2695870326
2018-02-23,1242.54547718224,1323.0646955445
2018-02-24,1249.95151028032,1330.89615188698
2018-02-25,1255.87661834776,1337.20640866314
2018-02-26,1258.73623324643,1340.26408028254
2018-02-27,1241.00723118252,1321.42880355323
2018-02-28,1231.35177441951,1311.16764360895
2018-03-01,1210.96787526844,1289.48230805993
2018-03-02,1180.66851402955,1257.23797644662
2018-03-03,1183.04457729194,1259.78716716433
2018-03-04,1189.22924811217,1266.38525457955
2018-03-05,1196.7787997306,1274.42254434439
2018-03-06,1192.42628646147,1269.82140037284
2018-03-07,1188.45388411348,1265.61038835102
2018-03-08,1198.80837787043,1276.65627203301
2018-03-09,1251.20921598731,1332.23654076525
2018-03-10,1254.18042334486,1335.35315955203
2018-03-11,1256.68235423775,1338.03406842903
2018-03-12,1257.72174804934,1339.15980520845
2018-03-13,1232.86778043175,1312.72835723037
2018-03-14,1223.49625488589,1302.7696530942
2018-03-15,1227.60679798391,1307.16625373184
2018-03-16,1235.68461009786,1315.77263346472
2018-03-17,1228.48390105956,1308.15009593861
2018-03-18,1214.78625229233,1293.58396583118
2018-03-19,1207.75531425125,1286.11655233626
2018-03-20,1216.37075612046,1295.31045310436
2018-03-21,1212.69834499059,1291.43302821127
2018-03-22,1167.39518567708,1243.20810829392
2018-03-23,1120.07887547064,1192.83780116327
2018-03-24,1124.00028643986,1197.03200106923
2018-03-25,1136.29149153949,1210.11667065641
2018-03-26,1141.97228239898,1216.15177253837
2018-03-27,1136.04726971946,1209.87582715551
2018-03-28,1120.72855535554,1193.57991094187
2018-03-29,1153.75414623942,1228.77034465587
2018-03-30,1155.93670293903,1231.07919019155
2018-03-31,1149.61038680545,1224.36654441933
2018-04-01,1135.23793485525,1209.07801538389
2018-04-02,1129.15928459511,1202.62229128717
2018-04-03,1139.88063957432,1214.05938416856
2018-04-04,1154.7142245521,1229.80166132075
2018-04-05,1179.7196090365,1256.2811838955
2018-04-06,1156.15109072749,1231.46468986763
2018-04-07,1156.64506406559,1232.0094921378
2018-04-08,1154.48822087337,1229.73129907578
2018-04-09,1151.70589314882,1226.78625032504
2018-04-10,1172.33519246219,1248.77895559531
2018-04-11,1160.70311669887,1236.51606179018
2018-04-12,1180.88697556613,1258.03697943325
2018-04-13,1178.60814850749,1255.64856643557
2018-04-14,1177.63006130876,1254.62555860748
2018-04-15,1175.86209195657,1252.76099137211
2018-04-16,1177.79581335614,1254.84014033089
2018-04-17,1197.03167556997,1275.33589394524
2018-04-18,1201.17735228839,1279.73600261843
2018-04-19,1196.75083420316,1275.04737018863
2018-04-20,1190.96450660803,1268.90178084168
2018-04-21,1193.96811141791,1272.12115546925
2018-04-22,1196.90301720884,1275.26333118092
2018-04-23,1199.83728225513,1278.40502686552
2018-04-24,1188.04799302681,1265.87866202649
2018-04-25,1185.52570562593,1263.21030271698
2018-04-26,1205.98964342756,1285.03431807106
2018-04-27,1232.51339099485,1313.07493287251
2018-04-28,1230.0964700211,1310.5464946641
2018-04-29,1226.627962732,1306.87098033298
2018-04-30,1223.04507731344,1303.07348958808
2018-05-01,1227.09262740922,1307.40561309591
2018-05-02,1224.37443517711,1304.53404541861
2018-05-03,1218.88759210863,1298.70772480734
2018-05-04,1242.26099331275,1323.6314153882
2018-05-05,1250.95896860871,1332.8311066664
2018-05-06,1258.9996201679,1341.38850257774
2018-05-07,1265.29169249074,1348.09098471688
2018-05-08,1271.10629173568,1354.2908629255
2018-05-09,1285.4306098633,1369.53782435187
2018-05-10,1304.6466222011,1389.91744296789
2018-05-11,1304.17372244122,1389.43783457702
2018-05-12,1301.3513512724,1386.4519765624
2018-05-13,1299.28622292325,1384.2727896309
2018-05-14,1298.24338584053,1383.1826918509
2018-05-15,1299.0392250734,1384.05153825775
2018-05-16,1325.69121817736,1412.45921639976
2018-05-17,1321.48228811028,1408.04062052595
2018-05-18,1320.35851439953,1406.8645563691
2018-05-19,1325.21006874744,1412.0552711841
2018-05-20,1332.5247285406,1419.85606141301
2018-05-21,1336.16390050908,1423.7443357424
2018-05-22,1327.78425192647,1414.84920251195
2018-05-23,1338.40775583908,1426.19072472412
2018-05-24,1328.79016972105,1416.00457686919
2018-05-25,1333.7718188611,1421.33462524414
2018-05-26,1334.96339077934,1422.62340299379
2018-05-27,1335.80493337791,1423.54129373076
2018-05-28,1337.0161346644,1424.85313327919
2018-05-29,1327.12968259145,1414.3437505495
2018-05-30,1326.14447002801,1413.31520226208
2018-05-31,1305.18954771257,1391.00424691627
2018-06-01,1332.61517348602,1420.25412960676
2018-06-02,1337.88210727754,1425.83029445035
2018-06-03,1337.07369139313,1424.99185334012
2018-06-04,1335.83014645709,1423.68811204413
2018-06-05,1346.69456752872,1435.28864234122
2018-06-06,1347.00812515004,1435.64289296257
2018-06-07,1332.16541858984,1419.84746680689
2018-06-08,1346.95702351132,1435.6341308177
2018-06-09,1346.90350883874,1435.59873750999
2018-06-10,1346.83057965058,1435.5427374859
2018-06-11,1347.0455243372,1435.7935677316
2018-06-12,1349.13247742375,1438.03951056148
2018-06-13,1347.63028409295,1436.46130646326
2018-06-14,1355.07797611044,1444.42167232915
2018-06-15,1374.18837074666,1464.75723240376
2018-06-16,1368.55665114384,1458.81765808261
2018-06-17,1363.99464802704,1453.97685432224
2018-06-18,1358.42118073949,1448.05772253844
2018-06-19,1354.71279279645,1444.12655723354
2018-06-20,1353.97873278394,1443.36590579214
2018-06-21,1346.35041507636,1435.25582797183
2018-06-22,1333.21492426653,1421.27467193624
2018-06-23,1319.35156139863,1406.51714002216
2018-06-24,1295.37607217818,1380.9789543984
2018-06-25,1284.61536726413,1369.52805034252
2018-06-26,1292.96161606226,1378.44671900224
2018-06-27,1287.96660301189,1373.15941640366
2018-06-28,1297.98117270309,1383.85719773627
2018-06-29,1298.44675870624,1384.37233081931
2018-06-30,1296.71508932114,1382.54738323917
2018-07-01,1293.53834974289,1379.18128915491
2018-07-02,1291.82010234559,1377.37015854221
2018-07-03,1285.60717282174,1370.76663726828
2018-07-04,1290.42898232665,1375.92859694599
2018-07-05,1291.00598268278,1376.56335497596
2018-07-06,1308.46791393299,1395.19872708561
2018-07-07,1314.10912185831,1401.19422994681
2018-07-08,1315.99897966255,1403.22606792107
2018-07-09,1317.93311781374,1405.30806731453
2018-07-10,1340.46754029627,1429.33945143559
2018-07-11,1311.59736594406,1398.83536303756
2018-07-12,1345.62879313482,1435.1514837028
2018-07-13,1354.83088841522,1444.86223587492
2018-07-14,1349.72927180984,1439.46137569672
2018-07-15,1338.52112201132,1427.52988404978
2018-07-16,1333.45478521646,1422.14825343914
2018-07-17,1342.54856358037,1431.86842875436
2018-07-18,1368.76666395236,1459.75684211257
2018-07-19,1363.549612311,1454.26742730415
2018-07-20,1351.98937756924,1441.96009863411
2018-07-21,1347.22452741892,1436.89999515897
2018-07-22,1343.11686820332,1432.54067424672
2018-07-23,1341.4756653896,1430.81188963501
2018-07-24,1359.84046713782,1450.42136264371
2018-07-25,1378.05197438966,1469.73576503747
2018-07-26,1372.33983023437,1463.70521136542
2018-07-27,1388.16198330018,1480.60290217179
2018-07-28,1381.12712864407,1473.16451196201
2018-07-29,1372.60724715834,1464.09916717596
2018-07-30,1364.70413352701,1455.69143633326
2018-07-31,1357.33269435876,1447.85056390747
2018-08-01,1362.25022512256,1453.11795046675
2018-08-02,1373.37032578566,1464.9799548072
2018-08-03,1391.00701429837,1483.73859606255
2018-08-04,1396.37758997314,1489.45301727744
2018-08-05,1400.73486003051,1494.11417599458
2018-08-06,1403.47090325555,1497.05051894478
2018-08-07,1402.68028575474,1496.23060722266
2018-08-08,1405.06051659793,1498.79223548291
2018-08-09,1402.01990144697,1495.57422765573
2018-08-10,1403.31600978046,1496.97946239921
2018-08-11,1399.58981164753,1493.02911491254
2018-08-12,1396.68667278669,1489.95476086583
2018-08-13,1396.05928376199,1489.30802563863
2018-08-14,1406.80171129861,1500.79052715693
2018-08-15,1397.03673990665,1490.43561435985
2018-08-16,1403.05749249949,1496.88144797943
2018-08-17,1406.65385879822,1500.73247146706
2018-08-18,1408.35712645543,1502.56991197571
2018-08-19,1409.39068312853,1503.69460965102
2018-08-20,1411.12428698173,1505.56621711855
2018-08-21,1401.88314253383,1495.73563875584
2018-08-22,1381.09935728015,1473.58307625532
2018-08-23,1381.6626664174,1474.20641650593
2018-08-24,1394.250670519,1487.65678353555
2018-08-25,1402.81737104837,1496.77809995331
2018-08-26,1408.56911449838,1502.91879580277
2018-08-27,1410.01809977003,1504.48425527498
2018-08-28,1394.86868867262,1488.35130280089
2018-08-29,1416.35218355862,1511.29713188996
2018-08-30,1394.63821952164,1488.3261598951
2018-08-31,1397.10363276803,1490.97971134365
2018-09-01,1399.00520276246,1493.02970693789
2018-09-02,1400.22746142375,1494.35573807452
2018-09-03,1402.14311296917,1496.421807281
2018-09-04,1399.36619805848,1493.48286339527
2018-09-05,1377.5518907739,1470.22400485894
2018-09-06,1354.98629679793,1446.16260674266
2018-09-07,1353.64750266338,1444.75561415404
2018-09-08,1358.00531525731,1449.42860448574
2018-09-09,1362.5824133515,1454.32769335844
2018-09-10,1366.13881971561,1458.13900189505
2018-09-11,1368.91979799039,1461.12530363969
2018-09-12,1372.44889929858,1464.91025323809
2018-09-13,1379.72776039284,1472.69139714739
2018-09-14,1371.17142307817,1463.6048990337
2018-09-15,1369.76343208266,1462.12415104734
2018-09-16,1366.47751928293,1458.63881138548
2018-09-17,1364.92544735012,1457.00414216841
2018-09-18,1373.10400273947,1465.75649048583
2018-09-19,1389.74022265347,1483.48389499516
2018-09-20,1387.62396628061,1481.26039035908
2018-09-21,1399.09819027169,1493.53131838987
2018-09-22,1395.45292754453,1489.67836381931
2018-09-23,1388.83359778107,1482.63463070604
2018-09-24,1385.18892324403,1478.76624368858
2018-09-25,1385.52581416834,1479.14827618962
2018-09-26,1392.16786037066,1486.26047810237
2018-09-27,1400.52345374254,1495.18161971308
2018-09-28,1425.90353764254,1522.2183615238
2018-09-29,1424.77673438416,1521.0484726123
2018-09-30,1423.87762934835,1520.11163769861
2018-10-01,1422.80677074999,1518.99141314705
2018-10-02,1429.0919000438,1525.72442539757
2018-10-03,1428.36000925004,1524.96771505182
2018-10-04,1411.36506975564,1506.84639555239
2018-10-05,1391.19331036056,1485.33279435047
2018-10-06,1388.36633714388,1482.33701277679
2018-10-07,1387.99427348786,1481.96220040684
2018-10-08,1387.25048423156,1481.19049652231
2018-10-09,1391.64226271039,1485.90209450857
2018-10-10,1316.41412194992,1405.72969765281
2018-10-11,1241.31904965288,1325.56089037809
2018-10-12,1268.79331230051,1354.9197524984
2018-10-13,1265.02121891364,1350.95507937123
2018-10-14,1259.97155378545,1345.58283794784
2018-10-15,1255.67370109408,1341.0133355943
2018-10-16,1297.32281459063,1385.51335867441
2018-10-17,1307.97528967954,1396.7269195765
2018-10-18,1282.07627294158,1369.20110104187
2018-10-19,1287.69142657091,1375.2185672579
2018-10-20,1284.03059822683,1371.33819536757
2018-10-21,1279.28568015509,1366.29140634858
2018-10-22,1275.64232774248,1362.42095679364
2018-10-23,1251.15636635366,1336.28990186832
2018-10-24,1218.59813377597,1301.53651445125
2018-10-25,1230.88588546273,1314.68028093291
2018-10-26,1216.79793903997,1299.72832985195
2018-10-27,1211.36534784515,1293.9451628072
2018-10-28,1205.07853185565,1287.24936015044
2018-10-29,1200.94978976996,1282.85858038038
2018-10-30,1226.64429110126,1310.32495428264
2018-10-31,1271.30083298823,1357.54626300526
2018-11-01,1280.21419417888,1366.91972825963
2018-11-02,1277.49447963904,1364.04610220603
2018-11-03,1281.23624863553,1368.06202833021
2018-11-04,1287.2690833155,1374.51472401941
2018-11-05,1291.18891303397,1378.71098709938
2018-11-06,1289.24244347237,1376.65653136431
2018-11-07,1315.19182623351,1404.38618555811
2018-11-08,1326.9318363335,1416.8189540473
2018-11-09,1318.14273760313,1407.4965366922
2018-11-10,1308.14748221676,1396.84503479504
2018-11-11,1299.64143517622,1387.78339185814
2018-11-12,1294.76099091476,1382.59295716299
2018-11-13,1293.30614438543,1381.06035305319
2018-11-14,1273.30690586296,1359.72501470115
2018-11-15,1288.07719366217,1375.51833705936
2018-11-16,1286.56621958647,1373.93449811125
2018-11-17,1275.13907499637,1361.7521581958
2018-11-18,1258.88712279064,1344.41691601499
2018-11-19,1244.35743267631,1328.92041094995
2018-11-20,1205.30025685676,1287.2291421811
2018-11-21,1217.07146524713,1299.81996765553
2018-11-22,1218.03987341,1300.86854652606
2018-11-23,1217.29729990644,1300.0954760545
2018-11-24,1223.63981280947,1306.8890746967
2018-11-25,1236.61131770552,1320.72643425615
2018-11-26,1243.48215165592,1328.04579942969
2018-11-27,1253.22329021813,1338.44060135103
2018-11-28,1299.54470691209,1387.73935100432
2018-11-29,1283.89292113786,1371.34110007872
2018-11-30,1296.69379381432,1385.03460784321
2018-12-01,1309.8252273477,1399.0116917543
2018-12-02,1326.17916143562,1416.41286247642
2018-12-03,1338.07658114239,1429.06289365807
2018-12-04,1262.65370544341,1348.88847051937
2018-12-05,1262.10248143645,1348.32001992652
2018-12-06,1236.61944566732,1321.11657983559
2018-12-07,1204.97527612107,1287.33019193113
2018-12-08,1192.13724367624,1273.63421339961
2018-12-09,1180.98249686694,1261.7361866169
2018-12-10,1174.9578200561,1255.31865144622
2018-12-11,1186.98930204881,1268.19202037207
2018-12-12,1220.78107348022,1304.13050071502
2018-12-13,1215.88241179563,1298.98803259995
2018-12-14,1195.60555713385,1277.34491932926
2018-12-15,1180.10126973163,1260.79999296791
2018-12-16,1166.01214635904,1245.76649895113
2018-12-17,1152.33733285938,1231.17520164328
2018-12-18,1137.32945478229,1215.15918782138
2018-12-19,1116.86548819395,1193.31322742447
2018-12-20,1074.8156744595,1148.40322990274
2018-12-21,1052.6978086583,1124.78844538994
2018-12-22,1039.41381917316,1110.61177998794
2018-12-23,1029.23469170139,1099.75221852928
2018-12-24,1020.42262293332,1090.35304457115
2018-12-25,1013.69067922306,1083.17626177906
2018-12-26,1071.26425277168,1144.71272378428
2018-12-27,1086.11421917489,1160.16983946844
2018-12-28,1083.13526133524,1157.02560686606
2018-12-29,1089.96031796116,1164.33377110424
2018-12-30,1095.46018101331,1170.20781257993
2018-12-31,1098.14196102026,1173.08292703838
2019-01-01,1102.10337595256,1177.32711746431
2019-01-02,1102.74443081344,1178.02839647278
2019-01-03,1081.71650784025,1155.58979996752
2019-01-04,1127.62264279002,1204.64847484906
2019-01-05,1130.83615899334,1208.02852392524
2019-01-06,1133.14366129569,1210.50831663678
2019-01-07,1139.03495563391,1216.81355269571
2019-01-08,1156.19109834464,1235.11168660075
2019-01-09,1174.6641373438,1254.71777294453
2019-01-10,1166.89039406303,1246.49727560476
2019-01-11,1167.38077102857,1247.03997673231
2019-01-12,1166.69828043569,1246.32994766683
2019-01-13,1166.27360778285,1245.89516247197
2019-01-14,1168.97702002888,1248.80199565136
2019-01-15,1197.65773254006,1279.42382506045
2019-01-16,1209.33235561846,1291.76479624706
2019-01-17,1217.71232697937,1300.69282142214
2019-01-18,1246.31809756392,1331.16247497815
2019-01-19,1248.85200493796,1333.85733966142
2019-01-20,1252.58473077345,1337.86021902423
2019-01-21,1255.2085454829,1340.67857006523
2019-01-22,1230.40251989363,1314.23195424638
2019-01-23,1229.30308983018,1313.07752038731
2019-01-24,1240.60815501082,1325.17287958687
2019-01-25,1263.77348969305,1349.82363855163
2019-01-26,1255.13515867827,1340.70095744863
2019-01-27,1240.90744433999,1325.52359484553
2019-01-28,1232.58755065607,1316.65644862118
2019-01-29,1232.6388342993,1316.73116018126
2019-01-30,1256.56030405117,1342.30333471854
2019-01-31,1267.02173150303,1353.39163870115
2019-02-01,1272.11741548896,1358.83270590709
2019-02-02,1276.189008917,1363.1935327095
2019-02-03,1280.5632324148,1367.8789465064
2019-02-04,1286.28859565807,1374.00471357752
2019-02-05,1307.51808591016,1396.65168728139
2019-02-06,1308.42748179285,1397.63576279335
2019-02-07,1295.11163717847,1383.43840241169
2019-02-08,1286.20036702811,1373.94031971593
2019-02-09,1289.01379064535,1376.96646330449
2019-02-10,1292.27689953797,1380.4691005269
2019-02-11,1295.5729103338,1384.00633507508
2019-02-12,1327.2392040898,1417.81119042926
2019-02-13,1333.997330144,1424.96502060251
2019-02-14,1336.77731741511,1427.94855240367
2019-02-15,1358.0703820356,1450.69128801278
2019-02-16,1357.36499478711,1449.96508525516
2019-02-17,1351.1852949118,1443.38575473123
2019-02-18,1350.48770551652,1442.66242035827
2019-02-19,1362.54659127232,1455.56620257412
2019-02-20,1363.860084659,1456.98482977775
2019-02-21,1354.7956619066,1447.32836932663
2019-02-22,1375.30429381588,1469.25966326301
2019-02-23,1377.12828397112,1471.21536088181
2019-02-24,1377.33456681866,1471.45781597956
2019-02-25,1376.46037223676,1470.54624154263
2019-02-26,1374.16294984259,1468.11405177961
2019-02-27,1367.69746757278,1461.22875179314
2019-02-28,1350.79533455731,1443.19287380277
2019-03-01,1370.94408404363,1464.74169341574
2019-03-02,1374.26690196343,1468.28730272322
2019-03-03,1375.84061362493,1469.98877336455
2019-03-04,1376.01588906877,1470.19813731041
2019-03-05,1375.07214741542,1469.21214740317
2019-03-06,1370.93733042992,1464.81649477361
2019-03-07,1356.48171843201,1449.39316640526
2019-03-08,1352.30022583159,1444.94721311768
2019-03-09,1358.14184849901,1451.21092350393
2019-03-10,1367.89173407235,1461.62807696166
2019-03-11,1377.6969494564,1472.08962795271
2019-03-12,1383.61499159866,1478.41266079545
2019-03-13,1390.86028461501,1486.15994693587
2019-03-14,1393.43422383891,1488.92534938384
2019-03-15,1407.67981220539,1504.15527155775
2019-03-16,1410.31061641437,1506.97449197053
2019-03-17,1411.36836633914,1508.12641553847
2019-03-18,1411.94468489325,1508.76479824013
2019-03-19,1413.26804002459,1510.20140314393
2019-03-20,1403.64513062911,1499.94637770842
2019-03-21,1414.66556626676,1511.74560962351
2019-03-22,1393.77925520922,1489.53608237831
2019-03-23,1386.80974946007,1482.1103049409
2019-03-24,1379.98309076453,1474.83696578255
2019-03-25,1375.35336228048,1469.91133422999
2019-03-26,1402.63282464204,1499.08856415701
2019-03-27,1400.00972144727,1496.33435415098
2019-03-28,1412.99463354997,1510.23531915452
2019-03-29,1428.14174651797,1526.37254758957
2019-03-30,1442.37005209708,1541.52192012347
2019-03-31,1454.34199292875,1554.27702779792
2019-04-01,1460.50722228628,1560.86208534396
2019-04-02,1470.17865128537,1571.19962789349
2019-04-03,1475.44472510527,1576.83250008701
2019-04-04,1482.3251153432,1584.19619261977
2019-04-05,1488.83203600233,1591.157831392
2019-04-06,1489.7066402124,1592.11439674522
2019-04-07,1490.42213214047,1592.90290953231
2019-04-08,1490.17351900521,1592.6613732241
2019-04-09,1472.13156774922,1573.40268645004
2019-04-10,1478.46331370405,1580.19382911892
2019-04-11,1479.40089619117,1581.21749579978
2019-04-12,1479.45422296886,1581.29838551093
2019-04-13,1480.60272523908,1582.54983182745
2019-04-14,1481.67722102739,1583.7217653722
2019-04-15,1483.07658566475,1585.24087010063
2019-04-16,1489.87370079164,1592.52656363775
2019-04-17,1489.38165155897,1592.02574882261
2019-04-18,1500.81971766506,1604.27619069267
2019-04-19,1501.2356387169,1604.74305446614
2019-04-20,1501.60453868029,1605.16160554864
2019-04-21,1501.9007876588,1605.50252426419
2019-04-22,1502.27318253147,1605.92485452554
2019-04-23,1518.8041509045,1623.61806447463
2019-04-24,1520.01014643759,1624.92436229357
2019-04-25,1536.9787106233,1643.0811239825
2019-04-26,1545.45131234743,1652.11284204533
2019-04-27,1545.27708301898,1651.95187529705
2019-04-28,1545.00612477924,1651.68722659715
2019-04-29,1544.8721635365,1651.56901985576
2019-04-30,1528.95492095163,1634.57745403241
2019-05-01,1519.4024531521,1624.38982806568
2019-05-02,1509.29827443743,1613.61206021937
2019-05-03,1546.8656739878,1653.80032473522
2019-05-04,1539.73595732806,1646.29448090235
2019-05-05,1526.45845806207,1632.12302379987
2019-05-06,1514.7286642459,1619.6059730027
2019-05-07,1478.27040566839,1580.64792361324
2019-05-08,1467.5372524798,1569.19537805714
2019-05-09,1448.29681860193,1548.64589223505
2019-05-10,1449.2484492134,1549.68690084044
2019-05-11,1435.54341162829,1535.06067563012
2019-05-12,1405.03030179257,1502.45552129097
2019-05-13,1392.43769993427,1489.01248992475
2019-05-14,1411.4015236538,1509.31412201442
2019-05-15,1436.92683352443,1536.44845863574
2019-05-16,1450.232198695,1550.57290622917
2019-05-17,1442.1880236702,1542.03425391622
2019-05-18,1435.89096544842,1535.32458142145
2019-05-19,1431.06021606123,1530.18255711532
2019-05-20,1428.92032188333,1527.91761197287
2019-05-21,1448.13759139311,1548.48940963988
2019-05-22,1438.1801222346,1537.93574769309
2019-05-23,1413.21625472533,1511.2636095453
2019-05-24,1410.95626697669,1508.86970101186
2019-05-25,1410.93099078541,1508.86551640194
2019-05-26,1410.74106154408,1508.68524957237
2019-05-27,1410.8059813635,1508.77752455778
2019-05-28,1397.8368039204,1494.93122728338
2019-05-29,1382.64180706306,1478.70341804529
2019-05-30,1393.52893546733,1490.36933734316
2019-05-31,1366.53596245025,1461.63630490862
2019-06-01,1364.16921749769,1459.12697915
2019-06-02,1362.49425046525,1457.35751147409
2019-06-03,1360.19588223586,1454.92117918858
2019-06-04,1383.07080898608,1479.41116243365
2019-06-05,1401.20707829837,1498.6716073355
2019-06-06,1408.60566548132,1506.55645878354
2019-06-07,1435.29790290267,1535.05262530971
2019-06-08,1438.77563099073,1538.76006513088
2019-06-09,1440.66237230603,1540.79866751464
2019-06-10,1443.20590215584,1543.54041600486
2019-06-11,1446.93478880835,1547.54823177617
2019-06-12,1437.99953081119,1538.02751431583
2019-06-13,1448.84467561367,1549.6503356242
2019-06-14,1445.64505610005,1546.26415226168
2019-06-15,1447.97485638321,1548.7795239054
2019-06-16,1449.60252174334,1550.5424440476
2019-06-17,1452.05281129736,1553.1852464785
2019-06-18,1492.98049601304,1596.94888811201
2019-06-19,1505.6734204746,1610.36267672422
2019-06-20,1511.0176348628,1616.07894241824
2019-06-21,1502.09707789595,1606.57943072518
2019-06-22,1496.43128196567,1600.54386014641
2019-06-23,1487.19489893966,1590.68908854523
2019-06-24,1481.80217921701,1584.94516922951
2019-06-25,1463.65706153818,1565.56102815664
2019-06-26,1465.16363434576,1567.19620008181
2019-06-27,1475.71707804304,1578.50216396392
2019-06-28,1487.42798938017,1591.00729543171
2019-06-29,1495.58901420202,1599.72605264048
2019-06-30,1504.79018583305,1609.56500316075
2019-07-01,1515.43511949338,1620.94032206372
2019-07-02,1536.26421998635,1643.16547693079
2019-07-03,1555.63748854538,1663.77113775841
2019-07-04,1561.15897058216,1669.6646627809
2019-07-05,1555.41690101656,1663.55951054073
2019-07-06,1552.40152346785,1660.35966667149
2019-07-07,1550.12342734908,1657.94828367791
2019-07-08,1549.5239382555,1657.33219727555
2019-07-09,1550.17237374065,1658.05083779341
2019-07-10,1557.61361487979,1666.03313830632
2019-07-11,1547.06491646908,1654.80243030866
2019-07-12,1563.57884839453,1672.49144116474
2019-07-13,1564.31999567942,1673.30487743261
2019-07-14,1564.08923407051,1673.08340836419
2019-07-15,1563.52164524135,1672.50159718058
2019-07-16,1569.45199308777,1678.87062705829
2019-07-17,1557.23378595507,1665.85087497234
2019-07-18,1556.52639780859,1665.11936609361
2019-07-19,1551.08895025513,1659.32777626582
2019-07-20,1552.25095682973,1660.59599677808
2019-07-21,1554.36619082757,1662.88307179878
2019-07-22,1556.64329108021,1665.34254636357
2019-07-23,1583.86510948279,1694.46838016089
2019-07-24,1603.68128954808,1715.51081824982
2019-07-25,1596.86202763673,1708.28594563944
2019-07-26,1599.50733546196,1711.14169131924
2019-07-27,1599.88176073372,1711.56774419922
2019-07-28,1600.42300693282,1712.17258636989
2019-07-29,1599.72531441877,1711.45222729362
2019-07-30,1577.32117707431,1687.50926679675
2019-07-31,1556.03594137661,1664.76263809067
2019-08-01,1565.65623708726,1675.08033919021
2019-08-02,1509.62612731819,1615.34504835195
2019-08-03,1469.13227667593,1572.03986501809
2019-08-04,1433.67709324837,1534.12496487697
2019-08-05,1414.54043474302,1513.67075054385
2019-08-06,1427.42196767886,1527.47792935994
2019-08-07,1429.43207857952,1529.64195155169
2019-08-08,1476.15760916717,1579.63014940989
2019-08-09,1459.87259274474,1562.50208905833
2019-08-10,1449.57467537136,1551.50387602778
2019-08-11,1441.08311410296,1542.43869866838
2019-08-12,1437.36228998125,1538.47952592674
2019-08-13,1448.69915668631,1550.63721949767
2019-08-14,1398.1734386081,1496.79237546994
2019-08-15,1404.04770235881,1503.10363821763
2019-08-16,1456.20053694167,1558.84024585904
2019-08-17,1468.90480247644,1572.21929804212
2019-08-18,1478.05057067958,1581.99072873194
2019-08-19,1480.22938210612,1584.33924088331
2019-08-20,1473.19106799691,1576.83552688564
2019-08-21,1486.47978258822,1591.0830261566
2019-08-22,1484.97780482656,1589.50629686076
2019-08-23,1443.26083293145,1544.87690655487
2019-08-24,1442.99938419105,1544.62043337815
2019-08-25,1438.98964048742,1540.35168821007
2019-08-26,1438.64004800294,1540.00078704712
2019-08-27,1442.65447451515,1544.32136631795
2019-08-28,1457.04467250293,1559.72711901424
2019-08-29,1487.79809196583,1592.50811237636
2019-08-30,1509.4860381202,1615.50756292325
2019-08-31,1515.40607267901,1621.82253572217
2019-09-01,1519.95784693255,1626.70883579003
2019-09-02,1525.50362754353,1632.65960532459
2019-09-03,1518.29853925918,1624.98714540269
2019-09-04,1530.97510770931,1638.57907367549
2019-09-05,1555.6683344306,1664.9222255839
2019-09-06,1572.13697435236,1682.43282132421
2019-09-07,1571.84923162806,1682.15150956972
2019-09-08,1571.30909672288,1681.59894019087
2019-09-09,1570.78126964869,1681.05951538248
2019-09-10,1569.27831528722,1679.47649534366
2019-09-11,1602.31515711647,1714.85868368833
2019-09-12,1625.81104375035,1739.77007743846
2019-09-13,1593.89669929465,1705.88699395555
2019-09-14,1596.46110611641,1708.65740513874
2019-09-15,1597.5466236888,1709.84404476209
2019-09-16,1600.04828139162,1712.54643227821
2019-09-17,1606.14065402709,1719.08775059799
2019-09-18,1598.25431974663,1710.68894135584
2019-09-19,1597.31901454633,1709.71379448313
2019-09-20,1600.58787461889,1713.23861169447
2019-09-21,1604.13218020597,1717.05428982825
2019-09-22,1607.32152712792,1720.4902458097
2019-09-23,1606.50350227074,1719.64153089142
2019-09-24,1584.80945404161,1696.44576500194
2019-09-25,1591.99199954078,1704.15999878697
2019-09-26,1604.8730468693,1717.94279604969
2019-09-27,1594.99818777896,1707.44041004509
2019-09-28,1600.28332123858,1713.1240396676
2019-09-29,1609.00597799687,1722.47192108772
2019-09-30,1614.16103520148,1728.00133854368
2019-10-01,1582.35818882033,1694.03661151833
2019-10-02,1523.25443531526,1630.78719063202
2019-10-03,1530.0599109585,1638.09784816906
2019-10-04,1552.26222298615,1661.83903089953
2019-10-05,1549.42854920676,1658.85158330293
2019-10-06,1546.71389308983,1655.97039086181
2019-10-07,1544.78816109604,1653.93376785181
2019-10-08,1511.50411045431,1618.32316253141
2019-10-09,1529.87615571214,1638.01813862316
2019-10-10,1533.59759890118,1642.00293543985
2019-10-11,1572.20212341464,1683.31045961938
2019-10-12,1571.83946979901,1682.9513786649
2019-10-13,1571.9777007171,1683.12492213794
2019-10-14,1572.48560847066,1683.69423659059
2019-10-15,1607.23621185377,1720.9209840896
2019-10-16,1602.17914230177,1715.58997638303
2019-10-17,1586.89914197497,1699.25441828887
2019-10-18,1568.12568688219,1679.1775500219
2019-10-19,1568.77462962431,1679.8979355315
2019-10-20,1576.47655746848,1688.16897554469
2019-10-21,1579.20545195015,1691.10938716687
2019-10-22,1587.01091828071,1699.48612918251
2019-10-23,1593.07586309348,1705.99036178051
2019-10-24,1603.33238866917,1716.97847044422
2019-10-25,1617.9329850354,1732.58949415158
2019-10-26,1626.67215474552,1741.93165047923
2019-10-27,1633.69267456776,1749.45558208817
2019-10-28,1637.4429169739,1753.48922095552
2019-10-29,1636.69840306693,1752.71937243303
2019-10-30,1639.09506541302,1755.3125312162
2019-10-31,1620.51706586282,1735.45892888977
2019-11-01,1651.38844423151,1768.54632093229
2019-11-02,1657.9382016561,1775.52095437121
2019-11-03,1662.11749893011,1780.01460747689
2019-11-04,1663.44440252786,1781.4606994314
2019-11-05,1677.71011255944,1796.75902389693
2019-11-06,1685.40853887028,1804.99533455012
2019-11-07,1698.8711223062,1819.40727899441
2019-11-08,1711.90278700964,1833.33535248508
2019-11-09,1709.20414038377,1830.48371506151
2019-11-10,1704.68092401872,1825.66731831547
2019-11-11,1702.04448391789,1822.87146390434
2019-11-12,1716.21058784079,1838.0708670725
2019-11-13,1712.23628238503,1833.85951493912
2019-11-14,1711.16952760866,1832.74480888415
2019-11-15,1725.68222355433,1848.31641567726
2019-11-16,1724.65953462237,1847.25331151344
2019-11-17,1724.20322312726,1846.79259311146
2019-11-18,1722.46956815282,1844.96370208285
2019-11-19,1718.22978519761,1840.45039921822
2019-11-20,1708.86115201386,1830.44326489059
2019-11-21,1690.3499204349,1810.64277000309
2019-11-22,1706.55860173485,1828.03240124604
2019-11-23,1721.27573447503,1843.74909083664
2019-11-24,1736.5101976871,1860.02555760255
2019-11-25,1746.49589897076,1870.7025046489
2019-11-26,1746.11340153224,1870.32207139075
2019-11-27,1762.38610561641,1887.78069848031
2019-11-28,1761.63236091641,1887.00524017611
2019-11-29,1752.26488195283,1876.99971363873
2019-11-30,1742.54646129447,1866.61796537117
2019-12-01,1732.01591295404,1855.36594944509
2019-12-02,1718.06903553345,1840.45396529553
2019-12-03,1684.48380122718,1804.50424412656
2019-12-04,1697.47136549553,1818.44456309183
2019-12-05,1700.4266792723,1821.62550693521
2019-12-06,1726.24091080015,1849.28263251735
2019-12-07,1726.56959153664,1849.65942606627
2019-12-08,1728.1953592844,1851.42893979403
2019-12-09,1727.89069564932,1851.13075420236
2019-12-10,1722.81303248816,1845.71902123837
2019-12-11,1733.90462933837,1857.6299055819
2019-12-12,1738.64447972597,1862.71946461027
2019-12-13,1747.30550440245,1872.013883066
2019-12-14,1759.93382881158,1885.53786844765
2019-12-15,1771.97132862613,1898.41632992549
2019-12-16,1780.01809127263,1907.0364576649
2019-12-17,1779.61318934225,1906.63235290936
2019-12-18,1792.88771783339,1920.88327469914
2019-12-19,1801.4055544859,1930.00393508463
2019-12-20,1820.8717262567,1950.83930101085
2019-12-21,1825.33757830469,1955.62737364027
2019-12-22,1829.02207457124,1959.59952874455
2019-12-23,1830.76267890406,1961.492100128
2019-12-24,1829.84335410161,1960.53734141867
2019-12-25,1822.03906425207,1952.20539325205
2019-12-26,1825.63899608712,1956.09212234272
2019-12-27,1828.52318449353,1959.20885086581
2019-12-28,1820.72154937964,1950.88607786167
2019-12-29,1808.94548237748,1938.29773074951
2019-12-30,1801.19578681982,1930.02329365019
2019-12-31,1792.29913113022,1920.5195922177
2020-01-01,1797.16302967238,1925.76065740028
2020-01-02,1834.2862154687,1965.51447546258
2020-01-03,1830.4083761306,1961.43007506683
2020-01-04,1825.63193761127,1956.34156110384
2020-01-05,1817.02958461699,1947.15305270202
2020-01-06,1812.43015058903,1942.25384917098
2020-01-07,1818.14948675243,1948.41239444114
2020-01-08,1841.17314761577,1973.07559799263
2020-01-09,1868.12590406751,2001.80782954922
2020-01-10,1873.11840560266,2007.14901170122
2020-01-11,1875.18534766712,2009.39126187002
2020-01-12,1877.84130620942,2012.26615732255
2020-01-13,1880.05343094933,2014.66541772276
2020-01-14,1884.16734714293,2019.10175460235
2020-01-15,1877.51772287181,2012.01445956907
2020-01-16,1889.00532177272,2024.35556907483
2020-01-17,1925.20569809681,2063.06122769682
2020-01-18,1928.2797198096,2066.35483450816
2020-01-19,1930.78433623479,2069.06795367862
2020-01-20,1931.99527523834,2070.39613549797
2020-01-21,1905.75566309245,2042.31781042523
2020-01-22,1919.0339521544,2056.57864201798
2020-01-23,1907.6888894624,2044.49370570726
2020-01-24,1910.79935488583,2047.85832517799
2020-01-25,1892.4665665887,2028.25810988324
2020-01-26,1869.87744726864,2004.07898206025
2020-01-27,1852.56567670044,1985.55521627984
2020-01-28,1881.51501145358,2016.61292054041
2020-01-29,1882.52241945381,2017.71415902997
2020-01-30,1860.95453554794,1994.63474632737
2020-01-31,1808.14840219926,1938.06565369112
2020-02-01,1809.21340708466,1939.23665496931
2020-02-02,1811.37436107997,1941.58162679888
2020-02-03,1814.79534921737,1945.27570093891
2020-02-04,1874.19304438999,2008.91182069
2020-02-05,1914.40895380313,2051.36446595039
2020-02-06,1943.35162705529,2082.09144287137
2020-02-07,1934.50782267179,2072.71647257353
2020-02-08,1938.9707504666,2077.52976711103
2020-02-09,1944.17269219317,2083.12833223314
2020-02-10,1950.90844116631,2090.3672068431
2020-02-11,1985.82692146654,2127.74798494037
2020-02-12,2005.2461974467,2148.40361482481
2020-02-13,2014.68052910388,2158.49524856482
2020-02-14,2026.44546831628,2171.10299679084
2020-02-15,2027.40453868718,2172.16020484454
2020-02-16,2027.95839614368,2172.78645485313
2020-02-17,2028.64478192064,2173.55476558506
2020-02-18,2016.93491899507,2161.04393218176
2020-02-19,2041.16049117798,2187.03326710602
2020-02-20,2025.21867469227,2170.08652757233
2020-02-21,1990.75668889151,2133.19240728664
2020-02-22,1955.5911591224,2095.54327467721
2020-02-23,1917.09957163272,2054.32889897782
2020-02-24,1868.31731489114,2002.08596565075
2020-02-25,1774.68114985393,1901.77603999809
2020-02-26,1743.13834882497,1868.00320700629
2020-02-27,1601.22949433409,1715.95750961902
2020-02-28,1541.51229645599,1651.98767142715
2020-02-29,1552.02998086962,1663.28424628732
2020-03-01,1584.34892976165,1697.82663107669
2020-03-02,1594.66612409288,1708.79538967948
2020-03-03,1558.81373498101,1670.52552422841
2020-03-04,1640.20138261248,1757.77119281503
2020-03-05,1558.54880871291,1672.46332505402
2020-03-06,1454.71287034057,1561.06343889563
2020-03-07,1374.17372773243,1474.66001166606
2020-03-08,1291.56703884337,1386.03514284748
2020-03-09,1227.26376545707,1317.04965944807
2020-03-10,1308.34167718263,1404.07921285842
2020-03-11,1225.17531174733,1317.61380511725
2020-03-12,1011.24661001165,1087.5643935548
2020-03-13,1144.21238722143,1230.5815006587
2020-03-14,1093.31150164638,1179.03527044826
2020-03-15,977.90449045264,1054.59741474511
2020-03-16,931.818658566991,1004.91330219216
2020-03-17,1027.71959954195,1108.35227662641
2020-03-18,932.187583363727,1010.14839203564
2020-03-19,961.318936015756,1041.73141459119
2020-03-20,945.478570927246,1024.84154628729
2020-03-21,917.52597064568,994.558192567404
2020-03-22,891.953354112274,966.853707972443
2020-03-23,871.300851782179,944.481639379302
2020-03-24,1007.24242198892,1091.85533710923
2020-03-25,1064.9633688784,1150.21414313143
2020-03-26,1132.30086082068,1221.24543845255
2020-03-27,1078.94757999713,1165.35195413019
2020-03-28,1087.37911595743,1174.47641918225
2020-03-29,1103.83692877096,1192.20069558103
2020-03-30,1111.53213344997,1200.46787513844
2020-03-31,1113.86960555103,1203.00172187804
2020-04-01,1035.55079385472,1118.52440964494
2020-04-02,1066.84399058845,1152.34198562943
2020-04-03,1061.34239878094,1146.50340612925
2020-04-04,1093.15134412983,1180.88210454331
2020-04-05,1143.50117451887,1234.4970614549
2020-04-06,1178.6591545304,1271.65745746461
2020-04-07,1181.12297569928,1274.29599663235
2020-04-08,1232.42217529135,1329.60373979404
2020-04-09,1272.3566868177,1371.81007391839
2020-04-10,1272.17249194096,1371.63422545914
2020-04-11,1261.00873821181,1359.61851889073
2020-04-12,1245.99285409563,1343.44907769077
2020-04-13,1234.49731617243,1331.07483720513
2020-04-14,1293.07257379268,1394.25280690402
2020-04-15,1251.30446177912,1350.25710592907
2020-04-16,1258.37014295485,1357.90206169955
2020-04-17,1330.67585891441,1435.72619022774
2020-04-18,1323.69935373394,1428.42223389342
2020-04-19,1314.05689758636,1418.03865233615
2020-04-20,1302.64958201006,1405.75023218751
2020-04-21,1229.7319601332,1327.08279013241
2020-04-22,1266.80780280512,1367.11389546689
2020-04-23,1297.36684372595,1399.62888299462
2020-04-24,1301.81683197579,1404.39503006478
2020-04-25,1311.69260172805,1415.05213293381
2020-04-26,1325.92177780629,1430.36578208641
2020-04-27,1335.37097708054,1440.52609854069
2020-04-28,1332.76949906414,1437.75128982778
2020-04-29,1402.80112295034,1513.32114956056
2020-04-30,1374.72501199885,1483.81081446366
2020-05-01,1309.47328612094,1413.40386112006
2020-05-02,1297.50211223498,1400.50404889905
2020-05-03,1287.60375829519,1389.84121540054
2020-05-04,1281.49784157916,1383.27161576783
2020-05-05,1330.96476313937,1436.68813366571
2020-05-06,1328.64448572731,1434.25056197861
2020-05-07,1356.35384736404,1464.18418881854
2020-05-08,1388.81337896038,1498.88689429736
2020-05-09,1390.36594076244,1500.5651515067
2020-05-10,1392.32205950255,1502.69787690497
2020-05-11,1393.76952436723,1504.28174879992
2020-05-12,1351.2564408961,1458.44564828547
2020-05-13,1305.45313070291,1409.03114690878
2020-05-14,1324.77145875964,1429.90366391619
2020-05-15,1333.66558358312,1439.45455742287
2020-05-16,1352.80664292719,1460.06713545205
2020-05-17,1383.57083633396,1493.05797083103
2020-05-18,1400.72496645361,1511.38799288185
2020-05-19,1366.15467331361,1474.33337766342
2020-05-20,1402.3803532395,1513.45000682953
2020-05-21,1370.20767997573,1479.20053536592
2020-05-22,1383.31862056676,1493.37687329865
2020-05-23,1385.67958773362,1495.93586049522
2020-05-24,1390.44159463016,1501.09497633719
2020-05-25,1395.71920277823,1506.80538308798
2020-05-26,1422.81749592936,1536.02731452277
2020-05-27,1445.84857057244,1560.67696263448
2020-05-28,1452.41593393513,1567.73340390406
2020-05-29,1422.62234636086,1535.67035972529
2020-05-30,1429.1119753775,1542.69903759762
2020-05-31,1440.46259526058,1554.94693873732
2020-06-01,1454.27085185307,1569.81710884486
2020-06-02,1472.33919786386,1589.25213500997
2020-06-03,1516.76122436266,1636.93250712541
2020-06-04,1497.42777881203,1616.3933107495
2020-06-05,1538.21389017747,1660.44432419003
2020-06-06,1553.54251357819,1676.79527232796
2020-06-07,1569.80327337996,1694.28642240522
2020-06-08,1577.92001526297,1703.02694494241
2020-06-09,1560.81821776873,1684.64235384861
2020-06-10,1530.16432457497,1651.58222365745
2020-06-11,1396.40853029041,1507.23807876016
2020-06-12,1416.75419052752,1529.22145336938
2020-06-13,1422.97752432377,1535.91307201786
2020-06-14,1427.89828985567,1541.23597539267
2020-06-15,1430.37976803425,1543.93304749595
2020-06-16,1479.76984468786,1597.21994324317
2020-06-17,1500.09867512875,1618.81904617856
2020-06-18,1500.5530249069,1619.33017778194
2020-06-19,1498.41077545301,1617.04337685831
2020-06-20,1500.04065551074,1618.82689648259
2020-06-21,1503.75022485959,1622.85251078363
2020-06-22,1507.99530105695,1627.45262253812
2020-06-23,1506.89050449072,1626.28663931523
2020-06-24,1449.27590904729,1564.13177242214
2020-06-25,1483.36159541824,1600.9425626854
2020-06-26,1435.00859765756,1549.3810761279
2020-06-27,1434.36404533364,1548.70871890832
2020-06-28,1434.02097737809,1548.36185789381
2020-06-29,1438.22294283025,1552.92241103522
2020-06-30,1490.47104276993,1609.27692332131
2020-07-01,1503.55360024463,1623.17803413219
2020-07-02,1508.97696625398,1629.03248185485
2020-07-03,1527.71092433688,1649.24496871519
2020-07-04,1535.73719303802,1657.8811321003
2020-07-05,1548.34521944344,1671.48142797845
2020-07-06,1555.66598805896,1679.37724133071
2020-07-07,1537.25835434127,1659.57800753429
2020-07-08,1556.18915587732,1680.0403783497
2020-07-09,1530.69246133759,1652.70764958237
2020-07-10,1567.3764212887,1692.34091867294
2020-07-11,1562.76257550003,1687.44231812037
2020-07-12,1555.05156068744,1679.14177694519
2020-07-13,1546.43375297502,1669.86182649729
2020-07-14,1549.99871701047,1673.73672763815
2020-07-15,1567.30487720044,1692.42781674609
2020-07-16,1556.23168522945,1680.56203397426
2020-07-17,1561.87772464742,1686.68470956587
2020-07-18,1568.25510374649,1693.58454926858
2020-07-19,1574.34524343244,1700.17347043156
2020-07-20,1582.57164994153,1709.06569896924
2020-07-21,1602.09726637735,1730.12259200149
2020-07-22,1569.19343945319,1694.83146735694
2020-07-23,1548.58898481903,1672.6030954239
2020-07-24,1512.72419852387,1633.89162964491
2020-07-25,1507.15669213959,1627.90302957262
2020-07-26,1506.30401231785,1627.00680274693
2020-07-27,1500.8571973125,1621.14826971809
2020-07-28,1501.59540582917,1621.97030606329
2020-07-29,1523.74127698447,1645.90962070154
2020-07-30,1499.65936773597,1620.11091553657
2020-07-31,1473.21605109834,1591.56833187551
2020-08-01,1484.23622586958,1603.4980372028
2020-08-02,1508.07805441161,1629.18337102421
2020-08-03,1525.34143261161,1647.71035524653
2020-08-04,1533.90322902923,1656.93182159938
2020-08-05,1537.35442761106,1660.67439962798
2020-08-06,1546.33481488999,1670.38922815823
2020-08-07,1542.8312685814,1666.6408212774
2020-08-08,1549.95655419703,1674.36325621038
2020-08-09,1557.37586680235,1682.38469954416
2020-08-10,1561.57459063115,1686.93495223877
2020-08-11,1556.33681922824,1681.30996395989
2020-08-12,1598.06619903007,1726.41577219547
2020-08-13,1580.94575690664,1708.18728804788
2020-08-14,1578.55940000876,1705.63485417606
2020-08-15,1579.30404931302,1706.46539195596
2020-08-16,1580.44111049658,1707.71961788768
2020-08-17,1581.53750287413,1708.92979617021
2020-08-18,1575.61158865275,1702.55490654232
2020-08-19,1561.14826429007,1686.95220918325
2020-08-20,1570.45701508006,1697.03675722249
2020-08-21,1599.63541062515,1728.49820275617
2020-08-22,1605.42454910684,1734.72227641999
2020-08-23,1607.54009533812,1737.03031879094
2020-08-24,1613.62437676228,1743.62657343387
2020-08-25,1631.93727810707,1763.40342008744
2020-08-26,1667.91989783313,1802.09267603602
2020-08-27,1658.59623359657,1792.15307388138
2020-08-28,1646.69621669905,1779.32208363697
2020-08-29,1641.68545386759,1773.9348178917
2020-08-30,1636.16854181795,1768.00047406658
2020-08-31,1631.13129940749,1762.58425780647
2020-09-01,1638.73152207545,1770.82380151683
2020-09-02,1704.86402477377,1842.14608666347
2020-09-03,1633.13340792663,1766.16384143232
2020-09-04,1590.87286557981,1720.48774381001
2020-09-05,1594.48006471297,1724.4150104138
2020-09-06,1599.12260066728,1729.45617961987
2020-09-07,1603.78988847526,1734.52258778578
2020-09-08,1549.07991867962,1675.46662336681
2020-09-09,1597.01351661237,1727.33652951753
2020-09-10,1546.28233337825,1673.31521588669
2020-09-11,1547.70133305492,1674.87624568682
2020-09-12,1555.27320648604,1683.09176218703
2020-09-13,1566.83661560147,1695.60011405255
2020-09-14,1578.95985774059,1708.69658167766
2020-09-15,1591.05662876227,1721.76270549097
2020-09-16,1593.6972414386,1724.63523297292
2020-09-17,1586.31825228443,1716.68292463169
2020-09-18,1559.24021816502,1687.40571465684
2020-09-19,1543.92868776965,1670.86128303214
2020-09-20,1531.33091195831,1657.2532091575
2020-09-21,1520.57805887154,1645.64135536856
2020-09-22,1546.10348017813,1673.29120949068
2020-09-23,1513.17188017969,1637.97038889568
2020-09-24,1512.24396669995,1636.99086143407
2020-09-25,1546.30483592228,1673.88635694805
2020-09-26,1567.52974524029,1696.63329639732
2020-09-27,1583.02764259478,1713.32131421598
2020-09-28,1586.68822049403,1717.28955810956
2020-09-29,1571.47904684925,1700.87377269703
2020-09-30,1583.60628570264,1714.02544744822
2020-10-01,1587.93133427555,1718.71436542007
2020-10-02,1572.2165212718,1701.75472989914
2020-10-03,1582.14676142074,1712.52902994336
2020-10-04,1606.74367396931,1739.09443712382
2020-10-05,1613.50797296904,1746.38578211337
2020-10-06,1585.62006855813,1716.2906921493
2020-10-07,1625.5944959071,1759.58551462725
2020-10-08,1652.12129416331,1787.97062304588
2020-10-09,1669.82638194078,1807.00744096684
2020-10-10,1688.13544184445,1826.74370246112
2020-10-11,1703.91565357641,1843.754761987
2020-10-12,1710.13478458101,1850.48088430892
2020-10-13,1696.65750401596,1835.95218804518
2020-10-14,1694.35997080197,1833.49396042871
2020-10-15,1682.38200388776,1820.56030919813
2020-10-16,1676.43412724992,1814.15161651429
2020-10-17,1666.08851759987,1802.98372037113
2020-10-18,1648.63477019334,1784.12330593119
2020-10-19,1638.51036576871,1773.1939938151
2020-10-20,1639.63158645755,1774.43435595176
2020-10-21,1623.70719674946,1757.23405566055
2020-10-22,1635.5533452923,1770.08111733221
2020-10-23,1637.15796004131,1771.83795750538
2020-10-24,1626.11132300792,1759.91561477546
2020-10-25,1609.64597111026,1742.12218645839
2020-10-26,1597.60724505121,1729.11915865318
2020-10-27,1585.47153802726,1716.01077214643
2020-10-28,1521.21653745967,1646.49146129413
2020-10-29,1540.71533113877,1667.62106287413
2020-10-30,1506.97053372742,1631.35366104976
2020-10-31,1516.72166437204,1641.93445463106
2020-11-01,1535.92496414836,1662.68038948461
2020-11-02,1556.58694044666,1684.93275987594
2020-11-03,1600.24522448018,1731.90485543523
2020-11-04,1655.9736288313,1791.42978952199
2020-11-05,1689.29599531189,1826.91217914075
2020-11-06,1693.04602869252,1830.95575033554
2020-11-07,1704.66196269494,1843.53164622809
2020-11-08,1722.05087762291,1862.30041725984
2020-11-09,1733.73290971744,1874.89801940372
2020-11-10,1757.36333753391,1900.39477926636
2020-11-11,1795.50728286323,1941.39492213211
2020-11-12,1766.1482424275,1910.01237874037
2020-11-13,1786.02057176629,1931.53250126285
2020-11-14,1804.52683524573,1951.46344670255
2020-11-15,1820.50353768758,1968.68216282527
2020-11-16,1826.81442611176,1975.50638856171
2020-11-17,1806.58099946466,1953.69400522024
2020-11-18,1794.79022035836,1940.9728006643
2020-11-19,1806.74989055477,1953.9360981162
2020-11-20,1792.91124499532,1939.04940250274
2020-11-21,1790.33507638308,1936.29275569995
2020-11-22,1790.93015941145,1936.96581547487
2020-11-23,1794.22744160923,1940.56072328272
2020-11-24,1856.8551084661,2008.26155009216
2020-11-25,1849.1474672975,2000.09468915233
2020-11-26,1851.12490811611,2002.26397919806
2020-11-27,1858.9386010714,2010.7412998382
2020-11-28,1844.30543041315,1994.97718705496
2020-11-29,1821.90288835293,1970.77480497839
2020-11-30,1808.64471461837,1956.46326636334
2020-12-01,1851.46260256621,2002.81038238896
2020-12-02,1829.40230020526,1979.25253572473
2020-12-03,1817.1210354437,1965.99540299058
2020-12-04,1841.35418840364,1992.24385411419
2020-12-05,1842.22491832419,1993.20930991253
2020-12-06,1844.34655989837,1995.53453498876
2020-12-07,1846.99011175196,1998.42336203008
2020-12-08,1859.11704602476,2011.56517039253
2020-12-09,1843.5859019511,1994.8458946384
2020-12-10,1842.80587426519,1994.03221965673
2020-12-11,1832.08598890154,1982.46296222843
2020-12-12,1826.16066641509,1976.08145913541
2020-12-13,1820.8001475419,1970.31092558557
2020-12-14,1815.90337484616,1965.04204554986
2020-12-15,1851.67219976372,2003.77842872244
2020-12-16,1855.42246264542,2007.82688936612
2020-12-17,1866.30804272229,2019.62505988875
2020-12-18,1850.32900768632,2002.41454649794
2020-12-19,1845.28650873708,1996.98805821902
2020-12-20,1848.30269975803,2000.28259174245
2020-12-21,1846.08175361183,1997.91139667909
2020-12-22,1820.7511060584,1970.52784124122
2020-12-23,1856.28052411726,2009.00993380603
2020-12-24,1855.67878123915,2008.39444610725
2020-12-25,1854.15660701291,2006.77756251286
2020-12-26,1856.44706166443,2009.28707739691
2020-12-27,1862.1000865727,2015.43206855173
2020-12-28,1868.64612858142,2022.53670309925
2020-12-29,1869.33350403811,2023.30994537031
2020-12-30,1876.22072615125,2030.79365749967
2020-12-31,1885.01804339113,2040.32873018912
2021-01-01,1884.23132029825,2039.50991583956
2021-01-02,1876.25682025389,2030.9092145216
2021-01-03,1864.48814824133,2018.20133821681
2021-01-04,1858.28166975587,2011.51382199866
2021-01-05,1889.04628742434,2044.84579883224
2021-01-06,1885.24114315633,2040.79061736718
2021-01-07,1949.49265655556,2110.3744473077
2021-01-08,1993.91768718403,2157.70206616372
2021-01-09,1995.13281702822,2159.03428997292
2021-01-10,1990.00609339205,2153.52094736933
2021-01-11,1991.35448034295,2155.01282037942
2021-01-12,1999.00887363057,2163.32593153877
2021-01-13,2008.44944098719,2173.55530520661
2021-01-14,2022.98128182827,2189.27722321574
2021-01-15,1988.4628123517,2152.08856422691
2021-01-16,1993.12513837653,2157.16721547846
2021-01-17,2001.78831569617,2166.5648010088
2021-01-18,2006.54523902704,2171.73467380162
2021-01-19,2017.19524710242,2183.28035433893
2021-01-20,2072.44190230144,2242.94948404006
2021-01-21,2060.39264092377,2230.11455835489
2021-01-22,2042.27182118719,2210.53491330462
2021-01-23,2045.05090408614,2213.57652968897
2021-01-24,2049.45108743964,2218.36946997543
2021-01-25,2052.78424367113,2222.00693336677
2021-01-26,2043.52729381071,2212.02889712053
2021-01-27,1969.64484145317,2132.08795531601
2021-01-28,1989.33868155459,2153.43838316709
2021-01-29,1904.97892696615,2062.6063872072
2021-01-30,1917.84641877037,2076.56991433362
2021-01-31,1944.62500117432,2105.4978284703
2021-02-01,1979.04031148098,2142.53556604629
2021-02-02,2043.48308037638,2211.73352545353
2021-02-03,2065.00558779371,2234.69813148613
2021-02-04,2096.13066923415,2268.24325714598
2021-02-05,2124.80631223896,2299.0781009105
2021-02-06,2135.29492210708,2310.38527895247
2021-02-07,2139.46143703269,2314.91716629892
2021-02-08,2141.22322647522,2316.85656028624
2021-02-09,2120.87181540921,2294.88058699737
2021-02-10,2121.33445881934,2295.41603413693
2021-02-11,2125.17586151343,2299.60693208944
2021-02-12,2154.62317632718,2331.47638384007
2021-02-13,2161.31145796856,2338.69861354843
2021-02-14,2165.2357344361,2342.97368706444
2021-02-15,2164.95522822646,2342.70588805218
2021-02-16,2160.1869400689,2337.58167414769
2021-02-17,2175.17459292977,2353.83560202838
2021-02-18,2141.23484258761,2317.27097645685
2021-02-19,2128.57560656686,2303.6061731635
2021-02-20,2120.37551430581,2294.7667648137
2021-02-21,2101.79530824219,2274.69326315165
2021-02-22,2093.3947015578,2265.63614396165
2021-02-23,2091.64216473766,2263.77380566786
2021-02-24,2098.94688956915,2271.71404184422
2021-02-25,2021.06092496824,2187.60041632849
2021-02-26,1995.41097923469,2159.87007477856
2021-02-27,2022.54562477957,2189.27391490837
2021-02-28,2073.33035956437,2243.90730984476
2021-03-01,2100.51671453089,2273.00661822042
2021-03-02,2087.84612470372,2259.4162213424
2021-03-03,2054.10045140239,2222.93177987117
2021-03-04,2001.74905180663,2166.3112463568
2021-03-05,2059.67862922616,2229.03605901409
2021-03-06,2065.40406746964,2235.17710976653
2021-03-07,2066.43375328875,2236.32366191582
2021-03-08,2063.66443672289,2233.3614133029
2021-03-09,2109.71048711691,2283.22777268108
2021-03-10,2131.45888166904,2306.54074459232
2021-03-11,2158.85730222355,2336.07536318177
2021-03-12,2169.78999207282,2347.86553222703
2021-03-13,2176.14494216602,2354.76007201974
2021-03-14,2183.81127308641,2363.07893345581
2021-03-15,2190.73933193698,2370.59804241959
2021-03-16,2194.79227406606,2375.01248435996
2021-03-17,2203.46557765095,2384.4250169182
2021-03-18,2170.9777265526,2349.37504773441
2021-03-19,2165.9910411766,2344.01426204544
2021-03-20,2167.57220760799,2345.76096950429
2021-03-21,2169.36197830431,2347.73268020671
2021-03-22,2170.98480844341,2349.52376400016
2021-03-23,2152.23153831289,2329.27199845198
2021-03-24,2134.65003585349,2310.27962330596
2021-03-25,2149.65243664278,2326.55142474752
2021-03-26,2219.12352510549,2401.50991472447
2021-03-27,2217.83577836384,2400.17245792479
2021-03-28,2216.46569451465,2398.7261807721
2021-03-29,2214.9136430392,2397.08292262422
2021-03-30,2228.97351431189,2412.33557247832
2021-03-31,2243.02241142971,2427.52801979869
2021-04-01,2283.00027055007,2470.69500892787
2021-04-02,2280.5334168722,2468.08498307756
2021-04-03,2288.61006161507,2476.86332745258
2021-04-04,2302.56804629039,2491.97974911746
2021-04-05,2311.30209720128,2501.44088762665
2021-04-06,2313.14556649267,2503.46993180353
2021-04-07,2288.36723291395,2476.70218139109
2021-04-08,2315.2486274431,2505.83354632784
2021-04-09,2323.88210875924,2515.16046884007
2021-04-10,2318.71468429405,2509.61606216048
2021-04-11,2313.09118429521,2503.56768272539
2021-04-12,2309.96816741986,2500.22551062963
2021-04-13,2329.05912413302,2520.92681928324
2021-04-14,2301.97372605168,2491.76877141998
2021-04-15,2340.73259439833,2533.76109748353
2021-04-16,2354.07651749198,2548.12278187698
2021-04-17,2344.79967686718,2538.14780641813
2021-04-18,2333.90877911833,2526.39740173121
2021-04-19,2322.46962272033,2514.0531589296
2021-04-20,2277.30836857278,2465.2046640228
2021-04-21,2312.82056546187,2503.68433346945
2021-04-22,2287.75089222998,2476.79183425286
2021-04-23,2315.55221309465,2506.92803787822
2021-04-24,2319.90103481424,2511.64513036133
2021-04-25,2324.04438621591,2516.16466520489
2021-04-26,2325.18610486036,2517.43771338716
2021-04-27,2319.10772094112,2510.8967199251
2021-04-28,2327.3716535441,2519.88220372531
2021-04-29,2320.53350620958,2512.52978665231
2021-04-30,2297.9838667567,2488.15258971439
2021-05-01,2306.32656861058,2497.22346607643
2021-05-02,2313.86244577747,2505.40578456145
2021-05-03,2322.18584818427,2514.44115113376
2021-05-04,2293.39414608879,2483.36021958308
2021-05-05,2313.07616429475,2504.71024587445
2021-05-06,2322.57196633293,2514.98617637903
2021-05-07,2364.66985666444,2560.51597345692
2021-05-08,2348.06676961051,2542.73526978032
2021-05-09,2318.74714040067,2511.02348359647
2021-05-10,2297.10923583014,2487.62943603013
2021-05-11,2244.38483079226,2430.56988120806
2021-05-12,2188.66016516154,2370.25942638279
2021-05-13,2214.26725924838,2398.02719634569
2021-05-14,2266.94621550514,2454.7821781052
2021-05-15,2262.8620416576,2450.44623232266
2021-05-16,2259.19592829234,2446.51341776979
2021-05-17,2255.20702085262,2442.23092022438
2021-05-18,2228.3694322782,2413.20477182525
2021-05-19,2206.26720124272,2389.3058763906
2021-05-20,2252.29158607085,2439.18485222216
2021-05-21,2259.46158933047,2446.90595476752
2021-05-22,2266.9391291472,2455.02797063795
2021-05-23,2275.42433062058,2464.23888290119
2021-05-24,2280.83792115559,2470.12780170097
2021-05-25,2268.50946550291,2456.82967646511
2021-05-26,2289.6671548313,2479.7810731236
2021-05-27,2304.24548643883,2495.5335126802
2021-05-28,2340.46458558215,2534.67284051706
2021-05-29,2335.30417943453,2529.1647682722
2021-05-30,2327.62469038939,2520.88618844557
2021-05-31,2319.75319718426,2512.39940459223
2021-06-01,2325.73326734251,2518.91423790177
2021-06-02,2345.21492381645,2540.02445359142
2021-06-03,2325.29581955983,2518.57866563162
2021-06-04,2384.77514206782,2583.04025576006
2021-06-05,2382.11086015676,2580.22799390754
2021-06-06,2377.38899192938,2575.15258676481
2021-06-07,2371.55207823787,2568.86922714583
2021-06-08,2363.59368798569,2560.28768521914
2021-06-09,2349.56087652981,2545.12596463787
2021-06-10,2375.23506700372,2572.97577313301
2021-06-11,2403.10938283251,2603.04496273118
2021-06-12,2410.13111510129,2610.64576329452
2021-06-13,2416.05069890481,2617.08786042464
2021-06-14,2419.16482532,2620.49645933744
2021-06-15,2414.98661233399,2616.0132345433
2021-06-16,2392.64164658534,2591.84796119468
2021-06-17,2447.73374604481,2651.56625884947
2021-06-18,2402.71340083939,2603.38563273175
2021-06-19,2411.04110050412,2612.44837788569
2021-06-20,2424.03254592028,2626.53979205807
2021-06-21,2440.19871325952,2644.04875149541
2021-06-22,2464.37520335456,2670.19756108186
2021-06-23,2442.81498921986,2646.99093553712
2021-06-24,2474.57366291668,2681.44425504859
2021-06-25,2491.04922324629,2699.22188147121
2021-06-26,2494.4566486329,2702.94241290388
2021-06-27,2501.29137853404,2710.38409134598
2021-06-28,2508.78680756439,2718.53573790227
2021-06-29,2515.9857090272,2726.36572905891
2021-06-30,2506.36753189038,2715.99965009225
2021-07-01,2519.39495822756,2730.15791947686
2021-07-02,2565.66505361367,2780.20887486092
2021-07-03,2562.78511982392,2777.15704345577
2021-07-04,2555.70716624125,2769.52919767102
2021-07-05,2552.15300536079,2765.7197282713
2021-07-06,2550.14742633004,2763.58831123129
2021-07-07,2561.06648616711,2775.46322861103
2021-07-08,2506.68717754814,2716.70065154941
2021-07-09,2543.93059331398,2757.10561646194
2021-07-10,2556.50083152633,2770.66987725343
2021-07-11,2567.53687511169,2782.64287024615
2021-07-12,2572.64635179939,2788.21034615259
2021-07-13,2568.9872322894,2784.29082827319
2021-07-14,2581.59152496852,2797.99374982299
2021-07-15,2565.68298711035,2780.83633578144
2021-07-16,2536.82506769247,2749.60066761907
2021-07-17,2511.04061963602,2721.69530555337
2021-07-18,2487.84791057959,2696.59825379139
2021-07-19,2469.52515592292,2676.77900880367
2021-07-20,2506.7814654132,2717.20268785873
2021-07-21,2553.58647264322,2767.59833670865
2021-07-22,2574.01476693905,2789.57886927937
2021-07-23,2608.54890920606,2826.90005646809
2021-07-24,2606.40580513182,2824.63478323667
2021-07-25,2601.87899495594,2819.77183524467
2021-07-26,2596.45028692516,2813.93132001102
2021-07-27,2555.9004806787,2770.02774297341
2021-07-28,2565.72232283475,2780.71449744816
2021-07-29,2580.24087403356,2796.46099661659
2021-07-30,2534.00738256956,2746.53702287583
2021-07-31,2538.67552230893,2751.63840688575
2021-08-01,2545.79036284996,2759.38448693693
2021-08-02,2554.79735636375,2769.17504612454
2021-08-03,2578.16903079867,2794.50449884445
2021-08-04,2583.47867087321,2800.27532312343
2021-08-05,2610.93010148307,2830.04168526148
2021-08-06,2620.3508779858,2840.24142405882
2021-08-07,2627.51083958965,2848.03112539649
2021-08-08,2632.59444579879,2853.57686049879
2021-08-09,2640.18746298267,2861.84234344134
2021-08-10,2664.44557483953,2888.14185924876
2021-08-11,2680.85740229595,2905.89351084262
2021-08-12,2678.52824070366,2903.4202719972
2021-08-13,2676.15349314235,2900.89031795962
2021-08-14,2672.73459537123,2897.22845162899
2021-08-15,2668.28094379576,2892.44480108477
2021-08-16,2664.08427117259,2887.93958303822
2021-08-17,2625.89810899547,2846.58868937961
2021-08-18,2615.63077845012,2835.50176227845
2021-08-19,2591.94819339622,2809.87155518582
2021-08-20,2622.63849141568,2843.18496103103
2021-08-21,2637.42072670628,2859.15838057532
2021-08-22,2648.16030997535,2870.81136293688
2021-08-23,2658.88078249909,2882.45277700633
2021-08-24,2679.14909031176,2904.42413194139
2021-08-25,2689.47538085751,2915.61978776998
2021-08-26,2647.45704515648,2870.20044351447
2021-08-27,2688.61359622151,2914.86336995356
2021-08-28,2697.41161099647,2924.37155961113
2021-08-29,2699.16666348746,2926.31539557581
2021-08-30,2696.31614660659,2923.27054994702
2021-08-31,2684.97075143071,2911.01467973821
2021-09-01,2710.29649756598,2938.51686098302
2021-09-02,2712.96599049842,2941.44145613433
2021-09-03,2706.89276360751,2934.90483495505
2021-09-04,2712.9843424802,2941.55419172033
2021-09-05,2718.91822721783,2948.0251634427
2021-09-06,2723.38886028569,2952.91177190561
2021-09-07,2709.74572926075,2938.17614267275
2021-09-08,2700.93114087008,2928.66319227503
2021-09-09,2673.05403681737,2898.48017074505
2021-09-10,2655.17321625788,2879.13551287559
2021-09-11,2662.60473283849,2887.23768621604
2021-09-12,2677.78313527372,2903.7168931189
2021-09-13,2685.06206514517,2911.63115786352
2021-09-14,2652.3614499602,2876.26408896803
2021-09-15,2661.78664426041,2886.52868890856
2021-09-16,2676.00444305406,2901.96282752522
2021-09-17,2630.33638684201,2852.61481700088
2021-09-18,2603.32394055811,2823.3630740394
2021-09-19,2588.32008889676,2807.1340242541
2021-09-20,2575.15622857555,2792.90001720854
2021-09-21,2569.78915585945,2787.12162754952
2021-09-22,2611.07501277254,2831.94151907303
2021-09-23,2670.74542819248,2896.18772939341
2021-09-24,2660.87171851633,2885.64084170288
2021-09-25,2658.31411520682,2882.91109654549
2021-09-26,2658.60930403769,2883.27509741999
2021-09-27,2659.34522487958,2884.11700284897
2021-09-28,2570.12179340168,2787.41227826281
2021-09-29,2572.62972945141,2790.1746655088
2021-09-30,2573.76017675956,2791.4424577423
2021-10-01,2585.6760168289,2804.4053453723
2021-10-02,2567.1617880503,2784.41406163664
2021-10-03,2534.80968994633,2749.36646001953
2021-10-04,2520.22433983491,2733.58838102276
2021-10-05,2569.92626676247,2787.53970810316
2021-10-06,2591.59494627417,2810.85617965701
2021-10-07,2642.46707377969,2865.84670458359
2021-10-08,2636.90987931316,2859.91949187137
2021-10-09,2632.64227969277,2855.33448562021
2021-10-10,2627.12337626957,2849.39219348427
2021-10-11,2620.19648677767,2841.92260793021
2021-10-12,2612.33673473758,2833.44099109402
2021-10-13,2634.17391152636,2857.16954469212
2021-10-14,2688.80388947633,2916.21973950939
2021-10-15,2735.52485499936,2966.42310797285
2021-10-16,2737.58503518747,2968.6821476972
2021-10-17,2739.26051638558,2970.54345918045
2021-10-18,2741.26220626929,2972.75858092064
2021-10-19,2757.34651377165,2990.23950257919
2021-10-20,2793.69402351842,3029.58603594235
2021-10-21,2790.2525309881,3025.92317468256
2021-10-22,2791.86619112613,3027.71916959871
2021-10-23,2798.30559098635,3034.74636049945
2021-10-24,2809.30175887176,3046.70356701901
2021-10-25,2820.57363938002,3058.94979329642
2021-10-26,2824.4985692147,3063.24403493149
2021-10-27,2794.05258982628,3030.2948305801
2021-10-28,2845.24337954872,3085.86001324166
2021-10-29,2807.09309056844,3044.90216823322
2021-10-30,2822.76860401683,3061.95200855188
2021-10-31,2848.64589666852,3089.98935760441
2021-11-01,2864.39899327183,3107.04565759397
2021-11-02,2859.89267695812,3102.21785187548
2021-11-03,2897.92006799913,3143.51460514802
2021-11-04,2925.60321710666,3173.39265299923
2021-11-05,2961.33435544566,3212.0155113802
2021-11-06,2959.02979093789,3209.57864794799
2021-11-07,2947.76945154817,3197.4137123146
2021-11-08,2941.97076548505,3191.17260280413
2021-11-09,2929.40857681436,3177.59489020944
2021-11-10,2898.03645477486,3143.61320638468
2021-11-11,2952.20528416173,3202.42009145236
2021-11-12,2996.54271935065,3250.11984236704
2021-11-13,2999.03211819489,3252.84832305294
2021-11-14,3001.23550953284,3255.28656695333
2021-11-15,3003.75905986683,3258.07210799381
2021-11-16,3055.15580289936,3313.84487027412
2021-11-17,3063.30982073491,3322.66357365211
2021-11-18,3049.88511919088,3308.17204164704
2021-11-19,3076.42706723204,3337.01210184226
2021-11-20,3062.99963064447,3322.56050860391
2021-11-21,3050.15616795781,3308.6792454711
2021-11-22,3037.60248299967,3295.11189721234
2021-11-23,3036.73687488134,3294.22304969363
2021-11-24,3066.37504707815,3326.42438688038
2021-11-25,3065.42437830495,3325.44780105067
2021-11-26,2892.24998601142,3137.63456754598
2021-11-27,2906.06454587863,3152.66892987309
2021-11-28,2923.06370089364,3171.11380417301
2021-11-29,2936.84950198093,3186.07349397926
2021-11-30,2800.31517663641,3038.35057218643
2021-12-01,2810.15882283659,3049.07719524149
2021-12-02,2840.81654520618,3082.32831174345
2021-12-03,2818.75790380472,3058.56967373206
2021-12-04,2828.53585033153,3069.22605179586
2021-12-05,2845.53172116056,3087.6821676953
2021-12-06,2864.97536396926,3108.76351839885
2021-12-07,3001.60395401412,3256.56066391887
2021-12-08,3002.07304905026,3257.10343651571
2021-12-09,2959.99327202022,3211.50312663124
2021-12-10,3001.00694522952,3256.05060014502
2021-12-11,2993.60935926953,3248.12766950084
2021-12-12,2973.98715799265,3226.88661345187
2021-12-13,2950.18199234375,3201.10624213674
2021-12-14,2890.2709478246,3136.14825494702
2021-12-15,2970.99790980966,3223.79044297421
2021-12-16,2924.80702246994,3174.39818598633
2021-12-17,2878.68592163508,3124.38960539289
2021-12-18,2852.12174837249,3095.60565636008
2021-12-19,2837.41597845895,3079.69157606107
2021-12-20,2829.68289976674,3071.34507524144
2021-12-21,2909.82599844488,3158.37933920473
2021-12-22,2961.619096088,3213.86640958468
2021-12-23,2999.40181261464,3254.56469805017
2021-12-24,2997.5325683884,3252.59742223916
2021-12-25,3012.4756328981,3268.86152396265
2021-12-26,3036.69926900584,3295.13012967876
2021-12-27,3052.1113562514,3311.83638258562
2021-12-28,3047.36926371328,3306.75371505091
2021-12-29,3066.11954169525,3327.15029743059
2021-12-30,3040.94834209945,3299.97051887376
2021-12-31,3041.50266106459,3300.62229295678
2022-01-01,3039.69648682511,3298.71269720249
2022-01-02,3039.59470695177,3298.6524562549
2022-01-03,3042.92235939213,3302.31387528272
2022-01-04,3096.04051488867,3359.97704083683
2022-01-05,2991.40359378177,3247.44551149913
2022-01-06,2960.01845603439,3213.42346801319
2022-01-07,2962.62060449779,3216.29729012354
2022-01-08,2955.18051608607,3208.27278396433
2022-01-09,2945.82658858788,3198.16658715097
2022-01-10,2936.53642659912,3188.12930580597
2022-01-11,2977.72069175987,3232.8906265045
2022-01-12,3007.43446693376,3264.9745998749
2022-01-13,2904.04603719296,3153.33126290011
2022-01-14,2894.48939529098,3143.00226247893
2022-01-15,2903.11555526445,3152.41687835565
2022-01-16,2911.24841905736,3161.2824719859
2022-01-17,2919.98370320967,3170.80237379046
2022-01-18,2846.72911547971,3091.42430468181
2022-01-19,2815.53779608992,3057.59893799759
2022-01-20,2801.30462590854,3042.18862957767
2022-01-21,2698.77067765591,2930.88409360503
2022-01-22,2686.39025983587,2917.48348264579
2022-01-23,2682.95439677766,2913.79645883581
2022-01-24,2677.34096666584,2907.74440167784
2022-01-25,2641.07971510901,2868.4068710458
2022-01-26,2643.9205751834,2871.53591632439
2022-01-27,2650.82974981711,2879.07925663209
2022-01-28,2740.83444542214,2976.74737791048
2022-01-29,2773.05894132719,3011.21398331615
2022-01-30,2796.50351571937,3036.57309249042
2022-01-31,2827.4052777874,3070.03313919555
2022-02-01,2822.87231191684,3065.18376695999
2022-02-02,2834.83343459919,3078.21826708976
2022-02-03,2752.61498161967,2989.17830229721
2022-02-04,2687.25300748987,2918.2445282759
2022-02-05,2688.33445352238,2919.46334655941
2022-02-06,2689.37129497366,2920.63346486297
2022-02-07,2690.99675086652,2922.4427218589
2022-02-08,2737.22368111589,2972.67335162394
2022-02-09,2809.88472066232,3050.9602416887
2022-02-10,2755.39019030861,2992.58837730908
2022-02-11,2683.82753518756,2914.91078864887
2022-02-12,2674.29446586512,2904.60126390787
2022-02-13,2674.88748863736,2905.28956566045
2022-02-14,2677.93747405728,2908.64599934213
2022-02-15,2735.97792666881,2971.6932087806
2022-02-16,2740.78303398291,2976.90027881374
2022-02-17,2660.79499013207,2890.14342075235
2022-02-18,2623.09706401863,2849.2400932926
2022-02-19,2620.0517296724,2845.97557015697
2022-02-20,2617.68748760868,2843.45078103063
2022-02-21,2612.14466512789,2837.47319108934
2022-02-22,2563.22028562181,2784.37168155284
2022-02-23,2500.68609201288,2716.48449814093
2022-02-24,2551.56775673331,2771.79837274987
2022-02-25,2651.1829413801,2878.97018451138
2022-02-26,2652.06537785181,2879.95155018697
2022-02-27,2653.50914586308,2881.56288850686
2022-02-28,2655.55007086691,2883.82236219631
2022-03-01,2601.21556685043,2824.88540194197
2022-03-02,2676.01963887642,2906.16462292549
2022-03-03,2658.27729237591,2887.20812647177
2022-03-04,2640.8656696651,2868.34095068403
2022-03-05,2591.98955892568,2815.29847605639
2022-03-06,2552.17419007962,2772.0957189289
2022-03-07,2513.66366904039,2730.30893481679
2022-03-08,2475.13452583958,2688.50063017192
2022-03-09,2558.01649962462,2778.56826774442
2022-03-10,2507.3976634,2724.51703556512
2022-03-11,2492.46940330034,2708.33758515995
2022-03-12,2481.67004299669,2696.6441266615
2022-03-13,2473.55266443752,2687.86462737041
2022-03-14,2469.44824623712,2683.4455050071
2022-03-15,2502.11236857985,2718.9810650797
2022-03-16,2639.19534891333,2867.00948384603
2022-03-17,2705.68182735705,2937.42083197802
2022-03-18,2775.31574729691,3012.17789292192
2022-03-19,2769.64078753288,3006.13797903524
2022-03-20,2760.60704138688,2996.37859983315
2022-03-21,2755.19399830971,2990.54885756599
2022-03-22,2820.46364620928,3061.43950516377
2022-03-23,2800.15314118477,3039.69395880032
2022-03-24,2849.50283269294,3093.31156854233
2022-03-25,2843.58488368216,3086.98862134997
2022-03-26,2855.50320005742,3099.97409882332
2022-03-27,2869.98412356939,3115.70835086225
2022-03-28,2883.0676379712,3129.92294442337
2022-03-29,2909.26865191406,3158.34956085069
2022-03-30,2874.92588299097,3121.28191213433
2022-03-31,2811.79697480771,3052.79093801205
2022-04-01,2845.49957977351,3089.42859940057
2022-04-02,2868.95954357025,3114.79406770917
2022-04-03,2895.97670874128,3144.05363954242
2022-04-04,2919.20237572439,3169.19852172767
2022-04-05,2881.93834790857,3128.95136179736
2022-04-06,2835.76442840573,3078.86746475721
2022-04-07,2834.16819718669,3077.18126160021
2022-04-08,2861.18126333272,3106.55737631844
2022-04-09,2831.75081272288,3074.80114994098
2022-04-10,2794.98835597907,3034.93015578233
2022-04-11,2765.53423929516,3002.99369086525
2022-04-12,2763.84066730976,3001.2004089647
2022-04-13,2829.18597087281,3072.20328022916
2022-04-14,2760.6682410097,2998.70613036195
2022-04-15,2759.1185376698,2997.06845851066
2022-04-16,2764.97806126399,3003.4789318423
2022-04-17,2773.72495708313,3013.0155085382
2022-04-18,2780.30886562172,3020.20154562559
2022-04-19,2827.85220076362,3071.83038752047
2022-04-20,2830.30053238598,3074.51285339596
2022-04-21,2738.06579524,2974.41179078002
2022-04-22,2638.83535817077,2866.66119717028
2022-04-23,2643.52131913467,2871.79536113405
2022-04-24,2645.30952473624,2873.77977332302
2022-04-25,2649.90900694532,2878.81836010699
2022-04-26,2577.51094813748,2800.28040755474
2022-04-27,2613.31457545184,2839.22109847568
2022-04-28,2758.67799438873,2996.10620716245
2022-04-29,2630.38934245828,2860.44267579753
2022-04-30,2632.76556899558,2863.0702740319
2022-05-01,2635.81976833663,2866.43355495249
2022-05-02,2638.26179721894,2869.13116119335
2022-05-03,2643.14946482092,2874.4875155385
2022-05-04,2744.20957127145,2984.33172256818
2022-05-05,2586.20470618546,2815.70616297197
2022-05-06,2535.04181205574,2760.04590347391
2022-05-07,2484.70721027612,2705.28574024533
2022-05-08,2433.25861724381,2649.31100753458
2022-05-09,2385.35921827036,2597.19888907848
2022-05-10,2392.41289950063,2604.91853229032
2022-05-11,2356.18123952228,2565.56730745609
2022-05-12,2390.07674361985,2602.51404604381
2022-05-13,2509.53310187544,2731.70063407455
2022-05-14,2502.53512620484,2724.30000678371
2022-05-15,2492.19833540362,2713.08868351122
2022-05-16,2481.50717551386,2701.49123421697
2022-05-17,2524.0053055854,2747.79792241728
2022-05-18,2400.52763432208,2614.54796880674
2022-05-19,2369.46092384955,2580.75128759933
2022-05-20,2363.93822156315,2574.7754029399
2022-05-21,2373.29374045219,2585.004521054
2022-05-22,2392.47193083893,2605.89079747274
2022-05-23,2400.48896943646,2614.62695813699
2022-05-24,2330.78203909504,2538.86921438501
2022-05-25,2390.71161243738,2604.18782215802
2022-05-26,2443.05980506534,2660.53187979738
2022-05-27,2535.36861235016,2760.0436339899
2022-05-28,2539.61737625026,2764.62550502759
2022-05-29,2543.99670089917,2769.43080839242
2022-05-30,2546.85176124644,2772.57812779897
2022-05-31,2539.95879227378,2765.12077114219
2022-06-01,2502.5644479377,2724.45358753983
2022-06-02,2578.72282750919,2807.40599887028
2022-06-03,2503.66419692127,2726.94034209743
2022-06-04,2509.44842817217,2733.28193082701
2022-06-05,2517.6453300211,2742.24084011864
2022-06-06,2528.37937535367,2753.95462522087
2022-06-07,2578.34317346625,2808.30095125717
2022-06-08,2512.80365545413,2737.64796472729
2022-06-09,2409.51217887014,2625.15568875369
2022-06-10,2350.77760930417,2561.20452587237
2022-06-11,2300.60738738584,2506.58236431786
2022-06-12,2263.04906448135,2465.69957176686
2022-06-13,2233.12033376836,2433.12832373223
2022-06-14,2206.1056943733,2403.73116729732
2022-06-15,2263.76537928222,2466.59266121041
2022-06-16,2167.92220789675,2363.53075695604
2022-06-17,2123.38099341581,2315.00662957104
2022-06-18,2121.86252465938,2313.38636106577
2022-06-19,2122.67693361026,2314.3094968081
2022-06-20,2122.56496318773,2314.22264414703
2022-06-21,2190.16714389296,2387.96404020407
2022-06-22,2181.06351620755,2378.22594285219
2022-06-23,2212.02835576686,2412.02611827485
2022-06-24,2314.86086578244,2523.4038933377
2022-06-25,2310.57903338123,2518.87392336121
2022-06-26,2307.39714305918,2515.4435333344
2022-06-27,2308.2674377594,2516.43058347357
2022-06-28,2253.86436092795,2457.17250226743
2022-06-29,2250.37053803656,2453.4009128713
2022-06-30,2256.31907747978,2459.9234937703
2022-07-01,2257.21360736588,2460.93468000193
2022-07-02,2257.80090507416,2461.61226101641
2022-07-03,2258.1289513118,2462.00730800658
2022-07-04,2257.05495797032,2460.87392692194
2022-07-05,2307.3194363173,2515.71489963772
2022-07-06,2364.74445409885,2577.67950594612
2022-07-07,2438.29071905466,2656.93122650705
2022-07-08,2452.1745628036,2671.87500876625
2022-07-09,2450.13821932372,2669.70262225306
2022-07-10,2436.15399133052,2654.50585858625
2022-07-11,2420.79393686553,2637.80948951555
2022-07-12,2409.6102016055,2625.66331930342
2022-07-13,2383.53819710429,2597.29358951658
2022-07-14,2370.99370521226,2583.66363969703
2022-07-15,2422.59183660656,2639.92927592751
2022-07-16,2413.00101394447,2629.62818681658
2022-07-17,2406.6535281525,2622.75088081443
2022-07-18,2397.05933561571,2612.33513456481
2022-07-19,2442.66849243457,2662.08013503846
2022-07-20,2494.27947584435,2717.83946618613
2022-07-21,2530.15446189241,2756.57169387656
2022-07-22,2512.4017459698,2737.40606479111
2022-07-23,2505.81621918247,2730.27242449963
2022-07-24,2495.62415560848,2719.20897960338
2022-07-25,2488.60832414468,2711.6059864565
2022-07-26,2500.30841342086,2724.39575617269
2022-07-27,2571.79087100679,2802.14097754711
2022-07-28,2651.38199158009,2887.70003110043
2022-07-29,2673.19624522955,2911.15283429118
2022-07-30,2667.20796254812,2904.70073265584
2022-07-31,2662.00358452148,2899.07662120697
2022-08-01,2660.49763662253,2897.48013620368
2022-08-02,2622.69313631833,2856.3517805486
2022-08-03,2685.33795676981,2924.62063392228
2022-08-04,2709.06678551287,2950.2043779963
2022-08-05,2669.94365038442,2907.82577661162
2022-08-06,2677.8455585754,2916.47542213406
2022-08-07,2690.67174376183,2930.46732657587
2022-08-08,2698.63979533765,2939.16844276085
2022-08-09,2653.95383900331,2890.61618822997
2022-08-10,2744.86653315645,2989.67933589961
2022-08-11,2708.73651350037,2951.02219395149
2022-08-12,2795.73952322888,3045.85163611547
2022-08-13,2818.54283680429,3070.35164083718
2022-08-14,2836.40192237573,3089.7752378389
2022-08-15,2858.22747844833,3113.5217166443
2022-08-16,2897.48849444503,3156.17260528044
2022-08-17,2841.02534702223,3095.12984304983
2022-08-18,2836.94740367725,3090.73369232278
2022-08-19,2831.80222298564,3085.17469158708
2022-08-20,2798.26895410472,3048.68744730288
2022-08-21,2772.34396359264,3020.48823991007
2022-08-22,2762.32368523328,3009.61648488599
2022-08-23,2791.65953589241,3041.62381633884
2022-08-24,2795.33827454919,3045.65582946377
2022-08-25,2845.61515884241,3100.44377132074
2022-08-26,2691.69085651052,2934.26382902491
2022-08-27,2675.15726421921,2916.2843457202
2022-08-28,2664.74501611952,2904.97741608471
2022-08-29,2648.14140552281,2886.92061960864
2022-08-30,2582.66965861207,2815.58877519798
2022-08-31,2570.16192749885,2801.9953580143
2022-09-01,2529.39238787248,2757.59045501605
2022-09-02,2524.02110998283,2751.77603809892
2022-09-03,2528.32560313476,2756.51030869013
2022-09-04,2540.24424628521,2769.53461499128
2022-09-05,2543.87048767634,2773.52018085455
2022-09-06,2518.00329932184,2745.38003488534
2022-09-07,2585.44406676373,2818.95198544397
2022-09-08,2560.62894712526,2792.2898733365
2022-09-09,2628.57018484862,2866.41975105995
2022-09-10,2638.16669264099,2876.79063466336
2022-09-11,2641.17847245312,2880.11196779326
2022-09-12,2641.02683534975,2879.98992835409
2022-09-13,2459.19803352642,2681.75234277377
2022-09-14,2538.0207498353,2767.74796677162
2022-09-15,2490.52463571334,2716.79745857032
2022-09-16,2462.12803822005,2685.86100211593
2022-09-17,2462.34647002818,2686.13889556187
2022-09-18,2459.6627106878,2683.2509991899
2022-09-19,2459.93251623012,2683.58490652083
2022-09-20,2421.24367796641,2641.42091764339
2022-09-21,2388.98403395258,2606.26668140317
2022-09-22,2348.15403270072,2561.76155592924
2022-09-23,2314.63323975827,2525.22921589084
2022-09-24,2311.40969667558,2521.74961677976
2022-09-25,2308.50373790735,2518.61640305091
2022-09-26,2304.84912084761,2514.66629612635
2022-09-27,2299.9716149864,2509.38186787691
2022-09-28,2388.61777761952,2606.13618567102
2022-09-29,2256.07223910675,2464.24273362228
2022-09-30,2200.24983939357,2403.30589644433
2022-10-01,2210.64799668994,2414.69913234151
2022-10-02,2241.2377123589,2448.06893113493
2022-10-03,2277.4842673647,2487.42687328259
2022-10-04,2363.70540540068,2580.89204195826
2022-10-05,2341.86679099348,2557.5122592118
2022-10-06,2332.79365491109,2547.64136706778
2022-10-07,2253.21419364132,2460.77030854977
2022-10-08,2258.0912446824,2466.13290522309
2022-10-09,2263.90049404662,2472.50677123468
2022-10-10,2254.9798322514,2462.81309899455
2022-10-11,2199.13219924193,2401.85451548536
2022-10-12,2193.03352855408,2395.22908215436
2022-10-13,2244.56203494642,2451.54379161923
2022-10-14,2201.31192582163,2404.88363394222
2022-10-15,2215.7461733344,2420.68819543055
2022-10-16,2247.43945236998,2455.23526508938
2022-10-17,2283.62772227145,2494.52792457974
2022-10-18,2289.64729141584,2501.08832995542
2022-10-19,2277.70801103549,2488.10033763924
2022-10-20,2245.20289763249,2452.62941921951
2022-10-21,2337.80755521572,2553.82567980961
2022-10-22,2337.13522593147,2553.14231723422
2022-10-23,2320.24052807916,2534.72380333036
2022-10-24,2318.6141079392,2532.98441724549
2022-10-25,2388.96750376829,2609.8797887432
2022-10-26,2312.75137807658,2527.88033852452
2022-10-27,2290.73440448196,2503.85266757258
2022-10-28,2384.13314703713,2605.97767920883
2022-10-29,2385.68253237005,2607.67534102664
2022-10-30,2383.31908715877,2605.13125614483
2022-10-31,2380.86386637971,2602.48597079931
2022-11-01,2373.88047104473,2594.89090955494
2022-11-02,2317.36706722766,2533.15359405578
2022-11-03,2330.53884569141,2547.58853773599
2022-11-04,2353.91200638226,2573.10313680263
2022-11-05,2346.05766129865,2564.59700613883
2022-11-06,2338.75176371147,2556.6476563381
2022-11-07,2347.32817873902,2566.06010018453
2022-11-08,2382.40288257478,2604.3702252958
2022-11-09,2287.6616659901,2501.59933694863
2022-11-10,2528.67390173029,2765.18675047901
2022-11-11,2443.36269684924,2676.38174782273
2022-11-12,2432.361131141,2664.36970443925
2022-11-13,2418.44532189319,2649.16509244031
2022-11-14,2407.69333913148,2637.42568823179
2022-11-15,2418.92530614725,2649.7675204928
2022-11-16,2378.81065761101,2605.96504169195
2022-11-17,2391.21915641166,2619.59613674391
2022-11-18,2396.39459471942,2625.28903060217
2022-11-19,2399.40430902751,2628.62065146058
2022-11-20,2413.3827845781,2643.96292979485
2022-11-21,2415.82287324213,2646.66665224342
2022-11-22,2458.06003343122,2692.95480483483
2022-11-23,2472.26535702358,2708.42294195443
2022-11-24,2451.96437683475,2686.28473779453
2022-11-25,2463.60001084502,2699.07118502961
2022-11-26,2436.08401198679,2669.0354451344
2022-11-27,2386.43867644215,2614.68136877828
2022-11-28,2359.76996666341,2585.49984588254
2022-11-29,2407.76367382485,2638.12191808597
2022-11-30,2506.9540811739,2745.75712247981
2022-12-01,2506.16468542214,2744.94894251243
2022-12-02,2450.75695432702,2684.30174594066
2022-12-03,2424.75933734507,2655.86552763244
2022-12-04,2400.05320660778,2628.84305131731
2022-12-05,2375.21258540639,2601.67248000417
2022-12-06,2347.36528682952,2571.20776905367
2022-12-07,2321.77776736395,2543.21744902799
2022-12-08,2356.71192755273,2581.52025609361
2022-12-09,2332.10831592865,2554.80676366445
2022-12-10,2335.48306421988,2558.54073673347
2022-12-11,2344.33199003505,2568.26480823342
2022-12-12,2354.63304461549,2579.56569958881
2022-12-13,2413.06826422229,2643.48086542242
2022-12-14,2354.81547521154,2580.47335347788
2022-12-15,2253.95728132925,2469.98742622284
2022-12-16,2206.30157336807,2417.79989783973
2022-12-17,2194.67357172702,2405.09219937538
2022-12-18,2186.84719864302,2396.55025403148
2022-12-19,2184.46575584468,2393.97511163972
2022-12-20,2191.10907500036,2401.29021243686
2022-12-21,2227.78075558213,2441.45298899315
2022-12-22,2187.00131667273,2397.16382395686
2022-12-23,2201.51699971783,2413.10862689507
2022-12-24,2201.81080387814,2413.46416004421
2022-12-25,2201.91134728472,2413.60880789506
2022-12-26,2201.66307236058,2413.37112569572
2022-12-27,2196.07328622112,2407.27828690915
2022-12-28,2151.72396264236,2358.69807702681
2022-12-29,2201.81194095169,2413.63768117547
2022-12-30,2180.23929168676,2390.29326090108
2022-12-31,2179.24928293395,2389.24200407939
2023-01-01,2179.90043656145,2389.99000939426
2023-01-02,2179.46693936727,2389.548924822
2023-01-03,2230.24211808032,2445.25250408019
2023-01-04,2248.97507026197,2465.59303926181
2023-01-05,2208.35653000307,2421.27848738304
2023-01-06,2336.81599795364,2562.15812845828
2023-01-07,2325.98140568236,2550.64264334729
2023-01-08,2297.524256914,2519.47329889424
2023-01-09,2284.91235533046,2505.67901711019
2023-01-10,2285.60741573165,2506.47700483236
2023-01-11,2321.33651568015,2545.68886636593
2023-01-12,2340.74128331817,2566.84207053431
2023-01-13,2352.20336651906,2579.39687611407
2023-01-14,2352.608433581,2579.87689613733
2023-01-15,2353.04389439322,2580.39121899176
2023-01-16,2353.28954278754,2580.69742540086
2023-01-17,2338.61243305993,2564.63958753764
2023-01-18,2306.83847213542,2529.83128321416
2023-01-19,2273.51055196564,2493.31780123568
2023-01-20,2332.90602065934,2558.49133388126
2023-01-21,2347.74634155314,2574.59653297801
2023-01-22,2356.52079291992,2584.22608910249
2023-01-23,2358.97427351472,2586.94863480199
2023-01-24,2366.23841353479,2594.94765623132
2023-01-25,2359.68586950334,2587.80984573688
2023-01-26,2389.63696944866,2620.6934277057
2023-01-27,2414.60169402072,2647.93823422475
2023-01-28,2399.66142771246,2631.67571384782
2023-01-29,2368.46140344715,2597.49664748818
2023-01-30,2353.23444733699,2580.83428878954
2023-01-31,2415.93091091839,2649.63147458143
2023-02-01,2432.77597191656,2667.90467490927
2023-02-02,2450.11206508563,2686.89051246383
2023-02-03,2427.71927904362,2662.45830869014
2023-02-04,2425.07075372577,2659.59170397364
2023-02-05,2427.66071645583,2662.47010949217
2023-02-06,2444.71568424399,2681.20284314965
2023-02-07,2521.95956188091,2765.66257740981
2023-02-08,2478.72619671342,2719.01232421215
2023-02-09,2446.47169226531,2683.66939143631
2023-02-10,2467.64586166533,2706.93430306752
2023-02-11,2478.69313404101,2719.03944578863
2023-02-12,2498.41013022033,2740.65926446782
2023-02-13,2510.2350432302,2753.61883621805
2023-02-14,2480.75050972191,2721.38970152336
2023-02-15,2507.85506667325,2751.16179935585
2023-02-16,2472.21491847534,2712.31382980927
2023-02-17,2483.82288341598,2725.08735896313
2023-02-18,2480.09420737446,2721.04456359745
2023-02-19,2472.14084214171,2712.35682559019
2023-02-20,2468.82192135436,2708.75361871546
2023-02-21,2400.03870510054,2633.3238874692
2023-02-22,2387.22688383983,2619.30383940578
2023-02-23,2413.48359967963,2648.15003123275
2023-02-24,2377.71122096765,2609.15012765815
2023-02-25,2386.50741096103,2618.8392639136
2023-02-26,2397.73392617976,2631.1731890406
2023-02-27,2405.30395116134,2639.49817808854
2023-02-28,2363.0751204736,2593.26698283512
2023-03-01,2333.02579119347,2560.32701821198
2023-03-02,2386.10553788815,2618.61426943471
2023-03-03,2445.56102135431,2683.17605368162
2023-03-04,2445.92091077474,2683.6048712171
2023-03-05,2445.60407880355,2683.29507801633
2023-03-06,2444.31841124627,2681.92225601836
2023-03-07,2369.99331374144,2600.41005501979
2023-03-08,2419.31596221948,2654.56460756101
2023-03-09,2357.44611300485,2587.40787014272
2023-03-10,2283.62603114075,2506.42330946644
2023-03-11,2259.89902307785,2480.41673005258
2023-03-12,2235.29340226066,2453.44506557818
2023-03-13,2214.67352853238,2430.84737309353
2023-03-14,2239.47385946306,2458.10270433075
2023-03-15,2265.65504615432,2486.71608751724
2023-03-16,2304.19211406833,2528.80750272382
2023-03-17,2263.95664122045,2485.05050260646
2023-03-18,2256.71388712045,2477.13544387576
2023-03-19,2254.5485777128,2474.79353447624
2023-03-20,2252.41530765477,2472.48672934243
2023-03-21,2282.62510225038,2505.68299111372
2023-03-22,2244.99322870035,2464.68203726817
2023-03-23,2230.46125398436,2448.76225046811
2023-03-24,2277.00749061069,2499.89812196709
2023-03-25,2275.21805223985,2497.98933910258
2023-03-26,2275.21339900283,2498.0189426658
2023-03-27,2275.15416601605,2497.98862535009
2023-03-28,2253.34467207484,2474.07777403877
2023-03-29,2306.9800188451,2533.00151772721
2023-03-30,2326.80384970959,2554.55136038066
2023-03-31,2381.38852360928,2614.26653110737
2023-04-01,2389.7373457159,2623.36533297766
2023-04-02,2397.10396083245,2631.47512546856
2023-04-03,2400.94776779485,2635.72510646024
2023-04-04,2376.14886688764,2608.5591305709
2023-04-05,2340.40165866037,2569.35174538281
2023-04-06,2358.92776064704,2589.72586653584
2023-04-07,2361.57556972314,2592.6577857058
2023-04-08,2360.88001055845,2591.93065570536
2023-04-09,2359.30134241987,2590.23351298166
2023-04-10,2358.14925829328,2589.00465351384
2023-04-11,2378.68972031099,2611.59194289376
2023-04-12,2367.60104393394,2599.50662428066
2023-04-13,2380.05314300416,2613.21452678481
2023-04-14,2358.56874646417,2589.72323788266
2023-04-15,2367.48371312857,2599.54791269554
2023-04-16,2383.85058362213,2617.52194322179
2023-04-17,2394.46142842931,2629.17002390747
2023-04-18,2409.53520077089,2645.72202700316
2023-04-19,2417.33753957463,2654.29975334414
2023-04-20,2395.72292200689,2630.64097821758
2023-04-21,2376.80197089987,2609.90124361169
2023-04-22,2374.26012803876,2607.14638306968
2023-04-23,2373.06586669471,2605.87120291098
2023-04-24,2370.56548825266,2603.16173806769
2023-04-25,2300.27879900299,2526.0148035829
2023-04-26,2279.95752105351,2503.73441199843
2023-04-27,2333.81468324357,2562.91242297375
2023-04-28,2393.31385614026,2627.53653606094
2023-04-29,2394.0228663144,2628.34330474224
2023-04-30,2394.33979870693,2628.72775447507
2023-05-01,2394.35780926587,2628.78406977999
2023-05-02,2348.26003968233,2578.20950122673
2023-05-03,2302.8088485649,2528.34341078377
2023-05-04,2268.8562844474,2491.1007092266
2023-05-05,2359.17470470084,2590.3008383412
2023-05-06,2360.73987080148,2592.02449424997
2023-05-07,2361.16470457742,2592.52686909022
2023-05-08,2361.02056093748,2592.40464957733
2023-05-09,2373.11927005428,2605.72508616338
2023-05-10,2386.6305177073,2620.55943154661
2023-05-11,2383.5965935624,2617.27395188953
2023-05-12,2390.04856544809,2624.39457040568
2023-05-13,2397.39289782264,2632.48471953986
2023-05-14,2408.85507386655,2645.0884889909
2023-05-15,2414.71697893282,2651.54695265704
2023-05-16,2387.26358118796,2621.4734409653
2023-05-17,2436.96797105096,2676.09041770375
2023-05-18,2475.75301075271,2718.28606797627
2023-05-19,2481.69787518578,2724.80187858888
2023-05-20,2482.97849457159,2726.24407746197
2023-05-21,2482.86048118048,2726.15218705068
2023-05-22,2483.12739662554,2726.48288285294
2023-05-23,2455.34042354682,2696.01122012503
2023-05-24,2404.62574373055,2640.3627278422
2023-05-25,2435.67278834956,2674.48990636139
2023-05-26,2481.40628827744,2724.42642945262
2023-05-27,2486.23008736965,2729.71336949431
2023-05-28,2495.88893640464,2740.34607940709
2023-05-29,2500.55261038715,2745.49483475767
2023-05-30,2479.23831625179,2722.15189115197
2023-05-31,2461.83159740355,2703.07725332218
2023-06-01,2506.20867551905,2751.84034537494
2023-06-02,2553.54611937208,2803.39750450382
2023-06-03,2561.38518624319,2811.9653181666
2023-06-04,2575.85286127873,2827.86388331759
2023-06-05,2584.00542985257,2836.82862441537
2023-06-06,2600.68343989921,2855.14950740538
2023-06-07,2569.65372760948,2821.23160043842
2023-06-08,2584.37057154149,2837.42821636202
2023-06-09,2573.80683043725,2825.90238162374
2023-06-10,2586.19880955166,2839.5471180447
2023-06-11,2599.46007053368,2854.11245154788
2023-06-12,2613.20528701331,2869.20597711243
2023-06-13,2643.38949611965,2902.30118133803
2023-06-14,2652.78757136669,2912.60224055135
2023-06-15,2696.37732065099,2960.41894003235
2023-06-16,2620.92925734486,2878.28995609979
2023-06-17,2623.31168270264,2880.94605997167
2023-06-18,2626.71348096903,2884.72016146439
2023-06-19,2626.02485658455,2884.00427239378
2023-06-20,2590.46567469448,2844.99158527664
2023-06-21,2571.70819802073,2824.43009778401
2023-06-22,2545.05593095883,2795.19742879176
2023-06-23,2543.08543696114,2793.07157110631
2023-06-24,2533.84039691795,2782.95602377508
2023-06-25,2524.08923931775,2772.28432367166
2023-06-26,2513.49893210896,2760.69065811502
2023-06-27,2541.93240888974,2791.95828780126
2023-06-28,2551.83917219711,2802.81804169016
2023-06-29,2563.93722030958,2816.1195203021
2023-06-30,2651.01370704635,2911.57740541236
2023-07-01,2653.31630740173,2914.10755773289
2023-07-02,2652.18740809108,2912.90819701363
2023-07-03,2651.50589097267,2912.19960697431
2023-07-04,2654.64026911449,2915.68207259585
2023-07-05,2641.25773227612,2901.03189550994
2023-07-06,2565.39831651757,2817.75128168703
2023-07-07,2567.87759108667,2820.51305047642
2023-07-08,2563.33370974318,2815.56312011859
2023-07-09,2555.28802222674,2806.76433672489
2023-07-10,2546.47304146785,2797.1203035738
2023-07-11,2572.29883885585,2825.52644405765
2023-07-12,2615.41391244441,2872.68899684461
2023-07-13,2598.96687789605,2854.81167505877
2023-07-14,2582.31388232782,2836.5584747513
2023-07-15,2582.30834358227,2836.59126325395
2023-07-16,2582.57995855657,2836.92850458609
2023-07-17,2582.92317269235,2837.34439478559
2023-07-18,2599.40271420705,2855.48538418681
2023-07-19,2621.44993822487,2879.66813688917
2023-07-20,2604.04267264643,2860.66573150377
2023-07-21,2634.95153402656,2894.65979972994
2023-07-22,2641.16770924343,2901.48939577245
2023-07-23,2649.53865121797,2910.71490018651
2023-07-24,2659.97539244845,2922.20281923017
2023-07-25,2704.38936814117,2970.94150563536
2023-07-26,2698.89311185161,2964.9948001715
2023-07-27,2652.44990083379,2914.0130767927
2023-07-28,2749.23595161205,3020.38332776748
2023-07-29,2751.83911528726,3023.2372746542
2023-07-30,2753.5688482367,3025.17830117469
2023-07-31,2754.15543569153,3025.8640841977
2023-08-01,2753.16878566587,3024.82166016571
2023-08-02,2654.92516390184,2916.92558783928
2023-08-03,2661.89812866666,2924.62637868513
2023-08-04,2650.57871984097,2912.24568776088
2023-08-05,2650.17584417235,2911.84267545467
2023-08-06,2656.38336284724,2918.70273166934
2023-08-07,2657.58869782721,2920.06551377592
2023-08-08,2644.7500236686,2906.0013624283
2023-08-09,2617.1284280233,2875.69082838582
2023-08-10,2607.08425993823,2864.69347290652
2023-08-11,2589.58105628473,2845.49974268605
2023-08-12,2599.974645502,2856.95922306906
2023-08-13,2614.20574110494,2872.60538921349
2023-08-14,2624.3070732756,2883.71500155387
2023-08-15,2578.52930039168,2833.54650514027
2023-08-16,2544.76528806166,2796.48178587713
2023-08-17,2514.43267957126,2763.18687934302
2023-08-18,2517.75329807893,2766.8736061692
2023-08-19,2517.44366800879,2766.57132128947
2023-08-20,2515.37665819134,2764.33740565498
2023-08-21,2515.46785667709,2764.47525283016
2023-08-22,2526.78197818524,2776.94698625332
2023-08-23,2611.47723446397,2869.86019681244
2023-08-24,2551.45501263137,2805.00418556779
2023-08-25,2569.26876187671,2824.6263412213
2023-08-26,2577.12661949062,2833.27454576031
2023-08-27,2591.56243841442,2849.16046650952
2023-08-28,2609.76942273245,2869.16149949498
2023-08-29,2680.71156577217,2946.92626032122
2023-08-30,2666.07054975345,2931.0848107359
2023-08-31,2662.31078124106,2926.99121792286
2023-09-01,2682.54168886853,2949.27326551128
2023-09-02,2692.74181425535,2960.48649693667
2023-09-03,2700.48662027306,2969.02627538784
2023-09-04,2709.70304759963,2979.18569250751
2023-09-05,2711.9722570071,2981.71728030953
2023-09-06,2673.41711638873,2939.38429120149
2023-09-07,2672.63218319622,2938.56127968515
2023-09-08,2678.30796984828,2944.84180307305
2023-09-09,2685.39357728824,2952.66479021622
2023-09-10,2696.48407634806,2964.8838454146
2023-09-11,2703.08245156698,2972.16507223206
2023-09-12,2685.23772768919,2952.60787906734
2023-09-13,2675.9967664633,2942.48698147838
2023-09-14,2724.38980455418,2995.73930820652
2023-09-15,2726.86835803858,2998.48301699306
2023-09-16,2720.96478804455,2992.03500010347
2023-09-17,2716.16627465806,2986.7991716539
2023-09-18,2710.1248259018,2980.196427214
2023-09-19,2675.44853563414,2942.10510774232
2023-09-20,2654.77077920753,2919.40620382409
2023-09-21,2597.58327807227,2856.55754117383
2023-09-22,2586.0425059506,2843.90477785767
2023-09-23,2585.54050321233,2843.39115189975
2023-09-24,2586.46651835901,2844.44794607593
2023-09-25,2587.74851885072,2845.89607769075
2023-09-26,2539.14066098179,2792.48911610556
2023-09-27,2566.35000898156,2822.45107209046
2023-09-28,2589.21432870601,2847.50380257643
2023-09-29,2562.86271477833,2818.68843749748
2023-09-30,2562.52244595084,2818.35231648602
2023-10-01,2564.70114651195,2820.7866276632
2023-10-02,2568.8268856834,2825.36075285901
2023-10-03,2527.75105644439,2780.25595597652
2023-10-04,2525.47306119939,2777.78797485126
2023-10-05,2522.00384079068,2774.00970280717
2023-10-06,2554.31528069193,2809.58728446928
2023-10-07,2565.59367515316,2821.95396578486
2023-10-08,2578.02192994184,2835.63343610356
2023-10-09,2589.48139244145,2848.24696471951
2023-10-10,2616.55209789763,2877.99720199304
2023-10-11,2631.39021018086,2894.27434455451
2023-10-12,2602.33770946033,2862.44715656369
2023-10-13,2606.68343697732,2867.26593580342
2023-10-14,2614.66561084202,2876.07795782532
2023-10-15,2625.77105641043,2888.31468971141
2023-10-16,2633.4771794152,2896.81319589284
2023-10-17,2625.85337160104,2888.47840411047
2023-10-18,2563.02731278732,2819.40782685581
2023-10-19,2515.12771890203,2766.75492202585
2023-10-20,2443.47222728466,2687.96801085975
2023-10-21,2437.68183802765,2681.63455437441
2023-10-22,2432.47904670529,2675.94732855773
2023-10-23,2428.19397882292,2671.26953159079
2023-10-24,2437.17782528788,2681.18881379517
2023-10-25,2416.24982802415,2658.24370679085
2023-10-26,2378.23021315851,2616.45225635127
2023-10-27,2368.56700999797,2605.85647467621
2023-10-28,2373.46370614609,2611.27895035333
2023-10-29,2375.15341445308,2613.17158251845
2023-10-30,2379.65151598395,2618.15424141823
2023-10-31,2386.63518763575,2625.86643124698
2023-11-01,2468.79930442492,2716.1733152124
2023-11-02,2505.35722143738,2755.76808968013
2023-11-03,2544.76581318301,2798.84973307468
2023-11-04,2544.75695753902,2798.87936283778
2023-11-05,2545.87200078511,2800.14358870781
2023-11-06,2545.88206098105,2800.19253471416
2023-11-07,2563.8544432713,2819.99803423163
2023-11-08,2570.8703525819,2827.72687888726
2023-11-09,2545.84229617236,2800.27309589211
2023-11-10,2579.62693914553,2837.47201856495
2023-11-11,2584.77325345929,2843.13547458073
2023-11-12,2589.13969623955,2847.97242469161
2023-11-13,2593.43992421296,2852.73737147463
2023-11-14,2665.01839190606,2931.44864840713
2023-11-15,2627.15797820717,2890.40250861637
2023-11-16,2632.9345313576,2896.79693795768
2023-11-17,2637.58439674752,2901.94672084451
2023-11-18,2642.38833763351,2907.26708133703
2023-11-19,2647.50480182825,2912.93098156912
2023-11-20,2645.94306671326,2911.25382489307
2023-11-21,2626.52769038816,2889.93100765292
2023-11-22,2652.69509840416,2918.76168591922
2023-11-23,2666.73005588454,2934.16915454513
2023-11-24,2664.45592273407,2931.71356375012
2023-11-25,2654.16329780001,2920.42816470697
2023-11-26,2640.72206306973,2905.67797560287
2023-11-27,2633.44453549484,2897.70953200778
2023-11-28,2645.71524288942,2911.25075918031
2023-11-29,2629.16324535215,2893.11894481329
2023-11-30,2673.09544401928,2941.50084458034
2023-12-01,2712.29459376826,2984.32440436778
2023-12-02,2706.13986230008,2977.64207855807
2023-12-03,2697.1743875265,2967.81736221803
2023-12-04,2687.70300009044,2957.43569197034
2023-12-05,2727.08171454509,3000.80634172237
2023-12-06,2724.90496876002,2998.47036866281
2023-12-07,2763.44799714745,3040.92342152349
2023-12-08,2778.84884562833,3057.79560875285
2023-12-09,2786.42712134494,3066.15400182385
2023-12-10,2794.2630431407,3074.80691527709
2023-12-11,2802.04783237084,3083.40345600367
2023-12-12,2797.43774466596,3078.37927821397
2023-12-13,2859.12481813404,3146.30307081629
2023-12-14,2847.24615285038,3133.41670592361
2023-12-15,2833.44653435203,3118.27246362893
2023-12-16,2838.55731623815,3123.93913270422
2023-12-17,2847.21284158843,3133.49902615856
2023-12-18,2853.48951963774,3140.43925204447
2023-12-19,2866.54677973858,3154.8369726024
2023-12-20,2823.91865857157,3108.06985523138
2023-12-21,2841.80797767739,3127.80126014105
2023-12-22,2828.86448365506,3113.64246061707
2023-12-23,2823.13362515778,3107.37676951773
2023-12-24,2819.39495960531,3103.30368820099
2023-12-25,2816.34051339003,3099.98360817359
2023-12-26,2831.68990179315,3116.92077828337
2023-12-27,2854.07089989133,3141.53295597902
2023-12-28,2840.8613253466,3127.09242345605
2023-12-29,2859.68025801843,3147.84974381817
2023-12-30,2874.05475138427,3163.66449415537
2023-12-31,2883.84133431638,3174.45413925678
2024-01-01,2894.09263084085,3185.76215969383
2024-01-02,2864.1568958558,3152.90900849369
2024-01-03,2826.74016324122,3111.76176307431
2024-01-04,2807.36712269051,3090.47648073274
2024-01-05,2832.56070273736,3118.25157475223
2024-01-06,2843.56850425583,3130.35833032231
2024-01-07,2858.68693062125,3147.0119728912
2024-01-08,2869.00240107275,3158.38050970781
2024-01-09,2859.12468941618,3147.56771412063
2024-01-10,2876.90601217346,3167.1845211553
2024-01-11,2851.75758289345,3139.62577203447
2024-01-12,2893.77611549679,3185.9273457184
2024-01-13,2891.2449890952,3183.20454056072
2024-01-14,2888.21698611027,3179.91285458523
2024-01-15,2885.07119871059,3176.49141240897
2024-01-16,2877.45202138545,3168.14461784722
2024-01-17,2824.89341488574,3110.31820797188
2024-01-18,2864.60887619811,3154.08760764093
2024-01-19,2916.46489659402,3210.83324463398
2024-01-20,2921.77303989973,3216.67051194975
2024-01-21,2926.86891158301,3222.31862534668
2024-01-22,2932.32828459925,3228.36686877254
2024-01-23,2948.16525308568,3245.82997706095
2024-01-24,2958.48807888221,3257.2084886811
2024-01-25,2982.91744966546,3284.10221034829
2024-01-26,2999.16460085121,3301.9618008958
2024-01-27,3019.74505721422,3324.60423423368
2024-01-28,3046.4528178367,3353.95436220183
2024-01-29,3061.72888500596,3370.74505293957
2024-01-30,3043.35217116082,3350.60807928008
2024-01-31,2991.76059850783,3293.85215342851
2024-02-01,3044.27744151855,3351.71540920525
2024-02-02,3044.23133600525,3351.711397912
2024-02-03,3055.37025419766,3364.01970535691
2024-02-04,3081.49410731734,3392.77601836414
2024-02-05,3093.57239157938,3406.06454547034
2024-02-06,3124.23288461739,3439.80344263377
2024-02-07,3141.86914054496,3459.17348097171
2024-02-08,3151.00308720985,3469.24866567825
2024-02-09,3168.13595633518,3488.13158795652
2024-02-10,3167.42388830443,3487.39644461193
2024-02-11,3166.72164972038,3486.66937002181
2024-02-12,3165.92962436031,3485.84341570873
2024-02-13,3083.90149028077,3395.5725095628
2024-02-14,3175.28258397187,3496.23381376119
2024-02-15,3205.76416181597,3529.36432197546
2024-02-16,3188.20854516859,3510.17297839975
2024-02-17,3186.92486586532,3508.80607001322
2024-02-18,3186.39020893671,3508.2638048628
2024-02-19,3185.23171292526,3507.03465823764
2024-02-20,3149.4516820027,3467.68614097627
2024-02-21,3142.58285742232,3460.16910026752
2024-02-22,3227.33676909731,3553.53389869353
2024-02-23,3239.50451706401,3566.80623478221
2024-02-24,3232.04460759808,3558.65496311651
2024-02-25,3218.22703539732,3543.48812988326
2024-02-26,3210.54687998071,3535.07860366257
2024-02-27,3220.73667933239,3546.34515644473
2024-02-28,3227.72674791776,3554.0772635889
2024-02-29,3244.2064140307,3572.25148029875
2024-03-01,3301.27974117031,3634.9866297677
2024-03-02,3295.99401282345,3629.26668213575
2024-03-03,3286.17875463877,3618.50694728713
2024-03-04,3280.46941793036,3612.26807549919
2024-03-05,3228.75316431476,3555.36880813819
2024-03-06,3252.13819632016,3581.16643587138
2024-03-07,3302.48395702825,3636.45665444004
2024-03-08,3264.90306498145,3595.43704419958
2024-03-09,3256.28199098603,3585.99072686649
2024-03-10,3249.90880780694,3579.01965072022
2024-03-11,3245.68692253612,3574.41755055372
2024-03-12,3310.16677627946,3645.47533204794
2024-03-13,3292.59788666358,3626.36520664925
2024-03-14,3279.8356275332,3612.35719252309
2024-03-15,3256.65140973104,3586.87023252334
2024-03-16,3263.75447594893,3594.74095087291
2024-03-17,3275.28875418503,3607.47935485534
2024-03-18,3288.3695511196,3621.91015959162
2024-03-19,3326.70936374311,3664.10492608896
2024-03-20,3373.90344196233,3715.83875020204
2024-03-21,3380.36511744006,3722.95723032215
2024-03-22,3415.48950800295,3761.65571080076
2024-03-23,3406.95717879112,3752.35758613927
2024-03-24,3399.61236749708,3744.317757079
2024-03-25,3390.38622818074,3734.20562135204
2024-03-26,3369.63079516855,3711.39475382838
2024-03-27,3432.5050452929,3780.69507899931
2024-03-28,3440.76514814662,3789.76245293037
2024-03-29,3449.32695649681,3799.23230746199
2024-03-30,3454.2691735344,3804.71988090684
2024-03-31,3455.60063353465,3806.23591732225
2024-04-01,3454.20758166606,3804.75212132463
2024-04-02,3424.0367572477,3771.56976362588
2024-04-03,3409.06515689973,3755.12843474932
2024-04-04,3327.6171060838,3665.46201584344
2024-04-05,3360.36689843983,3701.58527385904
2024-04-06,3369.61287827207,3711.77101405911
2024-04-07,3376.58549148934,3719.49088346635
2024-04-08,3383.84155783047,3727.52530828936
2024-04-09,3366.70346972472,3708.71566413765
2024-04-10,3314.87183210206,3651.66765680373
2024-04-11,3414.31629278627,3761.26409693602
2024-04-12,3382.18813752898,3726.43895238191
2024-04-13,3355.95569565854,3697.58573891373
2024-04-14,3336.85827053855,3676.59311896909
2024-04-15,3310.86150615552,3647.99816228854
2024-04-16,3271.89136880809,3605.10801747821
2024-04-17,3244.05543730596,3574.48486810931
2024-04-18,3221.15620629418,3549.30045107659
2024-04-19,3184.05018929756,3508.46130231427
2024-04-20,3198.31900611878,3524.23029573857
2024-04-21,3221.56643861004,3549.837533673
2024-04-22,3248.20514387338,3579.13404749055
2024-04-23,3299.15172690977,3635.09278920088
2024-04-24,3302.90973294111,3639.25186870615
2024-04-25,3248.36920844038,3579.23721738016
2024-04-26,3310.96177734652,3648.25257849272
2024-04-27,3321.44529433665,3659.74588991408
2024-04-28,3328.57418671834,3667.63776410227
2024-04-29,3334.24335190983,3673.92671346299
2024-04-30,3257.70565259669,3589.70900495404
2024-05-01,3243.17089783389,3573.74044255738
2024-05-02,3303.31781367875,3640.06524795362
2024-05-03,3351.11528634123,3692.30802085191
2024-05-04,3360.87948388571,3703.04198106346
2024-05-05,3370.6460692057,3713.83714437779
2024-05-06,3386.6489443185,3731.4939913652
2024-05-07,3412.96455516021,3760.47181853355
2024-05-08,3415.27914433432,3763.06309366993
2024-05-09,3450.05222522505,3801.41545357977
2024-05-10,3441.49981568015,3792.09075440397
2024-05-11,3439.52681160012,3789.9668909771
2024-05-12,3437.53273262265,3787.81974893794
2024-05-13,3437.47425568568,3787.80539490564
2024-05-14,3463.85081981928,3816.92020790335
2024-05-15,3510.45620717856,3868.13378216912
2024-05-16,3492.65499618386,3848.70028153505
2024-05-17,3514.82024408756,3873.17597636266
2024-05-18,3516.01719001114,3874.54289610349
2024-05-19,3514.77106198493,3873.22115078073
2024-05-20,3512.81412094629,3871.11585048952
2024-05-21,3510.28798080541,3868.38321449595
2024-05-22,3507.37623167914,3865.22556953987
2024-05-23,3454.42822313755,3806.92649486979
2024-05-24,3485.89259060553,3841.65189026548
2024-05-25,3492.21695841281,3848.64246573041
2024-05-26,3497.28203354006,3854.27078964976
2024-05-27,3498.27344490098,3855.41378432377
2024-05-28,3465.34460789732,3819.1780920292
2024-05-29,3408.48849672962,3756.56710405546
2024-05-30,3408.66163369607,3756.80758759213
2024-05-31,3423.90039009452,3773.6524540105
2024-06-01,3438.78437461864,3790.07138510699
2024-06-02,3451.95041714967,3804.60229320973
2024-06-03,3457.41386849822,3810.66344468407
2024-06-04,3431.61811318519,3782.30406486257
2024-06-05,3487.04559158621,3843.44581312243
2024-06-06,3510.24304729639,3868.86481051228
2024-06-07,3469.00608932479,3823.61316834576
2024-06-08,3495.21500198372,3852.55174043477
2024-06-09,3536.28838624547,3897.70805134793
2024-06-10,3564.38845238257,3928.55563471998
2024-06-11,3573.98654844401,3939.14648420566
2024-06-12,3619.78274065647,3989.60907242641
2024-06-13,3589.76519591135,3956.78717133095
2024-06-14,3633.92736409678,4005.51728179136
2024-06-15,3632.38298049476,4003.88018846708
2024-06-16,3635.81346666568,4007.71490649906
2024-06-17,3643.62315239055,4016.37318248121
2024-06-18,3673.54508959113,4049.3757063312
2024-06-19,3661.11291468508,4035.78190733031
2024-06-20,3674.17961873604,4050.23963263013
2024-06-21,3666.7995588972,4042.17285471008
2024-06-22,3659.60605437809,4034.29683630024
2024-06-23,3644.04304700482,4017.19418860186
2024-06-24,3637.28220438248,4009.79458424156
2024-06-25,3670.34119844355,4046.29278015699
2024-06-26,3686.72632412394,4064.33052202388
2024-06-27,3682.97941371937,4060.26355026968
2024-06-28,3660.97607044503,4036.06033008486
2024-06-29,3654.99167371344,4029.51662189305
2024-06-30,3649.60706715743,4023.63397615099
2024-07-01,3648.77148118027,4022.76640005659
2024-07-02,3686.84814722634,4064.79951503324
2024-07-03,3721.73776164901,4103.12383979281
2024-07-04,3714.58746130264,4095.33302547802
2024-07-05,3720.14476529678,4101.5145534463
2024-07-06,3718.81692161063,4100.10649963368
2024-07-07,3717.91940958577,4099.17163132464
2024-07-08,3716.73359460017,4097.91887139688
2024-07-09,3727.60185865766,4109.95640643807
2024-07-10,3783.80175850886,4171.8877097268
2024-07-11,3757.93812753149,4143.63921049055
2024-07-12,3772.28684345779,4159.51587437175
2024-07-13,3767.28898833114,4154.07123755773
2024-07-14,3762.77570884635,4149.14996863767
2024-07-15,3760.98948924979,4147.23565509174
2024-07-16,3786.87229790281,4175.83186978892
2024-07-17,3694.72703517815,4074.62276031756
2024-07-18,3641.94388211906,4016.46671113932
2024-07-19,3609.63594230118,3980.88989850817
2024-07-20,3623.45101473045,3996.17893570227
2024-07-21,3650.09139295262,4025.55834504253
2024-07-22,3663.54139785885,4040.39298918071
2024-07-23,3675.97386458608,4054.1340807868
2024-07-24,3560.61167399137,3927.16906872225
2024-07-25,3506.92279483429,3868.00538526736
2024-07-26,3559.82935504145,3926.41091907253
2024-07-27,3568.77635653888,3936.26039570299
2024-07-28,3586.36221180102,3955.68652182625
2024-07-29,3594.60230728535,3964.80657432452
2024-07-30,3563.46325370234,3930.55178152089
2024-07-31,3673.77333300242,4052.27782098126
2024-08-01,3602.9420963861,3975.37731217073
2024-08-02,3427.24122801736,3781.56728288746
2024-08-03,3299.10578166005,3640.23493842131
2024-08-04,3188.24638679624,3517.9611636259
2024-08-05,3132.42660059716,3456.41563420029
2024-08-06,3234.94864818481,3569.58768869194
2024-08-07,3228.06741972995,3562.16583627346
2024-08-08,3316.19783974163,3659.4650620866
2024-08-09,3369.88283286109,3717.97357033276
2024-08-10,3369.12574104686,3717.19609867189
2024-08-11,3367.51980880092,3715.47380715154
2024-08-12,3365.50904446938,3713.30481394756
2024-08-13,3460.11371268625,3817.73554612295
2024-08-14,3444.23115146616,3800.50461638432
2024-08-15,3530.82181196581,3896.10293967277
2024-08-16,3582.17213643496,3952.12758311113
2024-08-17,3607.94479473679,3980.4183800897
2024-08-18,3621.35139685199,3995.21133732474
2024-08-19,3618.42453993816,3992.0418707868
2024-08-20,3585.84916975006,3956.15618262152
2024-08-21,3589.35754761043,3960.07960469486
2024-08-22,3536.22379967814,3901.53773573923
2024-08-23,3618.52366941923,3992.39170156445
2024-08-24,3608.02270906171,3980.99323321041
2024-08-25,3589.18985171749,3960.26664600264
2024-08-26,3578.64932766321,3948.68916306091
2024-08-27,3585.82049476071,3956.65448562029
2024-08-28,3584.17746052415,3954.89626943815
2024-08-29,3603.21900110861,3975.96004259158
2024-08-30,3659.10125430558,4037.51579404655
2024-08-31,3659.82844405859,4038.36786671958
2024-09-01,3663.57228864442,4042.5525166906
2024-09-02,3669.11428637496,4048.71889002059
2024-09-03,3566.7202924121,3935.86714650525
2024-09-04,3518.59217737868,3882.81036088129
2024-09-05,3468.24606797461,3827.30457330525
2024-09-06,3378.31364114146,3728.1127020569
2024-09-07,3400.70347225931,3752.87053458124
2024-09-08,3431.63031559727,3786.93957890621
2024-09-09,3455.13259192555,3812.81150601472
2024-09-10,3471.90288538616,3831.30769521388
2024-09-11,3508.06151492165,3871.16655486946
2024-09-12,3594.52279673013,3966.1434997868
2024-09-13,3599.05767582802,3971.14362028423
2024-09-14,3592.84782970421,3964.34887264427
2024-09-15,3587.74837699447,3958.7749875104
2024-09-16,3582.11775221015,3952.61485439137
2024-09-17,3575.9228835835,3945.83194494733
2024-09-18,3564.21794814523,3932.96925007242
2024-09-19,3657.15444345494,4035.57376300376
2024-09-20,3631.80728559949,4008.0155668591
2024-09-21,3642.10121726423,4019.42970465562
2024-09-22,3667.39104604108,4047.35529107182
2024-09-23,3684.57060947371,4066.30528312901
2024-09-24,3714.37822623136,4099.18100153015
2024-09-25,3665.32880617777,4045.32088124127
2024-09-26,3752.59680117937,4141.69051792379
2024-09-27,3772.64857891873,4163.62302624242
2024-09-28,3762.26994434471,4152.2548170073
2024-09-29,3748.21034118077,4136.7936694858
2024-09-30,3736.66586016078,4124.10798170871
2024-10-01,3758.11407385448,4147.835537026
2024-10-02,3764.84014592882,4155.29456347763
2024-10-03,3757.62134265917,4147.39002808016
2024-10-04,3809.714807583,4204.94278122295
2024-10-05,3810.24046698113,4205.57714600088
2024-10-06,3807.00420803747,4202.06180834315
2024-10-07,3807.59510812069,4202.77053222345
2024-10-08,3816.84202124913,4213.03315211178
2024-10-09,3868.89060300615,4270.47335084947
2024-10-10,3882.75705856109,4285.73582845579
2024-10-11,3919.4877712358,4326.26641697762
2024-10-12,3940.91275652017,4349.86447770722
2024-10-13,3961.40817015421,4372.48554480059
2024-10-14,3975.60612240412,4388.17634816529
2024-10-15,3929.15336869708,4337.05203951111
2024-10-16,3941.99463720177,4351.28471886922
2024-10-17,3962.59916309341,4374.05105372077
2024-10-18,4019.4753939697,4436.73142076731
2024-10-19,4011.74455299696,4428.31926472114
2024-10-20,3999.31337899082,4414.65679132849
2024-10-21,3984.28465835955,4398.12664042767
2024-10-22,3985.78286157899,4399.83958711644
2024-10-23,3960.06954786191,4371.51932308097
2024-10-24,3947.92196377992,4358.1688794353
2024-10-25,3927.63114840444,4335.82863856369
2024-10-26,3934.14630728147,4343.07970601882
2024-10-27,3945.76333180528,4355.95300920958
2024-10-28,3953.05783562112,4364.05354968659
2024-10-29,3986.28092608583,4400.7573237341
2024-10-30,3926.45388257358,4335.04341486659
2024-10-31,3761.32841137029,4152.79367036975
2024-11-01,3784.7396246343,4178.69775085354
2024-11-02,3779.90502824623,4173.43358032483
2024-11-03,3772.87423835079,4165.72739588857
2024-11-04,3768.29037616067,4160.72272500516
2024-11-05,3847.28895161555,4248.00468267823
2024-11-06,4099.6868934629,4523.89644335749
2024-11-07,4106.16576193508,4530.89811973637
2024-11-08,4120.52566820458,4546.79359529263
2024-11-09,4149.91634484664,4579.23111584743
2024-11-10,4183.89152341554,4616.65254939954
2024-11-11,4213.96105259696,4649.76284239817
2024-11-12,4179.55735445487,4611.99845496168
2024-11-13,4150.44629454746,4579.93792583392
2024-11-14,4190.76639348225,4624.49248603206
2024-11-15,4067.16105828577,4488.81116248199
2024-11-16,4080.50289070749,4503.59702935802
2024-11-17,4100.88275928383,4526.11521020013
2024-11-18,4120.08748525812,4547.3212480266
2024-11-19,4134.30937306323,4563.04401211294
2024-11-20,4133.33449577304,4562.03209917752
2024-11-21,4197.08555167637,4632.4570803327
2024-11-22,4315.42980517165,4762.15305809433
2024-11-23,4305.22133461371,4751.10740275134
2024-11-24,4292.59365444485,4737.2363014981
2024-11-25,4281.91346332034,4725.51404818097
2024-11-26,4273.01757977669,4715.7606319679
2024-11-27,4257.34411789268,4698.52712716131
2024-11-28,4248.5900599681,4688.9296062521
2024-11-29,4273.71537134264,4716.72257685434
2024-11-30,4291.47975236932,4736.33585580352
2024-12-01,4320.89196095788,4768.7956124847
2024-12-02,4339.09821472043,4788.88694026246
2024-12-03,4368.52772326237,4821.36560400952
2024-12-04,4427.55081766771,4886.3561847601
2024-12-05,4385.80453866405,4840.65571144366
2024-12-06,4367.38117287431,4820.38729664321
2024-12-07,4365.39549041498,4818.26100799423
2024-12-08,4357.61969168593,4809.74387824334
2024-12-09,4348.37232189295,4799.60226668469
2024-12-10,4337.24504452399,4787.3853933225
2024-12-11,4403.34070857795,4860.40570322939
2024-12-12,4386.57881907166,4842.11000845306
2024-12-13,4341.24556974646,4792.13470728867
2024-12-14,4350.20470703635,4802.08932659992
2024-12-15,4364.69846836639,4818.13790573194
2024-12-16,4373.7409599452,4828.16921432498
2024-12-17,4335.68246370539,4786.26444612722
2024-12-18,4149.58920081327,4580.89704044561
2024-12-19,4170.19966482746,4603.71237768346
2024-12-20,4221.88732531234,4660.69681703114
2024-12-21,4240.35991608798,4681.0304874454
2024-12-22,4252.71077502695,4694.70023868973
2024-12-23,4270.59322286007,4714.47757078584
2024-12-24,4338.15367871706,4788.97094448696
2024-12-25,4330.51821664383,4780.67422628099
2024-12-26,4314.96505682881,4763.56967974793
2024-12-27,4256.89137198164,4699.52350596096
2024-12-28,4225.97722693561,4665.45915719369
2024-12-29,4197.98182841663,4634.61615542171
2024-12-30,4170.72919434416,4604.5923313997
2024-12-31,4190.09363426202,4626.03414388215
2025-01-01,4221.81680841187,4661.04231144082
2025-01-02,4231.15490068754,4671.37902177409
2025-01-03,4322.66052891817,4772.3617228206
2025-01-04,4324.96448328056,4774.94691061241
2025-01-05,4287.88029407736,4734.08059371367
2025-01-06,4273.42912958768,4718.19138635148
2025-01-07,4240.30046710418,4681.68034599301
2025-01-08,4318.11231812802,4767.6567967254
2025-01-09,4298.13826553966,4745.86954263112
2025-01-10,4179.98193459983,4615.47094345471
2025-01-11,4193.40898053976,4630.36099126172
2025-01-12,4229.48883497641,4670.20201540672
2025-01-13,4244.60055988144,4686.88345509442
2025-01-14,4231.88309595886,4672.93078126837
2025-01-15,4316.59752693563,4766.5390685428
2025-01-16,4353.41900384754,4806.86862911619
2025-01-17,4398.64740054001,4856.66950716069
2025-01-18,4403.52581927699,4862.09702530258
2025-01-19,4407.31044625944,4866.34120243341
2025-01-20,4412.27873582299,4871.8923817901
2025-01-21,4437.85182659314,4900.18181629745
2025-01-22,4408.83581198591,4868.30313822135
2025-01-23,4478.11927363228,4944.87459125803
2025-01-24,4427.96733745513,4889.99282578435
2025-01-25,4383.7724291036,4841.25441528577
2025-01-26,4318.6996417975,4769.45799508561
2025-01-27,4286.92564505269,4734.43387346822
2025-01-28,4424.31818314667,4886.23444564707
2025-01-29,4431.33228747766,4893.93173189029
2025-01-30,4479.96517075017,4947.66954004635
2025-01-31,4450.98579281535,4915.90736787023
2025-02-01,4442.26348154818,4906.34226979833
2025-02-02,4455.28291627868,4920.7899863755
2025-02-03,4452.07740844878,4917.32329469135
2025-02-04,4477.19481319995,4945.13378687732
2025-02-05,4450.91861985119,4916.261753933
2025-02-06,4541.13794248905,5015.98224675787
2025-02-07,4464.99161793904,4932.77958097261
2025-02-08,4488.10392220315,4958.38230611793
2025-02-09,4535.26609007414,5010.42279733552
2025-02-10,4558.71757250735,5036.26864504835
2025-02-11,4553.57234562041,5030.66967492136
2025-02-12,4503.91622721707,4975.88122520482
2025-02-13,4585.21194712327,5065.76550526971
2025-02-14,4528.44491535684,5003.67628870997
2025-02-15,4533.33500541402,5009.14953869004
2025-02-16,4537.29708917621,5013.59533896106
2025-02-17,4542.46328586854,5019.37165138581
2025-02-18,4590.02302434601,5071.96596833617
2025-02-19,4591.52280375615,5073.68650707772
2025-02-20,4552.90192712192,5031.08713724922
2025-02-21,4439.0362988375,4905.33271839831
2025-02-22,4423.77363103262,4888.53539292918
2025-02-23,4412.28663116752,4875.90994245449
2025-02-24,4396.92847787166,4859.00620996572
2025-02-25,4331.75384820519,4787.05027098073
2025-02-26,4363.57201294614,4822.27968784907
2025-02-27,4253.00876777102,4700.60523840397
2025-02-28,4363.84179133626,4823.16833631485
2025-03-01,4343.31111926667,4800.83398277527
2025-03-02,4299.64962551659,4752.64035357312
2025-03-03,4246.40793397488,4693.85584049769
2025-03-04,4077.00067749177,4506.66363870076
2025-03-05,4092.07004839716,4523.38415683552
2025-03-06,3937.30859211026,4352.68608841643
2025-03-07,3909.0157581841,4321.46930165891
2025-03-08,3854.17099199136,4260.89811845944
2025-03-09,3795.57787257062,4196.18131726641
2025-03-10,3740.56316009173,4135.41877926106
2025-03-11,3640.4489636494,4024.79431544641
2025-03-12,3695.00324448577,4085.16492022181
2025-03-13,3650.60319494486,4036.49664510538
2025-03-14,3740.113142911,4135.52523291854
2025-03-15,3765.84523250262,4163.69726519082
2025-03-16,3788.27942648048,4188.4781784621
2025-03-17,3795.48446376925,4196.48035469212
2025-03-18,3749.55251354649,4145.80208071898
2025-03-19,3816.03025655935,4219.3635140471
2025-03-20,3844.10982015974,4250.20132687154
2025-03-21,3835.14381971744,4240.38386089389
2025-03-22,3860.32683487458,4268.28754593647
2025-03-23,3899.05981130803,4311.03520475932
2025-03-24,3925.23003457016,4339.88945508537
2025-03-25,3940.57733982709,4356.86375483709
2025-03-26,3897.7253712056,4309.63744876116
2025-03-27,3875.46995546559,4285.09076221499
2025-03-28,3748.35106237988,4144.59626911581
2025-03-29,3733.08060795052,4127.76990580406
2025-03-30,3719.78191569367,4113.12330010612
2025-03-31,3710.67260109168,4103.10865173268
2025-04-01,3774.01786225126,4173.2110000199
2025-04-02,3799.39279543095,4201.0945536753
2025-04-03,3346.45950590591,3701.97088602635
2025-04-04,3010.17542097637,3330.01376458546
2025-04-05,2966.31201308744,3281.53665907055
2025-04-06,2931.29050525188,3242.83968464564
2025-04-07,2910.19028954585,3219.54251514168
2025-04-08,2899.40991272282,3207.66152830923
2025-04-09,3176.8836643183,3514.68014506806
2025-04-10,3108.06882491549,3441.92558118763
2025-04-11,3052.15643314764,3380.05576264519
2025-04-12,3076.55337978806,3407.12131468833
2025-04-13,3094.52522667662,3426.9938935259
2025-04-14,3111.43316987156,3445.71320888148
2025-04-15,3160.70958914008,3500.18577636941
2025-04-16,3049.26396003001,3377.77557989427
2025-04-17,3060.16653960077,3389.90030271551
2025-04-18,3056.6618779085,3386.07276704615
2025-04-19,3021.2031127121,3346.84035847028
2025-04-20,2965.41344758692,3285.084580706
2025-04-21,2928.16116956818,3243.8627714208
2025-04-22,3022.99565764835,3348.96757589529
2025-04-23,3146.34171895213,3483.52117120542
2025-04-24,3259.3575597508,3606.32312563191
2025-04-25,3309.31514669415,3660.72915546283
2025-04-26,3316.13082212664,3668.26606623124
2025-04-27,3321.1134791991,3673.82437104837
2025-04-28,3327.88493751227,3681.36157555237
2025-04-29,3352.08838466829,3708.16115798421
2025-04-30,3370.56801643471,3728.58316935046
2025-05-01,3392.31378350721,3752.62655975402
2025-05-02,3516.22544323076,3889.3172693579
2025-05-03,3509.29511161012,3881.84223897567
2025-05-04,3501.3478186771,3873.10628791359
2025-05-05,3491.24866029178,3861.98974681266
2025-05-06,3466.72872811689,3834.9207474639
2025-05-07,3462.66434146412,3830.47905478266
2025-05-08,3516.85390125425,3890.4790880076
2025-05-09,3555.37090093952,3932.81598423679
2025-05-10,3635.9748625327,4021.55851824699
2025-05-11,3726.12333666156,4120.23230947931
2025-05-12,3809.81547679953,4211.74157011118
2025-05-13,3855.2556790278,4261.49786466221
2025-05-14,3810.52729985016,4212.40185958264
2025-05-15,3852.32345775708,4258.66572299554
2025-05-16,3884.21871355578,4293.79519913619
2025-05-17,3878.53246953093,4287.59604589585
2025-05-18,3863.56583875641,4271.11167700903
2025-05-19,3853.88118850752,4260.4659824858
2025-05-20,3861.28424036938,4268.71044703602
2025-05-21,3740.01833748792,4134.83682541511
2025-05-22,3722.77136764621,4115.82776970716
2025-05-23,3703.78545272906,4094.89563030589
2025-05-24,3695.89081795574,4086.2253828908
2025-05-25,3674.55458725092,4062.6936874168
2025-05-26,3669.7995891032,4057.49401454606
2025-05-27,3777.40652256556,4176.52654338833
2025-05-28,3762.31406846686,4160.13733354472
2025-05-29,3820.0981681401,4224.09045092918
2025-05-30,3774.55259134022,4174.16914021685
2025-05-31,3753.57375693949,4151.02842228206
2025-06-01,3743.95616830643,4140.45129536748
2025-06-02,3749.8321776104,4147.00827293092
2025-06-03,3797.35259581789,4199.5801785874
2025-06-04,3824.7810260261,4229.78476823237
2025-06-05,3780.62718091417,4181.1881695285
2025-06-06,3832.53512591461,4238.6550702339
2025-06-07,3837.97901850325,4244.69577579522
2025-06-08,3842.17617626325,4249.39473787938
2025-06-09,3847.56810681988,4255.41522284779
2025-06-10,3867.35261649111,4277.34219123503
2025-06-11,3860.32900425963,4269.65492347514
2025-06-12,3775.473521636,4175.86279612731
2025-06-13,3745.84215732201,4143.14860610626
2025-06-14,3752.36414060492,4150.42145758097
2025-06-15,3763.86632702746,4163.1921154043
2025-06-16,3770.39144558997,4170.4580326387
2025-06-17,3714.63779266498,4108.90084234174
2025-06-18,3746.90749123677,4144.65420572471
2025-06-19,3734.56564406659,4131.12030784255
2025-06-20,3709.4434682903,4103.3894742578
2025-06-21,3724.67308449334,4120.29503907193
2025-06-22,3749.60819063173,4147.88135152973
2025-06-23,3773.13910536463,4173.8849949027
2025-06-24,3793.54996582469,4196.45363263598
2025-06-25,3791.77001573287,4194.54991148505
2025-06-26,3791.55370988135,4194.37046268161
2025-06-27,3829.22324393627,4236.10186991751
2025-06-28,3837.43429403449,4245.20149282211
2025-06-29,3844.20916630182,4252.74900563731
2025-06-30,3844.37423121586,4252.99218567605
2025-07-01,3781.72408757877,4183.74468323133
2025-07-02,3842.76467619194,4251.33395663458
2025-07-03,3875.7017500901,4287.54490185575
2025-07-04,3879.10923509192,4291.3601503403
2025-07-05,3874.08413448897,4285.86465748244
2025-07-06,3861.78921834351,4272.32405756989
2025-07-07,3855.23863661076,4265.13806953584
2025-07-08,3856.29520968935,4266.36784303728
2025-07-09,3911.35965789933,4327.34070157193
2025-07-10,3920.44198122295,4337.38045194348
2025-07-11,3906.506596453,4322.04249931332
2025-07-12,3907.19763266156,4322.86871013477
2025-07-13,3907.99096305386,4323.80805583393
2025-07-14,3908.57951267535,4324.52086269072
2025-07-15,3898.09484887767,4312.98295483515
2025-07-16,3947.3629261694,4367.55634500357
2025-07-17,4007.32255023324,4433.54773110384
2025-07-18,3972.97757738441,4395.89396109034
2025-07-19,3975.07783727267,4398.28051221187
2025-07-20,3976.20931505357,4399.59489479202
2025-07-21,3974.61446918596,4397.89325264495
2025-07-22,3953.92844496512,4375.06701150754
2025-07-23,4016.61522590327,4444.49307239779
2025-07-24,4013.07505096083,4440.67018758255
2025-07-25,4034.11458784872,4464.01485115713
2025-07-26,4047.7910747232,4479.17327535427
2025-07-27,4055.54388705877,4487.80196528847
2025-07-28,4065.3207647077,4498.67476222383
2025-07-29,4119.06293719879,4558.13900909502
2025-07-30,4110.30942915628,4548.58081246112
2025-07-31,4126.89054016203,4566.99483320108
2025-08-01,4048.14651010096,4480.09305732839
2025-08-02,4047.17208722165,4479.07857419506
2025-08-03,4033.67301181528,4464.20280896311
2025-08-04,4030.92358009841,4461.22361620869
2025-08-05,4033.44204287885,4464.07457277042
2025-08-06,4044.59756479713,4476.48106653796
2025-08-07,4037.28444609318,4468.46210435906
2025-08-08,4077.4552740274,4512.98688857973
2025-08-09,4073.95246917213,4509.19369498735
2025-08-10,4072.88972246033,4508.08175690466
2025-08-11,4074.58030456303,4510.01730523845
2025-08-12,4163.84805239777,4608.86931778503
2025-08-13,4140.94314838726,4583.85429780292
2025-08-14,4146.59451014993,4590.17552165848
2025-08-15,4149.90693303032,4593.90535394838
2025-08-16,4151.23705701117,4595.44277338727
2025-08-17,4153.41382150007,4597.91767146364
2025-08-18,4153.39811602788,4597.96591282367
2025-08-19,4117.53381656124,4558.32840340149
2025-08-20,4121.20589182955,4562.45861680724
2025-08-21,4101.4736430917,4540.68836284426
2025-08-22,4234.75613729672,4688.30846946744
2025-08-23,4213.54937132887,4665.26758286021
2025-08-24,4170.03354659684,4617.15315746577
2025-08-25,4149.0902794652,4594.03018914039
2025-08-26,4174.91765229341,4622.69278200347
2025-08-27,4222.91904901267,4675.74460217284
2025-08-28,4191.96594421036,4641.73280282889
2025-08-29,4163.03644105976,4609.76561226466
2025-08-30,4154.3083669274,4600.16671688421
2025-08-31,4135.54780451123,4579.45832073696
2025-09-01,4126.26616101026,4569.24572509217
2025-09-02,4114.20420619624,4555.95404114658
2025-09-03,4137.79806718884,4582.14622377707
2025-09-04,4192.59607328209,4642.72181006243
2025-09-05,4170.79670348638,4618.80535761903
2025-09-06,4172.43698926666,4620.68774066989
2025-09-07,4173.62143673948,4622.06512418085
2025-09-08,4175.45213332447,4624.15820725098
2025-09-09,4188.51650609471,4638.68943115098
2025-09-10,4242.22506804248,4698.14443378468
2025-09-11,4316.57332757498,4780.03139836517
2025-09-12,4298.28343524036,4760.01861771427
2025-09-13,4296.72740850253,4758.36335343691
2025-09-14,4304.1529421763,4766.65456133889
2025-09-15,4302.19249794336,4764.553383131
2025-09-16,4273.95522693119,4733.349401341
2025-09-17,4248.68201056722,4705.42717458158
2025-09-18,4286.46964988345,4747.34421832049
2025-09-19,4368.7470323977,4838.13491757559
2025-09-20,4371.98818118436,4841.76044421092
2025-09-21,4370.44880874445,4840.12537879557
2025-09-22,4364.27381268662,4833.35583476477
2025-09-23,4328.92110113187,4794.27228756233
2025-09-24,4330.22408109832,4795.78373764822
2025-09-25,4291.61686891287,4753.10028676562
2025-09-26,4371.37212300273,4841.49954453517
2025-09-27,4372.43721511701,4842.73809539607
2025-09-28,4368.09616766023,4837.99976045174
2025-09-29,4367.66441993358,4837.59059469905
2025-09-30,4392.16088670112,4864.7917213932
2025-10-01,4438.68693014614,4916.25054903315
2025-10-02,4435.12865639167,4912.40043752932
2025-10-03,4472.54563940659,4953.9140253754
2025-10-04,4499.09920307927,4983.27360881426
2025-10-05,4522.69316075301,5009.40163571424
2025-10-06,4540.51178545697,5029.15840774572
2025-10-07,4513.70296012653,4999.59408250314
2025-10-08,4579.97826469005,5073.07512584396
2025-10-09,4568.12785388031,5060.11660280085
2025-10-10,4406.38172485606,4881.02255879115
2025-10-11,4428.99554152134,4906.1419036046
2025-10-12,4463.58288104992,4944.42802507906
2025-10-13,4484.802143602,4967.91351004514
2025-10-14,4471.58179699215,4953.37435982588
2025-10-15,4482.97681302377,4966.06779731129
2025-10-16,4452.57740030245,4932.50601439381
2025-10-17,4423.52389704553,4900.39129627399
2025-10-18,4453.34666692461,4933.4989500672
2025-10-19,4513.93437095107,5000.46544030526
2025-10-20,4548.87350527023,5038.98447858286
2025-10-21,4578.41195385806,5071.65386546229
2025-10-22,4556.30476666872,5047.31583275904
2025-10-23,4590.95084039677,5085.76755295167
2025-10-24,4633.62221676912,5132.93285007099
2025-10-25,4666.93521220294,5169.74074255129
2025-10-26,4694.57144912769,5200.32038008049
2025-10-27,4713.27153392036,5221.04902315507
2025-10-28,4731.2502499678,5241.00013030541
2025-10-29,4733.61618875098,5243.69093120035
2025-10-30,4717.17333084773,5225.55549424549
2025-10-31,4723.71228564798,5232.87373045656
2025-11-01,4735.28320194313,5245.75777624392
2025-11-02,4752.22603770975,5264.57923693316
2025-11-03,4770.83830694008,5285.23685411791
2025-11-04,4685.04116034055,5190.44857283156
2025-11-05,4694.08561444018,5200.54276150464
2025-11-06,4605.78955586298,5102.88804808986
2025-11-07,4577.24766991537,5071.33845556082
2025-11-08,4614.85096336376,5113.07317733796
2025-11-09,4656.60914229509,5159.22463750242
2025-11-10,4695.15965891402,5201.82037780233
2025-11-11,4731.06588974949,5241.51418566205
2025-11-12,4754.38836766078,5267.3309495647
2025-11-13,4610.86668057488,5108.7862773924
2025-11-14,4545.0444128473,5035.92885553098
2025-11-15,4530.17928327114,5019.53006580551
2025-11-16,4531.95364267518,5021.56769980126
2025-11-17,4517.51431188787,5005.64307431897
2025-11-18,4411.83405548704,4888.61520834758
2025-11-19,4427.79498946875,4906.37076010053
2025-11-20,4402.08058855167,4877.9983105164
2025-11-21,4417.75789488819,4895.44012044525
2025-11-22,4437.21849539684,4917.03678991166
2025-11-23,4464.88555915543,4947.69914017373
2025-11-24,4503.88481385345,4990.85337424419
2025-11-25,4578.55518212638,5073.31324767153
2025-11-26,4642.09547199466,5143.22387591717
2025-11-27,4639.19194321084,5140.10237824768
2025-11-28,4696.26816721596,5203.41466901667
2025-11-29,4671.97909406363,5176.74065109883
2025-11-30,4617.91441694407,5116.90866391736
2025-12-01,4594.36575809906,5090.88842196942
2025-12-02,4637.74175602814,5139.02477868121
2025-12-03,4625.49180562903,5125.58778509363
2025-12-04,4659.98334087277,5163.8815797136
2025-12-05,4683.81953794668,5190.2716084796
2025-12-06,4677.0347310912,5182.84633033292
2025-12-07,4663.74108008093,5168.18893317885
2025-12-08,4650.11292653004,5153.16043522207
2025-12-09,4649.3517904062,5152.39047486276
2025-12-10,4700.71752814811,5209.38725921812
2025-12-11,4669.09469117384,5174.60840320363
2025-12-12,4596.97811833726,5094.75773140207
2025-12-13,4586.92408754127,5083.68768492682
2025-12-14,4579.21267019756,5075.21364280494
2025-12-15,4569.17806357339,5064.1645261216
2025-12-16,4506.60013874035,4994.87967729064
2025-12-17,4477.43425451555,4962.62498938885
2025-12-18,4534.63911635266,5026.09956275484
2025-12-19,4605.30602658199,5104.00391840725
2025-12-20,4625.1835150004,5125.9404631062
2025-12-21,4631.99331509075,5133.54488556052
2025-12-22,4643.13554077859,5145.95791744159
2025-12-23,4652.49032500899,5156.38691629429
2025-12-24,4673.90429851343,5180.1701582676
2025-12-25,4674.65518437959,5181.07454265848
2025-12-26,4678.71933816863,5185.65256505526
2025-12-27,4676.66454774492,5183.45011582494
2025-12-28,4673.62396844096,5180.15398920219
2025-12-29,4672.63573273109,5179.13253950713
2025-12-30,4674.72555354888,5181.52277017504
2025-12-31,4629.61161096336,5131.60271453363
2026-01-01,4640.89247654949,5144.17998127273
2026-01-02,4697.88008892344,5207.34479895021
2026-01-03,4740.00597452121,5253.83155023407
2026-01-04,4778.25853820487,5296.12016327011
2026-01-05,4820.68055202415,5343.02940562714
2026-01-06,4851.93205721691,5377.59275993662
2026-01-07,4836.11004560751,5360.18939024767
2026-01-08,4824.16123223629,5347.02216309314
2026-01-09,4902.30316755451,5433.70969502807
2026-01-10,4906.81633010475,5438.75034241751
2026-01-11,4896.94630827871,5427.89283443204
2026-01-12,4891.74599288472,5422.20611216509
2026-01-13,4921.36267525729,5455.11177572002
2026-01-14,4909.29664188519,5441.85530263574
2026-01-15,4948.99115026147,5485.93349040434
2026-01-16,4954.41149835605,5491.9964181882
2026-01-17,4947.94695742568,5484.91265982087
2026-01-18,4939.60616872824,5475.74495249733
2026-01-19,4931.11213831834,5466.40711309361
2026-01-20,4707.91982335309,5219.06421352208
2026-01-21,4757.38168352716,5273.97066170866
2026-01-22,4852.29739646385,5378.72229831912
2026-01-23,4836.6338674044,5361.60481762863
2026-01-24,4826.12696246082,5350.03397160015
2026-01-25,4821.74884895082,5345.25689630976
2026-01-26,4819.90223296737,5343.28603339072
2026-01-27,4807.51648604385,5329.63155988678
2026-01-28,4776.35783574244,5295.1649814624
2026-01-29,4767.35933826234,5285.26460465397
2026-01-30,4752.43673481502,5268.79627881898
2026-01-31,4773.29205636509,5291.99272956863
2026-02-01,4789.44461624285,5309.9371889994
2026-02-02,4810.54771710834,5333.37040845336
2026-02-03,4844.00464001207,5370.45891296626
2026-02-04,4791.48211486851,5312.50484351123
2026-02-05,4690.82059150922,5200.97323130747
2026-02-06,4836.160748337,5362.19412695491
2026-02-07,4862.95328174448,5391.53231187065
2026-02-08,4864.24788849043,5393.04091902409
2026-02-09,4863.0809346737,5391.82421204376
2026-02-10,4863.22064313667,5392.05602755727
2026-02-11,4865.88452629454,5395.08648724065
2026-02-12,4791.47621768115,5312.68471692523
2026-02-13,4779.1022010808,5299.04046663951
2026-02-14,4780.32872255992,5300.47601741233
2026-02-15,4781.24908287255,5301.5720282269
2026-02-16,4782.45885290785,5302.98896658398
2026-02-17,4804.33966980875,5327.32407687377
2026-02-18,4855.73806653433,5384.2643246807
2026-02-19,4909.65410513781,5443.81150631282
2026-02-20,4951.65599376514,5490.2084224096
2026-02-21,4929.138376398,5465.42494170288
2026-02-22,4893.1486431031,5425.59752427191
2026-02-23,4875.60497520032,5406.22223308897
2026-02-24,4931.71622424726,5468.51724959419
2026-02-25,5014.82602737726,5560.22807939318
2026-02-26,4969.47109044953,5510.43202653818
2026-02-27,4953.51900577425,5492.82205140745
2026-02-28,4948.61036959331,5487.45735635014
2026-03-01,4959.21720583728,5499.29743589621
2026-03-02,4977.74092202137,5519.89515779097
2026-03-03,4864.70849496021,5394.86246658129
2026-03-04,4845.58298582484,5373.72962258085
2026-03-05,4839.5971281582,5367.16798394908
2026-03-06,4786.22231783223,5308.05127327576
2026-03-07,4782.90602386069,5304.44913347276
2026-03-08,4779.83089087145,5301.11434172851
2026-03-09,4777.1452319472,5298.21141127178
2026-03-10,4782.75894587874,5304.51301362423
2026-03-11,4818.65938874579,5344.38246943095
2026-03-12,4708.18257490528,5222.38405259724
2026-03-13,4686.18051531457,5198.05355237698
2026-03-14,4701.65879669204,5215.29668342801
2026-03-15,4732.21336965177,5249.20817796755
2026-03-16,4767.83102148681,5288.66529973503
2026-03-17,4770.4578793891,5291.64403192237
2026-03-18,4724.34661623829,5240.58411494455
2026-03-19,4636.74533566558,5143.48524820424
2026-03-20,4455.29252592958,4942.27521759577
2026-03-21,4450.78085016912,4937.34090132993
2026-03-22,4450.43856342639,4937.03162019391
2026-03-23,4455.53770428769,4942.75870633423
2026-03-24,4481.98745949727,4972.15474770975
2026-03-25,4554.44843403767,5052.37508380448
2026-03-26,4450.55304248934,4938.10437523554
2026-03-27,4347.63948915799,4823.98724439678
2026-03-28,4340.33792023558,4815.95449279531
2026-03-29,4334.63865158947,4809.69939664663
2026-03-30,4325.94191118339,4800.11813692155
2026-03-31,4478.26068219653,4969.20138541445
2026-04-01,4556.57040034188,5054.69087806796
2026-04-02,4587.852864064,5089.1778777779
2026-04-03,4593.35085177804,5095.32906298137
2026-04-04,4598.74733675107,5101.38450175649
2026-04-05,4604.51813156731,5107.85514049861
2026-04-06,4608.64943883741,5112.50812719743
2026-04-07,4606.44192996605,5110.13331429734
2026-04-08,4789.76506439352,5313.57481399385
2026-04-09,4822.26371320334,5349.01501388793
2026-04-10,4822.1687816544,5348.98658533903
2026-04-11,4845.24528531795,5374.66048471149
2026-04-12,4868.087799819,5400.01555243792
2026-04-13,4891.64461613386,5426.16274319882
2026-04-14,4936.26995459138,5475.62364685972
2026-04-15,5007.18019110866,5554.00689961884
2026-04-16,5035.29958439919,5585.05825415969
2026-04-17,5123.18814632669,5682.35471153783
2026-04-18,5123.2283137473,5682.48059057517
2026-04-19,5132.32013410885,5692.64594161345
2026-04-20,5128.80713195809,5688.83409839196
2026-04-21,5070.25890220556,5623.97399350615
2026-04-22,5145.85469685262,5707.90571936291
2026-04-23,5142.15429271165,5703.91325142524
2026-04-24,5173.69987527112,5738.98641626347
2026-04-25,5171.67782117392,5736.83235089587
2026-04-26,5168.92459707093,5733.86009462323
2026-04-27,5166.83391703449,5731.62270642013
2026-04-28,5169.45072525336,5734.60732063277
2026-04-29,5132.87961661194,5694.12984653345
2026-04-30,5228.68690687962,5800.49433163275
2026-05-01,5256.73437242634,5831.40767054345
2026-05-02,5251.76116054473,5825.98858805134
2026-05-03,5245.23098713997,5818.82750767231
2026-05-04,5240.26538858895,5813.40190002955
2026-05-05,5311.89849584227,5892.9525655853
2026-05-06,5435.48194414085,6029.21557856585
2026-05-07,5421.87196919233,6014.37510035672
2026-05-08,5454.41984735792,6050.56561469375
2026-05-09,5465.37417653661,6062.76759302514
2026-05-10,5473.01676375464,6071.32373637011
2026-05-11,5477.08524738085,6075.92053015936
2026-05-12,5452.92901832377,6049.21965941383
2026-05-13,5533.76542409417,6138.98201770235
2026-05-14,5614.04797225627,6227.48318239008
2026-05-15,5514.03995025763,6117.41787745621
2026-05-16,5505.88167994263,6108.45415083938
2026-05-17,5496.01441197748,6097.59413436328
2026-05-18,5488.1231717045,6088.92612006091
2026-05-19,5449.96247208139,6046.67470973402
2026-05-20,5567.13792790606,6176.76586975385
2026-05-21,5621.78515053863,6236.84856022916
2026-05-22,5683.34629962738,6304.90977439599
2026-05-23,5692.69516418943,6315.31591954489
2026-05-24,5682.88920088656,6304.53638350442
2026-05-25,5692.23213156347,6314.99126354999
2026-05-26,5734.58178235071,6362.02609816188
2026-05-27,5740.25305120441,6368.38579651831
2026-05-28,5785.39315601482,6418.53206635504
2026-05-29,5820.56938706227,6457.4979604227
2026-05-30,5820.02,6456.99
