Datum;Eröffnung;Hoch;Tief;Schluss;Währung;Volumen
31.12.1987;100,00;100,00;100,00;100,00;Pkt.;0
29.01.1988;102,33;102,33;102,33;102,33;Pkt.;0
29.02.1988;108,07;108,07;108,07;108,07;Pkt.;0
31.03.1988;111,22;111,22;111,22;111,22;Pkt.;0
29.04.1988;112,45;112,45;112,45;112,45;Pkt.;0
31.05.1988;110,04;110,04;110,04;110,04;Pkt.;0
30.06.1988;109,75;109,75;109,75;109,75;Pkt.;0
29.07.1988;111,59;111,59;111,59;111,59;Pkt.;0
31.08.1988;105,28;105,28;105,28;105,28;Pkt.;0
30.09.1988;109,62;109,62;109,62;109,62;Pkt.;0
31.10.1988;116,60;116,60;116,60;116,60;Pkt.;0
30.11.1988;120,31;120,31;120,31;120,31;Pkt.;0
30.12.1988;121,20;121,20;121,20;121,20;Pkt.;0
31.01.1989;125,37;125,37;125,37;125,37;Pkt.;0
28.02.1989;124,41;124,41;124,41;124,41;Pkt.;0
31.03.1989;123,49;123,49;123,49;123,49;Pkt.;0
28.04.1989;126,37;126,37;126,37;126,37;Pkt.;0
31.05.1989;123,16;123,16;123,16;123,16;Pkt.;0
30.06.1989;121,23;121,23;121,23;121,23;Pkt.;0
31.07.1989;134,69;134,69;134,69;134,69;Pkt.;0
31.08.1989;131,30;131,30;131,30;131,30;Pkt.;0
29.09.1989;135,04;135,04;135,04;135,04;Pkt.;0
31.10.1989;130,46;130,46;130,46;130,46;Pkt.;0
30.11.1989;135,36;135,36;135,36;135,36;Pkt.;0
29.12.1989;139,57;139,57;139,57;139,57;Pkt.;0
31.01.1990;132,91;132,91;132,91;132,91;Pkt.;0
28.02.1990;127,09;127,09;127,09;127,09;Pkt.;0
30.03.1990;119,00;119,00;119,00;119,00;Pkt.;0
30.04.1990;117,24;117,24;117,24;117,24;Pkt.;0
31.05.1990;129,24;129,24;129,24;129,24;Pkt.;0
29.06.1990;128,12;128,12;128,12;128,12;Pkt.;0
31.07.1990;129,16;129,16;129,16;129,16;Pkt.;0
31.08.1990;116,75;116,75;116,75;116,75;Pkt.;0
28.09.1990;104,28;104,28;104,28;104,28;Pkt.;0
31.10.1990;113,61;113,61;113,61;113,61;Pkt.;0
30.11.1990;111,44;111,44;111,44;111,44;Pkt.;0
31.12.1990;113,56;113,56;113,56;113,56;Pkt.;0
31.01.1991;117,50;117,50;117,50;117,50;Pkt.;0
28.02.1991;128,28;128,28;128,28;128,28;Pkt.;0
29.03.1991;124,44;124,44;124,44;124,44;Pkt.;0
30.04.1991;125,21;125,21;125,21;125,21;Pkt.;0
31.05.1991;127,94;127,94;127,94;127,94;Pkt.;0
28.06.1991;119,88;119,88;119,88;119,88;Pkt.;0
31.07.1991;125,34;125,34;125,34;125,34;Pkt.;0
30.08.1991;124,82;124,82;124,82;124,82;Pkt.;0
30.09.1991;127,74;127,74;127,74;127,74;Pkt.;0
31.10.1991;129,70;129,70;129,70;129,70;Pkt.;0
29.11.1991;123,85;123,85;123,85;123,85;Pkt.;0
31.12.1991;132,78;132,78;132,78;132,78;Pkt.;0
31.01.1992;130,53;130,53;130,53;130,53;Pkt.;0
28.02.1992;128,29;128,29;128,29;128,29;Pkt.;0
31.03.1992;122,31;122,31;122,31;122,31;Pkt.;0
30.04.1992;123,67;123,67;123,67;123,67;Pkt.;0
29.05.1992;128,13;128,13;128,13;128,13;Pkt.;0
30.06.1992;123,28;123,28;123,28;123,28;Pkt.;0
31.07.1992;123,39;123,39;123,39;123,39;Pkt.;0
31.08.1992;125,87;125,87;125,87;125,87;Pkt.;0
30.09.1992;124,52;124,52;124,52;124,52;Pkt.;0
30.10.1992;121,22;121,22;121,22;121,22;Pkt.;0
30.11.1992;122,98;122,98;122,98;122,98;Pkt.;0
31.12.1992;123,88;123,88;123,88;123,88;Pkt.;0
29.01.1993;124,06;124,06;124,06;124,06;Pkt.;0
26.02.1993;126,73;126,73;126,73;126,73;Pkt.;0
31.03.1993;133,75;133,75;133,75;133,75;Pkt.;0
30.04.1993;139,54;139,54;139,54;139,54;Pkt.;0
31.05.1993;142,54;142,54;142,54;142,54;Pkt.;0
30.06.1993;141,35;141,35;141,35;141,35;Pkt.;0
30.07.1993;144,01;144,01;144,01;144,01;Pkt.;0
31.08.1993;150,58;150,58;150,58;150,58;Pkt.;0
30.09.1993;147,80;147,80;147,80;147,80;Pkt.;0
29.10.1993;151,92;151,92;151,92;151,92;Pkt.;0
30.11.1993;143,76;143,76;143,76;143,76;Pkt.;0
31.12.1993;151,28;151,28;151,28;151,28;Pkt.;0
31.01.1994;161,05;161,05;161,05;161,05;Pkt.;0
28.02.1994;158,47;158,47;158,47;158,47;Pkt.;0
31.03.1994;151,07;151,07;151,07;151,07;Pkt.;0
29.04.1994;154,90;154,90;154,90;154,90;Pkt.;0
31.05.1994;155,54;155,54;155,54;155,54;Pkt.;0
30.06.1994;154,50;154,50;154,50;154,50;Pkt.;0
29.07.1994;157,66;157,66;157,66;157,66;Pkt.;0
31.08.1994;163,00;163,00;163,00;163,00;Pkt.;0
30.09.1994;158,89;158,89;158,89;158,89;Pkt.;0
31.10.1994;162,68;162,68;162,68;162,68;Pkt.;0
30.11.1994;155,33;155,33;155,33;155,33;Pkt.;0
30.12.1994;155,60;155,60;155,60;155,60;Pkt.;0
31.01.1995;152,15;152,15;152,15;152,15;Pkt.;0
28.02.1995;153,49;153,49;153,49;153,49;Pkt.;0
31.03.1995;160,21;160,21;160,21;160,21;Pkt.;0
28.04.1995;165,73;165,73;165,73;165,73;Pkt.;0
01.05.1995;165,79;165,79;165,79;165,79;Pkt.;0
02.05.1995;167,22;167,22;167,22;167,22;Pkt.;0
03.05.1995;168,36;168,36;168,36;168,36;Pkt.;0
04.05.1995;168,66;168,66;168,66;168,66;Pkt.;0
05.05.1995;167,98;167,98;167,98;167,98;Pkt.;0
08.05.1995;169,36;169,36;169,36;169,36;Pkt.;0
09.05.1995;169,26;169,26;169,26;169,26;Pkt.;0
10.05.1995;168,70;168,70;168,70;168,70;Pkt.;0
11.05.1995;167,22;167,22;167,22;167,22;Pkt.;0
12.05.1995;166,53;166,53;166,53;166,53;Pkt.;0
15.05.1995;166,62;166,62;166,62;166,62;Pkt.;0
16.05.1995;166,63;166,63;166,63;166,63;Pkt.;0
17.05.1995;166,75;166,75;166,75;166,75;Pkt.;0
18.05.1995;164,47;164,47;164,47;164,47;Pkt.;0
19.05.1995;164,19;164,19;164,19;164,19;Pkt.;0
22.05.1995;163,78;163,78;163,78;163,78;Pkt.;0
23.05.1995;165,30;165,30;165,30;165,30;Pkt.;0
24.05.1995;165,93;165,93;165,93;165,93;Pkt.;0
25.05.1995;167,40;167,40;167,40;167,40;Pkt.;0
26.05.1995;167,83;167,83;167,83;167,83;Pkt.;0
29.05.1995;167,27;167,27;167,27;167,27;Pkt.;0
30.05.1995;167,51;167,51;167,51;167,51;Pkt.;0
31.05.1995;167,24;167,24;167,24;167,24;Pkt.;0
01.06.1995;167,60;167,60;167,60;167,60;Pkt.;0
02.06.1995;168,98;168,98;168,98;168,98;Pkt.;0
05.06.1995;169,54;169,54;169,54;169,54;Pkt.;0
06.06.1995;168,46;168,46;168,46;168,46;Pkt.;0
07.06.1995;168,56;168,56;168,56;168,56;Pkt.;0
08.06.1995;167,08;167,08;167,08;167,08;Pkt.;0
09.06.1995;166,16;166,16;166,16;166,16;Pkt.;0
12.06.1995;165,74;165,74;165,74;165,74;Pkt.;0
13.06.1995;165,98;165,98;165,98;165,98;Pkt.;0
14.06.1995;166,42;166,42;166,42;166,42;Pkt.;0
15.06.1995;166,57;166,57;166,57;166,57;Pkt.;0
16.06.1995;167,03;167,03;167,03;167,03;Pkt.;0
19.06.1995;167,76;167,76;167,76;167,76;Pkt.;0
20.06.1995;167,76;167,76;167,76;167,76;Pkt.;0
21.06.1995;168,49;168,49;168,49;168,49;Pkt.;0
22.06.1995;169,59;169,59;169,59;169,59;Pkt.;0
23.06.1995;169,83;169,83;169,83;169,83;Pkt.;0
26.06.1995;168,31;168,31;168,31;168,31;Pkt.;0
27.06.1995;167,89;167,89;167,89;167,89;Pkt.;0
28.06.1995;167,12;167,12;167,12;167,12;Pkt.;0
29.06.1995;166,57;166,57;166,57;166,57;Pkt.;0
30.06.1995;166,97;166,97;166,97;166,97;Pkt.;0
03.07.1995;167,57;167,57;167,57;167,57;Pkt.;0
04.07.1995;168,25;168,25;168,25;168,25;Pkt.;0
05.07.1995;168,82;168,82;168,82;168,82;Pkt.;0
06.07.1995;170,37;170,37;170,37;170,37;Pkt.;0
07.07.1995;172,73;172,73;172,73;172,73;Pkt.;0
10.07.1995;173,12;173,12;173,12;173,12;Pkt.;0
11.07.1995;173,33;173,33;173,33;173,33;Pkt.;0
12.07.1995;174,14;174,14;174,14;174,14;Pkt.;0
13.07.1995;174,48;174,48;174,48;174,48;Pkt.;0
14.07.1995;174,02;174,02;174,02;174,02;Pkt.;0
17.07.1995;174,45;174,45;174,45;174,45;Pkt.;0
18.07.1995;173,48;173,48;173,48;173,48;Pkt.;0
19.07.1995;171,84;171,84;171,84;171,84;Pkt.;0
20.07.1995;172,47;172,47;172,47;172,47;Pkt.;0
21.07.1995;172,21;172,21;172,21;172,21;Pkt.;0
24.07.1995;173,51;173,51;173,51;173,51;Pkt.;0
25.07.1995;173,25;173,25;173,25;173,25;Pkt.;0
26.07.1995;174,03;174,03;174,03;174,03;Pkt.;0
27.07.1995;174,71;174,71;174,71;174,71;Pkt.;0
28.07.1995;174,73;174,73;174,73;174,73;Pkt.;0
31.07.1995;174,74;174,74;174,74;174,74;Pkt.;0
01.08.1995;173,57;173,57;173,57;173,57;Pkt.;0
02.08.1995;173,37;173,37;173,37;173,37;Pkt.;0
03.08.1995;174,02;174,02;174,02;174,02;Pkt.;0
04.08.1995;173,66;173,66;173,66;173,66;Pkt.;0
07.08.1995;173,36;173,36;173,36;173,36;Pkt.;0
08.08.1995;173,32;173,32;173,32;173,32;Pkt.;0
09.08.1995;173,09;173,09;173,09;173,09;Pkt.;0
10.08.1995;171,86;171,86;171,86;171,86;Pkt.;0
11.08.1995;170,85;170,85;170,85;170,85;Pkt.;0
14.08.1995;171,14;171,14;171,14;171,14;Pkt.;0
15.08.1995;169,97;169,97;169,97;169,97;Pkt.;0
16.08.1995;171,44;171,44;171,44;171,44;Pkt.;0
17.08.1995;170,77;170,77;170,77;170,77;Pkt.;0
18.08.1995;171,44;171,44;171,44;171,44;Pkt.;0
21.08.1995;171,13;171,13;171,13;171,13;Pkt.;0
22.08.1995;170,93;170,93;170,93;170,93;Pkt.;0
23.08.1995;170,76;170,76;170,76;170,76;Pkt.;0
24.08.1995;170,56;170,56;170,56;170,56;Pkt.;0
25.08.1995;170,84;170,84;170,84;170,84;Pkt.;0
28.08.1995;170,80;170,80;170,80;170,80;Pkt.;0
29.08.1995;170,57;170,57;170,57;170,57;Pkt.;0
30.08.1995;169,90;169,90;169,90;169,90;Pkt.;0
31.08.1995;170,61;170,61;170,61;170,61;Pkt.;0
01.09.1995;171,14;171,14;171,14;171,14;Pkt.;0
04.09.1995;170,80;170,80;170,80;170,80;Pkt.;0
05.09.1995;171,50;171,50;171,50;171,50;Pkt.;0
06.09.1995;171,18;171,18;171,18;171,18;Pkt.;0
07.09.1995;171,40;171,40;171,40;171,40;Pkt.;0
08.09.1995;172,03;172,03;172,03;172,03;Pkt.;0
11.09.1995;172,96;172,96;172,96;172,96;Pkt.;0
12.09.1995;172,91;172,91;172,91;172,91;Pkt.;0
13.09.1995;173,08;173,08;173,08;173,08;Pkt.;0
14.09.1995;173,87;173,87;173,87;173,87;Pkt.;0
15.09.1995;173,66;173,66;173,66;173,66;Pkt.;0
18.09.1995;172,65;172,65;172,65;172,65;Pkt.;0
19.09.1995;172,89;172,89;172,89;172,89;Pkt.;0
20.09.1995;173,70;173,70;173,70;173,70;Pkt.;0
21.09.1995;174,43;174,43;174,43;174,43;Pkt.;0
22.09.1995;173,79;173,79;173,79;173,79;Pkt.;0
25.09.1995;172,96;172,96;172,96;172,96;Pkt.;0
26.09.1995;172,88;172,88;172,88;172,88;Pkt.;0
27.09.1995;173,59;173,59;173,59;173,59;Pkt.;0
28.09.1995;173,95;173,95;173,95;173,95;Pkt.;0
29.09.1995;175,00;175,00;175,00;175,00;Pkt.;0
02.10.1995;173,29;173,29;173,29;173,29;Pkt.;0
03.10.1995;173,57;173,57;173,57;173,57;Pkt.;0
04.10.1995;173,98;173,98;173,98;173,98;Pkt.;0
05.10.1995;174,49;174,49;174,49;174,49;Pkt.;0
06.10.1995;174,48;174,48;174,48;174,48;Pkt.;0
09.10.1995;173,63;173,63;173,63;173,63;Pkt.;0
10.10.1995;172,54;172,54;172,54;172,54;Pkt.;0
11.10.1995;172,01;172,01;172,01;172,01;Pkt.;0
12.10.1995;173,14;173,14;173,14;173,14;Pkt.;0
13.10.1995;173,55;173,55;173,55;173,55;Pkt.;0
16.10.1995;173,82;173,82;173,82;173,82;Pkt.;0
17.10.1995;174,02;174,02;174,02;174,02;Pkt.;0
18.10.1995;173,85;173,85;173,85;173,85;Pkt.;0
19.10.1995;174,45;174,45;174,45;174,45;Pkt.;0
20.10.1995;174,57;174,57;174,57;174,57;Pkt.;0
23.10.1995;173,81;173,81;173,81;173,81;Pkt.;0
24.10.1995;173,64;173,64;173,64;173,64;Pkt.;0
25.10.1995;172,67;172,67;172,67;172,67;Pkt.;0
26.10.1995;170,81;170,81;170,81;170,81;Pkt.;0
27.10.1995;170,18;170,18;170,18;170,18;Pkt.;0
30.10.1995;171,39;171,39;171,39;171,39;Pkt.;0
31.10.1995;171,78;171,78;171,78;171,78;Pkt.;0
01.11.1995;171,40;171,40;171,40;171,40;Pkt.;0
02.11.1995;172,72;172,72;172,72;172,72;Pkt.;0
03.11.1995;172,95;172,95;172,95;172,95;Pkt.;0
06.11.1995;172,80;172,80;172,80;172,80;Pkt.;0
07.11.1995;172,65;172,65;172,65;172,65;Pkt.;0
08.11.1995;173,28;173,28;173,28;173,28;Pkt.;0
09.11.1995;173,74;173,74;173,74;173,74;Pkt.;0
10.11.1995;173,58;173,58;173,58;173,58;Pkt.;0
13.11.1995;172,57;172,57;172,57;172,57;Pkt.;0
14.11.1995;172,40;172,40;172,40;172,40;Pkt.;0
15.11.1995;173,23;173,23;173,23;173,23;Pkt.;0
16.11.1995;173,90;173,90;173,90;173,90;Pkt.;0
17.11.1995;174,60;174,60;174,60;174,60;Pkt.;0
20.11.1995;175,21;175,21;175,21;175,21;Pkt.;0
21.11.1995;175,73;175,73;175,73;175,73;Pkt.;0
22.11.1995;175,73;175,73;175,73;175,73;Pkt.;0
23.11.1995;175,67;175,67;175,67;175,67;Pkt.;0
24.11.1995;175,68;175,68;175,68;175,68;Pkt.;0
27.11.1995;176,06;176,06;176,06;176,06;Pkt.;0
28.11.1995;177,06;177,06;177,06;177,06;Pkt.;0
29.11.1995;176,78;176,78;176,78;176,78;Pkt.;0
30.11.1995;176,88;176,88;176,88;176,88;Pkt.;0
01.12.1995;177,80;177,80;177,80;177,80;Pkt.;0
04.12.1995;178,99;178,99;178,99;178,99;Pkt.;0
05.12.1995;179,55;179,55;179,55;179,55;Pkt.;0
06.12.1995;180,18;180,18;180,18;180,18;Pkt.;0
07.12.1995;180,39;180,39;180,39;180,39;Pkt.;0
08.12.1995;179,88;179,88;179,88;179,88;Pkt.;0
11.12.1995;180,24;180,24;180,24;180,24;Pkt.;0
12.12.1995;180,05;180,05;180,05;180,05;Pkt.;0
13.12.1995;180,24;180,24;180,24;180,24;Pkt.;0
14.12.1995;180,46;180,46;180,46;180,46;Pkt.;0
15.12.1995;179,79;179,79;179,79;179,79;Pkt.;0
18.12.1995;178,46;178,46;178,46;178,46;Pkt.;0
19.12.1995;178,29;178,29;178,29;178,29;Pkt.;0
20.12.1995;178,75;178,75;178,75;178,75;Pkt.;0
21.12.1995;180,16;180,16;180,16;180,16;Pkt.;0
22.12.1995;180,84;180,84;180,84;180,84;Pkt.;0
25.12.1995;180,84;180,84;180,84;180,84;Pkt.;0
26.12.1995;181,51;181,51;181,51;181,51;Pkt.;0
27.12.1995;181,93;181,93;181,93;181,93;Pkt.;0
28.12.1995;181,54;181,54;181,54;181,54;Pkt.;0
29.12.1995;181,90;181,90;181,90;181,90;Pkt.;0
01.01.1996;181,90;181,90;181,90;181,90;Pkt.;0
02.01.1996;182,75;182,75;182,75;182,75;Pkt.;0
03.01.1996;183,71;183,71;183,71;183,71;Pkt.;0
04.01.1996;183,98;183,98;183,98;183,98;Pkt.;0
05.01.1996;184,46;184,46;184,46;184,46;Pkt.;0
08.01.1996;184,29;184,29;184,29;184,29;Pkt.;0
09.01.1996;182,75;182,75;182,75;182,75;Pkt.;0
10.01.1996;181,10;181,10;181,10;181,10;Pkt.;0
11.01.1996;181,20;181,20;181,20;181,20;Pkt.;0
12.01.1996;181,09;181,09;181,09;181,09;Pkt.;0
15.01.1996;180,61;180,61;180,61;180,61;Pkt.;0
16.01.1996;181,99;181,99;181,99;181,99;Pkt.;0
17.01.1996;181,54;181,54;181,54;181,54;Pkt.;0
18.01.1996;181,43;181,43;181,43;181,43;Pkt.;0
19.01.1996;182,00;182,00;182,00;182,00;Pkt.;0
22.01.1996;181,83;181,83;181,83;181,83;Pkt.;0
23.01.1996;181,25;181,25;181,25;181,25;Pkt.;0
24.01.1996;182,08;182,08;182,08;182,08;Pkt.;0
25.01.1996;182,18;182,18;182,18;182,18;Pkt.;0
26.01.1996;182,39;182,39;182,39;182,39;Pkt.;0
29.01.1996;182,77;182,77;182,77;182,77;Pkt.;0
30.01.1996;183,64;183,64;183,64;183,64;Pkt.;0
31.01.1996;185,64;185,64;185,64;185,64;Pkt.;0
01.02.1996;186,23;186,23;186,23;186,23;Pkt.;0
02.02.1996;186,41;186,41;186,41;186,41;Pkt.;0
05.02.1996;187,08;187,08;187,08;187,08;Pkt.;0
06.02.1996;187,61;187,61;187,61;187,61;Pkt.;0
07.02.1996;188,15;188,15;188,15;188,15;Pkt.;0
08.02.1996;188,57;188,57;188,57;188,57;Pkt.;0
09.02.1996;188,13;188,13;188,13;188,13;Pkt.;0
12.02.1996;188,89;188,89;188,89;188,89;Pkt.;0
13.02.1996;188,68;188,68;188,68;188,68;Pkt.;0
14.02.1996;188,55;188,55;188,55;188,55;Pkt.;0
15.02.1996;188,47;188,47;188,47;188,47;Pkt.;0
16.02.1996;188,43;188,43;188,43;188,43;Pkt.;0
19.02.1996;188,53;188,53;188,53;188,53;Pkt.;0
20.02.1996;186,09;186,09;186,09;186,09;Pkt.;0
21.02.1996;186,95;186,95;186,95;186,95;Pkt.;0
22.02.1996;188,62;188,62;188,62;188,62;Pkt.;0
23.02.1996;188,99;188,99;188,99;188,99;Pkt.;0
26.02.1996;188,00;188,00;188,00;188,00;Pkt.;0
27.02.1996;187,04;187,04;187,04;187,04;Pkt.;0
28.02.1996;186,82;186,82;186,82;186,82;Pkt.;0
29.02.1996;186,09;186,09;186,09;186,09;Pkt.;0
01.03.1996;186,86;186,86;186,86;186,86;Pkt.;0
04.03.1996;187,61;187,61;187,61;187,61;Pkt.;0
05.03.1996;188,17;188,17;188,17;188,17;Pkt.;0
06.03.1996;187,44;187,44;187,44;187,44;Pkt.;0
07.03.1996;187,12;187,12;187,12;187,12;Pkt.;0
08.03.1996;184,23;184,23;184,23;184,23;Pkt.;0
11.03.1996;183,44;183,44;183,44;183,44;Pkt.;0
12.03.1996;183,59;183,59;183,59;183,59;Pkt.;0
13.03.1996;183,73;183,73;183,73;183,73;Pkt.;0
14.03.1996;184,78;184,78;184,78;184,78;Pkt.;0
15.03.1996;185,04;185,04;185,04;185,04;Pkt.;0
18.03.1996;186,87;186,87;186,87;186,87;Pkt.;0
19.03.1996;187,44;187,44;187,44;187,44;Pkt.;0
20.03.1996;187,07;187,07;187,07;187,07;Pkt.;0
21.03.1996;187,82;187,82;187,82;187,82;Pkt.;0
22.03.1996;187,97;187,97;187,97;187,97;Pkt.;0
25.03.1996;188,49;188,49;188,49;188,49;Pkt.;0
26.03.1996;188,58;188,58;188,58;188,58;Pkt.;0
27.03.1996;188,27;188,27;188,27;188,27;Pkt.;0
28.03.1996;188,40;188,40;188,40;188,40;Pkt.;0
29.03.1996;188,64;188,64;188,64;188,64;Pkt.;0
01.04.1996;189,64;189,64;189,64;189,64;Pkt.;0
02.04.1996;190,13;190,13;190,13;190,13;Pkt.;0
03.04.1996;190,13;190,13;190,13;190,13;Pkt.;0
04.04.1996;190,21;190,21;190,21;190,21;Pkt.;0
05.04.1996;190,38;190,38;190,38;190,38;Pkt.;0
08.04.1996;188,65;188,65;188,65;188,65;Pkt.;0
09.04.1996;188,20;188,20;188,20;188,20;Pkt.;0
10.04.1996;187,38;187,38;187,38;187,38;Pkt.;0
11.04.1996;186,72;186,72;186,72;186,72;Pkt.;0
12.04.1996;187,50;187,50;187,50;187,50;Pkt.;0
15.04.1996;188,79;188,79;188,79;188,79;Pkt.;0
16.04.1996;189,47;189,47;189,47;189,47;Pkt.;0
17.04.1996;188,91;188,91;188,91;188,91;Pkt.;0
18.04.1996;189,38;189,38;189,38;189,38;Pkt.;0
19.04.1996;190,59;190,59;190,59;190,59;Pkt.;0
22.04.1996;191,72;191,72;191,72;191,72;Pkt.;0
23.04.1996;192,10;192,10;192,10;192,10;Pkt.;0
24.04.1996;191,97;191,97;191,97;191,97;Pkt.;0
25.04.1996;192,10;192,10;192,10;192,10;Pkt.;0
26.04.1996;192,89;192,89;192,89;192,89;Pkt.;0
29.04.1996;193,21;193,21;193,21;193,21;Pkt.;0
30.04.1996;192,90;192,90;192,90;192,90;Pkt.;0
01.05.1996;192,27;192,27;192,27;192,27;Pkt.;0
02.05.1996;190,82;190,82;190,82;190,82;Pkt.;0
03.05.1996;190,08;190,08;190,08;190,08;Pkt.;0
06.05.1996;189,86;189,86;189,86;189,86;Pkt.;0
07.05.1996;189,26;189,26;189,26;189,26;Pkt.;0
08.05.1996;189,94;189,94;189,94;189,94;Pkt.;0
09.05.1996;189,82;189,82;189,82;189,82;Pkt.;0
10.05.1996;190,39;190,39;190,39;190,39;Pkt.;0
13.05.1996;191,08;191,08;191,08;191,08;Pkt.;0
14.05.1996;191,80;191,80;191,80;191,80;Pkt.;0
15.05.1996;192,42;192,42;192,42;192,42;Pkt.;0
16.05.1996;192,33;192,33;192,33;192,33;Pkt.;0
17.05.1996;192,99;192,99;192,99;192,99;Pkt.;0
20.05.1996;193,24;193,24;193,24;193,24;Pkt.;0
21.05.1996;193,33;193,33;193,33;193,33;Pkt.;0
22.05.1996;193,44;193,44;193,44;193,44;Pkt.;0
23.05.1996;192,66;192,66;192,66;192,66;Pkt.;0
24.05.1996;192,72;192,72;192,72;192,72;Pkt.;0
27.05.1996;192,62;192,62;192,62;192,62;Pkt.;0
28.05.1996;191,99;191,99;191,99;191,99;Pkt.;0
29.05.1996;191,62;191,62;191,62;191,62;Pkt.;0
30.05.1996;192,45;192,45;192,45;192,45;Pkt.;0
31.05.1996;192,76;192,76;192,76;192,76;Pkt.;0
03.06.1996;191,86;191,86;191,86;191,86;Pkt.;0
04.06.1996;192,45;192,45;192,45;192,45;Pkt.;0
05.06.1996;193,18;193,18;193,18;193,18;Pkt.;0
06.06.1996;192,48;192,48;192,48;192,48;Pkt.;0
07.06.1996;191,75;191,75;191,75;191,75;Pkt.;0
10.06.1996;191,73;191,73;191,73;191,73;Pkt.;0
11.06.1996;191,74;191,74;191,74;191,74;Pkt.;0
12.06.1996;192,10;192,10;192,10;192,10;Pkt.;0
13.06.1996;191,87;191,87;191,87;191,87;Pkt.;0
14.06.1996;192,31;192,31;192,31;192,31;Pkt.;0
17.06.1996;192,29;192,29;192,29;192,29;Pkt.;0
18.06.1996;192,56;192,56;192,56;192,56;Pkt.;0
19.06.1996;192,49;192,49;192,49;192,49;Pkt.;0
20.06.1996;192,23;192,23;192,23;192,23;Pkt.;0
21.06.1996;192,73;192,73;192,73;192,73;Pkt.;0
24.06.1996;193,35;193,35;193,35;193,35;Pkt.;0
25.06.1996;193,11;193,11;193,11;193,11;Pkt.;0
26.06.1996;192,80;192,80;192,80;192,80;Pkt.;0
27.06.1996;193,01;193,01;193,01;193,01;Pkt.;0
28.06.1996;193,48;193,48;193,48;193,48;Pkt.;0
01.07.1996;194,20;194,20;194,20;194,20;Pkt.;0
02.07.1996;193,48;193,48;193,48;193,48;Pkt.;0
03.07.1996;193,20;193,20;193,20;193,20;Pkt.;0
04.07.1996;193,57;193,57;193,57;193,57;Pkt.;0
05.07.1996;191,04;191,04;191,04;191,04;Pkt.;0
08.07.1996;189,43;189,43;189,43;189,43;Pkt.;0
09.07.1996;190,19;190,19;190,19;190,19;Pkt.;0
10.07.1996;190,09;190,09;190,09;190,09;Pkt.;0
11.07.1996;188,76;188,76;188,76;188,76;Pkt.;0
12.07.1996;187,60;187,60;187,60;187,60;Pkt.;0
15.07.1996;185,31;185,31;185,31;185,31;Pkt.;0
16.07.1996;184,48;184,48;184,48;184,48;Pkt.;0
17.07.1996;185,54;185,54;185,54;185,54;Pkt.;0
18.07.1996;187,31;187,31;187,31;187,31;Pkt.;0
19.07.1996;187,19;187,19;187,19;187,19;Pkt.;0
22.07.1996;185,44;185,44;185,44;185,44;Pkt.;0
23.07.1996;184,61;184,61;184,61;184,61;Pkt.;0
24.07.1996;182,85;182,85;182,85;182,85;Pkt.;0
25.07.1996;184,14;184,14;184,14;184,14;Pkt.;0
26.07.1996;184,76;184,76;184,76;184,76;Pkt.;0
29.07.1996;184,09;184,09;184,09;184,09;Pkt.;0
30.07.1996;184,43;184,43;184,43;184,43;Pkt.;0
31.07.1996;185,93;185,93;185,93;185,93;Pkt.;0
01.08.1996;187,96;187,96;187,96;187,96;Pkt.;0
02.08.1996;189,87;189,87;189,87;189,87;Pkt.;0
05.08.1996;190,13;190,13;190,13;190,13;Pkt.;0
06.08.1996;189,50;189,50;189,50;189,50;Pkt.;0
07.08.1996;189,27;189,27;189,27;189,27;Pkt.;0
08.08.1996;189,29;189,29;189,29;189,29;Pkt.;0
09.08.1996;188,72;188,72;188,72;188,72;Pkt.;0
12.08.1996;189,60;189,60;189,60;189,60;Pkt.;0
13.08.1996;189,21;189,21;189,21;189,21;Pkt.;0
14.08.1996;189,41;189,41;189,41;189,41;Pkt.;0
15.08.1996;189,35;189,35;189,35;189,35;Pkt.;0
16.08.1996;189,73;189,73;189,73;189,73;Pkt.;0
19.08.1996;190,04;190,04;190,04;190,04;Pkt.;0
20.08.1996;190,33;190,33;190,33;190,33;Pkt.;0
21.08.1996;190,68;190,68;190,68;190,68;Pkt.;0
22.08.1996;191,54;191,54;191,54;191,54;Pkt.;0
23.08.1996;191,44;191,44;191,44;191,44;Pkt.;0
26.08.1996;190,87;190,87;190,87;190,87;Pkt.;0
27.08.1996;191,19;191,19;191,19;191,19;Pkt.;0
28.08.1996;190,72;190,72;190,72;190,72;Pkt.;0
29.08.1996;189,09;189,09;189,09;189,09;Pkt.;0
30.08.1996;187,89;187,89;187,89;187,89;Pkt.;0
02.09.1996;187,36;187,36;187,36;187,36;Pkt.;0
03.09.1996;187,28;187,28;187,28;187,28;Pkt.;0
04.09.1996;187,86;187,86;187,86;187,86;Pkt.;0
05.09.1996;187,35;187,35;187,35;187,35;Pkt.;0
06.09.1996;187,80;187,80;187,80;187,80;Pkt.;0
09.09.1996;189,09;189,09;189,09;189,09;Pkt.;0
10.09.1996;189,10;189,10;189,10;189,10;Pkt.;0
11.09.1996;189,04;189,04;189,04;189,04;Pkt.;0
12.09.1996;189,75;189,75;189,75;189,75;Pkt.;0
13.09.1996;191,73;191,73;191,73;191,73;Pkt.;0
16.09.1996;192,66;192,66;192,66;192,66;Pkt.;0
17.09.1996;193,05;193,05;193,05;193,05;Pkt.;0
18.09.1996;193,11;193,11;193,11;193,11;Pkt.;0
19.09.1996;193,28;193,28;193,28;193,28;Pkt.;0
20.09.1996;193,37;193,37;193,37;193,37;Pkt.;0
23.09.1996;192,84;192,84;192,84;192,84;Pkt.;0
24.09.1996;192,91;192,91;192,91;192,91;Pkt.;0
25.09.1996;193,80;193,80;193,80;193,80;Pkt.;0
26.09.1996;193,86;193,86;193,86;193,86;Pkt.;0
27.09.1996;194,11;194,11;194,11;194,11;Pkt.;0
30.09.1996;194,51;194,51;194,51;194,51;Pkt.;0
01.10.1996;194,89;194,89;194,89;194,89;Pkt.;0
02.10.1996;195,78;195,78;195,78;195,78;Pkt.;0
03.10.1996;195,34;195,34;195,34;195,34;Pkt.;0
04.10.1996;196,03;196,03;196,03;196,03;Pkt.;0
07.10.1996;196,39;196,39;196,39;196,39;Pkt.;0
08.10.1996;195,93;195,93;195,93;195,93;Pkt.;0
09.10.1996;194,91;194,91;194,91;194,91;Pkt.;0
10.10.1996;194,47;194,47;194,47;194,47;Pkt.;0
11.10.1996;195,44;195,44;195,44;195,44;Pkt.;0
14.10.1996;196,19;196,19;196,19;196,19;Pkt.;0
15.10.1996;196,76;196,76;196,76;196,76;Pkt.;0
16.10.1996;196,65;196,65;196,65;196,65;Pkt.;0
17.10.1996;197,07;197,07;197,07;197,07;Pkt.;0
18.10.1996;198,08;198,08;198,08;198,08;Pkt.;0
21.10.1996;197,61;197,61;197,61;197,61;Pkt.;0
22.10.1996;196,82;196,82;196,82;196,82;Pkt.;0
23.10.1996;196,36;196,36;196,36;196,36;Pkt.;0
24.10.1996;195,51;195,51;195,51;195,51;Pkt.;0
25.10.1996;194,86;194,86;194,86;194,86;Pkt.;0
28.10.1996;194,37;194,37;194,37;194,37;Pkt.;0
29.10.1996;194,66;194,66;194,66;194,66;Pkt.;0
30.10.1996;194,65;194,65;194,65;194,65;Pkt.;0
31.10.1996;194,98;194,98;194,98;194,98;Pkt.;0
01.11.1996;195,04;195,04;195,04;195,04;Pkt.;0
04.11.1996;195,53;195,53;195,53;195,53;Pkt.;0
05.11.1996;196,48;196,48;196,48;196,48;Pkt.;0
06.11.1996;198,79;198,79;198,79;198,79;Pkt.;0
07.11.1996;199,45;199,45;199,45;199,45;Pkt.;0
08.11.1996;200,44;200,44;200,44;200,44;Pkt.;0
11.11.1996;200,71;200,71;200,71;200,71;Pkt.;0
12.11.1996;200,85;200,85;200,85;200,85;Pkt.;0
13.11.1996;200,73;200,73;200,73;200,73;Pkt.;0
14.11.1996;201,88;201,88;201,88;201,88;Pkt.;0
15.11.1996;202,57;202,57;202,57;202,57;Pkt.;0
18.11.1996;202,28;202,28;202,28;202,28;Pkt.;0
19.11.1996;203,23;203,23;203,23;203,23;Pkt.;0
20.11.1996;203,98;203,98;203,98;203,98;Pkt.;0
21.11.1996;203,83;203,83;203,83;203,83;Pkt.;0
22.11.1996;204,94;204,94;204,94;204,94;Pkt.;0
25.11.1996;205,71;205,71;205,71;205,71;Pkt.;0
26.11.1996;205,60;205,60;205,60;205,60;Pkt.;0
27.11.1996;205,16;205,16;205,16;205,16;Pkt.;0
28.11.1996;204,79;204,79;204,79;204,79;Pkt.;0
29.11.1996;205,08;205,08;205,08;205,08;Pkt.;0
02.12.1996;204,36;204,36;204,36;204,36;Pkt.;0
03.12.1996;202,73;202,73;202,73;202,73;Pkt.;0
04.12.1996;202,18;202,18;202,18;202,18;Pkt.;0
05.12.1996;202,77;202,77;202,77;202,77;Pkt.;0
06.12.1996;200,08;200,08;200,08;200,08;Pkt.;0
09.12.1996;201,96;201,96;201,96;201,96;Pkt.;0
10.12.1996;202,43;202,43;202,43;202,43;Pkt.;0
11.12.1996;200,66;200,66;200,66;200,66;Pkt.;0
12.12.1996;198,62;198,62;198,62;198,62;Pkt.;0
13.12.1996;197,57;197,57;197,57;197,57;Pkt.;0
16.12.1996;197,52;197,52;197,52;197,52;Pkt.;0
17.12.1996;198,10;198,10;198,10;198,10;Pkt.;0
18.12.1996;198,66;198,66;198,66;198,66;Pkt.;0
19.12.1996;199,92;199,92;199,92;199,92;Pkt.;0
20.12.1996;201,33;201,33;201,33;201,33;Pkt.;0
23.12.1996;201,34;201,34;201,34;201,34;Pkt.;0
24.12.1996;200,98;200,98;200,98;200,98;Pkt.;0
25.12.1996;200,98;200,98;200,98;200,98;Pkt.;0
26.12.1996;201,82;201,82;201,82;201,82;Pkt.;0
27.12.1996;202,38;202,38;202,38;202,38;Pkt.;0
30.12.1996;202,63;202,63;202,63;202,63;Pkt.;0
31.12.1996;201,78;201,78;201,78;201,78;Pkt.;0
01.01.1997;201,78;201,78;201,78;201,78;Pkt.;0
02.01.1997;200,33;200,33;200,33;200,33;Pkt.;0
03.01.1997;201,65;201,65;201,65;201,65;Pkt.;0
06.01.1997;202,21;202,21;202,21;202,21;Pkt.;0
07.01.1997;202,64;202,64;202,64;202,64;Pkt.;0
08.01.1997;201,93;201,93;201,93;201,93;Pkt.;0
09.01.1997;201,69;201,69;201,69;201,69;Pkt.;0
10.01.1997;200,76;200,76;200,76;200,76;Pkt.;0
13.01.1997;202,18;202,18;202,18;202,18;Pkt.;0
14.01.1997;203,83;203,83;203,83;203,83;Pkt.;0
15.01.1997;204,19;204,19;204,19;204,19;Pkt.;0
16.01.1997;205,07;205,07;205,07;205,07;Pkt.;0
17.01.1997;205,33;205,33;205,33;205,33;Pkt.;0
20.01.1997;204,32;204,32;204,32;204,32;Pkt.;0
21.01.1997;204,39;204,39;204,39;204,39;Pkt.;0
22.01.1997;205,45;205,45;205,45;205,45;Pkt.;0
23.01.1997;204,14;204,14;204,14;204,14;Pkt.;0
24.01.1997;202,67;202,67;202,67;202,67;Pkt.;0
27.01.1997;201,01;201,01;201,01;201,01;Pkt.;0
28.01.1997;200,99;200,99;200,99;200,99;Pkt.;0
29.01.1997;201,94;201,94;201,94;201,94;Pkt.;0
30.01.1997;203,29;203,29;203,29;203,29;Pkt.;0
31.01.1997;204,86;204,86;204,86;204,86;Pkt.;0
03.02.1997;204,79;204,79;204,79;204,79;Pkt.;0
04.02.1997;205,34;205,34;205,34;205,34;Pkt.;0
05.02.1997;203,98;203,98;203,98;203,98;Pkt.;0
06.02.1997;204,07;204,07;204,07;204,07;Pkt.;0
07.02.1997;204,90;204,90;204,90;204,90;Pkt.;0
10.02.1997;205,80;205,80;205,80;205,80;Pkt.;0
11.02.1997;206,03;206,03;206,03;206,03;Pkt.;0
12.02.1997;207,69;207,69;207,69;207,69;Pkt.;0
13.02.1997;208,99;208,99;208,99;208,99;Pkt.;0
14.02.1997;208,99;208,99;208,99;208,99;Pkt.;0
17.02.1997;208,78;208,78;208,78;208,78;Pkt.;0
18.02.1997;209,37;209,37;209,37;209,37;Pkt.;0
19.02.1997;209,07;209,07;209,07;209,07;Pkt.;0
20.02.1997;208,79;208,79;208,79;208,79;Pkt.;0
21.02.1997;209,03;209,03;209,03;209,03;Pkt.;0
24.02.1997;210,56;210,56;210,56;210,56;Pkt.;0
25.02.1997;211,45;211,45;211,45;211,45;Pkt.;0
26.02.1997;209,86;209,86;209,86;209,86;Pkt.;0
27.02.1997;208,76;208,76;208,76;208,76;Pkt.;0
28.02.1997;207,34;207,34;207,34;207,34;Pkt.;0
03.03.1997;207,30;207,30;207,30;207,30;Pkt.;0
04.03.1997;207,19;207,19;207,19;207,19;Pkt.;0
05.03.1997;208,19;208,19;208,19;208,19;Pkt.;0
06.03.1997;207,90;207,90;207,90;207,90;Pkt.;0
07.03.1997;208,83;208,83;208,83;208,83;Pkt.;0
10.03.1997;210,54;210,54;210,54;210,54;Pkt.;0
11.03.1997;210,64;210,64;210,64;210,64;Pkt.;0
12.03.1997;208,82;208,82;208,82;208,82;Pkt.;0
13.03.1997;206,25;206,25;206,25;206,25;Pkt.;0
14.03.1997;206,76;206,76;206,76;206,76;Pkt.;0
17.03.1997;206,26;206,26;206,26;206,26;Pkt.;0
18.03.1997;205,92;205,92;205,92;205,92;Pkt.;0
19.03.1997;205,63;205,63;205,63;205,63;Pkt.;0
20.03.1997;203,83;203,83;203,83;203,83;Pkt.;0
21.03.1997;204,89;204,89;204,89;204,89;Pkt.;0
24.03.1997;204,97;204,97;204,97;204,97;Pkt.;0
25.03.1997;205,78;205,78;205,78;205,78;Pkt.;0
26.03.1997;206,63;206,63;206,63;206,63;Pkt.;0
27.03.1997;205,16;205,16;205,16;205,16;Pkt.;0
28.03.1997;205,00;205,00;205,00;205,00;Pkt.;0
31.03.1997;202,84;202,84;202,84;202,84;Pkt.;0
01.04.1997;201,44;201,44;201,44;201,44;Pkt.;0
02.04.1997;200,62;200,62;200,62;200,62;Pkt.;0
03.04.1997;200,16;200,16;200,16;200,16;Pkt.;0
04.04.1997;200,68;200,68;200,68;200,68;Pkt.;0
07.04.1997;200,81;200,81;200,81;200,81;Pkt.;0
08.04.1997;201,42;201,42;201,42;201,42;Pkt.;0
09.04.1997;200,67;200,67;200,67;200,67;Pkt.;0
10.04.1997;199,97;199,97;199,97;199,97;Pkt.;0
11.04.1997;197,38;197,38;197,38;197,38;Pkt.;0
14.04.1997;197,24;197,24;197,24;197,24;Pkt.;0
15.04.1997;199,51;199,51;199,51;199,51;Pkt.;0
16.04.1997;201,28;201,28;201,28;201,28;Pkt.;0
17.04.1997;201,52;201,52;201,52;201,52;Pkt.;0
18.04.1997;202,58;202,58;202,58;202,58;Pkt.;0
21.04.1997;202,95;202,95;202,95;202,95;Pkt.;0
22.04.1997;204,40;204,40;204,40;204,40;Pkt.;0
23.04.1997;205,14;205,14;205,14;205,14;Pkt.;0
24.04.1997;204,91;204,91;204,91;204,91;Pkt.;0
25.04.1997;203,33;203,33;203,33;203,33;Pkt.;0
28.04.1997;204,00;204,00;204,00;204,00;Pkt.;0
29.04.1997;207,18;207,18;207,18;207,18;Pkt.;0
30.04.1997;208,99;208,99;208,99;208,99;Pkt.;0
01.05.1997;209,44;209,44;209,44;209,44;Pkt.;0
02.05.1997;211,47;211,47;211,47;211,47;Pkt.;0
05.05.1997;213,81;213,81;213,81;213,81;Pkt.;0
06.05.1997;215,90;215,90;215,90;215,90;Pkt.;0
07.05.1997;214,59;214,59;214,59;214,59;Pkt.;0
08.05.1997;215,43;215,43;215,43;215,43;Pkt.;0
09.05.1997;216,89;216,89;216,89;216,89;Pkt.;0
12.05.1997;219,91;219,91;219,91;219,91;Pkt.;0
13.05.1997;219,87;219,87;219,87;219,87;Pkt.;0
14.05.1997;220,64;220,64;220,64;220,64;Pkt.;0
15.05.1997;221,36;221,36;221,36;221,36;Pkt.;0
16.05.1997;221,01;221,01;221,01;221,01;Pkt.;0
19.05.1997;220,89;220,89;220,89;220,89;Pkt.;0
20.05.1997;222,35;222,35;222,35;222,35;Pkt.;0
21.05.1997;222,23;222,23;222,23;222,23;Pkt.;0
22.05.1997;221,01;221,01;221,01;221,01;Pkt.;0
23.05.1997;223,06;223,06;223,06;223,06;Pkt.;0
26.05.1997;223,24;223,24;223,24;223,24;Pkt.;0
27.05.1997;222,80;222,80;222,80;222,80;Pkt.;0
28.05.1997;222,90;222,90;222,90;222,90;Pkt.;0
29.05.1997;222,38;222,38;222,38;222,38;Pkt.;0
30.05.1997;221,11;221,11;221,11;221,11;Pkt.;0
02.06.1997;221,63;221,63;221,63;221,63;Pkt.;0
03.06.1997;222,02;222,02;222,02;222,02;Pkt.;0
04.06.1997;221,70;221,70;221,70;221,70;Pkt.;0
05.06.1997;222,49;222,49;222,49;222,49;Pkt.;0
06.06.1997;224,64;224,64;224,64;224,64;Pkt.;0
09.06.1997;226,53;226,53;226,53;226,53;Pkt.;0
10.06.1997;227,00;227,00;227,00;227,00;Pkt.;0
11.06.1997;228,02;228,02;228,02;228,02;Pkt.;0
12.06.1997;229,66;229,66;229,66;229,66;Pkt.;0
13.06.1997;231,02;231,02;231,02;231,02;Pkt.;0
16.06.1997;232,11;232,11;232,11;232,11;Pkt.;0
17.06.1997;231,35;231,35;231,35;231,35;Pkt.;0
18.06.1997;230,77;230,77;230,77;230,77;Pkt.;0
19.06.1997;232,19;232,19;232,19;232,19;Pkt.;0
20.06.1997;232,29;232,29;232,29;232,29;Pkt.;0
23.06.1997;230,15;230,15;230,15;230,15;Pkt.;0
24.06.1997;232,46;232,46;232,46;232,46;Pkt.;0
25.06.1997;233,56;233,56;233,56;233,56;Pkt.;0
26.06.1997;233,22;233,22;233,22;233,22;Pkt.;0
27.06.1997;232,66;232,66;232,66;232,66;Pkt.;0
30.06.1997;232,08;232,08;232,08;232,08;Pkt.;0
01.07.1997;233,28;233,28;233,28;233,28;Pkt.;0
02.07.1997;235,06;235,06;235,06;235,06;Pkt.;0
03.07.1997;238,11;238,11;238,11;238,11;Pkt.;0
04.07.1997;237,90;237,90;237,90;237,90;Pkt.;0
07.07.1997;237,74;237,74;237,74;237,74;Pkt.;0
08.07.1997;238,25;238,25;238,25;238,25;Pkt.;0
09.07.1997;237,06;237,06;237,06;237,06;Pkt.;0
10.07.1997;237,56;237,56;237,56;237,56;Pkt.;0
11.07.1997;237,96;237,96;237,96;237,96;Pkt.;0
14.07.1997;238,52;238,52;238,52;238,52;Pkt.;0
15.07.1997;238,26;238,26;238,26;238,26;Pkt.;0
16.07.1997;241,21;241,21;241,21;241,21;Pkt.;0
17.07.1997;240,70;240,70;240,70;240,70;Pkt.;0
18.07.1997;237,49;237,49;237,49;237,49;Pkt.;0
21.07.1997;235,96;235,96;235,96;235,96;Pkt.;0
22.07.1997;239,16;239,16;239,16;239,16;Pkt.;0
23.07.1997;240,51;240,51;240,51;240,51;Pkt.;0
24.07.1997;240,54;240,54;240,54;240,54;Pkt.;0
25.07.1997;240,08;240,08;240,08;240,08;Pkt.;0
28.07.1997;239,64;239,64;239,64;239,64;Pkt.;0
29.07.1997;240,38;240,38;240,38;240,38;Pkt.;0
30.07.1997;241,77;241,77;241,77;241,77;Pkt.;0
31.07.1997;242,24;242,24;242,24;242,24;Pkt.;0
01.08.1997;239,88;239,88;239,88;239,88;Pkt.;0
04.08.1997;238,85;238,85;238,85;238,85;Pkt.;0
05.08.1997;238,38;238,38;238,38;238,38;Pkt.;0
06.08.1997;240,63;240,63;240,63;240,63;Pkt.;0
07.08.1997;240,01;240,01;240,01;240,01;Pkt.;0
08.08.1997;238,33;238,33;238,33;238,33;Pkt.;0
11.08.1997;236,99;236,99;236,99;236,99;Pkt.;0
12.08.1997;235,99;235,99;235,99;235,99;Pkt.;0
13.08.1997;235,10;235,10;235,10;235,10;Pkt.;0
14.08.1997;234,55;234,55;234,55;234,55;Pkt.;0
15.08.1997;231,78;231,78;231,78;231,78;Pkt.;0
18.08.1997;231,41;231,41;231,41;231,41;Pkt.;0
19.08.1997;233,21;233,21;233,21;233,21;Pkt.;0
20.08.1997;235,45;235,45;235,45;235,45;Pkt.;0
21.08.1997;234,18;234,18;234,18;234,18;Pkt.;0
22.08.1997;232,05;232,05;232,05;232,05;Pkt.;0
25.08.1997;231,18;231,18;231,18;231,18;Pkt.;0
26.08.1997;230,32;230,32;230,32;230,32;Pkt.;0
27.08.1997;229,68;229,68;229,68;229,68;Pkt.;0
28.08.1997;227,25;227,25;227,25;227,25;Pkt.;0
29.08.1997;224,92;224,92;224,92;224,92;Pkt.;0
01.09.1997;223,92;223,92;223,92;223,92;Pkt.;0
02.09.1997;228,07;228,07;228,07;228,07;Pkt.;0
03.09.1997;230,07;230,07;230,07;230,07;Pkt.;0
04.09.1997;230,19;230,19;230,19;230,19;Pkt.;0
05.09.1997;231,19;231,19;231,19;231,19;Pkt.;0
08.09.1997;231,55;231,55;231,55;231,55;Pkt.;0
09.09.1997;232,45;232,45;232,45;232,45;Pkt.;0
10.09.1997;229,77;229,77;229,77;229,77;Pkt.;0
11.09.1997;227,11;227,11;227,11;227,11;Pkt.;0
12.09.1997;228,25;228,25;228,25;228,25;Pkt.;0
15.09.1997;228,63;228,63;228,63;228,63;Pkt.;0
16.09.1997;231,81;231,81;231,81;231,81;Pkt.;0
17.09.1997;232,28;232,28;232,28;232,28;Pkt.;0
18.09.1997;233,21;233,21;233,21;233,21;Pkt.;0
19.09.1997;233,67;233,67;233,67;233,67;Pkt.;0
22.09.1997;234,71;234,71;234,71;234,71;Pkt.;0
23.09.1997;234,40;234,40;234,40;234,40;Pkt.;0
24.09.1997;235,55;235,55;235,55;235,55;Pkt.;0
25.09.1997;234,72;234,72;234,72;234,72;Pkt.;0
26.09.1997;235,51;235,51;235,51;235,51;Pkt.;0
29.09.1997;236,70;236,70;236,70;236,70;Pkt.;0
30.09.1997;236,58;236,58;236,58;236,58;Pkt.;0
01.10.1997;237,81;237,81;237,81;237,81;Pkt.;0
02.10.1997;238,36;238,36;238,36;238,36;Pkt.;0
03.10.1997;239,48;239,48;239,48;239,48;Pkt.;0
06.10.1997;240,35;240,35;240,35;240,35;Pkt.;0
07.10.1997;241,27;241,27;241,27;241,27;Pkt.;0
08.10.1997;240,41;240,41;240,41;240,41;Pkt.;0
09.10.1997;238,69;238,69;238,69;238,69;Pkt.;0
10.10.1997;238,02;238,02;238,02;238,02;Pkt.;0
13.10.1997;238,46;238,46;238,46;238,46;Pkt.;0
14.10.1997;238,30;238,30;238,30;238,30;Pkt.;0
15.10.1997;237,71;237,71;237,71;237,71;Pkt.;0
16.10.1997;237,39;237,39;237,39;237,39;Pkt.;0
17.10.1997;234,43;234,43;234,43;234,43;Pkt.;0
20.10.1997;234,43;234,43;234,43;234,43;Pkt.;0
21.10.1997;237,06;237,06;237,06;237,06;Pkt.;0
22.10.1997;236,41;236,41;236,41;236,41;Pkt.;0
23.10.1997;230,32;230,32;230,32;230,32;Pkt.;0
24.10.1997;229,13;229,13;229,13;229,13;Pkt.;0
27.10.1997;218,51;218,51;218,51;218,51;Pkt.;0
28.10.1997;220,06;220,06;220,06;220,06;Pkt.;0
29.10.1997;223,84;223,84;223,84;223,84;Pkt.;0
30.10.1997;220,08;220,08;220,08;220,08;Pkt.;0
31.10.1997;222,17;222,17;222,17;222,17;Pkt.;0
03.11.1997;226,66;226,66;226,66;226,66;Pkt.;0
04.11.1997;226,90;226,90;226,90;226,90;Pkt.;0
05.11.1997;227,15;227,15;227,15;227,15;Pkt.;0
06.11.1997;226,06;226,06;226,06;226,06;Pkt.;0
07.11.1997;221,91;221,91;221,91;221,91;Pkt.;0
10.11.1997;220,68;220,68;220,68;220,68;Pkt.;0
11.11.1997;221,11;221,11;221,11;221,11;Pkt.;0
12.11.1997;216,65;216,65;216,65;216,65;Pkt.;0
13.11.1997;217,86;217,86;217,86;217,86;Pkt.;0
14.11.1997;218,69;218,69;218,69;218,69;Pkt.;0
17.11.1997;224,34;224,34;224,34;224,34;Pkt.;0
18.11.1997;224,26;224,26;224,26;224,26;Pkt.;0
19.11.1997;222,91;222,91;222,91;222,91;Pkt.;0
20.11.1997;225,94;225,94;225,94;225,94;Pkt.;0
21.11.1997;228,46;228,46;228,46;228,46;Pkt.;0
24.11.1997;225,36;225,36;225,36;225,36;Pkt.;0
25.11.1997;223,51;223,51;223,51;223,51;Pkt.;0
26.11.1997;223,78;223,78;223,78;223,78;Pkt.;0
27.11.1997;224,93;224,93;224,93;224,93;Pkt.;0
28.11.1997;225,26;225,26;225,26;225,26;Pkt.;0
01.12.1997;228,64;228,64;228,64;228,64;Pkt.;0
02.12.1997;229,12;229,12;229,12;229,12;Pkt.;0
03.12.1997;229,46;229,46;229,46;229,46;Pkt.;0
04.12.1997;229,51;229,51;229,51;229,51;Pkt.;0
05.12.1997;230,64;230,64;230,64;230,64;Pkt.;0
08.12.1997;230,63;230,63;230,63;230,63;Pkt.;0
09.12.1997;229,96;229,96;229,96;229,96;Pkt.;0
10.12.1997;228,59;228,59;228,59;228,59;Pkt.;0
11.12.1997;224,25;224,25;224,25;224,25;Pkt.;0
12.12.1997;223,73;223,73;223,73;223,73;Pkt.;0
15.12.1997;224,93;224,93;224,93;224,93;Pkt.;0
16.12.1997;226,23;226,23;226,23;226,23;Pkt.;0
17.12.1997;228,47;228,47;228,47;228,47;Pkt.;0
18.12.1997;226,65;226,65;226,65;226,65;Pkt.;0
19.12.1997;222,87;222,87;222,87;222,87;Pkt.;0
22.12.1997;222,50;222,50;222,50;222,50;Pkt.;0
23.12.1997;221,47;221,47;221,47;221,47;Pkt.;0
24.12.1997;220,83;220,83;220,83;220,83;Pkt.;0
25.12.1997;220,83;220,83;220,83;220,83;Pkt.;0
26.12.1997;221,55;221,55;221,55;221,55;Pkt.;0
29.12.1997;225,09;225,09;225,09;225,09;Pkt.;0
30.12.1997;228,09;228,09;228,09;228,09;Pkt.;0
31.12.1997;227,87;227,87;227,87;227,87;Pkt.;0
01.01.1998;227,87;227,87;227,87;227,87;Pkt.;0
02.01.1998;228,39;228,39;228,39;228,39;Pkt.;0
05.01.1998;228,66;228,66;228,66;228,66;Pkt.;0
06.01.1998;226,49;226,49;226,49;226,49;Pkt.;0
07.01.1998;225,82;225,82;225,82;225,82;Pkt.;0
08.01.1998;223,85;223,85;223,85;223,85;Pkt.;0
09.01.1998;218,77;218,77;218,77;218,77;Pkt.;0
12.01.1998;216,91;216,91;216,91;216,91;Pkt.;0
13.01.1998;220,06;220,06;220,06;220,06;Pkt.;0
14.01.1998;222,15;222,15;222,15;222,15;Pkt.;0
15.01.1998;221,18;221,18;221,18;221,18;Pkt.;0
16.01.1998;225,29;225,29;225,29;225,29;Pkt.;0
19.01.1998;226,90;226,90;226,90;226,90;Pkt.;0
20.01.1998;228,81;228,81;228,81;228,81;Pkt.;0
21.01.1998;228,34;228,34;228,34;228,34;Pkt.;0
22.01.1998;227,53;227,53;227,53;227,53;Pkt.;0
23.01.1998;227,65;227,65;227,65;227,65;Pkt.;0
26.01.1998;228,73;228,73;228,73;228,73;Pkt.;0
27.01.1998;230,96;230,96;230,96;230,96;Pkt.;0
28.01.1998;232,46;232,46;232,46;232,46;Pkt.;0
29.01.1998;233,21;233,21;233,21;233,21;Pkt.;0
30.01.1998;232,58;232,58;232,58;232,58;Pkt.;0
02.02.1998;237,26;237,26;237,26;237,26;Pkt.;0
03.02.1998;238,76;238,76;238,76;238,76;Pkt.;0
04.02.1998;239,06;239,06;239,06;239,06;Pkt.;0
05.02.1998;240,30;240,30;240,30;240,30;Pkt.;0
06.02.1998;241,40;241,40;241,40;241,40;Pkt.;0
09.02.1998;240,81;240,81;240,81;240,81;Pkt.;0
10.02.1998;242,21;242,21;242,21;242,21;Pkt.;0
11.02.1998;242,64;242,64;242,64;242,64;Pkt.;0
12.02.1998;242,38;242,38;242,38;242,38;Pkt.;0
13.02.1998;240,51;240,51;240,51;240,51;Pkt.;0
16.02.1998;240,65;240,65;240,65;240,65;Pkt.;0
17.02.1998;241,78;241,78;241,78;241,78;Pkt.;0
18.02.1998;243,30;243,30;243,30;243,30;Pkt.;0
19.02.1998;242,49;242,49;242,49;242,49;Pkt.;0
20.02.1998;243,28;243,28;243,28;243,28;Pkt.;0
23.02.1998;244,55;244,55;244,55;244,55;Pkt.;0
24.02.1998;242,75;242,75;242,75;242,75;Pkt.;0
25.02.1998;245,19;245,19;245,19;245,19;Pkt.;0
26.02.1998;246,93;246,93;246,93;246,93;Pkt.;0
27.02.1998;248,16;248,16;248,16;248,16;Pkt.;0
02.03.1998;249,95;249,95;249,95;249,95;Pkt.;0
03.03.1998;250,04;250,04;250,04;250,04;Pkt.;0
04.03.1998;247,83;247,83;247,83;247,83;Pkt.;0
05.03.1998;244,63;244,63;244,63;244,63;Pkt.;0
06.03.1998;248,63;248,63;248,63;248,63;Pkt.;0
09.03.1998;249,06;249,06;249,06;249,06;Pkt.;0
10.03.1998;250,70;250,70;250,70;250,70;Pkt.;0
11.03.1998;251,00;251,00;251,00;251,00;Pkt.;0
12.03.1998;251,18;251,18;251,18;251,18;Pkt.;0
13.03.1998;253,11;253,11;253,11;253,11;Pkt.;0
16.03.1998;253,76;253,76;253,76;253,76;Pkt.;0
17.03.1998;255,06;255,06;255,06;255,06;Pkt.;0
18.03.1998;254,48;254,48;254,48;254,48;Pkt.;0
19.03.1998;255,61;255,61;255,61;255,61;Pkt.;0
20.03.1998;257,25;257,25;257,25;257,25;Pkt.;0
23.03.1998;257,54;257,54;257,54;257,54;Pkt.;0
24.03.1998;258,99;258,99;258,99;258,99;Pkt.;0
25.03.1998;259,75;259,75;259,75;259,75;Pkt.;0
26.03.1998;259,69;259,69;259,69;259,69;Pkt.;0
27.03.1998;259,22;259,22;259,22;259,22;Pkt.;0
30.03.1998;257,05;257,05;257,05;257,05;Pkt.;0
31.03.1998;258,39;258,39;258,39;258,39;Pkt.;0
01.04.1998;259,51;259,51;259,51;259,51;Pkt.;0
02.04.1998;260,36;260,36;260,36;260,36;Pkt.;0
03.04.1998;260,66;260,66;260,66;260,66;Pkt.;0
06.04.1998;262,11;262,11;262,11;262,11;Pkt.;0
07.04.1998;260,88;260,88;260,88;260,88;Pkt.;0
08.04.1998;260,38;260,38;260,38;260,38;Pkt.;0
09.04.1998;262,95;262,95;262,95;262,95;Pkt.;0
10.04.1998;262,97;262,97;262,97;262,97;Pkt.;0
13.04.1998;262,69;262,69;262,69;262,69;Pkt.;0
14.04.1998;264,73;264,73;264,73;264,73;Pkt.;0
15.04.1998;265,47;265,47;265,47;265,47;Pkt.;0
16.04.1998;261,72;261,72;261,72;261,72;Pkt.;0
17.04.1998;262,96;262,96;262,96;262,96;Pkt.;0
20.04.1998;264,00;264,00;264,00;264,00;Pkt.;0
21.04.1998;264,87;264,87;264,87;264,87;Pkt.;0
22.04.1998;264,78;264,78;264,78;264,78;Pkt.;0
23.04.1998;262,28;262,28;262,28;262,28;Pkt.;0
24.04.1998;260,38;260,38;260,38;260,38;Pkt.;0
27.04.1998;254,51;254,51;254,51;254,51;Pkt.;0
28.04.1998;255,29;255,29;255,29;255,29;Pkt.;0
29.04.1998;256,35;256,35;256,35;256,35;Pkt.;0
30.04.1998;260,45;260,45;260,45;260,45;Pkt.;0
01.05.1998;262,14;262,14;262,14;262,14;Pkt.;0
04.05.1998;263,87;263,87;263,87;263,87;Pkt.;0
05.05.1998;262,64;262,64;262,64;262,64;Pkt.;0
06.05.1998;260,77;260,77;260,77;260,77;Pkt.;0
07.05.1998;258,09;258,09;258,09;258,09;Pkt.;0
08.05.1998;259,89;259,89;259,89;259,89;Pkt.;0
11.05.1998;260,98;260,98;260,98;260,98;Pkt.;0
12.05.1998;260,63;260,63;260,63;260,63;Pkt.;0
13.05.1998;260,69;260,69;260,69;260,69;Pkt.;0
14.05.1998;260,17;260,17;260,17;260,17;Pkt.;0
15.05.1998;258,99;258,99;258,99;258,99;Pkt.;0
18.05.1998;256,24;256,24;256,24;256,24;Pkt.;0
19.05.1998;258,12;258,12;258,12;258,12;Pkt.;0
20.05.1998;260,63;260,63;260,63;260,63;Pkt.;0
21.05.1998;261,34;261,34;261,34;261,34;Pkt.;0
22.05.1998;261,03;261,03;261,03;261,03;Pkt.;0
25.05.1998;260,82;260,82;260,82;260,82;Pkt.;0
26.05.1998;258,72;258,72;258,72;258,72;Pkt.;0
27.05.1998;255,69;255,69;255,69;255,69;Pkt.;0
28.05.1998;255,97;255,97;255,97;255,97;Pkt.;0
29.05.1998;255,14;255,14;255,14;255,14;Pkt.;0
01.06.1998;253,59;253,59;253,59;253,59;Pkt.;0
02.06.1998;254,81;254,81;254,81;254,81;Pkt.;0
03.06.1998;254,55;254,55;254,55;254,55;Pkt.;0
04.06.1998;255,95;255,95;255,95;255,95;Pkt.;0
05.06.1998;258,49;258,49;258,49;258,49;Pkt.;0
08.06.1998;259,38;259,38;259,38;259,38;Pkt.;0
09.06.1998;259,46;259,46;259,46;259,46;Pkt.;0
10.06.1998;256,67;256,67;256,67;256,67;Pkt.;0
11.06.1998;252,44;252,44;252,44;252,44;Pkt.;0
12.06.1998;250,95;250,95;250,95;250,95;Pkt.;0
15.06.1998;245,49;245,49;245,49;245,49;Pkt.;0
16.06.1998;248,01;248,01;248,01;248,01;Pkt.;0
17.06.1998;253,94;253,94;253,94;253,94;Pkt.;0
18.06.1998;254,78;254,78;254,78;254,78;Pkt.;0
19.06.1998;254,28;254,28;254,28;254,28;Pkt.;0
22.06.1998;252,56;252,56;252,56;252,56;Pkt.;0
23.06.1998;254,67;254,67;254,67;254,67;Pkt.;0
24.06.1998;256,59;256,59;256,59;256,59;Pkt.;0
25.06.1998;257,57;257,57;257,57;257,57;Pkt.;0
26.06.1998;257,16;257,16;257,16;257,16;Pkt.;0
29.06.1998;258,71;258,71;258,71;258,71;Pkt.;0
30.06.1998;259,40;259,40;259,40;259,40;Pkt.;0
01.07.1998;262,64;262,64;262,64;262,64;Pkt.;0
02.07.1998;262,35;262,35;262,35;262,35;Pkt.;0
03.07.1998;263,24;263,24;263,24;263,24;Pkt.;0
06.07.1998;264,57;264,57;264,57;264,57;Pkt.;0
07.07.1998;265,16;265,16;265,16;265,16;Pkt.;0
08.07.1998;266,60;266,60;266,60;266,60;Pkt.;0
09.07.1998;264,34;264,34;264,34;264,34;Pkt.;0
10.07.1998;264,23;264,23;264,23;264,23;Pkt.;0
13.07.1998;265,80;265,80;265,80;265,80;Pkt.;0
14.07.1998;269,12;269,12;269,12;269,12;Pkt.;0
15.07.1998;269,36;269,36;269,36;269,36;Pkt.;0
16.07.1998;271,15;271,15;271,15;271,15;Pkt.;0
17.07.1998;272,80;272,80;272,80;272,80;Pkt.;0
20.07.1998;273,57;273,57;273,57;273,57;Pkt.;0
21.07.1998;269,92;269,92;269,92;269,92;Pkt.;0
22.07.1998;267,30;267,30;267,30;267,30;Pkt.;0
23.07.1998;263,62;263,62;263,62;263,62;Pkt.;0
24.07.1998;263,96;263,96;263,96;263,96;Pkt.;0
27.07.1998;262,02;262,02;262,02;262,02;Pkt.;0
28.07.1998;260,40;260,40;260,40;260,40;Pkt.;0
29.07.1998;259,23;259,23;259,23;259,23;Pkt.;0
30.07.1998;262,35;262,35;262,35;262,35;Pkt.;0
31.07.1998;259,12;259,12;259,12;259,12;Pkt.;0
03.08.1998;255,65;255,65;255,65;255,65;Pkt.;0
04.08.1998;250,68;250,68;250,68;250,68;Pkt.;0
05.08.1998;250,36;250,36;250,36;250,36;Pkt.;0
06.08.1998;249,70;249,70;249,70;249,70;Pkt.;0
07.08.1998;250,29;250,29;250,29;250,29;Pkt.;0
10.08.1998;247,23;247,23;247,23;247,23;Pkt.;0
11.08.1998;241,89;241,89;241,89;241,89;Pkt.;0
12.08.1998;245,04;245,04;245,04;245,04;Pkt.;0
13.08.1998;242,75;242,75;242,75;242,75;Pkt.;0
14.08.1998;241,94;241,94;241,94;241,94;Pkt.;0
17.08.1998;243,76;243,76;243,76;243,76;Pkt.;0
18.08.1998;248,45;248,45;248,45;248,45;Pkt.;0
19.08.1998;248,99;248,99;248,99;248,99;Pkt.;0
20.08.1998;247,65;247,65;247,65;247,65;Pkt.;0
21.08.1998;242,16;242,16;242,16;242,16;Pkt.;0
24.08.1998;243,06;243,06;243,06;243,06;Pkt.;0
25.08.1998;244,98;244,98;244,98;244,98;Pkt.;0
26.08.1998;241,29;241,29;241,29;241,29;Pkt.;0
27.08.1998;232,73;232,73;232,73;232,73;Pkt.;0
28.08.1998;230,07;230,07;230,07;230,07;Pkt.;0
31.08.1998;222,45;222,45;222,45;222,45;Pkt.;0
01.09.1998;226,74;226,74;226,74;226,74;Pkt.;0
02.09.1998;228,40;228,40;228,40;228,40;Pkt.;0
03.09.1998;226,92;226,92;226,92;226,92;Pkt.;0
04.09.1998;225,80;225,80;225,80;225,80;Pkt.;0
07.09.1998;229,73;229,73;229,73;229,73;Pkt.;0
08.09.1998;236,16;236,16;236,16;236,16;Pkt.;0
09.09.1998;232,10;232,10;232,10;232,10;Pkt.;0
10.09.1998;227,00;227,00;227,00;227,00;Pkt.;0
11.09.1998;229,33;229,33;229,33;229,33;Pkt.;0
14.09.1998;233,55;233,55;233,55;233,55;Pkt.;0
15.09.1998;234,99;234,99;234,99;234,99;Pkt.;0
16.09.1998;236,08;236,08;236,08;236,08;Pkt.;0
17.09.1998;230,34;230,34;230,34;230,34;Pkt.;0
18.09.1998;228,91;228,91;228,91;228,91;Pkt.;0
21.09.1998;226,32;226,32;226,32;226,32;Pkt.;0
22.09.1998;228,60;228,60;228,60;228,60;Pkt.;0
23.09.1998;234,61;234,61;234,61;234,61;Pkt.;0
24.09.1998;232,61;232,61;232,61;232,61;Pkt.;0
25.09.1998;231,27;231,27;231,27;231,27;Pkt.;0
28.09.1998;232,71;232,71;232,71;232,71;Pkt.;0
29.09.1998;232,83;232,83;232,83;232,83;Pkt.;0
30.09.1998;226,53;226,53;226,53;226,53;Pkt.;0
01.10.1998;219,50;219,50;219,50;219,50;Pkt.;0
02.10.1998;219,46;219,46;219,46;219,46;Pkt.;0
05.10.1998;215,95;215,95;215,95;215,95;Pkt.;0
06.10.1998;218,88;218,88;218,88;218,88;Pkt.;0
07.10.1998;220,81;220,81;220,81;220,81;Pkt.;0
08.10.1998;217,35;217,35;217,35;217,35;Pkt.;0
09.10.1998;221,03;221,03;221,03;221,03;Pkt.;0
12.10.1998;226,71;226,71;226,71;226,71;Pkt.;0
13.10.1998;226,41;226,41;226,41;226,41;Pkt.;0
14.10.1998;228,58;228,58;228,58;228,58;Pkt.;0
15.10.1998;235,12;235,12;235,12;235,12;Pkt.;0
16.10.1998;239,03;239,03;239,03;239,03;Pkt.;0
19.10.1998;239,64;239,64;239,64;239,64;Pkt.;0
20.10.1998;241,76;241,76;241,76;241,76;Pkt.;0
21.10.1998;241,95;241,95;241,95;241,95;Pkt.;0
22.10.1998;242,89;242,89;242,89;242,89;Pkt.;0
23.10.1998;241,99;241,99;241,99;241,99;Pkt.;0
26.10.1998;241,94;241,94;241,94;241,94;Pkt.;0
27.10.1998;242,12;242,12;242,12;242,12;Pkt.;0
28.10.1998;240,95;240,95;240,95;240,95;Pkt.;0
29.10.1998;244,08;244,08;244,08;244,08;Pkt.;0
30.10.1998;246,87;246,87;246,87;246,87;Pkt.;0
02.11.1998;251,73;251,73;251,73;251,73;Pkt.;0
03.11.1998;251,09;251,09;251,09;251,09;Pkt.;0
04.11.1998;254,46;254,46;254,46;254,46;Pkt.;0
05.11.1998;255,28;255,28;255,28;255,28;Pkt.;0
06.11.1998;255,46;255,46;255,46;255,46;Pkt.;0
09.11.1998;251,66;251,66;251,66;251,66;Pkt.;0
10.11.1998;249,97;249,97;249,97;249,97;Pkt.;0
11.11.1998;250,68;250,68;250,68;250,68;Pkt.;0
12.11.1998;248,27;248,27;248,27;248,27;Pkt.;0
13.11.1998;250,17;250,17;250,17;250,17;Pkt.;0
16.11.1998;254,61;254,61;254,61;254,61;Pkt.;0
17.11.1998;254,38;254,38;254,38;254,38;Pkt.;0
18.11.1998;255,30;255,30;255,30;255,30;Pkt.;0
19.11.1998;257,97;257,97;257,97;257,97;Pkt.;0
20.11.1998;261,04;261,04;261,04;261,04;Pkt.;0
23.11.1998;265,10;265,10;265,10;265,10;Pkt.;0
24.11.1998;264,78;264,78;264,78;264,78;Pkt.;0
25.11.1998;264,42;264,42;264,42;264,42;Pkt.;0
26.11.1998;266,18;266,18;266,18;266,18;Pkt.;0
27.11.1998;266,69;266,69;266,69;266,69;Pkt.;0
30.11.1998;261,53;261,53;261,53;261,53;Pkt.;0
01.12.1998;259,91;259,91;259,91;259,91;Pkt.;0
02.12.1998;259,61;259,61;259,61;259,61;Pkt.;0
03.12.1998;257,71;257,71;257,71;257,71;Pkt.;0
04.12.1998;260,75;260,75;260,75;260,75;Pkt.;0
07.12.1998;262,11;262,11;262,11;262,11;Pkt.;0
08.12.1998;262,13;262,13;262,13;262,13;Pkt.;0
09.12.1998;263,54;263,54;263,54;263,54;Pkt.;0
10.12.1998;261,48;261,48;261,48;261,48;Pkt.;0
11.12.1998;259,94;259,94;259,94;259,94;Pkt.;0
14.12.1998;256,58;256,58;256,58;256,58;Pkt.;0
15.12.1998;258,89;258,89;258,89;258,89;Pkt.;0
16.12.1998;259,61;259,61;259,61;259,61;Pkt.;0
17.12.1998;262,65;262,65;262,65;262,65;Pkt.;0
18.12.1998;263,98;263,98;263,98;263,98;Pkt.;0
21.12.1998;267,55;267,55;267,55;267,55;Pkt.;0
22.12.1998;267,09;267,09;267,09;267,09;Pkt.;0
23.12.1998;271,58;271,58;271,58;271,58;Pkt.;0
24.12.1998;270,76;270,76;270,76;270,76;Pkt.;0
25.12.1998;270,98;270,98;270,98;270,98;Pkt.;0
28.12.1998;271,68;271,68;271,68;271,68;Pkt.;0
29.12.1998;274,51;274,51;274,51;274,51;Pkt.;0
30.12.1998;272,90;272,90;272,90;272,90;Pkt.;0
31.12.1998;273,30;273,30;273,30;273,30;Pkt.;0
01.01.1999;273,30;273,30;273,30;273,30;Pkt.;0
04.01.1999;276,12;276,12;276,12;276,12;Pkt.;0
05.01.1999;278,92;278,92;278,92;278,92;Pkt.;0
06.01.1999;284,22;284,22;284,22;284,22;Pkt.;0
07.01.1999;283,46;283,46;283,46;283,46;Pkt.;0
08.01.1999;283,17;283,17;283,17;283,17;Pkt.;0
11.01.1999;280,66;280,66;280,66;280,66;Pkt.;0
12.01.1999;275,83;275,83;275,83;275,83;Pkt.;0
13.01.1999;271,68;271,68;271,68;271,68;Pkt.;0
14.01.1999;269,70;269,70;269,70;269,70;Pkt.;0
15.01.1999;274,00;274,00;274,00;274,00;Pkt.;0
18.01.1999;276,39;276,39;276,39;276,39;Pkt.;0
19.01.1999;277,07;277,07;277,07;277,07;Pkt.;0
20.01.1999;278,79;278,79;278,79;278,79;Pkt.;0
21.01.1999;275,44;275,44;275,44;275,44;Pkt.;0
22.01.1999;271,17;271,17;271,17;271,17;Pkt.;0
25.01.1999;272,30;272,30;272,30;272,30;Pkt.;0
26.01.1999;275,12;275,12;275,12;275,12;Pkt.;0
27.01.1999;274,11;274,11;274,11;274,11;Pkt.;0
28.01.1999;276,50;276,50;276,50;276,50;Pkt.;0
29.01.1999;278,55;278,55;278,55;278,55;Pkt.;0
01.02.1999;279,07;279,07;279,07;279,07;Pkt.;0
02.02.1999;277,96;277,96;277,96;277,96;Pkt.;0
03.02.1999;277,59;277,59;277,59;277,59;Pkt.;0
04.02.1999;274,41;274,41;274,41;274,41;Pkt.;0
05.02.1999;272,47;272,47;272,47;272,47;Pkt.;0
08.02.1999;272,01;272,01;272,01;272,01;Pkt.;0
09.02.1999;267,00;267,00;267,00;267,00;Pkt.;0
10.02.1999;267,24;267,24;267,24;267,24;Pkt.;0
11.02.1999;271,83;271,83;271,83;271,83;Pkt.;0
12.02.1999;270,49;270,49;270,49;270,49;Pkt.;0
15.02.1999;270,48;270,48;270,48;270,48;Pkt.;0
16.02.1999;271,29;271,29;271,29;271,29;Pkt.;0
17.02.1999;268,85;268,85;268,85;268,85;Pkt.;0
18.02.1999;270,01;270,01;270,01;270,01;Pkt.;0
19.02.1999;269,69;269,69;269,69;269,69;Pkt.;0
22.02.1999;274,15;274,15;274,15;274,15;Pkt.;0
23.02.1999;274,89;274,89;274,89;274,89;Pkt.;0
24.02.1999;273,57;273,57;273,57;273,57;Pkt.;0
25.02.1999;272,44;272,44;272,44;272,44;Pkt.;0
26.02.1999;271,21;271,21;271,21;271,21;Pkt.;0
01.03.1999;269,22;269,22;269,22;269,22;Pkt.;0
02.03.1999;267,86;267,86;267,86;267,86;Pkt.;0
03.03.1999;267,25;267,25;267,25;267,25;Pkt.;0
04.03.1999;269,11;269,11;269,11;269,11;Pkt.;0
05.03.1999;275,71;275,71;275,71;275,71;Pkt.;0
08.03.1999;276,74;276,74;276,74;276,74;Pkt.;0
09.03.1999;277,54;277,54;277,54;277,54;Pkt.;0
10.03.1999;279,80;279,80;279,80;279,80;Pkt.;0
11.03.1999;281,56;281,56;281,56;281,56;Pkt.;0
12.03.1999;282,50;282,50;282,50;282,50;Pkt.;0
15.03.1999;284,45;284,45;284,45;284,45;Pkt.;0
16.03.1999;285,17;285,17;285,17;285,17;Pkt.;0
17.03.1999;284,62;284,62;284,62;284,62;Pkt.;0
18.03.1999;285,55;285,55;285,55;285,55;Pkt.;0
19.03.1999;285,57;285,57;285,57;285,57;Pkt.;0
22.03.1999;284,47;284,47;284,47;284,47;Pkt.;0
23.03.1999;278,78;278,78;278,78;278,78;Pkt.;0
24.03.1999;277,98;277,98;277,98;277,98;Pkt.;0
25.03.1999;282,04;282,04;282,04;282,04;Pkt.;0
26.03.1999;279,82;279,82;279,82;279,82;Pkt.;0
29.03.1999;283,93;283,93;283,93;283,93;Pkt.;0
30.03.1999;283,19;283,19;283,19;283,19;Pkt.;0
31.03.1999;283,04;283,04;283,04;283,04;Pkt.;0
01.04.1999;284,77;284,77;284,77;284,77;Pkt.;0
02.04.1999;284,56;284,56;284,56;284,56;Pkt.;0
05.04.1999;287,02;287,02;287,02;287,02;Pkt.;0
06.04.1999;288,78;288,78;288,78;288,78;Pkt.;0
07.04.1999;290,81;290,81;290,81;290,81;Pkt.;0
08.04.1999;294,13;294,13;294,13;294,13;Pkt.;0
09.04.1999;294,47;294,47;294,47;294,47;Pkt.;0
12.04.1999;295,59;295,59;295,59;295,59;Pkt.;0
13.04.1999;295,72;295,72;295,72;295,72;Pkt.;0
14.04.1999;294,01;294,01;294,01;294,01;Pkt.;0
15.04.1999;292,03;292,03;292,03;292,03;Pkt.;0
16.04.1999;291,97;291,97;291,97;291,97;Pkt.;0
19.04.1999;289,50;289,50;289,50;289,50;Pkt.;0
20.04.1999;289,14;289,14;289,14;289,14;Pkt.;0
21.04.1999;291,94;291,94;291,94;291,94;Pkt.;0
22.04.1999;295,31;295,31;295,31;295,31;Pkt.;0
23.04.1999;296,01;296,01;296,01;296,01;Pkt.;0
26.04.1999;297,06;297,06;297,06;297,06;Pkt.;0
27.04.1999;299,05;299,05;299,05;299,05;Pkt.;0
28.04.1999;297,53;297,53;297,53;297,53;Pkt.;0
29.04.1999;295,67;295,67;295,67;295,67;Pkt.;0
30.04.1999;294,92;294,92;294,92;294,92;Pkt.;0
03.05.1999;297,32;297,32;297,32;297,32;Pkt.;0
04.05.1999;295,25;295,25;295,25;295,25;Pkt.;0
05.05.1999;296,24;296,24;296,24;296,24;Pkt.;0
06.05.1999;296,54;296,54;296,54;296,54;Pkt.;0
07.05.1999;296,75;296,75;296,75;296,75;Pkt.;0
10.05.1999;296,74;296,74;296,74;296,74;Pkt.;0
11.05.1999;297,31;297,31;297,31;297,31;Pkt.;0
12.05.1999;297,13;297,13;297,13;297,13;Pkt.;0
13.05.1999;297,61;297,61;297,61;297,61;Pkt.;0
14.05.1999;292,81;292,81;292,81;292,81;Pkt.;0
17.05.1999;290,29;290,29;290,29;290,29;Pkt.;0
18.05.1999;290,72;290,72;290,72;290,72;Pkt.;0
19.05.1999;291,82;291,82;291,82;291,82;Pkt.;0
20.05.1999;291,89;291,89;291,89;291,89;Pkt.;0
21.05.1999;290,33;290,33;290,33;290,33;Pkt.;0
24.05.1999;287,40;287,40;287,40;287,40;Pkt.;0
25.05.1999;283,84;283,84;283,84;283,84;Pkt.;0
26.05.1999;285,41;285,41;285,41;285,41;Pkt.;0
27.05.1999;281,59;281,59;281,59;281,59;Pkt.;0
28.05.1999;283,97;283,97;283,97;283,97;Pkt.;0
31.05.1999;284,11;284,11;284,11;284,11;Pkt.;0
01.06.1999;284,21;284,21;284,21;284,21;Pkt.;0
02.06.1999;284,69;284,69;284,69;284,69;Pkt.;0
03.06.1999;285,58;285,58;285,58;285,58;Pkt.;0
04.06.1999;289,34;289,34;289,34;289,34;Pkt.;0
07.06.1999;291,44;291,44;291,44;291,44;Pkt.;0
08.06.1999;291,17;291,17;291,17;291,17;Pkt.;0
09.06.1999;291,88;291,88;291,88;291,88;Pkt.;0
10.06.1999;290,32;290,32;290,32;290,32;Pkt.;0
11.06.1999;290,75;290,75;290,75;290,75;Pkt.;0
14.06.1999;288,98;288,98;288,98;288,98;Pkt.;0
15.06.1999;289,86;289,86;289,86;289,86;Pkt.;0
16.06.1999;293,59;293,59;293,59;293,59;Pkt.;0
17.06.1999;295,79;295,79;295,79;295,79;Pkt.;0
18.06.1999;296,64;296,64;296,64;296,64;Pkt.;0
21.06.1999;298,15;298,15;298,15;298,15;Pkt.;0
22.06.1999;296,63;296,63;296,63;296,63;Pkt.;0
23.06.1999;294,54;294,54;294,54;294,54;Pkt.;0
24.06.1999;291,88;291,88;291,88;291,88;Pkt.;0
25.06.1999;292,43;292,43;292,43;292,43;Pkt.;0
28.06.1999;294,16;294,16;294,16;294,16;Pkt.;0
29.06.1999;296,36;296,36;296,36;296,36;Pkt.;0
30.06.1999;297,89;297,89;297,89;297,89;Pkt.;0
01.07.1999;301,53;301,53;301,53;301,53;Pkt.;0
02.07.1999;303,77;303,77;303,77;303,77;Pkt.;0
05.07.1999;305,98;305,98;305,98;305,98;Pkt.;0
06.07.1999;305,12;305,12;305,12;305,12;Pkt.;0
07.07.1999;304,58;304,58;304,58;304,58;Pkt.;0
08.07.1999;303,52;303,52;303,52;303,52;Pkt.;0
09.07.1999;304,57;304,57;304,57;304,57;Pkt.;0
12.07.1999;304,18;304,18;304,18;304,18;Pkt.;0
13.07.1999;302,67;302,67;302,67;302,67;Pkt.;0
14.07.1999;304,13;304,13;304,13;304,13;Pkt.;0
15.07.1999;307,26;307,26;307,26;307,26;Pkt.;0
16.07.1999;307,41;307,41;307,41;307,41;Pkt.;0
19.07.1999;306,50;306,50;306,50;306,50;Pkt.;0
20.07.1999;302,94;302,94;302,94;302,94;Pkt.;0
21.07.1999;302,35;302,35;302,35;302,35;Pkt.;0
22.07.1999;298,97;298,97;298,97;298,97;Pkt.;0
23.07.1999;296,47;296,47;296,47;296,47;Pkt.;0
26.07.1999;295,44;295,44;295,44;295,44;Pkt.;0
27.07.1999;297,47;297,47;297,47;297,47;Pkt.;0
28.07.1999;298,75;298,75;298,75;298,75;Pkt.;0
29.07.1999;295,70;295,70;295,70;295,70;Pkt.;0
30.07.1999;296,31;296,31;296,31;296,31;Pkt.;0
02.08.1999;295,38;295,38;295,38;295,38;Pkt.;0
03.08.1999;294,77;294,77;294,77;294,77;Pkt.;0
04.08.1999;293,00;293,00;293,00;293,00;Pkt.;0
05.08.1999;291,41;291,41;291,41;291,41;Pkt.;0
06.08.1999;289,25;289,25;289,25;289,25;Pkt.;0
09.08.1999;288,63;288,63;288,63;288,63;Pkt.;0
10.08.1999;285,87;285,87;285,87;285,87;Pkt.;0
11.08.1999;287,72;287,72;287,72;287,72;Pkt.;0
12.08.1999;289,58;289,58;289,58;289,58;Pkt.;0
13.08.1999;293,64;293,64;293,64;293,64;Pkt.;0
16.08.1999;295,59;295,59;295,59;295,59;Pkt.;0
17.08.1999;296,67;296,67;296,67;296,67;Pkt.;0
18.08.1999;296,19;296,19;296,19;296,19;Pkt.;0
19.08.1999;295,05;295,05;295,05;295,05;Pkt.;0
20.08.1999;298,56;298,56;298,56;298,56;Pkt.;0
23.08.1999;302,81;302,81;302,81;302,81;Pkt.;0
24.08.1999;302,56;302,56;302,56;302,56;Pkt.;0
25.08.1999;304,91;304,91;304,91;304,91;Pkt.;0
26.08.1999;301,96;301,96;301,96;301,96;Pkt.;0
27.08.1999;300,53;300,53;300,53;300,53;Pkt.;0
30.08.1999;298,29;298,29;298,29;298,29;Pkt.;0
31.08.1999;295,60;295,60;295,60;295,60;Pkt.;0
01.09.1999;298,67;298,67;298,67;298,67;Pkt.;0
02.09.1999;296,88;296,88;296,88;296,88;Pkt.;0
03.09.1999;302,04;302,04;302,04;302,04;Pkt.;0
06.09.1999;303,39;303,39;303,39;303,39;Pkt.;0
07.09.1999;301,71;301,71;301,71;301,71;Pkt.;0
08.09.1999;300,76;300,76;300,76;300,76;Pkt.;0
09.09.1999;302,96;302,96;302,96;302,96;Pkt.;0
10.09.1999;303,04;303,04;303,04;303,04;Pkt.;0
13.09.1999;302,20;302,20;302,20;302,20;Pkt.;0
14.09.1999;301,03;301,03;301,03;301,03;Pkt.;0
15.09.1999;298,44;298,44;298,44;298,44;Pkt.;0
16.09.1999;296,75;296,75;296,75;296,75;Pkt.;0
17.09.1999;298,20;298,20;298,20;298,20;Pkt.;0
20.09.1999;299,22;299,22;299,22;299,22;Pkt.;0
21.09.1999;296,65;296,65;296,65;296,65;Pkt.;0
22.09.1999;295,29;295,29;295,29;295,29;Pkt.;0
23.09.1999;292,07;292,07;292,07;292,07;Pkt.;0
24.09.1999;289,70;289,70;289,70;289,70;Pkt.;0
27.09.1999;290,42;290,42;290,42;290,42;Pkt.;0
28.09.1999;290,91;290,91;290,91;290,91;Pkt.;0
29.09.1999;289,14;289,14;289,14;289,14;Pkt.;0
30.09.1999;292,06;292,06;292,06;292,06;Pkt.;0
01.10.1999;292,41;292,41;292,41;292,41;Pkt.;0
04.10.1999;295,51;295,51;295,51;295,51;Pkt.;0
05.10.1999;295,41;295,41;295,41;295,41;Pkt.;0
06.10.1999;298,68;298,68;298,68;298,68;Pkt.;0
07.10.1999;299,48;299,48;299,48;299,48;Pkt.;0
08.10.1999;300,94;300,94;300,94;300,94;Pkt.;0
11.10.1999;301,44;301,44;301,44;301,44;Pkt.;0
12.10.1999;298,88;298,88;298,88;298,88;Pkt.;0
13.10.1999;293,98;293,98;293,98;293,98;Pkt.;0
14.10.1999;294,07;294,07;294,07;294,07;Pkt.;0
15.10.1999;288,62;288,62;288,62;288,62;Pkt.;0
18.10.1999;287,00;287,00;287,00;287,00;Pkt.;0
19.10.1999;289,53;289,53;289,53;289,53;Pkt.;0
20.10.1999;293,32;293,32;293,32;293,32;Pkt.;0
21.10.1999;292,63;292,63;292,63;292,63;Pkt.;0
22.10.1999;295,76;295,76;295,76;295,76;Pkt.;0
25.10.1999;294,91;294,91;294,91;294,91;Pkt.;0
26.10.1999;294,31;294,31;294,31;294,31;Pkt.;0
27.10.1999;294,70;294,70;294,70;294,70;Pkt.;0
28.10.1999;300,96;300,96;300,96;300,96;Pkt.;0
29.10.1999;306,50;306,50;306,50;306,50;Pkt.;0
01.11.1999;305,62;305,62;305,62;305,62;Pkt.;0
02.11.1999;305,11;305,11;305,11;305,11;Pkt.;0
03.11.1999;306,02;306,02;306,02;306,02;Pkt.;0
04.11.1999;308,31;308,31;308,31;308,31;Pkt.;0
05.11.1999;308,60;308,60;308,60;308,60;Pkt.;0
08.11.1999;309,04;309,04;309,04;309,04;Pkt.;0
09.11.1999;308,70;308,70;308,70;308,70;Pkt.;0
10.11.1999;310,94;310,94;310,94;310,94;Pkt.;0
11.11.1999;312,74;312,74;312,74;312,74;Pkt.;0
12.11.1999;313,74;313,74;313,74;313,74;Pkt.;0
15.11.1999;314,30;314,30;314,30;314,30;Pkt.;0
16.11.1999;317,22;317,22;317,22;317,22;Pkt.;0
17.11.1999;317,15;317,15;317,15;317,15;Pkt.;0
18.11.1999;319,66;319,66;319,66;319,66;Pkt.;0
19.11.1999;319,59;319,59;319,59;319,59;Pkt.;0
22.11.1999;319,69;319,69;319,69;319,69;Pkt.;0
23.11.1999;318,77;318,77;318,77;318,77;Pkt.;0
24.11.1999;318,93;318,93;318,93;318,93;Pkt.;0
25.11.1999;320,52;320,52;320,52;320,52;Pkt.;0
26.11.1999;321,58;321,58;321,58;321,58;Pkt.;0
29.11.1999;320,34;320,34;320,34;320,34;Pkt.;0
30.11.1999;315,68;315,68;315,68;315,68;Pkt.;0
01.12.1999;317,78;317,78;317,78;317,78;Pkt.;0
02.12.1999;319,24;319,24;319,24;319,24;Pkt.;0
03.12.1999;324,06;324,06;324,06;324,06;Pkt.;0
06.12.1999;325,20;325,20;325,20;325,20;Pkt.;0
07.12.1999;324,79;324,79;324,79;324,79;Pkt.;0
08.12.1999;323,66;323,66;323,66;323,66;Pkt.;0
09.12.1999;324,66;324,66;324,66;324,66;Pkt.;0
10.12.1999;325,83;325,83;325,83;325,83;Pkt.;0
13.12.1999;325,49;325,49;325,49;325,49;Pkt.;0
14.12.1999;323,32;323,32;323,32;323,32;Pkt.;0
15.12.1999;323,50;323,50;323,50;323,50;Pkt.;0
16.12.1999;326,09;326,09;326,09;326,09;Pkt.;0
17.12.1999;327,11;327,11;327,11;327,11;Pkt.;0
20.12.1999;328,12;328,12;328,12;328,12;Pkt.;0
21.12.1999;329,28;329,28;329,28;329,28;Pkt.;0
22.12.1999;331,75;331,75;331,75;331,75;Pkt.;0
23.12.1999;336,39;336,39;336,39;336,39;Pkt.;0
24.12.1999;337,35;337,35;337,35;337,35;Pkt.;0
27.12.1999;336,79;336,79;336,79;336,79;Pkt.;0
28.12.1999;337,94;337,94;337,94;337,94;Pkt.;0
29.12.1999;339,47;339,47;339,47;339,47;Pkt.;0
30.12.1999;341,16;341,16;341,16;341,16;Pkt.;0
31.12.1999;341,63;341,63;341,63;341,63;Pkt.;0
03.01.2000;342,16;342,16;342,16;342,16;Pkt.;0
04.01.2000;332,29;332,29;332,29;332,29;Pkt.;0
05.01.2000;327,68;327,68;327,68;327,68;Pkt.;0
06.01.2000;323,97;323,97;323,97;323,97;Pkt.;0
07.01.2000;331,45;331,45;331,45;331,45;Pkt.;0
10.01.2000;335,44;335,44;335,44;335,44;Pkt.;0
11.01.2000;334,05;334,05;334,05;334,05;Pkt.;0
12.01.2000;332,23;332,23;332,23;332,23;Pkt.;0
13.01.2000;335,31;335,31;335,31;335,31;Pkt.;0
14.01.2000;338,27;338,27;338,27;338,27;Pkt.;0
17.01.2000;339,99;339,99;339,99;339,99;Pkt.;0
18.01.2000;336,12;336,12;336,12;336,12;Pkt.;0
19.01.2000;334,49;334,49;334,49;334,49;Pkt.;0
20.01.2000;333,23;333,23;333,23;333,23;Pkt.;0
21.01.2000;332,14;332,14;332,14;332,14;Pkt.;0
24.01.2000;327,72;327,72;327,72;327,72;Pkt.;0
25.01.2000;326,45;326,45;326,45;326,45;Pkt.;0
26.01.2000;327,10;327,10;327,10;327,10;Pkt.;0
27.01.2000;327,53;327,53;327,53;327,53;Pkt.;0
28.01.2000;322,24;322,24;322,24;322,24;Pkt.;0
31.01.2000;322,83;322,83;322,83;322,83;Pkt.;0
01.02.2000;325,39;325,39;325,39;325,39;Pkt.;0
02.02.2000;327,25;327,25;327,25;327,25;Pkt.;0
03.02.2000;332,72;332,72;332,72;332,72;Pkt.;0
04.02.2000;333,42;333,42;333,42;333,42;Pkt.;0
07.02.2000;332,28;332,28;332,28;332,28;Pkt.;0
08.02.2000;336,31;336,31;336,31;336,31;Pkt.;0
09.02.2000;333,98;333,98;333,98;333,98;Pkt.;0
10.02.2000;333,70;333,70;333,70;333,70;Pkt.;0
11.02.2000;330,29;330,29;330,29;330,29;Pkt.;0
14.02.2000;328,82;328,82;328,82;328,82;Pkt.;0
15.02.2000;327,35;327,35;327,35;327,35;Pkt.;0
16.02.2000;326,59;326,59;326,59;326,59;Pkt.;0
17.02.2000;328,23;328,23;328,23;328,23;Pkt.;0
18.02.2000;322,71;322,71;322,71;322,71;Pkt.;0
21.02.2000;320,30;320,30;320,30;320,30;Pkt.;0
22.02.2000;321,59;321,59;321,59;321,59;Pkt.;0
23.02.2000;324,34;324,34;324,34;324,34;Pkt.;0
24.02.2000;323,44;323,44;323,44;323,44;Pkt.;0
25.02.2000;321,92;321,92;321,92;321,92;Pkt.;0
28.02.2000;321,24;321,24;321,24;321,24;Pkt.;0
29.02.2000;323,59;323,59;323,59;323,59;Pkt.;0
01.03.2000;328,22;328,22;328,22;328,22;Pkt.;0
02.03.2000;331,14;331,14;331,14;331,14;Pkt.;0
03.03.2000;334,15;334,15;334,15;334,15;Pkt.;0
06.03.2000;332,28;332,28;332,28;332,28;Pkt.;0
07.03.2000;327,82;327,82;327,82;327,82;Pkt.;0
08.03.2000;327,46;327,46;327,46;327,46;Pkt.;0
09.03.2000;332,37;332,37;332,37;332,37;Pkt.;0
10.03.2000;331,89;331,89;331,89;331,89;Pkt.;0
13.03.2000;326,73;326,73;326,73;326,73;Pkt.;0
14.03.2000;324,12;324,12;324,12;324,12;Pkt.;0
15.03.2000;325,30;325,30;325,30;325,30;Pkt.;0
16.03.2000;335,45;335,45;335,45;335,45;Pkt.;0
17.03.2000;337,10;337,10;337,10;337,10;Pkt.;0
20.03.2000;337,61;337,61;337,61;337,61;Pkt.;0
21.03.2000;342,21;342,21;342,21;342,21;Pkt.;0
22.03.2000;342,20;342,20;342,20;342,20;Pkt.;0
23.03.2000;345,86;345,86;345,86;345,86;Pkt.;0
24.03.2000;348,67;348,67;348,67;348,67;Pkt.;0
27.03.2000;349,04;349,04;349,04;349,04;Pkt.;0
28.03.2000;348,22;348,22;348,22;348,22;Pkt.;0
29.03.2000;347,68;347,68;347,68;347,68;Pkt.;0
30.03.2000;341,79;341,79;341,79;341,79;Pkt.;0
31.03.2000;344,50;344,50;344,50;344,50;Pkt.;0
03.04.2000;343,19;343,19;343,19;343,19;Pkt.;0
04.04.2000;341,58;341,58;341,58;341,58;Pkt.;0
05.04.2000;339,21;339,21;339,21;339,21;Pkt.;0
06.04.2000;341,67;341,67;341,67;341,67;Pkt.;0
07.04.2000;344,69;344,69;344,69;344,69;Pkt.;0
10.04.2000;344,15;344,15;344,15;344,15;Pkt.;0
11.04.2000;341,23;341,23;341,23;341,23;Pkt.;0
12.04.2000;337,38;337,38;337,38;337,38;Pkt.;0
13.04.2000;332,86;332,86;332,86;332,86;Pkt.;0
14.04.2000;319,98;319,98;319,98;319,98;Pkt.;0
17.04.2000;319,94;319,94;319,94;319,94;Pkt.;0
18.04.2000;326,54;326,54;326,54;326,54;Pkt.;0
19.04.2000;325,52;325,52;325,52;325,52;Pkt.;0
20.04.2000;326,98;326,98;326,98;326,98;Pkt.;0
21.04.2000;326,92;326,92;326,92;326,92;Pkt.;0
24.04.2000;326,83;326,83;326,83;326,83;Pkt.;0
25.04.2000;331,77;331,77;331,77;331,77;Pkt.;0
26.04.2000;330,70;330,70;330,70;330,70;Pkt.;0
27.04.2000;328,43;328,43;328,43;328,43;Pkt.;0
28.04.2000;328,68;328,68;328,68;328,68;Pkt.;0
01.05.2000;330,83;330,83;330,83;330,83;Pkt.;0
02.05.2000;330,53;330,53;330,53;330,53;Pkt.;0
03.05.2000;323,38;323,38;323,38;323,38;Pkt.;0
04.05.2000;322,70;322,70;322,70;322,70;Pkt.;0
05.05.2000;325,27;325,27;325,27;325,27;Pkt.;0
08.05.2000;323,39;323,39;323,39;323,39;Pkt.;0
09.05.2000;320,48;320,48;320,48;320,48;Pkt.;0
10.05.2000;316,00;316,00;316,00;316,00;Pkt.;0
11.05.2000;318,34;318,34;318,34;318,34;Pkt.;0
12.05.2000;322,21;322,21;322,21;322,21;Pkt.;0
15.05.2000;324,02;324,02;324,02;324,02;Pkt.;0
16.05.2000;328,28;328,28;328,28;328,28;Pkt.;0
17.05.2000;322,59;322,59;322,59;322,59;Pkt.;0
18.05.2000;321,21;321,21;321,21;321,21;Pkt.;0
19.05.2000;315,09;315,09;315,09;315,09;Pkt.;0
22.05.2000;311,93;311,93;311,93;311,93;Pkt.;0
23.05.2000;310,08;310,08;310,08;310,08;Pkt.;0
24.05.2000;311,23;311,23;311,23;311,23;Pkt.;0
25.05.2000;311,49;311,49;311,49;311,49;Pkt.;0
26.05.2000;311,74;311,74;311,74;311,74;Pkt.;0
29.05.2000;313,14;313,14;313,14;313,14;Pkt.;0
30.05.2000;320,41;320,41;320,41;320,41;Pkt.;0
31.05.2000;319,78;319,78;319,78;319,78;Pkt.;0
01.06.2000;324,91;324,91;324,91;324,91;Pkt.;0
02.06.2000;333,16;333,16;333,16;333,16;Pkt.;0
05.06.2000;332,92;332,92;332,92;332,92;Pkt.;0
06.06.2000;333,16;333,16;333,16;333,16;Pkt.;0
07.06.2000;333,57;333,57;333,57;333,57;Pkt.;0
08.06.2000;332,05;332,05;332,05;332,05;Pkt.;0
09.06.2000;330,96;330,96;330,96;330,96;Pkt.;0
12.06.2000;330,28;330,28;330,28;330,28;Pkt.;0
13.06.2000;332,46;332,46;332,46;332,46;Pkt.;0
14.06.2000;333,21;333,21;333,21;333,21;Pkt.;0
15.06.2000;331,87;331,87;331,87;331,87;Pkt.;0
16.06.2000;330,77;330,77;330,77;330,77;Pkt.;0
19.06.2000;333,49;333,49;333,49;333,49;Pkt.;0
20.06.2000;333,96;333,96;333,96;333,96;Pkt.;0
21.06.2000;333,11;333,11;333,11;333,11;Pkt.;0
22.06.2000;329,43;329,43;329,43;329,43;Pkt.;0
23.06.2000;327,23;327,23;327,23;327,23;Pkt.;0
26.06.2000;327,73;327,73;327,73;327,73;Pkt.;0
27.06.2000;328,21;328,21;328,21;328,21;Pkt.;0
28.06.2000;329,83;329,83;329,83;329,83;Pkt.;0
29.06.2000;327,45;327,45;327,45;327,45;Pkt.;0
30.06.2000;330,21;330,21;330,21;330,21;Pkt.;0
03.07.2000;332,90;332,90;332,90;332,90;Pkt.;0
04.07.2000;332,75;332,75;332,75;332,75;Pkt.;0
05.07.2000;330,17;330,17;330,17;330,17;Pkt.;0
06.07.2000;330,65;330,65;330,65;330,65;Pkt.;0
07.07.2000;334,23;334,23;334,23;334,23;Pkt.;0
10.07.2000;334,70;334,70;334,70;334,70;Pkt.;0
11.07.2000;334,57;334,57;334,57;334,57;Pkt.;0
12.07.2000;335,63;335,63;335,63;335,63;Pkt.;0
13.07.2000;334,65;334,65;334,65;334,65;Pkt.;0
14.07.2000;336,66;336,66;336,66;336,66;Pkt.;0
17.07.2000;337,00;337,00;337,00;337,00;Pkt.;0
18.07.2000;333,03;333,03;333,03;333,03;Pkt.;0
19.07.2000;330,97;330,97;330,97;330,97;Pkt.;0
20.07.2000;333,19;333,19;333,19;333,19;Pkt.;0
21.07.2000;330,09;330,09;330,09;330,09;Pkt.;0
24.07.2000;327,88;327,88;327,88;327,88;Pkt.;0
25.07.2000;328,84;328,84;328,84;328,84;Pkt.;0
26.07.2000;326,56;326,56;326,56;326,56;Pkt.;0
27.07.2000;324,07;324,07;324,07;324,07;Pkt.;0
28.07.2000;318,25;318,25;318,25;318,25;Pkt.;0
31.07.2000;320,16;320,16;320,16;320,16;Pkt.;0
01.08.2000;321,56;321,56;321,56;321,56;Pkt.;0
02.08.2000;321,05;321,05;321,05;321,05;Pkt.;0
03.08.2000;319,92;319,92;319,92;319,92;Pkt.;0
04.08.2000;322,52;322,52;322,52;322,52;Pkt.;0
07.08.2000;324,48;324,48;324,48;324,48;Pkt.;0
08.08.2000;324,26;324,26;324,26;324,26;Pkt.;0
09.08.2000;324,43;324,43;324,43;324,43;Pkt.;0
10.08.2000;323,91;323,91;323,91;323,91;Pkt.;0
11.08.2000;324,81;324,81;324,81;324,81;Pkt.;0
14.08.2000;327,53;327,53;327,53;327,53;Pkt.;0
15.08.2000;327,95;327,95;327,95;327,95;Pkt.;0
16.08.2000;328,22;328,22;328,22;328,22;Pkt.;0
17.08.2000;328,98;328,98;328,98;328,98;Pkt.;0
18.08.2000;327,96;327,96;327,96;327,96;Pkt.;0
21.08.2000;327,95;327,95;327,95;327,95;Pkt.;0
22.08.2000;328,08;328,08;328,08;328,08;Pkt.;0
23.08.2000;328,74;328,74;328,74;328,74;Pkt.;0
24.08.2000;329,66;329,66;329,66;329,66;Pkt.;0
25.08.2000;330,71;330,71;330,71;330,71;Pkt.;0
28.08.2000;331,72;331,72;331,72;331,72;Pkt.;0
29.08.2000;330,68;330,68;330,68;330,68;Pkt.;0
30.08.2000;328,63;328,63;328,63;328,63;Pkt.;0
31.08.2000;329,76;329,76;329,76;329,76;Pkt.;0
01.09.2000;333,22;333,22;333,22;333,22;Pkt.;0
04.09.2000;334,13;334,13;334,13;334,13;Pkt.;0
05.09.2000;330,02;330,02;330,02;330,02;Pkt.;0
06.09.2000;326,31;326,31;326,31;326,31;Pkt.;0
07.09.2000;326,40;326,40;326,40;326,40;Pkt.;0
08.09.2000;323,68;323,68;323,68;323,68;Pkt.;0
11.09.2000;321,53;321,53;321,53;321,53;Pkt.;0
12.09.2000;319,42;319,42;319,42;319,42;Pkt.;0
13.09.2000;319,29;319,29;319,29;319,29;Pkt.;0
14.09.2000;319,37;319,37;319,37;319,37;Pkt.;0
15.09.2000;316,88;316,88;316,88;316,88;Pkt.;0
18.09.2000;312,12;312,12;312,12;312,12;Pkt.;0
19.09.2000;313,91;313,91;313,91;313,91;Pkt.;0
20.09.2000;312,29;312,29;312,29;312,29;Pkt.;0
21.09.2000;310,88;310,88;310,88;310,88;Pkt.;0
22.09.2000;311,92;311,92;311,92;311,92;Pkt.;0
25.09.2000;311,96;311,96;311,96;311,96;Pkt.;0
26.09.2000;310,05;310,05;310,05;310,05;Pkt.;0
27.09.2000;309,55;309,55;309,55;309,55;Pkt.;0
28.09.2000;312,92;312,92;312,92;312,92;Pkt.;0
29.09.2000;311,31;311,31;311,31;311,31;Pkt.;0
02.10.2000;311,54;311,54;311,54;311,54;Pkt.;0
03.10.2000;310,57;310,57;310,57;310,57;Pkt.;0
04.10.2000;310,83;310,83;310,83;310,83;Pkt.;0
05.10.2000;311,27;311,27;311,27;311,27;Pkt.;0
06.10.2000;307,63;307,63;307,63;307,63;Pkt.;0
09.10.2000;304,41;304,41;304,41;304,41;Pkt.;0
10.10.2000;302,72;302,72;302,72;302,72;Pkt.;0
11.10.2000;297,33;297,33;297,33;297,33;Pkt.;0
12.10.2000;292,34;292,34;292,34;292,34;Pkt.;0
13.10.2000;297,06;297,06;297,06;297,06;Pkt.;0
16.10.2000;296,73;296,73;296,73;296,73;Pkt.;0
17.10.2000;292,46;292,46;292,46;292,46;Pkt.;0
18.10.2000;289,69;289,69;289,69;289,69;Pkt.;0
19.10.2000;296,05;296,05;296,05;296,05;Pkt.;0
20.10.2000;298,24;298,24;298,24;298,24;Pkt.;0
23.10.2000;298,70;298,70;298,70;298,70;Pkt.;0
24.10.2000;300,96;300,96;300,96;300,96;Pkt.;0
25.10.2000;295,51;295,51;295,51;295,51;Pkt.;0
26.10.2000;294,83;294,83;294,83;294,83;Pkt.;0
27.10.2000;298,44;298,44;298,44;298,44;Pkt.;0
30.10.2000;300,08;300,08;300,08;300,08;Pkt.;0
31.10.2000;304,90;304,90;304,90;304,90;Pkt.;0
01.11.2000;306,50;306,50;306,50;306,50;Pkt.;0
02.11.2000;307,82;307,82;307,82;307,82;Pkt.;0
03.11.2000;308,47;308,47;308,47;308,47;Pkt.;0
06.11.2000;309,46;309,46;309,46;309,46;Pkt.;0
07.11.2000;309,33;309,33;309,33;309,33;Pkt.;0
08.11.2000;306,01;306,01;306,01;306,01;Pkt.;0
09.11.2000;303,62;303,62;303,62;303,62;Pkt.;0
10.11.2000;298,50;298,50;298,50;298,50;Pkt.;0
13.11.2000;294,15;294,15;294,15;294,15;Pkt.;0
14.11.2000;299,67;299,67;299,67;299,67;Pkt.;0
15.11.2000;300,95;300,95;300,95;300,95;Pkt.;0
16.11.2000;297,22;297,22;297,22;297,22;Pkt.;0
17.11.2000;296,08;296,08;296,08;296,08;Pkt.;0
20.11.2000;290,79;290,79;290,79;290,79;Pkt.;0
21.11.2000;290,84;290,84;290,84;290,84;Pkt.;0
22.11.2000;285,22;285,22;285,22;285,22;Pkt.;0
23.11.2000;285,56;285,56;285,56;285,56;Pkt.;0
24.11.2000;288,86;288,86;288,86;288,86;Pkt.;0
27.11.2000;291,95;291,95;291,95;291,95;Pkt.;0
28.11.2000;289,45;289,45;289,45;289,45;Pkt.;0
29.11.2000;289,48;289,48;289,48;289,48;Pkt.;0
30.11.2000;285,68;285,68;285,68;285,68;Pkt.;0
01.12.2000;287,50;287,50;287,50;287,50;Pkt.;0
04.12.2000;288,72;288,72;288,72;288,72;Pkt.;0
05.12.2000;296,39;296,39;296,39;296,39;Pkt.;0
06.12.2000;293,96;293,96;293,96;293,96;Pkt.;0
07.12.2000;292,62;292,62;292,62;292,62;Pkt.;0
08.12.2000;296,19;296,19;296,19;296,19;Pkt.;0
11.12.2000;299,43;299,43;299,43;299,43;Pkt.;0
12.12.2000;298,03;298,03;298,03;298,03;Pkt.;0
13.12.2000;296,16;296,16;296,16;296,16;Pkt.;0
14.12.2000;293,36;293,36;293,36;293,36;Pkt.;0
15.12.2000;288,22;288,22;288,22;288,22;Pkt.;0
18.12.2000;289,48;289,48;289,48;289,48;Pkt.;0
19.12.2000;287,28;287,28;287,28;287,28;Pkt.;0
20.12.2000;280,34;280,34;280,34;280,34;Pkt.;0
21.12.2000;280,42;280,42;280,42;280,42;Pkt.;0
22.12.2000;284,73;284,73;284,73;284,73;Pkt.;0
25.12.2000;285,63;285,63;285,63;285,63;Pkt.;0
26.12.2000;286,68;286,68;286,68;286,68;Pkt.;0
27.12.2000;289,47;289,47;289,47;289,47;Pkt.;0
28.12.2000;290,27;290,27;290,27;290,27;Pkt.;0
29.12.2000;290,11;290,11;290,11;290,11;Pkt.;0
01.01.2001;290,10;290,10;290,10;290,10;Pkt.;0
02.01.2001;285,72;285,72;285,72;285,72;Pkt.;0
03.01.2001;291,60;291,60;291,60;291,60;Pkt.;0
04.01.2001;292,04;292,04;292,04;292,04;Pkt.;0
05.01.2001;288,54;288,54;288,54;288,54;Pkt.;0
08.01.2001;287,49;287,49;287,49;287,49;Pkt.;0
09.01.2001;286,18;286,18;286,18;286,18;Pkt.;0
10.01.2001;286,55;286,55;286,55;286,55;Pkt.;0
11.01.2001;289,01;289,01;289,01;289,01;Pkt.;0
12.01.2001;288,87;288,87;288,87;288,87;Pkt.;0
15.01.2001;288,63;288,63;288,63;288,63;Pkt.;0
16.01.2001;289,09;289,09;289,09;289,09;Pkt.;0
17.01.2001;290,85;290,85;290,85;290,85;Pkt.;0
18.01.2001;294,29;294,29;294,29;294,29;Pkt.;0
19.01.2001;293,60;293,60;293,60;293,60;Pkt.;0
22.01.2001;293,64;293,64;293,64;293,64;Pkt.;0
23.01.2001;295,62;295,62;295,62;295,62;Pkt.;0
24.01.2001;295,19;295,19;295,19;295,19;Pkt.;0
25.01.2001;294,64;294,64;294,64;294,64;Pkt.;0
26.01.2001;294,12;294,12;294,12;294,12;Pkt.;0
29.01.2001;295,10;295,10;295,10;295,10;Pkt.;0
30.01.2001;296,87;296,87;296,87;296,87;Pkt.;0
31.01.2001;297,27;297,27;297,27;297,27;Pkt.;0
01.02.2001;298,33;298,33;298,33;298,33;Pkt.;0
02.02.2001;293,95;293,95;293,95;293,95;Pkt.;0
05.02.2001;294,26;294,26;294,26;294,26;Pkt.;0
06.02.2001;293,76;293,76;293,76;293,76;Pkt.;0
07.02.2001;291,04;291,04;291,04;291,04;Pkt.;0
08.02.2001;288,60;288,60;288,60;288,60;Pkt.;0
09.02.2001;285,61;285,61;285,61;285,61;Pkt.;0
12.02.2001;288,64;288,64;288,64;288,64;Pkt.;0
13.02.2001;286,65;286,65;286,65;286,65;Pkt.;0
14.02.2001;284,93;284,93;284,93;284,93;Pkt.;0
15.02.2001;286,18;286,18;286,18;286,18;Pkt.;0
16.02.2001;282,43;282,43;282,43;282,43;Pkt.;0
19.02.2001;282,11;282,11;282,11;282,11;Pkt.;0
20.02.2001;278,26;278,26;278,26;278,26;Pkt.;0
21.02.2001;274,33;274,33;274,33;274,33;Pkt.;0
22.02.2001;273,16;273,16;273,16;273,16;Pkt.;0
23.02.2001;271,23;271,23;271,23;271,23;Pkt.;0
26.02.2001;274,83;274,83;274,83;274,83;Pkt.;0
27.02.2001;274,54;274,54;274,54;274,54;Pkt.;0
28.02.2001;271,97;271,97;271,97;271,97;Pkt.;0
01.03.2001;271,74;271,74;271,74;271,74;Pkt.;0
02.03.2001;270,02;270,02;270,02;270,02;Pkt.;0
05.03.2001;271,29;271,29;271,29;271,29;Pkt.;0
06.03.2001;274,48;274,48;274,48;274,48;Pkt.;0
07.03.2001;275,18;275,18;275,18;275,18;Pkt.;0
08.03.2001;275,43;275,43;275,43;275,43;Pkt.;0
09.03.2001;270,92;270,92;270,92;270,92;Pkt.;0
12.03.2001;261,26;261,26;261,26;261,26;Pkt.;0
13.03.2001;260,61;260,61;260,61;260,61;Pkt.;0
14.03.2001;254,91;254,91;254,91;254,91;Pkt.;0
15.03.2001;256,94;256,94;256,94;256,94;Pkt.;0
16.03.2001;251,27;251,27;251,27;251,27;Pkt.;0
19.03.2001;253,16;253,16;253,16;253,16;Pkt.;0
20.03.2001;251,48;251,48;251,48;251,48;Pkt.;0
21.03.2001;248,62;248,62;248,62;248,62;Pkt.;0
22.03.2001;242,68;242,68;242,68;242,68;Pkt.;0
23.03.2001;248,42;248,42;248,42;248,42;Pkt.;0
26.03.2001;254,08;254,08;254,08;254,08;Pkt.;0
27.03.2001;259,08;259,08;259,08;259,08;Pkt.;0
28.03.2001;254,32;254,32;254,32;254,32;Pkt.;0
29.03.2001;251,77;251,77;251,77;251,77;Pkt.;0
30.03.2001;253,12;253,12;253,12;253,12;Pkt.;0
02.04.2001;250,47;250,47;250,47;250,47;Pkt.;0
03.04.2001;244,31;244,31;244,31;244,31;Pkt.;0
04.04.2001;245,69;245,69;245,69;245,69;Pkt.;0
05.04.2001;252,95;252,95;252,95;252,95;Pkt.;0
06.04.2001;250,92;250,92;250,92;250,92;Pkt.;0
09.04.2001;251,95;251,95;251,95;251,95;Pkt.;0
10.04.2001;255,98;255,98;255,98;255,98;Pkt.;0
11.04.2001;256,21;256,21;256,21;256,21;Pkt.;0
12.04.2001;259,26;259,26;259,26;259,26;Pkt.;0
13.04.2001;259,16;259,16;259,16;259,16;Pkt.;0
16.04.2001;257,74;257,74;257,74;257,74;Pkt.;0
17.04.2001;258,54;258,54;258,54;258,54;Pkt.;0
18.04.2001;266,37;266,37;266,37;266,37;Pkt.;0
19.04.2001;270,26;270,26;270,26;270,26;Pkt.;0
20.04.2001;269,02;269,02;269,02;269,02;Pkt.;0
23.04.2001;265,90;265,90;265,90;265,90;Pkt.;0
24.04.2001;264,08;264,08;264,08;264,08;Pkt.;0
25.04.2001;266,67;266,67;266,67;266,67;Pkt.;0
26.04.2001;268,66;268,66;268,66;268,66;Pkt.;0
27.04.2001;270,87;270,87;270,87;270,87;Pkt.;0
30.04.2001;271,09;271,09;271,09;271,09;Pkt.;0
01.05.2001;274,47;274,47;274,47;274,47;Pkt.;0
02.05.2001;274,78;274,78;274,78;274,78;Pkt.;0
03.05.2001;271,50;271,50;271,50;271,50;Pkt.;0
04.05.2001;274,03;274,03;274,03;274,03;Pkt.;0
07.05.2001;274,14;274,14;274,14;274,14;Pkt.;0
08.05.2001;272,50;272,50;272,50;272,50;Pkt.;0
09.05.2001;270,90;270,90;270,90;270,90;Pkt.;0
10.05.2001;271,99;271,99;271,99;271,99;Pkt.;0
11.05.2001;269,89;269,89;269,89;269,89;Pkt.;0
14.05.2001;267,99;267,99;267,99;267,99;Pkt.;0
15.05.2001;269,38;269,38;269,38;269,38;Pkt.;0
16.05.2001;273,32;273,32;273,32;273,32;Pkt.;0
17.05.2001;275,24;275,24;275,24;275,24;Pkt.;0
18.05.2001;275,38;275,38;275,38;275,38;Pkt.;0
21.05.2001;278,29;278,29;278,29;278,29;Pkt.;0
22.05.2001;277,88;277,88;277,88;277,88;Pkt.;0
23.05.2001;275,04;275,04;275,04;275,04;Pkt.;0
24.05.2001;275,15;275,15;275,15;275,15;Pkt.;0
25.05.2001;272,71;272,71;272,71;272,71;Pkt.;0
28.05.2001;272,75;272,75;272,75;272,75;Pkt.;0
04.06.2001;268,86;268,86;268,86;268,86;Pkt.;0
11.06.2001;265,66;265,66;265,66;265,66;Pkt.;0
18.06.2001;257,18;257,18;257,18;257,18;Pkt.;0
25.06.2001;258,91;258,91;258,91;258,91;Pkt.;0
02.07.2001;261,28;261,28;261,28;261,28;Pkt.;0
03.07.2001;260,08;260,08;260,08;260,08;Pkt.;0
04.07.2001;259,14;259,14;259,14;259,14;Pkt.;0
05.07.2001;255,62;255,62;255,62;255,62;Pkt.;0
06.07.2001;250,67;250,67;250,67;250,67;Pkt.;0
09.07.2001;251,79;251,79;251,79;251,79;Pkt.;0
10.07.2001;250,28;250,28;250,28;250,28;Pkt.;0
11.07.2001;249,09;249,09;249,09;249,09;Pkt.;0
12.07.2001;253,02;253,02;253,02;253,02;Pkt.;0
13.07.2001;253,92;253,92;253,92;253,92;Pkt.;0
16.07.2001;252,32;252,32;252,32;252,32;Pkt.;0
17.07.2001;252,39;252,39;252,39;252,39;Pkt.;0
18.07.2001;251,90;251,90;251,90;251,90;Pkt.;0
19.07.2001;253,78;253,78;253,78;253,78;Pkt.;0
20.07.2001;252,97;252,97;252,97;252,97;Pkt.;0
23.07.2001;249,80;249,80;249,80;249,80;Pkt.;0
24.07.2001;247,38;247,38;247,38;247,38;Pkt.;0
25.07.2001;249,06;249,06;249,06;249,06;Pkt.;0
26.07.2001;250,68;250,68;250,68;250,68;Pkt.;0
27.07.2001;251,95;251,95;251,95;251,95;Pkt.;0
30.07.2001;252,36;252,36;252,36;252,36;Pkt.;0
31.07.2001;254,54;254,54;254,54;254,54;Pkt.;0
01.08.2001;255,97;255,97;255,97;255,97;Pkt.;0
02.08.2001;257,77;257,77;257,77;257,77;Pkt.;0
03.08.2001;256,38;256,38;256,38;256,38;Pkt.;0
06.08.2001;254,30;254,30;254,30;254,30;Pkt.;0
07.08.2001;254,77;254,77;254,77;254,77;Pkt.;0
08.08.2001;251,41;251,41;251,41;251,41;Pkt.;0
09.08.2001;250,10;250,10;250,10;250,10;Pkt.;0
10.08.2001;250,97;250,97;250,97;250,97;Pkt.;0
13.08.2001;251,21;251,21;251,21;251,21;Pkt.;0
14.08.2001;252,37;252,37;252,37;252,37;Pkt.;0
15.08.2001;252,31;252,31;252,31;252,31;Pkt.;0
16.08.2001;251,54;251,54;251,54;251,54;Pkt.;0
17.08.2001;248,11;248,11;248,11;248,11;Pkt.;0
20.08.2001;248,27;248,27;248,27;248,27;Pkt.;0
21.08.2001;247,77;247,77;247,77;247,77;Pkt.;0
22.08.2001;249,33;249,33;249,33;249,33;Pkt.;0
23.08.2001;248,14;248,14;248,14;248,14;Pkt.;0
24.08.2001;251,77;251,77;251,77;251,77;Pkt.;0
27.08.2001;251,32;251,32;251,32;251,32;Pkt.;0
28.08.2001;248,23;248,23;248,23;248,23;Pkt.;0
29.08.2001;246,29;246,29;246,29;246,29;Pkt.;0
30.08.2001;242,01;242,01;242,01;242,01;Pkt.;0
31.08.2001;242,41;242,41;242,41;242,41;Pkt.;0
03.09.2001;240,76;240,76;240,76;240,76;Pkt.;0
04.09.2001;241,41;241,41;241,41;241,41;Pkt.;0
05.09.2001;239,58;239,58;239,58;239,58;Pkt.;0
06.09.2001;235,08;235,08;235,08;235,08;Pkt.;0
07.09.2001;231,83;231,83;231,83;231,83;Pkt.;0
10.09.2001;230,97;230,97;230,97;230,97;Pkt.;0
11.09.2001;227,29;227,29;227,29;227,29;Pkt.;0
12.09.2001;226,00;226,00;226,00;226,00;Pkt.;0
13.09.2001;227,06;227,06;227,06;227,06;Pkt.;0
14.09.2001;224,95;224,95;224,95;224,95;Pkt.;0
17.09.2001;219,04;219,04;219,04;219,04;Pkt.;0
18.09.2001;218,20;218,20;218,20;218,20;Pkt.;0
19.09.2001;216,14;216,14;216,14;216,14;Pkt.;0
20.09.2001;209,46;209,46;209,46;209,46;Pkt.;0
21.09.2001;204,01;204,01;204,01;204,01;Pkt.;0
24.09.2001;211,38;211,38;211,38;211,38;Pkt.;0
25.09.2001;213,72;213,72;213,72;213,72;Pkt.;0
26.09.2001;213,59;213,59;213,59;213,59;Pkt.;0
27.09.2001;215,39;215,39;215,39;215,39;Pkt.;0
28.09.2001;219,96;219,96;219,96;219,96;Pkt.;0
01.10.2001;219,00;219,00;219,00;219,00;Pkt.;0
02.10.2001;221,26;221,26;221,26;221,26;Pkt.;0
03.10.2001;223,53;223,53;223,53;223,53;Pkt.;0
04.10.2001;225,72;225,72;225,72;225,72;Pkt.;0
05.10.2001;226,02;226,02;226,02;226,02;Pkt.;0
08.10.2001;224,92;224,92;224,92;224,92;Pkt.;0
09.10.2001;223,65;223,65;223,65;223,65;Pkt.;0
10.10.2001;227,27;227,27;227,27;227,27;Pkt.;0
11.10.2001;230,22;230,22;230,22;230,22;Pkt.;0
12.10.2001;229,95;229,95;229,95;229,95;Pkt.;0
15.10.2001;228,27;228,27;228,27;228,27;Pkt.;0
16.10.2001;230,02;230,02;230,02;230,02;Pkt.;0
17.10.2001;229,46;229,46;229,46;229,46;Pkt.;0
18.10.2001;226,59;226,59;226,59;226,59;Pkt.;0
19.10.2001;225,74;225,74;225,74;225,74;Pkt.;0
22.10.2001;228,12;228,12;228,12;228,12;Pkt.;0
23.10.2001;229,36;229,36;229,36;229,36;Pkt.;0
24.10.2001;229,93;229,93;229,93;229,93;Pkt.;0
25.10.2001;230,65;230,65;230,65;230,65;Pkt.;0
26.10.2001;232,20;232,20;232,20;232,20;Pkt.;0
29.10.2001;228,24;228,24;228,24;228,24;Pkt.;0
30.10.2001;224,43;224,43;224,43;224,43;Pkt.;0
31.10.2001;224,48;224,48;224,48;224,48;Pkt.;0
01.11.2001;228,18;228,18;228,18;228,18;Pkt.;0
02.11.2001;228,59;228,59;228,59;228,59;Pkt.;0
05.11.2001;231,59;231,59;231,59;231,59;Pkt.;0
06.11.2001;233,87;233,87;233,87;233,87;Pkt.;0
07.11.2001;233,52;233,52;233,52;233,52;Pkt.;0
08.11.2001;235,29;235,29;235,29;235,29;Pkt.;0
09.11.2001;234,79;234,79;234,79;234,79;Pkt.;0
12.11.2001;232,84;232,84;232,84;232,84;Pkt.;0
13.11.2001;236,07;236,07;236,07;236,07;Pkt.;0
14.11.2001;236,82;236,82;236,82;236,82;Pkt.;0
15.11.2001;237,67;237,67;237,67;237,67;Pkt.;0
16.11.2001;238,12;238,12;238,12;238,12;Pkt.;0
19.11.2001;240,38;240,38;240,38;240,38;Pkt.;0
20.11.2001;238,67;238,67;238,67;238,67;Pkt.;0
21.11.2001;237,40;237,40;237,40;237,40;Pkt.;0
22.11.2001;238,20;238,20;238,20;238,20;Pkt.;0
23.11.2001;239,17;239,17;239,17;239,17;Pkt.;0
26.11.2001;240,76;240,76;240,76;240,76;Pkt.;0
27.11.2001;239,17;239,17;239,17;239,17;Pkt.;0
28.11.2001;235,60;235,60;235,60;235,60;Pkt.;0
29.11.2001;236,77;236,77;236,77;236,77;Pkt.;0
30.11.2001;238,00;238,00;238,00;238,00;Pkt.;0
03.12.2001;235,69;235,69;235,69;235,69;Pkt.;0
04.12.2001;238,40;238,40;238,40;238,40;Pkt.;0
05.12.2001;243,90;243,90;243,90;243,90;Pkt.;0
06.12.2001;244,39;244,39;244,39;244,39;Pkt.;0
07.12.2001;242,36;242,36;242,36;242,36;Pkt.;0
10.12.2001;238,33;238,33;238,33;238,33;Pkt.;0
11.12.2001;237,75;237,75;237,75;237,75;Pkt.;0
12.12.2001;238,31;238,31;238,31;238,31;Pkt.;0
13.12.2001;234,48;234,48;234,48;234,48;Pkt.;0
14.12.2001;234,36;234,36;234,36;234,36;Pkt.;0
17.12.2001;237,07;237,07;237,07;237,07;Pkt.;0
18.12.2001;238,01;238,01;238,01;238,01;Pkt.;0
19.12.2001;238,03;238,03;238,03;238,03;Pkt.;0
20.12.2001;236,55;236,55;236,55;236,55;Pkt.;0
21.12.2001;237,10;237,10;237,10;237,10;Pkt.;0
24.12.2001;236,60;236,60;236,60;236,60;Pkt.;0
25.12.2001;236,58;236,58;236,58;236,58;Pkt.;0
26.12.2001;237,10;237,10;237,10;237,10;Pkt.;0
27.12.2001;239,92;239,92;239,92;239,92;Pkt.;0
28.12.2001;240,98;240,98;240,98;240,98;Pkt.;0
31.12.2001;240,03;240,03;240,03;240,03;Pkt.;0
01.01.2002;240,04;240,04;240,04;240,04;Pkt.;0
02.01.2002;240,96;240,96;240,96;240,96;Pkt.;0
03.01.2002;243,57;243,57;243,57;243,57;Pkt.;0
04.01.2002;245,10;245,10;245,10;245,10;Pkt.;0
07.01.2002;243,61;243,61;243,61;243,61;Pkt.;0
08.01.2002;241,73;241,73;241,73;241,73;Pkt.;0
09.01.2002;240,80;240,80;240,80;240,80;Pkt.;0
10.01.2002;240,04;240,04;240,04;240,04;Pkt.;0
11.01.2002;238,82;238,82;238,82;238,82;Pkt.;0
14.01.2002;236,79;236,79;236,79;236,79;Pkt.;0
15.01.2002;237,61;237,61;237,61;237,61;Pkt.;0
16.01.2002;234,10;234,10;234,10;234,10;Pkt.;0
17.01.2002;235,98;235,98;235,98;235,98;Pkt.;0
18.01.2002;234,78;234,78;234,78;234,78;Pkt.;0
21.01.2002;234,51;234,51;234,51;234,51;Pkt.;0
22.01.2002;232,89;232,89;232,89;232,89;Pkt.;0
23.01.2002;234,30;234,30;234,30;234,30;Pkt.;0
24.01.2002;235,43;235,43;235,43;235,43;Pkt.;0
25.01.2002;234,59;234,59;234,59;234,59;Pkt.;0
28.01.2002;235,20;235,20;235,20;235,20;Pkt.;0
29.01.2002;230,23;230,23;230,23;230,23;Pkt.;0
30.01.2002;230,26;230,26;230,26;230,26;Pkt.;0
31.01.2002;233,26;233,26;233,26;233,26;Pkt.;0
01.02.2002;232,10;232,10;232,10;232,10;Pkt.;0
04.02.2002;228,35;228,35;228,35;228,35;Pkt.;0
05.02.2002;226,54;226,54;226,54;226,54;Pkt.;0
06.02.2002;225,15;225,15;225,15;225,15;Pkt.;0
07.02.2002;225,58;225,58;225,58;225,58;Pkt.;0
08.02.2002;227,83;227,83;227,83;227,83;Pkt.;0
11.02.2002;230,79;230,79;230,79;230,79;Pkt.;0
12.02.2002;230,59;230,59;230,59;230,59;Pkt.;0
13.02.2002;232,26;232,26;232,26;232,26;Pkt.;0
14.02.2002;233,06;233,06;233,06;233,06;Pkt.;0
15.02.2002;231,08;231,08;231,08;231,08;Pkt.;0
18.02.2002;230,54;230,54;230,54;230,54;Pkt.;0
19.02.2002;226,46;226,46;226,46;226,46;Pkt.;0
20.02.2002;227,25;227,25;227,25;227,25;Pkt.;0
21.02.2002;226,40;226,40;226,40;226,40;Pkt.;0
22.02.2002;227,25;227,25;227,25;227,25;Pkt.;0
25.02.2002;229,95;229,95;229,95;229,95;Pkt.;0
26.02.2002;230,13;230,13;230,13;230,13;Pkt.;0
27.02.2002;231,44;231,44;231,44;231,44;Pkt.;0
28.02.2002;231,21;231,21;231,21;231,21;Pkt.;0
01.03.2002;235,46;235,46;235,46;235,46;Pkt.;0
04.03.2002;241,28;241,28;241,28;241,28;Pkt.;0
05.03.2002;240,13;240,13;240,13;240,13;Pkt.;0
06.03.2002;242,79;242,79;242,79;242,79;Pkt.;0
07.03.2002;244,05;244,05;244,05;244,05;Pkt.;0
08.03.2002;244,86;244,86;244,86;244,86;Pkt.;0
11.03.2002;245,35;245,35;245,35;245,35;Pkt.;0
12.03.2002;243,51;243,51;243,51;243,51;Pkt.;0
13.03.2002;241,78;241,78;241,78;241,78;Pkt.;0
14.03.2002;242,50;242,50;242,50;242,50;Pkt.;0
15.03.2002;244,85;244,85;244,85;244,85;Pkt.;0
18.03.2002;244,58;244,58;244,58;244,58;Pkt.;0
19.03.2002;245,89;245,89;245,89;245,89;Pkt.;0
20.03.2002;242,92;242,92;242,92;242,92;Pkt.;0
21.03.2002;242,63;242,63;242,63;242,63;Pkt.;0
22.03.2002;241,76;241,76;241,76;241,76;Pkt.;0
25.03.2002;238,88;238,88;238,88;238,88;Pkt.;0
26.03.2002;239,52;239,52;239,52;239,52;Pkt.;0
27.03.2002;240,32;240,32;240,32;240,32;Pkt.;0
28.03.2002;241,61;241,61;241,61;241,61;Pkt.;0
29.03.2002;241,17;241,17;241,17;241,17;Pkt.;0
01.04.2002;241,47;241,47;241,47;241,47;Pkt.;0
02.04.2002;240,36;240,36;240,36;240,36;Pkt.;0
03.04.2002;239,25;239,25;239,25;239,25;Pkt.;0
04.04.2002;238,92;238,92;238,92;238,92;Pkt.;0
05.04.2002;238,38;238,38;238,38;238,38;Pkt.;0
08.04.2002;237,20;237,20;237,20;237,20;Pkt.;0
09.04.2002;236,13;236,13;236,13;236,13;Pkt.;0
10.04.2002;238,48;238,48;238,48;238,48;Pkt.;0
11.04.2002;234,27;234,27;234,27;234,27;Pkt.;0
12.04.2002;234,94;234,94;234,94;234,94;Pkt.;0
15.04.2002;234,87;234,87;234,87;234,87;Pkt.;0
16.04.2002;239,53;239,53;239,53;239,53;Pkt.;0
17.04.2002;240,31;240,31;240,31;240,31;Pkt.;0
18.04.2002;240,11;240,11;240,11;240,11;Pkt.;0
19.04.2002;240,04;240,04;240,04;240,04;Pkt.;0
22.04.2002;237,77;237,77;237,77;237,77;Pkt.;0
23.04.2002;236,71;236,71;236,71;236,71;Pkt.;0
24.04.2002;235,75;235,75;235,75;235,75;Pkt.;0
25.04.2002;235,44;235,44;235,44;235,44;Pkt.;0
26.04.2002;233,15;233,15;233,15;233,15;Pkt.;0
29.04.2002;231,56;231,56;231,56;231,56;Pkt.;0
30.04.2002;233,13;233,13;233,13;233,13;Pkt.;0
01.05.2002;234,72;234,72;234,72;234,72;Pkt.;0
02.05.2002;234,11;234,11;234,11;234,11;Pkt.;0
03.05.2002;233,21;233,21;233,21;233,21;Pkt.;0
06.05.2002;230,48;230,48;230,48;230,48;Pkt.;0
07.05.2002;228,75;228,75;228,75;228,75;Pkt.;0
08.05.2002;234,93;234,93;234,93;234,93;Pkt.;0
09.05.2002;232,87;232,87;232,87;232,87;Pkt.;0
10.05.2002;230,35;230,35;230,35;230,35;Pkt.;0
13.05.2002;232,89;232,89;232,89;232,89;Pkt.;0
14.05.2002;235,59;235,59;235,59;235,59;Pkt.;0
15.05.2002;236,41;236,41;236,41;236,41;Pkt.;0
16.05.2002;237,47;237,47;237,47;237,47;Pkt.;0
17.05.2002;239,48;239,48;239,48;239,48;Pkt.;0
20.05.2002;237,44;237,44;237,44;237,44;Pkt.;0
21.05.2002;235,67;235,67;235,67;235,67;Pkt.;0
22.05.2002;236,34;236,34;236,34;236,34;Pkt.;0
23.05.2002;237,21;237,21;237,21;237,21;Pkt.;0
24.05.2002;236,03;236,03;236,03;236,03;Pkt.;0
27.05.2002;235,73;235,73;235,73;235,73;Pkt.;0
28.05.2002;234,70;234,70;234,70;234,70;Pkt.;0
29.05.2002;233,66;233,66;233,66;233,66;Pkt.;0
30.05.2002;232,83;232,83;232,83;232,83;Pkt.;0
31.05.2002;232,82;232,82;232,82;232,82;Pkt.;0
03.06.2002;229,63;229,63;229,63;229,63;Pkt.;0
04.06.2002;228,47;228,47;228,47;228,47;Pkt.;0
05.06.2002;228,46;228,46;228,46;228,46;Pkt.;0
06.06.2002;226,07;226,07;226,07;226,07;Pkt.;0
07.06.2002;224,63;224,63;224,63;224,63;Pkt.;0
10.06.2002;224,98;224,98;224,98;224,98;Pkt.;0
11.06.2002;223,17;223,17;223,17;223,17;Pkt.;0
12.06.2002;222,67;222,67;222,67;222,67;Pkt.;0
13.06.2002;220,36;220,36;220,36;220,36;Pkt.;0
14.06.2002;218,19;218,19;218,19;218,19;Pkt.;0
17.06.2002;222,82;222,82;222,82;222,82;Pkt.;0
18.06.2002;223,24;223,24;223,24;223,24;Pkt.;0
19.06.2002;219,91;219,91;219,91;219,91;Pkt.;0
20.06.2002;217,59;217,59;217,59;217,59;Pkt.;0
21.06.2002;215,38;215,38;215,38;215,38;Pkt.;0
24.06.2002;214,91;214,91;214,91;214,91;Pkt.;0
25.06.2002;213,82;213,82;213,82;213,82;Pkt.;0
26.06.2002;212,63;212,63;212,63;212,63;Pkt.;0
27.06.2002;215,33;215,33;215,33;215,33;Pkt.;0
28.06.2002;218,25;218,25;218,25;218,25;Pkt.;0
01.07.2002;215,68;215,68;215,68;215,68;Pkt.;0
02.07.2002;211,18;211,18;211,18;211,18;Pkt.;0
03.07.2002;210,17;210,17;210,17;210,17;Pkt.;0
04.07.2002;211,19;211,19;211,19;211,19;Pkt.;0
05.07.2002;217,77;217,77;217,77;217,77;Pkt.;0
08.07.2002;217,08;217,08;217,08;217,08;Pkt.;0
09.07.2002;214,35;214,35;214,35;214,35;Pkt.;0
10.07.2002;207,93;207,93;207,93;207,93;Pkt.;0
11.07.2002;206,17;206,17;206,17;206,17;Pkt.;0
12.07.2002;205,87;205,87;205,87;205,87;Pkt.;0
15.07.2002;203,04;203,04;203,04;203,04;Pkt.;0
16.07.2002;200,96;200,96;200,96;200,96;Pkt.;0
17.07.2002;203,33;203,33;203,33;203,33;Pkt.;0
18.07.2002;201,60;201,60;201,60;201,60;Pkt.;0
19.07.2002;194,77;194,77;194,77;194,77;Pkt.;0
22.07.2002;187,74;187,74;187,74;187,74;Pkt.;0
23.07.2002;183,05;183,05;183,05;183,05;Pkt.;0
24.07.2002;187,34;187,34;187,34;187,34;Pkt.;0
25.07.2002;188,70;188,70;188,70;188,70;Pkt.;0
26.07.2002;189,31;189,31;189,31;189,31;Pkt.;0
29.07.2002;197,52;197,52;197,52;197,52;Pkt.;0
30.07.2002;198,94;198,94;198,94;198,94;Pkt.;0
31.07.2002;199,73;199,73;199,73;199,73;Pkt.;0
01.08.2002;194,06;194,06;194,06;194,06;Pkt.;0
02.08.2002;191,65;191,65;191,65;191,65;Pkt.;0
05.08.2002;186,10;186,10;186,10;186,10;Pkt.;0
06.08.2002;189,34;189,34;189,34;189,34;Pkt.;0
07.08.2002;192,07;192,07;192,07;192,07;Pkt.;0
08.08.2002;197,55;197,55;197,55;197,55;Pkt.;0
09.08.2002;199,43;199,43;199,43;199,43;Pkt.;0
12.08.2002;197,70;197,70;197,70;197,70;Pkt.;0
13.08.2002;195,79;195,79;195,79;195,79;Pkt.;0
14.08.2002;199,51;199,51;199,51;199,51;Pkt.;0
15.08.2002;202,22;202,22;202,22;202,22;Pkt.;0
16.08.2002;202,62;202,62;202,62;202,62;Pkt.;0
19.08.2002;205,96;205,96;205,96;205,96;Pkt.;0
20.08.2002;203,54;203,54;203,54;203,54;Pkt.;0
21.08.2002;205,96;205,96;205,96;205,96;Pkt.;0
22.08.2002;208,43;208,43;208,43;208,43;Pkt.;0
23.08.2002;204,98;204,98;204,98;204,98;Pkt.;0
26.08.2002;205,75;205,75;205,75;205,75;Pkt.;0
27.08.2002;205,41;205,41;205,41;205,41;Pkt.;0
28.08.2002;200,87;200,87;200,87;200,87;Pkt.;0
29.08.2002;199,73;199,73;199,73;199,73;Pkt.;0
30.08.2002;199,85;199,85;199,85;199,85;Pkt.;0
02.09.2002;198,92;198,92;198,92;198,92;Pkt.;0
03.09.2002;192,15;192,15;192,15;192,15;Pkt.;0
04.09.2002;193,49;193,49;193,49;193,49;Pkt.;0
05.09.2002;191,60;191,60;191,60;191,60;Pkt.;0
06.09.2002;194,39;194,39;194,39;194,39;Pkt.;0
09.09.2002;194,85;194,85;194,85;194,85;Pkt.;0
10.09.2002;196,69;196,69;196,69;196,69;Pkt.;0
11.09.2002;197,73;197,73;197,73;197,73;Pkt.;0
12.09.2002;193,35;193,35;193,35;193,35;Pkt.;0
13.09.2002;192,18;192,18;192,18;192,18;Pkt.;0
16.09.2002;191,60;191,60;191,60;191,60;Pkt.;0
17.09.2002;189,41;189,41;189,41;189,41;Pkt.;0
18.09.2002;187,20;187,20;187,20;187,20;Pkt.;0
19.09.2002;183,64;183,64;183,64;183,64;Pkt.;0
20.09.2002;183,25;183,25;183,25;183,25;Pkt.;0
23.09.2002;179,90;179,90;179,90;179,90;Pkt.;0
24.09.2002;177,01;177,01;177,01;177,01;Pkt.;0
25.09.2002;179,78;179,78;179,78;179,78;Pkt.;0
26.09.2002;184,02;184,02;184,02;184,02;Pkt.;0
27.09.2002;180,96;180,96;180,96;180,96;Pkt.;0
30.09.2002;177,63;177,63;177,63;177,63;Pkt.;0
01.10.2002;181,74;181,74;181,74;181,74;Pkt.;0
02.10.2002;180,49;180,49;180,49;180,49;Pkt.;0
03.10.2002;178,62;178,62;178,62;178,62;Pkt.;0
04.10.2002;175,26;175,26;175,26;175,26;Pkt.;0
07.10.2002;171,85;171,85;171,85;171,85;Pkt.;0
08.10.2002;172,44;172,44;172,44;172,44;Pkt.;0
09.10.2002;169,48;169,48;169,48;169,48;Pkt.;0
10.10.2002;173,47;173,47;173,47;173,47;Pkt.;0
11.10.2002;179,94;179,94;179,94;179,94;Pkt.;0
14.10.2002;180,33;180,33;180,33;180,33;Pkt.;0
15.10.2002;188,69;188,69;188,69;188,69;Pkt.;0
16.10.2002;185,50;185,50;185,50;185,50;Pkt.;0
17.10.2002;189,25;189,25;189,25;189,25;Pkt.;0
18.10.2002;189,85;189,85;189,85;189,85;Pkt.;0
21.10.2002;191,74;191,74;191,74;191,74;Pkt.;0
22.10.2002;189,75;189,75;189,75;189,75;Pkt.;0
23.10.2002;189,22;189,22;189,22;189,22;Pkt.;0
24.10.2002;188,68;188,68;188,68;188,68;Pkt.;0
25.10.2002;190,62;190,62;190,62;190,62;Pkt.;0
28.10.2002;190,86;190,86;190,86;190,86;Pkt.;0
29.10.2002;187,59;187,59;187,59;187,59;Pkt.;0
30.10.2002;189,93;189,93;189,93;189,93;Pkt.;0
31.10.2002;190,49;190,49;190,49;190,49;Pkt.;0
01.11.2002;192,07;192,07;192,07;192,07;Pkt.;0
04.11.2002;195,07;195,07;195,07;195,07;Pkt.;0
05.11.2002;196,82;196,82;196,82;196,82;Pkt.;0
06.11.2002;197,20;197,20;197,20;197,20;Pkt.;0
07.11.2002;194,26;194,26;194,26;194,26;Pkt.;0
08.11.2002;192,71;192,71;192,71;192,71;Pkt.;0
11.11.2002;189,36;189,36;189,36;189,36;Pkt.;0
12.11.2002;190,83;190,83;190,83;190,83;Pkt.;0
13.11.2002;190,01;190,01;190,01;190,01;Pkt.;0
14.11.2002;193,20;193,20;193,20;193,20;Pkt.;0
15.11.2002;194,86;194,86;194,86;194,86;Pkt.;0
18.11.2002;194,04;194,04;194,04;194,04;Pkt.;0
19.11.2002;193,29;193,29;193,29;193,29;Pkt.;0
20.11.2002;195,01;195,01;195,01;195,01;Pkt.;0
21.11.2002;199,46;199,46;199,46;199,46;Pkt.;0
22.11.2002;199,34;199,34;199,34;199,34;Pkt.;0
25.11.2002;199,26;199,26;199,26;199,26;Pkt.;0
26.11.2002;195,65;195,65;195,65;195,65;Pkt.;0
27.11.2002;199,82;199,82;199,82;199,82;Pkt.;0
28.11.2002;201,02;201,02;201,02;201,02;Pkt.;0
29.11.2002;200,60;200,60;200,60;200,60;Pkt.;0
02.12.2002;200,26;200,26;200,26;200,26;Pkt.;0
03.12.2002;197,55;197,55;197,55;197,55;Pkt.;0
04.12.2002;196,43;196,43;196,43;196,43;Pkt.;0
05.12.2002;194,30;194,30;194,30;194,30;Pkt.;0
06.12.2002;195,20;195,20;195,20;195,20;Pkt.;0
09.12.2002;191,51;191,51;191,51;191,51;Pkt.;0
10.12.2002;193,18;193,18;193,18;193,18;Pkt.;0
11.12.2002;193,69;193,69;193,69;193,69;Pkt.;0
12.12.2002;193,05;193,05;193,05;193,05;Pkt.;0
13.12.2002;191,22;191,22;191,22;191,22;Pkt.;0
16.12.2002;194,83;194,83;194,83;194,83;Pkt.;0
17.12.2002;193,85;193,85;193,85;193,85;Pkt.;0
18.12.2002;190,84;190,84;190,84;190,84;Pkt.;0
19.12.2002;190,00;190,00;190,00;190,00;Pkt.;0
20.12.2002;191,98;191,98;191,98;191,98;Pkt.;0
23.12.2002;192,40;192,40;192,40;192,40;Pkt.;0
24.12.2002;192,11;192,11;192,11;192,11;Pkt.;0
25.12.2002;192,05;192,05;192,05;192,05;Pkt.;0
26.12.2002;192,04;192,04;192,04;192,04;Pkt.;0
27.12.2002;189,02;189,02;189,02;189,02;Pkt.;0
30.12.2002;190,15;190,15;190,15;190,15;Pkt.;0
31.12.2002;190,80;190,80;190,80;190,80;Pkt.;0
01.01.2003;190,80;190,80;190,80;190,80;Pkt.;0
02.01.2003;195,28;195,28;195,28;195,28;Pkt.;0
03.01.2003;196,02;196,02;196,02;196,02;Pkt.;0
06.01.2003;199,69;199,69;199,69;199,69;Pkt.;0
07.01.2003;197,93;197,93;197,93;197,93;Pkt.;0
08.01.2003;195,05;195,05;195,05;195,05;Pkt.;0
09.01.2003;197,98;197,98;197,98;197,98;Pkt.;0
10.01.2003;198,54;198,54;198,54;198,54;Pkt.;0
13.01.2003;198,69;198,69;198,69;198,69;Pkt.;0
14.01.2003;200,09;200,09;200,09;200,09;Pkt.;0
15.01.2003;197,93;197,93;197,93;197,93;Pkt.;0
16.01.2003;197,33;197,33;197,33;197,33;Pkt.;0
17.01.2003;194,88;194,88;194,88;194,88;Pkt.;0
20.01.2003;193,93;193,93;193,93;193,93;Pkt.;0
21.01.2003;191,81;191,81;191,81;191,81;Pkt.;0
22.01.2003;189,69;189,69;189,69;189,69;Pkt.;0
23.01.2003;191,10;191,10;191,10;191,10;Pkt.;0
24.01.2003;187,55;187,55;187,55;187,55;Pkt.;0
27.01.2003;183,54;183,54;183,54;183,54;Pkt.;0
28.01.2003;184,78;184,78;184,78;184,78;Pkt.;0
29.01.2003;185,58;185,58;185,58;185,58;Pkt.;0
30.01.2003;183,85;183,85;183,85;183,85;Pkt.;0
31.01.2003;185,03;185,03;185,03;185,03;Pkt.;0
03.02.2003;186,71;186,71;186,71;186,71;Pkt.;0
04.02.2003;184,38;184,38;184,38;184,38;Pkt.;0
05.02.2003;184,55;184,55;184,55;184,55;Pkt.;0
06.02.2003;182,54;182,54;182,54;182,54;Pkt.;0
07.02.2003;180,86;180,86;180,86;180,86;Pkt.;0
10.02.2003;180,93;180,93;180,93;180,93;Pkt.;0
11.02.2003;180,94;180,94;180,94;180,94;Pkt.;0
12.02.2003;179,14;179,14;179,14;179,14;Pkt.;0
13.02.2003;178,95;178,95;178,95;178,95;Pkt.;0
14.02.2003;181,68;181,68;181,68;181,68;Pkt.;0
17.02.2003;182,76;182,76;182,76;182,76;Pkt.;0
18.02.2003;185,08;185,08;185,08;185,08;Pkt.;0
19.02.2003;183,44;183,44;183,44;183,44;Pkt.;0
20.02.2003;182,51;182,51;182,51;182,51;Pkt.;0
21.02.2003;184,02;184,02;184,02;184,02;Pkt.;0
24.02.2003;181,65;181,65;181,65;181,65;Pkt.;0
25.02.2003;180,25;180,25;180,25;180,25;Pkt.;0
26.02.2003;178,78;178,78;178,78;178,78;Pkt.;0
27.02.2003;180,02;180,02;180,02;180,02;Pkt.;0
28.02.2003;181,42;181,42;181,42;181,42;Pkt.;0
03.03.2003;181,47;181,47;181,47;181,47;Pkt.;0
04.03.2003;179,04;179,04;179,04;179,04;Pkt.;0
05.03.2003;179,70;179,70;179,70;179,70;Pkt.;0
06.03.2003;178,10;178,10;178,10;178,10;Pkt.;0
07.03.2003;177,80;177,80;177,80;177,80;Pkt.;0
10.03.2003;173,86;173,86;173,86;173,86;Pkt.;0
11.03.2003;172,63;172,63;172,63;172,63;Pkt.;0
12.03.2003;171,39;171,39;171,39;171,39;Pkt.;0
13.03.2003;176,43;176,43;176,43;176,43;Pkt.;0
14.03.2003;178,37;178,37;178,37;178,37;Pkt.;0
17.03.2003;182,82;182,82;182,82;182,82;Pkt.;0
18.03.2003;183,62;183,62;183,62;183,62;Pkt.;0
19.03.2003;184,99;184,99;184,99;184,99;Pkt.;0
20.03.2003;185,56;185,56;185,56;185,56;Pkt.;0
21.03.2003;189,07;189,07;189,07;189,07;Pkt.;0
24.03.2003;184,12;184,12;184,12;184,12;Pkt.;0
25.03.2003;185,71;185,71;185,71;185,71;Pkt.;0
26.03.2003;185,34;185,34;185,34;185,34;Pkt.;0
27.03.2003;184,49;184,49;184,49;184,49;Pkt.;0
28.03.2003;183,65;183,65;183,65;183,65;Pkt.;0
31.03.2003;180,20;180,20;180,20;180,20;Pkt.;0
01.04.2003;182,09;182,09;182,09;182,09;Pkt.;0
02.04.2003;185,99;185,99;185,99;185,99;Pkt.;0
03.04.2003;185,66;185,66;185,66;185,66;Pkt.;0
04.04.2003;186,50;186,50;186,50;186,50;Pkt.;0
07.04.2003;188,50;188,50;188,50;188,50;Pkt.;0
08.04.2003;187,53;187,53;187,53;187,53;Pkt.;0
09.04.2003;185,85;185,85;185,85;185,85;Pkt.;0
10.04.2003;186,12;186,12;186,12;186,12;Pkt.;0
11.04.2003;185,54;185,54;185,54;185,54;Pkt.;0
14.04.2003;188,09;188,09;188,09;188,09;Pkt.;0
15.04.2003;190,04;190,04;190,04;190,04;Pkt.;0
16.04.2003;188,65;188,65;188,65;188,65;Pkt.;0
17.04.2003;190,96;190,96;190,96;190,96;Pkt.;0
18.04.2003;191,06;191,06;191,06;191,06;Pkt.;0
21.04.2003;190,57;190,57;190,57;190,57;Pkt.;0
22.04.2003;193,54;193,54;193,54;193,54;Pkt.;0
23.04.2003;195,15;195,15;195,15;195,15;Pkt.;0
24.04.2003;193,77;193,77;193,77;193,77;Pkt.;0
25.04.2003;191,14;191,14;191,14;191,14;Pkt.;0
28.04.2003;194,02;194,02;194,02;194,02;Pkt.;0
29.04.2003;194,53;194,53;194,53;194,53;Pkt.;0
30.04.2003;195,75;195,75;195,75;195,75;Pkt.;0
01.05.2003;196,14;196,14;196,14;196,14;Pkt.;0
02.05.2003;197,92;197,92;197,92;197,92;Pkt.;0
05.05.2003;198,38;198,38;198,38;198,38;Pkt.;0
06.05.2003;200,84;200,84;200,84;200,84;Pkt.;0
07.05.2003;199,95;199,95;199,95;199,95;Pkt.;0
08.05.2003;197,81;197,81;197,81;197,81;Pkt.;0
09.05.2003;200,13;200,13;200,13;200,13;Pkt.;0
12.05.2003;202,20;202,20;202,20;202,20;Pkt.;0
13.05.2003;201,87;201,87;201,87;201,87;Pkt.;0
14.05.2003;201,73;201,73;201,73;201,73;Pkt.;0
15.05.2003;202,89;202,89;202,89;202,89;Pkt.;0
16.05.2003;203,12;203,12;203,12;203,12;Pkt.;0
19.05.2003;198,89;198,89;198,89;198,89;Pkt.;0
20.05.2003;198,84;198,84;198,84;198,84;Pkt.;0
21.05.2003;198,88;198,88;198,88;198,88;Pkt.;0
22.05.2003;200,78;200,78;200,78;200,78;Pkt.;0
23.05.2003;201,53;201,53;201,53;201,53;Pkt.;0
26.05.2003;201,82;201,82;201,82;201,82;Pkt.;0
27.05.2003;204,08;204,08;204,08;204,08;Pkt.;0
28.05.2003;204,85;204,85;204,85;204,85;Pkt.;0
29.05.2003;205,34;205,34;205,34;205,34;Pkt.;0
30.05.2003;206,54;206,54;206,54;206,54;Pkt.;0
02.06.2003;208,46;208,46;208,46;208,46;Pkt.;0
03.06.2003;208,51;208,51;208,51;208,51;Pkt.;0
04.06.2003;210,89;210,89;210,89;210,89;Pkt.;0
05.06.2003;212,30;212,30;212,30;212,30;Pkt.;0
06.06.2003;212,70;212,70;212,70;212,70;Pkt.;0
09.06.2003;210,96;210,96;210,96;210,96;Pkt.;0
10.06.2003;211,85;211,85;211,85;211,85;Pkt.;0
11.06.2003;214,80;214,80;214,80;214,80;Pkt.;0
12.06.2003;215,37;215,37;215,37;215,37;Pkt.;0
13.06.2003;213,81;213,81;213,81;213,81;Pkt.;0
16.06.2003;217,51;217,51;217,51;217,51;Pkt.;0
17.06.2003;218,58;218,58;218,58;218,58;Pkt.;0
18.06.2003;218,09;218,09;218,09;218,09;Pkt.;0
19.06.2003;215,32;215,32;215,32;215,32;Pkt.;0
20.06.2003;215,52;215,52;215,52;215,52;Pkt.;0
23.06.2003;212,33;212,33;212,33;212,33;Pkt.;0
24.06.2003;211,57;211,57;211,57;211,57;Pkt.;0
25.06.2003;211,33;211,33;211,33;211,33;Pkt.;0
26.06.2003;211,64;211,64;211,64;211,64;Pkt.;0
27.06.2003;210,82;210,82;210,82;210,82;Pkt.;0
30.06.2003;210,08;210,08;210,08;210,08;Pkt.;0
01.07.2003;210,96;210,96;210,96;210,96;Pkt.;0
02.07.2003;213,84;213,84;213,84;213,84;Pkt.;0
03.07.2003;213,76;213,76;213,76;213,76;Pkt.;0
04.07.2003;213,30;213,30;213,30;213,30;Pkt.;0
07.07.2003;216,75;216,75;216,75;216,75;Pkt.;0
08.07.2003;216,93;216,93;216,93;216,93;Pkt.;0
09.07.2003;216,00;216,00;216,00;216,00;Pkt.;0
10.07.2003;213,66;213,66;213,66;213,66;Pkt.;0
11.07.2003;214,70;214,70;214,70;214,70;Pkt.;0
14.07.2003;216,71;216,71;216,71;216,71;Pkt.;0
15.07.2003;215,53;215,53;215,53;215,53;Pkt.;0
16.07.2003;214,08;214,08;214,08;214,08;Pkt.;0
17.07.2003;211,29;211,29;211,29;211,29;Pkt.;0
18.07.2003;212,84;212,84;212,84;212,84;Pkt.;0
21.07.2003;211,17;211,17;211,17;211,17;Pkt.;0
22.07.2003;212,54;212,54;212,54;212,54;Pkt.;0
23.07.2003;213,37;213,37;213,37;213,37;Pkt.;0
24.07.2003;213,91;213,91;213,91;213,91;Pkt.;0
25.07.2003;215,98;215,98;215,98;215,98;Pkt.;0
28.07.2003;216,51;216,51;216,51;216,51;Pkt.;0
29.07.2003;215,38;215,38;215,38;215,38;Pkt.;0
30.07.2003;214,19;214,19;214,19;214,19;Pkt.;0
31.07.2003;214,46;214,46;214,46;214,46;Pkt.;0
01.08.2003;212,85;212,85;212,85;212,85;Pkt.;0
04.08.2003;212,85;212,85;212,85;212,85;Pkt.;0
05.08.2003;210,97;210,97;210,97;210,97;Pkt.;0
06.08.2003;210,19;210,19;210,19;210,19;Pkt.;0
07.08.2003;211,55;211,55;211,55;211,55;Pkt.;0
08.08.2003;212,21;212,21;212,21;212,21;Pkt.;0
11.08.2003;213,29;213,29;213,29;213,29;Pkt.;0
12.08.2003;214,79;214,79;214,79;214,79;Pkt.;0
13.08.2003;214,58;214,58;214,58;214,58;Pkt.;0
14.08.2003;216,29;216,29;216,29;216,29;Pkt.;0
15.08.2003;216,43;216,43;216,43;216,43;Pkt.;0
18.08.2003;217,89;217,89;217,89;217,89;Pkt.;0
19.08.2003;218,23;218,23;218,23;218,23;Pkt.;0
20.08.2003;218,39;218,39;218,39;218,39;Pkt.;0
21.08.2003;218,82;218,82;218,82;218,82;Pkt.;0
22.08.2003;217,28;217,28;217,28;217,28;Pkt.;0
25.08.2003;216,95;216,95;216,95;216,95;Pkt.;0
26.08.2003;216,59;216,59;216,59;216,59;Pkt.;0
27.08.2003;217,07;217,07;217,07;217,07;Pkt.;0
28.08.2003;218,05;218,05;218,05;218,05;Pkt.;0
29.08.2003;219,10;219,10;219,10;219,10;Pkt.;0
01.09.2003;220,42;220,42;220,42;220,42;Pkt.;0
02.09.2003;221,79;221,79;221,79;221,79;Pkt.;0
03.09.2003;223,32;223,32;223,32;223,32;Pkt.;0
04.09.2003;223,71;223,71;223,71;223,71;Pkt.;0
05.09.2003;223,40;223,40;223,40;223,40;Pkt.;0
08.09.2003;225,44;225,44;225,44;225,44;Pkt.;0
09.09.2003;224,53;224,53;224,53;224,53;Pkt.;0
10.09.2003;222,24;222,24;222,24;222,24;Pkt.;0
11.09.2003;222,56;222,56;222,56;222,56;Pkt.;0
12.09.2003;223,40;223,40;223,40;223,40;Pkt.;0
15.09.2003;222,99;222,99;222,99;222,99;Pkt.;0
16.09.2003;225,45;225,45;225,45;225,45;Pkt.;0
17.09.2003;225,81;225,81;225,81;225,81;Pkt.;0
18.09.2003;228,30;228,30;228,30;228,30;Pkt.;0
19.09.2003;227,88;227,88;227,88;227,88;Pkt.;0
22.09.2003;225,53;225,53;225,53;225,53;Pkt.;0
23.09.2003;226,25;226,25;226,25;226,25;Pkt.;0
24.09.2003;224,01;224,01;224,01;224,01;Pkt.;0
25.09.2003;222,34;222,34;222,34;222,34;Pkt.;0
26.09.2003;220,72;220,72;220,72;220,72;Pkt.;0
29.09.2003;221,82;221,82;221,82;221,82;Pkt.;0
30.09.2003;220,15;220,15;220,15;220,15;Pkt.;0
01.10.2003;224,59;224,59;224,59;224,59;Pkt.;0
02.10.2003;225,87;225,87;225,87;225,87;Pkt.;0
03.10.2003;228,48;228,48;228,48;228,48;Pkt.;0
06.10.2003;229,17;229,17;229,17;229,17;Pkt.;0
07.10.2003;230,33;230,33;230,33;230,33;Pkt.;0
08.10.2003;229,42;229,42;229,42;229,42;Pkt.;0
09.10.2003;231,04;231,04;231,04;231,04;Pkt.;0
10.10.2003;231,72;231,72;231,72;231,72;Pkt.;0
13.10.2003;233,00;233,00;233,00;233,00;Pkt.;0
14.10.2003;233,59;233,59;233,59;233,59;Pkt.;0
15.10.2003;233,33;233,33;233,33;233,33;Pkt.;0
16.10.2003;234,31;234,31;234,31;234,31;Pkt.;0
17.10.2003;232,49;232,49;232,49;232,49;Pkt.;0
20.10.2003;233,38;233,38;233,38;233,38;Pkt.;0
21.10.2003;233,80;233,80;233,80;233,80;Pkt.;0
22.10.2003;231,11;231,11;231,11;231,11;Pkt.;0
23.10.2003;229,41;229,41;229,41;229,41;Pkt.;0
24.10.2003;229,18;229,18;229,18;229,18;Pkt.;0
27.10.2003;230,09;230,09;230,09;230,09;Pkt.;0
28.10.2003;232,68;232,68;232,68;232,68;Pkt.;0
29.10.2003;233,49;233,49;233,49;233,49;Pkt.;0
30.10.2003;233,69;233,69;233,69;233,69;Pkt.;0
31.10.2003;233,24;233,24;233,24;233,24;Pkt.;0
03.11.2003;234,36;234,36;234,36;234,36;Pkt.;0
04.11.2003;234,50;234,50;234,50;234,50;Pkt.;0
05.11.2003;233,77;233,77;233,77;233,77;Pkt.;0
06.11.2003;233,77;233,77;233,77;233,77;Pkt.;0
07.11.2003;234,49;234,49;234,49;234,49;Pkt.;0
10.11.2003;233,39;233,39;233,39;233,39;Pkt.;0
11.11.2003;232,24;232,24;232,24;232,24;Pkt.;0
12.11.2003;234,60;234,60;234,60;234,60;Pkt.;0
13.11.2003;235,77;235,77;235,77;235,77;Pkt.;0
14.11.2003;235,15;235,15;235,15;235,15;Pkt.;0
17.11.2003;232,16;232,16;232,16;232,16;Pkt.;0
18.11.2003;231,84;231,84;231,84;231,84;Pkt.;0
19.11.2003;231,89;231,89;231,89;231,89;Pkt.;0
20.11.2003;231,04;231,04;231,04;231,04;Pkt.;0
21.11.2003;231,54;231,54;231,54;231,54;Pkt.;0
24.11.2003;233,68;233,68;233,68;233,68;Pkt.;0
25.11.2003;234,41;234,41;234,41;234,41;Pkt.;0
26.11.2003;236,01;236,01;236,01;236,01;Pkt.;0
27.11.2003;236,23;236,23;236,23;236,23;Pkt.;0
28.11.2003;236,42;236,42;236,42;236,42;Pkt.;0
01.12.2003;239,46;239,46;239,46;239,46;Pkt.;0
02.12.2003;239,75;239,75;239,75;239,75;Pkt.;0
03.12.2003;240,05;240,05;240,05;240,05;Pkt.;0
04.12.2003;240,38;240,38;240,38;240,38;Pkt.;0
05.12.2003;239,32;239,32;239,32;239,32;Pkt.;0
08.12.2003;239,96;239,96;239,96;239,96;Pkt.;0
09.12.2003;239,33;239,33;239,33;239,33;Pkt.;0
10.12.2003;238,28;238,28;238,28;238,28;Pkt.;0
11.12.2003;239,80;239,80;239,80;239,80;Pkt.;0
12.12.2003;241,20;241,20;241,20;241,20;Pkt.;0
15.12.2003;241,44;241,44;241,44;241,44;Pkt.;0
16.12.2003;241,61;241,61;241,61;241,61;Pkt.;0
17.12.2003;241,73;241,73;241,73;241,73;Pkt.;0
18.12.2003;243,95;243,95;243,95;243,95;Pkt.;0
19.12.2003;244,32;244,32;244,32;244,32;Pkt.;0
22.12.2003;245,30;245,30;245,30;245,30;Pkt.;0
23.12.2003;246,09;246,09;246,09;246,09;Pkt.;0
24.12.2003;246,32;246,32;246,32;246,32;Pkt.;0
25.12.2003;246,34;246,34;246,34;246,34;Pkt.;0
26.12.2003;246,72;246,72;246,72;246,72;Pkt.;0
29.12.2003;249,08;249,08;249,08;249,08;Pkt.;0
30.12.2003;250,16;250,16;250,16;250,16;Pkt.;0
31.12.2003;251,13;251,13;251,13;251,13;Pkt.;0
01.01.2004;251,14;251,14;251,14;251,14;Pkt.;0
02.01.2004;251,74;251,74;251,74;251,74;Pkt.;0
05.01.2004;255,24;255,24;255,24;255,24;Pkt.;0
06.01.2004;255,76;255,76;255,76;255,76;Pkt.;0
07.01.2004;255,22;255,22;255,22;255,22;Pkt.;0
08.01.2004;256,97;256,97;256,97;256,97;Pkt.;0
09.01.2004;256,52;256,52;256,52;256,52;Pkt.;0
12.01.2004;256,78;256,78;256,78;256,78;Pkt.;0
13.01.2004;256,00;256,00;256,00;256,00;Pkt.;0
14.01.2004;257,09;257,09;257,09;257,09;Pkt.;0
15.01.2004;256,26;256,26;256,26;256,26;Pkt.;0
16.01.2004;256,94;256,94;256,94;256,94;Pkt.;0
19.01.2004;257,29;257,29;257,29;257,29;Pkt.;0
20.01.2004;258,39;258,39;258,39;258,39;Pkt.;0
21.01.2004;260,09;260,09;260,09;260,09;Pkt.;0
22.01.2004;260,37;260,37;260,37;260,37;Pkt.;0
23.01.2004;259,96;259,96;259,96;259,96;Pkt.;0
26.01.2004;260,51;260,51;260,51;260,51;Pkt.;0
27.01.2004;259,57;259,57;259,57;259,57;Pkt.;0
28.01.2004;257,59;257,59;257,59;257,59;Pkt.;0
29.01.2004;255,61;255,61;255,61;255,61;Pkt.;0
30.01.2004;255,20;255,20;255,20;255,20;Pkt.;0
02.02.2004;255,96;255,96;255,96;255,96;Pkt.;0
03.02.2004;256,47;256,47;256,47;256,47;Pkt.;0
04.02.2004;254,25;254,25;254,25;254,25;Pkt.;0
05.02.2004;254,89;254,89;254,89;254,89;Pkt.;0
06.02.2004;258,02;258,02;258,02;258,02;Pkt.;0
09.02.2004;258,64;258,64;258,64;258,64;Pkt.;0
10.02.2004;259,54;259,54;259,54;259,54;Pkt.;0
11.02.2004;261,13;261,13;261,13;261,13;Pkt.;0
12.02.2004;261,67;261,67;261,67;261,67;Pkt.;0
13.02.2004;260,88;260,88;260,88;260,88;Pkt.;0
16.02.2004;261,11;261,11;261,11;261,11;Pkt.;0
17.02.2004;263,63;263,63;263,63;263,63;Pkt.;0
18.02.2004;262,81;262,81;262,81;262,81;Pkt.;0
19.02.2004;261,98;261,98;261,98;261,98;Pkt.;0
20.02.2004;259,94;259,94;259,94;259,94;Pkt.;0
23.02.2004;259,81;259,81;259,81;259,81;Pkt.;0
24.02.2004;259,10;259,10;259,10;259,10;Pkt.;0
25.02.2004;259,08;259,08;259,08;259,08;Pkt.;0
26.02.2004;258,78;258,78;258,78;258,78;Pkt.;0
27.02.2004;259,51;259,51;259,51;259,51;Pkt.;0
01.03.2004;262,58;262,58;262,58;262,58;Pkt.;0
02.03.2004;261,22;261,22;261,22;261,22;Pkt.;0
03.03.2004;259,80;259,80;259,80;259,80;Pkt.;0
04.03.2004;260,99;260,99;260,99;260,99;Pkt.;0
05.03.2004;262,91;262,91;262,91;262,91;Pkt.;0
08.03.2004;261,33;261,33;261,33;261,33;Pkt.;0
09.03.2004;260,30;260,30;260,30;260,30;Pkt.;0
10.03.2004;256,33;256,33;256,33;256,33;Pkt.;0
11.03.2004;252,00;252,00;252,00;252,00;Pkt.;0
12.03.2004;253,05;253,05;253,05;253,05;Pkt.;0
15.03.2004;250,26;250,26;250,26;250,26;Pkt.;0
16.03.2004;252,48;252,48;252,48;252,48;Pkt.;0
17.03.2004;254,90;254,90;254,90;254,90;Pkt.;0
18.03.2004;255,31;255,31;255,31;255,31;Pkt.;0
19.03.2004;253,78;253,78;253,78;253,78;Pkt.;0
22.03.2004;250,40;250,40;250,40;250,40;Pkt.;0
23.03.2004;249,97;249,97;249,97;249,97;Pkt.;0
24.03.2004;249,30;249,30;249,30;249,30;Pkt.;0
25.03.2004;252,48;252,48;252,48;252,48;Pkt.;0
26.03.2004;252,60;252,60;252,60;252,60;Pkt.;0
29.03.2004;255,70;255,70;255,70;255,70;Pkt.;0
30.03.2004;256,55;256,55;256,55;256,55;Pkt.;0
31.03.2004;257,43;257,43;257,43;257,43;Pkt.;0
01.04.2004;259,67;259,67;259,67;259,67;Pkt.;0
02.04.2004;260,84;260,84;260,84;260,84;Pkt.;0
05.04.2004;261,79;261,79;261,79;261,79;Pkt.;0
06.04.2004;261,52;261,52;261,52;261,52;Pkt.;0
07.04.2004;261,37;261,37;261,37;261,37;Pkt.;0
08.04.2004;261,06;261,06;261,06;261,06;Pkt.;0
09.04.2004;260,64;260,64;260,64;260,64;Pkt.;0
12.04.2004;261,63;261,63;261,63;261,63;Pkt.;0
13.04.2004;259,00;259,00;259,00;259,00;Pkt.;0
14.04.2004;256,91;256,91;256,91;256,91;Pkt.;0
15.04.2004;256,42;256,42;256,42;256,42;Pkt.;0
16.04.2004;258,23;258,23;258,23;258,23;Pkt.;0
19.04.2004;258,28;258,28;258,28;258,28;Pkt.;0
20.04.2004;256,41;256,41;256,41;256,41;Pkt.;0
21.04.2004;255,66;255,66;255,66;255,66;Pkt.;0
22.04.2004;257,77;257,77;257,77;257,77;Pkt.;0
23.04.2004;258,38;258,38;258,38;258,38;Pkt.;0
26.04.2004;258,27;258,27;258,27;258,27;Pkt.;0
27.04.2004;258,30;258,30;258,30;258,30;Pkt.;0
28.04.2004;254,43;254,43;254,43;254,43;Pkt.;0
29.04.2004;252,83;252,83;252,83;252,83;Pkt.;0
30.04.2004;250,93;250,93;250,93;250,93;Pkt.;0
03.05.2004;252,31;252,31;252,31;252,31;Pkt.;0
04.05.2004;254,22;254,22;254,22;254,22;Pkt.;0
05.05.2004;255,27;255,27;255,27;255,27;Pkt.;0
06.05.2004;252,25;252,25;252,25;252,25;Pkt.;0
07.05.2004;248,30;248,30;248,30;248,30;Pkt.;0
10.05.2004;242,33;242,33;242,33;242,33;Pkt.;0
11.05.2004;244,01;244,01;244,01;244,01;Pkt.;0
12.05.2004;244,97;244,97;244,97;244,97;Pkt.;0
13.05.2004;244,21;244,21;244,21;244,21;Pkt.;0
14.05.2004;243,45;243,45;243,45;243,45;Pkt.;0
17.05.2004;240,81;240,81;240,81;240,81;Pkt.;0
18.05.2004;242,59;242,59;242,59;242,59;Pkt.;0
19.05.2004;245,39;245,39;245,39;245,39;Pkt.;0
20.05.2004;243,97;243,97;243,97;243,97;Pkt.;0
21.05.2004;245,89;245,89;245,89;245,89;Pkt.;0
24.05.2004;246,28;246,28;246,28;246,28;Pkt.;0
25.05.2004;248,64;248,64;248,64;248,64;Pkt.;0
26.05.2004;249,93;249,93;249,93;249,93;Pkt.;0
27.05.2004;252,62;252,62;252,62;252,62;Pkt.;0
28.05.2004;252,17;252,17;252,17;252,17;Pkt.;0
31.05.2004;252,28;252,28;252,28;252,28;Pkt.;0
01.06.2004;252,06;252,06;252,06;252,06;Pkt.;0
02.06.2004;252,77;252,77;252,77;252,77;Pkt.;0
03.06.2004;250,88;250,88;250,88;250,88;Pkt.;0
04.06.2004;252,23;252,23;252,23;252,23;Pkt.;0
07.06.2004;256,76;256,76;256,76;256,76;Pkt.;0
08.06.2004;256,99;256,99;256,99;256,99;Pkt.;0
09.06.2004;254,33;254,33;254,33;254,33;Pkt.;0
10.06.2004;255,16;255,16;255,16;255,16;Pkt.;0
11.06.2004;254,16;254,16;254,16;254,16;Pkt.;0
14.06.2004;251,71;251,71;251,71;251,71;Pkt.;0
15.06.2004;253,16;253,16;253,16;253,16;Pkt.;0
16.06.2004;254,10;254,10;254,10;254,10;Pkt.;0
17.06.2004;254,37;254,37;254,37;254,37;Pkt.;0
18.06.2004;255,14;255,14;255,14;255,14;Pkt.;0
21.06.2004;254,79;254,79;254,79;254,79;Pkt.;0
22.06.2004;254,36;254,36;254,36;254,36;Pkt.;0
23.06.2004;255,88;255,88;255,88;255,88;Pkt.;0
24.06.2004;257,27;257,27;257,27;257,27;Pkt.;0
25.06.2004;256,21;256,21;256,21;256,21;Pkt.;0
28.06.2004;257,05;257,05;257,05;257,05;Pkt.;0
29.06.2004;256,44;256,44;256,44;256,44;Pkt.;0
30.06.2004;256,90;256,90;256,90;256,90;Pkt.;0
01.07.2004;255,52;255,52;255,52;255,52;Pkt.;0
02.07.2004;255,04;255,04;255,04;255,04;Pkt.;0
05.07.2004;254,34;254,34;254,34;254,34;Pkt.;0
06.07.2004;252,81;252,81;252,81;252,81;Pkt.;0
07.07.2004;253,65;253,65;253,65;253,65;Pkt.;0
08.07.2004;252,64;252,64;252,64;252,64;Pkt.;0
09.07.2004;253,40;253,40;253,40;253,40;Pkt.;0
12.07.2004;253,66;253,66;253,66;253,66;Pkt.;0
13.07.2004;253,26;253,26;253,26;253,26;Pkt.;0
14.07.2004;252,61;252,61;252,61;252,61;Pkt.;0
15.07.2004;251,06;251,06;251,06;251,06;Pkt.;0
16.07.2004;251,42;251,42;251,42;251,42;Pkt.;0
19.07.2004;251,12;251,12;251,12;251,12;Pkt.;0
20.07.2004;251,46;251,46;251,46;251,46;Pkt.;0
21.07.2004;249,34;249,34;249,34;249,34;Pkt.;0
22.07.2004;248,64;248,64;248,64;248,64;Pkt.;0
23.07.2004;246,05;246,05;246,05;246,05;Pkt.;0
26.07.2004;245,08;245,08;245,08;245,08;Pkt.;0
27.07.2004;245,95;245,95;245,95;245,95;Pkt.;0
28.07.2004;246,26;246,26;246,26;246,26;Pkt.;0
29.07.2004;247,72;247,72;247,72;247,72;Pkt.;0
30.07.2004;248,45;248,45;248,45;248,45;Pkt.;0
02.08.2004;248,98;248,98;248,98;248,98;Pkt.;0
03.08.2004;248,58;248,58;248,58;248,58;Pkt.;0
04.08.2004;247,35;247,35;247,35;247,35;Pkt.;0
05.08.2004;245,33;245,33;245,33;245,33;Pkt.;0
06.08.2004;243,05;243,05;243,05;243,05;Pkt.;0
09.08.2004;242,38;242,38;242,38;242,38;Pkt.;0
10.08.2004;244,76;244,76;244,76;244,76;Pkt.;0
11.08.2004;243,30;243,30;243,30;243,30;Pkt.;0
12.08.2004;241,63;241,63;241,63;241,63;Pkt.;0
13.08.2004;242,03;242,03;242,03;242,03;Pkt.;0
16.08.2004;244,14;244,14;244,14;244,14;Pkt.;0
17.08.2004;244,78;244,78;244,78;244,78;Pkt.;0
18.08.2004;246,46;246,46;246,46;246,46;Pkt.;0
19.08.2004;247,20;247,20;247,20;247,20;Pkt.;0
20.08.2004;247,85;247,85;247,85;247,85;Pkt.;0
23.08.2004;247,75;247,75;247,75;247,75;Pkt.;0
24.08.2004;247,29;247,29;247,29;247,29;Pkt.;0
25.08.2004;248,62;248,62;248,62;248,62;Pkt.;0
26.08.2004;249,36;249,36;249,36;249,36;Pkt.;0
27.08.2004;250,15;250,15;250,15;250,15;Pkt.;0
30.08.2004;248,87;248,87;248,87;248,87;Pkt.;0
31.08.2004;249,51;249,51;249,51;249,51;Pkt.;0
01.09.2004;250,69;250,69;250,69;250,69;Pkt.;0
02.09.2004;252,40;252,40;252,40;252,40;Pkt.;0
03.09.2004;251,11;251,11;251,11;251,11;Pkt.;0
06.09.2004;252,04;252,04;252,04;252,04;Pkt.;0
07.09.2004;253,22;253,22;253,22;253,22;Pkt.;0
08.09.2004;252,89;252,89;252,89;252,89;Pkt.;0
09.09.2004;252,61;252,61;252,61;252,61;Pkt.;0
10.09.2004;254,39;254,39;254,39;254,39;Pkt.;0
13.09.2004;255,23;255,23;255,23;255,23;Pkt.;0
14.09.2004;255,86;255,86;255,86;255,86;Pkt.;0
15.09.2004;253,40;253,40;253,40;253,40;Pkt.;0
16.09.2004;254,25;254,25;254,25;254,25;Pkt.;0
17.09.2004;255,15;255,15;255,15;255,15;Pkt.;0
20.09.2004;254,29;254,29;254,29;254,29;Pkt.;0
21.09.2004;256,31;256,31;256,31;256,31;Pkt.;0
22.09.2004;253,74;253,74;253,74;253,74;Pkt.;0
23.09.2004;253,01;253,01;253,01;253,01;Pkt.;0
24.09.2004;252,83;252,83;252,83;252,83;Pkt.;0
27.09.2004;251,41;251,41;251,41;251,41;Pkt.;0
28.09.2004;252,59;252,59;252,59;252,59;Pkt.;0
29.09.2004;253,62;253,62;253,62;253,62;Pkt.;0
30.09.2004;254,37;254,37;254,37;254,37;Pkt.;0
01.10.2004;258,01;258,01;258,01;258,01;Pkt.;0
04.10.2004;259,02;259,02;259,02;259,02;Pkt.;0
05.10.2004;259,37;259,37;259,37;259,37;Pkt.;0
06.10.2004;260,36;260,36;260,36;260,36;Pkt.;0
07.10.2004;258,77;258,77;258,77;258,77;Pkt.;0
08.10.2004;258,60;258,60;258,60;258,60;Pkt.;0
11.10.2004;258,68;258,68;258,68;258,68;Pkt.;0
12.10.2004;256,67;256,67;256,67;256,67;Pkt.;0
13.10.2004;255,34;255,34;255,34;255,34;Pkt.;0
14.10.2004;254,19;254,19;254,19;254,19;Pkt.;0
15.10.2004;255,21;255,21;255,21;255,21;Pkt.;0
18.10.2004;255,74;255,74;255,74;255,74;Pkt.;0
19.10.2004;255,56;255,56;255,56;255,56;Pkt.;0
20.10.2004;255,10;255,10;255,10;255,10;Pkt.;0
21.10.2004;256,00;256,00;256,00;256,00;Pkt.;0
22.10.2004;254,93;254,93;254,93;254,93;Pkt.;0
25.10.2004;254,20;254,20;254,20;254,20;Pkt.;0
26.10.2004;256,39;256,39;256,39;256,39;Pkt.;0
27.10.2004;259,24;259,24;259,24;259,24;Pkt.;0
28.10.2004;260,32;260,32;260,32;260,32;Pkt.;0
29.10.2004;260,38;260,38;260,38;260,38;Pkt.;0
01.11.2004;261,10;261,10;261,10;261,10;Pkt.;0
02.11.2004;261,94;261,94;261,94;261,94;Pkt.;0
03.11.2004;264,77;264,77;264,77;264,77;Pkt.;0
04.11.2004;267,48;267,48;267,48;267,48;Pkt.;0
05.11.2004;269,08;269,08;269,08;269,08;Pkt.;0
08.11.2004;268,80;268,80;268,80;268,80;Pkt.;0
09.11.2004;268,35;268,35;268,35;268,35;Pkt.;0
10.11.2004;268,23;268,23;268,23;268,23;Pkt.;0
11.11.2004;269,99;269,99;269,99;269,99;Pkt.;0
12.11.2004;272,59;272,59;272,59;272,59;Pkt.;0
15.11.2004;273,09;273,09;273,09;273,09;Pkt.;0
16.11.2004;271,85;271,85;271,85;271,85;Pkt.;0
17.11.2004;274,10;274,10;274,10;274,10;Pkt.;0
18.11.2004;273,84;273,84;273,84;273,84;Pkt.;0
19.11.2004;272,43;272,43;272,43;272,43;Pkt.;0
22.11.2004;272,13;272,13;272,13;272,13;Pkt.;0
23.11.2004;272,56;272,56;272,56;272,56;Pkt.;0
24.11.2004;273,86;273,86;273,86;273,86;Pkt.;0
25.11.2004;275,27;275,27;275,27;275,27;Pkt.;0
26.11.2004;275,27;275,27;275,27;275,27;Pkt.;0
29.11.2004;275,29;275,29;275,29;275,29;Pkt.;0
30.11.2004;274,17;274,17;274,17;274,17;Pkt.;0
01.12.2004;276,99;276,99;276,99;276,99;Pkt.;0
02.12.2004;277,43;277,43;277,43;277,43;Pkt.;0
03.12.2004;278,17;278,17;278,17;278,17;Pkt.;0
06.12.2004;277,83;277,83;277,83;277,83;Pkt.;0
07.12.2004;276,03;276,03;276,03;276,03;Pkt.;0
08.12.2004;274,76;274,76;274,76;274,76;Pkt.;0
09.12.2004;274,38;274,38;274,38;274,38;Pkt.;0
10.12.2004;273,96;273,96;273,96;273,96;Pkt.;0
13.12.2004;276,71;276,71;276,71;276,71;Pkt.;0
14.12.2004;277,63;277,63;277,63;277,63;Pkt.;0
15.12.2004;279,54;279,54;279,54;279,54;Pkt.;0
16.12.2004;278,58;278,58;278,58;278,58;Pkt.;0
17.12.2004;277,01;277,01;277,01;277,01;Pkt.;0
20.12.2004;278,71;278,71;278,71;278,71;Pkt.;0
21.12.2004;279,69;279,69;279,69;279,69;Pkt.;0
22.12.2004;280,95;280,95;280,95;280,95;Pkt.;0
23.12.2004;281,97;281,97;281,97;281,97;Pkt.;0
24.12.2004;282,78;282,78;282,78;282,78;Pkt.;0
27.12.2004;282,78;282,78;282,78;282,78;Pkt.;0
28.12.2004;283,93;283,93;283,93;283,93;Pkt.;0
29.12.2004;283,55;283,55;283,55;283,55;Pkt.;0
30.12.2004;284,58;284,58;284,58;284,58;Pkt.;0
31.12.2004;284,52;284,52;284,52;284,52;Pkt.;0
03.01.2005;282,72;282,72;282,72;282,72;Pkt.;0
04.01.2005;279,54;279,54;279,54;279,54;Pkt.;0
05.01.2005;277,81;277,81;277,81;277,81;Pkt.;0
06.01.2005;277,58;277,58;277,58;277,58;Pkt.;0
07.01.2005;277,10;277,10;277,10;277,10;Pkt.;0
10.01.2005;278,10;278,10;278,10;278,10;Pkt.;0
11.01.2005;277,45;277,45;277,45;277,45;Pkt.;0
12.01.2005;278,57;278,57;278,57;278,57;Pkt.;0
13.01.2005;277,01;277,01;277,01;277,01;Pkt.;0
14.01.2005;277,62;277,62;277,62;277,62;Pkt.;0
17.01.2005;278,20;278,20;278,20;278,20;Pkt.;0
18.01.2005;278,86;278,86;278,86;278,86;Pkt.;0
19.01.2005;277,73;277,73;277,73;277,73;Pkt.;0
20.01.2005;275,19;275,19;275,19;275,19;Pkt.;0
21.01.2005;274,58;274,58;274,58;274,58;Pkt.;0
24.01.2005;274,67;274,67;274,67;274,67;Pkt.;0
25.01.2005;274,74;274,74;274,74;274,74;Pkt.;0
26.01.2005;277,03;277,03;277,03;277,03;Pkt.;0
27.01.2005;277,05;277,05;277,05;277,05;Pkt.;0
28.01.2005;276,05;276,05;276,05;276,05;Pkt.;0
31.01.2005;278,30;278,30;278,30;278,30;Pkt.;0
01.02.2005;279,58;279,58;279,58;279,58;Pkt.;0
02.02.2005;280,71;280,71;280,71;280,71;Pkt.;0
03.02.2005;279,49;279,49;279,49;279,49;Pkt.;0
04.02.2005;282,10;282,10;282,10;282,10;Pkt.;0
07.02.2005;281,75;281,75;281,75;281,75;Pkt.;0
08.02.2005;281,19;281,19;281,19;281,19;Pkt.;0
09.02.2005;280,12;280,12;280,12;280,12;Pkt.;0
10.02.2005;281,72;281,72;281,72;281,72;Pkt.;0
11.02.2005;283,45;283,45;283,45;283,45;Pkt.;0
14.02.2005;284,87;284,87;284,87;284,87;Pkt.;0
15.02.2005;285,77;285,77;285,77;285,77;Pkt.;0
16.02.2005;285,15;285,15;285,15;285,15;Pkt.;0
17.02.2005;284,70;284,70;284,70;284,70;Pkt.;0
18.02.2005;285,15;285,15;285,15;285,15;Pkt.;0
21.02.2005;285,23;285,23;285,23;285,23;Pkt.;0
22.02.2005;283,86;283,86;283,86;283,86;Pkt.;0
23.02.2005;283,34;283,34;283,34;283,34;Pkt.;0
24.02.2005;284,59;284,59;284,59;284,59;Pkt.;0
25.02.2005;287,40;287,40;287,40;287,40;Pkt.;0
28.02.2005;287,49;287,49;287,49;287,49;Pkt.;0
01.03.2005;288,20;288,20;288,20;288,20;Pkt.;0
02.03.2005;287,55;287,55;287,55;287,55;Pkt.;0
03.03.2005;287,79;287,79;287,79;287,79;Pkt.;0
04.03.2005;291,03;291,03;291,03;291,03;Pkt.;0
07.03.2005;291,06;291,06;291,06;291,06;Pkt.;0
08.03.2005;291,20;291,20;291,20;291,20;Pkt.;0
09.03.2005;289,50;289,50;289,50;289,50;Pkt.;0
10.03.2005;288,83;288,83;288,83;288,83;Pkt.;0
11.03.2005;288,52;288,52;288,52;288,52;Pkt.;0
14.03.2005;288,13;288,13;288,13;288,13;Pkt.;0
15.03.2005;287,21;287,21;287,21;287,21;Pkt.;0
16.03.2005;285,82;285,82;285,82;285,82;Pkt.;0
17.03.2005;285,47;285,47;285,47;285,47;Pkt.;0
18.03.2005;285,09;285,09;285,09;285,09;Pkt.;0
21.03.2005;283,33;283,33;283,33;283,33;Pkt.;0
22.03.2005;282,18;282,18;282,18;282,18;Pkt.;0
23.03.2005;279,65;279,65;279,65;279,65;Pkt.;0
24.03.2005;279,34;279,34;279,34;279,34;Pkt.;0
25.03.2005;279,53;279,53;279,53;279,53;Pkt.;0
28.03.2005;279,16;279,16;279,16;279,16;Pkt.;0
29.03.2005;277,69;277,69;277,69;277,69;Pkt.;0
30.03.2005;279,64;279,64;279,64;279,64;Pkt.;0
31.03.2005;280,53;280,53;280,53;280,53;Pkt.;0
01.04.2005;280,04;280,04;280,04;280,04;Pkt.;0
04.04.2005;278,57;278,57;278,57;278,57;Pkt.;0
05.04.2005;280,13;280,13;280,13;280,13;Pkt.;0
06.04.2005;281,01;281,01;281,01;281,01;Pkt.;0
07.04.2005;282,66;282,66;282,66;282,66;Pkt.;0
08.04.2005;281,29;281,29;281,29;281,29;Pkt.;0
11.04.2005;281,70;281,70;281,70;281,70;Pkt.;0
12.04.2005;281,32;281,32;281,32;281,32;Pkt.;0
13.04.2005;280,28;280,28;280,28;280,28;Pkt.;0
14.04.2005;277,22;277,22;277,22;277,22;Pkt.;0
15.04.2005;273,88;273,88;273,88;273,88;Pkt.;0
18.04.2005;272,04;272,04;272,04;272,04;Pkt.;0
19.04.2005;272,59;272,59;272,59;272,59;Pkt.;0
20.04.2005;275,23;275,23;275,23;275,23;Pkt.;0
21.04.2005;275,29;275,29;275,29;275,29;Pkt.;0
22.04.2005;276,35;276,35;276,35;276,35;Pkt.;0
25.04.2005;274,63;274,63;274,63;274,63;Pkt.;0
26.04.2005;273,87;273,87;273,87;273,87;Pkt.;0
27.04.2005;271,68;271,68;271,68;271,68;Pkt.;0
28.04.2005;273,70;273,70;273,70;273,70;Pkt.;0
29.04.2005;274,24;274,24;274,24;274,24;Pkt.;0
02.05.2005;274,69;274,69;274,69;274,69;Pkt.;0
03.05.2005;277,82;277,82;277,82;277,82;Pkt.;0
04.05.2005;278,01;278,01;278,01;278,01;Pkt.;0
05.05.2005;278,13;278,13;278,13;278,13;Pkt.;0
06.05.2005;278,43;278,43;278,43;278,43;Pkt.;0
09.05.2005;276,57;276,57;276,57;276,57;Pkt.;0
10.05.2005;276,20;276,20;276,20;276,20;Pkt.;0
11.05.2005;274,17;274,17;274,17;274,17;Pkt.;0
12.05.2005;272,64;272,64;272,64;272,64;Pkt.;0
13.05.2005;273,13;273,13;273,13;273,13;Pkt.;0
16.05.2005;274,04;274,04;274,04;274,04;Pkt.;0
17.05.2005;274,04;276,56;274,04;276,56;Pkt.;0
18.05.2005;278,17;278,17;278,17;278,17;Pkt.;0
19.05.2005;277,34;277,34;277,34;277,34;Pkt.;0
20.05.2005;278,84;278,84;278,84;278,84;Pkt.;0
23.05.2005;278,98;278,98;278,98;278,98;Pkt.;0
25.05.2005;278,08;278,08;278,08;278,08;Pkt.;0
26.05.2005;279,03;279,03;279,03;279,03;Pkt.;0
27.05.2005;279,75;279,75;279,75;279,75;Pkt.;0
30.05.2005;280,08;280,08;280,08;280,08;Pkt.;0
31.05.2005;278,07;278,07;278,07;278,07;Pkt.;0
01.06.2005;279,90;279,90;279,90;279,90;Pkt.;0
02.06.2005;279,67;279,67;279,67;279,67;Pkt.;0
03.06.2005;279,86;279,86;279,86;279,86;Pkt.;0
06.06.2005;280,53;280,53;280,53;280,53;Pkt.;0
07.06.2005;280,67;280,67;280,67;280,67;Pkt.;0
08.06.2005;279,97;279,97;279,97;279,97;Pkt.;0
09.06.2005;279,85;279,85;279,85;279,85;Pkt.;0
10.06.2005;279,68;279,68;279,68;279,68;Pkt.;0
13.06.2005;279,68;279,68;279,68;279,68;Pkt.;0
14.06.2005;280,35;280,35;280,35;280,35;Pkt.;0
15.06.2005;281,23;281,23;281,23;281,23;Pkt.;0
16.06.2005;282,38;282,38;282,38;282,38;Pkt.;0
17.06.2005;284,72;284,72;284,72;284,72;Pkt.;0
20.06.2005;283,85;283,85;283,85;283,85;Pkt.;0
21.06.2005;284,03;284,03;284,03;284,03;Pkt.;0
22.06.2005;284,37;284,37;284,37;284,37;Pkt.;0
23.06.2005;282,51;282,51;282,51;282,51;Pkt.;0
24.06.2005;280,73;280,73;280,73;280,73;Pkt.;0
27.06.2005;280,06;280,06;280,06;280,06;Pkt.;0
28.06.2005;281,65;281,65;281,65;281,65;Pkt.;0
29.06.2005;281,59;281,59;281,59;281,59;Pkt.;0
30.06.2005;280,44;280,44;280,44;280,44;Pkt.;0
01.07.2005;280,30;280,30;280,30;280,30;Pkt.;0
04.07.2005;280,16;280,16;280,16;280,16;Pkt.;0
05.07.2005;281,11;281,11;281,11;281,11;Pkt.;0
06.07.2005;280,72;280,72;280,72;280,72;Pkt.;0
07.07.2005;279,52;279,52;279,52;279,52;Pkt.;0
08.07.2005;279,52;282,22;279,52;282,22;Pkt.;0
11.07.2005;285,17;285,17;285,17;285,17;Pkt.;0
12.07.2005;286,63;286,63;286,63;286,63;Pkt.;0
13.07.2005;286,16;286,16;286,16;286,16;Pkt.;0
14.07.2005;287,22;287,22;287,22;287,22;Pkt.;0
15.07.2005;286,68;286,68;286,68;286,68;Pkt.;0
18.07.2005;286,02;286,02;286,02;286,02;Pkt.;0
19.07.2005;286,02;286,71;286,02;286,71;Pkt.;0
20.07.2005;287,47;287,47;287,47;287,47;Pkt.;0
21.07.2005;288,22;288,22;288,22;288,22;Pkt.;0
22.07.2005;289,00;289,00;289,00;289,00;Pkt.;0
25.07.2005;288,22;288,22;288,22;288,22;Pkt.;0
26.07.2005;287,86;287,86;287,86;287,86;Pkt.;0
27.07.2005;289,21;289,21;289,21;289,21;Pkt.;0
28.07.2005;290,94;290,94;290,94;290,94;Pkt.;0
29.07.2005;290,57;290,57;290,57;290,57;Pkt.;0
01.08.2005;290,57;291,60;290,57;291,60;Pkt.;0
02.08.2005;293,89;293,89;293,89;293,89;Pkt.;0
03.08.2005;293,89;294,84;293,89;294,84;Pkt.;0
04.08.2005;293,35;293,35;293,35;293,35;Pkt.;0
05.08.2005;290,89;290,89;290,89;290,89;Pkt.;0
08.08.2005;291,37;291,37;291,37;291,37;Pkt.;0
09.08.2005;292,88;292,88;292,88;292,88;Pkt.;0
10.08.2005;294,71;294,71;294,71;294,71;Pkt.;0
11.08.2005;294,71;296,66;294,71;296,66;Pkt.;0
12.08.2005;296,66;296,66;295,72;295,72;Pkt.;0
15.08.2005;295,54;295,54;295,54;295,54;Pkt.;0
16.08.2005;293,37;293,37;293,37;293,37;Pkt.;0
17.08.2005;293,37;293,37;292,75;292,75;Pkt.;0
18.08.2005;292,75;292,75;290,69;290,69;Pkt.;0
19.08.2005;291,27;291,27;291,27;291,27;Pkt.;0
22.08.2005;293,28;293,28;293,28;293,28;Pkt.;0
23.08.2005;291,98;291,98;291,98;291,98;Pkt.;0
24.08.2005;290,83;290,83;290,83;290,83;Pkt.;0
25.08.2005;290,86;290,86;290,86;290,86;Pkt.;0
26.08.2005;289,84;289,84;289,84;289,84;Pkt.;0
29.08.2005;289,84;289,84;289,72;289,72;Pkt.;0
30.08.2005;288,96;288,96;288,96;288,96;Pkt.;0
31.08.2005;292,20;292,20;292,20;292,20;Pkt.;0
01.09.2005;295,16;295,16;295,16;295,16;Pkt.;0
02.09.2005;296,21;296,21;296,21;296,21;Pkt.;0
06.09.2005;296,21;298,31;296,21;298,31;Pkt.;0
07.09.2005;296,21;298,78;296,21;298,78;Pkt.;0
08.09.2005;297,67;297,67;297,67;297,67;Pkt.;0
09.09.2005;297,67;300,08;297,67;300,08;Pkt.;0
12.09.2005;300,08;300,08;299,50;299,50;Pkt.;0
13.09.2005;297,56;297,56;297,56;297,56;Pkt.;0
14.09.2005;297,84;297,84;297,84;297,84;Pkt.;0
15.09.2005;297,60;297,60;297,60;297,60;Pkt.;0
16.09.2005;299,22;299,22;299,22;299,22;Pkt.;0
19.09.2005;298,38;298,38;298,38;298,38;Pkt.;0
20.09.2005;298,19;298,19;298,19;298,19;Pkt.;0
21.09.2005;296,69;296,69;296,69;296,69;Pkt.;0
22.09.2005;296,69;296,69;295,88;295,88;Pkt.;0
23.09.2005;295,45;295,45;295,45;295,45;Pkt.;0
26.09.2005;297,19;297,19;297,19;297,19;Pkt.;0
27.09.2005;296,34;296,34;296,34;296,34;Pkt.;0
28.09.2005;297,82;297,82;297,82;297,82;Pkt.;0
29.09.2005;299,87;299,87;299,87;299,87;Pkt.;0
30.09.2005;300,60;300,60;300,60;300,60;Pkt.;0
03.10.2005;299,80;299,80;299,80;299,80;Pkt.;0
04.10.2005;298,87;298,87;298,87;298,87;Pkt.;0
05.10.2005;294,95;294,95;294,95;294,95;Pkt.;0
06.10.2005;294,95;294,95;292,86;292,86;Pkt.;0
07.10.2005;294,95;294,95;292,86;292,95;Pkt.;0
10.10.2005;291,76;291,76;291,76;291,76;Pkt.;0
11.10.2005;291,76;292,00;291,76;292,00;Pkt.;0
12.10.2005;292,00;292,00;290,29;290,29;Pkt.;0
13.10.2005;287,87;287,87;287,87;287,87;Pkt.;0
14.10.2005;290,05;290,05;290,05;290,05;Pkt.;0
17.10.2005;290,05;290,09;290,05;290,09;Pkt.;0
18.10.2005;287,19;287,19;287,19;287,19;Pkt.;0
19.10.2005;287,64;287,64;287,64;287,64;Pkt.;0
20.10.2005;285,88;285,88;285,88;285,88;Pkt.;0
21.10.2005;286,11;286,11;286,11;286,11;Pkt.;0
24.10.2005;286,11;289,18;286,11;289,18;Pkt.;0
25.10.2005;290,10;290,10;290,10;290,10;Pkt.;0
26.10.2005;289,75;289,75;289,75;289,75;Pkt.;0
27.10.2005;287,80;287,80;287,80;287,80;Pkt.;0
28.10.2005;292,32;292,32;292,32;292,32;Pkt.;0
31.10.2005;292,80;292,80;292,80;292,80;Pkt.;0
01.11.2005;295,57;295,57;295,57;295,57;Pkt.;0
02.11.2005;297,31;297,31;297,31;297,31;Pkt.;0
03.11.2005;295,96;295,96;295,96;295,96;Pkt.;0
04.11.2005;295,96;296,48;295,96;296,48;Pkt.;0
07.11.2005;295,87;295,87;295,87;295,87;Pkt.;0
08.11.2005;295,87;295,87;295,79;295,79;Pkt.;0
09.11.2005;296,86;296,86;296,86;296,86;Pkt.;0
10.11.2005;298,35;298,35;298,35;298,35;Pkt.;0
11.11.2005;297,75;297,75;297,75;297,75;Pkt.;0
14.11.2005;296,44;296,44;296,44;296,44;Pkt.;0
15.11.2005;296,49;296,49;296,49;296,49;Pkt.;0
16.11.2005;299,73;299,73;299,73;299,73;Pkt.;0
17.11.2005;301,15;301,15;301,15;301,15;Pkt.;0
18.11.2005;301,15;302,77;301,15;302,77;Pkt.;0
21.11.2005;303,15;303,15;303,15;303,15;Pkt.;0
22.11.2005;305,16;305,16;305,16;305,16;Pkt.;0
23.11.2005;305,16;305,16;305,05;305,05;Pkt.;0
25.11.2005;305,16;305,16;304,13;304,13;Pkt.;0
28.11.2005;303,84;303,84;303,84;303,84;Pkt.;0
29.11.2005;302,43;302,43;302,43;302,43;Pkt.;0
30.11.2005;305,56;305,56;305,56;305,56;Pkt.;0
01.12.2005;305,56;306,96;305,56;306,96;Pkt.;0
02.12.2005;306,96;307,07;306,96;307,07;Pkt.;0
05.12.2005;307,07;307,89;307,07;307,89;Pkt.;0
06.12.2005;306,91;306,91;306,91;306,91;Pkt.;0
07.12.2005;306,90;306,90;306,90;306,90;Pkt.;0
08.12.2005;307,76;307,76;307,76;307,76;Pkt.;0
09.12.2005;309,73;309,73;309,73;309,73;Pkt.;0
12.12.2005;310,81;310,81;310,81;310,81;Pkt.;0
13.12.2005;312,22;312,22;312,22;312,22;Pkt.;0
14.12.2005;310,72;310,72;310,72;310,72;Pkt.;0
15.12.2005;311,43;311,43;311,43;311,43;Pkt.;0
16.12.2005;310,58;310,58;310,58;310,58;Pkt.;0
19.12.2005;310,25;310,25;310,25;310,25;Pkt.;0
20.12.2005;311,10;311,10;311,10;311,10;Pkt.;0
21.12.2005;312,25;312,25;312,25;312,25;Pkt.;0
22.12.2005;312,57;312,57;312,57;312,57;Pkt.;0
23.12.2005;312,76;312,76;312,76;312,76;Pkt.;0
26.12.2005;312,76;312,76;311,06;311,06;Pkt.;0
27.12.2005;311,86;311,86;311,86;311,86;Pkt.;0
28.12.2005;311,67;311,67;311,67;311,67;Pkt.;0
29.12.2005;309,63;309,63;309,63;309,63;Pkt.;0
30.12.2005;309,95;309,95;309,95;309,95;Pkt.;0
02.01.2006;315,46;315,46;315,46;315,46;Pkt.;0
03.01.2006;319,05;319,05;319,05;319,05;Pkt.;0
04.01.2006;319,20;319,20;319,20;319,20;Pkt.;0
05.01.2006;322,33;322,33;322,33;322,33;Pkt.;0
06.01.2006;322,33;322,84;322,33;322,84;Pkt.;0
09.01.2006;321,55;321,55;321,55;321,55;Pkt.;0
10.01.2006;321,55;323,38;321,55;323,38;Pkt.;0
11.01.2006;322,59;322,59;322,59;322,59;Pkt.;0
12.01.2006;322,37;322,37;322,37;322,37;Pkt.;0
13.01.2006;322,68;322,68;322,68;322,68;Pkt.;0
16.01.2006;319,62;319,62;319,62;319,62;Pkt.;0
17.01.2006;316,88;316,88;316,88;316,88;Pkt.;0
18.01.2006;316,88;319,92;316,88;319,92;Pkt.;0
19.01.2006;316,55;316,55;316,55;316,55;Pkt.;0
20.01.2006;317,61;317,61;317,61;317,61;Pkt.;0
23.01.2006;318,46;318,46;318,46;318,46;Pkt.;0
24.01.2006;319,16;319,16;319,16;319,16;Pkt.;0
25.01.2006;321,61;321,61;321,61;321,61;Pkt.;0
26.01.2006;324,18;324,18;324,18;324,18;Pkt.;0
27.01.2006;324,13;324,13;324,13;324,13;Pkt.;0
30.01.2006;324,66;324,66;324,66;324,66;Pkt.;0
31.01.2006;325,04;325,04;325,04;325,04;Pkt.;0
01.02.2006;322,51;322,51;322,51;322,51;Pkt.;0
02.02.2006;320,26;320,26;320,26;320,26;Pkt.;0
03.02.2006;320,26;321,01;320,26;321,01;Pkt.;0
06.02.2006;318,93;318,93;318,93;318,93;Pkt.;0
07.02.2006;318,34;318,34;318,34;318,34;Pkt.;0
08.02.2006;319,76;319,76;319,76;319,76;Pkt.;0
09.02.2006;319,23;319,23;319,23;319,23;Pkt.;0
10.02.2006;317,74;317,74;317,74;317,74;Pkt.;0
13.02.2006;319,51;319,51;319,51;319,51;Pkt.;0
14.02.2006;320,03;320,03;320,03;320,03;Pkt.;0
15.02.2006;321,90;321,90;321,90;321,90;Pkt.;0
16.02.2006;321,90;321,90;321,90;321,90;Pkt.;0
17.02.2006;322,22;322,22;322,22;322,22;Pkt.;0
21.02.2006;322,21;323,46;322,21;323,46;Pkt.;0
22.02.2006;324,33;324,33;324,33;324,33;Pkt.;0
23.02.2006;324,71;324,71;324,71;324,71;Pkt.;0
24.02.2006;324,71;326,20;324,71;326,20;Pkt.;0
27.02.2006;323,75;323,75;323,75;323,75;Pkt.;0
28.02.2006;325,48;325,48;325,48;325,48;Pkt.;0
01.03.2006;325,12;325,12;325,12;325,12;Pkt.;0
02.03.2006;324,34;324,34;324,34;324,34;Pkt.;0
03.03.2006;324,34;324,34;323,57;323,57;Pkt.;0
06.03.2006;320,54;320,54;320,54;320,54;Pkt.;0
07.03.2006;319,62;319,62;319,62;319,62;Pkt.;0
08.03.2006;320,40;320,40;320,40;320,40;Pkt.;0
10.03.2006;323,92;323,92;323,92;323,92;Pkt.;0
13.03.2006;326,84;326,84;326,84;326,84;Pkt.;0
14.03.2006;328,30;328,30;328,30;328,30;Pkt.;0
15.03.2006;329,38;329,38;329,38;329,38;Pkt.;0
16.03.2006;330,43;330,43;330,43;330,43;Pkt.;0
17.03.2006;330,86;330,86;330,86;330,86;Pkt.;0
20.03.2006;328,80;328,80;328,80;328,80;Pkt.;0
21.03.2006;328,80;329,79;328,80;329,79;Pkt.;0
22.03.2006;328,21;328,21;328,21;328,21;Pkt.;0
23.03.2006;329,48;329,48;329,48;329,48;Pkt.;0
24.03.2006;329,48;329,48;329,22;329,22;Pkt.;0
27.03.2006;327,86;327,86;327,86;327,86;Pkt.;0
28.03.2006;328,69;328,69;328,69;328,69;Pkt.;0
29.03.2006;331,47;331,47;331,47;331,47;Pkt.;0
30.03.2006;329,79;329,79;329,79;329,79;Pkt.;0
31.03.2006;332,10;332,10;332,10;332,10;Pkt.;0
03.04.2006;333,97;333,97;333,97;333,97;Pkt.;0
04.04.2006;335,38;335,38;335,38;335,38;Pkt.;0
05.04.2006;336,06;336,06;336,06;336,06;Pkt.;0
06.04.2006;333,15;333,15;333,15;333,15;Pkt.;0
07.04.2006;333,27;333,27;333,27;333,27;Pkt.;0
10.04.2006;330,89;330,89;330,89;330,89;Pkt.;0
11.04.2006;329,91;329,91;329,91;329,91;Pkt.;0
12.04.2006;330,23;330,23;330,23;330,23;Pkt.;0
13.04.2006;330,41;330,41;330,41;330,41;Pkt.;0
17.04.2006;331,63;335,30;331,63;335,30;Pkt.;0
18.04.2006;337,80;337,80;337,80;337,80;Pkt.;0
19.04.2006;337,93;337,93;337,93;337,93;Pkt.;0
20.04.2006;337,93;339,48;337,93;339,48;Pkt.;0
21.04.2006;338,34;338,34;338,34;338,34;Pkt.;0
24.04.2006;337,97;337,97;337,97;337,97;Pkt.;0
25.04.2006;339,40;339,40;339,40;339,40;Pkt.;0
26.04.2006;340,39;340,39;340,39;340,39;Pkt.;0
27.04.2006;340,19;340,19;340,19;340,19;Pkt.;0
28.04.2006;340,71;340,71;340,71;340,71;Pkt.;0
01.05.2006;343,41;343,41;343,41;343,41;Pkt.;0
02.05.2006;341,71;341,71;341,71;341,71;Pkt.;0
03.05.2006;343,31;343,31;343,31;343,31;Pkt.;0
04.05.2006;343,31;347,07;343,31;347,07;Pkt.;0
05.05.2006;348,00;348,00;348,00;348,00;Pkt.;0
08.05.2006;348,92;348,92;348,92;348,92;Pkt.;0
09.05.2006;348,92;348,92;348,01;348,01;Pkt.;0
10.05.2006;345,22;345,22;345,22;345,22;Pkt.;0
11.05.2006;340,59;340,59;340,59;340,59;Pkt.;0
12.05.2006;337,33;337,33;337,33;337,33;Pkt.;0
15.05.2006;337,33;337,33;336,52;336,52;Pkt.;0
16.05.2006;330,89;330,89;330,89;330,89;Pkt.;0
17.05.2006;330,89;330,89;327,61;327,61;Pkt.;0
18.05.2006;327,61;327,61;326,75;326,75;Pkt.;0
19.05.2006;326,75;326,75;322,50;322,50;Pkt.;0
22.05.2006;322,50;324,29;322,50;324,29;Pkt.;0
23.05.2006;322,09;322,09;322,09;322,09;Pkt.;0
24.05.2006;325,17;325,17;325,17;325,17;Pkt.;0
25.05.2006;328,64;328,64;328,64;328,64;Pkt.;0
26.05.2006;329,25;329,25;329,25;329,25;Pkt.;0
30.05.2006;325,36;325,74;325,36;325,74;Pkt.;0
31.05.2006;328,00;328,00;328,00;328,00;Pkt.;0
01.06.2006;330,93;330,93;330,93;330,93;Pkt.;0
02.06.2006;326,90;326,90;326,90;326,90;Pkt.;0
05.06.2006;321,81;321,81;321,81;321,81;Pkt.;0
06.06.2006;319,45;319,45;319,45;319,45;Pkt.;0
07.06.2006;313,50;313,50;313,50;313,50;Pkt.;0
08.06.2006;315,56;315,56;315,56;315,56;Pkt.;0
09.06.2006;311,95;311,95;311,95;311,95;Pkt.;0
12.06.2006;305,16;305,16;305,16;305,16;Pkt.;0
13.06.2006;306,99;306,99;306,99;306,99;Pkt.;0
14.06.2006;313,47;313,47;313,47;313,47;Pkt.;0
15.06.2006;314,27;314,27;314,27;314,27;Pkt.;0
16.06.2006;312,06;312,06;312,06;312,06;Pkt.;0
19.06.2006;312,06;312,06;312,06;312,06;Pkt.;0
20.06.2006;314,47;314,47;314,47;314,47;Pkt.;0
21.06.2006;314,48;314,48;314,48;314,48;Pkt.;0
22.06.2006;313,89;313,89;313,89;313,89;Pkt.;0
23.06.2006;314,76;314,76;314,76;314,76;Pkt.;0
26.06.2006;313,39;313,39;313,39;313,39;Pkt.;0
27.06.2006;313,24;313,24;313,24;313,24;Pkt.;0
28.06.2006;319,61;319,61;319,61;319,61;Pkt.;0
29.06.2006;325,11;325,11;325,11;325,11;Pkt.;0
30.06.2006;325,11;327,30;325,11;327,30;Pkt.;0
03.07.2006;328,05;328,05;328,05;328,05;Pkt.;0
05.07.2006;323,69;325,19;323,69;325,19;Pkt.;0
06.07.2006;325,05;325,05;325,05;325,05;Pkt.;0
07.07.2006;325,35;325,35;325,35;325,35;Pkt.;0
10.07.2006;324,83;324,83;324,83;324,83;Pkt.;0
11.07.2006;322,05;322,05;322,05;322,05;Pkt.;0
12.07.2006;317,84;317,84;317,84;317,84;Pkt.;0
13.07.2006;313,99;313,99;313,99;313,99;Pkt.;0
14.07.2006;313,99;313,99;311,64;311,64;Pkt.;0
17.07.2006;310,51;310,51;310,51;310,51;Pkt.;0
18.07.2006;316,35;316,35;316,35;316,35;Pkt.;0
19.07.2006;317,47;317,47;317,47;317,47;Pkt.;0
20.07.2006;315,40;315,40;315,40;315,40;Pkt.;0
21.07.2006;315,40;319,08;315,40;319,08;Pkt.;0
24.07.2006;321,20;321,20;321,20;321,20;Pkt.;0
25.07.2006;321,20;321,24;321,20;321,24;Pkt.;0
26.07.2006;323,93;323,93;323,93;323,93;Pkt.;0
27.07.2006;327,24;327,24;327,24;327,24;Pkt.;0
28.07.2006;327,04;327,04;327,04;327,04;Pkt.;0
31.07.2006;324,85;324,85;324,85;324,85;Pkt.;0
01.08.2006;327,83;327,83;327,83;327,83;Pkt.;0
02.08.2006;327,03;327,03;327,03;327,03;Pkt.;0
03.08.2006;329,21;329,21;329,21;329,21;Pkt.;0
04.08.2006;329,21;329,21;326,55;326,55;Pkt.;0
07.08.2006;326,63;326,63;326,63;326,63;Pkt.;0
08.08.2006;326,63;327,49;326,63;327,49;Pkt.;0
09.08.2006;326,29;326,29;326,29;326,29;Pkt.;0
10.08.2006;325,44;325,44;325,44;325,44;Pkt.;0
11.08.2006;326,44;326,44;326,44;326,44;Pkt.;0
14.08.2006;326,44;330,11;326,44;330,11;Pkt.;0
15.08.2006;333,42;333,42;333,42;333,42;Pkt.;0
16.08.2006;334,19;334,19;334,19;334,19;Pkt.;0
17.08.2006;334,03;334,03;334,03;334,03;Pkt.;0
18.08.2006;334,03;334,03;333,74;333,74;Pkt.;0
21.08.2006;333,74;333,85;333,74;333,85;Pkt.;0
22.08.2006;332,34;332,34;332,34;332,34;Pkt.;0
23.08.2006;332,19;332,19;332,19;332,19;Pkt.;0
24.08.2006;331,43;331,43;331,43;331,43;Pkt.;0
25.08.2006;332,66;332,66;332,66;332,66;Pkt.;0
28.08.2006;333,54;333,54;333,54;333,54;Pkt.;0
29.08.2006;334,89;334,89;334,89;334,89;Pkt.;0
31.08.2006;336,42;336,42;336,42;336,42;Pkt.;0
01.09.2006;336,42;338,58;336,42;338,58;Pkt.;0
05.09.2006;338,06;338,06;334,37;334,37;Pkt.;0
06.09.2006;331,12;331,12;331,12;331,12;Pkt.;0
07.09.2006;331,43;331,43;331,43;331,43;Pkt.;0
08.09.2006;329,39;329,39;329,39;329,39;Pkt.;0
11.09.2006;332,19;332,19;332,19;332,19;Pkt.;0
12.09.2006;333,40;333,40;333,40;333,40;Pkt.;0
13.09.2006;334,16;334,16;334,16;334,16;Pkt.;0
14.09.2006;333,90;333,90;333,90;333,90;Pkt.;0
15.09.2006;334,81;334,81;334,81;334,81;Pkt.;0
18.09.2006;334,16;334,16;334,16;334,16;Pkt.;0
19.09.2006;334,16;335,09;334,16;335,09;Pkt.;0
20.09.2006;335,09;335,14;335,09;335,14;Pkt.;0
21.09.2006;333,53;333,53;333,53;333,53;Pkt.;0
22.09.2006;334,11;334,11;334,11;334,11;Pkt.;0
25.09.2006;335,98;335,98;335,98;335,98;Pkt.;0
26.09.2006;338,31;338,31;338,31;338,31;Pkt.;0
27.09.2006;338,91;338,91;338,91;338,91;Pkt.;0
28.09.2006;338,28;338,28;338,28;338,28;Pkt.;0
29.09.2006;338,28;338,87;338,28;338,87;Pkt.;0
02.10.2006;338,18;338,18;338,18;338,18;Pkt.;0
03.10.2006;338,18;339,95;338,18;339,95;Pkt.;0
04.10.2006;342,42;342,42;342,42;342,42;Pkt.;0
05.10.2006;342,42;342,42;340,84;340,84;Pkt.;0
06.10.2006;341,18;341,18;341,18;341,18;Pkt.;0
09.10.2006;341,81;341,81;341,81;341,81;Pkt.;0
10.10.2006;341,22;341,22;341,22;341,22;Pkt.;0
11.10.2006;343,59;343,59;343,59;343,59;Pkt.;0
12.10.2006;344,75;344,75;344,75;344,75;Pkt.;0
13.10.2006;346,51;346,51;346,51;346,51;Pkt.;0
16.10.2006;344,69;344,69;344,69;344,69;Pkt.;0
17.10.2006;345,68;345,68;345,68;345,68;Pkt.;0
18.10.2006;346,75;346,75;346,75;346,75;Pkt.;0
19.10.2006;346,75;347,47;346,75;347,47;Pkt.;0
20.10.2006;348,48;348,48;348,48;348,48;Pkt.;0
23.10.2006;348,69;348,69;348,69;348,69;Pkt.;0
24.10.2006;350,27;350,27;350,27;350,27;Pkt.;0
25.10.2006;352,44;352,44;352,44;352,44;Pkt.;0
26.10.2006;351,21;351,21;351,21;351,21;Pkt.;0
27.10.2006;349,99;349,99;349,99;349,99;Pkt.;0
30.10.2006;350,75;350,75;350,75;350,75;Pkt.;0
31.10.2006;350,17;350,17;350,17;350,17;Pkt.;0
01.11.2006;349,57;349,57;349,57;349,57;Pkt.;0
02.11.2006;349,10;349,10;349,10;349,10;Pkt.;0
03.11.2006;349,10;352,28;349,10;352,28;Pkt.;0
06.11.2006;354,50;354,50;354,50;354,50;Pkt.;0
07.11.2006;353,82;353,82;353,82;353,82;Pkt.;0
08.11.2006;352,93;352,93;352,93;352,93;Pkt.;0
09.11.2006;353,71;353,71;353,71;353,71;Pkt.;0
10.11.2006;353,27;353,27;353,27;353,27;Pkt.;0
13.11.2006;354,99;354,99;354,99;354,99;Pkt.;0
14.11.2006;355,94;355,94;355,94;355,94;Pkt.;0
15.11.2006;356,30;356,30;356,30;356,30;Pkt.;0
16.11.2006;355,54;355,54;355,54;355,54;Pkt.;0
17.11.2006;354,61;354,61;354,61;354,61;Pkt.;0
20.11.2006;355,68;355,68;355,68;355,68;Pkt.;0
21.11.2006;358,19;358,19;358,19;358,19;Pkt.;0
22.11.2006;358,37;358,37;358,37;358,37;Pkt.;0
24.11.2006;358,03;358,03;354,58;354,58;Pkt.;0
27.11.2006;354,47;354,47;354,47;354,47;Pkt.;0
28.11.2006;358,69;358,69;358,69;358,69;Pkt.;0
29.11.2006;360,04;360,04;360,04;360,04;Pkt.;0
30.11.2006;360,04;360,04;359,60;359,60;Pkt.;0
01.12.2006;361,78;361,78;361,78;361,78;Pkt.;0
04.12.2006;363,33;363,33;363,33;363,33;Pkt.;0
05.12.2006;363,82;363,82;363,82;363,82;Pkt.;0
06.12.2006;363,70;363,70;363,70;363,70;Pkt.;0
07.12.2006;363,70;363,70;363,68;363,68;Pkt.;0
08.12.2006;363,46;363,46;363,46;363,46;Pkt.;0
11.12.2006;363,46;363,79;363,46;363,79;Pkt.;0
12.12.2006;364,56;364,56;364,56;364,56;Pkt.;0
13.12.2006;366,96;366,96;366,96;366,96;Pkt.;0
14.12.2006;367,13;367,13;367,13;367,13;Pkt.;0
15.12.2006;366,39;366,39;366,39;366,39;Pkt.;0
18.12.2006;365,92;365,92;365,92;365,92;Pkt.;0
19.12.2006;367,15;367,15;367,15;367,15;Pkt.;0
20.12.2006;366,18;366,18;366,18;366,18;Pkt.;0
21.12.2006;364,72;364,72;364,72;364,72;Pkt.;0
22.12.2006;364,55;364,55;364,55;364,55;Pkt.;0
26.12.2006;365,16;368,17;365,16;368,17;Pkt.;0
27.12.2006;368,40;368,40;368,40;368,40;Pkt.;0
28.12.2006;367,78;367,78;367,78;367,78;Pkt.;0
29.12.2006;367,78;367,79;367,78;367,79;Pkt.;0
03.01.2007;370,68;370,68;367,76;367,76;Pkt.;0
04.01.2007;364,03;364,03;364,03;364,03;Pkt.;0
05.01.2007;364,22;364,22;364,22;364,22;Pkt.;0
08.01.2007;364,15;364,15;364,15;364,15;Pkt.;0
09.01.2007;362,13;362,13;362,13;362,13;Pkt.;0
10.01.2007;364,66;364,66;364,66;364,66;Pkt.;0
11.01.2007;367,76;367,76;367,76;367,76;Pkt.;0
12.01.2007;369,47;369,47;369,47;369,47;Pkt.;0
16.01.2007;368,71;368,76;368,71;368,76;Pkt.;0
17.01.2007;368,22;368,22;368,22;368,22;Pkt.;0
18.01.2007;369,53;369,53;369,53;369,53;Pkt.;0
19.01.2007;368,97;368,97;368,97;368,97;Pkt.;0
22.01.2007;370,50;370,50;370,50;370,50;Pkt.;0
23.01.2007;372,99;372,99;372,99;372,99;Pkt.;0
24.01.2007;370,49;370,49;370,49;370,49;Pkt.;0
25.01.2007;368,28;368,28;368,28;368,28;Pkt.;0
26.01.2007;368,42;368,42;368,42;368,42;Pkt.;0
29.01.2007;370,35;370,35;370,35;370,35;Pkt.;0
30.01.2007;371,20;371,20;371,20;371,20;Pkt.;0
31.01.2007;374,73;374,73;374,73;374,73;Pkt.;0
01.02.2007;375,33;375,33;375,33;375,33;Pkt.;0
02.02.2007;374,66;374,66;374,66;374,66;Pkt.;0
05.02.2007;376,04;376,04;376,04;376,04;Pkt.;0
06.02.2007;377,11;377,11;377,11;377,11;Pkt.;0
07.02.2007;375,75;375,75;375,75;375,75;Pkt.;0
08.02.2007;375,03;375,03;375,03;375,03;Pkt.;0
09.02.2007;372,91;372,91;372,91;372,91;Pkt.;0
12.02.2007;375,53;375,53;375,53;375,53;Pkt.;0
13.02.2007;379,74;379,74;379,74;379,74;Pkt.;0
14.02.2007;381,13;381,13;381,13;381,13;Pkt.;0
15.02.2007;380,69;380,69;380,69;380,69;Pkt.;0
16.02.2007;381,36;381,36;381,36;381,36;Pkt.;0
20.02.2007;381,49;381,49;380,17;380,17;Pkt.;0
21.02.2007;380,73;380,73;380,73;380,73;Pkt.;0
23.02.2007;381,93;381,93;381,93;381,93;Pkt.;0
26.02.2007;372,26;372,26;372,26;372,26;Pkt.;0
27.02.2007;368,78;368,78;368,78;368,78;Pkt.;0
28.02.2007;366,30;366,30;366,30;366,30;Pkt.;0
01.03.2007;363,54;363,54;363,54;363,54;Pkt.;0
02.03.2007;357,31;357,31;357,31;357,31;Pkt.;0
05.03.2007;362,60;362,60;362,60;362,60;Pkt.;0
06.03.2007;363,23;363,23;363,23;363,23;Pkt.;0
07.03.2007;366,77;366,77;366,77;366,77;Pkt.;0
08.03.2007;367,38;367,38;367,38;367,38;Pkt.;0
09.03.2007;368,77;368,77;368,77;368,77;Pkt.;0
12.03.2007;363,81;363,81;363,81;363,81;Pkt.;0
13.03.2007;360,21;360,21;360,21;360,21;Pkt.;0
14.03.2007;364,03;364,03;364,03;364,03;Pkt.;0
15.03.2007;363,63;363,63;363,63;363,63;Pkt.;0
16.03.2007;363,63;367,82;363,63;367,82;Pkt.;0
19.03.2007;370,34;370,34;370,34;370,34;Pkt.;0
20.03.2007;374,18;374,18;374,18;374,18;Pkt.;0
21.03.2007;377,47;377,47;377,47;377,47;Pkt.;0
22.03.2007;377,99;377,99;377,99;377,99;Pkt.;0
23.03.2007;377,99;377,99;377,65;377,65;Pkt.;0
26.03.2007;376,02;376,02;376,02;376,02;Pkt.;0
27.03.2007;376,02;376,02;373,92;373,92;Pkt.;0
28.03.2007;375,55;375,55;375,55;375,55;Pkt.;0
29.03.2007;375,30;375,30;375,30;375,30;Pkt.;0
30.03.2007;375,30;376,18;375,30;376,18;Pkt.;0
02.04.2007;379,71;379,71;379,71;379,71;Pkt.;0
03.04.2007;381,37;381,37;381,37;381,37;Pkt.;0
04.04.2007;382,43;382,43;382,43;382,43;Pkt.;0
05.04.2007;382,35;382,35;382,35;382,35;Pkt.;0
09.04.2007;382,35;384,44;382,27;384,44;Pkt.;0
10.04.2007;383,29;383,29;383,29;383,29;Pkt.;0
11.04.2007;384,36;384,36;384,36;384,36;Pkt.;0
12.04.2007;385,61;385,61;385,61;385,61;Pkt.;0
13.04.2007;390,10;390,10;390,10;390,10;Pkt.;0
16.04.2007;390,66;390,66;390,66;390,66;Pkt.;0
17.04.2007;390,92;390,92;390,92;390,92;Pkt.;0
18.04.2007;390,92;390,92;389,08;389,08;Pkt.;0
19.04.2007;392,67;392,67;392,67;392,67;Pkt.;0
20.04.2007;392,67;392,67;391,95;391,95;Pkt.;0
23.04.2007;391,22;391,22;391,22;391,22;Pkt.;0
24.04.2007;393,83;393,83;393,83;393,83;Pkt.;0
25.04.2007;393,40;393,40;393,40;393,40;Pkt.;0
26.04.2007;392,76;392,76;392,76;392,76;Pkt.;0
27.04.2007;392,76;392,76;391,14;391,14;Pkt.;0
30.04.2007;390,68;390,68;390,68;390,68;Pkt.;0
01.05.2007;393,14;393,14;393,14;393,14;Pkt.;0
02.05.2007;393,14;394,44;393,14;394,44;Pkt.;0
03.05.2007;396,45;396,45;396,45;396,45;Pkt.;0
04.05.2007;398,40;398,40;398,40;398,40;Pkt.;0
07.05.2007;396,07;396,07;396,07;396,07;Pkt.;0
08.05.2007;397,71;397,71;397,71;397,71;Pkt.;0
09.05.2007;397,71;397,71;397,71;397,71;Pkt.;0
11.05.2007;393,46;395,58;393,46;395,58;Pkt.;0
14.05.2007;395,67;395,67;395,67;395,67;Pkt.;0
15.05.2007;396,91;396,91;396,91;396,91;Pkt.;0
16.05.2007;396,25;396,25;396,25;396,25;Pkt.;0
17.05.2007;398,43;398,43;398,43;398,43;Pkt.;0
18.05.2007;398,89;398,89;398,89;398,89;Pkt.;0
21.05.2007;399,39;399,39;399,39;399,39;Pkt.;0
22.05.2007;400,59;400,59;400,59;400,59;Pkt.;0
23.05.2007;396,61;396,61;396,61;396,61;Pkt.;0
24.05.2007;397,22;397,22;397,22;397,22;Pkt.;0
25.05.2007;397,22;397,73;397,22;397,73;Pkt.;0
29.05.2007;398,70;399,12;398,70;399,12;Pkt.;0
30.05.2007;401,52;401,52;401,52;401,52;Pkt.;0
31.05.2007;403,99;403,99;403,99;403,99;Pkt.;0
01.06.2007;405,19;405,19;405,19;405,19;Pkt.;0
04.06.2007;403,98;403,98;403,98;403,98;Pkt.;0
05.06.2007;399,77;399,77;399,77;399,77;Pkt.;0
06.06.2007;394,41;394,41;394,41;394,41;Pkt.;0
07.06.2007;394,23;394,23;394,23;394,23;Pkt.;0
08.06.2007;394,23;395,71;394,23;395,71;Pkt.;0
11.06.2007;395,71;395,71;392,70;392,70;Pkt.;0
12.06.2007;395,33;395,33;395,33;395,33;Pkt.;0
13.06.2007;395,33;399,15;395,33;399,15;Pkt.;0
14.06.2007;403,25;403,25;403,25;403,25;Pkt.;0
15.06.2007;403,25;403,72;403,25;403,72;Pkt.;0
18.06.2007;403,72;403,82;403,72;403,82;Pkt.;0
19.06.2007;401,96;401,96;401,96;401,96;Pkt.;0
20.06.2007;401,84;401,84;401,84;401,84;Pkt.;0
21.06.2007;398,98;398,98;398,98;398,98;Pkt.;0
22.06.2007;398,98;398,98;397,70;397,70;Pkt.;0
25.06.2007;397,70;397,70;396,20;396,20;Pkt.;0
26.06.2007;396,07;396,07;396,07;396,07;Pkt.;0
27.06.2007;398,31;398,31;398,31;398,31;Pkt.;0
28.06.2007;399,79;399,79;399,79;399,79;Pkt.;0
29.06.2007;399,79;403,53;399,79;403,53;Pkt.;0
02.07.2007;403,53;405,79;403,53;405,79;Pkt.;0
03.07.2007;406,70;406,70;406,70;406,70;Pkt.;0
05.07.2007;406,05;407,96;406,05;407,96;Pkt.;0
06.07.2007;407,96;409,42;407,96;409,42;Pkt.;0
09.07.2007;406,40;406,40;406,40;406,40;Pkt.;0
10.07.2007;406,81;406,81;406,81;406,81;Pkt.;0
11.07.2007;412,16;412,16;412,16;412,16;Pkt.;0
12.07.2007;414,66;414,66;414,66;414,66;Pkt.;0
13.07.2007;414,66;414,66;414,29;414,29;Pkt.;0
16.07.2007;413,79;413,79;413,79;413,79;Pkt.;0
17.07.2007;411,71;411,71;411,71;411,71;Pkt.;0
18.07.2007;414,62;414,62;414,62;414,62;Pkt.;0
19.07.2007;411,98;411,98;411,98;411,98;Pkt.;0
20.07.2007;411,98;413,22;411,98;413,22;Pkt.;0
23.07.2007;407,75;407,75;407,75;407,75;Pkt.;0
24.07.2007;407,75;407,75;405,65;405,65;Pkt.;0
25.07.2007;405,65;405,65;396,66;396,66;Pkt.;0
26.07.2007;390,07;390,07;390,07;390,07;Pkt.;0
27.07.2007;392,35;392,35;392,35;392,35;Pkt.;0
30.07.2007;393,34;393,34;393,34;393,34;Pkt.;0
31.07.2007;393,34;393,34;389,87;389,87;Pkt.;0
01.08.2007;392,02;392,02;392,02;392,02;Pkt.;0
02.08.2007;386,86;386,86;386,86;386,86;Pkt.;0
03.08.2007;388,90;388,90;388,90;388,90;Pkt.;0
06.08.2007;391,19;391,19;391,19;391,19;Pkt.;0
07.08.2007;398,05;398,05;398,05;398,05;Pkt.;0
08.08.2007;389,72;389,72;389,72;389,72;Pkt.;0
09.08.2007;383,15;383,15;383,15;383,15;Pkt.;0
10.08.2007;385,35;385,35;385,35;385,35;Pkt.;0
13.08.2007;379,81;379,81;379,81;379,81;Pkt.;0
14.08.2007;373,77;373,77;373,77;373,77;Pkt.;0
15.08.2007;366,99;366,99;366,99;366,99;Pkt.;0
16.08.2007;366,99;372,66;366,99;372,66;Pkt.;0
17.08.2007;372,66;375,99;372,66;375,99;Pkt.;0
20.08.2007;377,25;377,25;377,25;377,25;Pkt.;0
21.08.2007;382,32;382,32;382,32;382,32;Pkt.;0
22.08.2007;384,83;384,83;384,83;384,83;Pkt.;0
23.08.2007;387,82;387,82;387,82;387,82;Pkt.;0
24.08.2007;387,56;387,56;387,56;387,56;Pkt.;0
27.08.2007;381,00;381,00;381,00;381,00;Pkt.;0
28.08.2007;384,56;384,56;384,56;384,56;Pkt.;0
29.08.2007;385,82;385,82;385,82;385,82;Pkt.;0
31.08.2007;391,91;391,91;391,91;391,91;Pkt.;0
04.09.2007;391,91;394,20;390,16;390,16;Pkt.;0
05.09.2007;392,11;392,11;392,11;392,11;Pkt.;0
06.09.2007;387,26;387,26;387,26;387,26;Pkt.;0
07.09.2007;384,78;384,78;384,78;384,78;Pkt.;0
10.09.2007;390,13;390,13;390,13;390,13;Pkt.;0
11.09.2007;391,11;391,11;391,11;391,11;Pkt.;0
12.09.2007;393,65;393,65;393,65;393,65;Pkt.;0
13.09.2007;393,34;393,34;393,34;393,34;Pkt.;0
14.09.2007;390,21;390,21;390,21;390,21;Pkt.;0
17.09.2007;396,30;396,30;396,30;396,30;Pkt.;0
18.09.2007;404,47;404,47;404,47;404,47;Pkt.;0
19.09.2007;404,78;404,78;404,78;404,78;Pkt.;0
20.09.2007;405,98;405,98;405,98;405,98;Pkt.;0
21.09.2007;405,94;405,94;405,94;405,94;Pkt.;0
24.09.2007;405,31;405,31;405,31;405,31;Pkt.;0
25.09.2007;407,25;407,25;407,25;407,25;Pkt.;0
26.09.2007;407,25;411,34;407,25;411,34;Pkt.;0
27.09.2007;411,92;411,92;411,92;411,92;Pkt.;0
28.09.2007;415,88;415,88;415,88;415,88;Pkt.;0
01.10.2007;417,07;417,07;417,07;417,07;Pkt.;0
02.10.2007;416,13;416,13;416,13;416,13;Pkt.;0
03.10.2007;416,05;416,05;416,05;416,05;Pkt.;0
04.10.2007;420,18;420,18;420,18;420,18;Pkt.;0
05.10.2007;418,38;418,38;418,38;418,38;Pkt.;0
08.10.2007;421,52;421,52;421,52;421,52;Pkt.;0
09.10.2007;422,57;422,57;422,57;422,57;Pkt.;0
10.10.2007;424,31;424,31;424,31;424,31;Pkt.;0
11.10.2007;423,88;423,88;423,88;423,88;Pkt.;0
12.10.2007;422,00;422,00;422,00;422,00;Pkt.;0
15.10.2007;417,61;417,61;417,61;417,61;Pkt.;0
16.10.2007;418,98;418,98;418,98;418,98;Pkt.;0
17.10.2007;419,53;419,53;419,53;419,53;Pkt.;0
18.10.2007;412,59;412,59;412,59;412,59;Pkt.;0
19.10.2007;408,69;408,69;408,69;408,69;Pkt.;0
22.10.2007;414,14;414,14;414,14;414,14;Pkt.;0
23.10.2007;412,76;412,76;412,76;412,76;Pkt.;0
24.10.2007;415,14;415,14;415,14;415,14;Pkt.;0
25.10.2007;421,42;421,42;421,42;421,42;Pkt.;0
26.10.2007;421,42;425,46;421,42;425,46;Pkt.;0
29.10.2007;423,26;423,26;423,26;423,26;Pkt.;0
30.10.2007;427,63;427,63;427,63;427,63;Pkt.;0
31.10.2007;420,71;420,71;420,71;420,71;Pkt.;0
01.11.2007;418,69;418,69;418,69;418,69;Pkt.;0
02.11.2007;415,05;415,05;415,05;415,05;Pkt.;0
05.11.2007;419,52;419,52;419,52;419,52;Pkt.;0
06.11.2007;414,66;414,66;414,66;414,66;Pkt.;0
07.11.2007;411,81;411,81;411,81;411,81;Pkt.;0
08.11.2007;406,48;406,48;406,48;406,48;Pkt.;0
09.11.2007;399,91;399,91;399,91;399,91;Pkt.;0
12.11.2007;405,98;405,98;405,98;405,98;Pkt.;0
13.11.2007;405,98;408,76;405,98;408,76;Pkt.;0
14.11.2007;403,08;403,08;403,08;403,08;Pkt.;0
15.11.2007;401,50;401,50;401,50;401,50;Pkt.;0
16.11.2007;395,10;395,10;395,10;395,10;Pkt.;0
19.11.2007;398,54;398,54;398,54;398,54;Pkt.;0
20.11.2007;390,75;390,75;390,75;390,75;Pkt.;0
21.11.2007;391,69;391,69;391,69;391,69;Pkt.;0
23.11.2007;396,16;396,16;393,68;393,68;Pkt.;0
26.11.2007;395,11;395,11;395,11;395,11;Pkt.;0
27.11.2007;402,51;402,51;402,51;402,51;Pkt.;0
28.11.2007;402,51;405,44;402,51;405,44;Pkt.;0
29.11.2007;408,11;408,11;408,11;408,11;Pkt.;0
30.11.2007;406,60;406,60;406,60;406,60;Pkt.;0
03.12.2007;404,26;404,26;404,26;404,26;Pkt.;0
04.12.2007;408,86;408,86;408,86;408,86;Pkt.;0
05.12.2007;412,43;412,43;412,43;412,43;Pkt.;0
06.12.2007;413,89;413,89;413,89;413,89;Pkt.;0
07.12.2007;413,89;416,18;413,89;416,18;Pkt.;0
10.12.2007;411,45;411,45;411,45;411,45;Pkt.;0
11.12.2007;411,89;411,89;411,89;411,89;Pkt.;0
12.12.2007;405,95;405,95;405,95;405,95;Pkt.;0
13.12.2007;400,98;400,98;400,98;400,98;Pkt.;0
14.12.2007;392,88;392,88;392,88;392,88;Pkt.;0
17.12.2007;394,00;394,00;394,00;394,00;Pkt.;0
18.12.2007;393,28;393,28;393,28;393,28;Pkt.;0
19.12.2007;394,26;394,26;394,26;394,26;Pkt.;0
20.12.2007;400,31;400,31;400,31;400,31;Pkt.;0
21.12.2007;403,11;403,11;403,11;403,11;Pkt.;0
24.12.2007;403,78;403,78;403,78;403,78;Pkt.;0
26.12.2007;405,29;405,29;403,66;403,66;Pkt.;0
27.12.2007;404,65;404,65;404,65;404,65;Pkt.;0
28.12.2007;403,25;403,25;403,25;403,25;Pkt.;0
31.12.2007;403,26;403,26;403,26;403,26;Pkt.;0
02.01.2008;400,47;400,47;399,81;399,81;Pkt.;0
03.01.2008;392,26;392,26;392,26;392,26;Pkt.;0
04.01.2008;390,23;390,23;390,23;390,23;Pkt.;0
07.01.2008;388,39;388,39;388,39;388,39;Pkt.;0
08.01.2008;389,27;389,27;389,27;389,27;Pkt.;0
09.01.2008;389,10;389,10;389,10;389,10;Pkt.;0
10.01.2008;385,68;385,68;385,68;385,68;Pkt.;0
11.01.2008;389,07;389,07;389,07;389,07;Pkt.;0
14.01.2008;380,13;380,13;380,13;380,13;Pkt.;0
15.01.2008;372,82;372,82;372,82;372,82;Pkt.;0
16.01.2008;367,90;367,90;367,90;367,90;Pkt.;0
17.01.2008;365,26;365,26;365,26;365,26;Pkt.;0
18.01.2008;353,25;353,25;353,25;353,25;Pkt.;0
22.01.2008;351,34;353,14;351,34;353,14;Pkt.;0
23.01.2008;363,81;363,81;363,81;363,81;Pkt.;0
24.01.2008;364,60;364,60;364,60;364,60;Pkt.;0
25.01.2008;364,73;364,73;364,73;364,73;Pkt.;0
28.01.2008;368,63;368,63;368,63;368,63;Pkt.;0
29.01.2008;366,21;366,21;366,21;366,21;Pkt.;0
30.01.2008;369,94;369,94;369,94;369,94;Pkt.;0
31.01.2008;375,86;375,86;375,86;375,86;Pkt.;0
01.02.2008;375,96;375,96;375,96;375,96;Pkt.;0
04.02.2008;364,58;364,58;364,58;364,58;Pkt.;0
05.02.2008;361,24;361,24;361,24;361,24;Pkt.;0
06.02.2008;358,97;358,97;358,97;358,97;Pkt.;0
07.02.2008;358,53;358,53;358,53;358,53;Pkt.;0
08.02.2008;358,09;358,09;358,09;358,09;Pkt.;0
11.02.2008;364,05;364,05;364,05;364,05;Pkt.;0
12.02.2008;366,08;366,08;366,08;366,08;Pkt.;0
13.02.2008;367,08;367,08;367,08;367,08;Pkt.;0
14.02.2008;365,55;365,55;365,55;365,55;Pkt.;0
15.02.2008;367,28;367,28;367,28;367,28;Pkt.;0
18.02.2008;369,42;369,42;369,42;369,42;Pkt.;0
19.02.2008;366,60;366,60;366,60;366,60;Pkt.;0
20.02.2008;368,08;368,08;368,08;368,08;Pkt.;0
21.02.2008;368,28;368,28;368,28;368,28;Pkt.;0
22.02.2008;373,84;373,84;373,84;373,84;Pkt.;0
25.02.2008;377,75;377,75;377,75;377,75;Pkt.;0
26.02.2008;380,86;380,86;380,86;380,86;Pkt.;0
27.02.2008;378,03;378,03;378,03;378,03;Pkt.;0
28.02.2008;370,41;370,41;370,41;370,41;Pkt.;0
29.02.2008;366,46;366,46;366,46;366,46;Pkt.;0
03.03.2008;364,16;364,16;364,16;364,16;Pkt.;0
04.03.2008;367,09;367,09;367,09;367,09;Pkt.;0
05.03.2008;363,76;363,76;363,76;363,76;Pkt.;0
06.03.2008;358,60;358,60;358,60;358,60;Pkt.;0
10.03.2008;360,78;360,78;360,78;360,78;Pkt.;0
11.03.2008;363,52;363,52;363,52;363,52;Pkt.;0
12.03.2008;361,84;361,84;361,84;361,84;Pkt.;0
13.03.2008;356,93;356,93;356,93;356,93;Pkt.;0
14.03.2008;348,54;348,54;348,54;348,54;Pkt.;0
17.03.2008;359,64;359,64;359,64;359,64;Pkt.;0
18.03.2008;354,23;354,23;354,23;354,23;Pkt.;0
19.03.2008;354,23;354,39;354,23;354,39;Pkt.;0
20.03.2008;355,20;355,20;355,20;355,20;Pkt.;0
21.03.2008;358,24;358,24;358,24;358,24;Pkt.;0
24.03.2008;366,44;366,44;366,44;366,44;Pkt.;0
25.03.2008;366,20;366,20;366,20;366,20;Pkt.;0
26.03.2008;366,20;366,20;365,47;365,47;Pkt.;0
27.03.2008;363,89;363,89;363,89;363,89;Pkt.;0
28.03.2008;363,99;363,99;363,99;363,99;Pkt.;0
31.03.2008;371,15;371,15;371,15;371,15;Pkt.;0
01.04.2008;375,06;375,06;375,06;375,06;Pkt.;0
02.04.2008;376,21;376,21;376,21;376,21;Pkt.;0
03.04.2008;376,21;377,89;376,21;377,89;Pkt.;0
04.04.2008;379,80;379,80;379,80;379,80;Pkt.;0
07.04.2008;376,90;376,90;376,90;376,90;Pkt.;0
08.04.2008;374,56;374,56;374,56;374,56;Pkt.;0
09.04.2008;375,48;375,48;375,48;375,48;Pkt.;0
10.04.2008;371,45;371,45;371,45;371,45;Pkt.;0
11.04.2008;368,60;368,60;368,60;368,60;Pkt.;0
14.04.2008;370,08;370,08;370,08;370,08;Pkt.;0
15.04.2008;378,36;378,36;378,36;378,36;Pkt.;0
16.04.2008;377,97;377,97;377,97;377,97;Pkt.;0
17.04.2008;381,72;381,72;381,72;381,72;Pkt.;0
18.04.2008;381,72;383,95;381,72;383,95;Pkt.;0
21.04.2008;381,95;381,95;381,95;381,95;Pkt.;0
22.04.2008;382,31;382,31;382,31;382,31;Pkt.;0
23.04.2008;381,28;381,28;381,28;381,28;Pkt.;0
24.04.2008;384,45;384,45;384,45;384,45;Pkt.;0
25.04.2008;385,44;385,44;385,44;385,44;Pkt.;0
28.04.2008;383,11;383,11;383,11;383,11;Pkt.;0
29.04.2008;383,30;383,30;383,30;383,30;Pkt.;0
30.04.2008;384,91;384,91;384,91;384,91;Pkt.;0
01.05.2008;388,66;388,66;388,66;388,66;Pkt.;0
02.05.2008;388,64;388,64;388,64;388,64;Pkt.;0
05.05.2008;390,54;390,54;390,54;390,54;Pkt.;0
06.05.2008;390,54;390,54;387,05;387,05;Pkt.;0
07.05.2008;387,65;387,65;387,65;387,65;Pkt.;0
08.05.2008;384,25;384,25;384,25;384,25;Pkt.;0
09.05.2008;387,36;387,36;387,36;387,36;Pkt.;0
12.05.2008;387,67;387,67;387,67;387,67;Pkt.;0
13.05.2008;388,80;388,80;388,80;388,80;Pkt.;0
14.05.2008;392,63;392,63;392,63;392,63;Pkt.;0
15.05.2008;395,59;395,59;395,59;395,59;Pkt.;0
16.05.2008;397,08;397,08;397,08;397,08;Pkt.;0
19.05.2008;393,60;393,60;393,60;393,60;Pkt.;0
20.05.2008;390,15;390,15;390,15;390,15;Pkt.;0
21.05.2008;390,07;390,07;390,07;390,07;Pkt.;0
22.05.2008;385,80;385,80;385,80;385,80;Pkt.;0
23.05.2008;383,98;383,98;383,98;383,98;Pkt.;0
27.05.2008;384,21;384,83;384,21;384,83;Pkt.;0
28.05.2008;386,24;386,24;386,24;386,24;Pkt.;0
29.05.2008;387,75;387,75;387,75;387,75;Pkt.;0
30.05.2008;387,75;387,75;385,48;385,48;Pkt.;0
02.06.2008;383,32;383,32;383,32;383,32;Pkt.;0
03.06.2008;381,62;381,62;381,62;381,62;Pkt.;0
04.06.2008;385,20;385,20;385,20;385,20;Pkt.;0
05.06.2008;380,17;380,17;380,17;380,17;Pkt.;0
06.06.2008;377,91;377,91;377,91;377,91;Pkt.;0
09.06.2008;372,35;372,35;372,35;372,35;Pkt.;0
10.06.2008;368,52;368,52;368,52;368,52;Pkt.;0
11.06.2008;366,90;366,90;366,90;366,90;Pkt.;0
12.06.2008;369,61;369,61;369,61;369,61;Pkt.;0
13.06.2008;371,81;371,81;371,81;371,81;Pkt.;0
16.06.2008;372,48;372,48;372,48;372,48;Pkt.;0
17.06.2008;372,48;372,48;369,62;369,62;Pkt.;0
18.06.2008;367,66;367,66;367,66;367,66;Pkt.;0
19.06.2008;362,63;362,63;362,63;362,63;Pkt.;0
20.06.2008;360,89;360,89;360,89;360,89;Pkt.;0
23.06.2008;359,82;359,82;359,82;359,82;Pkt.;0
24.06.2008;362,01;362,01;362,01;362,01;Pkt.;0
25.06.2008;356,15;356,15;356,15;356,15;Pkt.;0
26.06.2008;354,29;354,29;354,29;354,29;Pkt.;0
27.06.2008;355,40;355,40;355,40;355,40;Pkt.;0
30.06.2008;352,56;352,56;352,56;352,56;Pkt.;0
01.07.2008;348,28;348,28;348,28;348,28;Pkt.;0
02.07.2008;346,81;346,81;346,81;346,81;Pkt.;0
03.07.2008;345,39;345,39;345,39;345,39;Pkt.;0
07.07.2008;345,22;345,22;344,85;344,85;Pkt.;0
08.07.2008;344,45;344,45;344,45;344,45;Pkt.;0
09.07.2008;344,02;344,02;344,02;344,02;Pkt.;0
10.07.2008;341,03;341,03;341,03;341,03;Pkt.;0
11.07.2008;340,17;340,17;340,17;340,17;Pkt.;0
14.07.2008;335,20;335,20;335,20;335,20;Pkt.;0
15.07.2008;338,23;338,23;338,23;338,23;Pkt.;0
16.07.2008;343,84;343,84;343,84;343,84;Pkt.;0
17.07.2008;344,06;344,06;344,06;344,06;Pkt.;0
18.07.2008;346,28;346,28;346,28;346,28;Pkt.;0
21.07.2008;347,95;347,95;347,95;347,95;Pkt.;0
22.07.2008;350,25;350,25;350,25;350,25;Pkt.;0
23.07.2008;345,24;345,24;345,24;345,24;Pkt.;0
24.07.2008;343,74;343,74;343,74;343,74;Pkt.;0
25.07.2008;340,40;340,40;340,40;340,40;Pkt.;0
28.07.2008;341,74;341,74;341,74;341,74;Pkt.;0
29.07.2008;347,48;347,48;347,48;347,48;Pkt.;0
30.07.2008;345,75;345,75;345,75;345,75;Pkt.;0
31.07.2008;341,98;341,98;341,98;341,98;Pkt.;0
01.08.2008;338,20;338,20;338,20;338,20;Pkt.;0
04.08.2008;342,81;342,81;342,81;342,81;Pkt.;0
05.08.2008;345,19;345,19;345,19;345,19;Pkt.;0
06.08.2008;341,23;341,23;341,23;341,23;Pkt.;0
07.08.2008;341,80;341,80;341,80;341,80;Pkt.;0
08.08.2008;344,48;344,48;344,48;344,48;Pkt.;0
11.08.2008;341,34;341,34;341,34;341,34;Pkt.;0
12.08.2008;337,56;337,56;337,56;337,56;Pkt.;0
13.08.2008;339,19;339,19;339,19;339,19;Pkt.;0
14.08.2008;337,78;337,78;337,78;337,78;Pkt.;0
15.08.2008;335,61;335,61;335,61;335,61;Pkt.;0
18.08.2008;330,28;330,28;330,28;330,28;Pkt.;0
19.08.2008;332,80;332,80;332,80;332,80;Pkt.;0
20.08.2008;333,78;333,78;333,78;333,78;Pkt.;0
21.08.2008;335,97;335,97;335,97;335,97;Pkt.;0
22.08.2008;332,75;332,75;332,75;332,75;Pkt.;0
25.08.2008;331,78;331,78;331,78;331,78;Pkt.;0
26.08.2008;334,29;334,29;334,29;334,29;Pkt.;0
27.08.2008;338,19;338,19;338,19;338,19;Pkt.;0
28.08.2008;337,61;337,61;337,61;337,61;Pkt.;0
29.08.2008;334,71;334,71;334,71;334,71;Pkt.;0
02.09.2008;332,91;332,91;329,95;329,95;Pkt.;0
03.09.2008;321,14;321,14;321,14;321,14;Pkt.;0
04.09.2008;317,51;317,51;317,51;317,51;Pkt.;0
05.09.2008;324,97;324,97;324,97;324,97;Pkt.;0
08.09.2008;316,37;316,37;316,37;316,37;Pkt.;0
09.09.2008;315,86;315,86;315,86;315,86;Pkt.;0
10.09.2008;314,86;314,86;314,86;314,86;Pkt.;0
11.09.2008;319,95;319,95;319,95;319,95;Pkt.;0
12.09.2008;308,45;308,45;308,45;308,45;Pkt.;0
15.09.2008;304,93;304,93;304,93;304,93;Pkt.;0
16.09.2008;296,11;296,11;296,11;296,11;Pkt.;0
17.09.2008;301,75;301,75;301,75;301,75;Pkt.;0
18.09.2008;320,32;320,32;320,32;320,32;Pkt.;0
19.09.2008;315,83;315,83;315,83;315,83;Pkt.;0
22.09.2008;311,50;311,50;311,50;311,50;Pkt.;0
23.09.2008;310,27;310,27;310,27;310,27;Pkt.;0
24.09.2008;314,38;314,38;314,38;314,38;Pkt.;0
25.09.2008;314,38;314,38;311,40;311,40;Pkt.;0
26.09.2008;290,10;290,10;290,10;290,10;Pkt.;0
29.09.2008;290,10;294,79;290,10;294,79;Pkt.;0
30.09.2008;295,18;295,18;295,18;295,18;Pkt.;0
01.10.2008;284,56;284,56;284,56;284,56;Pkt.;0
02.10.2008;283,27;283,27;283,27;283,27;Pkt.;0
03.10.2008;265,87;265,87;265,87;265,87;Pkt.;0
06.10.2008;257,96;257,96;257,96;257,96;Pkt.;0
07.10.2008;247,86;247,86;247,86;247,86;Pkt.;0
08.10.2008;238,14;238,14;238,14;238,14;Pkt.;0
09.10.2008;226,42;226,42;226,42;226,42;Pkt.;0
10.10.2008;247,51;247,51;247,51;247,51;Pkt.;0
13.10.2008;254,68;254,68;254,68;254,68;Pkt.;0
14.10.2008;236,58;236,58;236,58;236,58;Pkt.;0
15.10.2008;231,83;231,83;231,83;231,83;Pkt.;0
16.10.2008;231,83;234,57;231,83;234,57;Pkt.;0
17.10.2008;244,13;244,13;244,13;244,13;Pkt.;0
20.10.2008;239,82;239,82;239,82;239,82;Pkt.;0
21.10.2008;224,14;224,14;224,14;224,14;Pkt.;0
22.10.2008;223,55;223,55;223,55;223,55;Pkt.;0
23.10.2008;223,55;223,55;213,27;213,27;Pkt.;0
24.10.2008;204,10;204,10;204,10;204,10;Pkt.;0
27.10.2008;218,29;218,29;218,29;218,29;Pkt.;0
28.10.2008;226,34;226,34;226,34;226,34;Pkt.;0
29.10.2008;234,62;234,62;234,62;234,62;Pkt.;0
30.10.2008;236,11;236,11;236,11;236,11;Pkt.;0
31.10.2008;237,59;237,59;237,59;237,59;Pkt.;0
03.11.2008;248,64;248,64;248,64;248,64;Pkt.;0
04.11.2008;243,00;243,00;243,00;243,00;Pkt.;0
05.11.2008;228,42;228,42;228,42;228,42;Pkt.;0
06.11.2008;231,87;231,87;231,87;231,87;Pkt.;0
07.11.2008;232,89;232,89;232,89;232,89;Pkt.;0
10.11.2008;224,13;224,13;224,13;224,13;Pkt.;0
11.11.2008;215,15;215,15;215,15;215,15;Pkt.;0
12.11.2008;220,17;220,17;220,17;220,17;Pkt.;0
13.11.2008;217,15;217,15;217,15;217,15;Pkt.;0
14.11.2008;217,15;217,15;212,15;212,15;Pkt.;0
17.11.2008;212,01;212,01;212,01;212,01;Pkt.;0
18.11.2008;202,66;202,66;202,66;202,66;Pkt.;0
19.11.2008;190,47;190,47;190,47;190,47;Pkt.;0
20.11.2008;195,82;195,82;195,82;195,82;Pkt.;0
21.11.2008;208,70;208,70;208,70;208,70;Pkt.;0
24.11.2008;212,39;212,39;212,39;212,39;Pkt.;0
25.11.2008;215,93;215,93;215,93;215,93;Pkt.;0
26.11.2008;218,18;218,18;218,18;218,18;Pkt.;0
28.11.2008;220,05;220,05;205,51;205,51;Pkt.;0
01.12.2008;208,73;208,73;208,73;208,73;Pkt.;0
02.12.2008;211,82;211,82;211,82;211,82;Pkt.;0
03.12.2008;208,26;208,26;208,26;208,26;Pkt.;0
04.12.2008;208,96;208,96;208,96;208,96;Pkt.;0
05.12.2008;220,87;220,87;220,87;220,87;Pkt.;0
08.12.2008;219,27;219,27;219,27;219,27;Pkt.;0
09.12.2008;222,78;222,78;222,78;222,78;Pkt.;0
10.12.2008;221,50;221,50;221,50;221,50;Pkt.;0
11.12.2008;219,29;219,29;219,29;219,29;Pkt.;0
12.12.2008;221,02;221,02;221,02;221,02;Pkt.;0
15.12.2008;227,16;227,16;227,16;227,16;Pkt.;0
16.12.2008;230,18;230,18;230,18;230,18;Pkt.;0
17.12.2008;228,39;228,39;228,39;228,39;Pkt.;0
18.12.2008;228,39;228,39;225,27;225,27;Pkt.;0
19.12.2008;221,54;221,54;221,54;221,54;Pkt.;0
22.12.2008;220,11;220,11;220,11;220,11;Pkt.;0
23.12.2008;219,95;219,95;219,95;219,95;Pkt.;0
24.12.2008;220,16;220,16;220,16;220,16;Pkt.;0
26.12.2008;221,09;223,03;221,09;223,03;Pkt.;0
29.12.2008;226,68;226,68;226,68;226,68;Pkt.;0
30.12.2008;227,68;227,68;227,68;227,68;Pkt.;0
31.12.2008;227,73;227,73;227,73;227,73;Pkt.;0
02.01.2009;233,98;234,50;233,98;234,50;Pkt.;0
05.01.2009;235,82;235,82;235,82;235,82;Pkt.;0
06.01.2009;233,09;233,09;233,09;233,09;Pkt.;0
07.01.2009;232,22;232,22;232,22;232,22;Pkt.;0
08.01.2009;228,38;228,38;228,38;228,38;Pkt.;0
09.01.2009;223,21;223,21;223,21;223,21;Pkt.;0
12.01.2009;220,17;220,17;220,17;220,17;Pkt.;0
13.01.2009;213,78;213,78;213,78;213,78;Pkt.;0
14.01.2009;211,17;211,17;211,17;211,17;Pkt.;0
15.01.2009;214,39;214,39;214,39;214,39;Pkt.;0
16.01.2009;212,84;212,84;212,84;212,84;Pkt.;0
20.01.2009;203,94;207,39;203,94;207,39;Pkt.;0
21.01.2009;205,57;205,57;205,57;205,57;Pkt.;0
22.01.2009;204,17;204,17;204,17;204,17;Pkt.;0
23.01.2009;208,20;208,20;208,20;208,20;Pkt.;0
26.01.2009;211,12;211,12;211,12;211,12;Pkt.;0
27.01.2009;217,12;217,12;217,12;217,12;Pkt.;0
28.01.2009;212,40;212,40;212,40;212,40;Pkt.;0
29.01.2009;208,02;208,02;208,02;208,02;Pkt.;0
30.01.2009;205,33;205,33;205,33;205,33;Pkt.;0
02.02.2009;208,97;208,97;208,97;208,97;Pkt.;0
03.02.2009;210,31;210,31;210,31;210,31;Pkt.;0
04.02.2009;211,45;211,45;211,45;211,45;Pkt.;0
05.02.2009;216,23;216,23;216,23;216,23;Pkt.;0
06.02.2009;216,23;217,90;216,23;217,90;Pkt.;0
09.02.2009;210,93;210,93;210,93;210,93;Pkt.;0
10.02.2009;210,33;210,33;210,33;210,33;Pkt.;0
11.02.2009;208,27;208,27;208,27;208,27;Pkt.;0
12.02.2009;208,56;208,56;208,56;208,56;Pkt.;0
13.02.2009;208,56;208,56;206,96;206,96;Pkt.;0
17.02.2009;198,25;198,25;196,89;196,89;Pkt.;0
18.02.2009;196,82;196,82;196,82;196,82;Pkt.;0
19.02.2009;192,21;192,21;192,21;192,21;Pkt.;0
20.02.2009;189,02;189,02;189,02;189,02;Pkt.;0
23.02.2009;191,09;191,09;191,09;191,09;Pkt.;0
24.02.2009;190,30;190,30;190,30;190,30;Pkt.;0
25.02.2009;190,30;190,30;190,30;190,30;Pkt.;0
26.02.2009;187,17;187,17;187,17;187,17;Pkt.;0
27.02.2009;177,96;177,96;177,96;177,96;Pkt.;0
02.03.2009;176,10;176,10;176,10;176,10;Pkt.;0
03.03.2009;180,57;180,57;180,57;180,57;Pkt.;0
04.03.2009;175,46;175,46;175,46;175,46;Pkt.;0
05.03.2009;174,80;174,80;174,80;174,80;Pkt.;0
06.03.2009;172,70;172,70;172,70;172,70;Pkt.;0
10.03.2009;183,22;183,22;183,22;183,22;Pkt.;0
11.03.2009;186,61;186,61;186,61;186,61;Pkt.;0
12.03.2009;189,51;189,51;189,51;189,51;Pkt.;0
13.03.2009;189,51;191,92;189,51;191,92;Pkt.;0
16.03.2009;195,00;195,00;195,00;195,00;Pkt.;0
17.03.2009;197,37;197,37;197,37;197,37;Pkt.;0
18.03.2009;201,09;201,09;201,09;201,09;Pkt.;0
19.03.2009;197,97;197,97;197,97;197,97;Pkt.;0
20.03.2009;207,98;207,98;207,98;207,98;Pkt.;0
23.03.2009;206,70;206,70;206,70;206,70;Pkt.;0
24.03.2009;208,13;208,13;208,13;208,13;Pkt.;0
25.03.2009;211,30;211,30;211,30;211,30;Pkt.;0
26.03.2009;207,21;207,21;207,21;207,21;Pkt.;0
27.03.2009;198,90;198,90;198,90;198,90;Pkt.;0
30.03.2009;202,04;202,04;202,04;202,04;Pkt.;0
31.03.2009;205,21;205,21;205,21;205,21;Pkt.;0
01.04.2009;214,33;214,33;214,33;214,33;Pkt.;0
02.04.2009;214,96;214,96;214,96;214,96;Pkt.;0
03.04.2009;214,96;214,96;213,77;213,77;Pkt.;0
06.04.2009;209,97;209,97;209,97;209,97;Pkt.;0
07.04.2009;210,36;210,36;210,36;210,36;Pkt.;0
08.04.2009;217,00;217,00;217,00;217,00;Pkt.;0
09.04.2009;217,27;217,27;217,27;217,27;Pkt.;0
13.04.2009;218,44;218,44;217,61;217,61;Pkt.;0
14.04.2009;217,91;217,91;217,91;217,91;Pkt.;0
15.04.2009;220,79;220,79;220,79;220,79;Pkt.;0
16.04.2009;221,87;221,87;221,87;221,87;Pkt.;0
17.04.2009;214,30;214,30;214,30;214,30;Pkt.;0
20.04.2009;215,68;215,68;215,68;215,68;Pkt.;0
21.04.2009;216,01;216,01;216,01;216,01;Pkt.;0
22.04.2009;217,87;217,87;217,87;217,87;Pkt.;0
23.04.2009;222,26;222,26;222,26;222,26;Pkt.;0
24.04.2009;222,26;222,26;220,41;220,41;Pkt.;0
27.04.2009;217,77;217,77;217,77;217,77;Pkt.;0
28.04.2009;223,02;223,02;223,02;223,02;Pkt.;0
29.04.2009;225,24;225,24;225,24;225,24;Pkt.;0
30.04.2009;225,96;225,96;225,96;225,96;Pkt.;0
01.05.2009;233,09;233,09;233,09;233,09;Pkt.;0
04.05.2009;233,44;233,44;233,44;233,44;Pkt.;0
05.05.2009;236,47;236,47;236,47;236,47;Pkt.;0
06.05.2009;236,39;236,39;236,39;236,39;Pkt.;0
07.05.2009;241,18;241,18;241,18;241,18;Pkt.;0
08.05.2009;241,18;241,18;238,87;238,87;Pkt.;0
11.05.2009;238,36;238,36;238,36;238,36;Pkt.;0
12.05.2009;233,02;233,02;233,02;233,02;Pkt.;0
13.05.2009;232,90;232,90;232,90;232,90;Pkt.;0
14.05.2009;233,20;233,20;233,20;233,20;Pkt.;0
15.05.2009;237,44;237,44;237,44;237,44;Pkt.;0
18.05.2009;240,65;240,65;240,65;240,65;Pkt.;0
19.05.2009;242,34;242,34;242,34;242,34;Pkt.;0
20.05.2009;238,21;238,21;238,21;238,21;Pkt.;0
21.05.2009;239,24;239,24;239,24;239,24;Pkt.;0
22.05.2009;239,58;239,58;239,58;239,58;Pkt.;0
26.05.2009;242,79;242,79;241,97;241,97;Pkt.;0
27.05.2009;242,89;242,89;242,89;242,89;Pkt.;0
28.05.2009;246,69;246,69;246,69;246,69;Pkt.;0
29.05.2009;253,29;253,29;253,29;253,29;Pkt.;0
01.06.2009;254,29;254,29;254,29;254,29;Pkt.;0
02.06.2009;250,03;250,03;250,03;250,03;Pkt.;0
03.06.2009;250,61;250,61;250,61;250,61;Pkt.;0
04.06.2009;249,97;249,97;249,97;249,97;Pkt.;0
05.06.2009;247,82;247,82;247,82;247,82;Pkt.;0
08.06.2009;249,44;249,44;249,44;249,44;Pkt.;0
09.06.2009;249,44;251,23;249,44;251,23;Pkt.;0
10.06.2009;253,39;253,39;253,39;253,39;Pkt.;0
11.06.2009;252,81;252,81;252,81;252,81;Pkt.;0
12.06.2009;246,23;246,23;246,23;246,23;Pkt.;0
15.06.2009;244,13;244,13;244,13;244,13;Pkt.;0
16.06.2009;241,84;241,84;241,84;241,84;Pkt.;0
17.06.2009;242,98;242,98;242,98;242,98;Pkt.;0
18.06.2009;244,66;244,66;244,66;244,66;Pkt.;0
19.06.2009;238,39;238,39;238,39;238,39;Pkt.;0
22.06.2009;237,70;237,70;237,70;237,70;Pkt.;0
23.06.2009;241,26;241,26;241,26;241,26;Pkt.;0
24.06.2009;243,03;243,03;243,03;243,03;Pkt.;0
25.06.2009;244,87;244,87;244,87;244,87;Pkt.;0
26.06.2009;246,54;246,54;246,54;246,54;Pkt.;0
29.06.2009;244,91;244,91;244,91;244,91;Pkt.;0
30.06.2009;247,33;247,33;247,33;247,33;Pkt.;0
01.07.2009;241,44;241,44;241,44;241,44;Pkt.;0
02.07.2009;241,24;241,24;241,24;241,24;Pkt.;0
06.07.2009;239,34;239,34;236,86;236,86;Pkt.;0
07.07.2009;234,47;234,47;234,47;234,47;Pkt.;0
08.07.2009;235,78;235,78;235,78;235,78;Pkt.;0
09.07.2009;234,39;234,39;234,39;234,39;Pkt.;0
10.07.2009;236,89;236,89;236,89;236,89;Pkt.;0
13.07.2009;239,97;239,97;239,97;239,97;Pkt.;0
14.07.2009;246,92;246,92;246,92;246,92;Pkt.;0
15.07.2009;249,07;249,07;249,07;249,07;Pkt.;0
16.07.2009;249,86;249,86;249,86;249,86;Pkt.;0
17.07.2009;253,74;253,74;253,74;253,74;Pkt.;0
20.07.2009;255,91;255,91;255,91;255,91;Pkt.;0
21.07.2009;255,87;255,87;255,87;255,87;Pkt.;0
22.07.2009;260,82;260,82;260,82;260,82;Pkt.;0
23.07.2009;261,50;261,50;261,50;261,50;Pkt.;0
24.07.2009;262,95;262,95;262,95;262,95;Pkt.;0
27.07.2009;262,16;262,16;262,16;262,16;Pkt.;0
28.07.2009;260,54;260,54;260,54;260,54;Pkt.;0
29.07.2009;264,40;264,40;264,40;264,40;Pkt.;0
30.07.2009;266,14;266,14;266,14;266,14;Pkt.;0
31.07.2009;271,60;271,60;271,60;271,60;Pkt.;0
03.08.2009;271,71;271,71;271,71;271,71;Pkt.;0
04.08.2009;270,32;270,32;270,32;270,32;Pkt.;0
05.08.2009;269,82;269,82;269,82;269,82;Pkt.;0
06.08.2009;270,61;270,61;270,61;270,61;Pkt.;0
07.08.2009;270,00;270,00;270,00;270,00;Pkt.;0
10.08.2009;267,20;267,20;267,20;267,20;Pkt.;0
11.08.2009;269,09;269,09;269,09;269,09;Pkt.;0
13.08.2009;272,47;272,47;272,47;272,47;Pkt.;0
14.08.2009;270,78;270,78;270,78;270,78;Pkt.;0
17.08.2009;262,87;262,87;262,87;262,87;Pkt.;0
18.08.2009;265,50;265,50;265,50;265,50;Pkt.;0
19.08.2009;266,64;266,64;266,64;266,64;Pkt.;0
20.08.2009;269,98;269,98;269,98;269,98;Pkt.;0
21.08.2009;274,21;274,21;274,21;274,21;Pkt.;0
24.08.2009;276,43;276,43;276,43;276,43;Pkt.;0
25.08.2009;276,95;276,95;276,95;276,95;Pkt.;0
26.08.2009;275,80;275,80;275,80;275,80;Pkt.;0
27.08.2009;275,31;275,31;275,31;275,31;Pkt.;0
28.08.2009;277,46;277,46;277,46;277,46;Pkt.;0
31.08.2009;275,10;275,10;275,10;275,10;Pkt.;0
01.09.2009;270,96;270,96;270,96;270,96;Pkt.;0
02.09.2009;268,81;268,81;268,81;268,81;Pkt.;0
03.09.2009;270,39;270,39;270,39;270,39;Pkt.;0
04.09.2009;273,36;276,00;273,36;276,00;Pkt.;0
08.09.2009;279,59;279,59;279,59;279,59;Pkt.;0
09.09.2009;281,29;281,29;281,29;281,29;Pkt.;0
10.09.2009;283,46;283,46;283,46;283,46;Pkt.;0
11.09.2009;284,73;284,73;284,73;284,73;Pkt.;0
14.09.2009;284,15;284,15;284,15;284,15;Pkt.;0
15.09.2009;284,87;284,87;284,87;284,87;Pkt.;0
16.09.2009;289,75;289,75;289,75;289,75;Pkt.;0
17.09.2009;290,88;290,88;290,88;290,88;Pkt.;0
18.09.2009;290,20;290,20;290,20;290,20;Pkt.;0
21.09.2009;287,97;287,97;287,97;287,97;Pkt.;0
22.09.2009;291,22;291,22;291,22;291,22;Pkt.;0
23.09.2009;289,85;289,85;289,85;289,85;Pkt.;0
24.09.2009;286,10;286,10;286,10;286,10;Pkt.;0
25.09.2009;284,41;284,41;284,41;284,41;Pkt.;0
28.09.2009;287,00;287,00;287,00;287,00;Pkt.;0
29.09.2009;286,88;286,88;286,88;286,88;Pkt.;0
30.09.2009;287,23;287,23;287,23;287,23;Pkt.;0
01.10.2009;281,55;281,55;281,55;281,55;Pkt.;0
02.10.2009;278,23;278,23;278,23;278,23;Pkt.;0
05.10.2009;280,81;280,81;280,81;280,81;Pkt.;0
06.10.2009;286,50;286,50;286,50;286,50;Pkt.;0
07.10.2009;286,91;286,91;286,91;286,91;Pkt.;0
08.10.2009;290,60;290,60;290,60;290,60;Pkt.;0
09.10.2009;291,36;291,36;291,36;291,36;Pkt.;0
12.10.2009;292,87;292,87;292,87;292,87;Pkt.;0
13.10.2009;292,05;292,05;292,05;292,05;Pkt.;0
14.10.2009;297,43;297,43;297,43;297,43;Pkt.;0
15.10.2009;298,49;298,49;298,49;298,49;Pkt.;0
16.10.2009;295,78;295,78;295,78;295,78;Pkt.;0
19.10.2009;299,43;299,43;299,43;299,43;Pkt.;0
20.10.2009;298,21;298,21;298,21;298,21;Pkt.;0
21.10.2009;297,50;297,50;297,50;297,50;Pkt.;0
22.10.2009;297,23;297,23;297,23;297,23;Pkt.;0
23.10.2009;295,23;295,23;295,23;295,23;Pkt.;0
26.10.2009;292,14;292,14;292,14;292,14;Pkt.;0
27.10.2009;289,50;289,50;289,50;289,50;Pkt.;0
28.10.2009;283,31;283,31;283,31;283,31;Pkt.;0
29.10.2009;287,70;287,70;287,70;287,70;Pkt.;0
30.10.2009;282,59;282,59;282,59;282,59;Pkt.;0
02.11.2009;283,15;283,15;283,15;283,15;Pkt.;0
03.11.2009;281,70;281,70;281,70;281,70;Pkt.;0
04.11.2009;285,10;285,10;285,10;285,10;Pkt.;0
05.11.2009;288,16;288,16;288,16;288,16;Pkt.;0
06.11.2009;289,26;289,26;289,26;289,26;Pkt.;0
09.11.2009;295,87;295,87;295,87;295,87;Pkt.;0
10.11.2009;295,81;295,81;295,81;295,81;Pkt.;0
11.11.2009;297,34;297,34;297,34;297,34;Pkt.;0
12.11.2009;294,67;294,67;294,67;294,67;Pkt.;0
13.11.2009;296,10;296,10;296,10;296,10;Pkt.;0
16.11.2009;300,70;300,70;300,70;300,70;Pkt.;0
17.11.2009;299,32;299,32;299,32;299,32;Pkt.;0
18.11.2009;299,82;299,82;299,82;299,82;Pkt.;0
19.11.2009;294,93;294,93;294,93;294,93;Pkt.;0
20.11.2009;293,40;293,40;293,40;293,40;Pkt.;0
23.11.2009;298,36;298,36;298,36;298,36;Pkt.;0
24.11.2009;296,89;296,89;296,89;296,89;Pkt.;0
25.11.2009;299,51;299,51;295,17;295,17;Pkt.;0
27.11.2009;292,21;292,21;292,21;292,21;Pkt.;0
30.11.2009;293,67;293,67;293,67;293,67;Pkt.;0
01.12.2009;299,57;299,57;299,57;299,57;Pkt.;0
02.12.2009;300,33;300,33;300,33;300,33;Pkt.;0
03.12.2009;299,77;299,77;299,77;299,77;Pkt.;0
04.12.2009;299,29;299,29;299,29;299,29;Pkt.;0
07.12.2009;298,38;298,38;298,38;298,38;Pkt.;0
08.12.2009;294,83;294,83;294,83;294,83;Pkt.;0
09.12.2009;294,02;294,02;294,02;294,02;Pkt.;0
10.12.2009;295,27;295,27;295,27;295,27;Pkt.;0
11.12.2009;295,90;295,90;295,90;295,90;Pkt.;0
14.12.2009;298,23;298,23;298,23;298,23;Pkt.;0
15.12.2009;296,50;296,50;296,50;296,50;Pkt.;0
16.12.2009;298,19;298,19;298,19;298,19;Pkt.;0
17.12.2009;292,93;292,93;292,93;292,93;Pkt.;0
18.12.2009;292,46;292,46;292,46;292,46;Pkt.;0
21.12.2009;294,91;294,91;294,91;294,91;Pkt.;0
22.12.2009;296,00;296,00;296,00;296,00;Pkt.;0
23.12.2009;297,97;297,97;297,97;297,97;Pkt.;0
24.12.2009;299,65;299,65;299,52;299,52;Pkt.;0
28.12.2009;300,86;300,86;300,86;300,86;Pkt.;0
29.12.2009;301,20;301,20;301,20;301,20;Pkt.;0
30.12.2009;299,72;299,72;299,72;299,72;Pkt.;0
31.12.2009;299,44;299,44;299,44;299,44;Pkt.;0
04.01.2010;304,69;304,69;304,69;304,69;Pkt.;0
05.01.2010;305,89;305,89;305,89;305,89;Pkt.;0
06.01.2010;306,29;306,29;306,29;306,29;Pkt.;0
07.01.2010;305,87;305,87;305,87;305,87;Pkt.;0
08.01.2010;307,14;307,14;307,14;307,14;Pkt.;0
11.01.2010;309,59;309,59;309,59;309,59;Pkt.;0
12.01.2010;307,57;307,57;307,57;307,57;Pkt.;0
13.01.2010;307,72;307,72;307,72;307,72;Pkt.;0
14.01.2010;309,18;309,18;309,18;309,18;Pkt.;0
15.01.2010;306,34;306,98;306,34;306,98;Pkt.;0
19.01.2010;308,15;308,15;308,15;308,15;Pkt.;0
20.01.2010;303,32;303,32;303,32;303,32;Pkt.;0
21.01.2010;298,77;298,77;298,77;298,77;Pkt.;0
22.01.2010;294,29;294,29;294,29;294,29;Pkt.;0
25.01.2010;293,90;293,90;293,90;293,90;Pkt.;0
26.01.2010;291,83;291,83;291,83;291,83;Pkt.;0
27.01.2010;290,76;290,76;290,76;290,76;Pkt.;0
28.01.2010;288,54;288,54;288,54;288,54;Pkt.;0
29.01.2010;286,33;286,33;286,33;286,33;Pkt.;0
01.02.2010;288,53;288,53;288,53;288,53;Pkt.;0
02.02.2010;292,26;292,26;292,26;292,26;Pkt.;0
03.02.2010;291,38;291,38;291,38;291,38;Pkt.;0
04.02.2010;283,11;283,11;283,11;283,11;Pkt.;0
05.02.2010;279,55;279,55;279,55;279,55;Pkt.;0
08.02.2010;278,77;278,77;278,77;278,77;Pkt.;0
09.02.2010;281,25;281,25;281,25;281,25;Pkt.;0
10.02.2010;281,46;281,46;281,46;281,46;Pkt.;0
11.02.2010;283,40;283,40;283,40;283,40;Pkt.;0
12.02.2010;283,14;283,28;283,14;283,28;Pkt.;0
16.02.2010;287,47;287,47;287,47;287,47;Pkt.;0
17.02.2010;289,96;289,96;289,96;289,96;Pkt.;0
18.02.2010;291,03;291,03;291,03;291,03;Pkt.;0
19.02.2010;289,64;289,64;289,64;289,64;Pkt.;0
22.02.2010;291,23;291,23;291,23;291,23;Pkt.;0
23.02.2010;288,59;288,59;288,59;288,59;Pkt.;0
24.02.2010;289,36;289,36;289,36;289,36;Pkt.;0
25.02.2010;286,91;286,91;286,91;286,91;Pkt.;0
26.02.2010;289,50;289,50;289,50;289,50;Pkt.;0
01.03.2010;291,58;291,58;291,58;291,58;Pkt.;0
02.03.2010;294,01;294,01;294,01;294,01;Pkt.;0
03.03.2010;296,05;296,05;296,05;296,05;Pkt.;0
04.03.2010;295,46;295,46;295,46;295,46;Pkt.;0
05.03.2010;299,31;299,31;299,31;299,31;Pkt.;0
08.03.2010;300,69;300,69;300,69;300,69;Pkt.;0
09.03.2010;300,56;300,56;300,56;300,56;Pkt.;0
10.03.2010;302,23;302,23;302,23;302,23;Pkt.;0
11.03.2010;302,62;302,62;302,62;302,62;Pkt.;0
12.03.2010;303,78;303,78;303,78;303,78;Pkt.;0
15.03.2010;302,20;302,20;302,20;302,20;Pkt.;0
16.03.2010;305,15;305,15;305,15;305,15;Pkt.;0
17.03.2010;307,66;307,66;307,66;307,66;Pkt.;0
18.03.2010;306,21;306,21;306,21;306,21;Pkt.;0
19.03.2010;304,74;304,74;304,74;304,74;Pkt.;0
22.03.2010;305,02;305,02;305,02;305,02;Pkt.;0
23.03.2010;306,84;306,84;306,84;306,84;Pkt.;0
24.03.2010;304,41;304,41;304,41;304,41;Pkt.;0
25.03.2010;304,64;304,64;304,64;304,64;Pkt.;0
26.03.2010;305,14;305,14;305,14;305,14;Pkt.;0
29.03.2010;307,16;307,16;307,16;307,16;Pkt.;0
30.03.2010;307,49;307,49;307,49;307,49;Pkt.;0
31.03.2010;307,40;307,40;307,40;307,40;Pkt.;0
01.04.2010;310,66;310,85;310,66;310,85;Pkt.;0
05.04.2010;312,19;312,19;312,19;312,19;Pkt.;0
06.04.2010;312,47;312,47;312,47;312,47;Pkt.;0
07.04.2010;311,55;311,55;311,55;311,55;Pkt.;0
08.04.2010;310,82;310,82;310,82;310,82;Pkt.;0
09.04.2010;313,81;313,81;313,81;313,81;Pkt.;0
12.04.2010;315,05;315,05;315,05;315,05;Pkt.;0
13.04.2010;314,01;314,01;314,01;314,01;Pkt.;0
14.04.2010;317,47;317,47;317,47;317,47;Pkt.;0
15.04.2010;318,05;318,05;318,05;318,05;Pkt.;0
16.04.2010;313,10;313,10;313,10;313,10;Pkt.;0
19.04.2010;311,23;311,23;311,23;311,23;Pkt.;0
20.04.2010;314,03;314,03;314,03;314,03;Pkt.;0
21.04.2010;313,59;313,59;313,59;313,59;Pkt.;0
22.04.2010;311,87;311,87;311,87;311,87;Pkt.;0
23.04.2010;313,49;313,49;313,49;313,49;Pkt.;0
26.04.2010;314,64;314,64;314,64;314,64;Pkt.;0
27.04.2010;308,23;308,23;308,23;308,23;Pkt.;0
28.04.2010;305,80;305,80;305,80;305,80;Pkt.;0
29.04.2010;309,28;309,28;309,28;309,28;Pkt.;0
30.04.2010;307,35;307,35;307,35;307,35;Pkt.;0
03.05.2010;307,72;307,72;307,72;307,72;Pkt.;0
04.05.2010;300,14;300,14;300,14;300,14;Pkt.;0
05.05.2010;296,31;296,31;296,31;296,31;Pkt.;0
06.05.2010;288,22;288,22;288,22;288,22;Pkt.;0
07.05.2010;281,62;281,62;281,62;281,62;Pkt.;0
10.05.2010;295,22;295,22;295,22;295,22;Pkt.;0
11.05.2010;292,97;292,97;292,97;292,97;Pkt.;0
12.05.2010;296,41;296,41;296,41;296,41;Pkt.;0
13.05.2010;295,36;295,36;295,36;295,36;Pkt.;0
14.05.2010;288,31;288,31;288,31;288,31;Pkt.;0
17.05.2010;285,79;285,79;285,79;285,79;Pkt.;0
18.05.2010;284,87;284,87;284,87;284,87;Pkt.;0
19.05.2010;280,11;280,11;280,11;280,11;Pkt.;0
20.05.2010;271,85;271,85;271,85;271,85;Pkt.;0
21.05.2010;274,24;274,24;274,24;274,24;Pkt.;0
24.05.2010;272,29;272,29;272,29;272,29;Pkt.;0
25.05.2010;267,42;267,42;267,42;267,42;Pkt.;0
26.05.2010;269,57;269,57;269,57;269,57;Pkt.;0
27.05.2010;277,40;277,40;277,40;277,40;Pkt.;0
28.05.2010;276,92;277,17;276,92;277,17;Pkt.;0
01.06.2010;274,13;274,13;274,13;274,13;Pkt.;0
02.06.2010;276,35;276,35;276,35;276,35;Pkt.;0
03.06.2010;279,61;279,61;279,61;279,61;Pkt.;0
04.06.2010;272,31;272,31;272,31;272,31;Pkt.;0
07.06.2010;267,17;267,17;267,17;267,17;Pkt.;0
08.06.2010;268,14;268,14;268,14;268,14;Pkt.;0
09.06.2010;269,39;269,39;269,39;269,39;Pkt.;0
10.06.2010;275,42;275,42;275,42;275,42;Pkt.;0
11.06.2010;277,01;277,01;277,01;277,01;Pkt.;0
14.06.2010;279,87;279,87;279,87;279,87;Pkt.;0
15.06.2010;283,99;283,99;283,99;283,99;Pkt.;0
16.06.2010;284,83;284,83;284,83;284,83;Pkt.;0
17.06.2010;285,34;285,34;285,34;285,34;Pkt.;0
18.06.2010;286,17;286,17;286,17;286,17;Pkt.;0
21.06.2010;288,30;288,30;288,30;288,30;Pkt.;0
22.06.2010;284,45;284,45;284,45;284,45;Pkt.;0
23.06.2010;282,07;282,07;282,07;282,07;Pkt.;0
24.06.2010;278,75;278,75;278,75;278,75;Pkt.;0
25.06.2010;277,93;277,93;277,93;277,93;Pkt.;0
28.06.2010;278,78;278,78;278,78;278,78;Pkt.;0
29.06.2010;270,02;270,02;270,02;270,02;Pkt.;0
30.06.2010;268,25;268,25;268,25;268,25;Pkt.;0
01.07.2010;266,74;266,74;266,74;266,74;Pkt.;0
02.07.2010;267,02;267,02;266,36;266,36;Pkt.;0
06.07.2010;271,03;271,03;271,03;271,03;Pkt.;0
07.07.2010;275,52;275,52;275,52;275,52;Pkt.;0
08.07.2010;278,86;278,86;278,86;278,86;Pkt.;0
09.07.2010;280,78;280,78;280,78;280,78;Pkt.;0
12.07.2010;280,79;280,79;280,79;280,79;Pkt.;0
13.07.2010;284,89;284,89;284,89;284,89;Pkt.;0
14.07.2010;285,97;285,97;285,97;285,97;Pkt.;0
15.07.2010;285,81;285,81;285,81;285,81;Pkt.;0
16.07.2010;280,30;280,30;280,30;280,30;Pkt.;0
19.07.2010;280,02;280,02;280,02;280,02;Pkt.;0
20.07.2010;281,29;281,29;281,29;281,29;Pkt.;0
21.07.2010;280,57;280,57;280,57;280,57;Pkt.;0
22.07.2010;285,76;285,76;285,76;285,76;Pkt.;0
23.07.2010;287,72;287,72;287,72;287,72;Pkt.;0
26.07.2010;290,62;290,62;290,62;290,62;Pkt.;0
27.07.2010;291,10;291,10;291,10;291,10;Pkt.;0
28.07.2010;290,75;290,75;290,75;290,75;Pkt.;0
29.07.2010;290,61;290,61;290,61;290,61;Pkt.;0
30.07.2010;289,75;289,75;289,75;289,75;Pkt.;0
02.08.2010;296,70;296,70;296,70;296,70;Pkt.;0
03.08.2010;296,75;296,75;296,75;296,75;Pkt.;0
04.08.2010;296,71;296,71;296,71;296,71;Pkt.;0
05.08.2010;296,84;296,84;296,84;296,84;Pkt.;0
06.08.2010;296,64;296,64;296,64;296,64;Pkt.;0
09.08.2010;298,16;298,16;298,16;298,16;Pkt.;0
10.08.2010;294,74;294,74;294,74;294,74;Pkt.;0
11.08.2010;286,71;286,71;286,71;286,71;Pkt.;0
12.08.2010;284,97;284,97;284,97;284,97;Pkt.;0
13.08.2010;284,58;284,58;284,58;284,58;Pkt.;0
16.08.2010;285,35;285,35;285,35;285,35;Pkt.;0
17.08.2010;288,52;288,52;288,52;288,52;Pkt.;0
18.08.2010;288,70;288,70;288,70;288,70;Pkt.;0
19.08.2010;285,86;285,86;285,86;285,86;Pkt.;0
20.08.2010;282,69;282,69;282,69;282,69;Pkt.;0
23.08.2010;282,50;282,50;282,50;282,50;Pkt.;0
24.08.2010;278,83;278,83;278,83;278,83;Pkt.;0
25.08.2010;277,24;277,24;277,24;277,24;Pkt.;0
26.08.2010;278,16;278,16;278,16;278,16;Pkt.;0
27.08.2010;280,97;280,97;280,97;280,97;Pkt.;0
30.08.2010;279,80;279,80;279,80;279,80;Pkt.;0
31.08.2010;279,06;279,06;279,06;279,06;Pkt.;0
01.09.2010;286,71;286,71;286,71;286,71;Pkt.;0
02.09.2010;288,63;288,63;288,63;288,63;Pkt.;0
03.09.2010;291,72;293,09;291,72;293,09;Pkt.;0
07.09.2010;290,07;290,07;290,07;290,07;Pkt.;0
08.09.2010;291,10;291,10;291,10;291,10;Pkt.;0
09.09.2010;293,09;293,09;293,09;293,09;Pkt.;0
10.09.2010;293,76;293,76;293,76;293,76;Pkt.;0
13.09.2010;298,01;298,01;298,01;298,01;Pkt.;0
14.09.2010;298,91;298,91;298,91;298,91;Pkt.;0
15.09.2010;299,24;299,24;299,24;299,24;Pkt.;0
16.09.2010;298,49;298,49;298,49;298,49;Pkt.;0
17.09.2010;298,47;298,47;298,47;298,47;Pkt.;0
20.09.2010;302,24;302,24;302,24;302,24;Pkt.;0
21.09.2010;301,76;301,76;301,76;301,76;Pkt.;0
22.09.2010;302,16;302,16;302,16;302,16;Pkt.;0
23.09.2010;300,52;300,52;300,52;300,52;Pkt.;0
24.09.2010;305,15;305,15;305,15;305,15;Pkt.;0
27.09.2010;304,93;304,93;304,93;304,93;Pkt.;0
28.09.2010;305,71;305,71;305,71;305,71;Pkt.;0
29.09.2010;306,03;306,03;306,03;306,03;Pkt.;0
30.09.2010;305,16;305,16;305,16;305,16;Pkt.;0
01.10.2010;306,69;306,69;306,69;306,69;Pkt.;0
04.10.2010;304,90;304,90;304,90;304,90;Pkt.;0
05.10.2010;310,42;310,42;310,42;310,42;Pkt.;0
06.10.2010;312,22;312,22;312,22;312,22;Pkt.;0
07.10.2010;312,29;312,29;312,29;312,29;Pkt.;0
08.10.2010;312,99;312,99;312,99;312,99;Pkt.;0
11.10.2010;313,39;313,39;313,39;313,39;Pkt.;0
12.10.2010;312,47;312,47;312,47;312,47;Pkt.;0
13.10.2010;316,38;316,38;316,38;316,38;Pkt.;0
14.10.2010;317,64;317,64;317,64;317,64;Pkt.;0
15.10.2010;316,83;316,83;316,83;316,83;Pkt.;0
18.10.2010;317,47;317,47;317,47;317,47;Pkt.;0
19.10.2010;312,65;312,65;312,65;312,65;Pkt.;0
20.10.2010;315,69;315,69;315,69;315,69;Pkt.;0
21.10.2010;316,57;316,57;316,57;316,57;Pkt.;0
22.10.2010;316,09;316,09;316,09;316,09;Pkt.;0
25.10.2010;317,99;317,99;317,99;317,99;Pkt.;0
26.10.2010;316,72;316,72;316,72;316,72;Pkt.;0
27.10.2010;313,82;313,82;313,82;313,82;Pkt.;0
28.10.2010;315,64;315,64;315,64;315,64;Pkt.;0
29.10.2010;315,95;315,95;315,95;315,95;Pkt.;0
01.11.2010;316,78;316,78;316,78;316,78;Pkt.;0
02.11.2010;319,29;319,29;319,29;319,29;Pkt.;0
03.11.2010;319,60;319,60;319,60;319,60;Pkt.;0
04.11.2010;326,91;326,91;326,91;326,91;Pkt.;0
05.11.2010;327,39;327,39;327,39;327,39;Pkt.;0
08.11.2010;326,57;326,57;326,57;326,57;Pkt.;0
09.11.2010;326,01;326,01;326,01;326,01;Pkt.;0
10.11.2010;323,89;323,89;323,89;323,89;Pkt.;0
11.11.2010;323,02;323,02;323,02;323,02;Pkt.;0
12.11.2010;319,70;319,70;319,70;319,70;Pkt.;0
15.11.2010;319,24;319,24;319,24;319,24;Pkt.;0
16.11.2010;313,59;313,59;313,59;313,59;Pkt.;0
17.11.2010;313,77;313,77;313,77;313,77;Pkt.;0
18.11.2010;318,81;318,81;318,81;318,81;Pkt.;0
19.11.2010;319,12;319,12;319,12;319,12;Pkt.;0
22.11.2010;318,31;318,31;318,31;318,31;Pkt.;0
23.11.2010;312,75;312,75;312,75;312,75;Pkt.;0
24.11.2010;315,52;316,02;315,52;316,02;Pkt.;0
26.11.2010;312,33;312,33;312,33;312,33;Pkt.;0
29.11.2010;310,20;310,20;310,20;310,20;Pkt.;0
30.11.2010;308,38;308,38;308,38;308,38;Pkt.;0
01.12.2010;314,39;314,39;314,39;314,39;Pkt.;0
02.12.2010;319,66;319,66;319,66;319,66;Pkt.;0
03.12.2010;322,13;322,13;322,13;322,13;Pkt.;0
06.12.2010;321,78;321,78;321,78;321,78;Pkt.;0
07.12.2010;322,97;322,97;322,97;322,97;Pkt.;0
08.12.2010;321,74;321,74;321,74;321,74;Pkt.;0
09.12.2010;322,83;322,83;322,83;322,83;Pkt.;0
10.12.2010;323,94;323,94;323,94;323,94;Pkt.;0
13.12.2010;326,22;326,22;326,22;326,22;Pkt.;0
14.12.2010;326,99;326,99;326,99;326,99;Pkt.;0
15.12.2010;324,86;324,86;324,86;324,86;Pkt.;0
16.12.2010;324,61;324,61;324,61;324,61;Pkt.;0
17.12.2010;324,26;324,26;324,26;324,26;Pkt.;0
20.12.2010;324,52;324,52;324,52;324,52;Pkt.;0
21.12.2010;327,60;327,60;327,60;327,60;Pkt.;0
22.12.2010;328,23;328,23;328,23;328,23;Pkt.;0
23.12.2010;328,23;328,40;328,23;328,40;Pkt.;0
27.12.2010;328,00;328,00;328,00;328,00;Pkt.;0
28.12.2010;328,61;328,61;328,61;328,61;Pkt.;0
29.12.2010;329,84;329,84;329,84;329,84;Pkt.;0
30.12.2010;329,66;329,66;329,66;329,66;Pkt.;0
31.12.2010;330,64;330,64;330,64;330,64;Pkt.;0
03.01.2011;332,87;332,87;332,87;332,87;Pkt.;0
04.01.2011;333,23;333,23;333,23;333,23;Pkt.;0
05.01.2011;332,15;332,15;332,15;332,15;Pkt.;0
06.01.2011;331,58;331,58;331,58;331,58;Pkt.;0
07.01.2011;330,76;330,76;330,76;330,76;Pkt.;0
10.01.2011;329,04;329,04;329,04;329,04;Pkt.;0
11.01.2011;330,79;330,79;330,79;330,79;Pkt.;0
12.01.2011;335,19;335,19;335,19;335,19;Pkt.;0
13.01.2011;336,72;336,72;336,72;336,72;Pkt.;0
14.01.2011;337,42;337,42;336,85;336,85;Pkt.;0
18.01.2011;338,97;338,97;338,97;338,97;Pkt.;0
19.01.2011;337,42;337,42;337,42;337,42;Pkt.;0
20.01.2011;333,65;333,65;333,65;333,65;Pkt.;0
21.01.2011;335,05;335,05;335,05;335,05;Pkt.;0
24.01.2011;337,20;337,20;337,20;337,20;Pkt.;0
25.01.2011;336,89;336,89;336,89;336,89;Pkt.;0
26.01.2011;338,79;338,79;338,79;338,79;Pkt.;0
27.01.2011;339,39;339,39;339,39;339,39;Pkt.;0
28.01.2011;334,54;334,54;334,54;334,54;Pkt.;0
31.01.2011;335,58;335,58;335,58;335,58;Pkt.;0
01.02.2011;340,98;340,98;340,98;340,98;Pkt.;0
02.02.2011;341,72;341,72;341,72;341,72;Pkt.;0
03.02.2011;341,00;341,00;341,00;341,00;Pkt.;0
04.02.2011;341,25;341,25;341,25;341,25;Pkt.;0
07.02.2011;342,92;342,92;342,92;342,92;Pkt.;0
08.02.2011;344,63;344,63;344,63;344,63;Pkt.;0
09.02.2011;342,85;342,85;342,85;342,85;Pkt.;0
10.02.2011;341,02;341,02;341,02;341,02;Pkt.;0
11.02.2011;341,79;341,79;341,79;341,79;Pkt.;0
14.02.2011;343,22;343,22;343,22;343,22;Pkt.;0
15.02.2011;343,04;343,04;343,04;343,04;Pkt.;0
16.02.2011;344,94;344,94;344,94;344,94;Pkt.;0
17.02.2011;346,78;346,78;346,78;346,78;Pkt.;0
18.02.2011;347,83;347,83;346,76;346,76;Pkt.;0
22.02.2011;341,57;341,57;341,57;341,57;Pkt.;0
23.02.2011;339,52;339,52;339,52;339,52;Pkt.;0
24.02.2011;338,53;338,53;338,53;338,53;Pkt.;0
25.02.2011;342,19;342,19;342,19;342,19;Pkt.;0
28.02.2011;344,82;344,82;344,82;344,82;Pkt.;0
01.03.2011;342,61;342,61;342,61;342,61;Pkt.;0
02.03.2011;342,00;342,00;342,00;342,00;Pkt.;0
03.03.2011;345,70;345,70;345,70;345,70;Pkt.;0
04.03.2011;345,34;345,34;345,34;345,34;Pkt.;0
07.03.2011;342,96;342,96;342,96;342,96;Pkt.;0
08.03.2011;343,59;343,59;343,59;343,59;Pkt.;0
09.03.2011;343,26;343,26;343,26;343,26;Pkt.;0
10.03.2011;336,68;336,68;336,68;336,68;Pkt.;0
11.03.2011;336,73;336,73;336,73;336,73;Pkt.;0
14.03.2011;334,01;334,01;334,01;334,01;Pkt.;0
15.03.2011;326,49;326,49;326,49;326,49;Pkt.;0
16.03.2011;324,03;324,03;324,03;324,03;Pkt.;0
17.03.2011;328,18;328,18;328,18;328,18;Pkt.;0
18.03.2011;330,12;330,12;330,12;330,12;Pkt.;0
21.03.2011;335,09;335,09;335,09;335,09;Pkt.;0
22.03.2011;336,29;336,29;336,29;336,29;Pkt.;0
23.03.2011;336,57;336,57;336,57;336,57;Pkt.;0
24.03.2011;339,77;339,77;339,77;339,77;Pkt.;0
25.03.2011;340,54;340,54;340,54;340,54;Pkt.;0
28.03.2011;339,38;339,38;339,38;339,38;Pkt.;0
29.03.2011;340,04;340,04;340,04;340,04;Pkt.;0
30.03.2011;343,42;343,42;343,42;343,42;Pkt.;0
31.03.2011;343,64;343,64;343,64;343,64;Pkt.;0
01.04.2011;345,66;345,66;345,66;345,66;Pkt.;0
04.04.2011;346,91;346,91;346,91;346,91;Pkt.;0
05.04.2011;346,54;346,54;346,54;346,54;Pkt.;0
06.04.2011;348,05;348,05;348,05;348,05;Pkt.;0
07.04.2011;347,18;347,18;347,18;347,18;Pkt.;0
08.04.2011;348,72;348,72;348,72;348,72;Pkt.;0
11.04.2011;347,87;347,87;347,87;347,87;Pkt.;0
12.04.2011;343,66;343,66;343,66;343,66;Pkt.;0
13.04.2011;345,07;345,07;345,07;345,07;Pkt.;0
14.04.2011;344,45;344,45;344,45;344,45;Pkt.;0
15.04.2011;344,76;344,76;344,76;344,76;Pkt.;0
18.04.2011;339,28;339,28;339,28;339,28;Pkt.;0
19.04.2011;341,13;341,13;341,13;341,13;Pkt.;0
20.04.2011;348,01;348,01;348,01;348,01;Pkt.;0
21.04.2011;350,83;350,85;350,83;350,85;Pkt.;0
25.04.2011;349,98;349,98;349,98;349,98;Pkt.;0
26.04.2011;352,00;352,00;352,00;352,00;Pkt.;0
27.04.2011;353,01;353,01;353,01;353,01;Pkt.;0
28.04.2011;355,95;355,95;355,95;355,95;Pkt.;0
29.04.2011;356,90;356,90;356,90;356,90;Pkt.;0
02.05.2011;357,72;357,72;357,72;357,72;Pkt.;0
03.05.2011;354,92;354,92;354,92;354,92;Pkt.;0
04.05.2011;351,74;351,74;351,74;351,74;Pkt.;0
05.05.2011;347,83;347,83;347,83;347,83;Pkt.;0
06.05.2011;348,75;348,75;348,75;348,75;Pkt.;0
09.05.2011;347,47;347,47;347,47;347,47;Pkt.;0
10.05.2011;350,46;350,46;350,46;350,46;Pkt.;0
11.05.2011;348,42;348,42;348,42;348,42;Pkt.;0
12.05.2011;346,31;346,31;346,31;346,31;Pkt.;0
13.05.2011;344,42;344,42;344,42;344,42;Pkt.;0
16.05.2011;342,65;342,65;342,65;342,65;Pkt.;0
17.05.2011;340,89;340,89;340,89;340,89;Pkt.;0
18.05.2011;344,07;344,07;344,07;344,07;Pkt.;0
19.05.2011;344,82;344,82;344,82;344,82;Pkt.;0
20.05.2011;342,81;342,81;342,81;342,81;Pkt.;0
23.05.2011;336,63;336,63;336,63;336,63;Pkt.;0
24.05.2011;337,52;337,52;337,52;337,52;Pkt.;0
25.05.2011;338,26;338,26;338,26;338,26;Pkt.;0
26.05.2011;340,36;340,36;340,36;340,36;Pkt.;0
27.05.2011;343,50;343,50;343,48;343,48;Pkt.;0
31.05.2011;347,90;347,90;347,90;347,90;Pkt.;0
01.06.2011;343,62;343,62;343,62;343,62;Pkt.;0
02.06.2011;341,04;341,04;341,04;341,04;Pkt.;0
03.06.2011;339,74;339,74;339,74;339,74;Pkt.;0
06.06.2011;337,18;337,18;337,18;337,18;Pkt.;0
07.06.2011;337,79;337,79;337,79;337,79;Pkt.;0
08.06.2011;335,27;335,27;335,27;335,27;Pkt.;0
09.06.2011;336,49;336,49;336,49;336,49;Pkt.;0
10.06.2011;331,64;331,64;331,64;331,64;Pkt.;0
13.06.2011;331,47;331,47;331,47;331,47;Pkt.;0
14.06.2011;335,71;335,71;335,71;335,71;Pkt.;0
15.06.2011;330,59;330,59;330,59;330,59;Pkt.;0
16.06.2011;327,46;327,46;327,46;327,46;Pkt.;0
17.06.2011;328,87;328,87;328,87;328,87;Pkt.;0
20.06.2011;328,86;328,86;328,86;328,86;Pkt.;0
21.06.2011;333,95;333,95;333,95;333,95;Pkt.;0
22.06.2011;333,58;333,58;333,58;333,58;Pkt.;0
23.06.2011;329,15;329,15;329,15;329,15;Pkt.;0
24.06.2011;328,21;328,21;328,21;328,21;Pkt.;0
27.06.2011;329,49;329,49;329,49;329,49;Pkt.;0
28.06.2011;333,09;333,09;333,09;333,09;Pkt.;0
29.06.2011;337,46;337,46;337,46;337,46;Pkt.;0
30.06.2011;341,82;341,82;341,82;341,82;Pkt.;0
01.07.2011;345,04;346,53;345,04;346,53;Pkt.;0
05.07.2011;345,90;345,90;345,90;345,90;Pkt.;0
06.07.2011;344,82;344,82;344,82;344,82;Pkt.;0
07.07.2011;347,39;347,39;347,39;347,39;Pkt.;0
08.07.2011;345,18;345,18;345,18;345,18;Pkt.;0
11.07.2011;338,05;338,05;338,05;338,05;Pkt.;0
12.07.2011;335,50;335,50;335,50;335,50;Pkt.;0
13.07.2011;339,07;339,07;339,07;339,07;Pkt.;0
14.07.2011;336,86;336,86;336,86;336,86;Pkt.;0
15.07.2011;337,39;337,39;337,39;337,39;Pkt.;0
18.07.2011;333,28;333,28;333,28;333,28;Pkt.;0
19.07.2011;337,87;337,87;337,87;337,87;Pkt.;0
20.07.2011;339,87;339,87;339,87;339,87;Pkt.;0
21.07.2011;344,48;344,48;344,48;344,48;Pkt.;0
22.07.2011;345,99;345,99;345,99;345,99;Pkt.;0
25.07.2011;344,06;344,06;344,06;344,06;Pkt.;0
26.07.2011;344,73;344,73;344,73;344,73;Pkt.;0
27.07.2011;339,22;339,22;339,22;339,22;Pkt.;0
28.07.2011;337,66;337,66;337,66;337,66;Pkt.;0
29.07.2011;335,90;335,90;335,90;335,90;Pkt.;0
01.08.2011;334,34;334,34;334,34;334,34;Pkt.;0
02.08.2011;327,33;327,33;327,33;327,33;Pkt.;0
03.08.2011;324,85;324,85;324,85;324,85;Pkt.;0
04.08.2011;311,60;311,60;311,60;311,60;Pkt.;0
05.08.2011;307,13;307,13;307,13;307,13;Pkt.;0
08.08.2011;291,50;291,50;291,50;291,50;Pkt.;0
09.08.2011;297,72;297,72;297,72;297,72;Pkt.;0
10.08.2011;290,54;290,54;290,54;290,54;Pkt.;0
11.08.2011;298,95;298,95;298,95;298,95;Pkt.;0
12.08.2011;302,11;302,11;302,11;302,11;Pkt.;0
15.08.2011;308,39;308,39;308,39;308,39;Pkt.;0
16.08.2011;306,78;306,78;306,78;306,78;Pkt.;0
17.08.2011;307,85;307,85;307,85;307,85;Pkt.;0
18.08.2011;295,03;295,03;295,03;295,03;Pkt.;0
19.08.2011;290,42;290,42;290,42;290,42;Pkt.;0
22.08.2011;290,17;290,17;290,17;290,17;Pkt.;0
23.08.2011;296,83;296,83;296,83;296,83;Pkt.;0
24.08.2011;298,93;298,93;298,93;298,93;Pkt.;0
25.08.2011;295,63;295,63;295,63;295,63;Pkt.;0
26.08.2011;297,60;297,60;297,60;297,60;Pkt.;0
29.08.2011;304,96;304,96;304,96;304,96;Pkt.;0
30.08.2011;306,49;306,49;306,49;306,49;Pkt.;0
31.08.2011;310,62;310,62;310,62;310,62;Pkt.;0
01.09.2011;309,03;309,03;309,03;309,03;Pkt.;0
02.09.2011;302,19;302,19;296,06;296,06;Pkt.;0
06.09.2011;293,41;293,41;293,41;293,41;Pkt.;0
07.09.2011;301,29;301,29;301,29;301,29;Pkt.;0
08.09.2011;300,59;300,59;300,59;300,59;Pkt.;0
09.09.2011;291,98;291,98;291,98;291,98;Pkt.;0
12.09.2011;288,42;288,42;288,42;288,42;Pkt.;0
13.09.2011;290,84;290,84;290,84;290,84;Pkt.;0
14.09.2011;292,67;292,67;292,67;292,67;Pkt.;0
15.09.2011;298,53;298,53;298,53;298,53;Pkt.;0
18.10.2011;298,75;298,75;298,75;298,75;Pkt.;0
07.11.2011;307,49;307,49;307,49;307,49;Pkt.;0
25.11.2011;280,02;280,02;280,02;280,02;Pkt.;0
05.01.2012;303,37;303,37;303,37;303,37;Pkt.;0
09.01.2012;302,30;302,30;302,30;302,30;Pkt.;0
06.02.2012;325,01;325,01;325,01;325,01;Pkt.;0
16.02.2012;326,58;326,58;326,58;326,58;Pkt.;0
21.02.2012;330,40;330,40;330,40;330,40;Pkt.;0
22.02.2012;329,16;329,16;329,16;329,16;Pkt.;0
23.02.2012;330,13;330,13;330,13;330,13;Pkt.;0
24.02.2012;331,85;331,85;331,85;331,85;Pkt.;0
27.02.2012;330,84;330,84;330,84;330,84;Pkt.;0
28.02.2012;332,44;332,44;332,44;332,44;Pkt.;0
29.02.2012;331,93;331,93;331,93;331,93;Pkt.;0
02.03.2012;331,90;331,90;331,90;331,90;Pkt.;0
05.03.2012;329,87;329,87;329,87;329,87;Pkt.;0
06.03.2012;322,99;322,99;322,99;322,99;Pkt.;0
07.03.2012;324,02;324,02;324,02;324,02;Pkt.;0
08.03.2012;328,98;328,98;328,98;328,98;Pkt.;0
09.03.2012;329,61;329,61;329,61;329,61;Pkt.;0
13.03.2012;333,58;333,58;333,58;333,58;Pkt.;0
14.03.2012;332,95;332,95;332,95;332,95;Pkt.;0
15.03.2012;334,83;334,83;334,83;334,83;Pkt.;0
16.03.2012;336,18;336,18;336,18;336,18;Pkt.;0
19.03.2012;337,14;337,14;337,14;337,14;Pkt.;0
20.03.2012;334,68;334,68;334,68;334,68;Pkt.;0
21.03.2012;333,64;333,64;333,64;333,64;Pkt.;0
22.03.2012;331,56;331,56;331,56;331,56;Pkt.;0
23.03.2012;332,49;332,49;332,49;332,49;Pkt.;0
26.03.2012;335,93;335,93;335,93;335,93;Pkt.;0
27.03.2012;336,16;336,16;336,16;336,16;Pkt.;0
28.03.2012;333,50;333,50;333,50;333,50;Pkt.;0
29.03.2012;331,47;331,47;331,47;331,47;Pkt.;0
30.03.2012;333,30;333,30;333,30;333,30;Pkt.;0
02.04.2012;336,27;336,27;336,27;336,27;Pkt.;0
03.04.2012;334,96;334,96;334,96;334,96;Pkt.;0
04.04.2012;328,66;328,66;328,66;328,66;Pkt.;0
05.04.2012;328,28;328,28;328,28;328,28;Pkt.;0
09.04.2012;325,62;325,62;325,62;325,62;Pkt.;0
10.04.2012;320,60;320,60;320,60;320,60;Pkt.;0
11.04.2012;322,21;322,21;322,21;322,21;Pkt.;0
12.04.2012;326,47;326,47;326,47;326,47;Pkt.;0
13.04.2012;323,02;323,02;323,02;323,02;Pkt.;0
16.04.2012;322,44;322,44;322,44;322,44;Pkt.;0
18.04.2012;326,34;326,34;326,34;326,34;Pkt.;0
19.04.2012;324,97;324,97;324,97;324,97;Pkt.;0
20.04.2012;325,77;325,77;325,77;325,77;Pkt.;0
23.04.2012;321,34;321,34;321,34;321,34;Pkt.;0
24.04.2012;323,15;323,15;323,15;323,15;Pkt.;0
25.04.2012;326,20;326,20;326,20;326,20;Pkt.;0
26.04.2012;328,13;328,13;328,13;328,13;Pkt.;0
27.04.2012;329,45;329,45;329,45;329,45;Pkt.;0
30.04.2012;328,67;328,67;328,67;328,67;Pkt.;0
01.05.2012;329,32;329,32;329,32;329,32;Pkt.;0
02.05.2012;328,28;328,28;328,28;328,28;Pkt.;0
03.05.2012;326,49;326,49;326,49;326,49;Pkt.;0
04.05.2012;321,72;321,72;321,72;321,72;Pkt.;0
07.05.2012;320,36;320,36;320,36;320,36;Pkt.;0
08.05.2012;317,69;317,69;317,69;317,69;Pkt.;0
09.05.2012;314,93;314,93;314,93;314,93;Pkt.;0
10.05.2012;315,97;315,97;315,97;315,97;Pkt.;0
11.05.2012;314,99;314,99;314,99;314,99;Pkt.;0
14.05.2012;310,20;310,20;310,20;310,20;Pkt.;0
15.05.2012;307,67;307,67;307,67;307,67;Pkt.;0
16.05.2012;304,70;304,70;304,70;304,70;Pkt.;0
17.05.2012;301,65;301,65;301,65;301,65;Pkt.;0
18.05.2012;298,17;298,17;298,17;298,17;Pkt.;0
21.05.2012;301,33;301,33;301,33;301,33;Pkt.;0
22.05.2012;303,44;303,44;303,44;303,44;Pkt.;0
23.05.2012;299,75;299,75;299,75;299,75;Pkt.;0
24.05.2012;300,87;300,87;300,87;300,87;Pkt.;0
25.05.2012;300,23;300,23;300,23;300,23;Pkt.;0
28.05.2012;300,87;300,87;300,87;300,87;Pkt.;0
29.05.2012;303,90;303,90;303,90;303,90;Pkt.;0
30.05.2012;298,87;298,87;298,87;298,87;Pkt.;0
31.05.2012;297,99;297,99;297,99;297,99;Pkt.;0
01.06.2012;292,01;292,01;292,01;292,01;Pkt.;0
04.06.2012;291,15;291,15;291,15;291,15;Pkt.;0
05.06.2012;292,88;292,88;292,88;292,88;Pkt.;0
06.06.2012;299,15;299,15;299,15;299,15;Pkt.;0
07.06.2012;301,17;301,17;301,17;301,17;Pkt.;0
08.06.2012;300,42;300,42;300,42;300,42;Pkt.;0
11.06.2012;299,77;299,77;299,77;299,77;Pkt.;0
12.06.2012;301,42;301,42;301,42;301,42;Pkt.;0
13.06.2012;301,30;301,30;301,30;301,30;Pkt.;0
14.06.2012;302,34;302,34;302,34;302,34;Pkt.;0
15.06.2012;305,60;305,60;305,60;305,60;Pkt.;0
18.06.2012;306,67;306,67;306,67;306,67;Pkt.;0
19.06.2012;310,42;310,42;310,42;310,42;Pkt.;0
20.06.2012;311,19;311,19;311,19;311,19;Pkt.;0
21.06.2012;305,53;305,53;305,53;305,53;Pkt.;0
22.06.2012;304,63;304,63;304,63;304,63;Pkt.;0
25.06.2012;300,24;300,24;300,24;300,24;Pkt.;0
26.06.2012;300,83;300,83;300,83;300,83;Pkt.;0
27.06.2012;303,59;303,59;303,59;303,59;Pkt.;0
28.06.2012;302,93;302,93;302,93;302,93;Pkt.;0
29.06.2012;312,11;312,11;312,11;312,11;Pkt.;0
02.07.2012;313,34;313,34;313,34;313,34;Pkt.;0
03.07.2012;316,39;316,39;316,39;316,39;Pkt.;0
04.07.2012;316,10;316,10;316,10;316,10;Pkt.;0
05.07.2012;314,33;314,33;314,33;314,33;Pkt.;0
06.07.2012;311,07;311,07;311,07;311,07;Pkt.;0
09.07.2012;309,48;309,48;309,48;309,48;Pkt.;0
10.07.2012;308,24;308,24;308,24;308,24;Pkt.;0
11.07.2012;308,17;308,17;308,17;308,17;Pkt.;0
12.07.2012;304,90;304,90;304,90;304,90;Pkt.;0
13.07.2012;309,40;309,40;309,40;309,40;Pkt.;0
16.07.2012;309,38;309,38;309,38;309,38;Pkt.;0
17.07.2012;310,48;310,48;310,48;310,48;Pkt.;0
18.07.2012;312,58;312,58;312,58;312,58;Pkt.;0
19.07.2012;314,94;314,94;314,94;314,94;Pkt.;0
20.07.2012;311,13;311,13;311,13;311,13;Pkt.;0
23.07.2012;305,84;305,84;305,84;305,84;Pkt.;0
24.07.2012;303,69;303,69;303,69;303,69;Pkt.;0
25.07.2012;303,28;303,28;303,28;303,28;Pkt.;0
26.07.2012;309,50;309,50;309,50;309,50;Pkt.;0
27.07.2012;315,46;315,46;315,46;315,46;Pkt.;0
30.07.2012;316,61;316,61;316,61;316,61;Pkt.;0
31.07.2012;316,02;316,02;316,02;316,02;Pkt.;0
01.08.2012;315,55;315,55;315,55;315,55;Pkt.;0
02.08.2012;312,26;312,26;312,26;312,26;Pkt.;0
03.08.2012;318,04;318,04;318,04;318,04;Pkt.;0
06.08.2012;320,47;320,47;320,47;320,47;Pkt.;0
07.08.2012;322,37;322,37;322,37;322,37;Pkt.;0
08.08.2012;322,42;322,42;322,42;322,42;Pkt.;0
09.08.2012;323,16;323,16;323,16;323,16;Pkt.;0
10.08.2012;323,28;323,28;323,28;323,28;Pkt.;0
13.08.2012;322,54;322,54;322,54;322,54;Pkt.;0
14.08.2012;323,01;323,01;323,01;323,01;Pkt.;0
15.08.2012;322,73;322,73;322,73;322,73;Pkt.;0
16.08.2012;325,18;325,18;325,18;325,18;Pkt.;0
17.08.2012;325,56;325,56;325,56;325,56;Pkt.;0
20.08.2012;325,38;325,38;325,38;325,38;Pkt.;0
21.08.2012;326,45;326,45;326,45;326,45;Pkt.;0
22.08.2012;324,97;324,97;324,97;324,97;Pkt.;0
23.08.2012;324,59;324,59;324,59;324,59;Pkt.;0
24.08.2012;324,36;324,36;324,36;324,36;Pkt.;0
27.08.2012;324,32;324,32;324,32;324,32;Pkt.;0
28.08.2012;323,64;323,64;323,64;323,64;Pkt.;0
29.08.2012;323,26;323,26;323,26;323,26;Pkt.;0
30.08.2012;320,43;320,43;320,43;320,43;Pkt.;0
31.08.2012;322,14;322,14;322,14;322,14;Pkt.;0
03.09.2012;322,71;322,71;322,71;322,71;Pkt.;0
04.09.2012;321,13;321,13;321,13;321,13;Pkt.;0
05.09.2012;320,49;320,49;320,49;320,49;Pkt.;0
06.09.2012;326,33;326,33;326,33;326,33;Pkt.;0
07.09.2012;330,30;330,30;330,30;330,30;Pkt.;0
10.09.2012;329,07;329,07;329,07;329,07;Pkt.;0
11.09.2012;330,39;330,39;330,39;330,39;Pkt.;0
12.09.2012;331,72;331,72;331,72;331,72;Pkt.;0
13.09.2012;334,69;334,69;334,69;334,69;Pkt.;0
14.09.2012;340,03;340,03;340,03;340,03;Pkt.;0
17.09.2012;338,80;338,80;338,80;338,80;Pkt.;0
18.09.2012;337,42;337,42;337,42;337,42;Pkt.;0
19.09.2012;338,49;338,49;338,49;338,49;Pkt.;0
20.09.2012;336,47;336,47;336,47;336,47;Pkt.;0
21.09.2012;337,61;337,61;337,61;337,61;Pkt.;0
24.09.2012;336,14;336,14;336,14;336,14;Pkt.;0
25.09.2012;335,02;335,02;335,02;335,02;Pkt.;0
26.09.2012;330,60;330,60;330,60;330,60;Pkt.;0
27.09.2012;333,32;333,32;333,32;333,32;Pkt.;0
28.09.2012;331,58;331,58;331,58;331,58;Pkt.;0
01.10.2012;333,30;333,30;333,30;333,30;Pkt.;0
02.10.2012;333,50;333,50;333,50;333,50;Pkt.;0
03.10.2012;333,21;333,21;333,21;333,21;Pkt.;0
04.10.2012;335,57;335,57;335,57;335,57;Pkt.;0
05.10.2012;336,96;336,96;336,96;336,96;Pkt.;0
08.10.2012;334,67;334,67;334,67;334,67;Pkt.;0
09.10.2012;331,76;331,76;331,76;331,76;Pkt.;0
10.10.2012;329,73;329,73;329,73;329,73;Pkt.;0
11.10.2012;330,71;330,71;330,71;330,71;Pkt.;0
12.10.2012;330,12;330,12;330,12;330,12;Pkt.;0
15.10.2012;331,55;331,55;331,55;331,55;Pkt.;0
16.10.2012;335,57;335,57;335,57;335,57;Pkt.;0
17.10.2012;338,14;338,14;338,14;338,14;Pkt.;0
18.10.2012;338,22;338,22;338,22;338,22;Pkt.;0
19.10.2012;334,10;334,10;334,10;334,10;Pkt.;0
22.10.2012;333,84;333,84;333,84;333,84;Pkt.;0
23.10.2012;328,79;328,79;328,79;328,79;Pkt.;0
24.10.2012;328,43;328,43;328,43;328,43;Pkt.;0
25.10.2012;329,50;329,50;329,50;329,50;Pkt.;0
26.10.2012;328,59;328,59;328,59;328,59;Pkt.;0
29.10.2012;327,85;327,85;327,85;327,85;Pkt.;0
30.10.2012;329,12;329,12;329,12;329,12;Pkt.;0
31.10.2012;329,07;329,07;329,07;329,07;Pkt.;0
01.11.2012;331,82;331,82;331,82;331,82;Pkt.;0
02.11.2012;330,40;330,40;330,40;330,40;Pkt.;0
05.11.2012;329,70;329,70;329,70;329,70;Pkt.;0
06.11.2012;331,71;331,71;331,71;331,71;Pkt.;0
07.11.2012;326,83;326,83;326,83;326,83;Pkt.;0
08.11.2012;323,59;323,59;323,59;323,59;Pkt.;0
09.11.2012;323,25;323,25;323,25;323,25;Pkt.;0
12.11.2012;322,80;322,80;322,80;322,80;Pkt.;0
13.11.2012;321,96;321,96;321,96;321,96;Pkt.;0
14.11.2012;318,64;318,64;318,64;318,64;Pkt.;0
15.11.2012;317,66;317,66;317,66;317,66;Pkt.;0
16.11.2012;317,35;317,35;317,35;317,35;Pkt.;0
19.11.2012;323,78;323,78;323,78;323,78;Pkt.;0
20.11.2012;323,94;323,94;323,94;323,94;Pkt.;0
21.11.2012;324,66;324,66;324,66;324,66;Pkt.;0
22.11.2012;326,23;326,23;326,23;326,23;Pkt.;0
23.11.2012;329,83;329,83;329,83;329,83;Pkt.;0
26.11.2012;329,30;329,30;329,30;329,30;Pkt.;0
27.11.2012;328,64;328,64;328,64;328,64;Pkt.;0
28.11.2012;329,41;329,41;329,41;329,41;Pkt.;0
29.11.2012;332,33;332,33;332,33;332,33;Pkt.;0
30.11.2012;332,64;332,64;332,64;332,64;Pkt.;0
03.12.2012;332,41;332,41;332,41;332,41;Pkt.;0
04.12.2012;332,33;332,33;332,33;332,33;Pkt.;0
05.12.2012;333,06;333,06;333,06;333,06;Pkt.;0
06.12.2012;334,04;334,04;334,04;334,04;Pkt.;0
07.12.2012;334,52;334,52;334,52;334,52;Pkt.;0
10.12.2012;335,00;335,00;335,00;335,00;Pkt.;0
12.12.2012;337,79;337,79;337,79;337,79;Pkt.;0
13.12.2012;336,82;336,82;336,82;336,82;Pkt.;0
14.12.2012;336,36;336,36;336,36;336,36;Pkt.;0
17.12.2012;338,38;338,38;338,38;338,38;Pkt.;0
18.12.2012;341,45;341,45;341,45;341,45;Pkt.;0
20.12.2012;342,59;342,59;342,59;342,59;Pkt.;0
21.12.2012;339,80;339,80;339,80;339,80;Pkt.;0
24.12.2012;339,23;339,23;339,23;339,23;Pkt.;0
25.12.2012;339,46;339,46;339,46;339,46;Pkt.;0
26.12.2012;338,83;338,83;338,83;338,83;Pkt.;0
27.12.2012;339,02;339,02;339,02;339,02;Pkt.;0
28.12.2012;337,18;337,18;337,18;337,18;Pkt.;0
31.12.2012;339,75;339,75;339,75;339,75;Pkt.;0
01.01.2013;339,79;339,79;339,79;339,79;Pkt.;0
02.01.2013;347,09;347,09;347,09;347,09;Pkt.;0
03.01.2013;346,62;346,62;346,62;346,62;Pkt.;0
04.01.2013;347,68;347,68;347,68;347,68;Pkt.;0
07.01.2013;346,88;346,88;346,88;346,88;Pkt.;0
08.01.2013;345,61;345,61;345,61;345,61;Pkt.;0
09.01.2013;346,82;346,82;346,82;346,82;Pkt.;0
10.01.2013;349,49;349,49;349,49;349,49;Pkt.;0
11.01.2013;350,08;350,08;350,08;350,08;Pkt.;0
14.01.2013;350,03;350,03;350,03;350,03;Pkt.;0
15.01.2013;350,28;350,28;350,28;350,28;Pkt.;0
16.01.2013;349,34;349,34;349,34;349,34;Pkt.;0
17.01.2013;351,02;351,02;351,02;351,02;Pkt.;0
18.01.2013;351,77;351,77;351,77;351,77;Pkt.;0
21.01.2013;351,98;351,98;351,98;351,98;Pkt.;0
22.01.2013;352,91;352,91;352,91;352,91;Pkt.;0
23.01.2013;352,68;352,68;352,68;352,68;Pkt.;0
24.01.2013;353,18;353,18;353,18;353,18;Pkt.;0
25.01.2013;355,11;355,11;355,11;355,11;Pkt.;0
28.01.2013;354,27;354,27;354,27;354,27;Pkt.;0
29.01.2013;356,29;356,29;356,29;356,29;Pkt.;0
30.01.2013;355,95;355,95;355,95;355,95;Pkt.;0
31.01.2013;355,10;355,10;355,10;355,10;Pkt.;0
01.02.2013;357,76;357,76;357,76;357,76;Pkt.;0
04.02.2013;353,98;353,98;353,98;353,98;Pkt.;0
05.02.2013;354,97;354,97;354,97;354,97;Pkt.;0
06.02.2013;355,52;355,52;355,52;355,52;Pkt.;0
08.02.2013;355,86;355,86;355,86;355,86;Pkt.;0
11.02.2013;354,72;354,72;354,72;354,72;Pkt.;0
12.02.2013;356,53;356,53;356,53;356,53;Pkt.;0
13.02.2013;356,77;356,77;356,77;356,77;Pkt.;0
14.02.2013;356,32;356,32;356,32;356,32;Pkt.;0
15.02.2013;355,32;355,32;355,32;355,32;Pkt.;0
18.02.2013;355,56;355,56;355,56;355,56;Pkt.;0
19.02.2013;358,05;358,05;358,05;358,05;Pkt.;0
20.02.2013;356,08;356,08;356,08;356,08;Pkt.;0
21.02.2013;351,49;351,49;351,49;351,49;Pkt.;0
22.02.2013;353,69;353,69;353,69;353,69;Pkt.;0
25.02.2013;351,34;351,34;351,34;351,34;Pkt.;0
26.02.2013;349,71;349,71;349,71;349,71;Pkt.;0
27.02.2013;352,82;352,82;352,82;352,82;Pkt.;0
28.02.2013;354,43;354,43;354,43;354,43;Pkt.;0
01.03.2013;353,61;353,61;353,61;353,61;Pkt.;0
04.03.2013;353,81;353,81;353,81;353,81;Pkt.;0
05.03.2013;357,55;357,55;357,55;357,55;Pkt.;0
06.03.2013;358,42;358,42;358,42;358,42;Pkt.;0
07.03.2013;358,91;358,91;358,91;358,91;Pkt.;0
08.03.2013;360,10;360,10;360,10;360,10;Pkt.;0
11.03.2013;361,34;361,34;361,34;361,34;Pkt.;0
12.03.2013;360,75;360,75;360,75;360,75;Pkt.;0
13.03.2013;359,63;359,63;359,63;359,63;Pkt.;0
14.03.2013;361,85;361,85;361,85;361,85;Pkt.;0
15.03.2013;362,56;362,56;362,56;362,56;Pkt.;0
18.03.2013;359,07;359,07;359,07;359,07;Pkt.;0
19.03.2013;357,92;357,92;357,92;357,92;Pkt.;0
20.03.2013;359,66;359,66;359,66;359,66;Pkt.;0
21.03.2013;357,80;357,80;357,80;357,80;Pkt.;0
22.03.2013;358,75;358,75;358,75;358,75;Pkt.;0
25.03.2013;357,80;357,80;357,80;357,80;Pkt.;0
26.03.2013;359,38;359,38;359,38;359,38;Pkt.;0
27.03.2013;358,71;358,71;358,71;358,71;Pkt.;0
28.03.2013;359,98;359,98;359,98;359,98;Pkt.;0
29.03.2013;360,06;360,06;360,06;360,06;Pkt.;0
01.04.2013;358,47;358,47;358,47;358,47;Pkt.;0
02.04.2013;360,01;360,01;360,01;360,01;Pkt.;0
03.04.2013;357,67;357,67;357,67;357,67;Pkt.;0
04.04.2013;356,59;356,59;356,59;356,59;Pkt.;0
05.04.2013;355,52;355,52;355,52;355,52;Pkt.;0
08.04.2013;357,10;357,10;357,10;357,10;Pkt.;0
09.04.2013;358,92;358,92;358,92;358,92;Pkt.;0
10.04.2013;363,56;363,56;363,56;363,56;Pkt.;0
11.04.2013;366,05;366,05;366,05;366,05;Pkt.;0
12.04.2013;364,26;364,26;364,26;364,26;Pkt.;0
15.04.2013;357,96;357,96;357,96;357,96;Pkt.;0
16.04.2013;359,90;359,90;359,90;359,90;Pkt.;0
17.04.2013;355,58;355,58;355,58;355,58;Pkt.;0
18.04.2013;353,88;353,88;353,88;353,88;Pkt.;0
19.04.2013;356,35;356,35;356,35;356,35;Pkt.;0
22.04.2013;357,44;357,44;357,44;357,44;Pkt.;0
23.04.2013;361,05;361,05;361,05;361,05;Pkt.;0
24.04.2013;362,91;362,91;362,91;362,91;Pkt.;0
25.04.2013;365,19;365,19;365,19;365,19;Pkt.;0
26.04.2013;364,66;364,66;364,66;364,66;Pkt.;0
29.04.2013;367,21;367,21;367,21;367,21;Pkt.;0
30.04.2013;369,42;369,42;369,42;369,42;Pkt.;0
01.05.2013;367,25;367,25;367,25;367,25;Pkt.;0
02.05.2013;367,92;367,92;367,92;367,92;Pkt.;0
03.05.2013;370,93;370,93;370,93;370,93;Pkt.;0
06.05.2013;370,96;370,96;370,96;370,96;Pkt.;0
07.05.2013;373,49;373,49;373,49;373,49;Pkt.;0
08.05.2013;376,41;376,41;376,41;376,41;Pkt.;0
09.05.2013;374,64;374,64;374,64;374,64;Pkt.;0
10.05.2013;374,24;374,24;374,24;374,24;Pkt.;0
13.05.2013;374,21;374,21;374,21;374,21;Pkt.;0
14.05.2013;376,28;376,28;376,28;376,28;Pkt.;0
15.05.2013;377,36;377,36;377,36;377,36;Pkt.;0
16.05.2013;376,74;376,74;376,74;376,74;Pkt.;0
17.05.2013;377,81;377,81;377,81;377,81;Pkt.;0
20.05.2013;379,10;379,10;379,10;379,10;Pkt.;0
21.05.2013;379,59;379,59;379,59;379,59;Pkt.;0
22.05.2013;377,89;377,89;377,89;377,89;Pkt.;0
23.05.2013;372,66;372,66;372,66;372,66;Pkt.;0
24.05.2013;372,54;372,54;372,54;372,54;Pkt.;0
27.05.2013;371,92;371,92;371,92;371,92;Pkt.;0
28.05.2013;373,68;373,68;373,68;373,68;Pkt.;0
29.05.2013;371,54;371,54;371,54;371,54;Pkt.;0
30.05.2013;371,87;371,87;371,87;371,87;Pkt.;0
31.05.2013;367,20;367,20;367,20;367,20;Pkt.;0
03.06.2013;366,93;366,93;366,93;366,93;Pkt.;0
04.06.2013;367,33;367,33;367,33;367,33;Pkt.;0
05.06.2013;361,83;361,83;361,83;361,83;Pkt.;0
06.06.2013;362,43;362,43;362,43;362,43;Pkt.;0
07.06.2013;365,61;365,61;365,61;365,61;Pkt.;0
10.06.2013;365,93;365,93;365,93;365,93;Pkt.;0
11.06.2013;363,00;363,00;363,00;363,00;Pkt.;0
12.06.2013;361,71;361,71;361,71;361,71;Pkt.;0
13.06.2013;362,70;362,70;362,70;362,70;Pkt.;0
14.06.2013;363,05;363,05;363,05;363,05;Pkt.;0
17.06.2013;366,09;366,09;366,09;366,09;Pkt.;0
18.06.2013;367,27;367,27;367,27;367,27;Pkt.;0
19.06.2013;365,19;365,19;365,19;365,19;Pkt.;0
20.06.2013;352,32;352,32;352,32;352,32;Pkt.;0
21.06.2013;351,39;351,39;351,39;351,39;Pkt.;0
24.06.2013;346,20;346,20;346,20;346,20;Pkt.;0
25.06.2013;348,85;348,85;348,85;348,85;Pkt.;0
26.06.2013;352,40;352,40;352,40;352,40;Pkt.;0
27.06.2013;355,46;355,46;355,46;355,46;Pkt.;0
28.06.2013;355,81;355,81;355,81;355,81;Pkt.;0
01.07.2013;358,25;358,25;358,25;358,25;Pkt.;0
02.07.2013;357,95;357,95;357,95;357,95;Pkt.;0
03.07.2013;356,16;356,16;356,16;356,16;Pkt.;0
04.07.2013;358,26;358,26;358,26;358,26;Pkt.;0
05.07.2013;358,25;358,25;358,25;358,25;Pkt.;0
08.07.2013;359,62;359,62;359,62;359,62;Pkt.;0
09.07.2013;362,32;362,32;362,32;362,32;Pkt.;0
10.07.2013;363,51;363,51;363,51;363,51;Pkt.;0
11.07.2013;369,82;369,82;369,82;369,82;Pkt.;0
12.07.2013;370,28;370,28;370,28;370,28;Pkt.;0
15.07.2013;371,16;371,16;371,16;371,16;Pkt.;0
16.07.2013;371,10;371,10;371,10;371,10;Pkt.;0
17.07.2013;372,00;372,00;372,00;372,00;Pkt.;0
18.07.2013;373,62;373,62;373,62;373,62;Pkt.;0
19.07.2013;373,85;373,85;373,85;373,85;Pkt.;0
22.07.2013;375,56;375,56;375,56;375,56;Pkt.;0
23.07.2013;376,02;376,02;376,02;376,02;Pkt.;0
24.07.2013;375,61;375,61;375,61;375,61;Pkt.;0
25.07.2013;375,28;375,28;375,28;375,28;Pkt.;0
26.07.2013;374,91;374,91;374,91;374,91;Pkt.;0
29.07.2013;372,97;372,97;372,97;372,97;Pkt.;0
30.07.2013;373,28;373,28;373,28;373,28;Pkt.;0
31.07.2013;372,49;372,49;372,49;372,49;Pkt.;0
01.08.2013;376,51;376,51;376,51;376,51;Pkt.;0
02.08.2013;378,53;378,53;378,53;378,53;Pkt.;0
05.08.2013;377,83;377,83;377,83;377,83;Pkt.;0
06.08.2013;376,87;376,87;376,87;376,87;Pkt.;0
07.08.2013;374,59;374,59;374,59;374,59;Pkt.;0
08.08.2013;376,82;376,82;376,82;376,82;Pkt.;0
09.08.2013;376,83;376,83;376,83;376,83;Pkt.;0
12.08.2013;376,48;376,48;376,48;376,48;Pkt.;0
13.08.2013;377,52;377,52;377,52;377,52;Pkt.;0
14.08.2013;377,57;377,57;377,57;377,57;Pkt.;0
15.08.2013;373,09;373,09;373,09;373,09;Pkt.;0
16.08.2013;373,14;373,14;373,14;373,14;Pkt.;0
19.08.2013;370,94;370,94;370,94;370,94;Pkt.;0
20.08.2013;370,22;370,22;370,22;370,22;Pkt.;0
21.08.2013;367,47;367,47;367,47;367,47;Pkt.;0
22.08.2013;369,18;369,18;369,18;369,18;Pkt.;0
23.08.2013;371,98;371,98;371,98;371,98;Pkt.;0
26.08.2013;371,09;371,09;371,09;371,09;Pkt.;0
27.08.2013;365,94;365,94;365,94;365,94;Pkt.;0
28.08.2013;364,74;364,74;364,74;364,74;Pkt.;0
29.08.2013;365,45;365,45;365,45;365,45;Pkt.;0
30.08.2013;363,98;363,98;363,98;363,98;Pkt.;0
02.09.2013;366,21;366,21;366,21;366,21;Pkt.;0
03.09.2013;367,10;367,10;367,10;367,10;Pkt.;0
04.09.2013;369,51;369,51;369,51;369,51;Pkt.;0
05.09.2013;370,22;370,22;370,22;370,22;Pkt.;0
06.09.2013;371,63;371,63;371,63;371,63;Pkt.;0
09.09.2013;375,38;375,38;375,38;375,38;Pkt.;0
10.09.2013;379,04;379,04;379,04;379,04;Pkt.;0
11.09.2013;380,51;380,51;380,51;380,51;Pkt.;0
12.09.2013;379,83;379,83;379,83;379,83;Pkt.;0
13.09.2013;379,85;379,85;379,85;379,85;Pkt.;0
16.09.2013;383,31;383,31;383,31;383,31;Pkt.;0
17.09.2013;383,50;383,50;383,50;383,50;Pkt.;0
18.09.2013;386,58;386,58;386,58;386,58;Pkt.;0
19.09.2013;390,06;390,06;390,06;390,06;Pkt.;0
20.09.2013;387,48;387,48;387,48;387,48;Pkt.;0
23.09.2013;386,43;386,43;386,43;386,43;Pkt.;0
24.09.2013;385,68;385,68;385,68;385,68;Pkt.;0
25.09.2013;385,15;385,15;385,15;385,15;Pkt.;0
26.09.2013;385,61;385,61;385,61;385,61;Pkt.;0
27.09.2013;385,09;385,09;385,09;385,09;Pkt.;0
30.09.2013;382,07;382,07;382,07;382,07;Pkt.;0
01.10.2013;384,62;384,62;384,62;384,62;Pkt.;0
02.10.2013;384,13;384,13;384,13;384,13;Pkt.;0
03.10.2013;382,64;382,64;382,64;382,64;Pkt.;0
04.10.2013;383,79;383,79;383,79;383,79;Pkt.;0
07.10.2013;381,21;381,21;381,21;381,21;Pkt.;0
08.10.2013;378,47;378,47;378,47;378,47;Pkt.;0
09.10.2013;377,59;377,59;377,59;377,59;Pkt.;0
10.10.2013;383,71;383,71;383,71;383,71;Pkt.;0
11.10.2013;386,61;386,61;386,61;386,61;Pkt.;0
14.10.2013;387,78;387,78;387,78;387,78;Pkt.;0
15.10.2013;387,08;387,08;387,08;387,08;Pkt.;0
16.10.2013;389,82;389,82;389,82;389,82;Pkt.;0
17.10.2013;393,52;393,52;393,52;393,52;Pkt.;0
18.10.2013;396,40;396,40;396,40;396,40;Pkt.;0
21.10.2013;396,77;396,77;396,77;396,77;Pkt.;0
22.10.2013;399,29;399,29;399,29;399,29;Pkt.;0
23.10.2013;396,80;396,80;396,80;396,80;Pkt.;0
24.10.2013;398,07;398,07;398,07;398,07;Pkt.;0
25.10.2013;397,93;397,93;397,93;397,93;Pkt.;0
28.10.2013;398,73;398,73;398,73;398,73;Pkt.;0
29.10.2013;399,74;399,74;399,74;399,74;Pkt.;0
30.10.2013;399,45;399,45;399,45;399,45;Pkt.;0
31.10.2013;397,11;397,11;397,11;397,11;Pkt.;0
01.11.2013;395,73;395,73;395,73;395,73;Pkt.;0
04.11.2013;397,00;397,00;397,00;397,00;Pkt.;0
05.11.2013;395,58;395,58;395,58;395,58;Pkt.;0
06.11.2013;397,40;397,40;397,40;397,40;Pkt.;0
07.11.2013;392,90;392,90;392,90;392,90;Pkt.;0
08.11.2013;393,98;393,98;393,98;393,98;Pkt.;0
11.11.2013;394,89;394,89;394,89;394,89;Pkt.;0
12.11.2013;394,32;394,32;394,32;394,32;Pkt.;0
13.11.2013;394,49;394,49;394,49;394,49;Pkt.;0
14.11.2013;397,48;397,48;397,48;397,48;Pkt.;0
15.11.2013;399,96;399,96;399,96;399,96;Pkt.;0
18.11.2013;401,11;401,11;401,11;401,11;Pkt.;0
19.11.2013;399,68;399,68;399,68;399,68;Pkt.;0
20.11.2013;398,34;398,34;398,34;398,34;Pkt.;0
21.11.2013;398,78;398,78;398,78;398,78;Pkt.;0
22.11.2013;400,49;400,49;400,49;400,49;Pkt.;0
25.11.2013;400,68;400,68;400,68;400,68;Pkt.;0
26.11.2013;400,06;400,06;400,06;400,06;Pkt.;0
27.11.2013;400,85;400,85;400,85;400,85;Pkt.;0
28.11.2013;401,88;401,88;401,88;401,88;Pkt.;0
29.11.2013;402,05;402,05;402,05;402,05;Pkt.;0
02.12.2013;400,28;400,28;400,28;400,28;Pkt.;0
03.12.2013;398,05;398,05;398,05;398,05;Pkt.;0
04.12.2013;395,87;395,87;395,87;395,87;Pkt.;0
05.12.2013;394,70;394,70;394,70;394,70;Pkt.;0
06.12.2013;397,87;397,87;397,87;397,87;Pkt.;0
09.12.2013;399,43;399,43;399,43;399,43;Pkt.;0
10.12.2013;398,67;398,67;398,67;398,67;Pkt.;0
11.12.2013;395,14;395,14;395,14;395,14;Pkt.;0
12.12.2013;392,16;392,16;392,16;392,16;Pkt.;0
13.12.2013;391,89;391,89;391,89;391,89;Pkt.;0
16.12.2013;394,20;394,20;394,20;394,20;Pkt.;0
17.12.2013;393,01;393,01;393,01;393,01;Pkt.;0
18.12.2013;397,72;397,72;397,72;397,72;Pkt.;0
19.12.2013;398,64;398,64;398,64;398,64;Pkt.;0
20.12.2013;400,36;400,36;400,36;400,36;Pkt.;0
23.12.2013;402,89;402,89;402,89;402,89;Pkt.;0
24.12.2013;403,52;403,52;403,52;403,52;Pkt.;0
25.12.2013;403,52;403,52;403,52;403,52;Pkt.;0
26.12.2013;404,89;404,89;404,89;404,89;Pkt.;0
27.12.2013;406,81;406,81;406,81;406,81;Pkt.;0
30.12.2013;407,43;407,43;407,43;407,43;Pkt.;0
31.12.2013;408,55;408,55;408,55;408,55;Pkt.;0
01.01.2014;408,55;408,55;408,55;408,55;Pkt.;0
02.01.2014;404,55;404,55;404,55;404,55;Pkt.;0
03.01.2014;404,24;404,24;404,24;404,24;Pkt.;0
06.01.2014;402,86;402,86;402,86;402,86;Pkt.;0
07.01.2014;404,25;404,25;404,25;404,25;Pkt.;0
08.01.2014;404,87;404,87;404,87;404,87;Pkt.;0
09.01.2014;403,60;403,60;403,60;403,60;Pkt.;0
10.01.2014;405,83;405,83;405,83;405,83;Pkt.;0
13.01.2014;404,01;404,01;404,01;404,01;Pkt.;0
14.01.2014;405,31;405,31;405,31;405,31;Pkt.;0
15.01.2014;407,24;407,24;407,24;407,24;Pkt.;0
16.01.2014;406,95;406,95;406,95;406,95;Pkt.;0
17.01.2014;406,41;406,41;406,41;406,41;Pkt.;0
20.01.2014;406,30;406,30;406,30;406,30;Pkt.;0
21.01.2014;406,82;406,82;406,82;406,82;Pkt.;0
22.01.2014;407,56;407,56;407,56;407,56;Pkt.;0
23.01.2014;404,54;404,54;404,54;404,54;Pkt.;0
24.01.2014;396,88;396,88;396,88;396,88;Pkt.;0
27.01.2014;393,13;393,13;393,13;393,13;Pkt.;0
28.01.2014;394,65;394,65;394,65;394,65;Pkt.;0
29.01.2014;393,07;393,07;393,07;393,07;Pkt.;0
30.01.2014;393,89;393,89;393,89;393,89;Pkt.;0
31.01.2014;391,92;391,92;391,92;391,92;Pkt.;0
03.02.2014;385,66;385,66;385,66;385,66;Pkt.;0
04.02.2014;384,84;384,84;384,84;384,84;Pkt.;0
05.02.2014;385,32;385,32;385,32;385,32;Pkt.;0
06.02.2014;390,36;390,36;390,36;390,36;Pkt.;0
07.02.2014;394,88;394,88;394,88;394,88;Pkt.;0
10.02.2014;395,91;395,91;395,91;395,91;Pkt.;0
11.02.2014;400,19;400,19;400,19;400,19;Pkt.;0
12.02.2014;401,28;401,28;401,28;401,28;Pkt.;0
13.02.2014;402,16;402,16;402,16;402,16;Pkt.;0
14.02.2014;404,18;404,18;404,18;404,18;Pkt.;0
17.02.2014;405,24;405,24;405,24;405,24;Pkt.;0
18.02.2014;406,54;406,54;406,54;406,54;Pkt.;0
19.02.2014;405,34;405,34;405,34;405,34;Pkt.;0
20.02.2014;405,18;405,18;405,18;405,18;Pkt.;0
21.02.2014;406,40;406,40;406,40;406,40;Pkt.;0
24.02.2014;408,22;408,22;408,22;408,22;Pkt.;0
25.02.2014;408,34;408,34;408,34;408,34;Pkt.;0
26.02.2014;407,37;407,37;407,37;407,37;Pkt.;0
27.02.2014;408,45;408,45;408,45;408,45;Pkt.;0
28.02.2014;410,13;410,13;410,13;410,13;Pkt.;0
03.03.2014;405,06;405,06;405,06;405,06;Pkt.;0
04.03.2014;410,22;410,22;410,22;410,22;Pkt.;0
05.03.2014;410,62;410,62;410,62;410,62;Pkt.;0
06.03.2014;412,65;412,65;412,65;412,65;Pkt.;0
07.03.2014;411,41;411,41;411,41;411,41;Pkt.;0
10.03.2014;409,88;409,88;409,88;409,88;Pkt.;0
11.03.2014;408,97;408,97;408,97;408,97;Pkt.;0
12.03.2014;407,02;407,02;407,02;407,02;Pkt.;0
13.03.2014;403,91;403,91;403,91;403,91;Pkt.;0
14.03.2014;401,35;401,35;401,35;401,35;Pkt.;0
17.03.2014;404,41;404,41;404,41;404,41;Pkt.;0
18.03.2014;407,35;407,35;407,35;407,35;Pkt.;0
19.03.2014;405,63;405,63;405,63;405,63;Pkt.;0
20.03.2014;404,38;404,38;404,38;404,38;Pkt.;0
21.03.2014;404,36;404,36;404,36;404,36;Pkt.;0
24.03.2014;403,12;403,12;403,12;403,12;Pkt.;0
25.03.2014;405,45;405,45;405,45;405,45;Pkt.;0
26.03.2014;405,58;405,58;405,58;405,58;Pkt.;0
27.03.2014;405,62;405,62;405,62;405,62;Pkt.;0
28.03.2014;407,95;407,95;407,95;407,95;Pkt.;0
31.03.2014;411,02;411,02;411,02;411,02;Pkt.;0
01.04.2014;413,45;413,45;413,45;413,45;Pkt.;0
02.04.2014;414,46;414,46;414,46;414,46;Pkt.;0
03.04.2014;413,74;413,74;413,74;413,74;Pkt.;0
04.04.2014;411,87;411,87;411,87;411,87;Pkt.;0
07.04.2014;408,23;408,23;408,23;408,23;Pkt.;0
08.04.2014;409,53;409,53;409,53;409,53;Pkt.;0
09.04.2014;412,22;412,22;412,22;412,22;Pkt.;0
10.04.2014;408,29;408,29;408,29;408,29;Pkt.;0
11.04.2014;404,14;404,14;404,14;404,14;Pkt.;0
14.04.2014;405,28;405,28;405,28;405,28;Pkt.;0
15.04.2014;405,27;405,27;405,27;405,27;Pkt.;0
16.04.2014;409,38;409,38;409,38;409,38;Pkt.;0
17.04.2014;410,76;410,76;410,76;410,76;Pkt.;0
22.04.2014;413,41;413,41;413,41;413,41;Pkt.;0
23.04.2014;412,60;412,60;412,60;412,60;Pkt.;0
24.04.2014;413,05;413,05;413,05;413,05;Pkt.;0
25.04.2014;410,28;410,28;410,28;410,28;Pkt.;0
28.04.2014;410,68;410,68;410,68;410,68;Pkt.;0
29.04.2014;413,12;413,12;413,12;413,12;Pkt.;0
30.04.2014;414,09;414,09;414,09;414,09;Pkt.;0
02.05.2014;414,72;414,72;414,72;414,72;Pkt.;0
05.05.2014;414,79;414,79;414,79;414,79;Pkt.;0
06.05.2014;413,54;413,54;413,54;413,54;Pkt.;0
07.05.2014;413,68;413,68;413,68;413,68;Pkt.;0
08.05.2014;414,48;414,48;414,48;414,48;Pkt.;0
09.05.2014;413,64;413,64;413,64;413,64;Pkt.;0
12.05.2014;416,56;416,56;416,56;416,56;Pkt.;0
13.05.2014;417,53;417,53;417,53;417,53;Pkt.;0
14.05.2014;417,26;417,26;417,26;417,26;Pkt.;0
15.05.2014;414,38;414,38;414,38;414,38;Pkt.;0
16.05.2014;414,80;414,80;414,80;414,80;Pkt.;0
19.05.2014;415,44;415,44;415,44;415,44;Pkt.;0
20.05.2014;413,47;413,47;413,47;413,47;Pkt.;0
21.05.2014;415,41;415,41;415,41;415,41;Pkt.;0
22.05.2014;417,11;417,11;417,11;417,11;Pkt.;0
23.05.2014;418,41;418,41;418,41;418,41;Pkt.;0
27.05.2014;420,11;420,11;420,11;420,11;Pkt.;0
28.05.2014;420,01;420,01;420,01;420,01;Pkt.;0
29.05.2014;421,59;421,59;421,59;421,59;Pkt.;0
30.05.2014;421,53;421,53;421,53;421,53;Pkt.;0
02.06.2014;422,07;422,07;422,07;422,07;Pkt.;0
03.06.2014;422,04;422,04;422,04;422,04;Pkt.;0
04.06.2014;422,26;422,26;422,26;422,26;Pkt.;0
05.06.2014;424,14;424,14;424,14;424,14;Pkt.;0
06.06.2014;426,53;426,53;426,53;426,53;Pkt.;0
09.06.2014;427,04;427,04;427,04;427,04;Pkt.;0
10.06.2014;427,27;427,27;427,27;427,27;Pkt.;0
11.06.2014;426,30;426,30;426,30;426,30;Pkt.;0
12.06.2014;424,99;424,99;424,99;424,99;Pkt.;0
13.06.2014;425,12;425,12;425,12;425,12;Pkt.;0
16.06.2014;424,95;424,95;424,95;424,95;Pkt.;0
17.06.2014;425,21;425,21;425,21;425,21;Pkt.;0
18.06.2014;427,23;427,23;427,23;427,23;Pkt.;0
19.06.2014;429,80;429,80;429,80;429,80;Pkt.;0
20.06.2014;429,32;429,32;429,32;429,32;Pkt.;0
23.06.2014;429,00;429,00;429,00;429,00;Pkt.;0
24.06.2014;427,40;427,40;427,40;427,40;Pkt.;0
25.06.2014;427,19;427,19;427,19;427,19;Pkt.;0
26.06.2014;427,22;427,22;427,22;427,22;Pkt.;0
27.06.2014;427,98;427,98;427,98;427,98;Pkt.;0
30.06.2014;428,75;428,75;428,75;428,75;Pkt.;0
01.07.2014;431,26;431,26;431,26;431,26;Pkt.;0
02.07.2014;432,15;432,15;432,15;432,15;Pkt.;0
03.07.2014;433,79;433,79;433,79;433,79;Pkt.;0
07.07.2014;431,84;431,84;431,84;431,84;Pkt.;0
08.07.2014;428,98;428,98;428,98;428,98;Pkt.;0
09.07.2014;429,77;429,77;429,77;429,77;Pkt.;0
10.07.2014;427,30;427,30;427,30;427,30;Pkt.;0
11.07.2014;427,47;427,47;427,47;427,47;Pkt.;0
14.07.2014;430,11;430,11;430,11;430,11;Pkt.;0
15.07.2014;429,00;429,00;429,00;429,00;Pkt.;0
16.07.2014;431,23;431,23;431,23;431,23;Pkt.;0
17.07.2014;427,45;427,45;427,45;427,45;Pkt.;0
18.07.2014;429,49;429,49;429,49;429,49;Pkt.;0
21.07.2014;428,58;428,58;428,58;428,58;Pkt.;0
22.07.2014;431,41;431,41;431,41;431,41;Pkt.;0
23.07.2014;432,28;432,28;432,28;432,28;Pkt.;0
24.07.2014;432,90;432,90;432,90;432,90;Pkt.;0
25.07.2014;431,04;431,04;431,04;431,04;Pkt.;0
28.07.2014;431,07;431,07;431,07;431,07;Pkt.;0
29.07.2014;430,24;430,24;430,24;430,24;Pkt.;0
30.07.2014;429,28;429,28;429,28;429,28;Pkt.;0
31.07.2014;423,04;423,04;423,04;423,04;Pkt.;0
01.08.2014;420,90;420,90;420,90;420,90;Pkt.;0
04.08.2014;422,28;422,28;422,28;422,28;Pkt.;0
05.08.2014;419,39;419,39;419,39;419,39;Pkt.;0
06.08.2014;417,99;417,99;417,99;417,99;Pkt.;0
07.08.2014;415,90;415,90;415,90;415,90;Pkt.;0
08.08.2014;416,93;416,93;416,93;416,93;Pkt.;0
11.08.2014;420,06;420,06;420,06;420,06;Pkt.;0
12.08.2014;419,69;419,69;419,69;419,69;Pkt.;0
13.08.2014;422,04;422,04;422,04;422,04;Pkt.;0
14.08.2014;423,63;423,63;423,63;423,63;Pkt.;0
15.08.2014;423,41;423,41;423,41;423,41;Pkt.;0
18.08.2014;426,40;426,40;426,40;426,40;Pkt.;0
19.08.2014;428,37;428,37;428,37;428,37;Pkt.;0
20.08.2014;428,60;428,60;428,60;428,60;Pkt.;0
21.08.2014;429,79;429,79;429,79;429,79;Pkt.;0
22.08.2014;428,54;428,54;428,54;428,54;Pkt.;0
25.08.2014;430,68;430,68;430,68;430,68;Pkt.;0
26.08.2014;431,65;431,65;431,65;431,65;Pkt.;0
27.08.2014;432,25;432,25;432,25;432,25;Pkt.;0
28.08.2014;430,56;430,56;430,56;430,56;Pkt.;0
29.08.2014;431,54;431,54;431,54;431,54;Pkt.;0
02.09.2014;431,17;431,17;431,17;431,17;Pkt.;0
03.09.2014;432,85;432,85;432,85;432,85;Pkt.;0
04.09.2014;432,08;432,08;432,08;432,08;Pkt.;0
05.09.2014;432,37;432,37;432,37;432,37;Pkt.;0
08.09.2014;430,91;430,91;430,91;430,91;Pkt.;0
09.09.2014;428,14;428,14;428,14;428,14;Pkt.;0
10.09.2014;428,16;428,16;428,16;428,16;Pkt.;0
11.09.2014;428,16;428,16;428,16;428,16;Pkt.;0
12.09.2014;426,17;426,17;426,17;426,17;Pkt.;0
15.09.2014;425,34;425,34;425,34;425,34;Pkt.;0
16.09.2014;426,50;426,50;426,50;426,50;Pkt.;0
17.09.2014;427,49;427,49;427,49;427,49;Pkt.;0
18.09.2014;428,84;428,84;428,84;428,84;Pkt.;0
19.09.2014;428,20;428,20;428,20;428,20;Pkt.;0
22.09.2014;424,56;424,56;424,56;424,56;Pkt.;0
23.09.2014;421,98;421,98;421,98;421,98;Pkt.;0
24.09.2014;423,72;423,72;423,72;423,72;Pkt.;0
25.09.2014;418,78;418,78;418,78;418,78;Pkt.;0
26.09.2014;419,75;419,75;419,75;419,75;Pkt.;0
29.09.2014;417,86;417,86;417,86;417,86;Pkt.;0
30.09.2014;416,85;416,85;416,85;416,85;Pkt.;0
01.10.2014;412,26;412,26;412,26;412,26;Pkt.;0
02.10.2014;409,62;409,62;409,62;409,62;Pkt.;0
03.10.2014;411,43;411,43;411,43;411,43;Pkt.;0
06.10.2014;413,00;413,00;413,00;413,00;Pkt.;0
07.10.2014;408,98;408,98;408,98;408,98;Pkt.;0
08.10.2014;411,10;411,10;411,10;411,10;Pkt.;0
09.10.2014;407,03;407,03;407,03;407,03;Pkt.;0
10.10.2014;400,45;400,45;400,45;400,45;Pkt.;0
13.10.2014;397,66;397,66;397,66;397,66;Pkt.;0
14.10.2014;397,06;397,06;397,06;397,06;Pkt.;0
15.10.2014;393,24;393,24;393,24;393,24;Pkt.;0
16.10.2014;392,13;392,13;392,13;392,13;Pkt.;0
17.10.2014;396,99;396,99;396,99;396,99;Pkt.;0
20.10.2014;399,94;399,94;399,94;399,94;Pkt.;0
21.10.2014;405,45;405,45;405,45;405,45;Pkt.;0
22.10.2014;404,82;404,82;404,82;404,82;Pkt.;0
23.10.2014;407,38;407,38;407,38;407,38;Pkt.;0
24.10.2014;409,23;409,23;409,23;409,23;Pkt.;0
27.10.2014;408,70;408,70;408,70;408,70;Pkt.;0
28.10.2014;413,24;413,24;413,24;413,24;Pkt.;0
29.10.2014;414,19;414,19;414,19;414,19;Pkt.;0
30.10.2014;414,94;414,94;414,94;414,94;Pkt.;0
31.10.2014;419,45;419,45;419,45;419,45;Pkt.;0
03.11.2014;417,22;417,22;417,22;417,22;Pkt.;0
04.11.2014;416,89;416,89;416,89;416,89;Pkt.;0
05.11.2014;418,32;418,32;418,32;418,32;Pkt.;0
06.11.2014;418,22;418,22;418,22;418,22;Pkt.;0
07.11.2014;417,95;417,95;417,95;417,95;Pkt.;0
10.11.2014;420,06;420,06;420,06;420,06;Pkt.;0
11.11.2014;420,37;420,37;420,37;420,37;Pkt.;0
12.11.2014;420,08;420,08;420,08;420,08;Pkt.;0
13.11.2014;420,19;420,19;420,19;420,19;Pkt.;0
14.11.2014;420,32;420,32;420,32;420,32;Pkt.;0
17.11.2014;419,61;419,61;419,61;419,61;Pkt.;0
18.11.2014;422,64;422,64;422,64;422,64;Pkt.;0
19.11.2014;421,93;421,93;421,93;421,93;Pkt.;0
20.11.2014;422,10;422,10;422,10;422,10;Pkt.;0
21.11.2014;425,31;425,31;425,31;425,31;Pkt.;0
24.11.2014;426,24;426,24;426,24;426,24;Pkt.;0
25.11.2014;426,75;426,75;426,75;426,75;Pkt.;0
26.11.2014;428,01;428,01;428,01;428,01;Pkt.;0
28.11.2014;425,82;425,82;425,82;425,82;Pkt.;0
01.12.2014;422,84;422,84;422,84;422,84;Pkt.;0
02.12.2014;424,15;424,15;424,15;424,15;Pkt.;0
03.12.2014;425,03;425,03;425,03;425,03;Pkt.;0
04.12.2014;424,39;424,39;424,39;424,39;Pkt.;0
05.12.2014;424,75;424,75;424,75;424,75;Pkt.;0
08.12.2014;421,72;421,72;421,72;421,72;Pkt.;0
09.12.2014;420,22;420,22;420,22;420,22;Pkt.;0
10.12.2014;414,77;414,77;414,77;414,77;Pkt.;0
11.12.2014;414,34;414,34;414,34;414,34;Pkt.;0
12.12.2014;408,74;408,74;408,74;408,74;Pkt.;0
15.12.2014;403,61;403,61;403,61;403,61;Pkt.;0
16.12.2014;403,19;403,19;403,19;403,19;Pkt.;0
17.12.2014;407,27;407,27;407,27;407,27;Pkt.;0
18.12.2014;415,44;415,44;415,44;415,44;Pkt.;0
19.12.2014;418,20;418,20;418,20;418,20;Pkt.;0
22.12.2014;420,15;420,15;420,15;420,15;Pkt.;0
23.12.2014;420,08;420,08;420,08;420,08;Pkt.;0
24.12.2014;420,51;420,51;420,51;420,51;Pkt.;0
26.12.2014;421,27;421,27;421,27;421,27;Pkt.;0
29.12.2014;422,05;422,05;422,05;422,05;Pkt.;0
30.12.2014;419,52;419,52;419,52;419,52;Pkt.;0
31.12.2014;417,12;417,12;417,12;417,12;Pkt.;0
02.01.2015;415,92;415,92;415,92;415,92;Pkt.;0
05.01.2015;408,01;408,01;408,01;408,01;Pkt.;0
06.01.2015;404,05;404,05;404,05;404,05;Pkt.;0
07.01.2015;406,06;406,06;406,06;406,06;Pkt.;0
08.01.2015;413,84;413,84;413,84;413,84;Pkt.;0
09.01.2015;411,69;411,69;411,69;411,69;Pkt.;0
12.01.2015;409,87;409,87;409,87;409,87;Pkt.;0
13.01.2015;410,39;410,39;410,39;410,39;Pkt.;0
14.01.2015;407,40;407,40;407,40;407,40;Pkt.;0
15.01.2015;406,95;406,95;406,95;406,95;Pkt.;0
16.01.2015;409,62;409,62;409,62;409,62;Pkt.;0
20.01.2015;411,83;411,83;411,83;411,83;Pkt.;0
21.01.2015;414,66;414,66;414,66;414,66;Pkt.;0
22.01.2015;418,52;418,52;418,52;418,52;Pkt.;0
23.01.2015;418,26;418,26;418,26;418,26;Pkt.;0
26.01.2015;419,21;419,21;419,21;419,21;Pkt.;0
27.01.2015;417,74;417,74;417,74;417,74;Pkt.;0
28.01.2015;413,92;413,92;413,92;413,92;Pkt.;0
29.01.2015;414,41;414,41;414,41;414,41;Pkt.;0
30.01.2015;410,33;410,33;410,33;410,33;Pkt.;0
02.02.2015;414,11;414,11;414,11;414,11;Pkt.;0
03.02.2015;419,24;419,24;419,24;419,24;Pkt.;0
04.02.2015;419,42;419,42;419,42;419,42;Pkt.;0
05.02.2015;422,19;422,19;422,19;422,19;Pkt.;0
06.02.2015;420,50;420,50;420,50;420,50;Pkt.;0
09.02.2015;418,86;418,86;418,86;418,86;Pkt.;0
10.02.2015;421,13;421,13;421,13;421,13;Pkt.;0
11.02.2015;419,95;419,95;419,95;419,95;Pkt.;0
12.02.2015;424,69;424,69;424,69;424,69;Pkt.;0
13.02.2015;427,79;427,79;427,79;427,79;Pkt.;0
17.02.2015;428,20;428,20;428,20;428,20;Pkt.;0
18.02.2015;429,21;429,21;429,21;429,21;Pkt.;0
19.02.2015;429,60;429,60;429,60;429,60;Pkt.;0
20.02.2015;431,17;431,17;431,17;431,17;Pkt.;0
23.02.2015;431,62;431,62;431,62;431,62;Pkt.;0
24.02.2015;432,82;432,82;432,82;432,82;Pkt.;0
25.02.2015;433,46;433,46;433,46;433,46;Pkt.;0
26.02.2015;432,88;432,88;432,88;432,88;Pkt.;0
27.02.2015;432,47;432,47;432,47;432,47;Pkt.;0
02.03.2015;433,21;433,21;433,21;433,21;Pkt.;0
03.03.2015;431,35;431,35;431,35;431,35;Pkt.;0
04.03.2015;429,23;429,23;429,23;429,23;Pkt.;0
05.03.2015;429,77;429,77;429,77;429,77;Pkt.;0
06.03.2015;424,86;424,86;424,86;424,86;Pkt.;0
09.03.2015;424,29;424,29;424,29;424,29;Pkt.;0
10.03.2015;417,18;417,18;417,18;417,18;Pkt.;0
11.03.2015;416,76;416,76;416,76;416,76;Pkt.;0
12.03.2015;420,91;420,91;420,91;420,91;Pkt.;0
13.03.2015;418,58;418,58;418,58;418,58;Pkt.;0
16.03.2015;423,06;423,06;423,06;423,06;Pkt.;0
17.03.2015;422,69;422,69;422,69;422,69;Pkt.;0
18.03.2015;426,86;426,86;426,86;426,86;Pkt.;0
19.03.2015;426,62;426,62;426,62;426,62;Pkt.;0
20.03.2015;431,91;431,91;431,91;431,91;Pkt.;0
24.03.2015;431,83;431,83;431,83;431,83;Pkt.;0
25.03.2015;428,25;428,25;428,25;428,25;Pkt.;0
26.03.2015;425,10;425,10;425,10;425,10;Pkt.;0
27.03.2015;424,89;424,89;424,89;424,89;Pkt.;0
30.03.2015;428,11;428,11;428,11;428,11;Pkt.;0
31.03.2015;424,76;424,76;424,76;424,76;Pkt.;0
01.04.2015;424,56;424,56;424,56;424,56;Pkt.;0
02.04.2015;427,45;427,45;427,45;427,45;Pkt.;0
06.04.2015;431,35;431,35;431,35;431,35;Pkt.;0
07.04.2015;431,32;431,32;431,32;431,32;Pkt.;0
08.04.2015;432,47;432,47;432,47;432,47;Pkt.;0
09.04.2015;434,00;434,00;434,00;434,00;Pkt.;0
10.04.2015;435,93;435,93;435,93;435,93;Pkt.;0
13.04.2015;434,63;434,63;434,63;434,63;Pkt.;0
14.04.2015;436,11;436,11;436,11;436,11;Pkt.;0
15.04.2015;436,98;436,98;436,98;436,98;Pkt.;0
16.04.2015;438,29;438,29;438,29;438,29;Pkt.;0
17.04.2015;434,01;434,01;434,01;434,01;Pkt.;0
20.04.2015;435,82;435,82;435,82;435,82;Pkt.;0
21.04.2015;436,82;436,82;436,82;436,82;Pkt.;0
22.04.2015;438,12;438,12;438,12;438,12;Pkt.;0
23.04.2015;439,61;439,61;439,61;439,61;Pkt.;0
24.04.2015;441,57;441,57;441,57;441,57;Pkt.;0
27.04.2015;442,17;442,17;442,17;442,17;Pkt.;0
28.04.2015;442,63;442,63;442,63;442,63;Pkt.;0
29.04.2015;440,65;440,65;440,65;440,65;Pkt.;0
30.04.2015;436,30;436,30;436,30;436,30;Pkt.;0
01.05.2015;438,18;438,18;438,18;438,18;Pkt.;0
04.05.2015;439,03;439,03;439,03;439,03;Pkt.;0
05.05.2015;435,21;435,21;435,21;435,21;Pkt.;0
06.05.2015;434,74;434,74;434,74;434,74;Pkt.;0
07.05.2015;433,26;433,26;433,26;433,26;Pkt.;0
08.05.2015;439,28;439,28;439,28;439,28;Pkt.;0
11.05.2015;438,10;438,10;438,10;438,10;Pkt.;0
12.05.2015;436,87;436,87;436,87;436,87;Pkt.;0
13.05.2015;438,19;438,19;438,19;438,19;Pkt.;0
14.05.2015;441,22;441,22;441,22;441,22;Pkt.;0
15.05.2015;442,36;442,36;442,36;442,36;Pkt.;0
18.05.2015;442,62;442,62;442,62;442,62;Pkt.;0
19.05.2015;441,52;441,52;441,52;441,52;Pkt.;0
20.05.2015;441,35;441,35;441,35;441,35;Pkt.;0
21.05.2015;442,70;442,70;442,70;442,70;Pkt.;0
22.05.2015;441,32;441,32;441,32;441,32;Pkt.;0
26.05.2015;435,93;435,93;435,93;435,93;Pkt.;0
27.05.2015;438,32;438,32;438,32;438,32;Pkt.;0
28.05.2015;437,39;437,39;437,39;437,39;Pkt.;0
29.05.2015;434,52;434,52;434,52;434,52;Pkt.;0
01.06.2015;434,23;434,23;434,23;434,23;Pkt.;0
02.06.2015;434,99;434,99;434,99;434,99;Pkt.;0
03.06.2015;436,44;436,44;436,44;436,44;Pkt.;0
04.06.2015;432,93;432,93;432,93;432,93;Pkt.;0
05.06.2015;429,38;429,38;429,38;429,38;Pkt.;0
08.06.2015;427,35;427,35;427,35;427,35;Pkt.;0
09.06.2015;426,95;426,95;426,95;426,95;Pkt.;0
10.06.2015;432,73;432,73;432,73;432,73;Pkt.;0
11.06.2015;433,28;433,28;433,28;433,28;Pkt.;0
12.06.2015;431,38;431,38;431,38;431,38;Pkt.;0
15.06.2015;428,11;428,11;428,11;428,11;Pkt.;0
16.06.2015;429,31;429,31;429,31;429,31;Pkt.;0
17.06.2015;429,16;429,16;429,16;429,16;Pkt.;0
18.06.2015;433,57;433,57;433,57;433,57;Pkt.;0
19.06.2015;432,18;432,18;432,18;432,18;Pkt.;0
22.06.2015;437,40;437,40;437,40;437,40;Pkt.;0
23.06.2015;437,53;437,53;437,53;437,53;Pkt.;0
24.06.2015;435,41;435,41;435,41;435,41;Pkt.;0
25.06.2015;434,25;434,25;434,25;434,25;Pkt.;0
26.06.2015;432,75;432,75;432,75;432,75;Pkt.;0
29.06.2015;423,35;423,35;423,35;423,35;Pkt.;0
30.06.2015;423,51;423,51;423,51;423,51;Pkt.;0
01.07.2015;426,02;426,02;426,02;426,02;Pkt.;0
02.07.2015;426,01;426,01;426,01;426,01;Pkt.;0
06.07.2015;420,84;420,84;420,84;420,84;Pkt.;0
07.07.2015;419,24;419,24;419,24;419,24;Pkt.;0
08.07.2015;414,11;414,11;414,11;414,11;Pkt.;0
09.07.2015;417,12;417,12;417,12;417,12;Pkt.;0
10.07.2015;423,37;423,37;423,37;423,37;Pkt.;0
13.07.2015;427,19;427,19;427,19;427,19;Pkt.;0
14.07.2015;429,43;429,43;429,43;429,43;Pkt.;0
15.07.2015;429,01;429,01;429,01;429,01;Pkt.;0
16.07.2015;432,19;432,19;432,19;432,19;Pkt.;0
17.07.2015;431,96;431,96;431,96;431,96;Pkt.;0
20.07.2015;431,96;431,96;431,96;431,96;Pkt.;0
21.07.2015;431,22;431,22;431,22;431,22;Pkt.;0
22.07.2015;428,37;428,37;428,37;428,37;Pkt.;0
23.07.2015;427,18;427,18;427,18;427,18;Pkt.;0
24.07.2015;422,80;422,80;422,80;422,80;Pkt.;0
27.07.2015;419,38;419,38;419,38;419,38;Pkt.;0
28.07.2015;422,25;422,25;422,25;422,25;Pkt.;0
29.07.2015;425,64;425,64;425,64;425,64;Pkt.;0
30.07.2015;425,16;425,16;425,16;425,16;Pkt.;0
31.07.2015;426,78;426,78;426,78;426,78;Pkt.;0
03.08.2015;425,32;425,32;425,32;425,32;Pkt.;0
04.08.2015;424,92;424,92;424,92;424,92;Pkt.;0
05.08.2015;425,71;425,71;425,71;425,71;Pkt.;0
06.08.2015;423,19;423,19;423,19;423,19;Pkt.;0
07.08.2015;422,03;422,03;422,03;422,03;Pkt.;0
10.08.2015;426,35;426,35;426,35;426,35;Pkt.;0
11.08.2015;422,21;422,21;422,21;422,21;Pkt.;0
12.08.2015;419,87;419,87;419,87;419,87;Pkt.;0
13.08.2015;419,80;419,80;419,80;419,80;Pkt.;0
14.08.2015;420,29;420,29;420,29;420,29;Pkt.;0
17.08.2015;421,00;421,00;421,00;421,00;Pkt.;0
18.08.2015;419,63;419,63;419,63;419,63;Pkt.;0
19.08.2015;415,31;415,31;415,31;415,31;Pkt.;0
20.08.2015;408,57;408,57;408,57;408,57;Pkt.;0
21.08.2015;397,65;397,65;397,65;397,65;Pkt.;0
24.08.2015;382,36;382,36;382,36;382,36;Pkt.;0
25.08.2015;381,91;381,91;381,91;381,91;Pkt.;0
26.08.2015;388,96;388,96;388,96;388,96;Pkt.;0
27.08.2015;397,58;397,58;397,58;397,58;Pkt.;0
28.08.2015;399,56;399,56;399,56;399,56;Pkt.;0
31.08.2015;396,73;396,73;396,73;396,73;Pkt.;0
01.09.2015;386,17;386,17;386,17;386,17;Pkt.;0
02.09.2015;389,22;389,22;389,22;389,22;Pkt.;0
03.09.2015;391,03;391,03;391,03;391,03;Pkt.;0
04.09.2015;384,49;384,49;384,49;384,49;Pkt.;0
08.09.2015;391,42;391,42;391,42;391,42;Pkt.;0
09.09.2015;392,54;392,54;392,54;392,54;Pkt.;0
10.09.2015;391,69;391,69;391,69;391,69;Pkt.;0
11.09.2015;391,96;391,96;391,96;391,96;Pkt.;0
14.09.2015;390,74;390,74;390,74;390,74;Pkt.;0
15.09.2015;393,69;393,69;393,69;393,69;Pkt.;0
16.09.2015;398,75;398,75;398,75;398,75;Pkt.;0
17.09.2015;398,77;398,77;398,77;398,77;Pkt.;0
18.09.2015;394,04;394,04;394,04;394,04;Pkt.;0
21.09.2015;392,99;392,99;392,99;392,99;Pkt.;0
22.09.2015;386,51;386,51;386,51;386,51;Pkt.;0
23.09.2015;384,85;384,85;384,85;384,85;Pkt.;0
24.09.2015;382,54;382,54;382,54;382,54;Pkt.;0
25.09.2015;384,30;384,30;384,30;384,30;Pkt.;0
28.09.2015;376,40;376,40;376,40;376,40;Pkt.;0
29.09.2015;374,06;374,06;374,06;374,06;Pkt.;0
30.09.2015;381,65;381,65;381,65;381,65;Pkt.;0
01.10.2015;383,23;383,23;383,23;383,23;Pkt.;0
02.10.2015;387,71;387,71;387,71;387,71;Pkt.;0
05.10.2015;395,12;395,12;395,12;395,12;Pkt.;0
06.10.2015;396,23;396,23;396,23;396,23;Pkt.;0
07.10.2015;399,98;399,98;399,98;399,98;Pkt.;0
08.10.2015;402,07;402,07;402,07;402,07;Pkt.;0
09.10.2015;404,81;404,81;404,81;404,81;Pkt.;0
12.10.2015;405,21;405,21;405,21;405,21;Pkt.;0
13.10.2015;401,80;401,80;401,80;401,80;Pkt.;0
14.10.2015;399,82;399,82;399,82;399,82;Pkt.;0
15.10.2015;405,49;405,49;405,49;405,49;Pkt.;0
16.10.2015;407,21;407,21;407,21;407,21;Pkt.;0
19.10.2015;406,51;406,51;406,51;406,51;Pkt.;0
20.10.2015;405,86;405,86;405,86;405,86;Pkt.;0
21.10.2015;404,60;404,60;404,60;404,60;Pkt.;0
22.10.2015;408,14;408,14;408,14;408,14;Pkt.;0
23.10.2015;412,39;412,39;412,39;412,39;Pkt.;0
26.10.2015;411,99;411,99;411,99;411,99;Pkt.;0
27.10.2015;409,86;409,86;409,86;409,86;Pkt.;0
28.10.2015;413,64;413,64;413,64;413,64;Pkt.;0
29.10.2015;411,35;411,35;411,35;411,35;Pkt.;0
30.10.2015;411,25;411,25;411,25;411,25;Pkt.;0
02.11.2015;413,40;413,40;413,40;413,40;Pkt.;0
03.11.2015;414,38;414,38;414,38;414,38;Pkt.;0
04.11.2015;413,95;413,95;413,95;413,95;Pkt.;0
05.11.2015;413,09;413,09;413,09;413,09;Pkt.;0
06.11.2015;411,16;411,16;411,16;411,16;Pkt.;0
09.11.2015;407,96;407,96;407,96;407,96;Pkt.;0
10.11.2015;407,24;407,24;407,24;407,24;Pkt.;0
11.11.2015;407,54;407,54;407,54;407,54;Pkt.;0
12.11.2015;403,12;403,12;403,12;403,12;Pkt.;0
13.11.2015;398,78;398,78;398,78;398,78;Pkt.;0
16.11.2015;401,28;401,28;401,28;401,28;Pkt.;0
17.11.2015;403,67;403,67;403,67;403,67;Pkt.;0
18.11.2015;406,98;406,98;406,98;406,98;Pkt.;0
19.11.2015;409,61;409,61;409,61;409,61;Pkt.;0
20.11.2015;410,40;410,40;410,40;410,40;Pkt.;0
23.11.2015;409,08;409,08;409,08;409,08;Pkt.;0
24.11.2015;408,60;408,60;408,60;408,60;Pkt.;0
25.11.2015;408,97;408,97;408,97;408,97;Pkt.;0
27.11.2015;409,05;409,05;409,05;409,05;Pkt.;0
30.11.2015;407,20;407,20;407,20;407,20;Pkt.;0
01.12.2015;411,15;411,15;411,15;411,15;Pkt.;0
02.12.2015;407,96;407,96;407,96;407,96;Pkt.;0
03.12.2015;403,93;403,93;403,93;403,93;Pkt.;0
04.12.2015;407,18;407,18;407,18;407,18;Pkt.;0
07.12.2015;405,19;405,19;405,19;405,19;Pkt.;0
08.12.2015;401,14;401,14;401,14;401,14;Pkt.;0
09.12.2015;399,76;399,76;399,76;399,76;Pkt.;0
10.12.2015;399,35;399,35;399,35;399,35;Pkt.;0
11.12.2015;392,95;392,95;392,95;392,95;Pkt.;0
14.12.2015;391,63;391,63;391,63;391,63;Pkt.;0
15.12.2015;395,16;395,16;395,16;395,16;Pkt.;0
16.12.2015;400,47;400,47;400,47;400,47;Pkt.;0
17.12.2015;397,93;397,93;397,93;397,93;Pkt.;0
18.12.2015;392,85;392,85;392,85;392,85;Pkt.;0
21.12.2015;394,05;394,05;394,05;394,05;Pkt.;0
22.12.2015;396,65;396,65;396,65;396,65;Pkt.;0
23.12.2015;401,69;401,69;401,69;401,69;Pkt.;0
24.12.2015;402,27;402,27;402,27;402,27;Pkt.;0
28.12.2015;401,31;401,31;401,31;401,31;Pkt.;0
29.12.2015;404,59;404,59;404,59;404,59;Pkt.;0
30.12.2015;402,19;402,19;402,19;402,19;Pkt.;0
31.12.2015;399,36;399,36;399,36;399,36;Pkt.;0
04.01.2016;391,16;391,16;391,16;391,16;Pkt.;0
05.01.2016;391,14;391,14;391,14;391,14;Pkt.;0
06.01.2016;386,28;386,28;386,28;386,28;Pkt.;0
07.01.2016;377,92;377,92;377,92;377,92;Pkt.;0
08.01.2016;374,75;374,75;374,75;374,75;Pkt.;0
11.01.2016;373,10;373,10;373,10;373,10;Pkt.;0
12.01.2016;373,98;373,98;373,98;373,98;Pkt.;0
13.01.2016;370,51;370,51;370,51;370,51;Pkt.;0
14.01.2016;371,24;371,24;371,24;371,24;Pkt.;0
15.01.2016;364,47;364,47;364,47;364,47;Pkt.;0
19.01.2016;364,61;364,61;364,61;364,61;Pkt.;0
20.01.2016;357,32;357,32;357,32;357,32;Pkt.;0
21.01.2016;358,45;358,45;358,45;358,45;Pkt.;0
22.01.2016;367,97;367,97;367,97;367,97;Pkt.;0
25.01.2016;364,84;364,84;364,84;364,84;Pkt.;0
26.01.2016;367,63;367,63;367,63;367,63;Pkt.;0
27.01.2016;367,05;367,05;367,05;367,05;Pkt.;0
28.01.2016;367,64;367,64;367,64;367,64;Pkt.;0
29.01.2016;375,02;375,02;375,02;375,02;Pkt.;0
01.02.2016;375,99;375,99;375,99;375,99;Pkt.;0
02.02.2016;369,31;369,31;369,31;369,31;Pkt.;0
03.02.2016;369,39;369,39;369,39;369,39;Pkt.;0
04.02.2016;371,99;371,99;371,99;371,99;Pkt.;0
05.02.2016;366,57;366,57;366,57;366,57;Pkt.;0
08.02.2016;360,81;360,81;360,81;360,81;Pkt.;0
09.02.2016;358,43;358,43;358,43;358,43;Pkt.;0
10.02.2016;358,08;358,08;358,08;358,08;Pkt.;0
11.02.2016;353,35;353,35;353,35;353,35;Pkt.;0
12.02.2016;357,07;357,07;357,07;357,07;Pkt.;0
16.02.2016;365,32;365,32;365,32;365,32;Pkt.;0
17.02.2016;370,82;370,82;370,82;370,82;Pkt.;0
18.02.2016;371,15;371,15;371,15;371,15;Pkt.;0
19.02.2016;369,74;369,74;369,74;369,74;Pkt.;0
22.02.2016;374,46;374,46;374,46;374,46;Pkt.;0
23.02.2016;370,47;370,47;370,47;370,47;Pkt.;0
24.02.2016;368,77;368,77;368,77;368,77;Pkt.;0
25.02.2016;372,88;372,88;372,88;372,88;Pkt.;0
26.02.2016;373,23;373,23;373,23;373,23;Pkt.;0
29.02.2016;371,66;371,66;371,66;371,66;Pkt.;0
01.03.2016;378,38;378,38;378,38;378,38;Pkt.;0
02.03.2016;381,94;381,94;381,94;381,94;Pkt.;0
03.03.2016;384,68;384,68;384,68;384,68;Pkt.;0
04.03.2016;387,33;387,33;387,33;387,33;Pkt.;0
07.03.2016;387,45;387,45;387,45;387,45;Pkt.;0
08.03.2016;384,07;384,07;384,07;384,07;Pkt.;0
09.03.2016;385,10;385,10;385,10;385,10;Pkt.;0
10.03.2016;384,94;384,94;384,94;384,94;Pkt.;0
11.03.2016;391,75;391,75;391,75;391,75;Pkt.;0
14.03.2016;392,16;392,16;392,16;392,16;Pkt.;0
15.03.2016;389,73;389,73;389,73;389,73;Pkt.;0
16.03.2016;390,25;390,25;390,25;390,25;Pkt.;0
17.03.2016;396,18;396,18;396,18;396,18;Pkt.;0
18.03.2016;397,21;397,21;397,21;397,21;Pkt.;0
21.03.2016;396,92;396,92;396,92;396,92;Pkt.;0
22.03.2016;396,97;396,97;396,97;396,97;Pkt.;0
23.03.2016;393,87;393,87;393,87;393,87;Pkt.;0
24.03.2016;391,51;391,51;391,51;391,51;Pkt.;0
28.03.2016;392,66;392,66;392,66;392,66;Pkt.;0
29.03.2016;394,53;394,53;394,53;394,53;Pkt.;0
30.03.2016;399,15;399,15;399,15;399,15;Pkt.;0
31.03.2016;398,26;398,26;398,26;398,26;Pkt.;0
01.04.2016;396,01;396,01;396,01;396,01;Pkt.;0
04.04.2016;396,17;396,17;396,17;396,17;Pkt.;0
05.04.2016;390,68;390,68;390,68;390,68;Pkt.;0
06.04.2016;393,71;393,71;393,71;393,71;Pkt.;0
07.04.2016;391,18;391,18;391,18;391,18;Pkt.;0
08.04.2016;393,83;393,83;393,83;393,83;Pkt.;0
11.04.2016;394,17;394,17;394,17;394,17;Pkt.;0
12.04.2016;397,12;397,12;397,12;397,12;Pkt.;0
13.04.2016;402,53;402,53;402,53;402,53;Pkt.;0
14.04.2016;403,85;403,85;403,85;403,85;Pkt.;0
15.04.2016;403,59;403,59;403,59;403,59;Pkt.;0
18.04.2016;404,49;404,49;404,49;404,49;Pkt.;0
19.04.2016;408,75;408,75;408,75;408,75;Pkt.;0
20.04.2016;409,05;409,05;409,05;409,05;Pkt.;0
21.04.2016;408,26;408,26;408,26;408,26;Pkt.;0
22.04.2016;406,92;406,92;406,92;406,92;Pkt.;0
25.04.2016;405,87;405,87;405,87;405,87;Pkt.;0
26.04.2016;406,68;406,68;406,68;406,68;Pkt.;0
27.04.2016;406,77;406,77;406,77;406,77;Pkt.;0
28.04.2016;404,95;404,95;404,95;404,95;Pkt.;0
29.04.2016;403,34;403,34;403,34;403,34;Pkt.;0
02.05.2016;404,17;404,17;404,17;404,17;Pkt.;0
03.05.2016;399,77;399,77;399,77;399,77;Pkt.;0
04.05.2016;396,23;396,23;396,23;396,23;Pkt.;0
05.05.2016;395,42;395,42;395,42;395,42;Pkt.;0
06.05.2016;395,66;395,66;395,66;395,66;Pkt.;0
09.05.2016;395,38;395,38;395,38;395,38;Pkt.;0
10.05.2016;399,88;399,88;399,88;399,88;Pkt.;0
11.05.2016;397,99;397,99;397,99;397,99;Pkt.;0
12.05.2016;397,18;397,18;397,18;397,18;Pkt.;0
13.05.2016;393,63;393,63;393,63;393,63;Pkt.;0
16.05.2016;396,42;396,42;396,42;396,42;Pkt.;0
17.05.2016;395,14;395,14;395,14;395,14;Pkt.;0
18.05.2016;394,67;394,67;394,67;394,67;Pkt.;0
19.05.2016;391,13;391,13;391,13;391,13;Pkt.;0
20.05.2016;393,95;393,95;393,95;393,95;Pkt.;0
23.05.2016;393,21;393,21;393,21;393,21;Pkt.;0
24.05.2016;397,23;397,23;397,23;397,23;Pkt.;0
25.05.2016;400,95;400,95;400,95;400,95;Pkt.;0
26.05.2016;401,81;401,81;401,81;401,81;Pkt.;0
27.05.2016;402,93;402,93;402,93;402,93;Pkt.;0
31.05.2016;402,57;402,57;402,57;402,57;Pkt.;0
01.06.2016;402,18;402,18;402,18;402,18;Pkt.;0
02.06.2016;402,49;402,49;402,49;402,49;Pkt.;0
03.06.2016;403,87;403,87;403,87;403,87;Pkt.;0
06.06.2016;405,91;405,91;405,91;405,91;Pkt.;0
07.06.2016;408,26;408,26;408,26;408,26;Pkt.;0
08.06.2016;409,66;409,66;409,66;409,66;Pkt.;0
09.06.2016;407,10;407,10;407,10;407,10;Pkt.;0
10.06.2016;401,37;401,37;401,37;401,37;Pkt.;0
13.06.2016;396,41;396,41;396,41;396,41;Pkt.;0
14.06.2016;392,81;392,81;392,81;392,81;Pkt.;0
15.06.2016;393,79;393,79;393,79;393,79;Pkt.;0
16.06.2016;392,14;392,14;392,14;392,14;Pkt.;0
17.06.2016;394,12;394,12;394,12;394,12;Pkt.;0
20.06.2016;401,00;401,00;401,00;401,00;Pkt.;0
21.06.2016;402,21;402,21;402,21;402,21;Pkt.;0
22.06.2016;402,22;402,22;402,22;402,22;Pkt.;0
23.06.2016;407,69;407,69;407,69;407,69;Pkt.;0
24.06.2016;388,27;388,27;388,27;388,27;Pkt.;0
27.06.2016;379,69;379,69;379,69;379,69;Pkt.;0
28.06.2016;386,14;386,14;386,14;386,14;Pkt.;0
29.06.2016;394,60;394,60;394,60;394,60;Pkt.;0
30.06.2016;399,29;399,29;399,29;399,29;Pkt.;0
01.07.2016;401,07;401,07;401,07;401,07;Pkt.;0
05.07.2016;397,51;397,51;397,51;397,51;Pkt.;0
06.07.2016;395,84;395,84;395,84;395,84;Pkt.;0
07.07.2016;396,92;396,92;396,92;396,92;Pkt.;0
08.07.2016;400,99;400,99;400,99;400,99;Pkt.;0
11.07.2016;404,88;404,88;404,88;404,88;Pkt.;0
12.07.2016;408,39;408,39;408,39;408,39;Pkt.;0
13.07.2016;409,30;409,30;409,30;409,30;Pkt.;0
14.07.2016;411,70;411,70;411,70;411,70;Pkt.;0
15.07.2016;411,22;411,22;411,22;411,22;Pkt.;0
18.07.2016;412,06;412,06;412,06;412,06;Pkt.;0
19.07.2016;410,83;410,83;410,83;410,83;Pkt.;0
20.07.2016;412,82;412,82;412,82;412,82;Pkt.;0
21.07.2016;412,43;412,43;412,43;412,43;Pkt.;0
22.07.2016;412,68;412,68;412,68;412,68;Pkt.;0
25.07.2016;412,01;412,01;412,01;412,01;Pkt.;0
26.07.2016;412,54;412,54;412,54;412,54;Pkt.;0
27.07.2016;412,78;412,78;412,78;412,78;Pkt.;0
28.07.2016;413,12;413,12;413,12;413,12;Pkt.;0
29.07.2016;416,09;416,09;416,09;416,09;Pkt.;0
01.08.2016;415,65;415,65;415,65;415,65;Pkt.;0
02.08.2016;412,95;412,95;412,95;412,95;Pkt.;0
03.08.2016;411,86;411,86;411,86;411,86;Pkt.;0
04.08.2016;413,17;413,17;413,17;413,17;Pkt.;0
05.08.2016;415,58;415,58;415,58;415,58;Pkt.;0
08.08.2016;416,79;416,79;416,79;416,79;Pkt.;0
09.08.2016;418,87;418,87;418,87;418,87;Pkt.;0
10.08.2016;418,80;418,80;418,80;418,80;Pkt.;0
11.08.2016;420,83;420,83;420,83;420,83;Pkt.;0
12.08.2016;421,02;421,02;421,02;421,02;Pkt.;0
15.08.2016;422,03;422,03;422,03;422,03;Pkt.;0
16.08.2016;420,18;420,18;420,18;420,18;Pkt.;0
17.08.2016;420,04;420,04;420,04;420,04;Pkt.;0
18.08.2016;421,50;421,50;421,50;421,50;Pkt.;0
19.08.2016;420,12;420,12;420,12;420,12;Pkt.;0
22.08.2016;419,97;419,97;419,97;419,97;Pkt.;0
23.08.2016;421,37;421,37;421,37;421,37;Pkt.;0
24.08.2016;419,29;419,29;419,29;419,29;Pkt.;0
25.08.2016;418,52;418,52;418,52;418,52;Pkt.;0
26.08.2016;418,42;418,42;418,42;418,42;Pkt.;0
29.08.2016;418,04;418,04;418,04;418,04;Pkt.;0
30.08.2016;417,77;417,77;417,77;417,77;Pkt.;0
31.08.2016;416,61;416,61;416,61;416,61;Pkt.;0
01.09.2016;417,35;417,35;417,35;417,35;Pkt.;0
02.09.2016;420,17;420,17;420,17;420,17;Pkt.;0
06.09.2016;423,82;423,82;423,82;423,82;Pkt.;0
07.09.2016;424,29;424,29;424,29;424,29;Pkt.;0
08.09.2016;423,70;423,70;423,70;423,70;Pkt.;0
09.09.2016;414,90;414,90;414,90;414,90;Pkt.;0
12.09.2016;415,58;415,58;415,58;415,58;Pkt.;0
13.09.2016;410,89;410,89;410,89;410,89;Pkt.;0
14.09.2016;410,35;410,35;410,35;410,35;Pkt.;0
15.09.2016;413,20;413,20;413,20;413,20;Pkt.;0
16.09.2016;411,18;411,18;411,18;411,18;Pkt.;0
19.09.2016;413,26;413,26;413,26;413,26;Pkt.;0
20.09.2016;413,35;413,35;413,35;413,35;Pkt.;0
21.09.2016;417,69;417,69;417,69;417,69;Pkt.;0
22.09.2016;422,53;422,53;422,53;422,53;Pkt.;0
23.09.2016;420,02;420,02;420,02;420,02;Pkt.;0
26.09.2016;416,20;416,20;416,20;416,20;Pkt.;0
27.09.2016;417,57;417,57;417,57;417,57;Pkt.;0
28.09.2016;418,87;418,87;418,87;418,87;Pkt.;0
29.09.2016;417,67;417,67;417,67;417,67;Pkt.;0
30.09.2016;418,43;418,43;418,43;418,43;Pkt.;0
03.10.2016;418,23;418,23;418,23;418,23;Pkt.;0
04.10.2016;417,36;417,36;417,36;417,36;Pkt.;0
05.10.2016;418,06;418,06;418,06;418,06;Pkt.;0
06.10.2016;417,55;417,55;417,55;417,55;Pkt.;0
07.10.2016;416,15;416,15;416,15;416,15;Pkt.;0
10.10.2016;417,83;417,83;417,83;417,83;Pkt.;0
11.10.2016;413,07;413,07;413,07;413,07;Pkt.;0
12.10.2016;411,89;411,89;411,89;411,89;Pkt.;0
13.10.2016;410,00;410,00;410,00;410,00;Pkt.;0
14.10.2016;411,21;411,21;411,21;411,21;Pkt.;0
17.10.2016;409,82;409,82;409,82;409,82;Pkt.;0
18.10.2016;413,39;413,39;413,39;413,39;Pkt.;0
19.10.2016;414,85;414,85;414,85;414,85;Pkt.;0
20.10.2016;414,27;414,27;414,27;414,27;Pkt.;0
21.10.2016;413,54;413,54;413,54;413,54;Pkt.;0
24.10.2016;415,00;415,00;415,00;415,00;Pkt.;0
25.10.2016;413,90;413,90;413,90;413,90;Pkt.;0
26.10.2016;413,24;413,24;413,24;413,24;Pkt.;0
27.10.2016;411,83;411,83;411,83;411,83;Pkt.;0
28.10.2016;410,94;410,94;410,94;410,94;Pkt.;0
31.10.2016;411,02;411,02;411,02;411,02;Pkt.;0
01.11.2016;409,38;409,38;409,38;409,38;Pkt.;0
02.11.2016;406,35;406,35;406,35;406,35;Pkt.;0
03.11.2016;404,83;404,83;404,83;404,83;Pkt.;0
04.11.2016;403,10;403,10;403,10;403,10;Pkt.;0
07.11.2016;409,35;409,35;409,35;409,35;Pkt.;0
08.11.2016;411,06;411,06;411,06;411,06;Pkt.;0
09.11.2016;410,94;410,94;410,94;410,94;Pkt.;0
10.11.2016;411,75;411,75;411,75;411,75;Pkt.;0
11.11.2016;409,47;409,47;409,47;409,47;Pkt.;0
14.11.2016;407,95;407,95;407,95;407,95;Pkt.;0
15.11.2016;410,13;410,13;410,13;410,13;Pkt.;0
16.11.2016;409,68;409,68;409,68;409,68;Pkt.;0
17.11.2016;411,53;411,53;411,53;411,53;Pkt.;0
18.11.2016;409,32;409,32;409,32;409,32;Pkt.;0
21.11.2016;412,30;412,30;412,30;412,30;Pkt.;0
22.11.2016;413,37;413,37;413,37;413,37;Pkt.;0
23.11.2016;412,57;412,57;412,57;412,57;Pkt.;0
25.11.2016;414,96;414,96;414,96;414,96;Pkt.;0
28.11.2016;413,64;413,64;413,64;413,64;Pkt.;0
29.11.2016;413,93;413,93;413,93;413,93;Pkt.;0
30.11.2016;413,43;413,43;413,43;413,43;Pkt.;0
01.12.2016;412,46;412,46;412,46;412,46;Pkt.;0
02.12.2016;412,25;412,25;412,25;412,25;Pkt.;0
05.12.2016;414,27;414,27;414,27;414,27;Pkt.;0
06.12.2016;416,75;416,75;416,75;416,75;Pkt.;0
07.12.2016;421,70;421,70;421,70;421,70;Pkt.;0
08.12.2016;423,08;423,08;423,08;423,08;Pkt.;0
09.12.2016;424,56;424,56;424,56;424,56;Pkt.;0
12.12.2016;424,30;424,30;424,30;424,30;Pkt.;0
13.12.2016;427,52;427,52;427,52;427,52;Pkt.;0
14.12.2016;425,07;425,07;425,07;425,07;Pkt.;0
15.12.2016;422,36;422,36;422,36;422,36;Pkt.;0
16.12.2016;422,30;422,30;422,30;422,30;Pkt.;0
19.12.2016;422,91;422,91;422,91;422,91;Pkt.;0
20.12.2016;423,48;423,48;423,48;423,48;Pkt.;0
21.12.2016;423,18;423,18;423,18;423,18;Pkt.;0
22.12.2016;422,25;422,25;422,25;422,25;Pkt.;0
23.12.2016;422,49;422,49;422,49;422,49;Pkt.;0
27.12.2016;422,95;422,95;422,95;422,95;Pkt.;0
28.12.2016;421,11;421,11;421,11;421,11;Pkt.;0
29.12.2016;422,02;422,02;422,02;422,02;Pkt.;0
30.12.2016;421,84;421,84;421,84;421,84;Pkt.;0
03.01.2017;423,62;423,62;423,62;423,62;Pkt.;0
04.01.2017;427,21;427,21;427,21;427,21;Pkt.;0
05.01.2017;429,57;429,57;429,57;429,57;Pkt.;0
06.01.2017;429,68;429,68;429,68;429,68;Pkt.;0
09.01.2017;428,22;428,22;428,22;428,22;Pkt.;0
10.01.2017;429,17;429,17;429,17;429,17;Pkt.;0
11.01.2017;428,90;428,90;428,90;428,90;Pkt.;0
12.01.2017;430,55;430,55;430,55;430,55;Pkt.;0
13.01.2017;431,55;431,55;431,55;431,55;Pkt.;0
17.01.2017;430,33;430,33;430,33;430,33;Pkt.;0
18.01.2017;431,10;431,10;431,10;431,10;Pkt.;0
19.01.2017;428,84;428,84;428,84;428,84;Pkt.;0
20.01.2017;430,22;430,22;430,22;430,22;Pkt.;0
23.01.2017;430,40;430,40;430,40;430,40;Pkt.;0
24.01.2017;432,70;432,70;432,70;432,70;Pkt.;0
25.01.2017;436,17;436,17;436,17;436,17;Pkt.;0
26.01.2017;435,96;435,96;435,96;435,96;Pkt.;0
27.01.2017;435,84;435,84;435,84;435,84;Pkt.;0
30.01.2017;433,25;433,25;433,25;433,25;Pkt.;0
31.01.2017;433,13;433,13;433,13;433,13;Pkt.;0
01.02.2017;433,53;433,53;433,53;433,53;Pkt.;0
02.02.2017;434,02;434,02;434,02;434,02;Pkt.;0
03.02.2017;436,45;436,45;436,45;436,45;Pkt.;0
06.02.2017;435,09;435,09;435,09;435,09;Pkt.;0
07.02.2017;434,73;434,73;434,73;434,73;Pkt.;0
08.02.2017;435,89;435,89;435,89;435,89;Pkt.;0
09.02.2017;437,23;437,23;437,23;437,23;Pkt.;0
10.02.2017;439,01;439,01;439,01;439,01;Pkt.;0
13.02.2017;441,14;441,14;441,14;441,14;Pkt.;0
14.02.2017;441,14;441,14;441,14;441,14;Pkt.;0
15.02.2017;443,67;443,67;443,67;443,67;Pkt.;0
16.02.2017;444,52;444,52;444,52;444,52;Pkt.;0
17.02.2017;444,17;444,17;444,17;444,17;Pkt.;0
21.02.2017;445,92;445,92;445,92;445,92;Pkt.;0
22.02.2017;446,04;446,04;446,04;446,04;Pkt.;0
23.02.2017;446,75;446,75;446,75;446,75;Pkt.;0
24.02.2017;445,32;445,32;445,32;445,32;Pkt.;0
27.02.2017;445,33;445,33;445,33;445,33;Pkt.;0
28.02.2017;444,50;444,50;444,50;444,50;Pkt.;0
01.03.2017;448,41;448,41;448,41;448,41;Pkt.;0
02.03.2017;446,69;446,69;446,69;446,69;Pkt.;0
03.03.2017;446,45;446,45;446,45;446,45;Pkt.;0
06.03.2017;445,91;445,91;445,91;445,91;Pkt.;0
07.03.2017;444,91;444,91;444,91;444,91;Pkt.;0
08.03.2017;443,57;443,57;443,57;443,57;Pkt.;0
09.03.2017;443,21;443,21;443,21;443,21;Pkt.;0
10.03.2017;445,52;445,52;445,52;445,52;Pkt.;0
13.03.2017;447,05;447,05;447,05;447,05;Pkt.;0
14.03.2017;445,61;445,61;445,61;445,61;Pkt.;0
15.03.2017;448,20;448,20;448,20;448,20;Pkt.;0
16.03.2017;451,36;451,36;451,36;451,36;Pkt.;0
17.03.2017;451,26;451,26;451,26;451,26;Pkt.;0
20.03.2017;451,06;451,06;451,06;451,06;Pkt.;0
21.03.2017;448,05;448,05;448,05;448,05;Pkt.;0
22.03.2017;446,93;446,93;446,93;446,93;Pkt.;0
23.03.2017;447,48;447,48;447,48;447,48;Pkt.;0
24.03.2017;447,72;447,72;447,72;447,72;Pkt.;0
27.03.2017;447,40;447,40;447,40;447,40;Pkt.;0
28.03.2017;450,60;450,60;450,60;450,60;Pkt.;0
29.03.2017;450,22;450,22;450,22;450,22;Pkt.;0
30.03.2017;450,79;450,79;450,79;450,79;Pkt.;0
31.03.2017;448,87;448,87;448,87;448,87;Pkt.;0
03.04.2017;448,20;448,20;448,20;448,20;Pkt.;0
04.04.2017;448,43;448,43;448,43;448,43;Pkt.;0
05.04.2017;447,76;447,76;447,76;447,76;Pkt.;0
06.04.2017;447,59;447,59;447,59;447,59;Pkt.;0
07.04.2017;447,26;447,26;447,26;447,26;Pkt.;0
10.04.2017;447,36;447,36;447,36;447,36;Pkt.;0
11.04.2017;447,41;447,41;447,41;447,41;Pkt.;0
12.04.2017;446,55;446,55;446,55;446,55;Pkt.;0
13.04.2017;444,66;444,66;444,66;444,66;Pkt.;0
17.04.2017;447,46;447,46;447,46;447,46;Pkt.;0
18.04.2017;445,31;445,31;445,31;445,31;Pkt.;0
19.04.2017;444,57;444,57;444,57;444,57;Pkt.;0
20.04.2017;447,35;447,35;447,35;447,35;Pkt.;0
21.04.2017;446,54;446,54;446,54;446,54;Pkt.;0
24.04.2017;453,41;453,41;453,41;453,41;Pkt.;0
25.04.2017;456,23;456,23;456,23;456,23;Pkt.;0
26.04.2017;456,31;456,31;456,31;456,31;Pkt.;0
27.04.2017;455,88;455,88;455,88;455,88;Pkt.;0
28.04.2017;455,17;455,17;455,17;455,17;Pkt.;0
01.05.2017;456,17;456,17;456,17;456,17;Pkt.;0
02.05.2017;457,40;457,40;457,40;457,40;Pkt.;0
03.05.2017;456,62;456,62;456,62;456,62;Pkt.;0
04.05.2017;457,05;457,05;457,05;457,05;Pkt.;0
05.05.2017;459,17;459,17;459,17;459,17;Pkt.;0
08.05.2017;459,65;459,65;459,65;459,65;Pkt.;0
09.05.2017;459,09;459,09;459,09;459,09;Pkt.;0
10.05.2017;459,86;459,86;459,86;459,86;Pkt.;0
11.05.2017;459,11;459,11;459,11;459,11;Pkt.;0
12.05.2017;459,60;459,60;459,60;459,60;Pkt.;0
15.05.2017;461,87;461,87;461,87;461,87;Pkt.;0
16.05.2017;463,11;463,11;463,11;463,11;Pkt.;0
17.05.2017;457,69;457,69;457,69;457,69;Pkt.;0
18.05.2017;456,29;456,29;456,29;456,29;Pkt.;0
19.05.2017;459,64;459,64;459,64;459,64;Pkt.;0
22.05.2017;462,24;462,24;462,24;462,24;Pkt.;0
23.05.2017;462,66;462,66;462,66;462,66;Pkt.;0
24.05.2017;462,93;462,93;462,93;462,93;Pkt.;0
25.05.2017;464,88;464,88;464,88;464,88;Pkt.;0
26.05.2017;464,50;464,50;464,50;464,50;Pkt.;0
30.05.2017;463,73;463,73;463,73;463,73;Pkt.;0
31.05.2017;463,79;463,79;463,79;463,79;Pkt.;0
01.06.2017;466,40;466,40;466,40;466,40;Pkt.;0
02.06.2017;469,36;469,36;469,36;469,36;Pkt.;0
05.06.2017;468,73;468,73;468,73;468,73;Pkt.;0
06.06.2017;467,42;467,42;467,42;467,42;Pkt.;0
07.06.2017;467,63;467,63;467,63;467,63;Pkt.;0
08.06.2017;467,19;467,19;467,19;467,19;Pkt.;0
09.06.2017;466,84;466,84;466,84;466,84;Pkt.;0
12.06.2017;465,48;465,48;465,48;465,48;Pkt.;0
13.06.2017;467,69;467,69;467,69;467,69;Pkt.;0
14.06.2017;468,27;468,27;468,27;468,27;Pkt.;0
15.06.2017;464,74;464,74;464,74;464,74;Pkt.;0
16.06.2017;466,16;466,16;466,16;466,16;Pkt.;0
19.06.2017;469,53;469,53;469,53;469,53;Pkt.;0
20.06.2017;466,29;466,29;466,29;466,29;Pkt.;0
21.06.2017;465,63;465,63;465,63;465,63;Pkt.;0
22.06.2017;466,09;466,09;466,09;466,09;Pkt.;0
23.06.2017;466,98;466,98;466,98;466,98;Pkt.;0
26.06.2017;467,90;467,90;467,90;467,90;Pkt.;0
27.06.2017;465,64;465,64;465,64;465,64;Pkt.;0
28.06.2017;468,45;468,45;468,45;468,45;Pkt.;0
29.06.2017;465,94;465,94;465,94;465,94;Pkt.;0
30.06.2017;465,09;465,09;465,09;465,09;Pkt.;0
03.07.2017;466,16;466,16;466,16;466,16;Pkt.;0
05.07.2017;465,88;465,88;465,88;465,88;Pkt.;0
06.07.2017;463,25;463,25;463,25;463,25;Pkt.;0
07.07.2017;463,96;463,96;463,96;463,96;Pkt.;0
10.07.2017;465,16;465,16;465,16;465,16;Pkt.;0
11.07.2017;465,31;465,31;465,31;465,31;Pkt.;0
12.07.2017;469,62;469,62;469,62;469,62;Pkt.;0
13.07.2017;471,06;471,06;471,06;471,06;Pkt.;0
14.07.2017;473,78;473,78;473,78;473,78;Pkt.;0
17.07.2017;474,13;474,13;474,13;474,13;Pkt.;0
18.07.2017;474,45;474,45;474,45;474,45;Pkt.;0
19.07.2017;476,72;476,72;476,72;476,72;Pkt.;0
20.07.2017;477,71;477,71;477,71;477,71;Pkt.;0
21.07.2017;476,77;476,77;476,77;476,77;Pkt.;0
24.07.2017;476,13;476,13;476,13;476,13;Pkt.;0
25.07.2017;477,24;477,24;477,24;477,24;Pkt.;0
26.07.2017;477,55;477,55;477,55;477,55;Pkt.;0
27.07.2017;478,25;478,25;478,25;478,25;Pkt.;0
28.07.2017;477,25;477,25;477,25;477,25;Pkt.;0
31.07.2017;477,58;477,58;477,58;477,58;Pkt.;0
01.08.2017;479,73;479,73;479,73;479,73;Pkt.;0
02.08.2017;479,76;479,76;479,76;479,76;Pkt.;0
03.08.2017;479,11;479,11;479,11;479,11;Pkt.;0
04.08.2017;479,07;479,07;479,07;479,07;Pkt.;0
07.08.2017;480,35;480,35;480,35;480,35;Pkt.;0
10.08.2017;472,58;472,58;472,58;472,58;Pkt.;0
11.08.2017;471,33;471,33;471,33;471,33;Pkt.;0
16.08.2017;475,75;475,75;475,75;475,75;Pkt.;0
17.08.2017;472,10;472,10;472,10;472,10;Pkt.;0
22.08.2017;474,48;474,48;474,48;474,48;Pkt.;0
28.08.2017;475,37;475,37;475,37;475,37;Pkt.;0
30.08.2017;475,79;475,79;475,79;475,79;Pkt.;0
31.08.2017;478,41;478,41;478,41;478,41;Pkt.;0
01.09.2017;479,90;479,90;479,90;479,90;Pkt.;0
05.09.2017;477,16;477,16;477,16;477,16;Pkt.;0
06.09.2017;478,04;478,04;478,04;478,04;Pkt.;0
07.09.2017;479,57;479,57;479,57;479,57;Pkt.;0
08.09.2017;479,62;479,62;479,62;479,62;Pkt.;0
12.09.2017;485,31;485,31;485,31;485,31;Pkt.;0
13.09.2017;484,83;484,83;484,83;484,83;Pkt.;0
14.09.2017;484,14;484,14;484,14;484,14;Pkt.;0
15.09.2017;485,18;485,18;485,18;485,18;Pkt.;0
18.09.2017;486,36;486,36;486,36;486,36;Pkt.;0
19.09.2017;487,37;487,37;487,37;487,37;Pkt.;0
20.09.2017;488,06;488,06;488,06;488,06;Pkt.;0
21.09.2017;486,05;486,05;486,05;486,05;Pkt.;0
22.09.2017;486,66;486,66;486,66;486,66;Pkt.;0
25.09.2017;484,75;484,75;484,75;484,75;Pkt.;0
26.09.2017;483,07;483,07;483,07;483,07;Pkt.;0
27.09.2017;484,01;484,01;484,01;484,01;Pkt.;0
28.09.2017;484,63;484,63;484,63;484,63;Pkt.;0
29.09.2017;486,88;486,88;486,88;486,88;Pkt.;0
02.10.2017;487,83;487,83;487,83;487,83;Pkt.;0
03.10.2017;489,63;489,63;489,63;489,63;Pkt.;0
04.10.2017;490,16;490,16;490,16;490,16;Pkt.;0
05.10.2017;491,33;491,33;491,33;491,33;Pkt.;0
06.10.2017;490,89;490,89;490,89;490,89;Pkt.;0
09.10.2017;490,56;490,56;490,56;490,56;Pkt.;0
10.10.2017;493,00;493,00;493,00;493,00;Pkt.;0
11.10.2017;493,89;493,89;493,89;493,89;Pkt.;0
12.10.2017;493,92;493,92;493,92;493,92;Pkt.;0
13.10.2017;495,09;495,09;495,09;495,09;Pkt.;0
16.10.2017;495,80;495,80;495,80;495,80;Pkt.;0
17.10.2017;494,94;494,94;494,94;494,94;Pkt.;0
18.10.2017;495,66;495,66;495,66;495,66;Pkt.;0
19.10.2017;495,76;495,76;495,76;495,76;Pkt.;0
20.10.2017;496,39;496,39;496,39;496,39;Pkt.;0
23.10.2017;495,01;495,01;495,01;495,01;Pkt.;0
24.10.2017;495,16;495,16;495,16;495,16;Pkt.;0
25.10.2017;493,50;493,50;493,50;493,50;Pkt.;0
26.10.2017;493,66;493,66;493,66;493,66;Pkt.;0
27.10.2017;495,69;495,69;495,69;495,69;Pkt.;0
30.10.2017;495,96;495,96;495,96;495,96;Pkt.;0
31.10.2017;496,63;496,63;496,63;496,63;Pkt.;0
01.11.2017;498,08;498,08;498,08;498,08;Pkt.;0
02.11.2017;498,44;498,44;498,44;498,44;Pkt.;0
03.11.2017;498,86;498,86;498,86;498,86;Pkt.;0
06.11.2017;499,40;499,40;499,40;499,40;Pkt.;0
07.11.2017;499,58;499,58;499,58;499,58;Pkt.;0
08.11.2017;500,43;500,43;500,43;500,43;Pkt.;0
09.11.2017;498,59;498,59;498,59;498,59;Pkt.;0
10.11.2017;497,86;497,86;497,86;497,86;Pkt.;0
13.11.2017;496,61;496,61;496,61;496,61;Pkt.;0
14.11.2017;495,53;495,53;495,53;495,53;Pkt.;0
15.11.2017;492,82;492,82;492,82;492,82;Pkt.;0
16.11.2017;496,74;496,74;496,74;496,74;Pkt.;0
17.11.2017;496,75;496,75;496,75;496,75;Pkt.;0
20.11.2017;497,28;497,28;497,28;497,28;Pkt.;0
21.11.2017;500,51;500,51;500,51;500,51;Pkt.;0
22.11.2017;501,43;501,43;501,43;501,43;Pkt.;0
24.11.2017;503,35;503,35;503,35;503,35;Pkt.;0
27.11.2017;502,02;502,02;502,02;502,02;Pkt.;0
28.11.2017;504,45;504,45;504,45;504,45;Pkt.;0
29.11.2017;504,12;504,12;504,12;504,12;Pkt.;0
30.11.2017;505,44;505,44;505,44;505,44;Pkt.;0
01.12.2017;503,47;503,47;503,47;503,47;Pkt.;0
04.12.2017;503,92;503,92;503,92;503,92;Pkt.;0
05.12.2017;502,33;502,33;502,33;502,33;Pkt.;0
06.12.2017;500,30;500,30;500,30;500,30;Pkt.;0
07.12.2017;501,42;501,42;501,42;501,42;Pkt.;0
08.12.2017;504,08;504,08;504,08;504,08;Pkt.;0
11.12.2017;506,23;506,23;506,23;506,23;Pkt.;0
12.12.2017;506,31;506,31;506,31;506,31;Pkt.;0
13.12.2017;506,84;506,84;506,84;506,84;Pkt.;0
14.12.2017;505,51;505,51;505,51;505,51;Pkt.;0
15.12.2017;507,08;507,08;507,08;507,08;Pkt.;0
18.12.2017;511,68;511,68;511,68;511,68;Pkt.;0
19.12.2017;510,12;510,12;510,12;510,12;Pkt.;0
20.12.2017;509,96;509,96;509,96;509,96;Pkt.;0
21.12.2017;511,19;511,19;511,19;511,19;Pkt.;0
22.12.2017;511,29;511,29;511,29;511,29;Pkt.;0
26.12.2017;511,10;511,10;511,10;511,10;Pkt.;0
27.12.2017;512,23;512,23;512,23;512,23;Pkt.;0
28.12.2017;513,51;513,51;513,51;513,51;Pkt.;0
29.12.2017;513,03;513,03;513,03;513,03;Pkt.;0
02.01.2018;516,76;516,76;516,76;516,76;Pkt.;0
03.01.2018;519,15;519,15;519,15;519,15;Pkt.;0
04.01.2018;523,27;523,27;523,27;523,27;Pkt.;0
05.01.2018;526,69;526,69;526,69;526,69;Pkt.;0
08.01.2018;527,29;527,29;527,29;527,29;Pkt.;0
09.01.2018;528,02;528,02;528,02;528,02;Pkt.;0
10.01.2018;527,73;527,73;527,73;527,73;Pkt.;0
11.01.2018;529,74;529,74;529,74;529,74;Pkt.;0
12.01.2018;533,24;533,24;533,24;533,24;Pkt.;0
16.01.2018;534,41;534,41;534,41;534,41;Pkt.;0
17.01.2018;537,14;537,14;537,14;537,14;Pkt.;0
18.01.2018;536,70;536,70;536,70;536,70;Pkt.;0
19.01.2018;539,27;539,27;539,27;539,27;Pkt.;0
22.01.2018;542,50;542,50;542,50;542,50;Pkt.;0
23.01.2018;545,17;545,17;545,17;545,17;Pkt.;0
24.01.2018;545,99;545,99;545,99;545,99;Pkt.;0
25.01.2018;546,68;546,68;546,68;546,68;Pkt.;0
26.01.2018;550,32;550,32;550,32;550,32;Pkt.;0
29.01.2018;546,89;546,89;546,89;546,89;Pkt.;0
30.01.2018;541,50;541,50;541,50;541,50;Pkt.;0
31.01.2018;541,67;541,67;541,67;541,67;Pkt.;0
01.02.2018;541,21;541,21;541,21;541,21;Pkt.;0
02.02.2018;531,46;531,46;531,46;531,46;Pkt.;0
05.02.2018;515,74;515,74;515,74;515,74;Pkt.;0
06.02.2018;512,97;512,97;512,97;512,97;Pkt.;0
07.02.2018;513,30;513,30;513,30;513,30;Pkt.;0
08.02.2018;500,70;500,70;500,70;500,70;Pkt.;0
09.02.2018;500,91;500,91;500,91;500,91;Pkt.;0
12.02.2018;506,84;506,84;506,84;506,84;Pkt.;0
13.02.2018;508,45;508,45;508,45;508,45;Pkt.;0
14.02.2018;514,95;514,95;514,95;514,95;Pkt.;0
15.02.2018;521,25;521,25;521,25;521,25;Pkt.;0
16.02.2018;522,60;522,60;522,60;522,60;Pkt.;0
20.02.2018;519,81;519,81;519,81;519,81;Pkt.;0
21.02.2018;518,92;518,92;518,92;518,92;Pkt.;0
22.02.2018;518,20;518,20;518,20;518,20;Pkt.;0
23.02.2018;524,12;524,12;524,12;524,12;Pkt.;0
26.02.2018;528,40;528,40;528,40;528,40;Pkt.;0
27.02.2018;523,83;523,83;523,83;523,83;Pkt.;0
28.02.2018;518,08;518,08;518,08;518,08;Pkt.;0
01.03.2018;511,90;511,90;511,90;511,90;Pkt.;0
02.03.2018;511,34;511,34;511,34;511,34;Pkt.;0
05.03.2018;514,62;514,62;514,62;514,62;Pkt.;0
06.03.2018;517,97;517,97;517,97;517,97;Pkt.;0
07.03.2018;517,33;517,33;517,33;517,33;Pkt.;0
08.03.2018;519,65;519,65;519,65;519,65;Pkt.;0
09.03.2018;525,45;525,45;525,45;525,45;Pkt.;0
12.03.2018;527,30;527,30;527,30;527,30;Pkt.;0
13.03.2018;525,31;525,31;525,31;525,31;Pkt.;0
14.03.2018;522,87;522,87;522,87;522,87;Pkt.;0
15.03.2018;522,49;522,49;522,49;522,49;Pkt.;0
16.03.2018;522,47;522,47;522,47;522,47;Pkt.;0
19.03.2018;516,89;516,89;516,89;516,89;Pkt.;0
20.03.2018;517,33;517,33;517,33;517,33;Pkt.;0
21.03.2018;516,95;516,95;516,95;516,95;Pkt.;0
22.03.2018;508,48;508,48;508,48;508,48;Pkt.;0
23.03.2018;499,36;499,36;499,36;499,36;Pkt.;0
26.03.2018;506,90;506,90;506,90;506,90;Pkt.;0
27.03.2018;504,13;504,13;504,13;504,13;Pkt.;0
28.03.2018;501,27;501,27;501,27;501,27;Pkt.;0
29.03.2018;505,44;505,44;505,44;505,44;Pkt.;0
02.04.2018;499,65;499,65;499,65;499,65;Pkt.;0
03.04.2018;501,89;501,89;501,89;501,89;Pkt.;0
04.04.2018;503,82;503,82;503,82;503,82;Pkt.;0
05.04.2018;508,55;508,55;508,55;508,55;Pkt.;0
06.04.2018;502,32;502,32;502,32;502,32;Pkt.;0
09.04.2018;504,18;504,18;504,18;504,18;Pkt.;0
10.04.2018;511,04;511,04;511,04;511,04;Pkt.;0
11.04.2018;509,43;509,43;509,43;509,43;Pkt.;0
12.04.2018;511,29;511,29;511,29;511,29;Pkt.;0
13.04.2018;510,52;510,52;510,52;510,52;Pkt.;0
16.04.2018;512,49;512,49;512,49;512,49;Pkt.;0
17.04.2018;516,12;516,12;516,12;516,12;Pkt.;0
18.04.2018;518,32;518,32;518,32;518,32;Pkt.;0
19.04.2018;517,05;517,05;517,05;517,05;Pkt.;0
20.04.2018;512,74;512,74;512,74;512,74;Pkt.;0
23.04.2018;511,67;511,67;511,67;511,67;Pkt.;0
24.04.2018;508,08;508,08;508,08;508,08;Pkt.;0
25.04.2018;506,32;506,32;506,32;506,32;Pkt.;0
26.04.2018;509,91;509,91;509,91;509,91;Pkt.;0
27.04.2018;511,31;511,31;511,31;511,31;Pkt.;0
30.04.2018;509,69;509,69;509,69;509,69;Pkt.;0
01.05.2018;509,00;509,00;509,00;509,00;Pkt.;0
02.05.2018;506,90;506,90;506,90;506,90;Pkt.;0
03.05.2018;505,04;505,04;505,04;505,04;Pkt.;0
04.05.2018;508,83;508,83;508,83;508,83;Pkt.;0
07.05.2018;510,61;510,61;510,61;510,61;Pkt.;0
08.05.2018;510,39;510,39;510,39;510,39;Pkt.;0
09.05.2018;513,62;513,62;513,62;513,62;Pkt.;0
10.05.2018;517,23;517,23;517,23;517,23;Pkt.;0
11.05.2018;519,46;519,46;519,46;519,46;Pkt.;0
14.05.2018;520,58;520,58;520,58;520,58;Pkt.;0
15.05.2018;516,14;516,14;516,14;516,14;Pkt.;0
16.05.2018;517,04;517,04;517,04;517,04;Pkt.;0
17.05.2018;517,01;517,01;517,01;517,01;Pkt.;0
18.05.2018;515,66;515,66;515,66;515,66;Pkt.;0
21.05.2018;517,72;517,72;517,72;517,72;Pkt.;0
22.05.2018;517,60;517,60;517,60;517,60;Pkt.;0
23.05.2018;515,86;515,86;515,86;515,86;Pkt.;0
24.05.2018;514,86;514,86;514,86;514,86;Pkt.;0
25.05.2018;513,45;513,45;513,45;513,45;Pkt.;0
29.05.2018;506,99;506,99;506,99;506,99;Pkt.;0
30.05.2018;509,96;509,96;509,96;509,96;Pkt.;0
31.05.2018;508,77;508,77;508,77;508,77;Pkt.;0
01.06.2018;512,77;512,77;512,77;512,77;Pkt.;0
04.06.2018;516,38;516,38;516,38;516,38;Pkt.;0
05.06.2018;515,72;515,72;515,72;515,72;Pkt.;0
06.06.2018;519,75;519,75;519,75;519,75;Pkt.;0
07.06.2018;519,90;519,90;519,90;519,90;Pkt.;0
08.06.2018;519,15;519,15;519,15;519,15;Pkt.;0
11.06.2018;520,76;520,76;520,76;520,76;Pkt.;0
12.06.2018;521,07;521,07;521,07;521,07;Pkt.;0
13.06.2018;519,70;519,70;519,70;519,70;Pkt.;0
14.06.2018;519,54;519,54;519,54;519,54;Pkt.;0
15.06.2018;517,21;517,21;517,21;517,21;Pkt.;0
18.06.2018;514,99;514,99;514,99;514,99;Pkt.;0
19.06.2018;510,78;510,78;510,78;510,78;Pkt.;0
20.06.2018;512,58;512,58;512,58;512,58;Pkt.;0
21.06.2018;509,34;509,34;509,34;509,34;Pkt.;0
22.06.2018;511,68;511,68;511,68;511,68;Pkt.;0
25.06.2018;504,49;504,49;504,49;504,49;Pkt.;0
26.06.2018;504,91;504,91;504,91;504,91;Pkt.;0
27.06.2018;501,47;501,47;501,47;501,47;Pkt.;0
28.06.2018;501,88;501,88;501,88;501,88;Pkt.;0
29.06.2018;505,20;505,20;505,20;505,20;Pkt.;0
02.07.2018;503,10;503,10;503,10;503,10;Pkt.;0
03.07.2018;503,00;503,00;503,00;503,00;Pkt.;0
05.07.2018;505,84;505,84;505,84;505,84;Pkt.;0
06.07.2018;509,90;509,90;509,90;509,90;Pkt.;0
09.07.2018;514,48;514,48;514,48;514,48;Pkt.;0
10.07.2018;515,52;515,52;515,52;515,52;Pkt.;0
11.07.2018;510,92;510,92;510,92;510,92;Pkt.;0
12.07.2018;514,12;514,12;514,12;514,12;Pkt.;0
13.07.2018;515,22;515,22;515,22;515,22;Pkt.;0
16.07.2018;514,54;514,54;514,54;514,54;Pkt.;0
17.07.2018;515,72;515,72;515,72;515,72;Pkt.;0
18.07.2018;516,47;516,47;516,47;516,47;Pkt.;0
19.07.2018;514,45;514,45;514,45;514,45;Pkt.;0
20.07.2018;515,89;515,89;515,89;515,89;Pkt.;0
23.07.2018;515,92;515,92;515,92;515,92;Pkt.;0
24.07.2018;519,00;519,00;519,00;519,00;Pkt.;0
25.07.2018;521,74;521,74;521,74;521,74;Pkt.;0
26.07.2018;521,80;521,80;521,80;521,80;Pkt.;0
27.07.2018;520,73;520,73;520,73;520,73;Pkt.;0
30.07.2018;518,93;518,93;518,93;518,93;Pkt.;0
31.07.2018;519,82;519,82;519,82;519,82;Pkt.;0
01.08.2018;518,99;518,99;518,99;518,99;Pkt.;0
02.08.2018;517,54;517,54;517,54;517,54;Pkt.;0
03.08.2018;519,53;519,53;519,53;519,53;Pkt.;0
06.08.2018;519,82;519,82;519,82;519,82;Pkt.;0
07.08.2018;522,34;522,34;522,34;522,34;Pkt.;0
08.08.2018;522,19;522,19;522,19;522,19;Pkt.;0
09.08.2018;521,60;521,60;521,60;521,60;Pkt.;0
10.08.2018;515,61;515,61;515,61;515,61;Pkt.;0
13.08.2018;511,92;511,92;511,92;511,92;Pkt.;0
14.08.2018;513,99;513,99;513,99;513,99;Pkt.;0
15.08.2018;508,32;508,32;508,32;508,32;Pkt.;0
16.08.2018;511,50;511,50;511,50;511,50;Pkt.;0
17.08.2018;513,08;513,08;513,08;513,08;Pkt.;0
20.08.2018;515,19;515,19;515,19;515,19;Pkt.;0
21.08.2018;517,18;517,18;517,18;517,18;Pkt.;0
22.08.2018;518,42;518,42;518,42;518,42;Pkt.;0
23.08.2018;516,84;516,84;516,84;516,84;Pkt.;0
24.08.2018;519,60;519,60;519,60;519,60;Pkt.;0
27.08.2018;524,56;524,56;524,56;524,56;Pkt.;0
28.08.2018;525,18;525,18;525,18;525,18;Pkt.;0
29.08.2018;526,94;526,94;526,94;526,94;Pkt.;0
30.08.2018;524,28;524,28;524,28;524,28;Pkt.;0
31.08.2018;522,88;522,88;522,88;522,88;Pkt.;0
04.09.2018;519,30;519,30;519,30;519,30;Pkt.;0
05.09.2018;516,14;516,14;516,14;516,14;Pkt.;0
06.09.2018;514,08;514,08;514,08;514,08;Pkt.;0
07.09.2018;512,97;512,97;512,97;512,97;Pkt.;0
10.09.2018;513,39;513,39;513,39;513,39;Pkt.;0
11.09.2018;514,03;514,03;514,03;514,03;Pkt.;0
12.09.2018;515,17;515,17;515,17;515,17;Pkt.;0
13.09.2018;518,02;518,02;518,02;518,02;Pkt.;0
14.09.2018;519,46;519,46;519,46;519,46;Pkt.;0
17.09.2018;517,50;517,50;517,50;517,50;Pkt.;0
18.09.2018;520,19;520,19;520,19;520,19;Pkt.;0
19.09.2018;521,98;521,98;521,98;521,98;Pkt.;0
20.09.2018;526,14;526,14;526,14;526,14;Pkt.;0
21.09.2018;527,86;527,86;527,86;527,86;Pkt.;0
24.09.2018;525,87;525,87;525,87;525,87;Pkt.;0
25.09.2018;526,09;526,09;526,09;526,09;Pkt.;0
26.09.2018;525,28;525,28;525,28;525,28;Pkt.;0
27.09.2018;525,44;525,44;525,44;525,44;Pkt.;0
28.09.2018;524,25;524,25;524,25;524,25;Pkt.;0
01.10.2018;525,06;525,06;525,06;525,06;Pkt.;0
02.10.2018;523,36;523,36;523,36;523,36;Pkt.;0
03.10.2018;523,46;523,46;523,46;523,46;Pkt.;0
04.10.2018;518,21;518,21;518,21;518,21;Pkt.;0
05.10.2018;514,69;514,69;514,69;514,69;Pkt.;0
08.10.2018;512,72;512,72;512,72;512,72;Pkt.;0
09.10.2018;511,55;511,55;511,55;511,55;Pkt.;0
10.10.2018;500,55;500,55;500,55;500,55;Pkt.;0
11.10.2018;489,41;489,41;489,41;489,41;Pkt.;0
12.10.2018;494,76;494,76;494,76;494,76;Pkt.;0
15.10.2018;492,52;492,52;492,52;492,52;Pkt.;0
16.10.2018;500,94;500,94;500,94;500,94;Pkt.;0
17.10.2018;500,52;500,52;500,52;500,52;Pkt.;0
18.10.2018;494,47;494,47;494,47;494,47;Pkt.;0
19.10.2018;494,05;494,05;494,05;494,05;Pkt.;0
22.10.2018;492,78;492,78;492,78;492,78;Pkt.;0
23.10.2018;487,37;487,37;487,37;487,37;Pkt.;0
24.10.2018;477,29;477,29;477,29;477,29;Pkt.;0
25.10.2018;480,83;480,83;480,83;480,83;Pkt.;0
26.10.2018;475,11;475,11;475,11;475,11;Pkt.;0
29.10.2018;473,52;473,52;473,52;473,52;Pkt.;0
30.10.2018;478,19;478,19;478,19;478,19;Pkt.;0
31.10.2018;484,57;484,57;484,57;484,57;Pkt.;0
01.11.2018;489,48;489,48;489,48;489,48;Pkt.;0
02.11.2018;489,97;489,97;489,97;489,97;Pkt.;0
05.11.2018;490,58;490,58;490,58;490,58;Pkt.;0
06.11.2018;492,70;492,70;492,70;492,70;Pkt.;0
07.11.2018;500,23;500,23;500,23;500,23;Pkt.;0
08.11.2018;499,57;499,57;499,57;499,57;Pkt.;0
09.11.2018;494,48;494,48;494,48;494,48;Pkt.;0
12.11.2018;486,57;486,57;486,57;486,57;Pkt.;0
13.11.2018;486,10;486,10;486,10;486,10;Pkt.;0
14.11.2018;483,79;483,79;483,79;483,79;Pkt.;0
15.11.2018;486,87;486,87;486,87;486,87;Pkt.;0
16.11.2018;488,34;488,34;488,34;488,34;Pkt.;0
19.11.2018;483,72;483,72;483,72;483,72;Pkt.;0
20.11.2018;475,87;475,87;475,87;475,87;Pkt.;0
21.11.2018;477,68;477,68;477,68;477,68;Pkt.;0
23.11.2018;475,30;475,30;475,30;475,30;Pkt.;0
26.11.2018;480,85;480,85;480,85;480,85;Pkt.;0
27.11.2018;481,24;481,24;481,24;481,24;Pkt.;0
28.11.2018;488,22;488,22;488,22;488,22;Pkt.;0
29.11.2018;489,66;489,66;489,66;489,66;Pkt.;0
30.11.2018;490,86;490,86;490,86;490,86;Pkt.;0
03.12.2018;497,48;497,48;497,48;497,48;Pkt.;0
04.12.2018;486,73;486,73;486,73;486,73;Pkt.;0
06.12.2018;479,20;479,20;479,20;479,20;Pkt.;0
07.12.2018;473,88;473,88;473,88;473,88;Pkt.;0
10.12.2018;470,20;470,20;470,20;470,20;Pkt.;0
11.12.2018;470,70;470,70;470,70;470,70;Pkt.;0
12.12.2018;476,01;476,01;476,01;476,01;Pkt.;0
13.12.2018;476,07;476,07;476,07;476,07;Pkt.;0
14.12.2018;468,51;468,51;468,51;468,51;Pkt.;0
17.12.2018;462,27;462,27;462,27;462,27;Pkt.;0
18.12.2018;460,68;460,68;460,68;460,68;Pkt.;0
19.12.2018;457,65;457,65;457,65;457,65;Pkt.;0
20.12.2018;450,83;450,83;450,83;450,83;Pkt.;0
21.12.2018;444,76;444,76;444,76;444,76;Pkt.;0
24.12.2018;437,68;437,68;437,68;437,68;Pkt.;0
26.12.2018;447,71;447,71;447,71;447,71;Pkt.;0
27.12.2018;450,32;450,32;450,32;450,32;Pkt.;0
28.12.2018;452,69;452,69;452,69;452,69;Pkt.;0
31.12.2018;455,66;455,66;455,66;455,66;Pkt.;0
02.01.2019;454,51;454,51;454,51;454,51;Pkt.;0
03.01.2019;448,21;448,21;448,21;448,21;Pkt.;0
04.01.2019;459,94;459,94;459,94;459,94;Pkt.;0
07.01.2019;463,99;463,99;463,99;463,99;Pkt.;0
08.01.2019;467,27;467,27;467,27;467,27;Pkt.;0
09.01.2019;471,57;471,57;471,57;471,57;Pkt.;0
10.01.2019;473,23;473,23;473,23;473,23;Pkt.;0
11.01.2019;473,26;473,26;473,26;473,26;Pkt.;0
14.01.2019;470,87;470,87;470,87;470,87;Pkt.;0
15.01.2019;474,86;474,86;474,86;474,86;Pkt.;0
16.01.2019;475,71;475,71;475,71;475,71;Pkt.;0
17.01.2019;477,63;477,63;477,63;477,63;Pkt.;0
18.01.2019;483,50;483,50;483,50;483,50;Pkt.;0
22.01.2019;478,41;478,41;478,41;478,41;Pkt.;0
23.01.2019;478,74;478,74;478,74;478,74;Pkt.;0
24.01.2019;479,84;479,84;479,84;479,84;Pkt.;0
25.01.2019;484,53;484,53;484,53;484,53;Pkt.;0
28.01.2019;481,59;481,59;481,59;481,59;Pkt.;0
29.01.2019;481,77;481,77;481,77;481,77;Pkt.;0
30.01.2019;486,71;486,71;486,71;486,71;Pkt.;0
31.01.2019;491,19;491,19;491,19;491,19;Pkt.;0
01.02.2019;491,43;491,43;491,43;491,43;Pkt.;0
04.02.2019;493,07;493,07;493,07;493,07;Pkt.;0
05.02.2019;496,18;496,18;496,18;496,18;Pkt.;0
06.02.2019;495,08;495,08;495,08;495,08;Pkt.;0
07.02.2019;490,42;490,42;490,42;490,42;Pkt.;0
08.02.2019;488,72;488,72;488,72;488,72;Pkt.;0
11.02.2019;488,91;488,91;488,91;488,91;Pkt.;0
12.02.2019;494,30;494,30;494,30;494,30;Pkt.;0
13.02.2019;495,92;495,92;495,92;495,92;Pkt.;0
14.02.2019;494,66;494,66;494,66;494,66;Pkt.;0
15.02.2019;498,24;498,24;498,24;498,24;Pkt.;0
19.02.2019;500,58;500,58;500,58;500,58;Pkt.;0
20.02.2019;502,92;502,92;502,92;502,92;Pkt.;0
21.02.2019;501,69;501,69;501,69;501,69;Pkt.;0
22.02.2019;504,15;504,15;504,15;504,15;Pkt.;0
25.02.2019;505,69;505,69;505,69;505,69;Pkt.;0
26.02.2019;505,51;505,51;505,51;505,51;Pkt.;0
27.02.2019;505,40;505,40;505,40;505,40;Pkt.;0
28.02.2019;503,48;503,48;503,48;503,48;Pkt.;0
01.03.2019;505,75;505,75;505,75;505,75;Pkt.;0
04.03.2019;504,60;504,60;504,60;504,60;Pkt.;0
05.03.2019;504,07;504,07;504,07;504,07;Pkt.;0
06.03.2019;502,22;502,22;502,22;502,22;Pkt.;0
07.03.2019;497,86;497,86;497,86;497,86;Pkt.;0
08.03.2019;494,91;494,91;494,91;494,91;Pkt.;0
11.03.2019;500,55;500,55;500,55;500,55;Pkt.;0
12.03.2019;502,99;502,99;502,99;502,99;Pkt.;0
13.03.2019;505,55;505,55;505,55;505,55;Pkt.;0
14.03.2019;505,56;505,56;505,56;505,56;Pkt.;0
15.03.2019;508,72;508,72;508,72;508,72;Pkt.;0
18.03.2019;511,36;511,36;511,36;511,36;Pkt.;0
19.03.2019;511,98;511,98;511,98;511,98;Pkt.;0
20.03.2019;510,05;510,05;510,05;510,05;Pkt.;0
21.03.2019;513,50;513,50;513,50;513,50;Pkt.;0
22.03.2019;505,88;505,88;505,88;505,88;Pkt.;0
25.03.2019;503,56;503,56;503,56;503,56;Pkt.;0
26.03.2019;507,03;507,03;507,03;507,03;Pkt.;0
27.03.2019;504,84;504,84;504,84;504,84;Pkt.;0
28.03.2019;505,14;505,14;505,14;505,14;Pkt.;0
29.03.2019;508,55;508,55;508,55;508,55;Pkt.;0
01.04.2019;514,35;514,35;514,35;514,35;Pkt.;0
02.04.2019;514,39;514,39;514,39;514,39;Pkt.;0
03.04.2019;517,28;517,28;517,28;517,28;Pkt.;0
04.04.2019;517,28;517,28;517,28;517,28;Pkt.;0
05.04.2019;519,04;519,04;519,04;519,04;Pkt.;0
08.04.2019;519,88;519,88;519,88;519,88;Pkt.;0
09.04.2019;518,09;518,09;518,09;518,09;Pkt.;0
10.04.2019;519,26;519,26;519,26;519,26;Pkt.;0
11.04.2019;518,70;518,70;518,70;518,70;Pkt.;0
12.04.2019;521,29;521,29;521,29;521,29;Pkt.;0
15.04.2019;521,51;521,51;521,51;521,51;Pkt.;0
16.04.2019;522,33;522,33;522,33;522,33;Pkt.;0
17.04.2019;522,04;522,04;522,04;522,04;Pkt.;0
18.04.2019;521,66;521,66;521,66;521,66;Pkt.;0
22.04.2019;521,76;521,76;521,76;521,76;Pkt.;0
23.04.2019;524,53;524,53;524,53;524,53;Pkt.;0
24.04.2019;523,04;523,04;523,04;523,04;Pkt.;0
25.04.2019;521,87;521,87;521,87;521,87;Pkt.;0
26.04.2019;523,74;523,74;523,74;523,74;Pkt.;0
29.04.2019;524,39;524,39;524,39;524,39;Pkt.;0
30.04.2019;524,84;524,84;524,84;524,84;Pkt.;0
01.05.2019;523,07;523,07;523,07;523,07;Pkt.;0
02.05.2019;521,09;521,09;521,09;521,09;Pkt.;0
03.05.2019;524,85;524,85;524,85;524,85;Pkt.;0
06.05.2019;521,35;521,35;521,35;521,35;Pkt.;0
07.05.2019;514,40;514,40;514,40;514,40;Pkt.;0
08.05.2019;513,29;513,29;513,29;513,29;Pkt.;0
09.05.2019;509,33;509,33;509,33;509,33;Pkt.;0
10.05.2019;511,11;511,11;511,11;511,11;Pkt.;0
13.05.2019;501,67;501,67;501,67;501,67;Pkt.;0
14.05.2019;504,17;504,17;504,17;504,17;Pkt.;0
15.05.2019;506,73;506,73;506,73;506,73;Pkt.;0
16.05.2019;509,80;509,80;509,80;509,80;Pkt.;0
17.05.2019;506,93;506,93;506,93;506,93;Pkt.;0
20.05.2019;504,27;504,27;504,27;504,27;Pkt.;0
21.05.2019;507,32;507,32;507,32;507,32;Pkt.;0
22.05.2019;506,01;506,01;506,01;506,01;Pkt.;0
23.05.2019;500,09;500,09;500,09;500,09;Pkt.;0
24.05.2019;501,80;501,80;501,80;501,80;Pkt.;0
28.05.2019;499,66;499,66;499,66;499,66;Pkt.;0
29.05.2019;495,31;495,31;495,31;495,31;Pkt.;0
30.05.2019;496,23;496,23;496,23;496,23;Pkt.;0
31.05.2019;492,12;492,12;492,12;492,12;Pkt.;0
03.06.2019;492,47;492,47;492,47;492,47;Pkt.;0
04.06.2019;499,21;499,21;499,21;499,21;Pkt.;0
05.06.2019;503,02;503,02;503,02;503,02;Pkt.;0
06.06.2019;504,67;504,67;504,67;504,67;Pkt.;0
07.06.2019;509,76;509,76;509,76;509,76;Pkt.;0
10.06.2019;512,44;512,44;512,44;512,44;Pkt.;0
11.06.2019;513,91;513,91;513,91;513,91;Pkt.;0
12.06.2019;512,46;512,46;512,46;512,46;Pkt.;0
13.06.2019;512,75;512,75;512,75;512,75;Pkt.;0
14.06.2019;511,07;511,07;511,07;511,07;Pkt.;0
17.06.2019;510,81;510,81;510,81;510,81;Pkt.;0
18.06.2019;515,82;515,82;515,82;515,82;Pkt.;0
19.06.2019;518,92;518,92;518,92;518,92;Pkt.;0
20.06.2019;524,44;524,44;524,44;524,44;Pkt.;0
21.06.2019;523,31;523,31;523,31;523,31;Pkt.;0
27.06.2019;520,93;520,93;520,93;520,93;Pkt.;0
28.06.2019;523,44;523,44;523,44;523,44;Pkt.;0
01.07.2019;526,93;526,93;526,93;526,93;Pkt.;0
02.07.2019;528,24;528,24;528,24;528,24;Pkt.;0
03.07.2019;531,14;531,14;531,14;531,14;Pkt.;0
05.07.2019;529,51;529,51;529,51;529,51;Pkt.;0
08.07.2019;526,39;526,39;526,39;526,39;Pkt.;0
09.07.2019;525,96;525,96;525,96;525,96;Pkt.;0
10.07.2019;527,93;527,93;527,93;527,93;Pkt.;0
11.07.2019;529,18;529,18;529,18;529,18;Pkt.;0
12.07.2019;530,48;530,48;530,48;530,48;Pkt.;0
15.07.2019;531,24;531,24;531,24;531,24;Pkt.;0
16.07.2019;530,07;530,07;530,07;530,07;Pkt.;0
17.07.2019;527,60;527,60;527,60;527,60;Pkt.;0
18.07.2019;527,51;527,51;527,51;527,51;Pkt.;0
19.07.2019;527,04;527,04;527,04;527,04;Pkt.;0
22.07.2019;527,48;527,48;527,48;527,48;Pkt.;0
23.07.2019;530,10;530,10;530,10;530,10;Pkt.;0
24.07.2019;531,82;531,82;531,82;531,82;Pkt.;0
25.07.2019;529,47;529,47;529,47;529,47;Pkt.;0
26.07.2019;531,00;531,00;531,00;531,00;Pkt.;0
29.07.2019;530,15;530,15;530,15;530,15;Pkt.;0
30.07.2019;528,07;528,07;528,07;528,07;Pkt.;0
31.07.2019;524,35;524,35;524,35;524,35;Pkt.;0
01.08.2019;520,57;520,57;520,57;520,57;Pkt.;0
02.08.2019;514,44;514,44;514,44;514,44;Pkt.;0
05.08.2019;501,48;501,48;501,48;501,48;Pkt.;0
06.08.2019;503,97;503,97;503,97;503,97;Pkt.;0
07.08.2019;505,00;505,00;505,00;505,00;Pkt.;0
08.08.2019;512,65;512,65;512,65;512,65;Pkt.;0
09.08.2019;510,01;510,01;510,01;510,01;Pkt.;0
12.08.2019;505,87;505,87;505,87;505,87;Pkt.;0
13.08.2019;509,12;509,12;509,12;509,12;Pkt.;0
14.08.2019;498,63;498,63;498,63;498,63;Pkt.;0
15.08.2019;497,85;497,85;497,85;497,85;Pkt.;0
16.08.2019;503,69;503,69;503,69;503,69;Pkt.;0
19.08.2019;509,06;509,06;509,06;509,06;Pkt.;0
20.08.2019;506,61;506,61;506,61;506,61;Pkt.;0
21.08.2019;510,17;510,17;510,17;510,17;Pkt.;0
22.08.2019;508,91;508,91;508,91;508,91;Pkt.;0
23.08.2019;500,95;500,95;500,95;500,95;Pkt.;0
26.08.2019;502,43;502,43;502,43;502,43;Pkt.;0
27.08.2019;502,58;502,58;502,58;502,58;Pkt.;0
28.08.2019;504,12;504,12;504,12;504,12;Pkt.;0
29.08.2019;508,87;508,87;508,87;508,87;Pkt.;0
30.08.2019;510,88;510,88;510,88;510,88;Pkt.;0
03.09.2019;507,76;507,76;507,76;507,76;Pkt.;0
04.09.2019;513,64;513,64;513,64;513,64;Pkt.;0
05.09.2019;519,55;519,55;519,55;519,55;Pkt.;0
06.09.2019;520,83;520,83;520,83;520,83;Pkt.;0
09.09.2019;520,88;520,88;520,88;520,88;Pkt.;0
10.09.2019;520,95;520,95;520,95;520,95;Pkt.;0
11.09.2019;524,65;524,65;524,65;524,65;Pkt.;0
12.09.2019;526,53;526,53;526,53;526,53;Pkt.;0
13.09.2019;527,63;527,63;527,63;527,63;Pkt.;0
16.09.2019;525,56;525,56;525,56;525,56;Pkt.;0
17.09.2019;526,32;526,32;526,32;526,32;Pkt.;0
18.09.2019;526,31;526,31;526,31;526,31;Pkt.;0
19.09.2019;526,79;526,79;526,79;526,79;Pkt.;0
20.09.2019;525,57;525,57;525,57;525,57;Pkt.;0
23.09.2019;524,40;524,40;524,40;524,40;Pkt.;0
24.09.2019;521,70;521,70;521,70;521,70;Pkt.;0
25.09.2019;521,88;521,88;521,88;521,88;Pkt.;0
26.09.2019;521,87;521,87;521,87;521,87;Pkt.;0
27.09.2019;519,74;519,74;519,74;519,74;Pkt.;0
30.09.2019;520,65;520,65;520,65;520,65;Pkt.;0
01.10.2019;515,95;515,95;515,95;515,95;Pkt.;0
02.10.2019;507,57;507,57;507,57;507,57;Pkt.;0
03.10.2019;509,84;509,84;509,84;509,84;Pkt.;0
04.10.2019;514,85;514,85;514,85;514,85;Pkt.;0
07.10.2019;514,28;514,28;514,28;514,28;Pkt.;0
08.10.2019;508,42;508,42;508,42;508,42;Pkt.;0
09.10.2019;511,21;511,21;511,21;511,21;Pkt.;0
10.10.2019;514,07;514,07;514,07;514,07;Pkt.;0
11.10.2019;521,14;521,14;521,14;521,14;Pkt.;0
14.10.2019;520,63;520,63;520,63;520,63;Pkt.;0
15.10.2019;525,25;525,25;525,25;525,25;Pkt.;0
16.10.2019;525,27;525,27;525,27;525,27;Pkt.;0
17.10.2019;526,92;526,92;526,92;526,92;Pkt.;0
18.10.2019;525,25;525,25;525,25;525,25;Pkt.;0
21.10.2019;528,49;528,49;528,49;528,49;Pkt.;0
22.10.2019;527,76;527,76;527,76;527,76;Pkt.;0
23.10.2019;528,42;528,42;528,42;528,42;Pkt.;0
24.10.2019;530,36;530,36;530,36;530,36;Pkt.;0
25.10.2019;531,77;531,77;531,77;531,77;Pkt.;0
28.10.2019;534,02;534,02;534,02;534,02;Pkt.;0
29.10.2019;534,29;534,29;534,29;534,29;Pkt.;0
30.10.2019;535,18;535,18;535,18;535,18;Pkt.;0
31.10.2019;534,41;534,41;534,41;534,41;Pkt.;0
01.11.2019;538,76;538,76;538,76;538,76;Pkt.;0
04.11.2019;541,66;541,66;541,66;541,66;Pkt.;0
05.11.2019;541,60;541,60;541,60;541,60;Pkt.;0
06.11.2019;541,91;541,91;541,91;541,91;Pkt.;0
07.11.2019;543,31;543,31;543,31;543,31;Pkt.;0
08.11.2019;543,24;543,24;543,24;543,24;Pkt.;0
11.11.2019;542,00;542,00;542,00;542,00;Pkt.;0
12.11.2019;542,95;542,95;542,95;542,95;Pkt.;0
13.11.2019;541,88;541,88;541,88;541,88;Pkt.;0
14.11.2019;541,14;541,14;541,14;541,14;Pkt.;0
15.11.2019;545,23;545,23;545,23;545,23;Pkt.;0
18.11.2019;546,06;546,06;546,06;546,06;Pkt.;0
19.11.2019;546,17;546,17;546,17;546,17;Pkt.;0
20.11.2019;543,76;543,76;543,76;543,76;Pkt.;0
21.11.2019;542,35;542,35;542,35;542,35;Pkt.;0
22.11.2019;543,33;543,33;543,33;543,33;Pkt.;0
25.11.2019;547,17;547,17;547,17;547,17;Pkt.;0
26.11.2019;547,71;547,71;547,71;547,71;Pkt.;0
27.11.2019;549,68;549,68;549,68;549,68;Pkt.;0
29.11.2019;546,70;546,70;546,70;546,70;Pkt.;0
02.12.2019;543,37;543,37;543,37;543,37;Pkt.;0
03.12.2019;540,39;540,39;540,39;540,39;Pkt.;0
04.12.2019;542,95;542,95;542,95;542,95;Pkt.;0
05.12.2019;544,00;544,00;544,00;544,00;Pkt.;0
06.12.2019;548,12;548,12;548,12;548,12;Pkt.;0
09.12.2019;547,45;547,45;547,45;547,45;Pkt.;0
10.12.2019;546,74;546,74;546,74;546,74;Pkt.;0
11.12.2019;548,40;548,40;548,40;548,40;Pkt.;0
12.12.2019;552,19;552,19;552,19;552,19;Pkt.;0
13.12.2019;555,38;555,38;555,38;555,38;Pkt.;0
16.12.2019;559,17;559,17;559,17;559,17;Pkt.;0
17.12.2019;559,90;559,90;559,90;559,90;Pkt.;0
18.12.2019;559,61;559,61;559,61;559,61;Pkt.;0
19.12.2019;561,00;561,00;561,00;561,00;Pkt.;0
20.12.2019;563,00;563,00;563,00;563,00;Pkt.;0
23.12.2019;563,43;563,43;563,43;563,43;Pkt.;0
24.12.2019;563,50;563,50;563,50;563,50;Pkt.;0
26.12.2019;565,45;565,45;565,45;565,45;Pkt.;0
27.12.2019;566,84;566,84;566,84;566,84;Pkt.;0
30.12.2019;564,38;564,38;564,38;564,38;Pkt.;0
31.12.2019;565,24;565,24;565,24;565,24;Pkt.;0
02.01.2020;569,75;569,75;569,75;569,75;Pkt.;0
03.01.2020;566,79;566,79;566,79;566,79;Pkt.;0
06.01.2020;566,38;566,38;566,38;566,38;Pkt.;0
07.01.2020;566,15;566,15;566,15;566,15;Pkt.;0
08.01.2020;566,82;566,82;566,82;566,82;Pkt.;0
09.01.2020;570,66;570,66;570,66;570,66;Pkt.;0
10.01.2020;570,45;570,45;570,45;570,45;Pkt.;0
13.01.2020;573,33;573,33;573,33;573,33;Pkt.;0
14.01.2020;573,37;573,37;573,37;573,37;Pkt.;0
15.01.2020;573,76;573,76;573,76;573,76;Pkt.;0
16.01.2020;576,89;576,89;576,89;576,89;Pkt.;0
17.01.2020;579,24;579,24;579,24;579,24;Pkt.;0
21.01.2020;576,69;576,69;576,69;576,69;Pkt.;0
22.01.2020;577,29;577,29;577,29;577,29;Pkt.;0
23.01.2020;575,74;575,74;575,74;575,74;Pkt.;0
24.01.2020;573,29;573,29;573,29;573,29;Pkt.;0
27.01.2020;564,02;564,02;564,02;564,02;Pkt.;0
28.01.2020;567,40;567,40;567,40;567,40;Pkt.;0
29.01.2020;567,35;567,35;567,35;567,35;Pkt.;0
30.01.2020;565,50;565,50;565,50;565,50;Pkt.;0
31.01.2020;558,62;558,62;558,62;558,62;Pkt.;0
03.02.2020;560,40;560,40;560,40;560,40;Pkt.;0
04.02.2020;568,65;568,65;568,65;568,65;Pkt.;0
05.02.2020;573,46;573,46;573,46;573,46;Pkt.;0
06.02.2020;576,69;576,69;576,69;576,69;Pkt.;0
07.02.2020;573,55;573,55;573,55;573,55;Pkt.;0
10.02.2020;575,02;575,02;575,02;575,02;Pkt.;0
11.02.2020;577,51;577,51;577,51;577,51;Pkt.;0
12.02.2020;581,03;581,03;581,03;581,03;Pkt.;0
13.02.2020;579,74;579,74;579,74;579,74;Pkt.;0
14.02.2020;580,06;580,06;580,06;580,06;Pkt.;0
18.02.2020;577,32;577,32;577,32;577,32;Pkt.;0
19.02.2020;579,87;579,87;579,87;579,87;Pkt.;0
20.02.2020;577,03;577,03;577,03;577,03;Pkt.;0
21.02.2020;572,68;572,68;572,68;572,68;Pkt.;0
24.02.2020;555,73;555,73;555,73;555,73;Pkt.;0
25.02.2020;542,91;542,91;542,91;542,91;Pkt.;0
26.02.2020;539,82;539,82;539,82;539,82;Pkt.;0
27.02.2020;521,92;521,92;521,92;521,92;Pkt.;0
28.02.2020;512,76;512,76;512,76;512,76;Pkt.;0
02.03.2020;528,45;528,45;528,45;528,45;Pkt.;0
03.03.2020;522,21;522,21;522,21;522,21;Pkt.;0
04.03.2020;536,20;536,20;536,20;536,20;Pkt.;0
05.03.2020;525,64;525,64;525,64;525,64;Pkt.;0
06.03.2020;514,88;514,88;514,88;514,88;Pkt.;0
09.03.2020;478,50;478,50;478,50;478,50;Pkt.;0
10.03.2020;491,46;491,46;491,46;491,46;Pkt.;0
11.03.2020;473,55;473,55;473,55;473,55;Pkt.;0
12.03.2020;428,50;428,50;428,50;428,50;Pkt.;0
13.03.2020;451,09;451,09;451,09;451,09;Pkt.;0
16.03.2020;409,88;409,88;409,88;409,88;Pkt.;0
17.03.2020;424,21;424,21;424,21;424,21;Pkt.;0
18.03.2020;402,73;402,73;402,73;402,73;Pkt.;0
19.03.2020;403,95;403,95;403,95;403,95;Pkt.;0
20.03.2020;397,12;397,12;397,12;397,12;Pkt.;0
23.03.2020;384,04;384,04;384,04;384,04;Pkt.;0
24.03.2020;416,28;416,28;416,28;416,28;Pkt.;0
25.03.2020;427,57;427,57;427,57;427,57;Pkt.;0
26.03.2020;447,31;447,31;447,31;447,31;Pkt.;0
27.03.2020;436,60;436,60;436,60;436,60;Pkt.;0
30.03.2020;445,04;445,04;445,04;445,04;Pkt.;0
31.03.2020;442,35;442,35;442,35;442,35;Pkt.;0
01.04.2020;426,00;426,00;426,00;426,00;Pkt.;0
02.04.2020;431,29;431,29;431,29;431,29;Pkt.;0
03.04.2020;425,35;425,35;425,35;425,35;Pkt.;0
06.04.2020;448,72;448,72;448,72;448,72;Pkt.;0
07.04.2020;453,09;453,09;453,09;453,09;Pkt.;0
08.04.2020;462,28;462,28;462,28;462,28;Pkt.;0
09.04.2020;469,57;469,57;469,57;469,57;Pkt.;0
13.04.2020;466,37;466,37;466,37;466,37;Pkt.;0
14.04.2020;477,70;477,70;477,70;477,70;Pkt.;0
15.04.2020;467,40;467,40;467,40;467,40;Pkt.;0
16.04.2020;468,06;468,06;468,06;468,06;Pkt.;0
17.04.2020;480,27;480,27;480,27;480,27;Pkt.;0
20.04.2020;475,21;475,21;475,21;475,21;Pkt.;0
21.04.2020;460,91;460,91;460,91;460,91;Pkt.;0
22.04.2020;469,13;469,13;469,13;469,13;Pkt.;0
23.04.2020;470,61;470,61;470,61;470,61;Pkt.;0
24.04.2020;472,62;472,62;472,62;472,62;Pkt.;0
27.04.2020;480,94;480,94;480,94;480,94;Pkt.;0
28.04.2020;481,58;481,58;481,58;481,58;Pkt.;0
29.04.2020;492,60;492,60;492,60;492,60;Pkt.;0
30.04.2020;489,17;489,17;489,17;489,17;Pkt.;0
01.05.2020;478,56;478,56;478,56;478,56;Pkt.;0
04.05.2020;475,28;475,28;475,28;475,28;Pkt.;0
05.05.2020;480,04;480,04;480,04;480,04;Pkt.;0
06.05.2020;478,02;478,02;478,02;478,02;Pkt.;0
07.05.2020;481,80;481,80;481,80;481,80;Pkt.;0
08.05.2020;490,24;490,24;490,24;490,24;Pkt.;0
11.05.2020;490,25;490,25;490,25;490,25;Pkt.;0
12.05.2020;484,24;484,24;484,24;484,24;Pkt.;0
13.05.2020;476,77;476,77;476,77;476,77;Pkt.;0
14.05.2020;476,54;476,54;476,54;476,54;Pkt.;0
15.05.2020;478,35;478,35;478,35;478,35;Pkt.;0
18.05.2020;491,79;491,79;491,79;491,79;Pkt.;0
19.05.2020;490,98;490,98;490,98;490,98;Pkt.;0
20.05.2020;497,81;497,81;497,81;497,81;Pkt.;0
21.05.2020;493,95;493,95;493,95;493,95;Pkt.;0
22.05.2020;491,94;491,94;491,94;491,94;Pkt.;0
26.05.2020;502,18;502,18;502,18;502,18;Pkt.;0
27.05.2020;506,98;506,98;506,98;506,98;Pkt.;0
28.05.2020;509,25;509,25;509,25;509,25;Pkt.;0
29.05.2020;509,47;509,47;509,47;509,47;Pkt.;0
01.06.2020;514,18;514,18;514,18;514,18;Pkt.;0
02.06.2020;520,06;520,06;520,06;520,06;Pkt.;0
03.06.2020;528,80;528,80;528,80;528,80;Pkt.;0
04.06.2020;528,01;528,01;528,01;528,01;Pkt.;0
05.06.2020;539,00;539,00;539,00;539,00;Pkt.;0
08.06.2020;543,77;543,77;543,77;543,77;Pkt.;0
09.06.2020;541,23;541,23;541,23;541,23;Pkt.;0
10.06.2020;539,76;539,76;539,76;539,76;Pkt.;0
11.06.2020;514,89;514,89;514,89;514,89;Pkt.;0
12.06.2020;516,57;516,57;516,57;516,57;Pkt.;0
15.06.2020;516,71;516,71;516,71;516,71;Pkt.;0
16.06.2020;528,20;528,20;528,20;528,20;Pkt.;0
17.06.2020;528,25;528,25;528,25;528,25;Pkt.;0
18.06.2020;527,81;527,81;527,81;527,81;Pkt.;0
19.06.2020;526,81;526,81;526,81;526,81;Pkt.;0
22.06.2020;528,59;528,59;528,59;528,59;Pkt.;0
23.06.2020;533,33;533,33;533,33;533,33;Pkt.;0
24.06.2020;521,38;521,38;521,38;521,38;Pkt.;0
25.06.2020;523,75;523,75;523,75;523,75;Pkt.;0
26.06.2020;515,81;515,81;515,81;515,81;Pkt.;0
29.06.2020;519,53;519,53;519,53;519,53;Pkt.;0
30.06.2020;524,91;524,91;524,91;524,91;Pkt.;0
01.07.2020;527,28;527,28;527,28;527,28;Pkt.;0
02.07.2020;532,14;532,14;532,14;532,14;Pkt.;0
06.07.2020;542,19;542,19;542,19;542,19;Pkt.;0
07.07.2020;537,26;537,26;537,26;537,26;Pkt.;0
08.07.2020;540,37;540,37;540,37;540,37;Pkt.;0
09.07.2020;538,49;538,49;538,49;538,49;Pkt.;0
10.07.2020;541,77;541,77;541,77;541,77;Pkt.;0
13.07.2020;540,68;540,68;540,68;540,68;Pkt.;0
14.07.2020;543,47;543,47;543,47;543,47;Pkt.;0
15.07.2020;549,79;549,79;549,79;549,79;Pkt.;0
16.07.2020;546,40;546,40;546,40;546,40;Pkt.;0
17.07.2020;548,05;548,05;548,05;548,05;Pkt.;0
20.07.2020;552,64;552,64;552,64;552,64;Pkt.;0
21.07.2020;555,81;555,81;555,81;555,81;Pkt.;0
22.07.2020;556,59;556,59;556,59;556,59;Pkt.;0
23.07.2020;552,47;552,47;552,47;552,47;Pkt.;0
24.07.2020;547,90;547,90;547,90;547,90;Pkt.;0
27.07.2020;552,91;552,91;552,91;552,91;Pkt.;0
28.07.2020;551,03;551,03;551,03;551,03;Pkt.;0
29.07.2020;555,47;555,47;555,47;555,47;Pkt.;0
30.07.2020;551,89;551,89;551,89;551,89;Pkt.;0
31.07.2020;551,89;551,89;551,89;551,89;Pkt.;0
03.08.2020;555,83;555,83;555,83;555,83;Pkt.;0
04.08.2020;559,25;559,25;559,25;559,25;Pkt.;0
05.08.2020;564,11;564,11;564,11;564,11;Pkt.;0
06.08.2020;565,17;565,17;565,17;565,17;Pkt.;0
07.08.2020;563,24;563,24;563,24;563,24;Pkt.;0
10.08.2020;564,08;564,08;564,08;564,08;Pkt.;0
11.08.2020;564,09;564,09;564,09;564,09;Pkt.;0
12.08.2020;571,04;571,04;571,04;571,04;Pkt.;0
13.08.2020;570,82;570,82;570,82;570,82;Pkt.;0
14.08.2020;569,40;569,40;569,40;569,40;Pkt.;0
17.08.2020;571,88;571,88;571,88;571,88;Pkt.;0
18.08.2020;573,33;573,33;573,33;573,33;Pkt.;0
19.08.2020;571,95;571,95;571,95;571,95;Pkt.;0
20.08.2020;569,62;569,62;569,62;569,62;Pkt.;0
21.08.2020;570,97;570,97;570,97;570,97;Pkt.;0
24.08.2020;577,24;577,24;577,24;577,24;Pkt.;0
25.08.2020;578,90;578,90;578,90;578,90;Pkt.;0
26.08.2020;584,03;584,03;584,03;584,03;Pkt.;0
27.08.2020;583,21;583,21;583,21;583,21;Pkt.;0
28.08.2020;586,44;586,44;586,44;586,44;Pkt.;0
31.08.2020;584,86;584,86;584,86;584,86;Pkt.;0
01.09.2020;588,52;588,52;588,52;588,52;Pkt.;0
02.09.2020;594,06;594,06;594,06;594,06;Pkt.;0
03.09.2020;579,12;579,12;579,12;579,12;Pkt.;0
04.09.2020;573,04;573,04;573,04;573,04;Pkt.;0
08.09.2020;562,82;562,82;562,82;562,82;Pkt.;0
09.09.2020;570,93;570,93;570,93;570,93;Pkt.;0
10.09.2020;565,47;565,47;565,47;565,47;Pkt.;0
11.09.2020;565,96;565,96;565,96;565,96;Pkt.;0
14.09.2020;572,68;572,68;572,68;572,68;Pkt.;0
15.09.2020;575,64;575,64;575,64;575,64;Pkt.;0
16.09.2020;574,99;574,99;574,99;574,99;Pkt.;0
17.09.2020;570,16;570,16;570,16;570,16;Pkt.;0
18.09.2020;567,02;567,02;567,02;567,02;Pkt.;0
21.09.2020;557,79;557,79;557,79;557,79;Pkt.;0
22.09.2020;560,21;560,21;560,21;560,21;Pkt.;0
23.09.2020;551,97;551,97;551,97;551,97;Pkt.;0
24.09.2020;549,57;549,57;549,57;549,57;Pkt.;0
25.09.2020;555,21;555,21;555,21;555,21;Pkt.;0
28.09.2020;564,18;564,18;564,18;564,18;Pkt.;0
29.09.2020;562,70;562,70;562,70;562,70;Pkt.;0
30.09.2020;565,15;565,15;565,15;565,15;Pkt.;0
01.10.2020;568,00;568,00;568,00;568,00;Pkt.;0
02.10.2020;564,11;564,11;564,11;564,11;Pkt.;0
05.10.2020;573,33;573,33;573,33;573,33;Pkt.;0
06.10.2020;569,67;569,67;569,67;569,67;Pkt.;0
07.10.2020;575,64;575,64;575,64;575,64;Pkt.;0
08.10.2020;580,01;580,01;580,01;580,01;Pkt.;0
09.10.2020;584,60;584,60;584,60;584,60;Pkt.;0
12.10.2020;591,86;591,86;591,86;591,86;Pkt.;0
13.10.2020;588,94;588,94;588,94;588,94;Pkt.;0
14.10.2020;586,68;586,68;586,68;586,68;Pkt.;0
15.10.2020;582,00;582,00;582,00;582,00;Pkt.;0
16.10.2020;583,11;583,11;583,11;583,11;Pkt.;0
19.10.2020;578,63;578,63;578,63;578,63;Pkt.;0
20.10.2020;580,11;580,11;580,11;580,11;Pkt.;0
21.10.2020;579,35;579,35;579,35;579,35;Pkt.;0
22.10.2020;579,92;579,92;579,92;579,92;Pkt.;0
23.10.2020;581,91;581,91;581,91;581,91;Pkt.;0
26.10.2020;573,07;573,07;573,07;573,07;Pkt.;0
27.10.2020;571,53;571,53;571,53;571,53;Pkt.;0
30.10.2020;551,00;551,00;551,00;551,00;Pkt.;0
02.11.2020;557,84;557,84;557,84;557,84;Pkt.;0
03.11.2020;568,09;568,09;568,09;568,09;Pkt.;0
04.11.2020;578,92;578,92;578,92;578,92;Pkt.;0
05.11.2020;591,38;591,38;591,38;591,38;Pkt.;0
06.11.2020;592,76;592,76;592,76;592,76;Pkt.;0
09.11.2020;600,49;600,49;600,49;600,49;Pkt.;0
10.11.2020;600,74;600,74;600,74;600,74;Pkt.;0
11.11.2020;605,09;605,09;605,09;605,09;Pkt.;0
12.11.2020;601,32;601,32;601,32;601,32;Pkt.;0
13.11.2020;605,92;605,92;605,92;605,92;Pkt.;0
16.11.2020;613,61;613,61;613,61;613,61;Pkt.;0
17.11.2020;612,86;612,86;612,86;612,86;Pkt.;0
18.11.2020;610,11;610,11;610,11;610,11;Pkt.;0
19.11.2020;610,27;610,27;610,27;610,27;Pkt.;0
20.11.2020;609,52;609,52;609,52;609,52;Pkt.;0
23.11.2020;611,69;611,69;611,69;611,69;Pkt.;0
24.11.2020;620,47;620,47;620,47;620,47;Pkt.;0
25.11.2020;620,49;620,49;620,49;620,49;Pkt.;0
27.11.2020;623,76;623,76;623,76;623,76;Pkt.;0
30.11.2020;618,27;618,27;618,27;618,27;Pkt.;0
01.12.2020;624,91;624,91;624,91;624,91;Pkt.;0
02.12.2020;626,25;626,25;626,25;626,25;Pkt.;0
03.12.2020;628,50;628,50;628,50;628,50;Pkt.;0
04.12.2020;633,10;633,10;633,10;633,10;Pkt.;0
07.12.2020;632,47;632,47;632,47;632,47;Pkt.;0
08.12.2020;633,81;633,81;633,81;633,81;Pkt.;0
09.12.2020;630,89;630,89;630,89;630,89;Pkt.;0
10.12.2020;631,05;631,05;631,05;631,05;Pkt.;0
11.12.2020;629,83;629,83;629,83;629,83;Pkt.;0
14.12.2020;628,84;628,84;628,84;628,84;Pkt.;0
15.12.2020;633,89;633,89;633,89;633,89;Pkt.;0
16.12.2020;637,10;637,10;637,10;637,10;Pkt.;0
17.12.2020;641,89;641,89;641,89;641,89;Pkt.;0
18.12.2020;639,80;639,80;639,80;639,80;Pkt.;0
21.12.2020;634,60;634,60;634,60;634,60;Pkt.;0
22.12.2020;633,65;633,65;633,65;633,65;Pkt.;0
23.12.2020;636,01;636,01;636,01;636,01;Pkt.;0
24.12.2020;637,30;637,30;637,30;637,30;Pkt.;0
28.12.2020;640,92;640,92;640,92;640,92;Pkt.;0
29.12.2020;643,00;643,00;643,00;643,00;Pkt.;0
30.12.2020;645,29;645,29;645,29;645,29;Pkt.;0
31.12.2020;646,27;646,27;646,27;646,27;Pkt.;0
04.01.2021;642,98;642,98;642,98;642,98;Pkt.;0
05.01.2021;646,96;646,96;646,96;646,96;Pkt.;0
06.01.2021;649,85;649,85;649,85;649,85;Pkt.;0
07.01.2021;657,53;657,53;657,53;657,53;Pkt.;0
08.01.2021;663,59;663,59;663,59;663,59;Pkt.;0
11.01.2021;658,48;658,48;658,48;658,48;Pkt.;0
12.01.2021;659,65;659,65;659,65;659,65;Pkt.;0
13.01.2021;661,49;661,49;661,49;661,49;Pkt.;0
14.01.2021;661,56;661,56;661,56;661,56;Pkt.;0
15.01.2021;655,86;655,86;655,86;655,86;Pkt.;0
19.01.2021;661,09;661,09;661,09;661,09;Pkt.;0
20.01.2021;668,44;668,44;668,44;668,44;Pkt.;0
21.01.2021;669,62;669,62;669,62;669,62;Pkt.;0
22.01.2021;666,69;666,69;666,69;666,69;Pkt.;0
25.01.2021;668,08;668,08;668,08;668,08;Pkt.;0
26.01.2021;666,09;666,09;666,09;666,09;Pkt.;0
27.01.2021;652,50;652,50;652,50;652,50;Pkt.;0
28.01.2021;654,50;654,50;654,50;654,50;Pkt.;0
29.01.2021;642,91;642,91;642,91;642,91;Pkt.;0
01.02.2021;652,54;652,54;652,54;652,54;Pkt.;0
02.02.2021;660,97;660,97;660,97;660,97;Pkt.;0
03.02.2021;662,97;662,97;662,97;662,97;Pkt.;0
04.02.2021;666,76;666,76;666,76;666,76;Pkt.;0
05.02.2021;670,56;670,56;670,56;670,56;Pkt.;0
08.02.2021;675,53;675,53;675,53;675,53;Pkt.;0
09.02.2021;676,71;676,71;676,71;676,71;Pkt.;0
10.02.2021;678,06;678,06;678,06;678,06;Pkt.;0
11.02.2021;679,74;679,74;679,74;679,74;Pkt.;0
12.02.2021;682,24;682,24;682,24;682,24;Pkt.;0
16.02.2021;685,06;685,06;685,06;685,06;Pkt.;0
17.02.2021;682,70;682,70;682,70;682,70;Pkt.;0
18.02.2021;678,67;678,67;678,67;678,67;Pkt.;0
19.02.2021;679,74;679,74;679,74;679,74;Pkt.;0
22.02.2021;673,77;673,77;673,77;673,77;Pkt.;0
23.02.2021;674,03;674,03;674,03;674,03;Pkt.;0
24.02.2021;675,37;675,37;675,37;675,37;Pkt.;0
25.02.2021;667,05;667,05;667,05;667,05;Pkt.;0
26.02.2021;657,15;657,15;657,15;657,15;Pkt.;0
01.03.2021;670,52;670,52;670,52;670,52;Pkt.;0
02.03.2021;667,11;667,11;667,11;667,11;Pkt.;0
03.03.2021;662,80;662,80;662,80;662,80;Pkt.;0
04.03.2021;653,36;653,36;653,36;653,36;Pkt.;0
05.03.2021;657,49;657,49;657,49;657,49;Pkt.;0
08.03.2021;654,19;654,19;654,19;654,19;Pkt.;0
09.03.2021;662,99;662,99;662,99;662,99;Pkt.;0
10.03.2021;666,28;666,28;666,28;666,28;Pkt.;0
11.03.2021;674,86;674,86;674,86;674,86;Pkt.;0
12.03.2021;674,47;674,47;674,47;674,47;Pkt.;0
15.03.2021;676,99;676,99;676,99;676,99;Pkt.;0
16.03.2021;677,96;677,96;677,96;677,96;Pkt.;0
17.03.2021;678,19;678,19;678,19;678,19;Pkt.;0
18.03.2021;673,38;673,38;673,38;673,38;Pkt.;0
19.03.2021;671,41;671,41;671,41;671,41;Pkt.;0
22.03.2021;674,18;674,18;674,18;674,18;Pkt.;0
23.03.2021;668,84;668,84;668,84;668,84;Pkt.;0
24.03.2021;662,83;662,83;662,83;662,83;Pkt.;0
25.03.2021;663,79;663,79;663,79;663,79;Pkt.;0
26.03.2021;673,35;673,35;673,35;673,35;Pkt.;0
29.03.2021;672,83;672,83;672,83;672,83;Pkt.;0
30.03.2021;672,12;672,12;672,12;672,12;Pkt.;0
31.03.2021;673,29;673,29;673,29;673,29;Pkt.;0
01.04.2021;680,47;680,47;680,47;680,47;Pkt.;0
05.04.2021;687,54;687,54;687,54;687,54;Pkt.;0
06.04.2021;688,76;688,76;688,76;688,76;Pkt.;0
07.04.2021;689,24;689,24;689,24;689,24;Pkt.;0
08.04.2021;692,56;692,56;692,56;692,56;Pkt.;0
09.04.2021;694,71;694,71;694,71;694,71;Pkt.;0
12.04.2021;693,58;693,58;693,58;693,58;Pkt.;0
13.04.2021;695,97;695,97;695,97;695,97;Pkt.;0
14.04.2021;695,84;695,84;695,84;695,84;Pkt.;0
15.04.2021;702,02;702,02;702,02;702,02;Pkt.;0
16.04.2021;704,94;704,94;704,94;704,94;Pkt.;0
19.04.2021;702,99;702,99;702,99;702,99;Pkt.;0
20.04.2021;697,04;697,04;697,04;697,04;Pkt.;0
21.04.2021;699,91;699,91;699,91;699,91;Pkt.;0
22.04.2021;698,33;698,33;698,33;698,33;Pkt.;0
23.04.2021;703,72;703,72;703,72;703,72;Pkt.;0
26.04.2021;706,32;706,32;706,32;706,32;Pkt.;0
27.04.2021;705,54;705,54;705,54;705,54;Pkt.;0
28.04.2021;705,72;705,72;705,72;705,72;Pkt.;0
29.04.2021;708,07;708,07;708,07;708,07;Pkt.;0
30.04.2021;701,83;701,83;701,83;701,83;Pkt.;0
03.05.2021;703,31;703,31;703,31;703,31;Pkt.;0
04.05.2021;697,60;697,60;697,60;697,60;Pkt.;0
05.05.2021;699,63;699,63;699,63;699,63;Pkt.;0
06.05.2021;704,14;704,14;704,14;704,14;Pkt.;0
07.05.2021;710,36;710,36;710,36;710,36;Pkt.;0
10.05.2021;706,50;706,50;706,50;706,50;Pkt.;0
11.05.2021;698,42;698,42;698,42;698,42;Pkt.;0
12.05.2021;686,77;686,77;686,77;686,77;Pkt.;0
13.05.2021;688,54;688,54;688,54;688,54;Pkt.;0
14.05.2021;699,13;699,13;699,13;699,13;Pkt.;0
17.05.2021;698,47;698,47;698,47;698,47;Pkt.;0
18.05.2021;698,77;698,77;698,77;698,77;Pkt.;0
19.05.2021;694,70;694,70;694,70;694,70;Pkt.;0
20.05.2021;701,33;701,33;701,33;701,33;Pkt.;0
21.05.2021;701,57;701,57;701,57;701,57;Pkt.;0
24.05.2021;706,20;706,20;706,20;706,20;Pkt.;0
25.05.2021;707,26;707,26;707,26;707,26;Pkt.;0
26.05.2021;708,52;708,52;708,52;708,52;Pkt.;0
27.05.2021;708,92;708,92;708,92;708,92;Pkt.;0
28.05.2021;711,15;711,15;711,15;711,15;Pkt.;0
01.06.2021;713,76;713,76;713,76;713,76;Pkt.;0
02.06.2021;714,42;714,42;714,42;714,42;Pkt.;0
03.06.2021;711,36;711,36;711,36;711,36;Pkt.;0
04.06.2021;716,31;716,31;716,31;716,31;Pkt.;0
07.06.2021;717,00;717,00;717,00;717,00;Pkt.;0
08.06.2021;716,96;716,96;716,96;716,96;Pkt.;0
09.06.2021;715,57;715,57;715,57;715,57;Pkt.;0
10.06.2021;718,23;718,23;718,23;718,23;Pkt.;0
11.06.2021;719,52;719,52;719,52;719,52;Pkt.;0
14.06.2021;721,10;721,10;721,10;721,10;Pkt.;0
15.06.2021;720,23;720,23;720,23;720,23;Pkt.;0
16.06.2021;717,84;717,84;717,84;717,84;Pkt.;0
17.06.2021;714,87;714,87;714,87;714,87;Pkt.;0
18.06.2021;705,97;705,97;705,97;705,97;Pkt.;0
21.06.2021;711,04;711,04;711,04;711,04;Pkt.;0
22.06.2021;714,75;714,75;714,75;714,75;Pkt.;0
23.06.2021;715,02;715,02;715,02;715,02;Pkt.;0
24.06.2021;718,68;718,68;718,68;718,68;Pkt.;0
25.06.2021;721,91;721,91;721,91;721,91;Pkt.;0
28.06.2021;722,06;722,06;722,06;722,06;Pkt.;0
29.06.2021;721,64;721,64;721,64;721,64;Pkt.;0
30.06.2021;719,97;719,97;719,97;719,97;Pkt.;0
01.07.2021;721,82;721,82;721,82;721,82;Pkt.;0
02.07.2021;724,66;724,66;724,66;724,66;Pkt.;0
06.07.2021;723,35;723,35;723,35;723,35;Pkt.;0
07.07.2021;724,41;724,41;724,41;724,41;Pkt.;0
08.07.2021;717,06;717,06;717,06;717,06;Pkt.;0
09.07.2021;723,60;723,60;723,60;723,60;Pkt.;0
12.07.2021;727,33;727,33;727,33;727,33;Pkt.;0
13.07.2021;726,33;726,33;726,33;726,33;Pkt.;0
14.07.2021;726,09;726,09;726,09;726,09;Pkt.;0
15.07.2021;723,66;723,66;723,66;723,66;Pkt.;0
16.07.2021;719,17;719,17;719,17;719,17;Pkt.;0
19.07.2021;707,42;707,42;707,42;707,42;Pkt.;0
20.07.2021;713,30;713,30;713,30;713,30;Pkt.;0
21.07.2021;719,78;719,78;719,78;719,78;Pkt.;0
22.07.2021;722,80;722,80;722,80;722,80;Pkt.;0
23.07.2021;727,13;727,13;727,13;727,13;Pkt.;0
26.07.2021;726,67;726,67;726,67;726,67;Pkt.;0
27.07.2021;722,41;722,41;722,41;722,41;Pkt.;0
28.07.2021;723,61;723,61;723,61;723,61;Pkt.;0
29.07.2021;729,68;729,68;729,68;729,68;Pkt.;0
30.07.2021;724,21;724,21;724,21;724,21;Pkt.;0
02.08.2021;726,88;726,88;726,88;726,88;Pkt.;0
03.08.2021;730,15;730,15;730,15;730,15;Pkt.;0
04.08.2021;729,43;729,43;729,43;729,43;Pkt.;0
05.08.2021;732,57;732,57;732,57;732,57;Pkt.;0
06.08.2021;731,19;731,19;731,19;731,19;Pkt.;0
09.08.2021;731,10;731,10;731,10;731,10;Pkt.;0
10.08.2021;732,02;732,02;732,02;732,02;Pkt.;0
11.08.2021;734,01;734,01;734,01;734,01;Pkt.;0
12.08.2021;734,75;734,75;734,75;734,75;Pkt.;0
13.08.2021;736,02;736,02;736,02;736,02;Pkt.;0
16.08.2021;734,78;734,78;734,78;734,78;Pkt.;0
17.08.2021;729,13;729,13;729,13;729,13;Pkt.;0
18.08.2021;724,93;724,93;724,93;724,93;Pkt.;0
19.08.2021;719,88;719,88;719,88;719,88;Pkt.;0
20.08.2021;722,58;722,58;722,58;722,58;Pkt.;0
23.08.2021;730,48;730,48;730,48;730,48;Pkt.;0
24.08.2021;734,64;734,64;734,64;734,64;Pkt.;0
25.08.2021;735,79;735,79;735,79;735,79;Pkt.;0
26.08.2021;731,94;731,94;731,94;731,94;Pkt.;0
27.08.2021;737,24;737,24;737,24;737,24;Pkt.;0
30.08.2021;740,79;740,79;740,79;740,79;Pkt.;0
31.08.2021;741,27;741,27;741,27;741,27;Pkt.;0
01.09.2021;743,67;743,67;743,67;743,67;Pkt.;0
02.09.2021;745,67;745,67;745,67;745,67;Pkt.;0
03.09.2021;746,46;746,46;746,46;746,46;Pkt.;0
07.09.2021;746,07;746,07;746,07;746,07;Pkt.;0
08.09.2021;742,77;742,77;742,77;742,77;Pkt.;0
09.09.2021;739,58;739,58;739,58;739,58;Pkt.;0
10.09.2021;737,28;737,28;737,28;737,28;Pkt.;0
13.09.2021;737,62;737,62;737,62;737,62;Pkt.;0
14.09.2021;735,17;735,17;735,17;735,17;Pkt.;0
15.09.2021;737,08;737,08;737,08;737,08;Pkt.;0
16.09.2021;735,21;735,21;735,21;735,21;Pkt.;0
17.09.2021;729,99;729,99;729,99;729,99;Pkt.;0
20.09.2021;718,09;718,09;718,09;718,09;Pkt.;0
21.09.2021;719,02;719,02;719,02;719,02;Pkt.;0
22.09.2021;724,24;724,24;724,24;724,24;Pkt.;0
23.09.2021;731,56;731,56;731,56;731,56;Pkt.;0
24.09.2021;730,46;730,46;730,46;730,46;Pkt.;0
27.09.2021;728,96;728,96;728,96;728,96;Pkt.;0
28.09.2021;715,46;715,46;715,46;715,46;Pkt.;0
29.09.2021;713,99;713,99;713,99;713,99;Pkt.;0
30.09.2021;709,51;709,51;709,51;709,51;Pkt.;0
01.10.2021;712,44;712,44;712,44;712,44;Pkt.;0
04.10.2021;705,53;705,53;705,53;705,53;Pkt.;0
05.10.2021;710,38;710,38;710,38;710,38;Pkt.;0
06.10.2021;709,69;709,69;709,69;709,69;Pkt.;0
07.10.2021;717,83;717,83;717,83;717,83;Pkt.;0
08.10.2021;717,50;717,50;717,50;717,50;Pkt.;0
11.10.2021;715,55;715,55;715,55;715,55;Pkt.;0
12.10.2021;713,31;713,31;713,31;713,31;Pkt.;0
13.10.2021;716,73;716,73;716,73;716,73;Pkt.;0
14.10.2021;726,63;726,63;726,63;726,63;Pkt.;0
15.10.2021;732,95;732,95;732,95;732,95;Pkt.;0
18.10.2021;733,85;733,85;733,85;733,85;Pkt.;0
19.10.2021;739,24;739,24;739,24;739,24;Pkt.;0
20.10.2021;742,08;742,08;742,08;742,08;Pkt.;0
21.10.2021;742,49;742,49;742,49;742,49;Pkt.;0
22.10.2021;742,26;742,26;742,26;742,26;Pkt.;0
25.10.2021;744,35;744,35;744,35;744,35;Pkt.;0
26.10.2021;745,84;745,84;745,84;745,84;Pkt.;0
27.10.2021;741,75;741,75;741,75;741,75;Pkt.;0
28.10.2021;746,98;746,98;746,98;746,98;Pkt.;0
29.10.2021;745,23;745,23;745,23;745,23;Pkt.;0
01.11.2021;748,50;748,50;748,50;748,50;Pkt.;0
02.11.2021;749,53;749,53;749,53;749,53;Pkt.;0
03.11.2021;752,89;752,89;752,89;752,89;Pkt.;0
04.11.2021;755,85;755,85;755,85;755,85;Pkt.;0
05.11.2021;757,13;757,13;757,13;757,13;Pkt.;0
08.11.2021;758,57;758,57;758,57;758,57;Pkt.;0
09.11.2021;756,81;756,81;756,81;756,81;Pkt.;0
10.11.2021;751,46;751,46;751,46;751,46;Pkt.;0
11.11.2021;752,02;752,02;752,02;752,02;Pkt.;0
12.11.2021;756,83;756,83;756,83;756,83;Pkt.;0
15.11.2021;757,47;757,47;757,47;757,47;Pkt.;0
16.11.2021;758,86;758,86;758,86;758,86;Pkt.;0
17.11.2021;756,35;756,35;756,35;756,35;Pkt.;0
18.11.2021;756,58;756,58;756,58;756,58;Pkt.;0
19.11.2021;754,92;754,92;754,92;754,92;Pkt.;0
22.11.2021;750,57;750,57;750,57;750,57;Pkt.;0
23.11.2021;749,20;749,20;749,20;749,20;Pkt.;0
24.11.2021;749,30;749,30;749,30;749,30;Pkt.;0
26.11.2021;733,53;733,53;733,53;733,53;Pkt.;0
29.11.2021;738,18;738,18;738,18;738,18;Pkt.;0
30.11.2021;726,53;726,53;726,53;726,53;Pkt.;0
01.12.2021;724,65;724,65;724,65;724,65;Pkt.;0
02.12.2021;730,11;730,11;730,11;730,11;Pkt.;0
03.12.2021;724,18;724,18;724,18;724,18;Pkt.;0
06.12.2021;729,85;729,85;729,85;729,85;Pkt.;0
07.12.2021;745,21;745,21;745,21;745,21;Pkt.;0
08.12.2021;748,11;748,11;748,11;748,11;Pkt.;0
09.12.2021;743,62;743,62;743,62;743,62;Pkt.;0
10.12.2021;746,26;746,26;746,26;746,26;Pkt.;0
13.12.2021;740,27;740,27;740,27;740,27;Pkt.;0
14.12.2021;734,72;734,72;734,72;734,72;Pkt.;0
15.12.2021;741,88;741,88;741,88;741,88;Pkt.;0
16.12.2021;740,91;740,91;740,91;740,91;Pkt.;0
17.12.2021;734,67;734,67;734,67;734,67;Pkt.;0
20.12.2021;724,73;724,73;724,73;724,73;Pkt.;0
21.12.2021;736,41;736,41;736,41;736,41;Pkt.;0
22.12.2021;743,33;743,33;743,33;743,33;Pkt.;0
23.12.2021;748,66;748,66;748,66;748,66;Pkt.;0
27.12.2021;755,37;755,37;755,37;755,37;Pkt.;0
28.12.2021;756,06;756,06;756,06;756,06;Pkt.;0
29.12.2021;756,40;756,40;756,40;756,40;Pkt.;0
30.12.2021;755,30;755,30;755,30;755,30;Pkt.;0
31.12.2021;754,83;754,83;754,83;754,83;Pkt.;0
03.01.2022;756,94;756,94;756,94;756,94;Pkt.;0
04.01.2022;758,43;758,43;758,43;758,43;Pkt.;0
05.01.2022;748,24;748,24;748,24;748,24;Pkt.;0
06.01.2022;744,03;744,03;744,03;744,03;Pkt.;0
07.01.2022;743,18;743,18;743,18;743,18;Pkt.;0
10.01.2022;741,24;741,24;741,24;741,24;Pkt.;0
11.01.2022;747,63;747,63;747,63;747,63;Pkt.;0
12.01.2022;753,61;753,61;753,61;753,61;Pkt.;0
13.01.2022;746,67;746,67;746,67;746,67;Pkt.;0
14.01.2022;744,41;744,41;744,41;744,41;Pkt.;0
18.01.2022;733,18;733,18;733,18;733,18;Pkt.;0
19.01.2022;727,75;727,75;727,75;727,75;Pkt.;0
20.01.2022;725,44;725,44;725,44;725,44;Pkt.;0
21.01.2022;712,80;712,80;712,80;712,80;Pkt.;0
24.01.2022;707,23;707,23;707,23;707,23;Pkt.;0
25.01.2022;700,19;700,19;700,19;700,19;Pkt.;0
26.01.2022;701,14;701,14;701,14;701,14;Pkt.;0
27.01.2022;694,75;694,75;694,75;694,75;Pkt.;0
28.01.2022;705,12;705,12;705,12;705,12;Pkt.;0
31.01.2022;717,38;717,38;717,38;717,38;Pkt.;0
01.02.2022;723,49;723,49;723,49;723,49;Pkt.;0
02.02.2022;729,08;729,08;729,08;729,08;Pkt.;0
03.02.2022;716,16;716,16;716,16;716,16;Pkt.;0
04.02.2022;718,76;718,76;718,76;718,76;Pkt.;0
07.02.2022;718,22;718,22;718,22;718,22;Pkt.;0
08.02.2022;721,92;721,92;721,92;721,92;Pkt.;0
09.02.2022;733,20;733,20;733,20;733,20;Pkt.;0
10.02.2022;726,32;726,32;726,32;726,32;Pkt.;0
11.02.2022;715,47;715,47;715,47;715,47;Pkt.;0
14.02.2022;708,34;708,34;708,34;708,34;Pkt.;0
15.02.2022;717,81;717,81;717,81;717,81;Pkt.;0
16.02.2022;720,10;720,10;720,10;720,10;Pkt.;0
17.02.2022;709,39;709,39;709,39;709,39;Pkt.;0
18.02.2022;703,34;703,34;703,34;703,34;Pkt.;0
22.02.2022;694,57;694,57;694,57;694,57;Pkt.;0
23.02.2022;686,23;686,23;686,23;686,23;Pkt.;0
24.02.2022;681,96;681,96;681,96;681,96;Pkt.;0
25.02.2022;698,53;698,53;698,53;698,53;Pkt.;0
28.02.2022;698,02;698,02;698,02;698,02;Pkt.;0
01.03.2022;688,59;688,59;688,59;688,59;Pkt.;0
02.03.2022;694,98;694,98;694,98;694,98;Pkt.;0
03.03.2022;690,75;690,75;690,75;690,75;Pkt.;0
04.03.2022;679,32;679,32;679,32;679,32;Pkt.;0
07.03.2022;660,77;660,77;660,77;660,77;Pkt.;0
08.03.2022;655,47;655,47;655,47;655,47;Pkt.;0
09.03.2022;672,53;672,53;672,53;672,53;Pkt.;0
10.03.2022;671,23;671,23;671,23;671,23;Pkt.;0
11.03.2022;663,53;663,53;663,53;663,53;Pkt.;0
14.03.2022;658,61;658,61;658,61;658,61;Pkt.;0
15.03.2022;664,83;664,83;664,83;664,83;Pkt.;0
16.03.2022;683,17;683,17;683,17;683,17;Pkt.;0
17.03.2022;695,25;695,25;695,25;695,25;Pkt.;0
18.03.2022;701,46;701,46;701,46;701,46;Pkt.;0
21.03.2022;700,82;700,82;700,82;700,82;Pkt.;0
22.03.2022;708,21;708,21;708,21;708,21;Pkt.;0
23.03.2022;703,14;703,14;703,14;703,14;Pkt.;0
24.03.2022;708,82;708,82;708,82;708,82;Pkt.;0
25.03.2022;709,58;709,58;709,58;709,58;Pkt.;0
28.03.2022;712,16;712,16;712,16;712,16;Pkt.;0
29.03.2022;723,16;723,16;723,16;723,16;Pkt.;0
30.03.2022;721,11;721,11;721,11;721,11;Pkt.;0
31.03.2022;711,56;711,56;711,56;711,56;Pkt.;0
01.04.2022;712,67;712,67;712,67;712,67;Pkt.;0
04.04.2022;718,80;718,80;718,80;718,80;Pkt.;0
05.04.2022;711,83;711,83;711,83;711,83;Pkt.;0
06.04.2022;703,14;703,14;703,14;703,14;Pkt.;0
07.04.2022;702,39;702,39;702,39;702,39;Pkt.;0
08.04.2022;702,13;702,13;702,13;702,13;Pkt.;0
11.04.2022;692,77;692,77;692,77;692,77;Pkt.;0
12.04.2022;690,06;690,06;690,06;690,06;Pkt.;0
13.04.2022;695,91;695,91;695,91;695,91;Pkt.;0
14.04.2022;690,71;690,71;690,71;690,71;Pkt.;0
18.04.2022;688,63;688,63;688,63;688,63;Pkt.;0
19.04.2022;694,23;694,23;694,23;694,23;Pkt.;0
20.04.2022;696,27;696,27;696,27;696,27;Pkt.;0
21.04.2022;688,47;688,47;688,47;688,47;Pkt.;0
22.04.2022;671,63;671,63;671,63;671,63;Pkt.;0
25.04.2022;668,61;668,61;668,61;668,61;Pkt.;0
26.04.2022;655,01;655,01;655,01;655,01;Pkt.;0
27.04.2022;653,90;653,90;653,90;653,90;Pkt.;0
28.04.2022;665,80;665,80;665,80;665,80;Pkt.;0
29.04.2022;653,67;653,67;653,67;653,67;Pkt.;0
02.05.2022;653,57;653,57;653,57;653,57;Pkt.;0
03.05.2022;656,13;656,13;656,13;656,13;Pkt.;0
04.05.2022;667,08;667,08;667,08;667,08;Pkt.;0
05.05.2022;650,08;650,08;650,08;650,08;Pkt.;0
06.05.2022;643,67;643,67;643,67;643,67;Pkt.;0
09.05.2022;623,77;623,77;623,77;623,77;Pkt.;0
10.05.2022;624,38;624,38;624,38;624,38;Pkt.;0
11.05.2022;619,54;619,54;619,54;619,54;Pkt.;0
12.05.2022;615,27;615,27;615,27;615,27;Pkt.;0
13.05.2022;629,19;629,19;629,19;629,19;Pkt.;0
16.05.2022;627,86;627,86;627,86;627,86;Pkt.;0
17.05.2022;640,43;640,43;640,43;640,43;Pkt.;0
18.05.2022;623,64;623,64;623,64;623,64;Pkt.;0
19.05.2022;619,58;619,58;619,58;619,58;Pkt.;0
20.05.2022;621,89;621,89;621,89;621,89;Pkt.;0
23.05.2022;631,44;631,44;631,44;631,44;Pkt.;0
24.05.2022;625,72;625,72;625,72;625,72;Pkt.;0
25.05.2022;629,97;629,97;629,97;629,97;Pkt.;0
26.05.2022;639,30;639,30;639,30;639,30;Pkt.;0
27.05.2022;652,84;652,84;652,84;652,84;Pkt.;0
31.05.2022;652,81;652,81;652,81;652,81;Pkt.;0
01.06.2022;647,87;647,87;647,87;647,87;Pkt.;0
02.06.2022;656,45;656,45;656,45;656,45;Pkt.;0
03.06.2022;649,16;649,16;649,16;649,16;Pkt.;0
06.06.2022;652,13;652,13;652,13;652,13;Pkt.;0
07.06.2022;654,62;654,62;654,62;654,62;Pkt.;0
08.06.2022;650,94;650,94;650,94;650,94;Pkt.;0
09.06.2022;637,77;637,77;637,77;637,77;Pkt.;0
10.06.2022;620,31;620,31;620,31;620,31;Pkt.;0
13.06.2022;597,64;597,64;597,64;597,64;Pkt.;0
14.06.2022;593,77;593,77;593,77;593,77;Pkt.;0
15.06.2022;600,30;600,30;600,30;600,30;Pkt.;0
16.06.2022;585,78;585,78;585,78;585,78;Pkt.;0
17.06.2022;584,55;584,55;584,55;584,55;Pkt.;0
21.06.2022;597,33;597,33;597,33;597,33;Pkt.;0
22.06.2022;594,43;594,43;594,43;594,43;Pkt.;0
23.06.2022;597,00;597,00;597,00;597,00;Pkt.;0
24.06.2022;612,67;612,67;612,67;612,67;Pkt.;0
27.06.2022;614,59;614,59;614,59;614,59;Pkt.;0
28.06.2022;606,71;606,71;606,71;606,71;Pkt.;0
29.06.2022;603,50;603,50;603,50;603,50;Pkt.;0
30.06.2022;596,77;596,77;596,77;596,77;Pkt.;0
01.07.2022;599,08;599,08;599,08;599,08;Pkt.;0
05.07.2022;597,74;597,74;597,74;597,74;Pkt.;0
06.07.2022;598,51;598,51;598,51;598,51;Pkt.;0
07.07.2022;607,89;607,89;607,89;607,89;Pkt.;0
08.07.2022;608,58;608,58;608,58;608,58;Pkt.;0
11.07.2022;600,82;600,82;600,82;600,82;Pkt.;0
12.07.2022;596,10;596,10;596,10;596,10;Pkt.;0
13.07.2022;594,35;594,35;594,35;594,35;Pkt.;0
14.07.2022;589,09;589,09;589,09;589,09;Pkt.;0
15.07.2022;598,71;598,71;598,71;598,71;Pkt.;0
18.07.2022;599,81;599,81;599,81;599,81;Pkt.;0
19.07.2022;612,33;612,33;612,33;612,33;Pkt.;0
20.07.2022;616,02;616,02;616,02;616,02;Pkt.;0
21.07.2022;620,42;620,42;620,42;620,42;Pkt.;0
22.07.2022;617,71;617,71;617,71;617,71;Pkt.;0
25.07.2022;617,56;617,56;617,56;617,56;Pkt.;0
26.07.2022;612,23;612,23;612,23;612,23;Pkt.;0
27.07.2022;622,70;622,70;622,70;622,70;Pkt.;0
28.07.2022;630,42;630,42;630,42;630,42;Pkt.;0
29.07.2022;637,72;637,72;637,72;637,72;Pkt.;0
01.08.2022;638,40;638,40;638,40;638,40;Pkt.;0
02.08.2022;633,32;633,32;633,32;633,32;Pkt.;0
03.08.2022;639,00;639,00;639,00;639,00;Pkt.;0
04.08.2022;640,94;640,94;640,94;640,94;Pkt.;0
05.08.2022;639,53;639,53;639,53;639,53;Pkt.;0
08.08.2022;640,83;640,83;640,83;640,83;Pkt.;0
09.08.2022;637,70;637,70;637,70;637,70;Pkt.;0
10.08.2022;649,75;649,75;649,75;649,75;Pkt.;0
11.08.2022;650,71;650,71;650,71;650,71;Pkt.;0
12.08.2022;657,57;657,57;657,57;657,57;Pkt.;0
15.08.2022;659,09;659,09;659,09;659,09;Pkt.;0
16.08.2022;659,44;659,44;659,44;659,44;Pkt.;0
17.08.2022;655,07;655,07;655,07;655,07;Pkt.;0
18.08.2022;655,39;655,39;655,39;655,39;Pkt.;0
19.08.2022;646,81;646,81;646,81;646,81;Pkt.;0
22.08.2022;635,46;635,46;635,46;635,46;Pkt.;0
23.08.2022;634,11;634,11;634,11;634,11;Pkt.;0
24.08.2022;634,97;634,97;634,97;634,97;Pkt.;0
25.08.2022;642,97;642,97;642,97;642,97;Pkt.;0
26.08.2022;627,90;627,90;627,90;627,90;Pkt.;0
29.08.2022;621,52;621,52;621,52;621,52;Pkt.;0
30.08.2022;616,75;616,75;616,75;616,75;Pkt.;0
31.08.2022;613,11;613,11;613,11;613,11;Pkt.;0
01.09.2022;608,31;608,31;608,31;608,31;Pkt.;0
02.09.2022;606,98;606,98;606,98;606,98;Pkt.;0
06.09.2022;602,32;602,32;602,32;602,32;Pkt.;0
07.09.2022;607,73;607,73;607,73;607,73;Pkt.;0
08.09.2022;612,34;612,34;612,34;612,34;Pkt.;0
09.09.2022;622,92;622,92;622,92;622,92;Pkt.;0
12.09.2022;631,00;631,00;631,00;631,00;Pkt.;0
13.09.2022;610,49;610,49;610,49;610,49;Pkt.;0
14.09.2022;608,93;608,93;608,93;608,93;Pkt.;0
15.09.2022;603,30;603,30;603,30;603,30;Pkt.;0
16.09.2022;597,59;597,59;597,59;597,59;Pkt.;0
19.09.2022;599,53;599,53;599,53;599,53;Pkt.;0
20.09.2022;594,58;594,58;594,58;594,58;Pkt.;0
21.09.2022;585,85;585,85;585,85;585,85;Pkt.;0
22.09.2022;579,55;579,55;579,55;579,55;Pkt.;0
23.09.2022;567,86;567,86;567,86;567,86;Pkt.;0
26.09.2022;560,43;560,43;560,43;560,43;Pkt.;0
27.09.2022;559,72;559,72;559,72;559,72;Pkt.;0
28.09.2022;565,81;565,81;565,81;565,81;Pkt.;0
29.09.2022;557,88;557,88;557,88;557,88;Pkt.;0
30.09.2022;553,37;553,37;553,37;553,37;Pkt.;0
03.10.2022;563,99;563,99;563,99;563,99;Pkt.;0
04.10.2022;582,14;582,14;582,14;582,14;Pkt.;0
05.10.2022;580,85;580,85;580,85;580,85;Pkt.;0
06.10.2022;576,45;576,45;576,45;576,45;Pkt.;0
07.10.2022;563,00;563,00;563,00;563,00;Pkt.;0
10.10.2022;557,51;557,51;557,51;557,51;Pkt.;0
11.10.2022;552,10;552,10;552,10;552,10;Pkt.;0
12.10.2022;550,37;550,37;550,37;550,37;Pkt.;0
13.10.2022;558,71;558,71;558,71;558,71;Pkt.;0
14.10.2022;552,08;552,08;552,08;552,08;Pkt.;0
17.10.2022;563,66;563,66;563,66;563,66;Pkt.;0
18.10.2022;569,98;569,98;569,98;569,98;Pkt.;0
19.10.2022;565,22;565,22;565,22;565,22;Pkt.;0
20.10.2022;563,06;563,06;563,06;563,06;Pkt.;0
21.10.2022;569,93;569,93;569,93;569,93;Pkt.;0
24.10.2022;574,70;574,70;574,70;574,70;Pkt.;0
25.10.2022;584,01;584,01;584,01;584,01;Pkt.;0
26.10.2022;584,14;584,14;584,14;584,14;Pkt.;0
27.10.2022;582,18;582,18;582,18;582,18;Pkt.;0
28.10.2022;588,95;588,95;588,95;588,95;Pkt.;0
31.10.2022;586,37;586,37;586,37;586,37;Pkt.;0
01.11.2022;587,47;587,47;587,47;587,47;Pkt.;0
02.11.2022;578,22;578,22;578,22;578,22;Pkt.;0
03.11.2022;570,77;570,77;570,77;570,77;Pkt.;0
04.11.2022;580,60;580,60;580,60;580,60;Pkt.;0
07.11.2022;586,93;586,93;586,93;586,93;Pkt.;0
08.11.2022;591,51;591,51;591,51;591,51;Pkt.;0
09.11.2022;582,21;582,21;582,21;582,21;Pkt.;0
10.11.2022;607,66;607,66;607,66;607,66;Pkt.;0
11.11.2022;618,67;618,67;618,67;618,67;Pkt.;0
14.11.2022;614,79;614,79;614,79;614,79;Pkt.;0
15.11.2022;621,28;621,28;621,28;621,28;Pkt.;0
16.11.2022;616,56;616,56;616,56;616,56;Pkt.;0
17.11.2022;612,57;612,57;612,57;612,57;Pkt.;0
18.11.2022;616,04;616,04;616,04;616,04;Pkt.;0
21.11.2022;611,38;611,38;611,38;611,38;Pkt.;0
22.11.2022;618,36;618,36;618,36;618,36;Pkt.;0
23.11.2022;623,24;623,24;623,24;623,24;Pkt.;0
25.11.2022;625,15;625,15;625,15;625,15;Pkt.;0
28.11.2022;617,15;617,15;617,15;617,15;Pkt.;0
29.11.2022;617,64;617,64;617,64;617,64;Pkt.;0
30.11.2022;630,92;630,92;630,92;630,92;Pkt.;0
01.12.2022;635,52;635,52;635,52;635,52;Pkt.;0
02.12.2022;633,54;633,54;633,54;633,54;Pkt.;0
05.12.2022;626,69;626,69;626,69;626,69;Pkt.;0
06.12.2022;618,82;618,82;618,82;618,82;Pkt.;0
07.12.2022;616,22;616,22;616,22;616,22;Pkt.;0
08.12.2022;620,25;620,25;620,25;620,25;Pkt.;0
09.12.2022;619,36;619,36;619,36;619,36;Pkt.;0
12.12.2022;622,59;622,59;622,59;622,59;Pkt.;0
13.12.2022;629,31;629,31;629,31;629,31;Pkt.;0
14.12.2022;627,81;627,81;627,81;627,81;Pkt.;0
15.12.2022;612,72;612,72;612,72;612,72;Pkt.;0
16.12.2022;606,13;606,13;606,13;606,13;Pkt.;0
19.12.2022;602,00;602,00;602,00;602,00;Pkt.;0
20.12.2022;602,98;602,98;602,98;602,98;Pkt.;0
21.12.2022;610,14;610,14;610,14;610,14;Pkt.;0
22.12.2022;604,39;604,39;604,39;604,39;Pkt.;0
23.12.2022;605,79;605,79;605,79;605,79;Pkt.;0
27.12.2022;605,24;605,24;605,24;605,24;Pkt.;0
28.12.2022;599,97;599,97;599,97;599,97;Pkt.;0
29.12.2022;607,38;607,38;607,38;607,38;Pkt.;0
30.12.2022;605,38;605,38;605,38;605,38;Pkt.;0
03.01.2023;605,46;605,46;605,46;605,46;Pkt.;0
04.01.2023;611,13;611,13;611,13;611,13;Pkt.;0
05.01.2023;605,70;605,70;605,70;605,70;Pkt.;0
06.01.2023;617,40;617,40;617,40;617,40;Pkt.;0
09.01.2023;621,93;621,93;621,93;621,93;Pkt.;0
10.01.2023;623,63;623,63;623,63;623,63;Pkt.;0
11.01.2023;629,93;629,93;629,93;629,93;Pkt.;0
12.01.2023;634,03;634,03;634,03;634,03;Pkt.;0
13.01.2023;638,08;638,08;638,08;638,08;Pkt.;0
17.01.2023;638,05;638,05;638,05;638,05;Pkt.;0
18.01.2023;633,51;633,51;633,51;633,51;Pkt.;0
19.01.2023;627,53;627,53;627,53;627,53;Pkt.;0
20.01.2023;636,40;636,40;636,40;636,40;Pkt.;0
23.01.2023;642,68;642,68;642,68;642,68;Pkt.;0
24.01.2023;642,92;642,92;642,92;642,92;Pkt.;0
25.01.2023;643,23;643,23;643,23;643,23;Pkt.;0
26.01.2023;648,34;648,34;648,34;648,34;Pkt.;0
27.01.2023;649,94;649,94;649,94;649,94;Pkt.;0
30.01.2023;643,95;643,95;643,95;643,95;Pkt.;0
31.01.2023;648,37;648,37;648,37;648,37;Pkt.;0
01.02.2023;654,32;654,32;654,32;654,32;Pkt.;0
02.02.2023;662,34;662,34;662,34;662,34;Pkt.;0
03.02.2023;656,26;656,26;656,26;656,26;Pkt.;0
06.02.2023;648,93;648,93;648,93;648,93;Pkt.;0
07.02.2023;654,56;654,56;654,56;654,56;Pkt.;0
08.02.2023;651,09;651,09;651,09;651,09;Pkt.;0
09.02.2023;649,01;649,01;649,01;649,01;Pkt.;0
10.02.2023;646,87;646,87;646,87;646,87;Pkt.;0
13.02.2023;652,26;652,26;652,26;652,26;Pkt.;0
14.02.2023;652,84;652,84;652,84;652,84;Pkt.;0
15.02.2023;652,76;652,76;652,76;652,76;Pkt.;0
16.02.2023;648,08;648,08;648,08;648,08;Pkt.;0
17.02.2023;645,03;645,03;645,03;645,03;Pkt.;0
21.02.2023;636,57;636,57;636,57;636,57;Pkt.;0
22.02.2023;633,68;633,68;633,68;633,68;Pkt.;0
23.02.2023;635,43;635,43;635,43;635,43;Pkt.;0
24.02.2023;628,00;628,00;628,00;628,00;Pkt.;0
27.02.2023;630,71;630,71;630,71;630,71;Pkt.;0
28.02.2023;629,02;629,02;629,02;629,02;Pkt.;0
01.03.2023;628,86;628,86;628,86;628,86;Pkt.;0
02.03.2023;631,22;631,22;631,22;631,22;Pkt.;0
03.03.2023;639,69;639,69;639,69;639,69;Pkt.;0
06.03.2023;641,48;641,48;641,48;641,48;Pkt.;0
07.03.2023;632,88;632,88;632,88;632,88;Pkt.;0
08.03.2023;632,23;632,23;632,23;632,23;Pkt.;0
09.03.2023;624,51;624,51;624,51;624,51;Pkt.;0
10.03.2023;616,60;616,60;616,60;616,60;Pkt.;0
13.03.2023;614,21;614,21;614,21;614,21;Pkt.;0
14.03.2023;619,38;619,38;619,38;619,38;Pkt.;0
15.03.2023;612,09;612,09;612,09;612,09;Pkt.;0
16.03.2023;619,86;619,86;619,86;619,86;Pkt.;0
17.03.2023;616,09;616,09;616,09;616,09;Pkt.;0
20.03.2023;620,03;620,03;620,03;620,03;Pkt.;0
21.03.2023;627,63;627,63;627,63;627,63;Pkt.;0
22.03.2023;622,98;622,98;622,98;622,98;Pkt.;0
23.03.2023;626,35;626,35;626,35;626,35;Pkt.;0
24.03.2023;625,06;625,06;625,06;625,06;Pkt.;0
27.03.2023;626,52;626,52;626,52;626,52;Pkt.;0
28.03.2023;627,48;627,48;627,48;627,48;Pkt.;0
29.03.2023;635,30;635,30;635,30;635,30;Pkt.;0
30.03.2023;639,89;639,89;639,89;639,89;Pkt.;0
31.03.2023;646,76;646,76;646,76;646,76;Pkt.;0
03.04.2023;649,20;649,20;649,20;649,20;Pkt.;0
04.04.2023;647,67;647,67;647,67;647,67;Pkt.;0
05.04.2023;645,06;645,06;645,06;645,06;Pkt.;0
06.04.2023;646,07;646,07;646,07;646,07;Pkt.;0
10.04.2023;645,57;645,57;645,57;645,57;Pkt.;0
11.04.2023;648,35;648,35;648,35;648,35;Pkt.;0
12.04.2023;647,83;647,83;647,83;647,83;Pkt.;0
13.04.2023;655,04;655,04;655,04;655,04;Pkt.;0
14.04.2023;654,57;654,57;654,57;654,57;Pkt.;0
17.04.2023;655,11;655,11;655,11;655,11;Pkt.;0
18.04.2023;656,67;656,67;656,67;656,67;Pkt.;0
19.04.2023;655,43;655,43;655,43;655,43;Pkt.;0
20.04.2023;653,14;653,14;653,14;653,14;Pkt.;0
21.04.2023;652,61;652,61;652,61;652,61;Pkt.;0
24.04.2023;653,15;653,15;653,15;653,15;Pkt.;0
25.04.2023;644,61;644,61;644,61;644,61;Pkt.;0
26.04.2023;642,74;642,74;642,74;642,74;Pkt.;0
27.04.2023;650,49;650,49;650,49;650,49;Pkt.;0
28.04.2023;655,00;655,00;655,00;655,00;Pkt.;0
01.05.2023;654,49;654,49;654,49;654,49;Pkt.;0
02.05.2023;647,99;647,99;647,99;647,99;Pkt.;0
03.05.2023;646,29;646,29;646,29;646,29;Pkt.;0
04.05.2023;643,26;643,26;643,26;643,26;Pkt.;0
05.05.2023;652,45;652,45;652,45;652,45;Pkt.;0
08.05.2023;654,12;654,12;654,12;654,12;Pkt.;0
09.05.2023;651,11;651,11;651,11;651,11;Pkt.;0
10.05.2023;652,43;652,43;652,43;652,43;Pkt.;0
11.05.2023;650,70;650,70;650,70;650,70;Pkt.;0
12.05.2023;649,22;649,22;649,22;649,22;Pkt.;0
15.05.2023;651,63;651,63;651,63;651,63;Pkt.;0
16.05.2023;648,23;648,23;648,23;648,23;Pkt.;0
17.05.2023;651,81;651,81;651,81;651,81;Pkt.;0
18.05.2023;655,94;655,94;655,94;655,94;Pkt.;0
19.05.2023;656,42;656,42;656,42;656,42;Pkt.;0
22.05.2023;657,46;657,46;657,46;657,46;Pkt.;0
23.05.2023;651,17;651,17;651,17;651,17;Pkt.;0
24.05.2023;644,84;644,84;644,84;644,84;Pkt.;0
25.05.2023;646,00;646,00;646,00;646,00;Pkt.;0
30.05.2023;652,38;652,38;652,38;652,38;Pkt.;0
31.05.2023;646,38;646,38;646,38;646,38;Pkt.;0
01.06.2023;653,02;653,02;653,02;653,02;Pkt.;0
02.06.2023;663,25;663,25;663,25;663,25;Pkt.;0
05.06.2023;662,78;662,78;662,78;662,78;Pkt.;0
06.06.2023;664,49;664,49;664,49;664,49;Pkt.;0
07.06.2023;662,65;662,65;662,65;662,65;Pkt.;0
08.06.2023;665,76;665,76;665,76;665,76;Pkt.;0
09.06.2023;667,08;667,08;667,08;667,08;Pkt.;0
12.06.2023;671,33;671,33;671,33;671,33;Pkt.;0
13.06.2023;676,94;676,94;676,94;676,94;Pkt.;0
14.06.2023;679,10;679,10;679,10;679,10;Pkt.;0
15.06.2023;685,26;685,26;685,26;685,26;Pkt.;0
16.06.2023;684,89;684,89;684,89;684,89;Pkt.;0
20.06.2023;678,97;678,97;678,97;678,97;Pkt.;0
21.06.2023;675,89;675,89;675,89;675,89;Pkt.;0
22.06.2023;676,20;676,20;676,20;676,20;Pkt.;0
23.06.2023;669,76;669,76;669,76;669,76;Pkt.;0
26.06.2023;668,04;668,04;668,04;668,04;Pkt.;0
27.06.2023;673,87;673,87;673,87;673,87;Pkt.;0
28.06.2023;674,42;674,42;674,42;674,42;Pkt.;0
29.06.2023;675,90;675,90;675,90;675,90;Pkt.;0
30.06.2023;682,84;682,84;682,84;682,84;Pkt.;0
03.07.2023;685,07;685,07;685,07;685,07;Pkt.;0
05.07.2023;682,46;682,46;682,46;682,46;Pkt.;0
06.07.2023;673,81;673,81;673,81;673,81;Pkt.;0
07.07.2023;673,44;673,44;673,44;673,44;Pkt.;0
10.07.2023;674,94;674,94;674,94;674,94;Pkt.;0
11.07.2023;680,44;680,44;680,44;680,44;Pkt.;0
12.07.2023;688,23;688,23;688,23;688,23;Pkt.;0
13.07.2023;696,01;696,01;696,01;696,01;Pkt.;0
14.07.2023;696,22;696,22;696,22;696,22;Pkt.;0
17.07.2023;697,00;697,00;697,00;697,00;Pkt.;0
18.07.2023;700,82;700,82;700,82;700,82;Pkt.;0
19.07.2023;701,77;701,77;701,77;701,77;Pkt.;0
20.07.2023;697,89;697,89;697,89;697,89;Pkt.;0
21.07.2023;697,43;697,43;697,43;697,43;Pkt.;0
24.07.2023;699,15;699,15;699,15;699,15;Pkt.;0
25.07.2023;702,15;702,15;702,15;702,15;Pkt.;0
26.07.2023;701,98;701,98;701,98;701,98;Pkt.;0
27.07.2023;700,10;700,10;700,10;700,10;Pkt.;0
28.07.2023;705,51;705,51;705,51;705,51;Pkt.;0
31.07.2023;707,11;707,11;707,11;707,11;Pkt.;0
01.08.2023;703,60;703,60;703,60;703,60;Pkt.;0
02.08.2023;692,02;692,02;692,02;692,02;Pkt.;0
03.08.2023;689,58;689,58;689,58;689,58;Pkt.;0
04.08.2023;689,00;689,00;689,00;689,00;Pkt.;0
07.08.2023;692,42;692,42;692,42;692,42;Pkt.;0
08.08.2023;688,28;688,28;688,28;688,28;Pkt.;0
09.08.2023;686,19;686,19;686,19;686,19;Pkt.;0
10.08.2023;687,94;687,94;687,94;687,94;Pkt.;0
11.08.2023;684,68;684,68;684,68;684,68;Pkt.;0
14.08.2023;684,70;684,70;684,70;684,70;Pkt.;0
15.08.2023;678,47;678,47;678,47;678,47;Pkt.;0
16.08.2023;673,38;673,38;673,38;673,38;Pkt.;0
17.08.2023;668,35;668,35;668,35;668,35;Pkt.;0
18.08.2023;666,77;666,77;666,77;666,77;Pkt.;0
21.08.2023;669,11;669,11;669,11;669,11;Pkt.;0
22.08.2023;669,34;669,34;669,34;669,34;Pkt.;0
23.08.2023;675,46;675,46;675,46;675,46;Pkt.;0
24.08.2023;669,87;669,87;669,87;669,87;Pkt.;0
25.08.2023;670,23;670,23;670,23;670,23;Pkt.;0
28.08.2023;675,63;675,63;675,63;675,63;Pkt.;0
29.08.2023;684,51;684,51;684,51;684,51;Pkt.;0
30.08.2023;687,86;687,86;687,86;687,86;Pkt.;0
31.08.2023;686,15;686,15;686,15;686,15;Pkt.;0
01.09.2023;687,26;687,26;687,26;687,26;Pkt.;0
05.09.2023;683,97;683,97;683,97;683,97;Pkt.;0
06.09.2023;680,02;680,02;680,02;680,02;Pkt.;0
07.09.2023;677,65;677,65;677,65;677,65;Pkt.;0
08.09.2023;678,02;678,02;678,02;678,02;Pkt.;0
11.09.2023;682,54;682,54;682,54;682,54;Pkt.;0
12.09.2023;679,61;679,61;679,61;679,61;Pkt.;0
13.09.2023;679,73;679,73;679,73;679,73;Pkt.;0
14.09.2023;685,60;685,60;685,60;685,60;Pkt.;0
15.09.2023;681,35;681,35;681,35;681,35;Pkt.;0
18.09.2023;679,70;679,70;679,70;679,70;Pkt.;0
19.09.2023;678,56;678,56;678,56;678,56;Pkt.;0
20.09.2023;675,24;675,24;675,24;675,24;Pkt.;0
21.09.2023;663,83;663,83;663,83;663,83;Pkt.;0
22.09.2023;663,14;663,14;663,14;663,14;Pkt.;0
25.09.2023;662,62;662,62;662,62;662,62;Pkt.;0
26.09.2023;654,68;654,68;654,68;654,68;Pkt.;0
27.09.2023;653,93;653,93;653,93;653,93;Pkt.;0
28.09.2023;656,72;656,72;656,72;656,72;Pkt.;0
29.09.2023;656,82;656,82;656,82;656,82;Pkt.;0
02.10.2023;653,75;653,75;653,75;653,75;Pkt.;0
03.10.2023;644,80;644,80;644,80;644,80;Pkt.;0
04.10.2023;646,27;646,27;646,27;646,27;Pkt.;0
05.10.2023;647,59;647,59;647,59;647,59;Pkt.;0
06.10.2023;654,04;654,04;654,04;654,04;Pkt.;0
09.10.2023;656,67;656,67;656,67;656,67;Pkt.;0
10.10.2023;663,34;663,34;663,34;663,34;Pkt.;0
11.10.2023;666,63;666,63;666,63;666,63;Pkt.;0
12.10.2023;663,89;663,89;663,89;663,89;Pkt.;0
13.10.2023;658,54;658,54;658,54;658,54;Pkt.;0
16.10.2023;662,94;662,94;662,94;662,94;Pkt.;0
17.10.2023;663,98;663,98;663,98;663,98;Pkt.;0
18.10.2023;655,83;655,83;655,83;655,83;Pkt.;0
19.10.2023;649,28;649,28;649,28;649,28;Pkt.;0
20.10.2023;642,07;642,07;642,07;642,07;Pkt.;0
23.10.2023;640,57;640,57;640,57;640,57;Pkt.;0
24.10.2023;643,91;643,91;643,91;643,91;Pkt.;0
25.10.2023;637,78;637,78;637,78;637,78;Pkt.;0
26.10.2023;630,65;630,65;630,65;630,65;Pkt.;0
27.10.2023;629,46;629,46;629,46;629,46;Pkt.;0
30.10.2023;634,88;634,88;634,88;634,88;Pkt.;0
31.10.2023;636,66;636,66;636,66;636,66;Pkt.;0
01.11.2023;642,65;642,65;642,65;642,65;Pkt.;0
02.11.2023;655,05;655,05;655,05;655,05;Pkt.;0
03.11.2023;662,77;662,77;662,77;662,77;Pkt.;0
06.11.2023;665,45;665,45;665,45;665,45;Pkt.;0
07.11.2023;664,43;664,43;664,43;664,43;Pkt.;0
08.11.2023;664,43;664,43;664,43;664,43;Pkt.;0
09.11.2023;662,37;662,37;662,37;662,37;Pkt.;0
10.11.2023;666,26;666,26;666,26;666,26;Pkt.;0
13.11.2023;667,35;667,35;667,35;667,35;Pkt.;0
14.11.2023;679,93;679,93;679,93;679,93;Pkt.;0
15.11.2023;684,16;684,16;684,16;684,16;Pkt.;0
16.11.2023;683,62;683,62;683,62;683,62;Pkt.;0
17.11.2023;685,70;685,70;685,70;685,70;Pkt.;0
20.11.2023;690,40;690,40;690,40;690,40;Pkt.;0
21.11.2023;689,60;689,60;689,60;689,60;Pkt.;0
22.11.2023;690,24;690,24;690,24;690,24;Pkt.;0
24.11.2023;692,15;692,15;692,15;692,15;Pkt.;0
27.11.2023;690,46;690,46;690,46;690,46;Pkt.;0
28.11.2023;691,99;691,99;691,99;691,99;Pkt.;0
29.11.2023;692,09;692,09;692,09;692,09;Pkt.;0
30.11.2023;694,38;694,38;694,38;694,38;Pkt.;0
01.12.2023;697,51;697,51;697,51;697,51;Pkt.;0
04.12.2023;694,48;694,48;694,48;694,48;Pkt.;0
05.12.2023;693,17;693,17;693,17;693,17;Pkt.;0
06.12.2023;692,93;692,93;692,93;692,93;Pkt.;0
07.12.2023;695,95;695,95;695,95;695,95;Pkt.;0
08.12.2023;698,32;698,32;698,32;698,32;Pkt.;0
11.12.2023;700,08;700,08;700,08;700,08;Pkt.;0
12.12.2023;702,59;702,59;702,59;702,59;Pkt.;0
13.12.2023;709,27;709,27;709,27;709,27;Pkt.;0
14.12.2023;716,40;716,40;716,40;716,40;Pkt.;0
15.12.2023;716,45;716,45;716,45;716,45;Pkt.;0
18.12.2023;717,30;717,30;717,30;717,30;Pkt.;0
19.12.2023;721,87;721,87;721,87;721,87;Pkt.;0
20.12.2023;715,31;715,31;715,31;715,31;Pkt.;0
21.12.2023;720,15;720,15;720,15;720,15;Pkt.;0
22.12.2023;721,18;721,18;721,18;721,18;Pkt.;0
26.12.2023;723,78;723,78;723,78;723,78;Pkt.;0
27.12.2023;727,29;727,29;727,29;727,29;Pkt.;0
28.12.2023;728,75;728,75;728,75;728,75;Pkt.;0
29.12.2023;727,00;727,00;727,00;727,00;Pkt.;0
02.01.2024;721,57;721,57;721,57;721,57;Pkt.;0
03.01.2024;714,48;714,48;714,48;714,48;Pkt.;0
04.01.2024;714,24;714,24;714,24;714,24;Pkt.;0
05.01.2024;715,40;715,40;715,40;715,40;Pkt.;0
08.01.2024;721,79;721,79;721,79;721,79;Pkt.;0
09.01.2024;720,14;720,14;720,14;720,14;Pkt.;0
10.01.2024;722,83;722,83;722,83;722,83;Pkt.;0
11.01.2024;722,40;722,40;722,40;722,40;Pkt.;0
12.01.2024;724,77;724,77;724,77;724,77;Pkt.;0
16.01.2024;718,96;718,96;718,96;718,96;Pkt.;0
17.01.2024;712,11;712,11;712,11;712,11;Pkt.;0
18.01.2024;717,01;717,01;717,01;717,01;Pkt.;0
19.01.2024;724,32;724,32;724,32;724,32;Pkt.;0
22.01.2024;726,64;726,64;726,64;726,64;Pkt.;0
23.01.2024;727,44;727,44;727,44;727,44;Pkt.;0
24.01.2024;730,96;730,96;730,96;730,96;Pkt.;0
25.01.2024;733,21;733,21;733,21;733,21;Pkt.;0
26.01.2024;733,77;733,77;733,77;733,77;Pkt.;0
29.01.2024;738,28;738,28;738,28;738,28;Pkt.;0
30.01.2024;737,65;737,65;737,65;737,65;Pkt.;0
31.01.2024;730,84;730,84;730,84;730,84;Pkt.;0
01.02.2024;735,72;735,72;735,72;735,72;Pkt.;0
02.02.2024;740,45;740,45;740,45;740,45;Pkt.;0
05.02.2024;737,19;737,19;737,19;737,19;Pkt.;0
06.02.2024;740,68;740,68;740,68;740,68;Pkt.;0
07.02.2024;745,10;745,10;745,10;745,10;Pkt.;0
08.02.2024;744,95;744,95;744,95;744,95;Pkt.;0
09.02.2024;747,93;747,93;747,93;747,93;Pkt.;0
12.02.2024;747,89;747,89;747,89;747,89;Pkt.;0
13.02.2024;739,58;739,58;739,58;739,58;Pkt.;0
14.02.2024;744,95;744,95;744,95;744,95;Pkt.;0
15.02.2024;750,55;750,55;750,55;750,55;Pkt.;0
16.02.2024;750,24;750,24;750,24;750,24;Pkt.;0
20.02.2024;748,23;748,23;748,23;748,23;Pkt.;0
21.02.2024;747,91;747,91;747,91;747,91;Pkt.;0
22.02.2024;760,41;760,41;760,41;760,41;Pkt.;0
23.02.2024;761,18;761,18;761,18;761,18;Pkt.;0
26.02.2024;759,17;759,17;759,17;759,17;Pkt.;0
27.02.2024;760,70;760,70;760,70;760,70;Pkt.;0
28.02.2024;758,13;758,13;758,13;758,13;Pkt.;0
29.02.2024;761,28;761,28;761,28;761,28;Pkt.;0
01.03.2024;767,07;767,07;767,07;767,07;Pkt.;0
04.03.2024;767,14;767,14;767,14;767,14;Pkt.;0
05.03.2024;761,34;761,34;761,34;761,34;Pkt.;0
06.03.2024;765,88;765,88;765,88;765,88;Pkt.;0
07.03.2024;773,07;773,07;773,07;773,07;Pkt.;0
08.03.2024;771,30;771,30;771,30;771,30;Pkt.;0
11.03.2024;768,77;768,77;768,77;768,77;Pkt.;0
12.03.2024;775,71;775,71;775,71;775,71;Pkt.;0
13.03.2024;775,30;775,30;775,30;775,30;Pkt.;0
14.03.2024;772,65;772,65;772,65;772,65;Pkt.;0
15.03.2024;767,62;767,62;767,62;767,62;Pkt.;0
18.03.2024;771,48;771,48;771,48;771,48;Pkt.;0
19.03.2024;773,32;773,32;773,32;773,32;Pkt.;0
20.03.2024;778,06;778,06;778,06;778,06;Pkt.;0
21.03.2024;783,34;783,34;783,34;783,34;Pkt.;0
22.03.2024;781,32;781,32;781,32;781,32;Pkt.;0
25.03.2024;779,45;779,45;779,45;779,45;Pkt.;0
26.03.2024;778,53;778,53;778,53;778,53;Pkt.;0
27.03.2024;782,94;782,94;782,94;782,94;Pkt.;0
28.03.2024;783,17;783,17;783,17;783,17;Pkt.;0
01.04.2024;780,83;780,83;780,83;780,83;Pkt.;0
02.04.2024;777,04;777,04;777,04;777,04;Pkt.;0
03.04.2024;777,81;777,81;777,81;777,81;Pkt.;0
04.04.2024;773,44;773,44;773,44;773,44;Pkt.;0
05.04.2024;776,51;776,51;776,51;776,51;Pkt.;0
08.04.2024;778,04;778,04;778,04;778,04;Pkt.;0
09.04.2024;779,23;779,23;779,23;779,23;Pkt.;0
10.04.2024;772,78;772,78;772,78;772,78;Pkt.;0
11.04.2024;774,88;774,88;774,88;774,88;Pkt.;0
12.04.2024;765,67;765,67;765,67;765,67;Pkt.;0
15.04.2024;758,01;758,01;758,01;758,01;Pkt.;0
16.04.2024;752,23;752,23;752,23;752,23;Pkt.;0
17.04.2024;749,14;749,14;749,14;749,14;Pkt.;0
18.04.2024;749,39;749,39;749,39;749,39;Pkt.;0
19.04.2024;743,29;743,29;743,29;743,29;Pkt.;0
22.04.2024;749,29;749,29;749,29;749,29;Pkt.;0
23.04.2024;758,15;758,15;758,15;758,15;Pkt.;0
24.04.2024;759,46;759,46;759,46;759,46;Pkt.;0
25.04.2024;755,59;755,59;755,59;755,59;Pkt.;0
26.04.2024;762,39;762,39;762,39;762,39;Pkt.;0
29.04.2024;765,58;765,58;765,58;765,58;Pkt.;0
30.04.2024;756,61;756,61;756,61;756,61;Pkt.;0
01.05.2024;754,26;754,26;754,26;754,26;Pkt.;0
02.05.2024;760,52;760,52;760,52;760,52;Pkt.;0
03.05.2024;769,29;769,29;769,29;769,29;Pkt.;0
06.05.2024;775,78;775,78;775,78;775,78;Pkt.;0
07.05.2024;778,08;778,08;778,08;778,08;Pkt.;0
08.05.2024;776,70;776,70;776,70;776,70;Pkt.;0
09.05.2024;779,64;779,64;779,64;779,64;Pkt.;0
10.05.2024;782,06;782,06;782,06;782,06;Pkt.;0
13.05.2024;782,83;782,83;782,83;782,83;Pkt.;0
14.05.2024;785,88;785,88;785,88;785,88;Pkt.;0
15.05.2024;793,77;793,77;793,77;793,77;Pkt.;0
16.05.2024;794,08;794,08;794,08;794,08;Pkt.;0
17.05.2024;794,96;794,96;794,96;794,96;Pkt.;0
20.05.2024;796,05;796,05;796,05;796,05;Pkt.;0
21.05.2024;795,98;795,98;795,98;795,98;Pkt.;0
22.05.2024;793,19;793,19;793,19;793,19;Pkt.;0
23.05.2024;788,97;788,97;788,97;788,97;Pkt.;0
24.05.2024;791,57;791,57;791,57;791,57;Pkt.;0
28.05.2024;792,45;792,45;792,45;792,45;Pkt.;0
29.05.2024;784,16;784,16;784,16;784,16;Pkt.;0
30.05.2024;781,12;781,12;781,12;781,12;Pkt.;0
31.05.2024;785,54;785,54;785,54;785,54;Pkt.;0
03.06.2024;788,77;788,77;788,77;788,77;Pkt.;0
04.06.2024;787,51;787,51;787,51;787,51;Pkt.;0
05.06.2024;794,42;794,42;794,42;794,42;Pkt.;0
06.06.2024;796,54;796,54;796,54;796,54;Pkt.;0
07.06.2024;794,24;794,24;794,24;794,24;Pkt.;0
10.06.2024;794,75;794,75;794,75;794,75;Pkt.;0
11.06.2024;793,93;793,93;793,93;793,93;Pkt.;0
12.06.2024;801,60;801,60;801,60;801,60;Pkt.;0
13.06.2024;799,70;799,70;799,70;799,70;Pkt.;0
14.06.2024;797,26;797,26;797,26;797,26;Pkt.;0
17.06.2024;800,38;800,38;800,38;800,38;Pkt.;0
18.06.2024;803,91;803,91;803,91;803,91;Pkt.;0
20.06.2024;804,35;804,35;804,35;804,35;Pkt.;0
21.06.2024;801,25;801,25;801,25;801,25;Pkt.;0
24.06.2024;801,28;801,28;801,28;801,28;Pkt.;0
25.06.2024;803,77;803,77;803,77;803,77;Pkt.;0
26.06.2024;803,73;803,73;803,73;803,73;Pkt.;0
27.06.2024;803,75;803,75;803,75;803,75;Pkt.;0
28.06.2024;802,01;802,01;802,01;802,01;Pkt.;0
01.07.2024;803,77;803,77;803,77;803,77;Pkt.;0
02.07.2024;806,80;806,80;806,80;806,80;Pkt.;0
03.07.2024;812,81;812,81;812,81;812,81;Pkt.;0
05.07.2024;817,59;817,59;817,59;817,59;Pkt.;0
08.07.2024;818,14;818,14;818,14;818,14;Pkt.;0
09.07.2024;817,78;817,78;817,78;817,78;Pkt.;0
10.07.2024;824,77;824,77;824,77;824,77;Pkt.;0
11.07.2024;824,27;824,27;824,27;824,27;Pkt.;0
12.07.2024;828,56;828,56;828,56;828,56;Pkt.;0
15.07.2024;828,73;828,73;828,73;828,73;Pkt.;0
16.07.2024;831,25;831,25;831,25;831,25;Pkt.;0
17.07.2024;823,59;823,59;823,59;823,59;Pkt.;0
18.07.2024;817,45;817,45;817,45;817,45;Pkt.;0
19.07.2024;810,87;810,87;810,87;810,87;Pkt.;0
22.07.2024;816,89;816,89;816,89;816,89;Pkt.;0
23.07.2024;816,23;816,23;816,23;816,23;Pkt.;0
24.07.2024;802,58;802,58;802,58;802,58;Pkt.;0
25.07.2024;796,79;796,79;796,79;796,79;Pkt.;0
26.07.2024;803,48;803,48;803,48;803,48;Pkt.;0
29.07.2024;804,35;804,35;804,35;804,35;Pkt.;0
30.07.2024;801,43;801,43;801,43;801,43;Pkt.;0
31.07.2024;814,16;814,16;814,16;814,16;Pkt.;0
01.08.2024;803,40;803,40;803,40;803,40;Pkt.;0
02.08.2024;787,21;787,21;787,21;787,21;Pkt.;0
05.08.2024;762,08;762,08;762,08;762,08;Pkt.;0
06.08.2024;770,99;770,99;770,99;770,99;Pkt.;0
07.08.2024;770,70;770,70;770,70;770,70;Pkt.;0
08.08.2024;781,77;781,77;781,77;781,77;Pkt.;0
09.08.2024;787,16;787,16;787,16;787,16;Pkt.;0
12.08.2024;787,30;787,30;787,30;787,30;Pkt.;0
13.08.2024;798,83;798,83;798,83;798,83;Pkt.;0
14.08.2024;803,46;803,46;803,46;803,46;Pkt.;0
15.08.2024;812,78;812,78;812,78;812,78;Pkt.;0
16.08.2024;817,41;817,41;817,41;817,41;Pkt.;0
19.08.2024;825,17;825,17;825,17;825,17;Pkt.;0
20.08.2024;824,70;824,70;824,70;824,70;Pkt.;0
21.08.2024;827,49;827,49;827,49;827,49;Pkt.;0
22.08.2024;822,77;822,77;822,77;822,77;Pkt.;0
23.08.2024;831,34;831,34;831,34;831,34;Pkt.;0
26.08.2024;830,03;830,03;830,03;830,03;Pkt.;0
27.08.2024;830,81;830,81;830,81;830,81;Pkt.;0
28.08.2024;827,32;827,32;827,32;827,32;Pkt.;0
29.08.2024;827,34;827,34;827,34;827,34;Pkt.;0
30.08.2024;833,68;833,68;833,68;833,68;Pkt.;0
03.09.2024;819,47;819,47;819,47;819,47;Pkt.;0
04.09.2024;815,05;815,05;815,05;815,05;Pkt.;0
05.09.2024;812,67;812,67;812,67;812,67;Pkt.;0
06.09.2024;802,57;802,57;802,57;802,57;Pkt.;0
09.09.2024;807,38;807,38;807,38;807,38;Pkt.;0
10.09.2024;808,49;808,49;808,49;808,49;Pkt.;0
11.09.2024;813,61;813,61;813,61;813,61;Pkt.;0
12.09.2024;821,59;821,59;821,59;821,59;Pkt.;0
13.09.2024;826,93;826,93;826,93;826,93;Pkt.;0
16.09.2024;828,42;828,42;828,42;828,42;Pkt.;0
17.09.2024;828,72;828,72;828,72;828,72;Pkt.;0
18.09.2024;826,29;826,29;826,29;826,29;Pkt.;0
19.09.2024;839,49;839,49;839,49;839,49;Pkt.;0
20.09.2024;837,37;837,37;837,37;837,37;Pkt.;0
23.09.2024;840,05;840,05;840,05;840,05;Pkt.;0
24.09.2024;844,56;844,56;844,56;844,56;Pkt.;0
25.09.2024;843,61;843,61;843,61;843,61;Pkt.;0
26.09.2024;850,69;850,69;850,69;850,69;Pkt.;0
27.09.2024;852,84;852,84;852,84;852,84;Pkt.;0
30.09.2024;851,78;851,78;851,78;851,78;Pkt.;0
01.10.2024;845,87;845,87;845,87;845,87;Pkt.;0
02.10.2024;845,51;845,51;845,51;845,51;Pkt.;0
03.10.2024;842,30;842,30;842,30;842,30;Pkt.;0
04.10.2024;847,40;847,40;847,40;847,40;Pkt.;0
07.10.2024;843,72;843,72;843,72;843,72;Pkt.;0
08.10.2024;844,78;844,78;844,78;844,78;Pkt.;0
09.10.2024;848,64;848,64;848,64;848,64;Pkt.;0
10.10.2024;848,19;848,19;848,19;848,19;Pkt.;0
11.10.2024;852,73;852,73;852,73;852,73;Pkt.;0
14.10.2024;857,18;857,18;857,18;857,18;Pkt.;0
15.10.2024;851,25;851,25;851,25;851,25;Pkt.;0
16.10.2024;852,22;852,22;852,22;852,22;Pkt.;0
17.10.2024;852,07;852,07;852,07;852,07;Pkt.;0
18.10.2024;856,71;856,71;856,71;856,71;Pkt.;0
21.10.2024;853,58;853,58;853,58;853,58;Pkt.;0
22.10.2024;851,27;851,27;851,27;851,27;Pkt.;0
23.10.2024;844,34;844,34;844,34;844,34;Pkt.;0
24.10.2024;845,74;845,74;845,74;845,74;Pkt.;0
25.10.2024;845,49;845,49;845,49;845,49;Pkt.;0
28.10.2024;847,93;847,93;847,93;847,93;Pkt.;0
29.10.2024;848,08;848,08;848,08;848,08;Pkt.;0
30.10.2024;844,94;844,94;844,94;844,94;Pkt.;0
31.10.2024;832,30;832,30;832,30;832,30;Pkt.;0
01.11.2024;835,15;835,15;835,15;835,15;Pkt.;0
04.11.2024;834,94;834,94;834,94;834,94;Pkt.;0
05.11.2024;843,19;843,19;843,19;843,19;Pkt.;0
06.11.2024;854,74;854,74;854,74;854,74;Pkt.;0
07.11.2024;862,59;862,59;862,59;862,59;Pkt.;0
08.11.2024;863,02;863,02;863,02;863,02;Pkt.;0
11.11.2024;863,10;863,10;863,10;863,10;Pkt.;0
12.11.2024;856,84;856,84;856,84;856,84;Pkt.;0
13.11.2024;854,85;854,85;854,85;854,85;Pkt.;0
14.11.2024;851,20;851,20;851,20;851,20;Pkt.;0
15.11.2024;842,61;842,61;842,61;842,61;Pkt.;0
18.11.2024;845,60;845,60;845,60;845,60;Pkt.;0
19.11.2024;849,19;849,19;849,19;849,19;Pkt.;0
20.11.2024;847,84;847,84;847,84;847,84;Pkt.;0
21.11.2024;851,45;851,45;851,45;851,45;Pkt.;0
22.11.2024;854,13;854,13;854,13;854,13;Pkt.;0
25.11.2024;857,75;857,75;857,75;857,75;Pkt.;0
26.11.2024;859,08;859,08;859,08;859,08;Pkt.;0
27.11.2024;858,26;858,26;858,26;858,26;Pkt.;0
29.11.2024;862,49;862,49;862,49;862,49;Pkt.;0
02.12.2024;864,64;864,64;864,64;864,64;Pkt.;0
03.12.2024;868,04;868,04;868,04;868,04;Pkt.;0
04.12.2024;872,28;872,28;872,28;872,28;Pkt.;0
05.12.2024;872,16;872,16;872,16;872,16;Pkt.;0
06.12.2024;873,73;873,73;873,73;873,73;Pkt.;0
09.12.2024;870,85;870,85;870,85;870,85;Pkt.;0
10.12.2024;866,41;866,41;866,41;866,41;Pkt.;0
11.12.2024;871,39;871,39;871,39;871,39;Pkt.;0
12.12.2024;868,41;868,41;868,41;868,41;Pkt.;0
13.12.2024;866,14;866,14;866,14;866,14;Pkt.;0
16.12.2024;867,84;867,84;867,84;867,84;Pkt.;0
17.12.2024;864,02;864,02;864,02;864,02;Pkt.;0
18.12.2024;845,44;845,44;845,44;845,44;Pkt.;0
19.12.2024;839,41;839,41;839,41;839,41;Pkt.;0
20.12.2024;844,23;844,23;844,23;844,23;Pkt.;0
23.12.2024;849,46;849,46;849,46;849,46;Pkt.;0
24.12.2024;856,39;856,39;856,39;856,39;Pkt.;0
26.12.2024;856,53;856,53;856,53;856,53;Pkt.;0
27.12.2024;851,62;851,62;851,62;851,62;Pkt.;0
30.12.2024;843,83;843,83;843,83;843,83;Pkt.;0
31.12.2024;841,33;841,33;841,33;841,33;Pkt.;0
02.01.2025;839,93;839,93;839,93;839,93;Pkt.;0
03.01.2025;847,22;847,22;847,22;847,22;Pkt.;0
06.01.2025;852,91;852,91;852,91;852,91;Pkt.;0
07.01.2025;846,94;846,94;846,94;846,94;Pkt.;0
08.01.2025;845,95;845,95;845,95;845,95;Pkt.;0
10.01.2025;833,86;833,86;833,86;833,86;Pkt.;0
13.01.2025;831,79;831,79;831,79;831,79;Pkt.;0
14.01.2025;834,41;834,41;834,41;834,41;Pkt.;0
15.01.2025;847,30;847,30;847,30;847,30;Pkt.;0
16.01.2025;848,63;848,63;848,63;848,63;Pkt.;0
17.01.2025;855,23;855,23;855,23;855,23;Pkt.;0
21.01.2025;864,14;864,14;864,14;864,14;Pkt.;0
22.01.2025;868,52;868,52;868,52;868,52;Pkt.;0
23.01.2025;872,11;872,11;872,11;872,11;Pkt.;0
24.01.2025;872,91;872,91;872,91;872,91;Pkt.;0
27.01.2025;863,84;863,84;863,84;863,84;Pkt.;0
28.01.2025;868,65;868,65;868,65;868,65;Pkt.;0
29.01.2025;867,30;867,30;867,30;867,30;Pkt.;0
30.01.2025;872,68;872,68;872,68;872,68;Pkt.;0
31.01.2025;869,04;869,04;869,04;869,04;Pkt.;0
03.02.2025;859,33;859,33;859,33;859,33;Pkt.;0
04.02.2025;866,92;866,92;866,92;866,92;Pkt.;0
05.02.2025;871,69;871,69;871,69;871,69;Pkt.;0
06.02.2025;875,34;875,34;875,34;875,34;Pkt.;0
07.02.2025;869,44;869,44;869,44;869,44;Pkt.;0
10.02.2025;873,79;873,79;873,79;873,79;Pkt.;0
11.02.2025;873,67;873,67;873,67;873,67;Pkt.;0
12.02.2025;872,78;872,78;872,78;872,78;Pkt.;0
13.02.2025;882,37;882,37;882,37;882,37;Pkt.;0
14.02.2025;884,24;884,24;884,24;884,24;Pkt.;0
18.02.2025;887,72;887,72;887,72;887,72;Pkt.;0
19.02.2025;886,77;886,77;886,77;886,77;Pkt.;0
20.02.2025;883,73;883,73;883,73;883,73;Pkt.;0
21.02.2025;874,54;874,54;874,54;874,54;Pkt.;0
24.02.2025;870,60;870,60;870,60;870,60;Pkt.;0
25.02.2025;866,74;866,74;866,74;866,74;Pkt.;0
26.02.2025;869,11;869,11;869,11;869,11;Pkt.;0
27.02.2025;857,26;857,26;857,26;857,26;Pkt.;0
28.02.2025;862,95;862,95;862,95;862,95;Pkt.;0
03.03.2025;855,81;855,81;855,81;855,81;Pkt.;0
04.03.2025;846,14;846,14;846,14;846,14;Pkt.;0
05.03.2025;858,71;858,71;858,71;858,71;Pkt.;0
06.03.2025;850,38;850,38;850,38;850,38;Pkt.;0
07.03.2025;852,10;852,10;852,10;852,10;Pkt.;0
10.03.2025;832,73;832,73;832,73;832,73;Pkt.;0
11.03.2025;826,64;826,64;826,64;826,64;Pkt.;0
12.03.2025;830,85;830,85;830,85;830,85;Pkt.;0
13.03.2025;821,60;821,60;821,60;821,60;Pkt.;0
14.03.2025;836,14;836,14;836,14;836,14;Pkt.;0
17.03.2025;843,50;843,50;843,50;843,50;Pkt.;0
18.03.2025;839,53;839,53;839,53;839,53;Pkt.;0
19.03.2025;845,37;845,37;845,37;845,37;Pkt.;0
20.03.2025;843,47;843,47;843,47;843,47;Pkt.;0
21.03.2025;841,99;841,99;841,99;841,99;Pkt.;0
24.03.2025;851,73;851,73;851,73;851,73;Pkt.;0
25.03.2025;853,49;853,49;853,49;853,49;Pkt.;0
26.03.2025;845,96;845,96;845,96;845,96;Pkt.;0
27.03.2025;843,22;843,22;843,22;843,22;Pkt.;0
28.03.2025;829,90;829,90;829,90;829,90;Pkt.;0
31.03.2025;827,16;827,16;827,16;827,16;Pkt.;0
01.04.2025;832,15;832,15;832,15;832,15;Pkt.;0
02.04.2025;836,11;836,11;836,11;836,11;Pkt.;0
03.04.2025;807,64;807,64;807,64;807,64;Pkt.;0
04.04.2025;764,29;764,29;764,29;764,29;Pkt.;0
07.04.2025;745,48;745,48;745,48;745,48;Pkt.;0
08.04.2025;742,96;742,96;742,96;742,96;Pkt.;0
09.04.2025;785,28;785,28;785,28;785,28;Pkt.;0
10.04.2025;779,27;779,27;779,27;779,27;Pkt.;0
11.04.2025;790,63;790,63;790,63;790,63;Pkt.;0
14.04.2025;800,56;800,56;800,56;800,56;Pkt.;0
15.04.2025;803,10;803,10;803,10;803,10;Pkt.;0
16.04.2025;791,13;791,13;791,13;791,13;Pkt.;0
17.04.2025;792,90;792,90;792,90;792,90;Pkt.;0
21.04.2025;783,11;783,11;783,11;783,11;Pkt.;0
22.04.2025;796,26;796,26;796,26;796,26;Pkt.;0
23.04.2025;808,21;808,21;808,21;808,21;Pkt.;0
24.04.2025;819,86;819,86;819,86;819,86;Pkt.;0
25.04.2025;824,74;824,74;824,74;824,74;Pkt.;0
28.04.2025;827,21;827,21;827,21;827,21;Pkt.;0
29.04.2025;831,31;831,31;831,31;831,31;Pkt.;0
30.04.2025;833,54;833,54;833,54;833,54;Pkt.;0
01.05.2025;835,15;835,15;835,15;835,15;Pkt.;0
02.05.2025;849,25;849,25;849,25;849,25;Pkt.;0
05.05.2025;846,21;846,21;846,21;846,21;Pkt.;0
06.05.2025;841,91;841,91;841,91;841,91;Pkt.;0
07.05.2025;844,03;844,03;844,03;844,03;Pkt.;0
08.05.2025;845,85;845,85;845,85;845,85;Pkt.;0
09.05.2025;847,00;847,00;847,00;847,00;Pkt.;0
12.05.2025;865,58;865,58;865,58;865,58;Pkt.;0
13.05.2025;871,20;871,20;871,20;871,20;Pkt.;0
14.05.2025;874,07;874,07;874,07;874,07;Pkt.;0
15.05.2025;876,40;876,40;876,40;876,40;Pkt.;0
16.05.2025;880,63;880,63;880,63;880,63;Pkt.;0
19.05.2025;882,39;882,39;882,39;882,39;Pkt.;0
20.05.2025;881,62;881,62;881,62;881,62;Pkt.;0
21.05.2025;873,95;873,95;873,95;873,95;Pkt.;0
22.05.2025;871,01;871,01;871,01;871,01;Pkt.;0
23.05.2025;868,15;868,15;868,15;868,15;Pkt.;0
27.05.2025;881,16;881,16;881,16;881,16;Pkt.;0
28.05.2025;876,37;876,37;876,37;876,37;Pkt.;0
29.05.2025;880,26;880,26;880,26;880,26;Pkt.;0
30.05.2025;879,50;879,50;879,50;879,50;Pkt.;0
02.06.2025;882,88;882,88;882,88;882,88;Pkt.;0
03.06.2025;885,90;885,90;885,90;885,90;Pkt.;0
04.06.2025;888,93;888,93;888,93;888,93;Pkt.;0
05.06.2025;886,83;886,83;886,83;886,83;Pkt.;0
06.06.2025;891,96;891,96;891,96;891,96;Pkt.;0
09.06.2025;893,72;893,72;893,72;893,72;Pkt.;0
10.06.2025;897,51;897,51;897,51;897,51;Pkt.;0
11.06.2025;896,99;896,99;896,99;896,99;Pkt.;0
12.06.2025;899,61;899,61;899,61;899,61;Pkt.;0
13.06.2025;889,69;889,69;889,69;889,69;Pkt.;0
16.06.2025;897,51;897,51;897,51;897,51;Pkt.;0
17.06.2025;890,42;890,42;890,42;890,42;Pkt.;0
18.06.2025;889,67;889,67;889,67;889,67;Pkt.;0
20.06.2025;885,76;885,76;885,76;885,76;Pkt.;0
23.06.2025;890,10;890,10;890,10;890,10;Pkt.;0
24.06.2025;903,03;903,03;903,03;903,03;Pkt.;0
25.06.2025;902,15;902,15;902,15;902,15;Pkt.;0
26.06.2025;909,65;909,65;909,65;909,65;Pkt.;0
27.06.2025;914,79;914,79;914,79;914,79;Pkt.;0
30.06.2025;917,89;917,89;917,89;917,89;Pkt.;0
01.07.2025;917,40;917,40;917,40;917,40;Pkt.;0
02.07.2025;920,48;920,48;920,48;920,48;Pkt.;0
03.07.2025;926,48;926,48;926,48;926,48;Pkt.;0
07.07.2025;919,93;919,93;919,93;919,93;Pkt.;0
08.07.2025;919,31;919,31;919,31;919,31;Pkt.;0
09.07.2025;924,30;924,30;924,30;924,30;Pkt.;0
10.07.2025;926,22;926,22;926,22;926,22;Pkt.;0
11.07.2025;922,56;922,56;922,56;922,56;Pkt.;0
14.07.2025;923,47;923,47;923,47;923,47;Pkt.;0
15.07.2025;920,25;920,25;920,25;920,25;Pkt.;0
16.07.2025;921,11;921,11;921,11;921,11;Pkt.;0
17.07.2025;926,30;926,30;926,30;926,30;Pkt.;0
18.07.2025;927,99;927,99;927,99;927,99;Pkt.;0
21.07.2025;929,63;929,63;929,63;929,63;Pkt.;0
22.07.2025;929,79;929,79;929,79;929,79;Pkt.;0
23.07.2025;939,34;939,34;939,34;939,34;Pkt.;0
24.07.2025;941,35;941,35;941,35;941,35;Pkt.;0
25.07.2025;941,26;941,26;941,26;941,26;Pkt.;0
28.07.2025;939,37;939,37;939,37;939,37;Pkt.;0
29.07.2025;935,80;935,80;935,80;935,80;Pkt.;0
30.07.2025;934,34;934,34;934,34;934,34;Pkt.;0
31.07.2025;929,62;929,62;929,62;929,62;Pkt.;0
01.08.2025;917,39;917,39;917,39;917,39;Pkt.;0
04.08.2025;928,45;928,45;928,45;928,45;Pkt.;0
05.08.2025;927,24;927,24;927,24;927,24;Pkt.;0
06.08.2025;933,23;933,23;933,23;933,23;Pkt.;0
07.08.2025;935,47;935,47;935,47;935,47;Pkt.;0
08.08.2025;940,51;940,51;940,51;940,51;Pkt.;0
11.08.2025;938,16;938,16;938,16;938,16;Pkt.;0
12.08.2025;947,14;947,14;947,14;947,14;Pkt.;0
13.08.2025;953,08;953,08;953,08;953,08;Pkt.;0
14.08.2025;951,91;951,91;951,91;951,91;Pkt.;0
15.08.2025;952,02;952,02;952,02;952,02;Pkt.;0
18.08.2025;951,29;951,29;951,29;951,29;Pkt.;0
19.08.2025;947,90;947,90;947,90;947,90;Pkt.;0
20.08.2025;945,79;945,79;945,79;945,79;Pkt.;0
21.08.2025;942,51;942,51;942,51;942,51;Pkt.;0
22.08.2025;955,29;955,29;955,29;955,29;Pkt.;0
25.08.2025;952,96;952,96;952,96;952,96;Pkt.;0
26.08.2025;952,72;952,72;952,72;952,72;Pkt.;0
27.08.2025;953,04;953,04;953,04;953,04;Pkt.;0
28.08.2025;956,34;956,34;956,34;956,34;Pkt.;0
29.08.2025;951,57;951,57;951,57;951,57;Pkt.;0
02.09.2025;945,10;945,10;945,10;945,10;Pkt.;0
03.09.2025;948,40;948,40;948,40;948,40;Pkt.;0
04.09.2025;954,14;954,14;954,14;954,14;Pkt.;0
05.09.2025;955,71;955,71;955,71;955,71;Pkt.;0
08.09.2025;958,89;958,89;958,89;958,89;Pkt.;0
09.09.2025;961,70;961,70;961,70;961,70;Pkt.;0
10.09.2025;964,80;964,80;964,80;964,80;Pkt.;0
11.09.2025;971,45;971,45;971,45;971,45;Pkt.;0
12.09.2025;972,15;972,15;972,15;972,15;Pkt.;0
15.09.2025;976,60;976,60;976,60;976,60;Pkt.;0
16.09.2025;976,77;976,77;976,77;976,77;Pkt.;0
17.09.2025;976,38;976,38;976,38;976,38;Pkt.;0
18.09.2025;979,18;979,18;979,18;979,18;Pkt.;0
19.09.2025;981,76;981,76;981,76;981,76;Pkt.;0
22.09.2025;985,12;985,12;985,12;985,12;Pkt.;0
23.09.2025;982,16;982,16;982,16;982,16;Pkt.;0
24.09.2025;979,25;979,25;979,25;979,25;Pkt.;0
25.09.2025;973,52;973,52;973,52;973,52;Pkt.;0
26.09.2025;976,95;976,95;976,95;976,95;Pkt.;0
29.09.2025;980,54;980,54;980,54;980,54;Pkt.;0
30.09.2025;984,78;984,78;984,78;984,78;Pkt.;0
01.10.2025;988,57;988,57;988,57;988,57;Pkt.;0
02.10.2025;990,73;990,73;990,73;990,73;Pkt.;0
03.10.2025;993,22;993,22;993,22;993,22;Pkt.;0
06.10.2025;996,06;996,06;996,06;996,06;Pkt.;0
07.10.2025;992,13;992,13;992,13;992,13;Pkt.;0
08.10.2025;996,11;996,11;996,11;996,11;Pkt.;0
09.10.2025;993,47;993,47;993,47;993,47;Pkt.;0
10.10.2025;972,25;972,25;972,25;972,25;Pkt.;0
13.10.2025;981,09;981,09;981,09;981,09;Pkt.;0
14.10.2025;978,32;978,32;978,32;978,32;Pkt.;0
15.10.2025;985,42;985,42;985,42;985,42;Pkt.;0
16.10.2025;984,39;984,39;984,39;984,39;Pkt.;0
17.10.2025;983,90;983,90;983,90;983,90;Pkt.;0
20.10.2025;995,69;995,69;995,69;995,69;Pkt.;0
21.10.2025;994,85;994,85;994,85;994,85;Pkt.;0
22.10.2025;990,77;990,77;990,77;990,77;Pkt.;0
23.10.2025;995,09;995,09;995,09;995,09;Pkt.;0
24.10.2025;1.001,37;1.001,37;1.001,37;1.001,37;Pkt.;0
27.10.2025;1.012,50;1.012,50;1.012,50;1.012,50;Pkt.;0
28.10.2025;1.013,60;1.013,60;1.013,60;1.013,60;Pkt.;0
29.10.2025;1.014,42;1.014,42;1.014,42;1.014,42;Pkt.;0
30.10.2025;1.005,18;1.005,18;1.005,18;1.005,18;Pkt.;0
31.10.2025;1.006,23;1.006,23;1.006,23;1.006,23;Pkt.;0
03.11.2025;1.007,85;1.007,85;1.007,85;1.007,85;Pkt.;0
04.11.2025;996,82;996,82;996,82;996,82;Pkt.;0
05.11.2025;997,89;997,89;997,89;997,89;Pkt.;0
06.11.2025;992,01;992,01;992,01;992,01;Pkt.;0
07.11.2025;991,32;991,32;991,32;991,32;Pkt.;0
10.11.2025;1.004,97;1.004,97;1.004,97;1.004,97;Pkt.;0
11.11.2025;1.009,19;1.009,19;1.009,19;1.009,19;Pkt.;0
12.11.2025;1.011,78;1.011,78;1.011,78;1.011,78;Pkt.;0
13.11.2025;1.000,16;1.000,16;1.000,16;1.000,16;Pkt.;0
14.11.2025;995,43;995,43;995,43;995,43;Pkt.;0
17.11.2025;987,81;987,81;987,81;987,81;Pkt.;0
18.11.2025;976,01;976,01;976,01;976,01;Pkt.;0
19.11.2025;977,22;977,22;977,22;977,22;Pkt.;0
20.11.2025;968,53;968,53;968,53;968,53;Pkt.;0
21.11.2025;970,76;970,76;970,76;970,76;Pkt.;0
24.11.2025;982,31;982,31;982,31;982,31;Pkt.;0
25.11.2025;991,06;991,06;991,06;991,06;Pkt.;0
26.11.2025;1.000,21;1.000,21;1.000,21;1.000,21;Pkt.;0
28.11.2025;1.005,14;1.005,14;1.005,14;1.005,14;Pkt.;0
01.12.2025;1.001,15;1.001,15;1.001,15;1.001,15;Pkt.;0
02.12.2025;1.003,11;1.003,11;1.003,11;1.003,11;Pkt.;0
03.12.2025;1.006,43;1.006,43;1.006,43;1.006,43;Pkt.;0
04.12.2025;1.010,00;1.010,00;1.010,00;1.010,00;Pkt.;0
05.12.2025;1.010,73;1.010,73;1.010,73;1.010,73;Pkt.;0
08.12.2025;1.008,05;1.008,05;1.008,05;1.008,05;Pkt.;0
09.12.2025;1.006,44;1.006,44;1.006,44;1.006,44;Pkt.;0
10.12.2025;1.011,74;1.011,74;1.011,74;1.011,74;Pkt.;0
11.12.2025;1.015,27;1.015,27;1.015,27;1.015,27;Pkt.;0
12.12.2025;1.008,88;1.008,88;1.008,88;1.008,88;Pkt.;0
15.12.2025;1.007,76;1.007,76;1.007,76;1.007,76;Pkt.;0
16.12.2025;1.002,85;1.002,85;1.002,85;1.002,85;Pkt.;0
17.12.2025;995,05;995,05;995,05;995,05;Pkt.;0
18.12.2025;1.001,18;1.001,18;1.001,18;1.001,18;Pkt.;0
19.12.2025;1.008,39;1.008,39;1.008,39;1.008,39;Pkt.;0
22.12.2025;1.015,49;1.015,49;1.015,49;1.015,49;Pkt.;0
23.12.2025;1.020,10;1.020,10;1.020,10;1.020,10;Pkt.;0
24.12.2025;1.022,58;1.022,58;1.022,58;1.022,58;Pkt.;0
26.12.2025;1.022,81;1.022,81;1.022,81;1.022,81;Pkt.;0
29.12.2025;1.020,69;1.020,69;1.020,69;1.020,69;Pkt.;0
30.12.2025;1.020,16;1.020,16;1.020,16;1.020,16;Pkt.;0
31.12.2025;1.014,62;1.014,62;1.014,62;1.014,62;Pkt.;0
01.01.2026;1.014,74;1.014,74;1.014,74;1.014,74;Pkt.;0
02.01.2026;1.019,64;1.019,64;1.019,64;1.019,64;Pkt.;0
05.01.2026;1.028,02;1.028,02;1.028,02;1.028,02;Pkt.;0
06.01.2026;1.035,15;1.035,15;1.035,15;1.035,15;Pkt.;0
07.01.2026;1.031,48;1.031,48;1.031,48;1.031,48;Pkt.;0
08.01.2026;1.029,45;1.029,45;1.029,45;1.029,45;Pkt.;0
09.01.2026;1.034,87;1.034,87;1.034,87;1.034,87;Pkt.;0
12.01.2026;1.038,29;1.038,29;1.038,29;1.038,29;Pkt.;0
13.01.2026;1.038,09;1.038,09;1.038,09;1.038,09;Pkt.;0
14.01.2026;1.036,57;1.036,57;1.036,57;1.036,57;Pkt.;0
15.01.2026;1.038,38;1.038,38;1.038,38;1.038,38;Pkt.;0
16.01.2026;1.038,33;1.038,33;1.038,33;1.038,33;Pkt.;0
20.01.2026;1.022,27;1.022,27;1.022,27;1.022,27;Pkt.;0
21.01.2026;1.028,65;1.028,65;1.028,65;1.028,65;Pkt.;0
22.01.2026;1.036,03;1.036,03;1.036,03;1.036,03;Pkt.;0
23.01.2026;1.037,55;1.037,55;1.037,55;1.037,55;Pkt.;0
26.01.2026;1.044,17;1.044,17;1.044,17;1.044,17;Pkt.;0
27.01.2026;1.051,08;1.051,08;1.051,08;1.051,08;Pkt.;0
28.01.2026;1.051,67;1.051,67;1.051,67;1.051,67;Pkt.;0
29.01.2026;1.050,19;1.050,19;1.050,19;1.050,19;Pkt.;0
30.01.2026;1.044,26;1.044,26;1.044,26;1.044,26;Pkt.;0
02.02.2026;1.043,77;1.043,77;1.043,77;1.043,77;Pkt.;0
03.02.2026;1.043,98;1.043,98;1.043,98;1.043,98;Pkt.;0
04.02.2026;1.040,05;1.040,05;1.040,05;1.040,05;Pkt.;0
05.02.2026;1.027,24;1.027,24;1.027,24;1.027,24;Pkt.;0
06.02.2026;1.042,82;1.042,82;1.042,82;1.042,82;Pkt.;0
09.02.2026;1.053,97;1.053,97;1.053,97;1.053,97;Pkt.;0
10.02.2026;1.054,72;1.054,72;1.054,72;1.054,72;Pkt.;0
11.02.2026;1.055,57;1.055,57;1.055,57;1.055,57;Pkt.;0
12.02.2026;1.045,22;1.045,22;1.045,22;1.045,22;Pkt.;0
13.02.2026;1.042,75;1.042,75;1.042,75;1.042,75;Pkt.;0
17.02.2026;1.042,44;1.042,44;1.042,44;1.042,44;Pkt.;0
18.02.2026;1.049,69;1.049,69;1.049,69;1.049,69;Pkt.;0
19.02.2026;1.047,21;1.047,21;1.047,21;1.047,21;Pkt.;0
20.02.2026;1.052,97;1.052,97;1.052,97;1.052,97;Pkt.;0
23.02.2026;1.046,50;1.046,50;1.046,50;1.046,50;Pkt.;0
24.02.2026;1.051,91;1.051,91;1.051,91;1.051,91;Pkt.;0
25.02.2026;1.061,41;1.061,41;1.061,41;1.061,41;Pkt.;0
26.02.2026;1.059,30;1.059,30;1.059,30;1.059,30;Pkt.;0
27.02.2026;1.056,77;1.056,77;1.056,77;1.056,77;Pkt.;0
02.03.2026;1.049,83;1.049,83;1.049,83;1.049,83;Pkt.;0
03.03.2026;1.029,78;1.029,78;1.029,78;1.029,78;Pkt.;0
04.03.2026;1.031,59;1.031,59;1.031,59;1.031,59;Pkt.;0
05.03.2026;1.028,13;1.028,13;1.028,13;1.028,13;Pkt.;0
06.03.2026;1.017,41;1.017,41;1.017,41;1.017,41;Pkt.;0
09.03.2026;1.016,01;1.016,01;1.016,01;1.016,01;Pkt.;0
10.03.2026;1.024,09;1.024,09;1.024,09;1.024,09;Pkt.;0
11.03.2026;1.022,62;1.022,62;1.022,62;1.022,62;Pkt.;0
12.03.2026;1.007,77;1.007,77;1.007,77;1.007,77;Pkt.;0
13.03.2026;999,21;999,21;999,21;999,21;Pkt.;0
16.03.2026;1.008,15;1.008,15;1.008,15;1.008,15;Pkt.;0
17.03.2026;1.013,06;1.013,06;1.013,06;1.013,06;Pkt.;0
18.03.2026;1.005,47;1.005,47;1.005,47;1.005,47;Pkt.;0
19.03.2026;995,16;995,16;995,16;995,16;Pkt.;0
20.03.2026;981,31;981,31;981,31;981,31;Pkt.;0
23.03.2026;984,91;984,91;984,91;984,91;Pkt.;0
24.03.2026;985,82;985,82;985,82;985,82;Pkt.;0
25.03.2026;995,46;995,46;995,46;995,46;Pkt.;0
26.03.2026;979,56;979,56;979,56;979,56;Pkt.;0
27.03.2026;966,35;966,35;966,35;966,35;Pkt.;0
30.03.2026;960,87;960,87;960,87;960,87;Pkt.;0
31.03.2026;978,94;978,94;978,94;978,94;Pkt.;0
01.04.2026;996,71;996,71;996,71;996,71;Pkt.;0
02.04.2026;993,18;993,18;993,18;993,18;Pkt.;0
06.04.2026;997,66;997,66;997,66;997,66;Pkt.;0
07.04.2026;998,09;998,09;998,09;998,09;Pkt.;0
08.04.2026;1.031,05;1.031,05;1.031,05;1.031,05;Pkt.;0
09.04.2026;1.032,63;1.032,63;1.032,63;1.032,63;Pkt.;0
10.04.2026;1.034,85;1.034,85;1.034,85;1.034,85;Pkt.;0
13.04.2026;1.040,03;1.040,03;1.040,03;1.040,03;Pkt.;0
14.04.2026;1.054,53;1.054,53;1.054,53;1.054,53;Pkt.;0
15.04.2026;1.060,93;1.060,93;1.060,93;1.060,93;Pkt.;0
16.04.2026;1.064,09;1.064,09;1.064,09;1.064,09;Pkt.;0
17.04.2026;1.074,76;1.074,76;1.074,76;1.074,76;Pkt.;0
20.04.2026;1.071,99;1.071,99;1.071,99;1.071,99;Pkt.;0
21.04.2026;1.066,46;1.066,46;1.066,46;1.066,46;Pkt.;0
22.04.2026;1.071,31;1.071,31;1.071,31;1.071,31;Pkt.;0
23.04.2026;1.067,31;1.067,31;1.067,31;1.067,31;Pkt.;0
24.04.2026;1.072,20;1.072,20;1.072,20;1.072,20;Pkt.;0
27.04.2026;1.075,00;1.075,00;1.075,00;1.075,00;Pkt.;0
28.04.2026;1.068,99;1.068,99;1.068,99;1.068,99;Pkt.;0
29.04.2026;1.067,57;1.067,57;1.067,57;1.067,57;Pkt.;0
30.04.2026;1.077,10;1.077,10;1.077,10;1.077,10;Pkt.;0
01.05.2026;1.079,96;1.079,96;1.079,96;1.079,96;Pkt.;0
04.05.2026;1.078,19;1.078,19;1.078,19;1.078,19;Pkt.;0
05.05.2026;1.084,23;1.084,23;1.084,23;1.084,23;Pkt.;0
06.05.2026;1.103,96;1.103,96;1.103,96;1.103,96;Pkt.;0
07.05.2026;1.103,30;1.103,30;1.103,30;1.103,30;Pkt.;0
08.05.2026;1.105,63;1.105,63;1.105,63;1.105,63;Pkt.;0
11.05.2026;1.108,29;1.108,29;1.108,29;1.108,29;Pkt.;0
12.05.2026;1.103,32;1.103,32;1.103,32;1.103,32;Pkt.;0
13.05.2026;1.109,31;1.109,31;1.109,31;1.109,31;Pkt.;0
14.05.2026;1.116,06;1.116,06;1.116,06;1.116,06;Pkt.;0
15.05.2026;1.099,00;1.099,00;1.099,00;1.099,00;Pkt.;0
18.05.2026;1.098,23;1.098,23;1.098,23;1.098,23;Pkt.;0
19.05.2026;1.091,79;1.091,79;1.091,79;1.091,79;Pkt.;0
20.05.2026;1.101,65;1.101,65;1.101,65;1.101,65;Pkt.;0
21.05.2026;1.106,90;1.106,90;1.106,90;1.106,90;Pkt.;0
22.05.2026;1.112,55;1.112,55;1.112,55;1.112,55;Pkt.;0
26.05.2026;1.121,42;1.121,42;1.121,42;1.121,42;Pkt.;0
27.05.2026;1.122,28;1.122,28;1.122,28;1.122,28;Pkt.;0
28.05.2026;1.124,72;1.124,72;1.124,72;1.124,72;Pkt.;0
29.05.2026;1.130,75;1.130,75;1.130,75;1.130,75;Pkt.;0
01.06.2026;1.131,72;1.131,72;1.131,72;1.131,72;Pkt.;0
02.06.2026;1.136,59;1.136,59;1.136,59;1.136,59;Pkt.;0
03.06.2026;1.130,05;1.130,05;1.130,05;1.130,05;Pkt.;0
04.06.2026;1.131,49;1.131,49;1.131,49;1.131,49;Pkt.;0
05.06.2026;1.105,80;1.105,80;1.105,80;1.105,80;Pkt.;0
08.06.2026;1.100,96;1.100,96;1.100,96;1.100,96;Pkt.;0